0.0000 0.0000
0.0000 0.0000
0.0117 0.0000
0.0234 0.0000
0.0351 0.0000
0.0467 0.0000
0.0584 0.0000
0.0701 0.0000
0.0818 0.0000
0.0934 0.0000
0.1051 0.0000
0.1168 0.0000
0.1285 0.0000
0.1401 0.0000
0.1518 0.0000
0.1635 0.0000
0.1751 0.0000
0.1868 0.0000
0.1985 0.0000
0.2102 0.0000
0.2218 0.0000
0.2335 0.0000
0.2452 0.0000
0.2569 0.0000
0.2685 0.0000
0.2802 0.0000
0.2919 0.0000
0.3036 0.0000
0.3152 0.0000
0.3269 0.0000
0.3386 0.0000
0.3503 0.0000
0.3619 0.0000
0.3736 0.0000
0.3853 0.0000
0.3970 0.0000
0.4086 0.0000
0.4203 0.0000
0.4320 0.0000
0.4437 0.0000
0.4553 0.0000
0.4670 0.0000
0.4787 0.0000
0.4904 0.0000
0.5020 0.0000
0.5137 0.0000
0.5254 0.0000
0.5371 0.0000
0.5487 0.0000
0.5604 0.0000
0.5721 0.0000
0.5838 0.0000
0.5954 0.0000
0.6071 0.0001
0.6188 0.0001
0.6305 0.0001
0.6421 0.0001
0.6538 0.0001
0.6655 0.0001
0.6772 0.0001
0.6888 0.0001
0.7005 0.0001
0.7122 0.0001
0.7239 0.0001
0.7355 0.0001
0.7472 0.0001
0.7589 0.0001
0.7706 0.0001
0.7822 0.0001
0.7939 0.0001
0.8056 0.0001
0.8173 0.0001
0.8289 0.0001
0.8406 0.0001
0.8523 0.0001
0.8640 0.0001
0.8756 0.0001
0.8873 0.0001
0.8990 0.0001
0.9107 0.0001
0.9223 0.0001
0.9340 0.0002
0.9457 0.0002
0.9574 0.0002
0.9690 0.0002
0.9807 0.0002
0.9924 0.0002
1.0041 0.0002
1.0157 0.0002
1.0274 0.0002
1.0391 0.0002
1.0508 0.0002
1.0624 0.0002
1.0741 0.0002
1.0858 0.0002
1.0975 0.0002
1.1091 0.0002
1.1208 0.0002
1.1325 0.0003
1.1442 0.0003
1.1558 0.0003
1.1675 0.0003
1.1792 0.0003
1.1909 0.0003
1.2025 0.0003
1.2142 0.0003
1.2259 0.0003
1.2376 0.0003
1.2492 0.0003
1.2609 0.0003
1.2726 0.0004
1.2843 0.0004
1.2959 0.0004
1.3076 0.0004
1.3193 0.0004
1.3310 0.0004
1.3426 0.0004
1.3543 0.0004
1.3660 0.0004
1.3777 0.0004
1.3893 0.0005
1.4010 0.0005
1.4127 0.0005
1.4244 0.0005
1.4360 0.0005
1.4477 0.0005
1.4594 0.0005
1.4711 0.0005
1.4827 0.0005
1.4944 0.0006
1.5061 0.0006
1.5178 0.0006
1.5294 0.0006
1.5411 0.0006
1.5528 0.0006
1.5645 0.0006
1.5761 0.0007
1.5878 0.0007
1.5995 0.0007
1.6112 0.0007
1.6228 0.0007
1.6345 0.0007
1.6462 0.0007
1.6579 0.0008
1.6695 0.0008
1.6812 0.0008
1.6929 0.0008
1.7046 0.0008
1.7162 0.0008
1.7279 0.0009
1.7396 0.0009
1.7513 0.0009
1.7629 0.0009
1.7746 0.0009
1.7863 0.0009
1.7980 0.0010
1.8096 0.0010
1.8213 0.0010
1.8330 0.0010
1.8447 0.0010
1.8563 0.0011
1.8680 0.0011
1.8797 0.0011
1.8914 0.0011
1.9030 0.0011
1.9147 0.0012
1.9264 0.0012
1.9380 0.0012
1.9497 0.0012
1.9614 0.0012
1.9731 0.0013
1.9847 0.0013
1.9964 0.0013
2.0081 0.0013
2.0198 0.0013
2.0314 0.0014
2.0431 0.0014
2.0548 0.0014
2.0665 0.0014
2.0781 0.0015
2.0898 0.0015
2.1015 0.0015
2.1132 0.0015
2.1248 0.0016
2.1365 0.0016
2.1482 0.0016
2.1599 0.0016
2.1715 0.0017
2.1832 0.0017
2.1949 0.0017
2.2066 0.0017
2.2182 0.0018
2.2299 0.0018
2.2416 0.0018
2.2533 0.0019
2.2649 0.0019
2.2766 0.0019
2.2883 0.0019
2.3000 0.0020
2.3116 0.0020
2.3233 0.0020
2.3350 0.0021
2.3467 0.0021
2.3583 0.0021
2.3700 0.0022
2.3817 0.0022
2.3934 0.0022
2.4050 0.0022
2.4167 0.0023
2.4284 0.0023
2.4400 0.0023
2.4517 0.0024
2.4634 0.0024
2.4751 0.0024
2.4867 0.0025
2.4984 0.0025
2.5101 0.0025
2.5218 0.0026
2.5334 0.0026
2.5451 0.0027
2.5568 0.0027
2.5685 0.0027
2.5801 0.0028
2.5918 0.0028
2.6035 0.0028
2.6152 0.0029
2.6268 0.0029
2.6385 0.0029
2.6502 0.0030
2.6619 0.0030
2.6735 0.0031
2.6852 0.0031
2.6969 0.0031
2.7086 0.0032
2.7202 0.0032
2.7319 0.0033
2.7436 0.0033
2.7553 0.0033
2.7669 0.0034
2.7786 0.0034
2.7903 0.0035
2.8020 0.0035
2.8136 0.0036
2.8253 0.0036
2.8370 0.0036
2.8486 0.0037
2.8603 0.0037
2.8720 0.0038
2.8837 0.0038
2.8953 0.0039
2.9070 0.0039
2.9187 0.0040
2.9304 0.0040
2.9420 0.0040
2.9537 0.0041
2.9654 0.0041
2.9771 0.0042
2.9887 0.0042
3.0004 0.0043
3.0121 0.0043
3.0238 0.0044
3.0354 0.0044
3.0471 0.0045
3.0588 0.0045
3.0705 0.0046
3.0821 0.0046
3.0938 0.0047
3.1055 0.0047
3.1171 0.0048
3.1288 0.0048
3.1405 0.0049
3.1522 0.0049
3.1638 0.0050
3.1755 0.0051
3.1872 0.0051
3.1989 0.0052
3.2105 0.0052
3.2222 0.0053
3.2339 0.0053
3.2456 0.0054
3.2572 0.0054
3.2689 0.0055
3.2806 0.0056
3.2923 0.0056
3.3039 0.0057
3.3156 0.0057
3.3273 0.0058
3.3389 0.0059
3.3506 0.0059
3.3623 0.0060
3.3740 0.0060
3.3856 0.0061
3.3973 0.0062
3.4090 0.0062
3.4207 0.0063
3.4323 0.0063
3.4440 0.0064
3.4557 0.0065
3.4673 0.0065
3.4790 0.0066
3.4907 0.0067
3.5024 0.0067
3.5140 0.0068
3.5257 0.0069
3.5374 0.0069
3.5491 0.0070
3.5607 0.0071
3.5724 0.0071
3.5841 0.0072
3.5957 0.0073
3.6074 0.0073
3.6191 0.0074
3.6308 0.0075
3.6424 0.0075
3.6541 0.0076
3.6658 0.0077
3.6775 0.0078
3.6891 0.0078
3.7008 0.0079
3.7125 0.0080
3.7241 0.0080
3.7358 0.0081
3.7475 0.0082
3.7592 0.0083
3.7708 0.0083
3.7825 0.0084
3.7942 0.0085
3.8059 0.0086
3.8175 0.0086
3.8292 0.0087
3.8409 0.0088
3.8525 0.0089
3.8642 0.0090
3.8759 0.0090
3.8876 0.0091
3.8992 0.0092
3.9109 0.0093
3.9226 0.0093
3.9342 0.0094
3.9459 0.0095
3.9576 0.0096
3.9693 0.0097
3.9809 0.0098
3.9926 0.0098
4.0043 0.0099
4.0159 0.0100
4.0276 0.0101
4.0393 0.0102
4.0510 0.0103
4.0626 0.0104
4.0743 0.0104
4.0860 0.0105
4.0977 0.0106
4.1093 0.0107
4.1210 0.0108
4.1327 0.0109
4.1443 0.0110
4.1560 0.0111
4.1677 0.0111
4.1794 0.0112
4.1910 0.0113
4.2027 0.0114
4.2144 0.0115
4.2260 0.0116
4.2377 0.0117
4.2494 0.0118
4.2611 0.0119
4.2727 0.0120
4.2844 0.0121
4.2961 0.0122
4.3077 0.0123
4.3194 0.0124
4.3311 0.0125
4.3428 0.0126
4.3544 0.0127
4.3661 0.0128
4.3778 0.0129
4.3894 0.0130
4.4011 0.0131
4.4128 0.0132
4.4245 0.0133
4.4361 0.0134
4.4478 0.0135
4.4595 0.0136
4.4711 0.0137
4.4828 0.0138
4.4945 0.0139
4.5062 0.0140
4.5178 0.0141
4.5295 0.0142
4.5412 0.0143
4.5528 0.0144
4.5645 0.0145
4.5762 0.0146
4.5879 0.0147
4.5995 0.0148
4.6112 0.0149
4.6229 0.0150
4.6345 0.0152
4.6462 0.0153
4.6579 0.0154
4.6695 0.0155
4.6812 0.0156
4.6929 0.0157
4.7046 0.0158
4.7162 0.0159
4.7279 0.0161
4.7396 0.0162
4.7512 0.0163
4.7629 0.0164
4.7746 0.0165
4.7863 0.0166
4.7979 0.0167
4.8096 0.0169
4.8213 0.0170
4.8329 0.0171
4.8446 0.0172
4.8563 0.0173
4.8679 0.0175
4.8796 0.0176
4.8913 0.0177
4.9030 0.0178
4.9146 0.0179
4.9263 0.0181
4.9380 0.0182
4.9496 0.0183
4.9613 0.0184
4.9730 0.0186
4.9846 0.0187
4.9963 0.0188
5.0080 0.0189
5.0196 0.0191
5.0313 0.0192
5.0430 0.0193
5.0547 0.0195
5.0663 0.0196
5.0780 0.0197
5.0897 0.0198
5.1013 0.0200
5.1130 0.0201
5.1247 0.0202
5.1363 0.0204
5.1480 0.0205
5.1597 0.0206
5.1713 0.0208
5.1830 0.0209
5.1947 0.0210
5.2064 0.0212
5.2180 0.0213
5.2297 0.0215
5.2414 0.0216
5.2530 0.0217
5.2647 0.0219
5.2764 0.0220
5.2880 0.0222
5.2997 0.0223
5.3114 0.0224
5.3230 0.0226
5.3347 0.0227
5.3464 0.0229
5.3580 0.0230
5.3697 0.0232
5.3814 0.0233
5.3930 0.0234
5.4047 0.0236
5.4164 0.0237
5.4280 0.0239
5.4397 0.0240
5.4514 0.0242
5.4631 0.0243
5.4747 0.0245
5.4864 0.0246
5.4981 0.0248
5.5097 0.0249
5.5214 0.0251
5.5331 0.0252
5.5447 0.0254
5.5564 0.0255
5.5681 0.0257
5.5797 0.0258
5.5914 0.0260
5.6031 0.0262
5.6147 0.0263
5.6264 0.0265
5.6381 0.0266
5.6497 0.0268
5.6614 0.0269
5.6731 0.0271
5.6847 0.0273
5.6964 0.0274
5.7081 0.0276
5.7197 0.0278
5.7314 0.0279
5.7431 0.0281
5.7547 0.0282
5.7664 0.0284
5.7781 0.0286
5.7897 0.0287
5.8014 0.0289
5.8131 0.0291
5.8247 0.0292
5.8364 0.0294
5.8481 0.0296
5.8597 0.0297
5.8714 0.0299
5.8831 0.0301
5.8947 0.0303
5.9064 0.0304
5.9180 0.0306
5.9297 0.0308
5.9414 0.0309
5.9530 0.0311
5.9647 0.0313
5.9764 0.0315
5.9880 0.0316
5.9997 0.0318
6.0114 0.0320
6.0230 0.0322
6.0347 0.0324
6.0464 0.0325
6.0580 0.0327
6.0697 0.0329
6.0814 0.0331
6.0930 0.0333
6.1047 0.0334
6.1164 0.0336
6.1280 0.0338
6.1397 0.0340
6.1514 0.0342
6.1630 0.0344
6.1747 0.0345
6.1863 0.0347
6.1980 0.0349
6.2097 0.0351
6.2213 0.0353
6.2330 0.0355
6.2447 0.0357
6.2563 0.0359
6.2680 0.0361
6.2797 0.0363
6.2913 0.0364
6.3030 0.0366
6.3147 0.0368
6.3263 0.0370
6.3380 0.0372
6.3496 0.0374
6.3613 0.0376
6.3730 0.0378
6.3846 0.0380
6.3963 0.0382
6.4080 0.0384
6.4196 0.0386
6.4313 0.0388
6.4430 0.0390
6.4546 0.0392
6.4663 0.0394
6.4779 0.0396
6.4896 0.0398
6.5013 0.0400
6.5129 0.0402
6.5246 0.0404
6.5363 0.0406
6.5479 0.0408
6.5596 0.0411
6.5712 0.0413
6.5829 0.0415
6.5946 0.0417
6.6062 0.0419
6.6179 0.0421
6.6296 0.0423
6.6412 0.0425
6.6529 0.0427
6.6645 0.0429
6.6762 0.0432
6.6879 0.0434
6.6995 0.0436
6.7112 0.0438
6.7229 0.0440
6.7345 0.0442
6.7462 0.0445
6.7578 0.0447
6.7695 0.0449
6.7812 0.0451
6.7928 0.0453
6.8045 0.0456
6.8161 0.0458
6.8278 0.0460
6.8395 0.0462
6.8511 0.0465
6.8628 0.0467
6.8745 0.0469
6.8861 0.0471
6.8978 0.0474
6.9094 0.0476
6.9211 0.0478
6.9328 0.0480
6.9444 0.0483
6.9561 0.0485
6.9677 0.0487
6.9794 0.0490
6.9911 0.0492
7.0027 0.0494
7.0144 0.0497
7.0260 0.0499
7.0377 0.0501
7.0494 0.0504
7.0610 0.0506
7.0727 0.0509
7.0843 0.0511
7.0960 0.0513
7.1077 0.0516
7.1193 0.0518
7.1310 0.0521
7.1426 0.0523
7.1543 0.0525
7.1659 0.0528
7.1776 0.0530
7.1893 0.0533
7.2009 0.0535
7.2126 0.0538
7.2242 0.0540
7.2359 0.0543
7.2476 0.0545
7.2592 0.0548
7.2709 0.0550
7.2825 0.0553
7.2942 0.0555
7.3058 0.0558
7.3175 0.0560
7.3292 0.0563
7.3408 0.0565
7.3525 0.0568
7.3641 0.0570
7.3758 0.0573
7.3874 0.0575
7.3991 0.0578
7.4108 0.0581
7.4224 0.0583
7.4341 0.0586
7.4457 0.0588
7.4574 0.0591
7.4690 0.0594
7.4807 0.0596
7.4924 0.0599
7.5040 0.0601
7.5157 0.0604
7.5273 0.0607
7.5390 0.0609
7.5506 0.0612
7.5623 0.0615
7.5740 0.0617
7.5856 0.0620
7.5973 0.0623
7.6089 0.0626
7.6206 0.0628
7.6322 0.0631
7.6439 0.0634
7.6555 0.0636
7.6672 0.0639
7.6788 0.0642
7.6905 0.0645
7.7022 0.0647
7.7138 0.0650
7.7255 0.0653
7.7371 0.0656
7.7488 0.0659
7.7604 0.0661
7.7721 0.0664
7.7837 0.0667
7.7954 0.0670
7.8070 0.0673
7.8187 0.0676
7.8304 0.0678
7.8420 0.0681
7.8537 0.0684
7.8653 0.0687
7.8770 0.0690
7.8886 0.0693
7.9003 0.0696
7.9119 0.0699
7.9236 0.0701
7.9352 0.0704
7.9469 0.0707
7.9585 0.0710
7.9702 0.0713
7.9818 0.0716
7.9935 0.0719
8.0052 0.0722
8.0168 0.0725
8.0285 0.0728
8.0401 0.0731
8.0518 0.0734
8.0634 0.0737
8.0751 0.0740
8.0867 0.0743
8.0984 0.0746
8.1100 0.0749
8.1217 0.0752
8.1333 0.0755
8.1450 0.0758
8.1566 0.0761
8.1683 0.0764
8.1799 0.0767
8.1916 0.0770
8.2032 0.0774
8.2149 0.0777
8.2265 0.0780
8.2382 0.0783
8.2498 0.0786
8.2615 0.0789
8.2731 0.0792
8.2848 0.0795
8.2964 0.0799
8.3081 0.0802
8.3197 0.0805
8.3314 0.0808
8.3430 0.0811
8.3547 0.0814
8.3663 0.0818
8.3780 0.0821
8.3896 0.0824
8.4013 0.0827
8.4129 0.0831
8.4246 0.0834
8.4362 0.0837
8.4479 0.0840
8.4595 0.0844
8.4712 0.0847
8.4828 0.0850
8.4945 0.0853
8.5061 0.0857
8.5178 0.0860
8.5294 0.0863
8.5411 0.0867
8.5527 0.0870
8.5644 0.0873
8.5760 0.0877
8.5877 0.0880
8.5993 0.0883
8.6109 0.0887
8.6226 0.0890
8.6342 0.0893
8.6459 0.0897
8.6575 0.0900
8.6692 0.0904
8.6808 0.0907
8.6925 0.0910
8.7041 0.0914
8.7158 0.0917
8.7274 0.0921
8.7391 0.0924
8.7507 0.0928
8.7624 0.0931
8.7740 0.0935
8.7856 0.0938
8.7973 0.0942
8.8089 0.0945
8.8206 0.0949
8.8322 0.0952
8.8439 0.0956
8.8555 0.0959
8.8672 0.0963
8.8788 0.0966
8.8904 0.0970
8.9021 0.0973
8.9137 0.0977
8.9254 0.0981
8.9370 0.0984
8.9487 0.0988
8.9603 0.0991
8.9720 0.0995
8.9836 0.0999
8.9952 0.1002
9.0069 0.1006
9.0185 0.1010
9.0302 0.1013
9.0418 0.1017
9.0535 0.1021
9.0651 0.1024
9.0767 0.1028
9.0884 0.1032
9.1000 0.1035
9.1117 0.1039
9.1233 0.1043
9.1350 0.1046
9.1466 0.1050
9.1582 0.1054
9.1699 0.1058
9.1815 0.1061
9.1932 0.1065
9.2048 0.1069
9.2164 0.1073
9.2281 0.1077
9.2397 0.1080
9.2514 0.1084
9.2630 0.1088
9.2746 0.1092
9.2863 0.1096
9.2979 0.1100
9.3096 0.1103
9.3212 0.1107
9.3328 0.1111
9.3445 0.1115
9.3561 0.1119
9.3678 0.1123
9.3794 0.1127
9.3910 0.1131
9.4027 0.1135
9.4143 0.1138
9.4260 0.1142
9.4376 0.1146
9.4492 0.1150
9.4609 0.1154
9.4725 0.1158
9.4842 0.1162
9.4958 0.1166
9.5074 0.1170
9.5191 0.1174
9.5307 0.1178
9.5423 0.1182
9.5540 0.1186
9.5656 0.1190
9.5773 0.1194
9.5889 0.1198
9.6005 0.1202
9.6122 0.1207
9.6238 0.1211
9.6354 0.1215
9.6471 0.1219
9.6587 0.1223
9.6703 0.1227
9.6820 0.1231
9.6936 0.1235
9.7052 0.1239
9.7169 0.1244
9.7285 0.1248
9.7401 0.1252
9.7518 0.1256
9.7634 0.1260
9.7751 0.1264
9.7867 0.1269
9.7983 0.1273
9.8100 0.1277
9.8216 0.1281
9.8332 0.1286
9.8449 0.1290
9.8565 0.1294
9.8681 0.1298
9.8798 0.1303
9.8914 0.1307
9.9030 0.1311
9.9147 0.1315
9.9263 0.1320
9.9379 0.1324
9.9496 0.1328
9.9612 0.1333
9.9728 0.1337
9.9844 0.1341
9.9961 0.1346
10.0077 0.1350
10.0193 0.1355
10.0310 0.1359
10.0426 0.1363
10.0542 0.1368
10.0659 0.1372
10.0775 0.1377
10.0891 0.1381
10.1008 0.1385
10.1124 0.1390
10.1240 0.1394
10.1356 0.1399
10.1473 0.1403
10.1589 0.1408
10.1705 0.1412
10.1822 0.1417
10.1938 0.1421
10.2054 0.1426
10.2171 0.1430
10.2287 0.1435
10.2403 0.1439
10.2519 0.1444
10.2636 0.1448
10.2752 0.1453
10.2868 0.1458
10.2985 0.1462
10.3101 0.1467
10.3217 0.1471
10.3333 0.1476
10.3450 0.1481
10.3566 0.1485
10.3682 0.1490
10.3798 0.1494
10.3915 0.1499
10.4031 0.1504
10.4147 0.1508
10.4264 0.1513
10.4380 0.1518
10.4496 0.1523
10.4612 0.1527
10.4729 0.1532
10.4845 0.1537
10.4961 0.1541
10.5077 0.1546
10.5194 0.1551
10.5310 0.1556
10.5426 0.1560
10.5542 0.1565
10.5659 0.1570
10.5775 0.1575
10.5891 0.1580
10.6007 0.1584
10.6123 0.1589
10.6240 0.1594
10.6356 0.1599
10.6472 0.1604
10.6588 0.1609
10.6705 0.1614
10.6821 0.1618
10.6937 0.1623
10.7053 0.1628
10.7170 0.1633
10.7286 0.1638
10.7402 0.1643
10.7518 0.1648
10.7634 0.1653
10.7751 0.1658
10.7867 0.1663
10.7983 0.1668
10.8099 0.1673
10.8215 0.1678
10.8332 0.1683
10.8448 0.1688
10.8564 0.1693
10.8680 0.1698
10.8796 0.1703
10.8913 0.1708
10.9029 0.1713
10.9145 0.1718
10.9261 0.1723
10.9377 0.1728
10.9494 0.1733
10.9610 0.1738
10.9726 0.1743
10.9842 0.1748
10.9958 0.1754
11.0075 0.1759
11.0191 0.1764
11.0307 0.1769
11.0423 0.1774
11.0539 0.1779
11.0655 0.1785
11.0772 0.1790
11.0888 0.1795
11.1004 0.1800
11.1120 0.1805
11.1236 0.1811
11.1352 0.1816
11.1469 0.1821
11.1585 0.1826
11.1701 0.1832
11.1817 0.1837
11.1933 0.1842
11.2049 0.1847
11.2165 0.1853
11.2282 0.1858
11.2398 0.1863
11.2514 0.1869
11.2630 0.1874
11.2746 0.1879
11.2862 0.1885
11.2978 0.1890
11.3095 0.1895
11.3211 0.1901
11.3327 0.1906
11.3443 0.1912
11.3559 0.1917
11.3675 0.1922
11.3791 0.1928
11.3907 0.1933
11.4024 0.1939
11.4140 0.1944
11.4256 0.1950
11.4372 0.1955
11.4488 0.1961
11.4604 0.1966
11.4720 0.1972
11.4836 0.1977
11.4952 0.1983
11.5068 0.1988
11.5185 0.1994
11.5301 0.1999
11.5417 0.2005
11.5533 0.2010
11.5649 0.2016
11.5765 0.2021
11.5881 0.2027
11.5997 0.2033
11.6113 0.2038
11.6229 0.2044
11.6345 0.2050
11.6462 0.2055
11.6578 0.2061
11.6694 0.2067
11.6810 0.2072
11.6926 0.2078
11.7042 0.2084
11.7158 0.2089
11.7274 0.2095
11.7390 0.2101
11.7506 0.2106
11.7622 0.2112
11.7738 0.2118
11.7854 0.2124
11.7970 0.2129
11.8086 0.2135
11.8202 0.2141
11.8318 0.2147
11.8434 0.2153
11.8551 0.2158
11.8667 0.2164
11.8783 0.2170
11.8899 0.2176
11.9015 0.2182
11.9131 0.2188
11.9247 0.2193
11.9363 0.2199
11.9479 0.2205
11.9595 0.2211
11.9711 0.2217
11.9827 0.2223
11.9943 0.2229
12.0059 0.2235
12.0175 0.2241
12.0291 0.2247
12.0407 0.2253
12.0523 0.2259
12.0639 0.2265
12.0755 0.2271
12.0871 0.2277
12.0987 0.2283
12.1103 0.2289
12.1219 0.2295
12.1335 0.2301
12.1451 0.2307
12.1567 0.2313
12.1683 0.2319
12.1799 0.2325
12.1915 0.2331
12.2031 0.2337
12.2147 0.2343
12.2263 0.2349
12.2379 0.2356
12.2495 0.2362
12.2611 0.2368
12.2727 0.2374
12.2843 0.2380
12.2958 0.2386
12.3074 0.2393
12.3190 0.2399
12.3306 0.2405
12.3422 0.2411
12.3538 0.2417
12.3654 0.2424
12.3770 0.2430
12.3886 0.2436
12.4002 0.2442
12.4118 0.2449
12.4234 0.2455
12.4350 0.2461
12.4466 0.2468
12.4582 0.2474
12.4698 0.2480
12.4814 0.2486
12.4929 0.2493
12.5045 0.2499
12.5161 0.2506
12.5277 0.2512
12.5393 0.2518
12.5509 0.2525
12.5625 0.2531
12.5741 0.2537
12.5857 0.2544
12.5973 0.2550
12.6089 0.2557
12.6205 0.2563
12.6320 0.2570
12.6436 0.2576
12.6552 0.2583
12.6668 0.2589
12.6784 0.2596
12.6900 0.2602
12.7016 0.2609
12.7132 0.2615
12.7248 0.2622
12.7363 0.2628
12.7479 0.2635
12.7595 0.2641
12.7711 0.2648
12.7827 0.2655
12.7943 0.2661
12.8059 0.2668
12.8174 0.2674
12.8290 0.2681
12.8406 0.2688
12.8522 0.2694
12.8638 0.2701
12.8754 0.2708
12.8870 0.2714
12.8985 0.2721
12.9101 0.2728
12.9217 0.2734
12.9333 0.2741
12.9449 0.2748
12.9565 0.2754
12.9680 0.2761
12.9796 0.2768
12.9912 0.2775
13.0028 0.2782
13.0144 0.2788
13.0260 0.2795
13.0375 0.2802
13.0491 0.2809
13.0607 0.2816
13.0723 0.2822
13.0839 0.2829
13.0954 0.2836
13.1070 0.2843
13.1186 0.2850
13.1302 0.2857
13.1418 0.2864
13.1533 0.2870
13.1649 0.2877
13.1765 0.2884
13.1881 0.2891
13.1997 0.2898
13.2112 0.2905
13.2228 0.2912
13.2344 0.2919
13.2460 0.2926
13.2575 0.2933
13.2691 0.2940
13.2807 0.2947
13.2923 0.2954
13.3039 0.2961
13.3154 0.2968
13.3270 0.2975
13.3386 0.2982
13.3502 0.2989
13.3617 0.2996
13.3733 0.3003
13.3849 0.3011
13.3965 0.3018
13.4080 0.3025
13.4196 0.3032
13.4312 0.3039
13.4427 0.3046
13.4543 0.3053
13.4659 0.3061
13.4775 0.3068
13.4890 0.3075
13.5006 0.3082
13.5122 0.3089
13.5238 0.3097
13.5353 0.3104
13.5469 0.3111
13.5585 0.3118
13.5700 0.3126
13.5816 0.3133
13.5932 0.3140
13.6047 0.3147
13.6163 0.3155
13.6279 0.3162
13.6395 0.3169
13.6510 0.3177
13.6626 0.3184
13.6742 0.3191
13.6857 0.3199
13.6973 0.3206
13.7089 0.3213
13.7204 0.3221
13.7320 0.3228
13.7436 0.3236
13.7551 0.3243
13.7667 0.3250
13.7783 0.3258
13.7898 0.3265
13.8014 0.3273
13.8130 0.3280
13.8245 0.3288
13.8361 0.3295
13.8476 0.3303
13.8592 0.3310
13.8708 0.3318
13.8823 0.3325
13.8939 0.3333
13.9055 0.3340
13.9170 0.3348
13.9286 0.3356
13.9401 0.3363
13.9517 0.3371
13.9633 0.3378
13.9748 0.3386
13.9864 0.3394
13.9980 0.3401
14.0095 0.3409
14.0211 0.3417
14.0326 0.3424
14.0442 0.3432
14.0558 0.3440
14.0673 0.3447
14.0789 0.3455
14.0904 0.3463
14.1020 0.3470
14.1135 0.3478
14.1251 0.3486
14.1367 0.3494
14.1482 0.3501
14.1598 0.3509
14.1713 0.3517
14.1829 0.3525
14.1944 0.3533
14.2060 0.3540
14.2176 0.3548
14.2291 0.3556
14.2407 0.3564
14.2522 0.3572
14.2638 0.3580
14.2753 0.3588
14.2869 0.3595
14.2984 0.3603
14.3100 0.3611
14.3215 0.3619
14.3331 0.3627
14.3446 0.3635
14.3562 0.3643
14.3677 0.3651
14.3793 0.3659
14.3908 0.3667
14.4024 0.3675
14.4139 0.3683
14.4255 0.3691
14.4370 0.3699
14.4486 0.3707
14.4601 0.3715
14.4717 0.3723
14.4832 0.3731
14.4948 0.3739
14.5063 0.3747
14.5179 0.3755
14.5294 0.3764
14.5410 0.3772
14.5525 0.3780
14.5641 0.3788
14.5756 0.3796
14.5872 0.3804
14.5987 0.3812
14.6103 0.3821
14.6218 0.3829
14.6334 0.3837
14.6449 0.3845
14.6564 0.3853
14.6680 0.3862
14.6795 0.3870
14.6911 0.3878
14.7026 0.3886
14.7142 0.3895
14.7257 0.3903
14.7372 0.3911
14.7488 0.3920
14.7603 0.3928
14.7719 0.3936
14.7834 0.3944
14.7950 0.3953
14.8065 0.3961
14.8180 0.3970
14.8296 0.3978
14.8411 0.3986
14.8527 0.3995
14.8642 0.4003
14.8757 0.4012
14.8873 0.4020
14.8988 0.4028
14.9104 0.4037
14.9219 0.4045
14.9334 0.4054
14.9450 0.4062
14.9565 0.4071
14.9680 0.4079
14.9796 0.4088
14.9911 0.4096
15.0026 0.4105
15.0142 0.4113
15.0257 0.4122
15.0373 0.4130
15.0488 0.4139
15.0603 0.4148
15.0719 0.4156
15.0834 0.4165
15.0949 0.4173
15.1065 0.4182
15.1180 0.4191
15.1295 0.4199
15.1411 0.4208
15.1526 0.4217
15.1641 0.4225
15.1756 0.4234
15.1872 0.4243
15.1987 0.4251
15.2102 0.4260
15.2218 0.4269
15.2333 0.4278
15.2448 0.4286
15.2564 0.4295
15.2679 0.4304
15.2794 0.4313
15.2909 0.4322
15.3025 0.4330
15.3140 0.4339
15.3255 0.4348
15.3371 0.4357
15.3486 0.4366
15.3601 0.4375
15.3716 0.4383
15.3832 0.4392
15.3947 0.4401
15.4062 0.4410
15.4177 0.4419
15.4293 0.4428
15.4408 0.4437
15.4523 0.4446
15.4638 0.4455
15.4754 0.4464
15.4869 0.4473
15.4984 0.4482
15.5099 0.4491
15.5214 0.4500
15.5330 0.4509
15.5445 0.4518
15.5560 0.4527
15.5675 0.4536
15.5790 0.4545
15.5906 0.4554
15.6021 0.4563
15.6136 0.4572
15.6251 0.4581
15.6366 0.4590
15.6482 0.4599
15.6597 0.4608
15.6712 0.4618
15.6827 0.4627
15.6942 0.4636
15.7057 0.4645
15.7173 0.4654
15.7288 0.4663
15.7403 0.4673
15.7518 0.4682
15.7633 0.4691
15.7748 0.4700
15.7864 0.4710
15.7979 0.4719
15.8094 0.4728
15.8209 0.4737
15.8324 0.4747
15.8439 0.4756
15.8554 0.4765
15.8669 0.4775
15.8785 0.4784
15.8900 0.4793
15.9015 0.4803
15.9130 0.4812
15.9245 0.4821
15.9360 0.4831
15.9475 0.4840
15.9590 0.4850
15.9705 0.4859
15.9820 0.4868
15.9936 0.4878
16.0051 0.4887
16.0166 0.4897
16.0281 0.4906
16.0396 0.4916
16.0511 0.4925
16.0626 0.4935
16.0741 0.4944
16.0856 0.4954
16.0971 0.4963
16.1086 0.4973
16.1201 0.4982
16.1316 0.4992
16.1431 0.5002
16.1546 0.5011
16.1661 0.5021
16.1776 0.5030
16.1891 0.5040
16.2006 0.5050
16.2121 0.5059
16.2236 0.5069
16.2351 0.5079
16.2467 0.5088
16.2582 0.5098
16.2697 0.5108
16.2812 0.5117
16.2926 0.5127
16.3041 0.5137
16.3156 0.5146
16.3271 0.5156
16.3386 0.5166
16.3501 0.5176
16.3616 0.5186
16.3731 0.5195
16.3846 0.5205
16.3961 0.5215
16.4076 0.5225
16.4191 0.5235
16.4306 0.5244
16.4421 0.5254
16.4536 0.5264
16.4651 0.5274
16.4766 0.5284
16.4881 0.5294
16.4996 0.5304
16.5111 0.5314
16.5226 0.5324
16.5341 0.5334
16.5455 0.5343
16.5570 0.5353
16.5685 0.5363
16.5800 0.5373
16.5915 0.5383
16.6030 0.5393
16.6145 0.5403
16.6260 0.5413
16.6375 0.5423
16.6490 0.5433
16.6604 0.5444
16.6719 0.5454
16.6834 0.5464
16.6949 0.5474
16.7064 0.5484
16.7179 0.5494
16.7294 0.5504
16.7408 0.5514
16.7523 0.5524
16.7638 0.5535
16.7753 0.5545
16.7868 0.5555
16.7983 0.5565
16.8098 0.5575
16.8212 0.5586
16.8327 0.5596
16.8442 0.5606
16.8557 0.5616
16.8672 0.5626
16.8786 0.5637
16.8901 0.5647
16.9016 0.5657
16.9131 0.5668
16.9246 0.5678
16.9360 0.5688
16.9475 0.5699
16.9590 0.5709
16.9705 0.5719
16.9820 0.5730
16.9934 0.5740
17.0049 0.5750
17.0164 0.5761
17.0279 0.5771
17.0393 0.5782
17.0508 0.5792
17.0623 0.5802
17.0738 0.5813
17.0852 0.5823
17.0967 0.5834
17.1082 0.5844
17.1197 0.5855
17.1311 0.5865
17.1426 0.5876
17.1541 0.5886
17.1656 0.5897
17.1770 0.5907
17.1885 0.5918
17.2000 0.5928
17.2114 0.5939
17.2229 0.5950
17.2344 0.5960
17.2459 0.5971
17.2573 0.5981
17.2688 0.5992
17.2803 0.6003
17.2917 0.6013
17.3032 0.6024
17.3147 0.6035
17.3261 0.6045
17.3376 0.6056
17.3491 0.6067
17.3605 0.6078
17.3720 0.6088
17.3835 0.6099
17.3949 0.6110
17.4064 0.6120
17.4179 0.6131
17.4293 0.6142
17.4408 0.6153
17.4522 0.6164
17.4637 0.6174
17.4752 0.6185
17.4866 0.6196
17.4981 0.6207
17.5095 0.6218
17.5210 0.6229
17.5325 0.6240
17.5439 0.6250
17.5554 0.6261
17.5668 0.6272
17.5783 0.6283
17.5898 0.6294
17.6012 0.6305
17.6127 0.6316
17.6241 0.6327
17.6356 0.6338
17.6470 0.6349
17.6585 0.6360
17.6700 0.6371
17.6814 0.6382
17.6929 0.6393
17.7043 0.6404
17.7158 0.6415
17.7272 0.6426
17.7387 0.6437
17.7501 0.6448
17.7616 0.6459
17.7730 0.6471
17.7845 0.6482
17.7959 0.6493
17.8074 0.6504
17.8188 0.6515
17.8303 0.6526
17.8417 0.6537
17.8532 0.6549
17.8646 0.6560
17.8761 0.6571
17.8875 0.6582
17.8990 0.6593
17.9104 0.6605
17.9219 0.6616
17.9333 0.6627
17.9448 0.6638
17.9562 0.6650
17.9677 0.6661
17.9791 0.6672
17.9905 0.6684
18.0020 0.6695
18.0134 0.6706
18.0249 0.6718
18.0363 0.6729
18.0478 0.6740
18.0592 0.6752
18.0706 0.6763
18.0821 0.6775
18.0935 0.6786
18.1050 0.6797
18.1164 0.6809
18.1278 0.6820
18.1393 0.6832
18.1507 0.6843
18.1622 0.6855
18.1736 0.6866
18.1850 0.6878
18.1965 0.6889
18.2079 0.6901
18.2193 0.6912
18.2308 0.6924
18.2422 0.6935
18.2536 0.6947
18.2651 0.6959
18.2765 0.6970
18.2879 0.6982
18.2994 0.6993
18.3108 0.7005
18.3222 0.7017
18.3337 0.7028
18.3451 0.7040
18.3565 0.7052
18.3680 0.7063
18.3794 0.7075
18.3908 0.7087
18.4023 0.7098
18.4137 0.7110
18.4251 0.7122
18.4365 0.7134
18.4480 0.7145
18.4594 0.7157
18.4708 0.7169
18.4822 0.7181
18.4937 0.7192
18.5051 0.7204
18.5165 0.7216
18.5279 0.7228
18.5394 0.7240
18.5508 0.7252
18.5622 0.7263
18.5736 0.7275
18.5851 0.7287
18.5965 0.7299
18.6079 0.7311
18.6193 0.7323
18.6307 0.7335
18.6422 0.7347
18.6536 0.7359
18.6650 0.7371
18.6764 0.7383
18.6878 0.7395
18.6993 0.7407
18.7107 0.7419
18.7221 0.7431
18.7335 0.7443
18.7449 0.7455
18.7563 0.7467
18.7678 0.7479
18.7792 0.7491
18.7906 0.7503
18.8020 0.7515
18.8134 0.7527
18.8248 0.7539
18.8362 0.7551
18.8477 0.7564
18.8591 0.7576
18.8705 0.7588
18.8819 0.7600
18.8933 0.7612
18.9047 0.7624
18.9161 0.7637
18.9275 0.7649
18.9389 0.7661
18.9504 0.7673
18.9618 0.7685
18.9732 0.7698
18.9846 0.7710
18.9960 0.7722
19.0074 0.7735
19.0188 0.7747
19.0302 0.7759
19.0416 0.7772
19.0530 0.7784
19.0644 0.7796
19.0758 0.7809
19.0872 0.7821
19.0986 0.7833
19.1100 0.7846
19.1214 0.7858
19.1328 0.7871
19.1442 0.7883
19.1556 0.7895
19.1670 0.7908
19.1784 0.7920
19.1898 0.7933
19.2012 0.7945
19.2126 0.7958
19.2240 0.7970
19.2354 0.7983
19.2468 0.7995
19.2582 0.8008
19.2696 0.8020
19.2810 0.8033
19.2924 0.8045
19.3038 0.8058
19.3152 0.8071
19.3266 0.8083
19.3380 0.8096
19.3494 0.8108
19.3608 0.8121
19.3722 0.8134
19.3836 0.8146
19.3949 0.8159
19.4063 0.8172
19.4177 0.8184
19.4291 0.8197
19.4405 0.8210
19.4519 0.8223
19.4633 0.8235
19.4747 0.8248
19.4861 0.8261
19.4974 0.8273
19.5088 0.8286
19.5202 0.8299
19.5316 0.8312
19.5430 0.8325
19.5544 0.8337
19.5658 0.8350
19.5771 0.8363
19.5885 0.8376
19.5999 0.8389
19.6113 0.8402
19.6227 0.8415
19.6341 0.8428
19.6454 0.8440
19.6568 0.8453
19.6682 0.8466
19.6796 0.8479
19.6910 0.8492
19.7023 0.8505
19.7137 0.8518
19.7251 0.8531
19.7365 0.8544
19.7479 0.8557
19.7592 0.8570
19.7706 0.8583
19.7820 0.8596
19.7934 0.8609
19.8047 0.8622
19.8161 0.8635
19.8275 0.8648
19.8389 0.8662
19.8502 0.8675
19.8616 0.8688
19.8730 0.8701
19.8843 0.8714
19.8957 0.8727
19.9071 0.8740
19.9185 0.8754
19.9298 0.8767
19.9412 0.8780
19.9526 0.8793
19.9639 0.8806
19.9753 0.8820
19.9867 0.8833
19.9980 0.8846
20.0094 0.8859
20.0208 0.8873
20.0321 0.8886
20.0435 0.8899
20.0549 0.8912
20.0662 0.8926
20.0776 0.8939
20.0890 0.8952
20.1003 0.8966
20.1117 0.8979
20.1230 0.8992
20.1344 0.9006
20.1458 0.9019
20.1571 0.9033
20.1685 0.9046
20.1798 0.9060
20.1912 0.9073
20.2026 0.9086
20.2139 0.9100
20.2253 0.9113
20.2366 0.9127
20.2480 0.9140
20.2594 0.9154
20.2707 0.9167
20.2821 0.9181
20.2934 0.9194
20.3048 0.9208
20.3161 0.9221
20.3275 0.9235
20.3388 0.9249
20.3502 0.9262
20.3615 0.9276
20.3729 0.9289
20.3842 0.9303
20.3956 0.9317
20.4069 0.9330
20.4183 0.9344
20.4296 0.9358
20.4410 0.9371
20.4523 0.9385
20.4637 0.9399
20.4750 0.9412
20.4864 0.9426
20.4977 0.9440
20.5091 0.9454
20.5204 0.9467
20.5318 0.9481
20.5431 0.9495
20.5544 0.9509
20.5658 0.9523
20.5771 0.9536
20.5885 0.9550
20.5998 0.9564
20.6112 0.9578
20.6225 0.9592
20.6338 0.9606
20.6452 0.9619
20.6565 0.9633
20.6679 0.9647
20.6792 0.9661
20.6905 0.9675
20.7019 0.9689
20.7132 0.9703
20.7245 0.9717
20.7359 0.9731
20.7472 0.9745
20.7585 0.9759
20.7699 0.9773
20.7812 0.9787
20.7925 0.9801
20.8039 0.9815
20.8152 0.9829
20.8265 0.9843
20.8379 0.9857
20.8492 0.9871
20.8605 0.9885
20.8719 0.9899
20.8832 0.9913
20.8945 0.9928
20.9058 0.9942
20.9172 0.9956
20.9285 0.9970
20.9398 0.9984
20.9512 0.9998
20.9625 1.0013
20.9738 1.0027
20.9851 1.0041
20.9965 1.0055
21.0078 1.0069
21.0191 1.0084
21.0304 1.0098
21.0417 1.0112
21.0531 1.0126
21.0644 1.0141
21.0757 1.0155
21.0870 1.0169
21.0983 1.0184
21.1097 1.0198
21.1210 1.0212
21.1323 1.0227
21.1436 1.0241
21.1549 1.0255
21.1663 1.0270
21.1776 1.0284
21.1889 1.0299
21.2002 1.0313
21.2115 1.0327
21.2228 1.0342
21.2341 1.0356
21.2455 1.0371
21.2568 1.0385
21.2681 1.0400
21.2794 1.0414
21.2907 1.0429
21.3020 1.0443
21.3133 1.0458
21.3246 1.0472
21.3359 1.0487
21.3472 1.0501
21.3586 1.0516
21.3699 1.0531
21.3812 1.0545
21.3925 1.0560
21.4038 1.0574
21.4151 1.0589
21.4264 1.0604
21.4377 1.0618
21.4490 1.0633
21.4603 1.0648
21.4716 1.0662
21.4829 1.0677
21.4942 1.0692
21.5055 1.0706
21.5168 1.0721
21.5281 1.0736
21.5394 1.0751
21.5507 1.0765
21.5620 1.0780
21.5733 1.0795
21.5846 1.0810
21.5959 1.0825
21.6072 1.0839
21.6185 1.0854
21.6298 1.0869
21.6411 1.0884
21.6524 1.0899
21.6637 1.0914
21.6750 1.0928
21.6863 1.0943
21.6976 1.0958
21.7088 1.0973
21.7201 1.0988
21.7314 1.1003
21.7427 1.1018
21.7540 1.1033
21.7653 1.1048
21.7766 1.1063
21.7879 1.1078
21.7992 1.1093
21.8104 1.1108
21.8217 1.1123
21.8330 1.1138
21.8443 1.1153
21.8556 1.1168
21.8669 1.1183
21.8782 1.1198
21.8894 1.1213
21.9007 1.1228
21.9120 1.1244
21.9233 1.1259
21.9346 1.1274
21.9458 1.1289
21.9571 1.1304
21.9684 1.1319
21.9797 1.1334
21.9910 1.1350
22.0022 1.1365
22.0135 1.1380
22.0248 1.1395
22.0361 1.1411
22.0474 1.1426
22.0586 1.1441
22.0699 1.1456
22.0812 1.1472
22.0925 1.1487
22.1037 1.1502
22.1150 1.1517
22.1263 1.1533
22.1375 1.1548
22.1488 1.1563
22.1601 1.1579
22.1714 1.1594
22.1826 1.1610
22.1939 1.1625
22.2052 1.1640
22.2164 1.1656
22.2277 1.1671
22.2390 1.1687
22.2502 1.1702
22.2615 1.1717
22.2728 1.1733
22.2840 1.1748
22.2953 1.1764
22.3066 1.1779
22.3178 1.1795
22.3291 1.1810
22.3403 1.1826
22.3516 1.1841
22.3629 1.1857
22.3741 1.1873
22.3854 1.1888
22.3966 1.1904
22.4079 1.1919
22.4192 1.1935
22.4304 1.1951
22.4417 1.1966
22.4529 1.1982
22.4642 1.1997
22.4754 1.2013
22.4867 1.2029
22.4979 1.2045
22.5092 1.2060
22.5205 1.2076
22.5317 1.2092
22.5430 1.2107
22.5542 1.2123
22.5655 1.2139
22.5767 1.2155
22.5880 1.2170
22.5992 1.2186
22.6105 1.2202
22.6217 1.2218
22.6330 1.2234
22.6442 1.2249
22.6554 1.2265
22.6667 1.2281
22.6779 1.2297
22.6892 1.2313
22.7004 1.2329
22.7117 1.2345
22.7229 1.2360
22.7342 1.2376
22.7454 1.2392
22.7566 1.2408
22.7679 1.2424
22.7791 1.2440
22.7904 1.2456
22.8016 1.2472
22.8128 1.2488
22.8241 1.2504
22.8353 1.2520
22.8466 1.2536
22.8578 1.2552
22.8690 1.2568
22.8803 1.2584
22.8915 1.2600
22.9027 1.2616
22.9140 1.2632
22.9252 1.2649
22.9364 1.2665
22.9477 1.2681
22.9589 1.2697
22.9701 1.2713
22.9814 1.2729
22.9926 1.2745
23.0038 1.2762
23.0150 1.2778
23.0263 1.2794
23.0375 1.2810
23.0487 1.2826
23.0600 1.2843
23.0712 1.2859
23.0824 1.2875
23.0936 1.2891
23.1048 1.2908
23.1161 1.2924
23.1273 1.2940
23.1385 1.2957
23.1497 1.2973
23.1610 1.2989
23.1722 1.3005
23.1834 1.3022
23.1946 1.3038
23.2058 1.3055
23.2171 1.3071
23.2283 1.3087
23.2395 1.3104
23.2507 1.3120
23.2619 1.3137
23.2731 1.3153
23.2844 1.3169
23.2956 1.3186
23.3068 1.3202
23.3180 1.3219
23.3292 1.3235
23.3404 1.3252
23.3516 1.3268
23.3628 1.3285
23.3741 1.3301
23.3853 1.3318
23.3965 1.3335
23.4077 1.3351
23.4189 1.3368
23.4301 1.3384
23.4413 1.3401
23.4525 1.3417
23.4637 1.3434
23.4749 1.3451
23.4861 1.3467
23.4973 1.3484
23.5085 1.3501
23.5197 1.3517
23.5309 1.3534
23.5421 1.3551
23.5533 1.3567
23.5645 1.3584
23.5757 1.3601
23.5869 1.3618
23.5981 1.3634
23.6093 1.3651
23.6205 1.3668
23.6317 1.3685
23.6429 1.3702
23.6541 1.3718
23.6653 1.3735
23.6765 1.3752
23.6877 1.3769
23.6989 1.3786
23.7101 1.3803
23.7213 1.3819
23.7325 1.3836
23.7437 1.3853
23.7549 1.3870
23.7660 1.3887
23.7772 1.3904
23.7884 1.3921
23.7996 1.3938
23.8108 1.3955
23.8220 1.3972
23.8332 1.3989
23.8444 1.4006
23.8555 1.4023
23.8667 1.4040
23.8779 1.4057
23.8891 1.4074
23.9003 1.4091
23.9115 1.4108
23.9226 1.4125
23.9338 1.4142
23.9450 1.4159
23.9562 1.4176
23.9674 1.4193
23.9785 1.4210
23.9897 1.4228
24.0009 1.4245
24.0121 1.4262
24.0233 1.4279
24.0344 1.4296
24.0456 1.4313
24.0568 1.4331
24.0680 1.4348
24.0791 1.4365
24.0903 1.4382
24.1015 1.4399
24.1126 1.4417
24.1238 1.4434
24.1350 1.4451
24.1462 1.4468
24.1573 1.4486
24.1685 1.4503
24.1797 1.4520
24.1908 1.4538
24.2020 1.4555
24.2132 1.4572
24.2243 1.4590
24.2355 1.4607
24.2467 1.4625
24.2578 1.4642
24.2690 1.4659
24.2801 1.4677
24.2913 1.4694
24.3025 1.4712
24.3136 1.4729
24.3248 1.4746
24.3360 1.4764
24.3471 1.4781
24.3583 1.4799
24.3694 1.4816
24.3806 1.4834
24.3917 1.4851
24.4029 1.4869
24.4141 1.4886
24.4252 1.4904
24.4364 1.4922
24.4475 1.4939
24.4587 1.4957
24.4698 1.4974
24.4810 1.4992
24.4921 1.5010
24.5033 1.5027
24.5144 1.5045
24.5256 1.5062
24.5367 1.5080
24.5479 1.5098
24.5590 1.5115
24.5702 1.5133
24.5813 1.5151
24.5925 1.5169
24.6036 1.5186
24.6148 1.5204
24.6259 1.5222
24.6370 1.5240
24.6482 1.5257
24.6593 1.5275
24.6705 1.5293
24.6816 1.5311
24.6927 1.5328
24.7039 1.5346
24.7150 1.5364
24.7262 1.5382
24.7373 1.5400
24.7484 1.5418
24.7596 1.5436
24.7707 1.5453
24.7818 1.5471
24.7930 1.5489
24.8041 1.5507
24.8153 1.5525
24.8264 1.5543
24.8375 1.5561
24.8486 1.5579
24.8598 1.5597
24.8709 1.5615
24.8820 1.5633
24.8932 1.5651
24.9043 1.5669
24.9154 1.5687
24.9266 1.5705
24.9377 1.5723
24.9488 1.5741
24.9599 1.5759
24.9711 1.5777
24.9822 1.5795
24.9933 1.5813
25.0044 1.5831
25.0156 1.5850
25.0267 1.5868
25.0378 1.5886
25.0489 1.5904
25.0600 1.5922
25.0712 1.5940
25.0823 1.5959
25.0934 1.5977
25.1045 1.5995
25.1156 1.6013
25.1267 1.6031
25.1379 1.6050
25.1490 1.6068
25.1601 1.6086
25.1712 1.6104
25.1823 1.6123
25.1934 1.6141
25.2045 1.6159
25.2157 1.6178
25.2268 1.6196
25.2379 1.6214
25.2490 1.6233
25.2601 1.6251
25.2712 1.6269
25.2823 1.6288
25.2934 1.6306
25.3045 1.6324
25.3156 1.6343
25.3267 1.6361
25.3378 1.6380
25.3489 1.6398
25.3600 1.6417
25.3711 1.6435
25.3822 1.6453
25.3933 1.6472
25.4044 1.6490
25.4155 1.6509
25.4266 1.6527
25.4377 1.6546
25.4488 1.6564
25.4599 1.6583
25.4710 1.6602
25.4821 1.6620
25.4932 1.6639
25.5043 1.6657
25.5154 1.6676
25.5265 1.6695
25.5376 1.6713
25.5487 1.6732
25.5598 1.6750
25.5709 1.6769
25.5820 1.6788
25.5931 1.6806
25.6041 1.6825
25.6152 1.6844
25.6263 1.6862
25.6374 1.6881
25.6485 1.6900
25.6596 1.6919
25.6707 1.6937
25.6818 1.6956
25.6928 1.6975
25.7039 1.6994
25.7150 1.7012
25.7261 1.7031
25.7372 1.7050
25.7482 1.7069
25.7593 1.7088
25.7704 1.7107
25.7815 1.7125
25.7926 1.7144
25.8036 1.7163
25.8147 1.7182
25.8258 1.7201
25.8369 1.7220
25.8479 1.7239
25.8590 1.7258
25.8701 1.7277
25.8812 1.7296
25.8922 1.7315
25.9033 1.7333
25.9144 1.7352
25.9255 1.7371
25.9365 1.7390
25.9476 1.7409
25.9587 1.7428
25.9697 1.7448
25.9808 1.7467
25.9919 1.7486
26.0029 1.7505
26.0140 1.7524
26.0251 1.7543
26.0361 1.7562
26.0472 1.7581
26.0582 1.7600
26.0693 1.7619
26.0804 1.7638
26.0914 1.7658
26.1025 1.7677
26.1136 1.7696
26.1246 1.7715
26.1357 1.7734
26.1467 1.7753
26.1578 1.7773
26.1688 1.7792
26.1799 1.7811
26.1910 1.7830
26.2020 1.7850
26.2131 1.7869
26.2241 1.7888
26.2352 1.7907
26.2462 1.7927
26.2573 1.7946
26.2683 1.7965
26.2794 1.7985
26.2904 1.8004
26.3015 1.8023
26.3125 1.8043
26.3236 1.8062
26.3346 1.8081
26.3457 1.8101
26.3567 1.8120
26.3677 1.8140
26.3788 1.8159
26.3898 1.8178
26.4009 1.8198
26.4119 1.8217
26.4230 1.8237
26.4340 1.8256
26.4450 1.8276
26.4561 1.8295
26.4671 1.8315
26.4782 1.8334
26.4892 1.8354
26.5002 1.8373
26.5113 1.8393
26.5223 1.8412
26.5333 1.8432
26.5444 1.8452
26.5554 1.8471
26.5664 1.8491
26.5775 1.8510
26.5885 1.8530
26.5995 1.8550
26.6106 1.8569
26.6216 1.8589
26.6326 1.8609
26.6436 1.8628
26.6547 1.8648
26.6657 1.8668
26.6767 1.8687
26.6878 1.8707
26.6988 1.8727
26.7098 1.8747
26.7208 1.8766
26.7318 1.8786
26.7429 1.8806
26.7539 1.8826
26.7649 1.8845
26.7759 1.8865
26.7870 1.8885
26.7980 1.8905
26.8090 1.8925
26.8200 1.8944
26.8310 1.8964
26.8420 1.8984
26.8531 1.9004
26.8641 1.9024
26.8751 1.9044
26.8861 1.9064
26.8971 1.9084
26.9081 1.9104
26.9191 1.9123
26.9301 1.9143
26.9412 1.9163
26.9522 1.9183
26.9632 1.9203
26.9742 1.9223
26.9852 1.9243
26.9962 1.9263
27.0072 1.9283
27.0182 1.9303
27.0292 1.9323
27.0402 1.9343
27.0512 1.9363
27.0622 1.9384
27.0732 1.9404
27.0842 1.9424
27.0952 1.9444
27.1062 1.9464
27.1172 1.9484
27.1282 1.9504
27.1392 1.9524
27.1502 1.9544
27.1612 1.9565
27.1722 1.9585
27.1832 1.9605
27.1942 1.9625
27.2052 1.9645
27.2162 1.9666
27.2272 1.9686
27.2382 1.9706
27.2492 1.9726
27.2602 1.9747
27.2712 1.9767
27.2821 1.9787
27.2931 1.9807
27.3041 1.9828
27.3151 1.9848
27.3261 1.9868
27.3371 1.9889
27.3481 1.9909
27.3591 1.9929
27.3700 1.9950
27.3810 1.9970
27.3920 1.9990
27.4030 2.0011
27.4140 2.0031
27.4249 2.0052
27.4359 2.0072
27.4469 2.0092
27.4579 2.0113
27.4689 2.0133
27.4798 2.0154
27.4908 2.0174
27.5018 2.0195
27.5128 2.0215
27.5237 2.0236
27.5347 2.0256
27.5457 2.0277
27.5567 2.0297
27.5676 2.0318
27.5786 2.0338
27.5896 2.0359
27.6005 2.0380
27.6115 2.0400
27.6225 2.0421
27.6334 2.0441
27.6444 2.0462
27.6554 2.0483
27.6663 2.0503
27.6773 2.0524
27.6883 2.0545
27.6992 2.0565
27.7102 2.0586
27.7212 2.0607
27.7321 2.0627
27.7431 2.0648
27.7540 2.0669
27.7650 2.0689
27.7760 2.0710
27.7869 2.0731
27.7979 2.0752
27.8088 2.0772
27.8198 2.0793
27.8307 2.0814
27.8417 2.0835
27.8527 2.0856
27.8636 2.0876
27.8746 2.0897
27.8855 2.0918
27.8965 2.0939
27.9074 2.0960
27.9184 2.0981
27.9293 2.1002
27.9403 2.1022
27.9512 2.1043
27.9622 2.1064
27.9731 2.1085
27.9840 2.1106
27.9950 2.1127
28.0059 2.1148
28.0169 2.1169
28.0278 2.1190
28.0388 2.1211
28.0497 2.1232
28.0606 2.1253
28.0716 2.1274
28.0825 2.1295
28.0935 2.1316
28.1044 2.1337
28.1153 2.1358
28.1263 2.1379
28.1372 2.1400
28.1481 2.1421
28.1591 2.1442
28.1700 2.1464
28.1809 2.1485
28.1919 2.1506
28.2028 2.1527
28.2137 2.1548
28.2247 2.1569
28.2356 2.1590
28.2465 2.1612
28.2575 2.1633
28.2684 2.1654
28.2793 2.1675
28.2902 2.1696
28.3012 2.1718
28.3121 2.1739
28.3230 2.1760
28.3339 2.1781
28.3449 2.1803
28.3558 2.1824
28.3667 2.1845
28.3776 2.1867
28.3885 2.1888
28.3995 2.1909
28.4104 2.1931
28.4213 2.1952
28.4322 2.1973
28.4431 2.1995
28.4540 2.2016
28.4650 2.2037
28.4759 2.2059
28.4868 2.2080
28.4977 2.2102
28.5086 2.2123
28.5195 2.2144
28.5304 2.2166
28.5413 2.2187
28.5522 2.2209
28.5632 2.2230
28.5741 2.2252
28.5850 2.2273
28.5959 2.2295
28.6068 2.2316
28.6177 2.2338
28.6286 2.2359
28.6395 2.2381
28.6504 2.2402
28.6613 2.2424
28.6722 2.2446
28.6831 2.2467
28.6940 2.2489
28.7049 2.2510
28.7158 2.2532
28.7267 2.2554
28.7376 2.2575
28.7485 2.2597
28.7594 2.2619
28.7703 2.2640
28.7812 2.2662
28.7921 2.2684
28.8030 2.2705
28.8138 2.2727
28.8247 2.2749
28.8356 2.2770
28.8465 2.2792
28.8574 2.2814
28.8683 2.2836
28.8792 2.2857
28.8901 2.2879
28.9010 2.2901
28.9118 2.2923
28.9227 2.2945
28.9336 2.2966
28.9445 2.2988
28.9554 2.3010
28.9663 2.3032
28.9771 2.3054
28.9880 2.3076
28.9989 2.3098
29.0098 2.3119
29.0207 2.3141
29.0315 2.3163
29.0424 2.3185
29.0533 2.3207
29.0642 2.3229
29.0750 2.3251
29.0859 2.3273
29.0968 2.3295
29.1077 2.3317
29.1185 2.3339
29.1294 2.3361
29.1403 2.3383
29.1512 2.3405
29.1620 2.3427
29.1729 2.3449
29.1838 2.3471
29.1946 2.3493
29.2055 2.3515
29.2164 2.3537
29.2272 2.3559
29.2381 2.3581
29.2489 2.3604
29.2598 2.3626
29.2707 2.3648
29.2815 2.3670
29.2924 2.3692
29.3033 2.3714
29.3141 2.3736
29.3250 2.3759
29.3358 2.3781
29.3467 2.3803
29.3575 2.3825
29.3684 2.3847
29.3793 2.3870
29.3901 2.3892
29.4010 2.3914
29.4118 2.3936
29.4227 2.3959
29.4335 2.3981
29.4444 2.4003
29.4552 2.4026
29.4661 2.4048
29.4769 2.4070
29.4878 2.4093
29.4986 2.4115
29.5095 2.4137
29.5203 2.4160
29.5311 2.4182
29.5420 2.4204
29.5528 2.4227
29.5637 2.4249
29.5745 2.4272
29.5854 2.4294
29.5962 2.4316
29.6070 2.4339
29.6179 2.4361
29.6287 2.4384
29.6396 2.4406
29.6504 2.4429
29.6612 2.4451
29.6721 2.4474
29.6829 2.4496
29.6937 2.4519
29.7046 2.4541
29.7154 2.4564
29.7262 2.4586
29.7371 2.4609
29.7479 2.4632
29.7587 2.4654
29.7695 2.4677
29.7804 2.4699
29.7912 2.4722
29.8020 2.4745
29.8129 2.4767
29.8237 2.4790
29.8345 2.4812
29.8453 2.4835
29.8562 2.4858
29.8670 2.4880
29.8778 2.4903
29.8886 2.4926
29.8994 2.4949
29.9103 2.4971
29.9211 2.4994
29.9319 2.5017
29.9427 2.5039
29.9535 2.5062
29.9643 2.5085
29.9752 2.5108
29.9860 2.5131
29.9968 2.5153
30.0076 2.5176
30.0184 2.5199
30.0292 2.5222
30.0400 2.5245
30.0508 2.5268
30.0616 2.5290
30.0725 2.5313
30.0833 2.5336
30.0941 2.5359
30.1049 2.5382
30.1157 2.5405
30.1265 2.5428
30.1373 2.5451
30.1481 2.5474
30.1589 2.5497
30.1697 2.5520
30.1805 2.5542
30.1913 2.5565
30.2021 2.5588
30.2129 2.5611
30.2237 2.5634
30.2345 2.5657
30.2453 2.5680
30.2561 2.5704
30.2669 2.5727
30.2777 2.5750
30.2885 2.5773
30.2993 2.5796
30.3100 2.5819
30.3208 2.5842
30.3316 2.5865
30.3424 2.5888
30.3532 2.5911
30.3640 2.5934
30.3748 2.5958
30.3856 2.5981
30.3964 2.6004
30.4071 2.6027
30.4179 2.6050
30.4287 2.6073
30.4395 2.6097
30.4503 2.6120
30.4610 2.6143
30.4718 2.6166
30.4826 2.6190
30.4934 2.6213
30.5042 2.6236
30.5149 2.6259
30.5257 2.6283
30.5365 2.6306
30.5473 2.6329
30.5580 2.6353
30.5688 2.6376
30.5796 2.6399
30.5904 2.6423
30.6011 2.6446
30.6119 2.6469
30.6227 2.6493
30.6334 2.6516
30.6442 2.6539
30.6550 2.6563
30.6658 2.6586
30.6765 2.6610
30.6873 2.6633
30.6980 2.6656
30.7088 2.6680
30.7196 2.6703
30.7303 2.6727
30.7411 2.6750
30.7519 2.6774
30.7626 2.6797
30.7734 2.6821
30.7841 2.6844
30.7949 2.6868
30.8057 2.6891
30.8164 2.6915
30.8272 2.6939
30.8379 2.6962
30.8487 2.6986
30.8594 2.7009
30.8702 2.7033
30.8809 2.7056
30.8917 2.7080
30.9024 2.7104
30.9132 2.7127
30.9239 2.7151
30.9347 2.7175
30.9454 2.7198
30.9562 2.7222
30.9669 2.7246
30.9777 2.7269
30.9884 2.7293
30.9992 2.7317
31.0099 2.7340
31.0206 2.7364
31.0314 2.7388
31.0421 2.7412
31.0529 2.7435
31.0636 2.7459
31.0743 2.7483
31.0851 2.7507
31.0958 2.7531
31.1066 2.7554
31.1173 2.7578
31.1280 2.7602
31.1388 2.7626
31.1495 2.7650
31.1602 2.7674
31.1710 2.7698
31.1817 2.7721
31.1924 2.7745
31.2032 2.7769
31.2139 2.7793
31.2246 2.7817
31.2353 2.7841
31.2461 2.7865
31.2568 2.7889
31.2675 2.7913
31.2782 2.7937
31.2890 2.7961
31.2997 2.7985
31.3104 2.8009
31.3211 2.8033
31.3318 2.8057
31.3426 2.8081
31.3533 2.8105
31.3640 2.8129
31.3747 2.8153
31.3854 2.8177
31.3962 2.8201
31.4069 2.8225
31.4176 2.8249
31.4283 2.8273
31.4390 2.8297
31.4497 2.8321
31.4604 2.8346
31.4711 2.8370
31.4819 2.8394
31.4926 2.8418
31.5033 2.8442
31.5140 2.8466
31.5247 2.8491
31.5354 2.8515
31.5461 2.8539
31.5568 2.8563
31.5675 2.8587
31.5782 2.8612
31.5889 2.8636
31.5996 2.8660
31.6103 2.8684
31.6210 2.8709
31.6317 2.8733
31.6424 2.8757
31.6531 2.8782
31.6638 2.8806
31.6745 2.8830
31.6852 2.8855
31.6959 2.8879
31.7066 2.8903
31.7173 2.8928
31.7280 2.8952
31.7387 2.8976
31.7494 2.9001
31.7600 2.9025
31.7707 2.9050
31.7814 2.9074
31.7921 2.9098
31.8028 2.9123
31.8135 2.9147
31.8242 2.9172
31.8349 2.9196
31.8455 2.9221
31.8562 2.9245
31.8669 2.9270
31.8776 2.9294
31.8883 2.9319
31.8989 2.9343
31.9096 2.9368
31.9203 2.9392
31.9310 2.9417
31.9417 2.9441
31.9523 2.9466
31.9630 2.9491
31.9737 2.9515
31.9844 2.9540
31.9950 2.9564
32.0057 2.9589
32.0164 2.9614
32.0270 2.9638
32.0377 2.9663
32.0484 2.9688
32.0590 2.9712
32.0697 2.9737
32.0804 2.9762
32.0911 2.9786
32.1017 2.9811
32.1124 2.9836
32.1230 2.9860
32.1337 2.9885
32.1444 2.9910
32.1550 2.9935
32.1657 2.9959
32.1764 2.9984
32.1870 3.0009
32.1977 3.0034
32.2083 3.0059
32.2190 3.0083
32.2296 3.0108
32.2403 3.0133
32.2509 3.0158
32.2616 3.0183
32.2723 3.0208
32.2829 3.0232
32.2936 3.0257
32.3042 3.0282
32.3149 3.0307
32.3255 3.0332
32.3362 3.0357
32.3468 3.0382
32.3574 3.0407
32.3681 3.0432
32.3787 3.0457
32.3894 3.0482
32.4000 3.0507
32.4107 3.0532
32.4213 3.0557
32.4320 3.0582
32.4426 3.0607
32.4532 3.0632
32.4639 3.0657
32.4745 3.0682
32.4851 3.0707
32.4958 3.0732
32.5064 3.0757
32.5171 3.0782
32.5277 3.0807
32.5383 3.0832
32.5490 3.0857
32.5596 3.0882
32.5702 3.0907
32.5808 3.0932
32.5915 3.0958
32.6021 3.0983
32.6127 3.1008
32.6234 3.1033
32.6340 3.1058
32.6446 3.1083
32.6552 3.1109
32.6659 3.1134
32.6765 3.1159
32.6871 3.1184
32.6977 3.1210
32.7083 3.1235
32.7190 3.1260
32.7296 3.1285
32.7402 3.1311
32.7508 3.1336
32.7614 3.1361
32.7721 3.1386
32.7827 3.1412
32.7933 3.1437
32.8039 3.1462
32.8145 3.1488
32.8251 3.1513
32.8357 3.1538
32.8463 3.1564
32.8570 3.1589
32.8676 3.1615
32.8782 3.1640
32.8888 3.1665
32.8994 3.1691
32.9100 3.1716
32.9206 3.1742
32.9312 3.1767
32.9418 3.1793
32.9524 3.1818
32.9630 3.1843
32.9736 3.1869
32.9842 3.1894
32.9948 3.1920
33.0054 3.1945
33.0160 3.1971
33.0266 3.1996
33.0372 3.2022
33.0478 3.2048
33.0584 3.2073
33.0690 3.2099
33.0796 3.2124
33.0902 3.2150
33.1008 3.2175
33.1114 3.2201
33.1219 3.2227
33.1325 3.2252
33.1431 3.2278
33.1537 3.2304
33.1643 3.2329
33.1749 3.2355
33.1855 3.2380
33.1961 3.2406
33.2066 3.2432
33.2172 3.2458
33.2278 3.2483
33.2384 3.2509
33.2490 3.2535
33.2595 3.2560
33.2701 3.2586
33.2807 3.2612
33.2913 3.2638
33.3019 3.2663
33.3124 3.2689
33.3230 3.2715
33.3336 3.2741
33.3442 3.2767
33.3547 3.2792
33.3653 3.2818
33.3759 3.2844
33.3864 3.2870
33.3970 3.2896
33.4076 3.2922
33.4182 3.2947
33.4287 3.2973
33.4393 3.2999
33.4498 3.3025
33.4604 3.3051
33.4710 3.3077
33.4815 3.3103
33.4921 3.3129
33.5027 3.3155
33.5132 3.3181
33.5238 3.3207
33.5343 3.3233
33.5449 3.3259
33.5555 3.3285
33.5660 3.3311
33.5766 3.3337
33.5871 3.3363
33.5977 3.3389
33.6082 3.3415
33.6188 3.3441
33.6293 3.3467
33.6399 3.3493
33.6504 3.3519
33.6610 3.3545
33.6715 3.3571
33.6821 3.3597
33.6926 3.3623
33.7032 3.3649
33.7137 3.3676
33.7243 3.3702
33.7348 3.3728
33.7454 3.3754
33.7559 3.3780
33.7665 3.3806
33.7770 3.3833
33.7875 3.3859
33.7981 3.3885
33.8086 3.3911
33.8191 3.3937
33.8297 3.3964
33.8402 3.3990
33.8508 3.4016
33.8613 3.4042
33.8718 3.4069
33.8824 3.4095
33.8929 3.4121
33.9034 3.4147
33.9140 3.4174
33.9245 3.4200
33.9350 3.4226
33.9455 3.4253
33.9561 3.4279
33.9666 3.4305
33.9771 3.4332
33.9876 3.4358
33.9982 3.4384
34.0087 3.4411
34.0192 3.4437
34.0297 3.4464
34.0403 3.4490
34.0508 3.4517
34.0613 3.4543
34.0718 3.4569
34.0823 3.4596
34.0929 3.4622
34.1034 3.4649
34.1139 3.4675
34.1244 3.4702
34.1349 3.4728
34.1454 3.4755
34.1559 3.4781
34.1664 3.4808
34.1770 3.4834
34.1875 3.4861
34.1980 3.4887
34.2085 3.4914
34.2190 3.4940
34.2295 3.4967
34.2400 3.4994
34.2505 3.5020
34.2610 3.5047
34.2715 3.5073
34.2820 3.5100
34.2925 3.5127
34.3030 3.5153
34.3135 3.5180
34.3240 3.5207
34.3345 3.5233
34.3450 3.5260
34.3555 3.5287
34.3660 3.5313
34.3765 3.5340
34.3870 3.5367
34.3975 3.5394
34.4080 3.5420
34.4185 3.5447
34.4290 3.5474
34.4395 3.5500
34.4500 3.5527
34.4604 3.5554
34.4709 3.5581
34.4814 3.5608
34.4919 3.5634
34.5024 3.5661
34.5129 3.5688
34.5234 3.5715
34.5338 3.5742
34.5443 3.5769
34.5548 3.5795
34.5653 3.5822
34.5758 3.5849
34.5862 3.5876
34.5967 3.5903
34.6072 3.5930
34.6177 3.5957
34.6282 3.5984
34.6386 3.6011
34.6491 3.6038
34.6596 3.6064
34.6700 3.6091
34.6805 3.6118
34.6910 3.6145
34.7015 3.6172
34.7119 3.6199
34.7224 3.6226
34.7329 3.6253
34.7433 3.6280
34.7538 3.6307
34.7643 3.6334
34.7747 3.6362
34.7852 3.6389
34.7957 3.6416
34.8061 3.6443
34.8166 3.6470
34.8270 3.6497
34.8375 3.6524
34.8480 3.6551
34.8584 3.6578
34.8689 3.6605
34.8793 3.6632
34.8898 3.6660
34.9002 3.6687
34.9107 3.6714
34.9211 3.6741
34.9316 3.6768
34.9421 3.6795
34.9525 3.6823
34.9630 3.6850
34.9734 3.6877
34.9839 3.6904
34.9943 3.6932
35.0047 3.6959
35.0152 3.6986
35.0256 3.7013
35.0361 3.7041
35.0465 3.7068
35.0570 3.7095
35.0674 3.7122
35.0778 3.7150
35.0883 3.7177
35.0987 3.7204
35.1092 3.7232
35.1196 3.7259
35.1300 3.7286
35.1405 3.7314
35.1509 3.7341
35.1613 3.7368
35.1718 3.7396
35.1822 3.7423
35.1926 3.7451
35.2031 3.7478
35.2135 3.7506
35.2239 3.7533
35.2344 3.7560
35.2448 3.7588
35.2552 3.7615
35.2656 3.7643
35.2761 3.7670
35.2865 3.7698
35.2969 3.7725
35.3073 3.7753
35.3178 3.7780
35.3282 3.7808
35.3386 3.7835
35.3490 3.7863
35.3594 3.7890
35.3699 3.7918
35.3803 3.7945
35.3907 3.7973
35.4011 3.8001
35.4115 3.8028
35.4219 3.8056
35.4323 3.8083
35.4428 3.8111
35.4532 3.8139
35.4636 3.8166
35.4740 3.8194
35.4844 3.8222
35.4948 3.8249
35.5052 3.8277
35.5156 3.8305
35.5260 3.8332
35.5364 3.8360
35.5468 3.8388
35.5572 3.8415
35.5676 3.8443
35.5780 3.8471
35.5884 3.8499
35.5988 3.8526
35.6092 3.8554
35.6196 3.8582
35.6300 3.8610
35.6404 3.8637
35.6508 3.8665
35.6612 3.8693
35.6716 3.8721
35.6820 3.8749
35.6924 3.8776
35.7028 3.8804
35.7132 3.8832
35.7236 3.8860
35.7340 3.8888
35.7444 3.8916
35.7548 3.8944
35.7651 3.8971
35.7755 3.8999
35.7859 3.9027
35.7963 3.9055
35.8067 3.9083
35.8171 3.9111
35.8274 3.9139
35.8378 3.9167
35.8482 3.9195
35.8586 3.9223
35.8690 3.9251
35.8793 3.9279
35.8897 3.9307
35.9001 3.9335
35.9105 3.9363
35.9208 3.9391
35.9312 3.9419
35.9416 3.9447
35.9520 3.9475
35.9623 3.9503
35.9727 3.9531
35.9831 3.9559
35.9934 3.9587
36.0038 3.9615
36.0142 3.9643
36.0245 3.9672
36.0349 3.9700
36.0453 3.9728
36.0556 3.9756
36.0660 3.9784
36.0764 3.9812
36.0867 3.9840
36.0971 3.9869
36.1074 3.9897
36.1178 3.9925
36.1282 3.9953
36.1385 3.9981
36.1489 4.0010
36.1592 4.0038
36.1696 4.0066
36.1799 4.0094
36.1903 4.0122
36.2006 4.0151
36.2110 4.0179
36.2214 4.0207
36.2317 4.0236
36.2421 4.0264
36.2524 4.0292
36.2627 4.0320
36.2731 4.0349
36.2834 4.0377
36.2938 4.0405
36.3041 4.0434
36.3145 4.0462
36.3248 4.0490
36.3352 4.0519
36.3455 4.0547
36.3558 4.0576
36.3662 4.0604
36.3765 4.0632
36.3869 4.0661
36.3972 4.0689
36.4075 4.0718
36.4179 4.0746
36.4282 4.0775
36.4385 4.0803
36.4489 4.0831
36.4592 4.0860
36.4695 4.0888
36.4799 4.0917
36.4902 4.0945
36.5005 4.0974
36.5108 4.1002
36.5212 4.1031
36.5315 4.1059
36.5418 4.1088
36.5521 4.1117
36.5625 4.1145
36.5728 4.1174
36.5831 4.1202
36.5934 4.1231
36.6037 4.1259
36.6141 4.1288
36.6244 4.1317
36.6347 4.1345
36.6450 4.1374
36.6553 4.1403
36.6656 4.1431
36.6760 4.1460
36.6863 4.1488
36.6966 4.1517
36.7069 4.1546
36.7172 4.1574
36.7275 4.1603
36.7378 4.1632
36.7481 4.1661
36.7584 4.1689
36.7688 4.1718
36.7791 4.1747
36.7894 4.1776
36.7997 4.1804
36.8100 4.1833
36.8203 4.1862
36.8306 4.1891
36.8409 4.1919
36.8512 4.1948
36.8615 4.1977
36.8718 4.2006
36.8821 4.2035
36.8924 4.2063
36.9027 4.2092
36.9130 4.2121
36.9233 4.2150
36.9335 4.2179
36.9438 4.2208
36.9541 4.2237
36.9644 4.2266
36.9747 4.2294
36.9850 4.2323
36.9953 4.2352
37.0056 4.2381
37.0159 4.2410
37.0262 4.2439
37.0364 4.2468
37.0467 4.2497
37.0570 4.2526
37.0673 4.2555
37.0776 4.2584
37.0878 4.2613
37.0981 4.2642
37.1084 4.2671
37.1187 4.2700
37.1290 4.2729
37.1392 4.2758
37.1495 4.2787
37.1598 4.2816
37.1701 4.2845
37.1803 4.2874
37.1906 4.2903
37.2009 4.2932
37.2112 4.2961
37.2214 4.2991
37.2317 4.3020
37.2420 4.3049
37.2522 4.3078
37.2625 4.3107
37.2728 4.3136
37.2830 4.3165
37.2933 4.3194
37.3036 4.3224
37.3138 4.3253
37.3241 4.3282
37.3343 4.3311
37.3446 4.3340
37.3549 4.3370
37.3651 4.3399
37.3754 4.3428
37.3856 4.3457
37.3959 4.3487
37.4061 4.3516
37.4164 4.3545
37.4266 4.3574
37.4369 4.3604
37.4471 4.3633
37.4574 4.3662
37.4677 4.3691
37.4779 4.3721
37.4881 4.3750
37.4984 4.3779
37.5086 4.3809
37.5189 4.3838
37.5291 4.3867
37.5394 4.3897
37.5496 4.3926
37.5599 4.3956
37.5701 4.3985
37.5803 4.4014
37.5906 4.4044
37.6008 4.4073
37.6111 4.4103
37.6213 4.4132
37.6315 4.4161
37.6418 4.4191
37.6520 4.4220
37.6622 4.4250
37.6725 4.4279
37.6827 4.4309
37.6929 4.4338
37.7032 4.4368
37.7134 4.4397
37.7236 4.4427
37.7339 4.4456
37.7441 4.4486
37.7543 4.4515
37.7645 4.4545
37.7748 4.4574
37.7850 4.4604
37.7952 4.4634
37.8054 4.4663
37.8156 4.4693
37.8259 4.4722
37.8361 4.4752
37.8463 4.4782
37.8565 4.4811
37.8667 4.4841
37.8770 4.4870
37.8872 4.4900
37.8974 4.4930
37.9076 4.4959
37.9178 4.4989
37.9280 4.5019
37.9382 4.5048
37.9485 4.5078
37.9587 4.5108
37.9689 4.5138
37.9791 4.5167
37.9893 4.5197
37.9995 4.5227
38.0097 4.5256
38.0199 4.5286
38.0301 4.5316
38.0403 4.5346
38.0505 4.5376
38.0607 4.5405
38.0709 4.5435
38.0811 4.5465
38.0913 4.5495
38.1015 4.5525
38.1117 4.5554
38.1219 4.5584
38.1321 4.5614
38.1423 4.5644
38.1525 4.5674
38.1627 4.5704
38.1729 4.5734
38.1831 4.5763
38.1933 4.5793
38.2034 4.5823
38.2136 4.5853
38.2238 4.5883
38.2340 4.5913
38.2442 4.5943
38.2544 4.5973
38.2646 4.6003
38.2747 4.6033
38.2849 4.6063
38.2951 4.6093
38.3053 4.6123
38.3155 4.6153
38.3257 4.6183
38.3358 4.6213
38.3460 4.6243
38.3562 4.6273
38.3664 4.6303
38.3765 4.6333
38.3867 4.6363
38.3969 4.6393
38.4071 4.6423
38.4172 4.6453
38.4274 4.6483
38.4376 4.6513
38.4477 4.6543
38.4579 4.6573
38.4681 4.6604
38.4782 4.6634
38.4884 4.6664
38.4986 4.6694
38.5087 4.6724
38.5189 4.6754
38.5291 4.6784
38.5392 4.6815
38.5494 4.6845
38.5595 4.6875
38.5697 4.6905
38.5799 4.6935
38.5900 4.6966
38.6002 4.6996
38.6103 4.7026
38.6205 4.7056
38.6306 4.7086
38.6408 4.7117
38.6509 4.7147
38.6611 4.7177
38.6712 4.7207
38.6814 4.7238
38.6915 4.7268
38.7017 4.7298
38.7118 4.7329
38.7220 4.7359
38.7321 4.7389
38.7423 4.7420
38.7524 4.7450
38.7626 4.7480
38.7727 4.7511
38.7829 4.7541
38.7930 4.7571
38.8031 4.7602
38.8133 4.7632
38.8234 4.7663
38.8335 4.7693
38.8437 4.7723
38.8538 4.7754
38.8640 4.7784
38.8741 4.7815
38.8842 4.7845
38.8944 4.7876
38.9045 4.7906
38.9146 4.7937
38.9247 4.7967
38.9349 4.7998
38.9450 4.8028
38.9551 4.8059
38.9653 4.8089
38.9754 4.8120
38.9855 4.8150
38.9956 4.8181
39.0057 4.8211
39.0159 4.8242
39.0260 4.8272
39.0361 4.8303
39.0462 4.8333
39.0563 4.8364
39.0665 4.8395
39.0766 4.8425
39.0867 4.8456
39.0968 4.8486
39.1069 4.8517
39.1170 4.8548
39.1272 4.8578
39.1373 4.8609
39.1474 4.8640
39.1575 4.8670
39.1676 4.8701
39.1777 4.8732
39.1878 4.8762
39.1979 4.8793
39.2080 4.8824
39.2181 4.8854
39.2282 4.8885
39.2383 4.8916
39.2484 4.8947
39.2585 4.8977
39.2686 4.9008
39.2787 4.9039
39.2888 4.9070
39.2989 4.9100
39.3090 4.9131
39.3191 4.9162
39.3292 4.9193
39.3393 4.9223
39.3494 4.9254
39.3595 4.9285
39.3696 4.9316
39.3797 4.9347
39.3898 4.9378
39.3999 4.9408
39.4100 4.9439
39.4200 4.9470
39.4301 4.9501
39.4402 4.9532
39.4503 4.9563
39.4604 4.9594
39.4705 4.9625
39.4806 4.9656
39.4906 4.9687
39.5007 4.9717
39.5108 4.9748
39.5209 4.9779
39.5310 4.9810
39.5410 4.9841
39.5511 4.9872
39.5612 4.9903
39.5713 4.9934
39.5813 4.9965
39.5914 4.9996
39.6015 5.0027
39.6116 5.0058
39.6216 5.0089
39.6317 5.0120
39.6418 5.0151
39.6518 5.0182
39.6619 5.0213
39.6720 5.0244
39.6820 5.0276
39.6921 5.0307
39.7022 5.0338
39.7122 5.0369
39.7223 5.0400
39.7324 5.0431
39.7424 5.0462
39.7525 5.0493
39.7625 5.0524
39.7726 5.0556
39.7826 5.0587
39.7927 5.0618
39.8028 5.0649
39.8128 5.0680
39.8229 5.0711
39.8329 5.0743
39.8430 5.0774
39.8530 5.0805
39.8631 5.0836
39.8731 5.0867
39.8832 5.0899
39.8932 5.0930
39.9033 5.0961
39.9133 5.0992
39.9234 5.1024
39.9334 5.1055
39.9434 5.1086
39.9535 5.1117
39.9635 5.1149
39.9736 5.1180
39.9836 5.1211
39.9937 5.1243
40.0037 5.1274
40.0137 5.1305
40.0238 5.1337
40.0338 5.1368
40.0438 5.1399
40.0539 5.1431
40.0639 5.1462
40.0739 5.1494
40.0840 5.1525
40.0940 5.1556
40.1040 5.1588
40.1141 5.1619
40.1241 5.1651
40.1341 5.1682
40.1441 5.1713
40.1542 5.1745
40.1642 5.1776
40.1742 5.1808
40.1842 5.1839
40.1943 5.1871
40.2043 5.1902
40.2143 5.1934
40.2243 5.1965
40.2343 5.1997
40.2444 5.2028
40.2544 5.2060
40.2644 5.2091
40.2744 5.2123
40.2844 5.2154
40.2944 5.2186
40.3045 5.2217
40.3145 5.2249
40.3245 5.2280
40.3345 5.2312
40.3445 5.2344
40.3545 5.2375
40.3645 5.2407
40.3745 5.2438
40.3845 5.2470
40.3945 5.2502
40.4045 5.2533
40.4145 5.2565
40.4245 5.2597
40.4346 5.2628
40.4446 5.2660
40.4546 5.2692
40.4646 5.2723
40.4746 5.2755
40.4845 5.2787
40.4945 5.2818
40.5045 5.2850
40.5145 5.2882
40.5245 5.2914
40.5345 5.2945
40.5445 5.2977
40.5545 5.3009
40.5645 5.3040
40.5745 5.3072
40.5845 5.3104
40.5945 5.3136
40.6045 5.3168
40.6144 5.3199
40.6244 5.3231
40.6344 5.3263
40.6444 5.3295
40.6544 5.3327
40.6644 5.3358
40.6743 5.3390
40.6843 5.3422
40.6943 5.3454
40.7043 5.3486
40.7143 5.3518
40.7242 5.3550
40.7342 5.3581
40.7442 5.3613
40.7542 5.3645
40.7641 5.3677
40.7741 5.3709
40.7841 5.3741
40.7941 5.3773
40.8040 5.3805
40.8140 5.3837
40.8240 5.3869
40.8339 5.3901
40.8439 5.3933
40.8539 5.3965
40.8638 5.3997
40.8738 5.4029
40.8838 5.4061
40.8937 5.4093
40.9037 5.4125
40.9137 5.4157
40.9236 5.4189
40.9336 5.4221
40.9435 5.4253
40.9535 5.4285
40.9634 5.4317
40.9734 5.4349
40.9834 5.4381
40.9933 5.4413
41.0033 5.4445
41.0132 5.4477
41.0232 5.4509
41.0331 5.4542
41.0431 5.4574
41.0530 5.4606
41.0630 5.4638
41.0729 5.4670
41.0829 5.4702
41.0928 5.4734
41.1027 5.4767
41.1127 5.4799
41.1226 5.4831
41.1326 5.4863
41.1425 5.4895
41.1525 5.4927
41.1624 5.4960
41.1723 5.4992
41.1823 5.5024
41.1922 5.5056
41.2022 5.5089
41.2121 5.5121
41.2220 5.5153
41.2320 5.5185
41.2419 5.5218
41.2518 5.5250
41.2618 5.5282
41.2717 5.5314
41.2816 5.5347
41.2915 5.5379
41.3015 5.5411
41.3114 5.5444
41.3213 5.5476
41.3312 5.5508
41.3412 5.5541
41.3511 5.5573
41.3610 5.5605
41.3709 5.5638
41.3809 5.5670
41.3908 5.5703
41.4007 5.5735
41.4106 5.5767
41.4205 5.5800
41.4305 5.5832
41.4404 5.5865
41.4503 5.5897
41.4602 5.5929
41.4701 5.5962
41.4800 5.5994
41.4899 5.6027
41.4998 5.6059
41.5098 5.6092
41.5197 5.6124
41.5296 5.6157
41.5395 5.6189
41.5494 5.6222
41.5593 5.6254
41.5692 5.6287
41.5791 5.6319
41.5890 5.6352
41.5989 5.6384
41.6088 5.6417
41.6187 5.6449
41.6286 5.6482
41.6385 5.6514
41.6484 5.6547
41.6583 5.6580
41.6682 5.6612
41.6781 5.6645
41.6880 5.6677
41.6979 5.6710
41.7078 5.6743
41.7177 5.6775
41.7276 5.6808
41.7374 5.6841
41.7473 5.6873
41.7572 5.6906
41.7671 5.6938
41.7770 5.6971
41.7869 5.7004
41.7968 5.7036
41.8066 5.7069
41.8165 5.7102
41.8264 5.7135
41.8363 5.7167
41.8462 5.7200
41.8561 5.7233
41.8659 5.7265
41.8758 5.7298
41.8857 5.7331
41.8956 5.7364
41.9054 5.7396
41.9153 5.7429
41.9252 5.7462
41.9351 5.7495
41.9449 5.7528
41.9548 5.7560
41.9647 5.7593
41.9745 5.7626
41.9844 5.7659
41.9943 5.7692
42.0041 5.7725
42.0140 5.7757
42.0239 5.7790
42.0337 5.7823
42.0436 5.7856
42.0535 5.7889
42.0633 5.7922
42.0732 5.7955
42.0831 5.7987
42.0929 5.8020
42.1028 5.8053
42.1126 5.8086
42.1225 5.8119
42.1323 5.8152
42.1422 5.8185
42.1521 5.8218
42.1619 5.8251
42.1718 5.8284
42.1816 5.8317
42.1915 5.8350
42.2013 5.8383
42.2112 5.8416
42.2210 5.8449
42.2309 5.8482
42.2407 5.8515
42.2505 5.8548
42.2604 5.8581
42.2702 5.8614
42.2801 5.8647
42.2899 5.8680
42.2998 5.8713
42.3096 5.8746
42.3194 5.8779
42.3293 5.8812
42.3391 5.8845
42.3490 5.8878
42.3588 5.8911
42.3686 5.8945
42.3785 5.8978
42.3883 5.9011
42.3981 5.9044
42.4080 5.9077
42.4178 5.9110
42.4276 5.9143
42.4375 5.9176
42.4473 5.9210
42.4571 5.9243
42.4669 5.9276
42.4768 5.9309
42.4866 5.9342
42.4964 5.9376
42.5062 5.9409
42.5161 5.9442
42.5259 5.9475
42.5357 5.9508
42.5455 5.9542
42.5553 5.9575
42.5652 5.9608
42.5750 5.9641
42.5848 5.9675
42.5946 5.9708
42.6044 5.9741
42.6142 5.9774
42.6241 5.9808
42.6339 5.9841
42.6437 5.9874
42.6535 5.9908
42.6633 5.9941
42.6731 5.9974
42.6829 6.0008
42.6927 6.0041
42.7025 6.0074
42.7123 6.0108
42.7221 6.0141
42.7319 6.0174
42.7417 6.0208
42.7516 6.0241
42.7614 6.0275
42.7712 6.0308
42.7810 6.0341
42.7908 6.0375
42.8006 6.0408
42.8103 6.0442
42.8201 6.0475
42.8299 6.0508
42.8397 6.0542
42.8495 6.0575
42.8593 6.0609
42.8691 6.0642
42.8789 6.0676
42.8887 6.0709
42.8985 6.0743
42.9083 6.0776
42.9181 6.0810
42.9278 6.0843
42.9376 6.0877
42.9474 6.0910
42.9572 6.0944
42.9670 6.0977
42.9768 6.1011
42.9865 6.1044
42.9963 6.1078
43.0061 6.1112
43.0159 6.1145
43.0257 6.1179
43.0354 6.1212
43.0452 6.1246
43.0550 6.1279
43.0648 6.1313
43.0745 6.1347
43.0843 6.1380
43.0941 6.1414
43.1039 6.1448
43.1136 6.1481
43.1234 6.1515
43.1332 6.1549
43.1429 6.1582
43.1527 6.1616
43.1625 6.1650
43.1722 6.1683
43.1820 6.1717
43.1918 6.1751
43.2015 6.1784
43.2113 6.1818
43.2211 6.1852
43.2308 6.1885
43.2406 6.1919
43.2503 6.1953
43.2601 6.1987
43.2698 6.2020
43.2796 6.2054
43.2894 6.2088
43.2991 6.2122
43.3089 6.2156
43.3186 6.2189
43.3284 6.2223
43.3381 6.2257
43.3479 6.2291
43.3576 6.2325
43.3674 6.2358
43.3771 6.2392
43.3869 6.2426
43.3966 6.2460
43.4064 6.2494
43.4161 6.2528
43.4258 6.2561
43.4356 6.2595
43.4453 6.2629
43.4551 6.2663
43.4648 6.2697
43.4745 6.2731
43.4843 6.2765
43.4940 6.2799
43.5038 6.2833
43.5135 6.2867
43.5232 6.2900
43.5330 6.2934
43.5427 6.2968
43.5524 6.3002
43.5622 6.3036
43.5719 6.3070
43.5816 6.3104
43.5913 6.3138
43.6011 6.3172
43.6108 6.3206
43.6205 6.3240
43.6302 6.3274
43.6400 6.3308
43.6497 6.3342
43.6594 6.3376
43.6691 6.3410
43.6789 6.3444
43.6886 6.3478
43.6983 6.3512
43.7080 6.3547
43.7177 6.3581
43.7275 6.3615
43.7372 6.3649
43.7469 6.3683
43.7566 6.3717
43.7663 6.3751
43.7760 6.3785
43.7857 6.3819
43.7954 6.3853
43.8052 6.3888
43.8149 6.3922
43.8246 6.3956
43.8343 6.3990
43.8440 6.4024
43.8537 6.4058
43.8634 6.4092
43.8731 6.4127
43.8828 6.4161
43.8925 6.4195
43.9022 6.4229
43.9119 6.4263
43.9216 6.4298
43.9313 6.4332
43.9410 6.4366
43.9507 6.4400
43.9604 6.4435
43.9701 6.4469
43.9798 6.4503
43.9895 6.4537
43.9992 6.4572
44.0089 6.4606
44.0186 6.4640
44.0282 6.4674
44.0379 6.4709
44.0476 6.4743
44.0573 6.4777
44.0670 6.4812
44.0767 6.4846
44.0864 6.4880
44.0961 6.4915
44.1057 6.4949
44.1154 6.4983
44.1251 6.5018
44.1348 6.5052
44.1445 6.5086
44.1541 6.5121
44.1638 6.5155
44.1735 6.5190
44.1832 6.5224
44.1929 6.5258
44.2025 6.5293
44.2122 6.5327
44.2219 6.5362
44.2315 6.5396
44.2412 6.5430
44.2509 6.5465
44.2606 6.5499
44.2702 6.5534
44.2799 6.5568
44.2896 6.5603
44.2992 6.5637
44.3089 6.5672
44.3186 6.5706
44.3282 6.5741
44.3379 6.5775
44.3475 6.5810
44.3572 6.5844
44.3669 6.5879
44.3765 6.5913
44.3862 6.5948
44.3958 6.5982
44.4055 6.6017
44.4152 6.6051
44.4248 6.6086
44.4345 6.6121
44.4441 6.6155
44.4538 6.6190
44.4634 6.6224
44.4731 6.6259
44.4827 6.6293
44.4924 6.6328
44.5020 6.6363
44.5117 6.6397
44.5213 6.6432
44.5310 6.6467
44.5406 6.6501
44.5503 6.6536
44.5599 6.6571
44.5695 6.6605
44.5792 6.6640
44.5888 6.6675
44.5985 6.6709
44.6081 6.6744
44.6177 6.6779
44.6274 6.6813
44.6370 6.6848
44.6467 6.6883
44.6563 6.6917
44.6659 6.6952
44.6756 6.6987
44.6852 6.7022
44.6948 6.7056
44.7045 6.7091
44.7141 6.7126
44.7237 6.7161
44.7333 6.7195
44.7430 6.7230
44.7526 6.7265
44.7622 6.7300
44.7718 6.7335
44.7815 6.7369
44.7911 6.7404
44.8007 6.7439
44.8103 6.7474
44.8200 6.7509
44.8296 6.7544
44.8392 6.7578
44.8488 6.7613
44.8584 6.7648
44.8680 6.7683
44.8777 6.7718
44.8873 6.7753
44.8969 6.7788
44.9065 6.7822
44.9161 6.7857
44.9257 6.7892
44.9353 6.7927
44.9449 6.7962
44.9546 6.7997
44.9642 6.8032
44.9738 6.8067
44.9834 6.8102
44.9930 6.8137
45.0026 6.8172
45.0122 6.8207
45.0218 6.8242
45.0314 6.8277
45.0410 6.8312
45.0506 6.8347
45.0602 6.8382
45.0698 6.8417
45.0794 6.8452
45.0890 6.8487
45.0986 6.8522
45.1082 6.8557
45.1178 6.8592
45.1274 6.8627
45.1370 6.8662
45.1466 6.8697
45.1561 6.8732
45.1657 6.8767
45.1753 6.8802
45.1849 6.8837
45.1945 6.8872
45.2041 6.8907
45.2137 6.8942
45.2233 6.8978
45.2328 6.9013
45.2424 6.9048
45.2520 6.9083
45.2616 6.9118
45.2712 6.9153
45.2807 6.9188
45.2903 6.9223
45.2999 6.9259
45.3095 6.9294
45.3191 6.9329
45.3286 6.9364
45.3382 6.9399
45.3478 6.9434
45.3574 6.9470
45.3669 6.9505
45.3765 6.9540
45.3861 6.9575
45.3956 6.9611
45.4052 6.9646
45.4148 6.9681
45.4243 6.9716
45.4339 6.9751
45.4435 6.9787
45.4530 6.9822
45.4626 6.9857
45.4722 6.9893
45.4817 6.9928
45.4913 6.9963
45.5008 6.9998
45.5104 7.0034
45.5200 7.0069
45.5295 7.0104
45.5391 7.0140
45.5486 7.0175
45.5582 7.0210
45.5677 7.0246
45.5773 7.0281
45.5869 7.0316
45.5964 7.0352
45.6060 7.0387
45.6155 7.0422
45.6251 7.0458
45.6346 7.0493
45.6442 7.0528
45.6537 7.0564
45.6632 7.0599
45.6728 7.0635
45.6823 7.0670
45.6919 7.0705
45.7014 7.0741
45.7110 7.0776
45.7205 7.0812
45.7300 7.0847
45.7396 7.0883
45.7491 7.0918
45.7587 7.0954
45.7682 7.0989
45.7777 7.1025
45.7873 7.1060
45.7968 7.1095
45.8063 7.1131
45.8159 7.1166
45.8254 7.1202
45.8349 7.1237
45.8445 7.1273
45.8540 7.1309
45.8635 7.1344
45.8730 7.1380
45.8826 7.1415
45.8921 7.1451
45.9016 7.1486
45.9111 7.1522
45.9207 7.1557
45.9302 7.1593
45.9397 7.1629
45.9492 7.1664
45.9587 7.1700
45.9683 7.1735
45.9778 7.1771
45.9873 7.1807
45.9968 7.1842
46.0063 7.1878
46.0158 7.1913
46.0254 7.1949
46.0349 7.1985
46.0444 7.2020
46.0539 7.2056
46.0634 7.2092
46.0729 7.2127
46.0824 7.2163
46.0919 7.2199
46.1014 7.2234
46.1109 7.2270
46.1204 7.2306
46.1300 7.2341
46.1395 7.2377
46.1490 7.2413
46.1585 7.2449
46.1680 7.2484
46.1775 7.2520
46.1870 7.2556
46.1965 7.2592
46.2060 7.2627
46.2155 7.2663
46.2250 7.2699
46.2344 7.2735
46.2439 7.2770
46.2534 7.2806
46.2629 7.2842
46.2724 7.2878
46.2819 7.2914
46.2914 7.2949
46.3009 7.2985
46.3104 7.3021
46.3199 7.3057
46.3294 7.3093
46.3388 7.3128
46.3483 7.3164
46.3578 7.3200
46.3673 7.3236
46.3768 7.3272
46.3863 7.3308
46.3957 7.3344
46.4052 7.3380
46.4147 7.3415
46.4242 7.3451
46.4337 7.3487
46.4431 7.3523
46.4526 7.3559
46.4621 7.3595
46.4716 7.3631
46.4810 7.3667
46.4905 7.3703
46.5000 7.3739
46.5094 7.3775
46.5189 7.3811
46.5284 7.3847
46.5379 7.3883
46.5473 7.3918
46.5568 7.3954
46.5663 7.3990
46.5757 7.4026
46.5852 7.4062
46.5946 7.4098
46.6041 7.4134
46.6136 7.4170
46.6230 7.4206
46.6325 7.4243
46.6419 7.4279
46.6514 7.4315
46.6609 7.4351
46.6703 7.4387
46.6798 7.4423
46.6892 7.4459
46.6987 7.4495
46.7081 7.4531
46.7176 7.4567
46.7270 7.4603
46.7365 7.4639
46.7459 7.4675
46.7554 7.4711
46.7648 7.4748
46.7743 7.4784
46.7837 7.4820
46.7932 7.4856
46.8026 7.4892
46.8121 7.4928
46.8215 7.4964
46.8310 7.5001
46.8404 7.5037
46.8498 7.5073
46.8593 7.5109
46.8687 7.5145
46.8782 7.5181
46.8876 7.5218
46.8970 7.5254
46.9065 7.5290
46.9159 7.5326
46.9253 7.5362
46.9348 7.5399
46.9442 7.5435
46.9536 7.5471
46.9631 7.5507
46.9725 7.5544
46.9819 7.5580
46.9913 7.5616
47.0008 7.5652
47.0102 7.5689
47.0196 7.5725
47.0291 7.5761
47.0385 7.5797
47.0479 7.5834
47.0573 7.5870
47.0667 7.5906
47.0762 7.5943
47.0856 7.5979
47.0950 7.6015
47.1044 7.6052
47.1138 7.6088
47.1233 7.6124
47.1327 7.6161
47.1421 7.6197
47.1515 7.6233
47.1609 7.6270
47.1703 7.6306
47.1797 7.6342
47.1891 7.6379
47.1986 7.6415
47.2080 7.6452
47.2174 7.6488
47.2268 7.6524
47.2362 7.6561
47.2456 7.6597
47.2550 7.6634
47.2644 7.6670
47.2738 7.6707
47.2832 7.6743
47.2926 7.6779
47.3020 7.6816
47.3114 7.6852
47.3208 7.6889
47.3302 7.6925
47.3396 7.6962
47.3490 7.6998
47.3584 7.7035
47.3678 7.7071
47.3772 7.7108
47.3866 7.7144
47.3960 7.7181
47.4054 7.7217
47.4147 7.7254
47.4241 7.7290
47.4335 7.7327
47.4429 7.7363
47.4523 7.7400
47.4617 7.7436
47.4711 7.7473
47.4805 7.7510
47.4898 7.7546
47.4992 7.7583
47.5086 7.7619
47.5180 7.7656
47.5274 7.7692
47.5367 7.7729
47.5461 7.7766
47.5555 7.7802
47.5649 7.7839
47.5743 7.7876
47.5836 7.7912
47.5930 7.7949
47.6024 7.7985
47.6118 7.8022
47.6211 7.8059
47.6305 7.8095
47.6399 7.8132
47.6492 7.8169
47.6586 7.8205
47.6680 7.8242
47.6773 7.8279
47.6867 7.8315
47.6961 7.8352
47.7054 7.8389
47.7148 7.8426
47.7242 7.8462
47.7335 7.8499
47.7429 7.8536
47.7522 7.8572
47.7616 7.8609
47.7710 7.8646
47.7803 7.8683
47.7897 7.8719
47.7990 7.8756
47.8084 7.8793
47.8177 7.8830
47.8271 7.8866
47.8364 7.8903
47.8458 7.8940
47.8552 7.8977
47.8645 7.9014
47.8739 7.9050
47.8832 7.9087
47.8925 7.9124
47.9019 7.9161
47.9112 7.9198
47.9206 7.9235
47.9299 7.9271
47.9393 7.9308
47.9486 7.9345
47.9580 7.9382
47.9673 7.9419
47.9766 7.9456
47.9860 7.9493
47.9953 7.9529
48.0047 7.9566
48.0140 7.9603
48.0233 7.9640
48.0327 7.9677
48.0420 7.9714
48.0513 7.9751
48.0607 7.9788
48.0700 7.9825
48.0793 7.9862
48.0887 7.9899
48.0980 7.9935
48.1073 7.9972
48.1166 8.0009
48.1260 8.0046
48.1353 8.0083
48.1446 8.0120
48.1539 8.0157
48.1633 8.0194
48.1726 8.0231
48.1819 8.0268
48.1912 8.0305
48.2006 8.0342
48.2099 8.0379
48.2192 8.0416
48.2285 8.0453
48.2378 8.0490
48.2471 8.0527
48.2565 8.0564
48.2658 8.0601
48.2751 8.0638
48.2844 8.0675
48.2937 8.0713
48.3030 8.0750
48.3123 8.0787
48.3216 8.0824
48.3310 8.0861
48.3403 8.0898
48.3496 8.0935
48.3589 8.0972
48.3682 8.1009
48.3775 8.1046
48.3868 8.1083
48.3961 8.1121
48.4054 8.1158
48.4147 8.1195
48.4240 8.1232
48.4333 8.1269
48.4426 8.1306
48.4519 8.1343
48.4612 8.1381
48.4705 8.1418
48.4798 8.1455
48.4891 8.1492
48.4984 8.1529
48.5077 8.1566
48.5170 8.1604
48.5263 8.1641
48.5355 8.1678
48.5448 8.1715
48.5541 8.1752
48.5634 8.1790
48.5727 8.1827
48.5820 8.1864
48.5913 8.1901
48.6006 8.1939
48.6098 8.1976
48.6191 8.2013
48.6284 8.2050
48.6377 8.2088
48.6470 8.2125
48.6563 8.2162
48.6655 8.2199
48.6748 8.2237
48.6841 8.2274
48.6934 8.2311
48.7026 8.2349
48.7119 8.2386
48.7212 8.2423
48.7305 8.2461
48.7397 8.2498
48.7490 8.2535
48.7583 8.2573
48.7675 8.2610
48.7768 8.2647
48.7861 8.2685
48.7954 8.2722
48.8046 8.2759
48.8139 8.2797
48.8232 8.2834
48.8324 8.2872
48.8417 8.2909
48.8509 8.2946
48.8602 8.2984
48.8695 8.3021
48.8787 8.3058
48.8880 8.3096
48.8972 8.3133
48.9065 8.3171
48.9158 8.3208
48.9250 8.3246
48.9343 8.3283
48.9435 8.3320
48.9528 8.3358
48.9620 8.3395
48.9713 8.3433
48.9805 8.3470
48.9898 8.3508
48.9990 8.3545
49.0083 8.3583
49.0175 8.3620
49.0268 8.3658
49.0360 8.3695
49.0453 8.3733
49.0545 8.3770
49.0638 8.3808
49.0730 8.3845
49.0822 8.3883
49.0915 8.3920
49.1007 8.3958
49.1100 8.3995
49.1192 8.4033
49.1284 8.4071
49.1377 8.4108
49.1469 8.4146
49.1562 8.4183
49.1654 8.4221
49.1746 8.4258
49.1839 8.4296
49.1931 8.4334
49.2023 8.4371
49.2116 8.4409
49.2208 8.4446
49.2300 8.4484
49.2392 8.4522
49.2485 8.4559
49.2577 8.4597
49.2669 8.4634
49.2761 8.4672
49.2854 8.4710
49.2946 8.4747
49.3038 8.4785
49.3130 8.4823
49.3223 8.4860
49.3315 8.4898
49.3407 8.4936
49.3499 8.4973
49.3591 8.5011
49.3683 8.5049
49.3776 8.5087
49.3868 8.5124
49.3960 8.5162
49.4052 8.5200
49.4144 8.5237
49.4236 8.5275
49.4328 8.5313
49.4421 8.5351
49.4513 8.5388
49.4605 8.5426
49.4697 8.5464
49.4789 8.5502
49.4881 8.5539
49.4973 8.5577
49.5065 8.5615
49.5157 8.5653
49.5249 8.5690
49.5341 8.5728
49.5433 8.5766
49.5525 8.5804
49.5617 8.5842
49.5709 8.5879
49.5801 8.5917
49.5893 8.5955
49.5985 8.5993
49.6077 8.6031
49.6169 8.6069
49.6261 8.6106
49.6353 8.6144
49.6445 8.6182
49.6537 8.6220
49.6629 8.6258
49.6720 8.6296
49.6812 8.6333
49.6904 8.6371
49.6996 8.6409
49.7088 8.6447
49.7180 8.6485
49.7272 8.6523
49.7363 8.6561
49.7455 8.6599
49.7547 8.6637
49.7639 8.6675
49.7731 8.6712
49.7823 8.6750
49.7914 8.6788
49.8006 8.6826
49.8098 8.6864
49.8190 8.6902
49.8281 8.6940
49.8373 8.6978
49.8465 8.7016
49.8557 8.7054
49.8648 8.7092
49.8740 8.7130
49.8832 8.7168
49.8924 8.7206
49.9015 8.7244
49.9107 8.7282
49.9199 8.7320
49.9290 8.7358
49.9382 8.7396
49.9474 8.7434
49.9565 8.7472
49.9657 8.7510
49.9748 8.7548
49.9840 8.7586
49.9932 8.7624
50.0023 8.7662
50.0115 8.7700
50.0206 8.7738
50.0298 8.7776
50.0390 8.7814
50.0481 8.7853
50.0573 8.7891
50.0664 8.7929
50.0756 8.7967
50.0847 8.8005
50.0939 8.8043
50.1030 8.8081
50.1122 8.8119
50.1213 8.8157
50.1305 8.8195
50.1396 8.8234
50.1488 8.8272
50.1579 8.8310
50.1671 8.8348
50.1762 8.8386
50.1854 8.8424
50.1945 8.8463
50.2037 8.8501
50.2128 8.8539
50.2219 8.8577
50.2311 8.8615
50.2402 8.8653
50.2494 8.8692
50.2585 8.8730
50.2676 8.8768
50.2768 8.8806
50.2859 8.8844
50.2950 8.8883
50.3042 8.8921
50.3133 8.8959
50.3224 8.8997
50.3316 8.9035
50.3407 8.9074
50.3498 8.9112
50.3590 8.9150
50.3681 8.9188
50.3772 8.9227
50.3863 8.9265
50.3955 8.9303
50.4046 8.9342
50.4137 8.9380
50.4228 8.9418
50.4320 8.9456
50.4411 8.9495
50.4502 8.9533
50.4593 8.9571
50.4684 8.9610
50.4776 8.9648
50.4867 8.9686
50.4958 8.9725
50.5049 8.9763
50.5140 8.9801
50.5231 8.9840
50.5323 8.9878
50.5414 8.9916
50.5505 8.9955
50.5596 8.9993
50.5687 9.0031
50.5778 9.0070
50.5869 9.0108
50.5960 9.0147
50.6051 9.0185
50.6142 9.0223
50.6233 9.0262
50.6324 9.0300
50.6416 9.0338
50.6507 9.0377
50.6598 9.0415
50.6689 9.0454
50.6780 9.0492
50.6871 9.0531
50.6962 9.0569
50.7053 9.0607
50.7144 9.0646
50.7235 9.0684
50.7325 9.0723
50.7416 9.0761
50.7507 9.0800
50.7598 9.0838
50.7689 9.0877
50.7780 9.0915
50.7871 9.0954
50.7962 9.0992
50.8053 9.1031
50.8144 9.1069
50.8235 9.1108
50.8326 9.1146
50.8416 9.1185
50.8507 9.1223
50.8598 9.1262
50.8689 9.1300
50.8780 9.1339
50.8871 9.1377
50.8961 9.1416
50.9052 9.1454
50.9143 9.1493
50.9234 9.1531
50.9325 9.1570
50.9415 9.1609
50.9506 9.1647
50.9597 9.1686
50.9688 9.1724
50.9778 9.1763
50.9869 9.1802
50.9960 9.1840
51.0051 9.1879
51.0141 9.1917
51.0232 9.1956
51.0323 9.1995
51.0413 9.2033
51.0504 9.2072
51.0595 9.2110
51.0685 9.2149
51.0776 9.2188
51.0867 9.2226
51.0957 9.2265
51.1048 9.2304
51.1139 9.2342
51.1229 9.2381
51.1320 9.2420
51.1410 9.2458
51.1501 9.2497
51.1592 9.2536
51.1682 9.2574
51.1773 9.2613
51.1863 9.2652
51.1954 9.2690
51.2044 9.2729
51.2135 9.2768
51.2225 9.2807
51.2316 9.2845
51.2406 9.2884
51.2497 9.2923
51.2587 9.2962
51.2678 9.3000
51.2768 9.3039
51.2859 9.3078
51.2949 9.3117
51.3040 9.3155
51.3130 9.3194
51.3221 9.3233
51.3311 9.3272
51.3402 9.3310
51.3492 9.3349
51.3582 9.3388
51.3673 9.3427
51.3763 9.3466
51.3854 9.3504
51.3944 9.3543
51.4034 9.3582
51.4125 9.3621
51.4215 9.3660
51.4305 9.3698
51.4396 9.3737
51.4486 9.3776
51.4576 9.3815
51.4667 9.3854
51.4757 9.3893
51.4847 9.3931
51.4938 9.3970
51.5028 9.4009
51.5118 9.4048
51.5208 9.4087
51.5299 9.4126
51.5389 9.4165
51.5479 9.4204
51.5569 9.4243
51.5660 9.4281
51.5750 9.4320
51.5840 9.4359
51.5930 9.4398
51.6020 9.4437
51.6111 9.4476
51.6201 9.4515
51.6291 9.4554
51.6381 9.4593
51.6471 9.4632
51.6561 9.4671
51.6651 9.4710
51.6742 9.4749
51.6832 9.4787
51.6922 9.4826
51.7012 9.4865
51.7102 9.4904
51.7192 9.4943
51.7282 9.4982
51.7372 9.5021
51.7462 9.5060
51.7552 9.5099
51.7642 9.5138
51.7732 9.5177
51.7823 9.5216
51.7913 9.5255
51.8003 9.5294
51.8093 9.5333
51.8183 9.5372
51.8273 9.5411
51.8363 9.5450
51.8453 9.5490
51.8542 9.5529
51.8632 9.5568
51.8722 9.5607
51.8812 9.5646
51.8902 9.5685
51.8992 9.5724
51.9082 9.5763
51.9172 9.5802
51.9262 9.5841
51.9352 9.5880
51.9442 9.5919
51.9532 9.5958
51.9622 9.5997
51.9711 9.6037
51.9801 9.6076
51.9891 9.6115
51.9981 9.6154
52.0071 9.6193
52.0161 9.6232
52.0250 9.6271
52.0340 9.6310
52.0430 9.6350
52.0520 9.6389
52.0610 9.6428
52.0699 9.6467
52.0789 9.6506
52.0879 9.6545
52.0969 9.6585
52.1058 9.6624
52.1148 9.6663
52.1238 9.6702
52.1328 9.6741
52.1417 9.6780
52.1507 9.6820
52.1597 9.6859
52.1686 9.6898
52.1776 9.6937
52.1866 9.6976
52.1955 9.7016
52.2045 9.7055
52.2135 9.7094
52.2224 9.7133
52.2314 9.7173
52.2404 9.7212
52.2493 9.7251
52.2583 9.7290
52.2673 9.7330
52.2762 9.7369
52.2852 9.7408
52.2941 9.7447
52.3031 9.7487
52.3120 9.7526
52.3210 9.7565
52.3300 9.7605
52.3389 9.7644
52.3479 9.7683
52.3568 9.7722
52.3658 9.7762
52.3747 9.7801
52.3837 9.7840
52.3926 9.7880
52.4016 9.7919
52.4105 9.7958
52.4195 9.7998
52.4284 9.8037
52.4374 9.8076
52.4463 9.8116
52.4553 9.8155
52.4642 9.8194
52.4731 9.8234
52.4821 9.8273
52.4910 9.8312
52.5000 9.8352
52.5089 9.8391
52.5178 9.8431
52.5268 9.8470
52.5357 9.8509
52.5447 9.8549
52.5536 9.8588
52.5625 9.8628
52.5715 9.8667
52.5804 9.8706
52.5893 9.8746
52.5983 9.8785
52.6072 9.8825
52.6161 9.8864
52.6250 9.8904
52.6340 9.8943
52.6429 9.8982
52.6518 9.9022
52.6608 9.9061
52.6697 9.9101
52.6786 9.9140
52.6875 9.9180
52.6965 9.9219
52.7054 9.9259
52.7143 9.9298
52.7232 9.9338
52.7321 9.9377
52.7411 9.9417
52.7500 9.9456
52.7589 9.9496
52.7678 9.9535
52.7767 9.9575
52.7856 9.9614
52.7946 9.9654
52.8035 9.9693
52.8124 9.9733
52.8213 9.9772
52.8302 9.9812
52.8391 9.9851
52.8480 9.9891
52.8569 9.9930
52.8658 9.9970
52.8748 10.0009
52.8837 10.0049
52.8926 10.0089
52.9015 10.0128
52.9104 10.0168
52.9193 10.0207
52.9282 10.0247
52.9371 10.0287
52.9460 10.0326
52.9549 10.0366
52.9638 10.0405
52.9727 10.0445
52.9816 10.0485
52.9905 10.0524
52.9994 10.0564
53.0083 10.0603
53.0172 10.0643
53.0261 10.0683
53.0350 10.0722
53.0439 10.0762
53.0527 10.0802
53.0616 10.0841
53.0705 10.0881
53.0794 10.0920
53.0883 10.0960
53.0972 10.1000
53.1061 10.1039
53.1150 10.1079
53.1239 10.1119
53.1327 10.1159
53.1416 10.1198
53.1505 10.1238
53.1594 10.1278
53.1683 10.1317
53.1772 10.1357
53.1860 10.1397
53.1949 10.1436
53.2038 10.1476
53.2127 10.1516
53.2216 10.1556
53.2304 10.1595
53.2393 10.1635
53.2482 10.1675
53.2571 10.1715
53.2659 10.1754
53.2748 10.1794
53.2837 10.1834
53.2925 10.1874
53.3014 10.1913
53.3103 10.1953
53.3192 10.1993
53.3280 10.2033
53.3369 10.2072
53.3458 10.2112
53.3546 10.2152
53.3635 10.2192
53.3724 10.2232
53.3812 10.2271
53.3901 10.2311
53.3989 10.2351
53.4078 10.2391
53.4167 10.2431
53.4255 10.2470
53.4344 10.2510
53.4432 10.2550
53.4521 10.2590
53.4610 10.2630
53.4698 10.2670
53.4787 10.2709
53.4875 10.2749
53.4964 10.2789
53.5052 10.2829
53.5141 10.2869
53.5229 10.2909
53.5318 10.2949
53.5406 10.2988
53.5495 10.3028
53.5583 10.3068
53.5672 10.3108
53.5760 10.3148
53.5849 10.3188
53.5937 10.3228
53.6026 10.3268
53.6114 10.3308
53.6202 10.3347
53.6291 10.3387
53.6379 10.3427
53.6468 10.3467
53.6556 10.3507
53.6644 10.3547
53.6733 10.3587
53.6821 10.3627
53.6910 10.3667
53.6998 10.3707
53.7086 10.3747
53.7175 10.3787
53.7263 10.3827
53.7351 10.3867
53.7440 10.3907
53.7528 10.3947
53.7616 10.3987
53.7704 10.4027
53.7793 10.4067
53.7881 10.4107
53.7969 10.4147
53.8058 10.4187
53.8146 10.4227
53.8234 10.4267
53.8322 10.4307
53.8411 10.4347
53.8499 10.4387
53.8587 10.4427
53.8675 10.4467
53.8763 10.4507
53.8852 10.4547
53.8940 10.4587
53.9028 10.4627
53.9116 10.4667
53.9204 10.4707
53.9293 10.4747
53.9381 10.4787
53.9469 10.4827
53.9557 10.4867
53.9645 10.4907
53.9733 10.4947
53.9821 10.4987
53.9909 10.5027
53.9997 10.5068
54.0086 10.5108
54.0174 10.5148
54.0262 10.5188
54.0350 10.5228
54.0438 10.5268
54.0526 10.5308
54.0614 10.5348
54.0702 10.5388
54.0790 10.5429
54.0878 10.5469
54.0966 10.5509
54.1054 10.5549
54.1142 10.5589
54.1230 10.5629
54.1318 10.5669
54.1406 10.5709
54.1494 10.5750
54.1582 10.5790
54.1670 10.5830
54.1758 10.5870
54.1846 10.5910
54.1934 10.5950
54.2022 10.5991
54.2110 10.6031
54.2197 10.6071
54.2285 10.6111
54.2373 10.6151
54.2461 10.6192
54.2549 10.6232
54.2637 10.6272
54.2725 10.6312
54.2813 10.6352
54.2900 10.6393
54.2988 10.6433
54.3076 10.6473
54.3164 10.6513
54.3252 10.6554
54.3340 10.6594
54.3427 10.6634
54.3515 10.6674
54.3603 10.6715
54.3691 10.6755
54.3779 10.6795
54.3866 10.6835
54.3954 10.6876
54.4042 10.6916
54.4130 10.6956
54.4217 10.6996
54.4305 10.7037
54.4393 10.7077
54.4480 10.7117
54.4568 10.7158
54.4656 10.7198
54.4744 10.7238
54.4831 10.7278
54.4919 10.7319
54.5007 10.7359
54.5094 10.7399
54.5182 10.7440
54.5270 10.7480
54.5357 10.7520
54.5445 10.7561
54.5532 10.7601
54.5620 10.7641
54.5708 10.7682
54.5795 10.7722
54.5883 10.7762
54.5970 10.7803
54.6058 10.7843
54.6146 10.7884
54.6233 10.7924
54.6321 10.7964
54.6408 10.8005
54.6496 10.8045
54.6583 10.8085
54.6671 10.8126
54.6758 10.8166
54.6846 10.8207
54.6933 10.8247
54.7021 10.8287
54.7108 10.8328
54.7196 10.8368
54.7283 10.8409
54.7371 10.8449
54.7458 10.8489
54.7546 10.8530
54.7633 10.8570
54.7721 10.8611
54.7808 10.8651
54.7895 10.8692
54.7983 10.8732
54.8070 10.8772
54.8158 10.8813
54.8245 10.8853
54.8332 10.8894
54.8420 10.8934
54.8507 10.8975
54.8594 10.9015
54.8682 10.9056
54.8769 10.9096
54.8856 10.9137
54.8944 10.9177
54.9031 10.9218
54.9118 10.9258
54.9206 10.9299
54.9293 10.9339
54.9380 10.9380
54.9468 10.9420
54.9555 10.9461
54.9642 10.9501
54.9729 10.9542
54.9817 10.9582
54.9904 10.9623
54.9991 10.9663
55.0078 10.9704
55.0166 10.9744
55.0253 10.9785
55.0340 10.9825
55.0427 10.9866
55.0514 10.9907
55.0602 10.9947
55.0689 10.9988
55.0776 11.0028
55.0863 11.0069
55.0950 11.0109
55.1037 11.0150
55.1125 11.0191
55.1212 11.0231
55.1299 11.0272
55.1386 11.0312
55.1473 11.0353
55.1560 11.0393
55.1647 11.0434
55.1734 11.0475
55.1821 11.0515
55.1909 11.0556
55.1996 11.0597
55.2083 11.0637
55.2170 11.0678
55.2257 11.0718
55.2344 11.0759
55.2431 11.0800
55.2518 11.0840
55.2605 11.0881
55.2692 11.0922
55.2779 11.0962
55.2866 11.1003
55.2953 11.1044
55.3040 11.1084
55.3127 11.1125
55.3214 11.1166
55.3301 11.1206
55.3388 11.1247
55.3475 11.1288
55.3562 11.1328
55.3648 11.1369
55.3735 11.1410
55.3822 11.1450
55.3909 11.1491
55.3996 11.1532
55.4083 11.1572
55.4170 11.1613
55.4257 11.1654
55.4344 11.1695
55.4430 11.1735
55.4517 11.1776
55.4604 11.1817
55.4691 11.1857
55.4778 11.1898
55.4865 11.1939
55.4951 11.1980
55.5038 11.2020
55.5125 11.2061
55.5212 11.2102
55.5299 11.2143
55.5385 11.2183
55.5472 11.2224
55.5559 11.2265
55.5646 11.2306
55.5732 11.2346
55.5819 11.2387
55.5906 11.2428
55.5993 11.2469
55.6079 11.2510
55.6166 11.2550
55.6253 11.2591
55.6339 11.2632
55.6426 11.2673
55.6513 11.2714
55.6600 11.2754
55.6686 11.2795
55.6773 11.2836
55.6860 11.2877
55.6946 11.2918
55.7033 11.2958
55.7119 11.2999
55.7206 11.3040
55.7293 11.3081
55.7379 11.3122
55.7466 11.3163
55.7552 11.3204
55.7639 11.3244
55.7726 11.3285
55.7812 11.3326
55.7899 11.3367
55.7985 11.3408
55.8072 11.3449
55.8158 11.3490
55.8245 11.3530
55.8331 11.3571
55.8418 11.3612
55.8504 11.3653
55.8591 11.3694
55.8677 11.3735
55.8764 11.3776
55.8850 11.3817
55.8937 11.3858
55.9023 11.3898
55.9110 11.3939
55.9196 11.3980
55.9283 11.4021
55.9369 11.4062
55.9456 11.4103
55.9542 11.4144
55.9628 11.4185
55.9715 11.4226
55.9801 11.4267
55.9888 11.4308
55.9974 11.4349
56.0060 11.4390
56.0147 11.4431
56.0233 11.4471
56.0320 11.4512
56.0406 11.4553
56.0492 11.4594
56.0579 11.4635
56.0665 11.4676
56.0751 11.4717
56.0838 11.4758
56.0924 11.4799
56.1010 11.4840
56.1096 11.4881
56.1183 11.4922
56.1269 11.4963
56.1355 11.5004
56.1441 11.5045
56.1528 11.5086
56.1614 11.5127
56.1700 11.5168
56.1786 11.5209
56.1873 11.5250
56.1959 11.5291
56.2045 11.5332
56.2131 11.5373
56.2218 11.5414
56.2304 11.5455
56.2390 11.5497
56.2476 11.5538
56.2562 11.5579
56.2648 11.5620
56.2735 11.5661
56.2821 11.5702
56.2907 11.5743
56.2993 11.5784
56.3079 11.5825
56.3165 11.5866
56.3251 11.5907
56.3337 11.5948
56.3424 11.5989
56.3510 11.6030
56.3596 11.6071
56.3682 11.6113
56.3768 11.6154
56.3854 11.6195
56.3940 11.6236
56.4026 11.6277
56.4112 11.6318
56.4198 11.6359
56.4284 11.6400
56.4370 11.6441
56.4456 11.6483
56.4542 11.6524
56.4628 11.6565
56.4714 11.6606
56.4800 11.6647
56.4886 11.6688
56.4972 11.6729
56.5058 11.6770
56.5144 11.6812
56.5230 11.6853
56.5316 11.6894
56.5402 11.6935
56.5488 11.6976
56.5574 11.7017
56.5660 11.7059
56.5745 11.7100
56.5831 11.7141
56.5917 11.7182
56.6003 11.7223
56.6089 11.7265
56.6175 11.7306
56.6261 11.7347
56.6347 11.7388
56.6432 11.7429
56.6518 11.7471
56.6604 11.7512
56.6690 11.7553
56.6776 11.7594
56.6861 11.7635
56.6947 11.7677
56.7033 11.7718
56.7119 11.7759
56.7205 11.7800
56.7290 11.7841
56.7376 11.7883
56.7462 11.7924
56.7548 11.7965
56.7633 11.8006
56.7719 11.8048
56.7805 11.8089
56.7891 11.8130
56.7976 11.8171
56.8062 11.8213
56.8148 11.8254
56.8233 11.8295
56.8319 11.8337
56.8405 11.8378
56.8490 11.8419
56.8576 11.8460
56.8662 11.8502
56.8747 11.8543
56.8833 11.8584
56.8919 11.8626
56.9004 11.8667
56.9090 11.8708
56.9176 11.8749
56.9261 11.8791
56.9347 11.8832
56.9432 11.8873
56.9518 11.8915
56.9604 11.8956
56.9689 11.8997
56.9775 11.9039
56.9860 11.9080
56.9946 11.9121
57.0031 11.9163
57.0117 11.9204
57.0202 11.9245
57.0288 11.9287
57.0373 11.9328
57.0459 11.9369
57.0544 11.9411
57.0630 11.9452
57.0715 11.9493
57.0801 11.9535
57.0886 11.9576
57.0972 11.9618
57.1057 11.9659
57.1143 11.9700
57.1228 11.9742
57.1314 11.9783
57.1399 11.9824
57.1484 11.9866
57.1570 11.9907
57.1655 11.9949
57.1741 11.9990
57.1826 12.0031
57.1911 12.0073
57.1997 12.0114
57.2082 12.0156
57.2167 12.0197
57.2253 12.0239
57.2338 12.0280
57.2424 12.0321
57.2509 12.0363
57.2594 12.0404
57.2680 12.0446
57.2765 12.0487
57.2850 12.0529
57.2935 12.0570
57.3021 12.0611
57.3106 12.0653
57.3191 12.0694
57.3277 12.0736
57.3362 12.0777
57.3447 12.0819
57.3532 12.0860
57.3618 12.0902
57.3703 12.0943
57.3788 12.0985
57.3873 12.1026
57.3958 12.1068
57.4044 12.1109
57.4129 12.1150
57.4214 12.1192
57.4299 12.1233
57.4384 12.1275
57.4470 12.1316
57.4555 12.1358
57.4640 12.1399
57.4725 12.1441
57.4810 12.1483
57.4895 12.1524
57.4980 12.1566
57.5066 12.1607
57.5151 12.1649
57.5236 12.1690
57.5321 12.1732
57.5406 12.1773
57.5491 12.1815
57.5576 12.1856
57.5661 12.1898
57.5746 12.1939
57.5831 12.1981
57.5916 12.2022
57.6001 12.2064
57.6086 12.2106
57.6171 12.2147
57.6256 12.2189
57.6341 12.2230
57.6426 12.2272
57.6511 12.2313
57.6596 12.2355
57.6681 12.2397
57.6766 12.2438
57.6851 12.2480
57.6936 12.2521
57.7021 12.2563
57.7106 12.2604
57.7191 12.2646
57.7276 12.2688
57.7361 12.2729
57.7446 12.2771
57.7531 12.2812
57.7616 12.2854
57.7701 12.2896
57.7786 12.2937
57.7870 12.2979
57.7955 12.3021
57.8040 12.3062
57.8125 12.3104
57.8210 12.3145
57.8295 12.3187
57.8380 12.3229
57.8464 12.3270
57.8549 12.3312
57.8634 12.3354
57.8719 12.3395
57.8804 12.3437
57.8889 12.3479
57.8973 12.3520
57.9058 12.3562
57.9143 12.3604
57.9228 12.3645
57.9312 12.3687
57.9397 12.3729
57.9482 12.3770
57.9567 12.3812
57.9651 12.3854
57.9736 12.3895
57.9821 12.3937
57.9906 12.3979
57.9990 12.4020
58.0075 12.4062
58.0160 12.4104
58.0244 12.4145
58.0329 12.4187
58.0414 12.4229
58.0498 12.4271
58.0583 12.4312
58.0668 12.4354
58.0752 12.4396
58.0837 12.4437
58.0922 12.4479
58.1006 12.4521
58.1091 12.4563
58.1176 12.4604
58.1260 12.4646
58.1345 12.4688
58.1429 12.4730
58.1514 12.4771
58.1599 12.4813
58.1683 12.4855
58.1768 12.4897
58.1852 12.4938
58.1937 12.4980
58.2021 12.5022
58.2106 12.5064
58.2190 12.5105
58.2275 12.5147
58.2359 12.5189
58.2444 12.5231
58.2528 12.5273
58.2613 12.5314
58.2697 12.5356
58.2782 12.5398
58.2866 12.5440
58.2951 12.5482
58.3035 12.5523
58.3120 12.5565
58.3204 12.5607
58.3289 12.5649
58.3373 12.5691
58.3458 12.5732
58.3542 12.5774
58.3626 12.5816
58.3711 12.5858
58.3795 12.5900
58.3880 12.5941
58.3964 12.5983
58.4048 12.6025
58.4133 12.6067
58.4217 12.6109
58.4301 12.6151
58.4386 12.6193
58.4470 12.6234
58.4554 12.6276
58.4639 12.6318
58.4723 12.6360
58.4807 12.6402
58.4892 12.6444
58.4976 12.6486
58.5060 12.6527
58.5145 12.6569
58.5229 12.6611
58.5313 12.6653
58.5397 12.6695
58.5482 12.6737
58.5566 12.6779
58.5650 12.6821
58.5734 12.6862
58.5819 12.6904
58.5903 12.6946
58.5987 12.6988
58.6071 12.7030
58.6156 12.7072
58.6240 12.7114
58.6324 12.7156
58.6408 12.7198
58.6492 12.7240
58.6577 12.7281
58.6661 12.7323
58.6745 12.7365
58.6829 12.7407
58.6913 12.7449
58.6997 12.7491
58.7081 12.7533
58.7166 12.7575
58.7250 12.7617
58.7334 12.7659
58.7418 12.7701
58.7502 12.7743
58.7586 12.7785
58.7670 12.7827
58.7754 12.7869
58.7838 12.7911
58.7922 12.7952
58.8006 12.7994
58.8090 12.8036
58.8174 12.8078
58.8258 12.8120
58.8343 12.8162
58.8427 12.8204
58.8511 12.8246
58.8595 12.8288
58.8679 12.8330
58.8763 12.8372
58.8847 12.8414
58.8931 12.8456
58.9014 12.8498
58.9098 12.8540
58.9182 12.8582
58.9266 12.8624
58.9350 12.8666
58.9434 12.8708
58.9518 12.8750
58.9602 12.8792
58.9686 12.8834
58.9770 12.8876
58.9854 12.8918
58.9938 12.8960
59.0022 12.9002
59.0105 12.9044
59.0189 12.9086
59.0273 12.9128
59.0357 12.9171
59.0441 12.9213
59.0525 12.9255
59.0609 12.9297
59.0692 12.9339
59.0776 12.9381
59.0860 12.9423
59.0944 12.9465
59.1028 12.9507
59.1112 12.9549
59.1195 12.9591
59.1279 12.9633
59.1363 12.9675
59.1447 12.9717
59.1530 12.9759
59.1614 12.9801
59.1698 12.9843
59.1782 12.9886
59.1865 12.9928
59.1949 12.9970
59.2033 13.0012
59.2117 13.0054
59.2200 13.0096
59.2284 13.0138
59.2368 13.0180
59.2451 13.0222
59.2535 13.0264
59.2619 13.0307
59.2702 13.0349
59.2786 13.0391
59.2870 13.0433
59.2953 13.0475
59.3037 13.0517
59.3121 13.0559
59.3204 13.0601
59.3288 13.0644
59.3372 13.0686
59.3455 13.0728
59.3539 13.0770
59.3622 13.0812
59.3706 13.0854
59.3790 13.0896
59.3873 13.0938
59.3957 13.0981
59.4040 13.1023
59.4124 13.1065
59.4207 13.1107
59.4291 13.1149
59.4374 13.1191
59.4458 13.1234
59.4541 13.1276
59.4625 13.1318
59.4709 13.1360
59.4792 13.1402
59.4876 13.1444
59.4959 13.1487
59.5042 13.1529
59.5126 13.1571
59.5209 13.1613
59.5293 13.1655
59.5376 13.1698
59.5460 13.1740
59.5543 13.1782
59.5627 13.1824
59.5710 13.1866
59.5793 13.1909
59.5877 13.1951
59.5960 13.1993
59.6044 13.2035
59.6127 13.2077
59.6210 13.2120
59.6294 13.2162
59.6377 13.2204
59.6461 13.2246
59.6544 13.2289
59.6627 13.2331
59.6711 13.2373
59.6794 13.2415
59.6877 13.2457
59.6961 13.2500
59.7044 13.2542
59.7127 13.2584
59.7211 13.2626
59.7294 13.2669
59.7377 13.2711
59.7460 13.2753
59.7544 13.2795
59.7627 13.2838
59.7710 13.2880
59.7794 13.2922
59.7877 13.2965
59.7960 13.3007
59.8043 13.3049
59.8127 13.3091
59.8210 13.3134
59.8293 13.3176
59.8376 13.3218
59.8459 13.3260
59.8543 13.3303
59.8626 13.3345
59.8709 13.3387
59.8792 13.3430
59.8875 13.3472
59.8959 13.3514
59.9042 13.3557
59.9125 13.3599
59.9208 13.3641
59.9291 13.3683
59.9374 13.3726
59.9457 13.3768
59.9540 13.3810
59.9624 13.3853
59.9707 13.3895
59.9790 13.3937
59.9873 13.3980
59.9956 13.4022
60.0039 13.4064
60.0122 13.4107
60.0205 13.4149
60.0288 13.4191
60.0371 13.4234
60.0454 13.4276
60.0537 13.4318
60.0620 13.4361
60.0703 13.4403
60.0787 13.4445
60.0870 13.4488
60.0953 13.4530
60.1036 13.4572
60.1119 13.4615
60.1202 13.4657
60.1284 13.4700
60.1367 13.4742
60.1450 13.4784
60.1533 13.4827
60.1616 13.4869
60.1699 13.4911
60.1782 13.4954
60.1865 13.4996
60.1948 13.5039
60.2031 13.5081
60.2114 13.5123
60.2197 13.5166
60.2280 13.5208
60.2363 13.5251
60.2446 13.5293
60.2528 13.5335
60.2611 13.5378
60.2694 13.5420
60.2777 13.5463
60.2860 13.5505
60.2943 13.5547
60.3026 13.5590
60.3108 13.5632
60.3191 13.5675
60.3274 13.5717
60.3357 13.5760
60.3440 13.5802
60.3522 13.5844
60.3605 13.5887
60.3688 13.5929
60.3771 13.5972
60.3854 13.6014
60.3936 13.6057
60.4019 13.6099
60.4102 13.6141
60.4185 13.6184
60.4267 13.6226
60.4350 13.6269
60.4433 13.6311
60.4516 13.6354
60.4598 13.6396
60.4681 13.6439
60.4764 13.6481
60.4846 13.6524
60.4929 13.6566
60.5012 13.6609
60.5095 13.6651
60.5177 13.6693
60.5260 13.6736
60.5342 13.6778
60.5425 13.6821
60.5508 13.6863
60.5590 13.6906
60.5673 13.6948
60.5756 13.6991
60.5838 13.7033
60.5921 13.7076
60.6004 13.7118
60.6086 13.7161
60.6169 13.7203
60.6251 13.7246
60.6334 13.7288
60.6416 13.7331
60.6499 13.7373
60.6582 13.7416
60.6664 13.7458
60.6747 13.7501
60.6829 13.7543
60.6912 13.7586
60.6994 13.7629
60.7077 13.7671
60.7159 13.7714
60.7242 13.7756
60.7324 13.7799
60.7407 13.7841
60.7489 13.7884
60.7572 13.7926
60.7654 13.7969
60.7737 13.8011
60.7819 13.8054
60.7902 13.8096
60.7984 13.8139
60.8067 13.8182
60.8149 13.8224
60.8231 13.8267
60.8314 13.8309
60.8396 13.8352
60.8479 13.8394
60.8561 13.8437
60.8643 13.8479
60.8726 13.8522
60.8808 13.8565
60.8891 13.8607
60.8973 13.8650
60.9055 13.8692
60.9138 13.8735
60.9220 13.8778
60.9302 13.8820
60.9385 13.8863
60.9467 13.8905
60.9549 13.8948
60.9632 13.8990
60.9714 13.9033
60.9796 13.9076
60.9879 13.9118
60.9961 13.9161
61.0043 13.9203
61.0125 13.9246
61.0208 13.9289
61.0290 13.9331
61.0372 13.9374
61.0455 13.9417
61.0537 13.9459
61.0619 13.9502
61.0701 13.9544
61.0783 13.9587
61.0866 13.9630
61.0948 13.9672
61.1030 13.9715
61.1112 13.9758
61.1194 13.9800
61.1277 13.9843
61.1359 13.9885
61.1441 13.9928
61.1523 13.9971
61.1605 14.0013
61.1688 14.0056
61.1770 14.0099
61.1852 14.0141
61.1934 14.0184
61.2016 14.0227
61.2098 14.0269
61.2180 14.0312
61.2262 14.0355
61.2345 14.0397
61.2427 14.0440
61.2509 14.0483
61.2591 14.0525
61.2673 14.0568
61.2755 14.0611
61.2837 14.0653
61.2919 14.0696
61.3001 14.0739
61.3083 14.0781
61.3165 14.0824
61.3247 14.0867
61.3329 14.0909
61.3411 14.0952
61.3493 14.0995
61.3575 14.1037
61.3657 14.1080
61.3739 14.1123
61.3821 14.1166
61.3903 14.1208
61.3985 14.1251
61.4067 14.1294
61.4149 14.1336
61.4231 14.1379
61.4313 14.1422
61.4395 14.1465
61.4477 14.1507
61.4559 14.1550
61.4641 14.1593
61.4723 14.1635
61.4805 14.1678
61.4887 14.1721
61.4968 14.1764
61.5050 14.1806
61.5132 14.1849
61.5214 14.1892
61.5296 14.1935
61.5378 14.1977
61.5460 14.2020
61.5542 14.2063
61.5623 14.2105
61.5705 14.2148
61.5787 14.2191
61.5869 14.2234
61.5951 14.2276
61.6033 14.2319
61.6114 14.2362
61.6196 14.2405
61.6278 14.2448
61.6360 14.2490
61.6442 14.2533
61.6523 14.2576
61.6605 14.2619
61.6687 14.2661
61.6769 14.2704
61.6850 14.2747
61.6932 14.2790
61.7014 14.2832
61.7096 14.2875
61.7177 14.2918
61.7259 14.2961
61.7341 14.3004
61.7422 14.3046
61.7504 14.3089
61.7586 14.3132
61.7668 14.3175
61.7749 14.3218
61.7831 14.3260
61.7913 14.3303
61.7994 14.3346
61.8076 14.3389
61.8158 14.3432
61.8239 14.3474
61.8321 14.3517
61.8402 14.3560
61.8484 14.3603
61.8566 14.3646
61.8647 14.3688
61.8729 14.3731
61.8811 14.3774
61.8892 14.3817
61.8974 14.3860
61.9055 14.3903
61.9137 14.3945
61.9218 14.3988
61.9300 14.4031
61.9382 14.4074
61.9463 14.4117
61.9545 14.4160
61.9626 14.4202
61.9708 14.4245
61.9789 14.4288
61.9871 14.4331
61.9952 14.4374
62.0034 14.4417
62.0115 14.4460
62.0197 14.4502
62.0278 14.4545
62.0360 14.4588
62.0441 14.4631
62.0523 14.4674
62.0604 14.4717
62.0686 14.4760
62.0767 14.4802
62.0849 14.4845
62.0930 14.4888
62.1011 14.4931
62.1093 14.4974
62.1174 14.5017
62.1256 14.5060
62.1337 14.5103
62.1418 14.5145
62.1500 14.5188
62.1581 14.5231
62.1663 14.5274
62.1744 14.5317
62.1825 14.5360
62.1907 14.5403
62.1988 14.5446
62.2069 14.5489
62.2151 14.5531
62.2232 14.5574
62.2313 14.5617
62.2395 14.5660
62.2476 14.5703
62.2557 14.5746
62.2639 14.5789
62.2720 14.5832
62.2801 14.5875
62.2883 14.5918
62.2964 14.5961
62.3045 14.6003
62.3126 14.6046
62.3208 14.6089
62.3289 14.6132
62.3370 14.6175
62.3451 14.6218
62.3533 14.6261
62.3614 14.6304
62.3695 14.6347
62.3776 14.6390
62.3858 14.6433
62.3939 14.6476
62.4020 14.6519
62.4101 14.6562
62.4182 14.6604
62.4263 14.6647
62.4345 14.6690
62.4426 14.6733
62.4507 14.6776
62.4588 14.6819
62.4669 14.6862
62.4750 14.6905
62.4832 14.6948
62.4913 14.6991
62.4994 14.7034
62.5075 14.7077
62.5156 14.7120
62.5237 14.7163
62.5318 14.7206
62.5399 14.7249
62.5480 14.7292
62.5562 14.7335
62.5643 14.7378
62.5724 14.7421
62.5805 14.7464
62.5886 14.7507
62.5967 14.7550
62.6048 14.7593
62.6129 14.7636
62.6210 14.7679
62.6291 14.7722
62.6372 14.7765
62.6453 14.7808
62.6534 14.7851
62.6615 14.7894
62.6696 14.7937
62.6777 14.7980
62.6858 14.8023
62.6939 14.8066
62.7020 14.8109
62.7101 14.8152
62.7182 14.8195
62.7263 14.8238
62.7344 14.8281
62.7425 14.8324
62.7506 14.8367
62.7587 14.8410
62.7667 14.8453
62.7748 14.8496
62.7829 14.8539
62.7910 14.8582
62.7991 14.8625
62.8072 14.8668
62.8153 14.8711
62.8234 14.8754
62.8315 14.8797
62.8395 14.8840
62.8476 14.8883
62.8557 14.8926
62.8638 14.8969
62.8719 14.9012
62.8800 14.9055
62.8881 14.9098
62.8961 14.9141
62.9042 14.9184
62.9123 14.9227
62.9204 14.9270
62.9285 14.9313
62.9365 14.9356
62.9446 14.9399
62.9527 14.9443
62.9608 14.9486
62.9688 14.9529
62.9769 14.9572
62.9850 14.9615
62.9931 14.9658
63.0011 14.9701
63.0092 14.9744
63.0173 14.9787
63.0254 14.9830
63.0334 14.9873
63.0415 14.9916
63.0496 14.9959
63.0576 15.0002
63.0657 15.0045
63.0738 15.0089
63.0818 15.0132
63.0899 15.0175
63.0980 15.0218
63.1060 15.0261
63.1141 15.0304
63.1222 15.0347
63.1302 15.0390
63.1383 15.0433
63.1464 15.0476
63.1544 15.0519
63.1625 15.0563
63.1706 15.0606
63.1786 15.0649
63.1867 15.0692
63.1947 15.0735
63.2028 15.0778
63.2109 15.0821
63.2189 15.0864
63.2270 15.0907
63.2350 15.0950
63.2431 15.0994
63.2511 15.1037
63.2592 15.1080
63.2672 15.1123
63.2753 15.1166
63.2833 15.1209
63.2914 15.1252
63.2995 15.1295
63.3075 15.1339
63.3156 15.1382
63.3236 15.1425
63.3317 15.1468
63.3397 15.1511
63.3477 15.1554
63.3558 15.1597
63.3638 15.1640
63.3719 15.1684
63.3799 15.1727
63.3880 15.1770
63.3960 15.1813
63.4041 15.1856
63.4121 15.1899
63.4202 15.1942
63.4282 15.1986
63.4362 15.2029
63.4443 15.2072
63.4523 15.2115
63.4604 15.2158
63.4684 15.2201
63.4764 15.2245
63.4845 15.2288
63.4925 15.2331
63.5005 15.2374
63.5086 15.2417
63.5166 15.2460
63.5247 15.2504
63.5327 15.2547
63.5407 15.2590
63.5488 15.2633
63.5568 15.2676
63.5648 15.2719
63.5728 15.2763
63.5809 15.2806
63.5889 15.2849
63.5969 15.2892
63.6050 15.2935
63.6130 15.2978
63.6210 15.3022
63.6290 15.3065
63.6371 15.3108
63.6451 15.3151
63.6531 15.3194
63.6612 15.3238
63.6692 15.3281
63.6772 15.3324
63.6852 15.3367
63.6932 15.3410
63.7013 15.3454
63.7093 15.3497
63.7173 15.3540
63.7253 15.3583
63.7333 15.3626
63.7414 15.3670
63.7494 15.3713
63.7574 15.3756
63.7654 15.3799
63.7734 15.3842
63.7814 15.3886
63.7895 15.3929
63.7975 15.3972
63.8055 15.4015
63.8135 15.4059
63.8215 15.4102
63.8295 15.4145
63.8375 15.4188
63.8456 15.4231
63.8536 15.4275
63.8616 15.4318
63.8696 15.4361
63.8776 15.4404
63.8856 15.4448
63.8936 15.4491
63.9016 15.4534
63.9096 15.4577
63.9176 15.4621
63.9256 15.4664
63.9336 15.4707
63.9416 15.4750
63.9496 15.4793
63.9576 15.4837
63.9656 15.4880
63.9736 15.4923
63.9816 15.4966
63.9896 15.5010
63.9976 15.5053
64.0056 15.5096
64.0136 15.5139
64.0216 15.5183
64.0296 15.5226
64.0376 15.5269
64.0456 15.5313
64.0536 15.5356
64.0616 15.5399
64.0696 15.5442
64.0776 15.5486
64.0856 15.5529
64.0936 15.5572
64.1016 15.5615
64.1096 15.5659
64.1176 15.5702
64.1256 15.5745
64.1335 15.5788
64.1415 15.5832
64.1495 15.5875
64.1575 15.5918
64.1655 15.5962
64.1735 15.6005
64.1815 15.6048
64.1895 15.6091
64.1974 15.6135
64.2054 15.6178
64.2134 15.6221
64.2214 15.6265
64.2294 15.6308
64.2374 15.6351
64.2453 15.6394
64.2533 15.6438
64.2613 15.6481
64.2693 15.6524
64.2773 15.6568
64.2852 15.6611
64.2932 15.6654
64.3012 15.6698
64.3092 15.6741
64.3171 15.6784
64.3251 15.6827
64.3331 15.6871
64.3411 15.6914
64.3490 15.6957
64.3570 15.7001
64.3650 15.7044
64.3729 15.7087
64.3809 15.7131
64.3889 15.7174
64.3969 15.7217
64.4048 15.7261
64.4128 15.7304
64.4208 15.7347
64.4287 15.7391
64.4367 15.7434
64.4447 15.7477
64.4526 15.7521
64.4606 15.7564
64.4686 15.7607
64.4765 15.7651
64.4845 15.7694
64.4925 15.7737
64.5004 15.7781
64.5084 15.7824
64.5163 15.7867
64.5243 15.7911
64.5323 15.7954
64.5402 15.7997
64.5482 15.8041
64.5561 15.8084
64.5641 15.8127
64.5720 15.8171
64.5800 15.8214
64.5880 15.8257
64.5959 15.8301
64.6039 15.8344
64.6118 15.8387
64.6198 15.8431
64.6277 15.8474
64.6357 15.8517
64.6436 15.8561
64.6516 15.8604
64.6595 15.8647
64.6675 15.8691
64.6754 15.8734
64.6834 15.8778
64.6913 15.8821
64.6993 15.8864
64.7072 15.8908
64.7152 15.8951
64.7231 15.8994
64.7311 15.9038
64.7390 15.9081
64.7470 15.9124
64.7549 15.9168
64.7628 15.9211
64.7708 15.9255
64.7787 15.9298
64.7867 15.9341
64.7946 15.9385
64.8025 15.9428
64.8105 15.9472
64.8184 15.9515
64.8264 15.9558
64.8343 15.9602
64.8422 15.9645
64.8502 15.9688
64.8581 15.9732
64.8660 15.9775
64.8740 15.9819
64.8819 15.9862
64.8898 15.9905
64.8978 15.9949
64.9057 15.9992
64.9136 16.0036
64.9216 16.0079
64.9295 16.0122
64.9374 16.0166
64.9454 16.0209
64.9533 16.0253
64.9612 16.0296
64.9691 16.0339
64.9771 16.0383
64.9850 16.0426
64.9929 16.0470
65.0009 16.0513
65.0088 16.0556
65.0167 16.0600
65.0246 16.0643
65.0325 16.0687
65.0405 16.0730
65.0484 16.0773
65.0563 16.0817
65.0642 16.0860
65.0722 16.0904
65.0801 16.0947
65.0880 16.0991
65.0959 16.1034
65.1038 16.1077
65.1118 16.1121
65.1197 16.1164
65.1276 16.1208
65.1355 16.1251
65.1434 16.1295
65.1513 16.1338
65.1592 16.1381
65.1672 16.1425
65.1751 16.1468
65.1830 16.1512
65.1909 16.1555
65.1988 16.1599
65.2067 16.1642
65.2146 16.1685
65.2225 16.1729
65.2304 16.1772
65.2384 16.1816
65.2463 16.1859
65.2542 16.1903
65.2621 16.1946
65.2700 16.1990
65.2779 16.2033
65.2858 16.2076
65.2937 16.2120
65.3016 16.2163
65.3095 16.2207
65.3174 16.2250
65.3253 16.2294
65.3332 16.2337
65.3411 16.2381
65.3490 16.2424
65.3569 16.2468
65.3648 16.2511
65.3727 16.2554
65.3806 16.2598
65.3885 16.2641
65.3964 16.2685
65.4043 16.2728
65.4122 16.2772
65.4201 16.2815
65.4280 16.2859
65.4359 16.2902
65.4438 16.2946
65.4517 16.2989
65.4596 16.3033
65.4675 16.3076
65.4753 16.3120
65.4832 16.3163
65.4911 16.3207
65.4990 16.3250
65.5069 16.3293
65.5148 16.3337
65.5227 16.3380
65.5306 16.3424
65.5385 16.3467
65.5463 16.3511
65.5542 16.3554
65.5621 16.3598
65.5700 16.3641
65.5779 16.3685
65.5858 16.3728
65.5936 16.3772
65.6015 16.3815
65.6094 16.3859
65.6173 16.3902
65.6252 16.3946
65.6331 16.3989
65.6409 16.4033
65.6488 16.4076
65.6567 16.4120
65.6646 16.4163
65.6724 16.4207
65.6803 16.4250
65.6882 16.4294
65.6961 16.4337
65.7039 16.4381
65.7118 16.4424
65.7197 16.4468
65.7276 16.4511
65.7354 16.4555
65.7433 16.4598
65.7512 16.4642
65.7591 16.4685
65.7669 16.4729
65.7748 16.4772
65.7827 16.4816
65.7905 16.4859
65.7984 16.4903
65.8063 16.4946
65.8141 16.4990
65.8220 16.5033
65.8299 16.5077
65.8377 16.5120
65.8456 16.5164
65.8535 16.5207
65.8613 16.5251
65.8692 16.5295
65.8771 16.5338
65.8849 16.5382
65.8928 16.5425
65.9006 16.5469
65.9085 16.5512
65.9164 16.5556
65.9242 16.5599
65.9321 16.5643
65.9399 16.5686
65.9478 16.5730
65.9557 16.5773
65.9635 16.5817
65.9714 16.5860
65.9792 16.5904
65.9871 16.5947
65.9949 16.5991
66.0028 16.6035
66.0106 16.6078
66.0185 16.6122
66.0263 16.6165
66.0342 16.6209
66.0420 16.6252
66.0499 16.6296
66.0577 16.6339
66.0656 16.6383
66.0734 16.6426
66.0813 16.6470
66.0891 16.6514
66.0970 16.6557
66.1048 16.6601
66.1127 16.6644
66.1205 16.6688
66.1284 16.6731
66.1362 16.6775
66.1441 16.6818
66.1519 16.6862
66.1597 16.6906
66.1676 16.6949
66.1754 16.6993
66.1833 16.7036
66.1911 16.7080
66.1989 16.7123
66.2068 16.7167
66.2146 16.7210
66.2225 16.7254
66.2303 16.7298
66.2381 16.7341
66.2460 16.7385
66.2538 16.7428
66.2616 16.7472
66.2695 16.7515
66.2773 16.7559
66.2851 16.7603
66.2930 16.7646
66.3008 16.7690
66.3086 16.7733
66.3165 16.7777
66.3243 16.7820
66.3321 16.7864
66.3400 16.7908
66.3478 16.7951
66.3556 16.7995
66.3634 16.8038
66.3713 16.8082
66.3791 16.8125
66.3869 16.8169
66.3948 16.8213
66.4026 16.8256
66.4104 16.8300
66.4182 16.8343
66.4261 16.8387
66.4339 16.8430
66.4417 16.8474
66.4495 16.8518
66.4573 16.8561
66.4652 16.8605
66.4730 16.8648
66.4808 16.8692
66.4886 16.8736
66.4964 16.8779
66.5043 16.8823
66.5121 16.8866
66.5199 16.8910
66.5277 16.8954
66.5355 16.8997
66.5433 16.9041
66.5512 16.9084
66.5590 16.9128
66.5668 16.9171
66.5746 16.9215
66.5824 16.9259
66.5902 16.9302
66.5980 16.9346
66.6058 16.9389
66.6137 16.9433
66.6215 16.9477
66.6293 16.9520
66.6371 16.9564
66.6449 16.9607
66.6527 16.9651
66.6605 16.9695
66.6683 16.9738
66.6761 16.9782
66.6839 16.9826
66.6917 16.9869
66.6995 16.9913
66.7073 16.9956
66.7151 17.0000
66.7229 17.0044
66.7307 17.0087
66.7385 17.0131
66.7463 17.0174
66.7541 17.0218
66.7619 17.0262
66.7697 17.0305
66.7775 17.0349
66.7853 17.0392
66.7931 17.0436
66.8009 17.0480
66.8087 17.0523
66.8165 17.0567
66.8243 17.0611
66.8321 17.0654
66.8399 17.0698
66.8477 17.0741
66.8555 17.0785
66.8633 17.0829
66.8711 17.0872
66.8789 17.0916
66.8867 17.0960
66.8945 17.1003
66.9023 17.1047
66.9100 17.1090
66.9178 17.1134
66.9256 17.1178
66.9334 17.1221
66.9412 17.1265
66.9490 17.1309
66.9568 17.1352
66.9646 17.1396
66.9723 17.1439
66.9801 17.1483
66.9879 17.1527
66.9957 17.1570
67.0035 17.1614
67.0113 17.1658
67.0190 17.1701
67.0268 17.1745
67.0346 17.1789
67.0424 17.1832
67.0502 17.1876
67.0579 17.1920
67.0657 17.1963
67.0735 17.2007
67.0813 17.2050
67.0891 17.2094
67.0968 17.2138
67.1046 17.2181
67.1124 17.2225
67.1202 17.2269
67.1279 17.2312
67.1357 17.2356
67.1435 17.2400
67.1513 17.2443
67.1590 17.2487
67.1668 17.2531
67.1746 17.2574
67.1823 17.2618
67.1901 17.2662
67.1979 17.2705
67.2057 17.2749
67.2134 17.2792
67.2212 17.2836
67.2290 17.2880
67.2367 17.2923
67.2445 17.2967
67.2523 17.3011
67.2600 17.3054
67.2678 17.3098
67.2756 17.3142
67.2833 17.3185
67.2911 17.3229
67.2988 17.3273
67.3066 17.3316
67.3144 17.3360
67.3221 17.3404
67.3299 17.3447
67.3377 17.3491
67.3454 17.3535
67.3532 17.3578
67.3609 17.3622
67.3687 17.3666
67.3764 17.3709
67.3842 17.3753
67.3920 17.3797
67.3997 17.3840
67.4075 17.3884
67.4152 17.3928
67.4230 17.3971
67.4307 17.4015
67.4385 17.4059
67.4462 17.4102
67.4540 17.4146
67.4617 17.4190
67.4695 17.4233
67.4773 17.4277
67.4850 17.4321
67.4928 17.4364
67.5005 17.4408
67.5082 17.4452
67.5160 17.4495
67.5237 17.4539
67.5315 17.4583
67.5392 17.4626
67.5470 17.4670
67.5547 17.4714
67.5625 17.4758
67.5702 17.4801
67.5780 17.4845
67.5857 17.4889
67.5934 17.4932
67.6012 17.4976
67.6089 17.5020
67.6167 17.5063
67.6244 17.5107
67.6322 17.5151
67.6399 17.5194
67.6476 17.5238
67.6554 17.5282
67.6631 17.5325
67.6708 17.5369
67.6786 17.5413
67.6863 17.5456
67.6941 17.5500
67.7018 17.5544
67.7095 17.5588
67.7173 17.5631
67.7250 17.5675
67.7327 17.5719
67.7405 17.5762
67.7482 17.5806
67.7559 17.5850
67.7637 17.5893
67.7714 17.5937
67.7791 17.5981
67.7868 17.6024
67.7946 17.6068
67.8023 17.6112
67.8100 17.6156
67.8178 17.6199
67.8255 17.6243
67.8332 17.6287
67.8409 17.6330
67.8487 17.6374
67.8564 17.6418
67.8641 17.6461
67.8718 17.6505
67.8796 17.6549
67.8873 17.6593
67.8950 17.6636
67.9027 17.6680
67.9104 17.6724
67.9182 17.6767
67.9259 17.6811
67.9336 17.6855
67.9413 17.6898
67.9490 17.6942
67.9568 17.6986
67.9645 17.7030
67.9722 17.7073
67.9799 17.7117
67.9876 17.7161
67.9953 17.7204
68.0031 17.7248
68.0108 17.7292
68.0185 17.7336
68.0262 17.7379
68.0339 17.7423
68.0416 17.7467
68.0493 17.7510
68.0570 17.7554
68.0648 17.7598
68.0725 17.7641
68.0802 17.7685
68.0879 17.7729
68.0956 17.7773
68.1033 17.7816
68.1110 17.7860
68.1187 17.7904
68.1264 17.7947
68.1341 17.7991
68.1418 17.8035
68.1495 17.8079
68.1572 17.8122
68.1649 17.8166
68.1726 17.8210
68.1803 17.8253
68.1881 17.8297
68.1958 17.8341
68.2035 17.8385
68.2112 17.8428
68.2189 17.8472
68.2266 17.8516
68.2343 17.8559
68.2420 17.8603
68.2496 17.8647
68.2573 17.8691
68.2650 17.8734
68.2727 17.8778
68.2804 17.8822
68.2881 17.8865
68.2958 17.8909
68.3035 17.8953
68.3112 17.8997
68.3189 17.9040
68.3266 17.9084
68.3343 17.9128
68.3420 17.9172
68.3497 17.9215
68.3574 17.9259
68.3651 17.9303
68.3727 17.9346
68.3804 17.9390
68.3881 17.9434
68.3958 17.9478
68.4035 17.9521
68.4112 17.9565
68.4189 17.9609
68.4266 17.9652
68.4342 17.9696
68.4419 17.9740
68.4496 17.9784
68.4573 17.9827
68.4650 17.9871
68.4727 17.9915
68.4803 17.9959
68.4880 18.0002
68.4957 18.0046
68.5034 18.0090
68.5111 18.0134
68.5188 18.0177
68.5264 18.0221
68.5341 18.0265
68.5418 18.0308
68.5495 18.0352
68.5571 18.0396
68.5648 18.0440
68.5725 18.0483
68.5802 18.0527
68.5878 18.0571
68.5955 18.0615
68.6032 18.0658
68.6109 18.0702
68.6185 18.0746
68.6262 18.0790
68.6339 18.0833
68.6416 18.0877
68.6492 18.0921
68.6569 18.0964
68.6646 18.1008
68.6722 18.1052
68.6799 18.1096
68.6876 18.1139
68.6953 18.1183
68.7029 18.1227
68.7106 18.1271
68.7183 18.1314
68.7259 18.1358
68.7336 18.1402
68.7413 18.1446
68.7489 18.1489
68.7566 18.1533
68.7642 18.1577
68.7719 18.1621
68.7796 18.1664
68.7872 18.1708
68.7949 18.1752
68.8026 18.1796
68.8102 18.1839
68.8179 18.1883
68.8255 18.1927
68.8332 18.1970
68.8409 18.2014
68.8485 18.2058
68.8562 18.2102
68.8638 18.2145
68.8715 18.2189
68.8791 18.2233
68.8868 18.2277
68.8945 18.2320
68.9021 18.2364
68.9098 18.2408
68.9174 18.2452
68.9251 18.2495
68.9327 18.2539
68.9404 18.2583
68.9480 18.2627
68.9557 18.2670
68.9633 18.2714
68.9710 18.2758
68.9786 18.2802
68.9863 18.2845
68.9939 18.2889
69.0016 18.2933
69.0092 18.2977
69.0169 18.3020
69.0245 18.3064
69.0322 18.3108
69.0398 18.3152
69.0474 18.3195
69.0551 18.3239
69.0627 18.3283
69.0704 18.3327
69.0780 18.3370
69.0857 18.3414
69.0933 18.3458
69.1010 18.3502
69.1086 18.3545
69.1162 18.3589
69.1239 18.3633
69.1315 18.3677
69.1392 18.3720
69.1468 18.3764
69.1544 18.3808
69.1621 18.3852
69.1697 18.3895
69.1773 18.3939
69.1850 18.3983
69.1926 18.4027
69.2002 18.4070
69.2079 18.4114
69.2155 18.4158
69.2231 18.4202
69.2308 18.4245
69.2384 18.4289
69.2460 18.4333
69.2537 18.4377
69.2613 18.4420
69.2689 18.4464
69.2766 18.4508
69.2842 18.4552
69.2918 18.4595
69.2995 18.4639
69.3071 18.4683
69.3147 18.4727
69.3223 18.4770
69.3300 18.4814
69.3376 18.4858
69.3452 18.4902
69.3528 18.4945
69.3605 18.4989
69.3681 18.5033
69.3757 18.5077
69.3833 18.5121
69.3910 18.5164
69.3986 18.5208
69.4062 18.5252
69.4138 18.5296
69.4214 18.5339
69.4291 18.5383
69.4367 18.5427
69.4443 18.5471
69.4519 18.5514
69.4595 18.5558
69.4672 18.5602
69.4748 18.5646
69.4824 18.5689
69.4900 18.5733
69.4976 18.5777
69.5052 18.5821
69.5128 18.5864
69.5205 18.5908
69.5281 18.5952
69.5357 18.5996
69.5433 18.6039
69.5509 18.6083
69.5585 18.6127
69.5661 18.6171
69.5737 18.6214
69.5814 18.6258
69.5890 18.6302
69.5966 18.6346
69.6042 18.6389
69.6118 18.6433
69.6194 18.6477
69.6270 18.6521
69.6346 18.6565
69.6422 18.6608
69.6498 18.6652
69.6574 18.6696
69.6650 18.6740
69.6726 18.6783
69.6802 18.6827
69.6878 18.6871
69.6954 18.6915
69.7030 18.6958
69.7107 18.7002
69.7183 18.7046
69.7259 18.7090
69.7335 18.7133
69.7411 18.7177
69.7487 18.7221
69.7562 18.7265
69.7638 18.7308
69.7714 18.7352
69.7790 18.7396
69.7866 18.7440
69.7942 18.7483
69.8018 18.7527
69.8094 18.7571
69.8170 18.7615
69.8246 18.7658
69.8322 18.7702
69.8398 18.7746
69.8474 18.7790
69.8550 18.7834
69.8626 18.7877
69.8702 18.7921
69.8778 18.7965
69.8853 18.8009
69.8929 18.8052
69.9005 18.8096
69.9081 18.8140
69.9157 18.8184
69.9233 18.8227
69.9309 18.8271
69.9385 18.8315
69.9461 18.8359
69.9536 18.8402
69.9612 18.8446
69.9688 18.8490
69.9764 18.8534
69.9840 18.8577
69.9916 18.8621
69.9991 18.8665
70.0067 18.8709
70.0143 18.8752
70.0219 18.8796
70.0295 18.8840
70.0370 18.8884
70.0446 18.8927
70.0522 18.8971
70.0598 18.9015
70.0674 18.9059
70.0749 18.9103
70.0825 18.9146
70.0901 18.9190
70.0977 18.9234
70.1052 18.9278
70.1128 18.9321
70.1204 18.9365
70.1280 18.9409
70.1355 18.9453
70.1431 18.9496
70.1507 18.9540
70.1583 18.9584
70.1658 18.9628
70.1734 18.9671
70.1810 18.9715
70.1886 18.9759
70.1961 18.9803
70.2037 18.9846
70.2113 18.9890
70.2188 18.9934
70.2264 18.9978
70.2340 19.0021
70.2415 19.0065
70.2491 19.0109
70.2567 19.0153
70.2642 19.0196
70.2718 19.0240
70.2794 19.0284
70.2869 19.0328
70.2945 19.0371
70.3021 19.0415
70.3096 19.0459
70.3172 19.0503
70.3247 19.0547
70.3323 19.0590
70.3399 19.0634
70.3474 19.0678
70.3550 19.0722
70.3625 19.0765
70.3701 19.0809
70.3777 19.0853
70.3852 19.0897
70.3928 19.0940
70.4003 19.0984
70.4079 19.1028
70.4155 19.1072
70.4230 19.1115
70.4306 19.1159
70.4381 19.1203
70.4457 19.1247
70.4532 19.1290
70.4608 19.1334
70.4683 19.1378
70.4759 19.1422
70.4834 19.1465
70.4910 19.1509
70.4985 19.1553
70.5061 19.1597
70.5136 19.1640
70.5212 19.1684
70.5287 19.1728
70.5363 19.1772
70.5438 19.1815
70.5514 19.1859
70.5589 19.1903
70.5665 19.1947
70.5740 19.1990
70.5816 19.2034
70.5891 19.2078
70.5967 19.2122
70.6042 19.2166
70.6118 19.2209
70.6193 19.2253
70.6268 19.2297
70.6344 19.2341
70.6419 19.2384
70.6495 19.2428
70.6570 19.2472
70.6645 19.2516
70.6721 19.2559
70.6796 19.2603
70.6872 19.2647
70.6947 19.2691
70.7022 19.2734
70.7098 19.2778
70.7173 19.2822
70.7249 19.2866
70.7324 19.2909
70.7399 19.2953
70.7475 19.2997
70.7550 19.3041
70.7625 19.3084
70.7701 19.3128
70.7776 19.3172
70.7851 19.3216
70.7927 19.3259
70.8002 19.3303
70.8077 19.3347
70.8153 19.3391
70.8228 19.3434
70.8303 19.3478
70.8379 19.3522
70.8454 19.3566
70.8529 19.3609
70.8604 19.3653
70.8680 19.3697
70.8755 19.3741
70.8830 19.3784
70.8905 19.3828
70.8981 19.3872
70.9056 19.3916
70.9131 19.3959
70.9206 19.4003
70.9282 19.4047
70.9357 19.4091
70.9432 19.4134
70.9507 19.4178
70.9583 19.4222
70.9658 19.4266
70.9733 19.4309
70.9808 19.4353
70.9883 19.4397
70.9959 19.4440
71.0034 19.4484
71.0109 19.4528
71.0184 19.4572
71.0259 19.4615
71.0335 19.4659
71.0410 19.4703
71.0485 19.4747
71.0560 19.4790
71.0635 19.4834
71.0710 19.4878
71.0786 19.4922
71.0861 19.4965
71.0936 19.5009
71.1011 19.5053
71.1086 19.5097
71.1161 19.5140
71.1236 19.5184
71.1311 19.5228
71.1387 19.5272
71.1462 19.5315
71.1537 19.5359
71.1612 19.5403
71.1687 19.5447
71.1762 19.5490
71.1837 19.5534
71.1912 19.5578
71.1987 19.5622
71.2062 19.5665
71.2137 19.5709
71.2212 19.5753
71.2287 19.5796
71.2362 19.5840
71.2438 19.5884
71.2513 19.5928
71.2588 19.5971
71.2663 19.6015
71.2738 19.6059
71.2813 19.6103
71.2888 19.6146
71.2963 19.6190
71.3038 19.6234
71.3113 19.6278
71.3188 19.6321
71.3263 19.6365
71.3338 19.6409
71.3413 19.6452
71.3488 19.6496
71.3563 19.6540
71.3638 19.6584
71.3713 19.6627
71.3787 19.6671
71.3862 19.6715
71.3937 19.6759
71.4012 19.6802
71.4087 19.6846
71.4162 19.6890
71.4237 19.6933
71.4312 19.6977
71.4387 19.7021
71.4462 19.7065
71.4537 19.7108
71.4612 19.7152
71.4687 19.7196
71.4762 19.7240
71.4836 19.7283
71.4911 19.7327
71.4986 19.7371
71.5061 19.7414
71.5136 19.7458
71.5211 19.7502
71.5286 19.7546
71.5361 19.7589
71.5435 19.7633
71.5510 19.7677
71.5585 19.7721
71.5660 19.7764
71.5735 19.7808
71.5810 19.7852
71.5884 19.7895
71.5959 19.7939
71.6034 19.7983
71.6109 19.8027
71.6184 19.8070
71.6258 19.8114
71.6333 19.8158
71.6408 19.8201
71.6483 19.8245
71.6558 19.8289
71.6632 19.8333
71.6707 19.8376
71.6782 19.8420
71.6857 19.8464
71.6931 19.8507
71.7006 19.8551
71.7081 19.8595
71.7156 19.8639
71.7231 19.8682
71.7305 19.8726
71.7380 19.8770
71.7455 19.8813
71.7529 19.8857
71.7604 19.8901
71.7679 19.8945
71.7754 19.8988
71.7828 19.9032
71.7903 19.9076
71.7978 19.9119
71.8052 19.9163
71.8127 19.9207
71.8202 19.9251
71.8276 19.9294
71.8351 19.9338
71.8426 19.9382
71.8500 19.9425
71.8575 19.9469
71.8650 19.9513
71.8724 19.9557
71.8799 19.9600
71.8874 19.9644
71.8948 19.9688
71.9023 19.9731
71.9098 19.9775
71.9172 19.9819
71.9247 19.9862
71.9322 19.9906
71.9396 19.9950
71.9471 19.9994
71.9545 20.0037
71.9620 20.0081
71.9695 20.0125
71.9769 20.0168
71.9844 20.0212
71.9918 20.0256
71.9993 20.0299
72.0067 20.0343
72.0142 20.0387
72.0217 20.0431
72.0291 20.0474
72.0366 20.0518
72.0440 20.0562
72.0515 20.0605
72.0589 20.0649
72.0664 20.0693
72.0738 20.0736
72.0813 20.0780
72.0887 20.0824
72.0962 20.0868
72.1036 20.0911
72.1111 20.0955
72.1185 20.0999
72.1260 20.1042
72.1334 20.1086
72.1409 20.1130
72.1483 20.1173
72.1558 20.1217
72.1632 20.1261
72.1707 20.1304
72.1781 20.1348
72.1856 20.1392
72.1930 20.1436
72.2005 20.1479
72.2079 20.1523
72.2154 20.1567
72.2228 20.1610
72.2303 20.1654
72.2377 20.1698
72.2451 20.1741
72.2526 20.1785
72.2600 20.1829
72.2675 20.1872
72.2749 20.1916
72.2823 20.1960
72.2898 20.2003
72.2972 20.2047
72.3047 20.2091
72.3121 20.2134
72.3195 20.2178
72.3270 20.2222
72.3344 20.2266
72.3419 20.2309
72.3493 20.2353
72.3567 20.2397
72.3642 20.2440
72.3716 20.2484
72.3790 20.2528
72.3865 20.2571
72.3939 20.2615
72.4013 20.2659
72.4088 20.2702
72.4162 20.2746
72.4236 20.2790
72.4311 20.2833
72.4385 20.2877
72.4459 20.2921
72.4534 20.2964
72.4608 20.3008
72.4682 20.3052
72.4756 20.3095
72.4831 20.3139
72.4905 20.3183
72.4979 20.3226
72.5054 20.3270
72.5128 20.3314
72.5202 20.3357
72.5276 20.3401
72.5351 20.3445
72.5425 20.3488
72.5499 20.3532
72.5573 20.3576
72.5648 20.3619
72.5722 20.3663
72.5796 20.3707
72.5870 20.3750
72.5945 20.3794
72.6019 20.3838
72.6093 20.3881
72.6167 20.3925
72.6241 20.3969
72.6316 20.4012
72.6390 20.4056
72.6464 20.4100
72.6538 20.4143
72.6612 20.4187
72.6686 20.4231
72.6761 20.4274
72.6835 20.4318
72.6909 20.4362
72.6983 20.4405
72.7057 20.4449
72.7131 20.4493
72.7206 20.4536
72.7280 20.4580
72.7354 20.4623
72.7428 20.4667
72.7502 20.4711
72.7576 20.4754
72.7650 20.4798
72.7724 20.4842
72.7799 20.4885
72.7873 20.4929
72.7947 20.4973
72.8021 20.5016
72.8095 20.5060
72.8169 20.5104
72.8243 20.5147
72.8317 20.5191
72.8391 20.5235
72.8465 20.5278
72.8539 20.5322
72.8613 20.5365
72.8687 20.5409
72.8762 20.5453
72.8836 20.5496
72.8910 20.5540
72.8984 20.5584
72.9058 20.5627
72.9132 20.5671
72.9206 20.5715
72.9280 20.5758
72.9354 20.5802
72.9428 20.5845
72.9502 20.5889
72.9576 20.5933
72.9650 20.5976
72.9724 20.6020
72.9798 20.6064
72.9872 20.6107
72.9946 20.6151
73.0020 20.6194
73.0094 20.6238
73.0168 20.6282
73.0242 20.6325
73.0316 20.6369
73.0390 20.6413
73.0463 20.6456
73.0537 20.6500
73.0611 20.6544
73.0685 20.6587
73.0759 20.6631
73.0833 20.6674
73.0907 20.6718
73.0981 20.6762
73.1055 20.6805
73.1129 20.6849
73.1203 20.6892
73.1277 20.6936
73.1350 20.6980
73.1424 20.7023
73.1498 20.7067
73.1572 20.7111
73.1646 20.7154
73.1720 20.7198
73.1794 20.7241
73.1868 20.7285
73.1941 20.7329
73.2015 20.7372
73.2089 20.7416
73.2163 20.7459
73.2237 20.7503
73.2311 20.7547
73.2385 20.7590
73.2458 20.7634
73.2532 20.7677
73.2606 20.7721
73.2680 20.7765
73.2754 20.7808
73.2827 20.7852
73.2901 20.7895
73.2975 20.7939
73.3049 20.7983
73.3123 20.8026
73.3196 20.8070
73.3270 20.8113
73.3344 20.8157
73.3418 20.8201
73.3492 20.8244
73.3565 20.8288
73.3639 20.8331
73.3713 20.8375
73.3787 20.8419
73.3860 20.8462
73.3934 20.8506
73.4008 20.8549
73.4082 20.8593
73.4155 20.8637
73.4229 20.8680
73.4303 20.8724
73.4376 20.8767
73.4450 20.8811
73.4524 20.8855
73.4598 20.8898
73.4671 20.8942
73.4745 20.8985
73.4819 20.9029
73.4892 20.9072
73.4966 20.9116
73.5040 20.9160
73.5113 20.9203
73.5187 20.9247
73.5261 20.9290
73.5334 20.9334
73.5408 20.9378
73.5482 20.9421
73.5555 20.9465
73.5629 20.9508
73.5703 20.9552
73.5776 20.9595
73.5850 20.9639
73.5923 20.9683
73.5997 20.9726
73.6071 20.9770
73.6144 20.9813
73.6218 20.9857
73.6292 20.9900
73.6365 20.9944
73.6439 20.9988
73.6512 21.0031
73.6586 21.0075
73.6660 21.0118
73.6733 21.0162
73.6807 21.0205
73.6880 21.0249
73.6954 21.0292
73.7027 21.0336
73.7101 21.0380
73.7175 21.0423
73.7248 21.0467
73.7322 21.0510
73.7395 21.0554
73.7469 21.0597
73.7542 21.0641
73.7616 21.0685
73.7689 21.0728
73.7763 21.0772
73.7836 21.0815
73.7910 21.0859
73.7983 21.0902
73.8057 21.0946
73.8130 21.0989
73.8204 21.1033
73.8277 21.1076
73.8351 21.1120
73.8424 21.1164
73.8498 21.1207
73.8571 21.1251
73.8645 21.1294
73.8718 21.1338
73.8792 21.1381
73.8865 21.1425
73.8939 21.1468
73.9012 21.1512
73.9086 21.1555
73.9159 21.1599
73.9232 21.1643
73.9306 21.1686
73.9379 21.1730
73.9453 21.1773
73.9526 21.1817
73.9600 21.1860
73.9673 21.1904
73.9746 21.1947
73.9820 21.1991
73.9893 21.2034
73.9967 21.2078
74.0040 21.2121
74.0113 21.2165
74.0187 21.2208
74.0260 21.2252
74.0333 21.2296
74.0407 21.2339
74.0480 21.2383
74.0554 21.2426
74.0627 21.2470
74.0700 21.2513
74.0774 21.2557
74.0847 21.2600
74.0920 21.2644
74.0994 21.2687
74.1067 21.2731
74.1140 21.2774
74.1214 21.2818
74.1287 21.2861
74.1360 21.2905
74.1434 21.2948
74.1507 21.2992
74.1580 21.3035
74.1653 21.3079
74.1727 21.3122
74.1800 21.3166
74.1873 21.3209
74.1947 21.3253
74.2020 21.3296
74.2093 21.3340
74.2166 21.3383
74.2240 21.3427
74.2313 21.3470
74.2386 21.3514
74.2459 21.3557
74.2533 21.3601
74.2606 21.3644
74.2679 21.3688
74.2752 21.3731
74.2826 21.3775
74.2899 21.3818
74.2972 21.3862
74.3045 21.3905
74.3119 21.3949
74.3192 21.3992
74.3265 21.4036
74.3338 21.4079
74.3411 21.4123
74.3485 21.4166
74.3558 21.4210
74.3631 21.4253
74.3704 21.4297
74.3777 21.4340
74.3851 21.4384
74.3924 21.4427
74.3997 21.4471
74.4070 21.4514
74.4143 21.4558
74.4216 21.4601
74.4289 21.4645
74.4363 21.4688
74.4436 21.4732
74.4509 21.4775
74.4582 21.4819
74.4655 21.4862
74.4728 21.4906
74.4801 21.4949
74.4874 21.4993
74.4948 21.5036
74.5021 21.5079
74.5094 21.5123
74.5167 21.5166
74.5240 21.5210
74.5313 21.5253
74.5386 21.5297
74.5459 21.5340
74.5532 21.5384
74.5605 21.5427
74.5678 21.5471
74.5752 21.5514
74.5825 21.5558
74.5898 21.5601
74.5971 21.5645
74.6044 21.5688
74.6117 21.5731
74.6190 21.5775
74.6263 21.5818
74.6336 21.5862
74.6409 21.5905
74.6482 21.5949
74.6555 21.5992
74.6628 21.6036
74.6701 21.6079
74.6774 21.6122
74.6847 21.6166
74.6920 21.6209
74.6993 21.6253
74.7066 21.6296
74.7139 21.6340
74.7212 21.6383
74.7285 21.6427
74.7358 21.6470
74.7431 21.6513
74.7504 21.6557
74.7577 21.6600
74.7650 21.6644
74.7723 21.6687
74.7796 21.6731
74.7869 21.6774
74.7942 21.6818
74.8014 21.6861
74.8087 21.6904
74.8160 21.6948
74.8233 21.6991
74.8306 21.7035
74.8379 21.7078
74.8452 21.7122
74.8525 21.7165
74.8598 21.7208
74.8671 21.7252
74.8744 21.7295
74.8817 21.7339
74.8889 21.7382
74.8962 21.7425
74.9035 21.7469
74.9108 21.7512
74.9181 21.7556
74.9254 21.7599
74.9327 21.7643
74.9399 21.7686
74.9472 21.7729
74.9545 21.7773
74.9618 21.7816
74.9691 21.7860
74.9764 21.7903
74.9837 21.7946
74.9909 21.7990
74.9982 21.8033
75.0055 21.8077
75.0128 21.8120
75.0201 21.8163
75.0273 21.8207
75.0346 21.8250
75.0419 21.8294
75.0492 21.8337
75.0565 21.8380
75.0637 21.8424
75.0710 21.8467
75.0783 21.8511
75.0856 21.8554
75.0929 21.8597
75.1001 21.8641
75.1074 21.8684
75.1147 21.8728
75.1220 21.8771
75.1292 21.8814
75.1365 21.8858
75.1438 21.8901
75.1511 21.8944
75.1583 21.8988
75.1656 21.9031
75.1729 21.9075
75.1801 21.9118
75.1874 21.9161
75.1947 21.9205
75.2020 21.9248
75.2092 21.9291
75.2165 21.9335
75.2238 21.9378
75.2310 21.9422
75.2383 21.9465
75.2456 21.9508
75.2529 21.9552
75.2601 21.9595
75.2674 21.9638
75.2747 21.9682
75.2819 21.9725
75.2892 21.9769
75.2965 21.9812
75.3037 21.9855
75.3110 21.9899
75.3183 21.9942
75.3255 21.9985
75.3328 22.0029
75.3400 22.0072
75.3473 22.0115
75.3546 22.0159
75.3618 22.0202
75.3691 22.0245
75.3764 22.0289
75.3836 22.0332
75.3909 22.0375
75.3981 22.0419
75.4054 22.0462
75.4127 22.0506
75.4199 22.0549
75.4272 22.0592
75.4344 22.0636
75.4417 22.0679
75.4490 22.0722
75.4562 22.0766
75.4635 22.0809
75.4707 22.0852
75.4780 22.0896
75.4852 22.0939
75.4925 22.0982
75.4997 22.1026
75.5070 22.1069
75.5143 22.1112
75.5215 22.1156
75.5288 22.1199
75.5360 22.1242
75.5433 22.1286
75.5505 22.1329
75.5578 22.1372
75.5650 22.1416
75.5723 22.1459
75.5795 22.1502
75.5868 22.1546
75.5940 22.1589
75.6013 22.1632
75.6085 22.1675
75.6158 22.1719
75.6230 22.1762
75.6303 22.1805
75.6375 22.1849
75.6448 22.1892
75.6520 22.1935
75.6593 22.1979
75.6665 22.2022
75.6737 22.2065
75.6810 22.2109
75.6882 22.2152
75.6955 22.2195
75.7027 22.2238
75.7100 22.2282
75.7172 22.2325
75.7245 22.2368
75.7317 22.2412
75.7389 22.2455
75.7462 22.2498
75.7534 22.2542
75.7607 22.2585
75.7679 22.2628
75.7751 22.2671
75.7824 22.2715
75.7896 22.2758
75.7969 22.2801
75.8041 22.2845
75.8113 22.2888
75.8186 22.2931
75.8258 22.2974
75.8330 22.3018
75.8403 22.3061
75.8475 22.3104
75.8548 22.3148
75.8620 22.3191
75.8692 22.3234
75.8765 22.3277
75.8837 22.3321
75.8909 22.3364
75.8982 22.3407
75.9054 22.3450
75.9126 22.3494
75.9199 22.3537
75.9271 22.3580
75.9343 22.3624
75.9416 22.3667
75.9488 22.3710
75.9560 22.3753
75.9632 22.3797
75.9705 22.3840
75.9777 22.3883
75.9849 22.3926
75.9922 22.3970
75.9994 22.4013
76.0066 22.4056
76.0138 22.4099
76.0211 22.4143
76.0283 22.4186
76.0355 22.4229
76.0427 22.4272
76.0500 22.4316
76.0572 22.4359
76.0644 22.4402
76.0716 22.4445
76.0789 22.4489
76.0861 22.4532
76.0933 22.4575
76.1005 22.4618
76.1078 22.4661
76.1150 22.4705
76.1222 22.4748
76.1294 22.4791
76.1366 22.4834
76.1439 22.4878
76.1511 22.4921
76.1583 22.4964
76.1655 22.5007
76.1727 22.5051
76.1800 22.5094
76.1872 22.5137
76.1944 22.5180
76.2016 22.5223
76.2088 22.5267
76.2160 22.5310
76.2232 22.5353
76.2305 22.5396
76.2377 22.5440
76.2449 22.5483
76.2521 22.5526
76.2593 22.5569
76.2665 22.5612
76.2737 22.5656
76.2810 22.5699
76.2882 22.5742
76.2954 22.5785
76.3026 22.5828
76.3098 22.5872
76.3170 22.5915
76.3242 22.5958
76.3314 22.6001
76.3386 22.6044
76.3459 22.6088
76.3531 22.6131
76.3603 22.6174
76.3675 22.6217
76.3747 22.6260
76.3819 22.6304
76.3891 22.6347
76.3963 22.6390
76.4035 22.6433
76.4107 22.6476
76.4179 22.6519
76.4251 22.6563
76.4323 22.6606
76.4395 22.6649
76.4467 22.6692
76.4539 22.6735
76.4611 22.6779
76.4683 22.6822
76.4755 22.6865
76.4827 22.6908
76.4899 22.6951
76.4971 22.6994
76.5043 22.7038
76.5115 22.7081
76.5187 22.7124
76.5259 22.7167
76.5331 22.7210
76.5403 22.7253
76.5475 22.7296
76.5547 22.7340
76.5619 22.7383
76.5691 22.7426
76.5763 22.7469
76.5835 22.7512
76.5907 22.7555
76.5979 22.7599
76.6051 22.7642
76.6123 22.7685
76.6195 22.7728
76.6267 22.7771
76.6339 22.7814
76.6411 22.7857
76.6483 22.7901
76.6555 22.7944
76.6627 22.7987
76.6698 22.8030
76.6770 22.8073
76.6842 22.8116
76.6914 22.8159
76.6986 22.8202
76.7058 22.8246
76.7130 22.8289
76.7202 22.8332
76.7274 22.8375
76.7346 22.8418
76.7417 22.8461
76.7489 22.8504
76.7561 22.8547
76.7633 22.8591
76.7705 22.8634
76.7777 22.8677
76.7849 22.8720
76.7920 22.8763
76.7992 22.8806
76.8064 22.8849
76.8136 22.8892
76.8208 22.8936
76.8280 22.8979
76.8351 22.9022
76.8423 22.9065
76.8495 22.9108
76.8567 22.9151
76.8639 22.9194
76.8711 22.9237
76.8782 22.9280
76.8854 22.9323
76.8926 22.9367
76.8998 22.9410
76.9070 22.9453
76.9141 22.9496
76.9213 22.9539
76.9285 22.9582
76.9357 22.9625
76.9428 22.9668
76.9500 22.9711
76.9572 22.9754
76.9644 22.9797
76.9716 22.9841
76.9787 22.9884
76.9859 22.9927
76.9931 22.9970
77.0003 23.0013
77.0074 23.0056
77.0146 23.0099
77.0218 23.0142
77.0289 23.0185
77.0361 23.0228
77.0433 23.0271
77.0505 23.0314
77.0576 23.0357
77.0648 23.0400
77.0720 23.0443
77.0791 23.0487
77.0863 23.0530
77.0935 23.0573
77.1007 23.0616
77.1078 23.0659
77.1150 23.0702
77.1222 23.0745
77.1293 23.0788
77.1365 23.0831
77.1437 23.0874
77.1508 23.0917
77.1580 23.0960
77.1652 23.1003
77.1723 23.1046
77.1795 23.1089
77.1867 23.1132
77.1938 23.1175
77.2010 23.1218
77.2081 23.1261
77.2153 23.1304
77.2225 23.1347
77.2296 23.1391
77.2368 23.1434
77.2440 23.1477
77.2511 23.1520
77.2583 23.1563
77.2654 23.1606
77.2726 23.1649
77.2798 23.1692
77.2869 23.1735
77.2941 23.1778
77.3012 23.1821
77.3084 23.1864
77.3155 23.1907
77.3227 23.1950
77.3299 23.1993
77.3370 23.2036
77.3442 23.2079
77.3513 23.2122
77.3585 23.2165
77.3656 23.2208
77.3728 23.2251
77.3800 23.2294
77.3871 23.2337
77.3943 23.2380
77.4014 23.2423
77.4086 23.2466
77.4157 23.2509
77.4229 23.2552
77.4300 23.2595
77.4372 23.2638
77.4443 23.2681
77.4515 23.2724
77.4586 23.2767
77.4658 23.2810
77.4729 23.2853
77.4801 23.2896
77.4872 23.2939
77.4944 23.2982
77.5015 23.3025
77.5087 23.3068
77.5158 23.3111
77.5230 23.3154
77.5301 23.3197
77.5373 23.3240
77.5444 23.3283
77.5516 23.3326
77.5587 23.3368
77.5658 23.3411
77.5730 23.3454
77.5801 23.3497
77.5873 23.3540
77.5944 23.3583
77.6016 23.3626
77.6087 23.3669
77.6158 23.3712
77.6230 23.3755
77.6301 23.3798
77.6373 23.3841
77.6444 23.3884
77.6515 23.3927
77.6587 23.3970
77.6658 23.4013
77.6730 23.4056
77.6801 23.4099
77.6872 23.4142
77.6944 23.4185
77.7015 23.4227
77.7087 23.4270
77.7158 23.4313
77.7229 23.4356
77.7301 23.4399
77.7372 23.4442
77.7443 23.4485
77.7515 23.4528
77.7586 23.4571
77.7657 23.4614
77.7729 23.4657
77.7800 23.4700
77.7871 23.4743
77.7943 23.4786
77.8014 23.4828
77.8085 23.4871
77.8157 23.4914
77.8228 23.4957
77.8299 23.5000
77.8371 23.5043
77.8442 23.5086
77.8513 23.5129
77.8585 23.5172
77.8656 23.5215
77.8727 23.5258
77.8798 23.5300
77.8870 23.5343
77.8941 23.5386
77.9012 23.5429
77.9084 23.5472
77.9155 23.5515
77.9226 23.5558
77.9297 23.5601
77.9369 23.5644
77.9440 23.5686
77.9511 23.5729
77.9582 23.5772
77.9654 23.5815
77.9725 23.5858
77.9796 23.5901
77.9867 23.5944
77.9939 23.5987
78.0010 23.6029
78.0081 23.6072
78.0152 23.6115
78.0223 23.6158
78.0295 23.6201
78.0366 23.6244
78.0437 23.6287
78.0508 23.6330
78.0579 23.6372
78.0651 23.6415
78.0722 23.6458
78.0793 23.6501
78.0864 23.6544
78.0935 23.6587
78.1007 23.6630
78.1078 23.6672
78.1149 23.6715
78.1220 23.6758
78.1291 23.6801
78.1362 23.6844
78.1433 23.6887
78.1505 23.6929
78.1576 23.6972
78.1647 23.7015
78.1718 23.7058
78.1789 23.7101
78.1860 23.7144
78.1931 23.7186
78.2003 23.7229
78.2074 23.7272
78.2145 23.7315
78.2216 23.7358
78.2287 23.7401
78.2358 23.7443
78.2429 23.7486
78.2500 23.7529
78.2571 23.7572
78.2642 23.7615
78.2714 23.7657
78.2785 23.7700
78.2856 23.7743
78.2927 23.7786
78.2998 23.7829
78.3069 23.7871
78.3140 23.7914
78.3211 23.7957
78.3282 23.8000
78.3353 23.8043
78.3424 23.8086
78.3495 23.8128
78.3566 23.8171
78.3637 23.8214
78.3708 23.8257
78.3779 23.8299
78.3850 23.8342
78.3921 23.8385
78.3992 23.8428
78.4063 23.8471
78.4134 23.8513
78.4206 23.8556
78.4277 23.8599
78.4348 23.8642
78.4419 23.8684
78.4490 23.8727
78.4561 23.8770
78.4631 23.8813
78.4702 23.8856
78.4773 23.8898
78.4844 23.8941
78.4915 23.8984
78.4986 23.9027
78.5057 23.9069
78.5128 23.9112
78.5199 23.9155
78.5270 23.9198
78.5341 23.9240
78.5412 23.9283
78.5483 23.9326
78.5554 23.9369
78.5625 23.9411
78.5696 23.9454
78.5767 23.9497
78.5838 23.9540
78.5909 23.9582
78.5980 23.9625
78.6051 23.9668
78.6121 23.9711
78.6192 23.9753
78.6263 23.9796
78.6334 23.9839
78.6405 23.9882
78.6476 23.9924
78.6547 23.9967
78.6618 24.0010
78.6689 24.0052
78.6760 24.0095
78.6830 24.0138
78.6901 24.0181
78.6972 24.0223
78.7043 24.0266
78.7114 24.0309
78.7185 24.0352
78.7256 24.0394
78.7327 24.0437
78.7397 24.0480
78.7468 24.0522
78.7539 24.0565
78.7610 24.0608
78.7681 24.0650
78.7752 24.0693
78.7822 24.0736
78.7893 24.0779
78.7964 24.0821
78.8035 24.0864
78.8106 24.0907
78.8177 24.0949
78.8247 24.0992
78.8318 24.1035
78.8389 24.1077
78.8460 24.1120
78.8531 24.1163
78.8601 24.1205
78.8672 24.1248
78.8743 24.1291
78.8814 24.1333
78.8884 24.1376
78.8955 24.1419
78.9026 24.1461
78.9097 24.1504
78.9168 24.1547
78.9238 24.1589
78.9309 24.1632
78.9380 24.1675
78.9451 24.1717
78.9521 24.1760
78.9592 24.1803
78.9663 24.1845
78.9734 24.1888
78.9804 24.1931
78.9875 24.1973
78.9946 24.2016
79.0016 24.2059
79.0087 24.2101
79.0158 24.2144
79.0229 24.2187
79.0299 24.2229
79.0370 24.2272
79.0441 24.2315
79.0511 24.2357
79.0582 24.2400
79.0653 24.2442
79.0724 24.2485
79.0794 24.2528
79.0865 24.2570
79.0936 24.2613
79.1006 24.2656
79.1077 24.2698
79.1148 24.2741
79.1218 24.2783
79.1289 24.2826
79.1360 24.2869
79.1430 24.2911
79.1501 24.2954
79.1572 24.2996
79.1642 24.3039
79.1713 24.3082
79.1783 24.3124
79.1854 24.3167
79.1925 24.3210
79.1995 24.3252
79.2066 24.3295
79.2137 24.3337
79.2207 24.3380
79.2278 24.3422
79.2348 24.3465
79.2419 24.3508
79.2490 24.3550
79.2560 24.3593
79.2631 24.3635
79.2701 24.3678
79.2772 24.3721
79.2843 24.3763
79.2913 24.3806
79.2984 24.3848
79.3054 24.3891
79.3125 24.3933
79.3195 24.3976
79.3266 24.4019
79.3337 24.4061
79.3407 24.4104
79.3478 24.4146
79.3548 24.4189
79.3619 24.4231
79.3689 24.4274
79.3760 24.4317
79.3830 24.4359
79.3901 24.4402
79.3971 24.4444
79.4042 24.4487
79.4112 24.4529
79.4183 24.4572
79.4254 24.4614
79.4324 24.4657
79.4395 24.4699
79.4465 24.4742
79.4536 24.4785
79.4606 24.4827
79.4677 24.4870
79.4747 24.4912
79.4818 24.4955
79.4888 24.4997
79.4958 24.5040
79.5029 24.5082
79.5099 24.5125
79.5170 24.5167
79.5240 24.5210
79.5311 24.5252
79.5381 24.5295
79.5452 24.5337
79.5522 24.5380
79.5593 24.5422
79.5663 24.5465
79.5734 24.5507
79.5804 24.5550
79.5874 24.5592
79.5945 24.5635
79.6015 24.5677
79.6086 24.5720
79.6156 24.5762
79.6227 24.5805
79.6297 24.5847
79.6367 24.5890
79.6438 24.5932
79.6508 24.5975
79.6579 24.6017
79.6649 24.6060
79.6719 24.6102
79.6790 24.6145
79.6860 24.6187
79.6931 24.6230
79.7001 24.6272
79.7071 24.6315
79.7142 24.6357
79.7212 24.6400
79.7282 24.6442
79.7353 24.6484
79.7423 24.6527
79.7493 24.6569
79.7564 24.6612
79.7634 24.6654
79.7704 24.6697
79.7775 24.6739
79.7845 24.6782
79.7916 24.6824
79.7986 24.6867
79.8056 24.6909
79.8126 24.6951
79.8197 24.6994
79.8267 24.7036
79.8337 24.7079
79.8408 24.7121
79.8478 24.7164
79.8548 24.7206
79.8619 24.7248
79.8689 24.7291
79.8759 24.7333
79.8830 24.7376
79.8900 24.7418
79.8970 24.7461
79.9040 24.7503
79.9111 24.7545
79.9181 24.7588
79.9251 24.7630
79.9321 24.7673
79.9392 24.7715
79.9462 24.7757
79.9532 24.7800
79.9603 24.7842
79.9673 24.7885
79.9743 24.7927
79.9813 24.7969
79.9884 24.8012
79.9954 24.8054
80.0024 24.8097
80.0094 24.8139
80.0164 24.8181
80.0235 24.8224
80.0305 24.8266
80.0375 24.8309
80.0445 24.8351
80.0516 24.8393
80.0586 24.8436
80.0656 24.8478
80.0726 24.8521
80.0796 24.8563
80.0867 24.8605
80.0937 24.8648
80.1007 24.8690
80.1077 24.8732
80.1147 24.8775
80.1217 24.8817
80.1288 24.8859
80.1358 24.8902
80.1428 24.8944
80.1498 24.8987
80.1568 24.9029
80.1638 24.9071
80.1709 24.9114
80.1779 24.9156
80.1849 24.9198
80.1919 24.9241
80.1989 24.9283
80.2059 24.9325
80.2129 24.9368
80.2200 24.9410
80.2270 24.9452
80.2340 24.9495
80.2410 24.9537
80.2480 24.9579
80.2550 24.9622
80.2620 24.9664
80.2690 24.9706
80.2761 24.9749
80.2831 24.9791
80.2901 24.9833
80.2971 24.9876
80.3041 24.9918
80.3111 24.9960
80.3181 25.0003
80.3251 25.0045
80.3321 25.0087
80.3391 25.0129
80.3461 25.0172
80.3532 25.0214
80.3602 25.0256
80.3672 25.0299
80.3742 25.0341
80.3812 25.0383
80.3882 25.0426
80.3952 25.0468
80.4022 25.0510
80.4092 25.0552
80.4162 25.0595
80.4232 25.0637
80.4302 25.0679
80.4372 25.0722
80.4442 25.0764
80.4512 25.0806
80.4582 25.0848
80.4652 25.0891
80.4722 25.0933
80.4792 25.0975
80.4862 25.1017
80.4932 25.1060
80.5002 25.1102
80.5072 25.1144
80.5142 25.1186
80.5212 25.1229
80.5282 25.1271
80.5352 25.1313
80.5422 25.1355
80.5492 25.1398
80.5562 25.1440
80.5632 25.1482
80.5702 25.1524
80.5772 25.1567
80.5842 25.1609
80.5912 25.1651
80.5982 25.1693
80.6052 25.1736
80.6122 25.1778
80.6192 25.1820
80.6262 25.1862
80.6332 25.1905
80.6402 25.1947
80.6471 25.1989
80.6541 25.2031
80.6611 25.2073
80.6681 25.2116
80.6751 25.2158
80.6821 25.2200
80.6891 25.2242
80.6961 25.2285
80.7031 25.2327
80.7101 25.2369
80.7171 25.2411
80.7241 25.2453
80.7310 25.2496
80.7380 25.2538
80.7450 25.2580
80.7520 25.2622
80.7590 25.2664
80.7660 25.2706
80.7730 25.2749
80.7800 25.2791
80.7869 25.2833
80.7939 25.2875
80.8009 25.2917
80.8079 25.2960
80.8149 25.3002
80.8219 25.3044
80.8289 25.3086
80.8358 25.3128
80.8428 25.3170
80.8498 25.3213
80.8568 25.3255
80.8638 25.3297
80.8708 25.3339
80.8777 25.3381
80.8847 25.3423
80.8917 25.3466
80.8987 25.3508
80.9057 25.3550
80.9126 25.3592
80.9196 25.3634
80.9266 25.3676
80.9336 25.3718
80.9406 25.3761
80.9475 25.3803
80.9545 25.3845
80.9615 25.3887
80.9685 25.3929
80.9755 25.3971
80.9824 25.4013
80.9894 25.4055
80.9964 25.4098
81.0034 25.4140
81.0103 25.4182
81.0173 25.4224
81.0243 25.4266
81.0313 25.4308
81.0382 25.4350
81.0452 25.4392
81.0522 25.4434
81.0592 25.4477
81.0661 25.4519
81.0731 25.4561
81.0801 25.4603
81.0871 25.4645
81.0940 25.4687
81.1010 25.4729
81.1080 25.4771
81.1149 25.4813
81.1219 25.4855
81.1289 25.4898
81.1359 25.4940
81.1428 25.4982
81.1498 25.5024
81.1568 25.5066
81.1637 25.5108
81.1707 25.5150
81.1777 25.5192
81.1846 25.5234
81.1916 25.5276
81.1986 25.5318
81.2055 25.5360
81.2125 25.5402
81.2195 25.5444
81.2264 25.5486
81.2334 25.5529
81.2404 25.5571
81.2473 25.5613
81.2543 25.5655
81.2613 25.5697
81.2682 25.5739
81.2752 25.5781
81.2822 25.5823
81.2891 25.5865
81.2961 25.5907
81.3030 25.5949
81.3100 25.5991
81.3170 25.6033
81.3239 25.6075
81.3309 25.6117
81.3379 25.6159
81.3448 25.6201
81.3518 25.6243
81.3587 25.6285
81.3657 25.6327
81.3727 25.6369
81.3796 25.6411
81.3866 25.6453
81.3935 25.6495
81.4005 25.6537
81.4074 25.6579
81.4144 25.6621
81.4214 25.6663
81.4283 25.6705
81.4353 25.6747
81.4422 25.6789
81.4492 25.6831
81.4561 25.6873
81.4631 25.6915
81.4700 25.6957
81.4770 25.6999
81.4840 25.7041
81.4909 25.7083
81.4979 25.7125
81.5048 25.7167
81.5118 25.7209
81.5187 25.7251
81.5257 25.7293
81.5326 25.7335
81.5396 25.7377
81.5465 25.7419
81.5535 25.7461
81.5604 25.7503
81.5674 25.7545
81.5743 25.7587
81.5813 25.7629
81.5882 25.7671
81.5952 25.7712
81.6021 25.7754
81.6091 25.7796
81.6160 25.7838
81.6230 25.7880
81.6299 25.7922
81.6369 25.7964
81.6438 25.8006
81.6508 25.8048
81.6577 25.8090
81.6647 25.8132
81.6716 25.8174
81.6785 25.8216
81.6855 25.8258
81.6924 25.8299
81.6994 25.8341
81.7063 25.8383
81.7133 25.8425
81.7202 25.8467
81.7272 25.8509
81.7341 25.8551
81.7410 25.8593
81.7480 25.8635
81.7549 25.8677
81.7619 25.8719
81.7688 25.8760
81.7758 25.8802
81.7827 25.8844
81.7896 25.8886
81.7966 25.8928
81.8035 25.8970
81.8105 25.9012
81.8174 25.9054
81.8243 25.9096
81.8313 25.9137
81.8382 25.9179
81.8451 25.9221
81.8521 25.9263
81.8590 25.9305
81.8660 25.9347
81.8729 25.9389
81.8798 25.9430
81.8868 25.9472
81.8937 25.9514
81.9006 25.9556
81.9076 25.9598
81.9145 25.9640
81.9214 25.9682
81.9284 25.9723
81.9353 25.9765
81.9422 25.9807
81.9492 25.9849
81.9561 25.9891
81.9630 25.9933
81.9700 25.9974
81.9769 26.0016
81.9838 26.0058
81.9908 26.0100
81.9977 26.0142
82.0046 26.0184
82.0116 26.0225
82.0185 26.0267
82.0254 26.0309
82.0324 26.0351
82.0393 26.0393
82.0462 26.0435
82.0531 26.0476
82.0601 26.0518
82.0670 26.0560
82.0739 26.0602
82.0809 26.0644
82.0878 26.0685
82.0947 26.0727
82.1016 26.0769
82.1086 26.0811
82.1155 26.0853
82.1224 26.0894
82.1293 26.0936
82.1363 26.0978
82.1432 26.1020
82.1501 26.1061
82.1570 26.1103
82.1640 26.1145
82.1709 26.1187
82.1778 26.1229
82.1847 26.1270
82.1917 26.1312
82.1986 26.1354
82.2055 26.1396
82.2124 26.1437
82.2193 26.1479
82.2263 26.1521
82.2332 26.1563
82.2401 26.1604
82.2470 26.1646
82.2539 26.1688
82.2609 26.1730
82.2678 26.1771
82.2747 26.1813
82.2816 26.1855
82.2885 26.1897
82.2955 26.1938
82.3024 26.1980
82.3093 26.2022
82.3162 26.2063
82.3231 26.2105
82.3300 26.2147
82.3370 26.2189
82.3439 26.2230
82.3508 26.2272
82.3577 26.2314
82.3646 26.2356
82.3715 26.2397
82.3784 26.2439
82.3854 26.2481
82.3923 26.2522
82.3992 26.2564
82.4061 26.2606
82.4130 26.2647
82.4199 26.2689
82.4268 26.2731
82.4338 26.2773
82.4407 26.2814
82.4476 26.2856
82.4545 26.2898
82.4614 26.2939
82.4683 26.2981
82.4752 26.3023
82.4821 26.3064
82.4890 26.3106
82.4959 26.3148
82.5029 26.3189
82.5098 26.3231
82.5167 26.3273
82.5236 26.3314
82.5305 26.3356
82.5374 26.3398
82.5443 26.3439
82.5512 26.3481
82.5581 26.3523
82.5650 26.3564
82.5719 26.3606
82.5788 26.3647
82.5857 26.3689
82.5926 26.3731
82.5995 26.3772
82.6064 26.3814
82.6133 26.3856
82.6203 26.3897
82.6272 26.3939
82.6341 26.3981
82.6410 26.4022
82.6479 26.4064
82.6548 26.4105
82.6617 26.4147
82.6686 26.4189
82.6755 26.4230
82.6824 26.4272
82.6893 26.4313
82.6962 26.4355
82.7031 26.4397
82.7100 26.4438
82.7169 26.4480
82.7238 26.4521
82.7307 26.4563
82.7376 26.4605
82.7445 26.4646
82.7514 26.4688
82.7583 26.4729
82.7652 26.4771
82.7721 26.4813
82.7789 26.4854
82.7858 26.4896
82.7927 26.4937
82.7996 26.4979
82.8065 26.5020
82.8134 26.5062
82.8203 26.5104
82.8272 26.5145
82.8341 26.5187
82.8410 26.5228
82.8479 26.5270
82.8548 26.5311
82.8617 26.5353
82.8686 26.5394
82.8755 26.5436
82.8824 26.5478
82.8892 26.5519
82.8961 26.5561
82.9030 26.5602
82.9099 26.5644
82.9168 26.5685
82.9237 26.5727
82.9306 26.5768
82.9375 26.5810
82.9444 26.5851
82.9513 26.5893
82.9581 26.5934
82.9650 26.5976
82.9719 26.6017
82.9788 26.6059
82.9857 26.6100
82.9926 26.6142
82.9995 26.6183
83.0064 26.6225
83.0132 26.6266
83.0201 26.6308
83.0270 26.6349
83.0339 26.6391
83.0408 26.6432
83.0477 26.6474
83.0546 26.6515
83.0614 26.6557
83.0683 26.6598
83.0752 26.6640
83.0821 26.6681
83.0890 26.6723
83.0959 26.6764
83.1027 26.6806
83.1096 26.6847
83.1165 26.6889
83.1234 26.6930
83.1303 26.6972
83.1371 26.7013
83.1440 26.7054
83.1509 26.7096
83.1578 26.7137
83.1647 26.7179
83.1715 26.7220
83.1784 26.7262
83.1853 26.7303
83.1922 26.7345
83.1991 26.7386
83.2059 26.7427
83.2128 26.7469
83.2197 26.7510
83.2266 26.7552
83.2334 26.7593
83.2403 26.7635
83.2472 26.7676
83.2541 26.7717
83.2609 26.7759
83.2678 26.7800
83.2747 26.7842
83.2816 26.7883
83.2884 26.7925
83.2953 26.7966
83.3022 26.8007
83.3091 26.8049
83.3159 26.8090
83.3228 26.8132
83.3297 26.8173
83.3366 26.8214
83.3434 26.8256
83.3503 26.8297
83.3572 26.8338
83.3640 26.8380
83.3709 26.8421
83.3778 26.8463
83.3847 26.8504
83.3915 26.8545
83.3984 26.8587
83.4053 26.8628
83.4121 26.8670
83.4190 26.8711
83.4259 26.8752
83.4327 26.8794
83.4396 26.8835
83.4465 26.8876
83.4533 26.8918
83.4602 26.8959
83.4671 26.9000
83.4739 26.9042
83.4808 26.9083
83.4877 26.9124
83.4945 26.9166
83.5014 26.9207
83.5083 26.9248
83.5151 26.9290
83.5220 26.9331
83.5289 26.9372
83.5357 26.9414
83.5426 26.9455
83.5495 26.9496
83.5563 26.9538
83.5632 26.9579
83.5700 26.9620
83.5769 26.9662
83.5838 26.9703
83.5906 26.9744
83.5975 26.9786
83.6043 26.9827
83.6112 26.9868
83.6181 26.9909
83.6249 26.9951
83.6318 26.9992
83.6386 27.0033
83.6455 27.0075
83.6524 27.0116
83.6592 27.0157
83.6661 27.0198
83.6729 27.0240
83.6798 27.0281
83.6867 27.0322
83.6935 27.0364
83.7004 27.0405
83.7072 27.0446
83.7141 27.0487
83.7209 27.0529
83.7278 27.0570
83.7347 27.0611
83.7415 27.0652
83.7484 27.0694
83.7552 27.0735
83.7621 27.0776
83.7689 27.0817
83.7758 27.0859
83.7826 27.0900
83.7895 27.0941
83.7963 27.0982
83.8032 27.1024
83.8100 27.1065
83.8169 27.1106
83.8237 27.1147
83.8306 27.1189
83.8374 27.1230
83.8443 27.1271
83.8512 27.1312
83.8580 27.1353
83.8649 27.1395
83.8717 27.1436
83.8786 27.1477
83.8854 27.1518
83.8922 27.1559
83.8991 27.1601
83.9059 27.1642
83.9128 27.1683
83.9196 27.1724
83.9265 27.1765
83.9333 27.1807
83.9402 27.1848
83.9470 27.1889
83.9539 27.1930
83.9607 27.1971
83.9676 27.2013
83.9744 27.2054
83.9813 27.2095
83.9881 27.2136
83.9949 27.2177
84.0018 27.2218
84.0086 27.2260
84.0155 27.2301
84.0223 27.2342
84.0292 27.2383
84.0360 27.2424
84.0428 27.2465
84.0497 27.2506
84.0565 27.2548
84.0634 27.2589
84.0702 27.2630
84.0771 27.2671
84.0839 27.2712
84.0907 27.2753
84.0976 27.2794
84.1044 27.2836
84.1113 27.2877
84.1181 27.2918
84.1249 27.2959
84.1318 27.3000
84.1386 27.3041
84.1455 27.3082
84.1523 27.3123
84.1591 27.3165
84.1660 27.3206
84.1728 27.3247
84.1796 27.3288
84.1865 27.3329
84.1933 27.3370
84.2001 27.3411
84.2070 27.3452
84.2138 27.3493
84.2207 27.3534
84.2275 27.3575
84.2343 27.3617
84.2412 27.3658
84.2480 27.3699
84.2548 27.3740
84.2617 27.3781
84.2685 27.3822
84.2753 27.3863
84.2822 27.3904
84.2890 27.3945
84.2958 27.3986
84.3026 27.4027
84.3095 27.4068
84.3163 27.4109
84.3231 27.4150
84.3300 27.4191
84.3368 27.4233
84.3436 27.4274
84.3505 27.4315
84.3573 27.4356
84.3641 27.4397
84.3709 27.4438
84.3778 27.4479
84.3846 27.4520
84.3914 27.4561
84.3983 27.4602
84.4051 27.4643
84.4119 27.4684
84.4187 27.4725
84.4256 27.4766
84.4324 27.4807
84.4392 27.4848
84.4460 27.4889
84.4529 27.4930
84.4597 27.4971
84.4665 27.5012
84.4733 27.5053
84.4802 27.5094
84.4870 27.5135
84.4938 27.5176
84.5006 27.5217
84.5075 27.5258
84.5143 27.5299
84.5211 27.5340
84.5279 27.5381
84.5347 27.5422
84.5416 27.5463
84.5484 27.5504
84.5552 27.5545
84.5620 27.5586
84.5688 27.5627
84.5757 27.5668
84.5825 27.5709
84.5893 27.5749
84.5961 27.5790
84.6029 27.5831
84.6098 27.5872
84.6166 27.5913
84.6234 27.5954
84.6302 27.5995
84.6370 27.6036
84.6439 27.6077
84.6507 27.6118
84.6575 27.6159
84.6643 27.6200
84.6711 27.6241
84.6779 27.6282
84.6847 27.6323
84.6916 27.6363
84.6984 27.6404
84.7052 27.6445
84.7120 27.6486
84.7188 27.6527
84.7256 27.6568
84.7324 27.6609
84.7393 27.6650
84.7461 27.6691
84.7529 27.6732
84.7597 27.6772
84.7665 27.6813
84.7733 27.6854
84.7801 27.6895
84.7869 27.6936
84.7938 27.6977
84.8006 27.7018
84.8074 27.7059
84.8142 27.7100
84.8210 27.7140
84.8278 27.7181
84.8346 27.7222
84.8414 27.7263
84.8482 27.7304
84.8550 27.7345
84.8619 27.7386
84.8687 27.7426
84.8755 27.7467
84.8823 27.7508
84.8891 27.7549
84.8959 27.7590
84.9027 27.7631
84.9095 27.7671
84.9163 27.7712
84.9231 27.7753
84.9299 27.7794
84.9367 27.7835
84.9435 27.7876
84.9503 27.7916
84.9571 27.7957
84.9639 27.7998
84.9707 27.8039
84.9775 27.8080
84.9844 27.8121
84.9912 27.8161
84.9980 27.8202
85.0048 27.8243
85.0116 27.8284
85.0184 27.8325
85.0252 27.8365
85.0320 27.8406
85.0388 27.8447
85.0456 27.8488
85.0524 27.8528
85.0592 27.8569
85.0660 27.8610
85.0728 27.8651
85.0796 27.8692
85.0864 27.8732
85.0932 27.8773
85.1000 27.8814
85.1068 27.8855
85.1136 27.8895
85.1204 27.8936
85.1272 27.8977
85.1340 27.9018
85.1408 27.9058
85.1476 27.9099
85.1543 27.9140
85.1611 27.9181
85.1679 27.9221
85.1747 27.9262
85.1815 27.9303
85.1883 27.9344
85.1951 27.9384
85.2019 27.9425
85.2087 27.9466
85.2155 27.9507
85.2223 27.9547
85.2291 27.9588
85.2359 27.9629
85.2427 27.9669
85.2495 27.9710
85.2563 27.9751
85.2631 27.9792
85.2698 27.9832
85.2766 27.9873
85.2834 27.9914
85.2902 27.9954
85.2970 27.9995
85.3038 28.0036
85.3106 28.0076
85.3174 28.0117
85.3242 28.0158
85.3310 28.0198
85.3378 28.0239
85.3445 28.0280
85.3513 28.0321
85.3581 28.0361
85.3649 28.0402
85.3717 28.0443
85.3785 28.0483
85.3853 28.0524
85.3921 28.0565
85.3988 28.0605
85.4056 28.0646
85.4124 28.0686
85.4192 28.0727
85.4260 28.0768
85.4328 28.0808
85.4396 28.0849
85.4463 28.0890
85.4531 28.0930
85.4599 28.0971
85.4667 28.1012
85.4735 28.1052
85.4803 28.1093
85.4870 28.1133
85.4938 28.1174
85.5006 28.1215
85.5074 28.1255
85.5142 28.1296
85.5210 28.1337
85.5277 28.1377
85.5345 28.1418
85.5413 28.1458
85.5481 28.1499
85.5549 28.1540
85.5616 28.1580
85.5684 28.1621
85.5752 28.1661
85.5820 28.1702
85.5888 28.1742
85.5955 28.1783
85.6023 28.1824
85.6091 28.1864
85.6159 28.1905
85.6227 28.1945
85.6294 28.1986
85.6362 28.2026
85.6430 28.2067
85.6498 28.2108
85.6565 28.2148
85.6633 28.2189
85.6701 28.2229
85.6769 28.2270
85.6836 28.2310
85.6904 28.2351
85.6972 28.2391
85.7040 28.2432
85.7107 28.2473
85.7175 28.2513
85.7243 28.2554
85.7311 28.2594
85.7378 28.2635
85.7446 28.2675
85.7514 28.2716
85.7582 28.2756
85.7649 28.2797
85.7717 28.2837
85.7785 28.2878
85.7852 28.2918
85.7920 28.2959
85.7988 28.2999
85.8056 28.3040
85.8123 28.3080
85.8191 28.3121
85.8259 28.3161
85.8326 28.3202
85.8394 28.3242
85.8462 28.3283
85.8529 28.3323
85.8597 28.3364
85.8665 28.3404
85.8732 28.3445
85.8800 28.3485
85.8868 28.3526
85.8935 28.3566
85.9003 28.3606
85.9071 28.3647
85.9138 28.3687
85.9206 28.3728
85.9274 28.3768
85.9341 28.3809
85.9409 28.3849
85.9477 28.3890
85.9544 28.3930
85.9612 28.3971
85.9680 28.4011
85.9747 28.4051
85.9815 28.4092
85.9883 28.4132
85.9950 28.4173
86.0018 28.4213
86.0085 28.4253
86.0153 28.4294
86.0221 28.4334
86.0288 28.4375
86.0356 28.4415
86.0423 28.4456
86.0491 28.4496
86.0559 28.4536
86.0626 28.4577
86.0694 28.4617
86.0761 28.4658
86.0829 28.4698
86.0897 28.4738
86.0964 28.4779
86.1032 28.4819
86.1099 28.4859
86.1167 28.4900
86.1235 28.4940
86.1302 28.4981
86.1370 28.5021
86.1437 28.5061
86.1505 28.5102
86.1572 28.5142
86.1640 28.5182
86.1708 28.5223
86.1775 28.5263
86.1843 28.5303
86.1910 28.5344
86.1978 28.5384
86.2045 28.5424
86.2113 28.5465
86.2180 28.5505
86.2248 28.5545
86.2315 28.5586
86.2383 28.5626
86.2450 28.5666
86.2518 28.5707
86.2586 28.5747
86.2653 28.5787
86.2721 28.5828
86.2788 28.5868
86.2856 28.5908
86.2923 28.5949
86.2991 28.5989
86.3058 28.6029
86.3126 28.6070
86.3193 28.6110
86.3261 28.6150
86.3328 28.6190
86.3396 28.6231
86.3463 28.6271
86.3531 28.6311
86.3598 28.6352
86.3666 28.6392
86.3733 28.6432
86.3800 28.6472
86.3868 28.6513
86.3935 28.6553
86.4003 28.6593
86.4070 28.6633
86.4138 28.6674
86.4205 28.6714
86.4273 28.6754
86.4340 28.6794
86.4408 28.6835
86.4475 28.6875
86.4543 28.6915
86.4610 28.6955
86.4677 28.6996
86.4745 28.7036
86.4812 28.7076
86.4880 28.7116
86.4947 28.7157
86.5015 28.7197
86.5082 28.7237
86.5149 28.7277
86.5217 28.7318
86.5284 28.7358
86.5352 28.7398
86.5419 28.7438
86.5487 28.7478
86.5554 28.7519
86.5621 28.7559
86.5689 28.7599
86.5756 28.7639
86.5824 28.7679
86.5891 28.7720
86.5958 28.7760
86.6026 28.7800
86.6093 28.7840
86.6161 28.7880
86.6228 28.7920
86.6295 28.7961
86.6363 28.8001
86.6430 28.8041
86.6497 28.8081
86.6565 28.8121
86.6632 28.8161
86.6700 28.8202
86.6767 28.8242
86.6834 28.8282
86.6902 28.8322
86.6969 28.8362
86.7036 28.8402
86.7104 28.8442
86.7171 28.8483
86.7238 28.8523
86.7306 28.8563
86.7373 28.8603
86.7440 28.8643
86.7508 28.8683
86.7575 28.8723
86.7642 28.8764
86.7710 28.8804
86.7777 28.8844
86.7844 28.8884
86.7912 28.8924
86.7979 28.8964
86.8046 28.9004
86.8114 28.9044
86.8181 28.9084
86.8248 28.9124
86.8316 28.9165
86.8383 28.9205
86.8450 28.9245
86.8518 28.9285
86.8585 28.9325
86.8652 28.9365
86.8719 28.9405
86.8787 28.9445
86.8854 28.9485
86.8921 28.9525
86.8989 28.9565
86.9056 28.9605
86.9123 28.9645
86.9190 28.9686
86.9258 28.9726
86.9325 28.9766
86.9392 28.9806
86.9459 28.9846
86.9527 28.9886
86.9594 28.9926
86.9661 28.9966
86.9728 29.0006
86.9796 29.0046
86.9863 29.0086
86.9930 29.0126
86.9997 29.0166
87.0065 29.0206
87.0132 29.0246
87.0199 29.0286
87.0266 29.0326
87.0334 29.0366
87.0401 29.0406
87.0468 29.0446
87.0535 29.0486
87.0602 29.0526
87.0670 29.0566
87.0737 29.0606
87.0804 29.0646
87.0871 29.0686
87.0939 29.0726
87.1006 29.0766
87.1073 29.0806
87.1140 29.0846
87.1207 29.0886
87.1275 29.0926
87.1342 29.0966
87.1409 29.1006
87.1476 29.1046
87.1543 29.1086
87.1610 29.1126
87.1678 29.1166
87.1745 29.1206
87.1812 29.1246
87.1879 29.1286
87.1946 29.1325
87.2013 29.1365
87.2081 29.1405
87.2148 29.1445
87.2215 29.1485
87.2282 29.1525
87.2349 29.1565
87.2416 29.1605
87.2484 29.1645
87.2551 29.1685
87.2618 29.1725
87.2685 29.1765
87.2752 29.1805
87.2819 29.1844
87.2886 29.1884
87.2953 29.1924
87.3021 29.1964
87.3088 29.2004
87.3155 29.2044
87.3222 29.2084
87.3289 29.2124
87.3356 29.2164
87.3423 29.2204
87.3490 29.2243
87.3558 29.2283
87.3625 29.2323
87.3692 29.2363
87.3759 29.2403
87.3826 29.2443
87.3893 29.2483
87.3960 29.2522
87.4027 29.2562
87.4094 29.2602
87.4161 29.2642
87.4228 29.2682
87.4296 29.2722
87.4363 29.2762
87.4430 29.2801
87.4497 29.2841
87.4564 29.2881
87.4631 29.2921
87.4698 29.2961
87.4765 29.3001
87.4832 29.3040
87.4899 29.3080
87.4966 29.3120
87.5033 29.3160
87.5100 29.3200
87.5167 29.3239
87.5234 29.3279
87.5301 29.3319
87.5368 29.3359
87.5435 29.3399
87.5502 29.3438
87.5570 29.3478
87.5637 29.3518
87.5704 29.3558
87.5771 29.3598
87.5838 29.3637
87.5905 29.3677
87.5972 29.3717
87.6039 29.3757
87.6106 29.3796
87.6173 29.3836
87.6240 29.3876
87.6307 29.3916
87.6374 29.3956
87.6441 29.3995
87.6508 29.4035
87.6575 29.4075
87.6642 29.4115
87.6709 29.4154
87.6776 29.4194
87.6843 29.4234
87.6910 29.4273
87.6977 29.4313
87.7043 29.4353
87.7110 29.4393
87.7177 29.4432
87.7244 29.4472
87.7311 29.4512
87.7378 29.4552
87.7445 29.4591
87.7512 29.4631
87.7579 29.4671
87.7646 29.4710
87.7713 29.4750
87.7780 29.4790
87.7847 29.4829
87.7914 29.4869
87.7981 29.4909
87.8048 29.4948
87.8115 29.4988
87.8182 29.5028
87.8249 29.5068
87.8315 29.5107
87.8382 29.5147
87.8449 29.5187
87.8516 29.5226
87.8583 29.5266
87.8650 29.5306
87.8717 29.5345
87.8784 29.5385
87.8851 29.5424
87.8918 29.5464
87.8985 29.5504
87.9051 29.5543
87.9118 29.5583
87.9185 29.5623
87.9252 29.5662
87.9319 29.5702
87.9386 29.5742
87.9453 29.5781
87.9520 29.5821
87.9587 29.5860
87.9653 29.5900
87.9720 29.5940
87.9787 29.5979
87.9854 29.6019
87.9921 29.6059
87.9988 29.6098
88.0055 29.6138
88.0121 29.6177
88.0188 29.6217
88.0255 29.6257
88.0322 29.6296
88.0389 29.6336
88.0456 29.6375
88.0523 29.6415
88.0589 29.6454
88.0656 29.6494
88.0723 29.6534
88.0790 29.6573
88.0857 29.6613
88.0924 29.6652
88.0990 29.6692
88.1057 29.6731
88.1124 29.6771
88.1191 29.6811
88.1258 29.6850
88.1325 29.6890
88.1391 29.6929
88.1458 29.6969
88.1525 29.7008
88.1592 29.7048
88.1659 29.7087
88.1725 29.7127
88.1792 29.7166
88.1859 29.7206
88.1926 29.7245
88.1993 29.7285
88.2059 29.7324
88.2126 29.7364
88.2193 29.7403
88.2260 29.7443
88.2326 29.7482
88.2393 29.7522
88.2460 29.7561
88.2527 29.7601
88.2594 29.7640
88.2660 29.7680
88.2727 29.7719
88.2794 29.7759
88.2861 29.7798
88.2927 29.7838
88.2994 29.7877
88.3061 29.7917
88.3128 29.7956
88.3194 29.7996
88.3261 29.8035
88.3328 29.8075
88.3395 29.8114
88.3461 29.8154
88.3528 29.8193
88.3595 29.8232
88.3662 29.8272
88.3728 29.8311
88.3795 29.8351
88.3862 29.8390
88.3928 29.8430
88.3995 29.8469
88.4062 29.8509
88.4129 29.8548
88.4195 29.8587
88.4262 29.8627
88.4329 29.8666
88.4395 29.8706
88.4462 29.8745
88.4529 29.8784
88.4596 29.8824
88.4662 29.8863
88.4729 29.8903
88.4796 29.8942
88.4862 29.8981
88.4929 29.9021
88.4996 29.9060
88.5062 29.9100
88.5129 29.9139
88.5196 29.9178
88.5262 29.9218
88.5329 29.9257
88.5396 29.9297
88.5462 29.9336
88.5529 29.9375
88.5596 29.9415
88.5662 29.9454
88.5729 29.9493
88.5796 29.9533
88.5862 29.9572
88.5929 29.9611
88.5996 29.9651
88.6062 29.9690
88.6129 29.9729
88.6196 29.9769
88.6262 29.9808
88.6329 29.9847
88.6396 29.9887
88.6462 29.9926
88.6529 29.9965
88.6595 30.0005
88.6662 30.0044
88.6729 30.0083
88.6795 30.0123
88.6862 30.0162
88.6928 30.0201
88.6995 30.0241
88.7062 30.0280
88.7128 30.0319
88.7195 30.0358
88.7262 30.0398
88.7328 30.0437
88.7395 30.0476
88.7461 30.0516
88.7528 30.0555
88.7594 30.0594
88.7661 30.0633
88.7728 30.0673
88.7794 30.0712
88.7861 30.0751
88.7927 30.0790
88.7994 30.0830
88.8061 30.0869
88.8127 30.0908
88.8194 30.0947
88.8260 30.0987
88.8327 30.1026
88.8393 30.1065
88.8460 30.1104
88.8526 30.1144
88.8593 30.1183
88.8660 30.1222
88.8726 30.1261
88.8793 30.1301
88.8859 30.1340
88.8926 30.1379
88.8992 30.1418
88.9059 30.1457
88.9125 30.1497
88.9192 30.1536
88.9258 30.1575
88.9325 30.1614
88.9391 30.1653
88.9458 30.1693
88.9525 30.1732
88.9591 30.1771
88.9658 30.1810
88.9724 30.1849
88.9791 30.1888
88.9857 30.1928
88.9924 30.1967
88.9990 30.2006
89.0057 30.2045
89.0123 30.2084
89.0190 30.2123
89.0256 30.2163
89.0323 30.2202
89.0389 30.2241
89.0456 30.2280
89.0522 30.2319
89.0589 30.2358
89.0655 30.2398
89.0721 30.2437
89.0788 30.2476
89.0854 30.2515
89.0921 30.2554
89.0987 30.2593
89.1054 30.2632
89.1120 30.2671
89.1187 30.2711
89.1253 30.2750
89.1320 30.2789
89.1386 30.2828
89.1453 30.2867
89.1519 30.2906
89.1585 30.2945
89.1652 30.2984
89.1718 30.3023
89.1785 30.3062
89.1851 30.3101
89.1918 30.3141
89.1984 30.3180
89.2050 30.3219
89.2117 30.3258
89.2183 30.3297
89.2250 30.3336
89.2316 30.3375
89.2383 30.3414
89.2449 30.3453
89.2515 30.3492
89.2582 30.3531
89.2648 30.3570
89.2715 30.3609
89.2781 30.3648
89.2847 30.3687
89.2914 30.3726
89.2980 30.3765
89.3047 30.3804
89.3113 30.3843
89.3179 30.3882
89.3246 30.3922
89.3312 30.3961
89.3379 30.4000
89.3445 30.4039
89.3511 30.4078
89.3578 30.4117
89.3644 30.4156
89.3710 30.4195
89.3777 30.4234
89.3843 30.4273
89.3909 30.4312
89.3976 30.4351
89.4042 30.4389
89.4109 30.4428
89.4175 30.4467
89.4241 30.4506
89.4308 30.4545
89.4374 30.4584
89.4440 30.4623
89.4507 30.4662
89.4573 30.4701
89.4639 30.4740
89.4706 30.4779
89.4772 30.4818
89.4838 30.4857
89.4905 30.4896
89.4971 30.4935
89.5037 30.4974
89.5104 30.5013
89.5170 30.5052
89.5236 30.5091
89.5303 30.5130
89.5369 30.5169
89.5435 30.5207
89.5501 30.5246
89.5568 30.5285
89.5634 30.5324
89.5700 30.5363
89.5767 30.5402
89.5833 30.5441
89.5899 30.5480
89.5966 30.5519
89.6032 30.5558
89.6098 30.5596
89.6164 30.5635
89.6231 30.5674
89.6297 30.5713
89.6363 30.5752
89.6429 30.5791
89.6496 30.5830
89.6562 30.5869
89.6628 30.5908
89.6695 30.5946
89.6761 30.5985
89.6827 30.6024
89.6893 30.6063
89.6960 30.6102
89.7026 30.6141
89.7092 30.6179
89.7158 30.6218
89.7225 30.6257
89.7291 30.6296
89.7357 30.6335
89.7423 30.6374
89.7490 30.6412
89.7556 30.6451
89.7622 30.6490
89.7688 30.6529
89.7754 30.6568
89.7821 30.6607
89.7887 30.6645
89.7953 30.6684
89.8019 30.6723
89.8086 30.6762
89.8152 30.6801
89.8218 30.6839
89.8284 30.6878
89.8350 30.6917
89.8417 30.6956
89.8483 30.6995
89.8549 30.7033
89.8615 30.7072
89.8681 30.7111
89.8748 30.7150
89.8814 30.7188
89.8880 30.7227
89.8946 30.7266
89.9012 30.7305
89.9079 30.7343
89.9145 30.7382
89.9211 30.7421
89.9277 30.7460
89.9343 30.7498
89.9409 30.7537
89.9476 30.7576
89.9542 30.7615
89.9608 30.7653
89.9674 30.7692
89.9740 30.7731
89.9806 30.7770
89.9873 30.7808
89.9939 30.7847
90.0005 30.7886
90.0071 30.7924
90.0137 30.7963
90.0203 30.8002
90.0270 30.8041
90.0336 30.8079
90.0402 30.8118
90.0468 30.8157
90.0534 30.8195
90.0600 30.8234
90.0666 30.8273
90.0732 30.8311
90.0799 30.8350
90.0865 30.8389
90.0931 30.8427
90.0997 30.8466
90.1063 30.8505
90.1129 30.8543
90.1195 30.8582
90.1261 30.8621
90.1328 30.8659
90.1394 30.8698
90.1460 30.8737
90.1526 30.8775
90.1592 30.8814
90.1658 30.8853
90.1724 30.8891
90.1790 30.8930
90.1856 30.8968
90.1922 30.9007
90.1988 30.9046
90.2055 30.9084
90.2121 30.9123
90.2187 30.9161
90.2253 30.9200
90.2319 30.9239
90.2385 30.9277
90.2451 30.9316
90.2517 30.9354
90.2583 30.9393
90.2649 30.9432
90.2715 30.9470
90.2781 30.9509
90.2847 30.9547
90.2913 30.9586
90.2979 30.9625
90.3045 30.9663
90.3112 30.9702
90.3178 30.9740
90.3244 30.9779
90.3310 30.9817
90.3376 30.9856
90.3442 30.9895
90.3508 30.9933
90.3574 30.9972
90.3640 31.0010
90.3706 31.0049
90.3772 31.0087
90.3838 31.0126
90.3904 31.0164
90.3970 31.0203
90.4036 31.0241
90.4102 31.0280
90.4168 31.0318
90.4234 31.0357
90.4300 31.0395
90.4366 31.0434
90.4432 31.0472
90.4498 31.0511
90.4564 31.0549
90.4630 31.0588
90.4696 31.0626
90.4762 31.0665
90.4828 31.0703
90.4894 31.0742
90.4960 31.0780
90.5026 31.0819
90.5092 31.0857
90.5158 31.0896
90.5224 31.0934
90.5290 31.0973
90.5356 31.1011
90.5422 31.1050
90.5488 31.1088
90.5554 31.1127
90.5620 31.1165
90.5686 31.1203
90.5751 31.1242
90.5817 31.1280
90.5883 31.1319
90.5949 31.1357
90.6015 31.1396
90.6081 31.1434
90.6147 31.1472
90.6213 31.1511
90.6279 31.1549
90.6345 31.1588
90.6411 31.1626
90.6477 31.1665
90.6543 31.1703
90.6609 31.1741
90.6675 31.1780
90.6741 31.1818
90.6806 31.1857
90.6872 31.1895
90.6938 31.1933
90.7004 31.1972
90.7070 31.2010
90.7136 31.2048
90.7202 31.2087
90.7268 31.2125
90.7334 31.2164
90.7400 31.2202
90.7466 31.2240
90.7531 31.2279
90.7597 31.2317
90.7663 31.2355
90.7729 31.2394
90.7795 31.2432
90.7861 31.2470
90.7927 31.2509
90.7993 31.2547
90.8058 31.2585
90.8124 31.2624
90.8190 31.2662
90.8256 31.2700
90.8322 31.2739
90.8388 31.2777
90.8454 31.2815
90.8520 31.2854
90.8585 31.2892
90.8651 31.2930
90.8717 31.2969
90.8783 31.3007
90.8849 31.3045
90.8915 31.3083
90.8980 31.3122
90.9046 31.3160
90.9112 31.3198
90.9178 31.3237
90.9244 31.3275
90.9310 31.3313
90.9375 31.3351
90.9441 31.3390
90.9507 31.3428
90.9573 31.3466
90.9639 31.3504
90.9705 31.3543
90.9770 31.3581
90.9836 31.3619
90.9902 31.3657
90.9968 31.3696
91.0034 31.3734
91.0099 31.3772
91.0165 31.3810
91.0231 31.3849
91.0297 31.3887
91.0363 31.3925
91.0428 31.3963
91.0494 31.4001
91.0560 31.4040
91.0626 31.4078
91.0692 31.4116
91.0757 31.4154
91.0823 31.4192
91.0889 31.4231
91.0955 31.4269
91.1021 31.4307
91.1086 31.4345
91.1152 31.4383
91.1218 31.4422
91.1284 31.4460
91.1349 31.4498
91.1415 31.4536
91.1481 31.4574
91.1547 31.4612
91.1612 31.4651
91.1678 31.4689
91.1744 31.4727
91.1810 31.4765
91.1875 31.4803
91.1941 31.4841
91.2007 31.4880
91.2073 31.4918
91.2138 31.4956
91.2204 31.4994
91.2270 31.5032
91.2336 31.5070
91.2401 31.5108
91.2467 31.5146
91.2533 31.5185
91.2598 31.5223
91.2664 31.5261
91.2730 31.5299
91.2796 31.5337
91.2861 31.5375
91.2927 31.5413
91.2993 31.5451
91.3059 31.5489
91.3124 31.5527
91.3190 31.5566
91.3256 31.5604
91.3321 31.5642
91.3387 31.5680
91.3453 31.5718
91.3518 31.5756
91.3584 31.5794
91.3650 31.5832
91.3715 31.5870
91.3781 31.5908
91.3847 31.5946
91.3913 31.5984
91.3978 31.6022
91.4044 31.6060
91.4110 31.6098
91.4175 31.6136
91.4241 31.6175
91.4307 31.6213
91.4372 31.6251
91.4438 31.6289
91.4504 31.6327
91.4569 31.6365
91.4635 31.6403
91.4701 31.6441
91.4766 31.6479
91.4832 31.6517
91.4898 31.6555
91.4963 31.6593
91.5029 31.6631
91.5094 31.6669
91.5160 31.6707
91.5226 31.6745
91.5291 31.6783
91.5357 31.6821
91.5423 31.6859
91.5488 31.6897
91.5554 31.6935
91.5620 31.6973
91.5685 31.7011
91.5751 31.7048
91.5816 31.7086
91.5882 31.7124
91.5948 31.7162
91.6013 31.7200
91.6079 31.7238
91.6144 31.7276
91.6210 31.7314
91.6276 31.7352
91.6341 31.7390
91.6407 31.7428
91.6472 31.7466
91.6538 31.7504
91.6604 31.7542
91.6669 31.7580
91.6735 31.7618
91.6800 31.7655
91.6866 31.7693
91.6932 31.7731
91.6997 31.7769
91.7063 31.7807
91.7128 31.7845
91.7194 31.7883
91.7260 31.7921
91.7325 31.7959
91.7391 31.7996
91.7456 31.8034
91.7522 31.8072
91.7587 31.8110
91.7653 31.8148
91.7718 31.8186
91.7784 31.8224
91.7850 31.8262
91.7915 31.8299
91.7981 31.8337
91.8046 31.8375
91.8112 31.8413
91.8177 31.8451
91.8243 31.8489
91.8308 31.8527
91.8374 31.8564
91.8439 31.8602
91.8505 31.8640
91.8571 31.8678
91.8636 31.8716
91.8702 31.8753
91.8767 31.8791
91.8833 31.8829
91.8898 31.8867
91.8964 31.8905
91.9029 31.8943
91.9095 31.8980
91.9160 31.9018
91.9226 31.9056
91.9291 31.9094
91.9357 31.9131
91.9422 31.9169
91.9488 31.9207
91.9553 31.9245
91.9619 31.9283
91.9684 31.9320
91.9750 31.9358
91.9815 31.9396
91.9881 31.9434
91.9946 31.9471
92.0012 31.9509
92.0077 31.9547
92.0143 31.9585
92.0208 31.9622
92.0274 31.9660
92.0339 31.9698
92.0405 31.9736
92.0470 31.9773
92.0535 31.9811
92.0601 31.9849
92.0666 31.9886
92.0732 31.9924
92.0797 31.9962
92.0863 32.0000
92.0928 32.0037
92.0994 32.0075
92.1059 32.0113
92.1125 32.0150
92.1190 32.0188
92.1255 32.0226
92.1321 32.0264
92.1386 32.0301
92.1452 32.0339
92.1517 32.0377
92.1583 32.0414
92.1648 32.0452
92.1713 32.0490
92.1779 32.0527
92.1844 32.0565
92.1910 32.0603
92.1975 32.0640
92.2041 32.0678
92.2106 32.0716
92.2171 32.0753
92.2237 32.0791
92.2302 32.0828
92.2368 32.0866
92.2433 32.0904
92.2498 32.0941
92.2564 32.0979
92.2629 32.1017
92.2695 32.1054
92.2760 32.1092
92.2825 32.1129
92.2891 32.1167
92.2956 32.1205
92.3022 32.1242
92.3087 32.1280
92.3152 32.1317
92.3218 32.1355
92.3283 32.1393
92.3348 32.1430
92.3414 32.1468
92.3479 32.1505
92.3545 32.1543
92.3610 32.1581
92.3675 32.1618
92.3741 32.1656
92.3806 32.1693
92.3871 32.1731
92.3937 32.1768
92.4002 32.1806
92.4067 32.1843
92.4133 32.1881
92.4198 32.1919
92.4264 32.1956
92.4329 32.1994
92.4394 32.2031
92.4460 32.2069
92.4525 32.2106
92.4590 32.2144
92.4656 32.2181
92.4721 32.2219
92.4786 32.2256
92.4852 32.2294
92.4917 32.2331
92.4982 32.2369
92.5047 32.2406
92.5113 32.2444
92.5178 32.2481
92.5243 32.2519
92.5309 32.2556
92.5374 32.2594
92.5439 32.2631
92.5505 32.2669
92.5570 32.2706
92.5635 32.2744
92.5701 32.2781
92.5766 32.2819
92.5831 32.2856
92.5896 32.2893
92.5962 32.2931
92.6027 32.2968
92.6092 32.3006
92.6158 32.3043
92.6223 32.3081
92.6288 32.3118
92.6353 32.3156
92.6419 32.3193
92.6484 32.3230
92.6549 32.3268
92.6614 32.3305
92.6680 32.3343
92.6745 32.3380
92.6810 32.3417
92.6876 32.3455
92.6941 32.3492
92.7006 32.3530
92.7071 32.3567
92.7137 32.3604
92.7202 32.3642
92.7267 32.3679
92.7332 32.3717
92.7398 32.3754
92.7463 32.3791
92.7528 32.3829
92.7593 32.3866
92.7659 32.3904
92.7724 32.3941
92.7789 32.3978
92.7854 32.4016
92.7919 32.4053
92.7985 32.4090
92.8050 32.4128
92.8115 32.4165
92.8180 32.4202
92.8246 32.4240
92.8311 32.4277
92.8376 32.4314
92.8441 32.4352
92.8506 32.4389
92.8572 32.4426
92.8637 32.4464
92.8702 32.4501
92.8767 32.4538
92.8832 32.4576
92.8898 32.4613
92.8963 32.4650
92.9028 32.4688
92.9093 32.4725
92.9158 32.4762
92.9224 32.4799
92.9289 32.4837
92.9354 32.4874
92.9419 32.4911
92.9484 32.4949
92.9550 32.4986
92.9615 32.5023
92.9680 32.5060
92.9745 32.5098
92.9810 32.5135
92.9875 32.5172
92.9941 32.5209
93.0006 32.5247
93.0071 32.5284
93.0136 32.5321
93.0201 32.5358
93.0266 32.5396
93.0332 32.5433
93.0397 32.5470
93.0462 32.5507
93.0527 32.5544
93.0592 32.5582
93.0657 32.5619
93.0722 32.5656
93.0788 32.5693
93.0853 32.5731
93.0918 32.5768
93.0983 32.5805
93.1048 32.5842
93.1113 32.5879
93.1178 32.5917
93.1244 32.5954
93.1309 32.5991
93.1374 32.6028
93.1439 32.6065
93.1504 32.6102
93.1569 32.6140
93.1634 32.6177
93.1699 32.6214
93.1764 32.6251
93.1830 32.6288
93.1895 32.6325
93.1960 32.6363
93.2025 32.6400
93.2090 32.6437
93.2155 32.6474
93.2220 32.6511
93.2285 32.6548
93.2350 32.6585
93.2415 32.6623
93.2481 32.6660
93.2546 32.6697
93.2611 32.6734
93.2676 32.6771
93.2741 32.6808
93.2806 32.6845
93.2871 32.6882
93.2936 32.6919
93.3001 32.6956
93.3066 32.6994
93.3131 32.7031
93.3196 32.7068
93.3261 32.7105
93.3327 32.7142
93.3392 32.7179
93.3457 32.7216
93.3522 32.7253
93.3587 32.7290
93.3652 32.7327
93.3717 32.7364
93.3782 32.7401
93.3847 32.7438
93.3912 32.7475
93.3977 32.7513
93.4042 32.7550
93.4107 32.7587
93.4172 32.7624
93.4237 32.7661
93.4302 32.7698
93.4367 32.7735
93.4432 32.7772
93.4497 32.7809
93.4562 32.7846
93.4627 32.7883
93.4692 32.7920
93.4757 32.7957
93.4822 32.7994
93.4887 32.8031
93.4952 32.8068
93.5017 32.8105
93.5083 32.8142
93.5148 32.8179
93.5213 32.8216
93.5278 32.8253
93.5343 32.8290
93.5408 32.8327
93.5473 32.8364
93.5538 32.8401
93.5603 32.8438
93.5667 32.8475
93.5732 32.8512
93.5797 32.8548
93.5862 32.8585
93.5927 32.8622
93.5992 32.8659
93.6057 32.8696
93.6122 32.8733
93.6187 32.8770
93.6252 32.8807
93.6317 32.8844
93.6382 32.8881
93.6447 32.8918
93.6512 32.8955
93.6577 32.8992
93.6642 32.9029
93.6707 32.9065
93.6772 32.9102
93.6837 32.9139
93.6902 32.9176
93.6967 32.9213
93.7032 32.9250
93.7097 32.9287
93.7162 32.9324
93.7227 32.9361
93.7292 32.9397
93.7357 32.9434
93.7421 32.9471
93.7486 32.9508
93.7551 32.9545
93.7616 32.9582
93.7681 32.9619
93.7746 32.9655
93.7811 32.9692
93.7876 32.9729
93.7941 32.9766
93.8006 32.9803
93.8071 32.9840
93.8136 32.9876
93.8201 32.9913
93.8265 32.9950
93.8330 32.9987
93.8395 33.0024
93.8460 33.0061
93.8525 33.0097
93.8590 33.0134
93.8655 33.0171
93.8720 33.0208
93.8785 33.0245
93.8850 33.0281
93.8914 33.0318
93.8979 33.0355
93.9044 33.0392
93.9109 33.0428
93.9174 33.0465
93.9239 33.0502
93.9304 33.0539
93.9369 33.0576
93.9434 33.0612
93.9498 33.0649
93.9563 33.0686
93.9628 33.0723
93.9693 33.0759
93.9758 33.0796
93.9823 33.0833
93.9888 33.0870
93.9952 33.0906
94.0017 33.0943
94.0082 33.0980
94.0147 33.1016
94.0212 33.1053
94.0277 33.1090
94.0342 33.1127
94.0406 33.1163
94.0471 33.1200
94.0536 33.1237
94.0601 33.1273
94.0666 33.1310
94.0731 33.1347
94.0795 33.1384
94.0860 33.1420
94.0925 33.1457
94.0990 33.1494
94.1055 33.1530
94.1120 33.1567
94.1184 33.1604
94.1249 33.1640
94.1314 33.1677
94.1379 33.1714
94.1444 33.1750
94.1508 33.1787
94.1573 33.1823
94.1638 33.1860
94.1703 33.1897
94.1768 33.1933
94.1832 33.1970
94.1897 33.2007
94.1962 33.2043
94.2027 33.2080
94.2092 33.2117
94.2156 33.2153
94.2221 33.2190
94.2286 33.2226
94.2351 33.2263
94.2416 33.2300
94.2480 33.2336
94.2545 33.2373
94.2610 33.2409
94.2675 33.2446
94.2739 33.2483
94.2804 33.2519
94.2869 33.2556
94.2934 33.2592
94.2998 33.2629
94.3063 33.2665
94.3128 33.2702
94.3193 33.2739
94.3258 33.2775
94.3322 33.2812
94.3387 33.2848
94.3452 33.2885
94.3517 33.2921
94.3581 33.2958
94.3646 33.2994
94.3711 33.3031
94.3776 33.3067
94.3840 33.3104
94.3905 33.3141
94.3970 33.3177
94.4034 33.3214
94.4099 33.3250
94.4164 33.3287
94.4229 33.3323
94.4293 33.3360
94.4358 33.3396
94.4423 33.3433
94.4488 33.3469
94.4552 33.3506
94.4617 33.3542
94.4682 33.3579
94.4746 33.3615
94.4811 33.3652
94.4876 33.3688
94.4941 33.3724
94.5005 33.3761
94.5070 33.3797
94.5135 33.3834
94.5199 33.3870
94.5264 33.3907
94.5329 33.3943
94.5394 33.3980
94.5458 33.4016
94.5523 33.4053
94.5588 33.4089
94.5652 33.4125
94.5717 33.4162
94.5782 33.4198
94.5846 33.4235
94.5911 33.4271
94.5976 33.4308
94.6040 33.4344
94.6105 33.4380
94.6170 33.4417
94.6234 33.4453
94.6299 33.4490
94.6364 33.4526
94.6428 33.4562
94.6493 33.4599
94.6558 33.4635
94.6622 33.4671
94.6687 33.4708
94.6752 33.4744
94.6816 33.4781
94.6881 33.4817
94.6946 33.4853
94.7010 33.4890
94.7075 33.4926
94.7140 33.4962
94.7204 33.4999
94.7269 33.5035
94.7334 33.5071
94.7398 33.5108
94.7463 33.5144
94.7527 33.5180
94.7592 33.5217
94.7657 33.5253
94.7721 33.5289
94.7786 33.5326
94.7851 33.5362
94.7915 33.5398
94.7980 33.5435
94.8044 33.5471
94.8109 33.5507
94.8174 33.5544
94.8238 33.5580
94.8303 33.5616
94.8368 33.5652
94.8432 33.5689
94.8497 33.5725
94.8561 33.5761
94.8626 33.5798
94.8691 33.5834
94.8755 33.5870
94.8820 33.5906
94.8884 33.5943
94.8949 33.5979
94.9014 33.6015
94.9078 33.6051
94.9143 33.6088
94.9207 33.6124
94.9272 33.6160
94.9336 33.6196
94.9401 33.6233
94.9466 33.6269
94.9530 33.6305
94.9595 33.6341
94.9659 33.6378
94.9724 33.6414
94.9788 33.6450
94.9853 33.6486
94.9918 33.6522
94.9982 33.6559
95.0047 33.6595
95.0111 33.6631
95.0176 33.6667
95.0240 33.6703
95.0305 33.6739
95.0369 33.6776
95.0434 33.6812
95.0499 33.6848
95.0563 33.6884
95.0628 33.6920
95.0692 33.6957
95.0757 33.6993
95.0821 33.7029
95.0886 33.7065
95.0950 33.7101
95.1015 33.7137
95.1079 33.7173
95.1144 33.7210
95.1208 33.7246
95.1273 33.7282
95.1338 33.7318
95.1402 33.7354
95.1467 33.7390
95.1531 33.7426
95.1596 33.7462
95.1660 33.7499
95.1725 33.7535
95.1789 33.7571
95.1854 33.7607
95.1918 33.7643
95.1983 33.7679
95.2047 33.7715
95.2112 33.7751
95.2176 33.7787
95.2241 33.7823
95.2305 33.7859
95.2370 33.7896
95.2434 33.7932
95.2499 33.7968
95.2563 33.8004
95.2628 33.8040
95.2692 33.8076
95.2757 33.8112
95.2821 33.8148
95.2886 33.8184
95.2950 33.8220
95.3014 33.8256
95.3079 33.8292
95.3143 33.8328
95.3208 33.8364
95.3272 33.8400
95.3337 33.8436
95.3401 33.8472
95.3466 33.8508
95.3530 33.8544
95.3595 33.8580
95.3659 33.8616
95.3724 33.8652
95.3788 33.8688
95.3852 33.8724
95.3917 33.8760
95.3981 33.8796
95.4046 33.8832
95.4110 33.8868
95.4175 33.8904
95.4239 33.8940
95.4304 33.8976
95.4368 33.9012
95.4432 33.9048
95.4497 33.9084
95.4561 33.9120
95.4626 33.9156
95.4690 33.9192
95.4755 33.9228
95.4819 33.9264
95.4883 33.9300
95.4948 33.9335
95.5012 33.9371
95.5077 33.9407
95.5141 33.9443
95.5205 33.9479
95.5270 33.9515
95.5334 33.9551
95.5399 33.9587
95.5463 33.9623
95.5527 33.9659
95.5592 33.9695
95.5656 33.9730
95.5721 33.9766
95.5785 33.9802
95.5849 33.9838
95.5914 33.9874
95.5978 33.9910
95.6043 33.9946
95.6107 33.9982
95.6171 34.0017
95.6236 34.0053
95.6300 34.0089
95.6364 34.0125
95.6429 34.0161
95.6493 34.0197
95.6558 34.0233
95.6622 34.0268
95.6686 34.0304
95.6751 34.0340
95.6815 34.0376
95.6879 34.0412
95.6944 34.0448
95.7008 34.0483
95.7072 34.0519
95.7137 34.0555
95.7201 34.0591
95.7265 34.0627
95.7330 34.0662
95.7394 34.0698
95.7458 34.0734
95.7523 34.0770
95.7587 34.0806
95.7651 34.0841
95.7716 34.0877
95.7780 34.0913
95.7844 34.0949
95.7909 34.0984
95.7973 34.1020
95.8037 34.1056
95.8102 34.1092
95.8166 34.1127
95.8230 34.1163
95.8295 34.1199
95.8359 34.1235
95.8423 34.1270
95.8488 34.1306
95.8552 34.1342
95.8616 34.1378
95.8681 34.1413
95.8745 34.1449
95.8809 34.1485
95.8874 34.1520
95.8938 34.1556
95.9002 34.1592
95.9066 34.1628
95.9131 34.1663
95.9195 34.1699
95.9259 34.1735
95.9324 34.1770
95.9388 34.1806
95.9452 34.1842
95.9516 34.1877
95.9581 34.1913
95.9645 34.1949
95.9709 34.1984
95.9774 34.2020
95.9838 34.2056
95.9902 34.2091
95.9966 34.2127
96.0031 34.2163
96.0095 34.2198
96.0159 34.2234
96.0224 34.2270
96.0288 34.2305
96.0352 34.2341
96.0416 34.2377
96.0481 34.2412
96.0545 34.2448
96.0609 34.2483
96.0673 34.2519
96.0738 34.2555
96.0802 34.2590
96.0866 34.2626
96.0930 34.2661
96.0995 34.2697
96.1059 34.2733
96.1123 34.2768
96.1187 34.2804
96.1252 34.2839
96.1316 34.2875
96.1380 34.2911
96.1444 34.2946
96.1508 34.2982
96.1573 34.3017
96.1637 34.3053
96.1701 34.3088
96.1765 34.3124
96.1830 34.3160
96.1894 34.3195
96.1958 34.3231
96.2022 34.3266
96.2086 34.3302
96.2151 34.3337
96.2215 34.3373
96.2279 34.3408
96.2343 34.3444
96.2408 34.3479
96.2472 34.3515
96.2536 34.3550
96.2600 34.3586
96.2664 34.3621
96.2729 34.3657
96.2793 34.3692
96.2857 34.3728
96.2921 34.3763
96.2985 34.3799
96.3049 34.3834
96.3114 34.3870
96.3178 34.3905
96.3242 34.3941
96.3306 34.3976
96.3370 34.4012
96.3435 34.4047
96.3499 34.4083
96.3563 34.4118
96.3627 34.4154
96.3691 34.4189
96.3755 34.4224
96.3820 34.4260
96.3884 34.4295
96.3948 34.4331
96.4012 34.4366
96.4076 34.4402
96.4140 34.4437
96.4205 34.4472
96.4269 34.4508
96.4333 34.4543
96.4397 34.4579
96.4461 34.4614
96.4525 34.4650
96.4589 34.4685
96.4654 34.4720
96.4718 34.4756
96.4782 34.4791
96.4846 34.4826
96.4910 34.4862
96.4974 34.4897
96.5038 34.4933
96.5103 34.4968
96.5167 34.5003
96.5231 34.5039
96.5295 34.5074
96.5359 34.5109
96.5423 34.5145
96.5487 34.5180
96.5551 34.5215
96.5616 34.5251
96.5680 34.5286
96.5744 34.5321
96.5808 34.5357
96.5872 34.5392
96.5936 34.5427
96.6000 34.5463
96.6064 34.5498
96.6128 34.5533
96.6193 34.5569
96.6257 34.5604
96.6321 34.5639
96.6385 34.5675
96.6449 34.5710
96.6513 34.5745
96.6577 34.5780
96.6641 34.5816
96.6705 34.5851
96.6769 34.5886
96.6833 34.5922
96.6898 34.5957
96.6962 34.5992
96.7026 34.6027
96.7090 34.6063
96.7154 34.6098
96.7218 34.6133
96.7282 34.6168
96.7346 34.6204
96.7410 34.6239
96.7474 34.6274
96.7538 34.6309
96.7602 34.6345
96.7666 34.6380
96.7730 34.6415
96.7794 34.6450
96.7859 34.6485
96.7923 34.6521
96.7987 34.6556
96.8051 34.6591
96.8115 34.6626
96.8179 34.6661
96.8243 34.6697
96.8307 34.6732
96.8371 34.6767
96.8435 34.6802
96.8499 34.6837
96.8563 34.6873
96.8627 34.6908
96.8691 34.6943
96.8755 34.6978
96.8819 34.7013
96.8883 34.7048
96.8947 34.7084
96.9011 34.7119
96.9075 34.7154
96.9139 34.7189
96.9203 34.7224
96.9267 34.7259
96.9331 34.7294
96.9395 34.7330
96.9459 34.7365
96.9523 34.7400
96.9587 34.7435
96.9651 34.7470
96.9715 34.7505
96.9779 34.7540
96.9843 34.7575
96.9907 34.7610
96.9971 34.7646
97.0035 34.7681
97.0099 34.7716
97.0163 34.7751
97.0227 34.7786
97.0291 34.7821
97.0355 34.7856
97.0419 34.7891
97.0483 34.7926
97.0547 34.7961
97.0611 34.7996
97.0675 34.8031
97.0739 34.8066
97.0803 34.8101
97.0867 34.8136
97.0931 34.8171
97.0995 34.8207
97.1059 34.8242
97.1123 34.8277
97.1187 34.8312
97.1251 34.8347
97.1315 34.8382
97.1379 34.8417
97.1443 34.8452
97.1507 34.8487
97.1571 34.8522
97.1635 34.8557
97.1698 34.8592
97.1762 34.8627
97.1826 34.8662
97.1890 34.8697
97.1954 34.8732
97.2018 34.8767
97.2082 34.8802
97.2146 34.8837
97.2210 34.8872
97.2274 34.8906
97.2338 34.8941
97.2402 34.8976
97.2466 34.9011
97.2530 34.9046
97.2594 34.9081
97.2657 34.9116
97.2721 34.9151
97.2785 34.9186
97.2849 34.9221
97.2913 34.9256
97.2977 34.9291
97.3041 34.9326
97.3105 34.9361
97.3169 34.9396
97.3233 34.9430
97.3297 34.9465
97.3360 34.9500
97.3424 34.9535
97.3488 34.9570
97.3552 34.9605
97.3616 34.9640
97.3680 34.9675
97.3744 34.9710
97.3808 34.9744
97.3872 34.9779
97.3935 34.9814
97.3999 34.9849
97.4063 34.9884
97.4127 34.9919
97.4191 34.9954
97.4255 34.9989
97.4319 35.0023
97.4383 35.0058
97.4447 35.0093
97.4510 35.0128
97.4574 35.0163
97.4638 35.0198
97.4702 35.0232
97.4766 35.0267
97.4830 35.0302
97.4894 35.0337
97.4957 35.0372
97.5021 35.0406
97.5085 35.0441
97.5149 35.0476
97.5213 35.0511
97.5277 35.0546
97.5341 35.0580
97.5404 35.0615
97.5468 35.0650
97.5532 35.0685
97.5596 35.0720
97.5660 35.0754
97.5724 35.0789
97.5787 35.0824
97.5851 35.0859
97.5915 35.0893
97.5979 35.0928
97.6043 35.0963
97.6107 35.0998
97.6170 35.1032
97.6234 35.1067
97.6298 35.1102
97.6362 35.1137
97.6426 35.1171
97.6490 35.1206
97.6553 35.1241
97.6617 35.1275
97.6681 35.1310
97.6745 35.1345
97.6809 35.1380
97.6872 35.1414
97.6936 35.1449
97.7000 35.1484
97.7064 35.1518
97.7128 35.1553
97.7191 35.1588
97.7255 35.1622
97.7319 35.1657
97.7383 35.1692
97.7447 35.1726
97.7510 35.1761
97.7574 35.1796
97.7638 35.1830
97.7702 35.1865
97.7766 35.1900
97.7829 35.1934
97.7893 35.1969
97.7957 35.2004
97.8021 35.2038
97.8084 35.2073
97.8148 35.2108
97.8212 35.2142
97.8276 35.2177
97.8340 35.2211
97.8403 35.2246
97.8467 35.2281
97.8531 35.2315
97.8595 35.2350
97.8658 35.2384
97.8722 35.2419
97.8786 35.2454
97.8850 35.2488
97.8913 35.2523
97.8977 35.2557
97.9041 35.2592
97.9105 35.2627
97.9168 35.2661
97.9232 35.2696
97.9296 35.2730
97.9360 35.2765
97.9423 35.2799
97.9487 35.2834
97.9551 35.2868
97.9615 35.2903
97.9678 35.2938
97.9742 35.2972
97.9806 35.3007
97.9870 35.3041
97.9933 35.3076
97.9997 35.3110
98.0061 35.3145
98.0124 35.3179
98.0188 35.3214
98.0252 35.3248
98.0316 35.3283
98.0379 35.3317
98.0443 35.3352
98.0507 35.3386
98.0571 35.3421
98.0634 35.3455
98.0698 35.3490
98.0762 35.3524
98.0825 35.3559
98.0889 35.3593
98.0953 35.3628
98.1016 35.3662
98.1080 35.3696
98.1144 35.3731
98.1208 35.3765
98.1271 35.3800
98.1335 35.3834
98.1399 35.3869
98.1462 35.3903
98.1526 35.3938
98.1590 35.3972
98.1653 35.4006
98.1717 35.4041
98.1781 35.4075
98.1844 35.4110
98.1908 35.4144
98.1972 35.4179
98.2035 35.4213
98.2099 35.4247
98.2163 35.4282
98.2226 35.4316
98.2290 35.4350
98.2354 35.4385
98.2417 35.4419
98.2481 35.4454
98.2545 35.4488
98.2608 35.4522
98.2672 35.4557
98.2736 35.4591
98.2799 35.4625
98.2863 35.4660
98.2927 35.4694
98.2990 35.4729
98.3054 35.4763
98.3118 35.4797
98.3181 35.4832
98.3245 35.4866
98.3309 35.4900
98.3372 35.4935
98.3436 35.4969
98.3499 35.5003
98.3563 35.5037
98.3627 35.5072
98.3690 35.5106
98.3754 35.5140
98.3818 35.5175
98.3881 35.5209
98.3945 35.5243
98.4008 35.5278
98.4072 35.5312
98.4136 35.5346
98.4199 35.5380
98.4263 35.5415
98.4327 35.5449
98.4390 35.5483
98.4454 35.5518
98.4517 35.5552
98.4581 35.5586
98.4645 35.5620
98.4708 35.5655
98.4772 35.5689
98.4835 35.5723
98.4899 35.5757
98.4963 35.5791
98.5026 35.5826
98.5090 35.5860
98.5153 35.5894
98.5217 35.5928
98.5281 35.5963
98.5344 35.5997
98.5408 35.6031
98.5471 35.6065
98.5535 35.6099
98.5598 35.6134
98.5662 35.6168
98.5726 35.6202
98.5789 35.6236
98.5853 35.6270
98.5916 35.6305
98.5980 35.6339
98.6043 35.6373
98.6107 35.6407
98.6171 35.6441
98.6234 35.6475
98.6298 35.6509
98.6361 35.6544
98.6425 35.6578
98.6488 35.6612
98.6552 35.6646
98.6615 35.6680
98.6679 35.6714
98.6743 35.6748
98.6806 35.6783
98.6870 35.6817
98.6933 35.6851
98.6997 35.6885
98.7060 35.6919
98.7124 35.6953
98.7187 35.6987
98.7251 35.7021
98.7314 35.7055
98.7378 35.7090
98.7441 35.7124
98.7505 35.7158
98.7569 35.7192
98.7632 35.7226
98.7696 35.7260
98.7759 35.7294
98.7823 35.7328
98.7886 35.7362
98.7950 35.7396
98.8013 35.7430
98.8077 35.7464
98.8140 35.7498
98.8204 35.7532
98.8267 35.7566
98.8331 35.7600
98.8394 35.7634
98.8458 35.7668
98.8521 35.7703
98.8585 35.7737
98.8648 35.7771
98.8712 35.7805
98.8775 35.7839
98.8839 35.7873
98.8902 35.7907
98.8966 35.7941
98.9029 35.7975
98.9093 35.8009
98.9156 35.8043
98.9220 35.8076
98.9283 35.8110
98.9347 35.8144
98.9410 35.8178
98.9473 35.8212
98.9537 35.8246
98.9600 35.8280
98.9664 35.8314
98.9727 35.8348
98.9791 35.8382
98.9854 35.8416
98.9918 35.8450
98.9981 35.8484
99.0045 35.8518
99.0108 35.8552
99.0172 35.8586
99.0235 35.8620
99.0299 35.8654
99.0362 35.8688
99.0425 35.8721
99.0489 35.8755
99.0552 35.8789
99.0616 35.8823
99.0679 35.8857
99.0743 35.8891
99.0806 35.8925
99.0870 35.8959
99.0933 35.8993
99.0996 35.9026
99.1060 35.9060
99.1123 35.9094
99.1187 35.9128
99.1250 35.9162
99.1314 35.9196
99.1377 35.9230
99.1440 35.9263
99.1504 35.9297
99.1567 35.9331
99.1631 35.9365
99.1694 35.9399
99.1758 35.9433
99.1821 35.9467
99.1884 35.9500
99.1948 35.9534
99.2011 35.9568
99.2075 35.9602
99.2138 35.9636
99.2202 35.9669
99.2265 35.9703
99.2328 35.9737
99.2392 35.9771
99.2455 35.9805
99.2519 35.9838
99.2582 35.9872
99.2645 35.9906
99.2709 35.9940
99.2772 35.9974
99.2836 36.0007
99.2899 36.0041
99.2962 36.0075
99.3026 36.0109
99.3089 36.0142
99.3152 36.0176
99.3216 36.0210
99.3279 36.0244
99.3343 36.0277
99.3406 36.0311
99.3469 36.0345
99.3533 36.0378
99.3596 36.0412
99.3659 36.0446
99.3723 36.0480
99.3786 36.0513
99.3850 36.0547
99.3913 36.0581
99.3976 36.0614
99.4040 36.0648
99.4103 36.0682
99.4166 36.0716
99.4230 36.0749
99.4293 36.0783
99.4357 36.0817
99.4420 36.0850
99.4483 36.0884
99.4547 36.0918
99.4610 36.0951
99.4673 36.0985
99.4737 36.1019
99.4800 36.1052
99.4863 36.1086
99.4927 36.1120
99.4990 36.1153
99.5053 36.1187
99.5117 36.1220
99.5180 36.1254
99.5243 36.1288
99.5307 36.1321
99.5370 36.1355
99.5433 36.1389
99.5497 36.1422
99.5560 36.1456
99.5623 36.1489
99.5687 36.1523
99.5750 36.1557
99.5813 36.1590
99.5877 36.1624
99.5940 36.1657
99.6003 36.1691
99.6067 36.1725
99.6130 36.1758
99.6193 36.1792
99.6256 36.1825
99.6320 36.1859
99.6383 36.1892
99.6446 36.1926
99.6510 36.1959
99.6573 36.1993
99.6636 36.2027
99.6700 36.2060
99.6763 36.2094
99.6826 36.2127
99.6889 36.2161
99.6953 36.2194
99.7016 36.2228
99.7079 36.2261
99.7143 36.2295
99.7206 36.2328
99.7269 36.2362
99.7332 36.2395
99.7396 36.2429
99.7459 36.2462
99.7522 36.2496
99.7586 36.2529
99.7649 36.2563
99.7712 36.2596
99.7775 36.2630
99.7839 36.2663
99.7902 36.2697
99.7965 36.2730
99.8028 36.2764
99.8092 36.2797
99.8155 36.2830
99.8218 36.2864
99.8281 36.2897
99.8345 36.2931
99.8408 36.2964
99.8471 36.2998
99.8535 36.3031
99.8598 36.3064
99.8661 36.3098
99.8724 36.3131
99.8787 36.3165
99.8851 36.3198
99.8914 36.3232
99.8977 36.3265
99.9040 36.3298
99.9104 36.3332
99.9167 36.3365
99.9230 36.3399
99.9293 36.3432
99.9357 36.3465
99.9420 36.3499
99.9483 36.3532
99.9546 36.3565
99.9610 36.3599
99.9673 36.3632
99.9736 36.3665
99.9799 36.3699
99.9862 36.3732
99.9926 36.3766
99.9989 36.3799
100.0052 36.3832
100.0115 36.3866
100.0178 36.3899
100.0242 36.3932
100.0305 36.3966
100.0368 36.3999
100.0431 36.4032
100.0495 36.4065
100.0558 36.4099
100.0621 36.4132
100.0684 36.4165
100.0747 36.4199
100.0810 36.4232
100.0874 36.4265
100.0937 36.4299
100.1000 36.4332
100.1063 36.4365
100.1126 36.4398
100.1190 36.4432
100.1253 36.4465
100.1316 36.4498
100.1379 36.4531
100.1442 36.4565
100.1506 36.4598
100.1569 36.4631
100.1632 36.4664
100.1695 36.4698
100.1758 36.4731
100.1821 36.4764
100.1885 36.4797
100.1948 36.4831
100.2011 36.4864
100.2074 36.4897
100.2137 36.4930
100.2200 36.4963
100.2263 36.4997
100.2327 36.5030
100.2390 36.5063
100.2453 36.5096
100.2516 36.5129
100.2579 36.5163
100.2642 36.5196
100.2706 36.5229
100.2769 36.5262
100.2832 36.5295
100.2895 36.5328
100.2958 36.5362
100.3021 36.5395
100.3084 36.5428
100.3148 36.5461
100.3211 36.5494
100.3274 36.5527
100.3337 36.5560
100.3400 36.5594
100.3463 36.5627
100.3526 36.5660
100.3589 36.5693
100.3653 36.5726
100.3716 36.5759
100.3779 36.5792
100.3842 36.5825
100.3905 36.5859
100.3968 36.5892
100.4031 36.5925
100.4094 36.5958
100.4157 36.5991
100.4221 36.6024
100.4284 36.6057
100.4347 36.6090
100.4410 36.6123
100.4473 36.6156
100.4536 36.6189
100.4599 36.6222
100.4662 36.6255
100.4725 36.6289
100.4788 36.6322
100.4852 36.6355
100.4915 36.6388
100.4978 36.6421
100.5041 36.6454
100.5104 36.6487
100.5167 36.6520
100.5230 36.6553
100.5293 36.6586
100.5356 36.6619
100.5419 36.6652
100.5482 36.6685
100.5545 36.6718
100.5609 36.6751
100.5672 36.6784
100.5735 36.6817
100.5798 36.6850
100.5861 36.6883
100.5924 36.6916
100.5987 36.6949
100.6050 36.6982
100.6113 36.7015
100.6176 36.7048
100.6239 36.7081
100.6302 36.7114
100.6365 36.7147
100.6428 36.7180
100.6491 36.7212
100.6554 36.7245
100.6618 36.7278
100.6681 36.7311
100.6744 36.7344
100.6807 36.7377
100.6870 36.7410
100.6933 36.7443
100.6996 36.7476
100.7059 36.7509
100.7122 36.7542
100.7185 36.7575
100.7248 36.7608
100.7311 36.7640
100.7374 36.7673
100.7437 36.7706
100.7500 36.7739
100.7563 36.7772
100.7626 36.7805
100.7689 36.7838
100.7752 36.7871
100.7815 36.7903
100.7878 36.7936
100.7941 36.7969
100.8004 36.8002
100.8067 36.8035
100.8130 36.8068
100.8193 36.8101
100.8256 36.8133
100.8319 36.8166
100.8382 36.8199
100.8445 36.8232
100.8508 36.8265
100.8571 36.8298
100.8634 36.8330
100.8697 36.8363
100.8760 36.8396
100.8823 36.8429
100.8886 36.8462
100.8949 36.8494
100.9012 36.8527
100.9075 36.8560
100.9138 36.8593
100.9201 36.8626
100.9264 36.8658
100.9327 36.8691
100.9390 36.8724
100.9453 36.8757
100.9516 36.8789
100.9579 36.8822
100.9642 36.8855
100.9705 36.8888
100.9768 36.8920
100.9831 36.8953
100.9894 36.8986
100.9957 36.9019
101.0020 36.9051
101.0083 36.9084
101.0146 36.9117
101.0209 36.9150
101.0272 36.9182
101.0335 36.9215
101.0398 36.9248
101.0461 36.9280
101.0524 36.9313
101.0587 36.9346
101.0650 36.9378
101.0713 36.9411
101.0776 36.9444
101.0839 36.9477
101.0902 36.9509
101.0964 36.9542
101.1027 36.9575
101.1090 36.9607
101.1153 36.9640
101.1216 36.9673
101.1279 36.9705
101.1342 36.9738
101.1405 36.9771
101.1468 36.9803
101.1531 36.9836
101.1594 36.9868
101.1657 36.9901
101.1720 36.9934
101.1783 36.9966
101.1846 36.9999
101.1909 37.0032
101.1971 37.0064
101.2034 37.0097
101.2097 37.0129
101.2160 37.0162
101.2223 37.0195
101.2286 37.0227
101.2349 37.0260
101.2412 37.0292
101.2475 37.0325
101.2538 37.0358
101.2601 37.0390
101.2664 37.0423
101.2726 37.0455
101.2789 37.0488
101.2852 37.0520
101.2915 37.0553
101.2978 37.0585
101.3041 37.0618
101.3104 37.0651
101.3167 37.0683
101.3230 37.0716
101.3293 37.0748
101.3355 37.0781
101.3418 37.0813
101.3481 37.0846
101.3544 37.0878
101.3607 37.0911
101.3670 37.0943
101.3733 37.0976
101.3796 37.1008
101.3859 37.1041
101.3921 37.1073
101.3984 37.1106
101.4047 37.1138
101.4110 37.1171
101.4173 37.1203
101.4236 37.1236
101.4299 37.1268
101.4362 37.1301
101.4424 37.1333
101.4487 37.1366
101.4550 37.1398
101.4613 37.1430
101.4676 37.1463
101.4739 37.1495
101.4802 37.1528
101.4864 37.1560
101.4927 37.1593
101.4990 37.1625
101.5053 37.1657
101.5116 37.1690
101.5179 37.1722
101.5241 37.1755
101.5304 37.1787
101.5367 37.1820
101.5430 37.1852
101.5493 37.1884
101.5556 37.1917
101.5619 37.1949
101.5681 37.1981
101.5744 37.2014
101.5807 37.2046
101.5870 37.2079
101.5933 37.2111
101.5996 37.2143
101.6058 37.2176
101.6121 37.2208
101.6184 37.2240
101.6247 37.2273
101.6310 37.2305
101.6372 37.2337
101.6435 37.2370
101.6498 37.2402
101.6561 37.2434
101.6624 37.2467
101.6687 37.2499
101.6749 37.2531
101.6812 37.2564
101.6875 37.2596
101.6938 37.2628
101.7001 37.2661
101.7063 37.2693
101.7126 37.2725
101.7189 37.2757
101.7252 37.2790
101.7315 37.2822
101.7377 37.2854
101.7440 37.2887
101.7503 37.2919
101.7566 37.2951
101.7629 37.2983
101.7691 37.3016
101.7754 37.3048
101.7817 37.3080
101.7880 37.3112
101.7942 37.3145
101.8005 37.3177
101.8068 37.3209
101.8131 37.3241
101.8194 37.3274
101.8256 37.3306
101.8319 37.3338
101.8382 37.3370
101.8445 37.3402
101.8507 37.3435
101.8570 37.3467
101.8633 37.3499
101.8696 37.3531
101.8759 37.3563
101.8821 37.3596
101.8884 37.3628
101.8947 37.3660
101.9010 37.3692
101.9072 37.3724
101.9135 37.3756
101.9198 37.3789
101.9261 37.3821
101.9323 37.3853
101.9386 37.3885
101.9449 37.3917
101.9512 37.3949
101.9574 37.3982
101.9637 37.4014
101.9700 37.4046
101.9762 37.4078
101.9825 37.4110
101.9888 37.4142
101.9951 37.4174
102.0013 37.4206
102.0076 37.4239
102.0139 37.4271
102.0202 37.4303
102.0264 37.4335
102.0327 37.4367
102.0390 37.4399
102.0452 37.4431
102.0515 37.4463
102.0578 37.4495
102.0641 37.4527
102.0703 37.4559
102.0766 37.4591
102.0829 37.4624
102.0892 37.4656
102.0954 37.4688
102.1017 37.4720
102.1080 37.4752
102.1142 37.4784
102.1205 37.4816
102.1268 37.4848
102.1330 37.4880
102.1393 37.4912
102.1456 37.4944
102.1519 37.4976
102.1581 37.5008
102.1644 37.5040
102.1707 37.5072
102.1769 37.5104
102.1832 37.5136
102.1895 37.5168
102.1957 37.5200
102.2020 37.5232
102.2083 37.5264
102.2145 37.5296
102.2208 37.5328
102.2271 37.5360
102.2334 37.5392
102.2396 37.5424
102.2459 37.5456
102.2522 37.5488
102.2584 37.5520
102.2647 37.5552
102.2710 37.5584
102.2772 37.5616
102.2835 37.5647
102.2898 37.5679
102.2960 37.5711
102.3023 37.5743
102.3086 37.5775
102.3148 37.5807
102.3211 37.5839
102.3274 37.5871
102.3336 37.5903
102.3399 37.5935
102.3462 37.5967
102.3524 37.5998
102.3587 37.6030
102.3649 37.6062
102.3712 37.6094
102.3775 37.6126
102.3837 37.6158
102.3900 37.6190
102.3963 37.6222
102.4025 37.6254
102.4088 37.6285
102.4151 37.6317
102.4213 37.6349
102.4276 37.6381
102.4339 37.6413
102.4401 37.6445
102.4464 37.6476
102.4526 37.6508
102.4589 37.6540
102.4652 37.6572
102.4714 37.6604
102.4777 37.6636
102.4840 37.6667
102.4902 37.6699
102.4965 37.6731
102.5027 37.6763
102.5090 37.6795
102.5153 37.6826
102.5215 37.6858
102.5278 37.6890
102.5341 37.6922
102.5403 37.6953
102.5466 37.6985
102.5528 37.7017
102.5591 37.7049
102.5654 37.7081
102.5716 37.7112
102.5779 37.7144
102.5841 37.7176
102.5904 37.7208
102.5967 37.7239
102.6029 37.7271
102.6092 37.7303
102.6154 37.7335
102.6217 37.7366
102.6280 37.7398
102.6342 37.7430
102.6405 37.7461
102.6467 37.7493
102.6530 37.7525
102.6593 37.7557
102.6655 37.7588
102.6718 37.7620
102.6780 37.7652
102.6843 37.7683
102.6905 37.7715
102.6968 37.7747
102.7031 37.7778
102.7093 37.7810
102.7156 37.7842
102.7218 37.7873
102.7281 37.7905
102.7343 37.7937
102.7406 37.7968
102.7469 37.8000
102.7531 37.8032
102.7594 37.8063
102.7656 37.8095
102.7719 37.8126
102.7781 37.8158
102.7844 37.8190
102.7907 37.8221
102.7969 37.8253
102.8032 37.8285
102.8094 37.8316
102.8157 37.8348
102.8219 37.8379
102.8282 37.8411
102.8344 37.8443
102.8407 37.8474
102.8469 37.8506
102.8532 37.8537
102.8595 37.8569
102.8657 37.8600
102.8720 37.8632
102.8782 37.8664
102.8845 37.8695
102.8907 37.8727
102.8970 37.8758
102.9032 37.8790
102.9095 37.8821
102.9157 37.8853
102.9220 37.8884
102.9282 37.8916
102.9345 37.8947
102.9407 37.8979
102.9470 37.9011
102.9533 37.9042
102.9595 37.9074
102.9658 37.9105
102.9720 37.9137
102.9783 37.9168
102.9845 37.9200
102.9908 37.9231
102.9970 37.9263
103.0033 37.9294
103.0095 37.9326
103.0158 37.9357
103.0220 37.9388
103.0283 37.9420
103.0345 37.9451
103.0408 37.9483
103.0470 37.9514
103.0533 37.9546
103.0595 37.9577
103.0658 37.9609
103.0720 37.9640
103.0783 37.9672
103.0845 37.9703
103.0908 37.9734
103.0970 37.9766
103.1033 37.9797
103.1095 37.9829
103.1158 37.9860
103.1220 37.9892
103.1282 37.9923
103.1345 37.9954
103.1407 37.9986
103.1470 38.0017
103.1532 38.0048
103.1595 38.0080
103.1657 38.0111
103.1720 38.0143
103.1782 38.0174
103.1845 38.0205
103.1907 38.0237
103.1970 38.0268
103.2032 38.0299
103.2095 38.0331
103.2157 38.0362
103.2220 38.0394
103.2282 38.0425
103.2344 38.0456
103.2407 38.0488
103.2469 38.0519
103.2532 38.0550
103.2594 38.0581
103.2657 38.0613
103.2719 38.0644
103.2782 38.0675
103.2844 38.0707
103.2906 38.0738
103.2969 38.0769
103.3031 38.0801
103.3094 38.0832
103.3156 38.0863
103.3219 38.0894
103.3281 38.0926
103.3344 38.0957
103.3406 38.0988
103.3468 38.1020
103.3531 38.1051
103.3593 38.1082
103.3656 38.1113
103.3718 38.1145
103.3781 38.1176
103.3843 38.1207
103.3905 38.1238
103.3968 38.1270
103.4030 38.1301
103.4093 38.1332
103.4155 38.1363
103.4217 38.1394
103.4280 38.1426
103.4342 38.1457
103.4405 38.1488
103.4467 38.1519
103.4529 38.1550
103.4592 38.1582
103.4654 38.1613
103.4717 38.1644
103.4779 38.1675
103.4841 38.1706
103.4904 38.1738
103.4966 38.1769
103.5029 38.1800
103.5091 38.1831
103.5153 38.1862
103.5216 38.1893
103.5278 38.1925
103.5341 38.1956
103.5403 38.1987
103.5465 38.2018
103.5528 38.2049
103.5590 38.2080
103.5653 38.2111
103.5715 38.2142
103.5777 38.2174
103.5840 38.2205
103.5902 38.2236
103.5964 38.2267
103.6027 38.2298
103.6089 38.2329
103.6152 38.2360
103.6214 38.2391
103.6276 38.2422
103.6339 38.2453
103.6401 38.2485
103.6463 38.2516
103.6526 38.2547
103.6588 38.2578
103.6650 38.2609
103.6713 38.2640
103.6775 38.2671
103.6837 38.2702
103.6900 38.2733
103.6962 38.2764
103.7025 38.2795
103.7087 38.2826
103.7149 38.2857
103.7212 38.2888
103.7274 38.2919
103.7336 38.2950
103.7399 38.2981
103.7461 38.3012
103.7523 38.3043
103.7586 38.3074
103.7648 38.3105
103.7710 38.3136
103.7773 38.3167
103.7835 38.3198
103.7897 38.3229
103.7960 38.3260
103.8022 38.3291
103.8084 38.3322
103.8147 38.3353
103.8209 38.3384
103.8271 38.3415
103.8334 38.3446
103.8396 38.3477
103.8458 38.3508
103.8521 38.3539
103.8583 38.3570
103.8645 38.3601
103.8708 38.3632
103.8770 38.3662
103.8832 38.3693
103.8894 38.3724
103.8957 38.3755
103.9019 38.3786
103.9081 38.3817
103.9144 38.3848
103.9206 38.3879
103.9268 38.3910
103.9331 38.3941
103.9393 38.3972
103.9455 38.4002
103.9518 38.4033
103.9580 38.4064
103.9642 38.4095
103.9704 38.4126
103.9767 38.4157
103.9829 38.4188
103.9891 38.4218
103.9954 38.4249
104.0016 38.4280
104.0078 38.4311
104.0140 38.4342
104.0203 38.4373
104.0265 38.4404
104.0327 38.4434
104.0390 38.4465
104.0452 38.4496
104.0514 38.4527
104.0576 38.4558
104.0639 38.4588
104.0701 38.4619
104.0763 38.4650
104.0825 38.4681
104.0888 38.4712
104.0950 38.4742
104.1012 38.4773
104.1075 38.4804
104.1137 38.4835
104.1199 38.4866
104.1261 38.4896
104.1324 38.4927
104.1386 38.4958
104.1448 38.4989
104.1510 38.5019
104.1573 38.5050
104.1635 38.5081
104.1697 38.5112
104.1759 38.5142
104.1822 38.5173
104.1884 38.5204
104.1946 38.5234
104.2008 38.5265
104.2071 38.5296
104.2133 38.5327
104.2195 38.5357
104.2257 38.5388
104.2320 38.5419
104.2382 38.5449
104.2444 38.5480
104.2506 38.5511
104.2569 38.5541
104.2631 38.5572
104.2693 38.5603
104.2755 38.5633
104.2817 38.5664
104.2880 38.5695
104.2942 38.5725
104.3004 38.5756
104.3066 38.5787
104.3129 38.5817
104.3191 38.5848
104.3253 38.5879
104.3315 38.5909
104.3377 38.5940
104.3440 38.5971
104.3502 38.6001
104.3564 38.6032
104.3626 38.6062
104.3689 38.6093
104.3751 38.6124
104.3813 38.6154
104.3875 38.6185
104.3937 38.6215
104.4000 38.6246
104.4062 38.6277
104.4124 38.6307
104.4186 38.6338
104.4248 38.6368
104.4311 38.6399
104.4373 38.6430
104.4435 38.6460
104.4497 38.6491
104.4559 38.6521
104.4622 38.6552
104.4684 38.6582
104.4746 38.6613
104.4808 38.6643
104.4870 38.6674
104.4933 38.6704
104.4995 38.6735
104.5057 38.6765
104.5119 38.6796
104.5181 38.6827
104.5243 38.6857
104.5306 38.6888
104.5368 38.6918
104.5430 38.6949
104.5492 38.6979
104.5554 38.7010
104.5616 38.7040
104.5679 38.7070
104.5741 38.7101
104.5803 38.7131
104.5865 38.7162
104.5927 38.7192
104.5989 38.7223
104.6052 38.7253
104.6114 38.7284
104.6176 38.7314
104.6238 38.7345
104.6300 38.7375
104.6362 38.7406
104.6425 38.7436
104.6487 38.7466
104.6549 38.7497
104.6611 38.7527
104.6673 38.7558
104.6735 38.7588
104.6797 38.7618
104.6860 38.7649
104.6922 38.7679
104.6984 38.7710
104.7046 38.7740
104.7108 38.7770
104.7170 38.7801
104.7232 38.7831
104.7295 38.7862
104.7357 38.7892
104.7419 38.7922
104.7481 38.7953
104.7543 38.7983
104.7605 38.8013
104.7667 38.8044
104.7729 38.8074
104.7792 38.8104
104.7854 38.8135
104.7916 38.8165
104.7978 38.8195
104.8040 38.8226
104.8102 38.8256
104.8164 38.8286
104.8226 38.8317
104.8288 38.8347
104.8351 38.8377
104.8413 38.8408
104.8475 38.8438
104.8537 38.8468
104.8599 38.8499
104.8661 38.8529
104.8723 38.8559
104.8785 38.8589
104.8847 38.8620
104.8910 38.8650
104.8972 38.8680
104.9034 38.8710
104.9096 38.8741
104.9158 38.8771
104.9220 38.8801
104.9282 38.8831
104.9344 38.8862
104.9406 38.8892
104.9468 38.8922
104.9530 38.8952
104.9592 38.8983
104.9655 38.9013
104.9717 38.9043
104.9779 38.9073
104.9841 38.9103
104.9903 38.9134
104.9965 38.9164
105.0027 38.9194
105.0089 38.9224
105.0151 38.9254
105.0213 38.9285
105.0275 38.9315
105.0337 38.9345
105.0399 38.9375
105.0462 38.9405
105.0524 38.9436
105.0586 38.9466
105.0648 38.9496
105.0710 38.9526
105.0772 38.9556
105.0834 38.9586
105.0896 38.9616
105.0958 38.9647
105.1020 38.9677
105.1082 38.9707
105.1144 38.9737
105.1206 38.9767
105.1268 38.9797
105.1330 38.9827
105.1392 38.9857
105.1454 38.9887
105.1516 38.9918
105.1578 38.9948
105.1640 38.9978
105.1702 39.0008
105.1765 39.0038
105.1827 39.0068
105.1889 39.0098
105.1951 39.0128
105.2013 39.0158
105.2075 39.0188
105.2137 39.0218
105.2199 39.0248
105.2261 39.0278
105.2323 39.0309
105.2385 39.0339
105.2447 39.0369
105.2509 39.0399
105.2571 39.0429
105.2633 39.0459
105.2695 39.0489
105.2757 39.0519
105.2819 39.0549
105.2881 39.0579
105.2943 39.0609
105.3005 39.0639
105.3067 39.0669
105.3129 39.0699
105.3191 39.0729
105.3253 39.0759
105.3315 39.0789
105.3377 39.0819
105.3439 39.0849
105.3501 39.0879
105.3563 39.0909
105.3625 39.0939
105.3687 39.0969
105.3749 39.0998
105.3811 39.1028
105.3873 39.1058
105.3935 39.1088
105.3997 39.1118
105.4059 39.1148
105.4121 39.1178
105.4183 39.1208
105.4245 39.1238
105.4307 39.1268
105.4369 39.1298
105.4431 39.1328
105.4493 39.1358
105.4555 39.1387
105.4617 39.1417
105.4679 39.1447
105.4741 39.1477
105.4803 39.1507
105.4865 39.1537
105.4927 39.1567
105.4989 39.1597
105.5051 39.1627
105.5113 39.1656
105.5175 39.1686
105.5237 39.1716
105.5299 39.1746
105.5361 39.1776
105.5423 39.1806
105.5484 39.1836
105.5546 39.1865
105.5608 39.1895
105.5670 39.1925
105.5732 39.1955
105.5794 39.1985
105.5856 39.2014
105.5918 39.2044
105.5980 39.2074
105.6042 39.2104
105.6104 39.2134
105.6166 39.2163
105.6228 39.2193
105.6290 39.2223
105.6352 39.2253
105.6414 39.2283
105.6476 39.2312
105.6538 39.2342
105.6600 39.2372
105.6662 39.2402
105.6723 39.2431
105.6785 39.2461
105.6847 39.2491
105.6909 39.2521
105.6971 39.2550
105.7033 39.2580
105.7095 39.2610
105.7157 39.2640
105.7219 39.2669
105.7281 39.2699
105.7343 39.2729
105.7405 39.2759
105.7467 39.2788
105.7529 39.2818
105.7591 39.2848
105.7652 39.2877
105.7714 39.2907
105.7776 39.2937
105.7838 39.2966
105.7900 39.2996
105.7962 39.3026
105.8024 39.3055
105.8086 39.3085
105.8148 39.3115
105.8210 39.3144
105.8272 39.3174
105.8333 39.3204
105.8395 39.3233
105.8457 39.3263
105.8519 39.3293
105.8581 39.3322
105.8643 39.3352
105.8705 39.3382
105.8767 39.3411
105.8829 39.3441
105.8891 39.3470
105.8952 39.3500
105.9014 39.3530
105.9076 39.3559
105.9138 39.3589
105.9200 39.3619
105.9262 39.3648
105.9324 39.3678
105.9386 39.3707
105.9448 39.3737
105.9509 39.3766
105.9571 39.3796
105.9633 39.3826
105.9695 39.3855
105.9757 39.3885
105.9819 39.3914
105.9881 39.3944
105.9943 39.3973
106.0004 39.4003
106.0066 39.4032
106.0128 39.4062
106.0190 39.4091
106.0252 39.4121
106.0314 39.4151
106.0376 39.4180
106.0438 39.4210
106.0499 39.4239
106.0561 39.4269
106.0623 39.4298
106.0685 39.4328
106.0747 39.4357
106.0809 39.4387
106.0871 39.4416
106.0932 39.4446
106.0994 39.4475
106.1056 39.4504
106.1118 39.4534
106.1180 39.4563
106.1242 39.4593
106.1304 39.4622
106.1365 39.4652
106.1427 39.4681
106.1489 39.4711
106.1551 39.4740
106.1613 39.4770
106.1675 39.4799
106.1736 39.4828
106.1798 39.4858
106.1860 39.4887
106.1922 39.4917
106.1984 39.4946
106.2046 39.4976
106.2107 39.5005
106.2169 39.5034
106.2231 39.5064
106.2293 39.5093
106.2355 39.5122
106.2417 39.5152
106.2478 39.5181
106.2540 39.5211
106.2602 39.5240
106.2664 39.5269
106.2726 39.5299
106.2787 39.5328
106.2849 39.5357
106.2911 39.5387
106.2973 39.5416
106.3035 39.5445
106.3097 39.5475
106.3158 39.5504
106.3220 39.5533
106.3282 39.5563
106.3344 39.5592
106.3406 39.5621
106.3467 39.5651
106.3529 39.5680
106.3591 39.5709
106.3653 39.5739
106.3715 39.5768
106.3776 39.5797
106.3838 39.5827
106.3900 39.5856
106.3962 39.5885
106.4023 39.5914
106.4085 39.5944
106.4147 39.5973
106.4209 39.6002
106.4271 39.6031
106.4332 39.6061
106.4394 39.6090
106.4456 39.6119
106.4518 39.6148
106.4580 39.6178
106.4641 39.6207
106.4703 39.6236
106.4765 39.6265
106.4827 39.6295
106.4888 39.6324
106.4950 39.6353
106.5012 39.6382
106.5074 39.6411
106.5135 39.6441
106.5197 39.6470
106.5259 39.6499
106.5321 39.6528
106.5383 39.6557
106.5444 39.6587
106.5506 39.6616
106.5568 39.6645
106.5630 39.6674
106.5691 39.6703
106.5753 39.6732
106.5815 39.6762
106.5877 39.6791
106.5938 39.6820
106.6000 39.6849
106.6062 39.6878
106.6124 39.6907
106.6185 39.6936
106.6247 39.6966
106.6309 39.6995
106.6371 39.7024
106.6432 39.7053
106.6494 39.7082
106.6556 39.7111
106.6618 39.7140
106.6679 39.7169
106.6741 39.7198
106.6803 39.7227
106.6864 39.7257
106.6926 39.7286
106.6988 39.7315
106.7050 39.7344
106.7111 39.7373
106.7173 39.7402
106.7235 39.7431
106.7297 39.7460
106.7358 39.7489
106.7420 39.7518
106.7482 39.7547
106.7543 39.7576
106.7605 39.7605
106.7667 39.7634
106.7729 39.7663
106.7790 39.7692
106.7852 39.7721
106.7914 39.7750
106.7975 39.7779
106.8037 39.7808
106.8099 39.7837
106.8161 39.7866
106.8222 39.7895
106.8284 39.7924
106.8346 39.7953
106.8407 39.7982
106.8469 39.8011
106.8531 39.8040
106.8592 39.8069
106.8654 39.8098
106.8716 39.8127
106.8778 39.8156
106.8839 39.8185
106.8901 39.8214
106.8963 39.8243
106.9024 39.8272
106.9086 39.8301
106.9148 39.8330
106.9209 39.8359
106.9271 39.8388
106.9333 39.8417
106.9394 39.8445
106.9456 39.8474
106.9518 39.8503
106.9579 39.8532
106.9641 39.8561
106.9703 39.8590
106.9765 39.8619
106.9826 39.8648
106.9888 39.8677
106.9950 39.8706
107.0011 39.8734
107.0073 39.8763
107.0135 39.8792
107.0196 39.8821
107.0258 39.8850
107.0320 39.8879
107.0381 39.8908
107.0443 39.8936
107.0505 39.8965
107.0566 39.8994
107.0628 39.9023
107.0690 39.9052
107.0751 39.9081
107.0813 39.9109
107.0874 39.9138
107.0936 39.9167
107.0998 39.9196
107.1059 39.9225
107.1121 39.9253
107.1183 39.9282
107.1244 39.9311
107.1306 39.9340
107.1368 39.9369
107.1429 39.9397
107.1491 39.9426
107.1553 39.9455
107.1614 39.9484
107.1676 39.9513
107.1738 39.9541
107.1799 39.9570
107.1861 39.9599
107.1922 39.9628
107.1984 39.9656
107.2046 39.9685
107.2107 39.9714
107.2169 39.9742
107.2231 39.9771
107.2292 39.9800
107.2354 39.9829
107.2416 39.9857
107.2477 39.9886
107.2539 39.9915
107.2600 39.9944
107.2662 39.9972
107.2724 40.0001
107.2785 40.0030
107.2847 40.0058
107.2909 40.0087
107.2970 40.0116
107.3032 40.0144
107.3093 40.0173
107.3155 40.0202
107.3217 40.0230
107.3278 40.0259
107.3340 40.0288
107.3401 40.0316
107.3463 40.0345
107.3525 40.0374
107.3586 40.0402
107.3648 40.0431
107.3709 40.0459
107.3771 40.0488
107.3833 40.0517
107.3894 40.0545
107.3956 40.0574
107.4017 40.0603
107.4079 40.0631
107.4141 40.0660
107.4202 40.0688
107.4264 40.0717
107.4325 40.0745
107.4387 40.0774
107.4449 40.0803
107.4510 40.0831
107.4572 40.0860
107.4633 40.0888
107.4695 40.0917
107.4757 40.0945
107.4818 40.0974
107.4880 40.1003
107.4941 40.1031
107.5003 40.1060
107.5064 40.1088
107.5126 40.1117
107.5188 40.1145
107.5249 40.1174
107.5311 40.1202
107.5372 40.1231
107.5434 40.1259
107.5495 40.1288
107.5557 40.1316
107.5619 40.1345
107.5680 40.1373
107.5742 40.1402
107.5803 40.1430
107.5865 40.1459
107.5926 40.1487
107.5988 40.1516
107.6049 40.1544
107.6111 40.1573
107.6173 40.1601
107.6234 40.1630
107.6296 40.1658
107.6357 40.1687
107.6419 40.1715
107.6480 40.1743
107.6542 40.1772
107.6603 40.1800
107.6665 40.1829
107.6727 40.1857
107.6788 40.1886
107.6850 40.1914
107.6911 40.1942
107.6973 40.1971
107.7034 40.1999
107.7096 40.2028
107.7157 40.2056
107.7219 40.2084
107.7280 40.2113
107.7342 40.2141
107.7403 40.2170
107.7465 40.2198
107.7527 40.2226
107.7588 40.2255
107.7650 40.2283
107.7711 40.2311
107.7773 40.2340
107.7834 40.2368
107.7896 40.2396
107.7957 40.2425
107.8019 40.2453
107.8080 40.2481
107.8142 40.2510
107.8203 40.2538
107.8265 40.2566
107.8326 40.2595
107.8388 40.2623
107.8449 40.2651
107.8511 40.2680
107.8572 40.2708
107.8634 40.2736
107.8695 40.2765
107.8757 40.2793
107.8818 40.2821
107.8880 40.2849
107.8941 40.2878
107.9003 40.2906
107.9064 40.2934
107.9126 40.2962
107.9187 40.2991
107.9249 40.3019
107.9310 40.3047
107.9372 40.3075
107.9433 40.3104
107.9495 40.3132
107.9556 40.3160
107.9618 40.3188
107.9679 40.3217
107.9741 40.3245
107.9802 40.3273
107.9864 40.3301
107.9925 40.3329
107.9987 40.3358
108.0048 40.3386
108.0110 40.3414
108.0171 40.3442
108.0233 40.3470
108.0294 40.3499
108.0356 40.3527
108.0417 40.3555
108.0479 40.3583
108.0540 40.3611
108.0602 40.3639
108.0663 40.3668
108.0724 40.3696
108.0786 40.3724
108.0847 40.3752
108.0909 40.3780
108.0970 40.3808
108.1032 40.3836
108.1093 40.3865
108.1155 40.3893
108.1216 40.3921
108.1278 40.3949
108.1339 40.3977
108.1400 40.4005
108.1462 40.4033
108.1523 40.4061
108.1585 40.4089
108.1646 40.4118
108.1708 40.4146
108.1769 40.4174
108.1831 40.4202
108.1892 40.4230
108.1954 40.4258
108.2015 40.4286
108.2076 40.4314
108.2138 40.4342
108.2199 40.4370
108.2261 40.4398
108.2322 40.4426
108.2384 40.4454
108.2445 40.4482
108.2506 40.4510
108.2568 40.4538
108.2629 40.4566
108.2691 40.4594
108.2752 40.4622
108.2814 40.4650
108.2875 40.4678
108.2936 40.4706
108.2998 40.4734
108.3059 40.4762
108.3121 40.4790
108.3182 40.4818
108.3244 40.4846
108.3305 40.4874
108.3366 40.4902
108.3428 40.4930
108.3489 40.4958
108.3551 40.4986
108.3612 40.5014
108.3673 40.5042
108.3735 40.5070
108.3796 40.5098
108.3858 40.5126
108.3919 40.5154
108.3980 40.5182
108.4042 40.5210
108.4103 40.5238
108.4165 40.5266
108.4226 40.5294
108.4288 40.5321
108.4349 40.5349
108.4410 40.5377
108.4472 40.5405
108.4533 40.5433
108.4594 40.5461
108.4656 40.5489
108.4717 40.5517
108.4779 40.5545
108.4840 40.5572
108.4901 40.5600
108.4963 40.5628
108.5024 40.5656
108.5086 40.5684
108.5147 40.5712
108.5208 40.5740
108.5270 40.5767
108.5331 40.5795
108.5393 40.5823
108.5454 40.5851
108.5515 40.5879
108.5577 40.5907
108.5638 40.5934
108.5699 40.5962
108.5761 40.5990
108.5822 40.6018
108.5884 40.6046
108.5945 40.6073
108.6006 40.6101
108.6068 40.6129
108.6129 40.6157
108.6190 40.6185
108.6252 40.6212
108.6313 40.6240
108.6374 40.6268
108.6436 40.6296
108.6497 40.6323
108.6559 40.6351
108.6620 40.6379
108.6681 40.6407
108.6743 40.6434
108.6804 40.6462
108.6865 40.6490
108.6927 40.6518
108.6988 40.6545
108.7049 40.6573
108.7111 40.6601
108.7172 40.6629
108.7233 40.6656
108.7295 40.6684
108.7356 40.6712
108.7418 40.6739
108.7479 40.6767
108.7540 40.6795
108.7602 40.6822
108.7663 40.6850
108.7724 40.6878
108.7786 40.6905
108.7847 40.6933
108.7908 40.6961
108.7970 40.6988
108.8031 40.7016
108.8092 40.7044
108.8154 40.7071
108.8215 40.7099
108.8276 40.7127
108.8338 40.7154
108.8399 40.7182
108.8460 40.7210
108.8522 40.7237
108.8583 40.7265
108.8644 40.7292
108.8706 40.7320
108.8767 40.7348
108.8828 40.7375
108.8889 40.7403
108.8951 40.7430
108.9012 40.7458
108.9073 40.7486
108.9135 40.7513
108.9196 40.7541
108.9257 40.7568
108.9319 40.7596
108.9380 40.7623
108.9441 40.7651
108.9503 40.7679
108.9564 40.7706
108.9625 40.7734
108.9687 40.7761
108.9748 40.7789
108.9809 40.7816
108.9870 40.7844
108.9932 40.7871
108.9993 40.7899
109.0054 40.7926
109.0116 40.7954
109.0177 40.7981
109.0238 40.8009
109.0300 40.8036
109.0361 40.8064
109.0422 40.8091
109.0483 40.8119
109.0545 40.8146
109.0606 40.8174
109.0667 40.8201
109.0729 40.8229
109.0790 40.8256
109.0851 40.8284
109.0912 40.8311
109.0974 40.8339
109.1035 40.8366
109.1096 40.8394
109.1158 40.8421
109.1219 40.8448
109.1280 40.8476
109.1341 40.8503
109.1403 40.8531
109.1464 40.8558
109.1525 40.8586
109.1586 40.8613
109.1648 40.8640
109.1709 40.8668
109.1770 40.8695
109.1832 40.8723
109.1893 40.8750
109.1954 40.8777
109.2015 40.8805
109.2077 40.8832
109.2138 40.8859
109.2199 40.8887
109.2260 40.8914
109.2322 40.8942
109.2383 40.8969
109.2444 40.8996
109.2505 40.9024
109.2567 40.9051
109.2628 40.9078
109.2689 40.9106
109.2750 40.9133
109.2812 40.9160
109.2873 40.9188
109.2934 40.9215
109.2995 40.9242
109.3057 40.9270
109.3118 40.9297
109.3179 40.9324
109.3240 40.9352
109.3302 40.9379
109.3363 40.9406
109.3424 40.9433
109.3485 40.9461
109.3547 40.9488
109.3608 40.9515
109.3669 40.9542
109.3730 40.9570
109.3791 40.9597
109.3853 40.9624
109.3914 40.9652
109.3975 40.9679
109.4036 40.9706
109.4098 40.9733
109.4159 40.9760
109.4220 40.9788
109.4281 40.9815
109.4342 40.9842
109.4404 40.9869
109.4465 40.9897
109.4526 40.9924
109.4587 40.9951
109.4649 40.9978
109.4710 41.0005
109.4771 41.0033
109.4832 41.0060
109.4893 41.0087
109.4955 41.0114
109.5016 41.0141
109.5077 41.0168
109.5138 41.0196
109.5199 41.0223
109.5261 41.0250
109.5322 41.0277
109.5383 41.0304
109.5444 41.0331
109.5505 41.0359
109.5567 41.0386
109.5628 41.0413
109.5689 41.0440
109.5750 41.0467
109.5811 41.0494
109.5873 41.0521
109.5934 41.0548
109.5995 41.0576
109.6056 41.0603
109.6117 41.0630
109.6179 41.0657
109.6240 41.0684
109.6301 41.0711
109.6362 41.0738
109.6423 41.0765
109.6484 41.0792
109.6546 41.0819
109.6607 41.0846
109.6668 41.0873
109.6729 41.0901
109.6790 41.0928
109.6852 41.0955
109.6913 41.0982
109.6974 41.1009
109.7035 41.1036
109.7096 41.1063
109.7157 41.1090
109.7219 41.1117
109.7280 41.1144
109.7341 41.1171
109.7402 41.1198
109.7463 41.1225
109.7524 41.1252
109.7586 41.1279
109.7647 41.1306
109.7708 41.1333
109.7769 41.1360
109.7830 41.1387
109.7891 41.1414
109.7952 41.1441
109.8014 41.1468
109.8075 41.1495
109.8136 41.1522
109.8197 41.1549
109.8258 41.1576
109.8319 41.1602
109.8380 41.1629
109.8442 41.1656
109.8503 41.1683
109.8564 41.1710
109.8625 41.1737
109.8686 41.1764
109.8747 41.1791
109.8808 41.1818
109.8870 41.1845
109.8931 41.1872
109.8992 41.1899
109.9053 41.1925
109.9114 41.1952
109.9175 41.1979
109.9236 41.2006
109.9298 41.2033
109.9359 41.2060
109.9420 41.2087
109.9481 41.2114
109.9542 41.2140
109.9603 41.2167
109.9664 41.2194
109.9725 41.2221
109.9787 41.2248
109.9848 41.2275
109.9909 41.2302
109.9970 41.2328
110.0031 41.2355
110.0092 41.2382
110.0153 41.2409
110.0214 41.2436
110.0275 41.2463
110.0337 41.2489
110.0398 41.2516
110.0459 41.2543
110.0520 41.2570
110.0581 41.2596
110.0642 41.2623
110.0703 41.2650
110.0764 41.2677
110.0825 41.2704
110.0887 41.2730
110.0948 41.2757
110.1009 41.2784
110.1070 41.2811
110.1131 41.2837
110.1192 41.2864
110.1253 41.2891
110.1314 41.2918
110.1375 41.2944
110.1436 41.2971
110.1498 41.2998
110.1559 41.3025
110.1620 41.3051
110.1681 41.3078
110.1742 41.3105
110.1803 41.3131
110.1864 41.3158
110.1925 41.3185
110.1986 41.3211
110.2047 41.3238
110.2108 41.3265
110.2169 41.3292
110.2231 41.3318
110.2292 41.3345
110.2353 41.3372
110.2414 41.3398
110.2475 41.3425
110.2536 41.3452
110.2597 41.3478
110.2658 41.3505
110.2719 41.3531
110.2780 41.3558
110.2841 41.3585
110.2902 41.3611
110.2963 41.3638
110.3025 41.3665
110.3086 41.3691
110.3147 41.3718
110.3208 41.3744
110.3269 41.3771
110.3330 41.3798
110.3391 41.3824
110.3452 41.3851
110.3513 41.3877
110.3574 41.3904
110.3635 41.3931
110.3696 41.3957
110.3757 41.3984
110.3818 41.4010
110.3879 41.4037
110.3940 41.4063
110.4002 41.4090
110.4063 41.4117
110.4124 41.4143
110.4185 41.4170
110.4246 41.4196
110.4307 41.4223
110.4368 41.4249
110.4429 41.4276
110.4490 41.4302
110.4551 41.4329
110.4612 41.4355
110.4673 41.4382
110.4734 41.4408
110.4795 41.4435
110.4856 41.4461
110.4917 41.4488
110.4978 41.4514
110.5039 41.4541
110.5100 41.4567
110.5161 41.4594
110.5222 41.4620
110.5283 41.4647
110.5344 41.4673
110.5405 41.4700
110.5466 41.4726
110.5527 41.4752
110.5588 41.4779
110.5650 41.4805
110.5711 41.4832
110.5772 41.4858
110.5833 41.4885
110.5894 41.4911
110.5955 41.4937
110.6016 41.4964
110.6077 41.4990
110.6138 41.5017
110.6199 41.5043
110.6260 41.5069
110.6321 41.5096
110.6382 41.5122
110.6443 41.5149
110.6504 41.5175
110.6565 41.5201
110.6626 41.5228
110.6687 41.5254
110.6748 41.5280
110.6809 41.5307
110.6870 41.5333
110.6931 41.5360
110.6992 41.5386
110.7053 41.5412
110.7114 41.5439
110.7175 41.5465
110.7236 41.5491
110.7297 41.5518
110.7358 41.5544
110.7419 41.5570
110.7480 41.5596
110.7541 41.5623
110.7602 41.5649
110.7663 41.5675
110.7724 41.5702
110.7785 41.5728
110.7846 41.5754
110.7907 41.5781
110.7968 41.5807
110.8029 41.5833
110.8090 41.5859
110.8151 41.5886
110.8212 41.5912
110.8273 41.5938
110.8334 41.5964
110.8395 41.5991
110.8456 41.6017
110.8516 41.6043
110.8577 41.6069
110.8638 41.6096
110.8699 41.6122
110.8760 41.6148
110.8821 41.6174
110.8882 41.6200
110.8943 41.6227
110.9004 41.6253
110.9065 41.6279
110.9126 41.6305
110.9187 41.6331
110.9248 41.6358
110.9309 41.6384
110.9370 41.6410
110.9431 41.6436
110.9492 41.6462
110.9553 41.6489
110.9614 41.6515
110.9675 41.6541
110.9736 41.6567
110.9797 41.6593
110.9858 41.6619
110.9919 41.6645
110.9980 41.6672
111.0041 41.6698
111.0101 41.6724
111.0162 41.6750
111.0223 41.6776
111.0284 41.6802
111.0345 41.6828
111.0406 41.6854
111.0467 41.6880
111.0528 41.6907
111.0589 41.6933
111.0650 41.6959
111.0711 41.6985
111.0772 41.7011
111.0833 41.7037
111.0894 41.7063
111.0955 41.7089
111.1016 41.7115
111.1076 41.7141
111.1137 41.7167
111.1198 41.7193
111.1259 41.7219
111.1320 41.7245
111.1381 41.7271
111.1442 41.7298
111.1503 41.7324
111.1564 41.7350
111.1625 41.7376
111.1686 41.7402
111.1747 41.7428
111.1808 41.7454
111.1868 41.7480
111.1929 41.7506
111.1990 41.7532
111.2051 41.7558
111.2112 41.7584
111.2173 41.7610
111.2234 41.7636
111.2295 41.7662
111.2356 41.7687
111.2417 41.7713
111.2478 41.7739
111.2538 41.7765
111.2599 41.7791
111.2660 41.7817
111.2721 41.7843
111.2782 41.7869
111.2843 41.7895
111.2904 41.7921
111.2965 41.7947
111.3026 41.7973
111.3087 41.7999
111.3147 41.8025
111.3208 41.8051
111.3269 41.8076
111.3330 41.8102
111.3391 41.8128
111.3452 41.8154
111.3513 41.8180
111.3574 41.8206
111.3635 41.8232
111.3695 41.8258
111.3756 41.8284
111.3817 41.8309
111.3878 41.8335
111.3939 41.8361
111.4000 41.8387
111.4061 41.8413
111.4122 41.8439
111.4182 41.8464
111.4243 41.8490
111.4304 41.8516
111.4365 41.8542
111.4426 41.8568
111.4487 41.8594
111.4548 41.8619
111.4609 41.8645
111.4669 41.8671
111.4730 41.8697
111.4791 41.8723
111.4852 41.8748
111.4913 41.8774
111.4974 41.8800
111.5035 41.8826
111.5095 41.8852
111.5156 41.8877
111.5217 41.8903
111.5278 41.8929
111.5339 41.8955
111.5400 41.8980
111.5461 41.9006
111.5521 41.9032
111.5582 41.9058
111.5643 41.9083
111.5704 41.9109
111.5765 41.9135
111.5826 41.9161
111.5887 41.9186
111.5947 41.9212
111.6008 41.9238
111.6069 41.9263
111.6130 41.9289
111.6191 41.9315
111.6252 41.9340
111.6313 41.9366
111.6373 41.9392
111.6434 41.9418
111.6495 41.9443
111.6556 41.9469
111.6617 41.9495
111.6678 41.9520
111.6738 41.9546
111.6799 41.9572
111.6860 41.9597
111.6921 41.9623
111.6982 41.9648
111.7043 41.9674
111.7103 41.9700
111.7164 41.9725
111.7225 41.9751
111.7286 41.9777
111.7347 41.9802
111.7408 41.9828
111.7468 41.9853
111.7529 41.9879
111.7590 41.9905
111.7651 41.9930
111.7712 41.9956
111.7772 41.9981
111.7833 42.0007
111.7894 42.0033
111.7955 42.0058
111.8016 42.0084
111.8077 42.0109
111.8137 42.0135
111.8198 42.0160
111.8259 42.0186
111.8320 42.0212
111.8381 42.0237
111.8441 42.0263
111.8502 42.0288
111.8563 42.0314
111.8624 42.0339
111.8685 42.0365
111.8745 42.0390
111.8806 42.0416
111.8867 42.0441
111.8928 42.0467
111.8989 42.0492
111.9049 42.0518
111.9110 42.0543
111.9171 42.0569
111.9232 42.0594
111.9293 42.0620
111.9353 42.0645
111.9414 42.0671
111.9475 42.0696
111.9536 42.0722
111.9597 42.0747
111.9657 42.0772
111.9718 42.0798
111.9779 42.0823
111.9840 42.0849
111.9901 42.0874
111.9961 42.0900
112.0022 42.0925
112.0083 42.0951
112.0144 42.0976
112.0204 42.1001
112.0265 42.1027
112.0326 42.1052
112.0387 42.1078
112.0448 42.1103
112.0508 42.1128
112.0569 42.1154
112.0630 42.1179
112.0691 42.1205
112.0751 42.1230
112.0812 42.1255
112.0873 42.1281
112.0934 42.1306
112.0995 42.1331
112.1055 42.1357
112.1116 42.1382
112.1177 42.1407
112.1238 42.1433
112.1298 42.1458
112.1359 42.1483
112.1420 42.1509
112.1481 42.1534
112.1541 42.1559
112.1602 42.1585
112.1663 42.1610
112.1724 42.1635
112.1784 42.1661
112.1845 42.1686
112.1906 42.1711
112.1967 42.1737
112.2027 42.1762
112.2088 42.1787
112.2149 42.1812
112.2210 42.1838
112.2270 42.1863
112.2331 42.1888
112.2392 42.1913
112.2453 42.1939
112.2513 42.1964
112.2574 42.1989
112.2635 42.2014
112.2696 42.2040
112.2756 42.2065
112.2817 42.2090
112.2878 42.2115
112.2939 42.2141
112.2999 42.2166
112.3060 42.2191
112.3121 42.2216
112.3182 42.2241
112.3242 42.2267
112.3303 42.2292
112.3364 42.2317
112.3425 42.2342
112.3485 42.2367
112.3546 42.2393
112.3607 42.2418
112.3667 42.2443
112.3728 42.2468
112.3789 42.2493
112.3850 42.2518
112.3910 42.2544
112.3971 42.2569
112.4032 42.2594
112.4092 42.2619
112.4153 42.2644
112.4214 42.2669
112.4275 42.2694
112.4335 42.2720
112.4396 42.2745
112.4457 42.2770
112.4517 42.2795
112.4578 42.2820
112.4639 42.2845
112.4700 42.2870
112.4760 42.2895
112.4821 42.2920
112.4882 42.2945
112.4942 42.2971
112.5003 42.2996
112.5064 42.3021
112.5125 42.3046
112.5185 42.3071
112.5246 42.3096
112.5307 42.3121
112.5367 42.3146
112.5428 42.3171
112.5489 42.3196
112.5549 42.3221
112.5610 42.3246
112.5671 42.3271
112.5732 42.3296
112.5792 42.3321
112.5853 42.3346
112.5914 42.3371
112.5974 42.3396
112.6035 42.3421
112.6096 42.3446
112.6156 42.3471
112.6217 42.3496
112.6278 42.3521
112.6338 42.3546
112.6399 42.3571
112.6460 42.3596
112.6520 42.3621
112.6581 42.3646
112.6642 42.3671
112.6702 42.3696
112.6763 42.3721
112.6824 42.3746
112.6884 42.3771
112.6945 42.3796
112.7006 42.3821
112.7066 42.3846
112.7127 42.3871
112.7188 42.3895
112.7249 42.3920
112.7309 42.3945
112.7370 42.3970
112.7430 42.3995
112.7491 42.4020
112.7552 42.4045
112.7612 42.4070
112.7673 42.4095
112.7734 42.4120
112.7794 42.4144
112.7855 42.4169
112.7916 42.4194
112.7976 42.4219
112.8037 42.4244
112.8098 42.4269
112.8158 42.4294
112.8219 42.4318
112.8280 42.4343
112.8340 42.4368
112.8401 42.4393
112.8462 42.4418
112.8522 42.4443
112.8583 42.4467
112.8644 42.4492
112.8704 42.4517
112.8765 42.4542
112.8825 42.4567
112.8886 42.4591
112.8947 42.4616
112.9007 42.4641
112.9068 42.4666
112.9129 42.4691
112.9189 42.4715
112.9250 42.4740
112.9311 42.4765
112.9371 42.4790
112.9432 42.4814
112.9492 42.4839
112.9553 42.4864
112.9614 42.4889
112.9674 42.4913
112.9735 42.4938
112.9796 42.4963
112.9856 42.4988
112.9917 42.5012
112.9977 42.5037
113.0038 42.5062
113.0099 42.5086
113.0159 42.5111
113.0220 42.5136
113.0281 42.5161
113.0341 42.5185
113.0402 42.5210
113.0462 42.5235
113.0523 42.5259
113.0584 42.5284
113.0644 42.5309
113.0705 42.5333
113.0765 42.5358
113.0826 42.5383
113.0887 42.5407
113.0947 42.5432
113.1008 42.5457
113.1068 42.5481
113.1129 42.5506
113.1190 42.5531
113.1250 42.5555
113.1311 42.5580
113.1372 42.5604
113.1432 42.5629
113.1493 42.5654
113.1553 42.5678
113.1614 42.5703
113.1674 42.5727
113.1735 42.5752
113.1796 42.5777
113.1856 42.5801
113.1917 42.5826
113.1977 42.5850
113.2038 42.5875
113.2099 42.5899
113.2159 42.5924
113.2220 42.5949
113.2280 42.5973
113.2341 42.5998
113.2402 42.6022
113.2462 42.6047
113.2523 42.6071
113.2583 42.6096
113.2644 42.6120
113.2705 42.6145
113.2765 42.6169
113.2826 42.6194
113.2886 42.6218
113.2947 42.6243
113.3007 42.6267
113.3068 42.6292
113.3129 42.6316
113.3189 42.6341
113.3250 42.6365
113.3310 42.6390
113.3371 42.6414
113.3431 42.6439
113.3492 42.6463
113.3553 42.6488
113.3613 42.6512
113.3674 42.6537
113.3734 42.6561
113.3795 42.6586
113.3855 42.6610
113.3916 42.6635
113.3977 42.6659
113.4037 42.6683
113.4098 42.6708
113.4158 42.6732
113.4219 42.6757
113.4279 42.6781
113.4340 42.6805
113.4400 42.6830
113.4461 42.6854
113.4522 42.6879
113.4582 42.6903
113.4643 42.6927
113.4703 42.6952
113.4764 42.6976
113.4824 42.7001
113.4885 42.7025
113.4945 42.7049
113.5006 42.7074
113.5067 42.7098
113.5127 42.7122
113.5188 42.7147
113.5248 42.7171
113.5309 42.7195
113.5369 42.7220
113.5430 42.7244
113.5490 42.7268
113.5551 42.7293
113.5611 42.7317
113.5672 42.7341
113.5732 42.7366
113.5793 42.7390
113.5854 42.7414
113.5914 42.7439
113.5975 42.7463
113.6035 42.7487
113.6096 42.7511
113.6156 42.7536
113.6217 42.7560
113.6277 42.7584
113.6338 42.7609
113.6398 42.7633
113.6459 42.7657
113.6519 42.7681
113.6580 42.7706
113.6640 42.7730
113.6701 42.7754
113.6761 42.7778
113.6822 42.7803
113.6883 42.7827
113.6943 42.7851
113.7004 42.7875
113.7064 42.7899
113.7125 42.7924
113.7185 42.7948
113.7246 42.7972
113.7306 42.7996
113.7367 42.8020
113.7427 42.8045
113.7488 42.8069
113.7548 42.8093
113.7609 42.8117
113.7669 42.8141
113.7730 42.8165
113.7790 42.8190
113.7851 42.8214
113.7911 42.8238
113.7972 42.8262
113.8032 42.8286
113.8093 42.8310
113.8153 42.8334
113.8214 42.8359
113.8274 42.8383
113.8335 42.8407
113.8395 42.8431
113.8456 42.8455
113.8516 42.8479
113.8577 42.8503
113.8637 42.8527
113.8698 42.8552
113.8758 42.8576
113.8819 42.8600
113.8879 42.8624
113.8940 42.8648
113.9000 42.8672
113.9061 42.8696
113.9121 42.8720
113.9182 42.8744
113.9242 42.8768
113.9303 42.8792
113.9363 42.8816
113.9424 42.8840
113.9484 42.8864
113.9545 42.8888
113.9605 42.8912
113.9665 42.8936
113.9726 42.8960
113.9786 42.8985
113.9847 42.9009
113.9907 42.9033
113.9968 42.9057
114.0028 42.9081
114.0089 42.9105
114.0149 42.9129
114.0210 42.9153
114.0270 42.9176
114.0331 42.9200
114.0391 42.9224
114.0452 42.9248
114.0512 42.9272
114.0573 42.9296
114.0633 42.9320
114.0693 42.9344
114.0754 42.9368
114.0814 42.9392
114.0875 42.9416
114.0935 42.9440
114.0996 42.9464
114.1056 42.9488
114.1117 42.9512
114.1177 42.9536
114.1238 42.9560
114.1298 42.9584
114.1358 42.9607
114.1419 42.9631
114.1479 42.9655
114.1540 42.9679
114.1600 42.9703
114.1661 42.9727
114.1721 42.9751
114.1782 42.9775
114.1842 42.9799
114.1903 42.9822
114.1963 42.9846
114.2023 42.9870
114.2084 42.9894
114.2144 42.9918
114.2205 42.9942
114.2265 42.9965
114.2326 42.9989
114.2386 43.0013
114.2446 43.0037
114.2507 43.0061
114.2567 43.0085
114.2628 43.0108
114.2688 43.0132
114.2749 43.0156
114.2809 43.0180
114.2869 43.0204
114.2930 43.0227
114.2990 43.0251
114.3051 43.0275
114.3111 43.0299
114.3172 43.0323
114.3232 43.0346
114.3292 43.0370
114.3353 43.0394
114.3413 43.0418
114.3474 43.0441
114.3534 43.0465
114.3595 43.0489
114.3655 43.0513
114.3715 43.0536
114.3776 43.0560
114.3836 43.0584
114.3897 43.0607
114.3957 43.0631
114.4017 43.0655
114.4078 43.0679
114.4138 43.0702
114.4199 43.0726
114.4259 43.0750
114.4319 43.0773
114.4380 43.0797
114.4440 43.0821
114.4501 43.0844
114.4561 43.0868
114.4621 43.0892
114.4682 43.0915
114.4742 43.0939
114.4803 43.0963
114.4863 43.0986
114.4923 43.1010
114.4984 43.1034
114.5044 43.1057
114.5105 43.1081
114.5165 43.1105
114.5225 43.1128
114.5286 43.1152
114.5346 43.1175
114.5407 43.1199
114.5467 43.1223
114.5527 43.1246
114.5588 43.1270
114.5648 43.1293
114.5709 43.1317
114.5769 43.1341
114.5829 43.1364
114.5890 43.1388
114.5950 43.1411
114.6010 43.1435
114.6071 43.1458
114.6131 43.1482
114.6192 43.1506
114.6252 43.1529
114.6312 43.1553
114.6373 43.1576
114.6433 43.1600
114.6493 43.1623
114.6554 43.1647
114.6614 43.1670
114.6675 43.1694
114.6735 43.1717
114.6795 43.1741
114.6856 43.1764
114.6916 43.1788
114.6976 43.1811
114.7037 43.1835
114.7097 43.1858
114.7157 43.1882
114.7218 43.1905
114.7278 43.1929
114.7339 43.1952
114.7399 43.1976
114.7459 43.1999
114.7520 43.2023
114.7580 43.2046
114.7640 43.2070
114.7701 43.2093
114.7761 43.2116
114.7821 43.2140
114.7882 43.2163
114.7942 43.2187
114.8002 43.2210
114.8063 43.2234
114.8123 43.2257
114.8184 43.2280
114.8244 43.2304
114.8304 43.2327
114.8365 43.2351
114.8425 43.2374
114.8485 43.2397
114.8546 43.2421
114.8606 43.2444
114.8666 43.2468
114.8727 43.2491
114.8787 43.2514
114.8847 43.2538
114.8908 43.2561
114.8968 43.2584
114.9028 43.2608
114.9089 43.2631
114.9149 43.2654
114.9209 43.2678
114.9270 43.2701
114.9330 43.2724
114.9390 43.2748
114.9451 43.2771
114.9511 43.2794
114.9571 43.2818
114.9632 43.2841
114.9692 43.2864
114.9752 43.2888
114.9813 43.2911
114.9873 43.2934
114.9933 43.2957
114.9994 43.2981
115.0054 43.3004
115.0114 43.3027
115.0175 43.3051
115.0235 43.3074
115.0295 43.3097
115.0356 43.3120
115.0416 43.3144
115.0476 43.3167
115.0537 43.3190
115.0597 43.3213
115.0657 43.3236
115.0717 43.3260
115.0778 43.3283
115.0838 43.3306
115.0898 43.3329
115.0959 43.3353
115.1019 43.3376
115.1079 43.3399
115.1140 43.3422
115.1200 43.3445
115.1260 43.3469
115.1321 43.3492
115.1381 43.3515
115.1441 43.3538
115.1502 43.3561
115.1562 43.3584
115.1622 43.3608
115.1682 43.3631
115.1743 43.3654
115.1803 43.3677
115.1863 43.3700
115.1924 43.3723
115.1984 43.3746
115.2044 43.3770
115.2105 43.3793
115.2165 43.3816
115.2225 43.3839
115.2285 43.3862
115.2346 43.3885
115.2406 43.3908
115.2466 43.3931
115.2527 43.3954
115.2587 43.3978
115.2647 43.4001
115.2707 43.4024
115.2768 43.4047
115.2828 43.4070
115.2888 43.4093
115.2949 43.4116
115.3009 43.4139
115.3069 43.4162
115.3129 43.4185
115.3190 43.4208
115.3250 43.4231
115.3310 43.4254
115.3371 43.4277
115.3431 43.4300
115.3491 43.4323
115.3551 43.4346
115.3612 43.4369
115.3672 43.4392
115.3732 43.4415
115.3792 43.4438
115.3853 43.4461
115.3913 43.4484
115.3973 43.4507
115.4034 43.4530
115.4094 43.4553
115.4154 43.4576
115.4214 43.4599
115.4275 43.4622
115.4335 43.4645
115.4395 43.4668
115.4455 43.4691
115.4516 43.4714
115.4576 43.4737
115.4636 43.4760
115.4696 43.4783
115.4757 43.4806
115.4817 43.4829
115.4877 43.4852
115.4937 43.4875
115.4998 43.4898
115.5058 43.4921
115.5118 43.4943
115.5178 43.4966
115.5239 43.4989
115.5299 43.5012
115.5359 43.5035
115.5419 43.5058
115.5480 43.5081
115.5540 43.5104
115.5600 43.5127
115.5660 43.5149
115.5721 43.5172
115.5781 43.5195
115.5841 43.5218
115.5901 43.5241
115.5962 43.5264
115.6022 43.5287
115.6082 43.5309
115.6142 43.5332
115.6203 43.5355
115.6263 43.5378
115.6323 43.5401
115.6383 43.5423
115.6444 43.5446
115.6504 43.5469
115.6564 43.5492
115.6624 43.5515
115.6684 43.5537
115.6745 43.5560
115.6805 43.5583
115.6865 43.5606
115.6925 43.5629
115.6986 43.5651
115.7046 43.5674
115.7106 43.5697
115.7166 43.5720
115.7227 43.5742
115.7287 43.5765
115.7347 43.5788
115.7407 43.5811
115.7467 43.5833
115.7528 43.5856
115.7588 43.5879
115.7648 43.5902
115.7708 43.5924
115.7768 43.5947
115.7829 43.5970
115.7889 43.5992
115.7949 43.6015
115.8009 43.6038
115.8070 43.6061
115.8130 43.6083
115.8190 43.6106
115.8250 43.6129
115.8310 43.6151
115.8371 43.6174
115.8431 43.6197
115.8491 43.6219
115.8551 43.6242
115.8611 43.6265
115.8672 43.6287
115.8732 43.6310
115.8792 43.6332
115.8852 43.6355
115.8912 43.6378
115.8973 43.6400
115.9033 43.6423
115.9093 43.6446
115.9153 43.6468
115.9213 43.6491
115.9274 43.6513
115.9334 43.6536
115.9394 43.6559
115.9454 43.6581
115.9514 43.6604
115.9574 43.6626
115.9635 43.6649
115.9695 43.6671
115.9755 43.6694
115.9815 43.6717
115.9875 43.6739
115.9936 43.6762
115.9996 43.6784
116.0056 43.6807
116.0116 43.6829
116.0176 43.6852
116.0236 43.6874
116.0297 43.6897
116.0357 43.6919
116.0417 43.6942
116.0477 43.6965
116.0537 43.6987
116.0598 43.7010
116.0658 43.7032
116.0718 43.7055
116.0778 43.7077
116.0838 43.7100
116.0898 43.7122
116.0959 43.7144
116.1019 43.7167
116.1079 43.7189
116.1139 43.7212
116.1199 43.7234
116.1259 43.7257
116.1320 43.7279
116.1380 43.7302
116.1440 43.7324
116.1500 43.7347
116.1560 43.7369
116.1620 43.7391
116.1680 43.7414
116.1741 43.7436
116.1801 43.7459
116.1861 43.7481
116.1921 43.7504
116.1981 43.7526
116.2041 43.7548
116.2102 43.7571
116.2162 43.7593
116.2222 43.7616
116.2282 43.7638
116.2342 43.7660
116.2402 43.7683
116.2462 43.7705
116.2523 43.7727
116.2583 43.7750
116.2643 43.7772
116.2703 43.7794
116.2763 43.7817
116.2823 43.7839
116.2883 43.7861
116.2944 43.7884
116.3004 43.7906
116.3064 43.7928
116.3124 43.7951
116.3184 43.7973
116.3244 43.7995
116.3304 43.8018
116.3365 43.8040
116.3425 43.8062
116.3485 43.8085
116.3545 43.8107
116.3605 43.8129
116.3665 43.8151
116.3725 43.8174
116.3785 43.8196
116.3846 43.8218
116.3906 43.8241
116.3966 43.8263
116.4026 43.8285
116.4086 43.8307
116.4146 43.8330
116.4206 43.8352
116.4266 43.8374
116.4327 43.8396
116.4387 43.8418
116.4447 43.8441
116.4507 43.8463
116.4567 43.8485
116.4627 43.8507
116.4687 43.8530
116.4747 43.8552
116.4808 43.8574
116.4868 43.8596
116.4928 43.8618
116.4988 43.8641
116.5048 43.8663
116.5108 43.8685
116.5168 43.8707
116.5228 43.8729
116.5288 43.8751
116.5349 43.8774
116.5409 43.8796
116.5469 43.8818
116.5529 43.8840
116.5589 43.8862
116.5649 43.8884
116.5709 43.8906
116.5769 43.8929
116.5829 43.8951
116.5890 43.8973
116.5950 43.8995
116.6010 43.9017
116.6070 43.9039
116.6130 43.9061
116.6190 43.9083
116.6250 43.9105
116.6310 43.9127
116.6370 43.9150
116.6430 43.9172
116.6491 43.9194
116.6551 43.9216
116.6611 43.9238
116.6671 43.9260
116.6731 43.9282
116.6791 43.9304
116.6851 43.9326
116.6911 43.9348
116.6971 43.9370
116.7031 43.9392
116.7091 43.9414
116.7152 43.9436
116.7212 43.9458
116.7272 43.9480
116.7332 43.9502
116.7392 43.9524
116.7452 43.9546
116.7512 43.9568
116.7572 43.9590
116.7632 43.9612
116.7692 43.9634
116.7752 43.9656
116.7812 43.9678
116.7873 43.9700
116.7933 43.9722
116.7993 43.9744
116.8053 43.9766
116.8113 43.9788
116.8173 43.9810
116.8233 43.9832
116.8293 43.9854
116.8353 43.9876
116.8413 43.9898
116.8473 43.9920
116.8533 43.9942
116.8593 43.9964
116.8653 43.9985
116.8714 44.0007
116.8774 44.0029
116.8834 44.0051
116.8894 44.0073
116.8954 44.0095
116.9014 44.0117
116.9074 44.0139
116.9134 44.0161
116.9194 44.0183
116.9254 44.0204
116.9314 44.0226
116.9374 44.0248
116.9434 44.0270
116.9494 44.0292
116.9554 44.0314
116.9614 44.0336
116.9674 44.0357
116.9735 44.0379
116.9795 44.0401
116.9855 44.0423
116.9915 44.0445
116.9975 44.0466
117.0035 44.0488
117.0095 44.0510
117.0155 44.0532
117.0215 44.0554
117.0275 44.0576
117.0335 44.0597
117.0395 44.0619
117.0455 44.0641
117.0515 44.0663
117.0575 44.0684
117.0635 44.0706
117.0695 44.0728
117.0755 44.0750
117.0815 44.0771
117.0875 44.0793
117.0935 44.0815
117.0995 44.0837
117.1055 44.0858
117.1116 44.0880
117.1176 44.0902
117.1236 44.0924
117.1296 44.0945
117.1356 44.0967
117.1416 44.0989
117.1476 44.1011
117.1536 44.1032
117.1596 44.1054
117.1656 44.1076
117.1716 44.1097
117.1776 44.1119
117.1836 44.1141
117.1896 44.1162
117.1956 44.1184
117.2016 44.1206
117.2076 44.1227
117.2136 44.1249
117.2196 44.1271
117.2256 44.1292
117.2316 44.1314
117.2376 44.1336
117.2436 44.1357
117.2496 44.1379
117.2556 44.1400
117.2616 44.1422
117.2676 44.1444
117.2736 44.1465
117.2796 44.1487
117.2856 44.1509
117.2916 44.1530
117.2976 44.1552
117.3036 44.1573
117.3096 44.1595
117.3156 44.1617
117.3216 44.1638
117.3276 44.1660
117.3336 44.1681
117.3396 44.1703
117.3456 44.1724
117.3516 44.1746
117.3576 44.1767
117.3636 44.1789
117.3696 44.1811
117.3756 44.1832
117.3816 44.1854
117.3876 44.1875
117.3936 44.1897
117.3996 44.1918
117.4056 44.1940
117.4116 44.1961
117.4176 44.1983
117.4236 44.2004
117.4296 44.2026
117.4356 44.2047
117.4416 44.2069
117.4476 44.2090
117.4536 44.2112
117.4596 44.2133
117.4656 44.2155
117.4716 44.2176
117.4776 44.2198
117.4836 44.2219
117.4896 44.2240
117.4956 44.2262
117.5016 44.2283
117.5076 44.2305
117.5136 44.2326
117.5196 44.2348
117.5256 44.2369
117.5316 44.2391
117.5376 44.2412
117.5436 44.2433
117.5496 44.2455
117.5556 44.2476
117.5616 44.2498
117.5676 44.2519
117.5736 44.2540
117.5796 44.2562
117.5856 44.2583
117.5916 44.2605
117.5976 44.2626
117.6035 44.2647
117.6095 44.2669
117.6155 44.2690
117.6215 44.2711
117.6275 44.2733
117.6335 44.2754
117.6395 44.2775
117.6455 44.2797
117.6515 44.2818
117.6575 44.2839
117.6635 44.2861
117.6695 44.2882
117.6755 44.2903
117.6815 44.2925
117.6875 44.2946
117.6935 44.2967
117.6995 44.2989
117.7055 44.3010
117.7115 44.3031
117.7175 44.3052
117.7235 44.3074
117.7295 44.3095
117.7354 44.3116
117.7414 44.3138
117.7474 44.3159
117.7534 44.3180
117.7594 44.3201
117.7654 44.3223
117.7714 44.3244
117.7774 44.3265
117.7834 44.3286
117.7894 44.3308
117.7954 44.3329
117.8014 44.3350
117.8074 44.3371
117.8134 44.3392
117.8194 44.3414
117.8254 44.3435
117.8314 44.3456
117.8374 44.3477
117.8433 44.3498
117.8493 44.3520
117.8553 44.3541
117.8613 44.3562
117.8673 44.3583
117.8733 44.3604
117.8793 44.3625
117.8853 44.3647
117.8913 44.3668
117.8973 44.3689
117.9033 44.3710
117.9093 44.3731
117.9153 44.3752
117.9213 44.3773
117.9272 44.3795
117.9332 44.3816
117.9392 44.3837
117.9452 44.3858
117.9512 44.3879
117.9572 44.3900
117.9632 44.3921
117.9692 44.3942
117.9752 44.3963
117.9812 44.3985
117.9872 44.4006
117.9932 44.4027
117.9992 44.4048
118.0051 44.4069
118.0111 44.4090
118.0171 44.4111
118.0231 44.4132
118.0291 44.4153
118.0351 44.4174
118.0411 44.4195
118.0471 44.4216
118.0531 44.4237
118.0591 44.4258
118.0651 44.4279
118.0710 44.4300
118.0770 44.4321
118.0830 44.4342
118.0890 44.4363
118.0950 44.4384
118.1010 44.4405
118.1070 44.4426
118.1130 44.4447
118.1190 44.4468
118.1250 44.4489
118.1310 44.4510
118.1369 44.4531
118.1429 44.4552
118.1489 44.4573
118.1549 44.4594
118.1609 44.4615
118.1669 44.4636
118.1729 44.4657
118.1789 44.4678
118.1849 44.4699
118.1908 44.4720
118.1968 44.4741
118.2028 44.4762
118.2088 44.4783
118.2148 44.4804
118.2208 44.4825
118.2268 44.4845
118.2328 44.4866
118.2388 44.4887
118.2448 44.4908
118.2507 44.4929
118.2567 44.4950
118.2627 44.4971
118.2687 44.4992
118.2747 44.5013
118.2807 44.5033
118.2867 44.5054
118.2927 44.5075
118.2986 44.5096
118.3046 44.5117
118.3106 44.5138
118.3166 44.5159
118.3226 44.5179
118.3286 44.5200
118.3346 44.5221
118.3406 44.5242
118.3465 44.5263
118.3525 44.5284
118.3585 44.5304
118.3645 44.5325
118.3705 44.5346
118.3765 44.5367
118.3825 44.5388
118.3885 44.5408
118.3944 44.5429
118.4004 44.5450
118.4064 44.5471
118.4124 44.5491
118.4184 44.5512
118.4244 44.5533
118.4304 44.5554
118.4364 44.5574
118.4423 44.5595
118.4483 44.5616
118.4543 44.5637
118.4603 44.5657
118.4663 44.5678
118.4723 44.5699
118.4783 44.5720
118.4842 44.5740
118.4902 44.5761
118.4962 44.5782
118.5022 44.5802
118.5082 44.5823
118.5142 44.5844
118.5202 44.5865
118.5261 44.5885
118.5321 44.5906
118.5381 44.5927
118.5441 44.5947
118.5501 44.5968
118.5561 44.5989
118.5620 44.6009
118.5680 44.6030
118.5740 44.6051
118.5800 44.6071
118.5860 44.6092
118.5920 44.6112
118.5980 44.6133
118.6039 44.6154
118.6099 44.6174
118.6159 44.6195
118.6219 44.6216
118.6279 44.6236
118.6339 44.6257
118.6398 44.6277
118.6458 44.6298
118.6518 44.6319
118.6578 44.6339
118.6638 44.6360
118.6698 44.6380
118.6757 44.6401
118.6817 44.6421
118.6877 44.6442
118.6937 44.6463
118.6997 44.6483
118.7057 44.6504
118.7116 44.6524
118.7176 44.6545
118.7236 44.6565
118.7296 44.6586
118.7356 44.6606
118.7416 44.6627
118.7475 44.6647
118.7535 44.6668
118.7595 44.6688
118.7655 44.6709
118.7715 44.6730
118.7775 44.6750
118.7834 44.6771
118.7894 44.6791
118.7954 44.6811
118.8014 44.6832
118.8074 44.6852
118.8133 44.6873
118.8193 44.6893
118.8253 44.6914
118.8313 44.6934
118.8373 44.6955
118.8432 44.6975
118.8492 44.6996
118.8552 44.7016
118.8612 44.7037
118.8672 44.7057
118.8732 44.7077
118.8791 44.7098
118.8851 44.7118
118.8911 44.7139
118.8971 44.7159
118.9031 44.7179
118.9090 44.7200
118.9150 44.7220
118.9210 44.7241
118.9270 44.7261
118.9330 44.7281
118.9389 44.7302
118.9449 44.7322
118.9509 44.7343
118.9569 44.7363
118.9629 44.7383
118.9688 44.7404
118.9748 44.7424
118.9808 44.7444
118.9868 44.7465
118.9928 44.7485
118.9987 44.7505
119.0047 44.7526
119.0107 44.7546
119.0167 44.7566
119.0226 44.7587
119.0286 44.7607
119.0346 44.7627
119.0406 44.7648
119.0466 44.7668
119.0525 44.7688
119.0585 44.7708
119.0645 44.7729
119.0705 44.7749
119.0765 44.7769
119.0824 44.7789
119.0884 44.7810
119.0944 44.7830
119.1004 44.7850
119.1063 44.7871
119.1123 44.7891
119.1183 44.7911
119.1243 44.7931
119.1303 44.7951
119.1362 44.7972
119.1422 44.7992
119.1482 44.8012
119.1542 44.8032
119.1601 44.8053
119.1661 44.8073
119.1721 44.8093
119.1781 44.8113
119.1840 44.8133
119.1900 44.8154
119.1960 44.8174
119.2020 44.8194
119.2080 44.8214
119.2139 44.8234
119.2199 44.8254
119.2259 44.8275
119.2319 44.8295
119.2378 44.8315
119.2438 44.8335
119.2498 44.8355
119.2558 44.8375
119.2617 44.8396
119.2677 44.8416
119.2737 44.8436
119.2797 44.8456
119.2856 44.8476
119.2916 44.8496
119.2976 44.8516
119.3036 44.8536
119.3095 44.8556
119.3155 44.8577
119.3215 44.8597
119.3275 44.8617
119.3334 44.8637
119.3394 44.8657
119.3454 44.8677
119.3514 44.8697
119.3573 44.8717
119.3633 44.8737
119.3693 44.8757
119.3753 44.8777
119.3812 44.8797
119.3872 44.8817
119.3932 44.8837
119.3992 44.8857
119.4051 44.8877
119.4111 44.8897
119.4171 44.8917
119.4231 44.8937
119.4290 44.8957
119.4350 44.8978
119.4410 44.8998
119.4470 44.9018
119.4529 44.9037
119.4589 44.9057
119.4649 44.9077
119.4708 44.9097
119.4768 44.9117
119.4828 44.9137
119.4888 44.9157
119.4947 44.9177
119.5007 44.9197
119.5067 44.9217
119.5127 44.9237
119.5186 44.9257
119.5246 44.9277
119.5306 44.9297
119.5366 44.9317
119.5425 44.9337
119.5485 44.9357
119.5545 44.9377
119.5604 44.9397
119.5664 44.9417
119.5724 44.9436
119.5784 44.9456
119.5843 44.9476
119.5903 44.9496
119.5963 44.9516
119.6022 44.9536
119.6082 44.9556
119.6142 44.9576
119.6202 44.9595
119.6261 44.9615
119.6321 44.9635
119.6381 44.9655
119.6441 44.9675
119.6500 44.9695
119.6560 44.9715
119.6620 44.9734
119.6679 44.9754
119.6739 44.9774
119.6799 44.9794
119.6858 44.9814
119.6918 44.9834
119.6978 44.9853
119.7038 44.9873
119.7097 44.9893
119.7157 44.9913
119.7217 44.9933
119.7276 44.9952
119.7336 44.9972
119.7396 44.9992
119.7456 45.0012
119.7515 45.0031
119.7575 45.0051
119.7635 45.0071
119.7694 45.0091
119.7754 45.0111
119.7814 45.0130
119.7873 45.0150
119.7933 45.0170
119.7993 45.0189
119.8053 45.0209
119.8112 45.0229
119.8172 45.0249
119.8232 45.0268
119.8291 45.0288
119.8351 45.0308
119.8411 45.0327
119.8470 45.0347
119.8530 45.0367
119.8590 45.0387
119.8650 45.0406
119.8709 45.0426
119.8769 45.0446
119.8829 45.0465
119.8888 45.0485
119.8948 45.0505
119.9008 45.0524
119.9067 45.0544
119.9127 45.0564
119.9187 45.0583
119.9246 45.0603
119.9306 45.0622
119.9366 45.0642
119.9425 45.0662
119.9485 45.0681
119.9545 45.0701
119.9604 45.0721
119.9664 45.0740
119.9724 45.0760
119.9783 45.0779
119.9843 45.0799
119.9903 45.0819
119.9963 45.0838
120.0022 45.0858
120.0082 45.0877
120.0142 45.0897
120.0201 45.0916
120.0261 45.0936
120.0321 45.0956
120.0380 45.0975
120.0440 45.0995
120.0500 45.1014
120.0559 45.1034
120.0619 45.1053
120.0679 45.1073
120.0738 45.1092
120.0798 45.1112
120.0858 45.1131
120.0917 45.1151
120.0977 45.1170
120.1037 45.1190
120.1096 45.1209
120.1156 45.1229
120.1216 45.1248
120.1275 45.1268
120.1335 45.1287
120.1395 45.1307
120.1454 45.1326
120.1514 45.1346
120.1573 45.1365
120.1633 45.1385
120.1693 45.1404
120.1752 45.1424
120.1812 45.1443
120.1872 45.1463
120.1931 45.1482
120.1991 45.1501
120.2051 45.1521
120.2110 45.1540
120.2170 45.1560
120.2230 45.1579
120.2289 45.1599
120.2349 45.1618
120.2409 45.1637
120.2468 45.1657
120.2528 45.1676
120.2588 45.1696
120.2647 45.1715
120.2707 45.1734
120.2766 45.1754
120.2826 45.1773
120.2886 45.1792
120.2945 45.1812
120.3005 45.1831
120.3065 45.1851
120.3124 45.1870
120.3184 45.1889
120.3244 45.1909
120.3303 45.1928
120.3363 45.1947
120.3422 45.1967
120.3482 45.1986
120.3542 45.2005
120.3601 45.2025
120.3661 45.2044
120.3721 45.2063
120.3780 45.2082
120.3840 45.2102
120.3900 45.2121
120.3959 45.2140
120.4019 45.2160
120.4078 45.2179
120.4138 45.2198
120.4198 45.2217
120.4257 45.2237
120.4317 45.2256
120.4377 45.2275
120.4436 45.2294
120.4496 45.2314
120.4555 45.2333
120.4615 45.2352
120.4675 45.2371
120.4734 45.2391
120.4794 45.2410
120.4853 45.2429
120.4913 45.2448
120.4973 45.2467
120.5032 45.2487
120.5092 45.2506
120.5152 45.2525
120.5211 45.2544
120.5271 45.2563
120.5330 45.2583
120.5390 45.2602
120.5450 45.2621
120.5509 45.2640
120.5569 45.2659
120.5628 45.2678
120.5688 45.2698
120.5748 45.2717
120.5807 45.2736
120.5867 45.2755
120.5926 45.2774
120.5986 45.2793
120.6046 45.2812
120.6105 45.2832
120.6165 45.2851
120.6224 45.2870
120.6284 45.2889
120.6344 45.2908
120.6403 45.2927
120.6463 45.2946
120.6522 45.2965
120.6582 45.2984
120.6642 45.3003
120.6701 45.3023
120.6761 45.3042
120.6820 45.3061
120.6880 45.3080
120.6940 45.3099
120.6999 45.3118
120.7059 45.3137
120.7118 45.3156
120.7178 45.3175
120.7238 45.3194
120.7297 45.3213
120.7357 45.3232
120.7416 45.3251
120.7476 45.3270
120.7535 45.3289
120.7595 45.3308
120.7655 45.3327
120.7714 45.3346
120.7774 45.3365
120.7833 45.3384
120.7893 45.3403
120.7953 45.3422
120.8012 45.3441
120.8072 45.3460
120.8131 45.3479
120.8191 45.3498
120.8250 45.3517
120.8310 45.3536
120.8370 45.3555
120.8429 45.3574
120.8489 45.3593
120.8548 45.3612
120.8608 45.3631
120.8667 45.3650
120.8727 45.3669
120.8787 45.3687
120.8846 45.3706
120.8906 45.3725
120.8965 45.3744
120.9025 45.3763
120.9084 45.3782
120.9144 45.3801
120.9204 45.3820
120.9263 45.3839
120.9323 45.3858
120.9382 45.3876
120.9442 45.3895
120.9501 45.3914
120.9561 45.3933
120.9620 45.3952
120.9680 45.3971
120.9740 45.3990
120.9799 45.4008
120.9859 45.4027
120.9918 45.4046
120.9978 45.4065
121.0037 45.4084
121.0097 45.4103
121.0157 45.4121
121.0216 45.4140
121.0276 45.4159
121.0335 45.4178
121.0395 45.4197
121.0454 45.4215
121.0514 45.4234
121.0573 45.4253
121.0633 45.4272
121.0693 45.4291
121.0752 45.4309
121.0812 45.4328
121.0871 45.4347
121.0931 45.4366
121.0990 45.4384
121.1050 45.4403
121.1109 45.4422
121.1169 45.4441
121.1228 45.4459
121.1288 45.4478
121.1348 45.4497
121.1407 45.4516
121.1467 45.4534
121.1526 45.4553
121.1586 45.4572
121.1645 45.4590
121.1705 45.4609
121.1764 45.4628
121.1824 45.4647
121.1883 45.4665
121.1943 45.4684
121.2002 45.4703
121.2062 45.4721
121.2122 45.4740
121.2181 45.4759
121.2241 45.4777
121.2300 45.4796
121.2360 45.4815
121.2419 45.4833
121.2479 45.4852
121.2538 45.4870
121.2598 45.4889
121.2657 45.4908
121.2717 45.4926
121.2776 45.4945
121.2836 45.4964
121.2895 45.4982
121.2955 45.5001
121.3015 45.5019
121.3074 45.5038
121.3134 45.5057
121.3193 45.5075
121.3253 45.5094
121.3312 45.5112
121.3372 45.5131
121.3431 45.5150
121.3491 45.5168
121.3550 45.5187
121.3610 45.5205
121.3669 45.5224
121.3729 45.5242
121.3788 45.5261
121.3848 45.5279
121.3907 45.5298
121.3967 45.5316
121.4026 45.5335
121.4086 45.5353
121.4145 45.5372
121.4205 45.5391
121.4264 45.5409
121.4324 45.5428
121.4383 45.5446
121.4443 45.5465
121.4502 45.5483
121.4562 45.5502
121.4621 45.5520
121.4681 45.5538
121.4741 45.5557
121.4800 45.5575
121.4860 45.5594
121.4919 45.5612
121.4979 45.5631
121.5038 45.5649
121.5098 45.5668
121.5157 45.5686
121.5217 45.5705
121.5276 45.5723
121.5336 45.5741
121.5395 45.5760
121.5455 45.5778
121.5514 45.5797
121.5574 45.5815
121.5633 45.5833
121.5693 45.5852
121.5752 45.5870
121.5812 45.5889
121.5871 45.5907
121.5931 45.5925
121.5990 45.5944
121.6050 45.5962
121.6109 45.5981
121.6169 45.5999
121.6228 45.6017
121.6288 45.6036
121.6347 45.6054
121.6406 45.6072
121.6466 45.6091
121.6525 45.6109
121.6585 45.6127
121.6644 45.6146
121.6704 45.6164
121.6763 45.6182
121.6823 45.6201
121.6882 45.6219
121.6942 45.6237
121.7001 45.6256
121.7061 45.6274
121.7120 45.6292
121.7180 45.6310
121.7239 45.6329
121.7299 45.6347
121.7358 45.6365
121.7418 45.6384
121.7477 45.6402
121.7537 45.6420
121.7596 45.6438
121.7656 45.6457
121.7715 45.6475
121.7775 45.6493
121.7834 45.6511
121.7894 45.6530
121.7953 45.6548
121.8012 45.6566
121.8072 45.6584
121.8131 45.6602
121.8191 45.6621
121.8250 45.6639
121.8310 45.6657
121.8369 45.6675
121.8429 45.6693
121.8488 45.6712
121.8548 45.6730
121.8607 45.6748
121.8667 45.6766
121.8726 45.6784
121.8786 45.6802
121.8845 45.6821
121.8904 45.6839
121.8964 45.6857
121.9023 45.6875
121.9083 45.6893
121.9142 45.6911
121.9202 45.6930
121.9261 45.6948
121.9321 45.6966
121.9380 45.6984
121.9440 45.7002
121.9499 45.7020
121.9559 45.7038
121.9618 45.7056
121.9677 45.7074
121.9737 45.7093
121.9796 45.7111
121.9856 45.7129
121.9915 45.7147
121.9975 45.7165
122.0034 45.7183
122.0094 45.7201
122.0153 45.7219
122.0212 45.7237
122.0272 45.7255
122.0331 45.7273
122.0391 45.7291
122.0450 45.7309
122.0510 45.7327
122.0569 45.7345
122.0629 45.7363
122.0688 45.7381
122.0747 45.7399
122.0807 45.7417
122.0866 45.7435
122.0926 45.7453
122.0985 45.7471
122.1045 45.7489
122.1104 45.7507
122.1164 45.7525
122.1223 45.7543
122.1282 45.7561
122.1342 45.7579
122.1401 45.7597
122.1461 45.7615
122.1520 45.7633
122.1580 45.7651
122.1639 45.7669
122.1698 45.7687
122.1758 45.7705
122.1817 45.7723
122.1877 45.7741
122.1936 45.7759
122.1996 45.7777
122.2055 45.7795
122.2114 45.7813
122.2174 45.7830
122.2233 45.7848
122.2293 45.7866
122.2352 45.7884
122.2412 45.7902
122.2471 45.7920
122.2530 45.7938
122.2590 45.7956
122.2649 45.7974
122.2709 45.7991
122.2768 45.8009
122.2828 45.8027
122.2887 45.8045
122.2946 45.8063
122.3006 45.8081
122.3065 45.8099
122.3125 45.8116
122.3184 45.8134
122.3243 45.8152
122.3303 45.8170
122.3362 45.8188
122.3422 45.8205
122.3481 45.8223
122.3540 45.8241
122.3600 45.8259
122.3659 45.8277
122.3719 45.8294
122.3778 45.8312
122.3838 45.8330
122.3897 45.8348
122.3956 45.8366
122.4016 45.8383
122.4075 45.8401
122.4135 45.8419
122.4194 45.8437
122.4253 45.8454
122.4313 45.8472
122.4372 45.8490
122.4432 45.8508
122.4491 45.8525
122.4550 45.8543
122.4610 45.8561
122.4669 45.8578
122.4729 45.8596
122.4788 45.8614
122.4847 45.8632
122.4907 45.8649
122.4966 45.8667
122.5026 45.8685
122.5085 45.8702
122.5144 45.8720
122.5204 45.8738
122.5263 45.8755
122.5322 45.8773
122.5382 45.8791
122.5441 45.8808
122.5501 45.8826
122.5560 45.8844
122.5619 45.8861
122.5679 45.8879
122.5738 45.8897
122.5798 45.8914
122.5857 45.8932
122.5916 45.8950
122.5976 45.8967
122.6035 45.8985
122.6095 45.9002
122.6154 45.9020
122.6213 45.9038
122.6273 45.9055
122.6332 45.9073
122.6391 45.9090
122.6451 45.9108
122.6510 45.9126
122.6570 45.9143
122.6629 45.9161
122.6688 45.9178
122.6748 45.9196
122.6807 45.9213
122.6866 45.9231
122.6926 45.9248
122.6985 45.9266
122.7045 45.9284
122.7104 45.9301
122.7163 45.9319
122.7223 45.9336
122.7282 45.9354
122.7342 45.9371
122.7401 45.9389
122.7460 45.9406
122.7520 45.9424
122.7579 45.9441
122.7638 45.9459
122.7698 45.9476
122.7757 45.9494
122.7816 45.9511
122.7876 45.9529
122.7935 45.9546
122.7995 45.9563
122.8054 45.9581
122.8113 45.9598
122.8173 45.9616
122.8232 45.9633
122.8291 45.9651
122.8351 45.9668
122.8410 45.9686
122.8469 45.9703
122.8529 45.9720
122.8588 45.9738
122.8648 45.9755
122.8707 45.9773
122.8766 45.9790
122.8826 45.9808
122.8885 45.9825
122.8944 45.9842
122.9004 45.9860
122.9063 45.9877
122.9122 45.9894
122.9182 45.9912
122.9241 45.9929
122.9301 45.9947
122.9360 45.9964
122.9419 45.9981
122.9479 45.9999
122.9538 46.0016
122.9597 46.0033
122.9657 46.0051
122.9716 46.0068
122.9775 46.0085
122.9835 46.0103
122.9894 46.0120
122.9953 46.0137
123.0013 46.0155
123.0072 46.0172
123.0131 46.0189
123.0191 46.0207
123.0250 46.0224
123.0309 46.0241
123.0369 46.0258
123.0428 46.0276
123.0487 46.0293
123.0547 46.0310
123.0606 46.0328
123.0666 46.0345
123.0725 46.0362
123.0784 46.0379
123.0844 46.0397
123.0903 46.0414
123.0962 46.0431
123.1022 46.0448
123.1081 46.0465
123.1140 46.0483
123.1200 46.0500
123.1259 46.0517
123.1318 46.0534
123.1378 46.0552
123.1437 46.0569
123.1496 46.0586
123.1556 46.0603
123.1615 46.0620
123.1674 46.0638
123.1734 46.0655
123.1793 46.0672
123.1852 46.0689
123.1912 46.0706
123.1971 46.0723
123.2030 46.0741
123.2090 46.0758
123.2149 46.0775
123.2208 46.0792
123.2268 46.0809
123.2327 46.0826
123.2386 46.0843
123.2445 46.0861
123.2505 46.0878
123.2564 46.0895
123.2623 46.0912
123.2683 46.0929
123.2742 46.0946
123.2801 46.0963
123.2861 46.0980
123.2920 46.0997
123.2979 46.1014
123.3039 46.1032
123.3098 46.1049
123.3157 46.1066
123.3217 46.1083
123.3276 46.1100
123.3335 46.1117
123.3395 46.1134
123.3454 46.1151
123.3513 46.1168
123.3573 46.1185
123.3632 46.1202
123.3691 46.1219
123.3750 46.1236
123.3810 46.1253
123.3869 46.1270
123.3928 46.1287
123.3988 46.1304
123.4047 46.1321
123.4106 46.1338
123.4166 46.1355
123.4225 46.1372
123.4284 46.1389
123.4344 46.1406
123.4403 46.1423
123.4462 46.1440
123.4521 46.1457
123.4581 46.1474
123.4640 46.1491
123.4699 46.1508
123.4759 46.1525
123.4818 46.1542
123.4877 46.1559
123.4937 46.1576
123.4996 46.1593
123.5055 46.1610
123.5114 46.1627
123.5174 46.1643
123.5233 46.1660
123.5292 46.1677
123.5352 46.1694
123.5411 46.1711
123.5470 46.1728
123.5529 46.1745
123.5589 46.1762
123.5648 46.1779
123.5707 46.1796
123.5767 46.1812
123.5826 46.1829
123.5885 46.1846
123.5944 46.1863
123.6004 46.1880
123.6063 46.1897
123.6122 46.1914
123.6182 46.1930
123.6241 46.1947
123.6300 46.1964
123.6359 46.1981
123.6419 46.1998
123.6478 46.2014
123.6537 46.2031
123.6597 46.2048
123.6656 46.2065
123.6715 46.2082
123.6774 46.2099
123.6834 46.2115
123.6893 46.2132
123.6952 46.2149
123.7012 46.2166
123.7071 46.2182
123.7130 46.2199
123.7189 46.2216
123.7249 46.2233
123.7308 46.2249
123.7367 46.2266
123.7426 46.2283
123.7486 46.2300
123.7545 46.2316
123.7604 46.2333
123.7664 46.2350
123.7723 46.2367
123.7782 46.2383
123.7841 46.2400
123.7901 46.2417
123.7960 46.2433
123.8019 46.2450
123.8078 46.2467
123.8138 46.2484
123.8197 46.2500
123.8256 46.2517
123.8315 46.2534
123.8375 46.2550
123.8434 46.2567
123.8493 46.2584
123.8552 46.2600
123.8612 46.2617
123.8671 46.2634
123.8730 46.2650
123.8789 46.2667
123.8849 46.2683
123.8908 46.2700
123.8967 46.2717
123.9026 46.2733
123.9086 46.2750
123.9145 46.2767
123.9204 46.2783
123.9264 46.2800
123.9323 46.2816
123.9382 46.2833
123.9441 46.2850
123.9500 46.2866
123.9560 46.2883
123.9619 46.2899
123.9678 46.2916
123.9737 46.2932
123.9797 46.2949
123.9856 46.2966
123.9915 46.2982
123.9974 46.2999
124.0034 46.3015
124.0093 46.3032
124.0152 46.3048
124.0211 46.3065
124.0271 46.3081
124.0330 46.3098
124.0389 46.3114
124.0448 46.3131
124.0508 46.3147
124.0567 46.3164
124.0626 46.3180
124.0685 46.3197
124.0745 46.3213
124.0804 46.3230
124.0863 46.3246
124.0922 46.3263
124.0982 46.3279
124.1041 46.3296
124.1100 46.3312
124.1159 46.3329
124.1219 46.3345
124.1278 46.3362
124.1337 46.3378
124.1396 46.3395
124.1455 46.3411
124.1515 46.3427
124.1574 46.3444
124.1633 46.3460
124.1692 46.3477
124.1752 46.3493
124.1811 46.3509
124.1870 46.3526
124.1929 46.3542
124.1989 46.3559
124.2048 46.3575
124.2107 46.3591
124.2166 46.3608
124.2225 46.3624
124.2285 46.3641
124.2344 46.3657
124.2403 46.3673
124.2462 46.3690
124.2522 46.3706
124.2581 46.3722
124.2640 46.3739
124.2699 46.3755
124.2758 46.3771
124.2818 46.3788
124.2877 46.3804
124.2936 46.3820
124.2995 46.3837
124.3055 46.3853
124.3114 46.3869
124.3173 46.3886
124.3232 46.3902
124.3291 46.3918
124.3351 46.3935
124.3410 46.3951
124.3469 46.3967
124.3528 46.3983
124.3587 46.4000
124.3647 46.4016
124.3706 46.4032
124.3765 46.4048
124.3824 46.4065
124.3884 46.4081
124.3943 46.4097
124.4002 46.4113
124.4061 46.4130
124.4120 46.4146
124.4180 46.4162
124.4239 46.4178
124.4298 46.4195
124.4357 46.4211
124.4416 46.4227
124.4476 46.4243
124.4535 46.4259
124.4594 46.4276
124.4653 46.4292
124.4712 46.4308
124.4772 46.4324
124.4831 46.4340
124.4890 46.4357
124.4949 46.4373
124.5008 46.4389
124.5068 46.4405
124.5127 46.4421
124.5186 46.4437
124.5245 46.4453
124.5304 46.4470
124.5364 46.4486
124.5423 46.4502
124.5482 46.4518
124.5541 46.4534
124.5600 46.4550
124.5660 46.4566
124.5719 46.4582
124.5778 46.4599
124.5837 46.4615
124.5896 46.4631
124.5956 46.4647
124.6015 46.4663
124.6074 46.4679
124.6133 46.4695
124.6192 46.4711
124.6252 46.4727
124.6311 46.4743
124.6370 46.4759
124.6429 46.4775
124.6488 46.4791
124.6547 46.4808
124.6607 46.4824
124.6666 46.4840
124.6725 46.4856
124.6784 46.4872
124.6843 46.4888
124.6903 46.4904
124.6962 46.4920
124.7021 46.4936
124.7080 46.4952
124.7139 46.4968
124.7199 46.4984
124.7258 46.5000
124.7317 46.5016
124.7376 46.5032
124.7435 46.5048
124.7494 46.5064
124.7554 46.5080
124.7613 46.5096
124.7672 46.5112
124.7731 46.5128
124.7790 46.5143
124.7849 46.5159
124.7909 46.5175
124.7968 46.5191
124.8027 46.5207
124.8086 46.5223
124.8145 46.5239
124.8205 46.5255
124.8264 46.5271
124.8323 46.5287
124.8382 46.5303
124.8441 46.5319
124.8500 46.5335
124.8560 46.5350
124.8619 46.5366
124.8678 46.5382
124.8737 46.5398
124.8796 46.5414
124.8855 46.5430
124.8915 46.5446
124.8974 46.5462
124.9033 46.5477
124.9092 46.5493
124.9151 46.5509
124.9210 46.5525
124.9270 46.5541
124.9329 46.5557
124.9388 46.5572
124.9447 46.5588
124.9506 46.5604
124.9565 46.5620
124.9624 46.5636
124.9684 46.5652
124.9743 46.5667
124.9802 46.5683
124.9861 46.5699
124.9920 46.5715
124.9979 46.5730
125.0039 46.5746
125.0098 46.5762
125.0157 46.5778
125.0216 46.5794
125.0275 46.5809
125.0334 46.5825
125.0393 46.5841
125.0453 46.5857
125.0512 46.5872
125.0571 46.5888
125.0630 46.5904
125.0689 46.5920
125.0748 46.5935
125.0808 46.5951
125.0867 46.5967
125.0926 46.5982
125.0985 46.5998
125.1044 46.6014
125.1103 46.6029
125.1162 46.6045
125.1222 46.6061
125.1281 46.6077
125.1340 46.6092
125.1399 46.6108
125.1458 46.6124
125.1517 46.6139
125.1576 46.6155
125.1635 46.6171
125.1695 46.6186
125.1754 46.6202
125.1813 46.6217
125.1872 46.6233
125.1931 46.6249
125.1990 46.6264
125.2049 46.6280
125.2109 46.6296
125.2168 46.6311
125.2227 46.6327
125.2286 46.6342
125.2345 46.6358
125.2404 46.6374
125.2463 46.6389
125.2523 46.6405
125.2582 46.6420
125.2641 46.6436
125.2700 46.6452
125.2759 46.6467
125.2818 46.6483
125.2877 46.6498
125.2936 46.6514
125.2996 46.6529
125.3055 46.6545
125.3114 46.6560
125.3173 46.6576
125.3232 46.6592
125.3291 46.6607
125.3350 46.6623
125.3409 46.6638
125.3468 46.6654
125.3528 46.6669
125.3587 46.6685
125.3646 46.6700
125.3705 46.6716
125.3764 46.6731
125.3823 46.6747
125.3882 46.6762
125.3941 46.6778
125.4001 46.6793
125.4060 46.6808
125.4119 46.6824
125.4178 46.6839
125.4237 46.6855
125.4296 46.6870
125.4355 46.6886
125.4414 46.6901
125.4473 46.6917
125.4533 46.6932
125.4592 46.6948
125.4651 46.6963
125.4710 46.6978
125.4769 46.6994
125.4828 46.7009
125.4887 46.7025
125.4946 46.7040
125.5005 46.7055
125.5065 46.7071
125.5124 46.7086
125.5183 46.7102
125.5242 46.7117
125.5301 46.7132
125.5360 46.7148
125.5419 46.7163
125.5478 46.7178
125.5537 46.7194
125.5596 46.7209
125.5656 46.7224
125.5715 46.7240
125.5774 46.7255
125.5833 46.7270
125.5892 46.7286
125.5951 46.7301
125.6010 46.7316
125.6069 46.7332
125.6128 46.7347
125.6187 46.7362
125.6247 46.7378
125.6306 46.7393
125.6365 46.7408
125.6424 46.7423
125.6483 46.7439
125.6542 46.7454
125.6601 46.7469
125.6660 46.7485
125.6719 46.7500
125.6778 46.7515
125.6837 46.7530
125.6897 46.7546
125.6956 46.7561
125.7015 46.7576
125.7074 46.7591
125.7133 46.7607
125.7192 46.7622
125.7251 46.7637
125.7310 46.7652
125.7369 46.7667
125.7428 46.7683
125.7487 46.7698
125.7546 46.7713
125.7606 46.7728
125.7665 46.7743
125.7724 46.7759
125.7783 46.7774
125.7842 46.7789
125.7901 46.7804
125.7960 46.7819
125.8019 46.7834
125.8078 46.7850
125.8137 46.7865
125.8196 46.7880
125.8255 46.7895
125.8315 46.7910
125.8374 46.7925
125.8433 46.7941
125.8492 46.7956
125.8551 46.7971
125.8610 46.7986
125.8669 46.8001
125.8728 46.8016
125.8787 46.8031
125.8846 46.8046
125.8905 46.8061
125.8964 46.8076
125.9023 46.8092
125.9083 46.8107
125.9142 46.8122
125.9201 46.8137
125.9260 46.8152
125.9319 46.8167
125.9378 46.8182
125.9437 46.8197
125.9496 46.8212
125.9555 46.8227
125.9614 46.8242
125.9673 46.8257
125.9732 46.8272
125.9791 46.8287
125.9850 46.8302
125.9910 46.8317
125.9969 46.8332
126.0028 46.8347
126.0087 46.8362
126.0146 46.8377
126.0205 46.8392
126.0264 46.8407
126.0323 46.8422
126.0382 46.8437
126.0441 46.8452
126.0500 46.8467
126.0559 46.8482
126.0618 46.8497
126.0677 46.8512
126.0736 46.8527
126.0795 46.8542
126.0855 46.8557
126.0914 46.8572
126.0973 46.8587
126.1032 46.8602
126.1091 46.8617
126.1150 46.8632
126.1209 46.8647
126.1268 46.8661
126.1327 46.8676
126.1386 46.8691
126.1445 46.8706
126.1504 46.8721
126.1563 46.8736
126.1622 46.8751
126.1681 46.8766
126.1740 46.8781
126.1799 46.8796
126.1858 46.8810
126.1917 46.8825
126.1977 46.8840
126.2036 46.8855
126.2095 46.8870
126.2154 46.8885
126.2213 46.8899
126.2272 46.8914
126.2331 46.8929
126.2390 46.8944
126.2449 46.8959
126.2508 46.8974
126.2567 46.8988
126.2626 46.9003
126.2685 46.9018
126.2744 46.9033
126.2803 46.9048
126.2862 46.9062
126.2921 46.9077
126.2980 46.9092
126.3039 46.9107
126.3098 46.9122
126.3157 46.9136
126.3216 46.9151
126.3276 46.9166
126.3335 46.9181
126.3394 46.9195
126.3453 46.9210
126.3512 46.9225
126.3571 46.9240
126.3630 46.9254
126.3689 46.9269
126.3748 46.9284
126.3807 46.9298
126.3866 46.9313
126.3925 46.9328
126.3984 46.9343
126.4043 46.9357
126.4102 46.9372
126.4161 46.9387
126.4220 46.9401
126.4279 46.9416
126.4338 46.9431
126.4397 46.9445
126.4456 46.9460
126.4515 46.9475
126.4574 46.9489
126.4633 46.9504
126.4692 46.9519
126.4751 46.9533
126.4810 46.9548
126.4869 46.9563
126.4928 46.9577
126.4987 46.9592
126.5046 46.9606
126.5105 46.9621
126.5164 46.9636
126.5223 46.9650
126.5283 46.9665
126.5342 46.9680
126.5401 46.9694
126.5460 46.9709
126.5519 46.9723
126.5578 46.9738
126.5637 46.9752
126.5696 46.9767
126.5755 46.9782
126.5814 46.9796
126.5873 46.9811
126.5932 46.9825
126.5991 46.9840
126.6050 46.9854
126.6109 46.9869
126.6168 46.9883
126.6227 46.9898
126.6286 46.9913
126.6345 46.9927
126.6404 46.9942
126.6463 46.9956
126.6522 46.9971
126.6581 46.9985
126.6640 47.0000
126.6699 47.0014
126.6758 47.0029
126.6817 47.0043
126.6876 47.0058
126.6935 47.0072
126.6994 47.0086
126.7053 47.0101
126.7112 47.0115
126.7171 47.0130
126.7230 47.0144
126.7289 47.0159
126.7348 47.0173
126.7407 47.0188
126.7466 47.0202
126.7525 47.0216
126.7584 47.0231
126.7643 47.0245
126.7702 47.0260
126.7761 47.0274
126.7820 47.0289
126.7879 47.0303
126.7938 47.0317
126.7997 47.0332
126.8056 47.0346
126.8115 47.0361
126.8174 47.0375
126.8233 47.0389
126.8292 47.0404
126.8351 47.0418
126.8410 47.0432
126.8469 47.0447
126.8528 47.0461
126.8587 47.0475
126.8646 47.0490
126.8705 47.0504
126.8764 47.0518
126.8823 47.0533
126.8882 47.0547
126.8941 47.0561
126.9000 47.0576
126.9059 47.0590
126.9118 47.0604
126.9177 47.0619
126.9236 47.0633
126.9295 47.0647
126.9354 47.0662
126.9413 47.0676
126.9472 47.0690
126.9531 47.0704
126.9590 47.0719
126.9649 47.0733
126.9708 47.0747
126.9766 47.0761
126.9825 47.0776
126.9884 47.0790
126.9943 47.0804
127.0002 47.0818
127.0061 47.0833
127.0120 47.0847
127.0179 47.0861
127.0238 47.0875
127.0297 47.0890
127.0356 47.0904
127.0415 47.0918
127.0474 47.0932
127.0533 47.0946
127.0592 47.0961
127.0651 47.0975
127.0710 47.0989
127.0769 47.1003
127.0828 47.1017
127.0887 47.1031
127.0946 47.1046
127.1005 47.1060
127.1064 47.1074
127.1123 47.1088
127.1182 47.1102
127.1241 47.1116
127.1300 47.1130
127.1359 47.1145
127.1418 47.1159
127.1477 47.1173
127.1536 47.1187
127.1595 47.1201
127.1654 47.1215
127.1713 47.1229
127.1772 47.1243
127.1830 47.1258
127.1889 47.1272
127.1948 47.1286
127.2007 47.1300
127.2066 47.1314
127.2125 47.1328
127.2184 47.1342
127.2243 47.1356
127.2302 47.1370
127.2361 47.1384
127.2420 47.1398
127.2479 47.1412
127.2538 47.1426
127.2597 47.1440
127.2656 47.1454
127.2715 47.1468
127.2774 47.1482
127.2833 47.1496
127.2892 47.1510
127.2951 47.1524
127.3010 47.1538
127.3069 47.1553
127.3128 47.1566
127.3187 47.1580
127.3245 47.1594
127.3304 47.1608
127.3363 47.1622
127.3422 47.1636
127.3481 47.1650
127.3540 47.1664
127.3599 47.1678
127.3658 47.1692
127.3717 47.1706
127.3776 47.1720
127.3835 47.1734
127.3894 47.1748
127.3953 47.1762
127.4012 47.1776
127.4071 47.1790
127.4130 47.1804
127.4189 47.1818
127.4248 47.1832
127.4307 47.1845
127.4366 47.1859
127.4424 47.1873
127.4483 47.1887
127.4542 47.1901
127.4601 47.1915
127.4660 47.1929
127.4719 47.1943
127.4778 47.1957
127.4837 47.1970
127.4896 47.1984
127.4955 47.1998
127.5014 47.2012
127.5073 47.2026
127.5132 47.2040
127.5191 47.2053
127.5250 47.2067
127.5309 47.2081
127.5368 47.2095
127.5426 47.2109
127.5485 47.2123
127.5544 47.2136
127.5603 47.2150
127.5662 47.2164
127.5721 47.2178
127.5780 47.2192
127.5839 47.2205
127.5898 47.2219
127.5957 47.2233
127.6016 47.2247
127.6075 47.2261
127.6134 47.2274
127.6193 47.2288
127.6252 47.2302
127.6310 47.2316
127.6369 47.2329
127.6428 47.2343
127.6487 47.2357
127.6546 47.2370
127.6605 47.2384
127.6664 47.2398
127.6723 47.2412
127.6782 47.2425
127.6841 47.2439
127.6900 47.2453
127.6959 47.2466
127.7018 47.2480
127.7077 47.2494
127.7135 47.2508
127.7194 47.2521
127.7253 47.2535
127.7312 47.2549
127.7371 47.2562
127.7430 47.2576
127.7489 47.2590
127.7548 47.2603
127.7607 47.2617
127.7666 47.2631
127.7725 47.2644
127.7784 47.2658
127.7843 47.2671
127.7901 47.2685
127.7960 47.2699
127.8019 47.2712
127.8078 47.2726
127.8137 47.2740
127.8196 47.2753
127.8255 47.2767
127.8314 47.2780
127.8373 47.2794
127.8432 47.2808
127.8491 47.2821
127.8550 47.2835
127.8608 47.2848
127.8667 47.2862
127.8726 47.2875
127.8785 47.2889
127.8844 47.2902
127.8903 47.2916
127.8962 47.2930
127.9021 47.2943
127.9080 47.2957
127.9139 47.2970
127.9198 47.2984
127.9256 47.2997
127.9315 47.3011
127.9374 47.3024
127.9433 47.3038
127.9492 47.3051
127.9551 47.3065
127.9610 47.3078
127.9669 47.3092
127.9728 47.3105
127.9787 47.3119
127.9846 47.3132
127.9904 47.3146
127.9963 47.3159
128.0022 47.3173
128.0081 47.3186
128.0140 47.3200
128.0199 47.3213
128.0258 47.3226
128.0317 47.3240
128.0376 47.3253
128.0435 47.3267
128.0493 47.3280
128.0552 47.3294
128.0611 47.3307
128.0670 47.3320
128.0729 47.3334
128.0788 47.3347
128.0847 47.3361
128.0906 47.3374
128.0965 47.3387
128.1024 47.3401
128.1082 47.3414
128.1141 47.3428
128.1200 47.3441
128.1259 47.3454
128.1318 47.3468
128.1377 47.3481
128.1436 47.3494
128.1495 47.3508
128.1554 47.3521
128.1612 47.3534
128.1671 47.3548
128.1730 47.3561
128.1789 47.3574
128.1848 47.3588
128.1907 47.3601
128.1966 47.3614
128.2025 47.3628
128.2084 47.3641
128.2142 47.3654
128.2201 47.3668
128.2260 47.3681
128.2319 47.3694
128.2378 47.3707
128.2437 47.3721
128.2496 47.3734
128.2555 47.3747
128.2613 47.3760
128.2672 47.3774
128.2731 47.3787
128.2790 47.3800
128.2849 47.3813
128.2908 47.3827
128.2967 47.3840
128.3026 47.3853
128.3084 47.3866
128.3143 47.3880
128.3202 47.3893
128.3261 47.3906
128.3320 47.3919
128.3379 47.3932
128.3438 47.3946
128.3497 47.3959
128.3555 47.3972
128.3614 47.3985
128.3673 47.3998
128.3732 47.4012
128.3791 47.4025
128.3850 47.4038
128.3909 47.4051
128.3968 47.4064
128.4026 47.4077
128.4085 47.4090
128.4144 47.4104
128.4203 47.4117
128.4262 47.4130
128.4321 47.4143
128.4380 47.4156
128.4439 47.4169
128.4497 47.4182
128.4556 47.4195
128.4615 47.4209
128.4674 47.4222
128.4733 47.4235
128.4792 47.4248
128.4851 47.4261
128.4909 47.4274
128.4968 47.4287
128.5027 47.4300
128.5086 47.4313
128.5145 47.4326
128.5204 47.4339
128.5263 47.4352
128.5321 47.4366
128.5380 47.4379
128.5439 47.4392
128.5498 47.4405
128.5557 47.4418
128.5616 47.4431
128.5675 47.4444
128.5733 47.4457
128.5792 47.4470
128.5851 47.4483
128.5910 47.4496
128.5969 47.4509
128.6028 47.4522
128.6087 47.4535
128.6145 47.4548
128.6204 47.4561
128.6263 47.4574
128.6322 47.4587
128.6381 47.4600
128.6440 47.4613
128.6499 47.4626
128.6557 47.4639
128.6616 47.4651
128.6675 47.4664
128.6734 47.4677
128.6793 47.4690
128.6852 47.4703
128.6910 47.4716
128.6969 47.4729
128.7028 47.4742
128.7087 47.4755
128.7146 47.4768
128.7205 47.4781
128.7264 47.4794
128.7322 47.4806
128.7381 47.4819
128.7440 47.4832
128.7499 47.4845
128.7558 47.4858
128.7617 47.4871
128.7675 47.4884
128.7734 47.4897
128.7793 47.4909
128.7852 47.4922
128.7911 47.4935
128.7970 47.4948
128.8028 47.4961
128.8087 47.4974
128.8146 47.4987
128.8205 47.4999
128.8264 47.5012
128.8323 47.5025
128.8381 47.5038
128.8440 47.5051
128.8499 47.5063
128.8558 47.5076
128.8617 47.5089
128.8676 47.5102
128.8734 47.5115
128.8793 47.5127
128.8852 47.5140
128.8911 47.5153
128.8970 47.5166
128.9029 47.5178
128.9087 47.5191
128.9146 47.5204
128.9205 47.5217
128.9264 47.5229
128.9323 47.5242
128.9382 47.5255
128.9440 47.5268
128.9499 47.5280
128.9558 47.5293
128.9617 47.5306
128.9676 47.5319
128.9735 47.5331
128.9793 47.5344
128.9852 47.5357
128.9911 47.5369
128.9970 47.5382
129.0029 47.5395
129.0088 47.5407
129.0146 47.5420
129.0205 47.5433
129.0264 47.5445
129.0323 47.5458
129.0382 47.5471
129.0441 47.5483
129.0499 47.5496
129.0558 47.5509
129.0617 47.5521
129.0676 47.5534
129.0735 47.5547
129.0793 47.5559
129.0852 47.5572
129.0911 47.5584
129.0970 47.5597
129.1029 47.5610
129.1088 47.5622
129.1146 47.5635
129.1205 47.5647
129.1264 47.5660
129.1323 47.5673
129.1382 47.5685
129.1440 47.5698
129.1499 47.5710
129.1558 47.5723
129.1617 47.5736
129.1676 47.5748
129.1735 47.5761
129.1793 47.5773
129.1852 47.5786
129.1911 47.5798
129.1970 47.5811
129.2029 47.5823
129.2087 47.5836
129.2146 47.5848
129.2205 47.5861
129.2264 47.5873
129.2323 47.5886
129.2382 47.5898
129.2440 47.5911
129.2499 47.5923
129.2558 47.5936
129.2617 47.5948
129.2676 47.5961
129.2734 47.5973
129.2793 47.5986
129.2852 47.5998
129.2911 47.6011
129.2970 47.6023
129.3028 47.6036
129.3087 47.6048
129.3146 47.6061
129.3205 47.6073
129.3264 47.6085
129.3322 47.6098
129.3381 47.6110
129.3440 47.6123
129.3499 47.6135
129.3558 47.6148
129.3616 47.6160
129.3675 47.6172
129.3734 47.6185
129.3793 47.6197
129.3852 47.6209
129.3910 47.6222
129.3969 47.6234
129.4028 47.6247
129.4087 47.6259
129.4146 47.6271
129.4204 47.6284
129.4263 47.6296
129.4322 47.6308
129.4381 47.6321
129.4440 47.6333
129.4498 47.6345
129.4557 47.6358
129.4616 47.6370
129.4675 47.6382
129.4734 47.6395
129.4792 47.6407
129.4851 47.6419
129.4910 47.6432
129.4969 47.6444
129.5028 47.6456
129.5086 47.6469
129.5145 47.6481
129.5204 47.6493
129.5263 47.6505
129.5322 47.6518
129.5380 47.6530
129.5439 47.6542
129.5498 47.6555
129.5557 47.6567
129.5615 47.6579
129.5674 47.6591
129.5733 47.6604
129.5792 47.6616
129.5851 47.6628
129.5909 47.6640
129.5968 47.6652
129.6027 47.6665
129.6086 47.6677
129.6145 47.6689
129.6203 47.6701
129.6262 47.6713
129.6321 47.6726
129.6380 47.6738
129.6438 47.6750
129.6497 47.6762
129.6556 47.6774
129.6615 47.6787
129.6674 47.6799
129.6732 47.6811
129.6791 47.6823
129.6850 47.6835
129.6909 47.6847
129.6967 47.6860
129.7026 47.6872
129.7085 47.6884
129.7144 47.6896
129.7203 47.6908
129.7261 47.6920
129.7320 47.6932
129.7379 47.6944
129.7438 47.6957
129.7496 47.6969
129.7555 47.6981
129.7614 47.6993
129.7673 47.7005
129.7732 47.7017
129.7790 47.7029
129.7849 47.7041
129.7908 47.7053
129.7967 47.7065
129.8025 47.7077
129.8084 47.7089
129.8143 47.7102
129.8202 47.7114
129.8260 47.7126
129.8319 47.7138
129.8378 47.7150
129.8437 47.7162
129.8496 47.7174
129.8554 47.7186
129.8613 47.7198
129.8672 47.7210
129.8731 47.7222
129.8789 47.7234
129.8848 47.7246
129.8907 47.7258
129.8966 47.7270
129.9024 47.7282
129.9083 47.7294
129.9142 47.7306
129.9201 47.7318
129.9259 47.7330
129.9318 47.7342
129.9377 47.7354
129.9436 47.7366
129.9495 47.7377
129.9553 47.7389
129.9612 47.7401
129.9671 47.7413
129.9730 47.7425
129.9788 47.7437
129.9847 47.7449
129.9906 47.7461
129.9965 47.7473
130.0023 47.7485
130.0082 47.7497
130.0141 47.7509
130.0200 47.7521
130.0258 47.7532
130.0317 47.7544
130.0376 47.7556
130.0435 47.7568
130.0493 47.7580
130.0552 47.7592
130.0611 47.7604
130.0670 47.7616
130.0728 47.7627
130.0787 47.7639
130.0846 47.7651
130.0905 47.7663
130.0963 47.7675
130.1022 47.7687
130.1081 47.7698
130.1140 47.7710
130.1198 47.7722
130.1257 47.7734
130.1316 47.7746
130.1375 47.7757
130.1433 47.7769
130.1492 47.7781
130.1551 47.7793
130.1609 47.7805
130.1668 47.7816
130.1727 47.7828
130.1786 47.7840
130.1844 47.7852
130.1903 47.7863
130.1962 47.7875
130.2021 47.7887
130.2079 47.7899
130.2138 47.7910
130.2197 47.7922
130.2256 47.7934
130.2314 47.7946
130.2373 47.7957
130.2432 47.7969
130.2491 47.7981
130.2549 47.7993
130.2608 47.8004
130.2667 47.8016
130.2726 47.8028
130.2784 47.8039
130.2843 47.8051
130.2902 47.8063
130.2960 47.8074
130.3019 47.8086
130.3078 47.8098
130.3137 47.8109
130.3195 47.8121
130.3254 47.8133
130.3313 47.8144
130.3372 47.8156
130.3430 47.8168
130.3489 47.8179
130.3548 47.8191
130.3607 47.8203
130.3665 47.8214
130.3724 47.8226
130.3783 47.8237
130.3841 47.8249
130.3900 47.8261
130.3959 47.8272
130.4018 47.8284
130.4076 47.8295
130.4135 47.8307
130.4194 47.8319
130.4253 47.8330
130.4311 47.8342
130.4370 47.8353
130.4429 47.8365
130.4487 47.8376
130.4546 47.8388
130.4605 47.8400
130.4664 47.8411
130.4722 47.8423
130.4781 47.8434
130.4840 47.8446
130.4899 47.8457
130.4957 47.8469
130.5016 47.8480
130.5075 47.8492
130.5133 47.8503
130.5192 47.8515
130.5251 47.8526
130.5310 47.8538
130.5368 47.8549
130.5427 47.8561
130.5486 47.8572
130.5544 47.8584
130.5603 47.8595
130.5662 47.8607
130.5721 47.8618
130.5779 47.8630
130.5838 47.8641
130.5897 47.8652
130.5955 47.8664
130.6014 47.8675
130.6073 47.8687
130.6132 47.8698
130.6190 47.8710
130.6249 47.8721
130.6308 47.8733
130.6367 47.8744
130.6425 47.8755
130.6484 47.8767
130.6543 47.8778
130.6601 47.8790
130.6660 47.8801
130.6719 47.8812
130.6778 47.8824
130.6836 47.8835
130.6895 47.8846
130.6954 47.8858
130.7012 47.8869
130.7071 47.8881
130.7130 47.8892
130.7188 47.8903
130.7247 47.8915
130.7306 47.8926
130.7365 47.8937
130.7423 47.8949
130.7482 47.8960
130.7541 47.8971
130.7599 47.8983
130.7658 47.8994
130.7717 47.9005
130.7776 47.9016
130.7834 47.9028
130.7893 47.9039
130.7952 47.9050
130.8010 47.9062
130.8069 47.9073
130.8128 47.9084
130.8187 47.9095
130.8245 47.9107
130.8304 47.9118
130.8363 47.9129
130.8421 47.9141
130.8480 47.9152
130.8539 47.9163
130.8597 47.9174
130.8656 47.9186
130.8715 47.9197
130.8774 47.9208
130.8832 47.9219
130.8891 47.9230
130.8950 47.9242
130.9008 47.9253
130.9067 47.9264
130.9126 47.9275
130.9184 47.9286
130.9243 47.9298
130.9302 47.9309
130.9361 47.9320
130.9419 47.9331
130.9478 47.9342
130.9537 47.9353
130.9595 47.9365
130.9654 47.9376
130.9713 47.9387
130.9771 47.9398
130.9830 47.9409
130.9889 47.9420
130.9947 47.9432
131.0006 47.9443
131.0065 47.9454
131.0124 47.9465
131.0182 47.9476
131.0241 47.9487
131.0300 47.9498
131.0358 47.9509
131.0417 47.9520
131.0476 47.9532
131.0534 47.9543
131.0593 47.9554
131.0652 47.9565
131.0710 47.9576
131.0769 47.9587
131.0828 47.9598
131.0886 47.9609
131.0945 47.9620
131.1004 47.9631
131.1063 47.9642
131.1121 47.9653
131.1180 47.9664
131.1239 47.9675
131.1297 47.9686
131.1356 47.9697
131.1415 47.9708
131.1473 47.9719
131.1532 47.9730
131.1591 47.9741
131.1649 47.9752
131.1708 47.9763
131.1767 47.9774
131.1825 47.9785
131.1884 47.9796
131.1943 47.9807
131.2001 47.9818
131.2060 47.9829
131.2119 47.9840
131.2178 47.9851
131.2236 47.9862
131.2295 47.9873
131.2354 47.9884
131.2412 47.9895
131.2471 47.9906
131.2530 47.9917
131.2588 47.9928
131.2647 47.9939
131.2706 47.9950
131.2764 47.9961
131.2823 47.9972
131.2882 47.9982
131.2940 47.9993
131.2999 48.0004
131.3058 48.0015
131.3116 48.0026
131.3175 48.0037
131.3234 48.0048
131.3292 48.0059
131.3351 48.0070
131.3410 48.0080
131.3468 48.0091
131.3527 48.0102
131.3586 48.0113
131.3644 48.0124
131.3703 48.0135
131.3762 48.0146
131.3820 48.0156
131.3879 48.0167
131.3938 48.0178
131.3996 48.0189
131.4055 48.0200
131.4114 48.0210
131.4172 48.0221
131.4231 48.0232
131.4290 48.0243
131.4348 48.0254
131.4407 48.0264
131.4466 48.0275
131.4524 48.0286
131.4583 48.0297
131.4642 48.0308
131.4700 48.0318
131.4759 48.0329
131.4818 48.0340
131.4876 48.0351
131.4935 48.0361
131.4994 48.0372
131.5052 48.0383
131.5111 48.0394
131.5170 48.0404
131.5228 48.0415
131.5287 48.0426
131.5346 48.0436
131.5404 48.0447
131.5463 48.0458
131.5521 48.0469
131.5580 48.0479
131.5639 48.0490
131.5697 48.0501
131.5756 48.0511
131.5815 48.0522
131.5873 48.0533
131.5932 48.0543
131.5991 48.0554
131.6049 48.0565
131.6108 48.0575
131.6167 48.0586
131.6225 48.0597
131.6284 48.0607
131.6343 48.0618
131.6401 48.0628
131.6460 48.0639
131.6519 48.0650
131.6577 48.0660
131.6636 48.0671
131.6694 48.0682
131.6753 48.0692
131.6812 48.0703
131.6870 48.0713
131.6929 48.0724
131.6988 48.0735
131.7046 48.0745
131.7105 48.0756
131.7164 48.0766
131.7222 48.0777
131.7281 48.0787
131.7340 48.0798
131.7398 48.0808
131.7457 48.0819
131.7515 48.0830
131.7574 48.0840
131.7633 48.0851
131.7691 48.0861
131.7750 48.0872
131.7809 48.0882
131.7867 48.0893
131.7926 48.0903
131.7985 48.0914
131.8043 48.0924
131.8102 48.0935
131.8161 48.0945
131.8219 48.0956
131.8278 48.0966
131.8336 48.0977
131.8395 48.0987
131.8454 48.0998
131.8512 48.1008
131.8571 48.1019
131.8630 48.1029
131.8688 48.1040
131.8747 48.1050
131.8806 48.1060
131.8864 48.1071
131.8923 48.1081
131.8981 48.1092
131.9040 48.1102
131.9099 48.1113
131.9157 48.1123
131.9216 48.1133
131.9275 48.1144
131.9333 48.1154
131.9392 48.1165
131.9451 48.1175
131.9509 48.1185
131.9568 48.1196
131.9626 48.1206
131.9685 48.1217
131.9744 48.1227
131.9802 48.1237
131.9861 48.1248
131.9920 48.1258
131.9978 48.1268
132.0037 48.1279
132.0095 48.1289
132.0154 48.1299
132.0213 48.1310
132.0271 48.1320
132.0330 48.1330
132.0389 48.1341
132.0447 48.1351
132.0506 48.1361
132.0564 48.1372
132.0623 48.1382
132.0682 48.1392
132.0740 48.1402
132.0799 48.1413
132.0858 48.1423
132.0916 48.1433
132.0975 48.1444
132.1033 48.1454
132.1092 48.1464
132.1151 48.1474
132.1209 48.1485
132.1268 48.1495
132.1327 48.1505
132.1385 48.1515
132.1444 48.1526
132.1502 48.1536
132.1561 48.1546
132.1620 48.1556
132.1678 48.1567
132.1737 48.1577
132.1796 48.1587
132.1854 48.1597
132.1913 48.1607
132.1971 48.1618
132.2030 48.1628
132.2089 48.1638
132.2147 48.1648
132.2206 48.1658
132.2265 48.1669
132.2323 48.1679
132.2382 48.1689
132.2440 48.1699
132.2499 48.1709
132.2558 48.1719
132.2616 48.1729
132.2675 48.1740
132.2733 48.1750
132.2792 48.1760
132.2851 48.1770
132.2909 48.1780
132.2968 48.1790
132.3027 48.1800
132.3085 48.1810
132.3144 48.1821
132.3202 48.1831
132.3261 48.1841
132.3320 48.1851
132.3378 48.1861
132.3437 48.1871
132.3495 48.1881
132.3554 48.1891
132.3613 48.1901
132.3671 48.1911
132.3730 48.1921
132.3788 48.1931
132.3847 48.1941
132.3906 48.1952
132.3964 48.1962
132.4023 48.1972
132.4082 48.1982
132.4140 48.1992
132.4199 48.2002
132.4257 48.2012
132.4316 48.2022
132.4375 48.2032
132.4433 48.2042
132.4492 48.2052
132.4550 48.2062
132.4609 48.2072
132.4668 48.2082
132.4726 48.2092
132.4785 48.2102
132.4843 48.2112
132.4902 48.2122
132.4961 48.2132
132.5019 48.2142
132.5078 48.2152
132.5136 48.2161
132.5195 48.2171
132.5254 48.2181
132.5312 48.2191
132.5371 48.2201
132.5429 48.2211
132.5488 48.2221
132.5547 48.2231
132.5605 48.2241
132.5664 48.2251
132.5722 48.2261
132.5781 48.2271
132.5840 48.2281
132.5898 48.2290
132.5957 48.2300
132.6015 48.2310
132.6074 48.2320
132.6133 48.2330
132.6191 48.2340
132.6250 48.2350
132.6308 48.2360
132.6367 48.2369
132.6426 48.2379
132.6484 48.2389
132.6543 48.2399
132.6601 48.2409
132.6660 48.2419
132.6719 48.2428
132.6777 48.2438
132.6836 48.2448
132.6894 48.2458
132.6953 48.2468
132.7011 48.2477
132.7070 48.2487
132.7129 48.2497
132.7187 48.2507
132.7246 48.2517
132.7304 48.2526
132.7363 48.2536
132.7422 48.2546
132.7480 48.2556
132.7539 48.2566
132.7597 48.2575
132.7656 48.2585
132.7715 48.2595
132.7773 48.2605
132.7832 48.2614
132.7890 48.2624
132.7949 48.2634
132.8007 48.2643
132.8066 48.2653
132.8125 48.2663
132.8183 48.2673
132.8242 48.2682
132.8300 48.2692
132.8359 48.2702
132.8418 48.2711
132.8476 48.2721
132.8535 48.2731
132.8593 48.2740
132.8652 48.2750
132.8710 48.2760
132.8769 48.2769
132.8828 48.2779
132.8886 48.2789
132.8945 48.2798
132.9003 48.2808
132.9062 48.2818
132.9121 48.2827
132.9179 48.2837
132.9238 48.2847
132.9296 48.2856
132.9355 48.2866
132.9413 48.2876
132.9472 48.2885
132.9531 48.2895
132.9589 48.2904
132.9648 48.2914
132.9706 48.2924
132.9765 48.2933
132.9823 48.2943
132.9882 48.2952
132.9941 48.2962
132.9999 48.2971
133.0058 48.2981
133.0116 48.2991
133.0175 48.3000
133.0233 48.3010
133.0292 48.3019
133.0351 48.3029
133.0409 48.3038
133.0468 48.3048
133.0526 48.3057
133.0585 48.3067
133.0643 48.3076
133.0702 48.3086
133.0761 48.3095
133.0819 48.3105
133.0878 48.3114
133.0936 48.3124
133.0995 48.3133
133.1053 48.3143
133.1112 48.3152
133.1171 48.3162
133.1229 48.3171
133.1288 48.3181
133.1346 48.3190
133.1405 48.3200
133.1463 48.3209
133.1522 48.3219
133.1580 48.3228
133.1639 48.3238
133.1698 48.3247
133.1756 48.3256
133.1815 48.3266
133.1873 48.3275
133.1932 48.3285
133.1990 48.3294
133.2049 48.3304
133.2108 48.3313
133.2166 48.3322
133.2225 48.3332
133.2283 48.3341
133.2342 48.3351
133.2400 48.3360
133.2459 48.3369
133.2517 48.3379
133.2576 48.3388
133.2635 48.3397
133.2693 48.3407
133.2752 48.3416
133.2810 48.3425
133.2869 48.3435
133.2927 48.3444
133.2986 48.3453
133.3044 48.3463
133.3103 48.3472
133.3162 48.3481
133.3220 48.3491
133.3279 48.3500
133.3337 48.3509
133.3396 48.3519
133.3454 48.3528
133.3513 48.3537
133.3571 48.3547
133.3630 48.3556
133.3689 48.3565
133.3747 48.3574
133.3806 48.3584
133.3864 48.3593
133.3923 48.3602
133.3981 48.3612
133.4040 48.3621
133.4098 48.3630
133.4157 48.3639
133.4215 48.3649
133.4274 48.3658
133.4333 48.3667
133.4391 48.3676
133.4450 48.3685
133.4508 48.3695
133.4567 48.3704
133.4625 48.3713
133.4684 48.3722
133.4742 48.3731
133.4801 48.3741
133.4859 48.3750
133.4918 48.3759
133.4977 48.3768
133.5035 48.3777
133.5094 48.3787
133.5152 48.3796
133.5211 48.3805
133.5269 48.3814
133.5328 48.3823
133.5386 48.3832
133.5445 48.3842
133.5503 48.3851
133.5562 48.3860
133.5621 48.3869
133.5679 48.3878
133.5738 48.3887
133.5796 48.3896
133.5855 48.3905
133.5913 48.3915
133.5972 48.3924
133.6030 48.3933
133.6089 48.3942
133.6147 48.3951
133.6206 48.3960
133.6265 48.3969
133.6323 48.3978
133.6382 48.3987
133.6440 48.3996
133.6499 48.4005
133.6557 48.4014
133.6616 48.4024
133.6674 48.4033
133.6733 48.4042
133.6791 48.4051
133.6850 48.4060
133.6908 48.4069
133.6967 48.4078
133.7026 48.4087
133.7084 48.4096
133.7143 48.4105
133.7201 48.4114
133.7260 48.4123
133.7318 48.4132
133.7377 48.4141
133.7435 48.4150
133.7494 48.4159
133.7552 48.4168
133.7611 48.4177
133.7669 48.4186
133.7728 48.4195
133.7787 48.4204
133.7845 48.4213
133.7904 48.4222
133.7962 48.4231
133.8021 48.4239
133.8079 48.4248
133.8138 48.4257
133.8196 48.4266
133.8255 48.4275
133.8313 48.4284
133.8372 48.4293
133.8430 48.4302
133.8489 48.4311
133.8547 48.4320
133.8606 48.4329
133.8664 48.4338
133.8723 48.4346
133.8782 48.4355
133.8840 48.4364
133.8899 48.4373
133.8957 48.4382
133.9016 48.4391
133.9074 48.4400
133.9133 48.4409
133.9191 48.4417
133.9250 48.4426
133.9308 48.4435
133.9367 48.4444
133.9425 48.4453
133.9484 48.4462
133.9542 48.4470
133.9601 48.4479
133.9659 48.4488
133.9718 48.4497
133.9777 48.4506
133.9835 48.4514
133.9894 48.4523
133.9952 48.4532
134.0011 48.4541
134.0069 48.4550
134.0128 48.4558
134.0186 48.4567
134.0245 48.4576
134.0303 48.4585
134.0362 48.4594
134.0420 48.4602
134.0479 48.4611
134.0537 48.4620
134.0596 48.4629
134.0654 48.4637
134.0713 48.4646
134.0771 48.4655
134.0830 48.4663
134.0888 48.4672
134.0947 48.4681
134.1005 48.4690
134.1064 48.4698
134.1122 48.4707
134.1181 48.4716
134.1240 48.4724
134.1298 48.4733
134.1357 48.4742
134.1415 48.4750
134.1474 48.4759
134.1532 48.4768
134.1591 48.4776
134.1649 48.4785
134.1708 48.4794
134.1766 48.4802
134.1825 48.4811
134.1883 48.4820
134.1942 48.4828
134.2000 48.4837
134.2059 48.4846
134.2117 48.4854
134.2176 48.4863
134.2234 48.4872
134.2293 48.4880
134.2351 48.4889
134.2410 48.4897
134.2468 48.4906
134.2527 48.4915
134.2585 48.4923
134.2644 48.4932
134.2702 48.4940
134.2761 48.4949
134.2819 48.4957
134.2878 48.4966
134.2936 48.4975
134.2995 48.4983
134.3053 48.4992
134.3112 48.5000
134.3170 48.5009
134.3229 48.5017
134.3287 48.5026
134.3346 48.5034
134.3404 48.5043
134.3463 48.5051
134.3521 48.5060
134.3580 48.5068
134.3638 48.5077
134.3697 48.5085
134.3755 48.5094
134.3814 48.5102
134.3872 48.5111
134.3931 48.5119
134.3989 48.5128
134.4048 48.5136
134.4106 48.5145
134.4165 48.5153
134.4223 48.5162
134.4282 48.5170
134.4340 48.5179
134.4399 48.5187
134.4457 48.5196
134.4516 48.5204
134.4574 48.5212
134.4633 48.5221
134.4691 48.5229
134.4750 48.5238
134.4808 48.5246
134.4867 48.5255
134.4925 48.5263
134.4984 48.5271
134.5042 48.5280
134.5101 48.5288
134.5159 48.5297
134.5218 48.5305
134.5276 48.5313
134.5335 48.5322
134.5393 48.5330
134.5452 48.5338
134.5510 48.5347
134.5569 48.5355
134.5627 48.5364
134.5686 48.5372
134.5744 48.5380
134.5803 48.5389
134.5861 48.5397
134.5920 48.5405
134.5978 48.5414
134.6037 48.5422
134.6095 48.5430
134.6154 48.5438
134.6212 48.5447
134.6271 48.5455
134.6329 48.5463
134.6388 48.5472
134.6446 48.5480
134.6505 48.5488
134.6563 48.5497
134.6622 48.5505
134.6680 48.5513
134.6739 48.5521
134.6797 48.5530
134.6856 48.5538
134.6914 48.5546
134.6973 48.5554
134.7031 48.5563
134.7090 48.5571
134.7148 48.5579
134.7207 48.5587
134.7265 48.5596
134.7324 48.5604
134.7382 48.5612
134.7441 48.5620
134.7499 48.5628
134.7558 48.5637
134.7616 48.5645
134.7674 48.5653
134.7733 48.5661
134.7791 48.5669
134.7850 48.5678
134.7908 48.5686
134.7967 48.5694
134.8025 48.5702
134.8084 48.5710
134.8142 48.5718
134.8201 48.5726
134.8259 48.5735
134.8318 48.5743
134.8376 48.5751
134.8435 48.5759
134.8493 48.5767
134.8552 48.5775
134.8610 48.5783
134.8669 48.5792
134.8727 48.5800
134.8786 48.5808
134.8844 48.5816
134.8903 48.5824
134.8961 48.5832
134.9019 48.5840
134.9078 48.5848
134.9136 48.5856
134.9195 48.5864
134.9253 48.5872
134.9312 48.5880
134.9370 48.5889
134.9429 48.5897
134.9487 48.5905
134.9546 48.5913
134.9604 48.5921
134.9663 48.5929
134.9721 48.5937
134.9780 48.5945
134.9838 48.5953
134.9897 48.5961
134.9955 48.5969
135.0014 48.5977
135.0072 48.5985
135.0130 48.5993
135.0189 48.6001
135.0247 48.6009
135.0306 48.6017
135.0364 48.6025
135.0423 48.6033
135.0481 48.6041
135.0540 48.6049
135.0598 48.6057
135.0657 48.6065
135.0715 48.6073
135.0774 48.6081
135.0832 48.6089
135.0891 48.6097
135.0949 48.6104
135.1008 48.6112
135.1066 48.6120
135.1124 48.6128
135.1183 48.6136
135.1241 48.6144
135.1300 48.6152
135.1358 48.6160
135.1417 48.6168
135.1475 48.6176
135.1534 48.6184
135.1592 48.6191
135.1651 48.6199
135.1709 48.6207
135.1768 48.6215
135.1826 48.6223
135.1885 48.6231
135.1943 48.6239
135.2001 48.6247
135.2060 48.6254
135.2118 48.6262
135.2177 48.6270
135.2235 48.6278
135.2294 48.6286
135.2352 48.6294
135.2411 48.6301
135.2469 48.6309
135.2528 48.6317
135.2586 48.6325
135.2645 48.6333
135.2703 48.6340
135.2762 48.6348
135.2820 48.6356
135.2878 48.6364
135.2937 48.6372
135.2995 48.6379
135.3054 48.6387
135.3112 48.6395
135.3171 48.6403
135.3229 48.6410
135.3288 48.6418
135.3346 48.6426
135.3405 48.6434
135.3463 48.6441
135.3522 48.6449
135.3580 48.6457
135.3638 48.6465
135.3697 48.6472
135.3755 48.6480
135.3814 48.6488
135.3872 48.6496
135.3931 48.6503
135.3989 48.6511
135.4048 48.6519
135.4106 48.6526
135.4165 48.6534
135.4223 48.6542
135.4281 48.6549
135.4340 48.6557
135.4398 48.6565
135.4457 48.6572
135.4515 48.6580
135.4574 48.6588
135.4632 48.6595
135.4691 48.6603
135.4749 48.6611
135.4808 48.6618
135.4866 48.6626
135.4924 48.6634
135.4983 48.6641
135.5041 48.6649
135.5100 48.6656
135.5158 48.6664
135.5217 48.6672
135.5275 48.6679
135.5334 48.6687
135.5392 48.6694
135.5451 48.6702
135.5509 48.6710
135.5567 48.6717
135.5626 48.6725
135.5684 48.6732
135.5743 48.6740
135.5801 48.6747
135.5860 48.6755
135.5918 48.6763
135.5977 48.6770
135.6035 48.6778
135.6093 48.6785
135.6152 48.6793
135.6210 48.6800
135.6269 48.6808
135.6327 48.6815
135.6386 48.6823
135.6444 48.6830
135.6503 48.6838
135.6561 48.6845
135.6620 48.6853
135.6678 48.6860
135.6736 48.6868
135.6795 48.6875
135.6853 48.6883
135.6912 48.6890
135.6970 48.6898
135.7029 48.6905
135.7087 48.6913
135.7146 48.6920
135.7204 48.6927
135.7262 48.6935
135.7321 48.6942
135.7379 48.6950
135.7438 48.6957
135.7496 48.6965
135.7555 48.6972
135.7613 48.6980
135.7671 48.6987
135.7730 48.6994
135.7788 48.7002
135.7847 48.7009
135.7905 48.7017
135.7964 48.7024
135.8022 48.7031
135.8081 48.7039
135.8139 48.7046
135.8197 48.7053
135.8256 48.7061
135.8314 48.7068
135.8373 48.7076
135.8431 48.7083
135.8490 48.7090
135.8548 48.7098
135.8607 48.7105
135.8665 48.7112
135.8723 48.7120
135.8782 48.7127
135.8840 48.7134
135.8899 48.7142
135.8957 48.7149
135.9016 48.7156
135.9074 48.7164
135.9132 48.7171
135.9191 48.7178
135.9249 48.7185
135.9308 48.7193
135.9366 48.7200
135.9425 48.7207
135.9483 48.7215
135.9541 48.7222
135.9600 48.7229
135.9658 48.7236
135.9717 48.7244
135.9775 48.7251
135.9834 48.7258
135.9892 48.7265
135.9950 48.7273
136.0009 48.7280
136.0067 48.7287
136.0126 48.7294
136.0184 48.7302
136.0243 48.7309
136.0301 48.7316
136.0360 48.7323
136.0418 48.7330
136.0476 48.7338
136.0535 48.7345
136.0593 48.7352
136.0652 48.7359
136.0710 48.7366
136.0768 48.7373
136.0827 48.7381
136.0885 48.7388
136.0944 48.7395
136.1002 48.7402
136.1061 48.7409
136.1119 48.7416
136.1177 48.7424
136.1236 48.7431
136.1294 48.7438
136.1353 48.7445
136.1411 48.7452
136.1470 48.7459
136.1528 48.7466
136.1586 48.7473
136.1645 48.7481
136.1703 48.7488
136.1762 48.7495
136.1820 48.7502
136.1879 48.7509
136.1937 48.7516
136.1995 48.7523
136.2054 48.7530
136.2112 48.7537
136.2171 48.7544
136.2229 48.7551
136.2287 48.7558
136.2346 48.7566
136.2404 48.7573
136.2463 48.7580
136.2521 48.7587
136.2580 48.7594
136.2638 48.7601
136.2696 48.7608
136.2755 48.7615
136.2813 48.7622
136.2872 48.7629
136.2930 48.7636
136.2988 48.7643
136.3047 48.7650
136.3105 48.7657
136.3164 48.7664
136.3222 48.7671
136.3281 48.7678
136.3339 48.7685
136.3397 48.7692
136.3456 48.7699
136.3514 48.7706
136.3573 48.7713
136.3631 48.7720
136.3689 48.7726
136.3748 48.7733
136.3806 48.7740
136.3865 48.7747
136.3923 48.7754
136.3982 48.7761
136.4040 48.7768
136.4098 48.7775
136.4157 48.7782
136.4215 48.7789
136.4274 48.7796
136.4332 48.7803
136.4390 48.7810
136.4449 48.7816
136.4507 48.7823
136.4566 48.7830
136.4624 48.7837
136.4682 48.7844
136.4741 48.7851
136.4799 48.7858
136.4858 48.7865
136.4916 48.7871
136.4974 48.7878
136.5033 48.7885
136.5091 48.7892
136.5150 48.7899
136.5208 48.7906
136.5267 48.7912
136.5325 48.7919
136.5383 48.7926
136.5442 48.7933
136.5500 48.7940
136.5559 48.7947
136.5617 48.7953
136.5675 48.7960
136.5734 48.7967
136.5792 48.7974
136.5851 48.7980
136.5909 48.7987
136.5967 48.7994
136.6026 48.8001
136.6084 48.8008
136.6143 48.8014
136.6201 48.8021
136.6259 48.8028
136.6318 48.8035
136.6376 48.8041
136.6435 48.8048
136.6493 48.8055
136.6551 48.8062
136.6610 48.8068
136.6668 48.8075
136.6727 48.8082
136.6785 48.8088
136.6844 48.8095
136.6902 48.8102
136.6960 48.8109
136.7019 48.8115
136.7077 48.8122
136.7136 48.8129
136.7194 48.8135
136.7252 48.8142
136.7311 48.8149
136.7369 48.8155
136.7428 48.8162
136.7486 48.8169
136.7544 48.8175
136.7603 48.8182
136.7661 48.8189
136.7720 48.8195
136.7778 48.8202
136.7836 48.8208
136.7895 48.8215
136.7953 48.8222
136.8012 48.8228
136.8070 48.8235
136.8128 48.8242
136.8187 48.8248
136.8245 48.8255
136.8304 48.8261
136.8362 48.8268
136.8420 48.8275
136.8479 48.8281
136.8537 48.8288
136.8596 48.8294
136.8654 48.8301
136.8712 48.8307
136.8771 48.8314
136.8829 48.8321
136.8888 48.8327
136.8946 48.8334
136.9004 48.8340
136.9063 48.8347
136.9121 48.8353
136.9180 48.8360
136.9238 48.8366
136.9296 48.8373
136.9355 48.8379
136.9413 48.8386
136.9471 48.8392
136.9530 48.8399
136.9588 48.8405
136.9647 48.8412
136.9705 48.8418
136.9763 48.8425
136.9822 48.8431
136.9880 48.8438
136.9939 48.8444
136.9997 48.8451
137.0055 48.8457
137.0114 48.8464
137.0172 48.8470
137.0231 48.8477
137.0289 48.8483
137.0347 48.8489
137.0406 48.8496
137.0464 48.8502
137.0523 48.8509
137.0581 48.8515
137.0639 48.8522
137.0698 48.8528
137.0756 48.8534
137.0815 48.8541
137.0873 48.8547
137.0931 48.8554
137.0990 48.8560
137.1048 48.8566
137.1106 48.8573
137.1165 48.8579
137.1223 48.8586
137.1282 48.8592
137.1340 48.8598
137.1398 48.8605
137.1457 48.8611
137.1515 48.8617
137.1574 48.8624
137.1632 48.8630
137.1690 48.8636
137.1749 48.8643
137.1807 48.8649
137.1865 48.8655
137.1924 48.8662
137.1982 48.8668
137.2041 48.8674
137.2099 48.8681
137.2157 48.8687
137.2216 48.8693
137.2274 48.8700
137.2333 48.8706
137.2391 48.8712
137.2449 48.8718
137.2508 48.8725
137.2566 48.8731
137.2624 48.8737
137.2683 48.8744
137.2741 48.8750
137.2800 48.8756
137.2858 48.8762
137.2916 48.8769
137.2975 48.8775
137.3033 48.8781
137.3092 48.8787
137.3150 48.8794
137.3208 48.8800
137.3267 48.8806
137.3325 48.8812
137.3383 48.8818
137.3442 48.8825
137.3500 48.8831
137.3559 48.8837
137.3617 48.8843
137.3675 48.8849
137.3734 48.8856
137.3792 48.8862
137.3850 48.8868
137.3909 48.8874
137.3967 48.8880
137.4026 48.8886
137.4084 48.8893
137.4142 48.8899
137.4201 48.8905
137.4259 48.8911
137.4317 48.8917
137.4376 48.8923
137.4434 48.8929
137.4493 48.8936
137.4551 48.8942
137.4609 48.8948
137.4668 48.8954
137.4726 48.8960
137.4784 48.8966
137.4843 48.8972
137.4901 48.8978
137.4960 48.8984
137.5018 48.8991
137.5076 48.8997
137.5135 48.9003
137.5193 48.9009
137.5251 48.9015
137.5310 48.9021
137.5368 48.9027
137.5427 48.9033
137.5485 48.9039
137.5543 48.9045
137.5602 48.9051
137.5660 48.9057
137.5718 48.9063
137.5777 48.9069
137.5835 48.9075
137.5894 48.9081
137.5952 48.9087
137.6010 48.9093
137.6069 48.9099
137.6127 48.9105
137.6185 48.9111
137.6244 48.9117
137.6302 48.9123
137.6360 48.9129
137.6419 48.9135
137.6477 48.9141
137.6536 48.9147
137.6594 48.9153
137.6652 48.9159
137.6711 48.9165
137.6769 48.9171
137.6827 48.9177
137.6886 48.9183
137.6944 48.9189
137.7003 48.9195
137.7061 48.9201
137.7119 48.9207
137.7178 48.9213
137.7236 48.9219
137.7294 48.9225
137.7353 48.9231
137.7411 48.9236
137.7469 48.9242
137.7528 48.9248
137.7586 48.9254
137.7644 48.9260
137.7703 48.9266
137.7761 48.9272
137.7820 48.9278
137.7878 48.9284
137.7936 48.9289
137.7995 48.9295
137.8053 48.9301
137.8111 48.9307
137.8170 48.9313
137.8228 48.9319
137.8286 48.9325
137.8345 48.9330
137.8403 48.9336
137.8462 48.9342
137.8520 48.9348
137.8578 48.9354
137.8637 48.9360
137.8695 48.9365
137.8753 48.9371
137.8812 48.9377
137.8870 48.9383
137.8928 48.9389
137.8987 48.9394
137.9045 48.9400
137.9103 48.9406
137.9162 48.9412
137.9220 48.9418
137.9279 48.9423
137.9337 48.9429
137.9395 48.9435
137.9454 48.9441
137.9512 48.9446
137.9570 48.9452
137.9629 48.9458
137.9687 48.9464
137.9745 48.9469
137.9804 48.9475
137.9862 48.9481
137.9920 48.9487
137.9979 48.9492
138.0037 48.9498
138.0096 48.9504
138.0154 48.9509
138.0212 48.9515
138.0271 48.9521
138.0329 48.9526
138.0387 48.9532
138.0446 48.9538
138.0504 48.9544
138.0562 48.9549
138.0621 48.9555
138.0679 48.9561
138.0737 48.9566
138.0796 48.9572
138.0854 48.9578
138.0912 48.9583
138.0971 48.9589
138.1029 48.9594
138.1088 48.9600
138.1146 48.9606
138.1204 48.9611
138.1263 48.9617
138.1321 48.9623
138.1379 48.9628
138.1438 48.9634
138.1496 48.9639
138.1554 48.9645
138.1613 48.9651
138.1671 48.9656
138.1729 48.9662
138.1788 48.9667
138.1846 48.9673
138.1904 48.9679
138.1963 48.9684
138.2021 48.9690
138.2079 48.9695
138.2138 48.9701
138.2196 48.9706
138.2255 48.9712
138.2313 48.9718
138.2371 48.9723
138.2430 48.9729
138.2488 48.9734
138.2546 48.9740
138.2605 48.9745
138.2663 48.9751
138.2721 48.9756
138.2780 48.9762
138.2838 48.9767
138.2896 48.9773
138.2955 48.9778
138.3013 48.9784
138.3071 48.9789
138.3130 48.9795
138.3188 48.9800
138.3246 48.9806
138.3305 48.9811
138.3363 48.9817
138.3421 48.9822
138.3480 48.9828
138.3538 48.9833
138.3597 48.9838
138.3655 48.9844
138.3713 48.9849
138.3772 48.9855
138.3830 48.9860
138.3888 48.9866
138.3947 48.9871
138.4005 48.9877
138.4063 48.9882
138.4122 48.9887
138.4180 48.9893
138.4238 48.9898
138.4297 48.9904
138.4355 48.9909
138.4413 48.9914
138.4472 48.9920
138.4530 48.9925
138.4588 48.9931
138.4647 48.9936
138.4705 48.9941
138.4763 48.9947
138.4822 48.9952
138.4880 48.9957
138.4938 48.9963
138.4997 48.9968
138.5055 48.9973
138.5113 48.9979
138.5172 48.9984
138.5230 48.9990
138.5288 48.9995
138.5347 49.0000
138.5405 49.0005
138.5463 49.0011
138.5522 49.0016
138.5580 49.0021
138.5638 49.0027
138.5697 49.0032
138.5755 49.0037
138.5814 49.0043
138.5872 49.0048
138.5930 49.0053
138.5989 49.0058
138.6047 49.0064
138.6105 49.0069
138.6164 49.0074
138.6222 49.0080
138.6280 49.0085
138.6339 49.0090
138.6397 49.0095
138.6455 49.0101
138.6514 49.0106
138.6572 49.0111
138.6630 49.0116
138.6689 49.0122
138.6747 49.0127
138.6805 49.0132
138.6864 49.0137
138.6922 49.0142
138.6980 49.0148
138.7039 49.0153
138.7097 49.0158
138.7155 49.0163
138.7214 49.0168
138.7272 49.0174
138.7330 49.0179
138.7389 49.0184
138.7447 49.0189
138.7505 49.0194
138.7564 49.0200
138.7622 49.0205
138.7680 49.0210
138.7739 49.0215
138.7797 49.0220
138.7855 49.0225
138.7914 49.0230
138.7972 49.0236
138.8030 49.0241
138.8089 49.0246
138.8147 49.0251
138.8205 49.0256
138.8264 49.0261
138.8322 49.0266
138.8380 49.0271
138.8439 49.0277
138.8497 49.0282
138.8555 49.0287
138.8614 49.0292
138.8672 49.0297
138.8730 49.0302
138.8789 49.0307
138.8847 49.0312
138.8905 49.0317
138.8963 49.0322
138.9022 49.0327
138.9080 49.0332
138.9138 49.0337
138.9197 49.0343
138.9255 49.0348
138.9313 49.0353
138.9372 49.0358
138.9430 49.0363
138.9488 49.0368
138.9547 49.0373
138.9605 49.0378
138.9663 49.0383
138.9722 49.0388
138.9780 49.0393
138.9838 49.0398
138.9897 49.0403
138.9955 49.0408
139.0013 49.0413
139.0072 49.0418
139.0130 49.0423
139.0188 49.0428
139.0247 49.0433
139.0305 49.0438
139.0363 49.0443
139.0422 49.0448
139.0480 49.0453
139.0538 49.0458
139.0597 49.0463
139.0655 49.0467
139.0713 49.0472
139.0772 49.0477
139.0830 49.0482
139.0888 49.0487
139.0947 49.0492
139.1005 49.0497
139.1063 49.0502
139.1121 49.0507
139.1180 49.0512
139.1238 49.0517
139.1296 49.0522
139.1355 49.0527
139.1413 49.0531
139.1471 49.0536
139.1530 49.0541
139.1588 49.0546
139.1646 49.0551
139.1705 49.0556
139.1763 49.0561
139.1821 49.0566
139.1880 49.0570
139.1938 49.0575
139.1996 49.0580
139.2055 49.0585
139.2113 49.0590
139.2171 49.0595
139.2229 49.0599
139.2288 49.0604
139.2346 49.0609
139.2404 49.0614
139.2463 49.0619
139.2521 49.0624
139.2579 49.0628
139.2638 49.0633
139.2696 49.0638
139.2754 49.0643
139.2813 49.0648
139.2871 49.0652
139.2929 49.0657
139.2988 49.0662
139.3046 49.0667
139.3104 49.0672
139.3162 49.0676
139.3221 49.0681
139.3279 49.0686
139.3337 49.0691
139.3396 49.0695
139.3454 49.0700
139.3512 49.0705
139.3571 49.0710
139.3629 49.0714
139.3687 49.0719
139.3746 49.0724
139.3804 49.0729
139.3862 49.0733
139.3921 49.0738
139.3979 49.0743
139.4037 49.0747
139.4095 49.0752
139.4154 49.0757
139.4212 49.0761
139.4270 49.0766
139.4329 49.0771
139.4387 49.0776
139.4445 49.0780
139.4504 49.0785
139.4562 49.0790
139.4620 49.0794
139.4679 49.0799
139.4737 49.0804
139.4795 49.0808
139.4853 49.0813
139.4912 49.0818
139.4970 49.0822
139.5028 49.0827
139.5087 49.0831
139.5145 49.0836
139.5203 49.0841
139.5262 49.0845
139.5320 49.0850
139.5378 49.0855
139.5437 49.0859
139.5495 49.0864
139.5553 49.0868
139.5611 49.0873
139.5670 49.0878
139.5728 49.0882
139.5786 49.0887
139.5845 49.0891
139.5903 49.0896
139.5961 49.0901
139.6020 49.0905
139.6078 49.0910
139.6136 49.0914
139.6195 49.0919
139.6253 49.0923
139.6311 49.0928
139.6369 49.0932
139.6428 49.0937
139.6486 49.0942
139.6544 49.0946
139.6603 49.0951
139.6661 49.0955
139.6719 49.0960
139.6778 49.0964
139.6836 49.0969
139.6894 49.0973
139.6953 49.0978
139.7011 49.0982
139.7069 49.0987
139.7127 49.0991
139.7186 49.0996
139.7244 49.1000
139.7302 49.1005
139.7361 49.1009
139.7419 49.1014
139.7477 49.1018
139.7536 49.1023
139.7594 49.1027
139.7652 49.1031
139.7710 49.1036
139.7769 49.1040
139.7827 49.1045
139.7885 49.1049
139.7944 49.1054
139.8002 49.1058
139.8060 49.1063
139.8119 49.1067
139.8177 49.1071
139.8235 49.1076
139.8293 49.1080
139.8352 49.1085
139.8410 49.1089
139.8468 49.1093
139.8527 49.1098
139.8585 49.1102
139.8643 49.1107
139.8702 49.1111
139.8760 49.1115
139.8818 49.1120
139.8876 49.1124
139.8935 49.1129
139.8993 49.1133
139.9051 49.1137
139.9110 49.1142
139.9168 49.1146
139.9226 49.1150
139.9285 49.1155
139.9343 49.1159
139.9401 49.1163
139.9459 49.1168
139.9518 49.1172
139.9576 49.1176
139.9634 49.1181
139.9693 49.1185
139.9751 49.1189
139.9809 49.1194
139.9868 49.1198
139.9926 49.1202
139.9984 49.1207
140.0042 49.1211
140.0101 49.1215
140.0159 49.1219
140.0217 49.1224
140.0276 49.1228
140.0334 49.1232
140.0392 49.1237
140.0451 49.1241
140.0509 49.1245
140.0567 49.1249
140.0625 49.1254
140.0684 49.1258
140.0742 49.1262
140.0800 49.1266
140.0859 49.1271
140.0917 49.1275
140.0975 49.1279
140.1033 49.1283
140.1092 49.1288
140.1150 49.1292
140.1208 49.1296
140.1267 49.1300
140.1325 49.1304
140.1383 49.1309
140.1442 49.1313
140.1500 49.1317
140.1558 49.1321
140.1616 49.1325
140.1675 49.1330
140.1733 49.1334
140.1791 49.1338
140.1850 49.1342
140.1908 49.1346
140.1966 49.1351
140.2024 49.1355
140.2083 49.1359
140.2141 49.1363
140.2199 49.1367
140.2258 49.1371
140.2316 49.1375
140.2374 49.1380
140.2432 49.1384
140.2491 49.1388
140.2549 49.1392
140.2607 49.1396
140.2666 49.1400
140.2724 49.1404
140.2782 49.1408
140.2841 49.1413
140.2899 49.1417
140.2957 49.1421
140.3015 49.1425
140.3074 49.1429
140.3132 49.1433
140.3190 49.1437
140.3249 49.1441
140.3307 49.1445
140.3365 49.1449
140.3423 49.1453
140.3482 49.1458
140.3540 49.1462
140.3598 49.1466
140.3657 49.1470
140.3715 49.1474
140.3773 49.1478
140.3831 49.1482
140.3890 49.1486
140.3948 49.1490
140.4006 49.1494
140.4065 49.1498
140.4123 49.1502
140.4181 49.1506
140.4239 49.1510
140.4298 49.1514
140.4356 49.1518
140.4414 49.1522
140.4473 49.1526
140.4531 49.1530
140.4589 49.1534
140.4647 49.1538
140.4706 49.1542
140.4764 49.1546
140.4822 49.1550
140.4881 49.1554
140.4939 49.1558
140.4997 49.1562
140.5055 49.1566
140.5114 49.1570
140.5172 49.1574
140.5230 49.1578
140.5288 49.1582
140.5347 49.1586
140.5405 49.1590
140.5463 49.1594
140.5522 49.1597
140.5580 49.1601
140.5638 49.1605
140.5696 49.1609
140.5755 49.1613
140.5813 49.1617
140.5871 49.1621
140.5930 49.1625
140.5988 49.1629
140.6046 49.1633
140.6104 49.1637
140.6163 49.1641
140.6221 49.1644
140.6279 49.1648
140.6338 49.1652
140.6396 49.1656
140.6454 49.1660
140.6512 49.1664
140.6571 49.1668
140.6629 49.1672
140.6687 49.1675
140.6745 49.1679
140.6804 49.1683
140.6862 49.1687
140.6920 49.1691
140.6979 49.1695
140.7037 49.1698
140.7095 49.1702
140.7153 49.1706
140.7212 49.1710
140.7270 49.1714
140.7328 49.1718
140.7386 49.1721
140.7445 49.1725
140.7503 49.1729
140.7561 49.1733
140.7620 49.1737
140.7678 49.1740
140.7736 49.1744
140.7794 49.1748
140.7853 49.1752
140.7911 49.1755
140.7969 49.1759
140.8028 49.1763
140.8086 49.1767
140.8144 49.1771
140.8202 49.1774
140.8261 49.1778
140.8319 49.1782
140.8377 49.1786
140.8435 49.1789
140.8494 49.1793
140.8552 49.1797
140.8610 49.1801
140.8668 49.1804
140.8727 49.1808
140.8785 49.1812
140.8843 49.1815
140.8902 49.1819
140.8960 49.1823
140.9018 49.1827
140.9076 49.1830
140.9135 49.1834
140.9193 49.1838
140.9251 49.1841
140.9309 49.1845
140.9368 49.1849
140.9426 49.1852
140.9484 49.1856
140.9543 49.1860
140.9601 49.1863
140.9659 49.1867
140.9717 49.1871
140.9776 49.1874
140.9834 49.1878
140.9892 49.1882
140.9950 49.1885
141.0009 49.1889
141.0067 49.1893
141.0125 49.1896
141.0183 49.1900
141.0242 49.1904
141.0300 49.1907
141.0358 49.1911
141.0417 49.1914
141.0475 49.1918
141.0533 49.1922
141.0591 49.1925
141.0650 49.1929
141.0708 49.1932
141.0766 49.1936
141.0824 49.1940
141.0883 49.1943
141.0941 49.1947
141.0999 49.1950
141.1058 49.1954
141.1116 49.1958
141.1174 49.1961
141.1232 49.1965
141.1291 49.1968
141.1349 49.1972
141.1407 49.1975
141.1465 49.1979
141.1524 49.1982
141.1582 49.1986
141.1640 49.1990
141.1698 49.1993
141.1757 49.1997
141.1815 49.2000
141.1873 49.2004
141.1932 49.2007
141.1990 49.2011
141.2048 49.2014
141.2106 49.2018
141.2165 49.2021
141.2223 49.2025
141.2281 49.2028
141.2339 49.2032
141.2398 49.2035
141.2456 49.2039
141.2514 49.2042
141.2572 49.2046
141.2631 49.2049
141.2689 49.2053
141.2747 49.2056
141.2805 49.2060
141.2864 49.2063
141.2922 49.2067
141.2980 49.2070
141.3039 49.2073
141.3097 49.2077
141.3155 49.2080
141.3213 49.2084
141.3272 49.2087
141.3330 49.2091
141.3388 49.2094
141.3446 49.2097
141.3505 49.2101
141.3563 49.2104
141.3621 49.2108
141.3679 49.2111
141.3738 49.2115
141.3796 49.2118
141.3854 49.2121
141.3912 49.2125
141.3971 49.2128
141.4029 49.2132
141.4087 49.2135
141.4146 49.2138
141.4204 49.2142
141.4262 49.2145
141.4320 49.2148
141.4379 49.2152
141.4437 49.2155
141.4495 49.2159
141.4553 49.2162
141.4612 49.2165
141.4670 49.2169
141.4728 49.2172
141.4786 49.2175
141.4845 49.2179
141.4903 49.2182
141.4961 49.2185
141.5019 49.2189
141.5078 49.2192
141.5136 49.2195
141.5194 49.2199
141.5252 49.2202
141.5311 49.2205
141.5369 49.2209
141.5427 49.2212
141.5486 49.2215
141.5544 49.2219
141.5602 49.2222
141.5660 49.2225
141.5719 49.2228
141.5777 49.2232
141.5835 49.2235
141.5893 49.2238
141.5952 49.2242
141.6010 49.2245
141.6068 49.2248
141.6126 49.2251
141.6185 49.2255
141.6243 49.2258
141.6301 49.2261
141.6359 49.2264
141.6418 49.2268
141.6476 49.2271
141.6534 49.2274
141.6592 49.2277
141.6651 49.2281
141.6709 49.2284
141.6767 49.2287
141.6825 49.2290
141.6884 49.2293
141.6942 49.2297
141.7000 49.2300
141.7058 49.2303
141.7117 49.2306
141.7175 49.2309
141.7233 49.2313
141.7292 49.2316
141.7350 49.2319
141.7408 49.2322
141.7466 49.2325
141.7525 49.2329
141.7583 49.2332
141.7641 49.2335
141.7699 49.2338
141.7758 49.2341
141.7816 49.2344
141.7874 49.2348
141.7932 49.2351
141.7991 49.2354
141.8049 49.2357
141.8107 49.2360
141.8165 49.2363
141.8224 49.2366
141.8282 49.2370
141.8340 49.2373
141.8398 49.2376
141.8457 49.2379
141.8515 49.2382
141.8573 49.2385
141.8631 49.2388
141.8690 49.2391
141.8748 49.2395
141.8806 49.2398
141.8864 49.2401
141.8923 49.2404
141.8981 49.2407
141.9039 49.2410
141.9097 49.2413
141.9156 49.2416
141.9214 49.2419
141.9272 49.2422
141.9330 49.2425
141.9389 49.2429
141.9447 49.2432
141.9505 49.2435
141.9563 49.2438
141.9622 49.2441
141.9680 49.2444
141.9738 49.2447
141.9796 49.2450
141.9855 49.2453
141.9913 49.2456
141.9971 49.2459
142.0029 49.2462
142.0088 49.2465
142.0146 49.2468
142.0204 49.2471
142.0262 49.2474
142.0321 49.2477
142.0379 49.2480
142.0437 49.2483
142.0495 49.2486
142.0554 49.2489
142.0612 49.2492
142.0670 49.2495
142.0728 49.2498
142.0787 49.2501
142.0845 49.2504
142.0903 49.2507
142.0961 49.2510
142.1020 49.2513
142.1078 49.2516
142.1136 49.2519
142.1194 49.2522
142.1253 49.2525
142.1311 49.2528
142.1369 49.2531
142.1427 49.2534
142.1485 49.2537
142.1544 49.2540
142.1602 49.2543
142.1660 49.2545
142.1718 49.2548
142.1777 49.2551
142.1835 49.2554
142.1893 49.2557
142.1951 49.2560
142.2010 49.2563
142.2068 49.2566
142.2126 49.2569
142.2184 49.2572
142.2243 49.2575
142.2301 49.2578
142.2359 49.2580
142.2417 49.2583
142.2476 49.2586
142.2534 49.2589
142.2592 49.2592
142.2650 49.2595
142.2709 49.2598
142.2767 49.2601
142.2825 49.2603
142.2883 49.2606
142.2942 49.2609
142.3000 49.2612
142.3058 49.2615
142.3116 49.2618
142.3174 49.2621
142.3233 49.2623
142.3291 49.2626
142.3349 49.2629
142.3407 49.2632
142.3466 49.2635
142.3524 49.2638
142.3582 49.2640
142.3640 49.2643
142.3699 49.2646
142.3757 49.2649
142.3815 49.2652
142.3873 49.2655
142.3932 49.2657
142.3990 49.2660
142.4048 49.2663
142.4106 49.2666
142.4165 49.2669
142.4223 49.2671
142.4281 49.2674
142.4339 49.2677
142.4397 49.2680
142.4456 49.2682
142.4514 49.2685
142.4572 49.2688
142.4630 49.2691
142.4689 49.2693
142.4747 49.2696
142.4805 49.2699
142.4863 49.2702
142.4922 49.2704
142.4980 49.2707
142.5038 49.2710
142.5096 49.2713
142.5155 49.2715
142.5213 49.2718
142.5271 49.2721
142.5329 49.2724
142.5388 49.2726
142.5446 49.2729
142.5504 49.2732
142.5562 49.2734
142.5620 49.2737
142.5679 49.2740
142.5737 49.2743
142.5795 49.2745
142.5853 49.2748
142.5912 49.2751
142.5970 49.2753
142.6028 49.2756
142.6086 49.2759
142.6145 49.2761
142.6203 49.2764
142.6261 49.2767
142.6319 49.2769
142.6378 49.2772
142.6436 49.2775
142.6494 49.2777
142.6552 49.2780
142.6610 49.2783
142.6669 49.2785
142.6727 49.2788
142.6785 49.2791
142.6843 49.2793
142.6902 49.2796
142.6960 49.2799
142.7018 49.2801
142.7076 49.2804
142.7135 49.2806
142.7193 49.2809
142.7251 49.2812
142.7309 49.2814
142.7368 49.2817
142.7426 49.2820
142.7484 49.2822
142.7542 49.2825
142.7600 49.2827
142.7659 49.2830
142.7717 49.2833
142.7775 49.2835
142.7833 49.2838
142.7892 49.2840
142.7950 49.2843
142.8008 49.2845
142.8066 49.2848
142.8125 49.2851
142.8183 49.2853
142.8241 49.2856
142.8299 49.2858
142.8357 49.2861
142.8416 49.2863
142.8474 49.2866
142.8532 49.2868
142.8590 49.2871
142.8649 49.2874
142.8707 49.2876
142.8765 49.2879
142.8823 49.2881
142.8882 49.2884
142.8940 49.2886
142.8998 49.2889
142.9056 49.2891
142.9114 49.2894
142.9173 49.2896
142.9231 49.2899
142.9289 49.2901
142.9347 49.2904
142.9406 49.2906
142.9464 49.2909
142.9522 49.2911
142.9580 49.2914
142.9639 49.2916
142.9697 49.2919
142.9755 49.2921
142.9813 49.2924
142.9872 49.2926
142.9930 49.2929
142.9988 49.2931
143.0046 49.2934
143.0104 49.2936
143.0163 49.2939
143.0221 49.2941
143.0279 49.2943
143.0337 49.2946
143.0396 49.2948
143.0454 49.2951
143.0512 49.2953
143.0570 49.2956
143.0628 49.2958
143.0687 49.2961
143.0745 49.2963
143.0803 49.2965
143.0861 49.2968
143.0920 49.2970
143.0978 49.2973
143.1036 49.2975
143.1094 49.2977
143.1153 49.2980
143.1211 49.2982
143.1269 49.2985
143.1327 49.2987
143.1385 49.2989
143.1444 49.2992
143.1502 49.2994
143.1560 49.2997
143.1618 49.2999
143.1677 49.3001
143.1735 49.3004
143.1793 49.3006
143.1851 49.3008
143.1910 49.3011
143.1968 49.3013
143.2026 49.3016
143.2084 49.3018
143.2142 49.3020
143.2201 49.3023
143.2259 49.3025
143.2317 49.3027
143.2375 49.3030
143.2434 49.3032
143.2492 49.3034
143.2550 49.3037
143.2608 49.3039
143.2666 49.3041
143.2725 49.3044
143.2783 49.3046
143.2841 49.3048
143.2899 49.3051
143.2958 49.3053
143.3016 49.3055
143.3074 49.3058
143.3132 49.3060
143.3190 49.3062
143.3249 49.3064
143.3307 49.3067
143.3365 49.3069
143.3423 49.3071
143.3482 49.3074
143.3540 49.3076
143.3598 49.3078
143.3656 49.3080
143.3715 49.3083
143.3773 49.3085
143.3831 49.3087
143.3889 49.3089
143.3947 49.3092
143.4006 49.3094
143.4064 49.3096
143.4122 49.3099
143.4180 49.3101
143.4239 49.3103
143.4297 49.3105
143.4355 49.3107
143.4413 49.3110
143.4471 49.3112
143.4530 49.3114
143.4588 49.3116
143.4646 49.3119
143.4704 49.3121
143.4763 49.3123
143.4821 49.3125
143.4879 49.3127
143.4937 49.3130
143.4995 49.3132
143.5054 49.3134
143.5112 49.3136
143.5170 49.3139
143.5228 49.3141
143.5287 49.3143
143.5345 49.3145
143.5403 49.3147
143.5461 49.3149
143.5519 49.3152
143.5578 49.3154
143.5636 49.3156
143.5694 49.3158
143.5752 49.3160
143.5810 49.3162
143.5869 49.3165
143.5927 49.3167
143.5985 49.3169
143.6043 49.3171
143.6102 49.3173
143.6160 49.3175
143.6218 49.3178
143.6276 49.3180
143.6334 49.3182
143.6393 49.3184
143.6451 49.3186
143.6509 49.3188
143.6567 49.3190
143.6626 49.3192
143.6684 49.3195
143.6742 49.3197
143.6800 49.3199
143.6858 49.3201
143.6917 49.3203
143.6975 49.3205
143.7033 49.3207
143.7091 49.3209
143.7150 49.3211
143.7208 49.3214
143.7266 49.3216
143.7324 49.3218
143.7382 49.3220
143.7441 49.3222
143.7499 49.3224
143.7557 49.3226
143.7615 49.3228
143.7673 49.3230
143.7732 49.3232
143.7790 49.3234
143.7848 49.3236
143.7906 49.3238
143.7965 49.3240
143.8023 49.3243
143.8081 49.3245
143.8139 49.3247
143.8197 49.3249
143.8256 49.3251
143.8314 49.3253
143.8372 49.3255
143.8430 49.3257
143.8488 49.3259
143.8547 49.3261
143.8605 49.3263
143.8663 49.3265
143.8721 49.3267
143.8780 49.3269
143.8838 49.3271
143.8896 49.3273
143.8954 49.3275
143.9012 49.3277
143.9071 49.3279
143.9129 49.3281
143.9187 49.3283
143.9245 49.3285
143.9303 49.3287
143.9362 49.3289
143.9420 49.3291
143.9478 49.3293
143.9536 49.3295
143.9594 49.3297
143.9653 49.3299
143.9711 49.3301
143.9769 49.3303
143.9827 49.3305
143.9886 49.3307
143.9944 49.3309
144.0002 49.3311
144.0060 49.3313
144.0118 49.3315
144.0177 49.3316
144.0235 49.3318
144.0293 49.3320
144.0351 49.3322
144.0409 49.3324
144.0468 49.3326
144.0526 49.3328
144.0584 49.3330
144.0642 49.3332
144.0700 49.3334
144.0759 49.3336
144.0817 49.3338
144.0875 49.3340
144.0933 49.3342
144.0992 49.3343
144.1050 49.3345
144.1108 49.3347
144.1166 49.3349
144.1224 49.3351
144.1283 49.3353
144.1341 49.3355
144.1399 49.3357
144.1457 49.3359
144.1515 49.3360
144.1574 49.3362
144.1632 49.3364
144.1690 49.3366
144.1748 49.3368
144.1806 49.3370
144.1865 49.3372
144.1923 49.3374
144.1981 49.3375
144.2039 49.3377
144.2098 49.3379
144.2156 49.3381
144.2214 49.3383
144.2272 49.3385
144.2330 49.3387
144.2389 49.3388
144.2447 49.3390
144.2505 49.3392
144.2563 49.3394
144.2621 49.3396
144.2680 49.3398
144.2738 49.3399
144.2796 49.3401
144.2854 49.3403
144.2912 49.3405
144.2971 49.3407
144.3029 49.3408
144.3087 49.3410
144.3145 49.3412
144.3204 49.3414
144.3262 49.3416
144.3320 49.3417
144.3378 49.3419
144.3436 49.3421
144.3495 49.3423
144.3553 49.3425
144.3611 49.3426
144.3669 49.3428
144.3727 49.3430
144.3786 49.3432
144.3844 49.3434
144.3902 49.3435
144.3960 49.3437
144.4018 49.3439
144.4077 49.3441
144.4135 49.3442
144.4193 49.3444
144.4251 49.3446
144.4309 49.3448
144.4368 49.3449
144.4426 49.3451
144.4484 49.3453
144.4542 49.3455
144.4601 49.3456
144.4659 49.3458
144.4717 49.3460
144.4775 49.3462
144.4833 49.3463
144.4892 49.3465
144.4950 49.3467
144.5008 49.3468
144.5066 49.3470
144.5124 49.3472
144.5183 49.3474
144.5241 49.3475
144.5299 49.3477
144.5357 49.3479
144.5415 49.3480
144.5474 49.3482
144.5532 49.3484
144.5590 49.3486
144.5648 49.3487
144.5706 49.3489
144.5765 49.3491
144.5823 49.3492
144.5881 49.3494
144.5939 49.3496
144.5997 49.3497
144.6056 49.3499
144.6114 49.3501
144.6172 49.3502
144.6230 49.3504
144.6289 49.3506
144.6347 49.3507
144.6405 49.3509
144.6463 49.3511
144.6521 49.3512
144.6580 49.3514
144.6638 49.3516
144.6696 49.3517
144.6754 49.3519
144.6812 49.3520
144.6871 49.3522
144.6929 49.3524
144.6987 49.3525
144.7045 49.3527
144.7103 49.3529
144.7162 49.3530
144.7220 49.3532
144.7278 49.3534
144.7336 49.3535
144.7394 49.3537
144.7453 49.3538
144.7511 49.3540
144.7569 49.3542
144.7627 49.3543
144.7685 49.3545
144.7744 49.3546
144.7802 49.3548
144.7860 49.3550
144.7918 49.3551
144.7976 49.3553
144.8035 49.3554
144.8093 49.3556
144.8151 49.3557
144.8209 49.3559
144.8267 49.3561
144.8326 49.3562
144.8384 49.3564
144.8442 49.3565
144.8500 49.3567
144.8558 49.3568
144.8617 49.3570
144.8675 49.3572
144.8733 49.3573
144.8791 49.3575
144.8850 49.3576
144.8908 49.3578
144.8966 49.3579
144.9024 49.3581
144.9082 49.3582
144.9141 49.3584
144.9199 49.3585
144.9257 49.3587
144.9315 49.3589
144.9373 49.3590
144.9432 49.3592
144.9490 49.3593
144.9548 49.3595
144.9606 49.3596
144.9664 49.3598
144.9723 49.3599
144.9781 49.3601
144.9839 49.3602
144.9897 49.3604
144.9955 49.3605
145.0014 49.3607
145.0072 49.3608
145.0130 49.3610
145.0188 49.3611
145.0246 49.3613
145.0305 49.3614
145.0363 49.3616
145.0421 49.3617
145.0479 49.3619
145.0537 49.3620
145.0596 49.3622
145.0654 49.3623
145.0712 49.3625
145.0770 49.3626
145.0828 49.3627
145.0887 49.3629
145.0945 49.3630
145.1003 49.3632
145.1061 49.3633
145.1119 49.3635
145.1178 49.3636
145.1236 49.3638
145.1294 49.3639
145.1352 49.3641
145.1410 49.3642
145.1469 49.3643
145.1527 49.3645
145.1585 49.3646
145.1643 49.3648
145.1701 49.3649
145.1760 49.3651
145.1818 49.3652
145.1876 49.3653
145.1934 49.3655
145.1992 49.3656
145.2051 49.3658
145.2109 49.3659
145.2167 49.3660
145.2225 49.3662
145.2283 49.3663
145.2342 49.3665
145.2400 49.3666
145.2458 49.3667
145.2516 49.3669
145.2574 49.3670
145.2632 49.3672
145.2691 49.3673
145.2749 49.3674
145.2807 49.3676
145.2865 49.3677
145.2923 49.3679
145.2982 49.3680
145.3040 49.3681
145.3098 49.3683
145.3156 49.3684
145.3214 49.3685
145.3273 49.3687
145.3331 49.3688
145.3389 49.3690
145.3447 49.3691
145.3505 49.3692
145.3564 49.3694
145.3622 49.3695
145.3680 49.3696
145.3738 49.3698
145.3796 49.3699
145.3855 49.3700
145.3913 49.3702
145.3971 49.3703
145.4029 49.3704
145.4087 49.3706
145.4146 49.3707
145.4204 49.3708
145.4262 49.3710
145.4320 49.3711
145.4378 49.3712
145.4437 49.3714
145.4495 49.3715
145.4553 49.3716
145.4611 49.3718
145.4669 49.3719
145.4727 49.3720
145.4786 49.3721
145.4844 49.3723
145.4902 49.3724
145.4960 49.3725
145.5018 49.3727
145.5077 49.3728
145.5135 49.3729
145.5193 49.3730
145.5251 49.3732
145.5309 49.3733
145.5368 49.3734
145.5426 49.3736
145.5484 49.3737
145.5542 49.3738
145.5600 49.3739
145.5659 49.3741
145.5717 49.3742
145.5775 49.3743
145.5833 49.3744
145.5891 49.3746
145.5950 49.3747
145.6008 49.3748
145.6066 49.3749
145.6124 49.3751
145.6182 49.3752
145.6240 49.3753
145.6299 49.3754
145.6357 49.3756
145.6415 49.3757
145.6473 49.3758
145.6531 49.3759
145.6590 49.3761
145.6648 49.3762
145.6706 49.3763
145.6764 49.3764
145.6822 49.3766
145.6881 49.3767
145.6939 49.3768
145.6997 49.3769
145.7055 49.3770
145.7113 49.3772
145.7172 49.3773
145.7230 49.3774
145.7288 49.3775
145.7346 49.3776
145.7404 49.3778
145.7463 49.3779
145.7521 49.3780
145.7579 49.3781
145.7637 49.3782
145.7695 49.3784
145.7753 49.3785
145.7812 49.3786
145.7870 49.3787
145.7928 49.3788
145.7986 49.3790
145.8044 49.3791
145.8103 49.3792
145.8161 49.3793
145.8219 49.3794
145.8277 49.3795
145.8335 49.3797
145.8394 49.3798
145.8452 49.3799
145.8510 49.3800
145.8568 49.3801
145.8626 49.3802
145.8685 49.3803
145.8743 49.3805
145.8801 49.3806
145.8859 49.3807
145.8917 49.3808
145.8975 49.3809
145.9034 49.3810
145.9092 49.3811
145.9150 49.3813
145.9208 49.3814
145.9266 49.3815
145.9325 49.3816
145.9383 49.3817
145.9441 49.3818
145.9499 49.3819
145.9557 49.3821
145.9616 49.3822
145.9674 49.3823
145.9732 49.3824
145.9790 49.3825
145.9848 49.3826
145.9907 49.3827
145.9965 49.3828
146.0023 49.3829
146.0081 49.3830
146.0139 49.3832
146.0198 49.3833
146.0256 49.3834
146.0314 49.3835
146.0372 49.3836
146.0430 49.3837
146.0488 49.3838
146.0547 49.3839
146.0605 49.3840
146.0663 49.3841
146.0721 49.3842
146.0779 49.3844
146.0838 49.3845
146.0896 49.3846
146.0954 49.3847
146.1012 49.3848
146.1070 49.3849
146.1129 49.3850
146.1187 49.3851
146.1245 49.3852
146.1303 49.3853
146.1361 49.3854
146.1419 49.3855
146.1478 49.3856
146.1536 49.3857
146.1594 49.3858
146.1652 49.3859
146.1710 49.3860
146.1769 49.3861
146.1827 49.3862
146.1885 49.3864
146.1943 49.3865
146.2001 49.3866
146.2060 49.3867
146.2118 49.3868
146.2176 49.3869
146.2234 49.3870
146.2292 49.3871
146.2351 49.3872
146.2409 49.3873
146.2467 49.3874
146.2525 49.3875
146.2583 49.3876
146.2641 49.3877
146.2700 49.3878
146.2758 49.3879
146.2816 49.3880
146.2874 49.3881
146.2932 49.3882
146.2991 49.3883
146.3049 49.3884
146.3107 49.3885
146.3165 49.3886
146.3223 49.3887
146.3282 49.3888
146.3340 49.3889
146.3398 49.3890
146.3456 49.3891
146.3514 49.3892
146.3572 49.3893
146.3631 49.3894
146.3689 49.3895
146.3747 49.3896
146.3805 49.3897
146.3863 49.3897
146.3922 49.3898
146.3980 49.3899
146.4038 49.3900
146.4096 49.3901
146.4154 49.3902
146.4213 49.3903
146.4271 49.3904
146.4329 49.3905
146.4387 49.3906
146.4445 49.3907
146.4503 49.3908
146.4562 49.3909
146.4620 49.3910
146.4678 49.3911
146.4736 49.3912
146.4794 49.3913
146.4853 49.3914
146.4911 49.3915
146.4969 49.3915
146.5027 49.3916
146.5085 49.3917
146.5144 49.3918
146.5202 49.3919
146.5260 49.3920
146.5318 49.3921
146.5376 49.3922
146.5434 49.3923
146.5493 49.3924
146.5551 49.3925
146.5609 49.3926
146.5667 49.3926
146.5725 49.3927
146.5784 49.3928
146.5842 49.3929
146.5900 49.3930
146.5958 49.3931
146.6016 49.3932
146.6075 49.3933
146.6133 49.3934
146.6191 49.3934
146.6249 49.3935
146.6307 49.3936
146.6365 49.3937
146.6424 49.3938
146.6482 49.3939
146.6540 49.3940
146.6598 49.3941
146.6656 49.3941
146.6715 49.3942
146.6773 49.3943
146.6831 49.3944
146.6889 49.3945
146.6947 49.3946
146.7005 49.3947
146.7064 49.3948
146.7122 49.3948
146.7180 49.3949
146.7238 49.3950
146.7296 49.3951
146.7355 49.3952
146.7413 49.3953
146.7471 49.3953
146.7529 49.3954
146.7587 49.3955
146.7646 49.3956
146.7704 49.3957
146.7762 49.3958
146.7820 49.3959
146.7878 49.3959
146.7936 49.3960
146.7995 49.3961
146.8053 49.3962
146.8111 49.3963
146.8169 49.3963
146.8227 49.3964
146.8286 49.3965
146.8344 49.3966
146.8402 49.3967
146.8460 49.3968
146.8518 49.3968
146.8576 49.3969
146.8635 49.3970
146.8693 49.3971
146.8751 49.3972
146.8809 49.3972
146.8867 49.3973
146.8926 49.3974
146.8984 49.3975
146.9042 49.3976
146.9100 49.3976
146.9158 49.3977
146.9216 49.3978
146.9275 49.3979
146.9333 49.3980
146.9391 49.3980
146.9449 49.3981
146.9507 49.3982
146.9566 49.3983
146.9624 49.3983
146.9682 49.3984
146.9740 49.3985
146.9798 49.3986
146.9856 49.3987
146.9915 49.3987
146.9973 49.3988
147.0031 49.3989
147.0089 49.3990
147.0147 49.3990
147.0206 49.3991
147.0264 49.3992
147.0322 49.3993
147.0380 49.3993
147.0438 49.3994
147.0496 49.3995
147.0555 49.3996
147.0613 49.3996
147.0671 49.3997
147.0729 49.3998
147.0787 49.3999
147.0845 49.3999
147.0904 49.4000
147.0962 49.4001
147.1020 49.4002
147.1078 49.4002
147.1136 49.4003
147.1195 49.4004
147.1253 49.4005
147.1311 49.4005
147.1369 49.4006
147.1427 49.4007
147.1485 49.4007
147.1544 49.4008
147.1602 49.4009
147.1660 49.4010
147.1718 49.4010
147.1776 49.4011
147.1835 49.4012
147.1893 49.4012
147.1951 49.4013
147.2009 49.4014
147.2067 49.4015
147.2125 49.4015
147.2184 49.4016
147.2242 49.4017
147.2300 49.4017
147.2358 49.4018
147.2416 49.4019
147.2475 49.4019
147.2533 49.4020
147.2591 49.4021
147.2649 49.4021
147.2707 49.4022
147.2765 49.4023
147.2824 49.4024
147.2882 49.4024
147.2940 49.4025
147.2998 49.4026
147.3056 49.4026
147.3114 49.4027
147.3173 49.4028
147.3231 49.4028
147.3289 49.4029
147.3347 49.4030
147.3405 49.4030
147.3464 49.4031
147.3522 49.4032
147.3580 49.4032
147.3638 49.4033
147.3696 49.4034
147.3754 49.4034
147.3813 49.4035
147.3871 49.4035
147.3929 49.4036
147.3987 49.4037
147.4045 49.4037
147.4104 49.4038
147.4162 49.4039
147.4220 49.4039
147.4278 49.4040
147.4336 49.4041
147.4394 49.4041
147.4453 49.4042
147.4511 49.4043
147.4569 49.4043
147.4627 49.4044
147.4685 49.4044
147.4744 49.4045
147.4802 49.4046
147.4860 49.4046
147.4918 49.4047
147.4976 49.4048
147.5034 49.4048
147.5093 49.4049
147.5151 49.4049
147.5209 49.4050
147.5267 49.4051
147.5325 49.4051
147.5383 49.4052
147.5442 49.4052
147.5500 49.4053
147.5558 49.4054
147.5616 49.4054
147.5674 49.4055
147.5733 49.4055
147.5791 49.4056
147.5849 49.4057
147.5907 49.4057
147.5965 49.4058
147.6023 49.4058
147.6082 49.4059
147.6140 49.4060
147.6198 49.4060
147.6256 49.4061
147.6314 49.4061
147.6373 49.4062
147.6431 49.4063
147.6489 49.4063
147.6547 49.4064
147.6605 49.4064
147.6663 49.4065
147.6722 49.4065
147.6780 49.4066
147.6838 49.4067
147.6896 49.4067
147.6954 49.4068
147.7013 49.4068
147.7071 49.4069
147.7129 49.4069
147.7187 49.4070
147.7245 49.4071
147.7303 49.4071
147.7362 49.4072
147.7420 49.4072
147.7478 49.4073
147.7536 49.4073
147.7594 49.4074
147.7652 49.4074
147.7711 49.4075
147.7769 49.4075
147.7827 49.4076
147.7885 49.4077
147.7943 49.4077
147.8002 49.4078
147.8060 49.4078
147.8118 49.4079
147.8176 49.4079
147.8234 49.4080
147.8292 49.4080
147.8351 49.4081
147.8409 49.4081
147.8467 49.4082
147.8525 49.4082
147.8583 49.4083
147.8642 49.4084
147.8700 49.4084
147.8758 49.4085
147.8816 49.4085
147.8874 49.4086
147.8932 49.4086
147.8991 49.4087
147.9049 49.4087
147.9107 49.4088
147.9165 49.4088
147.9223 49.4089
147.9281 49.4089
147.9340 49.4090
147.9398 49.4090
147.9456 49.4091
147.9514 49.4091
147.9572 49.4092
147.9631 49.4092
147.9689 49.4093
147.9747 49.4093
147.9805 49.4094
147.9863 49.4094
147.9921 49.4095
147.9980 49.4095
148.0038 49.4096
148.0096 49.4096
148.0154 49.4097
148.0212 49.4097
148.0271 49.4098
148.0329 49.4098
148.0387 49.4099
148.0445 49.4099
148.0503 49.4099
148.0561 49.4100
148.0620 49.4100
148.0678 49.4101
148.0736 49.4101
148.0794 49.4102
148.0852 49.4102
148.0910 49.4103
148.0969 49.4103
148.1027 49.4104
148.1085 49.4104
148.1143 49.4105
148.1201 49.4105
148.1260 49.4106
148.1318 49.4106
148.1376 49.4106
148.1434 49.4107
148.1492 49.4107
148.1550 49.4108
148.1609 49.4108
148.1667 49.4109
148.1725 49.4109
148.1783 49.4110
148.1841 49.4110
148.1899 49.4111
148.1958 49.4111
148.2016 49.4111
148.2074 49.4112
148.2132 49.4112
148.2190 49.4113
148.2249 49.4113
148.2307 49.4114
148.2365 49.4114
148.2423 49.4114
148.2481 49.4115
148.2539 49.4115
148.2598 49.4116
148.2656 49.4116
148.2714 49.4117
148.2772 49.4117
148.2830 49.4117
148.2888 49.4118
148.2947 49.4118
148.3005 49.4119
148.3063 49.4119
148.3121 49.4120
148.3179 49.4120
148.3238 49.4120
148.3296 49.4121
148.3354 49.4121
148.3412 49.4122
148.3470 49.4122
148.3528 49.4122
148.3587 49.4123
148.3645 49.4123
148.3703 49.4124
148.3761 49.4124
148.3819 49.4124
148.3877 49.4125
148.3936 49.4125
148.3994 49.4126
148.4052 49.4126
148.4110 49.4126
148.4168 49.4127
148.4227 49.4127
148.4285 49.4128
148.4343 49.4128
148.4401 49.4128
148.4459 49.4129
148.4517 49.4129
148.4576 49.4130
148.4634 49.4130
148.4692 49.4130
148.4750 49.4131
148.4808 49.4131
148.4866 49.4131
148.4925 49.4132
148.4983 49.4132
148.5041 49.4133
148.5099 49.4133
148.5157 49.4133
148.5215 49.4134
148.5274 49.4134
148.5332 49.4134
148.5390 49.4135
148.5448 49.4135
148.5506 49.4136
148.5565 49.4136
148.5623 49.4136
148.5681 49.4137
148.5739 49.4137
148.5797 49.4137
148.5855 49.4138
148.5914 49.4138
148.5972 49.4138
148.6030 49.4139
148.6088 49.4139
148.6146 49.4139
148.6204 49.4140
148.6263 49.4140
148.6321 49.4141
148.6379 49.4141
148.6437 49.4141
148.6495 49.4142
148.6553 49.4142
148.6612 49.4142
148.6670 49.4143
148.6728 49.4143
148.6786 49.4143
148.6844 49.4144
148.6902 49.4144
148.6961 49.4144
148.7019 49.4145
148.7077 49.4145
148.7135 49.4145
148.7193 49.4146
148.7252 49.4146
148.7310 49.4146
148.7368 49.4147
148.7426 49.4147
148.7484 49.4147
148.7542 49.4148
148.7601 49.4148
148.7659 49.4148
148.7717 49.4149
148.7775 49.4149
148.7833 49.4149
148.7891 49.4149
148.7950 49.4150
148.8008 49.4150
148.8066 49.4150
148.8124 49.4151
148.8182 49.4151
148.8240 49.4151
148.8299 49.4152
148.8357 49.4152
148.8415 49.4152
148.8473 49.4153
148.8531 49.4153
148.8589 49.4153
148.8648 49.4153
148.8706 49.4154
148.8764 49.4154
148.8822 49.4154
148.8880 49.4155
148.8939 49.4155
148.8997 49.4155
148.9055 49.4156
148.9113 49.4156
148.9171 49.4156
148.9229 49.4156
148.9288 49.4157
148.9346 49.4157
148.9404 49.4157
148.9462 49.4158
148.9520 49.4158
148.9578 49.4158
148.9637 49.4158
148.9695 49.4159
148.9753 49.4159
148.9811 49.4159
148.9869 49.4160
148.9927 49.4160
148.9986 49.4160
149.0044 49.4160
149.0102 49.4161
149.0160 49.4161
149.0218 49.4161
149.0276 49.4161
149.0335 49.4162
149.0393 49.4162
149.0451 49.4162
149.0509 49.4163
149.0567 49.4163
149.0626 49.4163
149.0684 49.4163
149.0742 49.4164
149.0800 49.4164
149.0858 49.4164
149.0916 49.4164
149.0975 49.4165
149.1033 49.4165
149.1091 49.4165
149.1149 49.4165
149.1207 49.4166
149.1265 49.4166
149.1324 49.4166
149.1382 49.4166
149.1440 49.4167
149.1498 49.4167
149.1556 49.4167
149.1614 49.4167
149.1673 49.4168
149.1731 49.4168
149.1789 49.4168
149.1847 49.4168
149.1905 49.4169
149.1964 49.4169
149.2022 49.4169
149.2080 49.4169
149.2138 49.4170
149.2196 49.4170
149.2254 49.4170
149.2313 49.4170
149.2371 49.4171
149.2429 49.4171
149.2487 49.4171
149.2545 49.4171
149.2603 49.4171
149.2662 49.4172
149.2720 49.4172
149.2778 49.4172
149.2836 49.4172
149.2894 49.4173
149.2952 49.4173
149.3011 49.4173
149.3069 49.4173
149.3127 49.4173
149.3185 49.4174
149.3243 49.4174
149.3302 49.4174
149.3360 49.4174
149.3418 49.4175
149.3476 49.4175
149.3534 49.4175
149.3592 49.4175
149.3651 49.4175
149.3709 49.4176
149.3767 49.4176
149.3825 49.4176
149.3883 49.4176
149.3941 49.4176
149.4000 49.4177
149.4058 49.4177
149.4116 49.4177
149.4174 49.4177
149.4232 49.4178
149.4290 49.4178
149.4349 49.4178
149.4407 49.4178
149.4465 49.4178
149.4523 49.4179
149.4581 49.4179
149.4639 49.4179
149.4698 49.4179
149.4756 49.4179
149.4814 49.4180
149.4872 49.4180
149.4930 49.4180
149.4989 49.4180
149.5047 49.4180
149.5105 49.4180
149.5163 49.4181
149.5221 49.4181
149.5279 49.4181
149.5338 49.4181
149.5396 49.4181
149.5454 49.4182
149.5512 49.4182
149.5570 49.4182
149.5628 49.4182
149.5687 49.4182
149.5745 49.4183
149.5803 49.4183
149.5861 49.4183
149.5919 49.4183
149.5977 49.4183
149.6036 49.4183
149.6094 49.4184
149.6152 49.4184
149.6210 49.4184
149.6268 49.4184
149.6327 49.4184
149.6385 49.4184
149.6443 49.4185
149.6501 49.4185
149.6559 49.4185
149.6617 49.4185
149.6676 49.4185
149.6734 49.4185
149.6792 49.4186
149.6850 49.4186
149.6908 49.4186
149.6966 49.4186
149.7025 49.4186
149.7083 49.4186
149.7141 49.4187
149.7199 49.4187
149.7257 49.4187
149.7315 49.4187
149.7374 49.4187
149.7432 49.4187
149.7490 49.4188
149.7548 49.4188
149.7606 49.4188
149.7664 49.4188
149.7723 49.4188
149.7781 49.4188
149.7839 49.4188
149.7897 49.4189
149.7955 49.4189
149.8014 49.4189
149.8072 49.4189
149.8130 49.4189
149.8188 49.4189
149.8246 49.4190
149.8304 49.4190
149.8363 49.4190
149.8421 49.4190
149.8479 49.4190
149.8537 49.4190
149.8595 49.4190
149.8653 49.4191
149.8712 49.4191
149.8770 49.4191
149.8828 49.4191
149.8886 49.4191
149.8944 49.4191
149.9002 49.4191
149.9061 49.4191
149.9119 49.4192
149.9177 49.4192
149.9235 49.4192
149.9293 49.4192
149.9351 49.4192
149.9410 49.4192
149.9468 49.4192
149.9526 49.4193
149.9584 49.4193
149.9642 49.4193
149.9701 49.4193
149.9759 49.4193
149.9817 49.4193
149.9875 49.4193
149.9933 49.4193
149.9991 49.4194
150.0050 49.4194
150.0108 49.4194
150.0166 49.4194
150.0224 49.4194
150.0282 49.4194
150.0340 49.4194
150.0399 49.4194
150.0457 49.4195
150.0515 49.4195
150.0573 49.4195
150.0631 49.4195
150.0689 49.4195
150.0748 49.4195
150.0806 49.4195
150.0864 49.4195
150.0922 49.4195
150.0980 49.4196
150.1038 49.4196
150.1097 49.4196
150.1155 49.4196
150.1213 49.4196
150.1271 49.4196
150.1329 49.4196
150.1387 49.4196
150.1446 49.4196
150.1504 49.4197
150.1562 49.4197
150.1620 49.4197
150.1678 49.4197
150.1737 49.4197
150.1795 49.4197
150.1853 49.4197
150.1911 49.4197
150.1969 49.4197
150.2027 49.4197
150.2086 49.4198
150.2144 49.4198
150.2202 49.4198
150.2260 49.4198
150.2318 49.4198
150.2376 49.4198
150.2435 49.4198
150.2493 49.4198
150.2551 49.4198
150.2609 49.4198
150.2667 49.4199
150.2725 49.4199
150.2784 49.4199
150.2842 49.4199
150.2900 49.4199
150.2958 49.4199
150.3016 49.4199
150.3074 49.4199
150.3133 49.4199
150.3191 49.4199
150.3249 49.4199
150.3307 49.4199
150.3365 49.4200
150.3423 49.4200
150.3482 49.4200
150.3540 49.4200
150.3598 49.4200
150.3656 49.4200
150.3714 49.4200
150.3772 49.4200
150.3831 49.4200
150.3889 49.4200
150.3947 49.4200
150.4005 49.4200
150.4063 49.4201
150.4121 49.4201
150.4180 49.4201
150.4238 49.4201
150.4296 49.4201
150.4354 49.4201
150.4412 49.4201
150.4470 49.4201
150.4529 49.4201
150.4587 49.4201
150.4645 49.4201
150.4703 49.4201
150.4761 49.4201
150.4819 49.4202
150.4878 49.4202
150.4936 49.4202
150.4994 49.4202
150.5052 49.4202
150.5110 49.4202
150.5169 49.4202
150.5227 49.4202
150.5285 49.4202
150.5343 49.4202
150.5401 49.4202
150.5459 49.4202
150.5518 49.4202
150.5576 49.4202
150.5634 49.4203
150.5692 49.4203
150.5750 49.4203
150.5808 49.4203
150.5867 49.4203
150.5925 49.4203
150.5983 49.4203
150.6041 49.4203
150.6099 49.4203
150.6157 49.4203
150.6216 49.4203
150.6274 49.4203
150.6332 49.4203
150.6390 49.4203
150.6448 49.4203
150.6506 49.4203
150.6565 49.4203
150.6623 49.4204
150.6681 49.4204
150.6739 49.4204
150.6797 49.4204
150.6855 49.4204
150.6914 49.4204
150.6972 49.4204
150.7030 49.4204
150.7088 49.4204
150.7146 49.4204
150.7204 49.4204
150.7263 49.4204
150.7321 49.4204
150.7379 49.4204
150.7437 49.4204
150.7495 49.4204
150.7553 49.4204
150.7612 49.4204
150.7670 49.4204
150.7728 49.4205
150.7786 49.4205
150.7844 49.4205
150.7903 49.4205
150.7961 49.4205
150.8019 49.4205
150.8077 49.4205
150.8135 49.4205
150.8193 49.4205
150.8252 49.4205
150.8310 49.4205
150.8368 49.4205
150.8426 49.4205
150.8484 49.4205
150.8542 49.4205
150.8601 49.4205
150.8659 49.4205
150.8717 49.4205
150.8775 49.4205
150.8833 49.4205
150.8891 49.4205
150.8950 49.4205
150.9008 49.4205
150.9066 49.4205
150.9124 49.4206
150.9182 49.4206
150.9240 49.4206
150.9299 49.4206
150.9357 49.4206
150.9415 49.4206
150.9473 49.4206
150.9531 49.4206
150.9589 49.4206
150.9648 49.4206
150.9706 49.4206
150.9764 49.4206
150.9822 49.4206
150.9880 49.4206
150.9939 49.4206
150.9997 49.4206
151.0055 49.4206
151.0113 49.4206
151.0171 49.4206
151.0229 49.4206
151.0288 49.4206
151.0346 49.4206
151.0404 49.4206
151.0462 49.4206
151.0520 49.4206
151.0578 49.4206
151.0637 49.4206
151.0695 49.4206
151.0753 49.4206
151.0811 49.4206
151.0869 49.4206
151.0927 49.4207
151.0986 49.4207
151.1044 49.4207
151.1102 49.4207
151.1160 49.4207
151.1218 49.4207
151.1276 49.4207
151.1335 49.4207
151.1393 49.4207
151.1451 49.4207
151.1509 49.4207
151.1567 49.4207
151.1625 49.4207
151.1684 49.4207
151.1742 49.4207
151.1800 49.4207
151.1858 49.4207
151.1916 49.4207
151.1975 49.4207
151.2033 49.4207
151.2091 49.4207
151.2149 49.4207
151.2207 49.4207
151.2265 49.4207
151.2324 49.4207
151.2382 49.4207
151.2440 49.4207
151.2498 49.4207
151.2556 49.4207
151.2614 49.4207
151.2673 49.4207
151.2731 49.4207
151.2789 49.4207
151.2847 49.4207
151.2905 49.4207
151.2963 49.4207
151.3022 49.4207
151.3080 49.4207
151.3138 49.4207
151.3196 49.4207
151.3254 49.4207
151.3312 49.4207
151.3371 49.4207
151.3429 49.4207
151.3487 49.4207
151.3545 49.4207
151.3603 49.4207
151.3661 49.4207
151.3720 49.4207
151.3778 49.4207
151.3836 49.4207
151.3894 49.4207
151.3952 49.4208
151.4011 49.4208
151.4069 49.4208
151.4127 49.4208
151.4185 49.4208
151.4243 49.4208
151.4301 49.4208
151.4360 49.4208
151.4418 49.4208
151.4476 49.4208
151.4534 49.4208
151.4592 49.4208
151.4650 49.4208
151.4709 49.4208
151.4767 49.4208
151.4825 49.4208
151.4883 49.4208
151.4941 49.4208
151.4999 49.4208
151.5058 49.4208
151.5116 49.4208
151.5174 49.4208
151.5232 49.4208
151.5290 49.4208
151.5348 49.4208
151.5407 49.4208
151.5465 49.4208
151.5523 49.4208
151.5581 49.4208
151.5639 49.4208
151.5697 49.4208
151.5756 49.4208
151.5814 49.4208
151.5872 49.4208
151.5930 49.4208
151.5988 49.4208
151.6047 49.4208
151.6105 49.4208
151.6163 49.4208
151.6221 49.4208
151.6279 49.4208
151.6337 49.4208
151.6396 49.4208
151.6454 49.4208
151.6512 49.4208
151.6570 49.4208
151.6628 49.4208
151.6686 49.4208
151.6745 49.4208
151.6803 49.4208
151.6861 49.4208
151.6919 49.4208
151.6977 49.4208
151.7035 49.4208
151.7094 49.4208
151.7152 49.4208
151.7210 49.4208
151.7268 49.4208
151.7326 49.4208
151.7384 49.4208
151.7443 49.4208
151.7501 49.4208
151.7559 49.4208
151.7617 49.4208
151.7675 49.4208
151.7733 49.4208
151.7792 49.4208
151.7850 49.4208
151.7908 49.4208
151.7966 49.4208
151.8024 49.4208
151.8082 49.4208
151.8141 49.4208
151.8199 49.4208
151.8257 49.4208
151.8315 49.4208
151.8373 49.4208
151.8431 49.4208
151.8490 49.4208
151.8548 49.4208
151.8606 49.4208
151.8664 49.4208
151.8722 49.4208
151.8781 49.4208
151.8839 49.4208
151.8897 49.4208
151.8955 49.4208
151.9013 49.4208
151.9071 49.4208
151.9130 49.4208
151.9188 49.4208
151.9246 49.4208
151.9304 49.4208
151.9362 49.4208
151.9420 49.4208
151.9479 49.4208
151.9537 49.4208
151.9595 49.4208
151.9653 49.4208
151.9711 49.4208
151.9769 49.4208
151.9828 49.4208
151.9886 49.4208
151.9944 49.4208
152.0002 49.4208
152.0060 49.4208
152.0118 49.4208
152.0177 49.4208
152.0235 49.4208
152.0293 49.4208
152.0351 49.4208
152.0409 49.4208
152.0467 49.4208
152.0526 49.4208
152.0584 49.4208
152.0642 49.4208
152.0700 49.4208
152.0758 49.4208
152.0816 49.4208
152.0875 49.4208
152.0933 49.4208
152.0991 49.4208
152.1049 49.4208
152.1107 49.4208
152.1165 49.4208
152.1224 49.4208
152.1282 49.4208
152.1340 49.4208
152.1398 49.4208
152.1456 49.4208
152.1514 49.4208
152.1573 49.4208
152.1631 49.4208
152.1689 49.4208
152.1747 49.4208
152.1805 49.4208
152.1863 49.4208
152.1922 49.4208
152.1980 49.4208
152.2038 49.4208
152.2096 49.4208
152.2154 49.4208
152.2212 49.4208
152.2271 49.4208
152.2329 49.4208
152.2387 49.4208
152.2445 49.4208
152.2503 49.4208
152.2561 49.4208
152.2620 49.4208
152.2678 49.4208
152.2736 49.4208
152.2794 49.4208
152.2852 49.4208
152.2910 49.4208
152.2969 49.4208
152.3027 49.4208
152.3085 49.4208
152.3143 49.4208
152.3201 49.4208
152.3259 49.4208
152.3318 49.4208
152.3376 49.4208
152.3434 49.4208
152.3492 49.4208
152.3550 49.4208
152.3608 49.4208
152.3667 49.4208
152.3725 49.4208
152.3783 49.4208
152.3841 49.4208
152.3899 49.4208
152.3957 49.4208
152.4016 49.4208
152.4074 49.4208
152.4132 49.4208
152.4190 49.4208
152.4248 49.4208
152.4306 49.4208
152.4365 49.4208
152.4423 49.4208
152.4481 49.4208
152.4539 49.4208
152.4597 49.4208
152.4655 49.4208
152.4714 49.4208
152.4772 49.4208
152.4830 49.4208
152.4888 49.4208
152.4946 49.4208
152.5004 49.4208
152.5063 49.4208
152.5121 49.4208
152.5179 49.4208
152.5237 49.4208
152.5295 49.4208
152.5354 49.4208
152.5412 49.4208
152.5470 49.4208
152.5528 49.4208
152.5586 49.4208
152.5644 49.4208
152.5703 49.4208
152.5761 49.4208
152.5819 49.4208
152.5877 49.4208
152.5935 49.4208
152.5993 49.4208
152.6052 49.4208
152.6110 49.4208
152.6168 49.4208
152.6226 49.4208
152.6284 49.4208
152.6342 49.4208
152.6401 49.4208
152.6459 49.4208
152.6517 49.4208
152.6575 49.4208
152.6633 49.4208
152.6691 49.4208
152.6750 49.4208
152.6808 49.4208
152.6866 49.4208
152.6924 49.4208
152.6982 49.4208
152.7040 49.4208
152.7099 49.4208
152.7157 49.4208
152.7215 49.4208
152.7273 49.4208
152.7331 49.4208
152.7389 49.4208
152.7448 49.4208
152.7506 49.4208
152.7564 49.4208
152.7622 49.4208
152.7680 49.4208
152.7738 49.4208
152.7797 49.4208
152.7855 49.4208
152.7913 49.4208
152.7971 49.4208
152.8029 49.4208
152.8087 49.4208
152.8146 49.4208
152.8204 49.4208
152.8262 49.4208
152.8320 49.4208
152.8378 49.4208
152.8436 49.4208
152.8495 49.4208
152.8553 49.4208
152.8611 49.4208
152.8669 49.4208
152.8727 49.4208
152.8785 49.4208
152.8844 49.4208
152.8902 49.4208
152.8960 49.4208
152.9018 49.4208
152.9076 49.4208
152.9134 49.4208
152.9193 49.4208
152.9251 49.4208
152.9309 49.4208
152.9367 49.4208
152.9425 49.4208
152.9483 49.4208
152.9542 49.4208
152.9600 49.4208
152.9658 49.4208
152.9716 49.4208
152.9774 49.4208
152.9832 49.4208
152.9891 49.4208
152.9949 49.4208
153.0007 49.4208
153.0065 49.4208
153.0123 49.4208
153.0181 49.4208
153.0240 49.4208
153.0298 49.4208
153.0356 49.4208
153.0414 49.4208
153.0472 49.4208
153.0530 49.4208
153.0589 49.4208
153.0647 49.4208
153.0705 49.4208
153.0763 49.4208
153.0821 49.4208
153.0879 49.4208
153.0938 49.4208
153.0996 49.4208
153.1054 49.4208
153.1112 49.4208
153.1170 49.4208
153.1228 49.4208
153.1287 49.4208
153.1345 49.4208
153.1403 49.4208
153.1461 49.4208
153.1519 49.4208
153.1577 49.4208
153.1636 49.4208
153.1694 49.4208
153.1752 49.4208
153.1810 49.4208
153.1868 49.4208
153.1926 49.4208
153.1985 49.4208
153.2043 49.4208
153.2101 49.4208
153.2159 49.4208
153.2217 49.4208
153.2275 49.4208
153.2334 49.4208
153.2392 49.4208
153.2450 49.4208
153.2508 49.4208
153.2566 49.4208
153.2624 49.4208
153.2683 49.4208
153.2741 49.4208
153.2799 49.4208
153.2857 49.4208
153.2915 49.4208
153.2973 49.4208
153.3032 49.4208
153.3090 49.4208
153.3148 49.4208
153.3206 49.4208
153.3264 49.4208
153.3322 49.4208
153.3381 49.4208
153.3439 49.4208
153.3497 49.4208
153.3555 49.4208
153.3613 49.4208
153.3671 49.4208
153.3730 49.4208
153.3788 49.4208
153.3846 49.4208
153.3904 49.4208
153.3962 49.4208
153.4020 49.4208
153.4079 49.4208
153.4137 49.4208
153.4195 49.4208
153.4253 49.4208
153.4311 49.4208
153.4370 49.4208
153.4428 49.4208
153.4486 49.4208
153.4544 49.4208
153.4602 49.4208
153.4660 49.4208
153.4719 49.4208
153.4777 49.4208
153.4835 49.4208
153.4893 49.4208
153.4951 49.4208
153.5009 49.4208
153.5068 49.4208
153.5126 49.4208
153.5184 49.4208
153.5242 49.4208
153.5300 49.4208
153.5358 49.4208
153.5417 49.4208
153.5475 49.4208
153.5533 49.4208
153.5591 49.4208
153.5649 49.4208
153.5707 49.4208
153.5766 49.4208
153.5824 49.4208
153.5882 49.4208
153.5940 49.4208
153.5998 49.4208
153.6056 49.4208
153.6115 49.4208
153.6173 49.4208
153.6231 49.4208
153.6289 49.4208
153.6347 49.4208
153.6405 49.4208
153.6464 49.4208
153.6522 49.4208
153.6580 49.4208
153.6638 49.4208
153.6696 49.4208
153.6754 49.4208
153.6813 49.4208
153.6871 49.4208
153.6929 49.4208
153.6987 49.4208
153.7045 49.4208
153.7103 49.4208
153.7162 49.4208
153.7220 49.4208
153.7278 49.4208
153.7336 49.4208
153.7394 49.4208
153.7452 49.4208
153.7511 49.4208
153.7569 49.4208
153.7627 49.4208
153.7685 49.4208
153.7743 49.4208
153.7801 49.4208
153.7860 49.4208
153.7918 49.4208
153.7976 49.4208
153.8034 49.4208
153.8092 49.4208
153.8150 49.4208
153.8209 49.4208
153.8267 49.4208
153.8325 49.4208
153.8383 49.4208
153.8441 49.4208
153.8499 49.4208
153.8558 49.4208
153.8616 49.4208
153.8674 49.4208
153.8732 49.4208
153.8790 49.4208
153.8848 49.4208
153.8907 49.4208
153.8965 49.4208
153.9023 49.4208
153.9081 49.4208
153.9139 49.4208
153.9197 49.4208
153.9256 49.4208
153.9314 49.4208
153.9372 49.4208
153.9430 49.4208
153.9488 49.4208
153.9546 49.4208
153.9605 49.4208
153.9663 49.4208
153.9721 49.4208
153.9779 49.4208
153.9837 49.4208
153.9895 49.4208
153.9954 49.4208
154.0012 49.4208
154.0070 49.4208
154.0128 49.4208
154.0186 49.4208
154.0244 49.4208
154.0303 49.4208
154.0361 49.4208
154.0419 49.4208
154.0477 49.4208
154.0535 49.4208
154.0593 49.4208
154.0652 49.4208
154.0710 49.4208
154.0768 49.4208
154.0826 49.4208
154.0884 49.4208
154.0942 49.4208
154.1001 49.4208
154.1059 49.4208
154.1117 49.4208
154.1175 49.4208
154.1233 49.4208
154.1291 49.4208
154.1350 49.4208
154.1408 49.4208
154.1466 49.4208
154.1524 49.4208
154.1582 49.4208
154.1640 49.4208
154.1699 49.4208
154.1757 49.4208
154.1815 49.4208
154.1873 49.4208
154.1931 49.4208
154.1989 49.4208
154.2048 49.4208
154.2106 49.4208
154.2164 49.4208
154.2222 49.4208
154.2280 49.4208
154.2338 49.4208
154.2397 49.4208
154.2455 49.4208
154.2513 49.4208
154.2571 49.4208
154.2629 49.4208
154.2687 49.4208
154.2746 49.4208
154.2804 49.4208
154.2862 49.4208
154.2920 49.4208
154.2978 49.4208
154.3036 49.4208
154.3095 49.4208
154.3153 49.4208
154.3211 49.4208
154.3269 49.4208
154.3327 49.4208
154.3385 49.4208
154.3444 49.4208
154.3502 49.4208
154.3560 49.4208
154.3618 49.4208
154.3676 49.4208
154.3735 49.4208
154.3793 49.4208
154.3851 49.4208
154.3909 49.4208
154.3967 49.4208
154.4025 49.4208
154.4084 49.4208
154.4142 49.4208
154.4200 49.4208
154.4258 49.4208
154.4316 49.4208
154.4374 49.4208
154.4433 49.4208
154.4491 49.4208
154.4549 49.4208
154.4607 49.4208
154.4665 49.4208
154.4723 49.4208
154.4782 49.4208
154.4840 49.4208
154.4898 49.4208
154.4956 49.4208
154.5014 49.4208
154.5072 49.4208
154.5131 49.4208
154.5189 49.4208
154.5247 49.4208
154.5305 49.4208
154.5363 49.4208
154.5421 49.4208
154.5480 49.4208
154.5538 49.4208
154.5596 49.4208
154.5654 49.4208
154.5712 49.4208
154.5770 49.4208
154.5829 49.4208
154.5887 49.4208
154.5945 49.4208
154.6003 49.4208
154.6061 49.4208
154.6119 49.4208
154.6178 49.4208
154.6236 49.4208
154.6294 49.4208
154.6352 49.4208
154.6410 49.4208
154.6468 49.4208
154.6527 49.4208
154.6585 49.4208
154.6643 49.4208
154.6701 49.4208
154.6759 49.4208
154.6817 49.4208
154.6876 49.4208
154.6934 49.4208
154.6992 49.4208
154.7050 49.4208
154.7108 49.4208
154.7166 49.4208
154.7225 49.4208
154.7283 49.4208
154.7341 49.4208
154.7399 49.4208
154.7457 49.4208
154.7515 49.4208
154.7574 49.4208
154.7632 49.4208
154.7690 49.4208
154.7748 49.4208
154.7806 49.4208
154.7864 49.4208
154.7923 49.4208
154.7981 49.4208
154.8039 49.4208
154.8097 49.4208
154.8155 49.4208
154.8213 49.4208
154.8272 49.4208
154.8330 49.4208
154.8388 49.4208
154.8446 49.4208
154.8504 49.4208
154.8562 49.4208
154.8621 49.4208
154.8679 49.4208
154.8737 49.4208
154.8795 49.4208
154.8853 49.4208
154.8911 49.4208
154.8970 49.4208
154.9028 49.4208
154.9086 49.4208
154.9144 49.4208
154.9202 49.4208
154.9260 49.4208
154.9319 49.4208
154.9377 49.4208
154.9435 49.4208
154.9493 49.4208
154.9551 49.4208
154.9609 49.4208
154.9668 49.4208
154.9726 49.4208
154.9784 49.4208
154.9842 49.4208
154.9900 49.4208
154.9958 49.4208
155.0017 49.4208
155.0075 49.4208
155.0133 49.4208
155.0191 49.4208
155.0249 49.4208
155.0307 49.4208
155.0366 49.4208
155.0424 49.4208
155.0482 49.4208
155.0540 49.4208
155.0598 49.4208
155.0656 49.4208
155.0715 49.4208
155.0773 49.4208
155.0831 49.4208
155.0889 49.4208
155.0947 49.4208
155.1005 49.4208
155.1064 49.4208
155.1122 49.4208
155.1180 49.4208
155.1238 49.4208
155.1296 49.4208
155.1354 49.4208
155.1413 49.4208
155.1471 49.4208
155.1529 49.4208
155.1587 49.4208
155.1645 49.4208
155.1703 49.4208
155.1762 49.4208
155.1820 49.4208
155.1878 49.4208
155.1936 49.4208
155.1994 49.4208
155.2052 49.4208
155.2111 49.4208
155.2169 49.4208
155.2227 49.4208
155.2285 49.4208
155.2343 49.4208
155.2401 49.4208
155.2460 49.4208
155.2518 49.4208
155.2576 49.4208
155.2634 49.4208
155.2692 49.4208
155.2750 49.4208
155.2809 49.4208
155.2867 49.4208
155.2925 49.4208
155.2983 49.4208
155.3041 49.4208
155.3100 49.4208
155.3158 49.4208
155.3216 49.4208
155.3274 49.4208
155.3332 49.4208
155.3390 49.4208
155.3449 49.4208
155.3507 49.4208
155.3565 49.4208
155.3623 49.4208
155.3681 49.4208
155.3739 49.4208
155.3798 49.4208
155.3856 49.4208
155.3914 49.4208
155.3972 49.4208
155.4030 49.4208
155.4088 49.4208
155.4147 49.4208
155.4205 49.4208
155.4263 49.4208
155.4321 49.4208
155.4379 49.4208
155.4437 49.4208
155.4496 49.4208
155.4554 49.4208
155.4612 49.4208
155.4670 49.4208
155.4728 49.4208
155.4786 49.4208
155.4845 49.4208
155.4903 49.4208
155.4961 49.4208
155.5019 49.4208
155.5077 49.4208
155.5135 49.4208
155.5194 49.4208
155.5252 49.4208
155.5310 49.4208
155.5368 49.4208
155.5426 49.4208
155.5484 49.4208
155.5543 49.4208
155.5601 49.4208
155.5659 49.4208
155.5717 49.4208
155.5775 49.4208
155.5833 49.4208
155.5892 49.4208
155.5950 49.4208
155.6008 49.4208
155.6066 49.4208
155.6124 49.4208
155.6182 49.4208
155.6241 49.4208
155.6299 49.4208
155.6357 49.4208
155.6415 49.4208
155.6473 49.4208
155.6531 49.4208
155.6590 49.4208
155.6648 49.4208
155.6706 49.4208
155.6764 49.4208
155.6822 49.4208
155.6880 49.4208
155.6939 49.4208
155.6997 49.4208
155.7055 49.4208
155.7113 49.4208
155.7171 49.4208
155.7229 49.4208
155.7288 49.4208
155.7346 49.4208
155.7404 49.4208
155.7462 49.4208
155.7520 49.4208
155.7578 49.4208
155.7637 49.4208
155.7695 49.4208
155.7753 49.4208
155.7811 49.4208
155.7869 49.4208
155.7927 49.4208
155.7986 49.4208
155.8044 49.4208
155.8102 49.4208
155.8160 49.4208
155.8218 49.4208
155.8276 49.4208
155.8335 49.4208
155.8393 49.4208
155.8451 49.4208
155.8509 49.4208
155.8567 49.4208
155.8625 49.4208
155.8684 49.4208
155.8742 49.4208
155.8800 49.4208
155.8858 49.4208
155.8916 49.4208
155.8974 49.4208
155.9033 49.4208
155.9091 49.4208
155.9149 49.4208
155.9207 49.4208
155.9265 49.4208
155.9323 49.4208
155.9382 49.4208
155.9440 49.4208
155.9498 49.4208
155.9556 49.4208
155.9614 49.4208
155.9672 49.4208
155.9731 49.4208
155.9789 49.4208
155.9847 49.4208
155.9905 49.4208
155.9963 49.4208
156.0021 49.4208
156.0080 49.4208
156.0138 49.4208
156.0196 49.4208
156.0254 49.4208
156.0312 49.4208
156.0370 49.4208
156.0429 49.4208
156.0487 49.4208
156.0545 49.4208
156.0603 49.4208
156.0661 49.4208
156.0719 49.4208
156.0778 49.4208
156.0836 49.4208
156.0894 49.4208
156.0952 49.4208
156.1010 49.4208
156.1068 49.4208
156.1127 49.4208
156.1185 49.4208
156.1243 49.4208
156.1301 49.4208
156.1359 49.4208
156.1417 49.4208
156.1476 49.4208
156.1534 49.4208
156.1592 49.4208
156.1650 49.4208
156.1708 49.4208
156.1766 49.4208
156.1825 49.4208
156.1883 49.4208
156.1941 49.4208
156.1999 49.4208
156.2057 49.4208
156.2116 49.4208
156.2174 49.4208
156.2232 49.4208
156.2290 49.4208
156.2348 49.4208
156.2406 49.4208
156.2465 49.4208
156.2523 49.4208
156.2581 49.4208
156.2639 49.4208
156.2697 49.4208
156.2755 49.4208
156.2814 49.4208
156.2872 49.4208
156.2930 49.4208
156.2988 49.4208
156.3046 49.4208
156.3104 49.4208
156.3163 49.4208
156.3221 49.4208
156.3279 49.4208
156.3337 49.4208
156.3395 49.4208
156.3453 49.4208
156.3512 49.4208
156.3570 49.4208
156.3628 49.4208
156.3686 49.4208
156.3744 49.4208
156.3802 49.4208
156.3861 49.4208
156.3919 49.4208
156.3977 49.4208
156.4035 49.4208
156.4093 49.4208
156.4151 49.4208
156.4210 49.4208
156.4268 49.4208
156.4326 49.4208
156.4384 49.4208
156.4442 49.4208
156.4500 49.4208
156.4559 49.4208
156.4617 49.4208
156.4675 49.4208
156.4733 49.4208
156.4791 49.4208
156.4849 49.4208
156.4908 49.4208
156.4966 49.4208
156.5024 49.4208
156.5082 49.4208
156.5140 49.4208
156.5198 49.4208
156.5257 49.4208
156.5315 49.4208
156.5373 49.4208
156.5431 49.4208
156.5489 49.4208
156.5547 49.4208
156.5606 49.4208
156.5664 49.4208
156.5722 49.4208
156.5780 49.4208
156.5838 49.4208
156.5896 49.4208
156.5955 49.4208
156.6013 49.4208
156.6071 49.4208
156.6129 49.4208
156.6187 49.4208
156.6245 49.4208
156.6304 49.4208
156.6362 49.4208
156.6420 49.4208
156.6478 49.4208
156.6536 49.4208
156.6594 49.4208
156.6653 49.4208
156.6711 49.4208
156.6769 49.4208
156.6827 49.4208
156.6885 49.4208
156.6943 49.4208
156.7002 49.4208
156.7060 49.4208
156.7118 49.4208
156.7176 49.4208
156.7234 49.4208
156.7292 49.4208
156.7351 49.4208
156.7409 49.4208
156.7467 49.4208
156.7525 49.4208
156.7583 49.4208
156.7641 49.4208
156.7700 49.4208
156.7758 49.4208
156.7816 49.4208
156.7874 49.4208
156.7932 49.4208
156.7990 49.4208
156.8049 49.4208
156.8107 49.4208
156.8165 49.4208
156.8223 49.4208
156.8281 49.4208
156.8339 49.4208
156.8398 49.4208
156.8456 49.4208
156.8514 49.4208
156.8572 49.4208
156.8630 49.4208
156.8688 49.4208
156.8747 49.4208
156.8805 49.4208
156.8863 49.4208
156.8921 49.4208
156.8979 49.4208
156.9037 49.4208
156.9096 49.4208
156.9154 49.4208
156.9212 49.4208
156.9270 49.4208
156.9328 49.4208
156.9386 49.4208
156.9445 49.4208
156.9503 49.4208
156.9561 49.4208
156.9619 49.4208
156.9677 49.4208
156.9735 49.4208
156.9794 49.4208
156.9852 49.4208
156.9910 49.4208
156.9968 49.4208
157.0026 49.4208
157.0084 49.4208
157.0143 49.4208
157.0201 49.4208
157.0259 49.4208
157.0317 49.4208
157.0375 49.4208
157.0433 49.4208
157.0492 49.4208
157.0550 49.4208
157.0608 49.4208
157.0666 49.4208
157.0724 49.4208
157.0782 49.4208
157.0841 49.4208
157.0899 49.4208
157.0957 49.4208
157.1015 49.4208
157.1073 49.4208
157.1131 49.4208
157.1190 49.4208
157.1248 49.4208
157.1306 49.4208
157.1364 49.4208
157.1422 49.4208
157.1481 49.4208
157.1539 49.4208
157.1597 49.4208
157.1655 49.4208
157.1713 49.4208
157.1771 49.4208
157.1830 49.4208
157.1888 49.4208
157.1946 49.4208
157.2004 49.4208
157.2062 49.4208
157.2120 49.4208
157.2179 49.4208
157.2237 49.4208
157.2295 49.4208
157.2353 49.4208
157.2411 49.4208
157.2469 49.4208
157.2528 49.4208
157.2586 49.4208
157.2644 49.4208
157.2702 49.4208
157.2760 49.4208
157.2818 49.4208
157.2877 49.4208
157.2935 49.4208
157.2993 49.4208
157.3051 49.4208
157.3109 49.4208
157.3167 49.4208
157.3226 49.4208
157.3284 49.4208
157.3342 49.4208
157.3400 49.4208
157.3458 49.4208
157.3516 49.4208
157.3575 49.4208
157.3633 49.4208
157.3691 49.4208
157.3749 49.4208
157.3807 49.4208
157.3865 49.4208
157.3924 49.4208
157.3982 49.4208
157.4040 49.4208
157.4098 49.4208
157.4156 49.4208
157.4214 49.4208
157.4273 49.4208
157.4331 49.4208
157.4389 49.4208
157.4447 49.4208
157.4505 49.4208
157.4563 49.4208
157.4622 49.4208
157.4680 49.4208
157.4738 49.4208
157.4796 49.4208
157.4854 49.4208
157.4912 49.4208
157.4971 49.4208
157.5029 49.4208
157.5087 49.4208
157.5145 49.4208
157.5203 49.4208
157.5261 49.4208
157.5320 49.4208
157.5378 49.4208
157.5436 49.4208
157.5494 49.4208
157.5552 49.4208
157.5610 49.4208
157.5669 49.4208
157.5727 49.4208
157.5785 49.4208
157.5843 49.4208
157.5901 49.4208
157.5959 49.4208
157.6018 49.4208
157.6076 49.4208
157.6134 49.4208
157.6192 49.4208
157.6250 49.4208
157.6308 49.4208
157.6367 49.4208
157.6425 49.4208
157.6483 49.4208
157.6541 49.4208
157.6599 49.4208
157.6657 49.4208
157.6716 49.4208
157.6774 49.4208
157.6832 49.4208
157.6890 49.4208
157.6948 49.4208
157.7006 49.4208
157.7065 49.4208
157.7123 49.4208
157.7181 49.4208
157.7239 49.4208
157.7297 49.4208
157.7355 49.4208
157.7414 49.4208
157.7472 49.4208
157.7530 49.4208
157.7588 49.4208
157.7646 49.4208
157.7704 49.4208
157.7763 49.4208
157.7821 49.4208
157.7879 49.4208
157.7937 49.4208
157.7995 49.4208
157.8053 49.4208
157.8112 49.4208
157.8170 49.4208
157.8228 49.4208
157.8286 49.4208
157.8344 49.4208
157.8402 49.4208
157.8461 49.4208
157.8519 49.4208
157.8577 49.4208
157.8635 49.4208
157.8693 49.4208
157.8751 49.4208
157.8810 49.4208
157.8868 49.4208
157.8926 49.4208
157.8984 49.4208
157.9042 49.4208
157.9100 49.4208
157.9159 49.4208
157.9217 49.4208
157.9275 49.4208
157.9333 49.4208
157.9391 49.4208
157.9449 49.4208
157.9508 49.4208
157.9566 49.4208
157.9624 49.4208
157.9682 49.4208
157.9740 49.4208
157.9798 49.4208
157.9857 49.4208
157.9915 49.4208
157.9973 49.4208
158.0031 49.4208
158.0089 49.4208
158.0147 49.4208
158.0206 49.4208
158.0264 49.4208
158.0322 49.4208
158.0380 49.4208
158.0438 49.4208
158.0497 49.4208
158.0555 49.4208
158.0613 49.4208
158.0671 49.4208
158.0729 49.4208
158.0787 49.4208
158.0846 49.4208
158.0904 49.4208
158.0962 49.4208
158.1020 49.4208
158.1078 49.4208
158.1136 49.4208
158.1195 49.4208
158.1253 49.4208
158.1311 49.4208
158.1369 49.4208
158.1427 49.4208
158.1485 49.4208
158.1544 49.4208
158.1602 49.4208
158.1660 49.4208
158.1718 49.4208
158.1776 49.4208
158.1834 49.4208
158.1893 49.4208
158.1951 49.4208
158.2009 49.4208
158.2067 49.4208
158.2125 49.4208
158.2183 49.4208
158.2242 49.4208
158.2300 49.4208
158.2358 49.4208
158.2416 49.4208
158.2474 49.4208
158.2532 49.4208
158.2591 49.4208
158.2649 49.4208
158.2707 49.4208
158.2765 49.4208
158.2823 49.4208
158.2881 49.4208
158.2940 49.4208
158.2998 49.4208
158.3056 49.4208
158.3114 49.4208
158.3172 49.4208
158.3230 49.4208
158.3289 49.4208
158.3347 49.4208
158.3405 49.4208
158.3463 49.4208
158.3521 49.4208
158.3579 49.4208
158.3638 49.4208
158.3696 49.4208
158.3754 49.4208
158.3812 49.4208
158.3870 49.4208
158.3928 49.4208
158.3987 49.4208
158.4045 49.4208
158.4103 49.4208
158.4161 49.4208
158.4219 49.4208
158.4277 49.4208
158.4336 49.4208
158.4394 49.4208
158.4452 49.4208
158.4510 49.4208
158.4568 49.4208
158.4626 49.4208
158.4685 49.4208
158.4743 49.4208
158.4801 49.4208
158.4859 49.4208
158.4917 49.4208
158.4975 49.4208
158.5034 49.4208
158.5092 49.4208
158.5150 49.4208
158.5208 49.4208
158.5266 49.4208
158.5324 49.4208
158.5383 49.4208
158.5441 49.4208
158.5499 49.4208
158.5557 49.4208
158.5615 49.4208
158.5673 49.4208
158.5732 49.4208
158.5790 49.4208
158.5848 49.4208
158.5906 49.4208
158.5964 49.4208
158.6022 49.4208
158.6081 49.4208
158.6139 49.4208
158.6197 49.4208
158.6255 49.4208
158.6313 49.4208
158.6371 49.4208
158.6430 49.4208
158.6488 49.4208
158.6546 49.4208
158.6604 49.4208
158.6662 49.4208
158.6720 49.4208
158.6779 49.4208
158.6837 49.4208
158.6895 49.4208
158.6953 49.4208
158.7011 49.4208
158.7069 49.4208
158.7128 49.4208
158.7186 49.4208
158.7244 49.4208
158.7302 49.4208
158.7360 49.4208
158.7418 49.4208
158.7477 49.4208
158.7535 49.4208
158.7593 49.4208
158.7651 49.4208
158.7709 49.4208
158.7767 49.4208
158.7826 49.4208
158.7884 49.4208
158.7942 49.4208
158.8000 49.4208
158.8058 49.4208
158.8116 49.4208
158.8175 49.4208
158.8233 49.4208
158.8291 49.4208
158.8349 49.4208
158.8407 49.4208
158.8465 49.4208
158.8524 49.4208
158.8582 49.4208
158.8640 49.4208
158.8698 49.4208
158.8756 49.4208
158.8814 49.4208
158.8873 49.4208
158.8931 49.4208
158.8989 49.4208
158.9047 49.4208
158.9105 49.4208
158.9163 49.4208
158.9222 49.4208
158.9280 49.4208
158.9338 49.4208
158.9396 49.4208
158.9454 49.4208
158.9512 49.4208
158.9571 49.4208
158.9629 49.4208
158.9687 49.4208
158.9745 49.4208
158.9803 49.4208
158.9862 49.4208
158.9920 49.4208
158.9978 49.4208
159.0036 49.4208
159.0094 49.4208
159.0152 49.4208
159.0211 49.4208
159.0269 49.4208
159.0327 49.4208
159.0385 49.4208
159.0443 49.4208
159.0501 49.4208
159.0560 49.4208
159.0618 49.4208
159.0676 49.4208
159.0734 49.4208
159.0792 49.4208
159.0850 49.4208
159.0909 49.4208
159.0967 49.4208
159.1025 49.4208
159.1083 49.4208
159.1141 49.4208
159.1199 49.4208
159.1258 49.4208
159.1316 49.4208
159.1374 49.4208
159.1432 49.4208
159.1490 49.4208
159.1548 49.4208
159.1607 49.4208
159.1665 49.4208
159.1723 49.4208
159.1781 49.4208
159.1839 49.4208
159.1897 49.4208
159.1956 49.4208
159.2014 49.4208
159.2072 49.4208
159.2130 49.4208
159.2188 49.4208
159.2246 49.4208
159.2305 49.4208
159.2363 49.4208
159.2421 49.4208
159.2479 49.4208
159.2537 49.4208
159.2595 49.4208
159.2654 49.4208
159.2712 49.4208
159.2770 49.4208
159.2828 49.4208
159.2886 49.4208
159.2944 49.4208
159.3003 49.4208
159.3061 49.4208
159.3119 49.4208
159.3177 49.4208
159.3235 49.4208
159.3293 49.4208
159.3352 49.4208
159.3410 49.4208
159.3468 49.4208
159.3526 49.4208
159.3584 49.4208
159.3642 49.4208
159.3701 49.4208
159.3759 49.4208
159.3817 49.4208
159.3875 49.4208
159.3933 49.4208
159.3991 49.4208
159.4050 49.4208
159.4108 49.4208
159.4166 49.4208
159.4224 49.4208
159.4282 49.4208
159.4340 49.4208
159.4399 49.4208
159.4457 49.4208
159.4515 49.4208
159.4573 49.4208
159.4631 49.4208
159.4689 49.4208
159.4748 49.4208
159.4806 49.4208
159.4864 49.4208
159.4922 49.4208
159.4980 49.4208
159.5038 49.4208
159.5097 49.4208
159.5155 49.4208
159.5213 49.4208
159.5271 49.4208
159.5329 49.4208
159.5387 49.4208
159.5446 49.4208
159.5504 49.4208
159.5562 49.4208
159.5620 49.4208
159.5678 49.4208
159.5736 49.4208
159.5795 49.4208
159.5853 49.4208
159.5911 49.4208
159.5969 49.4208
159.6027 49.4208
159.6085 49.4208
159.6144 49.4208
159.6202 49.4208
159.6260 49.4208
159.6318 49.4208
159.6376 49.4208
159.6434 49.4208
159.6493 49.4208
159.6551 49.4208
159.6609 49.4208
159.6667 49.4208
159.6725 49.4208
159.6783 49.4208
159.6842 49.4208
159.6900 49.4208
159.6958 49.4208
159.7016 49.4208
159.7074 49.4208
159.7132 49.4208
159.7191 49.4208
159.7249 49.4208
159.7307 49.4208
159.7365 49.4208
159.7423 49.4208
159.7481 49.4208
159.7540 49.4208
159.7598 49.4208
159.7656 49.4208
159.7714 49.4208
159.7772 49.4208
159.7830 49.4208
159.7889 49.4208
159.7947 49.4208
159.8005 49.4208
159.8063 49.4208
159.8121 49.4208
159.8179 49.4208
159.8238 49.4208
159.8296 49.4208
159.8354 49.4208
159.8412 49.4208
159.8470 49.4208
159.8528 49.4208
159.8587 49.4208
159.8645 49.4208
159.8703 49.4208
159.8761 49.4208
159.8819 49.4208
159.8877 49.4208
159.8936 49.4208
159.8994 49.4208
159.9052 49.4208
159.9110 49.4208
159.9168 49.4208
159.9227 49.4208
159.9285 49.4208
159.9343 49.4208
159.9401 49.4208
159.9459 49.4208
159.9517 49.4208
159.9576 49.4208
159.9634 49.4208
159.9692 49.4208
159.9750 49.4208
159.9808 49.4208
159.9866 49.4208
159.9925 49.4208
159.9983 49.4208
160.0041 49.4208
160.0099 49.4208
160.0157 49.4208
160.0215 49.4208
160.0274 49.4208
160.0332 49.4208
160.0390 49.4208
160.0448 49.4208
160.0506 49.4208
160.0564 49.4208
160.0623 49.4208
160.0681 49.4208
160.0739 49.4208
160.0797 49.4208
160.0855 49.4208
160.0913 49.4208
160.0972 49.4208
160.1030 49.4208
160.1088 49.4208
160.1146 49.4208
160.1204 49.4208
160.1262 49.4208
160.1321 49.4208
160.1379 49.4208
160.1437 49.4208
160.1495 49.4208
160.1553 49.4208
160.1611 49.4208
160.1670 49.4208
160.1728 49.4208
160.1786 49.4208
160.1844 49.4208
160.1902 49.4208
160.1960 49.4208
160.2019 49.4208
160.2077 49.4208
160.2135 49.4208
160.2193 49.4208
160.2251 49.4208
160.2309 49.4208
160.2368 49.4208
160.2426 49.4208
160.2484 49.4208
160.2542 49.4208
160.2600 49.4208
160.2658 49.4208
160.2717 49.4208
160.2775 49.4208
160.2833 49.4208
160.2891 49.4208
160.2949 49.4208
160.3007 49.4208
160.3066 49.4208
160.3124 49.4208
160.3182 49.4208
160.3240 49.4208
160.3298 49.4208
160.3356 49.4208
160.3415 49.4208
160.3473 49.4208
160.3531 49.4208
160.3589 49.4208
160.3647 49.4208
160.3705 49.4208
160.3764 49.4208
160.3822 49.4208
160.3880 49.4208
160.3938 49.4208
160.3996 49.4208
160.4054 49.4208
160.4113 49.4208
160.4171 49.4208
160.4229 49.4208
160.4287 49.4208
160.4345 49.4208
160.4403 49.4208
160.4462 49.4208
160.4520 49.4208
160.4578 49.4208
160.4636 49.4208
160.4694 49.4208
160.4752 49.4208
160.4811 49.4208
160.4869 49.4208
160.4927 49.4208
160.4985 49.4208
160.5043 49.4208
160.5101 49.4208
160.5160 49.4208
160.5218 49.4208
160.5276 49.4208
160.5334 49.4208
160.5392 49.4208
160.5450 49.4208
160.5509 49.4208
160.5567 49.4208
160.5625 49.4208
160.5683 49.4208
160.5741 49.4208
160.5799 49.4208
160.5858 49.4208
160.5916 49.4208
160.5974 49.4208
160.6032 49.4208
160.6090 49.4208
160.6148 49.4208
160.6207 49.4208
160.6265 49.4208
160.6323 49.4208
160.6381 49.4208
160.6439 49.4208
160.6497 49.4208
160.6556 49.4208
160.6614 49.4208
160.6672 49.4208
160.6730 49.4208
160.6788 49.4208
160.6846 49.4208
160.6905 49.4208
160.6963 49.4208
160.7021 49.4208
160.7079 49.4208
160.7137 49.4208
160.7195 49.4208
160.7254 49.4208
160.7312 49.4208
160.7370 49.4208
160.7428 49.4208
160.7486 49.4208
160.7544 49.4208
160.7603 49.4208
160.7661 49.4208
160.7719 49.4208
160.7777 49.4208
160.7835 49.4208
160.7893 49.4208
160.7952 49.4208
160.8010 49.4208
160.8068 49.4208
160.8126 49.4208
160.8184 49.4208
160.8243 49.4208
160.8301 49.4208
160.8359 49.4208
160.8417 49.4208
160.8475 49.4208
160.8533 49.4208
160.8592 49.4208
160.8650 49.4208
160.8708 49.4208
160.8766 49.4208
160.8824 49.4208
160.8882 49.4208
160.8941 49.4208
160.8999 49.4208
160.9057 49.4208
160.9115 49.4208
160.9173 49.4208
160.9231 49.4208
160.9290 49.4208
160.9348 49.4208
160.9406 49.4208
160.9464 49.4208
160.9522 49.4208
160.9580 49.4208
160.9639 49.4208
160.9697 49.4208
160.9755 49.4208
160.9813 49.4208
160.9871 49.4208
160.9929 49.4208
160.9988 49.4208
161.0046 49.4208
161.0104 49.4208
161.0162 49.4208
161.0220 49.4208
161.0278 49.4208
161.0337 49.4208
161.0395 49.4208
161.0453 49.4208
161.0511 49.4208
161.0569 49.4208
161.0627 49.4208
161.0686 49.4208
161.0744 49.4208
161.0802 49.4208
161.0860 49.4208
161.0918 49.4208
161.0976 49.4208
161.1035 49.4208
161.1093 49.4208
161.1151 49.4208
161.1209 49.4208
161.1267 49.4208
161.1325 49.4208
161.1384 49.4208
161.1442 49.4208
161.1500 49.4208
161.1558 49.4208
161.1616 49.4208
161.1674 49.4208
161.1733 49.4208
161.1791 49.4208
161.1849 49.4208
161.1907 49.4208
161.1965 49.4208
161.2023 49.4208
161.2082 49.4208
161.2140 49.4208
161.2198 49.4208
161.2256 49.4208
161.2314 49.4208
161.2372 49.4208
161.2431 49.4208
161.2489 49.4208
161.2547 49.4208
161.2605 49.4208
161.2663 49.4208
161.2721 49.4208
161.2780 49.4208
161.2838 49.4208
161.2896 49.4208
161.2954 49.4208
161.3012 49.4208
161.3070 49.4208
161.3129 49.4208
161.3187 49.4208
161.3245 49.4208
161.3303 49.4208
161.3361 49.4208
161.3419 49.4208
161.3478 49.4208
161.3536 49.4208
161.3594 49.4208
161.3652 49.4208
161.3710 49.4208
161.3768 49.4208
161.3827 49.4208
161.3885 49.4208
161.3943 49.4208
161.4001 49.4208
161.4059 49.4208
161.4117 49.4208
161.4176 49.4208
161.4234 49.4208
161.4292 49.4208
161.4350 49.4208
161.4408 49.4208
161.4466 49.4208
161.4525 49.4208
161.4583 49.4208
161.4641 49.4208
161.4699 49.4208
161.4757 49.4208
161.4815 49.4208
161.4874 49.4208
161.4932 49.4208
161.4990 49.4208
161.5048 49.4208
161.5106 49.4208
161.5164 49.4208
161.5223 49.4208
161.5281 49.4208
161.5339 49.4208
161.5397 49.4208
161.5455 49.4208
161.5513 49.4208
161.5572 49.4208
161.5630 49.4208
161.5688 49.4208
161.5746 49.4208
161.5804 49.4208
161.5862 49.4208
161.5921 49.4208
161.5979 49.4208
161.6037 49.4208
161.6095 49.4208
161.6153 49.4208
161.6211 49.4208
161.6270 49.4208
161.6328 49.4208
161.6386 49.4208
161.6444 49.4208
161.6502 49.4208
161.6560 49.4208
161.6619 49.4208
161.6677 49.4208
161.6735 49.4208
161.6793 49.4208
161.6851 49.4208
161.6909 49.4208
161.6968 49.4208
161.7026 49.4208
161.7084 49.4208
161.7142 49.4208
161.7200 49.4208
161.7258 49.4208
161.7317 49.4208
161.7375 49.4208
161.7433 49.4208
161.7491 49.4208
161.7549 49.4208
161.7608 49.4208
161.7666 49.4208
161.7724 49.4208
161.7782 49.4208
161.7840 49.4208
161.7898 49.4208
161.7957 49.4208
161.8015 49.4208
161.8073 49.4208
161.8131 49.4208
161.8189 49.4208
161.8247 49.4208
161.8306 49.4208
161.8364 49.4208
161.8422 49.4208
161.8480 49.4208
161.8538 49.4208
161.8596 49.4208
161.8655 49.4208
161.8713 49.4208
161.8771 49.4208
161.8829 49.4208
161.8887 49.4208
161.8945 49.4208
161.9004 49.4208
161.9062 49.4208
161.9120 49.4208
161.9178 49.4208
161.9236 49.4208
161.9294 49.4208
161.9353 49.4208
161.9411 49.4208
161.9469 49.4208
161.9527 49.4208
161.9585 49.4208
161.9643 49.4208
161.9702 49.4208
161.9760 49.4208
161.9818 49.4208
161.9876 49.4208
161.9934 49.4208
161.9992 49.4208
162.0051 49.4208
162.0109 49.4208
162.0167 49.4208
162.0225 49.4208
162.0283 49.4208
162.0341 49.4208
162.0400 49.4208
162.0458 49.4208
162.0516 49.4208
162.0574 49.4208
162.0632 49.4208
162.0690 49.4208
162.0749 49.4208
162.0807 49.4208
162.0865 49.4208
162.0923 49.4208
162.0981 49.4208
162.1039 49.4208
162.1098 49.4208
162.1156 49.4208
162.1214 49.4208
162.1272 49.4208
162.1330 49.4208
162.1388 49.4208
162.1447 49.4208
162.1505 49.4208
162.1563 49.4208
162.1621 49.4208
162.1679 49.4208
162.1737 49.4208
162.1796 49.4208
162.1854 49.4208
162.1912 49.4208
162.1970 49.4208
162.2028 49.4208
162.2086 49.4208
162.2145 49.4208
162.2203 49.4208
162.2261 49.4208
162.2319 49.4208
162.2377 49.4208
162.2435 49.4208
162.2494 49.4208
162.2552 49.4208
162.2610 49.4208
162.2668 49.4208
162.2726 49.4208
162.2784 49.4208
162.2843 49.4208
162.2901 49.4208
162.2959 49.4208
162.3017 49.4208
162.3075 49.4208
162.3133 49.4208
162.3192 49.4208
162.3250 49.4208
162.3308 49.4208
162.3366 49.4208
162.3424 49.4208
162.3482 49.4208
162.3541 49.4208
162.3599 49.4208
162.3657 49.4208
162.3715 49.4208
162.3773 49.4208
162.3831 49.4208
162.3890 49.4208
162.3948 49.4208
162.4006 49.4208
162.4064 49.4208
162.4122 49.4208
162.4180 49.4208
162.4239 49.4208
162.4297 49.4208
162.4355 49.4208
162.4413 49.4208
162.4471 49.4208
162.4529 49.4208
162.4588 49.4208
162.4646 49.4208
162.4704 49.4208
162.4762 49.4208
162.4820 49.4208
162.4878 49.4208
162.4937 49.4208
162.4995 49.4208
162.5053 49.4208
162.5111 49.4208
162.5169 49.4208
162.5227 49.4208
162.5286 49.4208
162.5344 49.4208
162.5402 49.4208
162.5460 49.4208
162.5518 49.4208
162.5576 49.4208
162.5635 49.4208
162.5693 49.4208
162.5751 49.4208
162.5809 49.4208
162.5867 49.4208
162.5925 49.4208
162.5984 49.4208
162.6042 49.4208
162.6100 49.4208
162.6158 49.4208
162.6216 49.4208
162.6274 49.4208
162.6333 49.4208
162.6391 49.4208
162.6449 49.4208
162.6507 49.4208
162.6565 49.4208
162.6623 49.4208
162.6682 49.4208
162.6740 49.4208
162.6798 49.4208
162.6856 49.4208
162.6914 49.4208
162.6973 49.4208
162.7031 49.4208
162.7089 49.4208
162.7147 49.4208
162.7205 49.4208
162.7263 49.4208
162.7322 49.4208
162.7380 49.4208
162.7438 49.4208
162.7496 49.4208
162.7554 49.4208
162.7612 49.4208
162.7671 49.4208
162.7729 49.4208
162.7787 49.4208
162.7845 49.4208
162.7903 49.4208
162.7961 49.4208
162.8020 49.4208
162.8078 49.4208
162.8136 49.4208
162.8194 49.4208
162.8252 49.4208
162.8310 49.4208
162.8369 49.4208
162.8427 49.4208
162.8485 49.4208
162.8543 49.4208
162.8601 49.4208
162.8659 49.4208
162.8718 49.4208
162.8776 49.4208
162.8834 49.4208
162.8892 49.4208
162.8950 49.4208
162.9008 49.4208
162.9067 49.4208
162.9125 49.4208
162.9183 49.4208
162.9241 49.4208
162.9299 49.4208
162.9357 49.4208
162.9416 49.4208
162.9474 49.4208
162.9532 49.4208
162.9590 49.4208
162.9648 49.4208
162.9706 49.4208
162.9765 49.4208
162.9823 49.4208
162.9881 49.4208
162.9939 49.4208
162.9997 49.4208
163.0055 49.4208
163.0114 49.4208
163.0172 49.4208
163.0230 49.4208
163.0288 49.4208
163.0346 49.4208
163.0404 49.4208
163.0463 49.4208
163.0521 49.4208
163.0579 49.4208
163.0637 49.4208
163.0695 49.4208
163.0753 49.4208
163.0812 49.4208
163.0870 49.4208
163.0928 49.4208
163.0986 49.4208
163.1044 49.4208
163.1102 49.4208
163.1161 49.4208
163.1219 49.4208
163.1277 49.4208
163.1335 49.4208
163.1393 49.4208
163.1451 49.4208
163.1510 49.4208
163.1568 49.4208
163.1626 49.4208
163.1684 49.4208
163.1742 49.4208
163.1800 49.4208
163.1859 49.4208
163.1917 49.4208
163.1975 49.4208
163.2033 49.4208
163.2091 49.4208
163.2149 49.4208
163.2208 49.4208
163.2266 49.4208
163.2324 49.4208
163.2382 49.4208
163.2440 49.4208
163.2498 49.4208
163.2557 49.4208
163.2615 49.4208
163.2673 49.4208
163.2731 49.4208
163.2789 49.4208
163.2847 49.4208
163.2906 49.4208
163.2964 49.4208
163.3022 49.4208
163.3080 49.4208
163.3138 49.4208
163.3196 49.4208
163.3255 49.4208
163.3313 49.4208
163.3371 49.4208
163.3429 49.4208
163.3487 49.4208
163.3545 49.4208
163.3604 49.4208
163.3662 49.4208
163.3720 49.4208
163.3778 49.4208
163.3836 49.4208
163.3894 49.4208
163.3953 49.4208
163.4011 49.4208
163.4069 49.4208
163.4127 49.4208
163.4185 49.4208
163.4243 49.4208
163.4302 49.4208
163.4360 49.4208
163.4418 49.4208
163.4476 49.4208
163.4534 49.4208
163.4592 49.4208
163.4651 49.4208
163.4709 49.4208
163.4767 49.4208
163.4825 49.4208
163.4883 49.4208
163.4941 49.4208
163.5000 49.4208
163.5058 49.4208
163.5116 49.4208
163.5174 49.4208
163.5232 49.4208
163.5290 49.4208
163.5349 49.4208
163.5407 49.4208
163.5465 49.4208
163.5523 49.4208
163.5581 49.4208
163.5639 49.4208
163.5698 49.4208
163.5756 49.4208
163.5814 49.4208
163.5872 49.4208
163.5930 49.4208
163.5989 49.4208
163.6047 49.4208
163.6105 49.4208
163.6163 49.4208
163.6221 49.4208
163.6279 49.4208
163.6338 49.4208
163.6396 49.4208
163.6454 49.4208
163.6512 49.4208
163.6570 49.4208
163.6628 49.4208
163.6687 49.4208
163.6745 49.4208
163.6803 49.4208
163.6861 49.4208
163.6919 49.4208
163.6977 49.4208
163.7036 49.4208
163.7094 49.4208
163.7152 49.4208
163.7210 49.4208
163.7268 49.4208
163.7326 49.4208
163.7385 49.4208
163.7443 49.4208
163.7501 49.4208
163.7559 49.4208
163.7617 49.4208
163.7675 49.4208
163.7734 49.4208
163.7792 49.4208
163.7850 49.4208
163.7908 49.4208
163.7966 49.4208
163.8024 49.4208
163.8083 49.4208
163.8141 49.4208
163.8199 49.4208
163.8257 49.4208
163.8315 49.4208
163.8373 49.4208
163.8432 49.4208
163.8490 49.4208
163.8548 49.4208
163.8606 49.4208
163.8664 49.4208
163.8722 49.4208
163.8781 49.4208
163.8839 49.4208
163.8897 49.4208
163.8955 49.4208
163.9013 49.4208
163.9071 49.4208
163.9130 49.4208
163.9188 49.4208
163.9246 49.4208
163.9304 49.4208
163.9362 49.4208
163.9420 49.4208
163.9479 49.4208
163.9537 49.4208
163.9595 49.4208
163.9653 49.4208
163.9711 49.4208
163.9769 49.4208
163.9828 49.4208
163.9886 49.4208
163.9944 49.4208
164.0002 49.4208
164.0060 49.4208
164.0118 49.4208
164.0177 49.4208
164.0235 49.4208
164.0293 49.4208
164.0351 49.4208
164.0409 49.4208
164.0467 49.4208
164.0526 49.4208
164.0584 49.4208
164.0642 49.4208
164.0700 49.4208
164.0758 49.4208
164.0816 49.4208
164.0875 49.4208
164.0933 49.4208
164.0991 49.4208
164.1049 49.4208
164.1107 49.4208
164.1165 49.4208
164.1224 49.4208
164.1282 49.4208
164.1340 49.4208
164.1398 49.4208
164.1456 49.4208
164.1514 49.4208
164.1573 49.4208
164.1631 49.4208
164.1689 49.4208
164.1747 49.4208
164.1805 49.4208
164.1863 49.4208
164.1922 49.4208
164.1980 49.4208
164.2038 49.4208
164.2096 49.4208
164.2154 49.4208
164.2212 49.4208
164.2271 49.4208
164.2329 49.4208
164.2387 49.4208
164.2445 49.4208
164.2503 49.4208
164.2561 49.4208
164.2620 49.4208
164.2678 49.4208
164.2736 49.4208
164.2794 49.4208
164.2852 49.4208
164.2910 49.4208
164.2969 49.4208
164.3027 49.4208
164.3085 49.4208
164.3143 49.4208
164.3201 49.4208
164.3259 49.4208
164.3318 49.4208
164.3376 49.4208
164.3434 49.4208
164.3492 49.4208
164.3550 49.4208
164.3608 49.4208
164.3667 49.4208
164.3725 49.4208
164.3783 49.4208
164.3841 49.4208
164.3899 49.4208
164.3957 49.4208
164.4016 49.4208
164.4074 49.4208
164.4132 49.4208
164.4190 49.4208
164.4248 49.4208
164.4306 49.4208
164.4365 49.4208
164.4423 49.4208
164.4481 49.4208
164.4539 49.4208
164.4597 49.4208
164.4655 49.4208
164.4714 49.4208
164.4772 49.4208
164.4830 49.4208
164.4888 49.4208
164.4946 49.4208
164.5004 49.4208
164.5063 49.4208
164.5121 49.4208
164.5179 49.4208
164.5237 49.4208
164.5295 49.4208
164.5354 49.4208
164.5412 49.4208
164.5470 49.4208
164.5528 49.4208
164.5586 49.4208
164.5644 49.4208
164.5703 49.4208
164.5761 49.4208
164.5819 49.4208
164.5877 49.4208
164.5935 49.4208
164.5993 49.4208
164.6052 49.4208
164.6110 49.4208
164.6168 49.4208
164.6226 49.4208
164.6284 49.4208
164.6342 49.4208
164.6401 49.4208
164.6459 49.4208
164.6517 49.4208
164.6575 49.4208
164.6633 49.4208
164.6691 49.4208
164.6750 49.4208
164.6808 49.4208
164.6866 49.4208
164.6924 49.4208
164.6982 49.4208
164.7040 49.4208
164.7099 49.4208
164.7157 49.4208
164.7215 49.4208
164.7273 49.4208
164.7331 49.4208
164.7389 49.4208
164.7448 49.4208
164.7506 49.4208
164.7564 49.4208
164.7622 49.4208
164.7680 49.4208
164.7738 49.4208
164.7797 49.4208
164.7855 49.4208
164.7913 49.4208
164.7971 49.4208
164.8029 49.4208
164.8087 49.4208
164.8146 49.4208
164.8204 49.4208
164.8262 49.4208
164.8320 49.4208
164.8378 49.4208
164.8436 49.4208
164.8495 49.4208
164.8553 49.4208
164.8611 49.4208
164.8669 49.4208
164.8727 49.4208
164.8785 49.4208
164.8844 49.4208
164.8902 49.4208
164.8960 49.4208
164.9018 49.4208
164.9076 49.4208
164.9134 49.4208
164.9193 49.4208
164.9251 49.4208
164.9309 49.4208
164.9367 49.4208
164.9425 49.4208
164.9483 49.4208
164.9542 49.4208
164.9600 49.4208
164.9658 49.4208
164.9716 49.4208
164.9774 49.4208
164.9832 49.4208
164.9891 49.4208
164.9949 49.4208
165.0007 49.4208
165.0065 49.4208
165.0123 49.4208
165.0181 49.4208
165.0240 49.4208
165.0298 49.4208
165.0356 49.4208
165.0414 49.4208
165.0472 49.4208
165.0530 49.4208
165.0589 49.4208
165.0647 49.4208
165.0705 49.4208
165.0763 49.4208
165.0821 49.4208
165.0879 49.4208
165.0938 49.4208
165.0996 49.4208
165.1054 49.4208
165.1112 49.4208
165.1170 49.4208
165.1228 49.4208
165.1287 49.4208
165.1345 49.4208
165.1403 49.4208
165.1461 49.4208
165.1519 49.4208
165.1577 49.4208
165.1636 49.4208
165.1694 49.4208
165.1752 49.4208
165.1810 49.4208
165.1868 49.4208
165.1926 49.4208
165.1985 49.4208
165.2043 49.4208
165.2101 49.4208
165.2159 49.4208
165.2217 49.4208
165.2275 49.4208
165.2334 49.4208
165.2392 49.4208
165.2450 49.4208
165.2508 49.4208
165.2566 49.4208
165.2624 49.4208
165.2683 49.4208
165.2741 49.4208
165.2799 49.4208
165.2857 49.4208
165.2915 49.4208
165.2973 49.4208
165.3032 49.4208
165.3090 49.4208
165.3148 49.4208
165.3206 49.4208
165.3264 49.4208
165.3322 49.4208
165.3381 49.4208
165.3439 49.4208
165.3497 49.4208
165.3555 49.4208
165.3613 49.4208
165.3671 49.4208
165.3730 49.4208
165.3788 49.4208
165.3846 49.4208
165.3904 49.4208
165.3962 49.4208
165.4020 49.4208
165.4079 49.4208
165.4137 49.4208
165.4195 49.4208
165.4253 49.4208
165.4311 49.4208
165.4370 49.4208
165.4428 49.4208
165.4486 49.4208
165.4544 49.4208
165.4602 49.4208
165.4660 49.4208
165.4719 49.4208
165.4777 49.4208
165.4835 49.4208
165.4893 49.4208
165.4951 49.4208
165.5009 49.4208
165.5068 49.4208
165.5126 49.4208
165.5184 49.4208
165.5242 49.4208
165.5300 49.4208
165.5358 49.4208
165.5417 49.4208
165.5475 49.4208
165.5533 49.4208
165.5591 49.4208
165.5649 49.4208
165.5707 49.4208
165.5766 49.4208
165.5824 49.4208
165.5882 49.4208
165.5940 49.4208
165.5998 49.4208
165.6056 49.4208
165.6115 49.4208
165.6173 49.4208
165.6231 49.4208
165.6289 49.4208
165.6347 49.4208
165.6405 49.4208
165.6464 49.4208
165.6522 49.4208
165.6580 49.4208
165.6638 49.4208
165.6696 49.4208
165.6754 49.4208
165.6813 49.4208
165.6871 49.4208
165.6929 49.4208
165.6987 49.4208
165.7045 49.4208
165.7103 49.4208
165.7162 49.4208
165.7220 49.4208
165.7278 49.4208
165.7336 49.4208
165.7394 49.4208
165.7452 49.4208
165.7511 49.4208
165.7569 49.4208
165.7627 49.4208
165.7685 49.4208
165.7743 49.4208
165.7801 49.4208
165.7860 49.4208
165.7918 49.4208
165.7976 49.4208
165.8034 49.4208
165.8092 49.4208
165.8150 49.4208
165.8209 49.4208
165.8267 49.4208
165.8325 49.4208
165.8383 49.4208
165.8441 49.4208
165.8499 49.4208
165.8558 49.4208
165.8616 49.4208
165.8674 49.4208
165.8732 49.4208
165.8790 49.4208
165.8848 49.4208
165.8907 49.4208
165.8965 49.4208
165.9023 49.4208
165.9081 49.4208
165.9139 49.4208
165.9197 49.4208
165.9256 49.4208
165.9314 49.4208
165.9372 49.4208
165.9430 49.4208
165.9488 49.4208
165.9546 49.4208
165.9605 49.4208
165.9663 49.4208
165.9721 49.4208
165.9779 49.4208
165.9837 49.4208
165.9895 49.4208
165.9954 49.4208
166.0012 49.4208
166.0070 49.4208
166.0128 49.4208
166.0186 49.4208
166.0244 49.4208
166.0303 49.4208
166.0361 49.4208
166.0419 49.4208
166.0477 49.4208
166.0535 49.4208
166.0593 49.4208
166.0652 49.4208
166.0710 49.4208
166.0768 49.4208
166.0826 49.4208
166.0884 49.4208
166.0942 49.4208
166.1001 49.4208
166.1059 49.4208
166.1117 49.4208
166.1175 49.4208
166.1233 49.4208
166.1291 49.4208
166.1350 49.4208
166.1408 49.4208
166.1466 49.4208
166.1524 49.4208
166.1582 49.4208
166.1640 49.4208
166.1699 49.4208
166.1757 49.4208
166.1815 49.4208
166.1873 49.4208
166.1931 49.4208
166.1989 49.4208
166.2048 49.4208
166.2106 49.4208
166.2164 49.4208
166.2222 49.4208
166.2280 49.4208
166.2338 49.4208
166.2397 49.4208
166.2455 49.4208
166.2513 49.4208
166.2571 49.4208
166.2629 49.4208
166.2687 49.4208
166.2746 49.4208
166.2804 49.4208
166.2862 49.4208
166.2920 49.4208
166.2978 49.4208
166.3036 49.4208
166.3095 49.4208
166.3153 49.4208
166.3211 49.4208
166.3269 49.4208
166.3327 49.4208
166.3385 49.4208
166.3444 49.4208
166.3502 49.4208
166.3560 49.4208
166.3618 49.4208
166.3676 49.4208
166.3735 49.4208
166.3793 49.4208
166.3851 49.4208
166.3909 49.4208
166.3967 49.4208
166.4025 49.4208
166.4084 49.4208
166.4142 49.4208
166.4200 49.4208
166.4258 49.4208
166.4316 49.4208
166.4374 49.4208
166.4433 49.4208
166.4491 49.4208
166.4549 49.4208
166.4607 49.4208
166.4665 49.4208
166.4723 49.4208
166.4782 49.4208
166.4840 49.4208
166.4898 49.4208
166.4956 49.4208
166.5014 49.4208
166.5072 49.4208
166.5131 49.4208
166.5189 49.4208
166.5247 49.4208
166.5305 49.4208
166.5363 49.4208
166.5421 49.4208
166.5480 49.4208
166.5538 49.4208
166.5596 49.4208
166.5654 49.4208
166.5712 49.4208
166.5770 49.4208
166.5829 49.4208
166.5887 49.4208
166.5945 49.4208
166.6003 49.4208
166.6061 49.4208
166.6119 49.4208
166.6178 49.4208
166.6236 49.4208
166.6294 49.4208
166.6352 49.4208
166.6410 49.4208
166.6468 49.4208
166.6527 49.4208
166.6585 49.4208
166.6643 49.4208
166.6701 49.4208
166.6759 49.4208
166.6817 49.4208
166.6876 49.4208
166.6934 49.4208
166.6992 49.4208
166.7050 49.4208
166.7108 49.4208
166.7166 49.4208
166.7225 49.4208
166.7283 49.4208
166.7341 49.4208
166.7399 49.4208
166.7457 49.4208
166.7515 49.4208
166.7574 49.4208
166.7632 49.4208
166.7690 49.4208
166.7748 49.4208
166.7806 49.4208
166.7864 49.4208
166.7923 49.4208
166.7981 49.4208
166.8039 49.4208
166.8097 49.4208
166.8155 49.4208
166.8213 49.4208
166.8272 49.4208
166.8330 49.4208
166.8388 49.4208
166.8446 49.4208
166.8504 49.4208
166.8562 49.4208
166.8621 49.4208
166.8679 49.4208
166.8737 49.4208
166.8795 49.4208
166.8853 49.4208
166.8911 49.4208
166.8970 49.4208
166.9028 49.4208
166.9086 49.4208
166.9144 49.4208
166.9202 49.4208
166.9260 49.4208
166.9319 49.4208
166.9377 49.4208
166.9435 49.4208
166.9493 49.4208
166.9551 49.4208
166.9609 49.4208
166.9668 49.4208
166.9726 49.4208
166.9784 49.4208
166.9842 49.4208
166.9900 49.4208
166.9958 49.4208
167.0017 49.4208
167.0075 49.4208
167.0133 49.4208
167.0191 49.4208
167.0249 49.4208
167.0307 49.4208
167.0366 49.4208
167.0424 49.4208
167.0482 49.4208
167.0540 49.4208
167.0598 49.4208
167.0656 49.4208
167.0715 49.4208
167.0773 49.4208
167.0831 49.4208
167.0889 49.4208
167.0947 49.4208
167.1005 49.4208
167.1064 49.4208
167.1122 49.4208
167.1180 49.4208
167.1238 49.4208
167.1296 49.4208
167.1354 49.4208
167.1413 49.4208
167.1471 49.4208
167.1529 49.4208
167.1587 49.4208
167.1645 49.4208
167.1703 49.4208
167.1762 49.4208
167.1820 49.4208
167.1878 49.4208
167.1936 49.4208
167.1994 49.4208
167.2052 49.4208
167.2111 49.4208
167.2169 49.4208
167.2227 49.4208
167.2285 49.4208
167.2343 49.4208
167.2401 49.4208
167.2460 49.4208
167.2518 49.4208
167.2576 49.4208
167.2634 49.4208
167.2692 49.4208
167.2750 49.4208
167.2809 49.4208
167.2867 49.4208
167.2925 49.4208
167.2983 49.4208
167.3041 49.4208
167.3100 49.4208
167.3158 49.4208
167.3216 49.4208
167.3274 49.4208
167.3332 49.4208
167.3390 49.4208
167.3449 49.4208
167.3507 49.4208
167.3565 49.4208
167.3623 49.4208
167.3681 49.4208
167.3739 49.4208
167.3798 49.4208
167.3856 49.4208
167.3914 49.4208
167.3972 49.4208
167.4030 49.4208
167.4088 49.4208
167.4147 49.4208
167.4205 49.4208
167.4263 49.4208
167.4321 49.4208
167.4379 49.4208
167.4437 49.4208
167.4496 49.4208
167.4554 49.4208
167.4612 49.4208
167.4670 49.4208
167.4728 49.4208
167.4786 49.4208
167.4845 49.4208
167.4903 49.4208
167.4961 49.4208
167.5019 49.4208
167.5077 49.4208
167.5135 49.4208
167.5194 49.4208
167.5252 49.4208
167.5310 49.4208
167.5368 49.4208
167.5426 49.4208
167.5484 49.4208
167.5543 49.4208
167.5601 49.4208
167.5659 49.4208
167.5717 49.4208
167.5775 49.4208
167.5833 49.4208
167.5892 49.4208
167.5950 49.4208
167.6008 49.4208
167.6066 49.4208
167.6124 49.4208
167.6182 49.4208
167.6241 49.4208
167.6299 49.4208
167.6357 49.4208
167.6415 49.4208
167.6473 49.4208
167.6531 49.4208
167.6590 49.4208
167.6648 49.4208
167.6706 49.4208
167.6764 49.4208
167.6822 49.4208
167.6880 49.4208
167.6939 49.4208
167.6997 49.4208
167.7055 49.4208
167.7113 49.4208
167.7171 49.4208
167.7229 49.4208
167.7288 49.4208
167.7346 49.4208
167.7404 49.4208
167.7462 49.4208
167.7520 49.4208
167.7578 49.4208
167.7637 49.4208
167.7695 49.4208
167.7753 49.4208
167.7811 49.4208
167.7869 49.4208
167.7927 49.4208
167.7986 49.4208
167.8044 49.4208
167.8102 49.4208
167.8160 49.4208
167.8218 49.4208
167.8276 49.4208
167.8335 49.4208
167.8393 49.4208
167.8451 49.4208
167.8509 49.4208
167.8567 49.4208
167.8625 49.4208
167.8684 49.4208
167.8742 49.4208
167.8800 49.4208
167.8858 49.4208
167.8916 49.4208
167.8974 49.4208
167.9033 49.4208
167.9091 49.4208
167.9149 49.4208
167.9207 49.4208
167.9265 49.4208
167.9323 49.4208
167.9382 49.4208
167.9440 49.4208
167.9498 49.4208
167.9556 49.4208
167.9614 49.4208
167.9672 49.4208
167.9731 49.4208
167.9789 49.4208
167.9847 49.4208
167.9905 49.4208
167.9963 49.4208
168.0021 49.4208
168.0080 49.4208
168.0138 49.4208
168.0196 49.4208
168.0254 49.4208
168.0312 49.4208
168.0370 49.4208
168.0429 49.4208
168.0487 49.4208
168.0545 49.4208
168.0603 49.4208
168.0661 49.4208
168.0719 49.4208
168.0778 49.4208
168.0836 49.4208
168.0894 49.4208
168.0952 49.4208
168.1010 49.4208
168.1068 49.4208
168.1127 49.4208
168.1185 49.4208
168.1243 49.4208
168.1301 49.4208
168.1359 49.4208
168.1417 49.4208
168.1476 49.4208
168.1534 49.4208
168.1592 49.4208
168.1650 49.4208
168.1708 49.4208
168.1766 49.4208
168.1825 49.4208
168.1883 49.4208
168.1941 49.4208
168.1999 49.4208
168.2057 49.4208
168.2116 49.4208
168.2174 49.4208
168.2232 49.4208
168.2290 49.4208
168.2348 49.4208
168.2406 49.4208
168.2465 49.4208
168.2523 49.4208
168.2581 49.4208
168.2639 49.4208
168.2697 49.4208
168.2755 49.4208
168.2814 49.4208
168.2872 49.4208
168.2930 49.4208
168.2988 49.4208
168.3046 49.4208
168.3104 49.4208
168.3163 49.4208
168.3221 49.4208
168.3279 49.4208
168.3337 49.4208
168.3395 49.4208
168.3453 49.4208
168.3512 49.4208
168.3570 49.4208
168.3628 49.4208
168.3686 49.4208
168.3744 49.4208
168.3802 49.4208
168.3861 49.4208
168.3919 49.4208
168.3977 49.4208
168.4035 49.4208
168.4093 49.4208
168.4151 49.4208
168.4210 49.4208
168.4268 49.4208
168.4326 49.4208
168.4384 49.4208
168.4442 49.4208
168.4500 49.4208
168.4559 49.4208
168.4617 49.4208
168.4675 49.4208
168.4733 49.4208
168.4791 49.4208
168.4849 49.4208
168.4908 49.4208
168.4966 49.4208
168.5024 49.4208
168.5082 49.4208
168.5140 49.4208
168.5198 49.4208
168.5257 49.4208
168.5315 49.4208
168.5373 49.4208
168.5431 49.4208
168.5489 49.4208
168.5547 49.4208
168.5606 49.4208
168.5664 49.4208
168.5722 49.4208
168.5780 49.4208
168.5838 49.4208
168.5896 49.4208
168.5955 49.4208
168.6013 49.4208
168.6071 49.4208
168.6129 49.4208
168.6187 49.4208
168.6245 49.4208
168.6304 49.4208
168.6362 49.4208
168.6420 49.4208
168.6478 49.4208
168.6536 49.4208
168.6594 49.4208
168.6653 49.4208
168.6711 49.4208
168.6769 49.4208
168.6827 49.4208
168.6885 49.4208
168.6943 49.4208
168.7002 49.4208
168.7060 49.4208
168.7118 49.4208
168.7176 49.4208
168.7234 49.4208
168.7292 49.4208
168.7351 49.4208
168.7409 49.4208
168.7467 49.4208
168.7525 49.4208
168.7583 49.4208
168.7641 49.4208
168.7700 49.4208
168.7758 49.4208
168.7816 49.4208
168.7874 49.4208
168.7932 49.4208
168.7990 49.4208
168.8049 49.4208
168.8107 49.4208
168.8165 49.4208
168.8223 49.4208
168.8281 49.4208
168.8339 49.4208
168.8398 49.4208
168.8456 49.4208
168.8514 49.4208
168.8572 49.4208
168.8630 49.4208
168.8688 49.4208
168.8747 49.4208
168.8805 49.4208
168.8863 49.4208
168.8921 49.4208
168.8979 49.4208
168.9037 49.4208
168.9096 49.4208
168.9154 49.4208
168.9212 49.4208
168.9270 49.4208
168.9328 49.4208
168.9386 49.4208
168.9445 49.4208
168.9503 49.4208
168.9561 49.4208
168.9619 49.4208
168.9677 49.4208
168.9735 49.4208
168.9794 49.4208
168.9852 49.4208
168.9910 49.4208
168.9968 49.4208
169.0026 49.4208
169.0084 49.4208
169.0143 49.4208
169.0201 49.4208
169.0259 49.4208
169.0317 49.4208
169.0375 49.4208
169.0433 49.4208
169.0492 49.4208
169.0550 49.4208
169.0608 49.4208
169.0666 49.4208
169.0724 49.4208
169.0782 49.4208
169.0841 49.4208
169.0899 49.4208
169.0957 49.4208
169.1015 49.4208
169.1073 49.4208
169.1131 49.4208
169.1190 49.4208
169.1248 49.4208
169.1306 49.4208
169.1364 49.4208
169.1422 49.4208
169.1481 49.4208
169.1539 49.4208
169.1597 49.4208
169.1655 49.4208
169.1713 49.4208
169.1771 49.4208
169.1830 49.4208
169.1888 49.4208
169.1946 49.4208
169.2004 49.4208
169.2062 49.4208
169.2120 49.4208
169.2179 49.4208
169.2237 49.4208
169.2295 49.4208
169.2353 49.4208
169.2411 49.4208
169.2469 49.4208
169.2528 49.4208
169.2586 49.4208
169.2644 49.4208
169.2702 49.4208
169.2760 49.4208
169.2818 49.4208
169.2877 49.4208
169.2935 49.4208
169.2993 49.4208
169.3051 49.4208
169.3109 49.4208
169.3167 49.4208
169.3226 49.4208
169.3284 49.4208
169.3342 49.4208
169.3400 49.4208
169.3458 49.4208
169.3516 49.4208
169.3575 49.4208
169.3633 49.4208
169.3691 49.4208
169.3749 49.4208
169.3807 49.4208
169.3865 49.4208
169.3924 49.4208
169.3982 49.4208
169.4040 49.4208
169.4098 49.4208
169.4156 49.4208
169.4214 49.4208
169.4273 49.4208
169.4331 49.4208
169.4389 49.4208
169.4447 49.4208
169.4505 49.4208
169.4563 49.4208
169.4622 49.4208
169.4680 49.4208
169.4738 49.4208
169.4796 49.4208
169.4854 49.4208
169.4912 49.4208
169.4971 49.4208
169.5029 49.4208
169.5087 49.4208
169.5145 49.4208
169.5203 49.4208
169.5261 49.4208
169.5320 49.4208
169.5378 49.4208
169.5436 49.4208
169.5494 49.4208
169.5552 49.4208
169.5610 49.4208
169.5669 49.4208
169.5727 49.4208
169.5785 49.4208
169.5843 49.4208
169.5901 49.4208
169.5959 49.4208
169.6018 49.4208
169.6076 49.4208
169.6134 49.4208
169.6192 49.4208
169.6250 49.4208
169.6308 49.4208
169.6367 49.4208
169.6425 49.4208
169.6483 49.4208
169.6541 49.4208
169.6599 49.4208
169.6657 49.4208
169.6716 49.4208
169.6774 49.4208
169.6832 49.4208
169.6890 49.4208
169.6948 49.4208
169.7006 49.4208
169.7065 49.4208
169.7123 49.4208
169.7181 49.4208
169.7239 49.4208
169.7297 49.4208
169.7355 49.4208
169.7414 49.4208
169.7472 49.4208
169.7530 49.4208
169.7588 49.4208
169.7646 49.4208
169.7704 49.4208
169.7763 49.4208
169.7821 49.4208
169.7879 49.4208
169.7937 49.4208
169.7995 49.4208
169.8053 49.4208
169.8112 49.4208
169.8170 49.4208
169.8228 49.4208
169.8286 49.4208
169.8344 49.4208
169.8402 49.4208
169.8461 49.4208
169.8519 49.4208
169.8577 49.4208
169.8635 49.4208
169.8693 49.4208
169.8751 49.4208
169.8810 49.4208
169.8868 49.4208
169.8926 49.4208
169.8984 49.4208
169.9042 49.4208
169.9100 49.4208
169.9159 49.4208
169.9217 49.4208
169.9275 49.4208
169.9333 49.4208
169.9391 49.4208
169.9449 49.4208
169.9508 49.4208
169.9566 49.4208
169.9624 49.4208
169.9682 49.4208
169.9740 49.4208
169.9798 49.4208
169.9857 49.4208
169.9915 49.4208
169.9973 49.4208
170.0031 49.4208
170.0089 49.4208
170.0147 49.4208
170.0206 49.4208
170.0264 49.4208
170.0322 49.4208
170.0380 49.4208
170.0438 49.4208
170.0497 49.4208
170.0555 49.4208
170.0613 49.4208
170.0671 49.4208
170.0729 49.4208
170.0787 49.4208
170.0846 49.4208
170.0904 49.4208
170.0962 49.4208
170.1020 49.4208
170.1078 49.4208
170.1136 49.4208
170.1195 49.4208
170.1253 49.4208
170.1311 49.4208
170.1369 49.4208
170.1427 49.4208
170.1485 49.4208
170.1544 49.4208
170.1602 49.4208
170.1660 49.4208
170.1718 49.4208
170.1776 49.4208
170.1834 49.4208
170.1893 49.4208
170.1951 49.4208
170.2009 49.4208
170.2067 49.4208
170.2125 49.4208
170.2183 49.4208
170.2242 49.4208
170.2300 49.4208
170.2358 49.4208
170.2416 49.4208
170.2474 49.4208
170.2532 49.4208
170.2591 49.4208
170.2649 49.4208
170.2707 49.4208
170.2765 49.4208
170.2823 49.4208
170.2881 49.4208
170.2940 49.4208
170.2998 49.4208
170.3056 49.4208
170.3114 49.4208
170.3172 49.4208
170.3230 49.4208
170.3289 49.4208
170.3347 49.4208
170.3405 49.4208
170.3463 49.4208
170.3521 49.4208
170.3579 49.4208
170.3638 49.4208
170.3696 49.4208
170.3754 49.4208
170.3812 49.4208
170.3870 49.4208
170.3928 49.4208
170.3987 49.4208
170.4045 49.4208
170.4103 49.4208
170.4161 49.4208
170.4219 49.4208
170.4277 49.4208
170.4336 49.4208
170.4394 49.4208
170.4452 49.4208
170.4510 49.4208
170.4568 49.4208
170.4626 49.4208
170.4685 49.4208
170.4743 49.4208
170.4801 49.4208
170.4859 49.4208
170.4917 49.4208
170.4975 49.4208
170.5034 49.4208
170.5092 49.4208
170.5150 49.4208
170.5208 49.4208
170.5266 49.4208
170.5324 49.4208
170.5383 49.4208
170.5441 49.4208
170.5499 49.4208
170.5557 49.4208
170.5615 49.4208
170.5673 49.4208
170.5732 49.4208
170.5790 49.4208
170.5848 49.4208
170.5906 49.4208
170.5964 49.4208
170.6022 49.4208
170.6081 49.4208
170.6139 49.4208
170.6197 49.4208
170.6255 49.4208
170.6313 49.4208
170.6371 49.4208
170.6430 49.4208
170.6488 49.4208
170.6546 49.4208
170.6604 49.4208
170.6662 49.4208
170.6720 49.4208
170.6779 49.4208
170.6837 49.4208
170.6895 49.4208
170.6953 49.4208
170.7011 49.4208
170.7069 49.4208
170.7128 49.4208
170.7186 49.4208
170.7244 49.4208
170.7302 49.4208
170.7360 49.4208
170.7418 49.4208
170.7477 49.4208
170.7535 49.4208
170.7593 49.4208
170.7651 49.4208
170.7709 49.4208
170.7767 49.4208
170.7826 49.4208
170.7884 49.4208
170.7942 49.4208
170.8000 49.4208
170.8058 49.4208
170.8116 49.4208
170.8175 49.4208
170.8233 49.4208
170.8291 49.4208
170.8349 49.4208
170.8407 49.4208
170.8465 49.4208
170.8524 49.4208
170.8582 49.4208
170.8640 49.4208
170.8698 49.4208
170.8756 49.4208
170.8814 49.4208
170.8873 49.4208
170.8931 49.4208
170.8989 49.4208
170.9047 49.4208
170.9105 49.4208
170.9163 49.4208
170.9222 49.4208
170.9280 49.4208
170.9338 49.4208
170.9396 49.4208
170.9454 49.4208
170.9512 49.4208
170.9571 49.4208
170.9629 49.4208
170.9687 49.4208
170.9745 49.4208
170.9803 49.4208
170.9862 49.4208
170.9920 49.4208
170.9978 49.4208
171.0036 49.4208
171.0094 49.4208
171.0152 49.4208
171.0211 49.4208
171.0269 49.4208
171.0327 49.4208
171.0385 49.4208
171.0443 49.4208
171.0501 49.4208
171.0560 49.4208
171.0618 49.4208
171.0676 49.4208
171.0734 49.4208
171.0792 49.4208
171.0850 49.4208
171.0909 49.4208
171.0967 49.4208
171.1025 49.4208
171.1083 49.4208
171.1141 49.4208
171.1199 49.4208
171.1258 49.4208
171.1316 49.4208
171.1374 49.4208
171.1432 49.4208
171.1490 49.4208
171.1548 49.4208
171.1607 49.4208
171.1665 49.4208
171.1723 49.4208
171.1781 49.4208
171.1839 49.4208
171.1897 49.4208
171.1956 49.4208
171.2014 49.4208
171.2072 49.4208
171.2130 49.4208
171.2188 49.4208
171.2246 49.4208
171.2305 49.4208
171.2363 49.4208
171.2421 49.4208
171.2479 49.4208
171.2537 49.4208
171.2595 49.4208
171.2654 49.4208
171.2712 49.4208
171.2770 49.4208
171.2828 49.4208
171.2886 49.4208
171.2944 49.4208
171.3003 49.4208
171.3061 49.4208
171.3119 49.4208
171.3177 49.4208
171.3235 49.4208
171.3293 49.4208
171.3352 49.4208
171.3410 49.4208
171.3468 49.4208
171.3526 49.4208
171.3584 49.4208
171.3642 49.4208
171.3701 49.4208
171.3759 49.4208
171.3817 49.4208
171.3875 49.4208
171.3933 49.4208
171.3991 49.4208
171.4050 49.4208
171.4108 49.4208
171.4166 49.4208
171.4224 49.4208
171.4282 49.4208
171.4340 49.4208
171.4399 49.4208
171.4457 49.4208
171.4515 49.4208
171.4573 49.4208
171.4631 49.4208
171.4689 49.4208
171.4748 49.4208
171.4806 49.4208
171.4864 49.4208
171.4922 49.4208
171.4980 49.4208
171.5038 49.4208
171.5097 49.4208
171.5155 49.4208
171.5213 49.4208
171.5271 49.4208
171.5329 49.4208
171.5387 49.4208
171.5446 49.4208
171.5504 49.4208
171.5562 49.4208
171.5620 49.4208
171.5678 49.4208
171.5736 49.4208
171.5795 49.4208
171.5853 49.4208
171.5911 49.4208
171.5969 49.4208
171.6027 49.4208
171.6085 49.4208
171.6144 49.4208
171.6202 49.4208
171.6260 49.4208
171.6318 49.4208
171.6376 49.4208
171.6434 49.4208
171.6493 49.4208
171.6551 49.4208
171.6609 49.4208
171.6667 49.4208
171.6725 49.4208
171.6783 49.4208
171.6842 49.4208
171.6900 49.4208
171.6958 49.4208
171.7016 49.4208
171.7074 49.4208
171.7132 49.4208
171.7191 49.4208
171.7249 49.4208
171.7307 49.4208
171.7365 49.4208
171.7423 49.4208
171.7481 49.4208
171.7540 49.4208
171.7598 49.4208
171.7656 49.4208
171.7714 49.4208
171.7772 49.4208
171.7830 49.4208
171.7889 49.4208
171.7947 49.4208
171.8005 49.4208
171.8063 49.4208
171.8121 49.4208
171.8179 49.4208
171.8238 49.4208
171.8296 49.4208
171.8354 49.4208
171.8412 49.4208
171.8470 49.4208
171.8528 49.4208
171.8587 49.4208
171.8645 49.4208
171.8703 49.4208
171.8761 49.4208
171.8819 49.4208
171.8877 49.4208
171.8936 49.4208
171.8994 49.4208
171.9052 49.4208
171.9110 49.4208
171.9168 49.4208
171.9227 49.4208
171.9285 49.4208
171.9343 49.4208
171.9401 49.4208
171.9459 49.4208
171.9517 49.4208
171.9576 49.4208
171.9634 49.4208
171.9692 49.4208
171.9750 49.4208
171.9808 49.4208
171.9866 49.4208
171.9925 49.4208
171.9983 49.4208
172.0041 49.4208
172.0099 49.4208
172.0157 49.4208
172.0215 49.4208
172.0274 49.4208
172.0332 49.4208
172.0390 49.4208
172.0448 49.4208
172.0506 49.4208
172.0564 49.4208
172.0623 49.4208
172.0681 49.4208
172.0739 49.4208
172.0797 49.4208
172.0855 49.4208
172.0913 49.4208
172.0972 49.4208
172.1030 49.4208
172.1088 49.4208
172.1146 49.4208
172.1204 49.4208
172.1262 49.4208
172.1321 49.4208
172.1379 49.4208
172.1437 49.4208
172.1495 49.4208
172.1553 49.4208
172.1611 49.4208
172.1670 49.4208
172.1728 49.4208
172.1786 49.4208
172.1844 49.4208
172.1902 49.4208
172.1960 49.4208
172.2019 49.4208
172.2077 49.4208
172.2135 49.4208
172.2193 49.4208
172.2251 49.4208
172.2309 49.4208
172.2368 49.4208
172.2426 49.4208
172.2484 49.4208
172.2542 49.4208
172.2600 49.4208
172.2658 49.4208
172.2717 49.4208
172.2775 49.4208
172.2833 49.4208
172.2891 49.4208
172.2949 49.4208
172.3007 49.4208
172.3066 49.4208
172.3124 49.4208
172.3182 49.4208
172.3240 49.4208
172.3298 49.4208
172.3356 49.4208
172.3415 49.4208
172.3473 49.4208
172.3531 49.4208
172.3589 49.4208
172.3647 49.4208
172.3705 49.4208
172.3764 49.4208
172.3822 49.4208
172.3880 49.4208
172.3938 49.4208
172.3996 49.4208
172.4054 49.4208
172.4113 49.4208
172.4171 49.4208
172.4229 49.4208
172.4287 49.4208
172.4345 49.4208
172.4403 49.4208
172.4462 49.4208
172.4520 49.4208
172.4578 49.4208
172.4636 49.4208
172.4694 49.4208
172.4752 49.4208
172.4811 49.4208
172.4869 49.4208
172.4927 49.4208
172.4985 49.4208
172.5043 49.4208
172.5101 49.4208
172.5160 49.4208
172.5218 49.4208
172.5276 49.4208
172.5334 49.4208
172.5392 49.4208
172.5450 49.4208
172.5509 49.4208
172.5567 49.4208
172.5625 49.4208
172.5683 49.4208
172.5741 49.4208
172.5799 49.4208
172.5858 49.4208
172.5916 49.4208
172.5974 49.4208
172.6032 49.4208
172.6090 49.4208
172.6148 49.4208
172.6207 49.4208
172.6265 49.4208
172.6323 49.4208
172.6381 49.4208
172.6439 49.4208
172.6497 49.4208
172.6556 49.4208
172.6614 49.4208
172.6672 49.4208
172.6730 49.4208
172.6788 49.4208
172.6846 49.4208
172.6905 49.4208
172.6963 49.4208
172.7021 49.4208
172.7079 49.4208
172.7137 49.4208
172.7195 49.4208
172.7254 49.4208
172.7312 49.4208
172.7370 49.4208
172.7428 49.4208
172.7486 49.4208
172.7544 49.4208
172.7603 49.4208
172.7661 49.4208
172.7719 49.4208
172.7777 49.4208
172.7835 49.4208
172.7893 49.4208
172.7952 49.4208
172.8010 49.4208
172.8068 49.4208
172.8126 49.4208
172.8184 49.4208
172.8243 49.4208
172.8301 49.4208
172.8359 49.4208
172.8417 49.4208
172.8475 49.4208
172.8533 49.4208
172.8592 49.4208
172.8650 49.4208
172.8708 49.4208
172.8766 49.4208
172.8824 49.4208
172.8882 49.4208
172.8941 49.4208
172.8999 49.4208
172.9057 49.4208
172.9115 49.4208
172.9173 49.4208
172.9231 49.4208
172.9290 49.4208
172.9348 49.4208
172.9406 49.4208
172.9464 49.4208
172.9522 49.4208
172.9580 49.4208
172.9639 49.4208
172.9697 49.4208
172.9755 49.4208
172.9813 49.4208
172.9871 49.4208
172.9929 49.4208
172.9988 49.4208
173.0046 49.4208
173.0104 49.4208
173.0162 49.4208
173.0220 49.4208
173.0278 49.4208
173.0337 49.4208
173.0395 49.4208
173.0453 49.4208
173.0511 49.4208
173.0569 49.4208
173.0627 49.4208
173.0686 49.4208
173.0744 49.4208
173.0802 49.4208
173.0860 49.4208
173.0918 49.4208
173.0976 49.4208
173.1035 49.4208
173.1093 49.4208
173.1151 49.4208
173.1209 49.4208
173.1267 49.4208
173.1325 49.4208
173.1384 49.4208
173.1442 49.4208
173.1500 49.4208
173.1558 49.4208
173.1616 49.4208
173.1674 49.4208
173.1733 49.4208
173.1791 49.4208
173.1849 49.4208
173.1907 49.4208
173.1965 49.4208
173.2023 49.4208
173.2082 49.4208
173.2140 49.4208
173.2198 49.4208
173.2256 49.4208
173.2314 49.4208
173.2372 49.4208
173.2431 49.4208
173.2489 49.4208
173.2547 49.4208
173.2605 49.4208
173.2663 49.4208
173.2721 49.4208
173.2780 49.4208
173.2838 49.4208
173.2896 49.4208
173.2954 49.4208
173.3012 49.4208
173.3070 49.4208
173.3129 49.4208
173.3187 49.4208
173.3245 49.4208
173.3303 49.4208
173.3361 49.4208
173.3419 49.4208
173.3478 49.4208
173.3536 49.4208
173.3594 49.4208
173.3652 49.4208
173.3710 49.4208
173.3768 49.4208
173.3827 49.4208
173.3885 49.4208
173.3943 49.4208
173.4001 49.4208
173.4059 49.4208
173.4117 49.4208
173.4176 49.4208
173.4234 49.4208
173.4292 49.4208
173.4350 49.4208
173.4408 49.4208
173.4466 49.4208
173.4525 49.4208
173.4583 49.4208
173.4641 49.4208
173.4699 49.4208
173.4757 49.4208
173.4815 49.4208
173.4874 49.4208
173.4932 49.4208
173.4990 49.4208
173.5048 49.4208
173.5106 49.4208
173.5164 49.4208
173.5223 49.4208
173.5281 49.4208
173.5339 49.4208
173.5397 49.4208
173.5455 49.4208
173.5513 49.4208
173.5572 49.4208
173.5630 49.4208
173.5688 49.4208
173.5746 49.4208
173.5804 49.4208
173.5862 49.4208
173.5921 49.4208
173.5979 49.4208
173.6037 49.4208
173.6095 49.4208
173.6153 49.4208
173.6211 49.4208
173.6270 49.4208
173.6328 49.4208
173.6386 49.4208
173.6444 49.4208
173.6502 49.4208
173.6560 49.4208
173.6619 49.4208
173.6677 49.4208
173.6735 49.4208
173.6793 49.4208
173.6851 49.4208
173.6909 49.4208
173.6968 49.4208
173.7026 49.4208
173.7084 49.4208
173.7142 49.4208
173.7200 49.4208
173.7258 49.4208
173.7317 49.4208
173.7375 49.4208
173.7433 49.4208
173.7491 49.4208
173.7549 49.4208
173.7608 49.4208
173.7666 49.4208
173.7724 49.4208
173.7782 49.4208
173.7840 49.4208
173.7898 49.4208
173.7957 49.4208
173.8015 49.4208
173.8073 49.4208
173.8131 49.4208
173.8189 49.4208
173.8247 49.4208
173.8306 49.4208
173.8364 49.4208
173.8422 49.4208
173.8480 49.4208
173.8538 49.4208
173.8596 49.4208
173.8655 49.4208
173.8713 49.4208
173.8771 49.4208
173.8829 49.4208
173.8887 49.4208
173.8945 49.4208
173.9004 49.4208
173.9062 49.4208
173.9120 49.4208
173.9178 49.4208
173.9236 49.4208
173.9294 49.4208
173.9353 49.4208
173.9411 49.4208
173.9469 49.4208
173.9527 49.4208
173.9585 49.4208
173.9643 49.4208
173.9702 49.4208
173.9760 49.4208
173.9818 49.4208
173.9876 49.4208
173.9934 49.4208
173.9992 49.4208
174.0051 49.4208
174.0109 49.4208
174.0167 49.4208
174.0225 49.4208
174.0283 49.4208
174.0341 49.4208
174.0400 49.4208
174.0458 49.4208
174.0516 49.4208
174.0574 49.4208
174.0632 49.4208
174.0690 49.4208
174.0749 49.4208
174.0807 49.4208
174.0865 49.4208
174.0923 49.4208
174.0981 49.4208
174.1039 49.4208
174.1098 49.4208
174.1156 49.4208
174.1214 49.4208
174.1272 49.4208
174.1330 49.4208
174.1388 49.4208
174.1447 49.4208
174.1505 49.4208
174.1563 49.4208
174.1621 49.4208
174.1679 49.4208
174.1737 49.4208
174.1796 49.4208
174.1854 49.4208
174.1912 49.4208
174.1970 49.4208
174.2028 49.4208
174.2086 49.4208
174.2145 49.4208
174.2203 49.4208
174.2261 49.4208
174.2319 49.4208
174.2377 49.4208
174.2435 49.4208
174.2494 49.4208
174.2552 49.4208
174.2610 49.4208
174.2668 49.4208
174.2726 49.4208
174.2784 49.4208
174.2843 49.4208
174.2901 49.4208
174.2959 49.4208
174.3017 49.4208
174.3075 49.4208
174.3133 49.4208
174.3192 49.4208
174.3250 49.4208
174.3308 49.4208
174.3366 49.4208
174.3424 49.4208
174.3482 49.4208
174.3541 49.4208
174.3599 49.4208
174.3657 49.4208
174.3715 49.4208
174.3773 49.4208
174.3831 49.4208
174.3890 49.4208
174.3948 49.4208
174.4006 49.4208
174.4064 49.4208
174.4122 49.4208
174.4180 49.4208
174.4239 49.4208
174.4297 49.4208
174.4355 49.4208
174.4413 49.4208
174.4471 49.4208
174.4529 49.4208
174.4588 49.4208
174.4646 49.4208
174.4704 49.4208
174.4762 49.4208
174.4820 49.4208
174.4878 49.4208
174.4937 49.4208
174.4995 49.4208
174.5053 49.4208
174.5111 49.4208
174.5169 49.4208
174.5227 49.4208
174.5286 49.4208
174.5344 49.4208
174.5402 49.4208
174.5460 49.4208
174.5518 49.4208
174.5576 49.4208
174.5635 49.4208
174.5693 49.4208
174.5751 49.4208
174.5809 49.4208
174.5867 49.4208
174.5925 49.4208
174.5984 49.4208
174.6042 49.4208
174.6100 49.4208
174.6158 49.4208
174.6216 49.4208
174.6274 49.4208
174.6333 49.4208
174.6391 49.4208
174.6449 49.4208
174.6507 49.4208
174.6565 49.4208
174.6623 49.4208
174.6682 49.4208
174.6740 49.4208
174.6798 49.4208
174.6856 49.4208
174.6914 49.4208
174.6973 49.4208
174.7031 49.4208
174.7089 49.4208
174.7147 49.4208
174.7205 49.4208
174.7263 49.4208
174.7322 49.4208
174.7380 49.4208
174.7438 49.4208
174.7496 49.4208
174.7554 49.4208
174.7612 49.4208
174.7671 49.4208
174.7729 49.4208
174.7787 49.4208
174.7845 49.4208
174.7903 49.4208
174.7961 49.4208
174.8020 49.4208
174.8078 49.4208
174.8136 49.4208
174.8194 49.4208
174.8252 49.4208
174.8310 49.4208
174.8369 49.4208
174.8427 49.4208
174.8485 49.4208
174.8543 49.4208
174.8601 49.4208
174.8659 49.4208
174.8718 49.4208
174.8776 49.4208
174.8834 49.4208
174.8892 49.4208
174.8950 49.4208
174.9008 49.4208
174.9067 49.4208
174.9125 49.4208
174.9183 49.4208
174.9241 49.4208
174.9299 49.4208
174.9357 49.4208
174.9416 49.4208
174.9474 49.4208
174.9532 49.4208
174.9590 49.4208
174.9648 49.4208
174.9706 49.4208
174.9765 49.4208
174.9823 49.4208
174.9881 49.4208
174.9939 49.4208
174.9997 49.4208
175.0055 49.4208
175.0114 49.4208
175.0172 49.4208
175.0230 49.4208
175.0288 49.4208
175.0346 49.4208
175.0404 49.4208
175.0463 49.4208
175.0521 49.4208
175.0579 49.4208
175.0637 49.4208
175.0695 49.4208
175.0753 49.4208
175.0812 49.4208
175.0870 49.4208
175.0928 49.4208
175.0986 49.4208
175.1044 49.4208
175.1102 49.4208
175.1161 49.4208
175.1219 49.4208
175.1277 49.4208
175.1335 49.4208
175.1393 49.4208
175.1451 49.4208
175.1510 49.4208
175.1568 49.4208
175.1626 49.4208
175.1684 49.4208
175.1742 49.4208
175.1800 49.4208
175.1859 49.4208
175.1917 49.4208
175.1975 49.4208
175.2033 49.4208
175.2091 49.4208
175.2149 49.4208
175.2208 49.4208
175.2266 49.4208
175.2324 49.4208
175.2382 49.4208
175.2440 49.4208
175.2498 49.4208
175.2557 49.4208
175.2615 49.4208
175.2673 49.4208
175.2731 49.4208
175.2789 49.4208
175.2847 49.4208
175.2906 49.4208
175.2964 49.4208
175.3022 49.4208
175.3080 49.4208
175.3138 49.4208
175.3196 49.4208
175.3255 49.4208
175.3313 49.4208
175.3371 49.4208
175.3429 49.4208
175.3487 49.4208
175.3545 49.4208
175.3604 49.4208
175.3662 49.4208
175.3720 49.4208
175.3778 49.4208
175.3836 49.4208
175.3894 49.4208
175.3953 49.4208
175.4011 49.4208
175.4069 49.4208
175.4127 49.4208
175.4185 49.4208
175.4243 49.4208
175.4302 49.4208
175.4360 49.4208
175.4418 49.4208
175.4476 49.4208
175.4534 49.4208
175.4592 49.4208
175.4651 49.4208
175.4709 49.4208
175.4767 49.4208
175.4825 49.4208
175.4883 49.4208
175.4941 49.4208
175.5000 49.4208
175.5058 49.4208
175.5116 49.4208
175.5174 49.4208
175.5232 49.4208
175.5290 49.4208
175.5349 49.4208
175.5407 49.4208
175.5465 49.4208
175.5523 49.4208
175.5581 49.4208
175.5639 49.4208
175.5698 49.4208
175.5756 49.4208
175.5814 49.4208
175.5872 49.4208
175.5930 49.4208
175.5989 49.4208
175.6047 49.4208
175.6105 49.4208
175.6163 49.4208
175.6221 49.4208
175.6279 49.4208
175.6338 49.4208
175.6396 49.4208
175.6454 49.4208
175.6512 49.4208
175.6570 49.4208
175.6628 49.4208
175.6687 49.4208
175.6745 49.4208
175.6803 49.4208
175.6861 49.4208
175.6919 49.4208
175.6977 49.4208
175.7036 49.4208
175.7094 49.4208
175.7152 49.4208
175.7210 49.4208
175.7268 49.4208
175.7326 49.4208
175.7385 49.4208
175.7443 49.4208
175.7501 49.4208
175.7559 49.4208
175.7617 49.4208
175.7675 49.4208
175.7734 49.4208
175.7792 49.4208
175.7850 49.4208
175.7908 49.4208
175.7966 49.4208
175.8024 49.4208
175.8083 49.4208
175.8141 49.4208
175.8199 49.4208
175.8257 49.4208
175.8315 49.4208
175.8373 49.4208
175.8432 49.4208
175.8490 49.4208
175.8548 49.4208
175.8606 49.4208
175.8664 49.4208
175.8722 49.4208
175.8781 49.4208
175.8839 49.4208
175.8897 49.4208
175.8955 49.4208
175.9013 49.4208
175.9071 49.4208
175.9130 49.4208
175.9188 49.4208
175.9246 49.4208
175.9304 49.4208
175.9362 49.4208
175.9420 49.4208
175.9479 49.4208
175.9537 49.4208
175.9595 49.4208
175.9653 49.4208
175.9711 49.4208
175.9769 49.4208
175.9828 49.4208
175.9886 49.4208
175.9944 49.4208
176.0002 49.4208
176.0060 49.4208
176.0118 49.4208
176.0177 49.4208
176.0235 49.4208
176.0293 49.4208
176.0351 49.4208
176.0409 49.4208
176.0467 49.4208
176.0526 49.4208
176.0584 49.4208
176.0642 49.4208
176.0700 49.4208
176.0758 49.4208
176.0816 49.4208
176.0875 49.4208
176.0933 49.4208
176.0991 49.4208
176.1049 49.4208
176.1107 49.4208
176.1165 49.4208
176.1224 49.4208
176.1282 49.4208
176.1340 49.4208
176.1398 49.4208
176.1456 49.4208
176.1514 49.4208
176.1573 49.4208
176.1631 49.4208
176.1689 49.4208
176.1747 49.4208
176.1805 49.4208
176.1863 49.4208
176.1922 49.4208
176.1980 49.4208
176.2038 49.4208
176.2096 49.4208
176.2154 49.4208
176.2212 49.4208
176.2271 49.4208
176.2329 49.4208
176.2387 49.4208
176.2445 49.4208
176.2503 49.4208
176.2561 49.4208
176.2620 49.4208
176.2678 49.4208
176.2736 49.4208
176.2794 49.4208
176.2852 49.4208
176.2910 49.4208
176.2969 49.4208
176.3027 49.4208
176.3085 49.4208
176.3143 49.4208
176.3201 49.4208
176.3259 49.4208
176.3318 49.4208
176.3376 49.4208
176.3434 49.4208
176.3492 49.4208
176.3550 49.4208
176.3608 49.4208
176.3667 49.4208
176.3725 49.4208
176.3783 49.4208
176.3841 49.4208
176.3899 49.4208
176.3957 49.4208
176.4016 49.4208
176.4074 49.4208
176.4132 49.4208
176.4190 49.4208
176.4248 49.4208
176.4306 49.4208
176.4365 49.4208
176.4423 49.4208
176.4481 49.4208
176.4539 49.4208
176.4597 49.4208
176.4655 49.4208
176.4714 49.4208
176.4772 49.4208
176.4830 49.4208
176.4888 49.4208
176.4946 49.4208
176.5004 49.4208
176.5063 49.4208
176.5121 49.4208
176.5179 49.4208
176.5237 49.4208
176.5295 49.4208
176.5354 49.4208
176.5412 49.4208
176.5470 49.4208
176.5528 49.4208
176.5586 49.4208
176.5644 49.4208
176.5703 49.4208
176.5761 49.4208
176.5819 49.4208
176.5877 49.4208
176.5935 49.4208
176.5993 49.4208
176.6052 49.4208
176.6110 49.4208
176.6168 49.4208
176.6226 49.4208
176.6284 49.4208
176.6342 49.4208
176.6401 49.4208
176.6459 49.4208
176.6517 49.4208
176.6575 49.4208
176.6633 49.4208
176.6691 49.4208
176.6750 49.4208
176.6808 49.4208
176.6866 49.4208
176.6924 49.4208
176.6982 49.4208
176.7040 49.4208
176.7099 49.4208
176.7157 49.4208
176.7215 49.4208
176.7273 49.4208
176.7331 49.4208
176.7389 49.4208
176.7448 49.4208
176.7506 49.4208
176.7564 49.4208
176.7622 49.4208
176.7680 49.4208
176.7738 49.4208
176.7797 49.4208
176.7855 49.4208
176.7913 49.4208
176.7971 49.4208
176.8029 49.4208
176.8087 49.4208
176.8146 49.4208
176.8204 49.4208
176.8262 49.4208
176.8320 49.4208
176.8378 49.4208
176.8436 49.4208
176.8495 49.4208
176.8553 49.4208
176.8611 49.4208
176.8669 49.4208
176.8727 49.4208
176.8785 49.4208
176.8844 49.4208
176.8902 49.4208
176.8960 49.4208
176.9018 49.4208
176.9076 49.4208
176.9134 49.4208
176.9193 49.4208
176.9251 49.4208
176.9309 49.4208
176.9367 49.4208
176.9425 49.4208
176.9483 49.4208
176.9542 49.4208
176.9600 49.4208
176.9658 49.4208
176.9716 49.4208
176.9774 49.4208
176.9832 49.4208
176.9891 49.4208
176.9949 49.4208
177.0007 49.4208
177.0065 49.4208
177.0123 49.4208
177.0181 49.4208
177.0240 49.4208
177.0298 49.4208
177.0356 49.4208
177.0414 49.4208
177.0472 49.4208
177.0530 49.4208
177.0589 49.4208
177.0647 49.4208
177.0705 49.4208
177.0763 49.4208
177.0821 49.4208
177.0879 49.4208
177.0938 49.4208
177.0996 49.4208
177.1054 49.4208
177.1112 49.4208
177.1170 49.4208
177.1228 49.4208
177.1287 49.4208
177.1345 49.4208
177.1403 49.4208
177.1461 49.4208
177.1519 49.4208
177.1577 49.4208
177.1636 49.4208
177.1694 49.4208
177.1752 49.4208
177.1810 49.4208
177.1868 49.4208
177.1926 49.4208
177.1985 49.4208
177.2043 49.4208
177.2101 49.4208
177.2159 49.4208
177.2217 49.4208
177.2275 49.4208
177.2334 49.4208
177.2392 49.4208
177.2450 49.4208
177.2508 49.4208
177.2566 49.4208
177.2624 49.4208
177.2683 49.4208
177.2741 49.4208
177.2799 49.4208
177.2857 49.4208
177.2915 49.4208
177.2973 49.4208
177.3032 49.4208
177.3090 49.4208
177.3148 49.4208
177.3206 49.4208
177.3264 49.4208
177.3322 49.4208
177.3381 49.4208
177.3439 49.4208
177.3497 49.4208
177.3555 49.4208
177.3613 49.4208
177.3671 49.4208
177.3730 49.4208
177.3788 49.4208
177.3846 49.4208
177.3904 49.4208
177.3962 49.4208
177.4020 49.4208
177.4079 49.4208
177.4137 49.4208
177.4195 49.4208
177.4253 49.4208
177.4311 49.4208
177.4370 49.4208
177.4428 49.4208
177.4486 49.4208
177.4544 49.4208
177.4602 49.4208
177.4660 49.4208
177.4719 49.4208
177.4777 49.4208
177.4835 49.4208
177.4893 49.4208
177.4951 49.4208
177.5009 49.4208
177.5068 49.4208
177.5126 49.4208
177.5184 49.4208
177.5242 49.4208
177.5300 49.4208
177.5358 49.4208
177.5417 49.4208
177.5475 49.4208
177.5533 49.4208
177.5591 49.4208
177.5649 49.4208
177.5707 49.4208
177.5766 49.4208
177.5824 49.4208
177.5882 49.4208
177.5940 49.4208
177.5998 49.4208
177.6056 49.4208
177.6115 49.4208
177.6173 49.4208
177.6231 49.4208
177.6289 49.4208
177.6347 49.4208
177.6405 49.4208
177.6464 49.4208
177.6522 49.4208
177.6580 49.4208
177.6638 49.4208
177.6696 49.4208
177.6754 49.4208
177.6813 49.4208
177.6871 49.4208
177.6929 49.4208
177.6987 49.4208
177.7045 49.4208
177.7103 49.4208
177.7162 49.4208
177.7220 49.4208
177.7278 49.4208
177.7336 49.4208
177.7394 49.4208
177.7452 49.4208
177.7511 49.4208
177.7569 49.4208
177.7627 49.4208
177.7685 49.4208
177.7743 49.4208
177.7801 49.4208
177.7860 49.4208
177.7918 49.4208
177.7976 49.4208
177.8034 49.4208
177.8092 49.4208
177.8150 49.4208
177.8209 49.4208
177.8267 49.4208
177.8325 49.4208
177.8383 49.4208
177.8441 49.4208
177.8499 49.4208
177.8558 49.4208
177.8616 49.4208
177.8674 49.4208
177.8732 49.4208
177.8790 49.4208
177.8848 49.4208
177.8907 49.4208
177.8965 49.4208
177.9023 49.4208
177.9081 49.4208
177.9139 49.4208
177.9197 49.4208
177.9256 49.4208
177.9314 49.4208
177.9372 49.4208
177.9430 49.4208
177.9488 49.4208
177.9546 49.4208
177.9605 49.4208
177.9663 49.4208
177.9721 49.4208
177.9779 49.4208
177.9837 49.4208
177.9895 49.4208
177.9954 49.4208
178.0012 49.4208
178.0070 49.4208
178.0128 49.4208
178.0186 49.4208
178.0244 49.4208
178.0303 49.4208
178.0361 49.4208
178.0419 49.4208
178.0477 49.4208
178.0535 49.4208
178.0593 49.4208
178.0652 49.4208
178.0710 49.4208
178.0768 49.4208
178.0826 49.4208
178.0884 49.4208
178.0942 49.4208
178.1001 49.4208
178.1059 49.4208
178.1117 49.4208
178.1175 49.4208
178.1233 49.4208
178.1291 49.4208
178.1350 49.4208
178.1408 49.4208
178.1466 49.4208
178.1524 49.4208
178.1582 49.4208
178.1640 49.4208
178.1699 49.4208
178.1757 49.4208
178.1815 49.4208
178.1873 49.4208
178.1931 49.4208
178.1989 49.4208
178.2048 49.4208
178.2106 49.4208
178.2164 49.4208
178.2222 49.4208
178.2280 49.4208
178.2338 49.4208
178.2397 49.4208
178.2455 49.4208
178.2513 49.4208
178.2571 49.4208
178.2629 49.4208
178.2687 49.4208
178.2746 49.4208
178.2804 49.4208
178.2862 49.4208
178.2920 49.4208
178.2978 49.4208
178.3036 49.4208
178.3095 49.4208
178.3153 49.4208
178.3211 49.4208
178.3269 49.4208
178.3327 49.4208
178.3385 49.4208
178.3444 49.4208
178.3502 49.4208
178.3560 49.4208
178.3618 49.4208
178.3676 49.4208
178.3735 49.4208
178.3793 49.4208
178.3851 49.4208
178.3909 49.4208
178.3967 49.4208
178.4025 49.4208
178.4084 49.4208
178.4142 49.4208
178.4200 49.4208
178.4258 49.4208
178.4316 49.4208
178.4374 49.4208
178.4433 49.4208
178.4491 49.4208
178.4549 49.4208
178.4607 49.4208
178.4665 49.4208
178.4723 49.4208
178.4782 49.4208
178.4840 49.4208
178.4898 49.4208
178.4956 49.4208
178.5014 49.4208
178.5072 49.4208
178.5131 49.4208
178.5189 49.4208
178.5247 49.4208
178.5305 49.4208
178.5363 49.4208
178.5421 49.4208
178.5480 49.4208
178.5538 49.4208
178.5596 49.4208
178.5654 49.4208
178.5712 49.4208
178.5770 49.4208
178.5829 49.4208
178.5887 49.4208
178.5945 49.4208
178.6003 49.4208
178.6061 49.4208
178.6119 49.4208
178.6178 49.4208
178.6236 49.4208
178.6294 49.4208
178.6352 49.4208
178.6410 49.4208
178.6468 49.4208
178.6527 49.4208
178.6585 49.4208
178.6643 49.4208
178.6701 49.4208
178.6759 49.4208
178.6817 49.4208
178.6876 49.4208
178.6934 49.4208
178.6992 49.4208
178.7050 49.4208
178.7108 49.4208
178.7166 49.4208
178.7225 49.4208
178.7283 49.4208
178.7341 49.4208
178.7399 49.4208
178.7457 49.4208
178.7515 49.4208
178.7574 49.4208
178.7632 49.4208
178.7690 49.4208
178.7748 49.4208
178.7806 49.4208
178.7864 49.4208
178.7923 49.4208
178.7981 49.4208
178.8039 49.4208
178.8097 49.4208
178.8155 49.4208
178.8213 49.4208
178.8272 49.4208
178.8330 49.4208
178.8388 49.4208
178.8446 49.4208
178.8504 49.4208
178.8562 49.4208
178.8621 49.4208
178.8679 49.4208
178.8737 49.4208
178.8795 49.4208
178.8853 49.4208
178.8911 49.4208
178.8970 49.4208
178.9028 49.4208
178.9086 49.4208
178.9144 49.4208
178.9202 49.4208
178.9260 49.4208
178.9319 49.4208
178.9377 49.4208
178.9435 49.4208
178.9493 49.4208
178.9551 49.4208
178.9609 49.4208
178.9668 49.4208
178.9726 49.4208
178.9784 49.4208
178.9842 49.4208
178.9900 49.4208
178.9958 49.4208
179.0017 49.4208
179.0075 49.4208
179.0133 49.4208
179.0191 49.4208
179.0249 49.4208
179.0307 49.4208
179.0366 49.4208
179.0424 49.4208
179.0482 49.4208
179.0540 49.4208
179.0598 49.4208
179.0656 49.4208
179.0715 49.4208
179.0773 49.4208
179.0831 49.4208
179.0889 49.4208
179.0947 49.4208
179.1005 49.4208
179.1064 49.4208
179.1122 49.4208
179.1180 49.4208
179.1238 49.4208
179.1296 49.4208
179.1354 49.4208
179.1413 49.4208
179.1471 49.4208
179.1529 49.4208
179.1587 49.4208
179.1645 49.4208
179.1703 49.4208
179.1762 49.4208
179.1820 49.4208
179.1878 49.4208
179.1936 49.4208
179.1994 49.4208
179.2052 49.4208
179.2111 49.4208
179.2169 49.4208
179.2227 49.4208
179.2285 49.4208
179.2343 49.4208
179.2401 49.4208
179.2460 49.4208
179.2518 49.4208
179.2576 49.4208
179.2634 49.4208
179.2692 49.4208
179.2750 49.4208
179.2809 49.4208
179.2867 49.4208
179.2925 49.4208
179.2983 49.4208
179.3041 49.4208
179.3100 49.4208
179.3158 49.4208
179.3216 49.4208
179.3274 49.4208
179.3332 49.4208
179.3390 49.4208
179.3449 49.4208
179.3507 49.4208
179.3565 49.4208
179.3623 49.4208
179.3681 49.4208
179.3739 49.4208
179.3798 49.4208
179.3856 49.4208
179.3914 49.4208
179.3972 49.4208
179.4030 49.4208
179.4088 49.4208
179.4147 49.4208
179.4205 49.4208
179.4263 49.4208
179.4321 49.4208
179.4379 49.4208
179.4437 49.4208
179.4496 49.4208
179.4554 49.4208
179.4612 49.4208
179.4670 49.4208
179.4728 49.4208
179.4786 49.4208
179.4845 49.4208
179.4903 49.4208
179.4961 49.4208
179.5019 49.4208
179.5077 49.4208
179.5135 49.4208
179.5194 49.4208
179.5252 49.4208
179.5310 49.4208
179.5368 49.4208
179.5426 49.4208
179.5484 49.4208
179.5543 49.4208
179.5601 49.4208
179.5659 49.4208
179.5717 49.4208
179.5775 49.4208
179.5833 49.4208
179.5892 49.4208
179.5950 49.4208
179.6008 49.4208
179.6066 49.4208
179.6124 49.4208
179.6182 49.4208
179.6241 49.4208
179.6299 49.4208
179.6357 49.4208
179.6415 49.4208
179.6473 49.4208
179.6531 49.4208
179.6590 49.4208
179.6648 49.4208
179.6706 49.4208
179.6764 49.4208
179.6822 49.4208
179.6880 49.4208
179.6939 49.4208
179.6997 49.4208
179.7055 49.4208
179.7113 49.4208
179.7171 49.4208
179.7229 49.4208
179.7288 49.4208
179.7346 49.4208
179.7404 49.4208
179.7462 49.4208
179.7520 49.4208
179.7578 49.4208
179.7637 49.4208
179.7695 49.4208
179.7753 49.4208
179.7811 49.4208
179.7869 49.4208
179.7927 49.4208
179.7986 49.4208
179.8044 49.4208
179.8102 49.4208
179.8160 49.4208
179.8218 49.4208
179.8276 49.4208
179.8335 49.4208
179.8393 49.4208
179.8451 49.4208
179.8509 49.4208
179.8567 49.4208
179.8625 49.4208
179.8684 49.4208
179.8742 49.4208
179.8800 49.4208
179.8858 49.4208
179.8916 49.4208
179.8974 49.4208
179.9033 49.4208
179.9091 49.4208
179.9149 49.4208
179.9207 49.4208
179.9265 49.4208
179.9323 49.4208
179.9382 49.4208
179.9440 49.4208
179.9498 49.4208
179.9556 49.4208
179.9614 49.4208
179.9672 49.4208
179.9731 49.4208
179.9789 49.4208
179.9847 49.4208
179.9905 49.4208
179.9963 49.4208
180.0021 49.4208
180.0080 49.4208
180.0138 49.4208
180.0196 49.4208
180.0254 49.4208
180.0312 49.4208
180.0370 49.4208
180.0429 49.4208
180.0487 49.4208
180.0545 49.4208
180.0603 49.4208
180.0661 49.4208
180.0719 49.4208
180.0778 49.4208
180.0836 49.4208
180.0894 49.4208
180.0952 49.4208
180.1010 49.4208
180.1068 49.4208
180.1127 49.4208
180.1185 49.4208
180.1243 49.4208
180.1301 49.4208
180.1359 49.4208
180.1417 49.4208
180.1476 49.4208
180.1534 49.4208
180.1592 49.4208
180.1650 49.4208
180.1708 49.4208
180.1766 49.4208
180.1825 49.4208
180.1883 49.4208
180.1941 49.4208
180.1999 49.4208
180.2057 49.4208
180.2116 49.4208
180.2174 49.4208
180.2232 49.4208
180.2290 49.4208
180.2348 49.4208
180.2406 49.4208
180.2465 49.4208
180.2523 49.4208
180.2581 49.4208
180.2639 49.4208
180.2697 49.4208
180.2755 49.4208
180.2814 49.4208
180.2872 49.4208
180.2930 49.4208
180.2988 49.4208
180.3046 49.4208
180.3104 49.4208
180.3163 49.4208
180.3221 49.4208
180.3279 49.4208
180.3337 49.4208
180.3395 49.4208
180.3453 49.4208
180.3512 49.4208
180.3570 49.4208
180.3628 49.4208
180.3686 49.4208
180.3744 49.4208
180.3802 49.4208
180.3861 49.4208
180.3919 49.4208
180.3977 49.4208
180.4035 49.4208
180.4093 49.4208
180.4151 49.4208
180.4210 49.4208
180.4268 49.4208
180.4326 49.4208
180.4384 49.4208
180.4442 49.4208
180.4500 49.4208
180.4559 49.4208
180.4617 49.4208
180.4675 49.4208
180.4733 49.4208
180.4791 49.4208
180.4849 49.4208
180.4908 49.4208
180.4966 49.4208
180.5024 49.4208
180.5082 49.4208
180.5140 49.4208
180.5198 49.4208
180.5257 49.4208
180.5315 49.4208
180.5373 49.4208
180.5431 49.4208
180.5489 49.4208
180.5547 49.4208
180.5606 49.4208
180.5664 49.4208
180.5722 49.4208
180.5780 49.4208
180.5838 49.4208
180.5896 49.4208
180.5955 49.4208
180.6013 49.4208
180.6071 49.4208
180.6129 49.4208
180.6187 49.4208
180.6245 49.4208
180.6304 49.4208
180.6362 49.4208
180.6420 49.4208
180.6478 49.4208
180.6536 49.4208
180.6594 49.4208
180.6653 49.4208
180.6711 49.4208
180.6769 49.4208
180.6827 49.4208
180.6885 49.4208
180.6943 49.4208
180.7002 49.4208
180.7060 49.4208
180.7118 49.4208
180.7176 49.4208
180.7234 49.4208
180.7292 49.4208
180.7351 49.4208
180.7409 49.4208
180.7467 49.4208
180.7525 49.4208
180.7583 49.4208
180.7641 49.4208
180.7700 49.4208
180.7758 49.4208
180.7816 49.4208
180.7874 49.4208
180.7932 49.4208
180.7990 49.4208
180.8049 49.4208
180.8107 49.4208
180.8165 49.4208
180.8223 49.4208
180.8281 49.4208
180.8339 49.4208
180.8398 49.4208
180.8456 49.4208
180.8514 49.4208
180.8572 49.4208
180.8630 49.4208
180.8688 49.4208
180.8747 49.4208
180.8805 49.4208
180.8863 49.4208
180.8921 49.4208
180.8979 49.4208
180.9037 49.4208
180.9096 49.4208
180.9154 49.4208
180.9212 49.4208
180.9270 49.4208
180.9328 49.4208
180.9386 49.4208
180.9445 49.4208
180.9503 49.4208
180.9561 49.4208
180.9619 49.4208
180.9677 49.4208
180.9735 49.4208
180.9794 49.4208
180.9852 49.4208
180.9910 49.4208
180.9968 49.4208
181.0026 49.4208
181.0084 49.4208
181.0143 49.4208
181.0201 49.4208
181.0259 49.4208
181.0317 49.4208
181.0375 49.4208
181.0433 49.4208
181.0492 49.4208
181.0550 49.4208
181.0608 49.4208
181.0666 49.4208
181.0724 49.4208
181.0782 49.4208
181.0841 49.4208
181.0899 49.4208
181.0957 49.4208
181.1015 49.4208
181.1073 49.4208
181.1131 49.4208
181.1190 49.4208
181.1248 49.4208
181.1306 49.4208
181.1364 49.4208
181.1422 49.4208
181.1481 49.4208
181.1539 49.4208
181.1597 49.4208
181.1655 49.4208
181.1713 49.4208
181.1771 49.4208
181.1830 49.4208
181.1888 49.4208
181.1946 49.4208
181.2004 49.4208
181.2062 49.4208
181.2120 49.4208
181.2179 49.4208
181.2237 49.4208
181.2295 49.4208
181.2353 49.4208
181.2411 49.4208
181.2469 49.4208
181.2528 49.4208
181.2586 49.4208
181.2644 49.4208
181.2702 49.4208
181.2760 49.4208
181.2818 49.4208
181.2877 49.4208
181.2935 49.4208
181.2993 49.4208
181.3051 49.4208
181.3109 49.4208
181.3167 49.4208
181.3226 49.4208
181.3284 49.4208
181.3342 49.4208
181.3400 49.4208
181.3458 49.4208
181.3516 49.4208
181.3575 49.4208
181.3633 49.4208
181.3691 49.4208
181.3749 49.4208
181.3807 49.4208
181.3865 49.4208
181.3924 49.4208
181.3982 49.4208
181.4040 49.4208
181.4098 49.4208
181.4156 49.4208
181.4214 49.4208
181.4273 49.4208
181.4331 49.4208
181.4389 49.4208
181.4447 49.4208
181.4505 49.4208
181.4563 49.4208
181.4622 49.4208
181.4680 49.4208
181.4738 49.4208
181.4796 49.4208
181.4854 49.4208
181.4912 49.4208
181.4971 49.4208
181.5029 49.4208
181.5087 49.4208
181.5145 49.4208
181.5203 49.4208
181.5261 49.4208
181.5320 49.4208
181.5378 49.4208
181.5436 49.4208
181.5494 49.4208
181.5552 49.4208
181.5610 49.4208
181.5669 49.4208
181.5727 49.4208
181.5785 49.4208
181.5843 49.4208
181.5901 49.4208
181.5959 49.4208
181.6018 49.4208
181.6076 49.4208
181.6134 49.4208
181.6192 49.4208
181.6250 49.4208
181.6308 49.4208
181.6367 49.4208
181.6425 49.4208
181.6483 49.4208
181.6541 49.4208
181.6599 49.4208
181.6657 49.4208
181.6716 49.4208
181.6774 49.4208
181.6832 49.4208
181.6890 49.4208
181.6948 49.4208
181.7006 49.4208
181.7065 49.4208
181.7123 49.4208
181.7181 49.4208
181.7239 49.4208
181.7297 49.4208
181.7355 49.4208
181.7414 49.4208
181.7472 49.4208
181.7530 49.4208
181.7588 49.4208
181.7646 49.4208
181.7704 49.4208
181.7763 49.4208
181.7821 49.4208
181.7879 49.4208
181.7937 49.4208
181.7995 49.4208
181.8053 49.4208
181.8112 49.4208
181.8170 49.4208
181.8228 49.4208
181.8286 49.4208
181.8344 49.4208
181.8402 49.4208
181.8461 49.4208
181.8519 49.4208
181.8577 49.4208
181.8635 49.4208
181.8693 49.4208
181.8751 49.4208
181.8810 49.4208
181.8868 49.4208
181.8926 49.4208
181.8984 49.4208
181.9042 49.4208
181.9100 49.4208
181.9159 49.4208
181.9217 49.4208
181.9275 49.4208
181.9333 49.4208
181.9391 49.4208
181.9449 49.4208
181.9508 49.4208
181.9566 49.4208
181.9624 49.4208
181.9682 49.4208
181.9740 49.4208
181.9798 49.4208
181.9857 49.4208
181.9915 49.4208
181.9973 49.4208
182.0031 49.4208
182.0089 49.4208
182.0147 49.4208
182.0206 49.4208
182.0264 49.4208
182.0322 49.4208
182.0380 49.4208
182.0438 49.4208
182.0497 49.4208
182.0555 49.4208
182.0613 49.4208
182.0671 49.4208
182.0729 49.4208
182.0787 49.4208
182.0846 49.4208
182.0904 49.4208
182.0962 49.4208
182.1020 49.4208
182.1078 49.4208
182.1136 49.4208
182.1195 49.4208
182.1253 49.4208
182.1311 49.4208
182.1369 49.4208
182.1427 49.4208
182.1485 49.4208
182.1544 49.4208
182.1602 49.4208
182.1660 49.4208
182.1718 49.4208
182.1776 49.4208
182.1834 49.4208
182.1893 49.4208
182.1951 49.4208
182.2009 49.4208
182.2067 49.4208
182.2125 49.4208
182.2183 49.4208
182.2242 49.4208
182.2300 49.4208
182.2358 49.4208
182.2416 49.4208
182.2474 49.4208
182.2532 49.4208
182.2591 49.4208
182.2649 49.4208
182.2707 49.4208
182.2765 49.4208
182.2823 49.4208
182.2881 49.4208
182.2940 49.4208
182.2998 49.4208
182.3056 49.4208
182.3114 49.4208
182.3172 49.4208
182.3230 49.4208
182.3289 49.4208
182.3347 49.4208
182.3405 49.4208
182.3463 49.4208
182.3521 49.4208
182.3579 49.4208
182.3638 49.4208
182.3696 49.4208
182.3754 49.4208
182.3812 49.4208
182.3870 49.4208
182.3928 49.4208
182.3987 49.4208
182.4045 49.4208
182.4103 49.4208
182.4161 49.4208
182.4219 49.4208
182.4277 49.4208
182.4336 49.4208
182.4394 49.4208
182.4452 49.4208
182.4510 49.4208
182.4568 49.4208
182.4626 49.4208
182.4685 49.4208
182.4743 49.4208
182.4801 49.4208
182.4859 49.4208
182.4917 49.4208
182.4975 49.4208
182.5034 49.4208
182.5092 49.4208
182.5150 49.4208
182.5208 49.4208
182.5266 49.4208
182.5324 49.4208
182.5383 49.4208
182.5441 49.4208
182.5499 49.4208
182.5557 49.4208
182.5615 49.4208
182.5673 49.4208
182.5732 49.4208
182.5790 49.4208
182.5848 49.4208
182.5906 49.4208
182.5964 49.4208
182.6022 49.4208
182.6081 49.4208
182.6139 49.4208
182.6197 49.4208
182.6255 49.4208
182.6313 49.4208
182.6371 49.4208
182.6430 49.4208
182.6488 49.4208
182.6546 49.4208
182.6604 49.4208
182.6662 49.4208
182.6720 49.4208
182.6779 49.4208
182.6837 49.4208
182.6895 49.4208
182.6953 49.4208
182.7011 49.4208
182.7069 49.4208
182.7128 49.4208
182.7186 49.4208
182.7244 49.4208
182.7302 49.4208
182.7360 49.4208
182.7418 49.4208
182.7477 49.4208
182.7535 49.4208
182.7593 49.4208
182.7651 49.4208
182.7709 49.4208
182.7767 49.4208
182.7826 49.4208
182.7884 49.4208
182.7942 49.4208
182.8000 49.4208
182.8058 49.4208
182.8116 49.4208
182.8175 49.4208
182.8233 49.4208
182.8291 49.4208
182.8349 49.4208
182.8407 49.4208
182.8465 49.4208
182.8524 49.4208
182.8582 49.4208
182.8640 49.4208
182.8698 49.4208
182.8756 49.4208
182.8814 49.4208
182.8873 49.4208
182.8931 49.4208
182.8989 49.4208
182.9047 49.4208
182.9105 49.4208
182.9163 49.4208
182.9222 49.4208
182.9280 49.4208
182.9338 49.4208
182.9396 49.4208
182.9454 49.4208
182.9512 49.4208
182.9571 49.4208
182.9629 49.4208
182.9687 49.4208
182.9745 49.4208
182.9803 49.4208
182.9862 49.4208
182.9920 49.4208
182.9978 49.4208
183.0036 49.4208
183.0094 49.4208
183.0152 49.4208
183.0211 49.4208
183.0269 49.4208
183.0327 49.4208
183.0385 49.4208
183.0443 49.4208
183.0501 49.4208
183.0560 49.4208
183.0618 49.4208
183.0676 49.4208
183.0734 49.4208
183.0792 49.4208
183.0850 49.4208
183.0909 49.4208
183.0967 49.4208
183.1025 49.4208
183.1083 49.4208
183.1141 49.4208
183.1199 49.4208
183.1258 49.4208
183.1316 49.4208
183.1374 49.4208
183.1432 49.4208
183.1490 49.4208
183.1548 49.4208
183.1607 49.4208
183.1665 49.4208
183.1723 49.4208
183.1781 49.4208
183.1839 49.4208
183.1897 49.4208
183.1956 49.4208
183.2014 49.4208
183.2072 49.4208
183.2130 49.4208
183.2188 49.4208
183.2246 49.4208
183.2305 49.4208
183.2363 49.4208
183.2421 49.4208
183.2479 49.4208
183.2537 49.4208
183.2595 49.4208
183.2654 49.4208
183.2712 49.4208
183.2770 49.4208
183.2828 49.4208
183.2886 49.4208
183.2944 49.4208
183.3003 49.4208
183.3061 49.4208
183.3119 49.4208
183.3177 49.4208
183.3235 49.4208
183.3293 49.4208
183.3352 49.4208
183.3410 49.4208
183.3468 49.4208
183.3526 49.4208
183.3584 49.4208
183.3642 49.4208
183.3701 49.4208
183.3759 49.4208
183.3817 49.4208
183.3875 49.4208
183.3933 49.4208
183.3991 49.4208
183.4050 49.4208
183.4108 49.4208
183.4166 49.4208
183.4224 49.4208
183.4282 49.4208
183.4340 49.4208
183.4399 49.4208
183.4457 49.4208
183.4515 49.4208
183.4573 49.4208
183.4631 49.4208
183.4689 49.4208
183.4748 49.4208
183.4806 49.4208
183.4864 49.4208
183.4922 49.4208
183.4980 49.4208
183.5038 49.4208
183.5097 49.4208
183.5155 49.4208
183.5213 49.4208
183.5271 49.4208
183.5329 49.4208
183.5387 49.4208
183.5446 49.4208
183.5504 49.4208
183.5562 49.4208
183.5620 49.4208
183.5678 49.4208
183.5736 49.4208
183.5795 49.4208
183.5853 49.4208
183.5911 49.4208
183.5969 49.4208
183.6027 49.4208
183.6085 49.4208
183.6144 49.4208
183.6202 49.4208
183.6260 49.4208
183.6318 49.4208
183.6376 49.4208
183.6434 49.4208
183.6493 49.4208
183.6551 49.4208
183.6609 49.4208
183.6667 49.4208
183.6725 49.4208
183.6783 49.4208
183.6842 49.4208
183.6900 49.4208
183.6958 49.4208
183.7016 49.4208
183.7074 49.4208
183.7132 49.4208
183.7191 49.4208
183.7249 49.4208
183.7307 49.4208
183.7365 49.4208
183.7423 49.4208
183.7481 49.4208
183.7540 49.4208
183.7598 49.4208
183.7656 49.4208
183.7714 49.4208
183.7772 49.4208
183.7830 49.4208
183.7889 49.4208
183.7947 49.4208
183.8005 49.4208
183.8063 49.4208
183.8121 49.4208
183.8179 49.4208
183.8238 49.4208
183.8296 49.4208
183.8354 49.4208
183.8412 49.4208
183.8470 49.4208
183.8528 49.4208
183.8587 49.4208
183.8645 49.4208
183.8703 49.4208
183.8761 49.4208
183.8819 49.4208
183.8877 49.4208
183.8936 49.4208
183.8994 49.4208
183.9052 49.4208
183.9110 49.4208
183.9168 49.4208
183.9227 49.4208
183.9285 49.4208
183.9343 49.4208
183.9401 49.4208
183.9459 49.4208
183.9517 49.4208
183.9576 49.4208
183.9634 49.4208
183.9692 49.4208
183.9750 49.4208
183.9808 49.4208
183.9866 49.4208
183.9925 49.4208
183.9983 49.4208
184.0041 49.4208
184.0099 49.4208
184.0157 49.4208
184.0215 49.4208
184.0274 49.4208
184.0332 49.4208
184.0390 49.4208
184.0448 49.4208
184.0506 49.4208
184.0564 49.4208
184.0623 49.4208
184.0681 49.4208
184.0739 49.4208
184.0797 49.4208
184.0855 49.4208
184.0913 49.4208
184.0972 49.4208
184.1030 49.4208
184.1088 49.4208
184.1146 49.4208
184.1204 49.4208
184.1262 49.4208
184.1321 49.4208
184.1379 49.4208
184.1437 49.4208
184.1495 49.4208
184.1553 49.4208
184.1611 49.4208
184.1670 49.4208
184.1728 49.4208
184.1786 49.4208
184.1844 49.4208
184.1902 49.4208
184.1960 49.4208
184.2019 49.4208
184.2077 49.4208
184.2135 49.4208
184.2193 49.4208
184.2251 49.4208
184.2309 49.4208
184.2368 49.4208
184.2426 49.4208
184.2484 49.4208
184.2542 49.4208
184.2600 49.4208
184.2658 49.4208
184.2717 49.4208
184.2775 49.4208
184.2833 49.4208
184.2891 49.4208
184.2949 49.4208
184.3007 49.4208
184.3066 49.4208
184.3124 49.4208
184.3182 49.4208
184.3240 49.4208
184.3298 49.4208
184.3356 49.4208
184.3415 49.4208
184.3473 49.4208
184.3531 49.4208
184.3589 49.4208
184.3647 49.4208
184.3705 49.4208
184.3764 49.4208
184.3822 49.4208
184.3880 49.4208
184.3938 49.4208
184.3996 49.4208
184.4054 49.4208
184.4113 49.4208
184.4171 49.4208
184.4229 49.4208
184.4287 49.4208
184.4345 49.4208
184.4403 49.4208
184.4462 49.4208
184.4520 49.4208
184.4578 49.4208
184.4636 49.4208
184.4694 49.4208
184.4752 49.4208
184.4811 49.4208
184.4869 49.4208
184.4927 49.4208
184.4985 49.4208
184.5043 49.4208
184.5101 49.4208
184.5160 49.4208
184.5218 49.4208
184.5276 49.4208
184.5334 49.4208
184.5392 49.4208
184.5450 49.4208
184.5509 49.4208
184.5567 49.4208
184.5625 49.4208
184.5683 49.4208
184.5741 49.4208
184.5799 49.4208
184.5858 49.4208
184.5916 49.4208
184.5974 49.4208
184.6032 49.4208
184.6090 49.4208
184.6148 49.4208
184.6207 49.4208
184.6265 49.4208
184.6323 49.4208
184.6381 49.4208
184.6439 49.4208
184.6497 49.4208
184.6556 49.4208
184.6614 49.4208
184.6672 49.4208
184.6730 49.4208
184.6788 49.4208
184.6846 49.4208
184.6905 49.4208
184.6963 49.4208
184.7021 49.4208
184.7079 49.4208
184.7137 49.4208
184.7195 49.4208
184.7254 49.4208
184.7312 49.4208
184.7370 49.4208
184.7428 49.4208
184.7486 49.4208
184.7544 49.4208
184.7603 49.4208
184.7661 49.4208
184.7719 49.4208
184.7777 49.4208
184.7835 49.4208
184.7893 49.4208
184.7952 49.4208
184.8010 49.4208
184.8068 49.4208
184.8126 49.4208
184.8184 49.4208
184.8243 49.4208
184.8301 49.4208
184.8359 49.4208
184.8417 49.4208
184.8475 49.4208
184.8533 49.4208
184.8592 49.4208
184.8650 49.4208
184.8708 49.4208
184.8766 49.4208
184.8824 49.4208
184.8882 49.4208
184.8941 49.4208
184.8999 49.4208
184.9057 49.4208
184.9115 49.4208
184.9173 49.4208
184.9231 49.4208
184.9290 49.4208
184.9348 49.4208
184.9406 49.4208
184.9464 49.4208
184.9522 49.4208
184.9580 49.4208
184.9639 49.4208
184.9697 49.4208
184.9755 49.4208
184.9813 49.4208
184.9871 49.4208
184.9929 49.4208
184.9988 49.4208
185.0046 49.4208
185.0104 49.4208
185.0162 49.4208
185.0220 49.4208
185.0278 49.4208
185.0337 49.4208
185.0395 49.4208
185.0453 49.4208
185.0511 49.4208
185.0569 49.4208
185.0627 49.4208
185.0686 49.4208
185.0744 49.4208
185.0802 49.4208
185.0860 49.4208
185.0918 49.4208
185.0976 49.4208
185.1035 49.4208
185.1093 49.4208
185.1151 49.4208
185.1209 49.4208
185.1267 49.4208
185.1325 49.4208
185.1384 49.4208
185.1442 49.4208
185.1500 49.4208
185.1558 49.4208
185.1616 49.4208
185.1674 49.4208
185.1733 49.4208
185.1791 49.4208
185.1849 49.4208
185.1907 49.4208
185.1965 49.4208
185.2023 49.4208
185.2082 49.4208
185.2140 49.4208
185.2198 49.4208
185.2256 49.4208
185.2314 49.4208
185.2372 49.4208
185.2431 49.4208
185.2489 49.4208
185.2547 49.4208
185.2605 49.4208
185.2663 49.4208
185.2721 49.4208
185.2780 49.4208
185.2838 49.4208
185.2896 49.4208
185.2954 49.4208
185.3012 49.4208
185.3070 49.4208
185.3129 49.4208
185.3187 49.4208
185.3245 49.4208
185.3303 49.4208
185.3361 49.4208
185.3419 49.4208
185.3478 49.4208
185.3536 49.4208
185.3594 49.4208
185.3652 49.4208
185.3710 49.4208
185.3768 49.4208
185.3827 49.4208
185.3885 49.4208
185.3943 49.4208
185.4001 49.4208
185.4059 49.4208
185.4117 49.4208
185.4176 49.4208
185.4234 49.4208
185.4292 49.4208
185.4350 49.4208
185.4408 49.4208
185.4466 49.4208
185.4525 49.4208
185.4583 49.4208
185.4641 49.4208
185.4699 49.4208
185.4757 49.4208
185.4815 49.4208
185.4874 49.4208
185.4932 49.4208
185.4990 49.4208
185.5048 49.4208
185.5106 49.4208
185.5164 49.4208
185.5223 49.4208
185.5281 49.4208
185.5339 49.4208
185.5397 49.4208
185.5455 49.4208
185.5513 49.4208
185.5572 49.4208
185.5630 49.4208
185.5688 49.4208
185.5746 49.4208
185.5804 49.4208
185.5862 49.4208
185.5921 49.4208
185.5979 49.4208
185.6037 49.4208
185.6095 49.4208
185.6153 49.4208
185.6211 49.4208
185.6270 49.4208
185.6328 49.4208
185.6386 49.4208
185.6444 49.4208
185.6502 49.4208
185.6560 49.4208
185.6619 49.4208
185.6677 49.4208
185.6735 49.4208
185.6793 49.4208
185.6851 49.4208
185.6909 49.4208
185.6968 49.4208
185.7026 49.4208
185.7084 49.4208
185.7142 49.4208
185.7200 49.4208
185.7258 49.4208
185.7317 49.4208
185.7375 49.4208
185.7433 49.4208
185.7491 49.4208
185.7549 49.4208
185.7608 49.4208
185.7666 49.4208
185.7724 49.4208
185.7782 49.4208
185.7840 49.4208
185.7898 49.4208
185.7957 49.4208
185.8015 49.4208
185.8073 49.4208
185.8131 49.4208
185.8189 49.4208
185.8247 49.4208
185.8306 49.4208
185.8364 49.4208
185.8422 49.4208
185.8480 49.4208
185.8538 49.4208
185.8596 49.4208
185.8655 49.4208
185.8713 49.4208
185.8771 49.4208
185.8829 49.4208
185.8887 49.4208
185.8945 49.4208
185.9004 49.4208
185.9062 49.4208
185.9120 49.4208
185.9178 49.4208
185.9236 49.4208
185.9294 49.4208
185.9353 49.4208
185.9411 49.4208
185.9469 49.4208
185.9527 49.4208
185.9585 49.4208
185.9643 49.4208
185.9702 49.4208
185.9760 49.4208
185.9818 49.4208
185.9876 49.4208
185.9934 49.4208
185.9992 49.4208
186.0051 49.4208
186.0109 49.4208
186.0167 49.4208
186.0225 49.4208
186.0283 49.4208
186.0341 49.4208
186.0400 49.4208
186.0458 49.4208
186.0516 49.4208
186.0574 49.4208
186.0632 49.4208
186.0690 49.4208
186.0749 49.4208
186.0807 49.4208
186.0865 49.4208
186.0923 49.4208
186.0981 49.4208
186.1039 49.4208
186.1098 49.4208
186.1156 49.4208
186.1214 49.4208
186.1272 49.4208
186.1330 49.4208
186.1388 49.4208
186.1447 49.4208
186.1505 49.4208
186.1563 49.4208
186.1621 49.4208
186.1679 49.4208
186.1737 49.4208
186.1796 49.4208
186.1854 49.4208
186.1912 49.4208
186.1970 49.4208
186.2028 49.4208
186.2086 49.4208
186.2145 49.4208
186.2203 49.4208
186.2261 49.4208
186.2319 49.4208
186.2377 49.4208
186.2435 49.4208
186.2494 49.4208
186.2552 49.4208
186.2610 49.4208
186.2668 49.4208
186.2726 49.4208
186.2784 49.4208
186.2843 49.4208
186.2901 49.4208
186.2959 49.4208
186.3017 49.4208
186.3075 49.4208
186.3133 49.4208
186.3192 49.4208
186.3250 49.4208
186.3308 49.4208
186.3366 49.4208
186.3424 49.4208
186.3482 49.4208
186.3541 49.4208
186.3599 49.4208
186.3657 49.4208
186.3715 49.4208
186.3773 49.4208
186.3831 49.4208
186.3890 49.4208
186.3948 49.4208
186.4006 49.4208
186.4064 49.4208
186.4122 49.4208
186.4180 49.4208
186.4239 49.4208
186.4297 49.4208
186.4355 49.4208
186.4413 49.4208
186.4471 49.4208
186.4529 49.4208
186.4588 49.4208
186.4646 49.4208
186.4704 49.4208
186.4762 49.4208
186.4820 49.4208
186.4878 49.4208
186.4937 49.4208
186.4995 49.4208
186.5053 49.4208
186.5111 49.4208
186.5169 49.4208
186.5227 49.4208
186.5286 49.4208
186.5344 49.4208
186.5402 49.4208
186.5460 49.4208
186.5518 49.4208
186.5576 49.4208
186.5635 49.4208
186.5693 49.4208
186.5751 49.4208
186.5809 49.4208
186.5867 49.4208
186.5925 49.4208
186.5984 49.4208
186.6042 49.4208
186.6100 49.4208
186.6158 49.4208
186.6216 49.4208
186.6274 49.4208
186.6333 49.4208
186.6391 49.4208
186.6449 49.4208
186.6507 49.4208
186.6565 49.4208
186.6623 49.4208
186.6682 49.4208
186.6740 49.4208
186.6798 49.4208
186.6856 49.4208
186.6914 49.4208
186.6973 49.4208
186.7031 49.4208
186.7089 49.4208
186.7147 49.4208
186.7205 49.4208
186.7263 49.4208
186.7322 49.4208
186.7380 49.4208
186.7438 49.4208
186.7496 49.4208
186.7554 49.4208
186.7612 49.4208
186.7671 49.4208
186.7729 49.4208
186.7787 49.4208
186.7845 49.4208
186.7903 49.4208
186.7961 49.4208
186.8020 49.4208
186.8078 49.4208
186.8136 49.4208
186.8194 49.4208
186.8252 49.4208
186.8310 49.4208
186.8369 49.4208
186.8427 49.4208
186.8485 49.4208
186.8543 49.4208
186.8601 49.4208
186.8659 49.4208
186.8718 49.4208
186.8776 49.4208
186.8834 49.4208
186.8892 49.4208
186.8950 49.4208
186.9008 49.4208
186.9067 49.4208
186.9125 49.4208
186.9183 49.4208
186.9241 49.4208
186.9299 49.4208
186.9357 49.4208
186.9416 49.4208
186.9474 49.4208
186.9532 49.4208
186.9590 49.4208
186.9648 49.4208
186.9706 49.4208
186.9765 49.4208
186.9823 49.4208
186.9881 49.4208
186.9939 49.4208
186.9997 49.4208
187.0055 49.4208
187.0114 49.4208
187.0172 49.4208
187.0230 49.4208
187.0288 49.4208
187.0346 49.4208
187.0404 49.4208
187.0463 49.4208
187.0521 49.4208
187.0579 49.4208
187.0637 49.4208
187.0695 49.4208
187.0753 49.4208
187.0812 49.4208
187.0870 49.4208
187.0928 49.4208
187.0986 49.4208
187.1044 49.4208
187.1102 49.4208
187.1161 49.4208
187.1219 49.4208
187.1277 49.4208
187.1335 49.4208
187.1393 49.4208
187.1451 49.4208
187.1510 49.4208
187.1568 49.4208
187.1626 49.4208
187.1684 49.4208
187.1742 49.4208
187.1800 49.4208
187.1859 49.4208
187.1917 49.4208
187.1975 49.4208
187.2033 49.4208
187.2091 49.4208
187.2149 49.4208
187.2208 49.4208
187.2266 49.4208
187.2324 49.4208
187.2382 49.4208
187.2440 49.4208
187.2498 49.4208
187.2557 49.4208
187.2615 49.4208
187.2673 49.4208
187.2731 49.4208
187.2789 49.4208
187.2847 49.4208
187.2906 49.4208
187.2964 49.4208
187.3022 49.4208
187.3080 49.4208
187.3138 49.4208
187.3196 49.4208
187.3255 49.4208
187.3313 49.4208
187.3371 49.4208
187.3429 49.4208
187.3487 49.4208
187.3545 49.4208
187.3604 49.4208
187.3662 49.4208
187.3720 49.4208
187.3778 49.4208
187.3836 49.4208
187.3894 49.4208
187.3953 49.4208
187.4011 49.4208
187.4069 49.4208
187.4127 49.4208
187.4185 49.4208
187.4243 49.4208
187.4302 49.4208
187.4360 49.4208
187.4418 49.4208
187.4476 49.4208
187.4534 49.4208
187.4592 49.4208
187.4651 49.4208
187.4709 49.4208
187.4767 49.4208
187.4825 49.4208
187.4883 49.4208
187.4941 49.4208
187.5000 49.4208
187.5058 49.4208
187.5116 49.4208
187.5174 49.4208
187.5232 49.4208
187.5290 49.4208
187.5349 49.4208
187.5407 49.4208
187.5465 49.4208
187.5523 49.4208
187.5581 49.4208
187.5639 49.4208
187.5698 49.4208
187.5756 49.4208
187.5814 49.4208
187.5872 49.4208
187.5930 49.4208
187.5989 49.4208
187.6047 49.4208
187.6105 49.4208
187.6163 49.4208
187.6221 49.4208
187.6279 49.4208
187.6338 49.4208
187.6396 49.4208
187.6454 49.4208
187.6512 49.4208
187.6570 49.4208
187.6628 49.4208
187.6687 49.4208
187.6745 49.4208
187.6803 49.4208
187.6861 49.4208
187.6919 49.4208
187.6977 49.4208
187.7036 49.4208
187.7094 49.4208
187.7152 49.4208
187.7210 49.4208
187.7268 49.4208
187.7326 49.4208
187.7385 49.4208
187.7443 49.4208
187.7501 49.4208
187.7559 49.4208
187.7617 49.4208
187.7675 49.4208
187.7734 49.4208
187.7792 49.4208
187.7850 49.4208
187.7908 49.4208
187.7966 49.4208
187.8024 49.4208
187.8083 49.4208
187.8141 49.4208
187.8199 49.4208
187.8257 49.4208
187.8315 49.4208
187.8373 49.4208
187.8432 49.4208
187.8490 49.4208
187.8548 49.4208
187.8606 49.4208
187.8664 49.4208
187.8722 49.4208
187.8781 49.4208
187.8839 49.4208
187.8897 49.4208
187.8955 49.4208
187.9013 49.4208
187.9071 49.4208
187.9130 49.4208
187.9188 49.4208
187.9246 49.4208
187.9304 49.4208
187.9362 49.4208
187.9420 49.4208
187.9479 49.4208
187.9537 49.4208
187.9595 49.4208
187.9653 49.4208
187.9711 49.4208
187.9769 49.4208
187.9828 49.4208
187.9886 49.4208
187.9944 49.4208
188.0002 49.4208
188.0060 49.4208
188.0118 49.4208
188.0177 49.4208
188.0235 49.4208
188.0293 49.4208
188.0351 49.4208
188.0409 49.4208
188.0467 49.4208
188.0526 49.4208
188.0584 49.4208
188.0642 49.4208
188.0700 49.4208
188.0758 49.4208
188.0816 49.4208
188.0875 49.4208
188.0933 49.4208
188.0991 49.4208
188.1049 49.4208
188.1107 49.4208
188.1165 49.4208
188.1224 49.4208
188.1282 49.4208
188.1340 49.4208
188.1398 49.4208
188.1456 49.4208
188.1514 49.4208
188.1573 49.4208
188.1631 49.4208
188.1689 49.4208
188.1747 49.4208
188.1805 49.4208
188.1863 49.4208
188.1922 49.4208
188.1980 49.4208
188.2038 49.4208
188.2096 49.4208
188.2154 49.4208
188.2212 49.4208
188.2271 49.4208
188.2329 49.4208
188.2387 49.4208
188.2445 49.4208
188.2503 49.4208
188.2561 49.4208
188.2620 49.4208
188.2678 49.4208
188.2736 49.4208
188.2794 49.4208
188.2852 49.4208
188.2910 49.4208
188.2969 49.4208
188.3027 49.4208
188.3085 49.4208
188.3143 49.4208
188.3201 49.4208
188.3259 49.4208
188.3318 49.4208
188.3376 49.4208
188.3434 49.4208
188.3492 49.4208
188.3550 49.4208
188.3608 49.4208
188.3667 49.4208
188.3725 49.4208
188.3783 49.4208
188.3841 49.4208
188.3899 49.4208
188.3957 49.4208
188.4016 49.4208
188.4074 49.4208
188.4132 49.4208
188.4190 49.4208
188.4248 49.4208
188.4306 49.4208
188.4365 49.4208
188.4423 49.4208
188.4481 49.4208
188.4539 49.4208
188.4597 49.4208
188.4655 49.4208
188.4714 49.4208
188.4772 49.4208
188.4830 49.4208
188.4888 49.4208
188.4946 49.4208
188.5004 49.4208
188.5063 49.4208
188.5121 49.4208
188.5179 49.4208
188.5237 49.4208
188.5295 49.4208
188.5354 49.4208
188.5412 49.4208
188.5470 49.4208
188.5528 49.4208
188.5586 49.4208
188.5644 49.4208
188.5703 49.4208
188.5761 49.4208
188.5819 49.4208
188.5877 49.4208
188.5935 49.4208
188.5993 49.4208
188.6052 49.4208
188.6110 49.4208
188.6168 49.4208
188.6226 49.4208
188.6284 49.4208
188.6342 49.4208
188.6401 49.4208
188.6459 49.4208
188.6517 49.4208
188.6575 49.4208
188.6633 49.4208
188.6691 49.4208
188.6750 49.4208
188.6808 49.4208
188.6866 49.4208
188.6924 49.4208
188.6982 49.4208
188.7040 49.4208
188.7099 49.4208
188.7157 49.4208
188.7215 49.4208
188.7273 49.4208
188.7331 49.4208
188.7389 49.4208
188.7448 49.4208
188.7506 49.4208
188.7564 49.4208
188.7622 49.4208
188.7680 49.4208
188.7738 49.4208
188.7797 49.4208
188.7855 49.4208
188.7913 49.4208
188.7971 49.4208
188.8029 49.4208
188.8087 49.4208
188.8146 49.4208
188.8204 49.4208
188.8262 49.4208
188.8320 49.4208
188.8378 49.4208
188.8436 49.4208
188.8495 49.4208
188.8553 49.4208
188.8611 49.4208
188.8669 49.4208
188.8727 49.4208
188.8785 49.4208
188.8844 49.4208
188.8902 49.4208
188.8960 49.4208
188.9018 49.4208
188.9076 49.4208
188.9134 49.4208
188.9193 49.4208
188.9251 49.4208
188.9309 49.4208
188.9367 49.4208
188.9425 49.4208
188.9483 49.4208
188.9542 49.4208
188.9600 49.4208
188.9658 49.4208
188.9716 49.4208
188.9774 49.4208
188.9832 49.4208
188.9891 49.4208
188.9949 49.4208
189.0007 49.4208
189.0065 49.4208
189.0123 49.4208
189.0181 49.4208
189.0240 49.4208
189.0298 49.4208
189.0356 49.4208
189.0414 49.4208
189.0472 49.4208
189.0530 49.4208
189.0589 49.4208
189.0647 49.4208
189.0705 49.4208
189.0763 49.4208
189.0821 49.4208
189.0879 49.4208
189.0938 49.4208
189.0996 49.4208
189.1054 49.4208
189.1112 49.4208
189.1170 49.4208
189.1228 49.4208
189.1287 49.4208
189.1345 49.4208
189.1403 49.4208
189.1461 49.4208
189.1519 49.4208
189.1577 49.4208
189.1636 49.4208
189.1694 49.4208
189.1752 49.4208
189.1810 49.4208
189.1868 49.4208
189.1926 49.4208
189.1985 49.4208
189.2043 49.4208
189.2101 49.4208
189.2159 49.4208
189.2217 49.4208
189.2275 49.4208
189.2334 49.4208
189.2392 49.4208
189.2450 49.4208
189.2508 49.4208
189.2566 49.4208
189.2624 49.4208
189.2683 49.4208
189.2741 49.4208
189.2799 49.4208
189.2857 49.4208
189.2915 49.4208
189.2973 49.4208
189.3032 49.4208
189.3090 49.4208
189.3148 49.4208
189.3206 49.4208
189.3264 49.4208
189.3322 49.4208
189.3381 49.4208
189.3439 49.4208
189.3497 49.4208
189.3555 49.4208
189.3613 49.4208
189.3671 49.4208
189.3730 49.4208
189.3788 49.4208
189.3846 49.4208
189.3904 49.4208
189.3962 49.4208
189.4020 49.4208
189.4079 49.4208
189.4137 49.4208
189.4195 49.4208
189.4253 49.4208
189.4311 49.4208
189.4370 49.4208
189.4428 49.4208
189.4486 49.4208
189.4544 49.4208
189.4602 49.4208
189.4660 49.4208
189.4719 49.4208
189.4777 49.4208
189.4835 49.4208
189.4893 49.4208
189.4951 49.4208
189.5009 49.4208
189.5068 49.4208
189.5126 49.4208
189.5184 49.4208
189.5242 49.4208
189.5300 49.4208
189.5358 49.4208
189.5417 49.4208
189.5475 49.4208
189.5533 49.4208
189.5591 49.4208
189.5649 49.4208
189.5707 49.4208
189.5766 49.4208
189.5824 49.4208
189.5882 49.4208
189.5940 49.4208
189.5998 49.4208
189.6056 49.4208
189.6115 49.4208
189.6173 49.4208
189.6231 49.4208
189.6289 49.4208
189.6347 49.4208
189.6405 49.4208
189.6464 49.4208
189.6522 49.4208
189.6580 49.4208
189.6638 49.4208
189.6696 49.4208
189.6754 49.4208
189.6813 49.4208
189.6871 49.4208
189.6929 49.4208
189.6987 49.4208
189.7045 49.4208
189.7103 49.4208
189.7162 49.4208
189.7220 49.4208
189.7278 49.4208
189.7336 49.4208
189.7394 49.4208
189.7452 49.4208
189.7511 49.4208
189.7569 49.4208
189.7627 49.4208
189.7685 49.4208
189.7743 49.4208
189.7801 49.4208
189.7860 49.4208
189.7918 49.4208
189.7976 49.4208
189.8034 49.4208
189.8092 49.4208
189.8150 49.4208
189.8209 49.4208
189.8267 49.4208
189.8325 49.4208
189.8383 49.4208
189.8441 49.4208
189.8499 49.4208
189.8558 49.4208
189.8616 49.4208
189.8674 49.4208
189.8732 49.4208
189.8790 49.4208
189.8848 49.4208
189.8907 49.4208
189.8965 49.4208
189.9023 49.4208
189.9081 49.4208
189.9139 49.4208
189.9197 49.4208
189.9256 49.4208
189.9314 49.4208
189.9372 49.4208
189.9430 49.4208
189.9488 49.4208
189.9546 49.4208
189.9605 49.4208
189.9663 49.4208
189.9721 49.4208
189.9779 49.4208
189.9837 49.4208
189.9895 49.4208
189.9954 49.4208
190.0012 49.4208
190.0070 49.4208
190.0128 49.4208
190.0186 49.4208
190.0244 49.4208
190.0303 49.4208
190.0361 49.4208
190.0419 49.4208
190.0477 49.4208
190.0535 49.4208
190.0593 49.4208
190.0652 49.4208
190.0710 49.4208
190.0768 49.4208
190.0826 49.4208
190.0884 49.4208
190.0942 49.4208
190.1001 49.4208
190.1059 49.4208
190.1117 49.4208
190.1175 49.4208
190.1233 49.4208
190.1291 49.4208
190.1350 49.4208
190.1408 49.4208
190.1466 49.4208
190.1524 49.4208
190.1582 49.4208
190.1640 49.4208
190.1699 49.4208
190.1757 49.4208
190.1815 49.4208
190.1873 49.4208
190.1931 49.4208
190.1989 49.4208
190.2048 49.4208
190.2106 49.4208
190.2164 49.4208
190.2222 49.4208
190.2280 49.4208
190.2338 49.4208
190.2397 49.4208
190.2455 49.4208
190.2513 49.4208
190.2571 49.4208
190.2629 49.4208
190.2687 49.4208
190.2746 49.4208
190.2804 49.4208
190.2862 49.4208
190.2920 49.4208
190.2978 49.4208
190.3036 49.4208
190.3095 49.4208
190.3153 49.4208
190.3211 49.4208
190.3269 49.4208
190.3327 49.4208
190.3385 49.4208
190.3444 49.4208
190.3502 49.4208
190.3560 49.4208
190.3618 49.4208
190.3676 49.4208
190.3735 49.4208
190.3793 49.4208
190.3851 49.4208
190.3909 49.4208
190.3967 49.4208
190.4025 49.4208
190.4084 49.4208
190.4142 49.4208
190.4200 49.4208
190.4258 49.4208
190.4316 49.4208
190.4374 49.4208
190.4433 49.4208
190.4491 49.4208
190.4549 49.4208
190.4607 49.4208
190.4665 49.4208
190.4723 49.4208
190.4782 49.4208
190.4840 49.4208
190.4898 49.4208
190.4956 49.4208
190.5014 49.4208
190.5072 49.4208
190.5131 49.4208
190.5189 49.4208
190.5247 49.4208
190.5305 49.4208
190.5363 49.4208
190.5421 49.4208
190.5480 49.4208
190.5538 49.4208
190.5596 49.4208
190.5654 49.4208
190.5712 49.4208
190.5770 49.4208
190.5829 49.4208
190.5887 49.4208
190.5945 49.4208
190.6003 49.4208
190.6061 49.4208
190.6119 49.4208
190.6178 49.4208
190.6236 49.4208
190.6294 49.4208
190.6352 49.4208
190.6410 49.4208
190.6468 49.4208
190.6527 49.4208
190.6585 49.4208
190.6643 49.4208
190.6701 49.4208
190.6759 49.4208
190.6817 49.4208
190.6876 49.4208
190.6934 49.4208
190.6992 49.4208
190.7050 49.4208
190.7108 49.4208
190.7166 49.4208
190.7225 49.4208
190.7283 49.4208
190.7341 49.4208
190.7399 49.4208
190.7457 49.4208
190.7515 49.4208
190.7574 49.4208
190.7632 49.4208
190.7690 49.4208
190.7748 49.4208
190.7806 49.4208
190.7864 49.4208
190.7923 49.4208
190.7981 49.4208
190.8039 49.4208
190.8097 49.4208
190.8155 49.4208
190.8213 49.4208
190.8272 49.4208
190.8330 49.4208
190.8388 49.4208
190.8446 49.4208
190.8504 49.4208
190.8562 49.4208
190.8621 49.4208
190.8679 49.4208
190.8737 49.4208
190.8795 49.4208
190.8853 49.4208
190.8911 49.4208
190.8970 49.4208
190.9028 49.4208
190.9086 49.4208
190.9144 49.4208
190.9202 49.4208
190.9260 49.4208
190.9319 49.4208
190.9377 49.4208
190.9435 49.4208
190.9493 49.4208
190.9551 49.4208
190.9609 49.4208
190.9668 49.4208
190.9726 49.4208
190.9784 49.4208
190.9842 49.4208
190.9900 49.4208
190.9958 49.4208
191.0017 49.4208
191.0075 49.4208
191.0133 49.4208
191.0191 49.4208
191.0249 49.4208
191.0307 49.4208
191.0366 49.4208
191.0424 49.4208
191.0482 49.4208
191.0540 49.4208
191.0598 49.4208
191.0656 49.4208
191.0715 49.4208
191.0773 49.4208
191.0831 49.4208
191.0889 49.4208
191.0947 49.4208
191.1005 49.4208
191.1064 49.4208
191.1122 49.4208
191.1180 49.4208
191.1238 49.4208
191.1296 49.4208
191.1354 49.4208
191.1413 49.4208
191.1471 49.4208
191.1529 49.4208
191.1587 49.4208
191.1645 49.4208
191.1703 49.4208
191.1762 49.4208
191.1820 49.4208
191.1878 49.4208
191.1936 49.4208
191.1994 49.4208
191.2052 49.4208
191.2111 49.4208
191.2169 49.4208
191.2227 49.4208
191.2285 49.4208
191.2343 49.4208
191.2401 49.4208
191.2460 49.4208
191.2518 49.4208
191.2576 49.4208
191.2634 49.4208
191.2692 49.4208
191.2750 49.4208
191.2809 49.4208
191.2867 49.4208
191.2925 49.4208
191.2983 49.4208
191.3041 49.4208
191.3100 49.4208
191.3158 49.4208
191.3216 49.4208
191.3274 49.4208
191.3332 49.4208
191.3390 49.4208
191.3449 49.4208
191.3507 49.4208
191.3565 49.4208
191.3623 49.4208
191.3681 49.4208
191.3739 49.4208
191.3798 49.4208
191.3856 49.4208
191.3914 49.4208
191.3972 49.4208
191.4030 49.4208
191.4088 49.4208
191.4147 49.4208
191.4205 49.4208
191.4263 49.4208
191.4321 49.4208
191.4379 49.4208
191.4437 49.4208
191.4496 49.4208
191.4554 49.4208
191.4612 49.4208
191.4670 49.4208
191.4728 49.4208
191.4786 49.4208
191.4845 49.4208
191.4903 49.4208
191.4961 49.4208
191.5019 49.4208
191.5077 49.4208
191.5135 49.4208
191.5194 49.4208
191.5252 49.4208
191.5310 49.4208
191.5368 49.4208
191.5426 49.4208
191.5484 49.4208
191.5543 49.4208
191.5601 49.4208
191.5659 49.4208
191.5717 49.4208
191.5775 49.4208
191.5833 49.4208
191.5892 49.4208
191.5950 49.4208
191.6008 49.4208
191.6066 49.4208
191.6124 49.4208
191.6182 49.4208
191.6241 49.4208
191.6299 49.4208
191.6357 49.4208
191.6415 49.4208
191.6473 49.4208
191.6531 49.4208
191.6590 49.4208
191.6648 49.4208
191.6706 49.4208
191.6764 49.4208
191.6822 49.4208
191.6880 49.4208
191.6939 49.4208
191.6997 49.4208
191.7055 49.4208
191.7113 49.4208
191.7171 49.4208
191.7229 49.4208
191.7288 49.4208
191.7346 49.4208
191.7404 49.4208
191.7462 49.4208
191.7520 49.4208
191.7578 49.4208
191.7637 49.4208
191.7695 49.4208
191.7753 49.4208
191.7811 49.4208
191.7869 49.4208
191.7927 49.4208
191.7986 49.4208
191.8044 49.4208
191.8102 49.4208
191.8160 49.4208
191.8218 49.4208
191.8276 49.4208
191.8335 49.4208
191.8393 49.4208
191.8451 49.4208
191.8509 49.4208
191.8567 49.4208
191.8625 49.4208
191.8684 49.4208
191.8742 49.4208
191.8800 49.4208
191.8858 49.4208
191.8916 49.4208
191.8974 49.4208
191.9033 49.4208
191.9091 49.4208
191.9149 49.4208
191.9207 49.4208
191.9265 49.4208
191.9323 49.4208
191.9382 49.4208
191.9440 49.4208
191.9498 49.4208
191.9556 49.4208
191.9614 49.4208
191.9672 49.4208
191.9731 49.4208
191.9789 49.4208
191.9847 49.4208
191.9905 49.4208
191.9963 49.4208
192.0021 49.4208
192.0080 49.4208
192.0138 49.4208
192.0196 49.4208
192.0254 49.4208
192.0312 49.4208
192.0370 49.4208
192.0429 49.4208
192.0487 49.4208
192.0545 49.4208
192.0603 49.4208
192.0661 49.4208
192.0719 49.4208
192.0778 49.4208
192.0836 49.4208
192.0894 49.4208
192.0952 49.4208
192.1010 49.4208
192.1068 49.4208
192.1127 49.4208
192.1185 49.4208
192.1243 49.4208
192.1301 49.4208
192.1359 49.4208
192.1417 49.4208
192.1476 49.4208
192.1534 49.4208
192.1592 49.4208
192.1650 49.4208
192.1708 49.4208
192.1766 49.4208
192.1825 49.4208
192.1883 49.4208
192.1941 49.4208
192.1999 49.4208
192.2057 49.4208
192.2116 49.4208
192.2174 49.4208
192.2232 49.4208
192.2290 49.4208
192.2348 49.4208
192.2406 49.4208
192.2465 49.4208
192.2523 49.4208
192.2581 49.4208
192.2639 49.4208
192.2697 49.4208
192.2755 49.4208
192.2814 49.4208
192.2872 49.4208
192.2930 49.4208
192.2988 49.4208
192.3046 49.4208
192.3104 49.4208
192.3163 49.4208
192.3221 49.4208
192.3279 49.4208
192.3337 49.4208
192.3395 49.4208
192.3453 49.4208
192.3512 49.4208
192.3570 49.4208
192.3628 49.4208
192.3686 49.4208
192.3744 49.4208
192.3802 49.4208
192.3861 49.4208
192.3919 49.4208
192.3977 49.4208
192.4035 49.4208
192.4093 49.4208
192.4151 49.4208
192.4210 49.4208
192.4268 49.4208
192.4326 49.4208
192.4384 49.4208
192.4442 49.4208
192.4500 49.4208
192.4559 49.4208
192.4617 49.4208
192.4675 49.4208
192.4733 49.4208
192.4791 49.4208
192.4849 49.4208
192.4908 49.4208
192.4966 49.4208
192.5024 49.4208
192.5082 49.4208
192.5140 49.4208
192.5198 49.4208
192.5257 49.4208
192.5315 49.4208
192.5373 49.4208
192.5431 49.4208
192.5489 49.4208
192.5547 49.4208
192.5606 49.4208
192.5664 49.4208
192.5722 49.4208
192.5780 49.4208
192.5838 49.4208
192.5896 49.4208
192.5955 49.4208
192.6013 49.4208
192.6071 49.4208
192.6129 49.4208
192.6187 49.4208
192.6245 49.4208
192.6304 49.4208
192.6362 49.4208
192.6420 49.4208
192.6478 49.4208
192.6536 49.4208
192.6594 49.4208
192.6653 49.4208
192.6711 49.4208
192.6769 49.4208
192.6827 49.4208
192.6885 49.4208
192.6943 49.4208
192.7002 49.4208
192.7060 49.4208
192.7118 49.4208
192.7176 49.4208
192.7234 49.4208
192.7292 49.4208
192.7351 49.4208
192.7409 49.4208
192.7467 49.4208
192.7525 49.4208
192.7583 49.4208
192.7641 49.4208
192.7700 49.4208
192.7758 49.4208
192.7816 49.4208
192.7874 49.4208
192.7932 49.4208
192.7990 49.4208
192.8049 49.4208
192.8107 49.4208
192.8165 49.4208
192.8223 49.4208
192.8281 49.4208
192.8339 49.4208
192.8398 49.4208
192.8456 49.4208
192.8514 49.4208
192.8572 49.4208
192.8630 49.4208
192.8688 49.4208
192.8747 49.4208
192.8805 49.4208
192.8863 49.4208
192.8921 49.4208
192.8979 49.4208
192.9037 49.4208
192.9096 49.4208
192.9154 49.4208
192.9212 49.4208
192.9270 49.4208
192.9328 49.4208
192.9386 49.4208
192.9445 49.4208
192.9503 49.4208
192.9561 49.4208
192.9619 49.4208
192.9677 49.4208
192.9735 49.4208
192.9794 49.4208
192.9852 49.4208
192.9910 49.4208
192.9968 49.4208
193.0026 49.4208
193.0084 49.4208
193.0143 49.4208
193.0201 49.4208
193.0259 49.4208
193.0317 49.4208
193.0375 49.4208
193.0433 49.4208
193.0492 49.4208
193.0550 49.4208
193.0608 49.4208
193.0666 49.4208
193.0724 49.4208
193.0782 49.4208
193.0841 49.4208
193.0899 49.4208
193.0957 49.4208
193.1015 49.4208
193.1073 49.4208
193.1131 49.4208
193.1190 49.4208
193.1248 49.4208
193.1306 49.4208
193.1364 49.4208
193.1422 49.4208
193.1481 49.4208
193.1539 49.4208
193.1597 49.4208
193.1655 49.4208
193.1713 49.4208
193.1771 49.4208
193.1830 49.4208
193.1888 49.4208
193.1946 49.4208
193.2004 49.4208
193.2062 49.4208
193.2120 49.4208
193.2179 49.4208
193.2237 49.4208
193.2295 49.4208
193.2353 49.4208
193.2411 49.4208
193.2469 49.4208
193.2528 49.4208
193.2586 49.4208
193.2644 49.4208
193.2702 49.4208
193.2760 49.4208
193.2818 49.4208
193.2877 49.4208
193.2935 49.4208
193.2993 49.4208
193.3051 49.4208
193.3109 49.4208
193.3167 49.4208
193.3226 49.4208
193.3284 49.4208
193.3342 49.4208
193.3400 49.4208
193.3458 49.4208
193.3516 49.4208
193.3575 49.4208
193.3633 49.4208
193.3691 49.4208
193.3749 49.4208
193.3807 49.4208
193.3865 49.4208
193.3924 49.4208
193.3982 49.4208
193.4040 49.4208
193.4098 49.4208
193.4156 49.4208
193.4214 49.4208
193.4273 49.4208
193.4331 49.4208
193.4389 49.4208
193.4447 49.4208
193.4505 49.4208
193.4563 49.4208
193.4622 49.4208
193.4680 49.4208
193.4738 49.4208
193.4796 49.4208
193.4854 49.4208
193.4912 49.4208
193.4971 49.4208
193.5029 49.4208
193.5087 49.4208
193.5145 49.4208
193.5203 49.4208
193.5261 49.4208
193.5320 49.4208
193.5378 49.4208
193.5436 49.4208
193.5494 49.4208
193.5552 49.4208
193.5610 49.4208
193.5669 49.4208
193.5727 49.4208
193.5785 49.4208
193.5843 49.4208
193.5901 49.4208
193.5959 49.4208
193.6018 49.4208
193.6076 49.4208
193.6134 49.4208
193.6192 49.4208
193.6250 49.4208
193.6308 49.4208
193.6367 49.4208
193.6425 49.4208
193.6483 49.4208
193.6541 49.4208
193.6599 49.4208
193.6657 49.4208
193.6716 49.4208
193.6774 49.4208
193.6832 49.4208
193.6890 49.4208
193.6948 49.4208
193.7006 49.4208
193.7065 49.4208
193.7123 49.4208
193.7181 49.4208
193.7239 49.4208
193.7297 49.4208
193.7355 49.4208
193.7414 49.4208
193.7472 49.4208
193.7530 49.4208
193.7588 49.4208
193.7646 49.4208
193.7704 49.4208
193.7763 49.4208
193.7821 49.4208
193.7879 49.4208
193.7937 49.4208
193.7995 49.4208
193.8053 49.4208
193.8112 49.4208
193.8170 49.4208
193.8228 49.4208
193.8286 49.4208
193.8344 49.4208
193.8402 49.4208
193.8461 49.4208
193.8519 49.4208
193.8577 49.4208
193.8635 49.4208
193.8693 49.4208
193.8751 49.4208
193.8810 49.4208
193.8868 49.4208
193.8926 49.4208
193.8984 49.4208
193.9042 49.4208
193.9100 49.4208
193.9159 49.4208
193.9217 49.4208
193.9275 49.4208
193.9333 49.4208
193.9391 49.4208
193.9449 49.4208
193.9508 49.4208
193.9566 49.4208
193.9624 49.4208
193.9682 49.4208
193.9740 49.4208
193.9798 49.4208
193.9857 49.4208
193.9915 49.4208
193.9973 49.4208
194.0031 49.4208
194.0089 49.4208
194.0147 49.4208
194.0206 49.4208
194.0264 49.4208
194.0322 49.4208
194.0380 49.4208
194.0438 49.4208
194.0497 49.4208
194.0555 49.4208
194.0613 49.4208
194.0671 49.4208
194.0729 49.4208
194.0787 49.4208
194.0846 49.4208
194.0904 49.4208
194.0962 49.4208
194.1020 49.4208
194.1078 49.4208
194.1136 49.4208
194.1195 49.4208
194.1253 49.4208
194.1311 49.4208
194.1369 49.4208
194.1427 49.4208
194.1485 49.4208
194.1544 49.4208
194.1602 49.4208
194.1660 49.4208
194.1718 49.4208
194.1776 49.4208
194.1834 49.4208
194.1893 49.4208
194.1951 49.4208
194.2009 49.4208
194.2067 49.4208
194.2125 49.4208
194.2183 49.4208
194.2242 49.4208
194.2300 49.4208
194.2358 49.4208
194.2416 49.4208
194.2474 49.4208
194.2532 49.4208
194.2591 49.4208
194.2649 49.4208
194.2707 49.4208
194.2765 49.4208
194.2823 49.4208
194.2881 49.4208
194.2940 49.4208
194.2998 49.4208
194.3056 49.4208
194.3114 49.4208
194.3172 49.4208
194.3230 49.4208
194.3289 49.4208
194.3347 49.4208
194.3405 49.4208
194.3463 49.4208
194.3521 49.4208
194.3579 49.4208
194.3638 49.4208
194.3696 49.4208
194.3754 49.4208
194.3812 49.4208
194.3870 49.4208
194.3928 49.4208
194.3987 49.4208
194.4045 49.4208
194.4103 49.4208
194.4161 49.4208
194.4219 49.4208
194.4277 49.4208
194.4336 49.4208
194.4394 49.4208
194.4452 49.4208
194.4510 49.4208
194.4568 49.4208
194.4626 49.4208
194.4685 49.4208
194.4743 49.4208
194.4801 49.4208
194.4859 49.4208
194.4917 49.4208
194.4975 49.4208
194.5034 49.4208
194.5092 49.4208
194.5150 49.4208
194.5208 49.4208
194.5266 49.4208
194.5324 49.4208
194.5383 49.4208
194.5441 49.4208
194.5499 49.4208
194.5557 49.4208
194.5615 49.4208
194.5673 49.4208
194.5732 49.4208
194.5790 49.4208
194.5848 49.4208
194.5906 49.4208
194.5964 49.4208
194.6022 49.4208
194.6081 49.4208
194.6139 49.4208
194.6197 49.4208
194.6255 49.4208
194.6313 49.4208
194.6371 49.4208
194.6430 49.4208
194.6488 49.4208
194.6546 49.4208
194.6604 49.4208
194.6662 49.4208
194.6720 49.4208
194.6779 49.4208
194.6837 49.4208
194.6895 49.4208
194.6953 49.4208
194.7011 49.4208
194.7069 49.4208
194.7128 49.4208
194.7186 49.4208
194.7244 49.4208
194.7302 49.4208
194.7360 49.4208
194.7418 49.4208
194.7477 49.4208
194.7535 49.4208
194.7593 49.4208
194.7651 49.4208
194.7709 49.4208
194.7767 49.4208
194.7826 49.4208
194.7884 49.4208
194.7942 49.4208
194.8000 49.4208
194.8058 49.4208
194.8116 49.4208
194.8175 49.4208
194.8233 49.4208
194.8291 49.4208
194.8349 49.4208
194.8407 49.4208
194.8465 49.4208
194.8524 49.4208
194.8582 49.4208
194.8640 49.4208
194.8698 49.4208
194.8756 49.4208
194.8814 49.4208
194.8873 49.4208
194.8931 49.4208
194.8989 49.4208
194.9047 49.4208
194.9105 49.4208
194.9163 49.4208
194.9222 49.4208
194.9280 49.4208
194.9338 49.4208
194.9396 49.4208
194.9454 49.4208
194.9512 49.4208
194.9571 49.4208
194.9629 49.4208
194.9687 49.4208
194.9745 49.4208
194.9803 49.4208
194.9862 49.4208
194.9920 49.4208
194.9978 49.4208
195.0036 49.4208
195.0094 49.4208
195.0152 49.4208
195.0211 49.4208
195.0269 49.4208
195.0327 49.4208
195.0385 49.4208
195.0443 49.4208
195.0501 49.4208
195.0560 49.4208
195.0618 49.4208
195.0676 49.4208
195.0734 49.4208
195.0792 49.4208
195.0850 49.4208
195.0909 49.4208
195.0967 49.4208
195.1025 49.4208
195.1083 49.4208
195.1141 49.4208
195.1199 49.4208
195.1258 49.4208
195.1316 49.4208
195.1374 49.4208
195.1432 49.4208
195.1490 49.4208
195.1548 49.4208
195.1607 49.4208
195.1665 49.4208
195.1723 49.4208
195.1781 49.4208
195.1839 49.4208
195.1897 49.4208
195.1956 49.4208
195.2014 49.4208
195.2072 49.4208
195.2130 49.4208
195.2188 49.4208
195.2246 49.4208
195.2305 49.4208
195.2363 49.4208
195.2421 49.4208
195.2479 49.4208
195.2537 49.4208
195.2595 49.4208
195.2654 49.4208
195.2712 49.4208
195.2770 49.4208
195.2828 49.4208
195.2886 49.4208
195.2944 49.4208
195.3003 49.4208
195.3061 49.4208
195.3119 49.4208
195.3177 49.4208
195.3235 49.4208
195.3293 49.4208
195.3352 49.4208
195.3410 49.4208
195.3468 49.4208
195.3526 49.4208
195.3584 49.4208
195.3642 49.4208
195.3701 49.4208
195.3759 49.4208
195.3817 49.4208
195.3875 49.4208
195.3933 49.4208
195.3991 49.4208
195.4050 49.4208
195.4108 49.4208
195.4166 49.4208
195.4224 49.4208
195.4282 49.4208
195.4340 49.4208
195.4399 49.4208
195.4457 49.4208
195.4515 49.4208
195.4573 49.4208
195.4631 49.4208
195.4689 49.4208
195.4748 49.4208
195.4806 49.4208
195.4864 49.4208
195.4922 49.4208
195.4980 49.4208
195.5038 49.4208
195.5097 49.4208
195.5155 49.4208
195.5213 49.4208
195.5271 49.4208
195.5329 49.4208
195.5387 49.4208
195.5446 49.4208
195.5504 49.4208
195.5562 49.4208
195.5620 49.4208
195.5678 49.4208
195.5736 49.4208
195.5795 49.4208
195.5853 49.4208
195.5911 49.4208
195.5969 49.4208
195.6027 49.4208
195.6085 49.4208
195.6144 49.4208
195.6202 49.4208
195.6260 49.4208
195.6318 49.4208
195.6376 49.4208
195.6434 49.4208
195.6493 49.4208
195.6551 49.4208
195.6609 49.4208
195.6667 49.4208
195.6725 49.4208
195.6783 49.4208
195.6842 49.4208
195.6900 49.4208
195.6958 49.4208
195.7016 49.4208
195.7074 49.4208
195.7132 49.4208
195.7191 49.4208
195.7249 49.4208
195.7307 49.4208
195.7365 49.4208
195.7423 49.4208
195.7481 49.4208
195.7540 49.4208
195.7598 49.4208
195.7656 49.4208
195.7714 49.4208
195.7772 49.4208
195.7830 49.4208
195.7889 49.4208
195.7947 49.4208
195.8005 49.4208
195.8063 49.4208
195.8121 49.4208
195.8179 49.4208
195.8238 49.4208
195.8296 49.4208
195.8354 49.4208
195.8412 49.4208
195.8470 49.4208
195.8528 49.4208
195.8587 49.4208
195.8645 49.4208
195.8703 49.4208
195.8761 49.4208
195.8819 49.4208
195.8877 49.4208
195.8936 49.4208
195.8994 49.4208
195.9052 49.4208
195.9110 49.4208
195.9168 49.4208
195.9227 49.4208
195.9285 49.4208
195.9343 49.4208
195.9401 49.4208
195.9459 49.4208
195.9517 49.4208
195.9576 49.4208
195.9634 49.4208
195.9692 49.4208
195.9750 49.4208
195.9808 49.4208
195.9866 49.4208
195.9925 49.4208
195.9983 49.4208
196.0041 49.4208
196.0099 49.4208
196.0157 49.4208
196.0215 49.4208
196.0274 49.4208
196.0332 49.4208
196.0390 49.4208
196.0448 49.4208
196.0506 49.4208
196.0564 49.4208
196.0623 49.4208
196.0681 49.4208
196.0739 49.4208
196.0797 49.4208
196.0855 49.4208
196.0913 49.4208
196.0972 49.4208
196.1030 49.4208
196.1088 49.4208
196.1146 49.4208
196.1204 49.4208
196.1262 49.4208
196.1321 49.4208
196.1379 49.4208
196.1437 49.4208
196.1495 49.4208
196.1553 49.4208
196.1611 49.4208
196.1670 49.4208
196.1728 49.4208
196.1786 49.4208
196.1844 49.4208
196.1902 49.4208
196.1960 49.4208
196.2019 49.4208
196.2077 49.4208
196.2135 49.4208
196.2193 49.4208
196.2251 49.4208
196.2309 49.4208
196.2368 49.4208
196.2426 49.4208
196.2484 49.4208
196.2542 49.4208
196.2600 49.4208
196.2658 49.4208
196.2717 49.4208
196.2775 49.4208
196.2833 49.4208
196.2891 49.4208
196.2949 49.4208
196.3007 49.4208
196.3066 49.4208
196.3124 49.4208
196.3182 49.4208
196.3240 49.4208
196.3298 49.4208
196.3356 49.4208
196.3415 49.4208
196.3473 49.4208
196.3531 49.4208
196.3589 49.4208
196.3647 49.4208
196.3705 49.4208
196.3764 49.4208
196.3822 49.4208
196.3880 49.4208
196.3938 49.4208
196.3996 49.4208
196.4054 49.4208
196.4113 49.4208
196.4171 49.4208
196.4229 49.4208
196.4287 49.4208
196.4345 49.4208
196.4403 49.4208
196.4462 49.4208
196.4520 49.4208
196.4578 49.4208
196.4636 49.4208
196.4694 49.4208
196.4752 49.4208
196.4811 49.4208
196.4869 49.4208
196.4927 49.4208
196.4985 49.4208
196.5043 49.4208
196.5101 49.4208
196.5160 49.4208
196.5218 49.4208
196.5276 49.4208
196.5334 49.4208
196.5392 49.4208
196.5450 49.4208
196.5509 49.4208
196.5567 49.4208
196.5625 49.4208
196.5683 49.4208
196.5741 49.4208
196.5799 49.4208
196.5858 49.4208
196.5916 49.4208
196.5974 49.4208
196.6032 49.4208
196.6090 49.4208
196.6148 49.4208
196.6207 49.4208
196.6265 49.4208
196.6323 49.4208
196.6381 49.4208
196.6439 49.4208
196.6497 49.4208
196.6556 49.4208
196.6614 49.4208
196.6672 49.4208
196.6730 49.4208
196.6788 49.4208
196.6846 49.4208
196.6905 49.4208
196.6963 49.4208
196.7021 49.4208
196.7079 49.4208
196.7137 49.4208
196.7195 49.4208
196.7254 49.4208
196.7312 49.4208
196.7370 49.4208
196.7428 49.4208
196.7486 49.4208
196.7544 49.4208
196.7603 49.4208
196.7661 49.4208
196.7719 49.4208
196.7777 49.4208
196.7835 49.4208
196.7893 49.4208
196.7952 49.4208
196.8010 49.4208
196.8068 49.4208
196.8126 49.4208
196.8184 49.4208
196.8243 49.4208
196.8301 49.4208
196.8359 49.4208
196.8417 49.4208
196.8475 49.4208
196.8533 49.4208
196.8592 49.4208
196.8650 49.4208
196.8708 49.4208
196.8766 49.4208
196.8824 49.4208
196.8882 49.4208
196.8941 49.4208
196.8999 49.4208
196.9057 49.4208
196.9115 49.4208
196.9173 49.4208
196.9231 49.4208
196.9290 49.4208
196.9348 49.4208
196.9406 49.4208
196.9464 49.4208
196.9522 49.4208
196.9580 49.4208
196.9639 49.4208
196.9697 49.4208
196.9755 49.4208
196.9813 49.4208
196.9871 49.4208
196.9929 49.4208
196.9988 49.4208
197.0046 49.4208
197.0104 49.4208
197.0162 49.4208
197.0220 49.4208
197.0278 49.4208
197.0337 49.4208
197.0395 49.4208
197.0453 49.4208
197.0511 49.4208
197.0569 49.4208
197.0627 49.4208
197.0686 49.4208
197.0744 49.4208
197.0802 49.4208
197.0860 49.4208
197.0918 49.4208
197.0976 49.4208
197.1035 49.4208
197.1093 49.4208
197.1151 49.4208
197.1209 49.4208
197.1267 49.4208
197.1325 49.4208
197.1384 49.4208
197.1442 49.4208
197.1500 49.4208
197.1558 49.4208
197.1616 49.4208
197.1674 49.4208
197.1733 49.4208
197.1791 49.4208
197.1849 49.4208
197.1907 49.4208
197.1965 49.4208
197.2023 49.4208
197.2082 49.4208
197.2140 49.4208
197.2198 49.4208
197.2256 49.4208
197.2314 49.4208
197.2372 49.4208
197.2431 49.4208
197.2489 49.4208
197.2547 49.4208
197.2605 49.4208
197.2663 49.4208
197.2721 49.4208
197.2780 49.4208
197.2838 49.4208
197.2896 49.4208
197.2954 49.4208
197.3012 49.4208
197.3070 49.4208
197.3129 49.4208
197.3187 49.4208
197.3245 49.4208
197.3303 49.4208
197.3361 49.4208
197.3419 49.4208
197.3478 49.4208
197.3536 49.4208
197.3594 49.4208
197.3652 49.4208
197.3710 49.4208
197.3768 49.4208
197.3827 49.4208
197.3885 49.4208
197.3943 49.4208
197.4001 49.4208
197.4059 49.4208
197.4117 49.4208
197.4176 49.4208
197.4234 49.4208
197.4292 49.4208
197.4350 49.4208
197.4408 49.4208
197.4466 49.4208
197.4525 49.4208
197.4583 49.4208
197.4641 49.4208
197.4699 49.4208
197.4757 49.4208
197.4815 49.4208
197.4874 49.4208
197.4932 49.4208
197.4990 49.4208
197.5048 49.4208
197.5106 49.4208
197.5164 49.4208
197.5223 49.4208
197.5281 49.4208
197.5339 49.4208
197.5397 49.4208
197.5455 49.4208
197.5513 49.4208
197.5572 49.4208
197.5630 49.4208
197.5688 49.4208
197.5746 49.4208
197.5804 49.4208
197.5862 49.4208
197.5921 49.4208
197.5979 49.4208
197.6037 49.4208
197.6095 49.4208
197.6153 49.4208
197.6211 49.4208
197.6270 49.4208
197.6328 49.4208
197.6386 49.4208
197.6444 49.4208
197.6502 49.4208
197.6560 49.4208
197.6619 49.4208
197.6677 49.4208
197.6735 49.4208
197.6793 49.4208
197.6851 49.4208
197.6909 49.4208
197.6968 49.4208
197.7026 49.4208
197.7084 49.4208
197.7142 49.4208
197.7200 49.4208
197.7258 49.4208
197.7317 49.4208
197.7375 49.4208
197.7433 49.4208
197.7491 49.4208
197.7549 49.4208
197.7608 49.4208
197.7666 49.4208
197.7724 49.4208
197.7782 49.4208
197.7840 49.4208
197.7898 49.4208
197.7957 49.4208
197.8015 49.4208
197.8073 49.4208
197.8131 49.4208
197.8189 49.4208
197.8247 49.4208
197.8306 49.4208
197.8364 49.4208
197.8422 49.4208
197.8480 49.4208
197.8538 49.4208
197.8596 49.4208
197.8655 49.4208
197.8713 49.4208
197.8771 49.4208
197.8829 49.4208
197.8887 49.4208
197.8945 49.4208
197.9004 49.4208
197.9062 49.4208
197.9120 49.4208
197.9178 49.4208
197.9236 49.4208
197.9294 49.4208
197.9353 49.4208
197.9411 49.4208
197.9469 49.4208
197.9527 49.4208
197.9585 49.4208
197.9643 49.4208
197.9702 49.4208
197.9760 49.4208
197.9818 49.4208
197.9876 49.4208
197.9934 49.4208
197.9992 49.4208
198.0051 49.4208
198.0109 49.4208
198.0167 49.4208
198.0225 49.4208
198.0283 49.4208
198.0341 49.4208
198.0400 49.4208
198.0458 49.4208
198.0516 49.4208
198.0574 49.4208
198.0632 49.4208
198.0690 49.4208
198.0749 49.4208
198.0807 49.4208
198.0865 49.4208
198.0923 49.4208
198.0981 49.4208
198.1039 49.4208
198.1098 49.4208
198.1156 49.4208
198.1214 49.4208
198.1272 49.4208
198.1330 49.4208
198.1388 49.4208
198.1447 49.4208
198.1505 49.4208
198.1563 49.4208
198.1621 49.4208
198.1679 49.4208
198.1737 49.4208
198.1796 49.4208
198.1854 49.4208
198.1912 49.4208
198.1970 49.4208
198.2028 49.4208
198.2086 49.4208
198.2145 49.4208
198.2203 49.4208
198.2261 49.4208
198.2319 49.4208
198.2377 49.4208
198.2435 49.4208
198.2494 49.4208
198.2552 49.4208
198.2610 49.4208
198.2668 49.4208
198.2726 49.4208
198.2784 49.4208
198.2843 49.4208
198.2901 49.4208
198.2959 49.4208
198.3017 49.4208
198.3075 49.4208
198.3133 49.4208
198.3192 49.4208
198.3250 49.4208
198.3308 49.4208
198.3366 49.4208
198.3424 49.4208
198.3482 49.4208
198.3541 49.4208
198.3599 49.4208
198.3657 49.4208
198.3715 49.4208
198.3773 49.4208
198.3831 49.4208
198.3890 49.4208
198.3948 49.4208
198.4006 49.4208
198.4064 49.4208
198.4122 49.4208
198.4180 49.4208
198.4239 49.4208
198.4297 49.4208
198.4355 49.4208
198.4413 49.4208
198.4471 49.4208
198.4529 49.4208
198.4588 49.4208
198.4646 49.4208
198.4704 49.4208
198.4762 49.4208
198.4820 49.4208
198.4878 49.4208
198.4937 49.4208
198.4995 49.4208
198.5053 49.4208
198.5111 49.4208
198.5169 49.4208
198.5227 49.4208
198.5286 49.4208
198.5344 49.4208
198.5402 49.4208
198.5460 49.4208
198.5518 49.4208
198.5576 49.4208
198.5635 49.4208
198.5693 49.4208
198.5751 49.4208
198.5809 49.4208
198.5867 49.4208
198.5925 49.4208
198.5984 49.4208
198.6042 49.4208
198.6100 49.4208
198.6158 49.4208
198.6216 49.4208
198.6274 49.4208
198.6333 49.4208
198.6391 49.4208
198.6449 49.4208
198.6507 49.4208
198.6565 49.4208
198.6623 49.4208
198.6682 49.4208
198.6740 49.4208
198.6798 49.4208
198.6856 49.4208
198.6914 49.4208
198.6973 49.4208
198.7031 49.4208
198.7089 49.4208
198.7147 49.4208
198.7205 49.4208
198.7263 49.4208
198.7322 49.4208
198.7380 49.4208
198.7438 49.4208
198.7496 49.4208
198.7554 49.4208
198.7612 49.4208
198.7671 49.4208
198.7729 49.4208
198.7787 49.4208
198.7845 49.4208
198.7903 49.4208
198.7961 49.4208
198.8020 49.4208
198.8078 49.4208
198.8136 49.4208
198.8194 49.4208
198.8252 49.4208
198.8310 49.4208
198.8369 49.4208
198.8427 49.4208
198.8485 49.4208
198.8543 49.4208
198.8601 49.4208
198.8659 49.4208
198.8718 49.4208
198.8776 49.4208
198.8834 49.4208
198.8892 49.4208
198.8950 49.4208
198.9008 49.4208
198.9067 49.4208
198.9125 49.4208
198.9183 49.4208
198.9241 49.4208
198.9299 49.4208
198.9357 49.4208
198.9416 49.4208
198.9474 49.4208
198.9532 49.4208
198.9590 49.4208
198.9648 49.4208
198.9706 49.4208
198.9765 49.4208
198.9823 49.4208
198.9881 49.4208
198.9939 49.4208
198.9997 49.4208
199.0055 49.4208
199.0114 49.4208
199.0172 49.4208
199.0230 49.4208
199.0288 49.4208
199.0346 49.4208
199.0404 49.4208
199.0463 49.4208
199.0521 49.4208
199.0579 49.4208
199.0637 49.4208
199.0695 49.4208
199.0753 49.4208
199.0812 49.4208
199.0870 49.4208
199.0928 49.4208
199.0986 49.4208
199.1044 49.4208
199.1102 49.4208
199.1161 49.4208
199.1219 49.4208
199.1277 49.4208
199.1335 49.4208
199.1393 49.4208
199.1451 49.4208
199.1510 49.4208
199.1568 49.4208
199.1626 49.4208
199.1684 49.4208
199.1742 49.4208
199.1800 49.4208
199.1859 49.4208
199.1917 49.4208
199.1975 49.4208
199.2033 49.4208
199.2091 49.4208
199.2149 49.4208
199.2208 49.4208
199.2266 49.4208
199.2324 49.4208
199.2382 49.4208
199.2440 49.4208
199.2498 49.4208
199.2557 49.4208
199.2615 49.4208
199.2673 49.4208
199.2731 49.4208
199.2789 49.4208
199.2847 49.4208
199.2906 49.4208
199.2964 49.4208
199.3022 49.4208
199.3080 49.4208
199.3138 49.4208
199.3196 49.4208
199.3255 49.4208
199.3313 49.4208
199.3371 49.4208
199.3429 49.4208
199.3487 49.4208
199.3545 49.4208
199.3604 49.4208
199.3662 49.4208
199.3720 49.4208
199.3778 49.4208
199.3836 49.4208
199.3894 49.4208
199.3953 49.4208
199.4011 49.4208
199.4069 49.4208
199.4127 49.4208
199.4185 49.4208
199.4243 49.4208
199.4302 49.4208
199.4360 49.4208
199.4418 49.4208
199.4476 49.4208
199.4534 49.4208
199.4592 49.4208
199.4651 49.4208
199.4709 49.4208
199.4767 49.4208
199.4825 49.4208
199.4883 49.4208
199.4941 49.4208
199.5000 49.4208
199.5058 49.4208
199.5116 49.4208
199.5174 49.4208
199.5232 49.4208
199.5290 49.4208
199.5349 49.4208
199.5407 49.4208
199.5465 49.4208
199.5523 49.4208
199.5581 49.4208
199.5639 49.4208
199.5698 49.4208
199.5756 49.4208
199.5814 49.4208
199.5872 49.4208
199.5930 49.4208
199.5989 49.4208
199.6047 49.4208
199.6105 49.4208
199.6163 49.4208
199.6221 49.4208
199.6279 49.4208
199.6338 49.4208
199.6396 49.4208
199.6454 49.4208
199.6512 49.4208
199.6570 49.4208
199.6628 49.4208
199.6687 49.4208
199.6745 49.4208
199.6803 49.4208
199.6861 49.4208
199.6919 49.4208
199.6977 49.4208
199.7036 49.4208
199.7094 49.4208
199.7152 49.4208
199.7210 49.4208
199.7268 49.4208
199.7326 49.4208
199.7385 49.4208
199.7443 49.4208
199.7501 49.4208
199.7559 49.4208
199.7617 49.4208
199.7675 49.4208
199.7734 49.4208
199.7792 49.4208
199.7850 49.4208
199.7908 49.4208
199.7966 49.4208
199.8024 49.4208
199.8083 49.4208
199.8141 49.4208
199.8199 49.4208
199.8257 49.4208
199.8315 49.4208
199.8373 49.4208
199.8432 49.4208
199.8490 49.4208
199.8548 49.4208
199.8606 49.4208
199.8664 49.4208
199.8722 49.4208
199.8781 49.4208
199.8839 49.4208
199.8897 49.4208
199.8955 49.4208
199.9013 49.4208
199.9071 49.4208
199.9130 49.4208
199.9188 49.4208
199.9246 49.4208
199.9304 49.4208
199.9362 49.4208
199.9420 49.4208
199.9479 49.4208
199.9537 49.4208
199.9595 49.4208
199.9653 49.4208
199.9711 49.4208
199.9769 49.4208
199.9828 49.4208
199.9886 49.4208
199.9944 49.4208
200.0002 49.4208
200.0060 49.4208
200.0118 49.4208
200.0177 49.4208
200.0235 49.4208
200.0293 49.4208
200.0351 49.4208
200.0409 49.4208
200.0467 49.4208
200.0526 49.4208
200.0584 49.4208
200.0642 49.4208
200.0700 49.4208
200.0758 49.4208
200.0816 49.4208
200.0875 49.4208
200.0933 49.4208
200.0991 49.4208
200.1049 49.4208
200.1107 49.4208
200.1165 49.4208
200.1224 49.4208
200.1282 49.4208
200.1340 49.4208
200.1398 49.4208
200.1456 49.4208
200.1514 49.4208
200.1573 49.4208
200.1631 49.4208
200.1689 49.4208
200.1747 49.4208
200.1805 49.4208
200.1863 49.4208
200.1922 49.4208
200.1980 49.4208
200.2038 49.4208
200.2096 49.4208
200.2154 49.4208
200.2212 49.4208
200.2271 49.4208
200.2329 49.4208
200.2387 49.4208
200.2445 49.4208
200.2503 49.4208
200.2561 49.4208
200.2620 49.4208
200.2678 49.4208
200.2736 49.4208
200.2794 49.4208
200.2852 49.4208
200.2910 49.4208
200.2969 49.4208
200.3027 49.4208
200.3085 49.4208
200.3143 49.4208
200.3201 49.4208
200.3259 49.4208
200.3318 49.4208
200.3376 49.4208
200.3434 49.4208
200.3492 49.4208
200.3550 49.4208
200.3608 49.4208
200.3667 49.4208
200.3725 49.4208
200.3783 49.4208
200.3841 49.4208
200.3899 49.4208
200.3957 49.4208
200.4016 49.4208
200.4074 49.4208
200.4132 49.4208
200.4190 49.4208
200.4248 49.4208
200.4306 49.4208
200.4365 49.4208
200.4423 49.4208
200.4481 49.4208
200.4539 49.4208
200.4597 49.4208
200.4655 49.4208
200.4714 49.4208
200.4772 49.4208
200.4830 49.4208
200.4888 49.4208
200.4946 49.4208
200.5004 49.4208
200.5063 49.4208
200.5121 49.4208
200.5179 49.4208
200.5237 49.4208
200.5295 49.4208
200.5354 49.4208
200.5412 49.4208
200.5470 49.4208
200.5528 49.4208
200.5586 49.4208
200.5644 49.4208
200.5703 49.4208
200.5761 49.4208
200.5819 49.4208
200.5877 49.4208
200.5935 49.4208
200.5993 49.4208
200.6052 49.4208
200.6110 49.4208
200.6168 49.4208
200.6226 49.4208
200.6284 49.4208
200.6342 49.4208
200.6401 49.4208
200.6459 49.4208
200.6517 49.4208
200.6575 49.4208
200.6633 49.4208
200.6691 49.4208
200.6750 49.4208
200.6808 49.4208
200.6866 49.4208
200.6924 49.4208
200.6982 49.4208
200.7040 49.4208
200.7099 49.4208
200.7157 49.4208
200.7215 49.4208
200.7273 49.4208
200.7331 49.4208
200.7389 49.4208
200.7448 49.4208
200.7506 49.4208
200.7564 49.4208
200.7622 49.4208
200.7680 49.4208
200.7738 49.4208
200.7797 49.4208
200.7855 49.4208
200.7913 49.4208
200.7971 49.4208
200.8029 49.4208
200.8087 49.4208
200.8146 49.4208
200.8204 49.4208
200.8262 49.4208
200.8320 49.4208
200.8378 49.4208
200.8436 49.4208
200.8495 49.4208
200.8553 49.4208
200.8611 49.4208
200.8669 49.4208
200.8727 49.4208
200.8785 49.4208
200.8844 49.4208
200.8902 49.4208
200.8960 49.4208
200.9018 49.4208
200.9076 49.4208
200.9134 49.4208
200.9193 49.4208
200.9251 49.4208
200.9309 49.4208
200.9367 49.4208
200.9425 49.4208
200.9483 49.4208
200.9542 49.4208
200.9600 49.4208
200.9658 49.4208
200.9716 49.4208
200.9774 49.4208
200.9832 49.4208
200.9891 49.4208
200.9949 49.4208
201.0007 49.4208
201.0065 49.4208
201.0123 49.4208
201.0181 49.4208
201.0240 49.4208
201.0298 49.4208
201.0356 49.4208
201.0414 49.4208
201.0472 49.4208
201.0530 49.4208
201.0589 49.4208
201.0647 49.4208
201.0705 49.4208
201.0763 49.4208
201.0821 49.4208
201.0879 49.4208
201.0938 49.4208
201.0996 49.4208
201.1054 49.4208
201.1112 49.4208
201.1170 49.4208
201.1228 49.4208
201.1287 49.4208
201.1345 49.4208
201.1403 49.4208
201.1461 49.4208
201.1519 49.4208
201.1577 49.4208
201.1636 49.4208
201.1694 49.4208
201.1752 49.4208
201.1810 49.4208
201.1868 49.4208
201.1926 49.4208
201.1985 49.4208
201.2043 49.4208
201.2101 49.4208
201.2159 49.4208
201.2217 49.4208
201.2275 49.4208
201.2334 49.4208
201.2392 49.4208
201.2450 49.4208
201.2508 49.4208
201.2566 49.4208
201.2624 49.4208
201.2683 49.4208
201.2741 49.4208
201.2799 49.4208
201.2857 49.4208
201.2915 49.4208
201.2973 49.4208
201.3032 49.4208
201.3090 49.4208
201.3148 49.4208
201.3206 49.4208
201.3264 49.4208
201.3322 49.4208
201.3381 49.4208
201.3439 49.4208
201.3497 49.4208
201.3555 49.4208
201.3613 49.4208
201.3671 49.4208
201.3730 49.4208
201.3788 49.4208
201.3846 49.4208
201.3904 49.4208
201.3962 49.4208
201.4020 49.4208
201.4079 49.4208
201.4137 49.4208
201.4195 49.4208
201.4253 49.4208
201.4311 49.4208
201.4370 49.4208
201.4428 49.4208
201.4486 49.4208
201.4544 49.4208
201.4602 49.4208
201.4660 49.4208
201.4719 49.4208
201.4777 49.4208
201.4835 49.4208
201.4893 49.4208
201.4951 49.4208
201.5009 49.4208
201.5068 49.4208
201.5126 49.4208
201.5184 49.4208
201.5242 49.4208
201.5300 49.4208
201.5358 49.4208
201.5417 49.4208
201.5475 49.4208
201.5533 49.4208
201.5591 49.4208
201.5649 49.4208
201.5707 49.4208
201.5766 49.4208
201.5824 49.4208
201.5882 49.4208
201.5940 49.4208
201.5998 49.4208
201.6056 49.4208
201.6115 49.4208
201.6173 49.4208
201.6231 49.4208
201.6289 49.4208
201.6347 49.4208
201.6405 49.4208
201.6464 49.4208
201.6522 49.4208
201.6580 49.4208
201.6638 49.4208
201.6696 49.4208
201.6754 49.4208
201.6813 49.4208
201.6871 49.4208
201.6929 49.4208
201.6987 49.4208
201.7045 49.4208
201.7103 49.4208
201.7162 49.4208
201.7220 49.4208
201.7278 49.4208
201.7336 49.4208
201.7394 49.4208
201.7452 49.4208
201.7511 49.4208
201.7569 49.4208
201.7627 49.4208
201.7685 49.4208
201.7743 49.4208
201.7801 49.4208
201.7860 49.4208
201.7918 49.4208
201.7976 49.4208
201.8034 49.4208
201.8092 49.4208
201.8150 49.4208
201.8209 49.4208
201.8267 49.4208
201.8325 49.4208
201.8383 49.4208
201.8441 49.4208
201.8499 49.4208
201.8558 49.4208
201.8616 49.4208
201.8674 49.4208
201.8732 49.4208
201.8790 49.4208
201.8848 49.4208
201.8907 49.4208
201.8965 49.4208
201.9023 49.4208
201.9081 49.4208
201.9139 49.4208
201.9197 49.4208
201.9256 49.4208
201.9314 49.4208
201.9372 49.4208
201.9430 49.4208
201.9488 49.4208
201.9546 49.4208
201.9605 49.4208
201.9663 49.4208
201.9721 49.4208
201.9779 49.4208
201.9837 49.4208
201.9895 49.4208
201.9954 49.4208
202.0012 49.4208
202.0070 49.4208
202.0128 49.4208
202.0186 49.4208
202.0244 49.4208
202.0303 49.4208
202.0361 49.4208
202.0419 49.4208
202.0477 49.4208
202.0535 49.4208
202.0593 49.4208
202.0652 49.4208
202.0710 49.4208
202.0768 49.4208
202.0826 49.4208
202.0884 49.4208
202.0942 49.4208
202.1001 49.4208
202.1059 49.4208
202.1117 49.4208
202.1175 49.4208
202.1233 49.4208
202.1291 49.4208
202.1350 49.4208
202.1408 49.4208
202.1466 49.4208
202.1524 49.4208
202.1582 49.4208
202.1640 49.4208
202.1699 49.4208
202.1757 49.4208
202.1815 49.4208
202.1873 49.4208
202.1931 49.4208
202.1989 49.4208
202.2048 49.4208
202.2106 49.4208
202.2164 49.4208
202.2222 49.4208
202.2280 49.4208
202.2338 49.4208
202.2397 49.4208
202.2455 49.4208
202.2513 49.4208
202.2571 49.4208
202.2629 49.4208
202.2687 49.4208
202.2746 49.4208
202.2804 49.4208
202.2862 49.4208
202.2920 49.4208
202.2978 49.4208
202.3036 49.4208
202.3095 49.4208
202.3153 49.4208
202.3211 49.4208
202.3269 49.4208
202.3327 49.4208
202.3385 49.4208
202.3444 49.4208
202.3502 49.4208
202.3560 49.4208
202.3618 49.4208
202.3676 49.4208
202.3735 49.4208
202.3793 49.4208
202.3851 49.4208
202.3909 49.4208
202.3967 49.4208
202.4025 49.4208
202.4084 49.4208
202.4142 49.4208
202.4200 49.4208
202.4258 49.4208
202.4316 49.4208
202.4374 49.4208
202.4433 49.4208
202.4491 49.4208
202.4549 49.4208
202.4607 49.4208
202.4665 49.4208
202.4723 49.4208
202.4782 49.4208
202.4840 49.4208
202.4898 49.4208
202.4956 49.4208
202.5014 49.4208
202.5072 49.4208
202.5131 49.4208
202.5189 49.4208
202.5247 49.4208
202.5305 49.4208
202.5363 49.4208
202.5421 49.4208
202.5480 49.4208
202.5538 49.4208
202.5596 49.4208
202.5654 49.4208
202.5712 49.4208
202.5770 49.4208
202.5829 49.4208
202.5887 49.4208
202.5945 49.4208
202.6003 49.4208
202.6061 49.4208
202.6119 49.4208
202.6178 49.4208
202.6236 49.4208
202.6294 49.4208
202.6352 49.4208
202.6410 49.4208
202.6468 49.4208
202.6527 49.4208
202.6585 49.4208
202.6643 49.4208
202.6701 49.4208
202.6759 49.4208
202.6817 49.4208
202.6876 49.4208
202.6934 49.4208
202.6992 49.4208
202.7050 49.4208
202.7108 49.4208
202.7166 49.4208
202.7225 49.4208
202.7283 49.4208
202.7341 49.4208
202.7399 49.4208
202.7457 49.4208
202.7515 49.4208
202.7574 49.4208
202.7632 49.4208
202.7690 49.4208
202.7748 49.4208
202.7806 49.4208
202.7864 49.4208
202.7923 49.4208
202.7981 49.4208
202.8039 49.4208
202.8097 49.4208
202.8155 49.4208
202.8213 49.4208
202.8272 49.4208
202.8330 49.4208
202.8388 49.4208
202.8446 49.4208
202.8504 49.4208
202.8562 49.4208
202.8621 49.4208
202.8679 49.4208
202.8737 49.4208
202.8795 49.4208
202.8853 49.4208
202.8911 49.4208
202.8970 49.4208
202.9028 49.4208
202.9086 49.4208
202.9144 49.4208
202.9202 49.4208
202.9260 49.4208
202.9319 49.4208
202.9377 49.4208
202.9435 49.4208
202.9493 49.4208
202.9551 49.4208
202.9609 49.4208
202.9668 49.4208
202.9726 49.4208
202.9784 49.4208
202.9842 49.4208
202.9900 49.4208
202.9958 49.4208
203.0017 49.4208
203.0075 49.4208
203.0133 49.4208
203.0191 49.4208
203.0249 49.4208
203.0307 49.4208
203.0366 49.4208
203.0424 49.4208
203.0482 49.4208
203.0540 49.4208
203.0598 49.4208
203.0656 49.4208
203.0715 49.4208
203.0773 49.4208
203.0831 49.4208
203.0889 49.4208
203.0947 49.4208
203.1005 49.4208
203.1064 49.4208
203.1122 49.4208
203.1180 49.4208
203.1238 49.4208
203.1296 49.4208
203.1354 49.4208
203.1413 49.4208
203.1471 49.4208
203.1529 49.4208
203.1587 49.4208
203.1645 49.4208
203.1703 49.4208
203.1762 49.4208
203.1820 49.4208
203.1878 49.4208
203.1936 49.4208
203.1994 49.4208
203.2052 49.4208
203.2111 49.4208
203.2169 49.4208
203.2227 49.4208
203.2285 49.4208
203.2343 49.4208
203.2401 49.4208
203.2460 49.4208
203.2518 49.4208
203.2576 49.4208
203.2634 49.4208
203.2692 49.4208
203.2750 49.4208
203.2809 49.4208
203.2867 49.4208
203.2925 49.4208
203.2983 49.4208
203.3041 49.4208
203.3100 49.4208
203.3158 49.4208
203.3216 49.4208
203.3274 49.4208
203.3332 49.4208
203.3390 49.4208
203.3449 49.4208
203.3507 49.4208
203.3565 49.4208
203.3623 49.4208
203.3681 49.4208
203.3739 49.4208
203.3798 49.4208
203.3856 49.4208
203.3914 49.4208
203.3972 49.4208
203.4030 49.4208
203.4088 49.4208
203.4147 49.4208
203.4205 49.4208
203.4263 49.4208
203.4321 49.4208
203.4379 49.4208
203.4437 49.4208
203.4496 49.4208
203.4554 49.4208
203.4612 49.4208
203.4670 49.4208
203.4728 49.4208
203.4786 49.4208
203.4845 49.4208
203.4903 49.4208
203.4961 49.4208
203.5019 49.4208
203.5077 49.4208
203.5135 49.4208
203.5194 49.4208
203.5252 49.4208
203.5310 49.4208
203.5368 49.4208
203.5426 49.4208
203.5484 49.4208
203.5543 49.4208
203.5601 49.4208
203.5659 49.4208
203.5717 49.4208
203.5775 49.4208
203.5833 49.4208
203.5892 49.4208
203.5950 49.4208
203.6008 49.4208
203.6066 49.4208
203.6124 49.4208
203.6182 49.4208
203.6241 49.4208
203.6299 49.4208
203.6357 49.4208
203.6415 49.4208
203.6473 49.4208
203.6531 49.4208
203.6590 49.4208
203.6648 49.4208
203.6706 49.4208
203.6764 49.4208
203.6822 49.4208
203.6880 49.4208
203.6939 49.4208
203.6997 49.4208
203.7055 49.4208
203.7113 49.4208
203.7171 49.4208
203.7229 49.4208
203.7288 49.4208
203.7346 49.4208
203.7404 49.4208
203.7462 49.4208
203.7520 49.4208
203.7578 49.4208
203.7637 49.4208
203.7695 49.4208
203.7753 49.4208
203.7811 49.4208
203.7869 49.4208
203.7927 49.4208
203.7986 49.4208
203.8044 49.4208
203.8102 49.4208
203.8160 49.4208
203.8218 49.4208
203.8276 49.4208
203.8335 49.4208
203.8393 49.4208
203.8451 49.4208
203.8509 49.4208
203.8567 49.4208
203.8625 49.4208
203.8684 49.4208
203.8742 49.4208
203.8800 49.4208
203.8858 49.4208
203.8916 49.4208
203.8974 49.4208
203.9033 49.4208
203.9091 49.4208
203.9149 49.4208
203.9207 49.4208
203.9265 49.4208
203.9323 49.4208
203.9382 49.4208
203.9440 49.4208
203.9498 49.4208
203.9556 49.4208
203.9614 49.4208
203.9672 49.4208
203.9731 49.4208
203.9789 49.4208
203.9847 49.4208
203.9905 49.4208
203.9963 49.4208
204.0021 49.4208
204.0080 49.4208
204.0138 49.4208
204.0196 49.4208
204.0254 49.4208
204.0312 49.4208
204.0370 49.4208
204.0429 49.4208
204.0487 49.4208
204.0545 49.4208
204.0603 49.4208
204.0661 49.4208
204.0719 49.4208
204.0778 49.4208
204.0836 49.4208
204.0894 49.4208
204.0952 49.4208
204.1010 49.4208
204.1068 49.4208
204.1127 49.4208
204.1185 49.4208
204.1243 49.4208
204.1301 49.4208
204.1359 49.4208
204.1417 49.4208
204.1476 49.4208
204.1534 49.4208
204.1592 49.4208
204.1650 49.4208
204.1708 49.4208
204.1766 49.4208
204.1825 49.4208
204.1883 49.4208
204.1941 49.4208
204.1999 49.4208
204.2057 49.4208
204.2116 49.4208
204.2174 49.4208
204.2232 49.4208
204.2290 49.4208
204.2348 49.4208
204.2406 49.4208
204.2465 49.4208
204.2523 49.4208
204.2581 49.4208
204.2639 49.4208
204.2697 49.4208
204.2755 49.4208
204.2814 49.4208
204.2872 49.4208
204.2930 49.4208
204.2988 49.4208
204.3046 49.4208
204.3104 49.4208
204.3163 49.4208
204.3221 49.4208
204.3279 49.4208
204.3337 49.4208
204.3395 49.4208
204.3453 49.4208
204.3512 49.4208
204.3570 49.4208
204.3628 49.4208
204.3686 49.4208
204.3744 49.4208
204.3802 49.4208
204.3861 49.4208
204.3919 49.4208
204.3977 49.4208
204.4035 49.4208
204.4093 49.4208
204.4151 49.4208
204.4210 49.4208
204.4268 49.4208
204.4326 49.4208
204.4384 49.4208
204.4442 49.4208
204.4500 49.4208
204.4559 49.4208
204.4617 49.4208
204.4675 49.4208
204.4733 49.4208
204.4791 49.4208
204.4849 49.4208
204.4908 49.4208
204.4966 49.4208
204.5024 49.4208
204.5082 49.4208
204.5140 49.4208
204.5198 49.4208
204.5257 49.4208
204.5315 49.4208
204.5373 49.4208
204.5431 49.4208
204.5489 49.4208
204.5547 49.4208
204.5606 49.4208
204.5664 49.4208
204.5722 49.4208
204.5780 49.4208
204.5838 49.4208
204.5896 49.4208
204.5955 49.4208
204.6013 49.4208
204.6071 49.4208
204.6129 49.4208
204.6187 49.4208
204.6245 49.4208
204.6304 49.4208
204.6362 49.4208
204.6420 49.4208
204.6478 49.4208
204.6536 49.4208
204.6594 49.4208
204.6653 49.4208
204.6711 49.4208
204.6769 49.4208
204.6827 49.4208
204.6885 49.4208
204.6943 49.4208
204.7002 49.4208
204.7060 49.4208
204.7118 49.4208
204.7176 49.4208
204.7234 49.4208
204.7292 49.4208
204.7351 49.4208
204.7409 49.4208
204.7467 49.4208
204.7525 49.4208
204.7583 49.4208
204.7641 49.4208
204.7700 49.4208
204.7758 49.4208
204.7816 49.4208
204.7874 49.4208
204.7932 49.4208
204.7990 49.4208
204.8049 49.4208
204.8107 49.4208
204.8165 49.4208
204.8223 49.4208
204.8281 49.4208
204.8339 49.4208
204.8398 49.4208
204.8456 49.4208
204.8514 49.4208
204.8572 49.4208
204.8630 49.4208
204.8688 49.4208
204.8747 49.4208
204.8805 49.4208
204.8863 49.4208
204.8921 49.4208
204.8979 49.4208
204.9037 49.4208
204.9096 49.4208
204.9154 49.4208
204.9212 49.4208
204.9270 49.4208
204.9328 49.4208
204.9386 49.4208
204.9445 49.4208
204.9503 49.4208
204.9561 49.4208
204.9619 49.4208
204.9677 49.4208
204.9735 49.4208
204.9794 49.4208
204.9852 49.4208
204.9910 49.4208
204.9968 49.4208
205.0026 49.4208
205.0084 49.4208
205.0143 49.4208
205.0201 49.4208
205.0259 49.4208
205.0317 49.4208
205.0375 49.4208
205.0433 49.4208
205.0492 49.4208
205.0550 49.4208
205.0608 49.4208
205.0666 49.4208
205.0724 49.4208
205.0782 49.4208
205.0841 49.4208
205.0899 49.4208
205.0957 49.4208
205.1015 49.4208
205.1073 49.4208
205.1131 49.4208
205.1190 49.4208
205.1248 49.4208
205.1306 49.4208
205.1364 49.4208
205.1422 49.4208
205.1481 49.4208
205.1539 49.4208
205.1597 49.4208
205.1655 49.4208
205.1713 49.4208
205.1771 49.4208
205.1830 49.4208
205.1888 49.4208
205.1946 49.4208
205.2004 49.4208
205.2062 49.4208
205.2120 49.4208
205.2179 49.4208
205.2237 49.4208
205.2295 49.4208
205.2353 49.4208
205.2411 49.4208
205.2469 49.4208
205.2528 49.4208
205.2586 49.4208
205.2644 49.4208
205.2702 49.4208
205.2760 49.4208
205.2818 49.4208
205.2877 49.4208
205.2935 49.4208
205.2993 49.4208
205.3051 49.4208
205.3109 49.4208
205.3167 49.4208
205.3226 49.4208
205.3284 49.4208
205.3342 49.4208
205.3400 49.4208
205.3458 49.4208
205.3516 49.4208
205.3575 49.4208
205.3633 49.4208
205.3691 49.4208
205.3749 49.4208
205.3807 49.4208
205.3865 49.4208
205.3924 49.4208
205.3982 49.4208
205.4040 49.4208
205.4098 49.4208
205.4156 49.4208
205.4214 49.4208
205.4273 49.4208
205.4331 49.4208
205.4389 49.4208
205.4447 49.4208
205.4505 49.4208
205.4563 49.4208
205.4622 49.4208
205.4680 49.4208
205.4738 49.4208
205.4796 49.4208
205.4854 49.4208
205.4912 49.4208
205.4971 49.4208
205.5029 49.4208
205.5087 49.4208
205.5145 49.4208
205.5203 49.4208
205.5261 49.4208
205.5320 49.4208
205.5378 49.4208
205.5436 49.4208
205.5494 49.4208
205.5552 49.4208
205.5610 49.4208
205.5669 49.4208
205.5727 49.4208
205.5785 49.4208
205.5843 49.4208
205.5901 49.4208
205.5959 49.4208
205.6018 49.4208
205.6076 49.4208
205.6134 49.4208
205.6192 49.4208
205.6250 49.4208
205.6308 49.4208
205.6367 49.4208
205.6425 49.4208
205.6483 49.4208
205.6541 49.4208
205.6599 49.4208
205.6657 49.4208
205.6716 49.4208
205.6774 49.4208
205.6832 49.4208
205.6890 49.4208
205.6948 49.4208
205.7006 49.4208
205.7065 49.4208
205.7123 49.4208
205.7181 49.4208
205.7239 49.4208
205.7297 49.4208
205.7355 49.4208
205.7414 49.4208
205.7472 49.4208
205.7530 49.4208
205.7588 49.4208
205.7646 49.4208
205.7704 49.4208
205.7763 49.4208
205.7821 49.4208
205.7879 49.4208
205.7937 49.4208
205.7995 49.4208
205.8053 49.4208
205.8112 49.4208
205.8170 49.4208
205.8228 49.4208
205.8286 49.4208
205.8344 49.4208
205.8402 49.4208
205.8461 49.4208
205.8519 49.4208
205.8577 49.4208
205.8635 49.4208
205.8693 49.4208
205.8751 49.4208
205.8810 49.4208
205.8868 49.4208
205.8926 49.4208
205.8984 49.4208
205.9042 49.4208
205.9100 49.4208
205.9159 49.4208
205.9217 49.4208
205.9275 49.4208
205.9333 49.4208
205.9391 49.4208
205.9449 49.4208
205.9508 49.4208
205.9566 49.4208
205.9624 49.4208
205.9682 49.4208
205.9740 49.4208
205.9798 49.4208
205.9857 49.4208
205.9915 49.4208
205.9973 49.4208
206.0031 49.4208
206.0089 49.4208
206.0147 49.4208
206.0206 49.4208
206.0264 49.4208
206.0322 49.4208
206.0380 49.4208
206.0438 49.4208
206.0497 49.4208
206.0555 49.4208
206.0613 49.4208
206.0671 49.4208
206.0729 49.4208
206.0787 49.4208
206.0846 49.4208
206.0904 49.4208
206.0962 49.4208
206.1020 49.4208
206.1078 49.4208
206.1136 49.4208
206.1195 49.4208
206.1253 49.4208
206.1311 49.4208
206.1369 49.4208
206.1427 49.4208
206.1485 49.4208
206.1544 49.4208
206.1602 49.4208
206.1660 49.4208
206.1718 49.4208
206.1776 49.4208
206.1834 49.4208
206.1893 49.4208
206.1951 49.4208
206.2009 49.4208
206.2067 49.4208
206.2125 49.4208
206.2183 49.4208
206.2242 49.4208
206.2300 49.4208
206.2358 49.4208
206.2416 49.4208
206.2474 49.4208
206.2532 49.4208
206.2591 49.4208
206.2649 49.4208
206.2707 49.4208
206.2765 49.4208
206.2823 49.4208
206.2881 49.4208
206.2940 49.4208
206.2998 49.4208
206.3056 49.4208
206.3114 49.4208
206.3172 49.4208
206.3230 49.4208
206.3289 49.4208
206.3347 49.4208
206.3405 49.4208
206.3463 49.4208
206.3521 49.4208
206.3579 49.4208
206.3638 49.4208
206.3696 49.4208
206.3754 49.4208
206.3812 49.4208
206.3870 49.4208
206.3928 49.4208
206.3987 49.4208
206.4045 49.4208
206.4103 49.4208
206.4161 49.4208
206.4219 49.4208
206.4277 49.4208
206.4336 49.4208
206.4394 49.4208
206.4452 49.4208
206.4510 49.4208
206.4568 49.4208
206.4626 49.4208
206.4685 49.4208
206.4743 49.4208
206.4801 49.4208
206.4859 49.4208
206.4917 49.4208
206.4975 49.4208
206.5034 49.4208
206.5092 49.4208
206.5150 49.4208
206.5208 49.4208
206.5266 49.4208
206.5324 49.4208
206.5383 49.4208
206.5441 49.4208
206.5499 49.4208
206.5557 49.4208
206.5615 49.4208
206.5673 49.4208
206.5732 49.4208
206.5790 49.4208
206.5848 49.4208
206.5906 49.4208
206.5964 49.4208
206.6022 49.4208
206.6081 49.4208
206.6139 49.4208
206.6197 49.4208
206.6255 49.4208
206.6313 49.4208
206.6371 49.4208
206.6430 49.4208
206.6488 49.4208
206.6546 49.4208
206.6604 49.4208
206.6662 49.4208
206.6720 49.4208
206.6779 49.4208
206.6837 49.4208
206.6895 49.4208
206.6953 49.4208
206.7011 49.4208
206.7069 49.4208
206.7128 49.4208
206.7186 49.4208
206.7244 49.4208
206.7302 49.4208
206.7360 49.4208
206.7418 49.4208
206.7477 49.4208
206.7535 49.4208
206.7593 49.4208
206.7651 49.4208
206.7709 49.4208
206.7767 49.4208
206.7826 49.4208
206.7884 49.4208
206.7942 49.4208
206.8000 49.4208
206.8058 49.4208
206.8116 49.4208
206.8175 49.4208
206.8233 49.4208
206.8291 49.4208
206.8349 49.4208
206.8407 49.4208
206.8465 49.4208
206.8524 49.4208
206.8582 49.4208
206.8640 49.4208
206.8698 49.4208
206.8756 49.4208
206.8814 49.4208
206.8873 49.4208
206.8931 49.4208
206.8989 49.4208
206.9047 49.4208
206.9105 49.4208
206.9163 49.4208
206.9222 49.4208
206.9280 49.4208
206.9338 49.4208
206.9396 49.4208
206.9454 49.4208
206.9512 49.4208
206.9571 49.4208
206.9629 49.4208
206.9687 49.4208
206.9745 49.4208
206.9803 49.4208
206.9862 49.4208
206.9920 49.4208
206.9978 49.4208
207.0036 49.4208
207.0094 49.4208
207.0152 49.4208
207.0211 49.4208
207.0269 49.4208
207.0327 49.4208
207.0385 49.4208
207.0443 49.4208
207.0501 49.4208
207.0560 49.4208
207.0618 49.4208
207.0676 49.4208
207.0734 49.4208
207.0792 49.4208
207.0850 49.4208
207.0909 49.4208
207.0967 49.4208
207.1025 49.4208
207.1083 49.4208
207.1141 49.4208
207.1199 49.4208
207.1258 49.4208
207.1316 49.4208
207.1374 49.4208
207.1432 49.4208
207.1490 49.4208
207.1548 49.4208
207.1607 49.4208
207.1665 49.4208
207.1723 49.4208
207.1781 49.4208
207.1839 49.4208
207.1897 49.4208
207.1956 49.4208
207.2014 49.4208
207.2072 49.4208
207.2130 49.4208
207.2188 49.4208
207.2246 49.4208
207.2305 49.4208
207.2363 49.4208
207.2421 49.4208
207.2479 49.4208
207.2537 49.4208
207.2595 49.4208
207.2654 49.4208
207.2712 49.4208
207.2770 49.4208
207.2828 49.4208
207.2886 49.4208
207.2944 49.4208
207.3003 49.4208
207.3061 49.4208
207.3119 49.4208
207.3177 49.4208
207.3235 49.4208
207.3293 49.4208
207.3352 49.4208
207.3410 49.4208
207.3468 49.4208
207.3526 49.4208
207.3584 49.4208
207.3642 49.4208
207.3701 49.4208
207.3759 49.4208
207.3817 49.4208
207.3875 49.4208
207.3933 49.4208
207.3991 49.4208
207.4050 49.4208
207.4108 49.4208
207.4166 49.4208
207.4224 49.4208
207.4282 49.4208
207.4340 49.4208
207.4399 49.4208
207.4457 49.4208
207.4515 49.4208
207.4573 49.4208
207.4631 49.4208
207.4689 49.4208
207.4748 49.4208
207.4806 49.4208
207.4864 49.4208
207.4922 49.4208
207.4980 49.4208
207.5038 49.4208
207.5097 49.4208
207.5155 49.4208
207.5213 49.4208
207.5271 49.4208
207.5329 49.4208
207.5387 49.4208
207.5446 49.4208
207.5504 49.4208
207.5562 49.4208
207.5620 49.4208
207.5678 49.4208
207.5736 49.4208
207.5795 49.4208
207.5853 49.4208
207.5911 49.4208
207.5969 49.4208
207.6027 49.4208
207.6085 49.4208
207.6144 49.4208
207.6202 49.4208
207.6260 49.4208
207.6318 49.4208
207.6376 49.4208
207.6434 49.4208
207.6493 49.4208
207.6551 49.4208
207.6609 49.4208
207.6667 49.4208
207.6725 49.4208
207.6783 49.4208
207.6842 49.4208
207.6900 49.4208
207.6958 49.4208
207.7016 49.4208
207.7074 49.4208
207.7132 49.4208
207.7191 49.4208
207.7249 49.4208
207.7307 49.4208
207.7365 49.4208
207.7423 49.4208
207.7481 49.4208
207.7540 49.4208
207.7598 49.4208
207.7656 49.4208
207.7714 49.4208
207.7772 49.4208
207.7830 49.4208
207.7889 49.4208
207.7947 49.4208
207.8005 49.4208
207.8063 49.4208
207.8121 49.4208
207.8179 49.4208
207.8238 49.4208
207.8296 49.4208
207.8354 49.4208
207.8412 49.4208
207.8470 49.4208
207.8528 49.4208
207.8587 49.4208
207.8645 49.4208
207.8703 49.4208
207.8761 49.4208
207.8819 49.4208
207.8877 49.4208
207.8936 49.4208
207.8994 49.4208
207.9052 49.4208
207.9110 49.4208
207.9168 49.4208
207.9227 49.4208
207.9285 49.4208
207.9343 49.4208
207.9401 49.4208
207.9459 49.4208
207.9517 49.4208
207.9576 49.4208
207.9634 49.4208
207.9692 49.4208
207.9750 49.4208
207.9808 49.4208
207.9866 49.4208
207.9925 49.4208
207.9983 49.4208
208.0041 49.4208
208.0099 49.4208
208.0157 49.4208
208.0215 49.4208
208.0274 49.4208
208.0332 49.4208
208.0390 49.4208
208.0448 49.4208
208.0506 49.4208
208.0564 49.4208
208.0623 49.4208
208.0681 49.4208
208.0739 49.4208
208.0797 49.4208
208.0855 49.4208
208.0913 49.4208
208.0972 49.4208
208.1030 49.4208
208.1088 49.4208
208.1146 49.4208
208.1204 49.4208
208.1262 49.4208
208.1321 49.4208
208.1379 49.4208
208.1437 49.4208
208.1495 49.4208
208.1553 49.4208
208.1611 49.4208
208.1670 49.4208
208.1728 49.4208
208.1786 49.4208
208.1844 49.4208
208.1902 49.4208
208.1960 49.4208
208.2019 49.4208
208.2077 49.4208
208.2135 49.4208
208.2193 49.4208
208.2251 49.4208
208.2309 49.4208
208.2368 49.4208
208.2426 49.4208
208.2484 49.4208
208.2542 49.4208
208.2600 49.4208
208.2658 49.4208
208.2717 49.4208
208.2775 49.4208
208.2833 49.4208
208.2891 49.4208
208.2949 49.4208
208.3007 49.4208
208.3066 49.4208
208.3124 49.4208
208.3182 49.4208
208.3240 49.4208
208.3298 49.4208
208.3356 49.4208
208.3415 49.4208
208.3473 49.4208
208.3531 49.4208
208.3589 49.4208
208.3647 49.4208
208.3705 49.4208
208.3764 49.4208
208.3822 49.4208
208.3880 49.4208
208.3938 49.4208
208.3996 49.4208
208.4054 49.4208
208.4113 49.4208
208.4171 49.4208
208.4229 49.4208
208.4287 49.4208
208.4345 49.4208
208.4403 49.4208
208.4462 49.4208
208.4520 49.4208
208.4578 49.4208
208.4636 49.4208
208.4694 49.4208
208.4752 49.4208
208.4811 49.4208
208.4869 49.4208
208.4927 49.4208
208.4985 49.4208
208.5043 49.4208
208.5101 49.4208
208.5160 49.4208
208.5218 49.4208
208.5276 49.4208
208.5334 49.4208
208.5392 49.4208
208.5450 49.4208
208.5509 49.4208
208.5567 49.4208
208.5625 49.4208
208.5683 49.4208
208.5741 49.4208
208.5799 49.4208
208.5858 49.4208
208.5916 49.4208
208.5974 49.4208
208.6032 49.4208
208.6090 49.4208
208.6148 49.4208
208.6207 49.4208
208.6265 49.4208
208.6323 49.4208
208.6381 49.4208
208.6439 49.4208
208.6497 49.4208
208.6556 49.4208
208.6614 49.4208
208.6672 49.4208
208.6730 49.4208
208.6788 49.4208
208.6846 49.4208
208.6905 49.4208
208.6963 49.4208
208.7021 49.4208
208.7079 49.4208
208.7137 49.4208
208.7195 49.4208
208.7254 49.4208
208.7312 49.4208
208.7370 49.4208
208.7428 49.4208
208.7486 49.4208
208.7544 49.4208
208.7603 49.4208
208.7661 49.4208
208.7719 49.4208
208.7777 49.4208
208.7835 49.4208
208.7893 49.4208
208.7952 49.4208
208.8010 49.4208
208.8068 49.4208
208.8126 49.4208
208.8184 49.4208
208.8243 49.4208
208.8301 49.4208
208.8359 49.4208
208.8417 49.4208
208.8475 49.4208
208.8533 49.4208
208.8592 49.4208
208.8650 49.4208
208.8708 49.4208
208.8766 49.4208
208.8824 49.4208
208.8882 49.4208
208.8941 49.4208
208.8999 49.4208
208.9057 49.4208
208.9115 49.4208
208.9173 49.4208
208.9231 49.4208
208.9290 49.4208
208.9348 49.4208
208.9406 49.4208
208.9464 49.4208
208.9522 49.4208
208.9580 49.4208
208.9639 49.4208
208.9697 49.4208
208.9755 49.4208
208.9813 49.4208
208.9871 49.4208
208.9929 49.4208
208.9988 49.4208
209.0046 49.4208
209.0104 49.4208
209.0162 49.4208
209.0220 49.4208
209.0278 49.4208
209.0337 49.4208
209.0395 49.4208
209.0453 49.4208
209.0511 49.4208
209.0569 49.4208
209.0627 49.4208
209.0686 49.4208
209.0744 49.4208
209.0802 49.4208
209.0860 49.4208
209.0918 49.4208
209.0976 49.4208
209.1035 49.4208
209.1093 49.4208
209.1151 49.4208
209.1209 49.4208
209.1267 49.4208
209.1325 49.4208
209.1384 49.4208
209.1442 49.4208
209.1500 49.4208
209.1558 49.4208
209.1616 49.4208
209.1674 49.4208
209.1733 49.4208
209.1791 49.4208
209.1849 49.4208
209.1907 49.4208
209.1965 49.4208
209.2023 49.4208
209.2082 49.4208
209.2140 49.4208
209.2198 49.4208
209.2256 49.4208
209.2314 49.4208
209.2372 49.4208
209.2431 49.4208
209.2489 49.4208
209.2547 49.4208
209.2605 49.4208
209.2663 49.4208
209.2721 49.4208
209.2780 49.4208
209.2838 49.4208
209.2896 49.4208
209.2954 49.4208
209.3012 49.4208
209.3070 49.4208
209.3129 49.4208
209.3187 49.4208
209.3245 49.4208
209.3303 49.4208
209.3361 49.4208
209.3419 49.4208
209.3478 49.4208
209.3536 49.4208
209.3594 49.4208
209.3652 49.4208
209.3710 49.4208
209.3768 49.4208
209.3827 49.4208
209.3885 49.4208
209.3943 49.4208
209.4001 49.4208
209.4059 49.4208
209.4117 49.4208
209.4176 49.4208
209.4234 49.4208
209.4292 49.4208
209.4350 49.4208
209.4408 49.4208
209.4466 49.4208
209.4525 49.4208
209.4583 49.4208
209.4641 49.4208
209.4699 49.4208
209.4757 49.4208
209.4815 49.4208
209.4874 49.4208
209.4932 49.4208
209.4990 49.4208
209.5048 49.4208
209.5106 49.4208
209.5164 49.4208
209.5223 49.4208
209.5281 49.4208
209.5339 49.4208
209.5397 49.4208
209.5455 49.4208
209.5513 49.4208
209.5572 49.4208
209.5630 49.4208
209.5688 49.4208
209.5746 49.4208
209.5804 49.4208
209.5862 49.4208
209.5921 49.4208
209.5979 49.4208
209.6037 49.4208
209.6095 49.4208
209.6153 49.4208
209.6211 49.4208
209.6270 49.4208
209.6328 49.4208
209.6386 49.4208
209.6444 49.4208
209.6502 49.4208
209.6560 49.4208
209.6619 49.4208
209.6677 49.4208
209.6735 49.4208
209.6793 49.4208
209.6851 49.4208
209.6909 49.4208
209.6968 49.4208
209.7026 49.4208
209.7084 49.4208
209.7142 49.4208
209.7200 49.4208
209.7258 49.4208
209.7317 49.4208
209.7375 49.4208
209.7433 49.4208
209.7491 49.4208
209.7549 49.4208
209.7608 49.4208
209.7666 49.4208
209.7724 49.4208
209.7782 49.4208
209.7840 49.4208
209.7898 49.4208
209.7957 49.4208
209.8015 49.4208
209.8073 49.4208
209.8131 49.4208
209.8189 49.4208
209.8247 49.4208
209.8306 49.4208
209.8364 49.4208
209.8422 49.4208
209.8480 49.4208
209.8538 49.4208
209.8596 49.4208
209.8655 49.4208
209.8713 49.4208
209.8771 49.4208
209.8829 49.4208
209.8887 49.4208
209.8945 49.4208
209.9004 49.4208
209.9062 49.4208
209.9120 49.4208
209.9178 49.4208
209.9236 49.4208
209.9294 49.4208
209.9353 49.4208
209.9411 49.4208
209.9469 49.4208
209.9527 49.4208
209.9585 49.4208
209.9643 49.4208
209.9702 49.4208
209.9760 49.4208
209.9818 49.4208
209.9876 49.4208
209.9934 49.4208
209.9992 49.4208
210.0051 49.4208
210.0109 49.4208
210.0167 49.4208
210.0225 49.4208
210.0283 49.4208
210.0341 49.4208
210.0400 49.4208
210.0458 49.4208
210.0516 49.4208
210.0574 49.4208
210.0632 49.4208
210.0690 49.4208
210.0749 49.4208
210.0807 49.4208
210.0865 49.4208
210.0923 49.4208
210.0981 49.4208
210.1039 49.4208
210.1098 49.4208
210.1156 49.4208
210.1214 49.4208
210.1272 49.4208
210.1330 49.4208
210.1388 49.4208
210.1447 49.4208
210.1505 49.4208
210.1563 49.4208
210.1621 49.4208
210.1679 49.4208
210.1737 49.4208
210.1796 49.4208
210.1854 49.4208
210.1912 49.4208
210.1970 49.4208
210.2028 49.4208
210.2086 49.4208
210.2145 49.4208
210.2203 49.4208
210.2261 49.4208
210.2319 49.4208
210.2377 49.4208
210.2435 49.4208
210.2494 49.4208
210.2552 49.4208
210.2610 49.4208
210.2668 49.4208
210.2726 49.4208
210.2784 49.4208
210.2843 49.4208
210.2901 49.4208
210.2959 49.4208
210.3017 49.4208
210.3075 49.4208
210.3133 49.4208
210.3192 49.4208
210.3250 49.4208
210.3308 49.4208
210.3366 49.4208
210.3424 49.4208
210.3482 49.4208
210.3541 49.4208
210.3599 49.4208
210.3657 49.4208
210.3715 49.4208
210.3773 49.4208
210.3831 49.4208
210.3890 49.4208
210.3948 49.4208
210.4006 49.4208
210.4064 49.4208
210.4122 49.4208
210.4180 49.4208
210.4239 49.4208
210.4297 49.4208
210.4355 49.4208
210.4413 49.4208
210.4471 49.4208
210.4529 49.4208
210.4588 49.4208
210.4646 49.4208
210.4704 49.4208
210.4762 49.4208
210.4820 49.4208
210.4878 49.4208
210.4937 49.4208
210.4995 49.4208
210.5053 49.4208
210.5111 49.4208
210.5169 49.4208
210.5227 49.4208
210.5286 49.4208
210.5344 49.4208
210.5402 49.4208
210.5460 49.4208
210.5518 49.4208
210.5576 49.4208
210.5635 49.4208
210.5693 49.4208
210.5751 49.4208
210.5809 49.4208
210.5867 49.4208
210.5925 49.4208
210.5984 49.4208
210.6042 49.4208
210.6100 49.4208
210.6158 49.4208
210.6216 49.4208
210.6274 49.4208
210.6333 49.4208
210.6391 49.4208
210.6449 49.4208
210.6507 49.4208
210.6565 49.4208
210.6623 49.4208
210.6682 49.4208
210.6740 49.4208
210.6798 49.4208
210.6856 49.4208
210.6914 49.4208
210.6973 49.4208
210.7031 49.4208
210.7089 49.4208
210.7147 49.4208
210.7205 49.4208
210.7263 49.4208
210.7322 49.4208
210.7380 49.4208
210.7438 49.4208
210.7496 49.4208
210.7554 49.4208
210.7612 49.4208
210.7671 49.4208
210.7729 49.4208
210.7787 49.4208
210.7845 49.4208
210.7903 49.4208
210.7961 49.4208
210.8020 49.4208
210.8078 49.4208
210.8136 49.4208
210.8194 49.4208
210.8252 49.4208
210.8310 49.4208
210.8369 49.4208
210.8427 49.4208
210.8485 49.4208
210.8543 49.4208
210.8601 49.4208
210.8659 49.4208
210.8718 49.4208
210.8776 49.4208
210.8834 49.4208
210.8892 49.4208
210.8950 49.4208
210.9008 49.4208
210.9067 49.4208
210.9125 49.4208
210.9183 49.4208
210.9241 49.4208
210.9299 49.4208
210.9357 49.4208
210.9416 49.4208
210.9474 49.4208
210.9532 49.4208
210.9590 49.4208
210.9648 49.4208
210.9706 49.4208
210.9765 49.4208
210.9823 49.4208
210.9881 49.4208
210.9939 49.4208
210.9997 49.4208
211.0055 49.4208
211.0114 49.4208
211.0172 49.4208
211.0230 49.4208
211.0288 49.4208
211.0346 49.4208
211.0404 49.4208
211.0463 49.4208
211.0521 49.4208
211.0579 49.4208
211.0637 49.4208
211.0695 49.4208
211.0753 49.4208
211.0812 49.4208
211.0870 49.4208
211.0928 49.4208
211.0986 49.4208
211.1044 49.4208
211.1102 49.4208
211.1161 49.4208
211.1219 49.4208
211.1277 49.4208
211.1335 49.4208
211.1393 49.4208
211.1451 49.4208
211.1510 49.4208
211.1568 49.4208
211.1626 49.4208
211.1684 49.4208
211.1742 49.4208
211.1800 49.4208
211.1859 49.4208
211.1917 49.4208
211.1975 49.4208
211.2033 49.4208
211.2091 49.4208
211.2149 49.4208
211.2208 49.4208
211.2266 49.4208
211.2324 49.4208
211.2382 49.4208
211.2440 49.4208
211.2498 49.4208
211.2557 49.4208
211.2615 49.4208
211.2673 49.4208
211.2731 49.4208
211.2789 49.4208
211.2847 49.4208
211.2906 49.4208
211.2964 49.4208
211.3022 49.4208
211.3080 49.4208
211.3138 49.4208
211.3196 49.4208
211.3255 49.4208
211.3313 49.4208
211.3371 49.4208
211.3429 49.4208
211.3487 49.4208
211.3545 49.4208
211.3604 49.4208
211.3662 49.4208
211.3720 49.4208
211.3778 49.4208
211.3836 49.4208
211.3894 49.4208
211.3953 49.4208
211.4011 49.4208
211.4069 49.4208
211.4127 49.4208
211.4185 49.4208
211.4243 49.4208
211.4302 49.4208
211.4360 49.4208
211.4418 49.4208
211.4476 49.4208
211.4534 49.4208
211.4592 49.4208
211.4651 49.4208
211.4709 49.4208
211.4767 49.4208
211.4825 49.4208
211.4883 49.4208
211.4941 49.4208
211.5000 49.4208
211.5058 49.4208
211.5116 49.4208
211.5174 49.4208
211.5232 49.4208
211.5290 49.4208
211.5349 49.4208
211.5407 49.4208
211.5465 49.4208
211.5523 49.4208
211.5581 49.4208
211.5639 49.4208
211.5698 49.4208
211.5756 49.4208
211.5814 49.4208
211.5872 49.4208
211.5930 49.4208
211.5989 49.4208
211.6047 49.4208
211.6105 49.4208
211.6163 49.4208
211.6221 49.4208
211.6279 49.4208
211.6338 49.4208
211.6396 49.4208
211.6454 49.4208
211.6512 49.4208
211.6570 49.4208
211.6628 49.4208
211.6687 49.4208
211.6745 49.4208
211.6803 49.4208
211.6861 49.4208
211.6919 49.4208
211.6977 49.4208
211.7036 49.4208
211.7094 49.4208
211.7152 49.4208
211.7210 49.4208
211.7268 49.4208
211.7326 49.4208
211.7385 49.4208
211.7443 49.4208
211.7501 49.4208
211.7559 49.4208
211.7617 49.4208
211.7675 49.4208
211.7734 49.4208
211.7792 49.4208
211.7850 49.4208
211.7908 49.4208
211.7966 49.4208
211.8024 49.4208
211.8083 49.4208
211.8141 49.4208
211.8199 49.4208
211.8257 49.4208
211.8315 49.4208
211.8373 49.4208
211.8432 49.4208
211.8490 49.4208
211.8548 49.4208
211.8606 49.4208
211.8664 49.4208
211.8722 49.4208
211.8781 49.4208
211.8839 49.4208
211.8897 49.4208
211.8955 49.4208
211.9013 49.4208
211.9071 49.4208
211.9130 49.4208
211.9188 49.4208
211.9246 49.4208
211.9304 49.4208
211.9362 49.4208
211.9420 49.4208
211.9479 49.4208
211.9537 49.4208
211.9595 49.4208
211.9653 49.4208
211.9711 49.4208
211.9769 49.4208
211.9828 49.4208
211.9886 49.4208
211.9944 49.4208
212.0002 49.4208
212.0060 49.4208
212.0118 49.4208
212.0177 49.4208
212.0235 49.4208
212.0293 49.4208
212.0351 49.4208
212.0409 49.4208
212.0467 49.4208
212.0467 49.4208
212.0526 49.4208
212.0584 49.4208
212.0642 49.4208
212.0700 49.4208
212.0758 49.4208
212.0816 49.4208
212.0875 49.4208
212.0933 49.4208
212.0991 49.4208
212.1049 49.4208
212.1107 49.4208
212.1165 49.4208
212.1224 49.4208
212.1282 49.4208
212.1340 49.4208
212.1398 49.4208
212.1456 49.4208
212.1514 49.4208
212.1573 49.4208
212.1631 49.4208
212.1689 49.4208
212.1747 49.4208
212.1805 49.4208
212.1863 49.4208
212.1922 49.4208
212.1980 49.4208
212.2038 49.4208
212.2096 49.4208
212.2154 49.4208
212.2212 49.4208
212.2271 49.4208
212.2329 49.4208
212.2387 49.4208
212.2445 49.4208
212.2503 49.4208
212.2562 49.4208
212.2620 49.4208
212.2678 49.4208
212.2736 49.4208
212.2794 49.4208
212.2852 49.4208
212.2911 49.4208
212.2969 49.4208
212.3027 49.4208
212.3085 49.4208
212.3143 49.4208
212.3201 49.4208
212.3260 49.4208
212.3318 49.4208
212.3376 49.4208
212.3434 49.4208
212.3492 49.4208
212.3550 49.4208
212.3609 49.4208
212.3667 49.4208
212.3725 49.4208
212.3783 49.4208
212.3841 49.4208
212.3899 49.4208
212.3958 49.4208
212.4016 49.4208
212.4074 49.4208
212.4132 49.4208
212.4190 49.4208
212.4248 49.4208
212.4307 49.4208
212.4365 49.4208
212.4423 49.4208
212.4481 49.4208
212.4539 49.4208
212.4597 49.4208
212.4656 49.4208
212.4714 49.4208
212.4772 49.4208
212.4830 49.4208
212.4888 49.4208
212.4946 49.4208
212.5005 49.4208
212.5063 49.4208
212.5121 49.4208
212.5179 49.4208
212.5237 49.4208
212.5296 49.4208
212.5354 49.4208
212.5412 49.4208
212.5470 49.4208
212.5528 49.4208
212.5586 49.4208
212.5645 49.4208
212.5703 49.4208
212.5761 49.4208
212.5819 49.4208
212.5877 49.4208
212.5935 49.4208
212.5994 49.4208
212.6052 49.4208
212.6110 49.4208
212.6168 49.4208
212.6226 49.4208
212.6284 49.4208
212.6343 49.4208
212.6401 49.4208
212.6459 49.4208
212.6517 49.4208
212.6575 49.4208
212.6633 49.4208
212.6692 49.4208
212.6750 49.4208
212.6808 49.4208
212.6866 49.4208
212.6924 49.4208
212.6982 49.4208
212.7041 49.4207
212.7099 49.4207
212.7157 49.4207
212.7215 49.4207
212.7273 49.4207
212.7332 49.4207
212.7390 49.4207
212.7448 49.4207
212.7506 49.4207
212.7564 49.4207
212.7622 49.4207
212.7681 49.4207
212.7739 49.4207
212.7797 49.4207
212.7855 49.4207
212.7913 49.4207
212.7971 49.4207
212.8030 49.4207
212.8088 49.4207
212.8146 49.4207
212.8204 49.4207
212.8262 49.4207
212.8320 49.4207
212.8379 49.4207
212.8437 49.4207
212.8495 49.4207
212.8553 49.4207
212.8611 49.4207
212.8669 49.4207
212.8728 49.4207
212.8786 49.4207
212.8844 49.4207
212.8902 49.4207
212.8960 49.4207
212.9019 49.4207
212.9077 49.4207
212.9135 49.4207
212.9193 49.4207
212.9251 49.4207
212.9309 49.4207
212.9368 49.4207
212.9426 49.4207
212.9484 49.4207
212.9542 49.4207
212.9600 49.4207
212.9658 49.4207
212.9717 49.4207
212.9775 49.4207
212.9833 49.4207
212.9891 49.4207
212.9949 49.4207
213.0007 49.4207
213.0066 49.4206
213.0124 49.4206
213.0182 49.4206
213.0240 49.4206
213.0298 49.4206
213.0356 49.4206
213.0415 49.4206
213.0473 49.4206
213.0531 49.4206
213.0589 49.4206
213.0647 49.4206
213.0705 49.4206
213.0764 49.4206
213.0822 49.4206
213.0880 49.4206
213.0938 49.4206
213.0996 49.4206
213.1055 49.4206
213.1113 49.4206
213.1171 49.4206
213.1229 49.4206
213.1287 49.4206
213.1345 49.4206
213.1404 49.4206
213.1462 49.4206
213.1520 49.4206
213.1578 49.4206
213.1636 49.4206
213.1694 49.4206
213.1753 49.4206
213.1811 49.4206
213.1869 49.4205
213.1927 49.4205
213.1985 49.4205
213.2043 49.4205
213.2102 49.4205
213.2160 49.4205
213.2218 49.4205
213.2276 49.4205
213.2334 49.4205
213.2392 49.4205
213.2451 49.4205
213.2509 49.4205
213.2567 49.4205
213.2625 49.4205
213.2683 49.4205
213.2741 49.4205
213.2800 49.4205
213.2858 49.4205
213.2916 49.4205
213.2974 49.4205
213.3032 49.4205
213.3091 49.4205
213.3149 49.4205
213.3207 49.4205
213.3265 49.4204
213.3323 49.4204
213.3381 49.4204
213.3440 49.4204
213.3498 49.4204
213.3556 49.4204
213.3614 49.4204
213.3672 49.4204
213.3730 49.4204
213.3789 49.4204
213.3847 49.4204
213.3905 49.4204
213.3963 49.4204
213.4021 49.4204
213.4079 49.4204
213.4138 49.4204
213.4196 49.4204
213.4254 49.4204
213.4312 49.4204
213.4370 49.4203
213.4428 49.4203
213.4487 49.4203
213.4545 49.4203
213.4603 49.4203
213.4661 49.4203
213.4719 49.4203
213.4777 49.4203
213.4836 49.4203
213.4894 49.4203
213.4952 49.4203
213.5010 49.4203
213.5068 49.4203
213.5126 49.4203
213.5185 49.4203
213.5243 49.4203
213.5301 49.4203
213.5359 49.4202
213.5417 49.4202
213.5476 49.4202
213.5534 49.4202
213.5592 49.4202
213.5650 49.4202
213.5708 49.4202
213.5766 49.4202
213.5825 49.4202
213.5883 49.4202
213.5941 49.4202
213.5999 49.4202
213.6057 49.4202
213.6115 49.4202
213.6174 49.4201
213.6232 49.4201
213.6290 49.4201
213.6348 49.4201
213.6406 49.4201
213.6464 49.4201
213.6523 49.4201
213.6581 49.4201
213.6639 49.4201
213.6697 49.4201
213.6755 49.4201
213.6813 49.4201
213.6872 49.4201
213.6930 49.4200
213.6988 49.4200
213.7046 49.4200
213.7104 49.4200
213.7162 49.4200
213.7221 49.4200
213.7279 49.4200
213.7337 49.4200
213.7395 49.4200
213.7453 49.4200
213.7511 49.4200
213.7570 49.4200
213.7628 49.4199
213.7686 49.4199
213.7744 49.4199
213.7802 49.4199
213.7860 49.4199
213.7919 49.4199
213.7977 49.4199
213.8035 49.4199
213.8093 49.4199
213.8151 49.4199
213.8209 49.4199
213.8268 49.4199
213.8326 49.4198
213.8384 49.4198
213.8442 49.4198
213.8500 49.4198
213.8558 49.4198
213.8617 49.4198
213.8675 49.4198
213.8733 49.4198
213.8791 49.4198
213.8849 49.4198
213.8908 49.4197
213.8966 49.4197
213.9024 49.4197
213.9082 49.4197
213.9140 49.4197
213.9198 49.4197
213.9257 49.4197
213.9315 49.4197
213.9373 49.4197
213.9431 49.4197
213.9489 49.4196
213.9547 49.4196
213.9606 49.4196
213.9664 49.4196
213.9722 49.4196
213.9780 49.4196
213.9838 49.4196
213.9896 49.4196
213.9955 49.4196
214.0013 49.4195
214.0071 49.4195
214.0129 49.4195
214.0187 49.4195
214.0245 49.4195
214.0304 49.4195
214.0362 49.4195
214.0420 49.4195
214.0478 49.4195
214.0536 49.4194
214.0594 49.4194
214.0653 49.4194
214.0711 49.4194
214.0769 49.4194
214.0827 49.4194
214.0885 49.4194
214.0943 49.4194
214.1002 49.4193
214.1060 49.4193
214.1118 49.4193
214.1176 49.4193
214.1234 49.4193
214.1293 49.4193
214.1351 49.4193
214.1409 49.4193
214.1467 49.4192
214.1525 49.4192
214.1583 49.4192
214.1642 49.4192
214.1700 49.4192
214.1758 49.4192
214.1816 49.4192
214.1874 49.4191
214.1932 49.4191
214.1991 49.4191
214.2049 49.4191
214.2107 49.4191
214.2165 49.4191
214.2223 49.4191
214.2281 49.4191
214.2340 49.4190
214.2398 49.4190
214.2456 49.4190
214.2514 49.4190
214.2572 49.4190
214.2630 49.4190
214.2689 49.4190
214.2747 49.4189
214.2805 49.4189
214.2863 49.4189
214.2921 49.4189
214.2980 49.4189
214.3038 49.4189
214.3096 49.4188
214.3154 49.4188
214.3212 49.4188
214.3270 49.4188
214.3329 49.4188
214.3387 49.4188
214.3445 49.4188
214.3503 49.4187
214.3561 49.4187
214.3619 49.4187
214.3678 49.4187
214.3736 49.4187
214.3794 49.4187
214.3852 49.4186
214.3910 49.4186
214.3968 49.4186
214.4027 49.4186
214.4085 49.4186
214.4143 49.4186
214.4201 49.4185
214.4259 49.4185
214.4317 49.4185
214.4376 49.4185
214.4434 49.4185
214.4492 49.4185
214.4550 49.4184
214.4608 49.4184
214.4667 49.4184
214.4725 49.4184
214.4783 49.4184
214.4841 49.4184
214.4899 49.4183
214.4957 49.4183
214.5016 49.4183
214.5074 49.4183
214.5132 49.4183
214.5190 49.4182
214.5248 49.4182
214.5306 49.4182
214.5365 49.4182
214.5423 49.4182
214.5481 49.4182
214.5539 49.4181
214.5597 49.4181
214.5655 49.4181
214.5714 49.4181
214.5772 49.4181
214.5830 49.4180
214.5888 49.4180
214.5946 49.4180
214.6005 49.4180
214.6063 49.4180
214.6121 49.4179
214.6179 49.4179
214.6237 49.4179
214.6295 49.4179
214.6354 49.4179
214.6412 49.4179
214.6470 49.4178
214.6528 49.4178
214.6586 49.4178
214.6644 49.4178
214.6703 49.4177
214.6761 49.4177
214.6819 49.4177
214.6877 49.4177
214.6935 49.4177
214.6993 49.4176
214.7052 49.4176
214.7110 49.4176
214.7168 49.4176
214.7226 49.4176
214.7284 49.4175
214.7343 49.4175
214.7401 49.4175
214.7459 49.4175
214.7517 49.4175
214.7575 49.4174
214.7633 49.4174
214.7692 49.4174
214.7750 49.4174
214.7808 49.4173
214.7866 49.4173
214.7924 49.4173
214.7982 49.4173
214.8041 49.4173
214.8099 49.4172
214.8157 49.4172
214.8215 49.4172
214.8273 49.4172
214.8331 49.4171
214.8390 49.4171
214.8448 49.4171
214.8506 49.4171
214.8564 49.4170
214.8622 49.4170
214.8681 49.4170
214.8739 49.4170
214.8797 49.4170
214.8855 49.4169
214.8913 49.4169
214.8971 49.4169
214.9030 49.4169
214.9088 49.4168
214.9146 49.4168
214.9204 49.4168
214.9262 49.4168
214.9320 49.4167
214.9379 49.4167
214.9437 49.4167
214.9495 49.4167
214.9553 49.4166
214.9611 49.4166
214.9669 49.4166
214.9728 49.4166
214.9786 49.4165
214.9844 49.4165
214.9902 49.4165
214.9960 49.4165
215.0018 49.4164
215.0077 49.4164
215.0135 49.4164
215.0193 49.4164
215.0251 49.4163
215.0309 49.4163
215.0368 49.4163
215.0426 49.4162
215.0484 49.4162
215.0542 49.4162
215.0600 49.4162
215.0658 49.4161
215.0717 49.4161
215.0775 49.4161
215.0833 49.4161
215.0891 49.4160
215.0949 49.4160
215.1007 49.4160
215.1066 49.4159
215.1124 49.4159
215.1182 49.4159
215.1240 49.4159
215.1298 49.4158
215.1356 49.4158
215.1415 49.4158
215.1473 49.4158
215.1531 49.4157
215.1589 49.4157
215.1647 49.4157
215.1706 49.4156
215.1764 49.4156
215.1822 49.4156
215.1880 49.4155
215.1938 49.4155
215.1996 49.4155
215.2055 49.4155
215.2113 49.4154
215.2171 49.4154
215.2229 49.4154
215.2287 49.4153
215.2345 49.4153
215.2404 49.4153
215.2462 49.4152
215.2520 49.4152
215.2578 49.4152
215.2636 49.4152
215.2694 49.4151
215.2753 49.4151
215.2811 49.4151
215.2869 49.4150
215.2927 49.4150
215.2985 49.4150
215.3043 49.4149
215.3102 49.4149
215.3160 49.4149
215.3218 49.4148
215.3276 49.4148
215.3334 49.4148
215.3393 49.4147
215.3451 49.4147
215.3509 49.4147
215.3567 49.4147
215.3625 49.4146
215.3683 49.4146
215.3742 49.4146
215.3800 49.4145
215.3858 49.4145
215.3916 49.4145
215.3974 49.4144
215.4032 49.4144
215.4091 49.4144
215.4149 49.4143
215.4207 49.4143
215.4265 49.4143
215.4323 49.4142
215.4381 49.4142
215.4440 49.4141
215.4498 49.4141
215.4556 49.4141
215.4614 49.4140
215.4672 49.4140
215.4730 49.4140
215.4789 49.4139
215.4847 49.4139
215.4905 49.4139
215.4963 49.4138
215.5021 49.4138
215.5080 49.4138
215.5138 49.4137
215.5196 49.4137
215.5254 49.4137
215.5312 49.4136
215.5370 49.4136
215.5429 49.4135
215.5487 49.4135
215.5545 49.4135
215.5603 49.4134
215.5661 49.4134
215.5719 49.4134
215.5778 49.4133
215.5836 49.4133
215.5894 49.4132
215.5952 49.4132
215.6010 49.4132
215.6068 49.4131
215.6127 49.4131
215.6185 49.4131
215.6243 49.4130
215.6301 49.4130
215.6359 49.4129
215.6418 49.4129
215.6476 49.4129
215.6534 49.4128
215.6592 49.4128
215.6650 49.4128
215.6708 49.4127
215.6767 49.4127
215.6825 49.4126
215.6883 49.4126
215.6941 49.4126
215.6999 49.4125
215.7057 49.4125
215.7116 49.4124
215.7174 49.4124
215.7232 49.4124
215.7290 49.4123
215.7348 49.4123
215.7406 49.4122
215.7465 49.4122
215.7523 49.4122
215.7581 49.4121
215.7639 49.4121
215.7697 49.4120
215.7756 49.4120
215.7814 49.4119
215.7872 49.4119
215.7930 49.4119
215.7988 49.4118
215.8046 49.4118
215.8105 49.4117
215.8163 49.4117
215.8221 49.4116
215.8279 49.4116
215.8337 49.4116
215.8395 49.4115
215.8454 49.4115
215.8512 49.4114
215.8570 49.4114
215.8628 49.4113
215.8686 49.4113
215.8745 49.4113
215.8803 49.4112
215.8861 49.4112
215.8919 49.4111
215.8977 49.4111
215.9035 49.4110
215.9094 49.4110
215.9152 49.4109
215.9210 49.4109
215.9268 49.4109
215.9326 49.4108
215.9384 49.4108
215.9443 49.4107
215.9501 49.4107
215.9559 49.4106
215.9617 49.4106
215.9675 49.4105
215.9734 49.4105
215.9792 49.4104
215.9850 49.4104
215.9908 49.4104
215.9966 49.4103
216.0024 49.4103
216.0083 49.4102
216.0141 49.4102
216.0199 49.4101
216.0257 49.4101
216.0315 49.4100
216.0374 49.4100
216.0432 49.4099
216.0490 49.4099
216.0548 49.4098
216.0606 49.4098
216.0664 49.4097
216.0723 49.4097
216.0781 49.4096
216.0839 49.4096
216.0897 49.4095
216.0955 49.4095
216.1013 49.4094
216.1072 49.4094
216.1130 49.4093
216.1188 49.4093
216.1246 49.4092
216.1304 49.4092
216.1363 49.4091
216.1421 49.4091
216.1479 49.4090
216.1537 49.4090
216.1595 49.4089
216.1653 49.4089
216.1712 49.4088
216.1770 49.4088
216.1828 49.4087
216.1886 49.4087
216.1944 49.4086
216.2003 49.4086
216.2061 49.4085
216.2119 49.4085
216.2177 49.4084
216.2235 49.4084
216.2293 49.4083
216.2352 49.4083
216.2410 49.4082
216.2468 49.4082
216.2526 49.4081
216.2584 49.4081
216.2642 49.4080
216.2701 49.4080
216.2759 49.4079
216.2817 49.4078
216.2875 49.4078
216.2933 49.4077
216.2992 49.4077
216.3050 49.4076
216.3108 49.4076
216.3166 49.4075
216.3224 49.4075
216.3282 49.4074
216.3341 49.4074
216.3399 49.4073
216.3457 49.4072
216.3515 49.4072
216.3573 49.4071
216.3632 49.4071
216.3690 49.4070
216.3748 49.4070
216.3806 49.4069
216.3864 49.4069
216.3922 49.4068
216.3981 49.4067
216.4039 49.4067
216.4097 49.4066
216.4155 49.4066
216.4213 49.4065
216.4271 49.4065
216.4330 49.4064
216.4388 49.4063
216.4446 49.4063
216.4504 49.4062
216.4562 49.4062
216.4621 49.4061
216.4679 49.4060
216.4737 49.4060
216.4795 49.4059
216.4853 49.4059
216.4911 49.4058
216.4970 49.4058
216.5028 49.4057
216.5086 49.4056
216.5144 49.4056
216.5202 49.4055
216.5261 49.4055
216.5319 49.4054
216.5377 49.4053
216.5435 49.4053
216.5493 49.4052
216.5551 49.4051
216.5610 49.4051
216.5668 49.4050
216.5726 49.4050
216.5784 49.4049
216.5842 49.4048
216.5901 49.4048
216.5959 49.4047
216.6017 49.4047
216.6075 49.4046
216.6133 49.4045
216.6191 49.4045
216.6250 49.4044
216.6308 49.4043
216.6366 49.4043
216.6424 49.4042
216.6482 49.4042
216.6540 49.4041
216.6599 49.4040
216.6657 49.4040
216.6715 49.4039
216.6773 49.4038
216.6831 49.4038
216.6890 49.4037
216.6948 49.4036
216.7006 49.4036
216.7064 49.4035
216.7122 49.4034
216.7180 49.4034
216.7239 49.4033
216.7297 49.4032
216.7355 49.4032
216.7413 49.4031
216.7471 49.4030
216.7530 49.4030
216.7588 49.4029
216.7646 49.4028
216.7704 49.4028
216.7762 49.4027
216.7820 49.4026
216.7879 49.4026
216.7937 49.4025
216.7995 49.4024
216.8053 49.4024
216.8111 49.4023
216.8170 49.4022
216.8228 49.4022
216.8286 49.4021
216.8344 49.4020
216.8402 49.4020
216.8460 49.4019
216.8519 49.4018
216.8577 49.4018
216.8635 49.4017
216.8693 49.4016
216.8751 49.4015
216.8809 49.4015
216.8868 49.4014
216.8926 49.4013
216.8984 49.4013
216.9042 49.4012
216.9100 49.4011
216.9159 49.4010
216.9217 49.4010
216.9275 49.4009
216.9333 49.4008
216.9391 49.4008
216.9449 49.4007
216.9508 49.4006
216.9566 49.4005
216.9624 49.4005
216.9682 49.4004
216.9740 49.4003
216.9799 49.4002
216.9857 49.4002
216.9915 49.4001
216.9973 49.4000
217.0031 49.4000
217.0089 49.3999
217.0148 49.3998
217.0206 49.3997
217.0264 49.3997
217.0322 49.3996
217.0380 49.3995
217.0439 49.3994
217.0497 49.3994
217.0555 49.3993
217.0613 49.3992
217.0671 49.3991
217.0729 49.3991
217.0788 49.3990
217.0846 49.3989
217.0904 49.3988
217.0962 49.3987
217.1020 49.3987
217.1078 49.3986
217.1137 49.3985
217.1195 49.3984
217.1253 49.3984
217.1311 49.3983
217.1369 49.3982
217.1428 49.3981
217.1486 49.3980
217.1544 49.3980
217.1602 49.3979
217.1660 49.3978
217.1718 49.3977
217.1777 49.3977
217.1835 49.3976
217.1893 49.3975
217.1951 49.3974
217.2009 49.3973
217.2068 49.3973
217.2126 49.3972
217.2184 49.3971
217.2242 49.3970
217.2300 49.3969
217.2358 49.3968
217.2417 49.3968
217.2475 49.3967
217.2533 49.3966
217.2591 49.3965
217.2649 49.3964
217.2708 49.3964
217.2766 49.3963
217.2824 49.3962
217.2882 49.3961
217.2940 49.3960
217.2999 49.3959
217.3057 49.3959
217.3115 49.3958
217.3173 49.3957
217.3231 49.3956
217.3289 49.3955
217.3348 49.3954
217.3406 49.3954
217.3464 49.3953
217.3522 49.3952
217.3580 49.3951
217.3639 49.3950
217.3697 49.3949
217.3755 49.3948
217.3813 49.3948
217.3871 49.3947
217.3929 49.3946
217.3988 49.3945
217.4046 49.3944
217.4104 49.3943
217.4162 49.3942
217.4220 49.3941
217.4279 49.3941
217.4337 49.3940
217.4395 49.3939
217.4453 49.3938
217.4511 49.3937
217.4569 49.3936
217.4628 49.3935
217.4686 49.3934
217.4744 49.3934
217.4802 49.3933
217.4860 49.3932
217.4919 49.3931
217.4977 49.3930
217.5035 49.3929
217.5093 49.3928
217.5151 49.3927
217.5210 49.3926
217.5268 49.3925
217.5326 49.3925
217.5384 49.3924
217.5442 49.3923
217.5500 49.3922
217.5559 49.3921
217.5617 49.3920
217.5675 49.3919
217.5733 49.3918
217.5791 49.3917
217.5850 49.3916
217.5908 49.3915
217.5966 49.3914
217.6024 49.3913
217.6082 49.3913
217.6141 49.3912
217.6199 49.3911
217.6257 49.3910
217.6315 49.3909
217.6373 49.3908
217.6431 49.3907
217.6490 49.3906
217.6548 49.3905
217.6606 49.3904
217.6664 49.3903
217.6722 49.3902
217.6781 49.3901
217.6839 49.3900
217.6897 49.3899
217.6955 49.3898
217.7013 49.3897
217.7072 49.3896
217.7130 49.3895
217.7188 49.3894
217.7246 49.3893
217.7304 49.3892
217.7362 49.3891
217.7421 49.3890
217.7479 49.3889
217.7537 49.3889
217.7595 49.3888
217.7653 49.3887
217.7712 49.3886
217.7770 49.3885
217.7828 49.3884
217.7886 49.3883
217.7944 49.3882
217.8003 49.3881
217.8061 49.3880
217.8119 49.3879
217.8177 49.3878
217.8235 49.3877
217.8293 49.3876
217.8352 49.3875
217.8410 49.3873
217.8468 49.3872
217.8526 49.3871
217.8584 49.3870
217.8643 49.3869
217.8701 49.3868
217.8759 49.3867
217.8817 49.3866
217.8875 49.3865
217.8934 49.3864
217.8992 49.3863
217.9050 49.3862
217.9108 49.3861
217.9166 49.3860
217.9225 49.3859
217.9283 49.3858
217.9341 49.3857
217.9399 49.3856
217.9457 49.3855
217.9515 49.3854
217.9574 49.3853
217.9632 49.3852
217.9690 49.3851
217.9748 49.3850
217.9806 49.3848
217.9865 49.3847
217.9923 49.3846
217.9981 49.3845
218.0039 49.3844
218.0097 49.3843
218.0156 49.3842
218.0214 49.3841
218.0272 49.3840
218.0330 49.3839
218.0388 49.3838
218.0447 49.3837
218.0505 49.3836
218.0563 49.3834
218.0621 49.3833
218.0679 49.3832
218.0737 49.3831
218.0796 49.3830
218.0854 49.3829
218.0912 49.3828
218.0970 49.3827
218.1028 49.3826
218.1087 49.3824
218.1145 49.3823
218.1203 49.3822
218.1261 49.3821
218.1319 49.3820
218.1378 49.3819
218.1436 49.3818
218.1494 49.3817
218.1552 49.3815
218.1610 49.3814
218.1669 49.3813
218.1727 49.3812
218.1785 49.3811
218.1843 49.3810
218.1901 49.3809
218.1959 49.3807
218.2018 49.3806
218.2076 49.3805
218.2134 49.3804
218.2192 49.3803
218.2250 49.3802
218.2309 49.3801
218.2367 49.3799
218.2425 49.3798
218.2483 49.3797
218.2541 49.3796
218.2600 49.3795
218.2658 49.3794
218.2716 49.3792
218.2774 49.3791
218.2832 49.3790
218.2891 49.3789
218.2949 49.3788
218.3007 49.3786
218.3065 49.3785
218.3123 49.3784
218.3181 49.3783
218.3240 49.3782
218.3298 49.3781
218.3356 49.3779
218.3414 49.3778
218.3472 49.3777
218.3531 49.3776
218.3589 49.3774
218.3647 49.3773
218.3705 49.3772
218.3763 49.3771
218.3822 49.3770
218.3880 49.3768
218.3938 49.3767
218.3996 49.3766
218.4054 49.3765
218.4113 49.3763
218.4171 49.3762
218.4229 49.3761
218.4287 49.3760
218.4345 49.3759
218.4404 49.3757
218.4462 49.3756
218.4520 49.3755
218.4578 49.3754
218.4636 49.3752
218.4694 49.3751
218.4753 49.3750
218.4811 49.3749
218.4869 49.3747
218.4927 49.3746
218.4985 49.3745
218.5044 49.3744
218.5102 49.3742
218.5160 49.3741
218.5218 49.3740
218.5276 49.3738
218.5335 49.3737
218.5393 49.3736
218.5451 49.3735
218.5509 49.3733
218.5567 49.3732
218.5626 49.3731
218.5684 49.3729
218.5742 49.3728
218.5800 49.3727
218.5858 49.3726
218.5917 49.3724
218.5975 49.3723
218.6033 49.3722
218.6091 49.3720
218.6149 49.3719
218.6207 49.3718
218.6266 49.3716
218.6324 49.3715
218.6382 49.3714
218.6440 49.3712
218.6498 49.3711
218.6557 49.3710
218.6615 49.3708
218.6673 49.3707
218.6731 49.3706
218.6789 49.3704
218.6848 49.3703
218.6906 49.3702
218.6964 49.3700
218.7022 49.3699
218.7080 49.3698
218.7139 49.3696
218.7197 49.3695
218.7255 49.3694
218.7313 49.3692
218.7371 49.3691
218.7430 49.3690
218.7488 49.3688
218.7546 49.3687
218.7604 49.3685
218.7662 49.3684
218.7721 49.3683
218.7779 49.3681
218.7837 49.3680
218.7895 49.3679
218.7953 49.3677
218.8012 49.3676
218.8070 49.3674
218.8128 49.3673
218.8186 49.3672
218.8244 49.3670
218.8302 49.3669
218.8361 49.3667
218.8419 49.3666
218.8477 49.3665
218.8535 49.3663
218.8593 49.3662
218.8652 49.3660
218.8710 49.3659
218.8768 49.3658
218.8826 49.3656
218.8884 49.3655
218.8943 49.3653
218.9001 49.3652
218.9059 49.3650
218.9117 49.3649
218.9175 49.3648
218.9234 49.3646
218.9292 49.3645
218.9350 49.3643
218.9408 49.3642
218.9466 49.3640
218.9525 49.3639
218.9583 49.3637
218.9641 49.3636
218.9699 49.3634
218.9757 49.3633
218.9816 49.3632
218.9874 49.3630
218.9932 49.3629
218.9990 49.3627
219.0048 49.3626
219.0107 49.3624
219.0165 49.3623
219.0223 49.3621
219.0281 49.3620
219.0339 49.3618
219.0398 49.3617
219.0456 49.3615
219.0514 49.3614
219.0572 49.3612
219.0630 49.3611
219.0689 49.3609
219.0747 49.3608
219.0805 49.3606
219.0863 49.3605
219.0921 49.3603
219.0980 49.3602
219.1038 49.3600
219.1096 49.3599
219.1154 49.3597
219.1212 49.3596
219.1271 49.3594
219.1329 49.3593
219.1387 49.3591
219.1445 49.3590
219.1503 49.3588
219.1562 49.3586
219.1620 49.3585
219.1678 49.3583
219.1736 49.3582
219.1794 49.3580
219.1853 49.3579
219.1911 49.3577
219.1969 49.3576
219.2027 49.3574
219.2085 49.3573
219.2144 49.3571
219.2202 49.3569
219.2260 49.3568
219.2318 49.3566
219.2376 49.3565
219.2435 49.3563
219.2493 49.3561
219.2551 49.3560
219.2609 49.3558
219.2668 49.3557
219.2726 49.3555
219.2784 49.3554
219.2842 49.3552
219.2900 49.3550
219.2959 49.3549
219.3017 49.3547
219.3075 49.3546
219.3133 49.3544
219.3191 49.3542
219.3250 49.3541
219.3308 49.3539
219.3366 49.3537
219.3424 49.3536
219.3482 49.3534
219.3541 49.3533
219.3599 49.3531
219.3657 49.3529
219.3715 49.3528
219.3773 49.3526
219.3832 49.3524
219.3890 49.3523
219.3948 49.3521
219.4006 49.3519
219.4064 49.3518
219.4123 49.3516
219.4181 49.3515
219.4239 49.3513
219.4297 49.3511
219.4355 49.3510
219.4414 49.3508
219.4472 49.3506
219.4530 49.3505
219.4588 49.3503
219.4646 49.3501
219.4705 49.3499
219.4763 49.3498
219.4821 49.3496
219.4879 49.3494
219.4938 49.3493
219.4996 49.3491
219.5054 49.3489
219.5112 49.3488
219.5170 49.3486
219.5229 49.3484
219.5287 49.3483
219.5345 49.3481
219.5403 49.3479
219.5461 49.3477
219.5520 49.3476
219.5578 49.3474
219.5636 49.3472
219.5694 49.3471
219.5752 49.3469
219.5811 49.3467
219.5869 49.3465
219.5927 49.3464
219.5985 49.3462
219.6043 49.3460
219.6102 49.3458
219.6160 49.3457
219.6218 49.3455
219.6276 49.3453
219.6334 49.3451
219.6393 49.3450
219.6451 49.3448
219.6509 49.3446
219.6567 49.3444
219.6626 49.3443
219.6684 49.3441
219.6742 49.3439
219.6800 49.3437
219.6858 49.3435
219.6917 49.3434
219.6975 49.3432
219.7033 49.3430
219.7091 49.3428
219.7149 49.3426
219.7208 49.3425
219.7266 49.3423
219.7324 49.3421
219.7382 49.3419
219.7440 49.3417
219.7499 49.3416
219.7557 49.3414
219.7615 49.3412
219.7673 49.3410
219.7731 49.3408
219.7790 49.3407
219.7848 49.3405
219.7906 49.3403
219.7964 49.3401
219.8023 49.3399
219.8081 49.3397
219.8139 49.3396
219.8197 49.3394
219.8255 49.3392
219.8314 49.3390
219.8372 49.3388
219.8430 49.3386
219.8488 49.3384
219.8546 49.3383
219.8605 49.3381
219.8663 49.3379
219.8721 49.3377
219.8779 49.3375
219.8837 49.3373
219.8896 49.3371
219.8954 49.3369
219.9012 49.3368
219.9070 49.3366
219.9129 49.3364
219.9187 49.3362
219.9245 49.3360
219.9303 49.3358
219.9361 49.3356
219.9420 49.3354
219.9478 49.3352
219.9536 49.3351
219.9594 49.3349
219.9652 49.3347
219.9711 49.3345
219.9769 49.3343
219.9827 49.3341
219.9885 49.3339
219.9943 49.3337
220.0002 49.3335
220.0060 49.3333
220.0118 49.3331
220.0176 49.3329
220.0235 49.3327
220.0293 49.3325
220.0351 49.3323
220.0409 49.3322
220.0467 49.3320
220.0526 49.3318
220.0584 49.3316
220.0642 49.3314
220.0700 49.3312
220.0758 49.3310
220.0817 49.3308
220.0875 49.3306
220.0933 49.3304
220.0991 49.3302
220.1049 49.3300
220.1108 49.3298
220.1166 49.3296
220.1224 49.3294
220.1282 49.3292
220.1341 49.3290
220.1399 49.3288
220.1457 49.3286
220.1515 49.3284
220.1573 49.3282
220.1632 49.3280
220.1690 49.3278
220.1748 49.3276
220.1806 49.3274
220.1864 49.3272
220.1923 49.3270
220.1981 49.3268
220.2039 49.3266
220.2097 49.3264
220.2156 49.3262
220.2214 49.3260
220.2272 49.3258
220.2330 49.3255
220.2388 49.3253
220.2447 49.3251
220.2505 49.3249
220.2563 49.3247
220.2621 49.3245
220.2679 49.3243
220.2738 49.3241
220.2796 49.3239
220.2854 49.3237
220.2912 49.3235
220.2970 49.3233
220.3029 49.3231
220.3087 49.3229
220.3145 49.3227
220.3203 49.3224
220.3262 49.3222
220.3320 49.3220
220.3378 49.3218
220.3436 49.3216
220.3494 49.3214
220.3553 49.3212
220.3611 49.3210
220.3669 49.3208
220.3727 49.3205
220.3786 49.3203
220.3844 49.3201
220.3902 49.3199
220.3960 49.3197
220.4018 49.3195
220.4077 49.3193
220.4135 49.3191
220.4193 49.3188
220.4251 49.3186
220.4309 49.3184
220.4368 49.3182
220.4426 49.3180
220.4484 49.3178
220.4542 49.3175
220.4601 49.3173
220.4659 49.3171
220.4717 49.3169
220.4775 49.3167
220.4833 49.3165
220.4892 49.3162
220.4950 49.3160
220.5008 49.3158
220.5066 49.3156
220.5125 49.3154
220.5183 49.3151
220.5241 49.3149
220.5299 49.3147
220.5357 49.3145
220.5416 49.3143
220.5474 49.3140
220.5532 49.3138
220.5590 49.3136
220.5649 49.3134
220.5707 49.3132
220.5765 49.3129
220.5823 49.3127
220.5881 49.3125
220.5940 49.3123
220.5998 49.3120
220.6056 49.3118
220.6114 49.3116
220.6173 49.3114
220.6231 49.3111
220.6289 49.3109
220.6347 49.3107
220.6405 49.3105
220.6464 49.3102
220.6522 49.3100
220.6580 49.3098
220.6638 49.3096
220.6697 49.3093
220.6755 49.3091
220.6813 49.3089
220.6871 49.3087
220.6929 49.3084
220.6988 49.3082
220.7046 49.3080
220.7104 49.3077
220.7162 49.3075
220.7221 49.3073
220.7279 49.3070
220.7337 49.3068
220.7395 49.3066
220.7453 49.3064
220.7512 49.3061
220.7570 49.3059
220.7628 49.3057
220.7686 49.3054
220.7745 49.3052
220.7803 49.3050
220.7861 49.3047
220.7919 49.3045
220.7977 49.3043
220.8036 49.3040
220.8094 49.3038
220.8152 49.3035
220.8210 49.3033
220.8269 49.3031
220.8327 49.3028
220.8385 49.3026
220.8443 49.3024
220.8501 49.3021
220.8560 49.3019
220.8618 49.3017
220.8676 49.3014
220.8734 49.3012
220.8793 49.3009
220.8851 49.3007
220.8909 49.3005
220.8967 49.3002
220.9026 49.3000
220.9084 49.2997
220.9142 49.2995
220.9200 49.2993
220.9258 49.2990
220.9317 49.2988
220.9375 49.2985
220.9433 49.2983
220.9491 49.2981
220.9550 49.2978
220.9608 49.2976
220.9666 49.2973
220.9724 49.2971
220.9783 49.2968
220.9841 49.2966
220.9899 49.2963
220.9957 49.2961
221.0015 49.2959
221.0074 49.2956
221.0132 49.2954
221.0190 49.2951
221.0248 49.2949
221.0307 49.2946
221.0365 49.2944
221.0423 49.2941
221.0481 49.2939
221.0539 49.2936
221.0598 49.2934
221.0656 49.2931
221.0714 49.2929
221.0772 49.2926
221.0831 49.2924
221.0889 49.2921
221.0947 49.2919
221.1005 49.2916
221.1064 49.2914
221.1122 49.2911
221.1180 49.2909
221.1238 49.2906
221.1296 49.2904
221.1355 49.2901
221.1413 49.2899
221.1471 49.2896
221.1529 49.2894
221.1588 49.2891
221.1646 49.2889
221.1704 49.2886
221.1762 49.2883
221.1821 49.2881
221.1879 49.2878
221.1937 49.2876
221.1995 49.2873
221.2054 49.2871
221.2112 49.2868
221.2170 49.2865
221.2228 49.2863
221.2286 49.2860
221.2345 49.2858
221.2403 49.2855
221.2461 49.2853
221.2519 49.2850
221.2578 49.2847
221.2636 49.2845
221.2694 49.2842
221.2752 49.2840
221.2811 49.2837
221.2869 49.2834
221.2927 49.2832
221.2985 49.2829
221.3043 49.2826
221.3102 49.2824
221.3160 49.2821
221.3218 49.2819
221.3276 49.2816
221.3335 49.2813
221.3393 49.2811
221.3451 49.2808
221.3509 49.2805
221.3568 49.2803
221.3626 49.2800
221.3684 49.2797
221.3742 49.2795
221.3800 49.2792
221.3859 49.2789
221.3917 49.2787
221.3975 49.2784
221.4033 49.2781
221.4092 49.2779
221.4150 49.2776
221.4208 49.2773
221.4266 49.2771
221.4325 49.2768
221.4383 49.2765
221.4441 49.2763
221.4499 49.2760
221.4558 49.2757
221.4616 49.2754
221.4674 49.2752
221.4732 49.2749
221.4790 49.2746
221.4849 49.2744
221.4907 49.2741
221.4965 49.2738
221.5023 49.2735
221.5082 49.2733
221.5140 49.2730
221.5198 49.2727
221.5256 49.2724
221.5315 49.2722
221.5373 49.2719
221.5431 49.2716
221.5489 49.2713
221.5548 49.2711
221.5606 49.2708
221.5664 49.2705
221.5722 49.2702
221.5781 49.2699
221.5839 49.2697
221.5897 49.2694
221.5955 49.2691
221.6013 49.2688
221.6072 49.2685
221.6130 49.2683
221.6188 49.2680
221.6246 49.2677
221.6305 49.2674
221.6363 49.2671
221.6421 49.2669
221.6479 49.2666
221.6538 49.2663
221.6596 49.2660
221.6654 49.2657
221.6712 49.2654
221.6771 49.2652
221.6829 49.2649
221.6887 49.2646
221.6945 49.2643
221.7003 49.2640
221.7062 49.2637
221.7120 49.2635
221.7178 49.2632
221.7236 49.2629
221.7295 49.2626
221.7353 49.2623
221.7411 49.2620
221.7469 49.2617
221.7528 49.2614
221.7586 49.2612
221.7644 49.2609
221.7702 49.2606
221.7761 49.2603
221.7819 49.2600
221.7877 49.2597
221.7935 49.2594
221.7994 49.2591
221.8052 49.2588
221.8110 49.2585
221.8168 49.2582
221.8227 49.2580
221.8285 49.2577
221.8343 49.2574
221.8401 49.2571
221.8459 49.2568
221.8518 49.2565
221.8576 49.2562
221.8634 49.2559
221.8692 49.2556
221.8751 49.2553
221.8809 49.2550
221.8867 49.2547
221.8925 49.2544
221.8984 49.2541
221.9042 49.2538
221.9100 49.2535
221.9158 49.2532
221.9217 49.2529
221.9275 49.2526
221.9333 49.2523
221.9391 49.2520
221.9450 49.2517
221.9508 49.2514
221.9566 49.2511
221.9624 49.2508
221.9683 49.2505
221.9741 49.2502
221.9799 49.2499
221.9857 49.2496
221.9916 49.2493
221.9974 49.2490
222.0032 49.2487
222.0090 49.2484
222.0149 49.2481
222.0207 49.2478
222.0265 49.2475
222.0323 49.2472
222.0382 49.2469
222.0440 49.2466
222.0498 49.2463
222.0556 49.2460
222.0615 49.2457
222.0673 49.2453
222.0731 49.2450
222.0789 49.2447
222.0848 49.2444
222.0906 49.2441
222.0964 49.2438
222.1022 49.2435
222.1081 49.2432
222.1139 49.2429
222.1197 49.2426
222.1255 49.2423
222.1314 49.2419
222.1372 49.2416
222.1430 49.2413
222.1488 49.2410
222.1547 49.2407
222.1605 49.2404
222.1663 49.2401
222.1721 49.2398
222.1780 49.2394
222.1838 49.2391
222.1896 49.2388
222.1954 49.2385
222.2013 49.2382
222.2071 49.2379
222.2129 49.2375
222.2187 49.2372
222.2246 49.2369
222.2304 49.2366
222.2362 49.2363
222.2420 49.2360
222.2479 49.2356
222.2537 49.2353
222.2595 49.2350
222.2653 49.2347
222.2712 49.2344
222.2770 49.2340
222.2828 49.2337
222.2886 49.2334
222.2945 49.2331
222.3003 49.2328
222.3061 49.2324
222.3119 49.2321
222.3178 49.2318
222.3236 49.2315
222.3294 49.2311
222.3352 49.2308
222.3411 49.2305
222.3469 49.2302
222.3527 49.2298
222.3585 49.2295
222.3644 49.2292
222.3702 49.2289
222.3760 49.2285
222.3818 49.2282
222.3877 49.2279
222.3935 49.2276
222.3993 49.2272
222.4051 49.2269
222.4110 49.2266
222.4168 49.2262
222.4226 49.2259
222.4284 49.2256
222.4343 49.2253
222.4401 49.2249
222.4459 49.2246
222.4517 49.2243
222.4576 49.2239
222.4634 49.2236
222.4692 49.2233
222.4751 49.2229
222.4809 49.2226
222.4867 49.2223
222.4925 49.2219
222.4984 49.2216
222.5042 49.2213
222.5100 49.2209
222.5158 49.2206
222.5217 49.2203
222.5275 49.2199
222.5333 49.2196
222.5391 49.2193
222.5450 49.2189
222.5508 49.2186
222.5566 49.2182
222.5624 49.2179
222.5683 49.2176
222.5741 49.2172
222.5799 49.2169
222.5857 49.2165
222.5916 49.2162
222.5974 49.2159
222.6032 49.2155
222.6090 49.2152
222.6149 49.2148
222.6207 49.2145
222.6265 49.2142
222.6324 49.2138
222.6382 49.2135
222.6440 49.2131
222.6498 49.2128
222.6557 49.2124
222.6615 49.2121
222.6673 49.2117
222.6731 49.2114
222.6790 49.2111
222.6848 49.2107
222.6906 49.2104
222.6964 49.2100
222.7023 49.2097
222.7081 49.2093
222.7139 49.2090
222.7197 49.2086
222.7256 49.2083
222.7314 49.2079
222.7372 49.2076
222.7430 49.2072
222.7489 49.2069
222.7547 49.2065
222.7605 49.2062
222.7664 49.2058
222.7722 49.2055
222.7780 49.2051
222.7838 49.2048
222.7897 49.2044
222.7955 49.2041
222.8013 49.2037
222.8071 49.2034
222.8130 49.2030
222.8188 49.2026
222.8246 49.2023
222.8304 49.2019
222.8363 49.2016
222.8421 49.2012
222.8479 49.2009
222.8537 49.2005
222.8596 49.2002
222.8654 49.1998
222.8712 49.1994
222.8771 49.1991
222.8829 49.1987
222.8887 49.1984
222.8945 49.1980
222.9004 49.1976
222.9062 49.1973
222.9120 49.1969
222.9178 49.1966
222.9237 49.1962
222.9295 49.1958
222.9353 49.1955
222.9411 49.1951
222.9470 49.1947
222.9528 49.1944
222.9586 49.1940
222.9645 49.1937
222.9703 49.1933
222.9761 49.1929
222.9819 49.1926
222.9878 49.1922
222.9936 49.1918
222.9994 49.1915
223.0052 49.1911
223.0111 49.1907
223.0169 49.1904
223.0227 49.1900
223.0285 49.1896
223.0344 49.1892
223.0402 49.1889
223.0460 49.1885
223.0519 49.1881
223.0577 49.1878
223.0635 49.1874
223.0693 49.1870
223.0752 49.1867
223.0810 49.1863
223.0868 49.1859
223.0926 49.1855
223.0985 49.1852
223.1043 49.1848
223.1101 49.1844
223.1160 49.1840
223.1218 49.1837
223.1276 49.1833
223.1334 49.1829
223.1393 49.1825
223.1451 49.1822
223.1509 49.1818
223.1567 49.1814
223.1626 49.1810
223.1684 49.1807
223.1742 49.1803
223.1800 49.1799
223.1859 49.1795
223.1917 49.1791
223.1975 49.1788
223.2034 49.1784
223.2092 49.1780
223.2150 49.1776
223.2208 49.1772
223.2267 49.1769
223.2325 49.1765
223.2383 49.1761
223.2441 49.1757
223.2500 49.1753
223.2558 49.1749
223.2616 49.1746
223.2675 49.1742
223.2733 49.1738
223.2791 49.1734
223.2849 49.1730
223.2908 49.1726
223.2966 49.1722
223.3024 49.1719
223.3082 49.1715
223.3141 49.1711
223.3199 49.1707
223.3257 49.1703
223.3316 49.1699
223.3374 49.1695
223.3432 49.1691
223.3490 49.1687
223.3549 49.1684
223.3607 49.1680
223.3665 49.1676
223.3723 49.1672
223.3782 49.1668
223.3840 49.1664
223.3898 49.1660
223.3957 49.1656
223.4015 49.1652
223.4073 49.1648
223.4131 49.1644
223.4190 49.1640
223.4248 49.1636
223.4306 49.1632
223.4364 49.1628
223.4423 49.1624
223.4481 49.1620
223.4539 49.1617
223.4598 49.1613
223.4656 49.1609
223.4714 49.1605
223.4772 49.1601
223.4831 49.1597
223.4889 49.1593
223.4947 49.1589
223.5006 49.1585
223.5064 49.1581
223.5122 49.1577
223.5180 49.1573
223.5239 49.1569
223.5297 49.1564
223.5355 49.1560
223.5414 49.1556
223.5472 49.1552
223.5530 49.1548
223.5588 49.1544
223.5647 49.1540
223.5705 49.1536
223.5763 49.1532
223.5822 49.1528
223.5880 49.1524
223.5938 49.1520
223.5996 49.1516
223.6055 49.1512
223.6113 49.1508
223.6171 49.1504
223.6229 49.1500
223.6288 49.1495
223.6346 49.1491
223.6404 49.1487
223.6463 49.1483
223.6521 49.1479
223.6579 49.1475
223.6637 49.1471
223.6696 49.1467
223.6754 49.1463
223.6812 49.1458
223.6871 49.1454
223.6929 49.1450
223.6987 49.1446
223.7045 49.1442
223.7104 49.1438
223.7162 49.1434
223.7220 49.1429
223.7279 49.1425
223.7337 49.1421
223.7395 49.1417
223.7453 49.1413
223.7512 49.1409
223.7570 49.1404
223.7628 49.1400
223.7687 49.1396
223.7745 49.1392
223.7803 49.1388
223.7862 49.1383
223.7920 49.1379
223.7978 49.1375
223.8036 49.1371
223.8095 49.1367
223.8153 49.1362
223.8211 49.1358
223.8270 49.1354
223.8328 49.1350
223.8386 49.1345
223.8444 49.1341
223.8503 49.1337
223.8561 49.1333
223.8619 49.1328
223.8678 49.1324
223.8736 49.1320
223.8794 49.1316
223.8852 49.1311
223.8911 49.1307
223.8969 49.1303
223.9027 49.1298
223.9086 49.1294
223.9144 49.1290
223.9202 49.1286
223.9260 49.1281
223.9319 49.1277
223.9377 49.1273
223.9435 49.1268
223.9494 49.1264
223.9552 49.1260
223.9610 49.1255
223.9669 49.1251
223.9727 49.1247
223.9785 49.1242
223.9843 49.1238
223.9902 49.1234
223.9960 49.1229
224.0018 49.1225
224.0077 49.1221
224.0135 49.1216
224.0193 49.1212
224.0251 49.1208
224.0310 49.1203
224.0368 49.1199
224.0426 49.1194
224.0485 49.1190
224.0543 49.1186
224.0601 49.1181
224.0660 49.1177
224.0718 49.1172
224.0776 49.1168
224.0834 49.1164
224.0893 49.1159
224.0951 49.1155
224.1009 49.1150
224.1068 49.1146
224.1126 49.1141
224.1184 49.1137
224.1243 49.1133
224.1301 49.1128
224.1359 49.1124
224.1417 49.1119
224.1476 49.1115
224.1534 49.1110
224.1592 49.1106
224.1651 49.1101
224.1709 49.1097
224.1767 49.1092
224.1825 49.1088
224.1884 49.1083
224.1942 49.1079
224.2000 49.1074
224.2059 49.1070
224.2117 49.1065
224.2175 49.1061
224.2234 49.1056
224.2292 49.1052
224.2350 49.1047
224.2408 49.1043
224.2467 49.1038
224.2525 49.1034
224.2583 49.1029
224.2642 49.1025
224.2700 49.1020
224.2758 49.1016
224.2817 49.1011
224.2875 49.1006
224.2933 49.1002
224.2991 49.0997
224.3050 49.0993
224.3108 49.0988
224.3166 49.0984
224.3225 49.0979
224.3283 49.0974
224.3341 49.0970
224.3400 49.0965
224.3458 49.0961
224.3516 49.0956
224.3575 49.0951
224.3633 49.0947
224.3691 49.0942
224.3749 49.0938
224.3808 49.0933
224.3866 49.0928
224.3924 49.0924
224.3983 49.0919
224.4041 49.0914
224.4099 49.0910
224.4158 49.0905
224.4216 49.0900
224.4274 49.0896
224.4332 49.0891
224.4391 49.0886
224.4449 49.0882
224.4507 49.0877
224.4566 49.0872
224.4624 49.0868
224.4682 49.0863
224.4741 49.0858
224.4799 49.0854
224.4857 49.0849
224.4916 49.0844
224.4974 49.0839
224.5032 49.0835
224.5090 49.0830
224.5149 49.0825
224.5207 49.0821
224.5265 49.0816
224.5324 49.0811
224.5382 49.0806
224.5440 49.0802
224.5499 49.0797
224.5557 49.0792
224.5615 49.0787
224.5673 49.0783
224.5732 49.0778
224.5790 49.0773
224.5848 49.0768
224.5907 49.0763
224.5965 49.0759
224.6023 49.0754
224.6082 49.0749
224.6140 49.0744
224.6198 49.0739
224.6257 49.0735
224.6315 49.0730
224.6373 49.0725
224.6431 49.0720
224.6490 49.0715
224.6548 49.0711
224.6606 49.0706
224.6665 49.0701
224.6723 49.0696
224.6781 49.0691
224.6840 49.0686
224.6898 49.0682
224.6956 49.0677
224.7015 49.0672
224.7073 49.0667
224.7131 49.0662
224.7189 49.0657
224.7248 49.0652
224.7306 49.0647
224.7364 49.0643
224.7423 49.0638
224.7481 49.0633
224.7539 49.0628
224.7598 49.0623
224.7656 49.0618
224.7714 49.0613
224.7773 49.0608
224.7831 49.0603
224.7889 49.0598
224.7948 49.0593
224.8006 49.0588
224.8064 49.0583
224.8122 49.0579
224.8181 49.0574
224.8239 49.0569
224.8297 49.0564
224.8356 49.0559
224.8414 49.0554
224.8472 49.0549
224.8531 49.0544
224.8589 49.0539
224.8647 49.0534
224.8706 49.0529
224.8764 49.0524
224.8822 49.0519
224.8881 49.0514
224.8939 49.0509
224.8997 49.0504
224.9056 49.0499
224.9114 49.0494
224.9172 49.0489
224.9230 49.0484
224.9289 49.0479
224.9347 49.0474
224.9405 49.0469
224.9464 49.0464
224.9522 49.0459
224.9580 49.0453
224.9639 49.0448
224.9697 49.0443
224.9755 49.0438
224.9814 49.0433
224.9872 49.0428
224.9930 49.0423
224.9989 49.0418
225.0047 49.0413
225.0105 49.0408
225.0164 49.0403
225.0222 49.0398
225.0280 49.0392
225.0339 49.0387
225.0397 49.0382
225.0455 49.0377
225.0514 49.0372
225.0572 49.0367
225.0630 49.0362
225.0688 49.0357
225.0747 49.0351
225.0805 49.0346
225.0863 49.0341
225.0922 49.0336
225.0980 49.0331
225.1038 49.0326
225.1097 49.0320
225.1155 49.0315
225.1213 49.0310
225.1272 49.0305
225.1330 49.0300
225.1388 49.0295
225.1447 49.0289
225.1505 49.0284
225.1563 49.0279
225.1622 49.0274
225.1680 49.0268
225.1738 49.0263
225.1797 49.0258
225.1855 49.0253
225.1913 49.0248
225.1972 49.0242
225.2030 49.0237
225.2088 49.0232
225.2147 49.0227
225.2205 49.0221
225.2263 49.0216
225.2322 49.0211
225.2380 49.0206
225.2438 49.0200
225.2497 49.0195
225.2555 49.0190
225.2613 49.0184
225.2672 49.0179
225.2730 49.0174
225.2788 49.0169
225.2847 49.0163
225.2905 49.0158
225.2963 49.0153
225.3022 49.0147
225.3080 49.0142
225.3138 49.0137
225.3197 49.0131
225.3255 49.0126
225.3313 49.0121
225.3372 49.0115
225.3430 49.0110
225.3488 49.0105
225.3547 49.0099
225.3605 49.0094
225.3663 49.0089
225.3722 49.0083
225.3780 49.0078
225.3838 49.0072
225.3897 49.0067
225.3955 49.0062
225.4013 49.0056
225.4072 49.0051
225.4130 49.0045
225.4188 49.0040
225.4247 49.0035
225.4305 49.0029
225.4363 49.0024
225.4422 49.0018
225.4480 49.0013
225.4538 49.0007
225.4597 49.0002
225.4655 48.9997
225.4713 48.9991
225.4772 48.9986
225.4830 48.9980
225.4888 48.9975
225.4947 48.9969
225.5005 48.9964
225.5063 48.9958
225.5122 48.9953
225.5180 48.9947
225.5238 48.9942
225.5297 48.9936
225.5355 48.9931
225.5413 48.9925
225.5472 48.9920
225.5530 48.9914
225.5588 48.9909
225.5647 48.9903
225.5705 48.9898
225.5763 48.9892
225.5822 48.9887
225.5880 48.9881
225.5938 48.9876
225.5997 48.9870
225.6055 48.9865
225.6113 48.9859
225.6172 48.9853
225.6230 48.9848
225.6288 48.9842
225.6347 48.9837
225.6405 48.9831
225.6463 48.9826
225.6522 48.9820
225.6580 48.9814
225.6638 48.9809
225.6697 48.9803
225.6755 48.9798
225.6813 48.9792
225.6872 48.9786
225.6930 48.9781
225.6989 48.9775
225.7047 48.9770
225.7105 48.9764
225.7164 48.9758
225.7222 48.9753
225.7280 48.9747
225.7339 48.9741
225.7397 48.9736
225.7455 48.9730
225.7514 48.9724
225.7572 48.9719
225.7630 48.9713
225.7689 48.9707
225.7747 48.9702
225.7805 48.9696
225.7864 48.9690
225.7922 48.9685
225.7980 48.9679
225.8039 48.9673
225.8097 48.9667
225.8155 48.9662
225.8214 48.9656
225.8272 48.9650
225.8330 48.9645
225.8389 48.9639
225.8447 48.9633
225.8505 48.9627
225.8564 48.9622
225.8622 48.9616
225.8681 48.9610
225.8739 48.9604
225.8797 48.9599
225.8856 48.9593
225.8914 48.9587
225.8972 48.9581
225.9031 48.9575
225.9089 48.9570
225.9147 48.9564
225.9206 48.9558
225.9264 48.9552
225.9322 48.9546
225.9381 48.9541
225.9439 48.9535
225.9497 48.9529
225.9556 48.9523
225.9614 48.9517
225.9672 48.9511
225.9731 48.9506
225.9789 48.9500
225.9848 48.9494
225.9906 48.9488
225.9964 48.9482
226.0023 48.9476
226.0081 48.9471
226.0139 48.9465
226.0198 48.9459
226.0256 48.9453
226.0314 48.9447
226.0373 48.9441
226.0431 48.9435
226.0489 48.9429
226.0548 48.9423
226.0606 48.9417
226.0664 48.9412
226.0723 48.9406
226.0781 48.9400
226.0839 48.9394
226.0898 48.9388
226.0956 48.9382
226.1015 48.9376
226.1073 48.9370
226.1131 48.9364
226.1190 48.9358
226.1248 48.9352
226.1306 48.9346
226.1365 48.9340
226.1423 48.9334
226.1481 48.9328
226.1540 48.9322
226.1598 48.9316
226.1656 48.9310
226.1715 48.9304
226.1773 48.9298
226.1831 48.9292
226.1890 48.9286
226.1948 48.9280
226.2007 48.9274
226.2065 48.9268
226.2123 48.9262
226.2182 48.9256
226.2240 48.9250
226.2298 48.9244
226.2357 48.9238
226.2415 48.9232
226.2473 48.9226
226.2532 48.9220
226.2590 48.9214
226.2648 48.9208
226.2707 48.9202
226.2765 48.9196
226.2824 48.9189
226.2882 48.9183
226.2940 48.9177
226.2999 48.9171
226.3057 48.9165
226.3115 48.9159
226.3174 48.9153
226.3232 48.9147
226.3290 48.9141
226.3349 48.9134
226.3407 48.9128
226.3466 48.9122
226.3524 48.9116
226.3582 48.9110
226.3641 48.9104
226.3699 48.9098
226.3757 48.9091
226.3816 48.9085
226.3874 48.9079
226.3932 48.9073
226.3991 48.9067
226.4049 48.9061
226.4108 48.9054
226.4166 48.9048
226.4224 48.9042
226.4283 48.9036
226.4341 48.9030
226.4399 48.9023
226.4458 48.9017
226.4516 48.9011
226.4574 48.9005
226.4633 48.8998
226.4691 48.8992
226.4750 48.8986
226.4808 48.8980
226.4866 48.8973
226.4925 48.8967
226.4983 48.8961
226.5041 48.8955
226.5100 48.8948
226.5158 48.8942
226.5217 48.8936
226.5275 48.8930
226.5333 48.8923
226.5392 48.8917
226.5450 48.8911
226.5508 48.8904
226.5567 48.8898
226.5625 48.8892
226.5683 48.8885
226.5742 48.8879
226.5800 48.8873
226.5859 48.8866
226.5917 48.8860
226.5975 48.8854
226.6034 48.8847
226.6092 48.8841
226.6150 48.8835
226.6209 48.8828
226.6267 48.8822
226.6326 48.8816
226.6384 48.8809
226.6442 48.8803
226.6501 48.8797
226.6559 48.8790
226.6617 48.8784
226.6676 48.8777
226.6734 48.8771
226.6793 48.8765
226.6851 48.8758
226.6909 48.8752
226.6968 48.8745
226.7026 48.8739
226.7084 48.8732
226.7143 48.8726
226.7201 48.8720
226.7260 48.8713
226.7318 48.8707
226.7376 48.8700
226.7435 48.8694
226.7493 48.8687
226.7551 48.8681
226.7610 48.8674
226.7668 48.8668
226.7727 48.8661
226.7785 48.8655
226.7843 48.8648
226.7902 48.8642
226.7960 48.8635
226.8019 48.8629
226.8077 48.8622
226.8135 48.8616
226.8194 48.8609
226.8252 48.8603
226.8310 48.8596
226.8369 48.8590
226.8427 48.8583
226.8486 48.8577
226.8544 48.8570
226.8602 48.8564
226.8661 48.8557
226.8719 48.8550
226.8777 48.8544
226.8836 48.8537
226.8894 48.8531
226.8953 48.8524
226.9011 48.8517
226.9069 48.8511
226.9128 48.8504
226.9186 48.8498
226.9245 48.8491
226.9303 48.8484
226.9361 48.8478
226.9420 48.8471
226.9478 48.8465
226.9536 48.8458
226.9595 48.8451
226.9653 48.8445
226.9712 48.8438
226.9770 48.8431
226.9828 48.8425
226.9887 48.8418
226.9945 48.8411
227.0004 48.8405
227.0062 48.8398
227.0120 48.8391
227.0179 48.8385
227.0237 48.8378
227.0296 48.8371
227.0354 48.8365
227.0412 48.8358
227.0471 48.8351
227.0529 48.8344
227.0587 48.8338
227.0646 48.8331
227.0704 48.8324
227.0763 48.8318
227.0821 48.8311
227.0879 48.8304
227.0938 48.8297
227.0996 48.8291
227.1055 48.8284
227.1113 48.8277
227.1171 48.8270
227.1230 48.8264
227.1288 48.8257
227.1347 48.8250
227.1405 48.8243
227.1463 48.8236
227.1522 48.8230
227.1580 48.8223
227.1639 48.8216
227.1697 48.8209
227.1755 48.8202
227.1814 48.8196
227.1872 48.8189
227.1930 48.8182
227.1989 48.8175
227.2047 48.8168
227.2106 48.8161
227.2164 48.8155
227.2222 48.8148
227.2281 48.8141
227.2339 48.8134
227.2398 48.8127
227.2456 48.8120
227.2514 48.8113
227.2573 48.8106
227.2631 48.8100
227.2690 48.8093
227.2748 48.8086
227.2806 48.8079
227.2865 48.8072
227.2923 48.8065
227.2982 48.8058
227.3040 48.8051
227.3098 48.8044
227.3157 48.8037
227.3215 48.8030
227.3274 48.8023
227.3332 48.8017
227.3390 48.8010
227.3449 48.8003
227.3507 48.7996
227.3566 48.7989
227.3624 48.7982
227.3682 48.7975
227.3741 48.7968
227.3799 48.7961
227.3858 48.7954
227.3916 48.7947
227.3974 48.7940
227.4033 48.7933
227.4091 48.7926
227.4150 48.7919
227.4208 48.7912
227.4266 48.7905
227.4325 48.7898
227.4383 48.7891
227.4442 48.7884
227.4500 48.7877
227.4558 48.7870
227.4617 48.7863
227.4675 48.7855
227.4734 48.7848
227.4792 48.7841
227.4850 48.7834
227.4909 48.7827
227.4967 48.7820
227.5026 48.7813
227.5084 48.7806
227.5142 48.7799
227.5201 48.7792
227.5259 48.7785
227.5318 48.7778
227.5376 48.7770
227.5434 48.7763
227.5493 48.7756
227.5551 48.7749
227.5610 48.7742
227.5668 48.7735
227.5726 48.7728
227.5785 48.7720
227.5843 48.7713
227.5902 48.7706
227.5960 48.7699
227.6018 48.7692
227.6077 48.7685
227.6135 48.7677
227.6194 48.7670
227.6252 48.7663
227.6310 48.7656
227.6369 48.7649
227.6427 48.7641
227.6486 48.7634
227.6544 48.7627
227.6603 48.7620
227.6661 48.7613
227.6719 48.7605
227.6778 48.7598
227.6836 48.7591
227.6895 48.7584
227.6953 48.7576
227.7011 48.7569
227.7070 48.7562
227.7128 48.7555
227.7187 48.7547
227.7245 48.7540
227.7303 48.7533
227.7362 48.7526
227.7420 48.7518
227.7479 48.7511
227.7537 48.7504
227.7595 48.7496
227.7654 48.7489
227.7712 48.7482
227.7771 48.7474
227.7829 48.7467
227.7888 48.7460
227.7946 48.7452
227.8004 48.7445
227.8063 48.7438
227.8121 48.7430
227.8180 48.7423
227.8238 48.7416
227.8296 48.7408
227.8355 48.7401
227.8413 48.7394
227.8472 48.7386
227.8530 48.7379
227.8589 48.7371
227.8647 48.7364
227.8705 48.7357
227.8764 48.7349
227.8822 48.7342
227.8881 48.7334
227.8939 48.7327
227.8997 48.7320
227.9056 48.7312
227.9114 48.7305
227.9173 48.7297
227.9231 48.7290
227.9290 48.7282
227.9348 48.7275
227.9406 48.7268
227.9465 48.7260
227.9523 48.7253
227.9582 48.7245
227.9640 48.7238
227.9699 48.7230
227.9757 48.7223
227.9815 48.7215
227.9874 48.7208
227.9932 48.7200
227.9991 48.7193
228.0049 48.7185
228.0108 48.7178
228.0166 48.7170
228.0224 48.7163
228.0283 48.7155
228.0341 48.7148
228.0400 48.7140
228.0458 48.7132
228.0516 48.7125
228.0575 48.7117
228.0633 48.7110
228.0692 48.7102
228.0750 48.7095
228.0809 48.7087
228.0867 48.7080
228.0925 48.7072
228.0984 48.7064
228.1042 48.7057
228.1101 48.7049
228.1159 48.7042
228.1218 48.7034
228.1276 48.7026
228.1334 48.7019
228.1393 48.7011
228.1451 48.7003
228.1510 48.6996
228.1568 48.6988
228.1627 48.6981
228.1685 48.6973
228.1744 48.6965
228.1802 48.6958
228.1860 48.6950
228.1919 48.6942
228.1977 48.6935
228.2036 48.6927
228.2094 48.6919
228.2153 48.6912
228.2211 48.6904
228.2269 48.6896
228.2328 48.6888
228.2386 48.6881
228.2445 48.6873
228.2503 48.6865
228.2562 48.6858
228.2620 48.6850
228.2678 48.6842
228.2737 48.6834
228.2795 48.6827
228.2854 48.6819
228.2912 48.6811
228.2971 48.6803
228.3029 48.6796
228.3088 48.6788
228.3146 48.6780
228.3204 48.6772
228.3263 48.6765
228.3321 48.6757
228.3380 48.6749
228.3438 48.6741
228.3497 48.6733
228.3555 48.6726
228.3613 48.6718
228.3672 48.6710
228.3730 48.6702
228.3789 48.6694
228.3847 48.6686
228.3906 48.6679
228.3964 48.6671
228.4023 48.6663
228.4081 48.6655
228.4139 48.6647
228.4198 48.6639
228.4256 48.6631
228.4315 48.6624
228.4373 48.6616
228.4432 48.6608
228.4490 48.6600
228.4549 48.6592
228.4607 48.6584
228.4665 48.6576
228.4724 48.6568
228.4782 48.6560
228.4841 48.6553
228.4899 48.6545
228.4958 48.6537
228.5016 48.6529
228.5075 48.6521
228.5133 48.6513
228.5191 48.6505
228.5250 48.6497
228.5308 48.6489
228.5367 48.6481
228.5425 48.6473
228.5484 48.6465
228.5542 48.6457
228.5601 48.6449
228.5659 48.6441
228.5717 48.6433
228.5776 48.6425
228.5834 48.6417
228.5893 48.6409
228.5951 48.6401
228.6010 48.6393
228.6068 48.6385
228.6127 48.6377
228.6185 48.6369
228.6243 48.6361
228.6302 48.6353
228.6360 48.6345
228.6419 48.6337
228.6477 48.6329
228.6536 48.6321
228.6594 48.6313
228.6653 48.6305
228.6711 48.6297
228.6770 48.6288
228.6828 48.6280
228.6886 48.6272
228.6945 48.6264
228.7003 48.6256
228.7062 48.6248
228.7120 48.6240
228.7179 48.6232
228.7237 48.6224
228.7296 48.6216
228.7354 48.6207
228.7413 48.6199
228.7471 48.6191
228.7529 48.6183
228.7588 48.6175
228.7646 48.6167
228.7705 48.6159
228.7763 48.6150
228.7822 48.6142
228.7880 48.6134
228.7939 48.6126
228.7997 48.6118
228.8056 48.6109
228.8114 48.6101
228.8172 48.6093
228.8231 48.6085
228.8289 48.6077
228.8348 48.6068
228.8406 48.6060
228.8465 48.6052
228.8523 48.6044
228.8582 48.6035
228.8640 48.6027
228.8699 48.6019
228.8757 48.6011
228.8815 48.6002
228.8874 48.5994
228.8932 48.5986
228.8991 48.5978
228.9049 48.5969
228.9108 48.5961
228.9166 48.5953
228.9225 48.5945
228.9283 48.5936
228.9342 48.5928
228.9400 48.5920
228.9459 48.5911
228.9517 48.5903
228.9575 48.5895
228.9634 48.5886
228.9692 48.5878
228.9751 48.5870
228.9809 48.5861
228.9868 48.5853
228.9926 48.5845
228.9985 48.5836
229.0043 48.5828
229.0102 48.5820
229.0160 48.5811
229.0219 48.5803
229.0277 48.5794
229.0335 48.5786
229.0394 48.5778
229.0452 48.5769
229.0511 48.5761
229.0569 48.5752
229.0628 48.5744
229.0686 48.5736
229.0745 48.5727
229.0803 48.5719
229.0862 48.5710
229.0920 48.5702
229.0979 48.5693
229.1037 48.5685
229.1096 48.5677
229.1154 48.5668
229.1212 48.5660
229.1271 48.5651
229.1329 48.5643
229.1388 48.5634
229.1446 48.5626
229.1505 48.5617
229.1563 48.5609
229.1622 48.5600
229.1680 48.5592
229.1739 48.5583
229.1797 48.5575
229.1856 48.5566
229.1914 48.5558
229.1973 48.5549
229.2031 48.5541
229.2090 48.5532
229.2148 48.5524
229.2206 48.5515
229.2265 48.5506
229.2323 48.5498
229.2382 48.5489
229.2440 48.5481
229.2499 48.5472
229.2557 48.5464
229.2616 48.5455
229.2674 48.5446
229.2733 48.5438
229.2791 48.5429
229.2850 48.5421
229.2908 48.5412
229.2967 48.5403
229.3025 48.5395
229.3084 48.5386
229.3142 48.5378
229.3201 48.5369
229.3259 48.5360
229.3318 48.5352
229.3376 48.5343
229.3434 48.5334
229.3493 48.5326
229.3551 48.5317
229.3610 48.5308
229.3668 48.5300
229.3727 48.5291
229.3785 48.5282
229.3844 48.5274
229.3902 48.5265
229.3961 48.5256
229.4019 48.5248
229.4078 48.5239
229.4136 48.5230
229.4195 48.5221
229.4253 48.5213
229.4312 48.5204
229.4370 48.5195
229.4429 48.5186
229.4487 48.5178
229.4546 48.5169
229.4604 48.5160
229.4663 48.5151
229.4721 48.5143
229.4780 48.5134
229.4838 48.5125
229.4897 48.5116
229.4955 48.5108
229.5014 48.5099
229.5072 48.5090
229.5131 48.5081
229.5189 48.5072
229.5248 48.5064
229.5306 48.5055
229.5365 48.5046
229.5423 48.5037
229.5481 48.5028
229.5540 48.5019
229.5598 48.5011
229.5657 48.5002
229.5715 48.4993
229.5774 48.4984
229.5832 48.4975
229.5891 48.4966
229.5949 48.4957
229.6008 48.4949
229.6066 48.4940
229.6125 48.4931
229.6183 48.4922
229.6242 48.4913
229.6300 48.4904
229.6359 48.4895
229.6417 48.4886
229.6476 48.4877
229.6534 48.4868
229.6593 48.4859
229.6651 48.4851
229.6710 48.4842
229.6768 48.4833
229.6827 48.4824
229.6885 48.4815
229.6944 48.4806
229.7002 48.4797
229.7061 48.4788
229.7119 48.4779
229.7178 48.4770
229.7236 48.4761
229.7295 48.4752
229.7353 48.4743
229.7412 48.4734
229.7470 48.4725
229.7529 48.4716
229.7587 48.4707
229.7646 48.4698
229.7704 48.4689
229.7763 48.4680
229.7821 48.4671
229.7880 48.4662
229.7938 48.4653
229.7997 48.4644
229.8055 48.4635
229.8114 48.4626
229.8172 48.4617
229.8231 48.4607
229.8289 48.4598
229.8348 48.4589
229.8406 48.4580
229.8465 48.4571
229.8523 48.4562
229.8582 48.4553
229.8640 48.4544
229.8699 48.4535
229.8757 48.4526
229.8816 48.4516
229.8874 48.4507
229.8933 48.4498
229.8991 48.4489
229.9050 48.4480
229.9108 48.4471
229.9167 48.4462
229.9225 48.4452
229.9284 48.4443
229.9343 48.4434
229.9401 48.4425
229.9460 48.4416
229.9518 48.4407
229.9577 48.4397
229.9635 48.4388
229.9694 48.4379
229.9752 48.4370
229.9811 48.4361
229.9869 48.4351
229.9928 48.4342
229.9986 48.4333
230.0045 48.4324
230.0103 48.4315
230.0162 48.4305
230.0220 48.4296
230.0279 48.4287
230.0337 48.4278
230.0396 48.4268
230.0454 48.4259
230.0513 48.4250
230.0571 48.4241
230.0630 48.4231
230.0688 48.4222
230.0747 48.4213
230.0805 48.4203
230.0864 48.4194
230.0922 48.4185
230.0981 48.4175
230.1039 48.4166
230.1098 48.4157
230.1156 48.4148
230.1215 48.4138
230.1273 48.4129
230.1332 48.4120
230.1390 48.4110
230.1449 48.4101
230.1508 48.4091
230.1566 48.4082
230.1625 48.4073
230.1683 48.4063
230.1742 48.4054
230.1800 48.4045
230.1859 48.4035
230.1917 48.4026
230.1976 48.4016
230.2034 48.4007
230.2093 48.3998
230.2151 48.3988
230.2210 48.3979
230.2268 48.3969
230.2327 48.3960
230.2385 48.3951
230.2444 48.3941
230.2502 48.3932
230.2561 48.3922
230.2619 48.3913
230.2678 48.3903
230.2736 48.3894
230.2795 48.3884
230.2854 48.3875
230.2912 48.3865
230.2971 48.3856
230.3029 48.3846
230.3088 48.3837
230.3146 48.3828
230.3205 48.3818
230.3263 48.3809
230.3322 48.3799
230.3380 48.3789
230.3439 48.3780
230.3497 48.3770
230.3556 48.3761
230.3614 48.3751
230.3673 48.3742
230.3731 48.3732
230.3790 48.3723
230.3848 48.3713
230.3907 48.3704
230.3966 48.3694
230.4024 48.3684
230.4083 48.3675
230.4141 48.3665
230.4200 48.3656
230.4258 48.3646
230.4317 48.3637
230.4375 48.3627
230.4434 48.3617
230.4492 48.3608
230.4551 48.3598
230.4609 48.3588
230.4668 48.3579
230.4726 48.3569
230.4785 48.3560
230.4843 48.3550
230.4902 48.3540
230.4961 48.3531
230.5019 48.3521
230.5078 48.3511
230.5136 48.3502
230.5195 48.3492
230.5253 48.3482
230.5312 48.3473
230.5370 48.3463
230.5429 48.3453
230.5487 48.3444
230.5546 48.3434
230.5604 48.3424
230.5663 48.3414
230.5721 48.3405
230.5780 48.3395
230.5839 48.3385
230.5897 48.3375
230.5956 48.3366
230.6014 48.3356
230.6073 48.3346
230.6131 48.3336
230.6190 48.3327
230.6248 48.3317
230.6307 48.3307
230.6365 48.3297
230.6424 48.3288
230.6482 48.3278
230.6541 48.3268
230.6600 48.3258
230.6658 48.3248
230.6717 48.3239
230.6775 48.3229
230.6834 48.3219
230.6892 48.3209
230.6951 48.3199
230.7009 48.3190
230.7068 48.3180
230.7126 48.3170
230.7185 48.3160
230.7243 48.3150
230.7302 48.3140
230.7361 48.3130
230.7419 48.3121
230.7478 48.3111
230.7536 48.3101
230.7595 48.3091
230.7653 48.3081
230.7712 48.3071
230.7770 48.3061
230.7829 48.3051
230.7887 48.3041
230.7946 48.3031
230.8005 48.3022
230.8063 48.3012
230.8122 48.3002
230.8180 48.2992
230.8239 48.2982
230.8297 48.2972
230.8356 48.2962
230.8414 48.2952
230.8473 48.2942
230.8532 48.2932
230.8590 48.2922
230.8649 48.2912
230.8707 48.2902
230.8766 48.2892
230.8824 48.2882
230.8883 48.2872
230.8941 48.2862
230.9000 48.2852
230.9059 48.2842
230.9117 48.2832
230.9176 48.2822
230.9234 48.2812
230.9293 48.2802
230.9351 48.2792
230.9410 48.2782
230.9468 48.2772
230.9527 48.2762
230.9586 48.2752
230.9644 48.2742
230.9703 48.2732
230.9761 48.2722
230.9820 48.2711
230.9878 48.2701
230.9937 48.2691
230.9995 48.2681
231.0054 48.2671
231.0113 48.2661
231.0171 48.2651
231.0230 48.2641
231.0288 48.2631
231.0347 48.2621
231.0405 48.2610
231.0464 48.2600
231.0523 48.2590
231.0581 48.2580
231.0640 48.2570
231.0698 48.2560
231.0757 48.2550
231.0815 48.2539
231.0874 48.2529
231.0932 48.2519
231.0991 48.2509
231.1050 48.2499
231.1108 48.2488
231.1167 48.2478
231.1225 48.2468
231.1284 48.2458
231.1342 48.2448
231.1401 48.2437
231.1460 48.2427
231.1518 48.2417
231.1577 48.2407
231.1635 48.2396
231.1694 48.2386
231.1752 48.2376
231.1811 48.2366
231.1870 48.2355
231.1928 48.2345
231.1987 48.2335
231.2045 48.2325
231.2104 48.2314
231.2162 48.2304
231.2221 48.2294
231.2280 48.2284
231.2338 48.2273
231.2397 48.2263
231.2455 48.2253
231.2514 48.2242
231.2572 48.2232
231.2631 48.2222
231.2690 48.2211
231.2748 48.2201
231.2807 48.2191
231.2865 48.2180
231.2924 48.2170
231.2983 48.2160
231.3041 48.2149
231.3100 48.2139
231.3158 48.2128
231.3217 48.2118
231.3275 48.2108
231.3334 48.2097
231.3393 48.2087
231.3451 48.2077
231.3510 48.2066
231.3568 48.2056
231.3627 48.2045
231.3685 48.2035
231.3744 48.2024
231.3803 48.2014
231.3861 48.2004
231.3920 48.1993
231.3978 48.1983
231.4037 48.1972
231.4096 48.1962
231.4154 48.1951
231.4213 48.1941
231.4271 48.1930
231.4330 48.1920
231.4388 48.1909
231.4447 48.1899
231.4506 48.1889
231.4564 48.1878
231.4623 48.1868
231.4681 48.1857
231.4740 48.1846
231.4799 48.1836
231.4857 48.1825
231.4916 48.1815
231.4974 48.1804
231.5033 48.1794
231.5091 48.1783
231.5150 48.1773
231.5209 48.1762
231.5267 48.1752
231.5326 48.1741
231.5384 48.1731
231.5443 48.1720
231.5502 48.1709
231.5560 48.1699
231.5619 48.1688
231.5677 48.1678
231.5736 48.1667
231.5795 48.1656
231.5853 48.1646
231.5912 48.1635
231.5970 48.1625
231.6029 48.1614
231.6088 48.1603
231.6146 48.1593
231.6205 48.1582
231.6263 48.1571
231.6322 48.1561
231.6380 48.1550
231.6439 48.1539
231.6498 48.1529
231.6556 48.1518
231.6615 48.1507
231.6673 48.1497
231.6732 48.1486
231.6791 48.1475
231.6849 48.1465
231.6908 48.1454
231.6966 48.1443
231.7025 48.1433
231.7084 48.1422
231.7142 48.1411
231.7201 48.1400
231.7259 48.1390
231.7318 48.1379
231.7377 48.1368
231.7435 48.1357
231.7494 48.1347
231.7552 48.1336
231.7611 48.1325
231.7670 48.1314
231.7728 48.1304
231.7787 48.1293
231.7845 48.1282
231.7904 48.1271
231.7963 48.1260
231.8021 48.1250
231.8080 48.1239
231.8138 48.1228
231.8197 48.1217
231.8256 48.1206
231.8314 48.1196
231.8373 48.1185
231.8431 48.1174
231.8490 48.1163
231.8549 48.1152
231.8607 48.1141
231.8666 48.1131
231.8724 48.1120
231.8783 48.1109
231.8842 48.1098
231.8900 48.1087
231.8959 48.1076
231.9018 48.1065
231.9076 48.1054
231.9135 48.1043
231.9193 48.1033
231.9252 48.1022
231.9311 48.1011
231.9369 48.1000
231.9428 48.0989
231.9486 48.0978
231.9545 48.0967
231.9604 48.0956
231.9662 48.0945
231.9721 48.0934
231.9779 48.0923
231.9838 48.0912
231.9897 48.0901
231.9955 48.0890
232.0014 48.0879
232.0072 48.0868
232.0131 48.0857
232.0190 48.0846
232.0248 48.0835
232.0307 48.0824
232.0366 48.0813
232.0424 48.0802
232.0483 48.0791
232.0541 48.0780
232.0600 48.0769
232.0659 48.0758
232.0717 48.0747
232.0776 48.0736
232.0834 48.0725
232.0893 48.0714
232.0952 48.0703
232.1010 48.0692
232.1069 48.0681
232.1128 48.0670
232.1186 48.0659
232.1245 48.0648
232.1303 48.0637
232.1362 48.0626
232.1421 48.0614
232.1479 48.0603
232.1538 48.0592
232.1596 48.0581
232.1655 48.0570
232.1714 48.0559
232.1772 48.0548
232.1831 48.0537
232.1890 48.0525
232.1948 48.0514
232.2007 48.0503
232.2065 48.0492
232.2124 48.0481
232.2183 48.0470
232.2241 48.0458
232.2300 48.0447
232.2359 48.0436
232.2417 48.0425
232.2476 48.0414
232.2534 48.0403
232.2593 48.0391
232.2652 48.0380
232.2710 48.0369
232.2769 48.0358
232.2828 48.0346
232.2886 48.0335
232.2945 48.0324
232.3003 48.0313
232.3062 48.0302
232.3121 48.0290
232.3179 48.0279
232.3238 48.0268
232.3297 48.0256
232.3355 48.0245
232.3414 48.0234
232.3473 48.0223
232.3531 48.0211
232.3590 48.0200
232.3648 48.0189
232.3707 48.0177
232.3766 48.0166
232.3824 48.0155
232.3883 48.0144
232.3942 48.0132
232.4000 48.0121
232.4059 48.0110
232.4118 48.0098
232.4176 48.0087
232.4235 48.0075
232.4293 48.0064
232.4352 48.0053
232.4411 48.0041
232.4469 48.0030
232.4528 48.0019
232.4587 48.0007
232.4645 47.9996
232.4704 47.9985
232.4763 47.9973
232.4821 47.9962
232.4880 47.9950
232.4938 47.9939
232.4997 47.9927
232.5056 47.9916
232.5114 47.9905
232.5173 47.9893
232.5232 47.9882
232.5290 47.9870
232.5349 47.9859
232.5408 47.9847
232.5466 47.9836
232.5525 47.9824
232.5584 47.9813
232.5642 47.9802
232.5701 47.9790
232.5759 47.9779
232.5818 47.9767
232.5877 47.9756
232.5935 47.9744
232.5994 47.9733
232.6053 47.9721
232.6111 47.9710
232.6170 47.9698
232.6229 47.9687
232.6287 47.9675
232.6346 47.9663
232.6405 47.9652
232.6463 47.9640
232.6522 47.9629
232.6581 47.9617
232.6639 47.9606
232.6698 47.9594
232.6757 47.9583
232.6815 47.9571
232.6874 47.9559
232.6933 47.9548
232.6991 47.9536
232.7050 47.9525
232.7108 47.9513
232.7167 47.9501
232.7226 47.9490
232.7284 47.9478
232.7343 47.9467
232.7402 47.9455
232.7460 47.9443
232.7519 47.9432
232.7578 47.9420
232.7636 47.9408
232.7695 47.9397
232.7754 47.9385
232.7812 47.9373
232.7871 47.9362
232.7930 47.9350
232.7988 47.9338
232.8047 47.9327
232.8106 47.9315
232.8164 47.9303
232.8223 47.9291
232.8282 47.9280
232.8340 47.9268
232.8399 47.9256
232.8458 47.9245
232.8516 47.9233
232.8575 47.9221
232.8634 47.9209
232.8692 47.9198
232.8751 47.9186
232.8810 47.9174
232.8868 47.9162
232.8927 47.9151
232.8986 47.9139
232.9044 47.9127
232.9103 47.9115
232.9162 47.9104
232.9220 47.9092
232.9279 47.9080
232.9338 47.9068
232.9396 47.9056
232.9455 47.9045
232.9514 47.9033
232.9572 47.9021
232.9631 47.9009
232.9690 47.8997
232.9748 47.8985
232.9807 47.8974
232.9866 47.8962
232.9924 47.8950
232.9983 47.8938
233.0042 47.8926
233.0100 47.8914
233.0159 47.8902
233.0218 47.8890
233.0276 47.8879
233.0335 47.8867
233.0394 47.8855
233.0452 47.8843
233.0511 47.8831
233.0570 47.8819
233.0628 47.8807
233.0687 47.8795
233.0746 47.8783
233.0804 47.8771
233.0863 47.8759
233.0922 47.8747
233.0980 47.8736
233.1039 47.8724
233.1098 47.8712
233.1157 47.8700
233.1215 47.8688
233.1274 47.8676
233.1333 47.8664
233.1391 47.8652
233.1450 47.8640
233.1509 47.8628
233.1567 47.8616
233.1626 47.8604
233.1685 47.8592
233.1743 47.8580
233.1802 47.8568
233.1861 47.8556
233.1919 47.8544
233.1978 47.8532
233.2037 47.8520
233.2095 47.8508
233.2154 47.8495
233.2213 47.8483
233.2271 47.8471
233.2330 47.8459
233.2389 47.8447
233.2448 47.8435
233.2506 47.8423
233.2565 47.8411
233.2624 47.8399
233.2682 47.8387
233.2741 47.8375
233.2800 47.8363
233.2858 47.8350
233.2917 47.8338
233.2976 47.8326
233.3034 47.8314
233.3093 47.8302
233.3152 47.8290
233.3210 47.8278
233.3269 47.8265
233.3328 47.8253
233.3387 47.8241
233.3445 47.8229
233.3504 47.8217
233.3563 47.8205
233.3621 47.8192
233.3680 47.8180
233.3739 47.8168
233.3797 47.8156
233.3856 47.8144
233.3915 47.8131
233.3973 47.8119
233.4032 47.8107
233.4091 47.8095
233.4150 47.8083
233.4208 47.8070
233.4267 47.8058
233.4326 47.8046
233.4384 47.8034
233.4443 47.8021
233.4502 47.8009
233.4560 47.7997
233.4619 47.7985
233.4678 47.7972
233.4736 47.7960
233.4795 47.7948
233.4854 47.7935
233.4913 47.7923
233.4971 47.7911
233.5030 47.7898
233.5089 47.7886
233.5147 47.7874
233.5206 47.7861
233.5265 47.7849
233.5323 47.7837
233.5382 47.7824
233.5441 47.7812
233.5500 47.7800
233.5558 47.7787
233.5617 47.7775
233.5676 47.7763
233.5734 47.7750
233.5793 47.7738
233.5852 47.7726
233.5910 47.7713
233.5969 47.7701
233.6028 47.7688
233.6087 47.7676
233.6145 47.7664
233.6204 47.7651
233.6263 47.7639
233.6321 47.7626
233.6380 47.7614
233.6439 47.7601
233.6498 47.7589
233.6556 47.7577
233.6615 47.7564
233.6674 47.7552
233.6732 47.7539
233.6791 47.7527
233.6850 47.7514
233.6908 47.7502
233.6967 47.7489
233.7026 47.7477
233.7085 47.7464
233.7143 47.7452
233.7202 47.7439
233.7261 47.7427
233.7319 47.7414
233.7378 47.7402
233.7437 47.7389
233.7496 47.7377
233.7554 47.7364
233.7613 47.7352
233.7672 47.7339
233.7731 47.7327
233.7789 47.7314
233.7848 47.7301
233.7907 47.7289
233.7965 47.7276
233.8024 47.7264
233.8083 47.7251
233.8142 47.7239
233.8200 47.7226
233.8259 47.7213
233.8318 47.7201
233.8376 47.7188
233.8435 47.7175
233.8494 47.7163
233.8553 47.7150
233.8611 47.7138
233.8670 47.7125
233.8729 47.7112
233.8788 47.7100
233.8846 47.7087
233.8905 47.7074
233.8964 47.7062
233.9022 47.7049
233.9081 47.7036
233.9140 47.7024
233.9199 47.7011
233.9257 47.6998
233.9316 47.6986
233.9375 47.6973
233.9434 47.6960
233.9492 47.6948
233.9551 47.6935
233.9610 47.6922
233.9668 47.6909
233.9727 47.6897
233.9786 47.6884
233.9845 47.6871
233.9903 47.6858
233.9962 47.6846
234.0021 47.6833
234.0080 47.6820
234.0138 47.6807
234.0197 47.6795
234.0256 47.6782
234.0315 47.6769
234.0373 47.6756
234.0432 47.6743
234.0491 47.6731
234.0549 47.6718
234.0608 47.6705
234.0667 47.6692
234.0726 47.6679
234.0784 47.6667
234.0843 47.6654
234.0902 47.6641
234.0961 47.6628
234.1019 47.6615
234.1078 47.6602
234.1137 47.6590
234.1196 47.6577
234.1254 47.6564
234.1313 47.6551
234.1372 47.6538
234.1431 47.6525
234.1489 47.6512
234.1548 47.6499
234.1607 47.6486
234.1666 47.6474
234.1724 47.6461
234.1783 47.6448
234.1842 47.6435
234.1901 47.6422
234.1959 47.6409
234.2018 47.6396
234.2077 47.6383
234.2136 47.6370
234.2194 47.6357
234.2253 47.6344
234.2312 47.6331
234.2371 47.6318
234.2429 47.6305
234.2488 47.6292
234.2547 47.6279
234.2606 47.6266
234.2664 47.6253
234.2723 47.6240
234.2782 47.6227
234.2841 47.6214
234.2899 47.6201
234.2958 47.6188
234.3017 47.6175
234.3076 47.6162
234.3134 47.6149
234.3193 47.6136
234.3252 47.6123
234.3311 47.6110
234.3369 47.6097
234.3428 47.6084
234.3487 47.6071
234.3546 47.6058
234.3604 47.6045
234.3663 47.6032
234.3722 47.6019
234.3781 47.6005
234.3839 47.5992
234.3898 47.5979
234.3957 47.5966
234.4016 47.5953
234.4074 47.5940
234.4133 47.5927
234.4192 47.5914
234.4251 47.5901
234.4309 47.5887
234.4368 47.5874
234.4427 47.5861
234.4486 47.5848
234.4544 47.5835
234.4603 47.5822
234.4662 47.5808
234.4721 47.5795
234.4780 47.5782
234.4838 47.5769
234.4897 47.5756
234.4956 47.5742
234.5015 47.5729
234.5073 47.5716
234.5132 47.5703
234.5191 47.5690
234.5250 47.5676
234.5308 47.5663
234.5367 47.5650
234.5426 47.5637
234.5485 47.5623
234.5544 47.5610
234.5602 47.5597
234.5661 47.5584
234.5720 47.5570
234.5779 47.5557
234.5837 47.5544
234.5896 47.5531
234.5955 47.5517
234.6014 47.5504
234.6072 47.5491
234.6131 47.5477
234.6190 47.5464
234.6249 47.5451
234.6308 47.5437
234.6366 47.5424
234.6425 47.5411
234.6484 47.5397
234.6543 47.5384
234.6601 47.5371
234.6660 47.5357
234.6719 47.5344
234.6778 47.5331
234.6837 47.5317
234.6895 47.5304
234.6954 47.5291
234.7013 47.5277
234.7072 47.5264
234.7130 47.5250
234.7189 47.5237
234.7248 47.5224
234.7307 47.5210
234.7366 47.5197
234.7424 47.5183
234.7483 47.5170
234.7542 47.5156
234.7601 47.5143
234.7659 47.5130
234.7718 47.5116
234.7777 47.5103
234.7836 47.5089
234.7895 47.5076
234.7953 47.5062
234.8012 47.5049
234.8071 47.5035
234.8130 47.5022
234.8188 47.5008
234.8247 47.4995
234.8306 47.4981
234.8365 47.4968
234.8424 47.4954
234.8482 47.4941
234.8541 47.4927
234.8600 47.4914
234.8659 47.4900
234.8718 47.4887
234.8776 47.4873
234.8835 47.4860
234.8894 47.4846
234.8953 47.4833
234.9011 47.4819
234.9070 47.4805
234.9129 47.4792
234.9188 47.4778
234.9247 47.4765
234.9305 47.4751
234.9364 47.4737
234.9423 47.4724
234.9482 47.4710
234.9541 47.4697
234.9599 47.4683
234.9658 47.4669
234.9717 47.4656
234.9776 47.4642
234.9835 47.4629
234.9893 47.4615
234.9952 47.4601
235.0011 47.4588
235.0070 47.4574
235.0129 47.4560
235.0187 47.4547
235.0246 47.4533
235.0305 47.4519
235.0364 47.4506
235.0422 47.4492
235.0481 47.4478
235.0540 47.4464
235.0599 47.4451
235.0658 47.4437
235.0716 47.4423
235.0775 47.4410
235.0834 47.4396
235.0893 47.4382
235.0952 47.4368
235.1011 47.4355
235.1069 47.4341
235.1128 47.4327
235.1187 47.4313
235.1246 47.4300
235.1305 47.4286
235.1363 47.4272
235.1422 47.4258
235.1481 47.4244
235.1540 47.4231
235.1599 47.4217
235.1657 47.4203
235.1716 47.4189
235.1775 47.4175
235.1834 47.4162
235.1893 47.4148
235.1951 47.4134
235.2010 47.4120
235.2069 47.4106
235.2128 47.4092
235.2187 47.4079
235.2245 47.4065
235.2304 47.4051
235.2363 47.4037
235.2422 47.4023
235.2481 47.4009
235.2540 47.3995
235.2598 47.3982
235.2657 47.3968
235.2716 47.3954
235.2775 47.3940
235.2834 47.3926
235.2892 47.3912
235.2951 47.3898
235.3010 47.3884
235.3069 47.3870
235.3128 47.3856
235.3187 47.3842
235.3245 47.3828
235.3304 47.3814
235.3363 47.3800
235.3422 47.3787
235.3481 47.3773
235.3539 47.3759
235.3598 47.3745
235.3657 47.3731
235.3716 47.3717
235.3775 47.3703
235.3834 47.3689
235.3892 47.3675
235.3951 47.3661
235.4010 47.3647
235.4069 47.3633
235.4128 47.3619
235.4187 47.3605
235.4245 47.3590
235.4304 47.3576
235.4363 47.3562
235.4422 47.3548
235.4481 47.3534
235.4540 47.3520
235.4598 47.3506
235.4657 47.3492
235.4716 47.3478
235.4775 47.3464
235.4834 47.3450
235.4893 47.3436
235.4951 47.3422
235.5010 47.3408
235.5069 47.3393
235.5128 47.3379
235.5187 47.3365
235.5246 47.3351
235.5304 47.3337
235.5363 47.3323
235.5422 47.3309
235.5481 47.3294
235.5540 47.3280
235.5599 47.3266
235.5657 47.3252
235.5716 47.3238
235.5775 47.3224
235.5834 47.3209
235.5893 47.3195
235.5952 47.3181
235.6010 47.3167
235.6069 47.3153
235.6128 47.3138
235.6187 47.3124
235.6246 47.3110
235.6305 47.3096
235.6364 47.3082
235.6422 47.3067
235.6481 47.3053
235.6540 47.3039
235.6599 47.3025
235.6658 47.3010
235.6717 47.2996
235.6775 47.2982
235.6834 47.2968
235.6893 47.2953
235.6952 47.2939
235.7011 47.2925
235.7070 47.2910
235.7129 47.2896
235.7187 47.2882
235.7246 47.2868
235.7305 47.2853
235.7364 47.2839
235.7423 47.2825
235.7482 47.2810
235.7540 47.2796
235.7599 47.2782
235.7658 47.2767
235.7717 47.2753
235.7776 47.2739
235.7835 47.2724
235.7894 47.2710
235.7952 47.2695
235.8011 47.2681
235.8070 47.2667
235.8129 47.2652
235.8188 47.2638
235.8247 47.2623
235.8306 47.2609
235.8364 47.2595
235.8423 47.2580
235.8482 47.2566
235.8541 47.2551
235.8600 47.2537
235.8659 47.2523
235.8718 47.2508
235.8776 47.2494
235.8835 47.2479
235.8894 47.2465
235.8953 47.2450
235.9012 47.2436
235.9071 47.2421
235.9130 47.2407
235.9188 47.2392
235.9247 47.2378
235.9306 47.2363
235.9365 47.2349
235.9424 47.2334
235.9483 47.2320
235.9542 47.2305
235.9601 47.2291
235.9659 47.2276
235.9718 47.2262
235.9777 47.2247
235.9836 47.2233
235.9895 47.2218
235.9954 47.2204
236.0013 47.2189
236.0071 47.2174
236.0130 47.2160
236.0189 47.2145
236.0248 47.2131
236.0307 47.2116
236.0366 47.2102
236.0425 47.2087
236.0484 47.2072
236.0542 47.2058
236.0601 47.2043
236.0660 47.2029
236.0719 47.2014
236.0778 47.1999
236.0837 47.1985
236.0896 47.1970
236.0955 47.1955
236.1013 47.1941
236.1072 47.1926
236.1131 47.1911
236.1190 47.1897
236.1249 47.1882
236.1308 47.1867
236.1367 47.1853
236.1426 47.1838
236.1484 47.1823
236.1543 47.1809
236.1602 47.1794
236.1661 47.1779
236.1720 47.1765
236.1779 47.1750
236.1838 47.1735
236.1897 47.1720
236.1955 47.1706
236.2014 47.1691
236.2073 47.1676
236.2132 47.1661
236.2191 47.1647
236.2250 47.1632
236.2309 47.1617
236.2368 47.1602
236.2427 47.1588
236.2485 47.1573
236.2544 47.1558
236.2603 47.1543
236.2662 47.1528
236.2721 47.1514
236.2780 47.1499
236.2839 47.1484
236.2898 47.1469
236.2956 47.1454
236.3015 47.1439
236.3074 47.1425
236.3133 47.1410
236.3192 47.1395
236.3251 47.1380
236.3310 47.1365
236.3369 47.1350
236.3428 47.1336
236.3486 47.1321
236.3545 47.1306
236.3604 47.1291
236.3663 47.1276
236.3722 47.1261
236.3781 47.1246
236.3840 47.1231
236.3899 47.1216
236.3958 47.1201
236.4017 47.1187
236.4075 47.1172
236.4134 47.1157
236.4193 47.1142
236.4252 47.1127
236.4311 47.1112
236.4370 47.1097
236.4429 47.1082
236.4488 47.1067
236.4547 47.1052
236.4605 47.1037
236.4664 47.1022
236.4723 47.1007
236.4782 47.0992
236.4841 47.0977
236.4900 47.0962
236.4959 47.0947
236.5018 47.0932
236.5077 47.0917
236.5136 47.0902
236.5194 47.0887
236.5253 47.0872
236.5312 47.0857
236.5371 47.0842
236.5430 47.0827
236.5489 47.0812
236.5548 47.0797
236.5607 47.0782
236.5666 47.0767
236.5725 47.0752
236.5784 47.0736
236.5842 47.0721
236.5901 47.0706
236.5960 47.0691
236.6019 47.0676
236.6078 47.0661
236.6137 47.0646
236.6196 47.0631
236.6255 47.0616
236.6314 47.0600
236.6373 47.0585
236.6432 47.0570
236.6491 47.0555
236.6549 47.0540
236.6608 47.0525
236.6667 47.0510
236.6726 47.0494
236.6785 47.0479
236.6844 47.0464
236.6903 47.0449
236.6962 47.0434
236.7021 47.0418
236.7080 47.0403
236.7139 47.0388
236.7198 47.0373
236.7256 47.0358
236.7315 47.0342
236.7374 47.0327
236.7433 47.0312
236.7492 47.0297
236.7551 47.0281
236.7610 47.0266
236.7669 47.0251
236.7728 47.0236
236.7787 47.0220
236.7846 47.0205
236.7905 47.0190
236.7964 47.0175
236.8022 47.0159
236.8081 47.0144
236.8140 47.0129
236.8199 47.0113
236.8258 47.0098
236.8317 47.0083
236.8376 47.0068
236.8435 47.0052
236.8494 47.0037
236.8553 47.0022
236.8612 47.0006
236.8671 46.9991
236.8730 46.9976
236.8789 46.9960
236.8848 46.9945
236.8906 46.9929
236.8965 46.9914
236.9024 46.9899
236.9083 46.9883
236.9142 46.9868
236.9201 46.9853
236.9260 46.9837
236.9319 46.9822
236.9378 46.9806
236.9437 46.9791
236.9496 46.9775
236.9555 46.9760
236.9614 46.9745
236.9673 46.9729
236.9732 46.9714
236.9791 46.9698
236.9849 46.9683
236.9908 46.9667
236.9967 46.9652
237.0026 46.9636
237.0085 46.9621
237.0144 46.9605
237.0203 46.9590
237.0262 46.9575
237.0321 46.9559
237.0380 46.9544
237.0439 46.9528
237.0498 46.9513
237.0557 46.9497
237.0616 46.9481
237.0675 46.9466
237.0734 46.9450
237.0793 46.9435
237.0852 46.9419
237.0910 46.9404
237.0969 46.9388
237.1028 46.9373
237.1087 46.9357
237.1146 46.9342
237.1205 46.9326
237.1264 46.9310
237.1323 46.9295
237.1382 46.9279
237.1441 46.9264
237.1500 46.9248
237.1559 46.9232
237.1618 46.9217
237.1677 46.9201
237.1736 46.9186
237.1795 46.9170
237.1854 46.9154
237.1913 46.9139
237.1972 46.9123
237.2031 46.9107
237.2090 46.9092
237.2149 46.9076
237.2208 46.9060
237.2266 46.9045
237.2325 46.9029
237.2384 46.9013
237.2443 46.8998
237.2502 46.8982
237.2561 46.8966
237.2620 46.8951
237.2679 46.8935
237.2738 46.8919
237.2797 46.8903
237.2856 46.8888
237.2915 46.8872
237.2974 46.8856
237.3033 46.8840
237.3092 46.8825
237.3151 46.8809
237.3210 46.8793
237.3269 46.8777
237.3328 46.8762
237.3387 46.8746
237.3446 46.8730
237.3505 46.8714
237.3564 46.8699
237.3623 46.8683
237.3682 46.8667
237.3741 46.8651
237.3800 46.8635
237.3859 46.8620
237.3918 46.8604
237.3977 46.8588
237.4036 46.8572
237.4094 46.8556
237.4153 46.8540
237.4212 46.8525
237.4271 46.8509
237.4330 46.8493
237.4389 46.8477
237.4448 46.8461
237.4507 46.8445
237.4566 46.8429
237.4625 46.8413
237.4684 46.8398
237.4743 46.8382
237.4802 46.8366
237.4861 46.8350
237.4920 46.8334
237.4979 46.8318
237.5038 46.8302
237.5097 46.8286
237.5156 46.8270
237.5215 46.8254
237.5274 46.8238
237.5333 46.8222
237.5392 46.8206
237.5451 46.8190
237.5510 46.8174
237.5569 46.8159
237.5628 46.8143
237.5687 46.8127
237.5746 46.8111
237.5805 46.8095
237.5864 46.8079
237.5923 46.8063
237.5982 46.8047
237.6041 46.8031
237.6100 46.8015
237.6159 46.7999
237.6218 46.7982
237.6277 46.7966
237.6336 46.7950
237.6395 46.7934
237.6454 46.7918
237.6513 46.7902
237.6572 46.7886
237.6631 46.7870
237.6690 46.7854
237.6749 46.7838
237.6808 46.7822
237.6867 46.7806
237.6926 46.7790
237.6985 46.7774
237.7044 46.7757
237.7103 46.7741
237.7162 46.7725
237.7221 46.7709
237.7280 46.7693
237.7339 46.7677
237.7398 46.7661
237.7457 46.7645
237.7516 46.7628
237.7575 46.7612
237.7634 46.7596
237.7693 46.7580
237.7752 46.7564
237.7811 46.7548
237.7870 46.7531
237.7929 46.7515
237.7988 46.7499
237.8047 46.7483
237.8106 46.7467
237.8165 46.7450
237.8224 46.7434
237.8283 46.7418
237.8342 46.7402
237.8401 46.7386
237.8460 46.7369
237.8519 46.7353
237.8578 46.7337
237.8637 46.7321
237.8696 46.7304
237.8755 46.7288
237.8814 46.7272
237.8873 46.7256
237.8932 46.7239
237.8991 46.7223
237.9050 46.7207
237.9109 46.7190
237.9168 46.7174
237.9227 46.7158
237.9286 46.7141
237.9345 46.7125
237.9404 46.7109
237.9463 46.7093
237.9522 46.7076
237.9581 46.7060
237.9640 46.7044
237.9699 46.7027
237.9758 46.7011
237.9817 46.6994
237.9876 46.6978
237.9935 46.6962
237.9994 46.6945
238.0053 46.6929
238.0112 46.6913
238.0171 46.6896
238.0230 46.6880
238.0289 46.6863
238.0348 46.6847
238.0407 46.6831
238.0466 46.6814
238.0525 46.6798
238.0584 46.6781
238.0643 46.6765
238.0702 46.6748
238.0761 46.6732
238.0820 46.6716
238.0879 46.6699
238.0938 46.6683
238.0997 46.6666
238.1056 46.6650
238.1115 46.6633
238.1174 46.6617
238.1234 46.6600
238.1293 46.6584
238.1352 46.6567
238.1411 46.6551
238.1470 46.6534
238.1529 46.6518
238.1588 46.6501
238.1647 46.6485
238.1706 46.6468
238.1765 46.6452
238.1824 46.6435
238.1883 46.6418
238.1942 46.6402
238.2001 46.6385
238.2060 46.6369
238.2119 46.6352
238.2178 46.6336
238.2237 46.6319
238.2296 46.6302
238.2355 46.6286
238.2414 46.6269
238.2473 46.6253
238.2532 46.6236
238.2591 46.6219
238.2650 46.6203
238.2709 46.6186
238.2768 46.6170
238.2828 46.6153
238.2887 46.6136
238.2946 46.6120
238.3005 46.6103
238.3064 46.6086
238.3123 46.6070
238.3182 46.6053
238.3241 46.6036
238.3300 46.6020
238.3359 46.6003
238.3418 46.5986
238.3477 46.5970
238.3536 46.5953
238.3595 46.5936
238.3654 46.5920
238.3713 46.5903
238.3772 46.5886
238.3831 46.5869
238.3890 46.5853
238.3949 46.5836
238.4008 46.5819
238.4068 46.5802
238.4127 46.5786
238.4186 46.5769
238.4245 46.5752
238.4304 46.5735
238.4363 46.5719
238.4422 46.5702
238.4481 46.5685
238.4540 46.5668
238.4599 46.5651
238.4658 46.5635
238.4717 46.5618
238.4776 46.5601
238.4835 46.5584
238.4894 46.5567
238.4953 46.5551
238.5012 46.5534
238.5072 46.5517
238.5131 46.5500
238.5190 46.5483
238.5249 46.5466
238.5308 46.5449
238.5367 46.5433
238.5426 46.5416
238.5485 46.5399
238.5544 46.5382
238.5603 46.5365
238.5662 46.5348
238.5721 46.5331
238.5780 46.5314
238.5839 46.5297
238.5898 46.5281
238.5958 46.5264
238.6017 46.5247
238.6076 46.5230
238.6135 46.5213
238.6194 46.5196
238.6253 46.5179
238.6312 46.5162
238.6371 46.5145
238.6430 46.5128
238.6489 46.5111
238.6548 46.5094
238.6607 46.5077
238.6666 46.5060
238.6726 46.5043
238.6785 46.5026
238.6844 46.5009
238.6903 46.4992
238.6962 46.4975
238.7021 46.4958
238.7080 46.4941
238.7139 46.4924
238.7198 46.4907
238.7257 46.4890
238.7316 46.4873
238.7375 46.4856
238.7434 46.4839
238.7494 46.4822
238.7553 46.4805
238.7612 46.4788
238.7671 46.4771
238.7730 46.4754
238.7789 46.4736
238.7848 46.4719
238.7907 46.4702
238.7966 46.4685
238.8025 46.4668
238.8084 46.4651
238.8143 46.4634
238.8203 46.4617
238.8262 46.4600
238.8321 46.4582
238.8380 46.4565
238.8439 46.4548
238.8498 46.4531
238.8557 46.4514
238.8616 46.4497
238.8675 46.4479
238.8734 46.4462
238.8793 46.4445
238.8853 46.4428
238.8912 46.4411
238.8971 46.4394
238.9030 46.4376
238.9089 46.4359
238.9148 46.4342
238.9207 46.4325
238.9266 46.4307
238.9325 46.4290
238.9384 46.4273
238.9444 46.4256
238.9503 46.4239
238.9562 46.4221
238.9621 46.4204
238.9680 46.4187
238.9739 46.4170
238.9798 46.4152
238.9857 46.4135
238.9916 46.4118
238.9975 46.4100
239.0035 46.4083
239.0094 46.4066
239.0153 46.4049
239.0212 46.4031
239.0271 46.4014
239.0330 46.3997
239.0389 46.3979
239.0448 46.3962
239.0507 46.3945
239.0566 46.3927
239.0626 46.3910
239.0685 46.3893
239.0744 46.3875
239.0803 46.3858
239.0862 46.3840
239.0921 46.3823
239.0980 46.3806
239.1039 46.3788
239.1098 46.3771
239.1158 46.3754
239.1217 46.3736
239.1276 46.3719
239.1335 46.3701
239.1394 46.3684
239.1453 46.3666
239.1512 46.3649
239.1571 46.3632
239.1630 46.3614
239.1690 46.3597
239.1749 46.3579
239.1808 46.3562
239.1867 46.3544
239.1926 46.3527
239.1985 46.3509
239.2044 46.3492
239.2103 46.3474
239.2163 46.3457
239.2222 46.3440
239.2281 46.3422
239.2340 46.3405
239.2399 46.3387
239.2458 46.3369
239.2517 46.3352
239.2576 46.3334
239.2635 46.3317
239.2695 46.3299
239.2754 46.3282
239.2813 46.3264
239.2872 46.3247
239.2931 46.3229
239.2990 46.3212
239.3049 46.3194
239.3108 46.3176
239.3168 46.3159
239.3227 46.3141
239.3286 46.3124
239.3345 46.3106
239.3404 46.3089
239.3463 46.3071
239.3522 46.3053
239.3582 46.3036
239.3641 46.3018
239.3700 46.3000
239.3759 46.2983
239.3818 46.2965
239.3877 46.2948
239.3936 46.2930
239.3995 46.2912
239.4055 46.2895
239.4114 46.2877
239.4173 46.2859
239.4232 46.2842
239.4291 46.2824
239.4350 46.2806
239.4409 46.2789
239.4469 46.2771
239.4528 46.2753
239.4587 46.2735
239.4646 46.2718
239.4705 46.2700
239.4764 46.2682
239.4823 46.2665
239.4883 46.2647
239.4942 46.2629
239.5001 46.2611
239.5060 46.2594
239.5119 46.2576
239.5178 46.2558
239.5237 46.2540
239.5297 46.2522
239.5356 46.2505
239.5415 46.2487
239.5474 46.2469
239.5533 46.2451
239.5592 46.2434
239.5651 46.2416
239.5711 46.2398
239.5770 46.2380
239.5829 46.2362
239.5888 46.2344
239.5947 46.2327
239.6006 46.2309
239.6066 46.2291
239.6125 46.2273
239.6184 46.2255
239.6243 46.2237
239.6302 46.2220
239.6361 46.2202
239.6420 46.2184
239.6480 46.2166
239.6539 46.2148
239.6598 46.2130
239.6657 46.2112
239.6716 46.2094
239.6775 46.2076
239.6835 46.2058
239.6894 46.2041
239.6953 46.2023
239.7012 46.2005
239.7071 46.1987
239.7130 46.1969
239.7190 46.1951
239.7249 46.1933
239.7308 46.1915
239.7367 46.1897
239.7426 46.1879
239.7485 46.1861
239.7545 46.1843
239.7604 46.1825
239.7663 46.1807
239.7722 46.1789
239.7781 46.1771
239.7840 46.1753
239.7900 46.1735
239.7959 46.1717
239.8018 46.1699
239.8077 46.1681
239.8136 46.1663
239.8195 46.1645
239.8255 46.1627
239.8314 46.1609
239.8373 46.1591
239.8432 46.1573
239.8491 46.1555
239.8551 46.1537
239.8610 46.1519
239.8669 46.1500
239.8728 46.1482
239.8787 46.1464
239.8846 46.1446
239.8906 46.1428
239.8965 46.1410
239.9024 46.1392
239.9083 46.1374
239.9142 46.1356
239.9202 46.1337
239.9261 46.1319
239.9320 46.1301
239.9379 46.1283
239.9438 46.1265
239.9497 46.1247
239.9557 46.1229
239.9616 46.1210
239.9675 46.1192
239.9734 46.1174
239.9793 46.1156
239.9853 46.1138
239.9912 46.1119
239.9971 46.1101
240.0030 46.1083
240.0089 46.1065
240.0149 46.1047
240.0208 46.1028
240.0267 46.1010
240.0326 46.0992
240.0385 46.0974
240.0445 46.0955
240.0504 46.0937
240.0563 46.0919
240.0622 46.0901
240.0681 46.0882
240.0741 46.0864
240.0800 46.0846
240.0859 46.0828
240.0918 46.0809
240.0977 46.0791
240.1037 46.0773
240.1096 46.0754
240.1155 46.0736
240.1214 46.0718
240.1273 46.0699
240.1333 46.0681
240.1392 46.0663
240.1451 46.0644
240.1510 46.0626
240.1569 46.0608
240.1629 46.0589
240.1688 46.0571
240.1747 46.0553
240.1806 46.0534
240.1865 46.0516
240.1925 46.0498
240.1984 46.0479
240.2043 46.0461
240.2102 46.0442
240.2161 46.0424
240.2221 46.0406
240.2280 46.0387
240.2339 46.0369
240.2398 46.0350
240.2457 46.0332
240.2517 46.0313
240.2576 46.0295
240.2635 46.0277
240.2694 46.0258
240.2754 46.0240
240.2813 46.0221
240.2872 46.0203
240.2931 46.0184
240.2990 46.0166
240.3050 46.0147
240.3109 46.0129
240.3168 46.0110
240.3227 46.0092
240.3287 46.0073
240.3346 46.0055
240.3405 46.0036
240.3464 46.0018
240.3523 45.9999
240.3583 45.9981
240.3642 45.9962
240.3701 45.9944
240.3760 45.9925
240.3820 45.9907
240.3879 45.9888
240.3938 45.9869
240.3997 45.9851
240.4056 45.9832
240.4116 45.9814
240.4175 45.9795
240.4234 45.9777
240.4293 45.9758
240.4353 45.9739
240.4412 45.9721
240.4471 45.9702
240.4530 45.9683
240.4589 45.9665
240.4649 45.9646
240.4708 45.9628
240.4767 45.9609
240.4826 45.9590
240.4886 45.9572
240.4945 45.9553
240.5004 45.9534
240.5063 45.9516
240.5123 45.9497
240.5182 45.9478
240.5241 45.9460
240.5300 45.9441
240.5360 45.9422
240.5419 45.9404
240.5478 45.9385
240.5537 45.9366
240.5596 45.9347
240.5656 45.9329
240.5715 45.9310
240.5774 45.9291
240.5833 45.9273
240.5893 45.9254
240.5952 45.9235
240.6011 45.9216
240.6070 45.9198
240.6130 45.9179
240.6189 45.9160
240.6248 45.9141
240.6307 45.9122
240.6367 45.9104
240.6426 45.9085
240.6485 45.9066
240.6544 45.9047
240.6604 45.9028
240.6663 45.9010
240.6722 45.8991
240.6781 45.8972
240.6841 45.8953
240.6900 45.8934
240.6959 45.8915
240.7018 45.8897
240.7078 45.8878
240.7137 45.8859
240.7196 45.8840
240.7255 45.8821
240.7315 45.8802
240.7374 45.8783
240.7433 45.8765
240.7492 45.8746
240.7552 45.8727
240.7611 45.8708
240.7670 45.8689
240.7729 45.8670
240.7789 45.8651
240.7848 45.8632
240.7907 45.8613
240.7966 45.8594
240.8026 45.8575
240.8085 45.8557
240.8144 45.8538
240.8203 45.8519
240.8263 45.8500
240.8322 45.8481
240.8381 45.8462
240.8441 45.8443
240.8500 45.8424
240.8559 45.8405
240.8618 45.8386
240.8678 45.8367
240.8737 45.8348
240.8796 45.8329
240.8855 45.8310
240.8915 45.8291
240.8974 45.8272
240.9033 45.8253
240.9092 45.8234
240.9152 45.8215
240.9211 45.8196
240.9270 45.8177
240.9330 45.8157
240.9389 45.8138
240.9448 45.8119
240.9507 45.8100
240.9567 45.8081
240.9626 45.8062
240.9685 45.8043
240.9744 45.8024
240.9804 45.8005
240.9863 45.7986
240.9922 45.7967
240.9982 45.7947
241.0041 45.7928
241.0100 45.7909
241.0159 45.7890
241.0219 45.7871
241.0278 45.7852
241.0337 45.7833
241.0397 45.7813
241.0456 45.7794
241.0515 45.7775
241.0574 45.7756
241.0634 45.7737
241.0693 45.7718
241.0752 45.7698
241.0812 45.7679
241.0871 45.7660
241.0930 45.7641
241.0989 45.7622
241.1049 45.7602
241.1108 45.7583
241.1167 45.7564
241.1227 45.7545
241.1286 45.7526
241.1345 45.7506
241.1405 45.7487
241.1464 45.7468
241.1523 45.7449
241.1582 45.7429
241.1642 45.7410
241.1701 45.7391
241.1760 45.7371
241.1820 45.7352
241.1879 45.7333
241.1938 45.7314
241.1998 45.7294
241.2057 45.7275
241.2116 45.7256
241.2175 45.7236
241.2235 45.7217
241.2294 45.7198
241.2353 45.7178
241.2413 45.7159
241.2472 45.7140
241.2531 45.7120
241.2591 45.7101
241.2650 45.7082
241.2709 45.7062
241.2768 45.7043
241.2828 45.7023
241.2887 45.7004
241.2946 45.6985
241.3006 45.6965
241.3065 45.6946
241.3124 45.6926
241.3184 45.6907
241.3243 45.6888
241.3302 45.6868
241.3362 45.6849
241.3421 45.6829
241.3480 45.6810
241.3540 45.6790
241.3599 45.6771
241.3658 45.6752
241.3717 45.6732
241.3777 45.6713
241.3836 45.6693
241.3895 45.6674
241.3955 45.6654
241.4014 45.6635
241.4073 45.6615
241.4133 45.6596
241.4192 45.6576
241.4251 45.6557
241.4311 45.6537
241.4370 45.6518
241.4429 45.6498
241.4489 45.6479
241.4548 45.6459
241.4607 45.6440
241.4667 45.6420
241.4726 45.6400
241.4785 45.6381
241.4845 45.6361
241.4904 45.6342
241.4963 45.6322
241.5023 45.6303
241.5082 45.6283
241.5141 45.6263
241.5201 45.6244
241.5260 45.6224
241.5319 45.6205
241.5379 45.6185
241.5438 45.6165
241.5497 45.6146
241.5557 45.6126
241.5616 45.6107
241.5675 45.6087
241.5735 45.6067
241.5794 45.6048
241.5853 45.6028
241.5913 45.6008
241.5972 45.5989
241.6031 45.5969
241.6091 45.5949
241.6150 45.5930
241.6209 45.5910
241.6269 45.5890
241.6328 45.5871
241.6387 45.5851
241.6447 45.5831
241.6506 45.5811
241.6565 45.5792
241.6625 45.5772
241.6684 45.5752
241.6743 45.5733
241.6803 45.5713
241.6862 45.5693
241.6922 45.5673
241.6981 45.5654
241.7040 45.5634
241.7100 45.5614
241.7159 45.5594
241.7218 45.5574
241.7278 45.5555
241.7337 45.5535
241.7396 45.5515
241.7456 45.5495
241.7515 45.5475
241.7574 45.5456
241.7634 45.5436
241.7693 45.5416
241.7752 45.5396
241.7812 45.5376
241.7871 45.5357
241.7931 45.5337
241.7990 45.5317
241.8049 45.5297
241.8109 45.5277
241.8168 45.5257
241.8227 45.5237
241.8287 45.5218
241.8346 45.5198
241.8405 45.5178
241.8465 45.5158
241.8524 45.5138
241.8583 45.5118
241.8643 45.5098
241.8702 45.5078
241.8762 45.5058
241.8821 45.5038
241.8880 45.5018
241.8940 45.4999
241.8999 45.4979
241.9058 45.4959
241.9118 45.4939
241.9177 45.4919
241.9237 45.4899
241.9296 45.4879
241.9355 45.4859
241.9415 45.4839
241.9474 45.4819
241.9533 45.4799
241.9593 45.4779
241.9652 45.4759
241.9711 45.4739
241.9771 45.4719
241.9830 45.4699
241.9890 45.4679
241.9949 45.4659
242.0008 45.4639
242.0068 45.4619
242.0127 45.4599
242.0186 45.4579
242.0246 45.4559
242.0305 45.4538
242.0365 45.4518
242.0424 45.4498
242.0483 45.4478
242.0543 45.4458
242.0602 45.4438
242.0662 45.4418
242.0721 45.4398
242.0780 45.4378
242.0840 45.4358
242.0899 45.4338
242.0958 45.4317
242.1018 45.4297
242.1077 45.4277
242.1137 45.4257
242.1196 45.4237
242.1255 45.4217
242.1315 45.4197
242.1374 45.4176
242.1434 45.4156
242.1493 45.4136
242.1552 45.4116
242.1612 45.4096
242.1671 45.4076
242.1730 45.4055
242.1790 45.4035
242.1849 45.4015
242.1909 45.3995
242.1968 45.3975
242.2027 45.3954
242.2087 45.3934
242.2146 45.3914
242.2206 45.3894
242.2265 45.3873
242.2324 45.3853
242.2384 45.3833
242.2443 45.3813
242.2503 45.3792
242.2562 45.3772
242.2621 45.3752
242.2681 45.3732
242.2740 45.3711
242.2800 45.3691
242.2859 45.3671
242.2918 45.3650
242.2978 45.3630
242.3037 45.3610
242.3097 45.3590
242.3156 45.3569
242.3215 45.3549
242.3275 45.3529
242.3334 45.3508
242.3394 45.3488
242.3453 45.3468
242.3513 45.3447
242.3572 45.3427
242.3631 45.3406
242.3691 45.3386
242.3750 45.3366
242.3810 45.3345
242.3869 45.3325
242.3928 45.3305
242.3988 45.3284
242.4047 45.3264
242.4107 45.3243
242.4166 45.3223
242.4226 45.3203
242.4285 45.3182
242.4344 45.3162
242.4404 45.3141
242.4463 45.3121
242.4523 45.3100
242.4582 45.3080
242.4641 45.3059
242.4701 45.3039
242.4760 45.3019
242.4820 45.2998
242.4879 45.2978
242.4939 45.2957
242.4998 45.2937
242.5057 45.2916
242.5117 45.2896
242.5176 45.2875
242.5236 45.2855
242.5295 45.2834
242.5355 45.2814
242.5414 45.2793
242.5473 45.2772
242.5533 45.2752
242.5592 45.2731
242.5652 45.2711
242.5711 45.2690
242.5771 45.2670
242.5830 45.2649
242.5890 45.2629
242.5949 45.2608
242.6008 45.2587
242.6068 45.2567
242.6127 45.2546
242.6187 45.2526
242.6246 45.2505
242.6306 45.2484
242.6365 45.2464
242.6424 45.2443
242.6484 45.2423
242.6543 45.2402
242.6603 45.2381
242.6662 45.2361
242.6722 45.2340
242.6781 45.2319
242.6841 45.2299
242.6900 45.2278
242.6960 45.2257
242.7019 45.2237
242.7078 45.2216
242.7138 45.2195
242.7197 45.2175
242.7257 45.2154
242.7316 45.2133
242.7376 45.2113
242.7435 45.2092
242.7495 45.2071
242.7554 45.2050
242.7613 45.2030
242.7673 45.2009
242.7732 45.1988
242.7792 45.1967
242.7851 45.1947
242.7911 45.1926
242.7970 45.1905
242.8030 45.1884
242.8089 45.1864
242.8149 45.1843
242.8208 45.1822
242.8268 45.1801
242.8327 45.1780
242.8386 45.1760
242.8446 45.1739
242.8505 45.1718
242.8565 45.1697
242.8624 45.1676
242.8684 45.1656
242.8743 45.1635
242.8803 45.1614
242.8862 45.1593
242.8922 45.1572
242.8981 45.1551
242.9041 45.1531
242.9100 45.1510
242.9160 45.1489
242.9219 45.1468
242.9278 45.1447
242.9338 45.1426
242.9397 45.1405
242.9457 45.1384
242.9516 45.1363
242.9576 45.1343
242.9635 45.1322
242.9695 45.1301
242.9754 45.1280
242.9814 45.1259
242.9873 45.1238
242.9933 45.1217
242.9992 45.1196
243.0052 45.1175
243.0111 45.1154
243.0171 45.1133
243.0230 45.1112
243.0290 45.1091
243.0349 45.1070
243.0409 45.1049
243.0468 45.1028
243.0528 45.1007
243.0587 45.0986
243.0647 45.0965
243.0706 45.0944
243.0766 45.0923
243.0825 45.0902
243.0884 45.0881
243.0944 45.0860
243.1003 45.0839
243.1063 45.0818
243.1122 45.0797
243.1182 45.0776
243.1241 45.0755
243.1301 45.0734
243.1360 45.0713
243.1420 45.0692
243.1479 45.0671
243.1539 45.0650
243.1598 45.0628
243.1658 45.0607
243.1717 45.0586
243.1777 45.0565
243.1836 45.0544
243.1896 45.0523
243.1955 45.0502
243.2015 45.0481
243.2074 45.0460
243.2134 45.0438
243.2193 45.0417
243.2253 45.0396
243.2312 45.0375
243.2372 45.0354
243.2431 45.0333
243.2491 45.0311
243.2550 45.0290
243.2610 45.0269
243.2669 45.0248
243.2729 45.0227
243.2788 45.0206
243.2848 45.0184
243.2907 45.0163
243.2967 45.0142
243.3026 45.0121
243.3086 45.0099
243.3145 45.0078
243.3205 45.0057
243.3265 45.0036
243.3324 45.0014
243.3384 44.9993
243.3443 44.9972
243.3503 44.9951
243.3562 44.9929
243.3622 44.9908
243.3681 44.9887
243.3741 44.9866
243.3800 44.9844
243.3860 44.9823
243.3919 44.9802
243.3979 44.9780
243.4038 44.9759
243.4098 44.9738
243.4157 44.9716
243.4217 44.9695
243.4276 44.9674
243.4336 44.9652
243.4395 44.9631
243.4455 44.9610
243.4514 44.9588
243.4574 44.9567
243.4633 44.9546
243.4693 44.9524
243.4752 44.9503
243.4812 44.9482
243.4872 44.9460
243.4931 44.9439
243.4991 44.9417
243.5050 44.9396
243.5110 44.9375
243.5169 44.9353
243.5229 44.9332
243.5288 44.9310
243.5348 44.9289
243.5407 44.9267
243.5467 44.9246
243.5526 44.9225
243.5586 44.9203
243.5645 44.9182
243.5705 44.9160
243.5765 44.9139
243.5824 44.9117
243.5884 44.9096
243.5943 44.9074
243.6003 44.9053
243.6062 44.9031
243.6122 44.9010
243.6181 44.8988
243.6241 44.8967
243.6300 44.8945
243.6360 44.8924
243.6419 44.8902
243.6479 44.8881
243.6539 44.8859
243.6598 44.8838
243.6658 44.8816
243.6717 44.8794
243.6777 44.8773
243.6836 44.8751
243.6896 44.8730
243.6955 44.8708
243.7015 44.8687
243.7074 44.8665
243.7134 44.8643
243.7194 44.8622
243.7253 44.8600
243.7313 44.8579
243.7372 44.8557
243.7432 44.8535
243.7491 44.8514
243.7551 44.8492
243.7610 44.8470
243.7670 44.8449
243.7730 44.8427
243.7789 44.8405
243.7849 44.8384
243.7908 44.8362
243.7968 44.8340
243.8027 44.8319
243.8087 44.8297
243.8147 44.8275
243.8206 44.8254
243.8266 44.8232
243.8325 44.8210
243.8385 44.8189
243.8444 44.8167
243.8504 44.8145
243.8564 44.8123
243.8623 44.8102
243.8683 44.8080
243.8742 44.8058
243.8802 44.8037
243.8861 44.8015
243.8921 44.7993
243.8981 44.7971
243.9040 44.7949
243.9100 44.7928
243.9159 44.7906
243.9219 44.7884
243.9278 44.7862
243.9338 44.7841
243.9398 44.7819
243.9457 44.7797
243.9517 44.7775
243.9576 44.7753
243.9636 44.7731
243.9695 44.7710
243.9755 44.7688
243.9815 44.7666
243.9874 44.7644
243.9934 44.7622
243.9993 44.7600
244.0053 44.7579
244.0113 44.7557
244.0172 44.7535
244.0232 44.7513
244.0291 44.7491
244.0351 44.7469
244.0410 44.7447
244.0470 44.7425
244.0530 44.7403
244.0589 44.7382
244.0649 44.7360
244.0708 44.7338
244.0768 44.7316
244.0828 44.7294
244.0887 44.7272
244.0947 44.7250
244.1006 44.7228
244.1066 44.7206
244.1126 44.7184
244.1185 44.7162
244.1245 44.7140
244.1304 44.7118
244.1364 44.7096
244.1424 44.7074
244.1483 44.7052
244.1543 44.7030
244.1602 44.7008
244.1662 44.6986
244.1722 44.6964
244.1781 44.6942
244.1841 44.6920
244.1900 44.6898
244.1960 44.6876
244.2020 44.6854
244.2079 44.6832
244.2139 44.6810
244.2199 44.6788
244.2258 44.6766
244.2318 44.6744
244.2377 44.6722
244.2437 44.6700
244.2497 44.6678
244.2556 44.6656
244.2616 44.6633
244.2675 44.6611
244.2735 44.6589
244.2795 44.6567
244.2854 44.6545
244.2914 44.6523
244.2973 44.6501
244.3033 44.6479
244.3093 44.6456
244.3152 44.6434
244.3212 44.6412
244.3272 44.6390
244.3331 44.6368
244.3391 44.6346
244.3450 44.6324
244.3510 44.6301
244.3570 44.6279
244.3629 44.6257
244.3689 44.6235
244.3749 44.6213
244.3808 44.6190
244.3868 44.6168
244.3927 44.6146
244.3987 44.6124
244.4047 44.6102
244.4106 44.6079
244.4166 44.6057
244.4226 44.6035
244.4285 44.6013
244.4345 44.5990
244.4405 44.5968
244.4464 44.5946
244.4524 44.5924
244.4583 44.5901
244.4643 44.5879
244.4703 44.5857
244.4762 44.5834
244.4822 44.5812
244.4882 44.5790
244.4941 44.5768
244.5001 44.5745
244.5061 44.5723
244.5120 44.5701
244.5180 44.5678
244.5239 44.5656
244.5299 44.5634
244.5359 44.5611
244.5418 44.5589
244.5478 44.5567
244.5538 44.5544
244.5597 44.5522
244.5657 44.5499
244.5717 44.5477
244.5776 44.5455
244.5836 44.5432
244.5896 44.5410
244.5955 44.5388
244.6015 44.5365
244.6075 44.5343
244.6134 44.5320
244.6194 44.5298
244.6254 44.5275
244.6313 44.5253
244.6373 44.5231
244.6432 44.5208
244.6492 44.5186
244.6552 44.5163
244.6611 44.5141
244.6671 44.5118
244.6731 44.5096
244.6790 44.5073
244.6850 44.5051
244.6910 44.5028
244.6969 44.5006
244.7029 44.4984
244.7089 44.4961
244.7148 44.4939
244.7208 44.4916
244.7268 44.4893
244.7327 44.4871
244.7387 44.4848
244.7447 44.4826
244.7506 44.4803
244.7566 44.4781
244.7626 44.4758
244.7685 44.4736
244.7745 44.4713
244.7805 44.4691
244.7864 44.4668
244.7924 44.4645
244.7984 44.4623
244.8043 44.4600
244.8103 44.4578
244.8163 44.4555
244.8222 44.4533
244.8282 44.4510
244.8342 44.4487
244.8401 44.4465
244.8461 44.4442
244.8521 44.4419
244.8581 44.4397
244.8640 44.4374
244.8700 44.4352
244.8760 44.4329
244.8819 44.4306
244.8879 44.4284
244.8939 44.4261
244.8998 44.4238
244.9058 44.4216
244.9118 44.4193
244.9177 44.4170
244.9237 44.4147
244.9297 44.4125
244.9356 44.4102
244.9416 44.4079
244.9476 44.4057
244.9535 44.4034
244.9595 44.4011
244.9655 44.3988
244.9715 44.3966
244.9774 44.3943
244.9834 44.3920
244.9894 44.3898
244.9953 44.3875
245.0013 44.3852
245.0073 44.3829
245.0132 44.3806
245.0192 44.3784
245.0252 44.3761
245.0311 44.3738
245.0371 44.3715
245.0431 44.3693
245.0491 44.3670
245.0550 44.3647
245.0610 44.3624
245.0670 44.3601
245.0729 44.3578
245.0789 44.3556
245.0849 44.3533
245.0908 44.3510
245.0968 44.3487
245.1028 44.3464
245.1088 44.3441
245.1147 44.3419
245.1207 44.3396
245.1267 44.3373
245.1326 44.3350
245.1386 44.3327
245.1446 44.3304
245.1506 44.3281
245.1565 44.3258
245.1625 44.3235
245.1685 44.3212
245.1744 44.3190
245.1804 44.3167
245.1864 44.3144
245.1924 44.3121
245.1983 44.3098
245.2043 44.3075
245.2103 44.3052
245.2162 44.3029
245.2222 44.3006
245.2282 44.2983
245.2342 44.2960
245.2401 44.2937
245.2461 44.2914
245.2521 44.2891
245.2580 44.2868
245.2640 44.2845
245.2700 44.2822
245.2760 44.2799
245.2819 44.2776
245.2879 44.2753
245.2939 44.2730
245.2999 44.2707
245.3058 44.2684
245.3118 44.2661
245.3178 44.2638
245.3238 44.2615
245.3297 44.2592
245.3357 44.2569
245.3417 44.2546
245.3476 44.2523
245.3536 44.2499
245.3596 44.2476
245.3656 44.2453
245.3715 44.2430
245.3775 44.2407
245.3835 44.2384
245.3895 44.2361
245.3954 44.2338
245.4014 44.2315
245.4074 44.2291
245.4134 44.2268
245.4193 44.2245
245.4253 44.2222
245.4313 44.2199
245.4373 44.2176
245.4432 44.2153
245.4492 44.2129
245.4552 44.2106
245.4612 44.2083
245.4671 44.2060
245.4731 44.2037
245.4791 44.2013
245.4851 44.1990
245.4910 44.1967
245.4970 44.1944
245.5030 44.1921
245.5090 44.1897
245.5149 44.1874
245.5209 44.1851
245.5269 44.1828
245.5329 44.1805
245.5388 44.1781
245.5448 44.1758
245.5508 44.1735
245.5568 44.1711
245.5627 44.1688
245.5687 44.1665
245.5747 44.1642
245.5807 44.1618
245.5866 44.1595
245.5926 44.1572
245.5986 44.1548
245.6046 44.1525
245.6106 44.1502
245.6165 44.1479
245.6225 44.1455
245.6285 44.1432
245.6345 44.1409
245.6404 44.1385
245.6464 44.1362
245.6524 44.1338
245.6584 44.1315
245.6644 44.1292
245.6703 44.1268
245.6763 44.1245
245.6823 44.1222
245.6883 44.1198
245.6942 44.1175
245.7002 44.1151
245.7062 44.1128
245.7122 44.1105
245.7182 44.1081
245.7241 44.1058
245.7301 44.1034
245.7361 44.1011
245.7421 44.0988
245.7480 44.0964
245.7540 44.0941
245.7600 44.0917
245.7660 44.0894
245.7720 44.0870
245.7779 44.0847
245.7839 44.0823
245.7899 44.0800
245.7959 44.0776
245.8019 44.0753
245.8078 44.0729
245.8138 44.0706
245.8198 44.0682
245.8258 44.0659
245.8317 44.0635
245.8377 44.0612
245.8437 44.0588
245.8497 44.0565
245.8557 44.0541
245.8616 44.0518
245.8676 44.0494
245.8736 44.0471
245.8796 44.0447
245.8856 44.0424
245.8915 44.0400
245.8975 44.0376
245.9035 44.0353
245.9095 44.0329
245.9155 44.0306
245.9214 44.0282
245.9274 44.0259
245.9334 44.0235
245.9394 44.0211
245.9454 44.0188
245.9514 44.0164
245.9573 44.0140
245.9633 44.0117
245.9693 44.0093
245.9753 44.0070
245.9813 44.0046
245.9872 44.0022
245.9932 43.9999
245.9992 43.9975
246.0052 43.9951
246.0112 43.9928
246.0171 43.9904
246.0231 43.9880
246.0291 43.9857
246.0351 43.9833
246.0411 43.9809
246.0471 43.9785
246.0530 43.9762
246.0590 43.9738
246.0650 43.9714
246.0710 43.9691
246.0770 43.9667
246.0829 43.9643
246.0889 43.9619
246.0949 43.9596
246.1009 43.9572
246.1069 43.9548
246.1129 43.9524
246.1188 43.9501
246.1248 43.9477
246.1308 43.9453
246.1368 43.9429
246.1428 43.9405
246.1488 43.9382
246.1547 43.9358
246.1607 43.9334
246.1667 43.9310
246.1727 43.9286
246.1787 43.9263
246.1847 43.9239
246.1906 43.9215
246.1966 43.9191
246.2026 43.9167
246.2086 43.9143
246.2146 43.9120
246.2206 43.9096
246.2265 43.9072
246.2325 43.9048
246.2385 43.9024
246.2445 43.9000
246.2505 43.8976
246.2565 43.8952
246.2624 43.8928
246.2684 43.8905
246.2744 43.8881
246.2804 43.8857
246.2864 43.8833
246.2924 43.8809
246.2984 43.8785
246.3043 43.8761
246.3103 43.8737
246.3163 43.8713
246.3223 43.8689
246.3283 43.8665
246.3343 43.8641
246.3402 43.8617
246.3462 43.8593
246.3522 43.8569
246.3582 43.8545
246.3642 43.8521
246.3702 43.8497
246.3762 43.8473
246.3821 43.8449
246.3881 43.8425
246.3941 43.8401
246.4001 43.8377
246.4061 43.8353
246.4121 43.8329
246.4181 43.8305
246.4240 43.8281
246.4300 43.8257
246.4360 43.8233
246.4420 43.8209
246.4480 43.8185
246.4540 43.8161
246.4600 43.8137
246.4659 43.8113
246.4719 43.8089
246.4779 43.8065
246.4839 43.8040
246.4899 43.8016
246.4959 43.7992
246.5019 43.7968
246.5079 43.7944
246.5138 43.7920
246.5198 43.7896
246.5258 43.7872
246.5318 43.7848
246.5378 43.7823
246.5438 43.7799
246.5498 43.7775
246.5558 43.7751
246.5617 43.7727
246.5677 43.7703
246.5737 43.7678
246.5797 43.7654
246.5857 43.7630
246.5917 43.7606
246.5977 43.7582
246.6037 43.7557
246.6097 43.7533
246.6156 43.7509
246.6216 43.7485
246.6276 43.7461
246.6336 43.7436
246.6396 43.7412
246.6456 43.7388
246.6516 43.7364
246.6576 43.7339
246.6636 43.7315
246.6695 43.7291
246.6755 43.7267
246.6815 43.7242
246.6875 43.7218
246.6935 43.7194
246.6995 43.7169
246.7055 43.7145
246.7115 43.7121
246.7175 43.7097
246.7235 43.7072
246.7294 43.7048
246.7354 43.7024
246.7414 43.6999
246.7474 43.6975
246.7534 43.6951
246.7594 43.6926
246.7654 43.6902
246.7714 43.6878
246.7774 43.6853
246.7834 43.6829
246.7893 43.6804
246.7953 43.6780
246.8013 43.6756
246.8073 43.6731
246.8133 43.6707
246.8193 43.6683
246.8253 43.6658
246.8313 43.6634
246.8373 43.6609
246.8433 43.6585
246.8493 43.6560
246.8553 43.6536
246.8612 43.6512
246.8672 43.6487
246.8732 43.6463
246.8792 43.6438
246.8852 43.6414
246.8912 43.6389
246.8972 43.6365
246.9032 43.6340
246.9092 43.6316
246.9152 43.6291
246.9212 43.6267
246.9272 43.6242
246.9332 43.6218
246.9391 43.6193
246.9451 43.6169
246.9511 43.6144
246.9571 43.6120
246.9631 43.6095
246.9691 43.6071
246.9751 43.6046
246.9811 43.6022
246.9871 43.5997
246.9931 43.5973
246.9991 43.5948
247.0051 43.5924
247.0111 43.5899
247.0171 43.5874
247.0231 43.5850
247.0290 43.5825
247.0350 43.5801
247.0410 43.5776
247.0470 43.5751
247.0530 43.5727
247.0590 43.5702
247.0650 43.5678
247.0710 43.5653
247.0770 43.5628
247.0830 43.5604
247.0890 43.5579
247.0950 43.5554
247.1010 43.5530
247.1070 43.5505
247.1130 43.5480
247.1190 43.5456
247.1250 43.5431
247.1310 43.5406
247.1370 43.5382
247.1429 43.5357
247.1489 43.5332
247.1549 43.5308
247.1609 43.5283
247.1669 43.5258
247.1729 43.5234
247.1789 43.5209
247.1849 43.5184
247.1909 43.5159
247.1969 43.5135
247.2029 43.5110
247.2089 43.5085
247.2149 43.5060
247.2209 43.5036
247.2269 43.5011
247.2329 43.4986
247.2389 43.4961
247.2449 43.4937
247.2509 43.4912
247.2569 43.4887
247.2629 43.4862
247.2689 43.4837
247.2749 43.4813
247.2809 43.4788
247.2869 43.4763
247.2929 43.4738
247.2989 43.4713
247.3049 43.4689
247.3109 43.4664
247.3169 43.4639
247.3228 43.4614
247.3288 43.4589
247.3348 43.4564
247.3408 43.4539
247.3468 43.4515
247.3528 43.4490
247.3588 43.4465
247.3648 43.4440
247.3708 43.4415
247.3768 43.4390
247.3828 43.4365
247.3888 43.4340
247.3948 43.4315
247.4008 43.4291
247.4068 43.4266
247.4128 43.4241
247.4188 43.4216
247.4248 43.4191
247.4308 43.4166
247.4368 43.4141
247.4428 43.4116
247.4488 43.4091
247.4548 43.4066
247.4608 43.4041
247.4668 43.4016
247.4728 43.3991
247.4788 43.3966
247.4848 43.3941
247.4908 43.3916
247.4968 43.3891
247.5028 43.3866
247.5088 43.3841
247.5148 43.3816
247.5208 43.3791
247.5268 43.3766
247.5328 43.3741
247.5388 43.3716
247.5448 43.3691
247.5508 43.3666
247.5568 43.3641
247.5628 43.3616
247.5688 43.3591
247.5748 43.3566
247.5808 43.3541
247.5868 43.3515
247.5928 43.3490
247.5988 43.3465
247.6048 43.3440
247.6108 43.3415
247.6168 43.3390
247.6228 43.3365
247.6288 43.3340
247.6348 43.3315
247.6408 43.3290
247.6468 43.3264
247.6528 43.3239
247.6588 43.3214
247.6648 43.3189
247.6708 43.3164
247.6768 43.3139
247.6828 43.3113
247.6888 43.3088
247.6948 43.3063
247.7008 43.3038
247.7069 43.3013
247.7129 43.2988
247.7189 43.2962
247.7249 43.2937
247.7309 43.2912
247.7369 43.2887
247.7429 43.2862
247.7489 43.2836
247.7549 43.2811
247.7609 43.2786
247.7669 43.2761
247.7729 43.2735
247.7789 43.2710
247.7849 43.2685
247.7909 43.2660
247.7969 43.2634
247.8029 43.2609
247.8089 43.2584
247.8149 43.2559
247.8209 43.2533
247.8269 43.2508
247.8329 43.2483
247.8389 43.2457
247.8449 43.2432
247.8509 43.2407
247.8569 43.2381
247.8629 43.2356
247.8689 43.2331
247.8749 43.2305
247.8809 43.2280
247.8870 43.2255
247.8930 43.2229
247.8990 43.2204
247.9050 43.2179
247.9110 43.2153
247.9170 43.2128
247.9230 43.2103
247.9290 43.2077
247.9350 43.2052
247.9410 43.2026
247.9470 43.2001
247.9530 43.1976
247.9590 43.1950
247.9650 43.1925
247.9710 43.1899
247.9770 43.1874
247.9830 43.1848
247.9890 43.1823
247.9951 43.1798
248.0011 43.1772
248.0071 43.1747
248.0131 43.1721
248.0191 43.1696
248.0251 43.1670
248.0311 43.1645
248.0371 43.1619
248.0431 43.1594
248.0491 43.1568
248.0551 43.1543
248.0611 43.1517
248.0671 43.1492
248.0731 43.1466
248.0791 43.1441
248.0852 43.1415
248.0912 43.1390
248.0972 43.1364
248.1032 43.1339
248.1092 43.1313
248.1152 43.1288
248.1212 43.1262
248.1272 43.1237
248.1332 43.1211
248.1392 43.1185
248.1452 43.1160
248.1512 43.1134
248.1572 43.1109
248.1633 43.1083
248.1693 43.1057
248.1753 43.1032
248.1813 43.1006
248.1873 43.0981
248.1933 43.0955
248.1993 43.0929
248.2053 43.0904
248.2113 43.0878
248.2173 43.0852
248.2233 43.0827
248.2294 43.0801
248.2354 43.0776
248.2414 43.0750
248.2474 43.0724
248.2534 43.0699
248.2594 43.0673
248.2654 43.0647
248.2714 43.0621
248.2774 43.0596
248.2834 43.0570
248.2895 43.0544
248.2955 43.0519
248.3015 43.0493
248.3075 43.0467
248.3135 43.0442
248.3195 43.0416
248.3255 43.0390
248.3315 43.0364
248.3375 43.0339
248.3436 43.0313
248.3496 43.0287
248.3556 43.0261
248.3616 43.0236
248.3676 43.0210
248.3736 43.0184
248.3796 43.0158
248.3856 43.0132
248.3916 43.0107
248.3977 43.0081
248.4037 43.0055
248.4097 43.0029
248.4157 43.0003
248.4217 42.9978
248.4277 42.9952
248.4337 42.9926
248.4397 42.9900
248.4458 42.9874
248.4518 42.9848
248.4578 42.9823
248.4638 42.9797
248.4698 42.9771
248.4758 42.9745
248.4818 42.9719
248.4878 42.9693
248.4939 42.9667
248.4999 42.9641
248.5059 42.9616
248.5119 42.9590
248.5179 42.9564
248.5239 42.9538
248.5299 42.9512
248.5359 42.9486
248.5420 42.9460
248.5480 42.9434
248.5540 42.9408
248.5600 42.9382
248.5660 42.9356
248.5720 42.9330
248.5780 42.9304
248.5841 42.9278
248.5901 42.9252
248.5961 42.9227
248.6021 42.9201
248.6081 42.9175
248.6141 42.9149
248.6201 42.9123
248.6262 42.9097
248.6322 42.9071
248.6382 42.9045
248.6442 42.9019
248.6502 42.8993
248.6562 42.8967
248.6623 42.8940
248.6683 42.8914
248.6743 42.8888
248.6803 42.8862
248.6863 42.8836
248.6923 42.8810
248.6983 42.8784
248.7044 42.8758
248.7104 42.8732
248.7164 42.8706
248.7224 42.8680
248.7284 42.8654
248.7344 42.8628
248.7405 42.8602
248.7465 42.8575
248.7525 42.8549
248.7585 42.8523
248.7645 42.8497
248.7705 42.8471
248.7766 42.8445
248.7826 42.8419
248.7886 42.8393
248.7946 42.8366
248.8006 42.8340
248.8066 42.8314
248.8127 42.8288
248.8187 42.8262
248.8247 42.8236
248.8307 42.8209
248.8367 42.8183
248.8427 42.8157
248.8488 42.8131
248.8548 42.8105
248.8608 42.8078
248.8668 42.8052
248.8728 42.8026
248.8789 42.8000
248.8849 42.7974
248.8909 42.7947
248.8969 42.7921
248.9029 42.7895
248.9089 42.7869
248.9150 42.7842
248.9210 42.7816
248.9270 42.7790
248.9330 42.7764
248.9390 42.7737
248.9451 42.7711
248.9511 42.7685
248.9571 42.7659
248.9631 42.7632
248.9691 42.7606
248.9752 42.7580
248.9812 42.7553
248.9872 42.7527
248.9932 42.7501
248.9992 42.7474
249.0053 42.7448
249.0113 42.7422
249.0173 42.7395
249.0233 42.7369
249.0293 42.7343
249.0354 42.7316
249.0414 42.7290
249.0474 42.7264
249.0534 42.7237
249.0594 42.7211
249.0655 42.7184
249.0715 42.7158
249.0775 42.7132
249.0835 42.7105
249.0895 42.7079
249.0956 42.7052
249.1016 42.7026
249.1076 42.7000
249.1136 42.6973
249.1196 42.6947
249.1257 42.6920
249.1317 42.6894
249.1377 42.6867
249.1437 42.6841
249.1498 42.6815
249.1558 42.6788
249.1618 42.6762
249.1678 42.6735
249.1738 42.6709
249.1799 42.6682
249.1859 42.6656
249.1919 42.6629
249.1979 42.6603
249.2040 42.6576
249.2100 42.6550
249.2160 42.6523
249.2220 42.6497
249.2280 42.6470
249.2341 42.6444
249.2401 42.6417
249.2461 42.6390
249.2521 42.6364
249.2582 42.6337
249.2642 42.6311
249.2702 42.6284
249.2762 42.6258
249.2822 42.6231
249.2883 42.6205
249.2943 42.6178
249.3003 42.6151
249.3063 42.6125
249.3124 42.6098
249.3184 42.6072
249.3244 42.6045
249.3304 42.6018
249.3365 42.5992
249.3425 42.5965
249.3485 42.5938
249.3545 42.5912
249.3606 42.5885
249.3666 42.5859
249.3726 42.5832
249.3786 42.5805
249.3847 42.5779
249.3907 42.5752
249.3967 42.5725
249.4027 42.5699
249.4088 42.5672
249.4148 42.5645
249.4208 42.5619
249.4268 42.5592
249.4329 42.5565
249.4389 42.5538
249.4449 42.5512
249.4509 42.5485
249.4570 42.5458
249.4630 42.5432
249.4690 42.5405
249.4750 42.5378
249.4811 42.5351
249.4871 42.5325
249.4931 42.5298
249.4992 42.5271
249.5052 42.5244
249.5112 42.5217
249.5172 42.5191
249.5233 42.5164
249.5293 42.5137
249.5353 42.5110
249.5413 42.5084
249.5474 42.5057
249.5534 42.5030
249.5594 42.5003
249.5655 42.4976
249.5715 42.4949
249.5775 42.4923
249.5835 42.4896
249.5896 42.4869
249.5956 42.4842
249.6016 42.4815
249.6076 42.4788
249.6137 42.4762
249.6197 42.4735
249.6257 42.4708
249.6318 42.4681
249.6378 42.4654
249.6438 42.4627
249.6498 42.4600
249.6559 42.4573
249.6619 42.4546
249.6679 42.4520
249.6740 42.4493
249.6800 42.4466
249.6860 42.4439
249.6921 42.4412
249.6981 42.4385
249.7041 42.4358
249.7101 42.4331
249.7162 42.4304
249.7222 42.4277
249.7282 42.4250
249.7343 42.4223
249.7403 42.4196
249.7463 42.4169
249.7524 42.4142
249.7584 42.4115
249.7644 42.4088
249.7704 42.4061
249.7765 42.4034
249.7825 42.4007
249.7885 42.3980
249.7946 42.3953
249.8006 42.3926
249.8066 42.3899
249.8127 42.3872
249.8187 42.3845
249.8247 42.3818
249.8308 42.3791
249.8368 42.3764
249.8428 42.3737
249.8489 42.3710
249.8549 42.3683
249.8609 42.3656
249.8670 42.3629
249.8730 42.3601
249.8790 42.3574
249.8850 42.3547
249.8911 42.3520
249.8971 42.3493
249.9031 42.3466
249.9092 42.3439
249.9152 42.3412
249.9212 42.3385
249.9273 42.3357
249.9333 42.3330
249.9393 42.3303
249.9454 42.3276
249.9514 42.3249
249.9574 42.3222
249.9635 42.3195
249.9695 42.3167
249.9755 42.3140
249.9816 42.3113
249.9876 42.3086
249.9936 42.3059
249.9997 42.3031
250.0057 42.3004
250.0117 42.2977
250.0178 42.2950
250.0238 42.2923
250.0299 42.2895
250.0359 42.2868
250.0419 42.2841
250.0480 42.2814
250.0540 42.2786
250.0600 42.2759
250.0661 42.2732
250.0721 42.2705
250.0781 42.2677
250.0842 42.2650
250.0902 42.2623
250.0962 42.2596
250.1023 42.2568
250.1083 42.2541
250.1143 42.2514
250.1204 42.2486
250.1264 42.2459
250.1324 42.2432
250.1385 42.2404
250.1445 42.2377
250.1506 42.2350
250.1566 42.2322
250.1626 42.2295
250.1687 42.2268
250.1747 42.2240
250.1807 42.2213
250.1868 42.2186
250.1928 42.2158
250.1989 42.2131
250.2049 42.2104
250.2109 42.2076
250.2170 42.2049
250.2230 42.2021
250.2290 42.1994
250.2351 42.1967
250.2411 42.1939
250.2471 42.1912
250.2532 42.1884
250.2592 42.1857
250.2653 42.1830
250.2713 42.1802
250.2773 42.1775
250.2834 42.1747
250.2894 42.1720
250.2955 42.1692
250.3015 42.1665
250.3075 42.1637
250.3136 42.1610
250.3196 42.1583
250.3256 42.1555
250.3317 42.1528
250.3377 42.1500
250.3438 42.1473
250.3498 42.1445
250.3558 42.1418
250.3619 42.1390
250.3679 42.1363
250.3740 42.1335
250.3800 42.1308
250.3860 42.1280
250.3921 42.1252
250.3981 42.1225
250.4042 42.1197
250.4102 42.1170
250.4162 42.1142
250.4223 42.1115
250.4283 42.1087
250.4344 42.1060
250.4404 42.1032
250.4464 42.1004
250.4525 42.0977
250.4585 42.0949
250.4646 42.0922
250.4706 42.0894
250.4766 42.0866
250.4827 42.0839
250.4887 42.0811
250.4948 42.0784
250.5008 42.0756
250.5068 42.0728
250.5129 42.0701
250.5189 42.0673
250.5250 42.0645
250.5310 42.0618
250.5370 42.0590
250.5431 42.0562
250.5491 42.0535
250.5552 42.0507
250.5612 42.0479
250.5673 42.0452
250.5733 42.0424
250.5793 42.0396
250.5854 42.0369
250.5914 42.0341
250.5975 42.0313
250.6035 42.0285
250.6096 42.0258
250.6156 42.0230
250.6216 42.0202
250.6277 42.0175
250.6337 42.0147
250.6398 42.0119
250.6458 42.0091
250.6519 42.0064
250.6579 42.0036
250.6639 42.0008
250.6700 41.9980
250.6760 41.9952
250.6821 41.9925
250.6881 41.9897
250.6942 41.9869
250.7002 41.9841
250.7062 41.9814
250.7123 41.9786
250.7183 41.9758
250.7244 41.9730
250.7304 41.9702
250.7365 41.9674
250.7425 41.9647
250.7486 41.9619
250.7546 41.9591
250.7606 41.9563
250.7667 41.9535
250.7727 41.9507
250.7788 41.9479
250.7848 41.9452
250.7909 41.9424
250.7969 41.9396
250.8030 41.9368
250.8090 41.9340
250.8151 41.9312
250.8211 41.9284
250.8271 41.9256
250.8332 41.9228
250.8392 41.9201
250.8453 41.9173
250.8513 41.9145
250.8574 41.9117
250.8634 41.9089
250.8695 41.9061
250.8755 41.9033
250.8816 41.9005
250.8876 41.8977
250.8937 41.8949
250.8997 41.8921
250.9057 41.8893
250.9118 41.8865
250.9178 41.8837
250.9239 41.8809
250.9299 41.8781
250.9360 41.8753
250.9420 41.8725
250.9481 41.8697
250.9541 41.8669
250.9602 41.8641
250.9662 41.8613
250.9723 41.8585
250.9783 41.8557
250.9844 41.8529
250.9904 41.8501
250.9965 41.8473
251.0025 41.8445
251.0086 41.8417
251.0146 41.8389
251.0207 41.8361
251.0267 41.8332
251.0328 41.8304
251.0388 41.8276
251.0449 41.8248
251.0509 41.8220
251.0570 41.8192
251.0630 41.8164
251.0691 41.8136
251.0751 41.8108
251.0812 41.8079
251.0872 41.8051
251.0933 41.8023
251.0993 41.7995
251.1054 41.7967
251.1114 41.7939
251.1175 41.7911
251.1235 41.7882
251.1296 41.7854
251.1356 41.7826
251.1417 41.7798
251.1477 41.7770
251.1538 41.7742
251.1598 41.7713
251.1659 41.7685
251.1719 41.7657
251.1780 41.7629
251.1840 41.7601
251.1901 41.7572
251.1961 41.7544
251.2022 41.7516
251.2082 41.7488
251.2143 41.7459
251.2203 41.7431
251.2264 41.7403
251.2324 41.7375
251.2385 41.7346
251.2445 41.7318
251.2506 41.7290
251.2566 41.7262
251.2627 41.7233
251.2688 41.7205
251.2748 41.7177
251.2809 41.7148
251.2869 41.7120
251.2930 41.7092
251.2990 41.7063
251.3051 41.7035
251.3111 41.7007
251.3172 41.6979
251.3232 41.6950
251.3293 41.6922
251.3353 41.6894
251.3414 41.6865
251.3475 41.6837
251.3535 41.6808
251.3596 41.6780
251.3656 41.6752
251.3717 41.6723
251.3777 41.6695
251.3838 41.6667
251.3898 41.6638
251.3959 41.6610
251.4019 41.6581
251.4080 41.6553
251.4141 41.6525
251.4201 41.6496
251.4262 41.6468
251.4322 41.6439
251.4383 41.6411
251.4443 41.6382
251.4504 41.6354
251.4564 41.6326
251.4625 41.6297
251.4686 41.6269
251.4746 41.6240
251.4807 41.6212
251.4867 41.6183
251.4928 41.6155
251.4988 41.6126
251.5049 41.6098
251.5109 41.6069
251.5170 41.6041
251.5231 41.6012
251.5291 41.5984
251.5352 41.5955
251.5412 41.5927
251.5473 41.5898
251.5533 41.5870
251.5594 41.5841
251.5655 41.5813
251.5715 41.5784
251.5776 41.5756
251.5836 41.5727
251.5897 41.5698
251.5957 41.5670
251.6018 41.5641
251.6079 41.5613
251.6139 41.5584
251.6200 41.5556
251.6260 41.5527
251.6321 41.5498
251.6382 41.5470
251.6442 41.5441
251.6503 41.5413
251.6563 41.5384
251.6624 41.5355
251.6685 41.5327
251.6745 41.5298
251.6806 41.5269
251.6866 41.5241
251.6927 41.5212
251.6987 41.5184
251.7048 41.5155
251.7109 41.5126
251.7169 41.5098
251.7230 41.5069
251.7290 41.5040
251.7351 41.5012
251.7412 41.4983
251.7472 41.4954
251.7533 41.4925
251.7593 41.4897
251.7654 41.4868
251.7715 41.4839
251.7775 41.4811
251.7836 41.4782
251.7896 41.4753
251.7957 41.4724
251.8018 41.4696
251.8078 41.4667
251.8139 41.4638
251.8200 41.4609
251.8260 41.4581
251.8321 41.4552
251.8381 41.4523
251.8442 41.4494
251.8503 41.4466
251.8563 41.4437
251.8624 41.4408
251.8684 41.4379
251.8745 41.4350
251.8806 41.4322
251.8866 41.4293
251.8927 41.4264
251.8988 41.4235
251.9048 41.4206
251.9109 41.4178
251.9169 41.4149
251.9230 41.4120
251.9291 41.4091
251.9351 41.4062
251.9412 41.4033
251.9473 41.4004
251.9533 41.3976
251.9594 41.3947
251.9655 41.3918
251.9715 41.3889
251.9776 41.3860
251.9836 41.3831
251.9897 41.3802
251.9958 41.3773
252.0018 41.3744
252.0079 41.3716
252.0140 41.3687
252.0200 41.3658
252.0261 41.3629
252.0322 41.3600
252.0382 41.3571
252.0443 41.3542
252.0503 41.3513
252.0564 41.3484
252.0625 41.3455
252.0685 41.3426
252.0746 41.3397
252.0807 41.3368
252.0867 41.3339
252.0928 41.3310
252.0989 41.3281
252.1049 41.3252
252.1110 41.3223
252.1171 41.3194
252.1231 41.3165
252.1292 41.3136
252.1353 41.3107
252.1413 41.3078
252.1474 41.3049
252.1535 41.3020
252.1595 41.2991
252.1656 41.2962
252.1717 41.2933
252.1777 41.2904
252.1838 41.2875
252.1899 41.2846
252.1959 41.2817
252.2020 41.2788
252.2081 41.2759
252.2141 41.2730
252.2202 41.2701
252.2263 41.2671
252.2323 41.2642
252.2384 41.2613
252.2445 41.2584
252.2505 41.2555
252.2566 41.2526
252.2627 41.2497
252.2687 41.2468
252.2748 41.2438
252.2809 41.2409
252.2869 41.2380
252.2930 41.2351
252.2991 41.2322
252.3052 41.2293
252.3112 41.2264
252.3173 41.2234
252.3234 41.2205
252.3294 41.2176
252.3355 41.2147
252.3416 41.2118
252.3476 41.2088
252.3537 41.2059
252.3598 41.2030
252.3658 41.2001
252.3719 41.1972
252.3780 41.1942
252.3841 41.1913
252.3901 41.1884
252.3962 41.1855
252.4023 41.1825
252.4083 41.1796
252.4144 41.1767
252.4205 41.1738
252.4266 41.1708
252.4326 41.1679
252.4387 41.1650
252.4448 41.1621
252.4508 41.1591
252.4569 41.1562
252.4630 41.1533
252.4691 41.1503
252.4751 41.1474
252.4812 41.1445
252.4873 41.1416
252.4933 41.1386
252.4994 41.1357
252.5055 41.1328
252.5116 41.1298
252.5176 41.1269
252.5237 41.1240
252.5298 41.1210
252.5358 41.1181
252.5419 41.1151
252.5480 41.1122
252.5541 41.1093
252.5601 41.1063
252.5662 41.1034
252.5723 41.1005
252.5784 41.0975
252.5844 41.0946
252.5905 41.0916
252.5966 41.0887
252.6027 41.0858
252.6087 41.0828
252.6148 41.0799
252.6209 41.0769
252.6270 41.0740
252.6330 41.0710
252.6391 41.0681
252.6452 41.0652
252.6513 41.0622
252.6573 41.0593
252.6634 41.0563
252.6695 41.0534
252.6756 41.0504
252.6816 41.0475
252.6877 41.0445
252.6938 41.0416
252.6999 41.0386
252.7059 41.0357
252.7120 41.0327
252.7181 41.0298
252.7242 41.0268
252.7302 41.0239
252.7363 41.0209
252.7424 41.0180
252.7485 41.0150
252.7545 41.0121
252.7606 41.0091
252.7667 41.0062
252.7728 41.0032
252.7788 41.0002
252.7849 40.9973
252.7910 40.9943
252.7971 40.9914
252.8032 40.9884
252.8092 40.9855
252.8153 40.9825
252.8214 40.9795
252.8275 40.9766
252.8335 40.9736
252.8396 40.9707
252.8457 40.9677
252.8518 40.9647
252.8579 40.9618
252.8639 40.9588
252.8700 40.9559
252.8761 40.9529
252.8822 40.9499
252.8882 40.9470
252.8943 40.9440
252.9004 40.9410
252.9065 40.9381
252.9126 40.9351
252.9186 40.9321
252.9247 40.9292
252.9308 40.9262
252.9369 40.9232
252.9430 40.9203
252.9490 40.9173
252.9551 40.9143
252.9612 40.9113
252.9673 40.9084
252.9734 40.9054
252.9794 40.9024
252.9855 40.8995
252.9916 40.8965
252.9977 40.8935
253.0038 40.8905
253.0098 40.8876
253.0159 40.8846
253.0220 40.8816
253.0281 40.8786
253.0342 40.8757
253.0402 40.8727
253.0463 40.8697
253.0524 40.8667
253.0585 40.8637
253.0646 40.8608
253.0707 40.8578
253.0767 40.8548
253.0828 40.8518
253.0889 40.8488
253.0950 40.8459
253.1011 40.8429
253.1071 40.8399
253.1132 40.8369
253.1193 40.8339
253.1254 40.8309
253.1315 40.8280
253.1376 40.8250
253.1436 40.8220
253.1497 40.8190
253.1558 40.8160
253.1619 40.8130
253.1680 40.8100
253.1741 40.8070
253.1801 40.8041
253.1862 40.8011
253.1923 40.7981
253.1984 40.7951
253.2045 40.7921
253.2106 40.7891
253.2166 40.7861
253.2227 40.7831
253.2288 40.7801
253.2349 40.7771
253.2410 40.7741
253.2471 40.7711
253.2531 40.7682
253.2592 40.7652
253.2653 40.7622
253.2714 40.7592
253.2775 40.7562
253.2836 40.7532
253.2897 40.7502
253.2957 40.7472
253.3018 40.7442
253.3079 40.7412
253.3140 40.7382
253.3201 40.7352
253.3262 40.7322
253.3323 40.7292
253.3383 40.7262
253.3444 40.7232
253.3505 40.7202
253.3566 40.7172
253.3627 40.7142
253.3688 40.7112
253.3749 40.7082
253.3809 40.7051
253.3870 40.7021
253.3931 40.6991
253.3992 40.6961
253.4053 40.6931
253.4114 40.6901
253.4175 40.6871
253.4236 40.6841
253.4296 40.6811
253.4357 40.6781
253.4418 40.6751
253.4479 40.6721
253.4540 40.6690
253.4601 40.6660
253.4662 40.6630
253.4723 40.6600
253.4783 40.6570
253.4844 40.6540
253.4905 40.6510
253.4966 40.6480
253.5027 40.6449
253.5088 40.6419
253.5149 40.6389
253.5210 40.6359
253.5270 40.6329
253.5331 40.6299
253.5392 40.6268
253.5453 40.6238
253.5514 40.6208
253.5575 40.6178
253.5636 40.6148
253.5697 40.6117
253.5758 40.6087
253.5819 40.6057
253.5879 40.6027
253.5940 40.5996
253.6001 40.5966
253.6062 40.5936
253.6123 40.5906
253.6184 40.5875
253.6245 40.5845
253.6306 40.5815
253.6367 40.5785
253.6428 40.5754
253.6489 40.5724
253.6549 40.5694
253.6610 40.5664
253.6671 40.5633
253.6732 40.5603
253.6793 40.5573
253.6854 40.5542
253.6915 40.5512
253.6976 40.5482
253.7037 40.5451
253.7098 40.5421
253.7159 40.5391
253.7220 40.5361
253.7280 40.5330
253.7341 40.5300
253.7402 40.5269
253.7463 40.5239
253.7524 40.5209
253.7585 40.5178
253.7646 40.5148
253.7707 40.5118
253.7768 40.5087
253.7829 40.5057
253.7890 40.5026
253.7951 40.4996
253.8012 40.4966
253.8073 40.4935
253.8134 40.4905
253.8194 40.4874
253.8255 40.4844
253.8316 40.4814
253.8377 40.4783
253.8438 40.4753
253.8499 40.4722
253.8560 40.4692
253.8621 40.4661
253.8682 40.4631
253.8743 40.4601
253.8804 40.4570
253.8865 40.4540
253.8926 40.4509
253.8987 40.4479
253.9048 40.4448
253.9109 40.4418
253.9170 40.4387
253.9231 40.4357
253.9292 40.4326
253.9353 40.4296
253.9414 40.4265
253.9475 40.4235
253.9536 40.4204
253.9596 40.4174
253.9657 40.4143
253.9718 40.4113
253.9779 40.4082
253.9840 40.4051
253.9901 40.4021
253.9962 40.3990
254.0023 40.3960
254.0084 40.3929
254.0145 40.3899
254.0206 40.3868
254.0267 40.3837
254.0328 40.3807
254.0389 40.3776
254.0450 40.3746
254.0511 40.3715
254.0572 40.3684
254.0633 40.3654
254.0694 40.3623
254.0755 40.3593
254.0816 40.3562
254.0877 40.3531
254.0938 40.3501
254.0999 40.3470
254.1060 40.3439
254.1121 40.3409
254.1182 40.3378
254.1243 40.3347
254.1304 40.3317
254.1365 40.3286
254.1426 40.3255
254.1487 40.3225
254.1548 40.3194
254.1609 40.3163
254.1670 40.3133
254.1731 40.3102
254.1792 40.3071
254.1853 40.3041
254.1914 40.3010
254.1975 40.2979
254.2036 40.2948
254.2097 40.2918
254.2158 40.2887
254.2219 40.2856
254.2280 40.2825
254.2341 40.2795
254.2402 40.2764
254.2463 40.2733
254.2524 40.2702
254.2585 40.2672
254.2646 40.2641
254.2707 40.2610
254.2768 40.2579
254.2829 40.2548
254.2890 40.2518
254.2951 40.2487
254.3012 40.2456
254.3073 40.2425
254.3134 40.2394
254.3196 40.2364
254.3257 40.2333
254.3318 40.2302
254.3379 40.2271
254.3440 40.2240
254.3501 40.2209
254.3562 40.2179
254.3623 40.2148
254.3684 40.2117
254.3745 40.2086
254.3806 40.2055
254.3867 40.2024
254.3928 40.1993
254.3989 40.1962
254.4050 40.1932
254.4111 40.1901
254.4172 40.1870
254.4233 40.1839
254.4294 40.1808
254.4355 40.1777
254.4416 40.1746
254.4477 40.1715
254.4538 40.1684
254.4600 40.1653
254.4661 40.1622
254.4722 40.1591
254.4783 40.1561
254.4844 40.1530
254.4905 40.1499
254.4966 40.1468
254.5027 40.1437
254.5088 40.1406
254.5149 40.1375
254.5210 40.1344
254.5271 40.1313
254.5332 40.1282
254.5393 40.1251
254.5454 40.1220
254.5515 40.1189
254.5577 40.1158
254.5638 40.1127
254.5699 40.1096
254.5760 40.1065
254.5821 40.1034
254.5882 40.1003
254.5943 40.0972
254.6004 40.0941
254.6065 40.0909
254.6126 40.0878
254.6187 40.0847
254.6248 40.0816
254.6310 40.0785
254.6371 40.0754
254.6432 40.0723
254.6493 40.0692
254.6554 40.0661
254.6615 40.0630
254.6676 40.0599
254.6737 40.0568
254.6798 40.0536
254.6859 40.0505
254.6920 40.0474
254.6982 40.0443
254.7043 40.0412
254.7104 40.0381
254.7165 40.0350
254.7226 40.0319
254.7287 40.0287
254.7348 40.0256
254.7409 40.0225
254.7470 40.0194
254.7531 40.0163
254.7593 40.0132
254.7654 40.0100
254.7715 40.0069
254.7776 40.0038
254.7837 40.0007
254.7898 39.9976
254.7959 39.9944
254.8020 39.9913
254.8081 39.9882
254.8143 39.9851
254.8204 39.9820
254.8265 39.9788
254.8326 39.9757
254.8387 39.9726
254.8448 39.9695
254.8509 39.9663
254.8570 39.9632
254.8631 39.9601
254.8693 39.9570
254.8754 39.9538
254.8815 39.9507
254.8876 39.9476
254.8937 39.9445
254.8998 39.9413
254.9059 39.9382
254.9121 39.9351
254.9182 39.9319
254.9243 39.9288
254.9304 39.9257
254.9365 39.9225
254.9426 39.9194
254.9487 39.9163
254.9548 39.9131
254.9610 39.9100
254.9671 39.9069
254.9732 39.9037
254.9793 39.9006
254.9854 39.8975
254.9915 39.8943
254.9977 39.8912
255.0038 39.8881
255.0099 39.8849
255.0160 39.8818
255.0221 39.8787
255.0282 39.8755
255.0343 39.8724
255.0405 39.8692
255.0466 39.8661
255.0527 39.8630
255.0588 39.8598
255.0649 39.8567
255.0710 39.8535
255.0772 39.8504
255.0833 39.8472
255.0894 39.8441
255.0955 39.8410
255.1016 39.8378
255.1077 39.8347
255.1139 39.8315
255.1200 39.8284
255.1261 39.8252
255.1322 39.8221
255.1383 39.8189
255.1444 39.8158
255.1506 39.8126
255.1567 39.8095
255.1628 39.8063
255.1689 39.8032
255.1750 39.8000
255.1812 39.7969
255.1873 39.7937
255.1934 39.7906
255.1995 39.7874
255.2056 39.7843
255.2118 39.7811
255.2179 39.7780
255.2240 39.7748
255.2301 39.7717
255.2362 39.7685
255.2423 39.7653
255.2485 39.7622
255.2546 39.7590
255.2607 39.7559
255.2668 39.7527
255.2729 39.7496
255.2791 39.7464
255.2852 39.7432
255.2913 39.7401
255.2974 39.7369
255.3036 39.7338
255.3097 39.7306
255.3158 39.7274
255.3219 39.7243
255.3280 39.7211
255.3342 39.7179
255.3403 39.7148
255.3464 39.7116
255.3525 39.7085
255.3586 39.7053
255.3648 39.7021
255.3709 39.6990
255.3770 39.6958
255.3831 39.6926
255.3893 39.6895
255.3954 39.6863
255.4015 39.6831
255.4076 39.6799
255.4137 39.6768
255.4199 39.6736
255.4260 39.6704
255.4321 39.6673
255.4382 39.6641
255.4444 39.6609
255.4505 39.6578
255.4566 39.6546
255.4627 39.6514
255.4689 39.6482
255.4750 39.6451
255.4811 39.6419
255.4872 39.6387
255.4934 39.6355
255.4995 39.6324
255.5056 39.6292
255.5117 39.6260
255.5179 39.6228
255.5240 39.6196
255.5301 39.6165
255.5362 39.6133
255.5424 39.6101
255.5485 39.6069
255.5546 39.6037
255.5607 39.6006
255.5669 39.5974
255.5730 39.5942
255.5791 39.5910
255.5852 39.5878
255.5914 39.5846
255.5975 39.5815
255.6036 39.5783
255.6097 39.5751
255.6159 39.5719
255.6220 39.5687
255.6281 39.5655
255.6343 39.5623
255.6404 39.5592
255.6465 39.5560
255.6526 39.5528
255.6588 39.5496
255.6649 39.5464
255.6710 39.5432
255.6771 39.5400
255.6833 39.5368
255.6894 39.5336
255.6955 39.5305
255.7017 39.5273
255.7078 39.5241
255.7139 39.5209
255.7200 39.5177
255.7262 39.5145
255.7323 39.5113
255.7384 39.5081
255.7446 39.5049
255.7507 39.5017
255.7568 39.4985
255.7630 39.4953
255.7691 39.4921
255.7752 39.4889
255.7813 39.4857
255.7875 39.4825
255.7936 39.4793
255.7997 39.4761
255.8059 39.4729
255.8120 39.4697
255.8181 39.4665
255.8243 39.4633
255.8304 39.4601
255.8365 39.4569
255.8426 39.4537
255.8488 39.4505
255.8549 39.4473
255.8610 39.4441
255.8672 39.4409
255.8733 39.4377
255.8794 39.4345
255.8856 39.4313
255.8917 39.4281
255.8978 39.4249
255.9040 39.4216
255.9101 39.4184
255.9162 39.4152
255.9224 39.4120
255.9285 39.4088
255.9346 39.4056
255.9408 39.4024
255.9469 39.3992
255.9530 39.3960
255.9592 39.3927
255.9653 39.3895
255.9714 39.3863
255.9776 39.3831
255.9837 39.3799
255.9898 39.3767
255.9960 39.3735
256.0021 39.3702
256.0082 39.3670
256.0144 39.3638
256.0205 39.3606
256.0266 39.3574
256.0328 39.3542
256.0389 39.3509
256.0450 39.3477
256.0512 39.3445
256.0573 39.3413
256.0634 39.3381
256.0696 39.3348
256.0757 39.3316
256.0818 39.3284
256.0880 39.3252
256.0941 39.3220
256.1003 39.3187
256.1064 39.3155
256.1125 39.3123
256.1187 39.3091
256.1248 39.3058
256.1309 39.3026
256.1371 39.2994
256.1432 39.2962
256.1493 39.2929
256.1555 39.2897
256.1616 39.2865
256.1678 39.2832
256.1739 39.2800
256.1800 39.2768
256.1862 39.2736
256.1923 39.2703
256.1984 39.2671
256.2046 39.2639
256.2107 39.2606
256.2169 39.2574
256.2230 39.2542
256.2291 39.2509
256.2353 39.2477
256.2414 39.2445
256.2475 39.2412
256.2537 39.2380
256.2598 39.2348
256.2660 39.2315
256.2721 39.2283
256.2782 39.2250
256.2844 39.2218
256.2905 39.2186
256.2967 39.2153
256.3028 39.2121
256.3089 39.2089
256.3151 39.2056
256.3212 39.2024
256.3274 39.1991
256.3335 39.1959
256.3396 39.1926
256.3458 39.1894
256.3519 39.1862
256.3581 39.1829
256.3642 39.1797
256.3703 39.1764
256.3765 39.1732
256.3826 39.1699
256.3888 39.1667
256.3949 39.1634
256.4010 39.1602
256.4072 39.1570
256.4133 39.1537
256.4195 39.1505
256.4256 39.1472
256.4318 39.1440
256.4379 39.1407
256.4440 39.1375
256.4502 39.1342
256.4563 39.1310
256.4625 39.1277
256.4686 39.1245
256.4748 39.1212
256.4809 39.1179
256.4870 39.1147
256.4932 39.1114
256.4993 39.1082
256.5055 39.1049
256.5116 39.1017
256.5178 39.0984
256.5239 39.0952
256.5300 39.0919
256.5362 39.0886
256.5423 39.0854
256.5485 39.0821
256.5546 39.0789
256.5608 39.0756
256.5669 39.0724
256.5731 39.0691
256.5792 39.0658
256.5853 39.0626
256.5915 39.0593
256.5976 39.0560
256.6038 39.0528
256.6099 39.0495
256.6161 39.0463
256.6222 39.0430
256.6284 39.0397
256.6345 39.0365
256.6407 39.0332
256.6468 39.0299
256.6530 39.0267
256.6591 39.0234
256.6652 39.0201
256.6714 39.0169
256.6775 39.0136
256.6837 39.0103
256.6898 39.0071
256.6960 39.0038
256.7021 39.0005
256.7083 38.9973
256.7144 38.9940
256.7206 38.9907
256.7267 38.9874
256.7329 38.9842
256.7390 38.9809
256.7452 38.9776
256.7513 38.9743
256.7575 38.9711
256.7636 38.9678
256.7698 38.9645
256.7759 38.9612
256.7821 38.9580
256.7882 38.9547
256.7944 38.9514
256.8005 38.9481
256.8067 38.9449
256.8128 38.9416
256.8190 38.9383
256.8251 38.9350
256.8313 38.9317
256.8374 38.9285
256.8436 38.9252
256.8497 38.9219
256.8559 38.9186
256.8620 38.9153
256.8682 38.9120
256.8743 38.9088
256.8805 38.9055
256.8866 38.9022
256.8928 38.8989
256.8989 38.8956
256.9051 38.8923
256.9112 38.8891
256.9174 38.8858
256.9235 38.8825
256.9297 38.8792
256.9358 38.8759
256.9420 38.8726
256.9481 38.8693
256.9543 38.8660
256.9604 38.8627
256.9666 38.8595
256.9728 38.8562
256.9789 38.8529
256.9851 38.8496
256.9912 38.8463
256.9974 38.8430
257.0035 38.8397
257.0097 38.8364
257.0158 38.8331
257.0220 38.8298
257.0281 38.8265
257.0343 38.8232
257.0404 38.8199
257.0466 38.8166
257.0528 38.8133
257.0589 38.8100
257.0651 38.8067
257.0712 38.8034
257.0774 38.8001
257.0835 38.7969
257.0897 38.7936
257.0958 38.7903
257.1020 38.7869
257.1082 38.7836
257.1143 38.7803
257.1205 38.7770
257.1266 38.7737
257.1328 38.7704
257.1389 38.7671
257.1451 38.7638
257.1513 38.7605
257.1574 38.7572
257.1636 38.7539
257.1697 38.7506
257.1759 38.7473
257.1820 38.7440
257.1882 38.7407
257.1944 38.7374
257.2005 38.7341
257.2067 38.7308
257.2128 38.7275
257.2190 38.7241
257.2251 38.7208
257.2313 38.7175
257.2375 38.7142
257.2436 38.7109
257.2498 38.7076
257.2559 38.7043
257.2621 38.7010
257.2683 38.6977
257.2744 38.6943
257.2806 38.6910
257.2867 38.6877
257.2929 38.6844
257.2990 38.6811
257.3052 38.6778
257.3114 38.6744
257.3175 38.6711
257.3237 38.6678
257.3299 38.6645
257.3360 38.6612
257.3422 38.6579
257.3483 38.6545
257.3545 38.6512
257.3607 38.6479
257.3668 38.6446
257.3730 38.6413
257.3791 38.6379
257.3853 38.6346
257.3915 38.6313
257.3976 38.6280
257.4038 38.6246
257.4099 38.6213
257.4161 38.6180
257.4223 38.6147
257.4284 38.6113
257.4346 38.6080
257.4408 38.6047
257.4469 38.6014
257.4531 38.5980
257.4592 38.5947
257.4654 38.5914
257.4716 38.5881
257.4777 38.5847
257.4839 38.5814
257.4901 38.5781
257.4962 38.5747
257.5024 38.5714
257.5086 38.5681
257.5147 38.5647
257.5209 38.5614
257.5270 38.5581
257.5332 38.5547
257.5394 38.5514
257.5455 38.5481
257.5517 38.5447
257.5579 38.5414
257.5640 38.5381
257.5702 38.5347
257.5764 38.5314
257.5825 38.5281
257.5887 38.5247
257.5949 38.5214
257.6010 38.5180
257.6072 38.5147
257.6134 38.5114
257.6195 38.5080
257.6257 38.5047
257.6319 38.5013
257.6380 38.4980
257.6442 38.4947
257.6504 38.4913
257.6565 38.4880
257.6627 38.4846
257.6689 38.4813
257.6750 38.4779
257.6812 38.4746
257.6874 38.4713
257.6935 38.4679
257.6997 38.4646
257.7059 38.4612
257.7120 38.4579
257.7182 38.4545
257.7244 38.4512
257.7305 38.4478
257.7367 38.4445
257.7429 38.4411
257.7490 38.4378
257.7552 38.4344
257.7614 38.4311
257.7675 38.4277
257.7737 38.4244
257.7799 38.4210
257.7860 38.4177
257.7922 38.4143
257.7984 38.4110
257.8046 38.4076
257.8107 38.4043
257.8169 38.4009
257.8231 38.3976
257.8292 38.3942
257.8354 38.3908
257.8416 38.3875
257.8478 38.3841
257.8539 38.3808
257.8601 38.3774
257.8663 38.3741
257.8724 38.3707
257.8786 38.3673
257.8848 38.3640
257.8910 38.3606
257.8971 38.3573
257.9033 38.3539
257.9095 38.3505
257.9156 38.3472
257.9218 38.3438
257.9280 38.3404
257.9342 38.3371
257.9403 38.3337
257.9465 38.3304
257.9527 38.3270
257.9588 38.3236
257.9650 38.3203
257.9712 38.3169
257.9774 38.3135
257.9835 38.3102
257.9897 38.3068
257.9959 38.3034
258.0021 38.3001
258.0082 38.2967
258.0144 38.2933
258.0206 38.2899
258.0268 38.2866
258.0329 38.2832
258.0391 38.2798
258.0453 38.2765
258.0515 38.2731
258.0576 38.2697
258.0638 38.2663
258.0700 38.2630
258.0762 38.2596
258.0823 38.2562
258.0885 38.2528
258.0947 38.2495
258.1009 38.2461
258.1070 38.2427
258.1132 38.2393
258.1194 38.2360
258.1256 38.2326
258.1318 38.2292
258.1379 38.2258
258.1441 38.2225
258.1503 38.2191
258.1565 38.2157
258.1626 38.2123
258.1688 38.2089
258.1750 38.2055
258.1812 38.2022
258.1874 38.1988
258.1935 38.1954
258.1997 38.1920
258.2059 38.1886
258.2121 38.1853
258.2182 38.1819
258.2244 38.1785
258.2306 38.1751
258.2368 38.1717
258.2430 38.1683
258.2491 38.1649
258.2553 38.1615
258.2615 38.1582
258.2677 38.1548
258.2739 38.1514
258.2800 38.1480
258.2862 38.1446
258.2924 38.1412
258.2986 38.1378
258.3048 38.1344
258.3109 38.1310
258.3171 38.1277
258.3233 38.1243
258.3295 38.1209
258.3357 38.1175
258.3419 38.1141
258.3480 38.1107
258.3542 38.1073
258.3604 38.1039
258.3666 38.1005
258.3728 38.0971
258.3789 38.0937
258.3851 38.0903
258.3913 38.0869
258.3975 38.0835
258.4037 38.0801
258.4099 38.0767
258.4160 38.0733
258.4222 38.0699
258.4284 38.0665
258.4346 38.0631
258.4408 38.0597
258.4470 38.0563
258.4531 38.0529
258.4593 38.0495
258.4655 38.0461
258.4717 38.0427
258.4779 38.0393
258.4841 38.0359
258.4903 38.0325
258.4964 38.0291
258.5026 38.0257
258.5088 38.0223
258.5150 38.0189
258.5212 38.0155
258.5274 38.0121
258.5335 38.0086
258.5397 38.0052
258.5459 38.0018
258.5521 37.9984
258.5583 37.9950
258.5645 37.9916
258.5707 37.9882
258.5769 37.9848
258.5830 37.9814
258.5892 37.9780
258.5954 37.9745
258.6016 37.9711
258.6078 37.9677
258.6140 37.9643
258.6202 37.9609
258.6263 37.9575
258.6325 37.9541
258.6387 37.9506
258.6449 37.9472
258.6511 37.9438
258.6573 37.9404
258.6635 37.9370
258.6697 37.9336
258.6759 37.9301
258.6820 37.9267
258.6882 37.9233
258.6944 37.9199
258.7006 37.9165
258.7068 37.9130
258.7130 37.9096
258.7192 37.9062
258.7254 37.9028
258.7316 37.8994
258.7378 37.8959
258.7439 37.8925
258.7501 37.8891
258.7563 37.8857
258.7625 37.8822
258.7687 37.8788
258.7749 37.8754
258.7811 37.8720
258.7873 37.8685
258.7935 37.8651
258.7997 37.8617
258.8058 37.8583
258.8120 37.8548
258.8182 37.8514
258.8244 37.8480
258.8306 37.8445
258.8368 37.8411
258.8430 37.8377
258.8492 37.8342
258.8554 37.8308
258.8616 37.8274
258.8678 37.8239
258.8740 37.8205
258.8802 37.8171
258.8864 37.8137
258.8925 37.8102
258.8987 37.8068
258.9049 37.8033
258.9111 37.7999
258.9173 37.7965
258.9235 37.7930
258.9297 37.7896
258.9359 37.7862
258.9421 37.7827
258.9483 37.7793
258.9545 37.7759
258.9607 37.7724
258.9669 37.7690
258.9731 37.7655
258.9793 37.7621
258.9855 37.7587
258.9917 37.7552
258.9978 37.7518
259.0040 37.7483
259.0102 37.7449
259.0164 37.7414
259.0226 37.7380
259.0288 37.7346
259.0350 37.7311
259.0412 37.7277
259.0474 37.7242
259.0536 37.7208
259.0598 37.7173
259.0660 37.7139
259.0722 37.7104
259.0784 37.7070
259.0846 37.7035
259.0908 37.7001
259.0970 37.6966
259.1032 37.6932
259.1094 37.6897
259.1156 37.6863
259.1218 37.6828
259.1280 37.6794
259.1342 37.6759
259.1404 37.6725
259.1466 37.6690
259.1528 37.6656
259.1590 37.6621
259.1652 37.6587
259.1714 37.6552
259.1776 37.6518
259.1838 37.6483
259.1900 37.6449
259.1962 37.6414
259.2024 37.6379
259.2086 37.6345
259.2148 37.6310
259.2210 37.6276
259.2272 37.6241
259.2334 37.6207
259.2396 37.6172
259.2458 37.6137
259.2520 37.6103
259.2582 37.6068
259.2644 37.6034
259.2706 37.5999
259.2768 37.5964
259.2830 37.5930
259.2892 37.5895
259.2954 37.5860
259.3016 37.5826
259.3078 37.5791
259.3140 37.5757
259.3202 37.5722
259.3264 37.5687
259.3326 37.5653
259.3388 37.5618
259.3450 37.5583
259.3512 37.5549
259.3574 37.5514
259.3636 37.5479
259.3698 37.5445
259.3760 37.5410
259.3822 37.5375
259.3884 37.5340
259.3946 37.5306
259.4009 37.5271
259.4071 37.5236
259.4133 37.5202
259.4195 37.5167
259.4257 37.5132
259.4319 37.5097
259.4381 37.5063
259.4443 37.5028
259.4505 37.4993
259.4567 37.4959
259.4629 37.4924
259.4691 37.4889
259.4753 37.4854
259.4815 37.4819
259.4877 37.4785
259.4939 37.4750
259.5001 37.4715
259.5064 37.4680
259.5126 37.4646
259.5188 37.4611
259.5250 37.4576
259.5312 37.4541
259.5374 37.4506
259.5436 37.4472
259.5498 37.4437
259.5560 37.4402
259.5622 37.4367
259.5684 37.4332
259.5746 37.4297
259.5809 37.4263
259.5871 37.4228
259.5933 37.4193
259.5995 37.4158
259.6057 37.4123
259.6119 37.4088
259.6181 37.4054
259.6243 37.4019
259.6305 37.3984
259.6367 37.3949
259.6429 37.3914
259.6492 37.3879
259.6554 37.3844
259.6616 37.3809
259.6678 37.3774
259.6740 37.3740
259.6802 37.3705
259.6864 37.3670
259.6926 37.3635
259.6988 37.3600
259.7051 37.3565
259.7113 37.3530
259.7175 37.3495
259.7237 37.3460
259.7299 37.3425
259.7361 37.3390
259.7423 37.3355
259.7485 37.3320
259.7548 37.3285
259.7610 37.3250
259.7672 37.3215
259.7734 37.3180
259.7796 37.3146
259.7858 37.3111
259.7920 37.3076
259.7983 37.3041
259.8045 37.3006
259.8107 37.2971
259.8169 37.2936
259.8231 37.2901
259.8293 37.2866
259.8355 37.2831
259.8418 37.2795
259.8480 37.2760
259.8542 37.2725
259.8604 37.2690
259.8666 37.2655
259.8728 37.2620
259.8790 37.2585
259.8853 37.2550
259.8915 37.2515
259.8977 37.2480
259.9039 37.2445
259.9101 37.2410
259.9163 37.2375
259.9226 37.2340
259.9288 37.2305
259.9350 37.2270
259.9412 37.2235
259.9474 37.2199
259.9536 37.2164
259.9599 37.2129
259.9661 37.2094
259.9723 37.2059
259.9785 37.2024
259.9847 37.1989
259.9910 37.1954
259.9972 37.1919
260.0034 37.1883
260.0096 37.1848
260.0158 37.1813
260.0220 37.1778
260.0283 37.1743
260.0345 37.1708
260.0407 37.1672
260.0469 37.1637
260.0531 37.1602
260.0594 37.1567
260.0656 37.1532
260.0718 37.1497
260.0780 37.1461
260.0842 37.1426
260.0905 37.1391
260.0967 37.1356
260.1029 37.1321
260.1091 37.1285
260.1153 37.1250
260.1216 37.1215
260.1278 37.1180
260.1340 37.1144
260.1402 37.1109
260.1465 37.1074
260.1527 37.1039
260.1589 37.1004
260.1651 37.0968
260.1713 37.0933
260.1776 37.0898
260.1838 37.0863
260.1900 37.0827
260.1962 37.0792
260.2025 37.0757
260.2087 37.0721
260.2149 37.0686
260.2211 37.0651
260.2274 37.0616
260.2336 37.0580
260.2398 37.0545
260.2460 37.0510
260.2522 37.0474
260.2585 37.0439
260.2647 37.0404
260.2709 37.0368
260.2771 37.0333
260.2834 37.0298
260.2896 37.0262
260.2958 37.0227
260.3020 37.0192
260.3083 37.0156
260.3145 37.0121
260.3207 37.0086
260.3269 37.0050
260.3332 37.0015
260.3394 36.9980
260.3456 36.9944
260.3519 36.9909
260.3581 36.9873
260.3643 36.9838
260.3705 36.9803
260.3768 36.9767
260.3830 36.9732
260.3892 36.9696
260.3954 36.9661
260.4017 36.9626
260.4079 36.9590
260.4141 36.9555
260.4204 36.9519
260.4266 36.9484
260.4328 36.9448
260.4390 36.9413
260.4453 36.9378
260.4515 36.9342
260.4577 36.9307
260.4640 36.9271
260.4702 36.9236
260.4764 36.9200
260.4826 36.9165
260.4889 36.9129
260.4951 36.9094
260.5013 36.9058
260.5076 36.9023
260.5138 36.8987
260.5200 36.8952
260.5263 36.8916
260.5325 36.8881
260.5387 36.8845
260.5449 36.8810
260.5512 36.8774
260.5574 36.8739
260.5636 36.8703
260.5699 36.8668
260.5761 36.8632
260.5823 36.8597
260.5886 36.8561
260.5948 36.8526
260.6010 36.8490
260.6073 36.8455
260.6135 36.8419
260.6197 36.8383
260.6260 36.8348
260.6322 36.8312
260.6384 36.8277
260.6447 36.8241
260.6509 36.8206
260.6571 36.8170
260.6634 36.8134
260.6696 36.8099
260.6758 36.8063
260.6821 36.8028
260.6883 36.7992
260.6945 36.7956
260.7008 36.7921
260.7070 36.7885
260.7132 36.7849
260.7195 36.7814
260.7257 36.7778
260.7319 36.7743
260.7382 36.7707
260.7444 36.7671
260.7507 36.7636
260.7569 36.7600
260.7631 36.7564
260.7694 36.7529
260.7756 36.7493
260.7818 36.7457
260.7881 36.7422
260.7943 36.7386
260.8005 36.7350
260.8068 36.7314
260.8130 36.7279
260.8193 36.7243
260.8255 36.7207
260.8317 36.7172
260.8380 36.7136
260.8442 36.7100
260.8504 36.7065
260.8567 36.7029
260.8629 36.6993
260.8692 36.6957
260.8754 36.6922
260.8816 36.6886
260.8879 36.6850
260.8941 36.6814
260.9004 36.6779
260.9066 36.6743
260.9128 36.6707
260.9191 36.6671
260.9253 36.6635
260.9316 36.6600
260.9378 36.6564
260.9440 36.6528
260.9503 36.6492
260.9565 36.6457
260.9628 36.6421
260.9690 36.6385
260.9752 36.6349
260.9815 36.6313
260.9877 36.6277
260.9940 36.6242
261.0002 36.6206
261.0065 36.6170
261.0127 36.6134
261.0189 36.6098
261.0252 36.6062
261.0314 36.6027
261.0377 36.5991
261.0439 36.5955
261.0502 36.5919
261.0564 36.5883
261.0626 36.5847
261.0689 36.5811
261.0751 36.5776
261.0814 36.5740
261.0876 36.5704
261.0939 36.5668
261.1001 36.5632
261.1064 36.5596
261.1126 36.5560
261.1188 36.5524
261.1251 36.5488
261.1313 36.5452
261.1376 36.5417
261.1438 36.5381
261.1501 36.5345
261.1563 36.5309
261.1626 36.5273
261.1688 36.5237
261.1751 36.5201
261.1813 36.5165
261.1876 36.5129
261.1938 36.5093
261.2000 36.5057
261.2063 36.5021
261.2125 36.4985
261.2188 36.4949
261.2250 36.4913
261.2313 36.4877
261.2375 36.4841
261.2438 36.4805
261.2500 36.4769
261.2563 36.4733
261.2625 36.4697
261.2688 36.4661
261.2750 36.4625
261.2813 36.4589
261.2875 36.4553
261.2938 36.4517
261.3000 36.4481
261.3063 36.4445
261.3125 36.4409
261.3188 36.4373
261.3250 36.4337
261.3313 36.4301
261.3375 36.4265
261.3438 36.4229
261.3500 36.4193
261.3563 36.4157
261.3625 36.4121
261.3688 36.4084
261.3750 36.4048
261.3813 36.4012
261.3875 36.3976
261.3938 36.3940
261.4000 36.3904
261.4063 36.3868
261.4125 36.3832
261.4188 36.3796
261.4250 36.3760
261.4313 36.3723
261.4376 36.3687
261.4438 36.3651
261.4501 36.3615
261.4563 36.3579
261.4626 36.3543
261.4688 36.3507
261.4751 36.3471
261.4813 36.3434
261.4876 36.3398
261.4938 36.3362
261.5001 36.3326
261.5063 36.3290
261.5126 36.3254
261.5189 36.3217
261.5251 36.3181
261.5314 36.3145
261.5376 36.3109
261.5439 36.3073
261.5501 36.3036
261.5564 36.3000
261.5626 36.2964
261.5689 36.2928
261.5752 36.2892
261.5814 36.2855
261.5877 36.2819
261.5939 36.2783
261.6002 36.2747
261.6064 36.2710
261.6127 36.2674
261.6190 36.2638
261.6252 36.2602
261.6315 36.2565
261.6377 36.2529
261.6440 36.2493
261.6502 36.2457
261.6565 36.2420
261.6628 36.2384
261.6690 36.2348
261.6753 36.2312
261.6815 36.2275
261.6878 36.2239
261.6941 36.2203
261.7003 36.2166
261.7066 36.2130
261.7128 36.2094
261.7191 36.2057
261.7254 36.2021
261.7316 36.1985
261.7379 36.1948
261.7441 36.1912
261.7504 36.1876
261.7567 36.1839
261.7629 36.1803
261.7692 36.1767
261.7754 36.1730
261.7817 36.1694
261.7880 36.1658
261.7942 36.1621
261.8005 36.1585
261.8067 36.1549
261.8130 36.1512
261.8193 36.1476
261.8255 36.1440
261.8318 36.1403
261.8381 36.1367
261.8443 36.1330
261.8506 36.1294
261.8568 36.1258
261.8631 36.1221
261.8694 36.1185
261.8756 36.1148
261.8819 36.1112
261.8882 36.1075
261.8944 36.1039
261.9007 36.1003
261.9070 36.0966
261.9132 36.0930
261.9195 36.0893
261.9258 36.0857
261.9320 36.0820
261.9383 36.0784
261.9445 36.0747
261.9508 36.0711
261.9571 36.0675
261.9633 36.0638
261.9696 36.0602
261.9759 36.0565
261.9821 36.0529
261.9884 36.0492
261.9947 36.0456
262.0009 36.0419
262.0072 36.0383
262.0135 36.0346
262.0197 36.0310
262.0260 36.0273
262.0323 36.0237
262.0385 36.0200
262.0448 36.0164
262.0511 36.0127
262.0573 36.0090
262.0636 36.0054
262.0699 36.0017
262.0762 35.9981
262.0824 35.9944
262.0887 35.9908
262.0950 35.9871
262.1012 35.9835
262.1075 35.9798
262.1138 35.9761
262.1200 35.9725
262.1263 35.9688
262.1326 35.9652
262.1389 35.9615
262.1451 35.9579
262.1514 35.9542
262.1577 35.9505
262.1639 35.9469
262.1702 35.9432
262.1765 35.9396
262.1827 35.9359
262.1890 35.9322
262.1953 35.9286
262.2016 35.9249
262.2078 35.9212
262.2141 35.9176
262.2204 35.9139
262.2267 35.9102
262.2329 35.9066
262.2392 35.9029
262.2455 35.8992
262.2517 35.8956
262.2580 35.8919
262.2643 35.8882
262.2706 35.8846
262.2768 35.8809
262.2831 35.8772
262.2894 35.8736
262.2957 35.8699
262.3019 35.8662
262.3082 35.8626
262.3145 35.8589
262.3208 35.8552
262.3270 35.8516
262.3333 35.8479
262.3396 35.8442
262.3459 35.8405
262.3521 35.8369
262.3584 35.8332
262.3647 35.8295
262.3710 35.8258
262.3772 35.8222
262.3835 35.8185
262.3898 35.8148
262.3961 35.8111
262.4024 35.8075
262.4086 35.8038
262.4149 35.8001
262.4212 35.7964
262.4275 35.7928
262.4337 35.7891
262.4400 35.7854
262.4463 35.7817
262.4526 35.7780
262.4589 35.7744
262.4651 35.7707
262.4714 35.7670
262.4777 35.7633
262.4840 35.7596
262.4903 35.7560
262.4965 35.7523
262.5028 35.7486
262.5091 35.7449
262.5154 35.7412
262.5217 35.7375
262.5279 35.7339
262.5342 35.7302
262.5405 35.7265
262.5468 35.7228
262.5531 35.7191
262.5593 35.7154
262.5656 35.7117
262.5719 35.7080
262.5782 35.7044
262.5845 35.7007
262.5908 35.6970
262.5970 35.6933
262.6033 35.6896
262.6096 35.6859
262.6159 35.6822
262.6222 35.6785
262.6285 35.6748
262.6347 35.6712
262.6410 35.6675
262.6473 35.6638
262.6536 35.6601
262.6599 35.6564
262.6662 35.6527
262.6724 35.6490
262.6787 35.6453
262.6850 35.6416
262.6913 35.6379
262.6976 35.6342
262.7039 35.6305
262.7101 35.6268
262.7164 35.6231
262.7227 35.6194
262.7290 35.6157
262.7353 35.6120
262.7416 35.6083
262.7479 35.6046
262.7542 35.6009
262.7604 35.5972
262.7667 35.5935
262.7730 35.5898
262.7793 35.5861
262.7856 35.5824
262.7919 35.5787
262.7982 35.5750
262.8045 35.5713
262.8107 35.5676
262.8170 35.5639
262.8233 35.5602
262.8296 35.5565
262.8359 35.5528
262.8422 35.5491
262.8485 35.5454
262.8548 35.5417
262.8610 35.5380
262.8673 35.5343
262.8736 35.5306
262.8799 35.5269
262.8862 35.5232
262.8925 35.5195
262.8988 35.5157
262.9051 35.5120
262.9114 35.5083
262.9177 35.5046
262.9240 35.5009
262.9302 35.4972
262.9365 35.4935
262.9428 35.4898
262.9491 35.4861
262.9554 35.4824
262.9617 35.4786
262.9680 35.4749
262.9743 35.4712
262.9806 35.4675
262.9869 35.4638
262.9932 35.4601
262.9995 35.4564
263.0058 35.4526
263.0120 35.4489
263.0183 35.4452
263.0246 35.4415
263.0309 35.4378
263.0372 35.4341
263.0435 35.4303
263.0498 35.4266
263.0561 35.4229
263.0624 35.4192
263.0687 35.4155
263.0750 35.4118
263.0813 35.4080
263.0876 35.4043
263.0939 35.4006
263.1002 35.3969
263.1065 35.3931
263.1128 35.3894
263.1191 35.3857
263.1254 35.3820
263.1317 35.3783
263.1379 35.3745
263.1442 35.3708
263.1505 35.3671
263.1568 35.3634
263.1631 35.3596
263.1694 35.3559
263.1757 35.3522
263.1820 35.3485
263.1883 35.3447
263.1946 35.3410
263.2009 35.3373
263.2072 35.3336
263.2135 35.3298
263.2198 35.3261
263.2261 35.3224
263.2324 35.3186
263.2387 35.3149
263.2450 35.3112
263.2513 35.3074
263.2576 35.3037
263.2639 35.3000
263.2702 35.2963
263.2765 35.2925
263.2828 35.2888
263.2891 35.2851
263.2954 35.2813
263.3017 35.2776
263.3080 35.2739
263.3143 35.2701
263.3206 35.2664
263.3269 35.2626
263.3332 35.2589
263.3395 35.2552
263.3458 35.2514
263.3521 35.2477
263.3584 35.2440
263.3647 35.2402
263.3710 35.2365
263.3773 35.2328
263.3836 35.2290
263.3899 35.2253
263.3963 35.2215
263.4026 35.2178
263.4089 35.2141
263.4152 35.2103
263.4215 35.2066
263.4278 35.2028
263.4341 35.1991
263.4404 35.1953
263.4467 35.1916
263.4530 35.1879
263.4593 35.1841
263.4656 35.1804
263.4719 35.1766
263.4782 35.1729
263.4845 35.1691
263.4908 35.1654
263.4971 35.1616
263.5034 35.1579
263.5097 35.1542
263.5160 35.1504
263.5224 35.1467
263.5287 35.1429
263.5350 35.1392
263.5413 35.1354
263.5476 35.1317
263.5539 35.1279
263.5602 35.1242
263.5665 35.1204
263.5728 35.1167
263.5791 35.1129
263.5854 35.1092
263.5917 35.1054
263.5981 35.1017
263.6044 35.0979
263.6107 35.0941
263.6170 35.0904
263.6233 35.0866
263.6296 35.0829
263.6359 35.0791
263.6422 35.0754
263.6485 35.0716
263.6548 35.0679
263.6612 35.0641
263.6675 35.0604
263.6738 35.0566
263.6801 35.0528
263.6864 35.0491
263.6927 35.0453
263.6990 35.0416
263.7053 35.0378
263.7116 35.0340
263.7180 35.0303
263.7243 35.0265
263.7306 35.0228
263.7369 35.0190
263.7432 35.0152
263.7495 35.0115
263.7558 35.0077
263.7621 35.0040
263.7685 35.0002
263.7748 34.9964
263.7811 34.9927
263.7874 34.9889
263.7937 34.9851
263.8000 34.9814
263.8064 34.9776
263.8127 34.9738
263.8190 34.9701
263.8253 34.9663
263.8316 34.9625
263.8379 34.9588
263.8442 34.9550
263.8506 34.9512
263.8569 34.9475
263.8632 34.9437
263.8695 34.9399
263.8758 34.9362
263.8821 34.9324
263.8885 34.9286
263.8948 34.9248
263.9011 34.9211
263.9074 34.9173
263.9137 34.9135
263.9200 34.9098
263.9264 34.9060
263.9327 34.9022
263.9390 34.8984
263.9453 34.8947
263.9516 34.8909
263.9580 34.8871
263.9643 34.8833
263.9706 34.8796
263.9769 34.8758
263.9832 34.8720
263.9896 34.8682
263.9959 34.8645
264.0022 34.8607
264.0085 34.8569
264.0148 34.8531
264.0212 34.8493
264.0275 34.8456
264.0338 34.8418
264.0401 34.8380
264.0465 34.8342
264.0528 34.8304
264.0591 34.8267
264.0654 34.8229
264.0717 34.8191
264.0781 34.8153
264.0844 34.8115
264.0907 34.8078
264.0970 34.8040
264.1034 34.8002
264.1097 34.7964
264.1160 34.7926
264.1223 34.7888
264.1286 34.7850
264.1350 34.7813
264.1413 34.7775
264.1476 34.7737
264.1539 34.7699
264.1603 34.7661
264.1666 34.7623
264.1729 34.7585
264.1792 34.7548
264.1856 34.7510
264.1919 34.7472
264.1982 34.7434
264.2046 34.7396
264.2109 34.7358
264.2172 34.7320
264.2235 34.7282
264.2299 34.7244
264.2362 34.7206
264.2425 34.7168
264.2488 34.7131
264.2552 34.7093
264.2615 34.7055
264.2678 34.7017
264.2741 34.6979
264.2805 34.6941
264.2868 34.6903
264.2931 34.6865
264.2995 34.6827
264.3058 34.6789
264.3121 34.6751
264.3185 34.6713
264.3248 34.6675
264.3311 34.6637
264.3374 34.6599
264.3438 34.6561
264.3501 34.6523
264.3564 34.6485
264.3628 34.6447
264.3691 34.6409
264.3754 34.6371
264.3818 34.6333
264.3881 34.6295
264.3944 34.6257
264.4007 34.6219
264.4071 34.6181
264.4134 34.6143
264.4197 34.6105
264.4261 34.6067
264.4324 34.6029
264.4387 34.5991
264.4451 34.5953
264.4514 34.5915
264.4577 34.5877
264.4641 34.5839
264.4704 34.5801
264.4767 34.5763
264.4831 34.5725
264.4894 34.5687
264.4957 34.5648
264.5021 34.5610
264.5084 34.5572
264.5147 34.5534
264.5211 34.5496
264.5274 34.5458
264.5338 34.5420
264.5401 34.5382
264.5464 34.5344
264.5528 34.5306
264.5591 34.5267
264.5654 34.5229
264.5718 34.5191
264.5781 34.5153
264.5844 34.5115
264.5908 34.5077
264.5971 34.5039
264.6035 34.5001
264.6098 34.4962
264.6161 34.4924
264.6225 34.4886
264.6288 34.4848
264.6351 34.4810
264.6415 34.4772
264.6478 34.4734
264.6542 34.4695
264.6605 34.4657
264.6668 34.4619
264.6732 34.4581
264.6795 34.4543
264.6859 34.4504
264.6922 34.4466
264.6985 34.4428
264.7049 34.4390
264.7112 34.4352
264.7176 34.4313
264.7239 34.4275
264.7302 34.4237
264.7366 34.4199
264.7429 34.4161
264.7493 34.4122
264.7556 34.4084
264.7619 34.4046
264.7683 34.4008
264.7746 34.3969
264.7810 34.3931
264.7873 34.3893
264.7937 34.3855
264.8000 34.3816
264.8063 34.3778
264.8127 34.3740
264.8190 34.3702
264.8254 34.3663
264.8317 34.3625
264.8381 34.3587
264.8444 34.3549
264.8507 34.3510
264.8571 34.3472
264.8634 34.3434
264.8698 34.3395
264.8761 34.3357
264.8825 34.3319
264.8888 34.3280
264.8952 34.3242
264.9015 34.3204
264.9079 34.3166
264.9142 34.3127
264.9205 34.3089
264.9269 34.3051
264.9332 34.3012
264.9396 34.2974
264.9459 34.2936
264.9523 34.2897
264.9586 34.2859
264.9650 34.2821
264.9713 34.2782
264.9777 34.2744
264.9840 34.2705
264.9904 34.2667
264.9967 34.2629
265.0031 34.2590
265.0094 34.2552
265.0158 34.2514
265.0221 34.2475
265.0285 34.2437
265.0348 34.2398
265.0412 34.2360
265.0475 34.2322
265.0539 34.2283
265.0602 34.2245
265.0666 34.2206
265.0729 34.2168
265.0793 34.2130
265.0856 34.2091
265.0920 34.2053
265.0983 34.2014
265.1047 34.1976
265.1110 34.1937
265.1174 34.1899
265.1237 34.1860
265.1301 34.1822
265.1364 34.1784
265.1428 34.1745
265.1491 34.1707
265.1555 34.1668
265.1618 34.1630
265.1682 34.1591
265.1746 34.1553
265.1809 34.1514
265.1873 34.1476
265.1936 34.1437
265.2000 34.1399
265.2063 34.1360
265.2127 34.1322
265.2190 34.1283
265.2254 34.1245
265.2317 34.1206
265.2381 34.1168
265.2445 34.1129
265.2508 34.1091
265.2572 34.1052
265.2635 34.1014
265.2699 34.0975
265.2762 34.0937
265.2826 34.0898
265.2890 34.0860
265.2953 34.0821
265.3017 34.0782
265.3080 34.0744
265.3144 34.0705
265.3207 34.0667
265.3271 34.0628
265.3335 34.0590
265.3398 34.0551
265.3462 34.0512
265.3525 34.0474
265.3589 34.0435
265.3653 34.0397
265.3716 34.0358
265.3780 34.0320
265.3843 34.0281
265.3907 34.0242
265.3971 34.0204
265.4034 34.0165
265.4098 34.0126
265.4161 34.0088
265.4225 34.0049
265.4289 34.0011
265.4352 33.9972
265.4416 33.9933
265.4480 33.9895
265.4543 33.9856
265.4607 33.9817
265.4670 33.9779
265.4734 33.9740
265.4798 33.9701
265.4861 33.9663
265.4925 33.9624
265.4989 33.9585
265.5052 33.9547
265.5116 33.9508
265.5180 33.9469
265.5243 33.9431
265.5307 33.9392
265.5370 33.9353
265.5434 33.9315
265.5498 33.9276
265.5561 33.9237
265.5625 33.9199
265.5689 33.9160
265.5752 33.9121
265.5816 33.9082
265.5880 33.9044
265.5943 33.9005
265.6007 33.8966
265.6071 33.8928
265.6134 33.8889
265.6198 33.8850
265.6262 33.8811
265.6325 33.8773
265.6389 33.8734
265.6453 33.8695
265.6516 33.8656
265.6580 33.8618
265.6644 33.8579
265.6708 33.8540
265.6771 33.8501
265.6835 33.8463
265.6899 33.8424
265.6962 33.8385
265.7026 33.8346
265.7090 33.8307
265.7153 33.8269
265.7217 33.8230
265.7281 33.8191
265.7344 33.8152
265.7408 33.8113
265.7472 33.8075
265.7536 33.8036
265.7599 33.7997
265.7663 33.7958
265.7727 33.7919
265.7791 33.7881
265.7854 33.7842
265.7918 33.7803
265.7982 33.7764
265.8045 33.7725
265.8109 33.7686
265.8173 33.7648
265.8237 33.7609
265.8300 33.7570
265.8364 33.7531
265.8428 33.7492
265.8492 33.7453
265.8555 33.7414
265.8619 33.7375
265.8683 33.7337
265.8747 33.7298
265.8810 33.7259
265.8874 33.7220
265.8938 33.7181
265.9002 33.7142
265.9065 33.7103
265.9129 33.7064
265.9193 33.7025
265.9257 33.6987
265.9320 33.6948
265.9384 33.6909
265.9448 33.6870
265.9512 33.6831
265.9575 33.6792
265.9639 33.6753
265.9703 33.6714
265.9767 33.6675
265.9831 33.6636
265.9894 33.6597
265.9958 33.6558
266.0022 33.6519
266.0086 33.6480
266.0150 33.6441
266.0213 33.6402
266.0277 33.6364
266.0341 33.6325
266.0405 33.6286
266.0469 33.6247
266.0532 33.6208
266.0596 33.6169
266.0660 33.6130
266.0724 33.6091
266.0788 33.6052
266.0851 33.6013
266.0915 33.5974
266.0979 33.5935
266.1043 33.5896
266.1107 33.5857
266.1170 33.5818
266.1234 33.5779
266.1298 33.5740
266.1362 33.5701
266.1426 33.5662
266.1490 33.5622
266.1553 33.5583
266.1617 33.5544
266.1681 33.5505
266.1745 33.5466
266.1809 33.5427
266.1873 33.5388
266.1936 33.5349
266.2000 33.5310
266.2064 33.5271
266.2128 33.5232
266.2192 33.5193
266.2256 33.5154
266.2320 33.5115
266.2383 33.5076
266.2447 33.5037
266.2511 33.4997
266.2575 33.4958
266.2639 33.4919
266.2703 33.4880
266.2767 33.4841
266.2830 33.4802
266.2894 33.4763
266.2958 33.4724
266.3022 33.4685
266.3086 33.4645
266.3150 33.4606
266.3214 33.4567
266.3278 33.4528
266.3342 33.4489
266.3405 33.4450
266.3469 33.4411
266.3533 33.4372
266.3597 33.4332
266.3661 33.4293
266.3725 33.4254
266.3789 33.4215
266.3853 33.4176
266.3917 33.4137
266.3980 33.4097
266.4044 33.4058
266.4108 33.4019
266.4172 33.3980
266.4236 33.3941
266.4300 33.3901
266.4364 33.3862
266.4428 33.3823
266.4492 33.3784
266.4556 33.3745
266.4620 33.3705
266.4684 33.3666
266.4748 33.3627
266.4811 33.3588
266.4875 33.3549
266.4939 33.3509
266.5003 33.3470
266.5067 33.3431
266.5131 33.3392
266.5195 33.3352
266.5259 33.3313
266.5323 33.3274
266.5387 33.3235
266.5451 33.3195
266.5515 33.3156
266.5579 33.3117
266.5643 33.3078
266.5707 33.3038
266.5771 33.2999
266.5835 33.2960
266.5899 33.2921
266.5963 33.2881
266.6027 33.2842
266.6091 33.2803
266.6155 33.2763
266.6219 33.2724
266.6283 33.2685
266.6347 33.2645
266.6411 33.2606
266.6475 33.2567
266.6538 33.2528
266.6602 33.2488
266.6666 33.2449
266.6730 33.2410
266.6794 33.2370
266.6858 33.2331
266.6922 33.2292
266.6986 33.2252
266.7050 33.2213
266.7114 33.2174
266.7179 33.2134
266.7243 33.2095
266.7307 33.2056
266.7371 33.2016
266.7435 33.1977
266.7499 33.1937
266.7563 33.1898
266.7627 33.1859
266.7691 33.1819
266.7755 33.1780
266.7819 33.1741
266.7883 33.1701
266.7947 33.1662
266.8011 33.1622
266.8075 33.1583
266.8139 33.1544
266.8203 33.1504
266.8267 33.1465
266.8331 33.1425
266.8395 33.1386
266.8459 33.1346
266.8523 33.1307
266.8587 33.1268
266.8651 33.1228
266.8715 33.1189
266.8779 33.1149
266.8844 33.1110
266.8908 33.1070
266.8972 33.1031
266.9036 33.0992
266.9100 33.0952
266.9164 33.0913
266.9228 33.0873
266.9292 33.0834
266.9356 33.0794
266.9420 33.0755
266.9484 33.0715
266.9548 33.0676
266.9612 33.0636
266.9677 33.0597
266.9741 33.0557
266.9805 33.0518
266.9869 33.0478
266.9933 33.0439
266.9997 33.0399
267.0061 33.0360
267.0125 33.0320
267.0189 33.0281
267.0253 33.0241
267.0318 33.0202
267.0382 33.0162
267.0446 33.0123
267.0510 33.0083
267.0574 33.0044
267.0638 33.0004
267.0702 32.9965
267.0766 32.9925
267.0831 32.9886
267.0895 32.9846
267.0959 32.9806
267.1023 32.9767
267.1087 32.9727
267.1151 32.9688
267.1215 32.9648
267.1279 32.9609
267.1344 32.9569
267.1408 32.9529
267.1472 32.9490
267.1536 32.9450
267.1600 32.9411
267.1664 32.9371
267.1729 32.9331
267.1793 32.9292
267.1857 32.9252
267.1921 32.9213
267.1985 32.9173
267.2049 32.9133
267.2113 32.9094
267.2178 32.9054
267.2242 32.9015
267.2306 32.8975
267.2370 32.8935
267.2434 32.8896
267.2499 32.8856
267.2563 32.8816
267.2627 32.8777
267.2691 32.8737
267.2755 32.8697
267.2819 32.8658
267.2884 32.8618
267.2948 32.8579
267.3012 32.8539
267.3076 32.8499
267.3140 32.8460
267.3205 32.8420
267.3269 32.8380
267.3333 32.8340
267.3397 32.8301
267.3461 32.8261
267.3526 32.8221
267.3590 32.8182
267.3654 32.8142
267.3718 32.8102
267.3783 32.8063
267.3847 32.8023
267.3911 32.7983
267.3975 32.7943
267.4039 32.7904
267.4104 32.7864
267.4168 32.7824
267.4232 32.7785
267.4296 32.7745
267.4361 32.7705
267.4425 32.7665
267.4489 32.7626
267.4553 32.7586
267.4618 32.7546
267.4682 32.7506
267.4746 32.7467
267.4810 32.7427
267.4875 32.7387
267.4939 32.7347
267.5003 32.7308
267.5067 32.7268
267.5132 32.7228
267.5196 32.7188
267.5260 32.7149
267.5325 32.7109
267.5389 32.7069
267.5453 32.7029
267.5517 32.6989
267.5582 32.6950
267.5646 32.6910
267.5710 32.6870
267.5774 32.6830
267.5839 32.6790
267.5903 32.6751
267.5967 32.6711
267.6032 32.6671
267.6096 32.6631
267.6160 32.6591
267.6225 32.6551
267.6289 32.6512
267.6353 32.6472
267.6417 32.6432
267.6482 32.6392
267.6546 32.6352
267.6610 32.6312
267.6675 32.6272
267.6739 32.6233
267.6803 32.6193
267.6868 32.6153
267.6932 32.6113
267.6996 32.6073
267.7061 32.6033
267.7125 32.5993
267.7189 32.5954
267.7254 32.5914
267.7318 32.5874
267.7382 32.5834
267.7447 32.5794
267.7511 32.5754
267.7575 32.5714
267.7640 32.5674
267.7704 32.5634
267.7768 32.5594
267.7833 32.5555
267.7897 32.5515
267.7961 32.5475
267.8026 32.5435
267.8090 32.5395
267.8154 32.5355
267.8219 32.5315
267.8283 32.5275
267.8348 32.5235
267.8412 32.5195
267.8476 32.5155
267.8541 32.5115
267.8605 32.5075
267.8669 32.5035
267.8734 32.4995
267.8798 32.4955
267.8863 32.4915
267.8927 32.4875
267.8991 32.4835
267.9056 32.4796
267.9120 32.4756
267.9185 32.4716
267.9249 32.4676
267.9313 32.4636
267.9378 32.4596
267.9442 32.4556
267.9507 32.4516
267.9571 32.4476
267.9635 32.4436
267.9700 32.4396
267.9764 32.4356
267.9829 32.4316
267.9893 32.4275
267.9958 32.4235
268.0022 32.4195
268.0086 32.4155
268.0151 32.4115
268.0215 32.4075
268.0280 32.4035
268.0344 32.3995
268.0409 32.3955
268.0473 32.3915
268.0537 32.3875
268.0602 32.3835
268.0666 32.3795
268.0731 32.3755
268.0795 32.3715
268.0860 32.3675
268.0924 32.3635
268.0989 32.3595
268.1053 32.3555
268.1118 32.3514
268.1182 32.3474
268.1246 32.3434
268.1311 32.3394
268.1375 32.3354
268.1440 32.3314
268.1504 32.3274
268.1569 32.3234
268.1633 32.3194
268.1698 32.3154
268.1762 32.3113
268.1827 32.3073
268.1891 32.3033
268.1956 32.2993
268.2020 32.2953
268.2085 32.2913
268.2149 32.2873
268.2214 32.2832
268.2278 32.2792
268.2343 32.2752
268.2407 32.2712
268.2472 32.2672
268.2536 32.2632
268.2601 32.2592
268.2665 32.2551
268.2730 32.2511
268.2794 32.2471
268.2859 32.2431
268.2923 32.2391
268.2988 32.2351
268.3052 32.2310
268.3117 32.2270
268.3182 32.2230
268.3246 32.2190
268.3311 32.2150
268.3375 32.2109
268.3440 32.2069
268.3504 32.2029
268.3569 32.1989
268.3633 32.1949
268.3698 32.1908
268.3762 32.1868
268.3827 32.1828
268.3892 32.1788
268.3956 32.1747
268.4021 32.1707
268.4085 32.1667
268.4150 32.1627
268.4214 32.1586
268.4279 32.1546
268.4344 32.1506
268.4408 32.1466
268.4473 32.1425
268.4537 32.1385
268.4602 32.1345
268.4666 32.1305
268.4731 32.1264
268.4796 32.1224
268.4860 32.1184
268.4925 32.1144
268.4989 32.1103
268.5054 32.1063
268.5119 32.1023
268.5183 32.0982
268.5248 32.0942
268.5312 32.0902
268.5377 32.0862
268.5442 32.0821
268.5506 32.0781
268.5571 32.0741
268.5635 32.0700
268.5700 32.0660
268.5765 32.0620
268.5829 32.0579
268.5894 32.0539
268.5959 32.0499
268.6023 32.0458
268.6088 32.0418
268.6152 32.0378
268.6217 32.0337
268.6282 32.0297
268.6346 32.0257
268.6411 32.0216
268.6476 32.0176
268.6540 32.0136
268.6605 32.0095
268.6670 32.0055
268.6734 32.0015
268.6799 31.9974
268.6864 31.9934
268.6928 31.9893
268.6993 31.9853
268.7058 31.9813
268.7122 31.9772
268.7187 31.9732
268.7252 31.9691
268.7316 31.9651
268.7381 31.9611
268.7446 31.9570
268.7510 31.9530
268.7575 31.9489
268.7640 31.9449
268.7704 31.9409
268.7769 31.9368
268.7834 31.9328
268.7898 31.9287
268.7963 31.9247
268.8028 31.9207
268.8093 31.9166
268.8157 31.9126
268.8222 31.9085
268.8287 31.9045
268.8351 31.9004
268.8416 31.8964
268.8481 31.8923
268.8546 31.8883
268.8610 31.8843
268.8675 31.8802
268.8740 31.8762
268.8804 31.8721
268.8869 31.8681
268.8934 31.8640
268.8999 31.8600
268.9063 31.8559
268.9128 31.8519
268.9193 31.8478
268.9258 31.8438
268.9322 31.8397
268.9387 31.8357
268.9452 31.8316
268.9517 31.8276
268.9581 31.8235
268.9646 31.8195
268.9711 31.8154
268.9776 31.8114
268.9840 31.8073
268.9905 31.8033
268.9970 31.7992
269.0035 31.7952
269.0099 31.7911
269.0164 31.7871
269.0229 31.7830
269.0294 31.7789
269.0359 31.7749
269.0423 31.7708
269.0488 31.7668
269.0553 31.7627
269.0618 31.7587
269.0682 31.7546
269.0747 31.7506
269.0812 31.7465
269.0877 31.7424
269.0942 31.7384
269.1006 31.7343
269.1071 31.7303
269.1136 31.7262
269.1201 31.7222
269.1266 31.7181
269.1330 31.7140
269.1395 31.7100
269.1460 31.7059
269.1525 31.7019
269.1590 31.6978
269.1655 31.6937
269.1719 31.6897
269.1784 31.6856
269.1849 31.6816
269.1914 31.6775
269.1979 31.6734
269.2044 31.6694
269.2108 31.6653
269.2173 31.6612
269.2238 31.6572
269.2303 31.6531
269.2368 31.6491
269.2433 31.6450
269.2497 31.6409
269.2562 31.6369
269.2627 31.6328
269.2692 31.6287
269.2757 31.6247
269.2822 31.6206
269.2887 31.6165
269.2951 31.6125
269.3016 31.6084
269.3081 31.6043
269.3146 31.6003
269.3211 31.5962
269.3276 31.5921
269.3341 31.5881
269.3406 31.5840
269.3471 31.5799
269.3535 31.5759
269.3600 31.5718
269.3665 31.5677
269.3730 31.5636
269.3795 31.5596
269.3860 31.5555
269.3925 31.5514
269.3990 31.5474
269.4055 31.5433
269.4120 31.5392
269.4184 31.5351
269.4249 31.5311
269.4314 31.5270
269.4379 31.5229
269.4444 31.5188
269.4509 31.5148
269.4574 31.5107
269.4639 31.5066
269.4704 31.5025
269.4769 31.4985
269.4834 31.4944
269.4899 31.4903
269.4964 31.4862
269.5029 31.4822
269.5093 31.4781
269.5158 31.4740
269.5223 31.4699
269.5288 31.4659
269.5353 31.4618
269.5418 31.4577
269.5483 31.4536
269.5548 31.4495
269.5613 31.4455
269.5678 31.4414
269.5743 31.4373
269.5808 31.4332
269.5873 31.4291
269.5938 31.4251
269.6003 31.4210
269.6068 31.4169
269.6133 31.4128
269.6198 31.4087
269.6263 31.4046
269.6328 31.4006
269.6393 31.3965
269.6458 31.3924
269.6523 31.3883
269.6588 31.3842
269.6653 31.3801
269.6718 31.3761
269.6783 31.3720
269.6848 31.3679
269.6913 31.3638
269.6978 31.3597
269.7043 31.3556
269.7108 31.3515
269.7173 31.3475
269.7238 31.3434
269.7303 31.3393
269.7368 31.3352
269.7433 31.3311
269.7498 31.3270
269.7563 31.3229
269.7628 31.3188
269.7693 31.3148
269.7758 31.3107
269.7823 31.3066
269.7888 31.3025
269.7953 31.2984
269.8019 31.2943
269.8084 31.2902
269.8149 31.2861
269.8214 31.2820
269.8279 31.2779
269.8344 31.2738
269.8409 31.2698
269.8474 31.2657
269.8539 31.2616
269.8604 31.2575
269.8669 31.2534
269.8734 31.2493
269.8799 31.2452
269.8864 31.2411
269.8929 31.2370
269.8995 31.2329
269.9060 31.2288
269.9125 31.2247
269.9190 31.2206
269.9255 31.2165
269.9320 31.2124
269.9385 31.2083
269.9450 31.2042
269.9515 31.2001
269.9580 31.1960
269.9646 31.1919
269.9711 31.1878
269.9776 31.1837
269.9841 31.1796
269.9906 31.1755
269.9971 31.1714
270.0036 31.1673
270.0101 31.1632
270.0167 31.1591
270.0232 31.1550
270.0297 31.1509
270.0362 31.1468
270.0427 31.1427
270.0492 31.1386
270.0557 31.1345
270.0623 31.1304
270.0688 31.1263
270.0753 31.1222
270.0818 31.1181
270.0883 31.1140
270.0948 31.1099
270.1013 31.1058
270.1079 31.1017
270.1144 31.0976
270.1209 31.0935
270.1274 31.0894
270.1339 31.0853
270.1405 31.0812
270.1470 31.0771
270.1535 31.0730
270.1600 31.0688
270.1665 31.0647
270.1730 31.0606
270.1796 31.0565
270.1861 31.0524
270.1926 31.0483
270.1991 31.0442
270.2056 31.0401
270.2122 31.0360
270.2187 31.0319
270.2252 31.0278
270.2317 31.0236
270.2382 31.0195
270.2448 31.0154
270.2513 31.0113
270.2578 31.0072
270.2643 31.0031
270.2709 30.9990
270.2774 30.9949
270.2839 30.9908
270.2904 30.9866
270.2969 30.9825
270.3035 30.9784
270.3100 30.9743
270.3165 30.9702
270.3230 30.9661
270.3296 30.9620
270.3361 30.9578
270.3426 30.9537
270.3491 30.9496
270.3557 30.9455
270.3622 30.9414
270.3687 30.9373
270.3752 30.9331
270.3818 30.9290
270.3883 30.9249
270.3948 30.9208
270.4013 30.9167
270.4079 30.9126
270.4144 30.9084
270.4209 30.9043
270.4275 30.9002
270.4340 30.8961
270.4405 30.8920
270.4470 30.8878
270.4536 30.8837
270.4601 30.8796
270.4666 30.8755
270.4732 30.8714
270.4797 30.8672
270.4862 30.8631
270.4928 30.8590
270.4993 30.8549
270.5058 30.8507
270.5123 30.8466
270.5189 30.8425
270.5254 30.8384
270.5319 30.8343
270.5385 30.8301
270.5450 30.8260
270.5515 30.8219
270.5581 30.8178
270.5646 30.8136
270.5711 30.8095
270.5777 30.8054
270.5842 30.8013
270.5907 30.7971
270.5973 30.7930
270.6038 30.7889
270.6103 30.7847
270.6169 30.7806
270.6234 30.7765
270.6299 30.7724
270.6365 30.7682
270.6430 30.7641
270.6495 30.7600
270.6561 30.7558
270.6626 30.7517
270.6692 30.7476
270.6757 30.7435
270.6822 30.7393
270.6888 30.7352
270.6953 30.7311
270.7018 30.7269
270.7084 30.7228
270.7149 30.7187
270.7215 30.7145
270.7280 30.7104
270.7345 30.7063
270.7411 30.7021
270.7476 30.6980
270.7542 30.6939
270.7607 30.6897
270.7672 30.6856
270.7738 30.6815
270.7803 30.6773
270.7869 30.6732
270.7934 30.6691
270.7999 30.6649
270.8065 30.6608
270.8130 30.6567
270.8196 30.6525
270.8261 30.6484
270.8327 30.6442
270.8392 30.6401
270.8457 30.6360
270.8523 30.6318
270.8588 30.6277
270.8654 30.6236
270.8719 30.6194
270.8785 30.6153
270.8850 30.6111
270.8916 30.6070
270.8981 30.6029
270.9046 30.5987
270.9112 30.5946
270.9177 30.5904
270.9243 30.5863
270.9308 30.5822
270.9374 30.5780
270.9439 30.5739
270.9505 30.5697
270.9570 30.5656
270.9636 30.5614
270.9701 30.5573
270.9767 30.5532
270.9832 30.5490
270.9898 30.5449
270.9963 30.5407
271.0029 30.5366
271.0094 30.5324
271.0160 30.5283
271.0225 30.5241
271.0291 30.5200
271.0356 30.5159
271.0422 30.5117
271.0487 30.5076
271.0553 30.5034
271.0618 30.4993
271.0684 30.4951
271.0749 30.4910
271.0815 30.4868
271.0880 30.4827
271.0946 30.4785
271.1011 30.4744
271.1077 30.4702
271.1142 30.4661
271.1208 30.4619
271.1274 30.4578
271.1339 30.4536
271.1405 30.4495
271.1470 30.4453
271.1536 30.4412
271.1601 30.4370
271.1667 30.4329
271.1732 30.4287
271.1798 30.4246
271.1864 30.4204
271.1929 30.4163
271.1995 30.4121
271.2060 30.4080
271.2126 30.4038
271.2191 30.3997
271.2257 30.3955
271.2323 30.3913
271.2388 30.3872
271.2454 30.3830
271.2519 30.3789
271.2585 30.3747
271.2651 30.3706
271.2716 30.3664
271.2782 30.3623
271.2847 30.3581
271.2913 30.3539
271.2979 30.3498
271.3044 30.3456
271.3110 30.3415
271.3175 30.3373
271.3241 30.3332
271.3307 30.3290
271.3372 30.3248
271.3438 30.3207
271.3504 30.3165
271.3569 30.3124
271.3635 30.3082
271.3700 30.3040
271.3766 30.2999
271.3832 30.2957
271.3897 30.2916
271.3963 30.2874
271.4029 30.2832
271.4094 30.2791
271.4160 30.2749
271.4226 30.2708
271.4291 30.2666
271.4357 30.2624
271.4423 30.2583
271.4488 30.2541
271.4554 30.2499
271.4620 30.2458
271.4685 30.2416
271.4751 30.2374
271.4817 30.2333
271.4882 30.2291
271.4948 30.2249
271.5014 30.2208
271.5079 30.2166
271.5145 30.2124
271.5211 30.2083
271.5277 30.2041
271.5342 30.1999
271.5408 30.1958
271.5474 30.1916
271.5539 30.1874
271.5605 30.1833
271.5671 30.1791
271.5736 30.1749
271.5802 30.1708
271.5868 30.1666
271.5934 30.1624
271.5999 30.1583
271.6065 30.1541
271.6131 30.1499
271.6197 30.1458
271.6262 30.1416
271.6328 30.1374
271.6394 30.1332
271.6460 30.1291
271.6525 30.1249
271.6591 30.1207
271.6657 30.1165
271.6723 30.1124
271.6788 30.1082
271.6854 30.1040
271.6920 30.0999
271.6986 30.0957
271.7051 30.0915
271.7117 30.0873
271.7183 30.0832
271.7249 30.0790
271.7314 30.0748
271.7380 30.0706
271.7446 30.0665
271.7512 30.0623
271.7578 30.0581
271.7643 30.0539
271.7709 30.0498
271.7775 30.0456
271.7841 30.0414
271.7907 30.0372
271.7972 30.0330
271.8038 30.0289
271.8104 30.0247
271.8170 30.0205
271.8236 30.0163
271.8301 30.0121
271.8367 30.0080
271.8433 30.0038
271.8499 29.9996
271.8565 29.9954
271.8630 29.9912
271.8696 29.9871
271.8762 29.9829
271.8828 29.9787
271.8894 29.9745
271.8960 29.9703
271.9026 29.9662
271.9091 29.9620
271.9157 29.9578
271.9223 29.9536
271.9289 29.9494
271.9355 29.9452
271.9421 29.9411
271.9486 29.9369
271.9552 29.9327
271.9618 29.9285
271.9684 29.9243
271.9750 29.9201
271.9816 29.9160
271.9882 29.9118
271.9948 29.9076
272.0013 29.9034
272.0079 29.8992
272.0145 29.8950
272.0211 29.8908
272.0277 29.8866
272.0343 29.8825
272.0409 29.8783
272.0475 29.8741
272.0541 29.8699
272.0607 29.8657
272.0672 29.8615
272.0738 29.8573
272.0804 29.8531
272.0870 29.8490
272.0936 29.8448
272.1002 29.8406
272.1068 29.8364
272.1134 29.8322
272.1200 29.8280
272.1266 29.8238
272.1332 29.8196
272.1398 29.8154
272.1463 29.8112
272.1529 29.8070
272.1595 29.8029
272.1661 29.7987
272.1727 29.7945
272.1793 29.7903
272.1859 29.7861
272.1925 29.7819
272.1991 29.7777
272.2057 29.7735
272.2123 29.7693
272.2189 29.7651
272.2255 29.7609
272.2321 29.7567
272.2387 29.7525
272.2453 29.7483
272.2519 29.7441
272.2585 29.7399
272.2651 29.7357
272.2717 29.7315
272.2783 29.7273
272.2849 29.7231
272.2915 29.7190
272.2981 29.7148
272.3047 29.7106
272.3113 29.7064
272.3179 29.7022
272.3245 29.6980
272.3311 29.6938
272.3377 29.6896
272.3443 29.6854
272.3509 29.6812
272.3575 29.6770
272.3641 29.6728
272.3707 29.6686
272.3773 29.6644
272.3839 29.6602
272.3905 29.6560
272.3971 29.6518
272.4037 29.6475
272.4103 29.6433
272.4169 29.6391
272.4235 29.6349
272.4301 29.6307
272.4367 29.6265
272.4433 29.6223
272.4499 29.6181
272.4566 29.6139
272.4632 29.6097
272.4698 29.6055
272.4764 29.6013
272.4830 29.5971
272.4896 29.5929
272.4962 29.5887
272.5028 29.5845
272.5094 29.5803
272.5160 29.5761
272.5226 29.5719
272.5292 29.5677
272.5359 29.5635
272.5425 29.5592
272.5491 29.5550
272.5557 29.5508
272.5623 29.5466
272.5689 29.5424
272.5755 29.5382
272.5821 29.5340
272.5887 29.5298
272.5954 29.5256
272.6020 29.5214
272.6086 29.5172
272.6152 29.5129
272.6218 29.5087
272.6284 29.5045
272.6350 29.5003
272.6416 29.4961
272.6483 29.4919
272.6549 29.4877
272.6615 29.4835
272.6681 29.4793
272.6747 29.4750
272.6813 29.4708
272.6879 29.4666
272.6946 29.4624
272.7012 29.4582
272.7078 29.4540
272.7144 29.4498
272.7210 29.4455
272.7276 29.4413
272.7343 29.4371
272.7409 29.4329
272.7475 29.4287
272.7541 29.4245
272.7607 29.4202
272.7674 29.4160
272.7740 29.4118
272.7806 29.4076
272.7872 29.4034
272.7938 29.3992
272.8005 29.3949
272.8071 29.3907
272.8137 29.3865
272.8203 29.3823
272.8269 29.3781
272.8336 29.3739
272.8402 29.3696
272.8468 29.3654
272.8534 29.3612
272.8601 29.3570
272.8667 29.3528
272.8733 29.3485
272.8799 29.3443
272.8865 29.3401
272.8932 29.3359
272.8998 29.3317
272.9064 29.3274
272.9130 29.3232
272.9197 29.3190
272.9263 29.3148
272.9329 29.3105
272.9396 29.3063
272.9462 29.3021
272.9528 29.2979
272.9594 29.2936
272.9661 29.2894
272.9727 29.2852
272.9793 29.2810
272.9859 29.2768
272.9926 29.2725
272.9992 29.2683
273.0058 29.2641
273.0125 29.2599
273.0191 29.2556
273.0257 29.2514
273.0323 29.2472
273.0390 29.2429
273.0456 29.2387
273.0522 29.2345
273.0589 29.2303
273.0655 29.2260
273.0721 29.2218
273.0788 29.2176
273.0854 29.2134
273.0920 29.2091
273.0987 29.2049
273.1053 29.2007
273.1119 29.1964
273.1186 29.1922
273.1252 29.1880
273.1318 29.1837
273.1385 29.1795
273.1451 29.1753
273.1517 29.1711
273.1584 29.1668
273.1650 29.1626
273.1716 29.1584
273.1783 29.1541
273.1849 29.1499
273.1915 29.1457
273.1982 29.1414
273.2048 29.1372
273.2115 29.1330
273.2181 29.1287
273.2247 29.1245
273.2314 29.1203
273.2380 29.1160
273.2446 29.1118
273.2513 29.1076
273.2579 29.1033
273.2646 29.0991
273.2712 29.0949
273.2778 29.0906
273.2845 29.0864
273.2911 29.0822
273.2978 29.0779
273.3044 29.0737
273.3110 29.0694
273.3177 29.0652
273.3243 29.0610
273.3310 29.0567
273.3376 29.0525
273.3443 29.0483
273.3509 29.0440
273.3575 29.0398
273.3642 29.0355
273.3708 29.0313
273.3775 29.0271
273.3841 29.0228
273.3908 29.0186
273.3974 29.0143
273.4041 29.0101
273.4107 29.0059
273.4173 29.0016
273.4240 28.9974
273.4306 28.9931
273.4373 28.9889
273.4439 28.9847
273.4506 28.9804
273.4572 28.9762
273.4639 28.9719
273.4705 28.9677
273.4772 28.9635
273.4838 28.9592
273.4905 28.9550
273.4971 28.9507
273.5038 28.9465
273.5104 28.9422
273.5171 28.9380
273.5237 28.9337
273.5304 28.9295
273.5370 28.9253
273.5437 28.9210
273.5503 28.9168
273.5570 28.9125
273.5636 28.9083
273.5703 28.9040
273.5769 28.8998
273.5836 28.8955
273.5902 28.8913
273.5969 28.8870
273.6035 28.8828
273.6102 28.8786
273.6168 28.8743
273.6235 28.8701
273.6302 28.8658
273.6368 28.8616
273.6435 28.8573
273.6501 28.8531
273.6568 28.8488
273.6634 28.8446
273.6701 28.8403
273.6767 28.8361
273.6834 28.8318
273.6901 28.8276
273.6967 28.8233
273.7034 28.8191
273.7100 28.8148
273.7167 28.8106
273.7233 28.8063
273.7300 28.8021
273.7367 28.7978
273.7433 28.7936
273.7500 28.7893
273.7566 28.7850
273.7633 28.7808
273.7700 28.7765
273.7766 28.7723
273.7833 28.7680
273.7899 28.7638
273.7966 28.7595
273.8033 28.7553
273.8099 28.7510
273.8166 28.7468
273.8233 28.7425
273.8299 28.7383
273.8366 28.7340
273.8432 28.7297
273.8499 28.7255
273.8566 28.7212
273.8632 28.7170
273.8699 28.7127
273.8766 28.7085
273.8832 28.7042
273.8899 28.6999
273.8966 28.6957
273.9032 28.6914
273.9099 28.6872
273.9166 28.6829
273.9232 28.6787
273.9299 28.6744
273.9366 28.6701
273.9432 28.6659
273.9499 28.6616
273.9566 28.6574
273.9632 28.6531
273.9699 28.6488
273.9766 28.6446
273.9833 28.6403
273.9899 28.6361
273.9966 28.6318
274.0033 28.6275
274.0099 28.6233
274.0166 28.6190
274.0233 28.6148
274.0299 28.6105
274.0366 28.6062
274.0433 28.6020
274.0500 28.5977
274.0566 28.5934
274.0633 28.5892
274.0700 28.5849
274.0767 28.5806
274.0833 28.5764
274.0900 28.5721
274.0967 28.5679
274.1034 28.5636
274.1100 28.5593
274.1167 28.5551
274.1234 28.5508
274.1301 28.5465
274.1367 28.5423
274.1434 28.5380
274.1501 28.5337
274.1568 28.5295
274.1634 28.5252
274.1701 28.5209
274.1768 28.5167
274.1835 28.5124
274.1902 28.5081
274.1968 28.5039
274.2035 28.4996
274.2102 28.4953
274.2169 28.4911
274.2236 28.4868
274.2302 28.4825
274.2369 28.4782
274.2436 28.4740
274.2503 28.4697
274.2570 28.4654
274.2636 28.4612
274.2703 28.4569
274.2770 28.4526
274.2837 28.4484
274.2904 28.4441
274.2971 28.4398
274.3037 28.4355
274.3104 28.4313
274.3171 28.4270
274.3238 28.4227
274.3305 28.4184
274.3372 28.4142
274.3438 28.4099
274.3505 28.4056
274.3572 28.4014
274.3639 28.3971
274.3706 28.3928
274.3773 28.3885
274.3840 28.3843
274.3906 28.3800
274.3973 28.3757
274.4040 28.3714
274.4107 28.3672
274.4174 28.3629
274.4241 28.3586
274.4308 28.3543
274.4375 28.3501
274.4442 28.3458
274.4508 28.3415
274.4575 28.3372
274.4642 28.3329
274.4709 28.3287
274.4776 28.3244
274.4843 28.3201
274.4910 28.3158
274.4977 28.3116
274.5044 28.3073
274.5111 28.3030
274.5178 28.2987
274.5245 28.2944
274.5312 28.2902
274.5378 28.2859
274.5445 28.2816
274.5512 28.2773
274.5579 28.2730
274.5646 28.2688
274.5713 28.2645
274.5780 28.2602
274.5847 28.2559
274.5914 28.2516
274.5981 28.2474
274.6048 28.2431
274.6115 28.2388
274.6182 28.2345
274.6249 28.2302
274.6316 28.2259
274.6383 28.2217
274.6450 28.2174
274.6517 28.2131
274.6584 28.2088
274.6651 28.2045
274.6718 28.2002
274.6785 28.1960
274.6852 28.1917
274.6919 28.1874
274.6986 28.1831
274.7053 28.1788
274.7120 28.1745
274.7187 28.1703
274.7254 28.1660
274.7321 28.1617
274.7388 28.1574
274.7455 28.1531
274.7522 28.1488
274.7589 28.1445
274.7656 28.1402
274.7723 28.1360
274.7790 28.1317
274.7857 28.1274
274.7924 28.1231
274.7991 28.1188
274.8058 28.1145
274.8125 28.1102
274.8192 28.1059
274.8260 28.1017
274.8327 28.0974
274.8394 28.0931
274.8461 28.0888
274.8528 28.0845
274.8595 28.0802
274.8662 28.0759
274.8729 28.0716
274.8796 28.0673
274.8863 28.0630
274.8930 28.0588
274.8997 28.0545
274.9065 28.0502
274.9132 28.0459
274.9199 28.0416
274.9266 28.0373
274.9333 28.0330
274.9400 28.0287
274.9467 28.0244
274.9534 28.0201
274.9601 28.0158
274.9669 28.0115
274.9736 28.0072
274.9803 28.0030
274.9870 27.9987
274.9937 27.9944
275.0004 27.9901
275.0071 27.9858
275.0138 27.9815
275.0206 27.9772
275.0273 27.9729
275.0340 27.9686
275.0407 27.9643
275.0474 27.9600
275.0541 27.9557
275.0609 27.9514
275.0676 27.9471
275.0743 27.9428
275.0810 27.9385
275.0877 27.9342
275.0944 27.9299
275.1012 27.9256
275.1079 27.9213
275.1146 27.9170
275.1213 27.9127
275.1280 27.9084
275.1348 27.9041
275.1415 27.8998
275.1482 27.8955
275.1549 27.8912
275.1616 27.8869
275.1684 27.8826
275.1751 27.8783
275.1818 27.8740
275.1885 27.8697
275.1953 27.8654
275.2020 27.8611
275.2087 27.8568
275.2154 27.8525
275.2221 27.8482
275.2289 27.8439
275.2356 27.8396
275.2423 27.8353
275.2490 27.8310
275.2558 27.8267
275.2625 27.8224
275.2692 27.8181
275.2759 27.8138
275.2827 27.8095
275.2894 27.8052
275.2961 27.8009
275.3029 27.7966
275.3096 27.7923
275.3163 27.7880
275.3230 27.7837
275.3298 27.7794
275.3365 27.7751
275.3432 27.7708
275.3500 27.7665
275.3567 27.7622
275.3634 27.7579
275.3701 27.7535
275.3769 27.7492
275.3836 27.7449
275.3903 27.7406
275.3971 27.7363
275.4038 27.7320
275.4105 27.7277
275.4173 27.7234
275.4240 27.7191
275.4307 27.7148
275.4375 27.7105
275.4442 27.7062
275.4509 27.7019
275.4577 27.6975
275.4644 27.6932
275.4711 27.6889
275.4779 27.6846
275.4846 27.6803
275.4913 27.6760
275.4981 27.6717
275.5048 27.6674
275.5116 27.6631
275.5183 27.6588
275.5250 27.6544
275.5318 27.6501
275.5385 27.6458
275.5452 27.6415
275.5520 27.6372
275.5587 27.6329
275.5655 27.6286
275.5722 27.6243
275.5789 27.6200
275.5857 27.6156
275.5924 27.6113
275.5992 27.6070
275.6059 27.6027
275.6126 27.5984
275.6194 27.5941
275.6261 27.5898
275.6329 27.5854
275.6396 27.5811
275.6464 27.5768
275.6531 27.5725
275.6598 27.5682
275.6666 27.5639
275.6733 27.5596
275.6801 27.5552
275.6868 27.5509
275.6936 27.5466
275.7003 27.5423
275.7071 27.5380
275.7138 27.5337
275.7206 27.5293
275.7273 27.5250
275.7340 27.5207
275.7408 27.5164
275.7475 27.5121
275.7543 27.5078
275.7610 27.5034
275.7678 27.4991
275.7745 27.4948
275.7813 27.4905
275.7880 27.4862
275.7948 27.4818
275.8015 27.4775
275.8083 27.4732
275.8150 27.4689
275.8218 27.4646
275.8285 27.4602
275.8353 27.4559
275.8420 27.4516
275.8488 27.4473
275.8556 27.4430
275.8623 27.4386
275.8691 27.4343
275.8758 27.4300
275.8826 27.4257
275.8893 27.4214
275.8961 27.4170
275.9028 27.4127
275.9096 27.4084
275.9163 27.4041
275.9231 27.3997
275.9299 27.3954
275.9366 27.3911
275.9434 27.3868
275.9501 27.3824
275.9569 27.3781
275.9636 27.3738
275.9704 27.3695
275.9772 27.3652
275.9839 27.3608
275.9907 27.3565
275.9974 27.3522
276.0042 27.3479
276.0110 27.3435
276.0177 27.3392
276.0245 27.3349
276.0312 27.3305
276.0380 27.3262
276.0448 27.3219
276.0515 27.3176
276.0583 27.3132
276.0650 27.3089
276.0718 27.3046
276.0786 27.3003
276.0853 27.2959
276.0921 27.2916
276.0989 27.2873
276.1056 27.2829
276.1124 27.2786
276.1192 27.2743
276.1259 27.2700
276.1327 27.2656
276.1394 27.2613
276.1462 27.2570
276.1530 27.2526
276.1597 27.2483
276.1665 27.2440
276.1733 27.2397
276.1801 27.2353
276.1868 27.2310
276.1936 27.2267
276.2004 27.2223
276.2071 27.2180
276.2139 27.2137
276.2207 27.2093
276.2274 27.2050
276.2342 27.2007
276.2410 27.1963
276.2477 27.1920
276.2545 27.1877
276.2613 27.1833
276.2681 27.1790
276.2748 27.1747
276.2816 27.1704
276.2884 27.1660
276.2951 27.1617
276.3019 27.1573
276.3087 27.1530
276.3155 27.1487
276.3222 27.1443
276.3290 27.1400
276.3358 27.1357
276.3426 27.1313
276.3493 27.1270
276.3561 27.1227
276.3629 27.1183
276.3697 27.1140
276.3765 27.1097
276.3832 27.1053
276.3900 27.1010
276.3968 27.0967
276.4036 27.0923
276.4103 27.0880
276.4171 27.0836
276.4239 27.0793
276.4307 27.0750
276.4375 27.0706
276.4442 27.0663
276.4510 27.0620
276.4578 27.0576
276.4646 27.0533
276.4714 27.0489
276.4781 27.0446
276.4849 27.0403
276.4917 27.0359
276.4985 27.0316
276.5053 27.0273
276.5121 27.0229
276.5188 27.0186
276.5256 27.0142
276.5324 27.0099
276.5392 27.0056
276.5460 27.0012
276.5528 26.9969
276.5595 26.9925
276.5663 26.9882
276.5731 26.9838
276.5799 26.9795
276.5867 26.9752
276.5935 26.9708
276.6003 26.9665
276.6070 26.9621
276.6138 26.9578
276.6206 26.9535
276.6274 26.9491
276.6342 26.9448
276.6410 26.9404
276.6478 26.9361
276.6546 26.9317
276.6614 26.9274
276.6681 26.9231
276.6749 26.9187
276.6817 26.9144
276.6885 26.9100
276.6953 26.9057
276.7021 26.9013
276.7089 26.8970
276.7157 26.8926
276.7225 26.8883
276.7293 26.8840
276.7361 26.8796
276.7429 26.8753
276.7497 26.8709
276.7564 26.8666
276.7632 26.8622
276.7700 26.8579
276.7768 26.8535
276.7836 26.8492
276.7904 26.8448
276.7972 26.8405
276.8040 26.8361
276.8108 26.8318
276.8176 26.8274
276.8244 26.8231
276.8312 26.8187
276.8380 26.8144
276.8448 26.8101
276.8516 26.8057
276.8584 26.8014
276.8652 26.7970
276.8720 26.7927
276.8788 26.7883
276.8856 26.7840
276.8924 26.7796
276.8992 26.7753
276.9060 26.7709
276.9128 26.7666
276.9196 26.7622
276.9264 26.7579
276.9332 26.7535
276.9400 26.7492
276.9468 26.7448
276.9536 26.7405
276.9604 26.7361
276.9672 26.7317
276.9740 26.7274
276.9809 26.7230
276.9877 26.7187
276.9945 26.7143
277.0013 26.7100
277.0081 26.7056
277.0149 26.7013
277.0217 26.6969
277.0285 26.6926
277.0353 26.6882
277.0421 26.6839
277.0489 26.6795
277.0557 26.6752
277.0625 26.6708
277.0694 26.6664
277.0762 26.6621
277.0830 26.6577
277.0898 26.6534
277.0966 26.6490
277.1034 26.6447
277.1102 26.6403
277.1170 26.6360
277.1238 26.6316
277.1307 26.6273
277.1375 26.6229
277.1443 26.6185
277.1511 26.6142
277.1579 26.6098
277.1647 26.6055
277.1715 26.6011
277.1784 26.5968
277.1852 26.5924
277.1920 26.5880
277.1988 26.5837
277.2056 26.5793
277.2124 26.5750
277.2192 26.5706
277.2261 26.5662
277.2329 26.5619
277.2397 26.5575
277.2465 26.5532
277.2533 26.5488
277.2602 26.5444
277.2670 26.5401
277.2738 26.5357
277.2806 26.5314
277.2874 26.5270
277.2943 26.5226
277.3011 26.5183
277.3079 26.5139
277.3147 26.5096
277.3215 26.5052
277.3284 26.5008
277.3352 26.4965
277.3420 26.4921
277.3488 26.4878
277.3557 26.4834
277.3625 26.4790
277.3693 26.4747
277.3761 26.4703
277.3830 26.4659
277.3898 26.4616
277.3966 26.4572
277.4034 26.4529
277.4103 26.4485
277.4171 26.4441
277.4239 26.4398
277.4307 26.4354
277.4376 26.4310
277.4444 26.4267
277.4512 26.4223
277.4580 26.4179
277.4649 26.4136
277.4717 26.4092
277.4785 26.4049
277.4854 26.4005
277.4922 26.3961
277.4990 26.3918
277.5059 26.3874
277.5127 26.3830
277.5195 26.3787
277.5263 26.3743
277.5332 26.3699
277.5400 26.3656
277.5468 26.3612
277.5537 26.3568
277.5605 26.3525
277.5673 26.3481
277.5742 26.3437
277.5810 26.3394
277.5879 26.3350
277.5947 26.3306
277.6015 26.3263
277.6084 26.3219
277.6152 26.3175
277.6220 26.3132
277.6289 26.3088
277.6357 26.3044
277.6425 26.3000
277.6494 26.2957
277.6562 26.2913
277.6631 26.2869
277.6699 26.2826
277.6767 26.2782
277.6836 26.2738
277.6904 26.2695
277.6973 26.2651
277.7041 26.2607
277.7109 26.2563
277.7178 26.2520
277.7246 26.2476
277.7315 26.2432
277.7383 26.2389
277.7451 26.2345
277.7520 26.2301
277.7588 26.2257
277.7657 26.2214
277.7725 26.2170
277.7794 26.2126
277.7862 26.2083
277.7931 26.2039
277.7999 26.1995
277.8067 26.1951
277.8136 26.1908
277.8204 26.1864
277.8273 26.1820
277.8341 26.1776
277.8410 26.1733
277.8478 26.1689
277.8547 26.1645
277.8615 26.1601
277.8684 26.1558
277.8752 26.1514
277.8821 26.1470
277.8889 26.1427
277.8958 26.1383
277.9026 26.1339
277.9095 26.1295
277.9163 26.1252
277.9232 26.1208
277.9300 26.1164
277.9369 26.1120
277.9437 26.1076
277.9506 26.1033
277.9574 26.0989
277.9643 26.0945
277.9711 26.0901
277.9780 26.0858
277.9848 26.0814
277.9917 26.0770
277.9985 26.0726
278.0054 26.0683
278.0123 26.0639
278.0191 26.0595
278.0260 26.0551
278.0328 26.0507
278.0397 26.0464
278.0465 26.0420
278.0534 26.0376
278.0603 26.0332
278.0671 26.0288
278.0740 26.0245
278.0808 26.0201
278.0877 26.0157
278.0946 26.0113
278.1014 26.0070
278.1083 26.0026
278.1151 25.9982
278.1220 25.9938
278.1289 25.9894
278.1357 25.9851
278.1426 25.9807
278.1494 25.9763
278.1563 25.9719
278.1632 25.9675
278.1700 25.9631
278.1769 25.9588
278.1838 25.9544
278.1906 25.9500
278.1975 25.9456
278.2044 25.9412
278.2112 25.9369
278.2181 25.9325
278.2249 25.9281
278.2318 25.9237
278.2387 25.9193
278.2455 25.9149
278.2524 25.9106
278.2593 25.9062
278.2661 25.9018
278.2730 25.8974
278.2799 25.8930
278.2868 25.8886
278.2936 25.8843
278.3005 25.8799
278.3074 25.8755
278.3142 25.8711
278.3211 25.8667
278.3280 25.8623
278.3348 25.8579
278.3417 25.8536
278.3486 25.8492
278.3555 25.8448
278.3623 25.8404
278.3692 25.8360
278.3761 25.8316
278.3830 25.8272
278.3898 25.8229
278.3967 25.8185
278.4036 25.8141
278.4105 25.8097
278.4173 25.8053
278.4242 25.8009
278.4311 25.7965
278.4380 25.7922
278.4448 25.7878
278.4517 25.7834
278.4586 25.7790
278.4655 25.7746
278.4724 25.7702
278.4792 25.7658
278.4861 25.7614
278.4930 25.7570
278.4999 25.7527
278.5068 25.7483
278.5136 25.7439
278.5205 25.7395
278.5274 25.7351
278.5343 25.7307
278.5412 25.7263
278.5480 25.7219
278.5549 25.7175
278.5618 25.7132
278.5687 25.7088
278.5756 25.7044
278.5825 25.7000
278.5893 25.6956
278.5962 25.6912
278.6031 25.6868
278.6100 25.6824
278.6169 25.6780
278.6238 25.6736
278.6307 25.6692
278.6375 25.6649
278.6444 25.6605
278.6513 25.6561
278.6582 25.6517
278.6651 25.6473
278.6720 25.6429
278.6789 25.6385
278.6858 25.6341
278.6927 25.6297
278.6995 25.6253
278.7064 25.6209
278.7133 25.6165
278.7202 25.6121
278.7271 25.6077
278.7340 25.6034
278.7409 25.5990
278.7478 25.5946
278.7547 25.5902
278.7616 25.5858
278.7685 25.5814
278.7754 25.5770
278.7823 25.5726
278.7891 25.5682
278.7960 25.5638
278.8029 25.5594
278.8098 25.5550
278.8167 25.5506
278.8236 25.5462
278.8305 25.5418
278.8374 25.5374
278.8443 25.5330
278.8512 25.5286
278.8581 25.5242
278.8650 25.5198
278.8719 25.5154
278.8788 25.5110
278.8857 25.5066
278.8926 25.5023
278.8995 25.4979
278.9064 25.4935
278.9133 25.4891
278.9202 25.4847
278.9271 25.4803
278.9340 25.4759
278.9409 25.4715
278.9478 25.4671
278.9547 25.4627
278.9616 25.4583
278.9685 25.4539
278.9754 25.4495
278.9823 25.4451
278.9892 25.4407
278.9962 25.4363
279.0031 25.4319
279.0100 25.4275
279.0169 25.4231
279.0238 25.4187
279.0307 25.4143
279.0376 25.4099
279.0445 25.4055
279.0514 25.4011
279.0583 25.3967
279.0652 25.3923
279.0721 25.3879
279.0790 25.3835
279.0860 25.3791
279.0929 25.3747
279.0998 25.3703
279.1067 25.3659
279.1136 25.3615
279.1205 25.3571
279.1274 25.3527
279.1343 25.3483
279.1412 25.3439
279.1482 25.3395
279.1551 25.3350
279.1620 25.3306
279.1689 25.3262
279.1758 25.3218
279.1827 25.3174
279.1896 25.3130
279.1966 25.3086
279.2035 25.3042
279.2104 25.2998
279.2173 25.2954
279.2242 25.2910
279.2311 25.2866
279.2381 25.2822
279.2450 25.2778
279.2519 25.2734
279.2588 25.2690
279.2657 25.2646
279.2727 25.2602
279.2796 25.2558
279.2865 25.2514
279.2934 25.2470
279.3003 25.2426
279.3073 25.2382
279.3142 25.2338
279.3211 25.2293
279.3280 25.2249
279.3349 25.2205
279.3419 25.2161
279.3488 25.2117
279.3557 25.2073
279.3626 25.2029
279.3696 25.1985
279.3765 25.1941
279.3834 25.1897
279.3903 25.1853
279.3973 25.1809
279.4042 25.1765
279.4111 25.1721
279.4181 25.1676
279.4250 25.1632
279.4319 25.1588
279.4388 25.1544
279.4458 25.1500
279.4527 25.1456
279.4596 25.1412
279.4665 25.1368
279.4735 25.1324
279.4804 25.1280
279.4873 25.1236
279.4943 25.1192
279.5012 25.1147
279.5081 25.1103
279.5151 25.1059
279.5220 25.1015
279.5289 25.0971
279.5359 25.0927
279.5428 25.0883
279.5497 25.0839
279.5567 25.0795
279.5636 25.0751
279.5705 25.0706
279.5775 25.0662
279.5844 25.0618
279.5913 25.0574
279.5983 25.0530
279.6052 25.0486
279.6122 25.0442
279.6191 25.0398
279.6260 25.0354
279.6330 25.0309
279.6399 25.0265
279.6468 25.0221
279.6538 25.0177
279.6607 25.0133
279.6677 25.0089
279.6746 25.0045
279.6815 25.0001
279.6885 24.9956
279.6954 24.9912
279.7024 24.9868
279.7093 24.9824
279.7163 24.9780
279.7232 24.9736
279.7301 24.9692
279.7371 24.9648
279.7440 24.9603
279.7510 24.9559
279.7579 24.9515
279.7649 24.9471
279.7718 24.9427
279.7787 24.9383
279.7857 24.9339
279.7926 24.9294
279.7996 24.9250
279.8065 24.9206
279.8135 24.9162
279.8204 24.9118
279.8274 24.9074
279.8343 24.9029
279.8413 24.8985
279.8482 24.8941
279.8552 24.8897
279.8621 24.8853
279.8691 24.8809
279.8760 24.8765
279.8830 24.8720
279.8899 24.8676
279.8969 24.8632
279.9038 24.8588
279.9108 24.8544
279.9177 24.8500
279.9247 24.8455
279.9316 24.8411
279.9386 24.8367
279.9456 24.8323
279.9525 24.8279
279.9595 24.8235
279.9664 24.8190
279.9734 24.8146
279.9803 24.8102
279.9873 24.8058
279.9942 24.8014
280.0012 24.7969
280.0082 24.7925
280.0151 24.7881
280.0221 24.7837
280.0290 24.7793
280.0360 24.7748
280.0430 24.7704
280.0499 24.7660
280.0569 24.7616
280.0638 24.7572
280.0708 24.7527
280.0778 24.7483
280.0847 24.7439
280.0917 24.7395
280.0987 24.7351
280.1056 24.7306
280.1126 24.7262
280.1195 24.7218
280.1265 24.7174
280.1335 24.7130
280.1404 24.7085
280.1474 24.7041
280.1544 24.6997
280.1613 24.6953
280.1683 24.6909
280.1753 24.6864
280.1822 24.6820
280.1892 24.6776
280.1962 24.6732
280.2031 24.6688
280.2101 24.6643
280.2171 24.6599
280.2240 24.6555
280.2310 24.6511
280.2380 24.6466
280.2450 24.6422
280.2519 24.6378
280.2589 24.6334
280.2659 24.6289
280.2728 24.6245
280.2798 24.6201
280.2868 24.6157
280.2938 24.6113
280.3007 24.6068
280.3077 24.6024
280.3147 24.5980
280.3217 24.5936
280.3286 24.5891
280.3356 24.5847
280.3426 24.5803
280.3496 24.5759
280.3565 24.5714
280.3635 24.5670
280.3705 24.5626
280.3775 24.5582
280.3845 24.5537
280.3914 24.5493
280.3984 24.5449
280.4054 24.5405
280.4124 24.5360
280.4193 24.5316
280.4263 24.5272
280.4333 24.5228
280.4403 24.5183
280.4473 24.5139
280.4543 24.5095
280.4612 24.5051
280.4682 24.5006
280.4752 24.4962
280.4822 24.4918
280.4892 24.4873
280.4962 24.4829
280.5031 24.4785
280.5101 24.4741
280.5171 24.4696
280.5241 24.4652
280.5311 24.4608
280.5381 24.4564
280.5451 24.4519
280.5520 24.4475
280.5590 24.4431
280.5660 24.4386
280.5730 24.4342
280.5800 24.4298
280.5870 24.4254
280.5940 24.4209
280.6010 24.4165
280.6080 24.4121
280.6149 24.4076
280.6219 24.4032
280.6289 24.3988
280.6359 24.3944
280.6429 24.3899
280.6499 24.3855
280.6569 24.3811
280.6639 24.3766
280.6709 24.3722
280.6779 24.3678
280.6849 24.3633
280.6919 24.3589
280.6989 24.3545
280.7059 24.3501
280.7129 24.3456
280.7199 24.3412
280.7268 24.3368
280.7338 24.3323
280.7408 24.3279
280.7478 24.3235
280.7548 24.3190
280.7618 24.3146
280.7688 24.3102
280.7758 24.3057
280.7828 24.3013
280.7898 24.2969
280.7968 24.2925
280.8038 24.2880
280.8108 24.2836
280.8178 24.2792
280.8248 24.2747
280.8318 24.2703
280.8388 24.2659
280.8459 24.2614
280.8529 24.2570
280.8599 24.2526
280.8669 24.2481
280.8739 24.2437
280.8809 24.2393
280.8879 24.2348
280.8949 24.2304
280.9019 24.2260
280.9089 24.2215
280.9159 24.2171
280.9229 24.2127
280.9299 24.2082
280.9369 24.2038
280.9439 24.1994
280.9509 24.1949
280.9580 24.1905
280.9650 24.1861
280.9720 24.1816
280.9790 24.1772
280.9860 24.1728
280.9930 24.1683
281.0000 24.1639
281.0070 24.1595
281.0140 24.1550
281.0211 24.1506
281.0281 24.1461
281.0351 24.1417
281.0421 24.1373
281.0491 24.1328
281.0561 24.1284
281.0631 24.1240
281.0702 24.1195
281.0772 24.1151
281.0842 24.1107
281.0912 24.1062
281.0982 24.1018
281.1052 24.0974
281.1123 24.0929
281.1193 24.0885
281.1263 24.0840
281.1333 24.0796
281.1403 24.0752
281.1473 24.0707
281.1544 24.0663
281.1614 24.0619
281.1684 24.0574
281.1754 24.0530
281.1824 24.0486
281.1895 24.0441
281.1965 24.0397
281.2035 24.0352
281.2105 24.0308
281.2176 24.0264
281.2246 24.0219
281.2316 24.0175
281.2386 24.0130
281.2457 24.0086
281.2527 24.0042
281.2597 23.9997
281.2667 23.9953
281.2738 23.9909
281.2808 23.9864
281.2878 23.9820
281.2948 23.9775
281.3019 23.9731
281.3089 23.9687
281.3159 23.9642
281.3230 23.9598
281.3300 23.9553
281.3370 23.9509
281.3440 23.9465
281.3511 23.9420
281.3581 23.9376
281.3651 23.9331
281.3722 23.9287
281.3792 23.9243
281.3862 23.9198
281.3933 23.9154
281.4003 23.9109
281.4073 23.9065
281.4144 23.9021
281.4214 23.8976
281.4284 23.8932
281.4355 23.8887
281.4425 23.8843
281.4495 23.8799
281.4566 23.8754
281.4636 23.8710
281.4707 23.8665
281.4777 23.8621
281.4847 23.8577
281.4918 23.8532
281.4988 23.8488
281.5059 23.8443
281.5129 23.8399
281.5199 23.8354
281.5270 23.8310
281.5340 23.8266
281.5411 23.8221
281.5481 23.8177
281.5551 23.8132
281.5622 23.8088
281.5692 23.8044
281.5763 23.7999
281.5833 23.7955
281.5904 23.7910
281.5974 23.7866
281.6044 23.7821
281.6115 23.7777
281.6185 23.7733
281.6256 23.7688
281.6326 23.7644
281.6397 23.7599
281.6467 23.7555
281.6538 23.7510
281.6608 23.7466
281.6679 23.7421
281.6749 23.7377
281.6820 23.7333
281.6890 23.7288
281.6961 23.7244
281.7031 23.7199
281.7102 23.7155
281.7172 23.7110
281.7243 23.7066
281.7313 23.7021
281.7384 23.6977
281.7454 23.6933
281.7525 23.6888
281.7595 23.6844
281.7666 23.6799
281.7736 23.6755
281.7807 23.6710
281.7878 23.6666
281.7948 23.6621
281.8019 23.6577
281.8089 23.6532
281.8160 23.6488
281.8230 23.6444
281.8301 23.6399
281.8372 23.6355
281.8442 23.6310
281.8513 23.6266
281.8583 23.6221
281.8654 23.6177
281.8725 23.6132
281.8795 23.6088
281.8866 23.6043
281.8936 23.5999
281.9007 23.5954
281.9078 23.5910
281.9148 23.5865
281.9219 23.5821
281.9289 23.5777
281.9360 23.5732
281.9431 23.5688
281.9501 23.5643
281.9572 23.5599
281.9643 23.5554
281.9713 23.5510
281.9784 23.5465
281.9855 23.5421
281.9925 23.5376
281.9996 23.5332
282.0067 23.5287
282.0137 23.5243
282.0208 23.5198
282.0279 23.5154
282.0349 23.5109
282.0420 23.5065
282.0491 23.5020
282.0562 23.4976
282.0632 23.4931
282.0703 23.4887
282.0774 23.4842
282.0844 23.4798
282.0915 23.4753
282.0986 23.4709
282.1057 23.4664
282.1127 23.4620
282.1198 23.4575
282.1269 23.4531
282.1340 23.4486
282.1410 23.4442
282.1481 23.4397
282.1552 23.4353
282.1623 23.4308
282.1693 23.4264
282.1764 23.4219
282.1835 23.4175
282.1906 23.4130
282.1976 23.4086
282.2047 23.4041
282.2118 23.3997
282.2189 23.3952
282.2260 23.3908
282.2330 23.3863
282.2401 23.3819
282.2472 23.3774
282.2543 23.3730
282.2614 23.3685
282.2685 23.3641
282.2755 23.3596
282.2826 23.3552
282.2897 23.3507
282.2968 23.3463
282.3039 23.3418
282.3110 23.3374
282.3180 23.3329
282.3251 23.3285
282.3322 23.3240
282.3393 23.3196
282.3464 23.3151
282.3535 23.3107
282.3606 23.3062
282.3677 23.3018
282.3747 23.2973
282.3818 23.2929
282.3889 23.2884
282.3960 23.2840
282.4031 23.2795
282.4102 23.2750
282.4173 23.2706
282.4244 23.2661
282.4315 23.2617
282.4386 23.2572
282.4457 23.2528
282.4527 23.2483
282.4598 23.2439
282.4669 23.2394
282.4740 23.2350
282.4811 23.2305
282.4882 23.2261
282.4953 23.2216
282.5024 23.2172
282.5095 23.2127
282.5166 23.2082
282.5237 23.2038
282.5308 23.1993
282.5379 23.1949
282.5450 23.1904
282.5521 23.1860
282.5592 23.1815
282.5663 23.1771
282.5734 23.1726
282.5805 23.1682
282.5876 23.1637
282.5947 23.1592
282.6018 23.1548
282.6089 23.1503
282.6160 23.1459
282.6231 23.1414
282.6302 23.1370
282.6373 23.1325
282.6444 23.1281
282.6515 23.1236
282.6586 23.1192
282.6657 23.1147
282.6728 23.1102
282.6799 23.1058
282.6870 23.1013
282.6942 23.0969
282.7013 23.0924
282.7084 23.0880
282.7155 23.0835
282.7226 23.0791
282.7297 23.0746
282.7368 23.0701
282.7439 23.0657
282.7510 23.0612
282.7581 23.0568
282.7652 23.0523
282.7724 23.0479
282.7795 23.0434
282.7866 23.0389
282.7937 23.0345
282.8008 23.0300
282.8079 23.0256
282.8150 23.0211
282.8221 23.0167
282.8293 23.0122
282.8364 23.0077
282.8435 23.0033
282.8506 22.9988
282.8577 22.9944
282.8648 22.9899
282.8720 22.9855
282.8791 22.9810
282.8862 22.9765
282.8933 22.9721
282.9004 22.9676
282.9075 22.9632
282.9147 22.9587
282.9218 22.9543
282.9289 22.9498
282.9360 22.9453
282.9431 22.9409
282.9503 22.9364
282.9574 22.9320
282.9645 22.9275
282.9716 22.9231
282.9788 22.9186
282.9859 22.9141
282.9930 22.9097
283.0001 22.9052
283.0073 22.9008
283.0144 22.8963
283.0215 22.8918
283.0286 22.8874
283.0358 22.8829
283.0429 22.8785
283.0500 22.8740
283.0571 22.8695
283.0643 22.8651
283.0714 22.8606
283.0785 22.8562
283.0857 22.8517
283.0928 22.8473
283.0999 22.8428
283.1071 22.8383
283.1142 22.8339
283.1213 22.8294
283.1284 22.8250
283.1356 22.8205
283.1427 22.8160
283.1498 22.8116
283.1570 22.8071
283.1641 22.8027
283.1712 22.7982
283.1784 22.7937
283.1855 22.7893
283.1927 22.7848
283.1998 22.7804
283.2069 22.7759
283.2141 22.7714
283.2212 22.7670
283.2283 22.7625
283.2355 22.7581
283.2426 22.7536
283.2498 22.7491
283.2569 22.7447
283.2640 22.7402
283.2712 22.7357
283.2783 22.7313
283.2855 22.7268
283.2926 22.7224
283.2997 22.7179
283.3069 22.7134
283.3140 22.7090
283.3212 22.7045
283.3283 22.7001
283.3355 22.6956
283.3426 22.6911
283.3498 22.6867
283.3569 22.6822
283.3640 22.6778
283.3712 22.6733
283.3783 22.6688
283.3855 22.6644
283.3926 22.6599
283.3998 22.6554
283.4069 22.6510
283.4141 22.6465
283.4212 22.6421
283.4284 22.6376
283.4355 22.6331
283.4427 22.6287
283.4498 22.6242
283.4570 22.6197
283.4641 22.6153
283.4713 22.6108
283.4784 22.6064
283.4856 22.6019
283.4927 22.5974
283.4999 22.5930
283.5071 22.5885
283.5142 22.5840
283.5214 22.5796
283.5285 22.5751
283.5357 22.5707
283.5428 22.5662
283.5500 22.5617
283.5571 22.5573
283.5643 22.5528
283.5715 22.5483
283.5786 22.5439
283.5858 22.5394
283.5929 22.5349
283.6001 22.5305
283.6073 22.5260
283.6144 22.5216
283.6216 22.5171
283.6287 22.5126
283.6359 22.5082
283.6431 22.5037
283.6502 22.4992
283.6574 22.4948
283.6646 22.4903
283.6717 22.4858
283.6789 22.4814
283.6861 22.4769
283.6932 22.4724
283.7004 22.4680
283.7076 22.4635
283.7147 22.4591
283.7219 22.4546
283.7291 22.4501
283.7362 22.4457
283.7434 22.4412
283.7506 22.4367
283.7577 22.4323
283.7649 22.4278
283.7721 22.4233
283.7792 22.4189
283.7864 22.4144
283.7936 22.4099
283.8008 22.4055
283.8079 22.4010
283.8151 22.3965
283.8223 22.3921
283.8295 22.3876
283.8366 22.3832
283.8438 22.3787
283.8510 22.3742
283.8581 22.3698
283.8653 22.3653
283.8725 22.3608
283.8797 22.3564
283.8869 22.3519
283.8940 22.3474
283.9012 22.3430
283.9084 22.3385
283.9156 22.3340
283.9227 22.3296
283.9299 22.3251
283.9371 22.3206
283.9443 22.3162
283.9515 22.3117
283.9587 22.3072
283.9658 22.3028
283.9730 22.2983
283.9802 22.2938
283.9874 22.2894
283.9946 22.2849
284.0017 22.2804
284.0089 22.2760
284.0161 22.2715
284.0233 22.2670
284.0305 22.2626
284.0377 22.2581
284.0449 22.2536
284.0520 22.2492
284.0592 22.2447
284.0664 22.2402
284.0736 22.2358
284.0808 22.2313
284.0880 22.2268
284.0952 22.2224
284.1024 22.2179
284.1096 22.2134
284.1168 22.2090
284.1239 22.2045
284.1311 22.2000
284.1383 22.1956
284.1455 22.1911
284.1527 22.1866
284.1599 22.1822
284.1671 22.1777
284.1743 22.1732
284.1815 22.1688
284.1887 22.1643
284.1959 22.1598
284.2031 22.1554
284.2103 22.1509
284.2175 22.1464
284.2247 22.1420
284.2319 22.1375
284.2391 22.1330
284.2463 22.1286
284.2535 22.1241
284.2607 22.1196
284.2679 22.1152
284.2751 22.1107
284.2823 22.1062
284.2895 22.1017
284.2967 22.0973
284.3039 22.0928
284.3111 22.0883
284.3183 22.0839
284.3255 22.0794
284.3327 22.0749
284.3399 22.0705
284.3471 22.0660
284.3543 22.0615
284.3615 22.0571
284.3687 22.0526
284.3759 22.0481
284.3831 22.0437
284.3903 22.0392
284.3975 22.0347
284.4047 22.0303
284.4120 22.0258
284.4192 22.0213
284.4264 22.0169
284.4336 22.0124
284.4408 22.0079
284.4480 22.0034
284.4552 21.9990
284.4624 21.9945
284.4696 21.9900
284.4768 21.9856
284.4841 21.9811
284.4913 21.9766
284.4985 21.9722
284.5057 21.9677
284.5129 21.9632
284.5201 21.9588
284.5273 21.9543
284.5346 21.9498
284.5418 21.9454
284.5490 21.9409
284.5562 21.9364
284.5634 21.9319
284.5707 21.9275
284.5779 21.9230
284.5851 21.9185
284.5923 21.9141
284.5995 21.9096
284.6067 21.9051
284.6140 21.9007
284.6212 21.8962
284.6284 21.8917
284.6356 21.8872
284.6429 21.8828
284.6501 21.8783
284.6573 21.8738
284.6645 21.8694
284.6718 21.8649
284.6790 21.8604
284.6862 21.8560
284.6934 21.8515
284.7007 21.8470
284.7079 21.8426
284.7151 21.8381
284.7223 21.8336
284.7296 21.8291
284.7368 21.8247
284.7440 21.8202
284.7513 21.8157
284.7585 21.8113
284.7657 21.8068
284.7729 21.8023
284.7802 21.7978
284.7874 21.7934
284.7946 21.7889
284.8019 21.7844
284.8091 21.7800
284.8163 21.7755
284.8236 21.7710
284.8308 21.7666
284.8380 21.7621
284.8453 21.7576
284.8525 21.7531
284.8597 21.7487
284.8670 21.7442
284.8742 21.7397
284.8815 21.7353
284.8887 21.7308
284.8959 21.7263
284.9032 21.7218
284.9104 21.7174
284.9177 21.7129
284.9249 21.7084
284.9321 21.7040
284.9394 21.6995
284.9466 21.6950
284.9539 21.6906
284.9611 21.6861
284.9683 21.6816
284.9756 21.6771
284.9828 21.6727
284.9901 21.6682
284.9973 21.6637
285.0046 21.6593
285.0118 21.6548
285.0191 21.6503
285.0263 21.6458
285.0335 21.6414
285.0408 21.6369
285.0480 21.6324
285.0553 21.6280
285.0625 21.6235
285.0698 21.6190
285.0770 21.6145
285.0843 21.6101
285.0915 21.6056
285.0988 21.6011
285.1060 21.5967
285.1133 21.5922
285.1205 21.5877
285.1278 21.5832
285.1351 21.5788
285.1423 21.5743
285.1496 21.5698
285.1568 21.5654
285.1641 21.5609
285.1713 21.5564
285.1786 21.5519
285.1858 21.5475
285.1931 21.5430
285.2004 21.5385
285.2076 21.5341
285.2149 21.5296
285.2221 21.5251
285.2294 21.5206
285.2366 21.5162
285.2439 21.5117
285.2512 21.5072
285.2584 21.5027
285.2657 21.4983
285.2730 21.4938
285.2802 21.4893
285.2875 21.4849
285.2947 21.4804
285.3020 21.4759
285.3093 21.4714
285.3165 21.4670
285.3238 21.4625
285.3311 21.4580
285.3383 21.4536
285.3456 21.4491
285.3529 21.4446
285.3601 21.4401
285.3674 21.4357
285.3747 21.4312
285.3819 21.4267
285.3892 21.4222
285.3965 21.4178
285.4037 21.4133
285.4110 21.4088
285.4183 21.4044
285.4256 21.3999
285.4328 21.3954
285.4401 21.3909
285.4474 21.3865
285.4546 21.3820
285.4619 21.3775
285.4692 21.3730
285.4765 21.3686
285.4837 21.3641
285.4910 21.3596
285.4983 21.3552
285.5056 21.3507
285.5128 21.3462
285.5201 21.3417
285.5274 21.3373
285.5347 21.3328
285.5420 21.3283
285.5492 21.3239
285.5565 21.3194
285.5638 21.3149
285.5711 21.3104
285.5784 21.3060
285.5856 21.3015
285.5929 21.2970
285.6002 21.2925
285.6075 21.2881
285.6148 21.2836
285.6221 21.2791
285.6293 21.2747
285.6366 21.2702
285.6439 21.2657
285.6512 21.2612
285.6585 21.2568
285.6658 21.2523
285.6731 21.2478
285.6803 21.2433
285.6876 21.2389
285.6949 21.2344
285.7022 21.2299
285.7095 21.2254
285.7168 21.2210
285.7241 21.2165
285.7314 21.2120
285.7387 21.2076
285.7459 21.2031
285.7532 21.1986
285.7605 21.1941
285.7678 21.1897
285.7751 21.1852
285.7824 21.1807
285.7897 21.1762
285.7970 21.1718
285.8043 21.1673
285.8116 21.1628
285.8189 21.1584
285.8262 21.1539
285.8335 21.1494
285.8408 21.1449
285.8481 21.1405
285.8554 21.1360
285.8627 21.1315
285.8700 21.1270
285.8773 21.1226
285.8846 21.1181
285.8919 21.1136
285.8992 21.1092
285.9065 21.1047
285.9138 21.1002
285.9211 21.0957
285.9284 21.0913
285.9357 21.0868
285.9430 21.0823
285.9503 21.0778
285.9576 21.0734
285.9649 21.0689
285.9722 21.0644
285.9795 21.0599
285.9868 21.0555
285.9941 21.0510
286.0014 21.0465
286.0087 21.0421
286.0160 21.0376
286.0234 21.0331
286.0307 21.0286
286.0380 21.0242
286.0453 21.0197
286.0526 21.0152
286.0599 21.0107
286.0672 21.0063
286.0745 21.0018
286.0818 20.9973
286.0892 20.9928
286.0965 20.9884
286.1038 20.9839
286.1111 20.9794
286.1184 20.9750
286.1257 20.9705
286.1330 20.9660
286.1404 20.9615
286.1477 20.9571
286.1550 20.9526
286.1623 20.9481
286.1696 20.9436
286.1769 20.9392
286.1843 20.9347
286.1916 20.9302
286.1989 20.9258
286.2062 20.9213
286.2135 20.9168
286.2209 20.9123
286.2282 20.9079
286.2355 20.9034
286.2428 20.8989
286.2502 20.8944
286.2575 20.8900
286.2648 20.8855
286.2721 20.8810
286.2795 20.8765
286.2868 20.8721
286.2941 20.8676
286.3014 20.8631
286.3088 20.8587
286.3161 20.8542
286.3234 20.8497
286.3307 20.8452
286.3381 20.8408
286.3454 20.8363
286.3527 20.8318
286.3601 20.8273
286.3674 20.8229
286.3747 20.8184
286.3821 20.8139
286.3894 20.8094
286.3967 20.8050
286.4041 20.8005
286.4114 20.7960
286.4187 20.7916
286.4261 20.7871
286.4334 20.7826
286.4407 20.7781
286.4481 20.7737
286.4554 20.7692
286.4627 20.7647
286.4701 20.7602
286.4774 20.7558
286.4848 20.7513
286.4921 20.7468
286.4994 20.7423
286.5068 20.7379
286.5141 20.7334
286.5215 20.7289
286.5288 20.7245
286.5361 20.7200
286.5435 20.7155
286.5508 20.7110
286.5582 20.7066
286.5655 20.7021
286.5729 20.6976
286.5802 20.6931
286.5875 20.6887
286.5949 20.6842
286.6022 20.6797
286.6096 20.6753
286.6169 20.6708
286.6243 20.6663
286.6316 20.6618
286.6390 20.6574
286.6463 20.6529
286.6537 20.6484
286.6610 20.6439
286.6684 20.6395
286.6757 20.6350
286.6831 20.6305
286.6904 20.6260
286.6978 20.6216
286.7051 20.6171
286.7125 20.6126
286.7198 20.6082
286.7272 20.6037
286.7345 20.5992
286.7419 20.5947
286.7493 20.5903
286.7566 20.5858
286.7640 20.5813
286.7713 20.5768
286.7787 20.5724
286.7860 20.5679
286.7934 20.5634
286.8008 20.5590
286.8081 20.5545
286.8155 20.5500
286.8228 20.5455
286.8302 20.5411
286.8376 20.5366
286.8449 20.5321
286.8523 20.5276
286.8596 20.5232
286.8670 20.5187
286.8744 20.5142
286.8817 20.5098
286.8891 20.5053
286.8965 20.5008
286.9038 20.4963
286.9112 20.4919
286.9186 20.4874
286.9259 20.4829
286.9333 20.4784
286.9407 20.4740
286.9480 20.4695
286.9554 20.4650
286.9628 20.4606
286.9701 20.4561
286.9775 20.4516
286.9849 20.4471
286.9923 20.4427
286.9996 20.4382
287.0070 20.4337
287.0144 20.4292
287.0218 20.4248
287.0291 20.4203
287.0365 20.4158
287.0439 20.4114
287.0512 20.4069
287.0586 20.4024
287.0660 20.3979
287.0734 20.3935
287.0808 20.3890
287.0881 20.3845
287.0955 20.3800
287.1029 20.3756
287.1103 20.3711
287.1176 20.3666
287.1250 20.3622
287.1324 20.3577
287.1398 20.3532
287.1472 20.3487
287.1546 20.3443
287.1619 20.3398
287.1693 20.3353
287.1767 20.3309
287.1841 20.3264
287.1915 20.3219
287.1989 20.3174
287.2062 20.3130
287.2136 20.3085
287.2210 20.3040
287.2284 20.2995
287.2358 20.2951
287.2432 20.2906
287.2506 20.2861
287.2580 20.2817
287.2653 20.2772
287.2727 20.2727
287.2801 20.2682
287.2875 20.2638
287.2949 20.2593
287.3023 20.2548
287.3097 20.2504
287.3171 20.2459
287.3245 20.2414
287.3319 20.2369
287.3393 20.2325
287.3467 20.2280
287.3541 20.2235
287.3614 20.2191
287.3688 20.2146
287.3762 20.2101
287.3836 20.2056
287.3910 20.2012
287.3984 20.1967
287.4058 20.1922
287.4132 20.1878
287.4206 20.1833
287.4280 20.1788
287.4354 20.1743
287.4428 20.1699
287.4502 20.1654
287.4576 20.1609
287.4650 20.1565
287.4724 20.1520
287.4798 20.1475
287.4872 20.1430
287.4946 20.1386
287.5021 20.1341
287.5095 20.1296
287.5169 20.1252
287.5243 20.1207
287.5317 20.1162
287.5391 20.1117
287.5465 20.1073
287.5539 20.1028
287.5613 20.0983
287.5687 20.0939
287.5761 20.0894
287.5835 20.0849
287.5909 20.0805
287.5984 20.0760
287.6058 20.0715
287.6132 20.0670
287.6206 20.0626
287.6280 20.0581
287.6354 20.0536
287.6428 20.0492
287.6502 20.0447
287.6577 20.0402
287.6651 20.0357
287.6725 20.0313
287.6799 20.0268
287.6873 20.0223
287.6947 20.0179
287.7022 20.0134
287.7096 20.0089
287.7170 20.0045
287.7244 20.0000
287.7318 19.9955
287.7393 19.9910
287.7467 19.9866
287.7541 19.9821
287.7615 19.9776
287.7689 19.9732
287.7764 19.9687
287.7838 19.9642
287.7912 19.9598
287.7986 19.9553
287.8061 19.9508
287.8135 19.9463
287.8209 19.9419
287.8283 19.9374
287.8358 19.9329
287.8432 19.9285
287.8506 19.9240
287.8581 19.9195
287.8655 19.9151
287.8729 19.9106
287.8803 19.9061
287.8878 19.9017
287.8952 19.8972
287.9026 19.8927
287.9101 19.8882
287.9175 19.8838
287.9249 19.8793
287.9324 19.8748
287.9398 19.8704
287.9472 19.8659
287.9547 19.8614
287.9621 19.8570
287.9695 19.8525
287.9770 19.8480
287.9844 19.8436
287.9918 19.8391
287.9993 19.8346
288.0067 19.8301
288.0142 19.8257
288.0216 19.8212
288.0290 19.8167
288.0365 19.8123
288.0439 19.8078
288.0514 19.8033
288.0588 19.7989
288.0662 19.7944
288.0737 19.7899
288.0811 19.7855
288.0886 19.7810
288.0960 19.7765
288.1035 19.7721
288.1109 19.7676
288.1184 19.7631
288.1258 19.7586
288.1332 19.7542
288.1407 19.7497
288.1481 19.7452
288.1556 19.7408
288.1630 19.7363
288.1705 19.7318
288.1779 19.7274
288.1854 19.7229
288.1928 19.7184
288.2003 19.7140
288.2077 19.7095
288.2152 19.7050
288.2226 19.7006
288.2301 19.6961
288.2376 19.6916
288.2450 19.6872
288.2525 19.6827
288.2599 19.6782
288.2674 19.6738
288.2748 19.6693
288.2823 19.6648
288.2897 19.6604
288.2972 19.6559
288.3047 19.6514
288.3121 19.6469
288.3196 19.6425
288.3270 19.6380
288.3345 19.6335
288.3420 19.6291
288.3494 19.6246
288.3569 19.6201
288.3643 19.6157
288.3718 19.6112
288.3793 19.6067
288.3867 19.6023
288.3942 19.5978
288.4017 19.5933
288.4091 19.5889
288.4166 19.5844
288.4241 19.5799
288.4315 19.5755
288.4390 19.5710
288.4465 19.5665
288.4539 19.5621
288.4614 19.5576
288.4689 19.5531
288.4763 19.5487
288.4838 19.5442
288.4913 19.5397
288.4988 19.5353
288.5062 19.5308
288.5137 19.5263
288.5212 19.5219
288.5286 19.5174
288.5361 19.5129
288.5436 19.5085
288.5511 19.5040
288.5585 19.4995
288.5660 19.4951
288.5735 19.4906
288.5810 19.4862
288.5885 19.4817
288.5959 19.4772
288.6034 19.4728
288.6109 19.4683
288.6184 19.4638
288.6259 19.4594
288.6333 19.4549
288.6408 19.4504
288.6483 19.4460
288.6558 19.4415
288.6633 19.4370
288.6707 19.4326
288.6782 19.4281
288.6857 19.4236
288.6932 19.4192
288.7007 19.4147
288.7082 19.4102
288.7157 19.4058
288.7231 19.4013
288.7306 19.3968
288.7381 19.3924
288.7456 19.3879
288.7531 19.3835
288.7606 19.3790
288.7681 19.3745
288.7756 19.3701
288.7831 19.3656
288.7905 19.3611
288.7980 19.3567
288.8055 19.3522
288.8130 19.3477
288.8205 19.3433
288.8280 19.3388
288.8355 19.3343
288.8430 19.3299
288.8505 19.3254
288.8580 19.3210
288.8655 19.3165
288.8730 19.3120
288.8805 19.3076
288.8880 19.3031
288.8955 19.2986
288.9030 19.2942
288.9105 19.2897
288.9180 19.2852
288.9255 19.2808
288.9330 19.2763
288.9405 19.2719
288.9480 19.2674
288.9555 19.2629
288.9630 19.2585
288.9705 19.2540
288.9780 19.2495
288.9855 19.2451
288.9930 19.2406
289.0005 19.2362
289.0080 19.2317
289.0155 19.2272
289.0230 19.2228
289.0305 19.2183
289.0380 19.2138
289.0456 19.2094
289.0531 19.2049
289.0606 19.2005
289.0681 19.1960
289.0756 19.1915
289.0831 19.1871
289.0906 19.1826
289.0981 19.1781
289.1056 19.1737
289.1132 19.1692
289.1207 19.1648
289.1282 19.1603
289.1357 19.1558
289.1432 19.1514
289.1507 19.1469
289.1582 19.1424
289.1658 19.1380
289.1733 19.1335
289.1808 19.1291
289.1883 19.1246
289.1958 19.1201
289.2034 19.1157
289.2109 19.1112
289.2184 19.1068
289.2259 19.1023
289.2334 19.0978
289.2410 19.0934
289.2485 19.0889
289.2560 19.0845
289.2635 19.0800
289.2710 19.0755
289.2786 19.0711
289.2861 19.0666
289.2936 19.0622
289.3012 19.0577
289.3087 19.0532
289.3162 19.0488
289.3237 19.0443
289.3313 19.0399
289.3388 19.0354
289.3463 19.0309
289.3538 19.0265
289.3614 19.0220
289.3689 19.0176
289.3764 19.0131
289.3840 19.0086
289.3915 19.0042
289.3990 18.9997
289.4066 18.9953
289.4141 18.9908
289.4216 18.9863
289.4292 18.9819
289.4367 18.9774
289.4442 18.9730
289.4518 18.9685
289.4593 18.9640
289.4669 18.9596
289.4744 18.9551
289.4819 18.9507
289.4895 18.9462
289.4970 18.9417
289.5046 18.9373
289.5121 18.9328
289.5196 18.9284
289.5272 18.9239
289.5347 18.9195
289.5423 18.9150
289.5498 18.9105
289.5573 18.9061
289.5649 18.9016
289.5724 18.8972
289.5800 18.8927
289.5875 18.8883
289.5951 18.8838
289.6026 18.8793
289.6102 18.8749
289.6177 18.8704
289.6253 18.8660
289.6328 18.8615
289.6404 18.8570
289.6479 18.8526
289.6555 18.8481
289.6630 18.8437
289.6706 18.8392
289.6781 18.8348
289.6857 18.8303
289.6932 18.8259
289.7008 18.8214
289.7083 18.8169
289.7159 18.8125
289.7234 18.8080
289.7310 18.8036
289.7386 18.7991
289.7461 18.7947
289.7537 18.7902
289.7612 18.7857
289.7688 18.7813
289.7763 18.7768
289.7839 18.7724
289.7915 18.7679
289.7990 18.7635
289.8066 18.7590
289.8142 18.7546
289.8217 18.7501
289.8293 18.7456
289.8368 18.7412
289.8444 18.7367
289.8520 18.7323
289.8595 18.7278
289.8671 18.7234
289.8747 18.7189
289.8822 18.7145
289.8898 18.7100
289.8974 18.7055
289.9049 18.7011
289.9125 18.6966
289.9201 18.6922
289.9276 18.6877
289.9352 18.6833
289.9428 18.6788
289.9504 18.6744
289.9579 18.6699
289.9655 18.6655
289.9731 18.6610
289.9806 18.6565
289.9882 18.6521
289.9958 18.6476
290.0034 18.6432
290.0109 18.6387
290.0185 18.6343
290.0261 18.6298
290.0337 18.6254
290.0413 18.6209
290.0488 18.6165
290.0564 18.6120
290.0640 18.6076
290.0716 18.6031
290.0792 18.5987
290.0867 18.5942
290.0943 18.5897
290.1019 18.5853
290.1095 18.5808
290.1171 18.5764
290.1246 18.5719
290.1322 18.5675
290.1398 18.5630
290.1474 18.5586
290.1550 18.5541
290.1626 18.5497
290.1702 18.5452
290.1777 18.5408
290.1853 18.5363
290.1929 18.5319
290.2005 18.5274
290.2081 18.5230
290.2157 18.5185
290.2233 18.5141
290.2309 18.5096
290.2385 18.5052
290.2461 18.5007
290.2537 18.4963
290.2612 18.4918
290.2688 18.4874
290.2764 18.4829
290.2840 18.4785
290.2916 18.4740
290.2992 18.4695
290.3068 18.4651
290.3144 18.4606
290.3220 18.4562
290.3296 18.4517
290.3372 18.4473
290.3448 18.4428
290.3524 18.4384
290.3600 18.4339
290.3676 18.4295
290.3752 18.4250
290.3828 18.4206
290.3904 18.4161
290.3980 18.4117
290.4056 18.4072
290.4132 18.4028
290.4208 18.3984
290.4284 18.3939
290.4360 18.3895
290.4436 18.3850
290.4513 18.3806
290.4589 18.3761
290.4665 18.3717
290.4741 18.3672
290.4817 18.3628
290.4893 18.3583
290.4969 18.3539
290.5045 18.3494
290.5121 18.3450
290.5197 18.3405
290.5273 18.3361
290.5350 18.3316
290.5426 18.3272
290.5502 18.3227
290.5578 18.3183
290.5654 18.3138
290.5730 18.3094
290.5806 18.3049
290.5883 18.3005
290.5959 18.2960
290.6035 18.2916
290.6111 18.2871
290.6187 18.2827
290.6264 18.2783
290.6340 18.2738
290.6416 18.2694
290.6492 18.2649
290.6568 18.2605
290.6645 18.2560
290.6721 18.2516
290.6797 18.2471
290.6873 18.2427
290.6950 18.2382
290.7026 18.2338
290.7102 18.2293
290.7178 18.2249
290.7255 18.2205
290.7331 18.2160
290.7407 18.2116
290.7483 18.2071
290.7560 18.2027
290.7636 18.1982
290.7712 18.1938
290.7789 18.1893
290.7865 18.1849
290.7941 18.1804
290.8017 18.1760
290.8094 18.1716
290.8170 18.1671
290.8246 18.1627
290.8323 18.1582
290.8399 18.1538
290.8475 18.1493
290.8552 18.1449
290.8628 18.1405
290.8705 18.1360
290.8781 18.1316
290.8857 18.1271
290.8934 18.1227
290.9010 18.1182
290.9086 18.1138
290.9163 18.1093
290.9239 18.1049
290.9316 18.1005
290.9392 18.0960
290.9468 18.0916
290.9545 18.0871
290.9621 18.0827
290.9698 18.0782
290.9774 18.0738
290.9851 18.0694
290.9927 18.0649
291.0004 18.0605
291.0080 18.0560
291.0156 18.0516
291.0233 18.0472
291.0309 18.0427
291.0386 18.0383
291.0462 18.0338
291.0539 18.0294
291.0615 18.0249
291.0692 18.0205
291.0768 18.0161
291.0845 18.0116
291.0921 18.0072
291.0998 18.0027
291.1075 17.9983
291.1151 17.9939
291.1228 17.9894
291.1304 17.9850
291.1381 17.9805
291.1457 17.9761
291.1534 17.9717
291.1610 17.9672
291.1687 17.9628
291.1764 17.9583
291.1840 17.9539
291.1917 17.9495
291.1993 17.9450
291.2070 17.9406
291.2147 17.9361
291.2223 17.9317
291.2300 17.9273
291.2376 17.9228
291.2453 17.9184
291.2530 17.9140
291.2606 17.9095
291.2683 17.9051
291.2760 17.9006
291.2836 17.8962
291.2913 17.8918
291.2990 17.8873
291.3066 17.8829
291.3143 17.8784
291.3220 17.8740
291.3296 17.8696
291.3373 17.8651
291.3450 17.8607
291.3526 17.8563
291.3603 17.8518
291.3680 17.8474
291.3757 17.8429
291.3833 17.8385
291.3910 17.8341
291.3987 17.8296
291.4064 17.8252
291.4140 17.8208
291.4217 17.8163
291.4294 17.8119
291.4371 17.8075
291.4447 17.8030
291.4524 17.7986
291.4601 17.7941
291.4678 17.7897
291.4755 17.7853
291.4831 17.7808
291.4908 17.7764
291.4985 17.7720
291.5062 17.7675
291.5139 17.7631
291.5215 17.7587
291.5292 17.7542
291.5369 17.7498
291.5446 17.7454
291.5523 17.7409
291.5600 17.7365
291.5677 17.7321
291.5753 17.7276
291.5830 17.7232
291.5907 17.7188
291.5984 17.7143
291.6061 17.7099
291.6138 17.7055
291.6215 17.7010
291.6292 17.6966
291.6369 17.6922
291.6446 17.6877
291.6523 17.6833
291.6599 17.6789
291.6676 17.6744
291.6753 17.6700
291.6830 17.6656
291.6907 17.6611
291.6984 17.6567
291.7061 17.6523
291.7138 17.6478
291.7215 17.6434
291.7292 17.6390
291.7369 17.6345
291.7446 17.6301
291.7523 17.6257
291.7600 17.6212
291.7677 17.6168
291.7754 17.6124
291.7831 17.6079
291.7908 17.6035
291.7985 17.5991
291.8062 17.5947
291.8139 17.5902
291.8216 17.5858
291.8293 17.5814
291.8370 17.5769
291.8448 17.5725
291.8525 17.5681
291.8602 17.5636
291.8679 17.5592
291.8756 17.5548
291.8833 17.5503
291.8910 17.5459
291.8987 17.5415
291.9064 17.5371
291.9141 17.5326
291.9219 17.5282
291.9296 17.5238
291.9373 17.5193
291.9450 17.5149
291.9527 17.5105
291.9604 17.5061
291.9681 17.5016
291.9759 17.4972
291.9836 17.4928
291.9913 17.4883
291.9990 17.4839
292.0067 17.4795
292.0145 17.4751
292.0222 17.4706
292.0299 17.4662
292.0376 17.4618
292.0453 17.4574
292.0531 17.4529
292.0608 17.4485
292.0685 17.4441
292.0762 17.4396
292.0840 17.4352
292.0917 17.4308
292.0994 17.4264
292.1071 17.4219
292.1149 17.4175
292.1226 17.4131
292.1303 17.4087
292.1380 17.4042
292.1458 17.3998
292.1535 17.3954
292.1612 17.3910
292.1690 17.3865
292.1767 17.3821
292.1844 17.3777
292.1922 17.3733
292.1999 17.3688
292.2076 17.3644
292.2154 17.3600
292.2231 17.3556
292.2308 17.3511
292.2386 17.3467
292.2463 17.3423
292.2540 17.3379
292.2618 17.3334
292.2695 17.3290
292.2772 17.3246
292.2850 17.3202
292.2927 17.3158
292.3005 17.3113
292.3082 17.3069
292.3159 17.3025
292.3237 17.2981
292.3314 17.2936
292.3392 17.2892
292.3469 17.2848
292.3547 17.2804
292.3624 17.2760
292.3702 17.2715
292.3779 17.2671
292.3856 17.2627
292.3934 17.2583
292.4011 17.2538
292.4089 17.2494
292.4166 17.2450
292.4244 17.2406
292.4321 17.2362
292.4399 17.2317
292.4476 17.2273
292.4554 17.2229
292.4631 17.2185
292.4709 17.2141
292.4786 17.2096
292.4864 17.2052
292.4942 17.2008
292.5019 17.1964
292.5097 17.1920
292.5174 17.1875
292.5252 17.1831
292.5329 17.1787
292.5407 17.1743
292.5485 17.1699
292.5562 17.1654
292.5640 17.1610
292.5717 17.1566
292.5795 17.1522
292.5873 17.1478
292.5950 17.1434
292.6028 17.1389
292.6105 17.1345
292.6183 17.1301
292.6261 17.1257
292.6338 17.1213
292.6416 17.1169
292.6494 17.1124
292.6571 17.1080
292.6649 17.1036
292.6727 17.0992
292.6804 17.0948
292.6882 17.0904
292.6960 17.0859
292.7037 17.0815
292.7115 17.0771
292.7193 17.0727
292.7271 17.0683
292.7348 17.0639
292.7426 17.0594
292.7504 17.0550
292.7581 17.0506
292.7659 17.0462
292.7737 17.0418
292.7815 17.0374
292.7893 17.0330
292.7970 17.0285
292.8048 17.0241
292.8126 17.0197
292.8204 17.0153
292.8281 17.0109
292.8359 17.0065
292.8437 17.0021
292.8515 16.9976
292.8593 16.9932
292.8670 16.9888
292.8748 16.9844
292.8826 16.9800
292.8904 16.9756
292.8982 16.9712
292.9060 16.9668
292.9137 16.9623
292.9215 16.9579
292.9293 16.9535
292.9371 16.9491
292.9449 16.9447
292.9527 16.9403
292.9605 16.9359
292.9683 16.9315
292.9761 16.9271
292.9838 16.9226
292.9916 16.9182
292.9994 16.9138
293.0072 16.9094
293.0150 16.9050
293.0228 16.9006
293.0306 16.8962
293.0384 16.8918
293.0462 16.8874
293.0540 16.8829
293.0618 16.8785
293.0696 16.8741
293.0774 16.8697
293.0852 16.8653
293.0930 16.8609
293.1008 16.8565
293.1086 16.8521
293.1164 16.8477
293.1242 16.8433
293.1320 16.8389
293.1398 16.8345
293.1476 16.8300
293.1554 16.8256
293.1632 16.8212
293.1710 16.8168
293.1788 16.8124
293.1866 16.8080
293.1944 16.8036
293.2022 16.7992
293.2100 16.7948
293.2178 16.7904
293.2256 16.7860
293.2335 16.7816
293.2413 16.7772
293.2491 16.7728
293.2569 16.7683
293.2647 16.7639
293.2725 16.7595
293.2803 16.7551
293.2881 16.7507
293.2960 16.7463
293.3038 16.7419
293.3116 16.7375
293.3194 16.7331
293.3272 16.7287
293.3350 16.7243
293.3429 16.7199
293.3507 16.7155
293.3585 16.7111
293.3663 16.7067
293.3741 16.7023
293.3820 16.6979
293.3898 16.6935
293.3976 16.6891
293.4054 16.6847
293.4132 16.6803
293.4211 16.6759
293.4289 16.6715
293.4367 16.6671
293.4445 16.6626
293.4524 16.6582
293.4602 16.6538
293.4680 16.6494
293.4758 16.6450
293.4837 16.6406
293.4915 16.6362
293.4993 16.6318
293.5072 16.6274
293.5150 16.6230
293.5228 16.6186
293.5307 16.6142
293.5385 16.6098
293.5463 16.6054
293.5542 16.6010
293.5620 16.5966
293.5698 16.5922
293.5777 16.5878
293.5855 16.5834
293.5933 16.5790
293.6012 16.5746
293.6090 16.5702
293.6168 16.5658
293.6247 16.5614
293.6325 16.5570
293.6404 16.5526
293.6482 16.5482
293.6560 16.5438
293.6639 16.5394
293.6717 16.5350
293.6796 16.5306
293.6874 16.5263
293.6953 16.5219
293.7031 16.5175
293.7110 16.5131
293.7188 16.5087
293.7266 16.5043
293.7345 16.4999
293.7423 16.4955
293.7502 16.4911
293.7580 16.4867
293.7659 16.4823
293.7737 16.4779
293.7816 16.4735
293.7894 16.4691
293.7973 16.4647
293.8052 16.4603
293.8130 16.4559
293.8209 16.4515
293.8287 16.4471
293.8366 16.4427
293.8444 16.4383
293.8523 16.4339
293.8601 16.4295
293.8680 16.4252
293.8759 16.4208
293.8837 16.4164
293.8916 16.4120
293.8994 16.4076
293.9073 16.4032
293.9152 16.3988
293.9230 16.3944
293.9309 16.3900
293.9387 16.3856
293.9466 16.3812
293.9545 16.3768
293.9623 16.3724
293.9702 16.3680
293.9781 16.3637
293.9859 16.3593
293.9938 16.3549
294.0017 16.3505
294.0095 16.3461
294.0174 16.3417
294.0253 16.3373
294.0331 16.3329
294.0410 16.3285
294.0489 16.3241
294.0568 16.3197
294.0646 16.3154
294.0725 16.3110
294.0804 16.3066
294.0882 16.3022
294.0961 16.2978
294.1040 16.2934
294.1119 16.2890
294.1197 16.2846
294.1276 16.2802
294.1355 16.2759
294.1434 16.2715
294.1513 16.2671
294.1591 16.2627
294.1670 16.2583
294.1749 16.2539
294.1828 16.2495
294.1907 16.2451
294.1985 16.2408
294.2064 16.2364
294.2143 16.2320
294.2222 16.2276
294.2301 16.2232
294.2380 16.2188
294.2459 16.2144
294.2537 16.2101
294.2616 16.2057
294.2695 16.2013
294.2774 16.1969
294.2853 16.1925
294.2932 16.1881
294.3011 16.1837
294.3090 16.1794
294.3169 16.1750
294.3248 16.1706
294.3326 16.1662
294.3405 16.1618
294.3484 16.1574
294.3563 16.1531
294.3642 16.1487
294.3721 16.1443
294.3800 16.1399
294.3879 16.1355
294.3958 16.1311
294.4037 16.1268
294.4116 16.1224
294.4195 16.1180
294.4274 16.1136
294.4353 16.1092
294.4432 16.1049
294.4511 16.1005
294.4590 16.0961
294.4669 16.0917
294.4748 16.0873
294.4827 16.0829
294.4906 16.0786
294.4985 16.0742
294.5064 16.0698
294.5143 16.0654
294.5223 16.0610
294.5302 16.0567
294.5381 16.0523
294.5460 16.0479
294.5539 16.0435
294.5618 16.0392
294.5697 16.0348
294.5776 16.0304
294.5855 16.0260
294.5934 16.0216
294.6014 16.0173
294.6093 16.0129
294.6172 16.0085
294.6251 16.0041
294.6330 15.9997
294.6409 15.9954
294.6488 15.9910
294.6568 15.9866
294.6647 15.9822
294.6726 15.9779
294.6805 15.9735
294.6884 15.9691
294.6964 15.9647
294.7043 15.9604
294.7122 15.9560
294.7201 15.9516
294.7281 15.9472
294.7360 15.9429
294.7439 15.9385
294.7518 15.9341
294.7598 15.9297
294.7677 15.9254
294.7756 15.9210
294.7835 15.9166
294.7915 15.9122
294.7994 15.9079
294.8073 15.9035
294.8152 15.8991
294.8232 15.8948
294.8311 15.8904
294.8390 15.8860
294.8470 15.8816
294.8549 15.8773
294.8628 15.8729
294.8708 15.8685
294.8787 15.8641
294.8866 15.8598
294.8946 15.8554
294.9025 15.8510
294.9105 15.8467
294.9184 15.8423
294.9263 15.8379
294.9343 15.8335
294.9422 15.8292
294.9501 15.8248
294.9581 15.8204
294.9660 15.8161
294.9740 15.8117
294.9819 15.8073
294.9899 15.8030
294.9978 15.7986
295.0057 15.7942
295.0137 15.7899
295.0216 15.7855
295.0296 15.7811
295.0375 15.7768
295.0455 15.7724
295.0534 15.7680
295.0614 15.7636
295.0693 15.7593
295.0773 15.7549
295.0852 15.7505
295.0932 15.7462
295.1011 15.7418
295.1091 15.7374
295.1170 15.7331
295.1250 15.7287
295.1329 15.7244
295.1409 15.7200
295.1489 15.7156
295.1568 15.7113
295.1648 15.7069
295.1727 15.7025
295.1807 15.6982
295.1886 15.6938
295.1966 15.6894
295.2046 15.6851
295.2125 15.6807
295.2205 15.6763
295.2284 15.6720
295.2364 15.6676
295.2444 15.6633
295.2523 15.6589
295.2603 15.6545
295.2683 15.6502
295.2762 15.6458
295.2842 15.6414
295.2922 15.6371
295.3001 15.6327
295.3081 15.6284
295.3161 15.6240
295.3240 15.6196
295.3320 15.6153
295.3400 15.6109
295.3480 15.6065
295.3559 15.6022
295.3639 15.5978
295.3719 15.5935
295.3798 15.5891
295.3878 15.5847
295.3958 15.5804
295.4038 15.5760
295.4117 15.5717
295.4197 15.5673
295.4277 15.5630
295.4357 15.5586
295.4437 15.5542
295.4516 15.5499
295.4596 15.5455
295.4676 15.5412
295.4756 15.5368
295.4836 15.5324
295.4915 15.5281
295.4995 15.5237
295.5075 15.5194
295.5155 15.5150
295.5235 15.5107
295.5315 15.5063
295.5395 15.5020
295.5474 15.4976
295.5554 15.4932
295.5634 15.4889
295.5714 15.4845
295.5794 15.4802
295.5874 15.4758
295.5954 15.4715
295.6034 15.4671
295.6114 15.4628
295.6193 15.4584
295.6273 15.4541
295.6353 15.4497
295.6433 15.4453
295.6513 15.4410
295.6593 15.4366
295.6673 15.4323
295.6753 15.4279
295.6833 15.4236
295.6913 15.4192
295.6993 15.4149
295.7073 15.4105
295.7153 15.4062
295.7233 15.4018
295.7313 15.3975
295.7393 15.3931
295.7473 15.3888
295.7553 15.3844
295.7633 15.3801
295.7713 15.3757
295.7793 15.3714
295.7873 15.3670
295.7953 15.3627
295.8033 15.3583
295.8114 15.3540
295.8194 15.3496
295.8274 15.3453
295.8354 15.3409
295.8434 15.3366
295.8514 15.3322
295.8594 15.3279
295.8674 15.3235
295.8754 15.3192
295.8835 15.3148
295.8915 15.3105
295.8995 15.3062
295.9075 15.3018
295.9155 15.2975
295.9235 15.2931
295.9315 15.2888
295.9396 15.2844
295.9476 15.2801
295.9556 15.2757
295.9636 15.2714
295.9716 15.2670
295.9797 15.2627
295.9877 15.2584
295.9957 15.2540
296.0037 15.2497
296.0117 15.2453
296.0198 15.2410
296.0278 15.2366
296.0358 15.2323
296.0438 15.2279
296.0519 15.2236
296.0599 15.2193
296.0679 15.2149
296.0760 15.2106
296.0840 15.2062
296.0920 15.2019
296.1000 15.1976
296.1081 15.1932
296.1161 15.1889
296.1241 15.1845
296.1322 15.1802
296.1402 15.1758
296.1482 15.1715
296.1563 15.1672
296.1643 15.1628
296.1723 15.1585
296.1804 15.1542
296.1884 15.1498
296.1965 15.1455
296.2045 15.1411
296.2125 15.1368
296.2206 15.1325
296.2286 15.1281
296.2367 15.1238
296.2447 15.1194
296.2527 15.1151
296.2608 15.1108
296.2688 15.1064
296.2769 15.1021
296.2849 15.0978
296.2930 15.0934
296.3010 15.0891
296.3090 15.0848
296.3171 15.0804
296.3251 15.0761
296.3332 15.0717
296.3412 15.0674
296.3493 15.0631
296.3573 15.0587
296.3654 15.0544
296.3734 15.0501
296.3815 15.0457
296.3895 15.0414
296.3976 15.0371
296.4057 15.0327
296.4137 15.0284
296.4218 15.0241
296.4298 15.0197
296.4379 15.0154
296.4459 15.0111
296.4540 15.0067
296.4621 15.0024
296.4701 14.9981
296.4782 14.9938
296.4862 14.9894
296.4943 14.9851
296.5024 14.9808
296.5104 14.9764
296.5185 14.9721
296.5265 14.9678
296.5346 14.9634
296.5427 14.9591
296.5507 14.9548
296.5588 14.9505
296.5669 14.9461
296.5749 14.9418
296.5830 14.9375
296.5911 14.9331
296.5991 14.9288
296.6072 14.9245
296.6153 14.9202
296.6234 14.9158
296.6314 14.9115
296.6395 14.9072
296.6476 14.9028
296.6557 14.8985
296.6637 14.8942
296.6718 14.8899
296.6799 14.8855
296.6880 14.8812
296.6960 14.8769
296.7041 14.8726
296.7122 14.8682
296.7203 14.8639
296.7284 14.8596
296.7364 14.8553
296.7445 14.8509
296.7526 14.8466
296.7607 14.8423
296.7688 14.8380
296.7768 14.8337
296.7849 14.8293
296.7930 14.8250
296.8011 14.8207
296.8092 14.8164
296.8173 14.8120
296.8254 14.8077
296.8334 14.8034
296.8415 14.7991
296.8496 14.7948
296.8577 14.7904
296.8658 14.7861
296.8739 14.7818
296.8820 14.7775
296.8901 14.7732
296.8982 14.7688
296.9063 14.7645
296.9144 14.7602
296.9225 14.7559
296.9306 14.7516
296.9387 14.7472
296.9468 14.7429
296.9549 14.7386
296.9629 14.7343
296.9710 14.7300
296.9791 14.7257
296.9872 14.7213
296.9954 14.7170
297.0035 14.7127
297.0116 14.7084
297.0197 14.7041
297.0278 14.6998
297.0359 14.6954
297.0440 14.6911
297.0521 14.6868
297.0602 14.6825
297.0683 14.6782
297.0764 14.6739
297.0845 14.6695
297.0926 14.6652
297.1007 14.6609
297.1088 14.6566
297.1169 14.6523
297.1251 14.6480
297.1332 14.6437
297.1413 14.6394
297.1494 14.6350
297.1575 14.6307
297.1656 14.6264
297.1737 14.6221
297.1819 14.6178
297.1900 14.6135
297.1981 14.6092
297.2062 14.6049
297.2143 14.6006
297.2225 14.5962
297.2306 14.5919
297.2387 14.5876
297.2468 14.5833
297.2549 14.5790
297.2631 14.5747
297.2712 14.5704
297.2793 14.5661
297.2874 14.5618
297.2956 14.5575
297.3037 14.5532
297.3118 14.5488
297.3199 14.5445
297.3281 14.5402
297.3362 14.5359
297.3443 14.5316
297.3525 14.5273
297.3606 14.5230
297.3687 14.5187
297.3768 14.5144
297.3850 14.5101
297.3931 14.5058
297.4012 14.5015
297.4094 14.4972
297.4175 14.4929
297.4257 14.4886
297.4338 14.4843
297.4419 14.4800
297.4501 14.4756
297.4582 14.4713
297.4663 14.4670
297.4745 14.4627
297.4826 14.4584
297.4908 14.4541
297.4989 14.4498
297.5070 14.4455
297.5152 14.4412
297.5233 14.4369
297.5315 14.4326
297.5396 14.4283
297.5478 14.4240
297.5559 14.4197
297.5641 14.4154
297.5722 14.4111
297.5804 14.4068
297.5885 14.4025
297.5967 14.3982
297.6048 14.3939
297.6130 14.3896
297.6211 14.3853
297.6293 14.3810
297.6374 14.3767
297.6456 14.3724
297.6537 14.3681
297.6619 14.3638
297.6700 14.3595
297.6782 14.3552
297.6863 14.3510
297.6945 14.3467
297.7027 14.3424
297.7108 14.3381
297.7190 14.3338
297.7271 14.3295
297.7353 14.3252
297.7435 14.3209
297.7516 14.3166
297.7598 14.3123
297.7680 14.3080
297.7761 14.3037
297.7843 14.2994
297.7924 14.2951
297.8006 14.2908
297.8088 14.2865
297.8169 14.2822
297.8251 14.2780
297.8333 14.2737
297.8415 14.2694
297.8496 14.2651
297.8578 14.2608
297.8660 14.2565
297.8741 14.2522
297.8823 14.2479
297.8905 14.2436
297.8987 14.2393
297.9068 14.2350
297.9150 14.2308
297.9232 14.2265
297.9314 14.2222
297.9395 14.2179
297.9477 14.2136
297.9559 14.2093
297.9641 14.2050
297.9722 14.2007
297.9804 14.1964
297.9886 14.1922
297.9968 14.1879
298.0050 14.1836
298.0132 14.1793
298.0213 14.1750
298.0295 14.1707
298.0377 14.1664
298.0459 14.1622
298.0541 14.1579
298.0623 14.1536
298.0705 14.1493
298.0786 14.1450
298.0868 14.1407
298.0950 14.1365
298.1032 14.1322
298.1114 14.1279
298.1196 14.1236
298.1278 14.1193
298.1360 14.1150
298.1442 14.1108
298.1524 14.1065
298.1606 14.1022
298.1688 14.0979
298.1770 14.0936
298.1852 14.0893
298.1934 14.0851
298.2016 14.0808
298.2098 14.0765
298.2180 14.0722
298.2262 14.0679
298.2344 14.0637
298.2426 14.0594
298.2508 14.0551
298.2590 14.0508
298.2672 14.0466
298.2754 14.0423
298.2836 14.0380
298.2918 14.0337
298.3000 14.0294
298.3082 14.0252
298.3164 14.0209
298.3246 14.0166
298.3328 14.0123
298.3410 14.0081
298.3492 14.0038
298.3574 13.9995
298.3657 13.9952
298.3739 13.9910
298.3821 13.9867
298.3903 13.9824
298.3985 13.9781
298.4067 13.9739
298.4149 13.9696
298.4232 13.9653
298.4314 13.9610
298.4396 13.9568
298.4478 13.9525
298.4560 13.9482
298.4643 13.9439
298.4725 13.9397
298.4807 13.9354
298.4889 13.9311
298.4971 13.9269
298.5054 13.9226
298.5136 13.9183
298.5218 13.9141
298.5300 13.9098
298.5383 13.9055
298.5465 13.9012
298.5547 13.8970
298.5629 13.8927
298.5712 13.8884
298.5794 13.8842
298.5876 13.8799
298.5959 13.8756
298.6041 13.8714
298.6123 13.8671
298.6206 13.8628
298.6288 13.8586
298.6370 13.8543
298.6453 13.8500
298.6535 13.8458
298.6617 13.8415
298.6700 13.8372
298.6782 13.8330
298.6864 13.8287
298.6947 13.8244
298.7029 13.8202
298.7112 13.8159
298.7194 13.8116
298.7276 13.8074
298.7359 13.8031
298.7441 13.7989
298.7524 13.7946
298.7606 13.7903
298.7689 13.7861
298.7771 13.7818
298.7854 13.7775
298.7936 13.7733
298.8019 13.7690
298.8101 13.7648
298.8184 13.7605
298.8266 13.7562
298.8349 13.7520
298.8431 13.7477
298.8514 13.7435
298.8596 13.7392
298.8679 13.7349
298.8761 13.7307
298.8844 13.7264
298.8926 13.7222
298.9009 13.7179
298.9091 13.7137
298.9174 13.7094
298.9256 13.7051
298.9339 13.7009
298.9422 13.6966
298.9504 13.6924
298.9587 13.6881
298.9669 13.6839
298.9752 13.6796
298.9835 13.6753
298.9917 13.6711
299.0000 13.6668
299.0083 13.6626
299.0165 13.6583
299.0248 13.6541
299.0331 13.6498
299.0413 13.6456
299.0496 13.6413
299.0579 13.6371
299.0661 13.6328
299.0744 13.6286
299.0827 13.6243
299.0909 13.6201
299.0992 13.6158
299.1075 13.6116
299.1158 13.6073
299.1240 13.6031
299.1323 13.5988
299.1406 13.5946
299.1489 13.5903
299.1571 13.5861
299.1654 13.5818
299.1737 13.5776
299.1820 13.5733
299.1903 13.5691
299.1985 13.5648
299.2068 13.5606
299.2151 13.5563
299.2234 13.5521
299.2317 13.5478
299.2400 13.5436
299.2482 13.5393
299.2565 13.5351
299.2648 13.5308
299.2731 13.5266
299.2814 13.5223
299.2897 13.5181
299.2980 13.5139
299.3062 13.5096
299.3145 13.5054
299.3228 13.5011
299.3311 13.4969
299.3394 13.4926
299.3477 13.4884
299.3560 13.4842
299.3643 13.4799
299.3726 13.4757
299.3809 13.4714
299.3892 13.4672
299.3975 13.4629
299.4058 13.4587
299.4141 13.4545
299.4224 13.4502
299.4307 13.4460
299.4390 13.4417
299.4473 13.4375
299.4556 13.4333
299.4639 13.4290
299.4722 13.4248
299.4805 13.4206
299.4888 13.4163
299.4971 13.4121
299.5054 13.4078
299.5137 13.4036
299.5220 13.3994
299.5303 13.3951
299.5386 13.3909
299.5469 13.3867
299.5552 13.3824
299.5635 13.3782
299.5719 13.3740
299.5802 13.3697
299.5885 13.3655
299.5968 13.3613
299.6051 13.3570
299.6134 13.3528
299.6217 13.3486
299.6301 13.3443
299.6384 13.3401
299.6467 13.3359
299.6550 13.3316
299.6633 13.3274
299.6716 13.3232
299.6800 13.3189
299.6883 13.3147
299.6966 13.3105
299.7049 13.3062
299.7133 13.3020
299.7216 13.2978
299.7299 13.2935
299.7382 13.2893
299.7465 13.2851
299.7549 13.2809
299.7632 13.2766
299.7715 13.2724
299.7799 13.2682
299.7882 13.2640
299.7965 13.2597
299.8048 13.2555
299.8132 13.2513
299.8215 13.2470
299.8298 13.2428
299.8382 13.2386
299.8465 13.2344
299.8548 13.2301
299.8632 13.2259
299.8715 13.2217
299.8798 13.2175
299.8882 13.2132
299.8965 13.2090
299.9049 13.2048
299.9132 13.2006
299.9215 13.1964
299.9299 13.1921
299.9382 13.1879
299.9466 13.1837
299.9549 13.1795
299.9633 13.1752
299.9716 13.1710
299.9799 13.1668
299.9883 13.1626
299.9966 13.1584
300.0050 13.1541
300.0133 13.1499
300.0217 13.1457
300.0300 13.1415
300.0384 13.1373
300.0467 13.1331
300.0551 13.1288
300.0634 13.1246
300.0718 13.1204
300.0801 13.1162
300.0885 13.1120
300.0968 13.1078
300.1052 13.1035
300.1135 13.0993
300.1219 13.0951
300.1303 13.0909
300.1386 13.0867
300.1470 13.0825
300.1553 13.0783
300.1637 13.0740
300.1721 13.0698
300.1804 13.0656
300.1888 13.0614
300.1971 13.0572
300.2055 13.0530
300.2139 13.0488
300.2222 13.0445
300.2306 13.0403
300.2390 13.0361
300.2473 13.0319
300.2557 13.0277
300.2641 13.0235
300.2724 13.0193
300.2808 13.0151
300.2892 13.0109
300.2976 13.0067
300.3059 13.0024
300.3143 12.9982
300.3227 12.9940
300.3310 12.9898
300.3394 12.9856
300.3478 12.9814
300.3562 12.9772
300.3646 12.9730
300.3729 12.9688
300.3813 12.9646
300.3897 12.9604
300.3981 12.9562
300.4064 12.9520
300.4148 12.9478
300.4232 12.9436
300.4316 12.9394
300.4400 12.9352
300.4484 12.9310
300.4567 12.9267
300.4651 12.9225
300.4735 12.9183
300.4819 12.9141
300.4903 12.9099
300.4987 12.9057
300.5071 12.9015
300.5155 12.8973
300.5238 12.8931
300.5322 12.8889
300.5406 12.8847
300.5490 12.8805
300.5574 12.8763
300.5658 12.8721
300.5742 12.8679
300.5826 12.8637
300.5910 12.8595
300.5994 12.8553
300.6078 12.8511
300.6162 12.8469
300.6246 12.8428
300.6330 12.8386
300.6414 12.8344
300.6498 12.8302
300.6582 12.8260
300.6666 12.8218
300.6750 12.8176
300.6834 12.8134
300.6918 12.8092
300.7002 12.8050
300.7086 12.8008
300.7170 12.7966
300.7254 12.7924
300.7338 12.7882
300.7422 12.7840
300.7507 12.7798
300.7591 12.7756
300.7675 12.7715
300.7759 12.7673
300.7843 12.7631
300.7927 12.7589
300.8011 12.7547
300.8095 12.7505
300.8180 12.7463
300.8264 12.7421
300.8348 12.7379
300.8432 12.7337
300.8516 12.7296
300.8600 12.7254
300.8685 12.7212
300.8769 12.7170
300.8853 12.7128
300.8937 12.7086
300.9021 12.7044
300.9106 12.7002
300.9190 12.6961
300.9274 12.6919
300.9358 12.6877
300.9443 12.6835
300.9527 12.6793
300.9611 12.6751
300.9695 12.6710
300.9780 12.6668
300.9864 12.6626
300.9948 12.6584
301.0033 12.6542
301.0117 12.6500
301.0201 12.6459
301.0286 12.6417
301.0370 12.6375
301.0454 12.6333
301.0539 12.6291
301.0623 12.6250
301.0707 12.6208
301.0792 12.6166
301.0876 12.6124
301.0960 12.6082
301.1045 12.6041
301.1129 12.5999
301.1214 12.5957
301.1298 12.5915
301.1382 12.5874
301.1467 12.5832
301.1551 12.5790
301.1636 12.5748
301.1720 12.5706
301.1805 12.5665
301.1889 12.5623
301.1974 12.5581
301.2058 12.5539
301.2143 12.5498
301.2227 12.5456
301.2312 12.5414
301.2396 12.5372
301.2481 12.5331
301.2565 12.5289
301.2650 12.5247
301.2734 12.5206
301.2819 12.5164
301.2903 12.5122
301.2988 12.5080
301.3072 12.5039
301.3157 12.4997
301.3242 12.4955
301.3326 12.4914
301.3411 12.4872
301.3495 12.4830
301.3580 12.4789
301.3665 12.4747
301.3749 12.4705
301.3834 12.4664
301.3918 12.4622
301.4003 12.4580
301.4088 12.4539
301.4172 12.4497
301.4257 12.4455
301.4342 12.4414
301.4426 12.4372
301.4511 12.4330
301.4596 12.4289
301.4680 12.4247
301.4765 12.4205
301.4850 12.4164
301.4935 12.4122
301.5019 12.4080
301.5104 12.4039
301.5189 12.3997
301.5273 12.3956
301.5358 12.3914
301.5443 12.3872
301.5528 12.3831
301.5613 12.3789
301.5697 12.3747
301.5782 12.3706
301.5867 12.3664
301.5952 12.3623
301.6037 12.3581
301.6121 12.3540
301.6206 12.3498
301.6291 12.3456
301.6376 12.3415
301.6461 12.3373
301.6546 12.3332
301.6630 12.3290
301.6715 12.3249
301.6800 12.3207
301.6885 12.3165
301.6970 12.3124
301.7055 12.3082
301.7140 12.3041
301.7225 12.2999
301.7310 12.2958
301.7394 12.2916
301.7479 12.2875
301.7564 12.2833
301.7649 12.2792
301.7734 12.2750
301.7819 12.2709
301.7904 12.2667
301.7989 12.2626
301.8074 12.2584
301.8159 12.2543
301.8244 12.2501
301.8329 12.2460
301.8414 12.2418
301.8499 12.2377
301.8584 12.2335
301.8669 12.2294
301.8754 12.2252
301.8839 12.2211
301.8924 12.2169
301.9009 12.2128
301.9095 12.2086
301.9180 12.2045
301.9265 12.2003
301.9350 12.1962
301.9435 12.1920
301.9520 12.1879
301.9605 12.1837
301.9690 12.1796
301.9775 12.1755
301.9860 12.1713
301.9946 12.1672
302.0031 12.1630
302.0116 12.1589
302.0201 12.1547
302.0286 12.1506
302.0371 12.1465
302.0457 12.1423
302.0542 12.1382
302.0627 12.1340
302.0712 12.1299
302.0797 12.1258
302.0883 12.1216
302.0968 12.1175
302.1053 12.1133
302.1138 12.1092
302.1224 12.1051
302.1309 12.1009
302.1394 12.0968
302.1479 12.0927
302.1565 12.0885
302.1650 12.0844
302.1735 12.0802
302.1821 12.0761
302.1906 12.0720
302.1991 12.0678
302.2077 12.0637
302.2162 12.0596
302.2247 12.0554
302.2333 12.0513
302.2418 12.0472
302.2503 12.0430
302.2589 12.0389
302.2674 12.0348
302.2759 12.0306
302.2845 12.0265
302.2930 12.0224
302.3016 12.0183
302.3101 12.0141
302.3186 12.0100
302.3272 12.0059
302.3357 12.0017
302.3443 11.9976
302.3528 11.9935
302.3614 11.9893
302.3699 11.9852
302.3785 11.9811
302.3870 11.9770
302.3955 11.9728
302.4041 11.9687
302.4126 11.9646
302.4212 11.9605
302.4298 11.9563
302.4383 11.9522
302.4469 11.9481
302.4554 11.9440
302.4640 11.9398
302.4725 11.9357
302.4811 11.9316
302.4896 11.9275
302.4982 11.9233
302.5067 11.9192
302.5153 11.9151
302.5239 11.9110
302.5324 11.9069
302.5410 11.9027
302.5495 11.8986
302.5581 11.8945
302.5667 11.8904
302.5752 11.8863
302.5838 11.8821
302.5924 11.8780
302.6009 11.8739
302.6095 11.8698
302.6181 11.8657
302.6266 11.8616
302.6352 11.8574
302.6438 11.8533
302.6523 11.8492
302.6609 11.8451
302.6695 11.8410
302.6781 11.8369
302.6866 11.8327
302.6952 11.8286
302.7038 11.8245
302.7124 11.8204
302.7209 11.8163
302.7295 11.8122
302.7381 11.8081
302.7467 11.8040
302.7552 11.7998
302.7638 11.7957
302.7724 11.7916
302.7810 11.7875
302.7896 11.7834
302.7982 11.7793
302.8067 11.7752
302.8153 11.7711
302.8239 11.7670
302.8325 11.7629
302.8411 11.7587
302.8497 11.7546
302.8583 11.7505
302.8668 11.7464
302.8754 11.7423
302.8840 11.7382
302.8926 11.7341
302.9012 11.7300
302.9098 11.7259
302.9184 11.7218
302.9270 11.7177
302.9356 11.7136
302.9442 11.7095
302.9528 11.7054
302.9614 11.7013
302.9700 11.6972
302.9786 11.6931
302.9872 11.6890
302.9958 11.6849
303.0044 11.6808
303.0130 11.6767
303.0216 11.6726
303.0302 11.6685
303.0388 11.6644
303.0474 11.6603
303.0560 11.6562
303.0646 11.6521
303.0732 11.6480
303.0818 11.6439
303.0904 11.6398
303.0990 11.6357
303.1076 11.6316
303.1162 11.6275
303.1249 11.6234
303.1335 11.6193
303.1421 11.6152
303.1507 11.6111
303.1593 11.6070
303.1679 11.6029
303.1765 11.5988
303.1852 11.5947
303.1938 11.5906
303.2024 11.5865
303.2110 11.5825
303.2196 11.5784
303.2282 11.5743
303.2369 11.5702
303.2455 11.5661
303.2541 11.5620
303.2627 11.5579
303.2714 11.5538
303.2800 11.5497
303.2886 11.5456
303.2972 11.5416
303.3059 11.5375
303.3145 11.5334
303.3231 11.5293
303.3317 11.5252
303.3404 11.5211
303.3490 11.5170
303.3576 11.5129
303.3663 11.5089
303.3749 11.5048
303.3835 11.5007
303.3922 11.4966
303.4008 11.4925
303.4094 11.4884
303.4181 11.4844
303.4267 11.4803
303.4353 11.4762
303.4440 11.4721
303.4526 11.4680
303.4613 11.4640
303.4699 11.4599
303.4785 11.4558
303.4872 11.4517
303.4958 11.4476
303.5045 11.4436
303.5131 11.4395
303.5218 11.4354
303.5304 11.4313
303.5391 11.4272
303.5477 11.4232
303.5563 11.4191
303.5650 11.4150
303.5736 11.4109
303.5823 11.4069
303.5909 11.4028
303.5996 11.3987
303.6082 11.3946
303.6169 11.3906
303.6256 11.3865
303.6342 11.3824
303.6429 11.3783
303.6515 11.3743
303.6602 11.3702
303.6688 11.3661
303.6775 11.3621
303.6862 11.3580
303.6948 11.3539
303.7035 11.3498
303.7121 11.3458
303.7208 11.3417
303.7295 11.3376
303.7381 11.3336
303.7468 11.3295
303.7555 11.3254
303.7641 11.3214
303.7728 11.3173
303.7815 11.3132
303.7901 11.3092
303.7988 11.3051
303.8075 11.3010
303.8161 11.2970
303.8248 11.2929
303.8335 11.2888
303.8421 11.2848
303.8508 11.2807
303.8595 11.2766
303.8682 11.2726
303.8768 11.2685
303.8855 11.2645
303.8942 11.2604
303.9029 11.2563
303.9115 11.2523
303.9202 11.2482
303.9289 11.2442
303.9376 11.2401
303.9463 11.2360
303.9550 11.2320
303.9636 11.2279
303.9723 11.2239
303.9810 11.2198
303.9897 11.2157
303.9984 11.2117
304.0071 11.2076
304.0158 11.2036
304.0244 11.1995
304.0331 11.1955
304.0418 11.1914
304.0505 11.1874
304.0592 11.1833
304.0679 11.1792
304.0766 11.1752
304.0853 11.1711
304.0940 11.1671
304.1027 11.1630
304.1114 11.1590
304.1201 11.1549
304.1288 11.1509
304.1375 11.1468
304.1462 11.1428
304.1549 11.1387
304.1636 11.1347
304.1723 11.1306
304.1810 11.1266
304.1897 11.1225
304.1984 11.1185
304.2071 11.1144
304.2158 11.1104
304.2245 11.1063
304.2332 11.1023
304.2419 11.0983
304.2506 11.0942
304.2593 11.0902
304.2680 11.0861
304.2767 11.0821
304.2854 11.0780
304.2942 11.0740
304.3029 11.0699
304.3116 11.0659
304.3203 11.0619
304.3290 11.0578
304.3377 11.0538
304.3464 11.0497
304.3552 11.0457
304.3639 11.0417
304.3726 11.0376
304.3813 11.0336
304.3900 11.0295
304.3988 11.0255
304.4075 11.0215
304.4162 11.0174
304.4249 11.0134
304.4336 11.0093
304.4424 11.0053
304.4511 11.0013
304.4598 10.9972
304.4685 10.9932
304.4773 10.9892
304.4860 10.9851
304.4947 10.9811
304.5035 10.9771
304.5122 10.9730
304.5209 10.9690
304.5297 10.9650
304.5384 10.9609
304.5471 10.9569
304.5559 10.9529
304.5646 10.9488
304.5733 10.9448
304.5821 10.9408
304.5908 10.9367
304.5995 10.9327
304.6083 10.9287
304.6170 10.9247
304.6258 10.9206
304.6345 10.9166
304.6432 10.9126
304.6520 10.9085
304.6607 10.9045
304.6695 10.9005
304.6782 10.8965
304.6870 10.8924
304.6957 10.8884
304.7045 10.8844
304.7132 10.8804
304.7220 10.8763
304.7307 10.8723
304.7395 10.8683
304.7482 10.8643
304.7570 10.8603
304.7657 10.8562
304.7745 10.8522
304.7832 10.8482
304.7920 10.8442
304.8007 10.8402
304.8095 10.8361
304.8182 10.8321
304.8270 10.8281
304.8358 10.8241
304.8445 10.8201
304.8533 10.8160
304.8620 10.8120
304.8708 10.8080
304.8796 10.8040
304.8883 10.8000
304.8971 10.7960
304.9059 10.7919
304.9146 10.7879
304.9234 10.7839
304.9322 10.7799
304.9409 10.7759
304.9497 10.7719
304.9585 10.7679
304.9672 10.7639
304.9760 10.7598
304.9848 10.7558
304.9935 10.7518
305.0023 10.7478
305.0111 10.7438
305.0199 10.7398
305.0286 10.7358
305.0374 10.7318
305.0462 10.7278
305.0550 10.7238
305.0638 10.7198
305.0725 10.7157
305.0813 10.7117
305.0901 10.7077
305.0989 10.7037
305.1077 10.6997
305.1164 10.6957
305.1252 10.6917
305.1340 10.6877
305.1428 10.6837
305.1516 10.6797
305.1604 10.6757
305.1692 10.6717
305.1779 10.6677
305.1867 10.6637
305.1955 10.6597
305.2043 10.6557
305.2131 10.6517
305.2219 10.6477
305.2307 10.6437
305.2395 10.6397
305.2483 10.6357
305.2571 10.6317
305.2659 10.6277
305.2747 10.6237
305.2835 10.6197
305.2923 10.6157
305.3011 10.6117
305.3099 10.6077
305.3187 10.6037
305.3275 10.5997
305.3363 10.5957
305.3451 10.5917
305.3539 10.5877
305.3627 10.5837
305.3715 10.5798
305.3803 10.5758
305.3891 10.5718
305.3979 10.5678
305.4067 10.5638
305.4155 10.5598
305.4243 10.5558
305.4331 10.5518
305.4420 10.5478
305.4508 10.5438
305.4596 10.5399
305.4684 10.5359
305.4772 10.5319
305.4860 10.5279
305.4948 10.5239
305.5037 10.5199
305.5125 10.5159
305.5213 10.5119
305.5301 10.5080
305.5389 10.5040
305.5478 10.5000
305.5566 10.4960
305.5654 10.4920
305.5742 10.4880
305.5830 10.4841
305.5919 10.4801
305.6007 10.4761
305.6095 10.4721
305.6183 10.4681
305.6272 10.4642
305.6360 10.4602
305.6448 10.4562
305.6537 10.4522
305.6625 10.4482
305.6713 10.4443
305.6802 10.4403
305.6890 10.4363
305.6978 10.4323
305.7067 10.4284
305.7155 10.4244
305.7243 10.4204
305.7332 10.4164
305.7420 10.4125
305.7508 10.4085
305.7597 10.4045
305.7685 10.4005
305.7774 10.3966
305.7862 10.3926
305.7950 10.3886
305.8039 10.3846
305.8127 10.3807
305.8216 10.3767
305.8304 10.3727
305.8393 10.3688
305.8481 10.3648
305.8570 10.3608
305.8658 10.3569
305.8747 10.3529
305.8835 10.3489
305.8924 10.3450
305.9012 10.3410
305.9101 10.3370
305.9189 10.3331
305.9278 10.3291
305.9366 10.3251
305.9455 10.3212
305.9543 10.3172
305.9632 10.3132
305.9720 10.3093
305.9809 10.3053
305.9898 10.3013
305.9986 10.2974
306.0075 10.2934
306.0163 10.2895
306.0252 10.2855
306.0341 10.2815
306.0429 10.2776
306.0518 10.2736
306.0607 10.2697
306.0695 10.2657
306.0784 10.2617
306.0873 10.2578
306.0961 10.2538
306.1050 10.2499
306.1139 10.2459
306.1227 10.2420
306.1316 10.2380
306.1405 10.2341
306.1494 10.2301
306.1582 10.2261
306.1671 10.2222
306.1760 10.2182
306.1849 10.2143
306.1937 10.2103
306.2026 10.2064
306.2115 10.2024
306.2204 10.1985
306.2293 10.1945
306.2381 10.1906
306.2470 10.1866
306.2559 10.1827
306.2648 10.1787
306.2737 10.1748
306.2826 10.1708
306.2914 10.1669
306.3003 10.1629
306.3092 10.1590
306.3181 10.1551
306.3270 10.1511
306.3359 10.1472
306.3448 10.1432
306.3537 10.1393
306.3626 10.1353
306.3714 10.1314
306.3803 10.1274
306.3892 10.1235
306.3981 10.1196
306.4070 10.1156
306.4159 10.1117
306.4248 10.1077
306.4337 10.1038
306.4426 10.0999
306.4515 10.0959
306.4604 10.0920
306.4693 10.0880
306.4782 10.0841
306.4871 10.0802
306.4960 10.0762
306.5049 10.0723
306.5138 10.0684
306.5227 10.0644
306.5316 10.0605
306.5406 10.0566
306.5495 10.0526
306.5584 10.0487
306.5673 10.0448
306.5762 10.0408
306.5851 10.0369
306.5940 10.0330
306.6029 10.0290
306.6118 10.0251
306.6208 10.0212
306.6297 10.0172
306.6386 10.0133
306.6475 10.0094
306.6564 10.0054
306.6653 10.0015
306.6743 9.9976
306.6832 9.9937
306.6921 9.9897
306.7010 9.9858
306.7099 9.9819
306.7189 9.9780
306.7278 9.9740
306.7367 9.9701
306.7456 9.9662
306.7546 9.9623
306.7635 9.9583
306.7724 9.9544
306.7814 9.9505
306.7903 9.9466
306.7992 9.9427
306.8081 9.9387
306.8171 9.9348
306.8260 9.9309
306.8349 9.9270
306.8439 9.9231
306.8528 9.9191
306.8617 9.9152
306.8707 9.9113
306.8796 9.9074
306.8886 9.9035
306.8975 9.8995
306.9064 9.8956
306.9154 9.8917
306.9243 9.8878
306.9333 9.8839
306.9422 9.8800
306.9511 9.8761
306.9601 9.8721
306.9690 9.8682
306.9780 9.8643
306.9869 9.8604
306.9959 9.8565
307.0048 9.8526
307.0138 9.8487
307.0227 9.8448
307.0317 9.8409
307.0406 9.8369
307.0496 9.8330
307.0585 9.8291
307.0675 9.8252
307.0764 9.8213
307.0854 9.8174
307.0944 9.8135
307.1033 9.8096
307.1123 9.8057
307.1212 9.8018
307.1302 9.7979
307.1391 9.7940
307.1481 9.7901
307.1571 9.7862
307.1660 9.7823
307.1750 9.7784
307.1840 9.7745
307.1929 9.7706
307.2019 9.7667
307.2109 9.7628
307.2198 9.7589
307.2288 9.7550
307.2378 9.7511
307.2467 9.7472
307.2557 9.7433
307.2647 9.7394
307.2736 9.7355
307.2826 9.7316
307.2916 9.7277
307.3006 9.7238
307.3095 9.7199
307.3185 9.7160
307.3275 9.7121
307.3365 9.7082
307.3454 9.7043
307.3544 9.7004
307.3634 9.6965
307.3724 9.6927
307.3814 9.6888
307.3903 9.6849
307.3993 9.6810
307.4083 9.6771
307.4173 9.6732
307.4263 9.6693
307.4353 9.6654
307.4443 9.6615
307.4532 9.6577
307.4622 9.6538
307.4712 9.6499
307.4802 9.6460
307.4892 9.6421
307.4982 9.6382
307.5072 9.6343
307.5162 9.6305
307.5252 9.6266
307.5342 9.6227
307.5432 9.6188
307.5522 9.6149
307.5612 9.6110
307.5702 9.6072
307.5792 9.6033
307.5882 9.5994
307.5972 9.5955
307.6062 9.5916
307.6152 9.5878
307.6242 9.5839
307.6332 9.5800
307.6422 9.5761
307.6512 9.5723
307.6602 9.5684
307.6692 9.5645
307.6782 9.5606
307.6872 9.5568
307.6962 9.5529
307.7052 9.5490
307.7142 9.5451
307.7232 9.5413
307.7322 9.5374
307.7413 9.5335
307.7503 9.5296
307.7593 9.5258
307.7683 9.5219
307.7773 9.5180
307.7863 9.5142
307.7954 9.5103
307.8044 9.5064
307.8134 9.5026
307.8224 9.4987
307.8314 9.4948
307.8405 9.4910
307.8495 9.4871
307.8585 9.4832
307.8675 9.4794
307.8765 9.4755
307.8856 9.4716
307.8946 9.4678
307.9036 9.4639
307.9127 9.4600
307.9217 9.4562
307.9307 9.4523
307.9397 9.4485
307.9488 9.4446
307.9578 9.4407
307.9668 9.4369
307.9759 9.4330
307.9849 9.4292
307.9939 9.4253
308.0030 9.4214
308.0120 9.4176
308.0211 9.4137
308.0301 9.4099
308.0391 9.4060
308.0482 9.4022
308.0572 9.3983
308.0663 9.3945
308.0753 9.3906
308.0843 9.3867
308.0934 9.3829
308.1024 9.3790
308.1115 9.3752
308.1205 9.3713
308.1296 9.3675
308.1386 9.3636
308.1477 9.3598
308.1567 9.3559
308.1658 9.3521
308.1748 9.3482
308.1839 9.3444
308.1929 9.3405
308.2020 9.3367
308.2110 9.3329
308.2201 9.3290
308.2291 9.3252
308.2382 9.3213
308.2473 9.3175
308.2563 9.3136
308.2654 9.3098
308.2744 9.3059
308.2835 9.3021
308.2926 9.2983
308.3016 9.2944
308.3107 9.2906
308.3197 9.2867
308.3288 9.2829
308.3379 9.2791
308.3469 9.2752
308.3560 9.2714
308.3651 9.2675
308.3741 9.2637
308.3832 9.2599
308.3923 9.2560
308.4014 9.2522
308.4104 9.2484
308.4195 9.2445
308.4286 9.2407
308.4376 9.2369
308.4467 9.2330
308.4558 9.2292
308.4649 9.2254
308.4740 9.2215
308.4830 9.2177
308.4921 9.2139
308.5012 9.2100
308.5103 9.2062
308.5194 9.2024
308.5284 9.1985
308.5375 9.1947
308.5466 9.1909
308.5557 9.1871
308.5648 9.1832
308.5739 9.1794
308.5829 9.1756
308.5920 9.1718
308.6011 9.1679
308.6102 9.1641
308.6193 9.1603
308.6284 9.1565
308.6375 9.1526
308.6466 9.1488
308.6557 9.1450
308.6648 9.1412
308.6739 9.1373
308.6830 9.1335
308.6921 9.1297
308.7012 9.1259
308.7103 9.1221
308.7194 9.1182
308.7285 9.1144
308.7376 9.1106
308.7467 9.1068
308.7558 9.1030
308.7649 9.0992
308.7740 9.0953
308.7831 9.0915
308.7922 9.0877
308.8013 9.0839
308.8104 9.0801
308.8195 9.0763
308.8286 9.0725
308.8377 9.0687
308.8468 9.0648
308.8559 9.0610
308.8650 9.0572
308.8742 9.0534
308.8833 9.0496
308.8924 9.0458
308.9015 9.0420
308.9106 9.0382
308.9197 9.0344
308.9289 9.0306
308.9380 9.0268
308.9471 9.0229
308.9562 9.0191
308.9653 9.0153
308.9745 9.0115
308.9836 9.0077
308.9927 9.0039
309.0018 9.0001
309.0110 8.9963
309.0201 8.9925
309.0292 8.9887
309.0383 8.9849
309.0475 8.9811
309.0566 8.9773
309.0657 8.9735
309.0748 8.9697
309.0840 8.9659
309.0931 8.9621
309.1022 8.9583
309.1114 8.9545
309.1205 8.9507
309.1296 8.9469
309.1388 8.9431
309.1479 8.9393
309.1571 8.9356
309.1662 8.9318
309.1753 8.9280
309.1845 8.9242
309.1936 8.9204
309.2028 8.9166
309.2119 8.9128
309.2210 8.9090
309.2302 8.9052
309.2393 8.9014
309.2485 8.8976
309.2576 8.8939
309.2668 8.8901
309.2759 8.8863
309.2851 8.8825
309.2942 8.8787
309.3034 8.8749
309.3125 8.8711
309.3217 8.8674
309.3308 8.8636
309.3400 8.8598
309.3491 8.8560
309.3583 8.8522
309.3675 8.8484
309.3766 8.8447
309.3858 8.8409
309.3949 8.8371
309.4041 8.8333
309.4132 8.8295
309.4224 8.8258
309.4316 8.8220
309.4407 8.8182
309.4499 8.8144
309.4591 8.8106
309.4682 8.8069
309.4774 8.8031
309.4866 8.7993
309.4957 8.7955
309.5049 8.7918
309.5141 8.7880
309.5232 8.7842
309.5324 8.7805
309.5416 8.7767
309.5507 8.7729
309.5599 8.7691
309.5691 8.7654
309.5783 8.7616
309.5874 8.7578
309.5966 8.7541
309.6058 8.7503
309.6150 8.7465
309.6242 8.7428
309.6333 8.7390
309.6425 8.7352
309.6517 8.7315
309.6609 8.7277
309.6701 8.7239
309.6792 8.7202
309.6884 8.7164
309.6976 8.7126
309.7068 8.7089
309.7160 8.7051
309.7252 8.7013
309.7344 8.6976
309.7436 8.6938
309.7527 8.6901
309.7619 8.6863
309.7711 8.6825
309.7803 8.6788
309.7895 8.6750
309.7987 8.6713
309.8079 8.6675
309.8171 8.6638
309.8263 8.6600
309.8355 8.6563
309.8447 8.6525
309.8539 8.6487
309.8631 8.6450
309.8723 8.6412
309.8815 8.6375
309.8907 8.6337
309.8999 8.6300
309.9091 8.6262
309.9183 8.6225
309.9275 8.6187
309.9367 8.6150
309.9459 8.6112
309.9551 8.6075
309.9643 8.6037
309.9736 8.6000
309.9828 8.5962
309.9920 8.5925
310.0012 8.5888
310.0104 8.5850
310.0196 8.5813
310.0288 8.5775
310.0380 8.5738
310.0473 8.5700
310.0565 8.5663
310.0657 8.5625
310.0749 8.5588
310.0841 8.5551
310.0934 8.5513
310.1026 8.5476
310.1118 8.5438
310.1210 8.5401
310.1302 8.5364
310.1395 8.5326
310.1487 8.5289
310.1579 8.5252
310.1671 8.5214
310.1764 8.5177
310.1856 8.5140
310.1948 8.5102
310.2041 8.5065
310.2133 8.5028
310.2225 8.4990
310.2318 8.4953
310.2410 8.4916
310.2502 8.4878
310.2595 8.4841
310.2687 8.4804
310.2779 8.4766
310.2872 8.4729
310.2964 8.4692
310.3057 8.4654
310.3149 8.4617
310.3241 8.4580
310.3334 8.4543
310.3426 8.4505
310.3519 8.4468
310.3611 8.4431
310.3703 8.4394
310.3796 8.4356
310.3888 8.4319
310.3981 8.4282
310.4073 8.4245
310.4166 8.4208
310.4258 8.4170
310.4351 8.4133
310.4443 8.4096
310.4536 8.4059
310.4628 8.4022
310.4721 8.3984
310.4814 8.3947
310.4906 8.3910
310.4999 8.3873
310.5091 8.3836
310.5184 8.3799
310.5276 8.3761
310.5369 8.3724
310.5462 8.3687
310.5554 8.3650
310.5647 8.3613
310.5739 8.3576
310.5832 8.3539
310.5925 8.3502
310.6017 8.3464
310.6110 8.3427
310.6203 8.3390
310.6295 8.3353
310.6388 8.3316
310.6481 8.3279
310.6573 8.3242
310.6666 8.3205
310.6759 8.3168
310.6852 8.3131
310.6944 8.3094
310.7037 8.3057
310.7130 8.3020
310.7223 8.2983
310.7315 8.2946
310.7408 8.2909
310.7501 8.2872
310.7594 8.2835
310.7687 8.2798
310.7779 8.2761
310.7872 8.2724
310.7965 8.2687
310.8058 8.2650
310.8151 8.2613
310.8244 8.2576
310.8336 8.2539
310.8429 8.2502
310.8522 8.2465
310.8615 8.2428
310.8708 8.2391
310.8801 8.2354
310.8894 8.2317
310.8987 8.2280
310.9080 8.2243
310.9173 8.2206
310.9265 8.2169
310.9358 8.2132
310.9451 8.2096
310.9544 8.2059
310.9637 8.2022
310.9730 8.1985
310.9823 8.1948
310.9916 8.1911
311.0009 8.1874
311.0102 8.1837
311.0195 8.1801
311.0288 8.1764
311.0381 8.1727
311.0474 8.1690
311.0567 8.1653
311.0661 8.1616
311.0754 8.1580
311.0847 8.1543
311.0940 8.1506
311.1033 8.1469
311.1126 8.1432
311.1219 8.1396
311.1312 8.1359
311.1405 8.1322
311.1498 8.1285
311.1592 8.1248
311.1685 8.1212
311.1778 8.1175
311.1871 8.1138
311.1964 8.1101
311.2057 8.1065
311.2151 8.1028
311.2244 8.0991
311.2337 8.0954
311.2430 8.0918
311.2524 8.0881
311.2617 8.0844
311.2710 8.0808
311.2803 8.0771
311.2897 8.0734
311.2990 8.0698
311.3083 8.0661
311.3176 8.0624
311.3270 8.0588
311.3363 8.0551
311.3456 8.0514
311.3550 8.0478
311.3643 8.0441
311.3736 8.0404
311.3830 8.0368
311.3923 8.0331
311.4016 8.0294
311.4110 8.0258
311.4203 8.0221
311.4296 8.0185
311.4390 8.0148
311.4483 8.0111
311.4577 8.0075
311.4670 8.0038
311.4763 8.0002
311.4857 7.9965
311.4950 7.9929
311.5044 7.9892
311.5137 7.9855
311.5231 7.9819
311.5324 7.9782
311.5418 7.9746
311.5511 7.9709
311.5605 7.9673
311.5698 7.9636
311.5792 7.9600
311.5885 7.9563
311.5979 7.9527
311.6072 7.9490
311.6166 7.9454
311.6259 7.9417
311.6353 7.9381
311.6447 7.9344
311.6540 7.9308
311.6634 7.9271
311.6727 7.9235
311.6821 7.9198
311.6914 7.9162
311.7008 7.9126
311.7102 7.9089
311.7195 7.9053
311.7289 7.9016
311.7383 7.8980
311.7476 7.8943
311.7570 7.8907
311.7664 7.8871
311.7757 7.8834
311.7851 7.8798
311.7945 7.8762
311.8038 7.8725
311.8132 7.8689
311.8226 7.8652
311.8320 7.8616
311.8413 7.8580
311.8507 7.8543
311.8601 7.8507
311.8695 7.8471
311.8788 7.8434
311.8882 7.8398
311.8976 7.8362
311.9070 7.8325
311.9164 7.8289
311.9258 7.8253
311.9351 7.8217
311.9445 7.8180
311.9539 7.8144
311.9633 7.8108
311.9727 7.8071
311.9821 7.8035
311.9914 7.7999
312.0008 7.7963
312.0102 7.7926
312.0196 7.7890
312.0290 7.7854
312.0384 7.7818
312.0478 7.7781
312.0572 7.7745
312.0666 7.7709
312.0760 7.7673
312.0854 7.7637
312.0948 7.7600
312.1042 7.7564
312.1136 7.7528
312.1230 7.7492
312.1324 7.7456
312.1418 7.7420
312.1512 7.7383
312.1606 7.7347
312.1700 7.7311
312.1794 7.7275
312.1888 7.7239
312.1982 7.7203
312.2076 7.7167
312.2170 7.7130
312.2264 7.7094
312.2358 7.7058
312.2452 7.7022
312.2546 7.6986
312.2641 7.6950
312.2735 7.6914
312.2829 7.6878
312.2923 7.6842
312.3017 7.6806
312.3111 7.6770
312.3205 7.6734
312.3300 7.6698
312.3394 7.6661
312.3488 7.6625
312.3582 7.6589
312.3676 7.6553
312.3771 7.6517
312.3865 7.6481
312.3959 7.6445
312.4053 7.6409
312.4148 7.6373
312.4242 7.6337
312.4336 7.6301
312.4430 7.6265
312.4525 7.6229
312.4619 7.6193
312.4713 7.6158
312.4808 7.6122
312.4902 7.6086
312.4996 7.6050
312.5091 7.6014
312.5185 7.5978
312.5279 7.5942
312.5374 7.5906
312.5468 7.5870
312.5562 7.5834
312.5657 7.5798
312.5751 7.5762
312.5846 7.5726
312.5940 7.5691
312.6034 7.5655
312.6129 7.5619
312.6223 7.5583
312.6318 7.5547
312.6412 7.5511
312.6507 7.5475
312.6601 7.5440
312.6696 7.5404
312.6790 7.5368
312.6885 7.5332
312.6979 7.5296
312.7074 7.5260
312.7168 7.5225
312.7263 7.5189
312.7357 7.5153
312.7452 7.5117
312.7546 7.5082
312.7641 7.5046
312.7735 7.5010
312.7830 7.4974
312.7925 7.4938
312.8019 7.4903
312.8114 7.4867
312.8208 7.4831
312.8303 7.4796
312.8398 7.4760
312.8492 7.4724
312.8587 7.4688
312.8681 7.4653
312.8776 7.4617
312.8871 7.4581
312.8965 7.4546
312.9060 7.4510
312.9155 7.4474
312.9250 7.4439
312.9344 7.4403
312.9439 7.4367
312.9534 7.4332
312.9628 7.4296
312.9723 7.4260
312.9818 7.4225
312.9913 7.4189
313.0007 7.4153
313.0102 7.4118
313.0197 7.4082
313.0292 7.4047
313.0387 7.4011
313.0481 7.3975
313.0576 7.3940
313.0671 7.3904
313.0766 7.3869
313.0861 7.3833
313.0956 7.3798
313.1050 7.3762
313.1145 7.3726
313.1240 7.3691
313.1335 7.3655
313.1430 7.3620
313.1525 7.3584
313.1620 7.3549
313.1715 7.3513
313.1810 7.3478
313.1905 7.3442
313.2000 7.3407
313.2094 7.3371
313.2189 7.3336
313.2284 7.3300
313.2379 7.3265
313.2474 7.3229
313.2569 7.3194
313.2664 7.3158
313.2759 7.3123
313.2854 7.3088
313.2949 7.3052
313.3044 7.3017
313.3139 7.2981
313.3235 7.2946
313.3330 7.2910
313.3425 7.2875
313.3520 7.2840
313.3615 7.2804
313.3710 7.2769
313.3805 7.2734
313.3900 7.2698
313.3995 7.2663
313.4090 7.2627
313.4185 7.2592
313.4281 7.2557
313.4376 7.2521
313.4471 7.2486
313.4566 7.2451
313.4661 7.2415
313.4756 7.2380
313.4852 7.2345
313.4947 7.2309
313.5042 7.2274
313.5137 7.2239
313.5232 7.2204
313.5328 7.2168
313.5423 7.2133
313.5518 7.2098
313.5613 7.2063
313.5709 7.2027
313.5804 7.1992
313.5899 7.1957
313.5995 7.1922
313.6090 7.1886
313.6185 7.1851
313.6281 7.1816
313.6376 7.1781
313.6471 7.1745
313.6567 7.1710
313.6662 7.1675
313.6757 7.1640
313.6853 7.1605
313.6948 7.1570
313.7043 7.1534
313.7139 7.1499
313.7234 7.1464
313.7330 7.1429
313.7425 7.1394
313.7520 7.1359
313.7616 7.1324
313.7711 7.1288
313.7807 7.1253
313.7902 7.1218
313.7998 7.1183
313.8093 7.1148
313.8189 7.1113
313.8284 7.1078
313.8380 7.1043
313.8475 7.1008
313.8571 7.0973
313.8666 7.0938
313.8762 7.0902
313.8857 7.0867
313.8953 7.0832
313.9048 7.0797
313.9144 7.0762
313.9239 7.0727
313.9335 7.0692
313.9431 7.0657
313.9526 7.0622
313.9622 7.0587
313.9717 7.0552
313.9813 7.0517
313.9909 7.0482
314.0004 7.0447
314.0100 7.0412
314.0196 7.0377
314.0291 7.0342
314.0387 7.0308
314.0483 7.0273
314.0578 7.0238
314.0674 7.0203
314.0770 7.0168
314.0865 7.0133
314.0961 7.0098
314.1057 7.0063
314.1153 7.0028
314.1248 6.9993
314.1344 6.9958
314.1440 6.9924
314.1536 6.9889
314.1632 6.9854
314.1727 6.9819
314.1823 6.9784
314.1919 6.9749
314.2015 6.9714
314.2111 6.9680
314.2206 6.9645
314.2302 6.9610
314.2398 6.9575
314.2494 6.9540
314.2590 6.9505
314.2686 6.9471
314.2782 6.9436
314.2877 6.9401
314.2973 6.9366
314.3069 6.9332
314.3165 6.9297
314.3261 6.9262
314.3357 6.9227
314.3453 6.9193
314.3549 6.9158
314.3645 6.9123
314.3741 6.9088
314.3837 6.9054
314.3933 6.9019
314.4029 6.8984
314.4125 6.8950
314.4221 6.8915
314.4317 6.8880
314.4413 6.8845
314.4509 6.8811
314.4605 6.8776
314.4701 6.8741
314.4797 6.8707
314.4893 6.8672
314.4989 6.8638
314.5085 6.8603
314.5181 6.8568
314.5278 6.8534
314.5374 6.8499
314.5470 6.8464
314.5566 6.8430
314.5662 6.8395
314.5758 6.8361
314.5854 6.8326
314.5951 6.8291
314.6047 6.8257
314.6143 6.8222
314.6239 6.8188
314.6335 6.8153
314.6431 6.8119
314.6528 6.8084
314.6624 6.8050
314.6720 6.8015
314.6816 6.7981
314.6913 6.7946
314.7009 6.7912
314.7105 6.7877
314.7201 6.7843
314.7298 6.7808
314.7394 6.7774
314.7490 6.7739
314.7587 6.7705
314.7683 6.7670
314.7779 6.7636
314.7876 6.7601
314.7972 6.7567
314.8068 6.7532
314.8165 6.7498
314.8261 6.7464
314.8357 6.7429
314.8454 6.7395
314.8550 6.7360
314.8646 6.7326
314.8743 6.7292
314.8839 6.7257
314.8936 6.7223
314.9032 6.7188
314.9129 6.7154
314.9225 6.7120
314.9321 6.7085
314.9418 6.7051
314.9514 6.7017
314.9611 6.6982
314.9707 6.6948
314.9804 6.6914
314.9900 6.6879
314.9997 6.6845
315.0093 6.6811
315.0190 6.6776
315.0287 6.6742
315.0383 6.6708
315.0480 6.6674
315.0576 6.6639
315.0673 6.6605
315.0769 6.6571
315.0866 6.6537
315.0963 6.6502
315.1059 6.6468
315.1156 6.6434
315.1252 6.6400
315.1349 6.6365
315.1446 6.6331
315.1542 6.6297
315.1639 6.6263
315.1736 6.6229
315.1832 6.6195
315.1929 6.6160
315.2026 6.6126
315.2122 6.6092
315.2219 6.6058
315.2316 6.6024
315.2413 6.5990
315.2509 6.5955
315.2606 6.5921
315.2703 6.5887
315.2800 6.5853
315.2896 6.5819
315.2993 6.5785
315.3090 6.5751
315.3187 6.5717
315.3283 6.5683
315.3380 6.5649
315.3477 6.5614
315.3574 6.5580
315.3671 6.5546
315.3768 6.5512
315.3864 6.5478
315.3961 6.5444
315.4058 6.5410
315.4155 6.5376
315.4252 6.5342
315.4349 6.5308
315.4446 6.5274
315.4543 6.5240
315.4639 6.5206
315.4736 6.5172
315.4833 6.5138
315.4930 6.5104
315.5027 6.5070
315.5124 6.5036
315.5221 6.5002
315.5318 6.4968
315.5415 6.4934
315.5512 6.4901
315.5609 6.4867
315.5706 6.4833
315.5803 6.4799
315.5900 6.4765
315.5997 6.4731
315.6094 6.4697
315.6191 6.4663
315.6288 6.4629
315.6385 6.4596
315.6483 6.4562
315.6580 6.4528
315.6677 6.4494
315.6774 6.4460
315.6871 6.4426
315.6968 6.4392
315.7065 6.4359
315.7162 6.4325
315.7259 6.4291
315.7357 6.4257
315.7454 6.4223
315.7551 6.4190
315.7648 6.4156
315.7745 6.4122
315.7842 6.4088
315.7940 6.4055
315.8037 6.4021
315.8134 6.3987
315.8231 6.3953
315.8329 6.3920
315.8426 6.3886
315.8523 6.3852
315.8620 6.3818
315.8718 6.3785
315.8815 6.3751
315.8912 6.3717
315.9009 6.3684
315.9107 6.3650
315.9204 6.3616
315.9301 6.3583
315.9399 6.3549
315.9496 6.3515
315.9593 6.3482
315.9691 6.3448
315.9788 6.3414
315.9885 6.3381
315.9983 6.3347
316.0080 6.3313
316.0178 6.3280
316.0275 6.3246
316.0372 6.3213
316.0470 6.3179
316.0567 6.3146
316.0665 6.3112
316.0762 6.3078
316.0860 6.3045
316.0957 6.3011
316.1055 6.2978
316.1152 6.2944
316.1249 6.2911
316.1347 6.2877
316.1444 6.2844
316.1542 6.2810
316.1640 6.2777
316.1737 6.2743
316.1835 6.2710
316.1932 6.2676
316.2030 6.2643
316.2127 6.2609
316.2225 6.2576
316.2322 6.2542
316.2420 6.2509
316.2518 6.2475
316.2615 6.2442
316.2713 6.2409
316.2810 6.2375
316.2908 6.2342
316.3006 6.2308
316.3103 6.2275
316.3201 6.2241
316.3299 6.2208
316.3396 6.2175
316.3494 6.2141
316.3592 6.2108
316.3689 6.2075
316.3787 6.2041
316.3885 6.2008
316.3983 6.1975
316.4080 6.1941
316.4178 6.1908
316.4276 6.1875
316.4374 6.1841
316.4471 6.1808
316.4569 6.1775
316.4667 6.1741
316.4765 6.1708
316.4862 6.1675
316.4960 6.1642
316.5058 6.1608
316.5156 6.1575
316.5254 6.1542
316.5352 6.1509
316.5449 6.1475
316.5547 6.1442
316.5645 6.1409
316.5743 6.1376
316.5841 6.1342
316.5939 6.1309
316.6037 6.1276
316.6135 6.1243
316.6233 6.1210
316.6330 6.1176
316.6428 6.1143
316.6526 6.1110
316.6624 6.1077
316.6722 6.1044
316.6820 6.1011
316.6918 6.0978
316.7016 6.0944
316.7114 6.0911
316.7212 6.0878
316.7310 6.0845
316.7408 6.0812
316.7506 6.0779
316.7604 6.0746
316.7702 6.0713
316.7800 6.0680
316.7898 6.0647
316.7996 6.0614
316.8095 6.0580
316.8193 6.0547
316.8291 6.0514
316.8389 6.0481
316.8487 6.0448
316.8585 6.0415
316.8683 6.0382
316.8781 6.0349
316.8879 6.0316
316.8978 6.0283
316.9076 6.0250
316.9174 6.0217
316.9272 6.0184
316.9370 6.0151
316.9469 6.0119
316.9567 6.0086
316.9665 6.0053
316.9763 6.0020
316.9861 5.9987
316.9960 5.9954
317.0058 5.9921
317.0156 5.9888
317.0254 5.9855
317.0353 5.9822
317.0451 5.9789
317.0549 5.9757
317.0648 5.9724
317.0746 5.9691
317.0844 5.9658
317.0942 5.9625
317.1041 5.9592
317.1139 5.9559
317.1237 5.9527
317.1336 5.9494
317.1434 5.9461
317.1533 5.9428
317.1631 5.9395
317.1729 5.9363
317.1828 5.9330
317.1926 5.9297
317.2025 5.9264
317.2123 5.9231
317.2221 5.9199
317.2320 5.9166
317.2418 5.9133
317.2517 5.9100
317.2615 5.9068
317.2714 5.9035
317.2812 5.9002
317.2911 5.8970
317.3009 5.8937
317.3108 5.8904
317.3206 5.8872
317.3305 5.8839
317.3403 5.8806
317.3502 5.8773
317.3600 5.8741
317.3699 5.8708
317.3797 5.8676
317.3896 5.8643
317.3995 5.8610
317.4093 5.8578
317.4192 5.8545
317.4290 5.8512
317.4389 5.8480
317.4488 5.8447
317.4586 5.8415
317.4685 5.8382
317.4784 5.8349
317.4882 5.8317
317.4981 5.8284
317.5080 5.8252
317.5178 5.8219
317.5277 5.8187
317.5376 5.8154
317.5474 5.8122
317.5573 5.8089
317.5672 5.8057
317.5771 5.8024
317.5869 5.7992
317.5968 5.7959
317.6067 5.7927
317.6166 5.7894
317.6264 5.7862
317.6363 5.7829
317.6462 5.7797
317.6561 5.7764
317.6659 5.7732
317.6758 5.7700
317.6857 5.7667
317.6956 5.7635
317.7055 5.7602
317.7154 5.7570
317.7253 5.7538
317.7351 5.7505
317.7450 5.7473
317.7549 5.7440
317.7648 5.7408
317.7747 5.7376
317.7846 5.7343
317.7945 5.7311
317.8044 5.7279
317.8143 5.7246
317.8242 5.7214
317.8340 5.7182
317.8439 5.7149
317.8538 5.7117
317.8637 5.7085
317.8736 5.7052
317.8835 5.7020
317.8934 5.6988
317.9033 5.6956
317.9132 5.6923
317.9231 5.6891
317.9330 5.6859
317.9430 5.6827
317.9529 5.6794
317.9628 5.6762
317.9727 5.6730
317.9826 5.6698
317.9925 5.6666
318.0024 5.6633
318.0123 5.6601
318.0222 5.6569
318.0321 5.6537
318.0420 5.6505
318.0520 5.6473
318.0619 5.6440
318.0718 5.6408
318.0817 5.6376
318.0916 5.6344
318.1015 5.6312
318.1115 5.6280
318.1214 5.6248
318.1313 5.6216
318.1412 5.6183
318.1511 5.6151
318.1611 5.6119
318.1710 5.6087
318.1809 5.6055
318.1908 5.6023
318.2008 5.5991
318.2107 5.5959
318.2206 5.5927
318.2305 5.5895
318.2405 5.5863
318.2504 5.5831
318.2603 5.5799
318.2703 5.5767
318.2802 5.5735
318.2901 5.5703
318.3001 5.5671
318.3100 5.5639
318.3199 5.5607
318.3299 5.5575
318.3398 5.5543
318.3497 5.5511
318.3597 5.5479
318.3696 5.5447
318.3796 5.5415
318.3895 5.5384
318.3995 5.5352
318.4094 5.5320
318.4193 5.5288
318.4293 5.5256
318.4392 5.5224
318.4492 5.5192
318.4591 5.5160
318.4691 5.5129
318.4790 5.5097
318.4890 5.5065
318.4989 5.5033
318.5089 5.5001
318.5188 5.4969
318.5288 5.4938
318.5387 5.4906
318.5487 5.4874
318.5587 5.4842
318.5686 5.4810
318.5786 5.4779
318.5885 5.4747
318.5985 5.4715
318.6084 5.4683
318.6184 5.4652
318.6284 5.4620
318.6383 5.4588
318.6483 5.4556
318.6583 5.4525
318.6682 5.4493
318.6782 5.4461
318.6882 5.4430
318.6981 5.4398
318.7081 5.4366
318.7181 5.4335
318.7280 5.4303
318.7380 5.4271
318.7480 5.4240
318.7580 5.4208
318.7679 5.4176
318.7779 5.4145
318.7879 5.4113
318.7979 5.4082
318.8078 5.4050
318.8178 5.4018
318.8278 5.3987
318.8378 5.3955
318.8478 5.3924
318.8577 5.3892
318.8677 5.3861
318.8777 5.3829
318.8877 5.3797
318.8977 5.3766
318.9077 5.3734
318.9176 5.3703
318.9276 5.3671
318.9376 5.3640
318.9476 5.3608
318.9576 5.3577
318.9676 5.3545
318.9776 5.3514
318.9876 5.3482
318.9976 5.3451
319.0076 5.3420
319.0176 5.3388
319.0276 5.3357
319.0375 5.3325
319.0475 5.3294
319.0575 5.3262
319.0675 5.3231
319.0775 5.3200
319.0875 5.3168
319.0975 5.3137
319.1075 5.3105
319.1176 5.3074
319.1276 5.3043
319.1376 5.3011
319.1476 5.2980
319.1576 5.2949
319.1676 5.2917
319.1776 5.2886
319.1876 5.2855
319.1976 5.2823
319.2076 5.2792
319.2176 5.2761
319.2276 5.2730
319.2377 5.2698
319.2477 5.2667
319.2577 5.2636
319.2677 5.2604
319.2777 5.2573
319.2877 5.2542
319.2978 5.2511
319.3078 5.2479
319.3178 5.2448
319.3278 5.2417
319.3378 5.2386
319.3479 5.2355
319.3579 5.2323
319.3679 5.2292
319.3779 5.2261
319.3880 5.2230
319.3980 5.2199
319.4080 5.2168
319.4180 5.2136
319.4281 5.2105
319.4381 5.2074
319.4481 5.2043
319.4582 5.2012
319.4682 5.1981
319.4782 5.1950
319.4883 5.1919
319.4983 5.1888
319.5083 5.1857
319.5184 5.1825
319.5284 5.1794
319.5384 5.1763
319.5485 5.1732
319.5585 5.1701
319.5686 5.1670
319.5786 5.1639
319.5887 5.1608
319.5987 5.1577
319.6087 5.1546
319.6188 5.1515
319.6288 5.1484
319.6389 5.1453
319.6489 5.1422
319.6590 5.1391
319.6690 5.1360
319.6791 5.1329
319.6891 5.1298
319.6992 5.1267
319.7092 5.1237
319.7193 5.1206
319.7293 5.1175
319.7394 5.1144
319.7494 5.1113
319.7595 5.1082
319.7696 5.1051
319.7796 5.1020
319.7897 5.0989
319.7997 5.0959
319.8098 5.0928
319.8199 5.0897
319.8299 5.0866
319.8400 5.0835
319.8501 5.0804
319.8601 5.0774
319.8702 5.0743
319.8803 5.0712
319.8903 5.0681
319.9004 5.0650
319.9105 5.0620
319.9205 5.0589
319.9306 5.0558
319.9407 5.0527
319.9507 5.0497
319.9608 5.0466
319.9709 5.0435
319.9810 5.0404
319.9910 5.0374
320.0011 5.0343
320.0112 5.0312
320.0213 5.0282
320.0314 5.0251
320.0414 5.0220
320.0515 5.0190
320.0616 5.0159
320.0717 5.0128
320.0818 5.0098
320.0918 5.0067
320.1019 5.0036
320.1120 5.0006
320.1221 4.9975
320.1322 4.9945
320.1423 4.9914
320.1524 4.9883
320.1625 4.9853
320.1726 4.9822
320.1826 4.9792
320.1927 4.9761
320.2028 4.9731
320.2129 4.9700
320.2230 4.9670
320.2331 4.9639
320.2432 4.9608
320.2533 4.9578
320.2634 4.9547
320.2735 4.9517
320.2836 4.9486
320.2937 4.9456
320.3038 4.9426
320.3139 4.9395
320.3240 4.9365
320.3341 4.9334
320.3442 4.9304
320.3543 4.9273
320.3644 4.9243
320.3745 4.9212
320.3847 4.9182
320.3948 4.9152
320.4049 4.9121
320.4150 4.9091
320.4251 4.9060
320.4352 4.9030
320.4453 4.9000
320.4554 4.8969
320.4655 4.8939
320.4757 4.8909
320.4858 4.8878
320.4959 4.8848
320.5060 4.8818
320.5161 4.8787
320.5263 4.8757
320.5364 4.8727
320.5465 4.8697
320.5566 4.8666
320.5667 4.8636
320.5769 4.8606
320.5870 4.8575
320.5971 4.8545
320.6072 4.8515
320.6174 4.8485
320.6275 4.8455
320.6376 4.8424
320.6478 4.8394
320.6579 4.8364
320.6680 4.8334
320.6782 4.8304
320.6883 4.8273
320.6984 4.8243
320.7086 4.8213
320.7187 4.8183
320.7288 4.8153
320.7390 4.8123
320.7491 4.8092
320.7592 4.8062
320.7694 4.8032
320.7795 4.8002
320.7897 4.7972
320.7998 4.7942
320.8100 4.7912
320.8201 4.7882
320.8302 4.7852
320.8404 4.7822
320.8505 4.7792
320.8607 4.7762
320.8708 4.7732
320.8810 4.7701
320.8911 4.7671
320.9013 4.7641
320.9114 4.7611
320.9216 4.7581
320.9317 4.7551
320.9419 4.7521
320.9520 4.7492
320.9622 4.7462
320.9724 4.7432
320.9825 4.7402
320.9927 4.7372
321.0028 4.7342
321.0130 4.7312
321.0232 4.7282
321.0333 4.7252
321.0435 4.7222
321.0536 4.7192
321.0638 4.7162
321.0740 4.7132
321.0841 4.7103
321.0943 4.7073
321.1045 4.7043
321.1146 4.7013
321.1248 4.6983
321.1350 4.6953
321.1452 4.6924
321.1553 4.6894
321.1655 4.6864
321.1757 4.6834
321.1858 4.6804
321.1960 4.6775
321.2062 4.6745
321.2164 4.6715
321.2265 4.6685
321.2367 4.6655
321.2469 4.6626
321.2571 4.6596
321.2673 4.6566
321.2774 4.6537
321.2876 4.6507
321.2978 4.6477
321.3080 4.6447
321.3182 4.6418
321.3284 4.6388
321.3386 4.6358
321.3487 4.6329
321.3589 4.6299
321.3691 4.6269
321.3793 4.6240
321.3895 4.6210
321.3997 4.6181
321.4099 4.6151
321.4201 4.6121
321.4303 4.6092
321.4405 4.6062
321.4507 4.6033
321.4609 4.6003
321.4711 4.5973
321.4813 4.5944
321.4915 4.5914
321.5017 4.5885
321.5119 4.5855
321.5221 4.5826
321.5323 4.5796
321.5425 4.5767
321.5527 4.5737
321.5629 4.5708
321.5731 4.5678
321.5833 4.5649
321.5935 4.5619
321.6037 4.5590
321.6139 4.5560
321.6241 4.5531
321.6343 4.5501
321.6445 4.5472
321.6547 4.5442
321.6650 4.5413
321.6752 4.5384
321.6854 4.5354
321.6956 4.5325
321.7058 4.5295
321.7160 4.5266
321.7263 4.5237
321.7365 4.5207
321.7467 4.5178
321.7569 4.5149
321.7671 4.5119
321.7774 4.5090
321.7876 4.5061
321.7978 4.5031
321.8080 4.5002
321.8183 4.4973
321.8285 4.4944
321.8387 4.4914
321.8489 4.4885
321.8592 4.4856
321.8694 4.4826
321.8796 4.4797
321.8898 4.4768
321.9001 4.4739
321.9103 4.4709
321.9205 4.4680
321.9308 4.4651
321.9410 4.4622
321.9513 4.4593
321.9615 4.4564
321.9717 4.4534
321.9820 4.4505
321.9922 4.4476
322.0024 4.4447
322.0127 4.4418
322.0229 4.4389
322.0332 4.4359
322.0434 4.4330
322.0537 4.4301
322.0639 4.4272
322.0741 4.4243
322.0844 4.4214
322.0946 4.4185
322.1049 4.4156
322.1151 4.4127
322.1254 4.4098
322.1356 4.4069
322.1459 4.4040
322.1561 4.4011
322.1664 4.3982
322.1766 4.3953
322.1869 4.3924
322.1972 4.3895
322.2074 4.3866
322.2177 4.3837
322.2279 4.3808
322.2382 4.3779
322.2485 4.3750
322.2587 4.3721
322.2690 4.3692
322.2792 4.3663
322.2895 4.3634
322.2998 4.3605
322.3100 4.3576
322.3203 4.3547
322.3306 4.3518
322.3408 4.3489
322.3511 4.3461
322.3614 4.3432
322.3716 4.3403
322.3819 4.3374
322.3922 4.3345
322.4024 4.3316
322.4127 4.3288
322.4230 4.3259
322.4333 4.3230
322.4435 4.3201
322.4538 4.3172
322.4641 4.3144
322.4744 4.3115
322.4846 4.3086
322.4949 4.3057
322.5052 4.3028
322.5155 4.3000
322.5258 4.2971
322.5361 4.2942
322.5463 4.2914
322.5566 4.2885
322.5669 4.2856
322.5772 4.2827
322.5875 4.2799
322.5978 4.2770
322.6081 4.2741
322.6183 4.2713
322.6286 4.2684
322.6389 4.2655
322.6492 4.2627
322.6595 4.2598
322.6698 4.2570
322.6801 4.2541
322.6904 4.2512
322.7007 4.2484
322.7110 4.2455
322.7213 4.2427
322.7316 4.2398
322.7419 4.2369
322.7522 4.2341
322.7625 4.2312
322.7728 4.2284
322.7831 4.2255
322.7934 4.2227
322.8037 4.2198
322.8140 4.2170
322.8243 4.2141
322.8346 4.2113
322.8449 4.2084
322.8552 4.2056
322.8655 4.2027
322.8758 4.1999
322.8861 4.1970
322.8965 4.1942
322.9068 4.1914
322.9171 4.1885
322.9274 4.1857
322.9377 4.1828
322.9480 4.1800
322.9583 4.1772
322.9687 4.1743
322.9790 4.1715
322.9893 4.1686
322.9996 4.1658
323.0099 4.1630
323.0203 4.1601
323.0306 4.1573
323.0409 4.1545
323.0512 4.1516
323.0615 4.1488
323.0719 4.1460
323.0822 4.1432
323.0925 4.1403
323.1028 4.1375
323.1132 4.1347
323.1235 4.1319
323.1338 4.1290
323.1442 4.1262
323.1545 4.1234
323.1648 4.1206
323.1752 4.1177
323.1855 4.1149
323.1958 4.1121
323.2062 4.1093
323.2165 4.1065
323.2268 4.1036
323.2372 4.1008
323.2475 4.0980
323.2579 4.0952
323.2682 4.0924
323.2785 4.0896
323.2889 4.0868
323.2992 4.0839
323.3096 4.0811
323.3199 4.0783
323.3303 4.0755
323.3406 4.0727
323.3510 4.0699
323.3613 4.0671
323.3716 4.0643
323.3820 4.0615
323.3923 4.0587
323.4027 4.0559
323.4131 4.0531
323.4234 4.0503
323.4338 4.0475
323.4441 4.0447
323.4545 4.0419
323.4648 4.0391
323.4752 4.0363
323.4855 4.0335
323.4959 4.0307
323.5063 4.0279
323.5166 4.0251
323.5270 4.0223
323.5373 4.0195
323.5477 4.0167
323.5581 4.0139
323.5684 4.0111
323.5788 4.0084
323.5892 4.0056
323.5995 4.0028
323.6099 4.0000
323.6203 3.9972
323.6306 3.9944
323.6410 3.9916
323.6514 3.9889
323.6617 3.9861
323.6721 3.9833
323.6825 3.9805
323.6929 3.9777
323.7032 3.9750
323.7136 3.9722
323.7240 3.9694
323.7344 3.9666
323.7447 3.9639
323.7551 3.9611
323.7655 3.9583
323.7759 3.9555
323.7863 3.9528
323.7966 3.9500
323.8070 3.9472
323.8174 3.9445
323.8278 3.9417
323.8382 3.9389
323.8486 3.9362
323.8589 3.9334
323.8693 3.9306
323.8797 3.9279
323.8901 3.9251
323.9005 3.9223
323.9109 3.9196
323.9213 3.9168
323.9317 3.9141
323.9421 3.9113
323.9525 3.9085
323.9629 3.9058
323.9733 3.9030
323.9837 3.9003
323.9940 3.8975
324.0044 3.8948
324.0148 3.8920
324.0252 3.8893
324.0356 3.8865
324.0460 3.8837
324.0564 3.8810
324.0669 3.8783
324.0773 3.8755
324.0877 3.8728
324.0981 3.8700
324.1085 3.8673
324.1189 3.8645
324.1293 3.8618
324.1397 3.8590
324.1501 3.8563
324.1605 3.8536
324.1709 3.8508
324.1813 3.8481
324.1917 3.8453
324.2022 3.8426
324.2126 3.8399
324.2230 3.8371
324.2334 3.8344
324.2438 3.8317
324.2542 3.8289
324.2647 3.8262
324.2751 3.8235
324.2855 3.8207
324.2959 3.8180
324.3063 3.8153
324.3168 3.8125
324.3272 3.8098
324.3376 3.8071
324.3480 3.8044
324.3585 3.8016
324.3689 3.7989
324.3793 3.7962
324.3897 3.7935
324.4002 3.7907
324.4106 3.7880
324.4210 3.7853
324.4315 3.7826
324.4419 3.7799
324.4523 3.7772
324.4627 3.7744
324.4732 3.7717
324.4836 3.7690
324.4941 3.7663
324.5045 3.7636
324.5149 3.7609
324.5254 3.7582
324.5358 3.7554
324.5462 3.7527
324.5567 3.7500
324.5671 3.7473
324.5776 3.7446
324.5880 3.7419
324.5984 3.7392
324.6089 3.7365
324.6193 3.7338
324.6298 3.7311
324.6402 3.7284
324.6507 3.7257
324.6611 3.7230
324.6716 3.7203
324.6820 3.7176
324.6925 3.7149
324.7029 3.7122
324.7134 3.7095
324.7238 3.7068
324.7343 3.7041
324.7447 3.7014
324.7552 3.6987
324.7657 3.6960
324.7761 3.6934
324.7866 3.6907
324.7970 3.6880
324.8075 3.6853
324.8179 3.6826
324.8284 3.6799
324.8389 3.6772
324.8493 3.6745
324.8598 3.6719
324.8703 3.6692
324.8807 3.6665
324.8912 3.6638
324.9017 3.6611
324.9121 3.6585
324.9226 3.6558
324.9331 3.6531
324.9435 3.6504
324.9540 3.6478
324.9645 3.6451
324.9749 3.6424
324.9854 3.6397
324.9959 3.6371
325.0064 3.6344
325.0168 3.6317
325.0273 3.6290
325.0378 3.6264
325.0483 3.6237
325.0587 3.6210
325.0692 3.6184
325.0797 3.6157
325.0902 3.6130
325.1007 3.6104
325.1112 3.6077
325.1216 3.6051
325.1321 3.6024
325.1426 3.5997
325.1531 3.5971
325.1636 3.5944
325.1741 3.5918
325.1846 3.5891
325.1950 3.5865
325.2055 3.5838
325.2160 3.5811
325.2265 3.5785
325.2370 3.5758
325.2475 3.5732
325.2580 3.5705
325.2685 3.5679
325.2790 3.5652
325.2895 3.5626
325.3000 3.5600
325.3105 3.5573
325.3210 3.5547
325.3315 3.5520
325.3420 3.5494
325.3525 3.5467
325.3630 3.5441
325.3735 3.5414
325.3840 3.5388
325.3945 3.5362
325.4050 3.5335
325.4155 3.5309
325.4260 3.5283
325.4365 3.5256
325.4470 3.5230
325.4575 3.5204
325.4680 3.5177
325.4785 3.5151
325.4890 3.5125
325.4996 3.5098
325.5101 3.5072
325.5206 3.5046
325.5311 3.5019
325.5416 3.4993
325.5521 3.4967
325.5626 3.4941
325.5732 3.4914
325.5837 3.4888
325.5942 3.4862
325.6047 3.4836
325.6152 3.4810
325.6258 3.4783
325.6363 3.4757
325.6468 3.4731
325.6573 3.4705
325.6679 3.4679
325.6784 3.4653
325.6889 3.4626
325.6994 3.4600
325.7100 3.4574
325.7205 3.4548
325.7310 3.4522
325.7415 3.4496
325.7521 3.4470
325.7626 3.4444
325.7731 3.4418
325.7837 3.4392
325.7942 3.4366
325.8047 3.4339
325.8153 3.4313
325.8258 3.4287
325.8364 3.4261
325.8469 3.4235
325.8574 3.4209
325.8680 3.4183
325.8785 3.4157
325.8890 3.4131
325.8996 3.4105
325.9101 3.4080
325.9207 3.4054
325.9312 3.4028
325.9418 3.4002
325.9523 3.3976
325.9629 3.3950
325.9734 3.3924
325.9839 3.3898
325.9945 3.3872
326.0050 3.3846
326.0156 3.3820
326.0261 3.3795
326.0367 3.3769
326.0473 3.3743
326.0578 3.3717
326.0684 3.3691
326.0789 3.3665
326.0895 3.3640
326.1000 3.3614
326.1106 3.3588
326.1211 3.3562
326.1317 3.3537
326.1423 3.3511
326.1528 3.3485
326.1634 3.3459
326.1739 3.3434
326.1845 3.3408
326.1951 3.3382
326.2056 3.3356
326.2162 3.3331
326.2268 3.3305
326.2373 3.3279
326.2479 3.3254
326.2585 3.3228
326.2690 3.3202
326.2796 3.3177
326.2902 3.3151
326.3007 3.3126
326.3113 3.3100
326.3219 3.3074
326.3325 3.3049
326.3430 3.3023
326.3536 3.2998
326.3642 3.2972
326.3748 3.2946
326.3853 3.2921
326.3959 3.2895
326.4065 3.2870
326.4171 3.2844
326.4277 3.2819
326.4382 3.2793
326.4488 3.2768
326.4594 3.2742
326.4700 3.2717
326.4806 3.2691
326.4912 3.2666
326.5017 3.2640
326.5123 3.2615
326.5229 3.2589
326.5335 3.2564
326.5441 3.2539
326.5547 3.2513
326.5653 3.2488
326.5759 3.2462
326.5865 3.2437
326.5971 3.2412
326.6076 3.2386
326.6182 3.2361
326.6288 3.2336
326.6394 3.2310
326.6500 3.2285
326.6606 3.2260
326.6712 3.2234
326.6818 3.2209
326.6924 3.2184
326.7030 3.2158
326.7136 3.2133
326.7242 3.2108
326.7348 3.2083
326.7454 3.2057
326.7560 3.2032
326.7666 3.2007
326.7773 3.1982
326.7879 3.1957
326.7985 3.1931
326.8091 3.1906
326.8197 3.1881
326.8303 3.1856
326.8409 3.1831
326.8515 3.1806
326.8621 3.1780
326.8727 3.1755
326.8834 3.1730
326.8940 3.1705
326.9046 3.1680
326.9152 3.1655
326.9258 3.1630
326.9364 3.1605
326.9471 3.1580
326.9577 3.1554
326.9683 3.1529
326.9789 3.1504
326.9895 3.1479
327.0002 3.1454
327.0108 3.1429
327.0214 3.1404
327.0320 3.1379
327.0426 3.1354
327.0533 3.1329
327.0639 3.1304
327.0745 3.1279
327.0852 3.1254
327.0958 3.1229
327.1064 3.1205
327.1170 3.1180
327.1277 3.1155
327.1383 3.1130
327.1489 3.1105
327.1596 3.1080
327.1702 3.1055
327.1808 3.1030
327.1915 3.1005
327.2021 3.0981
327.2128 3.0956
327.2234 3.0931
327.2340 3.0906
327.2447 3.0881
327.2553 3.0856
327.2660 3.0832
327.2766 3.0807
327.2872 3.0782
327.2979 3.0757
327.3085 3.0733
327.3192 3.0708
327.3298 3.0683
327.3405 3.0658
327.3511 3.0634
327.3618 3.0609
327.3724 3.0584
327.3831 3.0559
327.3937 3.0535
327.4044 3.0510
327.4150 3.0485
327.4257 3.0461
327.4363 3.0436
327.4470 3.0411
327.4576 3.0387
327.4683 3.0362
327.4789 3.0338
327.4896 3.0313
327.5003 3.0288
327.5109 3.0264
327.5216 3.0239
327.5322 3.0215
327.5429 3.0190
327.5536 3.0166
327.5642 3.0141
327.5749 3.0116
327.5855 3.0092
327.5962 3.0067
327.6069 3.0043
327.6175 3.0018
327.6282 2.9994
327.6389 2.9969
327.6495 2.9945
327.6602 2.9921
327.6709 2.9896
327.6816 2.9872
327.6922 2.9847
327.7029 2.9823
327.7136 2.9798
327.7242 2.9774
327.7349 2.9750
327.7456 2.9725
327.7563 2.9701
327.7669 2.9676
327.7776 2.9652
327.7883 2.9628
327.7990 2.9603
327.8097 2.9579
327.8203 2.9555
327.8310 2.9530
327.8417 2.9506
327.8524 2.9482
327.8631 2.9458
327.8738 2.9433
327.8844 2.9409
327.8951 2.9385
327.9058 2.9361
327.9165 2.9336
327.9272 2.9312
327.9379 2.9288
327.9486 2.9264
327.9593 2.9239
327.9700 2.9215
327.9806 2.9191
327.9913 2.9167
328.0020 2.9143
328.0127 2.9119
328.0234 2.9094
328.0341 2.9070
328.0448 2.9046
328.0555 2.9022
328.0662 2.8998
328.0769 2.8974
328.0876 2.8950
328.0983 2.8926
328.1090 2.8902
328.1197 2.8878
328.1304 2.8853
328.1411 2.8829
328.1518 2.8805
328.1625 2.8781
328.1732 2.8757
328.1839 2.8733
328.1946 2.8709
328.2054 2.8685
328.2161 2.8661
328.2268 2.8637
328.2375 2.8613
328.2482 2.8590
328.2589 2.8566
328.2696 2.8542
328.2803 2.8518
328.2910 2.8494
328.3018 2.8470
328.3125 2.8446
328.3232 2.8422
328.3339 2.8398
328.3446 2.8374
328.3553 2.8351
328.3661 2.8327
328.3768 2.8303
328.3875 2.8279
328.3982 2.8255
328.4089 2.8231
328.4197 2.8208
328.4304 2.8184
328.4411 2.8160
328.4518 2.8136
328.4626 2.8113
328.4733 2.8089
328.4840 2.8065
328.4947 2.8041
328.5055 2.8018
328.5162 2.7994
328.5269 2.7970
328.5377 2.7946
328.5484 2.7923
328.5591 2.7899
328.5699 2.7875
328.5806 2.7852
328.5913 2.7828
328.6021 2.7805
328.6128 2.7781
328.6235 2.7757
328.6343 2.7734
328.6450 2.7710
328.6558 2.7686
328.6665 2.7663
328.6772 2.7639
328.6880 2.7616
328.6987 2.7592
328.7095 2.7569
328.7202 2.7545
328.7310 2.7522
328.7417 2.7498
328.7524 2.7475
328.7632 2.7451
328.7739 2.7428
328.7847 2.7404
328.7954 2.7381
328.8062 2.7357
328.8169 2.7334
328.8277 2.7310
328.8384 2.7287
328.8492 2.7263
328.8599 2.7240
328.8707 2.7217
328.8814 2.7193
328.8922 2.7170
328.9030 2.7146
328.9137 2.7123
328.9245 2.7100
328.9352 2.7076
328.9460 2.7053
328.9568 2.7030
328.9675 2.7006
328.9783 2.6983
328.9890 2.6960
328.9998 2.6936
329.0106 2.6913
329.0213 2.6890
329.0321 2.6867
329.0429 2.6843
329.0536 2.6820
329.0644 2.6797
329.0752 2.6774
329.0859 2.6750
329.0967 2.6727
329.1075 2.6704
329.1182 2.6681
329.1290 2.6658
329.1398 2.6635
329.1506 2.6611
329.1613 2.6588
329.1721 2.6565
329.1829 2.6542
329.1937 2.6519
329.2044 2.6496
329.2152 2.6473
329.2260 2.6450
329.2368 2.6426
329.2475 2.6403
329.2583 2.6380
329.2691 2.6357
329.2799 2.6334
329.2907 2.6311
329.3014 2.6288
329.3122 2.6265
329.3230 2.6242
329.3338 2.6219
329.3446 2.6196
329.3554 2.6173
329.3662 2.6150
329.3770 2.6127
329.3877 2.6104
329.3985 2.6081
329.4093 2.6058
329.4201 2.6036
329.4309 2.6013
329.4417 2.5990
329.4525 2.5967
329.4633 2.5944
329.4741 2.5921
329.4849 2.5898
329.4957 2.5875
329.5065 2.5853
329.5173 2.5830
329.5281 2.5807
329.5389 2.5784
329.5497 2.5761
329.5605 2.5738
329.5713 2.5716
329.5821 2.5693
329.5929 2.5670
329.6037 2.5647
329.6145 2.5625
329.6253 2.5602
329.6361 2.5579
329.6469 2.5556
329.6577 2.5534
329.6685 2.5511
329.6793 2.5488
329.6901 2.5466
329.7009 2.5443
329.7117 2.5420
329.7226 2.5398
329.7334 2.5375
329.7442 2.5352
329.7550 2.5330
329.7658 2.5307
329.7766 2.5285
329.7874 2.5262
329.7983 2.5239
329.8091 2.5217
329.8199 2.5194
329.8307 2.5172
329.8415 2.5149
329.8524 2.5127
329.8632 2.5104
329.8740 2.5082
329.8848 2.5059
329.8956 2.5037
329.9065 2.5014
329.9173 2.4992
329.9281 2.4969
329.9389 2.4947
329.9498 2.4924
329.9606 2.4902
329.9714 2.4879
329.9822 2.4857
329.9931 2.4835
330.0039 2.4812
330.0147 2.4790
330.0256 2.4767
330.0364 2.4745
330.0472 2.4723
330.0581 2.4700
330.0689 2.4678
330.0797 2.4656
330.0906 2.4633
330.1014 2.4611
330.1122 2.4589
330.1231 2.4566
330.1339 2.4544
330.1448 2.4522
330.1556 2.4500
330.1664 2.4477
330.1773 2.4455
330.1881 2.4433
330.1990 2.4411
330.2098 2.4388
330.2207 2.4366
330.2315 2.4344
330.2424 2.4322
330.2532 2.4300
330.2640 2.4277
330.2749 2.4255
330.2857 2.4233
330.2966 2.4211
330.3074 2.4189
330.3183 2.4167
330.3291 2.4145
330.3400 2.4122
330.3509 2.4100
330.3617 2.4078
330.3726 2.4056
330.3834 2.4034
330.3943 2.4012
330.4051 2.3990
330.4160 2.3968
330.4268 2.3946
330.4377 2.3924
330.4486 2.3902
330.4594 2.3880
330.4703 2.3858
330.4811 2.3836
330.4920 2.3814
330.5029 2.3792
330.5137 2.3770
330.5246 2.3748
330.5355 2.3726
330.5463 2.3704
330.5572 2.3682
330.5681 2.3661
330.5789 2.3639
330.5898 2.3617
330.6007 2.3595
330.6115 2.3573
330.6224 2.3551
330.6333 2.3529
330.6442 2.3508
330.6550 2.3486
330.6659 2.3464
330.6768 2.3442
330.6877 2.3420
330.6985 2.3399
330.7094 2.3377
330.7203 2.3355
330.7312 2.3333
330.7420 2.3312
330.7529 2.3290
330.7638 2.3268
330.7747 2.3246
330.7856 2.3225
330.7964 2.3203
330.8073 2.3181
330.8182 2.3160
330.8291 2.3138
330.8400 2.3116
330.8509 2.3095
330.8617 2.3073
330.8726 2.3051
330.8835 2.3030
330.8944 2.3008
330.9053 2.2987
330.9162 2.2965
330.9271 2.2943
330.9380 2.2922
330.9489 2.2900
330.9598 2.2879
330.9706 2.2857
330.9815 2.2836
330.9924 2.2814
331.0033 2.2793
331.0142 2.2771
331.0251 2.2750
331.0360 2.2728
331.0469 2.2707
331.0578 2.2685
331.0687 2.2664
331.0796 2.2642
331.0905 2.2621
331.1014 2.2600
331.1123 2.2578
331.1232 2.2557
331.1341 2.2535
331.1450 2.2514
331.1559 2.2493
331.1668 2.2471
331.1778 2.2450
331.1887 2.2429
331.1996 2.2407
331.2105 2.2386
331.2214 2.2365
331.2323 2.2343
331.2432 2.2322
331.2541 2.2301
331.2650 2.2279
331.2759 2.2258
331.2869 2.2237
331.2978 2.2216
331.3087 2.2194
331.3196 2.2173
331.3305 2.2152
331.3414 2.2131
331.3523 2.2110
331.3633 2.2088
331.3742 2.2067
331.3851 2.2046
331.3960 2.2025
331.4069 2.2004
331.4179 2.1983
331.4288 2.1962
331.4397 2.1940
331.4506 2.1919
331.4616 2.1898
331.4725 2.1877
331.4834 2.1856
331.4943 2.1835
331.5053 2.1814
331.5162 2.1793
331.5271 2.1772
331.5380 2.1751
331.5490 2.1730
331.5599 2.1709
331.5708 2.1688
331.5818 2.1667
331.5927 2.1646
331.6036 2.1625
331.6146 2.1604
331.6255 2.1583
331.6364 2.1562
331.6474 2.1541
331.6583 2.1520
331.6693 2.1499
331.6802 2.1478
331.6911 2.1458
331.7021 2.1437
331.7130 2.1416
331.7239 2.1395
331.7349 2.1374
331.7458 2.1353
331.7568 2.1332
331.7677 2.1312
331.7787 2.1291
331.7896 2.1270
331.8006 2.1249
331.8115 2.1229
331.8224 2.1208
331.8334 2.1187
331.8443 2.1166
331.8553 2.1146
331.8662 2.1125
331.8772 2.1104
331.8881 2.1083
331.8991 2.1063
331.9100 2.1042
331.9210 2.1021
331.9319 2.1001
331.9429 2.0980
331.9539 2.0959
331.9648 2.0939
331.9758 2.0918
331.9867 2.0897
331.9977 2.0877
332.0086 2.0856
332.0196 2.0836
332.0306 2.0815
332.0415 2.0795
332.0525 2.0774
332.0634 2.0753
332.0744 2.0733
332.0854 2.0712
332.0963 2.0692
332.1073 2.0671
332.1183 2.0651
332.1292 2.0630
332.1402 2.0610
332.1512 2.0589
332.1621 2.0569
332.1731 2.0548
332.1841 2.0528
332.1950 2.0508
332.2060 2.0487
332.2170 2.0467
332.2280 2.0446
332.2389 2.0426
332.2499 2.0406
332.2609 2.0385
332.2718 2.0365
332.2828 2.0345
332.2938 2.0324
332.3048 2.0304
332.3158 2.0284
332.3267 2.0263
332.3377 2.0243
332.3487 2.0223
332.3597 2.0202
332.3707 2.0182
332.3816 2.0162
332.3926 2.0142
332.4036 2.0121
332.4146 2.0101
332.4256 2.0081
332.4365 2.0061
332.4475 2.0041
332.4585 2.0020
332.4695 2.0000
332.4805 1.9980
332.4915 1.9960
332.5025 1.9940
332.5135 1.9920
332.5244 1.9899
332.5354 1.9879
332.5464 1.9859
332.5574 1.9839
332.5684 1.9819
332.5794 1.9799
332.5904 1.9779
332.6014 1.9759
332.6124 1.9739
332.6234 1.9719
332.6344 1.9699
332.6454 1.9679
332.6564 1.9659
332.6674 1.9639
332.6784 1.9619
332.6894 1.9599
332.7004 1.9579
332.7114 1.9559
332.7224 1.9539
332.7334 1.9519
332.7444 1.9499
332.7554 1.9479
332.7664 1.9459
332.7774 1.9439
332.7884 1.9419
332.7994 1.9400
332.8104 1.9380
332.8214 1.9360
332.8324 1.9340
332.8434 1.9320
332.8545 1.9300
332.8655 1.9281
332.8765 1.9261
332.8875 1.9241
332.8985 1.9221
332.9095 1.9201
332.9205 1.9182
332.9315 1.9162
332.9426 1.9142
332.9536 1.9122
332.9646 1.9103
332.9756 1.9083
332.9866 1.9063
332.9976 1.9044
333.0087 1.9024
333.0197 1.9004
333.0307 1.8985
333.0417 1.8965
333.0527 1.8945
333.0638 1.8926
333.0748 1.8906
333.0858 1.8886
333.0968 1.8867
333.1079 1.8847
333.1189 1.8828
333.1299 1.8808
333.1409 1.8788
333.1520 1.8769
333.1630 1.8749
333.1740 1.8730
333.1851 1.8710
333.1961 1.8691
333.2071 1.8671
333.2182 1.8652
333.2292 1.8632
333.2402 1.8613
333.2512 1.8593
333.2623 1.8574
333.2733 1.8555
333.2844 1.8535
333.2954 1.8516
333.3064 1.8496
333.3175 1.8477
333.3285 1.8457
333.3395 1.8438
333.3506 1.8419
333.3616 1.8399
333.3727 1.8380
333.3837 1.8361
333.3947 1.8341
333.4058 1.8322
333.4168 1.8303
333.4279 1.8283
333.4389 1.8264
333.4500 1.8245
333.4610 1.8226
333.4721 1.8206
333.4831 1.8187
333.4941 1.8168
333.5052 1.8149
333.5162 1.8129
333.5273 1.8110
333.5383 1.8091
333.5494 1.8072
333.5604 1.8053
333.5715 1.8033
333.5826 1.8014
333.5936 1.7995
333.6047 1.7976
333.6157 1.7957
333.6268 1.7938
333.6378 1.7919
333.6489 1.7900
333.6599 1.7881
333.6710 1.7861
333.6821 1.7842
333.6931 1.7823
333.7042 1.7804
333.7152 1.7785
333.7263 1.7766
333.7374 1.7747
333.7484 1.7728
333.7595 1.7709
333.7705 1.7690
333.7816 1.7671
333.7927 1.7652
333.8037 1.7633
333.8148 1.7614
333.8259 1.7596
333.8369 1.7577
333.8480 1.7558
333.8591 1.7539
333.8701 1.7520
333.8812 1.7501
333.8923 1.7482
333.9034 1.7463
333.9144 1.7444
333.9255 1.7426
333.9366 1.7407
333.9476 1.7388
333.9587 1.7369
333.9698 1.7350
333.9809 1.7332
333.9919 1.7313
334.0030 1.7294
334.0141 1.7275
334.0252 1.7257
334.0363 1.7238
334.0473 1.7219
334.0584 1.7200
334.0695 1.7182
334.0806 1.7163
334.0917 1.7144
334.1027 1.7126
334.1138 1.7107
334.1249 1.7088
334.1360 1.7070
334.1471 1.7051
334.1582 1.7032
334.1692 1.7014
334.1803 1.6995
334.1914 1.6977
334.2025 1.6958
334.2136 1.6939
334.2247 1.6921
334.2358 1.6902
334.2469 1.6884
334.2580 1.6865
334.2690 1.6847
334.2801 1.6828
334.2912 1.6810
334.3023 1.6791
334.3134 1.6773
334.3245 1.6754
334.3356 1.6736
334.3467 1.6717
334.3578 1.6699
334.3689 1.6681
334.3800 1.6662
334.3911 1.6644
334.4022 1.6625
334.4133 1.6607
334.4244 1.6589
334.4355 1.6570
334.4466 1.6552
334.4577 1.6534
334.4688 1.6515
334.4799 1.6497
334.4910 1.6479
334.5021 1.6460
334.5132 1.6442
334.5243 1.6424
334.5354 1.6405
334.5465 1.6387
334.5577 1.6369
334.5688 1.6351
334.5799 1.6332
334.5910 1.6314
334.6021 1.6296
334.6132 1.6278
334.6243 1.6260
334.6354 1.6241
334.6465 1.6223
334.6576 1.6205
334.6688 1.6187
334.6799 1.6169
334.6910 1.6151
334.7021 1.6133
334.7132 1.6114
334.7243 1.6096
334.7355 1.6078
334.7466 1.6060
334.7577 1.6042
334.7688 1.6024
334.7799 1.6006
334.7911 1.5988
334.8022 1.5970
334.8133 1.5952
334.8244 1.5934
334.8355 1.5916
334.8467 1.5898
334.8578 1.5880
334.8689 1.5862
334.8800 1.5844
334.8912 1.5826
334.9023 1.5808
334.9134 1.5790
334.9246 1.5772
334.9357 1.5755
334.9468 1.5737
334.9579 1.5719
334.9691 1.5701
334.9802 1.5683
334.9913 1.5665
335.0025 1.5647
335.0136 1.5630
335.0247 1.5612
335.0359 1.5594
335.0470 1.5576
335.0581 1.5558
335.0693 1.5541
335.0804 1.5523
335.0916 1.5505
335.1027 1.5487
335.1138 1.5470
335.1250 1.5452
335.1361 1.5434
335.1472 1.5416
335.1584 1.5399
335.1695 1.5381
335.1807 1.5363
335.1918 1.5346
335.2030 1.5328
335.2141 1.5310
335.2252 1.5293
335.2364 1.5275
335.2475 1.5258
335.2587 1.5240
335.2698 1.5222
335.2810 1.5205
335.2921 1.5187
335.3033 1.5170
335.3144 1.5152
335.3256 1.5135
335.3367 1.5117
335.3479 1.5100
335.3590 1.5082
335.3702 1.5065
335.3813 1.5047
335.3925 1.5030
335.4036 1.5012
335.4148 1.4995
335.4260 1.4977
335.4371 1.4960
335.4483 1.4942
335.4594 1.4925
335.4706 1.4908
335.4817 1.4890
335.4929 1.4873
335.5041 1.4856
335.5152 1.4838
335.5264 1.4821
335.5375 1.4804
335.5487 1.4786
335.5599 1.4769
335.5710 1.4752
335.5822 1.4734
335.5934 1.4717
335.6045 1.4700
335.6157 1.4682
335.6268 1.4665
335.6380 1.4648
335.6492 1.4631
335.6603 1.4614
335.6715 1.4596
335.6827 1.4579
335.6939 1.4562
335.7050 1.4545
335.7162 1.4528
335.7274 1.4510
335.7385 1.4493
335.7497 1.4476
335.7609 1.4459
335.7721 1.4442
335.7832 1.4425
335.7944 1.4408
335.8056 1.4391
335.8168 1.4374
335.8279 1.4356
335.8391 1.4339
335.8503 1.4322
335.8615 1.4305
335.8726 1.4288
335.8838 1.4271
335.8950 1.4254
335.9062 1.4237
335.9174 1.4220
335.9285 1.4203
335.9397 1.4186
335.9509 1.4170
335.9621 1.4153
335.9733 1.4136
335.9845 1.4119
335.9956 1.4102
336.0068 1.4085
336.0180 1.4068
336.0292 1.4051
336.0404 1.4034
336.0516 1.4017
336.0628 1.4001
336.0740 1.3984
336.0852 1.3967
336.0963 1.3950
336.1075 1.3933
336.1187 1.3917
336.1299 1.3900
336.1411 1.3883
336.1523 1.3866
336.1635 1.3850
336.1747 1.3833
336.1859 1.3816
336.1971 1.3799
336.2083 1.3783
336.2195 1.3766
336.2307 1.3749
336.2419 1.3733
336.2531 1.3716
336.2643 1.3699
336.2755 1.3683
336.2867 1.3666
336.2979 1.3649
336.3091 1.3633
336.3203 1.3616
336.3315 1.3600
336.3427 1.3583
336.3539 1.3566
336.3651 1.3550
336.3763 1.3533
336.3875 1.3517
336.3987 1.3500
336.4099 1.3484
336.4211 1.3467
336.4323 1.3451
336.4435 1.3434
336.4547 1.3418
336.4659 1.3401
336.4772 1.3385
336.4884 1.3369
336.4996 1.3352
336.5108 1.3336
336.5220 1.3319
336.5332 1.3303
336.5444 1.3286
336.5556 1.3270
336.5668 1.3254
336.5781 1.3237
336.5893 1.3221
336.6005 1.3205
336.6117 1.3188
336.6229 1.3172
336.6341 1.3156
336.6454 1.3139
336.6566 1.3123
336.6678 1.3107
336.6790 1.3091
336.6902 1.3074
336.7015 1.3058
336.7127 1.3042
336.7239 1.3026
336.7351 1.3010
336.7464 1.2993
336.7576 1.2977
336.7688 1.2961
336.7800 1.2945
336.7912 1.2929
336.8025 1.2913
336.8137 1.2896
336.8249 1.2880
336.8362 1.2864
336.8474 1.2848
336.8586 1.2832
336.8698 1.2816
336.8811 1.2800
336.8923 1.2784
336.9035 1.2768
336.9148 1.2752
336.9260 1.2736
336.9372 1.2720
336.9485 1.2704
336.9597 1.2688
336.9709 1.2672
336.9822 1.2656
336.9934 1.2640
337.0046 1.2624
337.0159 1.2608
337.0271 1.2592
337.0384 1.2576
337.0496 1.2560
337.0608 1.2544
337.0721 1.2528
337.0833 1.2512
337.0945 1.2497
337.1058 1.2481
337.1170 1.2465
337.1283 1.2449
337.1395 1.2433
337.1508 1.2417
337.1620 1.2402
337.1732 1.2386
337.1845 1.2370
337.1957 1.2354
337.2070 1.2338
337.2182 1.2323
337.2295 1.2307
337.2407 1.2291
337.2520 1.2276
337.2632 1.2260
337.2745 1.2244
337.2857 1.2228
337.2970 1.2213
337.3082 1.2197
337.3195 1.2181
337.3307 1.2166
337.3420 1.2150
337.3532 1.2135
337.3645 1.2119
337.3757 1.2103
337.3870 1.2088
337.3982 1.2072
337.4095 1.2057
337.4208 1.2041
337.4320 1.2026
337.4433 1.2010
337.4545 1.1994
337.4658 1.1979
337.4770 1.1963
337.4883 1.1948
337.4996 1.1933
337.5108 1.1917
337.5221 1.1902
337.5334 1.1886
337.5446 1.1871
337.5559 1.1855
337.5671 1.1840
337.5784 1.1824
337.5897 1.1809
337.6009 1.1794
337.6122 1.1778
337.6235 1.1763
337.6347 1.1748
337.6460 1.1732
337.6573 1.1717
337.6685 1.1702
337.6798 1.1686
337.6911 1.1671
337.7023 1.1656
337.7136 1.1640
337.7249 1.1625
337.7362 1.1610
337.7474 1.1595
337.7587 1.1579
337.7700 1.1564
337.7812 1.1549
337.7925 1.1534
337.8038 1.1519
337.8151 1.1503
337.8263 1.1488
337.8376 1.1473
337.8489 1.1458
337.8602 1.1443
337.8714 1.1428
337.8827 1.1413
337.8940 1.1397
337.9053 1.1382
337.9166 1.1367
337.9278 1.1352
337.9391 1.1337
337.9504 1.1322
337.9617 1.1307
337.9730 1.1292
337.9843 1.1277
337.9955 1.1262
338.0068 1.1247
338.0181 1.1232
338.0294 1.1217
338.0407 1.1202
338.0520 1.1187
338.0632 1.1172
338.0745 1.1157
338.0858 1.1142
338.0971 1.1127
338.1084 1.1112
338.1197 1.1098
338.1310 1.1083
338.1423 1.1068
338.1536 1.1053
338.1649 1.1038
338.1761 1.1023
338.1874 1.1008
338.1987 1.0994
338.2100 1.0979
338.2213 1.0964
338.2326 1.0949
338.2439 1.0934
338.2552 1.0920
338.2665 1.0905
338.2778 1.0890
338.2891 1.0875
338.3004 1.0861
338.3117 1.0846
338.3230 1.0831
338.3343 1.0817
338.3456 1.0802
338.3569 1.0787
338.3682 1.0773
338.3795 1.0758
338.3908 1.0743
338.4021 1.0729
338.4134 1.0714
338.4247 1.0700
338.4360 1.0685
338.4473 1.0670
338.4586 1.0656
338.4699 1.0641
338.4812 1.0627
338.4925 1.0612
338.5038 1.0598
338.5151 1.0583
338.5264 1.0569
338.5377 1.0554
338.5491 1.0540
338.5604 1.0525
338.5717 1.0511
338.5830 1.0496
338.5943 1.0482
338.6056 1.0467
338.6169 1.0453
338.6282 1.0439
338.6395 1.0424
338.6509 1.0410
338.6622 1.0395
338.6735 1.0381
338.6848 1.0367
338.6961 1.0352
338.7074 1.0338
338.7187 1.0324
338.7301 1.0309
338.7414 1.0295
338.7527 1.0281
338.7640 1.0266
338.7753 1.0252
338.7867 1.0238
338.7980 1.0224
338.8093 1.0209
338.8206 1.0195
338.8319 1.0181
338.8433 1.0167
338.8546 1.0153
338.8659 1.0138
338.8772 1.0124
338.8885 1.0110
338.8999 1.0096
338.9112 1.0082
338.9225 1.0068
338.9338 1.0054
338.9452 1.0039
338.9565 1.0025
338.9678 1.0011
338.9792 0.9997
338.9905 0.9983
339.0018 0.9969
339.0131 0.9955
339.0245 0.9941
339.0358 0.9927
339.0471 0.9913
339.0585 0.9899
339.0698 0.9885
339.0811 0.9871
339.0925 0.9857
339.1038 0.9843
339.1151 0.9829
339.1265 0.9815
339.1378 0.9801
339.1491 0.9787
339.1605 0.9774
339.1718 0.9760
339.1831 0.9746
339.1945 0.9732
339.2058 0.9718
339.2171 0.9704
339.2285 0.9690
339.2398 0.9677
339.2512 0.9663
339.2625 0.9649
339.2738 0.9635
339.2852 0.9621
339.2965 0.9608
339.3079 0.9594
339.3192 0.9580
339.3305 0.9566
339.3419 0.9553
339.3532 0.9539
339.3646 0.9525
339.3759 0.9511
339.3873 0.9498
339.3986 0.9484
339.4100 0.9470
339.4213 0.9457
339.4327 0.9443
339.4440 0.9430
339.4554 0.9416
339.4667 0.9402
339.4780 0.9389
339.4894 0.9375
339.5007 0.9362
339.5121 0.9348
339.5234 0.9334
339.5348 0.9321
339.5462 0.9307
339.5575 0.9294
339.5689 0.9280
339.5802 0.9267
339.5916 0.9253
339.6029 0.9240
339.6143 0.9226
339.6256 0.9213
339.6370 0.9199
339.6483 0.9186
339.6597 0.9173
339.6711 0.9159
339.6824 0.9146
339.6938 0.9132
339.7051 0.9119
339.7165 0.9106
339.7278 0.9092
339.7392 0.9079
339.7506 0.9066
339.7619 0.9052
339.7733 0.9039
339.7847 0.9026
339.7960 0.9012
339.8074 0.8999
339.8187 0.8986
339.8301 0.8972
339.8415 0.8959
339.8528 0.8946
339.8642 0.8933
339.8756 0.8920
339.8869 0.8906
339.8983 0.8893
339.9097 0.8880
339.9210 0.8867
339.9324 0.8854
339.9438 0.8840
339.9551 0.8827
339.9665 0.8814
339.9779 0.8801
339.9892 0.8788
340.0006 0.8775
340.0120 0.8762
340.0234 0.8749
340.0347 0.8736
340.0461 0.8723
340.0575 0.8709
340.0688 0.8696
340.0802 0.8683
340.0916 0.8670
340.1030 0.8657
340.1143 0.8644
340.1257 0.8631
340.1371 0.8618
340.1485 0.8605
340.1599 0.8593
340.1712 0.8580
340.1826 0.8567
340.1940 0.8554
340.2054 0.8541
340.2167 0.8528
340.2281 0.8515
340.2395 0.8502
340.2509 0.8489
340.2623 0.8476
340.2736 0.8464
340.2850 0.8451
340.2964 0.8438
340.3078 0.8425
340.3192 0.8412
340.3306 0.8400
340.3419 0.8387
340.3533 0.8374
340.3647 0.8361
340.3761 0.8349
340.3875 0.8336
340.3989 0.8323
340.4103 0.8310
340.4217 0.8298
340.4330 0.8285
340.4444 0.8272
340.4558 0.8260
340.4672 0.8247
340.4786 0.8234
340.4900 0.8222
340.5014 0.8209
340.5128 0.8196
340.5242 0.8184
340.5356 0.8171
340.5469 0.8159
340.5583 0.8146
340.5697 0.8133
340.5811 0.8121
340.5925 0.8108
340.6039 0.8096
340.6153 0.8083
340.6267 0.8071
340.6381 0.8058
340.6495 0.8046
340.6609 0.8033
340.6723 0.8021
340.6837 0.8008
340.6951 0.7996
340.7065 0.7984
340.7179 0.7971
340.7293 0.7959
340.7407 0.7946
340.7521 0.7934
340.7635 0.7922
340.7749 0.7909
340.7863 0.7897
340.7977 0.7884
340.8091 0.7872
340.8205 0.7860
340.8319 0.7848
340.8433 0.7835
340.8547 0.7823
340.8661 0.7811
340.8775 0.7798
340.8889 0.7786
340.9003 0.7774
340.9117 0.7762
340.9231 0.7749
340.9345 0.7737
340.9460 0.7725
340.9574 0.7713
340.9688 0.7701
340.9802 0.7688
340.9916 0.7676
341.0030 0.7664
341.0144 0.7652
341.0258 0.7640
341.0372 0.7628
341.0486 0.7616
341.0601 0.7603
341.0715 0.7591
341.0829 0.7579
341.0943 0.7567
341.1057 0.7555
341.1171 0.7543
341.1285 0.7531
341.1399 0.7519
341.1514 0.7507
341.1628 0.7495
341.1742 0.7483
341.1856 0.7471
341.1970 0.7459
341.2084 0.7447
341.2199 0.7435
341.2313 0.7423
341.2427 0.7411
341.2541 0.7399
341.2655 0.7388
341.2770 0.7376
341.2884 0.7364
341.2998 0.7352
341.3112 0.7340
341.3226 0.7328
341.3341 0.7316
341.3455 0.7305
341.3569 0.7293
341.3683 0.7281
341.3798 0.7269
341.3912 0.7257
341.4026 0.7246
341.4140 0.7234
341.4255 0.7222
341.4369 0.7210
341.4483 0.7199
341.4597 0.7187
341.4712 0.7175
341.4826 0.7163
341.4940 0.7152
341.5054 0.7140
341.5169 0.7128
341.5283 0.7117
341.5397 0.7105
341.5512 0.7093
341.5626 0.7082
341.5740 0.7070
341.5855 0.7059
341.5969 0.7047
341.6083 0.7035
341.6198 0.7024
341.6312 0.7012
341.6426 0.7001
341.6541 0.6989
341.6655 0.6978
341.6769 0.6966
341.6884 0.6955
341.6998 0.6943
341.7112 0.6932
341.7227 0.6920
341.7341 0.6909
341.7455 0.6897
341.7570 0.6886
341.7684 0.6874
341.7799 0.6863
341.7913 0.6852
341.8027 0.6840
341.8142 0.6829
341.8256 0.6817
341.8370 0.6806
341.8485 0.6795
341.8599 0.6783
341.8714 0.6772
341.8828 0.6761
341.8943 0.6749
341.9057 0.6738
341.9171 0.6727
341.9286 0.6715
341.9400 0.6704
341.9515 0.6693
341.9629 0.6682
341.9744 0.6670
341.9858 0.6659
341.9973 0.6648
342.0087 0.6637
342.0201 0.6626
342.0316 0.6614
342.0430 0.6603
342.0545 0.6592
342.0659 0.6581
342.0774 0.6570
342.0888 0.6559
342.1003 0.6547
342.1117 0.6536
342.1232 0.6525
342.1346 0.6514
342.1461 0.6503
342.1575 0.6492
342.1690 0.6481
342.1804 0.6470
342.1919 0.6459
342.2033 0.6448
342.2148 0.6437
342.2263 0.6426
342.2377 0.6415
342.2492 0.6404
342.2606 0.6393
342.2721 0.6382
342.2835 0.6371
342.2950 0.6360
342.3064 0.6349
342.3179 0.6338
342.3294 0.6327
342.3408 0.6316
342.3523 0.6306
342.3637 0.6295
342.3752 0.6284
342.3866 0.6273
342.3981 0.6262
342.4096 0.6251
342.4210 0.6240
342.4325 0.6230
342.4440 0.6219
342.4554 0.6208
342.4669 0.6197
342.4783 0.6186
342.4898 0.6176
342.5013 0.6165
342.5127 0.6154
342.5242 0.6144
342.5357 0.6133
342.5471 0.6122
342.5586 0.6111
342.5700 0.6101
342.5815 0.6090
342.5930 0.6079
342.6044 0.6069
342.6159 0.6058
342.6274 0.6047
342.6388 0.6037
342.6503 0.6026
342.6618 0.6016
342.6733 0.6005
342.6847 0.5994
342.6962 0.5984
342.7077 0.5973
342.7191 0.5963
342.7306 0.5952
342.7421 0.5942
342.7535 0.5931
342.7650 0.5921
342.7765 0.5910
342.7880 0.5900
342.7994 0.5889
342.8109 0.5879
342.8224 0.5868
342.8339 0.5858
342.8453 0.5847
342.8568 0.5837
342.8683 0.5827
342.8798 0.5816
342.8912 0.5806
342.9027 0.5795
342.9142 0.5785
342.9257 0.5775
342.9371 0.5764
342.9486 0.5754
342.9601 0.5744
342.9716 0.5733
342.9830 0.5723
342.9945 0.5713
343.0060 0.5703
343.0175 0.5692
343.0290 0.5682
343.0404 0.5672
343.0519 0.5662
343.0634 0.5651
343.0749 0.5641
343.0864 0.5631
343.0979 0.5621
343.1093 0.5611
343.1208 0.5600
343.1323 0.5590
343.1438 0.5580
343.1553 0.5570
343.1668 0.5560
343.1782 0.5550
343.1897 0.5540
343.2012 0.5529
343.2127 0.5519
343.2242 0.5509
343.2357 0.5499
343.2472 0.5489
343.2586 0.5479
343.2701 0.5469
343.2816 0.5459
343.2931 0.5449
343.3046 0.5439
343.3161 0.5429
343.3276 0.5419
343.3391 0.5409
343.3506 0.5399
343.3620 0.5389
343.3735 0.5379
343.3850 0.5369
343.3965 0.5359
343.4080 0.5349
343.4195 0.5340
343.4310 0.5330
343.4425 0.5320
343.4540 0.5310
343.4655 0.5300
343.4770 0.5290
343.4885 0.5280
343.5000 0.5271
343.5115 0.5261
343.5229 0.5251
343.5344 0.5241
343.5459 0.5231
343.5574 0.5222
343.5689 0.5212
343.5804 0.5202
343.5919 0.5192
343.6034 0.5183
343.6149 0.5173
343.6264 0.5163
343.6379 0.5153
343.6494 0.5144
343.6609 0.5134
343.6724 0.5124
343.6839 0.5115
343.6954 0.5105
343.7069 0.5096
343.7184 0.5086
343.7299 0.5076
343.7414 0.5067
343.7529 0.5057
343.7644 0.5047
343.7759 0.5038
343.7874 0.5028
343.7989 0.5019
343.8104 0.5009
343.8219 0.5000
343.8334 0.4990
343.8450 0.4981
343.8565 0.4971
343.8680 0.4962
343.8795 0.4952
343.8910 0.4943
343.9025 0.4933
343.9140 0.4924
343.9255 0.4914
343.9370 0.4905
343.9485 0.4896
343.9600 0.4886
343.9715 0.4877
343.9830 0.4867
343.9945 0.4858
344.0061 0.4849
344.0176 0.4839
344.0291 0.4830
344.0406 0.4821
344.0521 0.4811
344.0636 0.4802
344.0751 0.4793
344.0866 0.4783
344.0981 0.4774
344.1097 0.4765
344.1212 0.4756
344.1327 0.4746
344.1442 0.4737
344.1557 0.4728
344.1672 0.4719
344.1787 0.4709
344.1903 0.4700
344.2018 0.4691
344.2133 0.4682
344.2248 0.4673
344.2363 0.4664
344.2478 0.4654
344.2594 0.4645
344.2709 0.4636
344.2824 0.4627
344.2939 0.4618
344.3054 0.4609
344.3169 0.4600
344.3285 0.4591
344.3400 0.4582
344.3515 0.4573
344.3630 0.4564
344.3745 0.4555
344.3861 0.4546
344.3976 0.4537
344.4091 0.4528
344.4206 0.4519
344.4321 0.4510
344.4437 0.4501
344.4552 0.4492
344.4667 0.4483
344.4782 0.4474
344.4898 0.4465
344.5013 0.4456
344.5128 0.4447
344.5243 0.4438
344.5359 0.4429
344.5474 0.4420
344.5589 0.4411
344.5704 0.4403
344.5820 0.4394
344.5935 0.4385
344.6050 0.4376
344.6165 0.4367
344.6281 0.4359
344.6396 0.4350
344.6511 0.4341
344.6626 0.4332
344.6742 0.4323
344.6857 0.4315
344.6972 0.4306
344.7088 0.4297
344.7203 0.4288
344.7318 0.4280
344.7433 0.4271
344.7549 0.4262
344.7664 0.4254
344.7779 0.4245
344.7895 0.4236
344.8010 0.4228
344.8125 0.4219
344.8241 0.4210
344.8356 0.4202
344.8471 0.4193
344.8587 0.4185
344.8702 0.4176
344.8817 0.4168
344.8933 0.4159
344.9048 0.4150
344.9163 0.4142
344.9279 0.4133
344.9394 0.4125
344.9509 0.4116
344.9625 0.4108
344.9740 0.4099
344.9856 0.4091
344.9971 0.4082
345.0086 0.4074
345.0202 0.4065
345.0317 0.4057
345.0432 0.4049
345.0548 0.4040
345.0663 0.4032
345.0779 0.4023
345.0894 0.4015
345.1009 0.4007
345.1125 0.3998
345.1240 0.3990
345.1356 0.3981
345.1471 0.3973
345.1586 0.3965
345.1702 0.3956
345.1817 0.3948
345.1933 0.3940
345.2048 0.3932
345.2163 0.3923
345.2279 0.3915
345.2394 0.3907
345.2510 0.3899
345.2625 0.3890
345.2741 0.3882
345.2856 0.3874
345.2971 0.3866
345.3087 0.3857
345.3202 0.3849
345.3318 0.3841
345.3433 0.3833
345.3549 0.3825
345.3664 0.3817
345.3780 0.3809
345.3895 0.3800
345.4011 0.3792
345.4126 0.3784
345.4242 0.3776
345.4357 0.3768
345.4472 0.3760
345.4588 0.3752
345.4703 0.3744
345.4819 0.3736
345.4934 0.3728
345.5050 0.3720
345.5165 0.3712
345.5281 0.3704
345.5396 0.3696
345.5512 0.3688
345.5627 0.3680
345.5743 0.3672
345.5858 0.3664
345.5974 0.3656
345.6089 0.3648
345.6205 0.3640
345.6321 0.3632
345.6436 0.3624
345.6552 0.3616
345.6667 0.3608
345.6783 0.3601
345.6898 0.3593
345.7014 0.3585
345.7129 0.3577
345.7245 0.3569
345.7360 0.3561
345.7476 0.3554
345.7591 0.3546
345.7707 0.3538
345.7823 0.3530
345.7938 0.3522
345.8054 0.3515
345.8169 0.3507
345.8285 0.3499
345.8400 0.3491
345.8516 0.3484
345.8632 0.3476
345.8747 0.3468
345.8863 0.3461
345.8978 0.3453
345.9094 0.3445
345.9210 0.3438
345.9325 0.3430
345.9441 0.3422
345.9556 0.3415
345.9672 0.3407
345.9788 0.3400
345.9903 0.3392
346.0019 0.3384
346.0134 0.3377
346.0250 0.3369
346.0366 0.3362
346.0481 0.3354
346.0597 0.3347
346.0712 0.3339
346.0828 0.3332
346.0944 0.3324
346.1059 0.3317
346.1175 0.3309
346.1291 0.3302
346.1406 0.3294
346.1522 0.3287
346.1638 0.3279
346.1753 0.3272
346.1869 0.3264
346.1985 0.3257
346.2100 0.3250
346.2216 0.3242
346.2332 0.3235
346.2447 0.3227
346.2563 0.3220
346.2679 0.3213
346.2794 0.3205
346.2910 0.3198
346.3026 0.3191
346.3141 0.3183
346.3257 0.3176
346.3373 0.3169
346.3488 0.3161
346.3604 0.3154
346.3720 0.3147
346.3835 0.3140
346.3951 0.3132
346.4067 0.3125
346.4183 0.3118
346.4298 0.3111
346.4414 0.3103
346.4530 0.3096
346.4645 0.3089
346.4761 0.3082
346.4877 0.3075
346.4993 0.3068
346.5108 0.3060
346.5224 0.3053
346.5340 0.3046
346.5455 0.3039
346.5571 0.3032
346.5687 0.3025
346.5803 0.3018
346.5918 0.3011
346.6034 0.3004
346.6150 0.2997
346.6266 0.2989
346.6381 0.2982
346.6497 0.2975
346.6613 0.2968
346.6729 0.2961
346.6845 0.2954
346.6960 0.2947
346.7076 0.2940
346.7192 0.2933
346.7308 0.2926
346.7423 0.2920
346.7539 0.2913
346.7655 0.2906
346.7771 0.2899
346.7886 0.2892
346.8002 0.2885
346.8118 0.2878
346.8234 0.2871
346.8350 0.2864
346.8465 0.2857
346.8581 0.2851
346.8697 0.2844
346.8813 0.2837
346.8929 0.2830
346.9044 0.2823
346.9160 0.2816
346.9276 0.2810
346.9392 0.2803
346.9508 0.2796
346.9624 0.2789
346.9739 0.2783
346.9855 0.2776
346.9971 0.2769
347.0087 0.2762
347.0203 0.2756
347.0319 0.2749
347.0434 0.2742
347.0550 0.2736
347.0666 0.2729
347.0782 0.2722
347.0898 0.2716
347.1014 0.2709
347.1129 0.2702
347.1245 0.2696
347.1361 0.2689
347.1477 0.2682
347.1593 0.2676
347.1709 0.2669
347.1825 0.2663
347.1940 0.2656
347.2056 0.2650
347.2172 0.2643
347.2288 0.2636
347.2404 0.2630
347.2520 0.2623
347.2636 0.2617
347.2752 0.2610
347.2868 0.2604
347.2983 0.2597
347.3099 0.2591
347.3215 0.2584
347.3331 0.2578
347.3447 0.2572
347.3563 0.2565
347.3679 0.2559
347.3795 0.2552
347.3911 0.2546
347.4027 0.2539
347.4142 0.2533
347.4258 0.2527
347.4374 0.2520
347.4490 0.2514
347.4606 0.2508
347.4722 0.2501
347.4838 0.2495
347.4954 0.2489
347.5070 0.2482
347.5186 0.2476
347.5302 0.2470
347.5418 0.2463
347.5534 0.2457
347.5649 0.2451
347.5765 0.2445
347.5881 0.2438
347.5997 0.2432
347.6113 0.2426
347.6229 0.2420
347.6345 0.2414
347.6461 0.2407
347.6577 0.2401
347.6693 0.2395
347.6809 0.2389
347.6925 0.2383
347.7041 0.2377
347.7157 0.2370
347.7273 0.2364
347.7389 0.2358
347.7505 0.2352
347.7621 0.2346
347.7737 0.2340
347.7853 0.2334
347.7969 0.2328
347.8085 0.2322
347.8201 0.2316
347.8317 0.2310
347.8433 0.2304
347.8549 0.2297
347.8665 0.2291
347.8781 0.2285
347.8897 0.2279
347.9013 0.2273
347.9129 0.2268
347.9245 0.2262
347.9361 0.2256
347.9477 0.2250
347.9593 0.2244
347.9709 0.2238
347.9825 0.2232
347.9941 0.2226
348.0057 0.2220
348.0173 0.2214
348.0289 0.2208
348.0405 0.2202
348.0521 0.2197
348.0637 0.2191
348.0753 0.2185
348.0869 0.2179
348.0985 0.2173
348.1101 0.2167
348.1217 0.2162
348.1333 0.2156
348.1449 0.2150
348.1565 0.2144
348.1681 0.2138
348.1797 0.2133
348.1913 0.2127
348.2029 0.2121
348.2145 0.2115
348.2261 0.2110
348.2377 0.2104
348.2493 0.2098
348.2610 0.2093
348.2726 0.2087
348.2842 0.2081
348.2958 0.2076
348.3074 0.2070
348.3190 0.2064
348.3306 0.2059
348.3422 0.2053
348.3538 0.2047
348.3654 0.2042
348.3770 0.2036
348.3886 0.2031
348.4002 0.2025
348.4119 0.2019
348.4235 0.2014
348.4351 0.2008
348.4467 0.2003
348.4583 0.1997
348.4699 0.1992
348.4815 0.1986
348.4931 0.1981
348.5047 0.1975
348.5163 0.1970
348.5280 0.1964
348.5396 0.1959
348.5512 0.1953
348.5628 0.1948
348.5744 0.1942
348.5860 0.1937
348.5976 0.1932
348.6092 0.1926
348.6208 0.1921
348.6325 0.1915
348.6441 0.1910
348.6557 0.1905
348.6673 0.1899
348.6789 0.1894
348.6905 0.1888
348.7021 0.1883
348.7137 0.1878
348.7254 0.1873
348.7370 0.1867
348.7486 0.1862
348.7602 0.1857
348.7718 0.1851
348.7834 0.1846
348.7950 0.1841
348.8067 0.1835
348.8183 0.1830
348.8299 0.1825
348.8415 0.1820
348.8531 0.1815
348.8647 0.1809
348.8764 0.1804
348.8880 0.1799
348.8996 0.1794
348.9112 0.1789
348.9228 0.1783
348.9344 0.1778
348.9461 0.1773
348.9577 0.1768
348.9693 0.1763
348.9809 0.1758
348.9925 0.1753
349.0042 0.1747
349.0158 0.1742
349.0274 0.1737
349.0390 0.1732
349.0506 0.1727
349.0622 0.1722
349.0739 0.1717
349.0855 0.1712
349.0971 0.1707
349.1087 0.1702
349.1203 0.1697
349.1320 0.1692
349.1436 0.1687
349.1552 0.1682
349.1668 0.1677
349.1784 0.1672
349.1901 0.1667
349.2017 0.1662
349.2133 0.1657
349.2249 0.1652
349.2366 0.1647
349.2482 0.1642
349.2598 0.1637
349.2714 0.1633
349.2830 0.1628
349.2947 0.1623
349.3063 0.1618
349.3179 0.1613
349.3295 0.1608
349.3412 0.1603
349.3528 0.1599
349.3644 0.1594
349.3760 0.1589
349.3876 0.1584
349.3993 0.1579
349.4109 0.1574
349.4225 0.1570
349.4341 0.1565
349.4458 0.1560
349.4574 0.1555
349.4690 0.1551
349.4806 0.1546
349.4923 0.1541
349.5039 0.1536
349.5155 0.1532
349.5271 0.1527
349.5388 0.1522
349.5504 0.1518
349.5620 0.1513
349.5736 0.1508
349.5853 0.1504
349.5969 0.1499
349.6085 0.1494
349.6202 0.1490
349.6318 0.1485
349.6434 0.1480
349.6550 0.1476
349.6667 0.1471
349.6783 0.1467
349.6899 0.1462
349.7015 0.1458
349.7132 0.1453
349.7248 0.1448
349.7364 0.1444
349.7481 0.1439
349.7597 0.1435
349.7713 0.1430
349.7829 0.1426
349.7946 0.1421
349.8062 0.1417
349.8178 0.1412
349.8295 0.1408
349.8411 0.1403
349.8527 0.1399
349.8644 0.1394
349.8760 0.1390
349.8876 0.1386
349.8992 0.1381
349.9109 0.1377
349.9225 0.1372
349.9341 0.1368
349.9458 0.1364
349.9574 0.1359
349.9690 0.1355
349.9807 0.1350
349.9923 0.1346
350.0039 0.1342
350.0156 0.1337
350.0272 0.1333
350.0388 0.1329
350.0505 0.1324
350.0621 0.1320
350.0737 0.1316
350.0854 0.1312
350.0970 0.1307
350.1086 0.1303
350.1203 0.1299
350.1319 0.1295
350.1435 0.1290
350.1552 0.1286
350.1668 0.1282
350.1784 0.1278
350.1901 0.1273
350.2017 0.1269
350.2133 0.1265
350.2250 0.1261
350.2366 0.1257
350.2482 0.1252
350.2599 0.1248
350.2715 0.1244
350.2831 0.1240
350.2948 0.1236
350.3064 0.1232
350.3180 0.1228
350.3297 0.1224
350.3413 0.1219
350.3529 0.1215
350.3646 0.1211
350.3762 0.1207
350.3879 0.1203
350.3995 0.1199
350.4111 0.1195
350.4228 0.1191
350.4344 0.1187
350.4460 0.1183
350.4577 0.1179
350.4693 0.1175
350.4810 0.1171
350.4926 0.1167
350.5042 0.1163
350.5159 0.1159
350.5275 0.1155
350.5391 0.1151
350.5508 0.1147
350.5624 0.1143
350.5741 0.1139
350.5857 0.1135
350.5973 0.1131
350.6090 0.1128
350.6206 0.1124
350.6323 0.1120
350.6439 0.1116
350.6555 0.1112
350.6672 0.1108
350.6788 0.1104
350.6905 0.1100
350.7021 0.1097
350.7137 0.1093
350.7254 0.1089
350.7370 0.1085
350.7487 0.1081
350.7603 0.1078
350.7719 0.1074
350.7836 0.1070
350.7952 0.1066
350.8069 0.1062
350.8185 0.1059
350.8301 0.1055
350.8418 0.1051
350.8534 0.1047
350.8651 0.1044
350.8767 0.1040
350.8884 0.1036
350.9000 0.1033
350.9116 0.1029
350.9233 0.1025
350.9349 0.1022
350.9466 0.1018
350.9582 0.1014
350.9699 0.1011
350.9815 0.1007
350.9931 0.1003
351.0048 0.1000
351.0164 0.0996
351.0281 0.0992
351.0397 0.0989
351.0514 0.0985
351.0630 0.0982
351.0746 0.0978
351.0863 0.0975
351.0979 0.0971
351.1096 0.0967
351.1212 0.0964
351.1329 0.0960
351.1445 0.0957
351.1562 0.0953
351.1678 0.0950
351.1794 0.0946
351.1911 0.0943
351.2027 0.0939
351.2144 0.0936
351.2260 0.0932
351.2377 0.0929
351.2493 0.0925
351.2610 0.0922
351.2726 0.0919
351.2843 0.0915
351.2959 0.0912
351.3076 0.0908
351.3192 0.0905
351.3308 0.0901
351.3425 0.0898
351.3541 0.0895
351.3658 0.0891
351.3774 0.0888
351.3891 0.0885
351.4007 0.0881
351.4124 0.0878
351.4240 0.0875
351.4357 0.0871
351.4473 0.0868
351.4590 0.0865
351.4706 0.0861
351.4823 0.0858
351.4939 0.0855
351.5056 0.0851
351.5172 0.0848
351.5289 0.0845
351.5405 0.0842
351.5522 0.0838
351.5638 0.0835
351.5755 0.0832
351.5871 0.0829
351.5988 0.0825
351.6104 0.0822
351.6220 0.0819
351.6337 0.0816
351.6453 0.0813
351.6570 0.0809
351.6686 0.0806
351.6803 0.0803
351.6919 0.0800
351.7036 0.0797
351.7152 0.0794
351.7269 0.0790
351.7385 0.0787
351.7502 0.0784
351.7618 0.0781
351.7735 0.0778
351.7852 0.0775
351.7968 0.0772
351.8085 0.0769
351.8201 0.0766
351.8318 0.0763
351.8434 0.0760
351.8551 0.0757
351.8667 0.0753
351.8784 0.0750
351.8900 0.0747
351.9017 0.0744
351.9133 0.0741
351.9250 0.0738
351.9366 0.0735
351.9483 0.0732
351.9599 0.0729
351.9716 0.0726
351.9832 0.0723
351.9949 0.0720
352.0065 0.0718
352.0182 0.0715
352.0298 0.0712
352.0415 0.0709
352.0531 0.0706
352.0648 0.0703
352.0765 0.0700
352.0881 0.0697
352.0998 0.0694
352.1114 0.0691
352.1231 0.0688
352.1347 0.0686
352.1464 0.0683
352.1580 0.0680
352.1697 0.0677
352.1813 0.0674
352.1930 0.0671
352.2046 0.0669
352.2163 0.0666
352.2280 0.0663
352.2396 0.0660
352.2513 0.0657
352.2629 0.0655
352.2746 0.0652
352.2862 0.0649
352.2979 0.0646
352.3095 0.0643
352.3212 0.0641
352.3328 0.0638
352.3445 0.0635
352.3562 0.0632
352.3678 0.0630
352.3795 0.0627
352.3911 0.0624
352.4028 0.0622
352.4144 0.0619
352.4261 0.0616
352.4377 0.0614
352.4494 0.0611
352.4611 0.0608
352.4727 0.0606
352.4844 0.0603
352.4960 0.0600
352.5077 0.0598
352.5193 0.0595
352.5310 0.0592
352.5426 0.0590
352.5543 0.0587
352.5660 0.0585
352.5776 0.0582
352.5893 0.0579
352.6009 0.0577
352.6126 0.0574
352.6242 0.0572
352.6359 0.0569
352.6476 0.0567
352.6592 0.0564
352.6709 0.0562
352.6825 0.0559
352.6942 0.0557
352.7059 0.0554
352.7175 0.0552
352.7292 0.0549
352.7408 0.0547
352.7525 0.0544
352.7641 0.0542
352.7758 0.0539
352.7875 0.0537
352.7991 0.0534
352.8108 0.0532
352.8224 0.0529
352.8341 0.0527
352.8458 0.0524
352.8574 0.0522
352.8691 0.0520
352.8807 0.0517
352.8924 0.0515
352.9040 0.0512
352.9157 0.0510
352.9274 0.0508
352.9390 0.0505
352.9507 0.0503
352.9623 0.0501
352.9740 0.0498
352.9857 0.0496
352.9973 0.0494
353.0090 0.0491
353.0206 0.0489
353.0323 0.0487
353.0440 0.0484
353.0556 0.0482
353.0673 0.0480
353.0789 0.0477
353.0906 0.0475
353.1023 0.0473
353.1139 0.0471
353.1256 0.0468
353.1373 0.0466
353.1489 0.0464
353.1606 0.0462
353.1722 0.0459
353.1839 0.0457
353.1956 0.0455
353.2072 0.0453
353.2189 0.0451
353.2305 0.0448
353.2422 0.0446
353.2539 0.0444
353.2655 0.0442
353.2772 0.0440
353.2888 0.0437
353.3005 0.0435
353.3122 0.0433
353.3238 0.0431
353.3355 0.0429
353.3472 0.0427
353.3588 0.0425
353.3705 0.0422
353.3821 0.0420
353.3938 0.0418
353.4055 0.0416
353.4171 0.0414
353.4288 0.0412
353.4405 0.0410
353.4521 0.0408
353.4638 0.0406
353.4754 0.0404
353.4871 0.0402
353.4988 0.0400
353.5104 0.0398
353.5221 0.0396
353.5338 0.0394
353.5454 0.0391
353.5571 0.0389
353.5688 0.0387
353.5804 0.0385
353.5921 0.0383
353.6037 0.0381
353.6154 0.0380
353.6271 0.0378
353.6387 0.0376
353.6504 0.0374
353.6621 0.0372
353.6737 0.0370
353.6854 0.0368
353.6971 0.0366
353.7087 0.0364
353.7204 0.0362
353.7320 0.0360
353.7437 0.0358
353.7554 0.0356
353.7670 0.0354
353.7787 0.0352
353.7904 0.0351
353.8020 0.0349
353.8137 0.0347
353.8254 0.0345
353.8370 0.0343
353.8487 0.0341
353.8604 0.0339
353.8720 0.0338
353.8837 0.0336
353.8954 0.0334
353.9070 0.0332
353.9187 0.0330
353.9303 0.0329
353.9420 0.0327
353.9537 0.0325
353.9653 0.0323
353.9770 0.0321
353.9887 0.0320
354.0003 0.0318
354.0120 0.0316
354.0237 0.0314
354.0353 0.0313
354.0470 0.0311
354.0587 0.0309
354.0703 0.0307
354.0820 0.0306
354.0937 0.0304
354.1053 0.0302
354.1170 0.0300
354.1287 0.0299
354.1403 0.0297
354.1520 0.0295
354.1637 0.0294
354.1753 0.0292
354.1870 0.0290
354.1987 0.0289
354.2103 0.0287
354.2220 0.0285
354.2337 0.0284
354.2453 0.0282
354.2570 0.0280
354.2687 0.0279
354.2803 0.0277
354.2920 0.0276
354.3037 0.0274
354.3153 0.0272
354.3270 0.0271
354.3387 0.0269
354.3503 0.0268
354.3620 0.0266
354.3737 0.0264
354.3853 0.0263
354.3970 0.0261
354.4087 0.0260
354.4203 0.0258
354.4320 0.0257
354.4437 0.0255
354.4553 0.0254
354.4670 0.0252
354.4787 0.0251
354.4903 0.0249
354.5020 0.0247
354.5137 0.0246
354.5253 0.0244
354.5370 0.0243
354.5487 0.0242
354.5603 0.0240
354.5720 0.0239
354.5837 0.0237
354.5953 0.0236
354.6070 0.0234
354.6187 0.0233
354.6303 0.0231
354.6420 0.0230
354.6537 0.0228
354.6653 0.0227
354.6770 0.0226
354.6887 0.0224
354.7003 0.0223
354.7120 0.0221
354.7237 0.0220
354.7354 0.0219
354.7470 0.0217
354.7587 0.0216
354.7704 0.0214
354.7820 0.0213
354.7937 0.0212
354.8054 0.0210
354.8170 0.0209
354.8287 0.0208
354.8404 0.0206
354.8520 0.0205
354.8637 0.0204
354.8754 0.0202
354.8870 0.0201
354.8987 0.0200
354.9104 0.0198
354.9221 0.0197
354.9337 0.0196
354.9454 0.0194
354.9571 0.0193
354.9687 0.0192
354.9804 0.0191
354.9921 0.0189
355.0037 0.0188
355.0154 0.0187
355.0271 0.0185
355.0387 0.0184
355.0504 0.0183
355.0621 0.0182
355.0738 0.0181
355.0854 0.0179
355.0971 0.0178
355.1088 0.0177
355.1204 0.0176
355.1321 0.0174
355.1438 0.0173
355.1554 0.0172
355.1671 0.0171
355.1788 0.0170
355.1905 0.0168
355.2021 0.0167
355.2138 0.0166
355.2255 0.0165
355.2371 0.0164
355.2488 0.0163
355.2605 0.0162
355.2722 0.0160
355.2838 0.0159
355.2955 0.0158
355.3072 0.0157
355.3188 0.0156
355.3305 0.0155
355.3422 0.0154
355.3538 0.0153
355.3655 0.0151
355.3772 0.0150
355.3889 0.0149
355.4005 0.0148
355.4122 0.0147
355.4239 0.0146
355.4355 0.0145
355.4472 0.0144
355.4589 0.0143
355.4706 0.0142
355.4822 0.0141
355.4939 0.0140
355.5056 0.0139
355.5172 0.0138
355.5289 0.0136
355.5406 0.0135
355.5523 0.0134
355.5639 0.0133
355.5756 0.0132
355.5873 0.0131
355.5989 0.0130
355.6106 0.0129
355.6223 0.0128
355.6340 0.0127
355.6456 0.0126
355.6573 0.0125
355.6690 0.0124
355.6806 0.0124
355.6923 0.0123
355.7040 0.0122
355.7157 0.0121
355.7273 0.0120
355.7390 0.0119
355.7507 0.0118
355.7623 0.0117
355.7740 0.0116
355.7857 0.0115
355.7974 0.0114
355.8090 0.0113
355.8207 0.0112
355.8324 0.0111
355.8440 0.0110
355.8557 0.0110
355.8674 0.0109
355.8791 0.0108
355.8907 0.0107
355.9024 0.0106
355.9141 0.0105
355.9257 0.0104
355.9374 0.0103
355.9491 0.0103
355.9608 0.0102
355.9724 0.0101
355.9841 0.0100
355.9958 0.0099
356.0074 0.0098
356.0191 0.0098
356.0308 0.0097
356.0425 0.0096
356.0541 0.0095
356.0658 0.0094
356.0775 0.0093
356.0892 0.0093
356.1008 0.0092
356.1125 0.0091
356.1242 0.0090
356.1358 0.0089
356.1475 0.0089
356.1592 0.0088
356.1709 0.0087
356.1825 0.0086
356.1942 0.0086
356.2059 0.0085
356.2175 0.0084
356.2292 0.0083
356.2409 0.0083
356.2526 0.0082
356.2642 0.0081
356.2759 0.0080
356.2876 0.0080
356.2993 0.0079
356.3109 0.0078
356.3226 0.0077
356.3343 0.0077
356.3459 0.0076
356.3576 0.0075
356.3693 0.0075
356.3810 0.0074
356.3926 0.0073
356.4043 0.0073
356.4160 0.0072
356.4277 0.0071
356.4393 0.0071
356.4510 0.0070
356.4627 0.0069
356.4743 0.0069
356.4860 0.0068
356.4977 0.0067
356.5094 0.0067
356.5210 0.0066
356.5327 0.0065
356.5444 0.0065
356.5561 0.0064
356.5677 0.0063
356.5794 0.0063
356.5911 0.0062
356.6027 0.0062
356.6144 0.0061
356.6261 0.0060
356.6378 0.0060
356.6494 0.0059
356.6611 0.0059
356.6728 0.0058
356.6845 0.0057
356.6961 0.0057
356.7078 0.0056
356.7195 0.0056
356.7311 0.0055
356.7428 0.0054
356.7545 0.0054
356.7662 0.0053
356.7778 0.0053
356.7895 0.0052
356.8012 0.0052
356.8129 0.0051
356.8245 0.0051
356.8362 0.0050
356.8479 0.0049
356.8596 0.0049
356.8712 0.0048
356.8829 0.0048
356.8946 0.0047
356.9063 0.0047
356.9179 0.0046
356.9296 0.0046
356.9413 0.0045
356.9529 0.0045
356.9646 0.0044
356.9763 0.0044
356.9880 0.0043
356.9996 0.0043
357.0113 0.0042
357.0230 0.0042
357.0347 0.0041
357.0463 0.0041
357.0580 0.0040
357.0697 0.0040
357.0814 0.0040
357.0930 0.0039
357.1047 0.0039
357.1164 0.0038
357.1281 0.0038
357.1397 0.0037
357.1514 0.0037
357.1631 0.0036
357.1748 0.0036
357.1864 0.0036
357.1981 0.0035
357.2098 0.0035
357.2215 0.0034
357.2331 0.0034
357.2448 0.0033
357.2565 0.0033
357.2681 0.0033
357.2798 0.0032
357.2915 0.0032
357.3032 0.0031
357.3148 0.0031
357.3265 0.0031
357.3382 0.0030
357.3499 0.0030
357.3615 0.0029
357.3732 0.0029
357.3849 0.0029
357.3966 0.0028
357.4082 0.0028
357.4199 0.0028
357.4316 0.0027
357.4433 0.0027
357.4549 0.0027
357.4666 0.0026
357.4783 0.0026
357.4900 0.0025
357.5016 0.0025
357.5133 0.0025
357.5250 0.0024
357.5367 0.0024
357.5483 0.0024
357.5600 0.0023
357.5717 0.0023
357.5834 0.0023
357.5950 0.0022
357.6067 0.0022
357.6184 0.0022
357.6301 0.0022
357.6417 0.0021
357.6534 0.0021
357.6651 0.0021
357.6767 0.0020
357.6884 0.0020
357.7001 0.0020
357.7118 0.0019
357.7234 0.0019
357.7351 0.0019
357.7468 0.0019
357.7585 0.0018
357.7701 0.0018
357.7818 0.0018
357.7935 0.0017
357.8052 0.0017
357.8168 0.0017
357.8285 0.0017
357.8402 0.0016
357.8519 0.0016
357.8635 0.0016
357.8752 0.0016
357.8869 0.0015
357.8986 0.0015
357.9102 0.0015
357.9219 0.0015
357.9336 0.0014
357.9453 0.0014
357.9569 0.0014
357.9686 0.0014
357.9803 0.0013
357.9920 0.0013
358.0036 0.0013
358.0153 0.0013
358.0270 0.0013
358.0387 0.0012
358.0503 0.0012
358.0620 0.0012
358.0737 0.0012
358.0854 0.0012
358.0970 0.0011
358.1087 0.0011
358.1204 0.0011
358.1321 0.0011
358.1437 0.0011
358.1554 0.0010
358.1671 0.0010
358.1788 0.0010
358.1904 0.0010
358.2021 0.0010
358.2138 0.0009
358.2254 0.0009
358.2371 0.0009
358.2488 0.0009
358.2605 0.0009
358.2721 0.0009
358.2838 0.0008
358.2955 0.0008
358.3072 0.0008
358.3188 0.0008
358.3305 0.0008
358.3422 0.0008
358.3539 0.0007
358.3655 0.0007
358.3772 0.0007
358.3889 0.0007
358.4006 0.0007
358.4122 0.0007
358.4239 0.0007
358.4356 0.0006
358.4473 0.0006
358.4589 0.0006
358.4706 0.0006
358.4823 0.0006
358.4940 0.0006
358.5056 0.0006
358.5173 0.0005
358.5290 0.0005
358.5407 0.0005
358.5523 0.0005
358.5640 0.0005
358.5757 0.0005
358.5874 0.0005
358.5990 0.0005
358.6107 0.0005
358.6224 0.0004
358.6341 0.0004
358.6457 0.0004
358.6574 0.0004
358.6691 0.0004
358.6808 0.0004
358.6924 0.0004
358.7041 0.0004
358.7158 0.0004
358.7275 0.0004
358.7391 0.0003
358.7508 0.0003
358.7625 0.0003
358.7742 0.0003
358.7858 0.0003
358.7975 0.0003
358.8092 0.0003
358.8209 0.0003
358.8325 0.0003
358.8442 0.0003
358.8559 0.0003
358.8676 0.0003
358.8792 0.0002
358.8909 0.0002
358.9026 0.0002
358.9143 0.0002
358.9259 0.0002
358.9376 0.0002
358.9493 0.0002
358.9610 0.0002
358.9726 0.0002
358.9843 0.0002
358.9960 0.0002
359.0077 0.0002
359.0193 0.0002
359.0310 0.0002
359.0427 0.0002
359.0544 0.0002
359.0660 0.0002
359.0777 0.0001
359.0894 0.0001
359.1011 0.0001
359.1127 0.0001
359.1244 0.0001
359.1361 0.0001
359.1478 0.0001
359.1594 0.0001
359.1711 0.0001
359.1828 0.0001
359.1945 0.0001
359.2061 0.0001
359.2178 0.0001
359.2295 0.0001
359.2412 0.0001
359.2528 0.0001
359.2645 0.0001
359.2762 0.0001
359.2879 0.0001
359.2995 0.0001
359.3112 0.0001
359.3229 0.0001
359.3346 0.0001
359.3462 0.0001
359.3579 0.0001
359.3696 0.0001
359.3813 0.0001
359.3929 0.0001
359.4046 0.0000
359.4163 0.0000
359.4280 0.0000
359.4396 0.0000
359.4513 0.0000
359.4630 0.0000
359.4747 0.0000
359.4863 0.0000
359.4980 0.0000
359.5097 0.0000
359.5214 0.0000
359.5330 0.0000
359.5447 0.0000
359.5564 0.0000
359.5681 0.0000
359.5797 0.0000
359.5914 0.0000
359.6031 0.0000
359.6148 0.0000
359.6264 0.0000
359.6381 0.0000
359.6498 0.0000
359.6615 0.0000
359.6731 0.0000
359.6848 0.0000
359.6965 0.0000
359.7082 0.0000
359.7198 0.0000
359.7315 0.0000
359.7432 0.0000
359.7549 0.0000
359.7665 0.0000
359.7782 0.0000
359.7899 0.0000
359.8016 0.0000
359.8132 0.0000
359.8249 0.0000
359.8366 0.0000
359.8483 0.0000
359.8599 0.0000
359.8716 0.0000
359.8833 0.0000
359.8950 0.0000
359.9066 0.0000
359.9183 0.0000
359.9300 0.0000
359.9417 0.0000
359.9533 0.0000
359.9650 0.0000
359.9767 0.0000
359.9884 0.0000
