0.0117 0.0000
0.0233 0.0000
0.0350 0.0000
0.0467 0.0000
0.0584 0.0000
0.0700 0.0000
0.0817 0.0000
0.0934 0.0000
0.1051 0.0000
0.1167 0.0000
0.1284 0.0000
0.1401 0.0000
0.1518 0.0000
0.1634 0.0000
0.1751 0.0000
0.1868 0.0000
0.1985 0.0000
0.2101 0.0000
0.2218 0.0000
0.2335 0.0000
0.2452 0.0000
0.2568 0.0000
0.2685 0.0000
0.2802 0.0000
0.2919 0.0000
0.3035 0.0000
0.3152 0.0000
0.3269 0.0000
0.3386 0.0000
0.3502 0.0000
0.3619 0.0000
0.3736 0.0000
0.3853 0.0001
0.3969 0.0001
0.4086 0.0001
0.4203 0.0001
0.4320 0.0001
0.4436 0.0001
0.4553 0.0001
0.4670 0.0001
0.4787 0.0001
0.4903 0.0001
0.5020 0.0001
0.5137 0.0001
0.5254 0.0001
0.5370 0.0001
0.5487 0.0001
0.5604 0.0001
0.5721 0.0001
0.5837 0.0001
0.5954 0.0001
0.6071 0.0001
0.6188 0.0001
0.6304 0.0001
0.6421 0.0001
0.6538 0.0001
0.6655 0.0001
0.6771 0.0001
0.6888 0.0001
0.7005 0.0001
0.7122 0.0001
0.7238 0.0001
0.7355 0.0001
0.7472 0.0002
0.7589 0.0002
0.7705 0.0002
0.7822 0.0002
0.7939 0.0002
0.8056 0.0002
0.8172 0.0002
0.8289 0.0002
0.8406 0.0002
0.8523 0.0002
0.8639 0.0002
0.8756 0.0002
0.8873 0.0002
0.8990 0.0002
0.9107 0.0002
0.9223 0.0003
0.9340 0.0003
0.9457 0.0003
0.9574 0.0003
0.9690 0.0003
0.9807 0.0003
0.9924 0.0003
1.0041 0.0003
1.0157 0.0003
1.0274 0.0003
1.0391 0.0003
1.0508 0.0004
1.0624 0.0004
1.0741 0.0004
1.0858 0.0004
1.0975 0.0004
1.1091 0.0004
1.1208 0.0004
1.1325 0.0004
1.1442 0.0004
1.1558 0.0005
1.1675 0.0005
1.1792 0.0005
1.1909 0.0005
1.2025 0.0005
1.2142 0.0005
1.2259 0.0005
1.2376 0.0005
1.2492 0.0006
1.2609 0.0006
1.2726 0.0006
1.2843 0.0006
1.2959 0.0006
1.3076 0.0006
1.3193 0.0007
1.3310 0.0007
1.3426 0.0007
1.3543 0.0007
1.3660 0.0007
1.3777 0.0007
1.3893 0.0008
1.4010 0.0008
1.4127 0.0008
1.4244 0.0008
1.4360 0.0008
1.4477 0.0008
1.4594 0.0009
1.4711 0.0009
1.4827 0.0009
1.4944 0.0009
1.5061 0.0009
1.5178 0.0010
1.5294 0.0010
1.5411 0.0010
1.5528 0.0010
1.5645 0.0010
1.5761 0.0011
1.5878 0.0011
1.5995 0.0011
1.6112 0.0011
1.6228 0.0012
1.6345 0.0012
1.6462 0.0012
1.6579 0.0012
1.6695 0.0013
1.6812 0.0013
1.6929 0.0013
1.7046 0.0013
1.7162 0.0014
1.7279 0.0014
1.7396 0.0014
1.7513 0.0014
1.7629 0.0015
1.7746 0.0015
1.7863 0.0015
1.7980 0.0016
1.8096 0.0016
1.8213 0.0016
1.8330 0.0016
1.8447 0.0017
1.8563 0.0017
1.8680 0.0017
1.8797 0.0018
1.8914 0.0018
1.9030 0.0018
1.9147 0.0019
1.9264 0.0019
1.9381 0.0019
1.9497 0.0020
1.9614 0.0020
1.9731 0.0020
1.9848 0.0021
1.9964 0.0021
2.0081 0.0021
2.0198 0.0022
2.0315 0.0022
2.0431 0.0022
2.0548 0.0023
2.0665 0.0023
2.0782 0.0024
2.0898 0.0024
2.1015 0.0024
2.1132 0.0025
2.1249 0.0025
2.1365 0.0025
2.1482 0.0026
2.1599 0.0026
2.1715 0.0027
2.1832 0.0027
2.1949 0.0028
2.2066 0.0028
2.2182 0.0028
2.2299 0.0029
2.2416 0.0029
2.2533 0.0030
2.2649 0.0030
2.2766 0.0031
2.2883 0.0031
2.3000 0.0031
2.3116 0.0032
2.3233 0.0032
2.3350 0.0033
2.3467 0.0033
2.3583 0.0034
2.3700 0.0034
2.3817 0.0035
2.3934 0.0035
2.4050 0.0036
2.4167 0.0036
2.4284 0.0037
2.4401 0.0037
2.4517 0.0038
2.4634 0.0038
2.4751 0.0039
2.4868 0.0039
2.4984 0.0040
2.5101 0.0040
2.5218 0.0041
2.5335 0.0041
2.5451 0.0042
2.5568 0.0043
2.5685 0.0043
2.5801 0.0044
2.5918 0.0044
2.6035 0.0045
2.6152 0.0045
2.6268 0.0046
2.6385 0.0047
2.6502 0.0047
2.6619 0.0048
2.6735 0.0048
2.6852 0.0049
2.6969 0.0050
2.7086 0.0050
2.7202 0.0051
2.7319 0.0051
2.7436 0.0052
2.7553 0.0053
2.7669 0.0053
2.7786 0.0054
2.7903 0.0055
2.8020 0.0055
2.8136 0.0056
2.8253 0.0057
2.8370 0.0057
2.8487 0.0058
2.8603 0.0059
2.8720 0.0059
2.8837 0.0060
2.8953 0.0061
2.9070 0.0061
2.9187 0.0062
2.9304 0.0063
2.9420 0.0064
2.9537 0.0064
2.9654 0.0065
2.9771 0.0066
2.9887 0.0067
3.0004 0.0067
3.0121 0.0068
3.0238 0.0069
3.0354 0.0070
3.0471 0.0070
3.0588 0.0071
3.0704 0.0072
3.0821 0.0073
3.0938 0.0073
3.1055 0.0074
3.1171 0.0075
3.1288 0.0076
3.1405 0.0077
3.1522 0.0077
3.1638 0.0078
3.1755 0.0079
3.1872 0.0080
3.1989 0.0081
3.2105 0.0082
3.2222 0.0082
3.2339 0.0083
3.2455 0.0084
3.2572 0.0085
3.2689 0.0086
3.2806 0.0087
3.2922 0.0088
3.3039 0.0088
3.3156 0.0089
3.3273 0.0090
3.3389 0.0091
3.3506 0.0092
3.3623 0.0093
3.3739 0.0094
3.3856 0.0095
3.3973 0.0096
3.4090 0.0097
3.4206 0.0098
3.4323 0.0099
3.4440 0.0100
3.4557 0.0100
3.4673 0.0101
3.4790 0.0102
3.4907 0.0103
3.5023 0.0104
3.5140 0.0105
3.5257 0.0106
3.5374 0.0107
3.5490 0.0108
3.5607 0.0109
3.5724 0.0110
3.5840 0.0111
3.5957 0.0112
3.6074 0.0113
3.6191 0.0115
3.6307 0.0116
3.6424 0.0117
3.6541 0.0118
3.6658 0.0119
3.6774 0.0120
3.6891 0.0121
3.7008 0.0122
3.7124 0.0123
3.7241 0.0124
3.7358 0.0125
3.7475 0.0126
3.7591 0.0128
3.7708 0.0129
3.7825 0.0130
3.7941 0.0131
3.8058 0.0132
3.8175 0.0133
3.8291 0.0134
3.8408 0.0136
3.8525 0.0137
3.8642 0.0138
3.8758 0.0139
3.8875 0.0140
3.8992 0.0141
3.9108 0.0143
3.9225 0.0144
3.9342 0.0145
3.9459 0.0146
3.9575 0.0148
3.9692 0.0149
3.9809 0.0150
3.9925 0.0151
4.0042 0.0152
4.0159 0.0154
4.0276 0.0155
4.0392 0.0156
4.0509 0.0158
4.0626 0.0159
4.0742 0.0160
4.0859 0.0161
4.0976 0.0163
4.1092 0.0164
4.1209 0.0165
4.1326 0.0167
4.1443 0.0168
4.1559 0.0169
4.1676 0.0171
4.1793 0.0172
4.1909 0.0173
4.2026 0.0175
4.2143 0.0176
4.2259 0.0178
4.2376 0.0179
4.2493 0.0180
4.2610 0.0182
4.2726 0.0183
4.2843 0.0185
4.2960 0.0186
4.3076 0.0187
4.3193 0.0189
4.3310 0.0190
4.3426 0.0192
4.3543 0.0193
4.3660 0.0195
4.3776 0.0196
4.3893 0.0198
4.4010 0.0199
4.4127 0.0201
4.4243 0.0202
4.4360 0.0204
4.4477 0.0205
4.4593 0.0207
4.4710 0.0208
4.4827 0.0210
4.4943 0.0211
4.5060 0.0213
4.5177 0.0214
4.5293 0.0216
4.5410 0.0217
4.5527 0.0219
4.5643 0.0221
4.5760 0.0222
4.5877 0.0224
4.5994 0.0225
4.6110 0.0227
4.6227 0.0229
4.6344 0.0230
4.6460 0.0232
4.6577 0.0233
4.6694 0.0235
4.6810 0.0237
4.6927 0.0238
4.7044 0.0240
4.7160 0.0242
4.7277 0.0243
4.7394 0.0245
4.7510 0.0247
4.7627 0.0248
4.7744 0.0250
4.7860 0.0252
4.7977 0.0254
4.8094 0.0255
4.8210 0.0257
4.8327 0.0259
4.8444 0.0261
4.8560 0.0262
4.8677 0.0264
4.8794 0.0266
4.8910 0.0268
4.9027 0.0270
4.9144 0.0271
4.9261 0.0273
4.9377 0.0275
4.9494 0.0277
4.9611 0.0279
4.9727 0.0280
4.9844 0.0282
4.9961 0.0284
5.0077 0.0286
5.0194 0.0288
5.0311 0.0290
5.0427 0.0292
5.0544 0.0293
5.0660 0.0295
5.0777 0.0297
5.0894 0.0299
5.1010 0.0301
5.1127 0.0303
5.1244 0.0305
5.1360 0.0307
5.1477 0.0309
5.1594 0.0311
5.1710 0.0313
5.1827 0.0315
5.1944 0.0317
5.2060 0.0319
5.2177 0.0321
5.2294 0.0323
5.2410 0.0325
5.2527 0.0327
5.2644 0.0329
5.2760 0.0331
5.2877 0.0333
5.2994 0.0335
5.3110 0.0337
5.3227 0.0339
5.3344 0.0341
5.3460 0.0343
5.3577 0.0345
5.3693 0.0347
5.3810 0.0349
5.3927 0.0352
5.4043 0.0354
5.4160 0.0356
5.4277 0.0358
5.4393 0.0360
5.4510 0.0362
5.4627 0.0364
5.4743 0.0367
5.4860 0.0369
5.4977 0.0371
5.5093 0.0373
5.5210 0.0375
5.5326 0.0378
5.5443 0.0380
5.5560 0.0382
5.5676 0.0384
5.5793 0.0387
5.5910 0.0389
5.6026 0.0391
5.6143 0.0393
5.6259 0.0396
5.6376 0.0398
5.6493 0.0400
5.6609 0.0402
5.6726 0.0405
5.6843 0.0407
5.6959 0.0409
5.7076 0.0412
5.7192 0.0414
5.7309 0.0416
5.7426 0.0419
5.7542 0.0421
5.7659 0.0424
5.7776 0.0426
5.7892 0.0428
5.8009 0.0431
5.8125 0.0433
5.8242 0.0436
5.8359 0.0438
5.8475 0.0440
5.8592 0.0443
5.8708 0.0445
5.8825 0.0448
5.8942 0.0450
5.9058 0.0453
5.9175 0.0455
5.9292 0.0458
5.9408 0.0460
5.9525 0.0463
5.9641 0.0465
5.9758 0.0468
5.9875 0.0470
5.9991 0.0473
6.0108 0.0475
6.0224 0.0478
6.0341 0.0480
6.0458 0.0483
6.0574 0.0486
6.0691 0.0488
6.0807 0.0491
6.0924 0.0493
6.1040 0.0496
6.1157 0.0499
6.1274 0.0501
6.1390 0.0504
6.1507 0.0507
6.1623 0.0509
6.1740 0.0512
6.1857 0.0515
6.1973 0.0517
6.2090 0.0520
6.2206 0.0523
6.2323 0.0525
6.2440 0.0528
6.2556 0.0531
6.2673 0.0534
6.2789 0.0536
6.2906 0.0539
6.3022 0.0542
6.3139 0.0545
6.3256 0.0547
6.3372 0.0550
6.3489 0.0553
6.3605 0.0556
6.3722 0.0559
6.3838 0.0561
6.3955 0.0564
6.4072 0.0567
6.4188 0.0570
6.4305 0.0573
6.4421 0.0576
6.4538 0.0579
6.4654 0.0581
6.4771 0.0584
6.4888 0.0587
6.5004 0.0590
6.5121 0.0593
6.5237 0.0596
6.5354 0.0599
6.5470 0.0602
6.5587 0.0605
6.5703 0.0608
6.5820 0.0611
6.5937 0.0614
6.6053 0.0617
6.6170 0.0620
6.6286 0.0623
6.6403 0.0626
6.6519 0.0629
6.6636 0.0632
6.6752 0.0635
6.6869 0.0638
6.6986 0.0641
6.7102 0.0644
6.7219 0.0647
6.7335 0.0650
6.7452 0.0653
6.7568 0.0657
6.7685 0.0660
6.7801 0.0663
6.7918 0.0666
6.8034 0.0669
6.8151 0.0672
6.8267 0.0675
6.8384 0.0679
6.8500 0.0682
6.8617 0.0685
6.8734 0.0688
6.8850 0.0691
6.8967 0.0695
6.9083 0.0698
6.9200 0.0701
6.9316 0.0704
6.9433 0.0708
6.9549 0.0711
6.9666 0.0714
6.9782 0.0717
6.9899 0.0721
7.0015 0.0724
7.0132 0.0727
7.0248 0.0731
7.0365 0.0734
7.0481 0.0737
7.0598 0.0741
7.0714 0.0744
7.0831 0.0747
7.0947 0.0751
7.1064 0.0754
7.1180 0.0758
7.1297 0.0761
7.1413 0.0764
7.1530 0.0768
7.1646 0.0771
7.1763 0.0775
7.1879 0.0778
7.1996 0.0782
7.2112 0.0785
7.2229 0.0789
7.2345 0.0792
7.2462 0.0796
7.2578 0.0799
7.2695 0.0803
7.2811 0.0806
7.2928 0.0810
7.3044 0.0813
7.3161 0.0817
7.3277 0.0820
7.3394 0.0824
7.3510 0.0828
7.3627 0.0831
7.3743 0.0835
7.3860 0.0838
7.3976 0.0842
7.4093 0.0846
7.4209 0.0849
7.4326 0.0853
7.4442 0.0857
7.4559 0.0860
7.4675 0.0864
7.4791 0.0868
7.4908 0.0871
7.5024 0.0875
7.5141 0.0879
7.5257 0.0883
7.5374 0.0886
7.5490 0.0890
7.5607 0.0894
7.5723 0.0898
7.5840 0.0901
7.5956 0.0905
7.6073 0.0909
7.6189 0.0913
7.6305 0.0917
7.6422 0.0920
7.6538 0.0924
7.6655 0.0928
7.6771 0.0932
7.6888 0.0936
7.7004 0.0940
7.7121 0.0944
7.7237 0.0947
7.7353 0.0951
7.7470 0.0955
7.7586 0.0959
7.7703 0.0963
7.7819 0.0967
7.7936 0.0971
7.8052 0.0975
7.8168 0.0979
7.8285 0.0983
7.8401 0.0987
7.8518 0.0991
7.8634 0.0995
7.8751 0.0999
7.8867 0.1003
7.8983 0.1007
7.9100 0.1011
7.9216 0.1015
7.9333 0.1019
7.9449 0.1023
7.9565 0.1027
7.9682 0.1031
7.9798 0.1036
7.9915 0.1040
8.0031 0.1044
8.0148 0.1048
8.0264 0.1052
8.0380 0.1056
8.0497 0.1060
8.0613 0.1065
8.0730 0.1069
8.0846 0.1073
8.0962 0.1077
8.1079 0.1081
8.1195 0.1086
8.1311 0.1090
8.1428 0.1094
8.1544 0.1098
8.1661 0.1103
8.1777 0.1107
8.1893 0.1111
8.2010 0.1116
8.2126 0.1120
8.2243 0.1124
8.2359 0.1129
8.2475 0.1133
8.2592 0.1137
8.2708 0.1142
8.2824 0.1146
8.2941 0.1150
8.3057 0.1155
8.3173 0.1159
8.3290 0.1164
8.3406 0.1168
8.3523 0.1172
8.3639 0.1177
8.3755 0.1181
8.3872 0.1186
8.3988 0.1190
8.4104 0.1195
8.4221 0.1199
8.4337 0.1204
8.4453 0.1208
8.4570 0.1213
8.4686 0.1217
8.4802 0.1222
8.4919 0.1226
8.5035 0.1231
8.5151 0.1236
8.5268 0.1240
8.5384 0.1245
8.5500 0.1249
8.5617 0.1254
8.5733 0.1259
8.5849 0.1263
8.5966 0.1268
8.6082 0.1272
8.6198 0.1277
8.6315 0.1282
8.6431 0.1287
8.6547 0.1291
8.6664 0.1296
8.6780 0.1301
8.6896 0.1305
8.7013 0.1310
8.7129 0.1315
8.7245 0.1320
8.7361 0.1324
8.7478 0.1329
8.7594 0.1334
8.7710 0.1339
8.7827 0.1344
8.7943 0.1348
8.8059 0.1353
8.8176 0.1358
8.8292 0.1363
8.8408 0.1368
8.8524 0.1373
8.8641 0.1378
8.8757 0.1383
8.8873 0.1387
8.8990 0.1392
8.9106 0.1397
8.9222 0.1402
8.9338 0.1407
8.9455 0.1412
8.9571 0.1417
8.9687 0.1422
8.9803 0.1427
8.9920 0.1432
9.0036 0.1437
9.0152 0.1442
9.0268 0.1447
9.0385 0.1452
9.0501 0.1457
9.0617 0.1462
9.0733 0.1467
9.0850 0.1472
9.0966 0.1478
9.1082 0.1483
9.1198 0.1488
9.1315 0.1493
9.1431 0.1498
9.1547 0.1503
9.1663 0.1508
9.1780 0.1514
9.1896 0.1519
9.2012 0.1524
9.2128 0.1529
9.2245 0.1534
9.2361 0.1540
9.2477 0.1545
9.2593 0.1550
9.2710 0.1555
9.2826 0.1561
9.2942 0.1566
9.3058 0.1571
9.3174 0.1576
9.3291 0.1582
9.3407 0.1587
9.3523 0.1592
9.3639 0.1598
9.3755 0.1603
9.3872 0.1608
9.3988 0.1614
9.4104 0.1619
9.4220 0.1625
9.4336 0.1630
9.4453 0.1635
9.4569 0.1641
9.4685 0.1646
9.4801 0.1652
9.4917 0.1657
9.5034 0.1663
9.5150 0.1668
9.5266 0.1674
9.5382 0.1679
9.5498 0.1685
9.5614 0.1690
9.5731 0.1696
9.5847 0.1701
9.5963 0.1707
9.6079 0.1712
9.6195 0.1718
9.6311 0.1724
9.6428 0.1729
9.6544 0.1735
9.6660 0.1740
9.6776 0.1746
9.6892 0.1752
9.7008 0.1757
9.7125 0.1763
9.7241 0.1769
9.7357 0.1774
9.7473 0.1780
9.7589 0.1786
9.7705 0.1792
9.7821 0.1797
9.7938 0.1803
9.8054 0.1809
9.8170 0.1815
9.8286 0.1820
9.8402 0.1826
9.8518 0.1832
9.8634 0.1838
9.8750 0.1844
9.8867 0.1849
9.8983 0.1855
9.9099 0.1861
9.9215 0.1867
9.9331 0.1873
9.9447 0.1879
9.9563 0.1885
9.9679 0.1891
9.9795 0.1896
9.9911 0.1902
10.0028 0.1908
10.0144 0.1914
10.0260 0.1920
10.0376 0.1926
10.0492 0.1932
10.0608 0.1938
10.0724 0.1944
10.0840 0.1950
10.0956 0.1956
10.1072 0.1962
10.1188 0.1968
10.1304 0.1974
10.1421 0.1980
10.1537 0.1987
10.1653 0.1993
10.1769 0.1999
10.1885 0.2005
10.2001 0.2011
10.2117 0.2017
10.2233 0.2023
10.2349 0.2029
10.2465 0.2036
10.2581 0.2042
10.2697 0.2048
10.2813 0.2054
10.2929 0.2060
10.3045 0.2067
10.3161 0.2073
10.3277 0.2079
10.3393 0.2085
10.3509 0.2092
10.3625 0.2098
10.3741 0.2104
10.3857 0.2111
10.3973 0.2117
10.4089 0.2123
10.4205 0.2130
10.4321 0.2136
10.4438 0.2142
10.4554 0.2149
10.4670 0.2155
10.4786 0.2162
10.4902 0.2168
10.5018 0.2174
10.5134 0.2181
10.5249 0.2187
10.5365 0.2194
10.5481 0.2200
10.5597 0.2207
10.5713 0.2213
10.5829 0.2220
10.5945 0.2226
10.6061 0.2233
10.6177 0.2239
10.6293 0.2246
10.6409 0.2252
10.6525 0.2259
10.6641 0.2265
10.6757 0.2272
10.6873 0.2279
10.6989 0.2285
10.7105 0.2292
10.7221 0.2299
10.7337 0.2305
10.7453 0.2312
10.7569 0.2319
10.7685 0.2325
10.7801 0.2332
10.7917 0.2339
10.8033 0.2345
10.8148 0.2352
10.8264 0.2359
10.8380 0.2366
10.8496 0.2372
10.8612 0.2379
10.8728 0.2386
10.8844 0.2393
10.8960 0.2400
10.9076 0.2406
10.9192 0.2413
10.9308 0.2420
10.9424 0.2427
10.9539 0.2434
10.9655 0.2441
10.9771 0.2448
10.9887 0.2454
11.0003 0.2461
11.0119 0.2468
11.0235 0.2475
11.0351 0.2482
11.0467 0.2489
11.0582 0.2496
11.0698 0.2503
11.0814 0.2510
11.0930 0.2517
11.1046 0.2524
11.1162 0.2531
11.1278 0.2538
11.1394 0.2545
11.1509 0.2552
11.1625 0.2559
11.1741 0.2566
11.1857 0.2574
11.1973 0.2581
11.2089 0.2588
11.2204 0.2595
11.2320 0.2602
11.2436 0.2609
11.2552 0.2616
11.2668 0.2624
11.2784 0.2631
11.2899 0.2638
11.3015 0.2645
11.3131 0.2652
11.3247 0.2660
11.3363 0.2667
11.3479 0.2674
11.3594 0.2681
11.3710 0.2689
11.3826 0.2696
11.3942 0.2703
11.4058 0.2711
11.4173 0.2718
11.4289 0.2725
11.4405 0.2733
11.4521 0.2740
11.4637 0.2747
11.4752 0.2755
11.4868 0.2762
11.4984 0.2770
11.5100 0.2777
11.5215 0.2784
11.5331 0.2792
11.5447 0.2799
11.5563 0.2807
11.5678 0.2814
11.5794 0.2822
11.5910 0.2829
11.6026 0.2837
11.6141 0.2844
11.6257 0.2852
11.6373 0.2860
11.6489 0.2867
11.6604 0.2875
11.6720 0.2882
11.6836 0.2890
11.6952 0.2897
11.7067 0.2905
11.7183 0.2913
11.7299 0.2920
11.7415 0.2928
11.7530 0.2936
11.7646 0.2943
11.7762 0.2951
11.7877 0.2959
11.7993 0.2967
11.8109 0.2974
11.8224 0.2982
11.8340 0.2990
11.8456 0.2998
11.8572 0.3005
11.8687 0.3013
11.8803 0.3021
11.8919 0.3029
11.9034 0.3037
11.9150 0.3044
11.9266 0.3052
11.9381 0.3060
11.9497 0.3068
11.9613 0.3076
11.9728 0.3084
11.9844 0.3092
11.9960 0.3100
12.0075 0.3108
12.0191 0.3115
12.0307 0.3123
12.0422 0.3131
12.0538 0.3139
12.0653 0.3147
12.0769 0.3155
12.0885 0.3163
12.1000 0.3171
12.1116 0.3179
12.1232 0.3188
12.1347 0.3196
12.1463 0.3204
12.1578 0.3212
12.1694 0.3220
12.1810 0.3228
12.1925 0.3236
12.2041 0.3244
12.2156 0.3252
12.2272 0.3261
12.2388 0.3269
12.2503 0.3277
12.2619 0.3285
12.2734 0.3293
12.2850 0.3302
12.2966 0.3310
12.3081 0.3318
12.3197 0.3326
12.3312 0.3335
12.3428 0.3343
12.3543 0.3351
12.3659 0.3359
12.3775 0.3368
12.3890 0.3376
12.4006 0.3384
12.4121 0.3393
12.4237 0.3401
12.4352 0.3410
12.4468 0.3418
12.4583 0.3426
12.4699 0.3435
12.4814 0.3443
12.4930 0.3452
12.5045 0.3460
12.5161 0.3468
12.5276 0.3477
12.5392 0.3485
12.5507 0.3494
12.5623 0.3502
12.5738 0.3511
12.5854 0.3520
12.5969 0.3528
12.6085 0.3537
12.6200 0.3545
12.6316 0.3554
12.6431 0.3562
12.6547 0.3571
12.6662 0.3580
12.6778 0.3588
12.6893 0.3597
12.7009 0.3606
12.7124 0.3614
12.7240 0.3623
12.7355 0.3632
12.7471 0.3640
12.7586 0.3649
12.7702 0.3658
12.7817 0.3666
12.7932 0.3675
12.8048 0.3684
12.8163 0.3693
12.8279 0.3702
12.8394 0.3710
12.8510 0.3719
12.8625 0.3728
12.8740 0.3737
12.8856 0.3746
12.8971 0.3755
12.9087 0.3763
12.9202 0.3772
12.9317 0.3781
12.9433 0.3790
12.9548 0.3799
12.9664 0.3808
12.9779 0.3817
12.9894 0.3826
13.0010 0.3835
13.0125 0.3844
13.0240 0.3853
13.0356 0.3862
13.0471 0.3871
13.0587 0.3880
13.0702 0.3889
13.0817 0.3898
13.0933 0.3907
13.1048 0.3916
13.1163 0.3925
13.1279 0.3934
13.1394 0.3944
13.1509 0.3953
13.1625 0.3962
13.1740 0.3971
13.1855 0.3980
13.1971 0.3989
13.2086 0.3999
13.2201 0.4008
13.2317 0.4017
13.2432 0.4026
13.2547 0.4035
13.2662 0.4045
13.2778 0.4054
13.2893 0.4063
13.3008 0.4073
13.3124 0.4082
13.3239 0.4091
13.3354 0.4100
13.3469 0.4110
13.3585 0.4119
13.3700 0.4129
13.3815 0.4138
13.3931 0.4147
13.4046 0.4157
13.4161 0.4166
13.4276 0.4176
13.4392 0.4185
13.4507 0.4194
13.4622 0.4204
13.4737 0.4213
13.4853 0.4223
13.4968 0.4232
13.5083 0.4242
13.5198 0.4251
13.5313 0.4261
13.5429 0.4271
13.5544 0.4280
13.5659 0.4290
13.5774 0.4299
13.5889 0.4309
13.6005 0.4319
13.6120 0.4328
13.6235 0.4338
13.6350 0.4347
13.6465 0.4357
13.6581 0.4367
13.6696 0.4376
13.6811 0.4386
13.6926 0.4396
13.7041 0.4406
13.7156 0.4415
13.7272 0.4425
13.7387 0.4435
13.7502 0.4445
13.7617 0.4454
13.7732 0.4464
13.7847 0.4474
13.7962 0.4484
13.8078 0.4494
13.8193 0.4504
13.8308 0.4513
13.8423 0.4523
13.8538 0.4533
13.8653 0.4543
13.8768 0.4553
13.8883 0.4563
13.8998 0.4573
13.9114 0.4583
13.9229 0.4593
13.9344 0.4603
13.9459 0.4613
13.9574 0.4623
13.9689 0.4633
13.9804 0.4643
13.9919 0.4653
14.0034 0.4663
14.0149 0.4673
14.0264 0.4683
14.0379 0.4693
14.0494 0.4703
14.0609 0.4713
14.0725 0.4724
14.0840 0.4734
14.0955 0.4744
14.1070 0.4754
14.1185 0.4764
14.1300 0.4774
14.1415 0.4785
14.1530 0.4795
14.1645 0.4805
14.1760 0.4815
14.1875 0.4826
14.1990 0.4836
14.2105 0.4846
14.2220 0.4856
14.2335 0.4867
14.2450 0.4877
14.2565 0.4887
14.2680 0.4898
14.2795 0.4908
14.2910 0.4918
14.3025 0.4929
14.3140 0.4939
14.3255 0.4950
14.3369 0.4960
14.3484 0.4970
14.3599 0.4981
14.3714 0.4991
14.3829 0.5002
14.3944 0.5012
14.4059 0.5023
14.4174 0.5033
14.4289 0.5044
14.4404 0.5054
14.4519 0.5065
14.4634 0.5075
14.4749 0.5086
14.4864 0.5097
14.4978 0.5107
14.5093 0.5118
14.5208 0.5128
14.5323 0.5139
14.5438 0.5150
14.5553 0.5160
14.5668 0.5171
14.5783 0.5182
14.5897 0.5192
14.6012 0.5203
14.6127 0.5214
14.6242 0.5225
14.6357 0.5235
14.6472 0.5246
14.6587 0.5257
14.6701 0.5268
14.6816 0.5278
14.6931 0.5289
14.7046 0.5300
14.7161 0.5311
14.7276 0.5322
14.7390 0.5333
14.7505 0.5344
14.7620 0.5354
14.7735 0.5365
14.7850 0.5376
14.7964 0.5387
14.8079 0.5398
14.8194 0.5409
14.8309 0.5420
14.8424 0.5431
14.8538 0.5442
14.8653 0.5453
14.8768 0.5464
14.8883 0.5475
14.8997 0.5486
14.9112 0.5497
14.9227 0.5508
14.9342 0.5519
14.9456 0.5530
14.9571 0.5541
14.9686 0.5553
14.9801 0.5564
14.9915 0.5575
15.0030 0.5586
15.0145 0.5597
15.0259 0.5608
15.0374 0.5620
15.0489 0.5631
15.0603 0.5642
15.0718 0.5653
15.0833 0.5664
15.0948 0.5676
15.1062 0.5687
15.1177 0.5698
15.1292 0.5710
15.1406 0.5721
15.1521 0.5732
15.1636 0.5744
15.1750 0.5755
15.1865 0.5766
15.1980 0.5778
15.2094 0.5789
15.2209 0.5800
15.2323 0.5812
15.2438 0.5823
15.2553 0.5835
15.2667 0.5846
15.2782 0.5858
15.2897 0.5869
15.3011 0.5881
15.3126 0.5892
15.3240 0.5904
15.3355 0.5915
15.3469 0.5927
15.3584 0.5938
15.3699 0.5950
15.3813 0.5961
15.3928 0.5973
15.4042 0.5985
15.4157 0.5996
15.4271 0.6008
15.4386 0.6019
15.4501 0.6031
15.4615 0.6043
15.4730 0.6054
15.4844 0.6066
15.4959 0.6078
15.5073 0.6090
15.5188 0.6101
15.5302 0.6113
15.5417 0.6125
15.5531 0.6137
15.5646 0.6148
15.5760 0.6160
15.5875 0.6172
15.5989 0.6184
15.6104 0.6196
15.6218 0.6207
15.6333 0.6219
15.6447 0.6231
15.6562 0.6243
15.6676 0.6255
15.6791 0.6267
15.6905 0.6279
15.7020 0.6291
15.7134 0.6303
15.7248 0.6315
15.7363 0.6327
15.7477 0.6339
15.7592 0.6351
15.7706 0.6363
15.7821 0.6375
15.7935 0.6387
15.8049 0.6399
15.8164 0.6411
15.8278 0.6423
15.8393 0.6435
15.8507 0.6447
15.8621 0.6459
15.8736 0.6471
15.8850 0.6484
15.8964 0.6496
15.9079 0.6508
15.9193 0.6520
15.9308 0.6532
15.9422 0.6545
15.9536 0.6557
15.9651 0.6569
15.9765 0.6581
15.9879 0.6594
15.9994 0.6606
16.0108 0.6618
16.0222 0.6630
16.0337 0.6643
16.0451 0.6655
16.0565 0.6667
16.0679 0.6680
16.0794 0.6692
16.0908 0.6705
16.1022 0.6717
16.1137 0.6729
16.1251 0.6742
16.1365 0.6754
16.1479 0.6767
16.1594 0.6779
16.1708 0.6792
16.1822 0.6804
16.1936 0.6817
16.2051 0.6829
16.2165 0.6842
16.2279 0.6854
16.2393 0.6867
16.2508 0.6879
16.2622 0.6892
16.2736 0.6904
16.2850 0.6917
16.2964 0.6930
16.3079 0.6942
16.3193 0.6955
16.3307 0.6968
16.3421 0.6980
16.3535 0.6993
16.3650 0.7006
16.3764 0.7018
16.3878 0.7031
16.3992 0.7044
16.4106 0.7057
16.4220 0.7069
16.4335 0.7082
16.4449 0.7095
16.4563 0.7108
16.4677 0.7120
16.4791 0.7133
16.4905 0.7146
16.5019 0.7159
16.5133 0.7172
16.5248 0.7185
16.5362 0.7198
16.5476 0.7211
16.5590 0.7223
16.5704 0.7236
16.5818 0.7249
16.5932 0.7262
16.6046 0.7275
16.6160 0.7288
16.6274 0.7301
16.6388 0.7314
16.6502 0.7327
16.6616 0.7340
16.6731 0.7353
16.6845 0.7366
16.6959 0.7380
16.7073 0.7393
16.7187 0.7406
16.7301 0.7419
16.7415 0.7432
16.7529 0.7445
16.7643 0.7458
16.7757 0.7471
16.7871 0.7485
16.7985 0.7498
16.8099 0.7511
16.8213 0.7524
16.8327 0.7537
16.8441 0.7551
16.8555 0.7564
16.8669 0.7577
16.8782 0.7591
16.8896 0.7604
16.9010 0.7617
16.9124 0.7630
16.9238 0.7644
16.9352 0.7657
16.9466 0.7671
16.9580 0.7684
16.9694 0.7697
16.9808 0.7711
16.9922 0.7724
17.0036 0.7738
17.0150 0.7751
17.0263 0.7764
17.0377 0.7778
17.0491 0.7791
17.0605 0.7805
17.0719 0.7818
17.0833 0.7832
17.0947 0.7845
17.1060 0.7859
17.1174 0.7873
17.1288 0.7886
17.1402 0.7900
17.1516 0.7913
17.1630 0.7927
17.1744 0.7941
17.1857 0.7954
17.1971 0.7968
17.2085 0.7982
17.2199 0.7995
17.2313 0.8009
17.2426 0.8023
17.2540 0.8036
17.2654 0.8050
17.2768 0.8064
17.2881 0.8078
17.2995 0.8091
17.3109 0.8105
17.3223 0.8119
17.3336 0.8133
17.3450 0.8147
17.3564 0.8160
17.3678 0.8174
17.3791 0.8188
17.3905 0.8202
17.4019 0.8216
17.4133 0.8230
17.4246 0.8244
17.4360 0.8258
17.4474 0.8272
17.4587 0.8286
17.4701 0.8300
17.4815 0.8314
17.4928 0.8328
17.5042 0.8342
17.5156 0.8356
17.5269 0.8370
17.5383 0.8384
17.5497 0.8398
17.5610 0.8412
17.5724 0.8426
17.5838 0.8440
17.5951 0.8454
17.6065 0.8468
17.6178 0.8482
17.6292 0.8497
17.6406 0.8511
17.6519 0.8525
17.6633 0.8539
17.6746 0.8553
17.6860 0.8567
17.6974 0.8582
17.7087 0.8596
17.7201 0.8610
17.7314 0.8625
17.7428 0.8639
17.7541 0.8653
17.7655 0.8667
17.7768 0.8682
17.7882 0.8696
17.7996 0.8710
17.8109 0.8725
17.8223 0.8739
17.8336 0.8754
17.8450 0.8768
17.8563 0.8782
17.8677 0.8797
17.8790 0.8811
17.8904 0.8826
17.9017 0.8840
17.9131 0.8855
17.9244 0.8869
17.9357 0.8884
17.9471 0.8898
17.9584 0.8913
17.9698 0.8927
17.9811 0.8942
17.9925 0.8957
18.0038 0.8971
18.0152 0.8986
18.0265 0.9000
18.0378 0.9015
18.0492 0.9030
18.0605 0.9044
18.0719 0.9059
18.0832 0.9074
18.0945 0.9088
18.1059 0.9103
18.1172 0.9118
18.1285 0.9133
18.1399 0.9147
18.1512 0.9162
18.1626 0.9177
18.1739 0.9192
18.1852 0.9206
18.1966 0.9221
18.2079 0.9236
18.2192 0.9251
18.2306 0.9266
18.2419 0.9281
18.2532 0.9296
18.2645 0.9310
18.2759 0.9325
18.2872 0.9340
18.2985 0.9355
18.3099 0.9370
18.3212 0.9385
18.3325 0.9400
18.3438 0.9415
18.3552 0.9430
18.3665 0.9445
18.3778 0.9460
18.3891 0.9475
18.4005 0.9490
18.4118 0.9505
18.4231 0.9520
18.4344 0.9536
18.4457 0.9551
18.4571 0.9566
18.4684 0.9581
18.4797 0.9596
18.4910 0.9611
18.5023 0.9626
18.5137 0.9642
18.5250 0.9657
18.5363 0.9672
18.5476 0.9687
18.5589 0.9703
18.5702 0.9718
18.5815 0.9733
18.5929 0.9748
18.6042 0.9764
18.6155 0.9779
18.6268 0.9794
18.6381 0.9810
18.6494 0.9825
18.6607 0.9840
18.6720 0.9856
18.6833 0.9871
18.6947 0.9887
18.7060 0.9902
18.7173 0.9917
18.7286 0.9933
18.7399 0.9948
18.7512 0.9964
18.7625 0.9979
18.7738 0.9995
18.7851 1.0010
18.7964 1.0026
18.8077 1.0041
18.8190 1.0057
18.8303 1.0073
18.8416 1.0088
18.8529 1.0104
18.8642 1.0119
18.8755 1.0135
18.8868 1.0151
18.8981 1.0166
18.9094 1.0182
18.9207 1.0198
18.9320 1.0213
18.9433 1.0229
18.9546 1.0245
18.9659 1.0260
18.9772 1.0276
18.9884 1.0292
18.9997 1.0308
19.0110 1.0323
19.0223 1.0339
19.0336 1.0355
19.0449 1.0371
19.0562 1.0387
19.0675 1.0403
19.0788 1.0418
19.0901 1.0434
19.1013 1.0450
19.1126 1.0466
19.1239 1.0482
19.1352 1.0498
19.1465 1.0514
19.1578 1.0530
19.1690 1.0546
19.1803 1.0562
19.1916 1.0578
19.2029 1.0594
19.2142 1.0610
19.2255 1.0626
19.2367 1.0642
19.2480 1.0658
19.2593 1.0674
19.2706 1.0690
19.2818 1.0706
19.2931 1.0722
19.3044 1.0738
19.3157 1.0755
19.3269 1.0771
19.3382 1.0787
19.3495 1.0803
19.3608 1.0819
19.3720 1.0836
19.3833 1.0852
19.3946 1.0868
19.4058 1.0884
19.4171 1.0901
19.4284 1.0917
19.4397 1.0933
19.4509 1.0949
19.4622 1.0966
19.4735 1.0982
19.4847 1.0998
19.4960 1.1015
19.5073 1.1031
19.5185 1.1048
19.5298 1.1064
19.5410 1.1080
19.5523 1.1097
19.5636 1.1113
19.5748 1.1130
19.5861 1.1146
19.5973 1.1163
19.6086 1.1179
19.6199 1.1196
19.6311 1.1212
19.6424 1.1229
19.6536 1.1245
19.6649 1.1262
19.6761 1.1278
19.6874 1.1295
19.6987 1.1311
19.7099 1.1328
19.7212 1.1345
19.7324 1.1361
19.7437 1.1378
19.7549 1.1395
19.7662 1.1411
19.7774 1.1428
19.7887 1.1445
19.7999 1.1462
19.8112 1.1478
19.8224 1.1495
19.8337 1.1512
19.8449 1.1529
19.8561 1.1545
19.8674 1.1562
19.8786 1.1579
19.8899 1.1596
19.9011 1.1613
19.9124 1.1629
19.9236 1.1646
19.9348 1.1663
19.9461 1.1680
19.9573 1.1697
19.9686 1.1714
19.9798 1.1731
19.9910 1.1748
20.0023 1.1765
20.0135 1.1782
20.0247 1.1799
20.0360 1.1816
20.0472 1.1833
20.0584 1.1850
20.0697 1.1867
20.0809 1.1884
20.0921 1.1901
20.1034 1.1918
20.1146 1.1935
20.1258 1.1952
20.1371 1.1969
20.1483 1.1987
20.1595 1.2004
20.1707 1.2021
20.1820 1.2038
20.1932 1.2055
20.2044 1.2072
20.2156 1.2090
20.2269 1.2107
20.2381 1.2124
20.2493 1.2141
20.2605 1.2159
20.2718 1.2176
20.2830 1.2193
20.2942 1.2211
20.3054 1.2228
20.3166 1.2245
20.3279 1.2263
20.3391 1.2280
20.3503 1.2297
20.3615 1.2315
20.3727 1.2332
20.3839 1.2350
20.3951 1.2367
20.4064 1.2384
20.4176 1.2402
20.4288 1.2419
20.4400 1.2437
20.4512 1.2454
20.4624 1.2472
20.4736 1.2489
20.4848 1.2507
20.4960 1.2524
20.5072 1.2542
20.5185 1.2560
20.5297 1.2577
20.5409 1.2595
20.5521 1.2612
20.5633 1.2630
20.5745 1.2648
20.5857 1.2665
20.5969 1.2683
20.6081 1.2701
20.6193 1.2718
20.6305 1.2736
20.6417 1.2754
20.6529 1.2772
20.6641 1.2789
20.6753 1.2807
20.6865 1.2825
20.6977 1.2843
20.7089 1.2861
20.7201 1.2878
20.7313 1.2896
20.7424 1.2914
20.7536 1.2932
20.7648 1.2950
20.7760 1.2968
20.7872 1.2986
20.7984 1.3004
20.8096 1.3021
20.8208 1.3039
20.8320 1.3057
20.8432 1.3075
20.8543 1.3093
20.8655 1.3111
20.8767 1.3129
20.8879 1.3147
20.8991 1.3165
20.9103 1.3183
20.9214 1.3202
20.9326 1.3220
20.9438 1.3238
20.9550 1.3256
20.9662 1.3274
20.9773 1.3292
20.9885 1.3310
20.9997 1.3328
21.0109 1.3347
21.0221 1.3365
21.0332 1.3383
21.0444 1.3401
21.0556 1.3419
21.0667 1.3438
21.0779 1.3456
21.0891 1.3474
21.1003 1.3492
21.1114 1.3511
21.1226 1.3529
21.1338 1.3547
21.1449 1.3566
21.1561 1.3584
21.1673 1.3602
21.1784 1.3621
21.1896 1.3639
21.2008 1.3658
21.2119 1.3676
21.2231 1.3694
21.2343 1.3713
21.2454 1.3731
21.2566 1.3750
21.2677 1.3768
21.2789 1.3787
21.2901 1.3805
21.3012 1.3824
21.3124 1.3842
21.3235 1.3861
21.3347 1.3880
21.3459 1.3898
21.3570 1.3917
21.3682 1.3935
21.3793 1.3954
21.3905 1.3973
21.4016 1.3991
21.4128 1.4010
21.4239 1.4029
21.4351 1.4047
21.4462 1.4066
21.4574 1.4085
21.4685 1.4103
21.4797 1.4122
21.4908 1.4141
21.5020 1.4160
21.5131 1.4178
21.5243 1.4197
21.5354 1.4216
21.5465 1.4235
21.5577 1.4254
21.5688 1.4273
21.5800 1.4291
21.5911 1.4310
21.6022 1.4329
21.6134 1.4348
21.6245 1.4367
21.6357 1.4386
21.6468 1.4405
21.6579 1.4424
21.6691 1.4443
21.6802 1.4462
21.6913 1.4481
21.7025 1.4500
21.7136 1.4519
21.7247 1.4538
21.7359 1.4557
21.7470 1.4576
21.7581 1.4595
21.7693 1.4614
21.7804 1.4633
21.7915 1.4652
21.8026 1.4671
21.8138 1.4691
21.8249 1.4710
21.8360 1.4729
21.8471 1.4748
21.8583 1.4767
21.8694 1.4787
21.8805 1.4806
21.8916 1.4825
21.9028 1.4844
21.9139 1.4864
21.9250 1.4883
21.9361 1.4902
21.9472 1.4921
21.9583 1.4941
21.9695 1.4960
21.9806 1.4979
21.9917 1.4999
22.0028 1.5018
22.0139 1.5038
22.0250 1.5057
22.0361 1.5076
22.0473 1.5096
22.0584 1.5115
22.0695 1.5135
22.0806 1.5154
22.0917 1.5174
22.1028 1.5193
22.1139 1.5213
22.1250 1.5232
22.1361 1.5252
22.1472 1.5271
22.1583 1.5291
22.1694 1.5310
22.1805 1.5330
22.1916 1.5350
22.2027 1.5369
22.2138 1.5389
22.2249 1.5409
22.2360 1.5428
22.2471 1.5448
22.2582 1.5468
22.2693 1.5487
22.2804 1.5507
22.2915 1.5527
22.3026 1.5546
22.3137 1.5566
22.3248 1.5586
22.3359 1.5606
22.3470 1.5625
22.3581 1.5645
22.3692 1.5665
22.3802 1.5685
22.3913 1.5705
22.4024 1.5725
22.4135 1.5745
22.4246 1.5764
22.4357 1.5784
22.4468 1.5804
22.4578 1.5824
22.4689 1.5844
22.4800 1.5864
22.4911 1.5884
22.5022 1.5904
22.5133 1.5924
22.5243 1.5944
22.5354 1.5964
22.5465 1.5984
22.5576 1.6004
22.5686 1.6024
22.5797 1.6044
22.5908 1.6064
22.6019 1.6084
22.6129 1.6105
22.6240 1.6125
22.6351 1.6145
22.6462 1.6165
22.6572 1.6185
22.6683 1.6205
22.6794 1.6226
22.6904 1.6246
22.7015 1.6266
22.7126 1.6286
22.7236 1.6306
22.7347 1.6327
22.7458 1.6347
22.7568 1.6367
22.7679 1.6388
22.7789 1.6408
22.7900 1.6428
22.8011 1.6449
22.8121 1.6469
22.8232 1.6489
22.8342 1.6510
22.8453 1.6530
22.8564 1.6551
22.8674 1.6571
22.8785 1.6591
22.8895 1.6612
22.9006 1.6632
22.9116 1.6653
22.9227 1.6673
22.9337 1.6694
22.9448 1.6714
22.9558 1.6735
22.9669 1.6755
22.9779 1.6776
22.9890 1.6797
23.0000 1.6817
23.0111 1.6838
23.0221 1.6858
23.0332 1.6879
23.0442 1.6900
23.0552 1.6920
23.0663 1.6941
23.0773 1.6962
23.0884 1.6982
23.0994 1.7003
23.1104 1.7024
23.1215 1.7044
23.1325 1.7065
23.1436 1.7086
23.1546 1.7107
23.1656 1.7128
23.1767 1.7148
23.1877 1.7169
23.1987 1.7190
23.2098 1.7211
23.2208 1.7232
23.2318 1.7253
23.2429 1.7273
23.2539 1.7294
23.2649 1.7315
23.2759 1.7336
23.2870 1.7357
23.2980 1.7378
23.3090 1.7399
23.3200 1.7420
23.3311 1.7441
23.3421 1.7462
23.3531 1.7483
23.3641 1.7504
23.3752 1.7525
23.3862 1.7546
23.3972 1.7567
23.4082 1.7588
23.4192 1.7609
23.4302 1.7630
23.4413 1.7652
23.4523 1.7673
23.4633 1.7694
23.4743 1.7715
23.4853 1.7736
23.4963 1.7757
23.5073 1.7779
23.5183 1.7800
23.5294 1.7821
23.5404 1.7842
23.5514 1.7864
23.5624 1.7885
23.5734 1.7906
23.5844 1.7927
23.5954 1.7949
23.6064 1.7970
23.6174 1.7991
23.6284 1.8013
23.6394 1.8034
23.6504 1.8056
23.6614 1.8077
23.6724 1.8098
23.6834 1.8120
23.6944 1.8141
23.7054 1.8163
23.7164 1.8184
23.7274 1.8206
23.7384 1.8227
23.7494 1.8249
23.7604 1.8270
23.7714 1.8292
23.7823 1.8313
23.7933 1.8335
23.8043 1.8356
23.8153 1.8378
23.8263 1.8399
23.8373 1.8421
23.8483 1.8443
23.8593 1.8464
23.8702 1.8486
23.8812 1.8508
23.8922 1.8529
23.9032 1.8551
23.9142 1.8573
23.9252 1.8594
23.9361 1.8616
23.9471 1.8638
23.9581 1.8660
23.9691 1.8681
23.9800 1.8703
23.9910 1.8725
24.0020 1.8747
24.0130 1.8769
24.0239 1.8790
24.0349 1.8812
24.0459 1.8834
24.0569 1.8856
24.0678 1.8878
24.0788 1.8900
24.0898 1.8922
24.1007 1.8944
24.1117 1.8966
24.1227 1.8988
24.1336 1.9010
24.1446 1.9032
24.1556 1.9054
24.1665 1.9076
24.1775 1.9098
24.1884 1.9120
24.1994 1.9142
24.2104 1.9164
24.2213 1.9186
24.2323 1.9208
24.2432 1.9230
24.2542 1.9252
24.2652 1.9274
24.2761 1.9296
24.2871 1.9319
24.2980 1.9341
24.3090 1.9363
24.3199 1.9385
24.3309 1.9407
24.3418 1.9430
24.3528 1.9452
24.3637 1.9474
24.3747 1.9496
24.3856 1.9519
24.3966 1.9541
24.4075 1.9563
24.4184 1.9585
24.4294 1.9608
24.4403 1.9630
24.4513 1.9653
24.4622 1.9675
24.4731 1.9697
24.4841 1.9720
24.4950 1.9742
24.5060 1.9765
24.5169 1.9787
24.5278 1.9809
24.5388 1.9832
24.5497 1.9854
24.5606 1.9877
24.5716 1.9899
24.5825 1.9922
24.5934 1.9944
24.6044 1.9967
24.6153 1.9989
24.6262 2.0012
24.6371 2.0035
24.6481 2.0057
24.6590 2.0080
24.6699 2.0102
24.6809 2.0125
24.6918 2.0148
24.7027 2.0170
24.7136 2.0193
24.7245 2.0216
24.7355 2.0239
24.7464 2.0261
24.7573 2.0284
24.7682 2.0307
24.7791 2.0329
24.7900 2.0352
24.8010 2.0375
24.8119 2.0398
24.8228 2.0421
24.8337 2.0443
24.8446 2.0466
24.8555 2.0489
24.8664 2.0512
24.8773 2.0535
24.8883 2.0558
24.8992 2.0581
24.9101 2.0604
24.9210 2.0627
24.9319 2.0650
24.9428 2.0672
24.9537 2.0695
24.9646 2.0718
24.9755 2.0741
24.9864 2.0764
24.9973 2.0787
25.0082 2.0811
25.0191 2.0834
25.0300 2.0857
25.0409 2.0880
25.0518 2.0903
25.0627 2.0926
25.0736 2.0949
25.0845 2.0972
25.0953 2.0995
25.1062 2.1018
25.1171 2.1042
25.1280 2.1065
25.1389 2.1088
25.1498 2.1111
25.1607 2.1134
25.1716 2.1158
25.1825 2.1181
25.1933 2.1204
25.2042 2.1227
25.2151 2.1251
25.2260 2.1274
25.2369 2.1297
25.2478 2.1321
25.2586 2.1344
25.2695 2.1367
25.2804 2.1391
25.2913 2.1414
25.3021 2.1438
25.3130 2.1461
25.3239 2.1484
25.3348 2.1508
25.3456 2.1531
25.3565 2.1555
25.3674 2.1578
25.3783 2.1602
25.3891 2.1625
25.4000 2.1649
25.4109 2.1672
25.4217 2.1696
25.4326 2.1719
25.4435 2.1743
25.4543 2.1767
25.4652 2.1790
25.4760 2.1814
25.4869 2.1837
25.4978 2.1861
25.5086 2.1885
25.5195 2.1908
25.5303 2.1932
25.5412 2.1956
25.5521 2.1979
25.5629 2.2003
25.5738 2.2027
25.5846 2.2051
25.5955 2.2074
25.6063 2.2098
25.6172 2.2122
25.6280 2.2146
25.6389 2.2170
25.6497 2.2193
25.6606 2.2217
25.6714 2.2241
25.6823 2.2265
25.6931 2.2289
25.7040 2.2313
25.7148 2.2337
25.7256 2.2361
25.7365 2.2384
25.7473 2.2408
25.7582 2.2432
25.7690 2.2456
25.7798 2.2480
25.7907 2.2504
25.8015 2.2528
25.8123 2.2552
25.8232 2.2576
25.8340 2.2600
25.8448 2.2624
25.8557 2.2649
25.8665 2.2673
25.8773 2.2697
25.8882 2.2721
25.8990 2.2745
25.9098 2.2769
25.9207 2.2793
25.9315 2.2817
25.9423 2.2842
25.9531 2.2866
25.9640 2.2890
25.9748 2.2914
25.9856 2.2938
25.9964 2.2963
26.0072 2.2987
26.0181 2.3011
26.0289 2.3036
26.0397 2.3060
26.0505 2.3084
26.0613 2.3108
26.0721 2.3133
26.0830 2.3157
26.0938 2.3182
26.1046 2.3206
26.1154 2.3230
26.1262 2.3255
26.1370 2.3279
26.1478 2.3304
26.1586 2.3328
26.1694 2.3352
26.1802 2.3377
26.1910 2.3401
26.2018 2.3426
26.2126 2.3450
26.2234 2.3475
26.2342 2.3499
26.2450 2.3524
26.2558 2.3549
26.2666 2.3573
26.2774 2.3598
26.2882 2.3622
26.2990 2.3647
26.3098 2.3672
26.3206 2.3696
26.3314 2.3721
26.3422 2.3746
26.3530 2.3770
26.3638 2.3795
26.3746 2.3820
26.3854 2.3844
26.3962 2.3869
26.4069 2.3894
26.4177 2.3919
26.4285 2.3943
26.4393 2.3968
26.4501 2.3993
26.4609 2.4018
26.4716 2.4043
26.4824 2.4067
26.4932 2.4092
26.5040 2.4117
26.5148 2.4142
26.5255 2.4167
26.5363 2.4192
26.5471 2.4217
26.5579 2.4242
26.5686 2.4267
26.5794 2.4292
26.5902 2.4317
26.6010 2.4342
26.6117 2.4367
26.6225 2.4392
26.6333 2.4417
26.6440 2.4442
26.6548 2.4467
26.6656 2.4492
26.6763 2.4517
26.6871 2.4542
26.6978 2.4567
26.7086 2.4592
26.7194 2.4617
26.7301 2.4642
26.7409 2.4668
26.7516 2.4693
26.7624 2.4718
26.7732 2.4743
26.7839 2.4768
26.7947 2.4794
26.8054 2.4819
26.8162 2.4844
26.8269 2.4869
26.8377 2.4895
26.8484 2.4920
26.8592 2.4945
26.8699 2.4971
26.8807 2.4996
26.8914 2.5021
26.9022 2.5047
26.9129 2.5072
26.9237 2.5097
26.9344 2.5123
26.9451 2.5148
26.9559 2.5174
26.9666 2.5199
26.9774 2.5224
26.9881 2.5250
26.9988 2.5275
27.0096 2.5301
27.0203 2.5326
27.0310 2.5352
27.0418 2.5377
27.0525 2.5403
27.0632 2.5428
27.0740 2.5454
27.0847 2.5480
27.0954 2.5505
27.1062 2.5531
27.1169 2.5556
27.1276 2.5582
27.1383 2.5608
27.1491 2.5633
27.1598 2.5659
27.1705 2.5685
27.1812 2.5710
27.1919 2.5736
27.2027 2.5762
27.2134 2.5788
27.2241 2.5813
27.2348 2.5839
27.2455 2.5865
27.2563 2.5891
27.2670 2.5916
27.2777 2.5942
27.2884 2.5968
27.2991 2.5994
27.3098 2.6020
27.3205 2.6046
27.3312 2.6071
27.3419 2.6097
27.3526 2.6123
27.3634 2.6149
27.3741 2.6175
27.3848 2.6201
27.3955 2.6227
27.4062 2.6253
27.4169 2.6279
27.4276 2.6305
27.4383 2.6331
27.4490 2.6357
27.4597 2.6383
27.4704 2.6409
27.4811 2.6435
27.4918 2.6461
27.5024 2.6487
27.5131 2.6513
27.5238 2.6539
27.5345 2.6566
27.5452 2.6592
27.5559 2.6618
27.5666 2.6644
27.5773 2.6670
27.5880 2.6696
27.5987 2.6723
27.6093 2.6749
27.6200 2.6775
27.6307 2.6801
27.6414 2.6828
27.6521 2.6854
27.6627 2.6880
27.6734 2.6906
27.6841 2.6933
27.6948 2.6959
27.7055 2.6985
27.7161 2.7012
27.7268 2.7038
27.7375 2.7064
27.7482 2.7091
27.7588 2.7117
27.7695 2.7144
27.7802 2.7170
27.7908 2.7196
27.8015 2.7223
27.8122 2.7249
27.8228 2.7276
27.8335 2.7302
27.8442 2.7329
27.8548 2.7355
27.8655 2.7382
27.8761 2.7408
27.8868 2.7435
27.8975 2.7462
27.9081 2.7488
27.9188 2.7515
27.9294 2.7541
27.9401 2.7568
27.9507 2.7595
27.9614 2.7621
27.9721 2.7648
27.9827 2.7675
27.9934 2.7701
28.0040 2.7728
28.0147 2.7755
28.0253 2.7781
28.0360 2.7808
28.0466 2.7835
28.0572 2.7862
28.0679 2.7888
28.0785 2.7915
28.0892 2.7942
28.0998 2.7969
28.1105 2.7996
28.1211 2.8022
28.1317 2.8049
28.1424 2.8076
28.1530 2.8103
28.1636 2.8130
28.1743 2.8157
28.1849 2.8184
28.1955 2.8211
28.2062 2.8238
28.2168 2.8265
28.2274 2.8292
28.2381 2.8319
28.2487 2.8346
28.2593 2.8373
28.2699 2.8400
28.2806 2.8427
28.2912 2.8454
28.3018 2.8481
28.3124 2.8508
28.3231 2.8535
28.3337 2.8562
28.3443 2.8589
28.3549 2.8616
28.3655 2.8643
28.3762 2.8670
28.3868 2.8698
28.3974 2.8725
28.4080 2.8752
28.4186 2.8779
28.4292 2.8806
28.4398 2.8834
28.4504 2.8861
28.4611 2.8888
28.4717 2.8915
28.4823 2.8943
28.4929 2.8970
28.5035 2.8997
28.5141 2.9025
28.5247 2.9052
28.5353 2.9079
28.5459 2.9107
28.5565 2.9134
28.5671 2.9161
28.5777 2.9189
28.5883 2.9216
28.5989 2.9244
28.6095 2.9271
28.6201 2.9298
28.6307 2.9326
28.6413 2.9353
28.6519 2.9381
28.6624 2.9408
28.6730 2.9436
28.6836 2.9463
28.6942 2.9491
28.7048 2.9518
28.7154 2.9546
28.7260 2.9574
28.7366 2.9601
28.7471 2.9629
28.7577 2.9656
28.7683 2.9684
28.7789 2.9712
28.7895 2.9739
28.8000 2.9767
28.8106 2.9795
28.8212 2.9822
28.8318 2.9850
28.8423 2.9878
28.8529 2.9905
28.8635 2.9933
28.8741 2.9961
28.8846 2.9989
28.8952 3.0017
28.9058 3.0044
28.9163 3.0072
28.9269 3.0100
28.9375 3.0128
28.9480 3.0156
28.9586 3.0183
28.9692 3.0211
28.9797 3.0239
28.9903 3.0267
29.0008 3.0295
29.0114 3.0323
29.0219 3.0351
29.0325 3.0379
29.0431 3.0407
29.0536 3.0435
29.0642 3.0463
29.0747 3.0491
29.0853 3.0519
29.0958 3.0547
29.1064 3.0575
29.1169 3.0603
29.1275 3.0631
29.1380 3.0659
29.1486 3.0687
29.1591 3.0715
29.1697 3.0743
29.1802 3.0771
29.1907 3.0800
29.2013 3.0828
29.2118 3.0856
29.2224 3.0884
29.2329 3.0912
29.2434 3.0940
29.2540 3.0969
29.2645 3.0997
29.2750 3.1025
29.2856 3.1053
29.2961 3.1082
29.3066 3.1110
29.3172 3.1138
29.3277 3.1166
29.3382 3.1195
29.3488 3.1223
29.3593 3.1251
29.3698 3.1280
29.3803 3.1308
29.3908 3.1337
29.4014 3.1365
29.4119 3.1393
29.4224 3.1422
29.4329 3.1450
29.4435 3.1479
29.4540 3.1507
29.4645 3.1536
29.4750 3.1564
29.4855 3.1592
29.4960 3.1621
29.5065 3.1650
29.5171 3.1678
29.5276 3.1707
29.5381 3.1735
29.5486 3.1764
29.5591 3.1792
29.5696 3.1821
29.5801 3.1850
29.5906 3.1878
29.6011 3.1907
29.6116 3.1935
29.6221 3.1964
29.6326 3.1993
29.6431 3.2021
29.6536 3.2050
29.6641 3.2079
29.6746 3.2108
29.6851 3.2136
29.6956 3.2165
29.7061 3.2194
29.7166 3.2223
29.7271 3.2251
29.7376 3.2280
29.7481 3.2309
29.7585 3.2338
29.7690 3.2367
29.7795 3.2395
29.7900 3.2424
29.8005 3.2453
29.8110 3.2482
29.8215 3.2511
29.8319 3.2540
29.8424 3.2569
29.8529 3.2598
29.8634 3.2627
29.8739 3.2656
29.8843 3.2685
29.8948 3.2714
29.9053 3.2743
29.9158 3.2772
29.9262 3.2801
29.9367 3.2830
29.9472 3.2859
29.9576 3.2888
29.9681 3.2917
29.9786 3.2946
29.9890 3.2975
29.9995 3.3004
30.0100 3.3033
30.0204 3.3062
30.0309 3.3092
30.0414 3.3121
30.0518 3.3150
30.0623 3.3179
30.0727 3.3208
30.0832 3.3238
30.0937 3.3267
30.1041 3.3296
30.1146 3.3325
30.1250 3.3355
30.1355 3.3384
30.1459 3.3413
30.1564 3.3442
30.1668 3.3472
30.1773 3.3501
30.1877 3.3530
30.1982 3.3560
30.2086 3.3589
30.2191 3.3618
30.2295 3.3648
30.2399 3.3677
30.2504 3.3707
30.2608 3.3736
30.2713 3.3766
30.2817 3.3795
30.2921 3.3824
30.3026 3.3854
30.3130 3.3883
30.3235 3.3913
30.3339 3.3942
30.3443 3.3972
30.3547 3.4002
30.3652 3.4031
30.3756 3.4061
30.3860 3.4090
30.3965 3.4120
30.4069 3.4149
30.4173 3.4179
30.4277 3.4209
30.4382 3.4238
30.4486 3.4268
30.4590 3.4298
30.4694 3.4327
30.4798 3.4357
30.4903 3.4387
30.5007 3.4416
30.5111 3.4446
30.5215 3.4476
30.5319 3.4506
30.5423 3.4535
30.5528 3.4565
30.5632 3.4595
30.5736 3.4625
30.5840 3.4655
30.5944 3.4684
30.6048 3.4714
30.6152 3.4744
30.6256 3.4774
30.6360 3.4804
30.6464 3.4834
30.6568 3.4864
30.6672 3.4894
30.6776 3.4923
30.6880 3.4953
30.6984 3.4983
30.7088 3.5013
30.7192 3.5043
30.7296 3.5073
30.7400 3.5103
30.7504 3.5133
30.7608 3.5163
30.7712 3.5193
30.7816 3.5223
30.7920 3.5254
30.8023 3.5284
30.8127 3.5314
30.8231 3.5344
30.8335 3.5374
30.8439 3.5404
30.8543 3.5434
30.8647 3.5464
30.8750 3.5494
30.8854 3.5525
30.8958 3.5555
30.9062 3.5585
30.9165 3.5615
30.9269 3.5645
30.9373 3.5676
30.9477 3.5706
30.9580 3.5736
30.9684 3.5767
30.9788 3.5797
30.9892 3.5827
30.9995 3.5857
31.0099 3.5888
31.0203 3.5918
31.0306 3.5948
31.0410 3.5979
31.0514 3.6009
31.0617 3.6040
31.0721 3.6070
31.0824 3.6100
31.0928 3.6131
31.1032 3.6161
31.1135 3.6192
31.1239 3.6222
31.1342 3.6253
31.1446 3.6283
31.1549 3.6314
31.1653 3.6344
31.1756 3.6375
31.1860 3.6405
31.1963 3.6436
31.2067 3.6466
31.2170 3.6497
31.2274 3.6527
31.2377 3.6558
31.2481 3.6589
31.2584 3.6619
31.2687 3.6650
31.2791 3.6681
31.2894 3.6711
31.2998 3.6742
31.3101 3.6773
31.3204 3.6803
31.3308 3.6834
31.3411 3.6865
31.3514 3.6895
31.3618 3.6926
31.3721 3.6957
31.3824 3.6988
31.3928 3.7019
31.4031 3.7049
31.4134 3.7080
31.4237 3.7111
31.4341 3.7142
31.4444 3.7173
31.4547 3.7203
31.4650 3.7234
31.4754 3.7265
31.4857 3.7296
31.4960 3.7327
31.5063 3.7358
31.5166 3.7389
31.5269 3.7420
31.5373 3.7451
31.5476 3.7482
31.5579 3.7513
31.5682 3.7544
31.5785 3.7575
31.5888 3.7606
31.5991 3.7637
31.6094 3.7668
31.6197 3.7699
31.6300 3.7730
31.6404 3.7761
31.6507 3.7792
31.6610 3.7823
31.6713 3.7854
31.6816 3.7885
31.6919 3.7917
31.7022 3.7948
31.7125 3.7979
31.7227 3.8010
31.7330 3.8041
31.7433 3.8072
31.7536 3.8104
31.7639 3.8135
31.7742 3.8166
31.7845 3.8197
31.7948 3.8229
31.8051 3.8260
31.8154 3.8291
31.8257 3.8322
31.8359 3.8354
31.8462 3.8385
31.8565 3.8416
31.8668 3.8448
31.8771 3.8479
31.8873 3.8511
31.8976 3.8542
31.9079 3.8573
31.9182 3.8605
31.9285 3.8636
31.9387 3.8668
31.9490 3.8699
31.9593 3.8730
31.9695 3.8762
31.9798 3.8793
31.9901 3.8825
32.0003 3.8856
32.0106 3.8888
32.0209 3.8919
32.0311 3.8951
32.0414 3.8983
32.0517 3.9014
32.0619 3.9046
32.0722 3.9077
32.0825 3.9109
32.0927 3.9141
32.1030 3.9172
32.1132 3.9204
32.1235 3.9235
32.1337 3.9267
32.1440 3.9299
32.1542 3.9330
32.1645 3.9362
32.1747 3.9394
32.1850 3.9426
32.1952 3.9457
32.2055 3.9489
32.2157 3.9521
32.2260 3.9553
32.2362 3.9584
32.2465 3.9616
32.2567 3.9648
32.2669 3.9680
32.2772 3.9712
32.2874 3.9744
32.2977 3.9775
32.3079 3.9807
32.3181 3.9839
32.3284 3.9871
32.3386 3.9903
32.3488 3.9935
32.3591 3.9967
32.3693 3.9999
32.3795 4.0031
32.3897 4.0063
32.4000 4.0095
32.4102 4.0127
32.4204 4.0159
32.4306 4.0191
32.4409 4.0223
32.4511 4.0255
32.4613 4.0287
32.4715 4.0319
32.4817 4.0351
32.4920 4.0383
32.5022 4.0415
32.5124 4.0447
32.5226 4.0479
32.5328 4.0511
32.5430 4.0544
32.5532 4.0576
32.5635 4.0608
32.5737 4.0640
32.5839 4.0672
32.5941 4.0705
32.6043 4.0737
32.6145 4.0769
32.6247 4.0801
32.6349 4.0833
32.6451 4.0866
32.6553 4.0898
32.6655 4.0930
32.6757 4.0963
32.6859 4.0995
32.6961 4.1027
32.7063 4.1060
32.7165 4.1092
32.7267 4.1124
32.7369 4.1157
32.7470 4.1189
32.7572 4.1222
32.7674 4.1254
32.7776 4.1286
32.7878 4.1319
32.7980 4.1351
32.8082 4.1384
32.8184 4.1416
32.8285 4.1449
32.8387 4.1481
32.8489 4.1514
32.8591 4.1546
32.8693 4.1579
32.8794 4.1611
32.8896 4.1644
32.8998 4.1676
32.9100 4.1709
32.9201 4.1742
32.9303 4.1774
32.9405 4.1807
32.9506 4.1839
32.9608 4.1872
32.9710 4.1905
32.9811 4.1937
32.9913 4.1970
33.0015 4.2003
33.0116 4.2035
33.0218 4.2068
33.0320 4.2101
33.0421 4.2134
33.0523 4.2166
33.0624 4.2199
33.0726 4.2232
33.0827 4.2265
33.0929 4.2297
33.1031 4.2330
33.1132 4.2363
33.1234 4.2396
33.1335 4.2429
33.1437 4.2462
33.1538 4.2494
33.1640 4.2527
33.1741 4.2560
33.1842 4.2593
33.1944 4.2626
33.2045 4.2659
33.2147 4.2692
33.2248 4.2725
33.2349 4.2758
33.2451 4.2791
33.2552 4.2824
33.2654 4.2857
33.2755 4.2890
33.2856 4.2923
33.2958 4.2956
33.3059 4.2989
33.3160 4.3022
33.3262 4.3055
33.3363 4.3088
33.3464 4.3121
33.3565 4.3154
33.3667 4.3187
33.3768 4.3221
33.3869 4.3254
33.3970 4.3287
33.4072 4.3320
33.4173 4.3353
33.4274 4.3386
33.4375 4.3420
33.4476 4.3453
33.4577 4.3486
33.4679 4.3519
33.4780 4.3553
33.4881 4.3586
33.4982 4.3619
33.5083 4.3652
33.5184 4.3686
33.5285 4.3719
33.5386 4.3752
33.5487 4.3786
33.5588 4.3819
33.5690 4.3852
33.5791 4.3886
33.5892 4.3919
33.5993 4.3952
33.6094 4.3986
33.6195 4.4019
33.6296 4.4053
33.6396 4.4086
33.6497 4.4120
33.6598 4.4153
33.6699 4.4186
33.6800 4.4220
33.6901 4.4253
33.7002 4.4287
33.7103 4.4320
33.7204 4.4354
33.7305 4.4388
33.7406 4.4421
33.7506 4.4455
33.7607 4.4488
33.7708 4.4522
33.7809 4.4555
33.7910 4.4589
33.8010 4.4623
33.8111 4.4656
33.8212 4.4690
33.8313 4.4724
33.8414 4.4757
33.8514 4.4791
33.8615 4.4825
33.8716 4.4858
33.8816 4.4892
33.8917 4.4926
33.9018 4.4960
33.9118 4.4993
33.9219 4.5027
33.9320 4.5061
33.9420 4.5095
33.9521 4.5128
33.9622 4.5162
33.9722 4.5196
33.9823 4.5230
33.9923 4.5264
34.0024 4.5298
34.0125 4.5331
34.0225 4.5365
34.0326 4.5399
34.0426 4.5433
34.0527 4.5467
34.0627 4.5501
34.0728 4.5535
34.0828 4.5569
34.0929 4.5603
34.1029 4.5637
34.1130 4.5671
34.1230 4.5705
34.1330 4.5739
34.1431 4.5773
34.1531 4.5807
34.1632 4.5841
34.1732 4.5875
34.1833 4.5909
34.1933 4.5943
34.2033 4.5977
34.2134 4.6011
34.2234 4.6045
34.2334 4.6080
34.2435 4.6114
34.2535 4.6148
34.2635 4.6182
34.2735 4.6216
34.2836 4.6250
34.2936 4.6285
34.3036 4.6319
34.3136 4.6353
34.3237 4.6387
34.3337 4.6421
34.3437 4.6456
34.3537 4.6490
34.3637 4.6524
34.3738 4.6559
34.3838 4.6593
34.3938 4.6627
34.4038 4.6661
34.4138 4.6696
34.4238 4.6730
34.4338 4.6765
34.4439 4.6799
34.4539 4.6833
34.4639 4.6868
34.4739 4.6902
34.4839 4.6936
34.4939 4.6971
34.5039 4.7005
34.5139 4.7040
34.5239 4.7074
34.5339 4.7109
34.5439 4.7143
34.5539 4.7178
34.5639 4.7212
34.5739 4.7247
34.5839 4.7281
34.5939 4.7316
34.6039 4.7350
34.6138 4.7385
34.6238 4.7420
34.6338 4.7454
34.6438 4.7489
34.6538 4.7523
34.6638 4.7558
34.6738 4.7593
34.6838 4.7627
34.6937 4.7662
34.7037 4.7697
34.7137 4.7731
34.7237 4.7766
34.7337 4.7801
34.7436 4.7835
34.7536 4.7870
34.7636 4.7905
34.7736 4.7940
34.7835 4.7974
34.7935 4.8009
34.8035 4.8044
34.8134 4.8079
34.8234 4.8114
34.8334 4.8148
34.8433 4.8183
34.8533 4.8218
34.8633 4.8253
34.8732 4.8288
34.8832 4.8323
34.8932 4.8357
34.9031 4.8392
34.9131 4.8427
34.9230 4.8462
34.9330 4.8497
34.9429 4.8532
34.9529 4.8567
34.9628 4.8602
34.9728 4.8637
34.9827 4.8672
34.9927 4.8707
35.0026 4.8742
35.0126 4.8777
35.0225 4.8812
35.0325 4.8847
35.0424 4.8882
35.0524 4.8917
35.0623 4.8952
35.0722 4.8987
35.0822 4.9023
35.0921 4.9058
35.1021 4.9093
35.1120 4.9128
35.1219 4.9163
35.1319 4.9198
35.1418 4.9233
35.1517 4.9269
35.1617 4.9304
35.1716 4.9339
35.1815 4.9374
35.1914 4.9409
35.2014 4.9445
35.2113 4.9480
35.2212 4.9515
35.2311 4.9550
35.2411 4.9586
35.2510 4.9621
35.2609 4.9656
35.2708 4.9692
35.2807 4.9727
35.2907 4.9762
35.3006 4.9798
35.3105 4.9833
35.3204 4.9868
35.3303 4.9904
35.3402 4.9939
35.3501 4.9975
35.3600 5.0010
35.3700 5.0046
35.3799 5.0081
35.3898 5.0116
35.3997 5.0152
35.4096 5.0187
35.4195 5.0223
35.4294 5.0258
35.4393 5.0294
35.4492 5.0329
35.4591 5.0365
35.4690 5.0401
35.4789 5.0436
35.4888 5.0472
35.4987 5.0507
35.5085 5.0543
35.5184 5.0578
35.5283 5.0614
35.5382 5.0650
35.5481 5.0685
35.5580 5.0721
35.5679 5.0757
35.5778 5.0792
35.5876 5.0828
35.5975 5.0864
35.6074 5.0899
35.6173 5.0935
35.6272 5.0971
35.6370 5.1007
35.6469 5.1042
35.6568 5.1078
35.6667 5.1114
35.6765 5.1150
35.6864 5.1185
35.6963 5.1221
35.7062 5.1257
35.7160 5.1293
35.7259 5.1329
35.7358 5.1365
35.7456 5.1400
35.7555 5.1436
35.7653 5.1472
35.7752 5.1508
35.7851 5.1544
35.7949 5.1580
35.8048 5.1616
35.8146 5.1652
35.8245 5.1688
35.8344 5.1724
35.8442 5.1760
35.8541 5.1796
35.8639 5.1832
35.8738 5.1868
35.8836 5.1904
35.8935 5.1940
35.9033 5.1976
35.9132 5.2012
35.9230 5.2048
35.9329 5.2084
35.9427 5.2120
35.9525 5.2156
35.9624 5.2192
35.9722 5.2228
35.9821 5.2265
35.9919 5.2301
36.0017 5.2337
36.0116 5.2373
36.0214 5.2409
36.0312 5.2445
36.0411 5.2482
36.0509 5.2518
36.0607 5.2554
36.0706 5.2590
36.0804 5.2626
36.0902 5.2663
36.1000 5.2699
36.1099 5.2735
36.1197 5.2772
36.1295 5.2808
36.1393 5.2844
36.1492 5.2880
36.1590 5.2917
36.1688 5.2953
36.1786 5.2990
36.1884 5.3026
36.1982 5.3062
36.2080 5.3099
36.2179 5.3135
36.2277 5.3171
36.2375 5.3208
36.2473 5.3244
36.2571 5.3281
36.2669 5.3317
36.2767 5.3354
36.2865 5.3390
36.2963 5.3427
36.3061 5.3463
36.3159 5.3500
36.3257 5.3536
36.3355 5.3573
36.3453 5.3609
36.3551 5.3646
36.3649 5.3682
36.3747 5.3719
36.3845 5.3756
36.3943 5.3792
36.4041 5.3829
36.4139 5.3865
36.4237 5.3902
36.4334 5.3939
36.4432 5.3975
36.4530 5.4012
36.4628 5.4049
36.4726 5.4085
36.4824 5.4122
36.4921 5.4159
36.5019 5.4195
36.5117 5.4232
36.5215 5.4269
36.5313 5.4306
36.5410 5.4342
36.5508 5.4379
36.5606 5.4416
36.5704 5.4453
36.5801 5.4490
36.5899 5.4526
36.5997 5.4563
36.6094 5.4600
36.6192 5.4637
36.6290 5.4674
36.6387 5.4711
36.6485 5.4747
36.6583 5.4784
36.6680 5.4821
36.6778 5.4858
36.6875 5.4895
36.6973 5.4932
36.7070 5.4969
36.7168 5.5006
36.7266 5.5043
36.7363 5.5080
36.7461 5.5117
36.7558 5.5154
36.7656 5.5191
36.7753 5.5228
36.7851 5.5265
36.7948 5.5302
36.8046 5.5339
36.8143 5.5376
36.8240 5.5413
36.8338 5.5450
36.8435 5.5487
36.8533 5.5525
36.8630 5.5562
36.8727 5.5599
36.8825 5.5636
36.8922 5.5673
36.9019 5.5710
36.9117 5.5747
36.9214 5.5785
36.9311 5.5822
36.9409 5.5859
36.9506 5.5896
36.9603 5.5934
36.9700 5.5971
36.9798 5.6008
36.9895 5.6045
36.9992 5.6083
37.0089 5.6120
37.0187 5.6157
37.0284 5.6194
37.0381 5.6232
37.0478 5.6269
37.0575 5.6306
37.0672 5.6344
37.0770 5.6381
37.0867 5.6419
37.0964 5.6456
37.1061 5.6493
37.1158 5.6531
37.1255 5.6568
37.1352 5.6606
37.1449 5.6643
37.1546 5.6680
37.1643 5.6718
37.1740 5.6755
37.1837 5.6793
37.1934 5.6830
37.2031 5.6868
37.2128 5.6905
37.2225 5.6943
37.2322 5.6980
37.2419 5.7018
37.2516 5.7056
37.2613 5.7093
37.2710 5.7131
37.2807 5.7168
37.2904 5.7206
37.3001 5.7243
37.3098 5.7281
37.3194 5.7319
37.3291 5.7356
37.3388 5.7394
37.3485 5.7432
37.3582 5.7469
37.3679 5.7507
37.3775 5.7545
37.3872 5.7582
37.3969 5.7620
37.4066 5.7658
37.4162 5.7696
37.4259 5.7733
37.4356 5.7771
37.4453 5.7809
37.4549 5.7847
37.4646 5.7884
37.4743 5.7922
37.4839 5.7960
37.4936 5.7998
37.5033 5.8036
37.5129 5.8074
37.5226 5.8111
37.5322 5.8149
37.5419 5.8187
37.5516 5.8225
37.5612 5.8263
37.5709 5.8301
37.5805 5.8339
37.5902 5.8377
37.5998 5.8415
37.6095 5.8453
37.6191 5.8491
37.6288 5.8529
37.6384 5.8567
37.6481 5.8605
37.6577 5.8643
37.6674 5.8681
37.6770 5.8719
37.6867 5.8757
37.6963 5.8795
37.7060 5.8833
37.7156 5.8871
37.7252 5.8909
37.7349 5.8947
37.7445 5.8985
37.7541 5.9023
37.7638 5.9061
37.7734 5.9100
37.7830 5.9138
37.7927 5.9176
37.8023 5.9214
37.8119 5.9252
37.8216 5.9290
37.8312 5.9329
37.8408 5.9367
37.8504 5.9405
37.8601 5.9443
37.8697 5.9481
37.8793 5.9520
37.8889 5.9558
37.8985 5.9596
37.9082 5.9635
37.9178 5.9673
37.9274 5.9711
37.9370 5.9749
37.9466 5.9788
37.9562 5.9826
37.9658 5.9864
37.9754 5.9903
37.9851 5.9941
37.9947 5.9980
38.0043 6.0018
38.0139 6.0056
38.0235 6.0095
38.0331 6.0133
38.0427 6.0172
38.0523 6.0210
38.0619 6.0248
38.0715 6.0287
38.0811 6.0325
38.0907 6.0364
38.1003 6.0402
38.1099 6.0441
38.1195 6.0479
38.1290 6.0518
38.1386 6.0556
38.1482 6.0595
38.1578 6.0634
38.1674 6.0672
38.1770 6.0711
38.1866 6.0749
38.1962 6.0788
38.2057 6.0827
38.2153 6.0865
38.2249 6.0904
38.2345 6.0942
38.2441 6.0981
38.2536 6.1020
38.2632 6.1058
38.2728 6.1097
38.2824 6.1136
38.2919 6.1174
38.3015 6.1213
38.3111 6.1252
38.3206 6.1291
38.3302 6.1329
38.3398 6.1368
38.3493 6.1407
38.3589 6.1446
38.3685 6.1484
38.3780 6.1523
38.3876 6.1562
38.3972 6.1601
38.4067 6.1640
38.4163 6.1679
38.4258 6.1717
38.4354 6.1756
38.4449 6.1795
38.4545 6.1834
38.4640 6.1873
38.4736 6.1912
38.4831 6.1951
38.4927 6.1990
38.5022 6.2029
38.5118 6.2068
38.5213 6.2106
38.5309 6.2145
38.5404 6.2184
38.5500 6.2223
38.5595 6.2262
38.5690 6.2301
38.5786 6.2340
38.5881 6.2379
38.5977 6.2418
38.6072 6.2458
38.6167 6.2497
38.6263 6.2536
38.6358 6.2575
38.6453 6.2614
38.6548 6.2653
38.6644 6.2692
38.6739 6.2731
38.6834 6.2770
38.6930 6.2809
38.7025 6.2849
38.7120 6.2888
38.7215 6.2927
38.7310 6.2966
38.7406 6.3005
38.7501 6.3044
38.7596 6.3084
38.7691 6.3123
38.7786 6.3162
38.7881 6.3201
38.7977 6.3241
38.8072 6.3280
38.8167 6.3319
38.8262 6.3358
38.8357 6.3398
38.8452 6.3437
38.8547 6.3476
38.8642 6.3516
38.8737 6.3555
38.8832 6.3594
38.8927 6.3634
38.9022 6.3673
38.9117 6.3712
38.9212 6.3752
38.9307 6.3791
38.9402 6.3831
38.9497 6.3870
38.9592 6.3910
38.9687 6.3949
38.9782 6.3988
38.9877 6.4028
38.9972 6.4067
39.0066 6.4107
39.0161 6.4146
39.0256 6.4186
39.0351 6.4225
39.0446 6.4265
39.0541 6.4304
39.0635 6.4344
39.0730 6.4383
39.0825 6.4423
39.0920 6.4463
39.1015 6.4502
39.1109 6.4542
39.1204 6.4581
39.1299 6.4621
39.1394 6.4661
39.1488 6.4700
39.1583 6.4740
39.1678 6.4780
39.1772 6.4819
39.1867 6.4859
39.1962 6.4899
39.2056 6.4938
39.2151 6.4978
39.2245 6.5018
39.2340 6.5057
39.2435 6.5097
39.2529 6.5137
39.2624 6.5177
39.2718 6.5216
39.2813 6.5256
39.2907 6.5296
39.3002 6.5336
39.3097 6.5376
39.3191 6.5415
39.3286 6.5455
39.3380 6.5495
39.3474 6.5535
39.3569 6.5575
39.3663 6.5615
39.3758 6.5654
39.3852 6.5694
39.3947 6.5734
39.4041 6.5774
39.4135 6.5814
39.4230 6.5854
39.4324 6.5894
39.4419 6.5934
39.4513 6.5974
39.4607 6.6014
39.4702 6.6054
39.4796 6.6094
39.4890 6.6134
39.4984 6.6174
39.5079 6.6214
39.5173 6.6254
39.5267 6.6294
39.5362 6.6334
39.5456 6.6374
39.5550 6.6414
39.5644 6.6454
39.5738 6.6494
39.5833 6.6534
39.5927 6.6574
39.6021 6.6614
39.6115 6.6655
39.6209 6.6695
39.6303 6.6735
39.6397 6.6775
39.6492 6.6815
39.6586 6.6855
39.6680 6.6896
39.6774 6.6936
39.6868 6.6976
39.6962 6.7016
39.7056 6.7056
39.7150 6.7097
39.7244 6.7137
39.7338 6.7177
39.7432 6.7217
39.7526 6.7258
39.7620 6.7298
39.7714 6.7338
39.7808 6.7379
39.7902 6.7419
39.7996 6.7459
39.8090 6.7500
39.8184 6.7540
39.8277 6.7580
39.8371 6.7621
39.8465 6.7661
39.8559 6.7701
39.8653 6.7742
39.8747 6.7782
39.8841 6.7823
39.8934 6.7863
39.9028 6.7903
39.9122 6.7944
39.9216 6.7984
39.9310 6.8025
39.9403 6.8065
39.9497 6.8106
39.9591 6.8146
39.9685 6.8187
39.9778 6.8227
39.9872 6.8268
39.9966 6.8308
40.0059 6.8349
40.0153 6.8389
40.0247 6.8430
40.0340 6.8471
40.0434 6.8511
40.0528 6.8552
40.0621 6.8592
40.0715 6.8633
40.0808 6.8674
40.0902 6.8714
40.0996 6.8755
40.1089 6.8796
40.1183 6.8836
40.1276 6.8877
40.1370 6.8918
40.1463 6.8958
40.1557 6.8999
40.1650 6.9040
40.1744 6.9080
40.1837 6.9121
40.1931 6.9162
40.2024 6.9203
40.2117 6.9243
40.2211 6.9284
40.2304 6.9325
40.2398 6.9366
40.2491 6.9407
40.2584 6.9447
40.2678 6.9488
40.2771 6.9529
40.2864 6.9570
40.2958 6.9611
40.3051 6.9652
40.3144 6.9692
40.3238 6.9733
40.3331 6.9774
40.3424 6.9815
40.3518 6.9856
40.3611 6.9897
40.3704 6.9938
40.3797 6.9979
40.3891 7.0020
40.3984 7.0061
40.4077 7.0102
40.4170 7.0143
40.4263 7.0184
40.4356 7.0225
40.4450 7.0266
40.4543 7.0307
40.4636 7.0348
40.4729 7.0389
40.4822 7.0430
40.4915 7.0471
40.5008 7.0512
40.5101 7.0553
40.5194 7.0594
40.5287 7.0635
40.5380 7.0676
40.5473 7.0717
40.5566 7.0759
40.5659 7.0800
40.5752 7.0841
40.5845 7.0882
40.5938 7.0923
40.6031 7.0964
40.6124 7.1005
40.6217 7.1047
40.6310 7.1088
40.6403 7.1129
40.6496 7.1170
40.6589 7.1212
40.6682 7.1253
40.6775 7.1294
40.6868 7.1335
40.6960 7.1377
40.7053 7.1418
40.7146 7.1459
40.7239 7.1500
40.7332 7.1542
40.7424 7.1583
40.7517 7.1624
40.7610 7.1666
40.7703 7.1707
40.7795 7.1748
40.7888 7.1790
40.7981 7.1831
40.8074 7.1873
40.8166 7.1914
40.8259 7.1955
40.8352 7.1997
40.8444 7.2038
40.8537 7.2080
40.8630 7.2121
40.8722 7.2163
40.8815 7.2204
40.8908 7.2245
40.9000 7.2287
40.9093 7.2328
40.9185 7.2370
40.9278 7.2411
40.9370 7.2453
40.9463 7.2495
40.9555 7.2536
40.9648 7.2578
40.9740 7.2619
40.9833 7.2661
40.9925 7.2702
41.0018 7.2744
41.0110 7.2785
41.0203 7.2827
41.0295 7.2869
41.0388 7.2910
41.0480 7.2952
41.0573 7.2994
41.0665 7.3035
41.0757 7.3077
41.0850 7.3119
41.0942 7.3160
41.1034 7.3202
41.1127 7.3244
41.1219 7.3285
41.1311 7.3327
41.1404 7.3369
41.1496 7.3411
41.1588 7.3452
41.1681 7.3494
41.1773 7.3536
41.1865 7.3578
41.1957 7.3619
41.2049 7.3661
41.2142 7.3703
41.2234 7.3745
41.2326 7.3787
41.2418 7.3829
41.2510 7.3870
41.2603 7.3912
41.2695 7.3954
41.2787 7.3996
41.2879 7.4038
41.2971 7.4080
41.3063 7.4122
41.3155 7.4164
41.3247 7.4205
41.3339 7.4247
41.3431 7.4289
41.3524 7.4331
41.3616 7.4373
41.3708 7.4415
41.3800 7.4457
41.3892 7.4499
41.3984 7.4541
41.4076 7.4583
41.4168 7.4625
41.4259 7.4667
41.4351 7.4709
41.4443 7.4751
41.4535 7.4793
41.4627 7.4835
41.4719 7.4877
41.4811 7.4920
41.4903 7.4962
41.4995 7.5004
41.5087 7.5046
41.5178 7.5088
41.5270 7.5130
41.5362 7.5172
41.5454 7.5214
41.5546 7.5257
41.5637 7.5299
41.5729 7.5341
41.5821 7.5383
41.5913 7.5425
41.6004 7.5467
41.6096 7.5510
41.6188 7.5552
41.6280 7.5594
41.6371 7.5636
41.6463 7.5679
41.6555 7.5721
41.6646 7.5763
41.6738 7.5805
41.6830 7.5848
41.6921 7.5890
41.7013 7.5932
41.7105 7.5975
41.7196 7.6017
41.7288 7.6059
41.7379 7.6102
41.7471 7.6144
41.7562 7.6186
41.7654 7.6229
41.7745 7.6271
41.7837 7.6313
41.7928 7.6356
41.8020 7.6398
41.8111 7.6441
41.8203 7.6483
41.8294 7.6526
41.8386 7.6568
41.8477 7.6610
41.8569 7.6653
41.8660 7.6695
41.8751 7.6738
41.8843 7.6780
41.8934 7.6823
41.9026 7.6865
41.9117 7.6908
41.9208 7.6950
41.9300 7.6993
41.9391 7.7035
41.9482 7.7078
41.9574 7.7121
41.9665 7.7163
41.9756 7.7206
41.9847 7.7248
41.9939 7.7291
42.0030 7.7334
42.0121 7.7376
42.0212 7.7419
42.0304 7.7461
42.0395 7.7504
42.0486 7.7547
42.0577 7.7589
42.0668 7.7632
42.0759 7.7675
42.0851 7.7717
42.0942 7.7760
42.1033 7.7803
42.1124 7.7846
42.1215 7.7888
42.1306 7.7931
42.1397 7.7974
42.1488 7.8017
42.1579 7.8059
42.1670 7.8102
42.1761 7.8145
42.1852 7.8188
42.1944 7.8230
42.2035 7.8273
42.2125 7.8316
42.2216 7.8359
42.2307 7.8402
42.2398 7.8445
42.2489 7.8487
42.2580 7.8530
42.2671 7.8573
42.2762 7.8616
42.2853 7.8659
42.2944 7.8702
42.3035 7.8745
42.3126 7.8788
42.3216 7.8831
42.3307 7.8874
42.3398 7.8917
42.3489 7.8960
42.3580 7.9003
42.3671 7.9045
42.3761 7.9088
42.3852 7.9131
42.3943 7.9174
42.4034 7.9217
42.4124 7.9261
42.4215 7.9304
42.4306 7.9347
42.4397 7.9390
42.4487 7.9433
42.4578 7.9476
42.4669 7.9519
42.4759 7.9562
42.4850 7.9605
42.4941 7.9648
42.5031 7.9691
42.5122 7.9734
42.5212 7.9777
42.5303 7.9821
42.5394 7.9864
42.5484 7.9907
42.5575 7.9950
42.5665 7.9993
42.5756 8.0036
42.5846 8.0080
42.5937 8.0123
42.6027 8.0166
42.6118 8.0209
42.6208 8.0253
42.6299 8.0296
42.6389 8.0339
42.6480 8.0382
42.6570 8.0426
42.6661 8.0469
42.6751 8.0512
42.6841 8.0555
42.6932 8.0599
42.7022 8.0642
42.7113 8.0685
42.7203 8.0729
42.7293 8.0772
42.7384 8.0815
42.7474 8.0859
42.7564 8.0902
42.7655 8.0945
42.7745 8.0989
42.7835 8.1032
42.7925 8.1076
42.8016 8.1119
42.8106 8.1162
42.8196 8.1206
42.8286 8.1249
42.8377 8.1293
42.8467 8.1336
42.8557 8.1380
42.8647 8.1423
42.8737 8.1467
42.8828 8.1510
42.8918 8.1554
42.9008 8.1597
42.9098 8.1641
42.9188 8.1684
42.9278 8.1728
42.9368 8.1771
42.9458 8.1815
42.9548 8.1858
42.9639 8.1902
42.9729 8.1946
42.9819 8.1989
42.9909 8.2033
42.9999 8.2076
43.0089 8.2120
43.0179 8.2164
43.0269 8.2207
43.0359 8.2251
43.0449 8.2294
43.0539 8.2338
43.0628 8.2382
43.0718 8.2425
43.0808 8.2469
43.0898 8.2513
43.0988 8.2557
43.1078 8.2600
43.1168 8.2644
43.1258 8.2688
43.1348 8.2731
43.1437 8.2775
43.1527 8.2819
43.1617 8.2863
43.1707 8.2907
43.1797 8.2950
43.1886 8.2994
43.1976 8.3038
43.2066 8.3082
43.2156 8.3126
43.2245 8.3169
43.2335 8.3213
43.2425 8.3257
43.2515 8.3301
43.2604 8.3345
43.2694 8.3389
43.2784 8.3433
43.2873 8.3476
43.2963 8.3520
43.3053 8.3564
43.3142 8.3608
43.3232 8.3652
43.3321 8.3696
43.3411 8.3740
43.3501 8.3784
43.3590 8.3828
43.3680 8.3872
43.3769 8.3916
43.3859 8.3960
43.3948 8.4004
43.4038 8.4048
43.4127 8.4092
43.4217 8.4136
43.4306 8.4180
43.4396 8.4224
43.4485 8.4268
43.4575 8.4312
43.4664 8.4356
43.4754 8.4400
43.4843 8.4444
43.4932 8.4488
43.5022 8.4532
43.5111 8.4576
43.5201 8.4621
43.5290 8.4665
43.5379 8.4709
43.5469 8.4753
43.5558 8.4797
43.5647 8.4841
43.5736 8.4885
43.5826 8.4930
43.5915 8.4974
43.6004 8.5018
43.6094 8.5062
43.6183 8.5106
43.6272 8.5151
43.6361 8.5195
43.6451 8.5239
43.6540 8.5283
43.6629 8.5328
43.6718 8.5372
43.6807 8.5416
43.6896 8.5460
43.6986 8.5505
43.7075 8.5549
43.7164 8.5593
43.7253 8.5638
43.7342 8.5682
43.7431 8.5726
43.7520 8.5771
43.7609 8.5815
43.7698 8.5859
43.7787 8.5904
43.7876 8.5948
43.7965 8.5992
43.8054 8.6037
43.8143 8.6081
43.8232 8.6126
43.8321 8.6170
43.8410 8.6214
43.8499 8.6259
43.8588 8.6303
43.8677 8.6348
43.8766 8.6392
43.8855 8.6437
43.8944 8.6481
43.9033 8.6526
43.9122 8.6570
43.9211 8.6615
43.9300 8.6659
43.9388 8.6704
43.9477 8.6748
43.9566 8.6793
43.9655 8.6837
43.9744 8.6882
43.9832 8.6926
43.9921 8.6971
44.0010 8.7016
44.0099 8.7060
44.0188 8.7105
44.0276 8.7149
44.0365 8.7194
44.0454 8.7239
44.0542 8.7283
44.0631 8.7328
44.0720 8.7373
44.0808 8.7417
44.0897 8.7462
44.0986 8.7507
44.1074 8.7551
44.1163 8.7596
44.1252 8.7641
44.1340 8.7685
44.1429 8.7730
44.1517 8.7775
44.1606 8.7819
44.1695 8.7864
44.1783 8.7909
44.1872 8.7954
44.1960 8.7998
44.2049 8.8043
44.2137 8.8088
44.2226 8.8133
44.2314 8.8178
44.2403 8.8222
44.2491 8.8267
44.2580 8.8312
44.2668 8.8357
44.2756 8.8402
44.2845 8.8447
44.2933 8.8491
44.3022 8.8536
44.3110 8.8581
44.3198 8.8626
44.3287 8.8671
44.3375 8.8716
44.3463 8.8761
44.3552 8.8806
44.3640 8.8851
44.3728 8.8896
44.3817 8.8940
44.3905 8.8985
44.3993 8.9030
44.4082 8.9075
44.4170 8.9120
44.4258 8.9165
44.4346 8.9210
44.4435 8.9255
44.4523 8.9300
44.4611 8.9345
44.4699 8.9390
44.4787 8.9435
44.4875 8.9480
44.4964 8.9526
44.5052 8.9571
44.5140 8.9616
44.5228 8.9661
44.5316 8.9706
44.5404 8.9751
44.5492 8.9796
44.5580 8.9841
44.5668 8.9886
44.5756 8.9931
44.5845 8.9976
44.5933 9.0022
44.6021 9.0067
44.6109 9.0112
44.6197 9.0157
44.6285 9.0202
44.6373 9.0247
44.6461 9.0293
44.6548 9.0338
44.6636 9.0383
44.6724 9.0428
44.6812 9.0473
44.6900 9.0519
44.6988 9.0564
44.7076 9.0609
44.7164 9.0654
44.7252 9.0700
44.7340 9.0745
44.7427 9.0790
44.7515 9.0836
44.7603 9.0881
44.7691 9.0926
44.7779 9.0972
44.7867 9.1017
44.7954 9.1062
44.8042 9.1108
44.8130 9.1153
44.8218 9.1198
44.8305 9.1244
44.8393 9.1289
44.8481 9.1334
44.8568 9.1380
44.8656 9.1425
44.8744 9.1471
44.8832 9.1516
44.8919 9.1561
44.9007 9.1607
44.9094 9.1652
44.9182 9.1698
44.9270 9.1743
44.9357 9.1789
44.9445 9.1834
44.9533 9.1880
44.9620 9.1925
44.9708 9.1971
44.9795 9.2016
44.9883 9.2062
44.9970 9.2107
45.0058 9.2153
45.0145 9.2198
45.0233 9.2244
45.0320 9.2289
45.0408 9.2335
45.0495 9.2380
45.0583 9.2426
45.0670 9.2472
45.0758 9.2517
45.0845 9.2563
45.0932 9.2608
45.1020 9.2654
45.1107 9.2700
45.1195 9.2745
45.1282 9.2791
45.1369 9.2837
45.1457 9.2882
45.1544 9.2928
45.1631 9.2974
45.1719 9.3019
45.1806 9.3065
45.1893 9.3111
45.1980 9.3156
45.2068 9.3202
45.2155 9.3248
45.2242 9.3293
45.2329 9.3339
45.2417 9.3385
45.2504 9.3431
45.2591 9.3476
45.2678 9.3522
45.2765 9.3568
45.2853 9.3614
45.2940 9.3660
45.3027 9.3705
45.3114 9.3751
45.3201 9.3797
45.3288 9.3843
45.3375 9.3889
45.3463 9.3935
45.3550 9.3980
45.3637 9.4026
45.3724 9.4072
45.3811 9.4118
45.3898 9.4164
45.3985 9.4210
45.4072 9.4256
45.4159 9.4302
45.4246 9.4348
45.4333 9.4393
45.4420 9.4439
45.4507 9.4485
45.4594 9.4531
45.4681 9.4577
45.4768 9.4623
45.4855 9.4669
45.4941 9.4715
45.5028 9.4761
45.5115 9.4807
45.5202 9.4853
45.5289 9.4899
45.5376 9.4945
45.5463 9.4991
45.5550 9.5037
45.5636 9.5083
45.5723 9.5129
45.5810 9.5175
45.5897 9.5221
45.5984 9.5268
45.6070 9.5314
45.6157 9.5360
45.6244 9.5406
45.6331 9.5452
45.6417 9.5498
45.6504 9.5544
45.6591 9.5590
45.6677 9.5636
45.6764 9.5683
45.6851 9.5729
45.6937 9.5775
45.7024 9.5821
45.7111 9.5867
45.7197 9.5913
45.7284 9.5960
45.7370 9.6006
45.7457 9.6052
45.7544 9.6098
45.7630 9.6144
45.7717 9.6191
45.7803 9.6237
45.7890 9.6283
45.7976 9.6329
45.8063 9.6376
45.8149 9.6422
45.8236 9.6468
45.8322 9.6515
45.8409 9.6561
45.8495 9.6607
45.8582 9.6653
45.8668 9.6700
45.8755 9.6746
45.8841 9.6792
45.8928 9.6839
45.9014 9.6885
45.9100 9.6931
45.9187 9.6978
45.9273 9.7024
45.9359 9.7071
45.9446 9.7117
45.9532 9.7163
45.9618 9.7210
45.9705 9.7256
45.9791 9.7303
45.9877 9.7349
45.9964 9.7396
46.0050 9.7442
46.0136 9.7488
46.0222 9.7535
46.0309 9.7581
46.0395 9.7628
46.0481 9.7674
46.0567 9.7721
46.0653 9.7767
46.0740 9.7814
46.0826 9.7860
46.0912 9.7907
46.0998 9.7953
46.1084 9.8000
46.1170 9.8046
46.1257 9.8093
46.1343 9.8140
46.1429 9.8186
46.1515 9.8233
46.1601 9.8279
46.1687 9.8326
46.1773 9.8372
46.1859 9.8419
46.1945 9.8466
46.2031 9.8512
46.2117 9.8559
46.2203 9.8606
46.2289 9.8652
46.2375 9.8699
46.2461 9.8746
46.2547 9.8792
46.2633 9.8839
46.2719 9.8886
46.2805 9.8932
46.2891 9.8979
46.2977 9.9026
46.3063 9.9072
46.3148 9.9119
46.3234 9.9166
46.3320 9.9213
46.3406 9.9259
46.3492 9.9306
46.3578 9.9353
46.3663 9.9400
46.3749 9.9446
46.3835 9.9493
46.3921 9.9540
46.4007 9.9587
46.4092 9.9634
46.4178 9.9680
46.4264 9.9727
46.4350 9.9774
46.4435 9.9821
46.4521 9.9868
46.4607 9.9915
46.4692 9.9961
46.4778 10.0008
46.4864 10.0055
46.4949 10.0102
46.5035 10.0149
46.5121 10.0196
46.5206 10.0243
46.5292 10.0290
46.5378 10.0337
46.5463 10.0383
46.5549 10.0430
46.5634 10.0477
46.5720 10.0524
46.5805 10.0571
46.5891 10.0618
46.5977 10.0665
46.6062 10.0712
46.6148 10.0759
46.6233 10.0806
46.6319 10.0853
46.6404 10.0900
46.6489 10.0947
46.6575 10.0994
46.6660 10.1041
46.6746 10.1088
46.6831 10.1135
46.6917 10.1182
46.7002 10.1229
46.7087 10.1276
46.7173 10.1324
46.7258 10.1371
46.7344 10.1418
46.7429 10.1465
46.7514 10.1512
46.7600 10.1559
46.7685 10.1606
46.7770 10.1653
46.7855 10.1700
46.7941 10.1748
46.8026 10.1795
46.8111 10.1842
46.8197 10.1889
46.8282 10.1936
46.8367 10.1983
46.8452 10.2031
46.8537 10.2078
46.8623 10.2125
46.8708 10.2172
46.8793 10.2219
46.8878 10.2267
46.8963 10.2314
46.9048 10.2361
46.9134 10.2408
46.9219 10.2456
46.9304 10.2503
46.9389 10.2550
46.9474 10.2598
46.9559 10.2645
46.9644 10.2692
46.9729 10.2739
46.9814 10.2787
46.9899 10.2834
46.9984 10.2881
47.0069 10.2929
47.0154 10.2976
47.0239 10.3023
47.0324 10.3071
47.0409 10.3118
47.0494 10.3165
47.0579 10.3213
47.0664 10.3260
47.0749 10.3308
47.0834 10.3355
47.0919 10.3402
47.1004 10.3450
47.1089 10.3497
47.1174 10.3545
47.1259 10.3592
47.1343 10.3640
47.1428 10.3687
47.1513 10.3734
47.1598 10.3782
47.1683 10.3829
47.1767 10.3877
47.1852 10.3924
47.1937 10.3972
47.2022 10.4019
47.2107 10.4067
47.2191 10.4114
47.2276 10.4162
47.2361 10.4209
47.2446 10.4257
47.2530 10.4305
47.2615 10.4352
47.2700 10.4400
47.2784 10.4447
47.2869 10.4495
47.2954 10.4542
47.3038 10.4590
47.3123 10.4638
47.3208 10.4685
47.3292 10.4733
47.3377 10.4780
47.3461 10.4828
47.3546 10.4876
47.3631 10.4923
47.3715 10.4971
47.3800 10.5019
47.3884 10.5066
47.3969 10.5114
47.4053 10.5162
47.4138 10.5209
47.4222 10.5257
47.4307 10.5305
47.4391 10.5352
47.4476 10.5400
47.4560 10.5448
47.4645 10.5496
47.4729 10.5543
47.4813 10.5591
47.4898 10.5639
47.4982 10.5686
47.5067 10.5734
47.5151 10.5782
47.5235 10.5830
47.5320 10.5878
47.5404 10.5925
47.5489 10.5973
47.5573 10.6021
47.5657 10.6069
47.5741 10.6117
47.5826 10.6164
47.5910 10.6212
47.5994 10.6260
47.6079 10.6308
47.6163 10.6356
47.6247 10.6404
47.6331 10.6452
47.6416 10.6499
47.6500 10.6547
47.6584 10.6595
47.6668 10.6643
47.6752 10.6691
47.6837 10.6739
47.6921 10.6787
47.7005 10.6835
47.7089 10.6883
47.7173 10.6931
47.7257 10.6979
47.7341 10.7027
47.7426 10.7075
47.7510 10.7123
47.7594 10.7170
47.7678 10.7218
47.7762 10.7266
47.7846 10.7314
47.7930 10.7362
47.8014 10.7410
47.8098 10.7458
47.8182 10.7507
47.8266 10.7555
47.8350 10.7603
47.8434 10.7651
47.8518 10.7699
47.8602 10.7747
47.8686 10.7795
47.8770 10.7843
47.8854 10.7891
47.8938 10.7939
47.9021 10.7987
47.9105 10.8035
47.9189 10.8083
47.9273 10.8132
47.9357 10.8180
47.9441 10.8228
47.9525 10.8276
47.9608 10.8324
47.9692 10.8372
47.9776 10.8420
47.9860 10.8469
47.9944 10.8517
48.0027 10.8565
48.0111 10.8613
48.0195 10.8661
48.0279 10.8710
48.0362 10.8758
48.0446 10.8806
48.0530 10.8854
48.0614 10.8902
48.0697 10.8951
48.0781 10.8999
48.0865 10.9047
48.0948 10.9095
48.1032 10.9144
48.1116 10.9192
48.1199 10.9240
48.1283 10.9288
48.1366 10.9337
48.1450 10.9385
48.1534 10.9433
48.1617 10.9482
48.1701 10.9530
48.1784 10.9578
48.1868 10.9627
48.1951 10.9675
48.2035 10.9723
48.2118 10.9772
48.2202 10.9820
48.2285 10.9868
48.2369 10.9917
48.2452 10.9965
48.2536 11.0014
48.2619 11.0062
48.2703 11.0110
48.2786 11.0159
48.2870 11.0207
48.2953 11.0256
48.3036 11.0304
48.3120 11.0353
48.3203 11.0401
48.3287 11.0449
48.3370 11.0498
48.3453 11.0546
48.3537 11.0595
48.3620 11.0643
48.3703 11.0692
48.3787 11.0740
48.3870 11.0789
48.3953 11.0837
48.4036 11.0886
48.4120 11.0934
48.4203 11.0983
48.4286 11.1031
48.4369 11.1080
48.4453 11.1129
48.4536 11.1177
48.4619 11.1226
48.4702 11.1274
48.4786 11.1323
48.4869 11.1371
48.4952 11.1420
48.5035 11.1469
48.5118 11.1517
48.5201 11.1566
48.5284 11.1614
48.5368 11.1663
48.5451 11.1712
48.5534 11.1760
48.5617 11.1809
48.5700 11.1858
48.5783 11.1906
48.5866 11.1955
48.5949 11.2004
48.6032 11.2052
48.6115 11.2101
48.6198 11.2150
48.6281 11.2198
48.6364 11.2247
48.6447 11.2296
48.6530 11.2345
48.6613 11.2393
48.6696 11.2442
48.6779 11.2491
48.6862 11.2539
48.6945 11.2588
48.7028 11.2637
48.7110 11.2686
48.7193 11.2735
48.7276 11.2783
48.7359 11.2832
48.7442 11.2881
48.7525 11.2930
48.7608 11.2978
48.7690 11.3027
48.7773 11.3076
48.7856 11.3125
48.7939 11.3174
48.8022 11.3223
48.8104 11.3271
48.8187 11.3320
48.8270 11.3369
48.8353 11.3418
48.8435 11.3467
48.8518 11.3516
48.8601 11.3565
48.8684 11.3614
48.8766 11.3663
48.8849 11.3711
48.8932 11.3760
48.9014 11.3809
48.9097 11.3858
48.9180 11.3907
48.9262 11.3956
48.9345 11.4005
48.9427 11.4054
48.9510 11.4103
48.9593 11.4152
48.9675 11.4201
48.9758 11.4250
48.9840 11.4299
48.9923 11.4348
49.0005 11.4397
49.0088 11.4446
49.0170 11.4495
49.0253 11.4544
49.0335 11.4593
49.0418 11.4642
49.0500 11.4691
49.0583 11.4740
49.0665 11.4789
49.0748 11.4838
49.0830 11.4887
49.0913 11.4936
49.0995 11.4985
49.1077 11.5034
49.1160 11.5084
49.1242 11.5133
49.1325 11.5182
49.1407 11.5231
49.1489 11.5280
49.1572 11.5329
49.1654 11.5378
49.1736 11.5427
49.1819 11.5477
49.1901 11.5526
49.1983 11.5575
49.2066 11.5624
49.2148 11.5673
49.2230 11.5722
49.2312 11.5772
49.2395 11.5821
49.2477 11.5870
49.2559 11.5919
49.2641 11.5968
49.2723 11.6018
49.2806 11.6067
49.2888 11.6116
49.2970 11.6165
49.3052 11.6215
49.3134 11.6264
49.3216 11.6313
49.3299 11.6362
49.3381 11.6412
49.3463 11.6461
49.3545 11.6510
49.3627 11.6559
49.3709 11.6609
49.3791 11.6658
49.3873 11.6707
49.3955 11.6757
49.4037 11.6806
49.4119 11.6855
49.4201 11.6905
49.4283 11.6954
49.4365 11.7003
49.4447 11.7053
49.4529 11.7102
49.4611 11.7151
49.4693 11.7201
49.4775 11.7250
49.4857 11.7300
49.4939 11.7349
49.5021 11.7398
49.5103 11.7448
49.5185 11.7497
49.5267 11.7547
49.5349 11.7596
49.5430 11.7646
49.5512 11.7695
49.5594 11.7744
49.5676 11.7794
49.5758 11.7843
49.5840 11.7893
49.5921 11.7942
49.6003 11.7992
49.6085 11.8041
49.6167 11.8091
49.6249 11.8140
49.6330 11.8190
49.6412 11.8239
49.6494 11.8289
49.6575 11.8338
49.6657 11.8388
49.6739 11.8437
49.6821 11.8487
49.6902 11.8536
49.6984 11.8586
49.7066 11.8636
49.7147 11.8685
49.7229 11.8735
49.7311 11.8784
49.7392 11.8834
49.7474 11.8883
49.7555 11.8933
49.7637 11.8983
49.7719 11.9032
49.7800 11.9082
49.7882 11.9131
49.7963 11.9181
49.8045 11.9231
49.8126 11.9280
49.8208 11.9330
49.8289 11.9380
49.8371 11.9429
49.8452 11.9479
49.8534 11.9529
49.8615 11.9578
49.8697 11.9628
49.8778 11.9678
49.8860 11.9727
49.8941 11.9777
49.9023 11.9827
49.9104 11.9877
49.9185 11.9926
49.9267 11.9976
49.9348 12.0026
49.9430 12.0076
49.9511 12.0125
49.9592 12.0175
49.9674 12.0225
49.9755 12.0275
49.9836 12.0324
49.9918 12.0374
49.9999 12.0424
50.0080 12.0474
50.0162 12.0524
50.0243 12.0573
50.0324 12.0623
50.0405 12.0673
50.0487 12.0723
50.0568 12.0773
50.0649 12.0823
50.0730 12.0872
50.0811 12.0922
50.0893 12.0972
50.0974 12.1022
50.1055 12.1072
50.1136 12.1122
50.1217 12.1172
50.1298 12.1221
50.1380 12.1271
50.1461 12.1321
50.1542 12.1371
50.1623 12.1421
50.1704 12.1471
50.1785 12.1521
50.1866 12.1571
50.1947 12.1621
50.2028 12.1671
50.2109 12.1721
50.2190 12.1771
50.2271 12.1821
50.2352 12.1871
50.2433 12.1921
50.2514 12.1971
50.2595 12.2020
50.2676 12.2070
50.2757 12.2120
50.2838 12.2170
50.2919 12.2220
50.3000 12.2271
50.3081 12.2321
50.3162 12.2371
50.3243 12.2421
50.3324 12.2471
50.3405 12.2521
50.3486 12.2571
50.3567 12.2621
50.3647 12.2671
50.3728 12.2721
50.3809 12.2771
50.3890 12.2821
50.3971 12.2871
50.4051 12.2921
50.4132 12.2971
50.4213 12.3022
50.4294 12.3072
50.4375 12.3122
50.4455 12.3172
50.4536 12.3222
50.4617 12.3272
50.4698 12.3322
50.4778 12.3372
50.4859 12.3423
50.4940 12.3473
50.5020 12.3523
50.5101 12.3573
50.5182 12.3623
50.5262 12.3673
50.5343 12.3724
50.5424 12.3774
50.5504 12.3824
50.5585 12.3874
50.5666 12.3925
50.5746 12.3975
50.5827 12.4025
50.5907 12.4075
50.5988 12.4125
50.6068 12.4176
50.6149 12.4226
50.6230 12.4276
50.6310 12.4326
50.6391 12.4377
50.6471 12.4427
50.6552 12.4477
50.6632 12.4528
50.6713 12.4578
50.6793 12.4628
50.6874 12.4679
50.6954 12.4729
50.7034 12.4779
50.7115 12.4829
50.7195 12.4880
50.7276 12.4930
50.7356 12.4980
50.7437 12.5031
50.7517 12.5081
50.7597 12.5132
50.7678 12.5182
50.7758 12.5232
50.7838 12.5283
50.7919 12.5333
50.7999 12.5383
50.8079 12.5434
50.8160 12.5484
50.8240 12.5535
50.8320 12.5585
50.8400 12.5636
50.8481 12.5686
50.8561 12.5736
50.8641 12.5787
50.8721 12.5837
50.8802 12.5888
50.8882 12.5938
50.8962 12.5989
50.9042 12.6039
50.9123 12.6090
50.9203 12.6140
50.9283 12.6191
50.9363 12.6241
50.9443 12.6292
50.9523 12.6342
50.9603 12.6393
50.9684 12.6443
50.9764 12.6494
50.9844 12.6544
50.9924 12.6595
51.0004 12.6645
51.0084 12.6696
51.0164 12.6746
51.0244 12.6797
51.0324 12.6847
51.0404 12.6898
51.0484 12.6949
51.0564 12.6999
51.0644 12.7050
51.0724 12.7100
51.0804 12.7151
51.0884 12.7202
51.0964 12.7252
51.1044 12.7303
51.1124 12.7353
51.1204 12.7404
51.1284 12.7455
51.1364 12.7505
51.1444 12.7556
51.1524 12.7607
51.1604 12.7657
51.1683 12.7708
51.1763 12.7759
51.1843 12.7809
51.1923 12.7860
51.2003 12.7911
51.2083 12.7961
51.2162 12.8012
51.2242 12.8063
51.2322 12.8113
51.2402 12.8164
51.2482 12.8215
51.2561 12.8266
51.2641 12.8316
51.2721 12.8367
51.2801 12.8418
51.2880 12.8468
51.2960 12.8519
51.3040 12.8570
51.3120 12.8621
51.3199 12.8672
51.3279 12.8722
51.3359 12.8773
51.3438 12.8824
51.3518 12.8875
51.3598 12.8925
51.3677 12.8976
51.3757 12.9027
51.3836 12.9078
51.3916 12.9129
51.3996 12.9180
51.4075 12.9230
51.4155 12.9281
51.4234 12.9332
51.4314 12.9383
51.4393 12.9434
51.4473 12.9485
51.4553 12.9536
51.4632 12.9586
51.4712 12.9637
51.4791 12.9688
51.4871 12.9739
51.4950 12.9790
51.5030 12.9841
51.5109 12.9892
51.5188 12.9943
51.5268 12.9994
51.5347 13.0045
51.5427 13.0095
51.5506 13.0146
51.5586 13.0197
51.5665 13.0248
51.5744 13.0299
51.5824 13.0350
51.5903 13.0401
51.5982 13.0452
51.6062 13.0503
51.6141 13.0554
51.6220 13.0605
51.6300 13.0656
51.6379 13.0707
51.6458 13.0758
51.6538 13.0809
51.6617 13.0860
51.6696 13.0911
51.6775 13.0962
51.6855 13.1013
51.6934 13.1064
51.7013 13.1115
51.7092 13.1166
51.7172 13.1217
51.7251 13.1268
51.7330 13.1320
51.7409 13.1371
51.7488 13.1422
51.7568 13.1473
51.7647 13.1524
51.7726 13.1575
51.7805 13.1626
51.7884 13.1677
51.7963 13.1728
51.8042 13.1779
51.8121 13.1831
51.8201 13.1882
51.8280 13.1933
51.8359 13.1984
51.8438 13.2035
51.8517 13.2086
51.8596 13.2137
51.8675 13.2189
51.8754 13.2240
51.8833 13.2291
51.8912 13.2342
51.8991 13.2393
51.9070 13.2444
51.9149 13.2496
51.9228 13.2547
51.9307 13.2598
51.9386 13.2649
51.9465 13.2700
51.9544 13.2752
51.9623 13.2803
51.9701 13.2854
51.9780 13.2905
51.9859 13.2957
51.9938 13.3008
52.0017 13.3059
52.0096 13.3110
52.0175 13.3162
52.0254 13.3213
52.0332 13.3264
52.0411 13.3315
52.0490 13.3367
52.0569 13.3418
52.0648 13.3469
52.0726 13.3521
52.0805 13.3572
52.0884 13.3623
52.0963 13.3675
52.1041 13.3726
52.1120 13.3777
52.1199 13.3829
52.1278 13.3880
52.1356 13.3931
52.1435 13.3983
52.1514 13.4034
52.1592 13.4085
52.1671 13.4137
52.1750 13.4188
52.1828 13.4239
52.1907 13.4291
52.1986 13.4342
52.2064 13.4394
52.2143 13.4445
52.2222 13.4496
52.2300 13.4548
52.2379 13.4599
52.2457 13.4651
52.2536 13.4702
52.2614 13.4754
52.2693 13.4805
52.2771 13.4856
52.2850 13.4908
52.2929 13.4959
52.3007 13.5011
52.3086 13.5062
52.3164 13.5114
52.3243 13.5165
52.3321 13.5217
52.3399 13.5268
52.3478 13.5320
52.3556 13.5371
52.3635 13.5423
52.3713 13.5474
52.3792 13.5526
52.3870 13.5577
52.3948 13.5629
52.4027 13.5680
52.4105 13.5732
52.4184 13.5783
52.4262 13.5835
52.4340 13.5886
52.4419 13.5938
52.4497 13.5990
52.4575 13.6041
52.4654 13.6093
52.4732 13.6144
52.4810 13.6196
52.4889 13.6247
52.4967 13.6299
52.5045 13.6351
52.5123 13.6402
52.5202 13.6454
52.5280 13.6505
52.5358 13.6557
52.5436 13.6609
52.5514 13.6660
52.5593 13.6712
52.5671 13.6764
52.5749 13.6815
52.5827 13.6867
52.5905 13.6919
52.5984 13.6970
52.6062 13.7022
52.6140 13.7074
52.6218 13.7125
52.6296 13.7177
52.6374 13.7229
52.6452 13.7280
52.6530 13.7332
52.6608 13.7384
52.6687 13.7435
52.6765 13.7487
52.6843 13.7539
52.6921 13.7591
52.6999 13.7642
52.7077 13.7694
52.7155 13.7746
52.7233 13.7798
52.7311 13.7849
52.7389 13.7901
52.7467 13.7953
52.7545 13.8005
52.7623 13.8056
52.7701 13.8108
52.7779 13.8160
52.7856 13.8212
52.7934 13.8263
52.8012 13.8315
52.8090 13.8367
52.8168 13.8419
52.8246 13.8471
52.8324 13.8522
52.8402 13.8574
52.8480 13.8626
52.8557 13.8678
52.8635 13.8730
52.8713 13.8782
52.8791 13.8834
52.8869 13.8885
52.8947 13.8937
52.9024 13.8989
52.9102 13.9041
52.9180 13.9093
52.9258 13.9145
52.9335 13.9197
52.9413 13.9248
52.9491 13.9300
52.9569 13.9352
52.9646 13.9404
52.9724 13.9456
52.9802 13.9508
52.9879 13.9560
52.9957 13.9612
53.0035 13.9664
53.0112 13.9716
53.0190 13.9768
53.0268 13.9820
53.0345 13.9872
53.0423 13.9923
53.0501 13.9975
53.0578 14.0027
53.0656 14.0079
53.0733 14.0131
53.0811 14.0183
53.0889 14.0235
53.0966 14.0287
53.1044 14.0339
53.1121 14.0391
53.1199 14.0443
53.1276 14.0495
53.1354 14.0547
53.1431 14.0599
53.1509 14.0651
53.1586 14.0703
53.1664 14.0755
53.1741 14.0808
53.1819 14.0860
53.1896 14.0912
53.1974 14.0964
53.2051 14.1016
53.2129 14.1068
53.2206 14.1120
53.2283 14.1172
53.2361 14.1224
53.2438 14.1276
53.2516 14.1328
53.2593 14.1380
53.2670 14.1432
53.2748 14.1484
53.2825 14.1537
53.2902 14.1589
53.2980 14.1641
53.3057 14.1693
53.3134 14.1745
53.3212 14.1797
53.3289 14.1849
53.3366 14.1902
53.3443 14.1954
53.3521 14.2006
53.3598 14.2058
53.3675 14.2110
53.3752 14.2162
53.3830 14.2214
53.3907 14.2267
53.3984 14.2319
53.4061 14.2371
53.4138 14.2423
53.4216 14.2475
53.4293 14.2528
53.4370 14.2580
53.4447 14.2632
53.4524 14.2684
53.4601 14.2737
53.4679 14.2789
53.4756 14.2841
53.4833 14.2893
53.4910 14.2945
53.4987 14.2998
53.5064 14.3050
53.5141 14.3102
53.5218 14.3155
53.5295 14.3207
53.5372 14.3259
53.5449 14.3311
53.5526 14.3364
53.5603 14.3416
53.5680 14.3468
53.5757 14.3520
53.5834 14.3573
53.5911 14.3625
53.5988 14.3677
53.6065 14.3730
53.6142 14.3782
53.6219 14.3834
53.6296 14.3887
53.6373 14.3939
53.6450 14.3991
53.6527 14.4044
53.6604 14.4096
53.6681 14.4148
53.6757 14.4201
53.6834 14.4253
53.6911 14.4306
53.6988 14.4358
53.7065 14.4410
53.7142 14.4463
53.7219 14.4515
53.7295 14.4567
53.7372 14.4620
53.7449 14.4672
53.7526 14.4725
53.7603 14.4777
53.7679 14.4830
53.7756 14.4882
53.7833 14.4934
53.7910 14.4987
53.7986 14.5039
53.8063 14.5092
53.8140 14.5144
53.8217 14.5197
53.8293 14.5249
53.8370 14.5301
53.8447 14.5354
53.8523 14.5406
53.8600 14.5459
53.8677 14.5511
53.8753 14.5564
53.8830 14.5616
53.8907 14.5669
53.8983 14.5721
53.9060 14.5774
53.9136 14.5826
53.9213 14.5879
53.9290 14.5931
53.9366 14.5984
53.9443 14.6036
53.9519 14.6089
53.9596 14.6142
53.9672 14.6194
53.9749 14.6247
53.9825 14.6299
53.9902 14.6352
53.9978 14.6404
54.0055 14.6457
54.0131 14.6509
54.0208 14.6562
54.0284 14.6615
54.0361 14.6667
54.0437 14.6720
54.0514 14.6772
54.0590 14.6825
54.0667 14.6878
54.0743 14.6930
54.0819 14.6983
54.0896 14.7035
54.0972 14.7088
54.1049 14.7141
54.1125 14.7193
54.1201 14.7246
54.1278 14.7299
54.1354 14.7351
54.1430 14.7404
54.1507 14.7456
54.1583 14.7509
54.1659 14.7562
54.1736 14.7614
54.1812 14.7667
54.1888 14.7720
54.1964 14.7772
54.2041 14.7825
54.2117 14.7878
54.2193 14.7931
54.2269 14.7983
54.2346 14.8036
54.2422 14.8089
54.2498 14.8141
54.2574 14.8194
54.2651 14.8247
54.2727 14.8300
54.2803 14.8352
54.2879 14.8405
54.2955 14.8458
54.3031 14.8511
54.3108 14.8563
54.3184 14.8616
54.3260 14.8669
54.3336 14.8722
54.3412 14.8774
54.3488 14.8827
54.3564 14.8880
54.3640 14.8933
54.3716 14.8985
54.3792 14.9038
54.3868 14.9091
54.3945 14.9144
54.4021 14.9197
54.4097 14.9249
54.4173 14.9302
54.4249 14.9355
54.4325 14.9408
54.4401 14.9461
54.4477 14.9514
54.4553 14.9566
54.4629 14.9619
54.4704 14.9672
54.4780 14.9725
54.4856 14.9778
54.4932 14.9831
54.5008 14.9883
54.5084 14.9936
54.5160 14.9989
54.5236 15.0042
54.5312 15.0095
54.5388 15.0148
54.5464 15.0201
54.5539 15.0254
54.5615 15.0307
54.5691 15.0359
54.5767 15.0412
54.5843 15.0465
54.5919 15.0518
54.5994 15.0571
54.6070 15.0624
54.6146 15.0677
54.6222 15.0730
54.6298 15.0783
54.6373 15.0836
54.6449 15.0889
54.6525 15.0942
54.6601 15.0995
54.6676 15.1048
54.6752 15.1101
54.6828 15.1154
54.6903 15.1207
54.6979 15.1260
54.7055 15.1312
54.7130 15.1365
54.7206 15.1418
54.7282 15.1471
54.7357 15.1524
54.7433 15.1577
54.7509 15.1630
54.7584 15.1683
54.7660 15.1737
54.7736 15.1790
54.7811 15.1843
54.7887 15.1896
54.7962 15.1949
54.8038 15.2002
54.8113 15.2055
54.8189 15.2108
54.8265 15.2161
54.8340 15.2214
54.8416 15.2267
54.8491 15.2320
54.8567 15.2373
54.8642 15.2426
54.8718 15.2479
54.8793 15.2532
54.8869 15.2585
54.8944 15.2638
54.9020 15.2692
54.9095 15.2745
54.9170 15.2798
54.9246 15.2851
54.9321 15.2904
54.9397 15.2957
54.9472 15.3010
54.9547 15.3063
54.9623 15.3117
54.9698 15.3170
54.9774 15.3223
54.9849 15.3276
54.9924 15.3329
55.0000 15.3382
55.0075 15.3435
55.0150 15.3489
55.0226 15.3542
55.0301 15.3595
55.0376 15.3648
55.0452 15.3701
55.0527 15.3754
55.0602 15.3808
55.0677 15.3861
55.0753 15.3914
55.0828 15.3967
55.0903 15.4020
55.0978 15.4074
55.1054 15.4127
55.1129 15.4180
55.1204 15.4233
55.1279 15.4286
55.1354 15.4340
55.1430 15.4393
55.1505 15.4446
55.1580 15.4499
55.1655 15.4553
55.1730 15.4606
55.1805 15.4659
55.1881 15.4712
55.1956 15.4766
55.2031 15.4819
55.2106 15.4872
55.2181 15.4926
55.2256 15.4979
55.2331 15.5032
55.2406 15.5085
55.2481 15.5139
55.2556 15.5192
55.2631 15.5245
55.2707 15.5299
55.2782 15.5352
55.2857 15.5405
55.2932 15.5459
55.3007 15.5512
55.3082 15.5565
55.3157 15.5619
55.3232 15.5672
55.3307 15.5725
55.3381 15.5779
55.3456 15.5832
55.3531 15.5885
55.3606 15.5939
55.3681 15.5992
55.3756 15.6045
55.3831 15.6099
55.3906 15.6152
55.3981 15.6205
55.4056 15.6259
55.4131 15.6312
55.4206 15.6366
55.4280 15.6419
55.4355 15.6472
55.4430 15.6526
55.4505 15.6579
55.4580 15.6633
55.4655 15.6686
55.4729 15.6739
55.4804 15.6793
55.4879 15.6846
55.4954 15.6900
55.5029 15.6953
55.5103 15.7007
55.5178 15.7060
55.5253 15.7113
55.5328 15.7167
55.5402 15.7220
55.5477 15.7274
55.5552 15.7327
55.5626 15.7381
55.5701 15.7434
55.5776 15.7488
55.5851 15.7541
55.5925 15.7595
55.6000 15.7648
55.6075 15.7702
55.6149 15.7755
55.6224 15.7809
55.6298 15.7862
55.6373 15.7916
55.6448 15.7969
55.6522 15.8023
55.6597 15.8076
55.6671 15.8130
55.6746 15.8183
55.6821 15.8237
55.6895 15.8290
55.6970 15.8344
55.7044 15.8397
55.7119 15.8451
55.7193 15.8505
55.7268 15.8558
55.7342 15.8612
55.7417 15.8665
55.7491 15.8719
55.7566 15.8772
55.7640 15.8826
55.7715 15.8880
55.7789 15.8933
55.7864 15.8987
55.7938 15.9040
55.8013 15.9094
55.8087 15.9147
55.8162 15.9201
55.8236 15.9255
55.8310 15.9308
55.8385 15.9362
55.8459 15.9416
55.8534 15.9469
55.8608 15.9523
55.8682 15.9576
55.8757 15.9630
55.8831 15.9684
55.8905 15.9737
55.8980 15.9791
55.9054 15.9845
55.9128 15.9898
55.9203 15.9952
55.9277 16.0006
55.9351 16.0059
55.9425 16.0113
55.9500 16.0167
55.9574 16.0220
55.9648 16.0274
55.9723 16.0328
55.9797 16.0381
55.9871 16.0435
55.9945 16.0489
56.0019 16.0543
56.0094 16.0596
56.0168 16.0650
56.0242 16.0704
56.0316 16.0757
56.0390 16.0811
56.0465 16.0865
56.0539 16.0919
56.0613 16.0972
56.0687 16.1026
56.0761 16.1080
56.0835 16.1133
56.0909 16.1187
56.0983 16.1241
56.1058 16.1295
56.1132 16.1349
56.1206 16.1402
56.1280 16.1456
56.1354 16.1510
56.1428 16.1564
56.1502 16.1617
56.1576 16.1671
56.1650 16.1725
56.1724 16.1779
56.1798 16.1833
56.1872 16.1886
56.1946 16.1940
56.2020 16.1994
56.2094 16.2048
56.2168 16.2102
56.2242 16.2155
56.2316 16.2209
56.2390 16.2263
56.2464 16.2317
56.2538 16.2371
56.2612 16.2425
56.2686 16.2478
56.2760 16.2532
56.2833 16.2586
56.2907 16.2640
56.2981 16.2694
56.3055 16.2748
56.3129 16.2802
56.3203 16.2855
56.3277 16.2909
56.3351 16.2963
56.3424 16.3017
56.3498 16.3071
56.3572 16.3125
56.3646 16.3179
56.3720 16.3233
56.3793 16.3286
56.3867 16.3340
56.3941 16.3394
56.4015 16.3448
56.4088 16.3502
56.4162 16.3556
56.4236 16.3610
56.4310 16.3664
56.4383 16.3718
56.4457 16.3772
56.4531 16.3826
56.4605 16.3880
56.4678 16.3934
56.4752 16.3987
56.4826 16.4041
56.4899 16.4095
56.4973 16.4149
56.5047 16.4203
56.5120 16.4257
56.5194 16.4311
56.5268 16.4365
56.5341 16.4419
56.5415 16.4473
56.5488 16.4527
56.5562 16.4581
56.5636 16.4635
56.5709 16.4689
56.5783 16.4743
56.5856 16.4797
56.5930 16.4851
56.6003 16.4905
56.6077 16.4959
56.6150 16.5013
56.6224 16.5067
56.6298 16.5121
56.6371 16.5175
56.6445 16.5229
56.6518 16.5283
56.6592 16.5337
56.6665 16.5391
56.6738 16.5445
56.6812 16.5499
56.6885 16.5553
56.6959 16.5608
56.7032 16.5662
56.7106 16.5716
56.7179 16.5770
56.7252 16.5824
56.7326 16.5878
56.7399 16.5932
56.7473 16.5986
56.7546 16.6040
56.7619 16.6094
56.7693 16.6148
56.7766 16.6202
56.7839 16.6256
56.7913 16.6311
56.7986 16.6365
56.8059 16.6419
56.8133 16.6473
56.8206 16.6527
56.8279 16.6581
56.8353 16.6635
56.8426 16.6689
56.8499 16.6744
56.8573 16.6798
56.8646 16.6852
56.8719 16.6906
56.8792 16.6960
56.8866 16.7014
56.8939 16.7068
56.9012 16.7123
56.9085 16.7177
56.9158 16.7231
56.9232 16.7285
56.9305 16.7339
56.9378 16.7393
56.9451 16.7448
56.9524 16.7502
56.9597 16.7556
56.9671 16.7610
56.9744 16.7664
56.9817 16.7719
56.9890 16.7773
56.9963 16.7827
57.0036 16.7881
57.0109 16.7935
57.0182 16.7990
57.0255 16.8044
57.0329 16.8098
57.0402 16.8152
57.0475 16.8206
57.0548 16.8261
57.0621 16.8315
57.0694 16.8369
57.0767 16.8423
57.0840 16.8478
57.0913 16.8532
57.0986 16.8586
57.1059 16.8640
57.1132 16.8695
57.1205 16.8749
57.1278 16.8803
57.1351 16.8857
57.1424 16.8912
57.1497 16.8966
57.1570 16.9020
57.1643 16.9075
57.1715 16.9129
57.1788 16.9183
57.1861 16.9237
57.1934 16.9292
57.2007 16.9346
57.2080 16.9400
57.2153 16.9455
57.2226 16.9509
57.2299 16.9563
57.2371 16.9618
57.2444 16.9672
57.2517 16.9726
57.2590 16.9781
57.2663 16.9835
57.2736 16.9889
57.2808 16.9944
57.2881 16.9998
57.2954 17.0052
57.3027 17.0107
57.3100 17.0161
57.3172 17.0215
57.3245 17.0270
57.3318 17.0324
57.3391 17.0378
57.3463 17.0433
57.3536 17.0487
57.3609 17.0541
57.3681 17.0596
57.3754 17.0650
57.3827 17.0705
57.3900 17.0759
57.3972 17.0813
57.4045 17.0868
57.4118 17.0922
57.4190 17.0977
57.4263 17.1031
57.4335 17.1085
57.4408 17.1140
57.4481 17.1194
57.4553 17.1249
57.4626 17.1303
57.4699 17.1357
57.4771 17.1412
57.4844 17.1466
57.4916 17.1521
57.4989 17.1575
57.5061 17.1630
57.5134 17.1684
57.5207 17.1739
57.5279 17.1793
57.5352 17.1847
57.5424 17.1902
57.5497 17.1956
57.5569 17.2011
57.5642 17.2065
57.5714 17.2120
57.5787 17.2174
57.5859 17.2229
57.5932 17.2283
57.6004 17.2338
57.6077 17.2392
57.6149 17.2447
57.6221 17.2501
57.6294 17.2556
57.6366 17.2610
57.6439 17.2665
57.6511 17.2719
57.6583 17.2774
57.6656 17.2828
57.6728 17.2883
57.6801 17.2937
57.6873 17.2992
57.6945 17.3046
57.7018 17.3101
57.7090 17.3155
57.7162 17.3210
57.7235 17.3264
57.7307 17.3319
57.7379 17.3374
57.7452 17.3428
57.7524 17.3483
57.7596 17.3537
57.7669 17.3592
57.7741 17.3646
57.7813 17.3701
57.7885 17.3755
57.7958 17.3810
57.8030 17.3865
57.8102 17.3919
57.8174 17.3974
57.8246 17.4028
57.8319 17.4083
57.8391 17.4137
57.8463 17.4192
57.8535 17.4247
57.8607 17.4301
57.8680 17.4356
57.8752 17.4410
57.8824 17.4465
57.8896 17.4520
57.8968 17.4574
57.9040 17.4629
57.9113 17.4684
57.9185 17.4738
57.9257 17.4793
57.9329 17.4847
57.9401 17.4902
57.9473 17.4957
57.9545 17.5011
57.9617 17.5066
57.9689 17.5121
57.9761 17.5175
57.9833 17.5230
57.9905 17.5285
57.9977 17.5339
58.0050 17.5394
58.0122 17.5449
58.0194 17.5503
58.0266 17.5558
58.0338 17.5613
58.0410 17.5667
58.0482 17.5722
58.0553 17.5777
58.0625 17.5831
58.0697 17.5886
58.0769 17.5941
58.0841 17.5995
58.0913 17.6050
58.0985 17.6105
58.1057 17.6160
58.1129 17.6214
58.1201 17.6269
58.1273 17.6324
58.1345 17.6378
58.1417 17.6433
58.1488 17.6488
58.1560 17.6543
58.1632 17.6597
58.1704 17.6652
58.1776 17.6707
58.1848 17.6761
58.1920 17.6816
58.1991 17.6871
58.2063 17.6926
58.2135 17.6980
58.2207 17.7035
58.2279 17.7090
58.2350 17.7145
58.2422 17.7199
58.2494 17.7254
58.2566 17.7309
58.2637 17.7364
58.2709 17.7419
58.2781 17.7473
58.2853 17.7528
58.2924 17.7583
58.2996 17.7638
58.3068 17.7692
58.3140 17.7747
58.3211 17.7802
58.3283 17.7857
58.3355 17.7912
58.3426 17.7966
58.3498 17.8021
58.3570 17.8076
58.3641 17.8131
58.3713 17.8186
58.3784 17.8241
58.3856 17.8295
58.3928 17.8350
58.3999 17.8405
58.4071 17.8460
58.4143 17.8515
58.4214 17.8570
58.4286 17.8624
58.4357 17.8679
58.4429 17.8734
58.4500 17.8789
58.4572 17.8844
58.4643 17.8899
58.4715 17.8953
58.4787 17.9008
58.4858 17.9063
58.4930 17.9118
58.5001 17.9173
58.5073 17.9228
58.5144 17.9283
58.5216 17.9338
58.5287 17.9392
58.5358 17.9447
58.5430 17.9502
58.5501 17.9557
58.5573 17.9612
58.5644 17.9667
58.5716 17.9722
58.5787 17.9777
58.5859 17.9832
58.5930 17.9886
58.6001 17.9941
58.6073 17.9996
58.6144 18.0051
58.6216 18.0106
58.6287 18.0161
58.6358 18.0216
58.6430 18.0271
58.6501 18.0326
58.6572 18.0381
58.6644 18.0436
58.6715 18.0491
58.6786 18.0546
58.6858 18.0601
58.6929 18.0655
58.7000 18.0710
58.7071 18.0765
58.7143 18.0820
58.7214 18.0875
58.7285 18.0930
58.7357 18.0985
58.7428 18.1040
58.7499 18.1095
58.7570 18.1150
58.7642 18.1205
58.7713 18.1260
58.7784 18.1315
58.7855 18.1370
58.7926 18.1425
58.7998 18.1480
58.8069 18.1535
58.8140 18.1590
58.8211 18.1645
58.8282 18.1700
58.8353 18.1755
58.8425 18.1810
58.8496 18.1865
58.8567 18.1920
58.8638 18.1975
58.8709 18.2030
58.8780 18.2085
58.8851 18.2140
58.8922 18.2195
58.8993 18.2250
58.9065 18.2305
58.9136 18.2360
58.9207 18.2415
58.9278 18.2470
58.9349 18.2525
58.9420 18.2580
58.9491 18.2635
58.9562 18.2690
58.9633 18.2746
58.9704 18.2801
58.9775 18.2856
58.9846 18.2911
58.9917 18.2966
58.9988 18.3021
59.0059 18.3076
59.0130 18.3131
59.0201 18.3186
59.0272 18.3241
59.0343 18.3296
59.0414 18.3351
59.0485 18.3406
59.0556 18.3461
59.0627 18.3517
59.0697 18.3572
59.0768 18.3627
59.0839 18.3682
59.0910 18.3737
59.0981 18.3792
59.1052 18.3847
59.1123 18.3902
59.1194 18.3957
59.1265 18.4012
59.1335 18.4068
59.1406 18.4123
59.1477 18.4178
59.1548 18.4233
59.1619 18.4288
59.1689 18.4343
59.1760 18.4398
59.1831 18.4453
59.1902 18.4509
59.1973 18.4564
59.2043 18.4619
59.2114 18.4674
59.2185 18.4729
59.2256 18.4784
59.2326 18.4840
59.2397 18.4895
59.2468 18.4950
59.2539 18.5005
59.2609 18.5060
59.2680 18.5115
59.2751 18.5171
59.2822 18.5226
59.2892 18.5281
59.2963 18.5336
59.3034 18.5391
59.3104 18.5446
59.3175 18.5502
59.3246 18.5557
59.3316 18.5612
59.3387 18.5667
59.3457 18.5722
59.3528 18.5778
59.3599 18.5833
59.3669 18.5888
59.3740 18.5943
59.3811 18.5998
59.3881 18.6054
59.3952 18.6109
59.4022 18.6164
59.4093 18.6219
59.4163 18.6274
59.4234 18.6330
59.4304 18.6385
59.4375 18.6440
59.4446 18.6495
59.4516 18.6551
59.4587 18.6606
59.4657 18.6661
59.4728 18.6716
59.4798 18.6772
59.4869 18.6827
59.4939 18.6882
59.5010 18.6937
59.5080 18.6993
59.5150 18.7048
59.5221 18.7103
59.5291 18.7158
59.5362 18.7214
59.5432 18.7269
59.5503 18.7324
59.5573 18.7379
59.5644 18.7435
59.5714 18.7490
59.5784 18.7545
59.5855 18.7601
59.5925 18.7656
59.5995 18.7711
59.6066 18.7766
59.6136 18.7822
59.6207 18.7877
59.6277 18.7932
59.6347 18.7988
59.6418 18.8043
59.6488 18.8098
59.6558 18.8153
59.6628 18.8209
59.6699 18.8264
59.6769 18.8319
59.6839 18.8375
59.6910 18.8430
59.6980 18.8485
59.7050 18.8541
59.7120 18.8596
59.7191 18.8651
59.7261 18.8707
59.7331 18.8762
59.7401 18.8817
59.7472 18.8873
59.7542 18.8928
59.7612 18.8983
59.7682 18.9039
59.7752 18.9094
59.7823 18.9149
59.7893 18.9205
59.7963 18.9260
59.8033 18.9315
59.8103 18.9371
59.8174 18.9426
59.8244 18.9482
59.8314 18.9537
59.8384 18.9592
59.8454 18.9648
59.8524 18.9703
59.8594 18.9758
59.8664 18.9814
59.8735 18.9869
59.8805 18.9925
59.8875 18.9980
59.8945 19.0035
59.9015 19.0091
59.9085 19.0146
59.9155 19.0202
59.9225 19.0257
59.9295 19.0312
59.9365 19.0368
59.9435 19.0423
59.9505 19.0479
59.9575 19.0534
59.9645 19.0589
59.9715 19.0645
59.9785 19.0700
59.9855 19.0756
59.9925 19.0811
59.9995 19.0866
60.0065 19.0922
60.0135 19.0977
60.0205 19.1033
60.0275 19.1088
60.0345 19.1144
60.0415 19.1199
60.0485 19.1254
60.0555 19.1310
60.0624 19.1365
60.0694 19.1421
60.0764 19.1476
60.0834 19.1532
60.0904 19.1587
60.0974 19.1643
60.1044 19.1698
60.1114 19.1753
60.1184 19.1809
60.1253 19.1864
60.1323 19.1920
60.1393 19.1975
60.1463 19.2031
60.1533 19.2086
60.1602 19.2142
60.1672 19.2197
60.1742 19.2253
60.1812 19.2308
60.1882 19.2364
60.1951 19.2419
60.2021 19.2475
60.2091 19.2530
60.2161 19.2586
60.2230 19.2641
60.2300 19.2697
60.2370 19.2752
60.2440 19.2808
60.2509 19.2863
60.2579 19.2919
60.2649 19.2974
60.2719 19.3030
60.2788 19.3085
60.2858 19.3141
60.2928 19.3196
60.2997 19.3252
60.3067 19.3307
60.3137 19.3363
60.3206 19.3418
60.3276 19.3474
60.3346 19.3529
60.3415 19.3585
60.3485 19.3640
60.3554 19.3696
60.3624 19.3751
60.3694 19.3807
60.3763 19.3863
60.3833 19.3918
60.3902 19.3974
60.3972 19.4029
60.4042 19.4085
60.4111 19.4140
60.4181 19.4196
60.4250 19.4251
60.4320 19.4307
60.4389 19.4363
60.4459 19.4418
60.4528 19.4474
60.4598 19.4529
60.4667 19.4585
60.4737 19.4640
60.4806 19.4696
60.4876 19.4752
60.4945 19.4807
60.5015 19.4863
60.5084 19.4918
60.5154 19.4974
60.5223 19.5029
60.5293 19.5085
60.5362 19.5141
60.5431 19.5196
60.5501 19.5252
60.5570 19.5307
60.5640 19.5363
60.5709 19.5419
60.5779 19.5474
60.5848 19.5530
60.5917 19.5585
60.5987 19.5641
60.6056 19.5697
60.6125 19.5752
60.6195 19.5808
60.6264 19.5864
60.6334 19.5919
60.6403 19.5975
60.6472 19.6030
60.6542 19.6086
60.6611 19.6142
60.6680 19.6197
60.6749 19.6253
60.6819 19.6309
60.6888 19.6364
60.6957 19.6420
60.7027 19.6475
60.7096 19.6531
60.7165 19.6587
60.7234 19.6642
60.7304 19.6698
60.7373 19.6754
60.7442 19.6809
60.7511 19.6865
60.7581 19.6921
60.7650 19.6976
60.7719 19.7032
60.7788 19.7088
60.7857 19.7143
60.7927 19.7199
60.7996 19.7255
60.8065 19.7310
60.8134 19.7366
60.8203 19.7422
60.8272 19.7477
60.8342 19.7533
60.8411 19.7589
60.8480 19.7644
60.8549 19.7700
60.8618 19.7756
60.8687 19.7811
60.8756 19.7867
60.8826 19.7923
60.8895 19.7979
60.8964 19.8034
60.9033 19.8090
60.9102 19.8146
60.9171 19.8201
60.9240 19.8257
60.9309 19.8313
60.9378 19.8368
60.9447 19.8424
60.9516 19.8480
60.9585 19.8536
60.9654 19.8591
60.9723 19.8647
60.9792 19.8703
60.9861 19.8759
60.9930 19.8814
60.9999 19.8870
61.0068 19.8926
61.0137 19.8981
61.0206 19.9037
61.0275 19.9093
61.0344 19.9149
61.0413 19.9204
61.0482 19.9260
61.0551 19.9316
61.0620 19.9372
61.0689 19.9427
61.0758 19.9483
61.0827 19.9539
61.0896 19.9595
61.0964 19.9650
61.1033 19.9706
61.1102 19.9762
61.1171 19.9818
61.1240 19.9873
61.1309 19.9929
61.1378 19.9985
61.1447 20.0041
61.1515 20.0096
61.1584 20.0152
61.1653 20.0208
61.1722 20.0264
61.1791 20.0320
61.1860 20.0375
61.1928 20.0431
61.1997 20.0487
61.2066 20.0543
61.2135 20.0598
61.2204 20.0654
61.2272 20.0710
61.2341 20.0766
61.2410 20.0822
61.2479 20.0877
61.2547 20.0933
61.2616 20.0989
61.2685 20.1045
61.2754 20.1101
61.2822 20.1156
61.2891 20.1212
61.2960 20.1268
61.3028 20.1324
61.3097 20.1380
61.3166 20.1435
61.3234 20.1491
61.3303 20.1547
61.3372 20.1603
61.3440 20.1659
61.3509 20.1715
61.3578 20.1770
61.3646 20.1826
61.3715 20.1882
61.3784 20.1938
61.3852 20.1994
61.3921 20.2049
61.3990 20.2105
61.4058 20.2161
61.4127 20.2217
61.4195 20.2273
61.4264 20.2329
61.4332 20.2384
61.4401 20.2440
61.4470 20.2496
61.4538 20.2552
61.4607 20.2608
61.4675 20.2664
61.4744 20.2720
61.4812 20.2775
61.4881 20.2831
61.4949 20.2887
61.5018 20.2943
61.5086 20.2999
61.5155 20.3055
61.5223 20.3111
61.5292 20.3166
61.5360 20.3222
61.5429 20.3278
61.5497 20.3334
61.5566 20.3390
61.5634 20.3446
61.5703 20.3502
61.5771 20.3558
61.5840 20.3613
61.5908 20.3669
61.5976 20.3725
61.6045 20.3781
61.6113 20.3837
61.6182 20.3893
61.6250 20.3949
61.6318 20.4005
61.6387 20.4061
61.6455 20.4116
61.6524 20.4172
61.6592 20.4228
61.6660 20.4284
61.6729 20.4340
61.6797 20.4396
61.6865 20.4452
61.6934 20.4508
61.7002 20.4564
61.7070 20.4620
61.7139 20.4675
61.7207 20.4731
61.7275 20.4787
61.7344 20.4843
61.7412 20.4899
61.7480 20.4955
61.7548 20.5011
61.7617 20.5067
61.7685 20.5123
61.7753 20.5179
61.7821 20.5235
61.7890 20.5291
61.7958 20.5346
61.8026 20.5402
61.8094 20.5458
61.8163 20.5514
61.8231 20.5570
61.8299 20.5626
61.8367 20.5682
61.8435 20.5738
61.8504 20.5794
61.8572 20.5850
61.8640 20.5906
61.8708 20.5962
61.8776 20.6018
61.8844 20.6074
61.8913 20.6130
61.8981 20.6186
61.9049 20.6242
61.9117 20.6298
61.9185 20.6353
61.9253 20.6409
61.9321 20.6465
61.9389 20.6521
61.9457 20.6577
61.9526 20.6633
61.9594 20.6689
61.9662 20.6745
61.9730 20.6801
61.9798 20.6857
61.9866 20.6913
61.9934 20.6969
62.0002 20.7025
62.0070 20.7081
62.0138 20.7137
62.0206 20.7193
62.0274 20.7249
62.0342 20.7305
62.0410 20.7361
62.0478 20.7417
62.0546 20.7473
62.0614 20.7529
62.0682 20.7585
62.0750 20.7641
62.0818 20.7697
62.0886 20.7753
62.0954 20.7809
62.1022 20.7865
62.1090 20.7921
62.1158 20.7977
62.1226 20.8033
62.1294 20.8089
62.1362 20.8145
62.1430 20.8201
62.1497 20.8257
62.1565 20.8313
62.1633 20.8369
62.1701 20.8425
62.1769 20.8481
62.1837 20.8537
62.1905 20.8593
62.1973 20.8649
62.2040 20.8705
62.2108 20.8761
62.2176 20.8817
62.2244 20.8873
62.2312 20.8929
62.2380 20.8985
62.2447 20.9041
62.2515 20.9097
62.2583 20.9153
62.2651 20.9209
62.2719 20.9265
62.2787 20.9321
62.2854 20.9377
62.2922 20.9433
62.2990 20.9489
62.3058 20.9545
62.3125 20.9601
62.3193 20.9658
62.3261 20.9714
62.3329 20.9770
62.3396 20.9826
62.3464 20.9882
62.3532 20.9938
62.3600 20.9994
62.3667 21.0050
62.3735 21.0106
62.3803 21.0162
62.3870 21.0218
62.3938 21.0274
62.4006 21.0330
62.4073 21.0386
62.4141 21.0442
62.4209 21.0498
62.4276 21.0554
62.4344 21.0610
62.4412 21.0667
62.4479 21.0723
62.4547 21.0779
62.4615 21.0835
62.4682 21.0891
62.4750 21.0947
62.4817 21.1003
62.4885 21.1059
62.4953 21.1115
62.5020 21.1171
62.5088 21.1227
62.5155 21.1283
62.5223 21.1339
62.5290 21.1396
62.5358 21.1452
62.5426 21.1508
62.5493 21.1564
62.5561 21.1620
62.5628 21.1676
62.5696 21.1732
62.5763 21.1788
62.5831 21.1844
62.5898 21.1900
62.5966 21.1957
62.6033 21.2013
62.6101 21.2069
62.6168 21.2125
62.6236 21.2181
62.6303 21.2237
62.6371 21.2293
62.6438 21.2349
62.6506 21.2405
62.6573 21.2461
62.6640 21.2518
62.6708 21.2574
62.6775 21.2630
62.6843 21.2686
62.6910 21.2742
62.6978 21.2798
62.7045 21.2854
62.7112 21.2910
62.7180 21.2966
62.7247 21.3023
62.7315 21.3079
62.7382 21.3135
62.7449 21.3191
62.7517 21.3247
62.7584 21.3303
62.7651 21.3359
62.7719 21.3415
62.7786 21.3472
62.7853 21.3528
62.7921 21.3584
62.7988 21.3640
62.8055 21.3696
62.8123 21.3752
62.8190 21.3808
62.8257 21.3865
62.8325 21.3921
62.8392 21.3977
62.8459 21.4033
62.8526 21.4089
62.8594 21.4145
62.8661 21.4201
62.8728 21.4258
62.8795 21.4314
62.8863 21.4370
62.8930 21.4426
62.8997 21.4482
62.9064 21.4538
62.9132 21.4595
62.9199 21.4651
62.9266 21.4707
62.9333 21.4763
62.9400 21.4819
62.9468 21.4875
62.9535 21.4931
62.9602 21.4988
62.9669 21.5044
62.9736 21.5100
62.9803 21.5156
62.9871 21.5212
62.9938 21.5268
63.0005 21.5325
63.0072 21.5381
63.0139 21.5437
63.0206 21.5493
63.0273 21.5549
63.0341 21.5605
63.0408 21.5662
63.0475 21.5718
63.0542 21.5774
63.0609 21.5830
63.0676 21.5886
63.0743 21.5943
63.0810 21.5999
63.0877 21.6055
63.0944 21.6111
63.1011 21.6167
63.1078 21.6223
63.1145 21.6280
63.1212 21.6336
63.1279 21.6392
63.1346 21.6448
63.1414 21.6504
63.1481 21.6561
63.1548 21.6617
63.1615 21.6673
63.1682 21.6729
63.1749 21.6785
63.1815 21.6842
63.1882 21.6898
63.1949 21.6954
63.2016 21.7010
63.2083 21.7066
63.2150 21.7123
63.2217 21.7179
63.2284 21.7235
63.2351 21.7291
63.2418 21.7347
63.2485 21.7404
63.2552 21.7460
63.2619 21.7516
63.2686 21.7572
63.2753 21.7628
63.2820 21.7685
63.2886 21.7741
63.2953 21.7797
63.3020 21.7853
63.3087 21.7910
63.3154 21.7966
63.3221 21.8022
63.3288 21.8078
63.3354 21.8134
63.3421 21.8191
63.3488 21.8247
63.3555 21.8303
63.3622 21.8359
63.3689 21.8416
63.3755 21.8472
63.3822 21.8528
63.3889 21.8584
63.3956 21.8640
63.4023 21.8697
63.4089 21.8753
63.4156 21.8809
63.4223 21.8865
63.4290 21.8922
63.4356 21.8978
63.4423 21.9034
63.4490 21.9090
63.4557 21.9147
63.4623 21.9203
63.4690 21.9259
63.4757 21.9315
63.4824 21.9372
63.4890 21.9428
63.4957 21.9484
63.5024 21.9540
63.5090 21.9596
63.5157 21.9653
63.5224 21.9709
63.5290 21.9765
63.5357 21.9821
63.5424 21.9878
63.5490 21.9934
63.5557 21.9990
63.5624 22.0046
63.5690 22.0103
63.5757 22.0159
63.5824 22.0215
63.5890 22.0271
63.5957 22.0328
63.6024 22.0384
63.6090 22.0440
63.6157 22.0496
63.6223 22.0553
63.6290 22.0609
63.6357 22.0665
63.6423 22.0722
63.6490 22.0778
63.6556 22.0834
63.6623 22.0890
63.6689 22.0947
63.6756 22.1003
63.6822 22.1059
63.6889 22.1115
63.6956 22.1172
63.7022 22.1228
63.7089 22.1284
63.7155 22.1340
63.7222 22.1397
63.7288 22.1453
63.7355 22.1509
63.7421 22.1566
63.7488 22.1622
63.7554 22.1678
63.7621 22.1734
63.7687 22.1791
63.7753 22.1847
63.7820 22.1903
63.7886 22.1959
63.7953 22.2016
63.8019 22.2072
63.8086 22.2128
63.8152 22.2185
63.8219 22.2241
63.8285 22.2297
63.8351 22.2353
63.8418 22.2410
63.8484 22.2466
63.8551 22.2522
63.8617 22.2579
63.8683 22.2635
63.8750 22.2691
63.8816 22.2747
63.8883 22.2804
63.8949 22.2860
63.9015 22.2916
63.9082 22.2973
63.9148 22.3029
63.9214 22.3085
63.9281 22.3142
63.9347 22.3198
63.9413 22.3254
63.9480 22.3310
63.9546 22.3367
63.9612 22.3423
63.9679 22.3479
63.9745 22.3536
63.9811 22.3592
63.9877 22.3648
63.9944 22.3705
64.0010 22.3761
64.0076 22.3817
64.0143 22.3873
64.0209 22.3930
64.0275 22.3986
64.0341 22.4042
64.0408 22.4099
64.0474 22.4155
64.0540 22.4211
64.0606 22.4268
64.0672 22.4324
64.0739 22.4380
64.0805 22.4437
64.0871 22.4493
64.0937 22.4549
64.1003 22.4605
64.1070 22.4662
64.1136 22.4718
64.1202 22.4774
64.1268 22.4831
64.1334 22.4887
64.1400 22.4943
64.1467 22.5000
64.1533 22.5056
64.1599 22.5112
64.1665 22.5169
64.1731 22.5225
64.1797 22.5281
64.1863 22.5338
64.1930 22.5394
64.1996 22.5450
64.2062 22.5507
64.2128 22.5563
64.2194 22.5619
64.2260 22.5676
64.2326 22.5732
64.2392 22.5788
64.2458 22.5845
64.2524 22.5901
64.2590 22.5957
64.2656 22.6014
64.2723 22.6070
64.2789 22.6126
64.2855 22.6183
64.2921 22.6239
64.2987 22.6295
64.3053 22.6352
64.3119 22.6408
64.3185 22.6464
64.3251 22.6521
64.3317 22.6577
64.3383 22.6633
64.3449 22.6690
64.3515 22.6746
64.3581 22.6802
64.3647 22.6859
64.3713 22.6915
64.3779 22.6971
64.3844 22.7028
64.3910 22.7084
64.3976 22.7140
64.4042 22.7197
64.4108 22.7253
64.4174 22.7309
64.4240 22.7366
64.4306 22.7422
64.4372 22.7478
64.4438 22.7535
64.4504 22.7591
64.4570 22.7647
64.4636 22.7704
64.4701 22.7760
64.4767 22.7816
64.4833 22.7873
64.4899 22.7929
64.4965 22.7985
64.5031 22.8042
64.5097 22.8098
64.5162 22.8154
64.5228 22.8211
64.5294 22.8267
64.5360 22.8324
64.5426 22.8380
64.5492 22.8436
64.5557 22.8493
64.5623 22.8549
64.5689 22.8605
64.5755 22.8662
64.5821 22.8718
64.5886 22.8774
64.5952 22.8831
64.6018 22.8887
64.6084 22.8943
64.6149 22.9000
64.6215 22.9056
64.6281 22.9113
64.6347 22.9169
64.6412 22.9225
64.6478 22.9282
64.6544 22.9338
64.6610 22.9394
64.6675 22.9451
64.6741 22.9507
64.6807 22.9563
64.6873 22.9620
64.6938 22.9676
64.7004 22.9732
64.7070 22.9789
64.7135 22.9845
64.7201 22.9902
64.7267 22.9958
64.7332 23.0014
64.7398 23.0071
64.7464 23.0127
64.7529 23.0183
64.7595 23.0240
64.7661 23.0296
64.7726 23.0352
64.7792 23.0409
64.7857 23.0465
64.7923 23.0522
64.7989 23.0578
64.8054 23.0634
64.8120 23.0691
64.8186 23.0747
64.8251 23.0803
64.8317 23.0860
64.8382 23.0916
64.8448 23.0973
64.8513 23.1029
64.8579 23.1085
64.8645 23.1142
64.8710 23.1198
64.8776 23.1254
64.8841 23.1311
64.8907 23.1367
64.8972 23.1424
64.9038 23.1480
64.9103 23.1536
64.9169 23.1593
64.9234 23.1649
64.9300 23.1705
64.9365 23.1762
64.9431 23.1818
64.9496 23.1875
64.9562 23.1931
64.9627 23.1987
64.9693 23.2044
64.9758 23.2100
64.9824 23.2156
64.9889 23.2213
64.9955 23.2269
65.0020 23.2326
65.0086 23.2382
65.0151 23.2438
65.0216 23.2495
65.0282 23.2551
65.0347 23.2607
65.0413 23.2664
65.0478 23.2720
65.0544 23.2777
65.0609 23.2833
65.0674 23.2889
65.0740 23.2946
65.0805 23.3002
65.0870 23.3058
65.0936 23.3115
65.1001 23.3171
65.1067 23.3228
65.1132 23.3284
65.1197 23.3340
65.1263 23.3397
65.1328 23.3453
65.1393 23.3509
65.1459 23.3566
65.1524 23.3622
65.1589 23.3679
65.1655 23.3735
65.1720 23.3791
65.1785 23.3848
65.1851 23.3904
65.1916 23.3961
65.1981 23.4017
65.2046 23.4073
65.2112 23.4130
65.2177 23.4186
65.2242 23.4242
65.2308 23.4299
65.2373 23.4355
65.2438 23.4412
65.2503 23.4468
65.2569 23.4524
65.2634 23.4581
65.2699 23.4637
65.2764 23.4694
65.2829 23.4750
65.2895 23.4806
65.2960 23.4863
65.3025 23.4919
65.3090 23.4975
65.3156 23.5032
65.3221 23.5088
65.3286 23.5145
65.3351 23.5201
65.3416 23.5257
65.3481 23.5314
65.3547 23.5370
65.3612 23.5427
65.3677 23.5483
65.3742 23.5539
65.3807 23.5596
65.3872 23.5652
65.3938 23.5709
65.4003 23.5765
65.4068 23.5821
65.4133 23.5878
65.4198 23.5934
65.4263 23.5990
65.4328 23.6047
65.4393 23.6103
65.4458 23.6160
65.4524 23.6216
65.4589 23.6272
65.4654 23.6329
65.4719 23.6385
65.4784 23.6442
65.4849 23.6498
65.4914 23.6554
65.4979 23.6611
65.5044 23.6667
65.5109 23.6724
65.5174 23.6780
65.5239 23.6836
65.5304 23.6893
65.5369 23.6949
65.5434 23.7006
65.5499 23.7062
65.5564 23.7118
65.5629 23.7175
65.5694 23.7231
65.5759 23.7287
65.5824 23.7344
65.5889 23.7400
65.5954 23.7457
65.6019 23.7513
65.6084 23.7569
65.6149 23.7626
65.6214 23.7682
65.6279 23.7739
65.6344 23.7795
65.6409 23.7851
65.6474 23.7908
65.6539 23.7964
65.6604 23.8021
65.6669 23.8077
65.6734 23.8133
65.6799 23.8190
65.6864 23.8246
65.6928 23.8303
65.6993 23.8359
65.7058 23.8415
65.7123 23.8472
65.7188 23.8528
65.7253 23.8585
65.7318 23.8641
65.7383 23.8697
65.7447 23.8754
65.7512 23.8810
65.7577 23.8866
65.7642 23.8923
65.7707 23.8979
65.7772 23.9036
65.7837 23.9092
65.7901 23.9148
65.7966 23.9205
65.8031 23.9261
65.8096 23.9318
65.8161 23.9374
65.8225 23.9430
65.8290 23.9487
65.8355 23.9543
65.8420 23.9600
65.8485 23.9656
65.8549 23.9712
65.8614 23.9769
65.8679 23.9825
65.8744 23.9882
65.8809 23.9938
65.8873 23.9994
65.8938 24.0051
65.9003 24.0107
65.9068 24.0164
65.9132 24.0220
65.9197 24.0276
65.9262 24.0333
65.9326 24.0389
65.9391 24.0445
65.9456 24.0502
65.9521 24.0558
65.9585 24.0615
65.9650 24.0671
65.9715 24.0727
65.9779 24.0784
65.9844 24.0840
65.9909 24.0897
65.9973 24.0953
66.0038 24.1009
66.0103 24.1066
66.0167 24.1122
66.0232 24.1179
66.0297 24.1235
66.0361 24.1291
66.0426 24.1348
66.0491 24.1404
66.0555 24.1461
66.0620 24.1517
66.0684 24.1573
66.0749 24.1630
66.0814 24.1686
66.0878 24.1742
66.0943 24.1799
66.1008 24.1855
66.1072 24.1912
66.1137 24.1968
66.1201 24.2024
66.1266 24.2081
66.1330 24.2137
66.1395 24.2194
66.1460 24.2250
66.1524 24.2306
66.1589 24.2363
66.1653 24.2419
66.1718 24.2475
66.1782 24.2532
66.1847 24.2588
66.1911 24.2645
66.1976 24.2701
66.2040 24.2757
66.2105 24.2814
66.2169 24.2870
66.2234 24.2927
66.2298 24.2983
66.2363 24.3039
66.2427 24.3096
66.2492 24.3152
66.2556 24.3208
66.2621 24.3265
66.2685 24.3321
66.2750 24.3378
66.2814 24.3434
66.2879 24.3490
66.2943 24.3547
66.3008 24.3603
66.3072 24.3660
66.3136 24.3716
66.3201 24.3772
66.3265 24.3829
66.3330 24.3885
66.3394 24.3941
66.3459 24.3998
66.3523 24.4054
66.3587 24.4111
66.3652 24.4167
66.3716 24.4223
66.3781 24.4280
66.3845 24.4336
66.3909 24.4392
66.3974 24.4449
66.4038 24.4505
66.4102 24.4562
66.4167 24.4618
66.4231 24.4674
66.4295 24.4731
66.4360 24.4787
66.4424 24.4843
66.4488 24.4900
66.4553 24.4956
66.4617 24.5013
66.4681 24.5069
66.4746 24.5125
66.4810 24.5182
66.4874 24.5238
66.4939 24.5294
66.5003 24.5351
66.5067 24.5407
66.5132 24.5464
66.5196 24.5520
66.5260 24.5576
66.5324 24.5633
66.5389 24.5689
66.5453 24.5745
66.5517 24.5802
66.5581 24.5858
66.5646 24.5915
66.5710 24.5971
66.5774 24.6027
66.5838 24.6084
66.5903 24.6140
66.5967 24.6196
66.6031 24.6253
66.6095 24.6309
66.6159 24.6365
66.6224 24.6422
66.6288 24.6478
66.6352 24.6535
66.6416 24.6591
66.6480 24.6647
66.6545 24.6704
66.6609 24.6760
66.6673 24.6816
66.6737 24.6873
66.6801 24.6929
66.6865 24.6985
66.6930 24.7042
66.6994 24.7098
66.7058 24.7154
66.7122 24.7211
66.7186 24.7267
66.7250 24.7324
66.7314 24.7380
66.7379 24.7436
66.7443 24.7493
66.7507 24.7549
66.7571 24.7605
66.7635 24.7662
66.7699 24.7718
66.7763 24.7774
66.7827 24.7831
66.7891 24.7887
66.7955 24.7943
66.8019 24.8000
66.8084 24.8056
66.8148 24.8112
66.8212 24.8169
66.8276 24.8225
66.8340 24.8282
66.8404 24.8338
66.8468 24.8394
66.8532 24.8451
66.8596 24.8507
66.8660 24.8563
66.8724 24.8620
66.8788 24.8676
66.8852 24.8732
66.8916 24.8789
66.8980 24.8845
66.9044 24.8901
66.9108 24.8958
66.9172 24.9014
66.9236 24.9070
66.9300 24.9127
66.9364 24.9183
66.9428 24.9239
66.9492 24.9296
66.9556 24.9352
66.9620 24.9408
66.9684 24.9465
66.9748 24.9521
66.9812 24.9577
66.9876 24.9634
66.9940 24.9690
67.0003 24.9746
67.0067 24.9803
67.0131 24.9859
67.0195 24.9915
67.0259 24.9972
67.0323 25.0028
67.0387 25.0084
67.0451 25.0141
67.0515 25.0197
67.0579 25.0253
67.0643 25.0310
67.0706 25.0366
67.0770 25.0422
67.0834 25.0479
67.0898 25.0535
67.0962 25.0591
67.1026 25.0648
67.1090 25.0704
67.1153 25.0760
67.1217 25.0817
67.1281 25.0873
67.1345 25.0929
67.1409 25.0986
67.1473 25.1042
67.1536 25.1098
67.1600 25.1155
67.1664 25.1211
67.1728 25.1267
67.1792 25.1324
67.1856 25.1380
67.1919 25.1436
67.1983 25.1493
67.2047 25.1549
67.2111 25.1605
67.2174 25.1662
67.2238 25.1718
67.2302 25.1774
67.2366 25.1830
67.2430 25.1887
67.2493 25.1943
67.2557 25.1999
67.2621 25.2056
67.2685 25.2112
67.2748 25.2168
67.2812 25.2225
67.2876 25.2281
67.2939 25.2337
67.3003 25.2394
67.3067 25.2450
67.3131 25.2506
67.3194 25.2563
67.3258 25.2619
67.3322 25.2675
67.3385 25.2731
67.3449 25.2788
67.3513 25.2844
67.3576 25.2900
67.3640 25.2957
67.3704 25.3013
67.3767 25.3069
67.3831 25.3126
67.3895 25.3182
67.3958 25.3238
67.4022 25.3294
67.4086 25.3351
67.4149 25.3407
67.4213 25.3463
67.4277 25.3520
67.4340 25.3576
67.4404 25.3632
67.4468 25.3688
67.4531 25.3745
67.4595 25.3801
67.4658 25.3857
67.4722 25.3914
67.4786 25.3970
67.4849 25.4026
67.4913 25.4083
67.4976 25.4139
67.5040 25.4195
67.5103 25.4251
67.5167 25.4308
67.5231 25.4364
67.5294 25.4420
67.5358 25.4477
67.5421 25.4533
67.5485 25.4589
67.5548 25.4645
67.5612 25.4702
67.5675 25.4758
67.5739 25.4814
67.5803 25.4870
67.5866 25.4927
67.5930 25.4983
67.5993 25.5039
67.6057 25.5096
67.6120 25.5152
67.6184 25.5208
67.6247 25.5264
67.6311 25.5321
67.6374 25.5377
67.6438 25.5433
67.6501 25.5489
67.6564 25.5546
67.6628 25.5602
67.6691 25.5658
67.6755 25.5715
67.6818 25.5771
67.6882 25.5827
67.6945 25.5883
67.7009 25.5940
67.7072 25.5996
67.7136 25.6052
67.7199 25.6108
67.7262 25.6165
67.7326 25.6221
67.7389 25.6277
67.7453 25.6333
67.7516 25.6390
67.7579 25.6446
67.7643 25.6502
67.7706 25.6558
67.7770 25.6615
67.7833 25.6671
67.7896 25.6727
67.7960 25.6783
67.8023 25.6840
67.8087 25.6896
67.8150 25.6952
67.8213 25.7008
67.8277 25.7065
67.8340 25.7121
67.8403 25.7177
67.8467 25.7233
67.8530 25.7290
67.8593 25.7346
67.8657 25.7402
67.8720 25.7458
67.8783 25.7514
67.8847 25.7571
67.8910 25.7627
67.8973 25.7683
67.9037 25.7739
67.9100 25.7796
67.9163 25.7852
67.9226 25.7908
67.9290 25.7964
67.9353 25.8021
67.9416 25.8077
67.9480 25.8133
67.9543 25.8189
67.9606 25.8245
67.9669 25.8302
67.9733 25.8358
67.9796 25.8414
67.9859 25.8470
67.9922 25.8527
67.9986 25.8583
68.0049 25.8639
68.0112 25.8695
68.0175 25.8751
68.0239 25.8808
68.0302 25.8864
68.0365 25.8920
68.0428 25.8976
68.0491 25.9032
68.0555 25.9089
68.0618 25.9145
68.0681 25.9201
68.0744 25.9257
68.0807 25.9313
68.0871 25.9370
68.0934 25.9426
68.0997 25.9482
68.1060 25.9538
68.1123 25.9594
68.1186 25.9651
68.1250 25.9707
68.1313 25.9763
68.1376 25.9819
68.1439 25.9875
68.1502 25.9932
68.1565 25.9988
68.1628 26.0044
68.1692 26.0100
68.1755 26.0156
68.1818 26.0213
68.1881 26.0269
68.1944 26.0325
68.2007 26.0381
68.2070 26.0437
68.2133 26.0494
68.2196 26.0550
68.2259 26.0606
68.2323 26.0662
68.2386 26.0718
68.2449 26.0774
68.2512 26.0831
68.2575 26.0887
68.2638 26.0943
68.2701 26.0999
68.2764 26.1055
68.2827 26.1111
68.2890 26.1168
68.2953 26.1224
68.3016 26.1280
68.3079 26.1336
68.3142 26.1392
68.3205 26.1448
68.3268 26.1505
68.3331 26.1561
68.3394 26.1617
68.3457 26.1673
68.3520 26.1729
68.3583 26.1785
68.3646 26.1842
68.3709 26.1898
68.3772 26.1954
68.3835 26.2010
68.3898 26.2066
68.3961 26.2122
68.4024 26.2178
68.4087 26.2235
68.4150 26.2291
68.4213 26.2347
68.4276 26.2403
68.4339 26.2459
68.4402 26.2515
68.4465 26.2571
68.4528 26.2628
68.4591 26.2684
68.4654 26.2740
68.4717 26.2796
68.4780 26.2852
68.4843 26.2908
68.4905 26.2964
68.4968 26.3021
68.5031 26.3077
68.5094 26.3133
68.5157 26.3189
68.5220 26.3245
68.5283 26.3301
68.5346 26.3357
68.5409 26.3413
68.5472 26.3470
68.5534 26.3526
68.5597 26.3582
68.5660 26.3638
68.5723 26.3694
68.5786 26.3750
68.5849 26.3806
68.5912 26.3862
68.5974 26.3918
68.6037 26.3975
68.6100 26.4031
68.6163 26.4087
68.6226 26.4143
68.6289 26.4199
68.6351 26.4255
68.6414 26.4311
68.6477 26.4367
68.6540 26.4423
68.6603 26.4480
68.6665 26.4536
68.6728 26.4592
68.6791 26.4648
68.6854 26.4704
68.6917 26.4760
68.6979 26.4816
68.7042 26.4872
68.7105 26.4928
68.7168 26.4984
68.7231 26.5040
68.7293 26.5097
68.7356 26.5153
68.7419 26.5209
68.7482 26.5265
68.7544 26.5321
68.7607 26.5377
68.7670 26.5433
68.7733 26.5489
68.7795 26.5545
68.7858 26.5601
68.7921 26.5657
68.7983 26.5713
68.8046 26.5769
68.8109 26.5826
68.8172 26.5882
68.8234 26.5938
68.8297 26.5994
68.8360 26.6050
68.8422 26.6106
68.8485 26.6162
68.8548 26.6218
68.8610 26.6274
68.8673 26.6330
68.8736 26.6386
68.8798 26.6442
68.8861 26.6498
68.8924 26.6554
68.8986 26.6610
68.9049 26.6666
68.9112 26.6722
68.9174 26.6779
68.9237 26.6835
68.9300 26.6891
68.9362 26.6947
68.9425 26.7003
68.9488 26.7059
68.9550 26.7115
68.9613 26.7171
68.9675 26.7227
68.9738 26.7283
68.9801 26.7339
68.9863 26.7395
68.9926 26.7451
68.9988 26.7507
69.0051 26.7563
69.0114 26.7619
69.0176 26.7675
69.0239 26.7731
69.0301 26.7787
69.0364 26.7843
69.0427 26.7899
69.0489 26.7955
69.0552 26.8011
69.0614 26.8067
69.0677 26.8123
69.0739 26.8179
69.0802 26.8235
69.0864 26.8291
69.0927 26.8347
69.0989 26.8403
69.1052 26.8459
69.1114 26.8515
69.1177 26.8571
69.1240 26.8627
69.1302 26.8683
69.1365 26.8739
69.1427 26.8795
69.1490 26.8851
69.1552 26.8907
69.1615 26.8963
69.1677 26.9019
69.1740 26.9075
69.1802 26.9131
69.1864 26.9187
69.1927 26.9243
69.1989 26.9299
69.2052 26.9355
69.2114 26.9411
69.2177 26.9467
69.2239 26.9523
69.2302 26.9579
69.2364 26.9635
69.2427 26.9691
69.2489 26.9747
69.2551 26.9803
69.2614 26.9859
69.2676 26.9915
69.2739 26.9971
69.2801 27.0027
69.2864 27.0083
69.2926 27.0139
69.2988 27.0195
69.3051 27.0251
69.3113 27.0307
69.3176 27.0363
69.3238 27.0418
69.3300 27.0474
69.3363 27.0530
69.3425 27.0586
69.3488 27.0642
69.3550 27.0698
69.3612 27.0754
69.3675 27.0810
69.3737 27.0866
69.3799 27.0922
69.3862 27.0978
69.3924 27.1034
69.3986 27.1090
69.4049 27.1146
69.4111 27.1202
69.4173 27.1258
69.4236 27.1313
69.4298 27.1369
69.4360 27.1425
69.4423 27.1481
69.4485 27.1537
69.4547 27.1593
69.4610 27.1649
69.4672 27.1705
69.4734 27.1761
69.4797 27.1817
69.4859 27.1873
69.4921 27.1929
69.4984 27.1984
69.5046 27.2040
69.5108 27.2096
69.5170 27.2152
69.5233 27.2208
69.5295 27.2264
69.5357 27.2320
69.5419 27.2376
69.5482 27.2432
69.5544 27.2488
69.5606 27.2543
69.5668 27.2599
69.5731 27.2655
69.5793 27.2711
69.5855 27.2767
69.5917 27.2823
69.5980 27.2879
69.6042 27.2935
69.6104 27.2991
69.6166 27.3046
69.6228 27.3102
69.6291 27.3158
69.6353 27.3214
69.6415 27.3270
69.6477 27.3326
69.6539 27.3382
69.6602 27.3437
69.6664 27.3493
69.6726 27.3549
69.6788 27.3605
69.6850 27.3661
69.6913 27.3717
69.6975 27.3773
69.7037 27.3828
69.7099 27.3884
69.7161 27.3940
69.7223 27.3996
69.7286 27.4052
69.7348 27.4108
69.7410 27.4163
69.7472 27.4219
69.7534 27.4275
69.7596 27.4331
69.7658 27.4387
69.7720 27.4443
69.7783 27.4498
69.7845 27.4554
69.7907 27.4610
69.7969 27.4666
69.8031 27.4722
69.8093 27.4778
69.8155 27.4833
69.8217 27.4889
69.8279 27.4945
69.8341 27.5001
69.8404 27.5057
69.8466 27.5113
69.8528 27.5168
69.8590 27.5224
69.8652 27.5280
69.8714 27.5336
69.8776 27.5392
69.8838 27.5447
69.8900 27.5503
69.8962 27.5559
69.9024 27.5615
69.9086 27.5671
69.9148 27.5726
69.9210 27.5782
69.9272 27.5838
69.9334 27.5894
69.9396 27.5949
69.9458 27.6005
69.9520 27.6061
69.9582 27.6117
69.9644 27.6173
69.9706 27.6228
69.9768 27.6284
69.9830 27.6340
69.9892 27.6396
69.9954 27.6451
70.0016 27.6507
70.0078 27.6563
70.0140 27.6619
70.0202 27.6674
70.0264 27.6730
70.0326 27.6786
70.0388 27.6842
70.0450 27.6897
70.0512 27.6953
70.0574 27.7009
70.0636 27.7065
70.0698 27.7120
70.0760 27.7176
70.0822 27.7232
70.0884 27.7288
70.0946 27.7343
70.1008 27.7399
70.1070 27.7455
70.1132 27.7511
70.1194 27.7566
70.1256 27.7622
70.1317 27.7678
70.1379 27.7734
70.1441 27.7789
70.1503 27.7845
70.1565 27.7901
70.1627 27.7956
70.1689 27.8012
70.1751 27.8068
70.1813 27.8124
70.1875 27.8179
70.1936 27.8235
70.1998 27.8291
70.2060 27.8346
70.2122 27.8402
70.2184 27.8458
70.2246 27.8514
70.2308 27.8569
70.2370 27.8625
70.2431 27.8681
70.2493 27.8736
70.2555 27.8792
70.2617 27.8848
70.2679 27.8903
70.2741 27.8959
70.2802 27.9015
70.2864 27.9070
70.2926 27.9126
70.2988 27.9182
70.3050 27.9237
70.3112 27.9293
70.3173 27.9349
70.3235 27.9404
70.3297 27.9460
70.3359 27.9516
70.3421 27.9571
70.3482 27.9627
70.3544 27.9683
70.3606 27.9738
70.3668 27.9794
70.3730 27.9850
70.3791 27.9905
70.3853 27.9961
70.3915 28.0017
70.3977 28.0072
70.4038 28.0128
70.4100 28.0184
70.4162 28.0239
70.4224 28.0295
70.4285 28.0350
70.4347 28.0406
70.4409 28.0462
70.4471 28.0517
70.4532 28.0573
70.4594 28.0629
70.4656 28.0684
70.4718 28.0740
70.4779 28.0795
70.4841 28.0851
70.4903 28.0907
70.4964 28.0962
70.5026 28.1018
70.5088 28.1074
70.5150 28.1129
70.5211 28.1185
70.5273 28.1240
70.5335 28.1296
70.5396 28.1352
70.5458 28.1407
70.5520 28.1463
70.5581 28.1518
70.5643 28.1574
70.5705 28.1629
70.5766 28.1685
70.5828 28.1741
70.5890 28.1796
70.5951 28.1852
70.6013 28.1907
70.6075 28.1963
70.6136 28.2019
70.6198 28.2074
70.6260 28.2130
70.6321 28.2185
70.6383 28.2241
70.6444 28.2296
70.6506 28.2352
70.6568 28.2407
70.6629 28.2463
70.6691 28.2519
70.6753 28.2574
70.6814 28.2630
70.6876 28.2685
70.6937 28.2741
70.6999 28.2796
70.7061 28.2852
70.7122 28.2907
70.7184 28.2963
70.7245 28.3018
70.7307 28.3074
70.7369 28.3130
70.7430 28.3185
70.7492 28.3241
70.7553 28.3296
70.7615 28.3352
70.7676 28.3407
70.7738 28.3463
70.7800 28.3518
70.7861 28.3574
70.7923 28.3629
70.7984 28.3685
70.8046 28.3740
70.8107 28.3796
70.8169 28.3851
70.8230 28.3907
70.8292 28.3962
70.8353 28.4018
70.8415 28.4073
70.8476 28.4129
70.8538 28.4184
70.8599 28.4240
70.8661 28.4295
70.8722 28.4351
70.8784 28.4406
70.8845 28.4462
70.8907 28.4517
70.8968 28.4572
70.9030 28.4628
70.9091 28.4683
70.9153 28.4739
70.9214 28.4794
70.9276 28.4850
70.9337 28.4905
70.9399 28.4961
70.9460 28.5016
70.9522 28.5072
70.9583 28.5127
70.9645 28.5182
70.9706 28.5238
70.9768 28.5293
70.9829 28.5349
70.9890 28.5404
70.9952 28.5460
71.0013 28.5515
71.0075 28.5571
71.0136 28.5626
71.0198 28.5681
71.0259 28.5737
71.0320 28.5792
71.0382 28.5848
71.0443 28.5903
71.0505 28.5958
71.0566 28.6014
71.0628 28.6069
71.0689 28.6125
71.0750 28.6180
71.0812 28.6235
71.0873 28.6291
71.0934 28.6346
71.0996 28.6402
71.1057 28.6457
71.1119 28.6512
71.1180 28.6568
71.1241 28.6623
71.1303 28.6679
71.1364 28.6734
71.1425 28.6789
71.1487 28.6845
71.1548 28.6900
71.1610 28.6955
71.1671 28.7011
71.1732 28.7066
71.1794 28.7122
71.1855 28.7177
71.1916 28.7232
71.1978 28.7288
71.2039 28.7343
71.2100 28.7398
71.2162 28.7454
71.2223 28.7509
71.2284 28.7564
71.2345 28.7620
71.2407 28.7675
71.2468 28.7730
71.2529 28.7786
71.2591 28.7841
71.2652 28.7896
71.2713 28.7952
71.2775 28.8007
71.2836 28.8062
71.2897 28.8118
71.2958 28.8173
71.3020 28.8228
71.3081 28.8284
71.3142 28.8339
71.3204 28.8394
71.3265 28.8450
71.3326 28.8505
71.3387 28.8560
71.3449 28.8615
71.3510 28.8671
71.3571 28.8726
71.3632 28.8781
71.3694 28.8837
71.3755 28.8892
71.3816 28.8947
71.3877 28.9002
71.3939 28.9058
71.4000 28.9113
71.4061 28.9168
71.4122 28.9224
71.4183 28.9279
71.4245 28.9334
71.4306 28.9389
71.4367 28.9445
71.4428 28.9500
71.4489 28.9555
71.4551 28.9610
71.4612 28.9666
71.4673 28.9721
71.4734 28.9776
71.4795 28.9831
71.4857 28.9887
71.4918 28.9942
71.4979 28.9997
71.5040 29.0052
71.5101 29.0108
71.5163 29.0163
71.5224 29.0218
71.5285 29.0273
71.5346 29.0328
71.5407 29.0384
71.5468 29.0439
71.5529 29.0494
71.5591 29.0549
71.5652 29.0605
71.5713 29.0660
71.5774 29.0715
71.5835 29.0770
71.5896 29.0825
71.5957 29.0881
71.6019 29.0936
71.6080 29.0991
71.6141 29.1046
71.6202 29.1101
71.6263 29.1157
71.6324 29.1212
71.6385 29.1267
71.6446 29.1322
71.6507 29.1377
71.6569 29.1432
71.6630 29.1488
71.6691 29.1543
71.6752 29.1598
71.6813 29.1653
71.6874 29.1708
71.6935 29.1763
71.6996 29.1819
71.7057 29.1874
71.7118 29.1929
71.7179 29.1984
71.7240 29.2039
71.7302 29.2094
71.7363 29.2149
71.7424 29.2205
71.7485 29.2260
71.7546 29.2315
71.7607 29.2370
71.7668 29.2425
71.7729 29.2480
71.7790 29.2535
71.7851 29.2590
71.7912 29.2646
71.7973 29.2701
71.8034 29.2756
71.8095 29.2811
71.8156 29.2866
71.8217 29.2921
71.8278 29.2976
71.8339 29.3031
71.8400 29.3086
71.8461 29.3141
71.8522 29.3196
71.8583 29.3252
71.8644 29.3307
71.8705 29.3362
71.8766 29.3417
71.8827 29.3472
71.8888 29.3527
71.8949 29.3582
71.9010 29.3637
71.9071 29.3692
71.9132 29.3747
71.9193 29.3802
71.9254 29.3857
71.9315 29.3912
71.9376 29.3967
71.9437 29.4022
71.9498 29.4078
71.9559 29.4133
71.9620 29.4188
71.9681 29.4243
71.9742 29.4298
71.9803 29.4353
71.9864 29.4408
71.9924 29.4463
71.9985 29.4518
72.0046 29.4573
72.0107 29.4628
72.0168 29.4683
72.0229 29.4738
72.0290 29.4793
72.0351 29.4848
72.0412 29.4903
72.0473 29.4958
72.0534 29.5013
72.0595 29.5068
72.0655 29.5123
72.0716 29.5178
72.0777 29.5233
72.0838 29.5288
72.0899 29.5343
72.0960 29.5398
72.1021 29.5453
72.1082 29.5508
72.1143 29.5563
72.1203 29.5618
72.1264 29.5673
72.1325 29.5728
72.1386 29.5783
72.1447 29.5838
72.1508 29.5892
72.1569 29.5947
72.1629 29.6002
72.1690 29.6057
72.1751 29.6112
72.1812 29.6167
72.1873 29.6222
72.1934 29.6277
72.1995 29.6332
72.2055 29.6387
72.2116 29.6442
72.2177 29.6497
72.2238 29.6552
72.2299 29.6607
72.2359 29.6662
72.2420 29.6716
72.2481 29.6771
72.2542 29.6826
72.2603 29.6881
72.2664 29.6936
72.2724 29.6991
72.2785 29.7046
72.2846 29.7101
72.2907 29.7156
72.2967 29.7210
72.3028 29.7265
72.3089 29.7320
72.3150 29.7375
72.3211 29.7430
72.3271 29.7485
72.3332 29.7540
72.3393 29.7595
72.3454 29.7649
72.3514 29.7704
72.3575 29.7759
72.3636 29.7814
72.3697 29.7869
72.3757 29.7924
72.3818 29.7979
72.3879 29.8033
72.3940 29.8088
72.4000 29.8143
72.4061 29.8198
72.4122 29.8253
72.4183 29.8308
72.4243 29.8362
72.4304 29.8417
72.4365 29.8472
72.4426 29.8527
72.4486 29.8582
72.4547 29.8636
72.4608 29.8691
72.4668 29.8746
72.4729 29.8801
72.4790 29.8856
72.4851 29.8910
72.4911 29.8965
72.4972 29.9020
72.5033 29.9075
72.5093 29.9130
72.5154 29.9184
72.5215 29.9239
72.5275 29.9294
72.5336 29.9349
72.5397 29.9403
72.5457 29.9458
72.5518 29.9513
72.5579 29.9568
72.5639 29.9622
72.5700 29.9677
72.5761 29.9732
72.5821 29.9787
72.5882 29.9841
72.5943 29.9896
72.6003 29.9951
72.6064 30.0006
72.6125 30.0060
72.6185 30.0115
72.6246 30.0170
72.6306 30.0225
72.6367 30.0279
72.6428 30.0334
72.6488 30.0389
72.6549 30.0443
72.6610 30.0498
72.6670 30.0553
72.6731 30.0607
72.6791 30.0662
72.6852 30.0717
72.6913 30.0772
72.6973 30.0826
72.7034 30.0881
72.7094 30.0936
72.7155 30.0990
72.7216 30.1045
72.7276 30.1100
72.7337 30.1154
72.7397 30.1209
72.7458 30.1264
72.7519 30.1318
72.7579 30.1373
72.7640 30.1428
72.7700 30.1482
72.7761 30.1537
72.7821 30.1592
72.7882 30.1646
72.7943 30.1701
72.8003 30.1755
72.8064 30.1810
72.8124 30.1865
72.8185 30.1919
72.8245 30.1974
72.8306 30.2029
72.8366 30.2083
72.8427 30.2138
72.8487 30.2192
72.8548 30.2247
72.8608 30.2302
72.8669 30.2356
72.8730 30.2411
72.8790 30.2465
72.8851 30.2520
72.8911 30.2575
72.8972 30.2629
72.9032 30.2684
72.9093 30.2738
72.9153 30.2793
72.9214 30.2847
72.9274 30.2902
72.9335 30.2957
72.9395 30.3011
72.9456 30.3066
72.9516 30.3120
72.9577 30.3175
72.9637 30.3229
72.9698 30.3284
72.9758 30.3339
72.9819 30.3393
72.9879 30.3448
72.9940 30.3502
73.0000 30.3557
73.0060 30.3611
73.0121 30.3666
73.0181 30.3720
73.0242 30.3775
73.0302 30.3829
73.0363 30.3884
73.0423 30.3938
73.0484 30.3993
73.0544 30.4047
73.0605 30.4102
73.0665 30.4156
73.0725 30.4211
73.0786 30.4265
73.0846 30.4320
73.0907 30.4374
73.0967 30.4429
73.1028 30.4483
73.1088 30.4538
73.1148 30.4592
73.1209 30.4647
73.1269 30.4701
73.1330 30.4756
73.1390 30.4810
73.1450 30.4864
73.1511 30.4919
73.1571 30.4973
73.1632 30.5028
73.1692 30.5082
73.1752 30.5137
73.1813 30.5191
73.1873 30.5246
73.1934 30.5300
73.1994 30.5354
73.2054 30.5409
73.2115 30.5463
73.2175 30.5518
73.2236 30.5572
73.2296 30.5626
73.2356 30.5681
73.2417 30.5735
73.2477 30.5790
73.2537 30.5844
73.2598 30.5898
73.2658 30.5953
73.2718 30.6007
73.2779 30.6062
73.2839 30.6116
73.2899 30.6170
73.2960 30.6225
73.3020 30.6279
73.3081 30.6333
73.3141 30.6388
73.3201 30.6442
73.3262 30.6497
73.3322 30.6551
73.3382 30.6605
73.3442 30.6660
73.3503 30.6714
73.3563 30.6768
73.3623 30.6823
73.3684 30.6877
73.3744 30.6931
73.3804 30.6986
73.3865 30.7040
73.3925 30.7094
73.3985 30.7149
73.4046 30.7203
73.4106 30.7257
73.4166 30.7312
73.4226 30.7366
73.4287 30.7420
73.4347 30.7474
73.4407 30.7529
73.4468 30.7583
73.4528 30.7637
73.4588 30.7692
73.4648 30.7746
73.4709 30.7800
73.4769 30.7854
73.4829 30.7909
73.4889 30.7963
73.4950 30.8017
73.5010 30.8071
73.5070 30.8126
73.5130 30.8180
73.5191 30.8234
73.5251 30.8288
73.5311 30.8343
73.5371 30.8397
73.5432 30.8451
73.5492 30.8505
73.5552 30.8560
73.5612 30.8614
73.5673 30.8668
73.5733 30.8722
73.5793 30.8776
73.5853 30.8831
73.5914 30.8885
73.5974 30.8939
73.6034 30.8993
73.6094 30.9047
73.6154 30.9102
73.6215 30.9156
73.6275 30.9210
73.6335 30.9264
73.6395 30.9318
73.6455 30.9373
73.6516 30.9427
73.6576 30.9481
73.6636 30.9535
73.6696 30.9589
73.6756 30.9643
73.6817 30.9697
73.6877 30.9752
73.6937 30.9806
73.6997 30.9860
73.7057 30.9914
73.7117 30.9968
73.7178 31.0022
73.7238 31.0076
73.7298 31.0131
73.7358 31.0185
73.7418 31.0239
73.7478 31.0293
73.7539 31.0347
73.7599 31.0401
73.7659 31.0455
73.7719 31.0509
73.7779 31.0563
73.7839 31.0618
73.7899 31.0672
73.7960 31.0726
73.8020 31.0780
73.8080 31.0834
73.8140 31.0888
73.8200 31.0942
73.8260 31.0996
73.8320 31.1050
73.8380 31.1104
73.8441 31.1158
73.8501 31.1212
73.8561 31.1266
73.8621 31.1320
73.8681 31.1374
73.8741 31.1428
73.8801 31.1482
73.8861 31.1537
73.8921 31.1591
73.8981 31.1645
73.9042 31.1699
73.9102 31.1753
73.9162 31.1807
73.9222 31.1861
73.9282 31.1915
73.9342 31.1969
73.9402 31.2023
73.9462 31.2077
73.9522 31.2131
73.9582 31.2185
73.9642 31.2239
73.9702 31.2293
73.9762 31.2346
73.9822 31.2400
73.9883 31.2454
73.9943 31.2508
74.0003 31.2562
74.0063 31.2616
74.0123 31.2670
74.0183 31.2724
74.0243 31.2778
74.0303 31.2832
74.0363 31.2886
74.0423 31.2940
74.0483 31.2994
74.0543 31.3048
74.0603 31.3102
74.0663 31.3156
74.0723 31.3210
74.0783 31.3263
74.0843 31.3317
74.0903 31.3371
74.0963 31.3425
74.1023 31.3479
74.1083 31.3533
74.1143 31.3587
74.1203 31.3641
74.1263 31.3695
74.1323 31.3749
74.1383 31.3802
74.1443 31.3856
74.1503 31.3910
74.1563 31.3964
74.1623 31.4018
74.1683 31.4072
74.1743 31.4126
74.1803 31.4179
74.1863 31.4233
74.1923 31.4287
74.1983 31.4341
74.2043 31.4395
74.2103 31.4449
74.2163 31.4502
74.2223 31.4556
74.2283 31.4610
74.2343 31.4664
74.2403 31.4718
74.2463 31.4771
74.2523 31.4825
74.2583 31.4879
74.2643 31.4933
74.2703 31.4987
74.2763 31.5040
74.2823 31.5094
74.2882 31.5148
74.2942 31.5202
74.3002 31.5256
74.3062 31.5309
74.3122 31.5363
74.3182 31.5417
74.3242 31.5471
74.3302 31.5524
74.3362 31.5578
74.3422 31.5632
74.3482 31.5686
74.3542 31.5739
74.3602 31.5793
74.3662 31.5847
74.3721 31.5901
74.3781 31.5954
74.3841 31.6008
74.3901 31.6062
74.3961 31.6115
74.4021 31.6169
74.4081 31.6223
74.4141 31.6277
74.4201 31.6330
74.4261 31.6384
74.4320 31.6438
74.4380 31.6491
74.4440 31.6545
74.4500 31.6599
74.4560 31.6652
74.4620 31.6706
74.4680 31.6760
74.4740 31.6813
74.4799 31.6867
74.4859 31.6921
74.4919 31.6974
74.4979 31.7028
74.5039 31.7082
74.5099 31.7135
74.5159 31.7189
74.5219 31.7243
74.5278 31.7296
74.5338 31.7350
74.5398 31.7403
74.5458 31.7457
74.5518 31.7511
74.5578 31.7564
74.5637 31.7618
74.5697 31.7671
74.5757 31.7725
74.5817 31.7779
74.5877 31.7832
74.5937 31.7886
74.5996 31.7939
74.6056 31.7993
74.6116 31.8047
74.6176 31.8100
74.6236 31.8154
74.6296 31.8207
74.6355 31.8261
74.6415 31.8314
74.6475 31.8368
74.6535 31.8421
74.6595 31.8475
74.6654 31.8529
74.6714 31.8582
74.6774 31.8636
74.6834 31.8689
74.6894 31.8743
74.6953 31.8796
74.7013 31.8850
74.7073 31.8903
74.7133 31.8957
74.7193 31.9010
74.7252 31.9064
74.7312 31.9117
74.7372 31.9171
74.7432 31.9224
74.7492 31.9278
74.7551 31.9331
74.7611 31.9385
74.7671 31.9438
74.7731 31.9491
74.7790 31.9545
74.7850 31.9598
74.7910 31.9652
74.7970 31.9705
74.8029 31.9759
74.8089 31.9812
74.8149 31.9866
74.8209 31.9919
74.8268 31.9972
74.8328 32.0026
74.8388 32.0079
74.8448 32.0133
74.8507 32.0186
74.8567 32.0240
74.8627 32.0293
74.8687 32.0346
74.8746 32.0400
74.8806 32.0453
74.8866 32.0507
74.8925 32.0560
74.8985 32.0613
74.9045 32.0667
74.9105 32.0720
74.9164 32.0773
74.9224 32.0827
74.9284 32.0880
74.9343 32.0933
74.9403 32.0987
74.9463 32.1040
74.9523 32.1094
74.9582 32.1147
74.9642 32.1200
74.9702 32.1254
74.9761 32.1307
74.9821 32.1360
74.9881 32.1413
74.9940 32.1467
75.0000 32.1520
75.0060 32.1573
75.0120 32.1627
75.0179 32.1680
75.0239 32.1733
75.0299 32.1787
75.0358 32.1840
75.0418 32.1893
75.0478 32.1946
75.0537 32.2000
75.0597 32.2053
75.0657 32.2106
75.0716 32.2159
75.0776 32.2213
75.0836 32.2266
75.0895 32.2319
75.0955 32.2372
75.1014 32.2426
75.1074 32.2479
75.1134 32.2532
75.1193 32.2585
75.1253 32.2639
75.1313 32.2692
75.1372 32.2745
75.1432 32.2798
75.1492 32.2851
75.1551 32.2905
75.1611 32.2958
75.1670 32.3011
75.1730 32.3064
75.1790 32.3117
75.1849 32.3171
75.1909 32.3224
75.1969 32.3277
75.2028 32.3330
75.2088 32.3383
75.2147 32.3436
75.2207 32.3490
75.2267 32.3543
75.2326 32.3596
75.2386 32.3649
75.2445 32.3702
75.2505 32.3755
75.2565 32.3808
75.2624 32.3861
75.2684 32.3915
75.2743 32.3968
75.2803 32.4021
75.2863 32.4074
75.2922 32.4127
75.2982 32.4180
75.3041 32.4233
75.3101 32.4286
75.3160 32.4339
75.3220 32.4392
75.3280 32.4445
75.3339 32.4499
75.3399 32.4552
75.3458 32.4605
75.3518 32.4658
75.3577 32.4711
75.3637 32.4764
75.3697 32.4817
75.3756 32.4870
75.3816 32.4923
75.3875 32.4976
75.3935 32.5029
75.3994 32.5082
75.4054 32.5135
75.4113 32.5188
75.4173 32.5241
75.4232 32.5294
75.4292 32.5347
75.4352 32.5400
75.4411 32.5453
75.4471 32.5506
75.4530 32.5559
75.4590 32.5612
75.4649 32.5665
75.4709 32.5718
75.4768 32.5771
75.4828 32.5824
75.4887 32.5877
75.4947 32.5930
75.5006 32.5983
75.5066 32.6036
75.5125 32.6089
75.5185 32.6142
75.5244 32.6194
75.5304 32.6247
75.5363 32.6300
75.5423 32.6353
75.5482 32.6406
75.5542 32.6459
75.5601 32.6512
75.5661 32.6565
75.5720 32.6618
75.5780 32.6671
75.5839 32.6724
75.5899 32.6776
75.5958 32.6829
75.6018 32.6882
75.6077 32.6935
75.6137 32.6988
75.6196 32.7041
75.6256 32.7094
75.6315 32.7146
75.6375 32.7199
75.6434 32.7252
75.6494 32.7305
75.6553 32.7358
75.6613 32.7411
75.6672 32.7463
75.6732 32.7516
75.6791 32.7569
75.6850 32.7622
75.6910 32.7675
75.6969 32.7728
75.7029 32.7780
75.7088 32.7833
75.7148 32.7886
75.7207 32.7939
75.7267 32.7991
75.7326 32.8044
75.7385 32.8097
75.7445 32.8150
75.7504 32.8203
75.7564 32.8255
75.7623 32.8308
75.7683 32.8361
75.7742 32.8414
75.7802 32.8466
75.7861 32.8519
75.7920 32.8572
75.7980 32.8625
75.8039 32.8677
75.8099 32.8730
75.8158 32.8783
75.8217 32.8835
75.8277 32.8888
75.8336 32.8941
75.8396 32.8993
75.8455 32.9046
75.8515 32.9099
75.8574 32.9152
75.8633 32.9204
75.8693 32.9257
75.8752 32.9310
75.8812 32.9362
75.8871 32.9415
75.8930 32.9468
75.8990 32.9520
75.9049 32.9573
75.9108 32.9625
75.9168 32.9678
75.9227 32.9731
75.9287 32.9783
75.9346 32.9836
75.9405 32.9889
75.9465 32.9941
75.9524 32.9994
75.9584 33.0046
75.9643 33.0099
75.9702 33.0152
75.9762 33.0204
75.9821 33.0257
75.9880 33.0309
75.9940 33.0362
75.9999 33.0415
76.0058 33.0467
76.0118 33.0520
76.0177 33.0572
76.0237 33.0625
76.0296 33.0677
76.0355 33.0730
76.0415 33.0782
76.0474 33.0835
76.0533 33.0887
76.0593 33.0940
76.0652 33.0992
76.0711 33.1045
76.0771 33.1098
76.0830 33.1150
76.0889 33.1203
76.0949 33.1255
76.1008 33.1307
76.1067 33.1360
76.1127 33.1412
76.1186 33.1465
76.1245 33.1517
76.1305 33.1570
76.1364 33.1622
76.1423 33.1675
76.1483 33.1727
76.1542 33.1780
76.1601 33.1832
76.1660 33.1885
76.1720 33.1937
76.1779 33.1989
76.1838 33.2042
76.1898 33.2094
76.1957 33.2147
76.2016 33.2199
76.2076 33.2252
76.2135 33.2304
76.2194 33.2356
76.2254 33.2409
76.2313 33.2461
76.2372 33.2514
76.2431 33.2566
76.2491 33.2618
76.2550 33.2671
76.2609 33.2723
76.2669 33.2775
76.2728 33.2828
76.2787 33.2880
76.2846 33.2932
76.2906 33.2985
76.2965 33.3037
76.3024 33.3089
76.3083 33.3142
76.3143 33.3194
76.3202 33.3246
76.3261 33.3299
76.3321 33.3351
76.3380 33.3403
76.3439 33.3456
76.3498 33.3508
76.3558 33.3560
76.3617 33.3612
76.3676 33.3665
76.3735 33.3717
76.3795 33.3769
76.3854 33.3822
76.3913 33.3874
76.3972 33.3926
76.4032 33.3978
76.4091 33.4031
76.4150 33.4083
76.4209 33.4135
76.4268 33.4187
76.4328 33.4239
76.4387 33.4292
76.4446 33.4344
76.4505 33.4396
76.4565 33.4448
76.4624 33.4500
76.4683 33.4553
76.4742 33.4605
76.4801 33.4657
76.4861 33.4709
76.4920 33.4761
76.4979 33.4814
76.5038 33.4866
76.5098 33.4918
76.5157 33.4970
76.5216 33.5022
76.5275 33.5074
76.5334 33.5126
76.5394 33.5179
76.5453 33.5231
76.5512 33.5283
76.5571 33.5335
76.5630 33.5387
76.5690 33.5439
76.5749 33.5491
76.5808 33.5543
76.5867 33.5595
76.5926 33.5648
76.5985 33.5700
76.6045 33.5752
76.6104 33.5804
76.6163 33.5856
76.6222 33.5908
76.6281 33.5960
76.6341 33.6012
76.6400 33.6064
76.6459 33.6116
76.6518 33.6168
76.6577 33.6220
76.6636 33.6272
76.6696 33.6324
76.6755 33.6376
76.6814 33.6428
76.6873 33.6480
76.6932 33.6532
76.6991 33.6584
76.7051 33.6636
76.7110 33.6688
76.7169 33.6740
76.7228 33.6792
76.7287 33.6844
76.7346 33.6896
76.7405 33.6948
76.7465 33.7000
76.7524 33.7052
76.7583 33.7104
76.7642 33.7156
76.7701 33.7208
76.7760 33.7260
76.7819 33.7312
76.7879 33.7364
76.7938 33.7416
76.7997 33.7468
76.8056 33.7519
76.8115 33.7571
76.8174 33.7623
76.8233 33.7675
76.8292 33.7727
76.8352 33.7779
76.8411 33.7831
76.8470 33.7883
76.8529 33.7935
76.8588 33.7986
76.8647 33.8038
76.8706 33.8090
76.8765 33.8142
76.8824 33.8194
76.8884 33.8246
76.8943 33.8298
76.9002 33.8349
76.9061 33.8401
76.9120 33.8453
76.9179 33.8505
76.9238 33.8557
76.9297 33.8608
76.9356 33.8660
76.9415 33.8712
76.9475 33.8764
76.9534 33.8816
76.9593 33.8867
76.9652 33.8919
76.9711 33.8971
76.9770 33.9023
76.9829 33.9074
76.9888 33.9126
76.9947 33.9178
77.0006 33.9230
77.0065 33.9281
77.0124 33.9333
77.0184 33.9385
77.0243 33.9437
77.0302 33.9488
77.0361 33.9540
77.0420 33.9592
77.0479 33.9644
77.0538 33.9695
77.0597 33.9747
77.0656 33.9799
77.0715 33.9850
77.0774 33.9902
77.0833 33.9954
77.0892 34.0005
77.0951 34.0057
77.1010 34.0109
77.1069 34.0160
77.1129 34.0212
77.1188 34.0264
77.1247 34.0315
77.1306 34.0367
77.1365 34.0418
77.1424 34.0470
77.1483 34.0522
77.1542 34.0573
77.1601 34.0625
77.1660 34.0677
77.1719 34.0728
77.1778 34.0780
77.1837 34.0831
77.1896 34.0883
77.1955 34.0934
77.2014 34.0986
77.2073 34.1038
77.2132 34.1089
77.2191 34.1141
77.2250 34.1192
77.2309 34.1244
77.2368 34.1295
77.2427 34.1347
77.2486 34.1398
77.2545 34.1450
77.2604 34.1501
77.2663 34.1553
77.2722 34.1604
77.2781 34.1656
77.2840 34.1707
77.2899 34.1759
77.2958 34.1810
77.3017 34.1862
77.3076 34.1913
77.3135 34.1965
77.3194 34.2016
77.3253 34.2068
77.3312 34.2119
77.3371 34.2171
77.3430 34.2222
77.3489 34.2274
77.3548 34.2325
77.3607 34.2376
77.3666 34.2428
77.3725 34.2479
77.3784 34.2531
77.3843 34.2582
77.3902 34.2633
77.3961 34.2685
77.4020 34.2736
77.4079 34.2788
77.4138 34.2839
77.4197 34.2890
77.4256 34.2942
77.4315 34.2993
77.4374 34.3044
77.4433 34.3096
77.4492 34.3147
77.4551 34.3199
77.4610 34.3250
77.4669 34.3301
77.4728 34.3353
77.4787 34.3404
77.4846 34.3455
77.4905 34.3506
77.4964 34.3558
77.5023 34.3609
77.5082 34.3660
77.5140 34.3712
77.5199 34.3763
77.5258 34.3814
77.5317 34.3865
77.5376 34.3917
77.5435 34.3968
77.5494 34.4019
77.5553 34.4071
77.5612 34.4122
77.5671 34.4173
77.5730 34.4224
77.5789 34.4275
77.5848 34.4327
77.5907 34.4378
77.5966 34.4429
77.6025 34.4480
77.6083 34.4532
77.6142 34.4583
77.6201 34.4634
77.6260 34.4685
77.6319 34.4736
77.6378 34.4787
77.6437 34.4839
77.6496 34.4890
77.6555 34.4941
77.6614 34.4992
77.6673 34.5043
77.6732 34.5094
77.6791 34.5146
77.6849 34.5197
77.6908 34.5248
77.6967 34.5299
77.7026 34.5350
77.7085 34.5401
77.7144 34.5452
77.7203 34.5503
77.7262 34.5554
77.7321 34.5605
77.7380 34.5657
77.7438 34.5708
77.7497 34.5759
77.7556 34.5810
77.7615 34.5861
77.7674 34.5912
77.7733 34.5963
77.7792 34.6014
77.7851 34.6065
77.7910 34.6116
77.7968 34.6167
77.8027 34.6218
77.8086 34.6269
77.8145 34.6320
77.8204 34.6371
77.8263 34.6422
77.8322 34.6473
77.8381 34.6524
77.8439 34.6575
77.8498 34.6626
77.8557 34.6677
77.8616 34.6728
77.8675 34.6779
77.8734 34.6830
77.8793 34.6881
77.8851 34.6932
77.8910 34.6983
77.8969 34.7034
77.9028 34.7085
77.9087 34.7135
77.9146 34.7186
77.9205 34.7237
77.9263 34.7288
77.9322 34.7339
77.9381 34.7390
77.9440 34.7441
77.9499 34.7492
77.9558 34.7543
77.9617 34.7593
77.9675 34.7644
77.9734 34.7695
77.9793 34.7746
77.9852 34.7797
77.9911 34.7848
77.9970 34.7899
78.0028 34.7949
78.0087 34.8000
78.0146 34.8051
78.0205 34.8102
78.0264 34.8153
78.0323 34.8203
78.0381 34.8254
78.0440 34.8305
78.0499 34.8356
78.0558 34.8407
78.0617 34.8457
78.0676 34.8508
78.0734 34.8559
78.0793 34.8610
78.0852 34.8660
78.0911 34.8711
78.0970 34.8762
78.1028 34.8813
78.1087 34.8863
78.1146 34.8914
78.1205 34.8965
78.1264 34.9015
78.1322 34.9066
78.1381 34.9117
78.1440 34.9168
78.1499 34.9218
78.1558 34.9269
78.1617 34.9320
78.1675 34.9370
78.1734 34.9421
78.1793 34.9472
78.1852 34.9522
78.1910 34.9573
78.1969 34.9624
78.2028 34.9674
78.2087 34.9725
78.2146 34.9775
78.2204 34.9826
78.2263 34.9877
78.2322 34.9927
78.2381 34.9978
78.2440 35.0028
78.2498 35.0079
78.2557 35.0130
78.2616 35.0180
78.2675 35.0231
78.2734 35.0281
78.2792 35.0332
78.2851 35.0382
78.2910 35.0433
78.2969 35.0484
78.3027 35.0534
78.3086 35.0585
78.3145 35.0635
78.3204 35.0686
78.3262 35.0736
78.3321 35.0787
78.3380 35.0837
78.3439 35.0888
78.3498 35.0938
78.3556 35.0989
78.3615 35.1039
78.3674 35.1090
78.3733 35.1140
78.3791 35.1191
78.3850 35.1241
78.3909 35.1292
78.3968 35.1342
78.4026 35.1392
78.4085 35.1443
78.4144 35.1493
78.4203 35.1544
78.4261 35.1594
78.4320 35.1645
78.4379 35.1695
78.4438 35.1745
78.4496 35.1796
78.4555 35.1846
78.4614 35.1896
78.4673 35.1947
78.4731 35.1997
78.4790 35.2048
78.4849 35.2098
78.4908 35.2148
78.4966 35.2199
78.5025 35.2249
78.5084 35.2299
78.5142 35.2350
78.5201 35.2400
78.5260 35.2450
78.5319 35.2501
78.5377 35.2551
78.5436 35.2601
78.5495 35.2652
78.5554 35.2702
78.5612 35.2752
78.5671 35.2802
78.5730 35.2853
78.5788 35.2903
78.5847 35.2953
78.5906 35.3003
78.5965 35.3054
78.6023 35.3104
78.6082 35.3154
78.6141 35.3204
78.6199 35.3255
78.6258 35.3305
78.6317 35.3355
78.6376 35.3405
78.6434 35.3455
78.6493 35.3506
78.6552 35.3556
78.6610 35.3606
78.6669 35.3656
78.6728 35.3706
78.6786 35.3757
78.6845 35.3807
78.6904 35.3857
78.6963 35.3907
78.7021 35.3957
78.7080 35.4007
78.7139 35.4057
78.7197 35.4108
78.7256 35.4158
78.7315 35.4208
78.7373 35.4258
78.7432 35.4308
78.7491 35.4358
78.7549 35.4408
78.7608 35.4458
78.7667 35.4508
78.7726 35.4558
78.7784 35.4608
78.7843 35.4658
78.7902 35.4709
78.7960 35.4759
78.8019 35.4809
78.8078 35.4859
78.8136 35.4909
78.8195 35.4959
78.8254 35.5009
78.8312 35.5059
78.8371 35.5109
78.8430 35.5159
78.8488 35.5209
78.8547 35.5259
78.8606 35.5309
78.8664 35.5359
78.8723 35.5409
78.8782 35.5459
78.8840 35.5509
78.8899 35.5558
78.8958 35.5608
78.9016 35.5658
78.9075 35.5708
78.9133 35.5758
78.9192 35.5808
78.9251 35.5858
78.9309 35.5908
78.9368 35.5958
78.9427 35.6008
78.9485 35.6058
78.9544 35.6107
78.9603 35.6157
78.9661 35.6207
78.9720 35.6257
78.9779 35.6307
78.9837 35.6357
78.9896 35.6407
78.9955 35.6456
79.0013 35.6506
79.0072 35.6556
79.0130 35.6606
79.0189 35.6656
79.0248 35.6706
79.0306 35.6755
79.0365 35.6805
79.0424 35.6855
79.0482 35.6905
79.0541 35.6954
79.0599 35.7004
79.0658 35.7054
79.0717 35.7104
79.0775 35.7154
79.0834 35.7203
79.0893 35.7253
79.0951 35.7303
79.1010 35.7352
79.1068 35.7402
79.1127 35.7452
79.1186 35.7502
79.1244 35.7551
79.1303 35.7601
79.1361 35.7651
79.1420 35.7700
79.1479 35.7750
79.1537 35.7800
79.1596 35.7849
79.1655 35.7899
79.1713 35.7949
79.1772 35.7998
79.1830 35.8048
79.1889 35.8098
79.1948 35.8147
79.2006 35.8197
79.2065 35.8246
79.2123 35.8296
79.2182 35.8346
79.2241 35.8395
79.2299 35.8445
79.2358 35.8494
79.2416 35.8544
79.2475 35.8594
79.2533 35.8643
79.2592 35.8693
79.2651 35.8742
79.2709 35.8792
79.2768 35.8841
79.2826 35.8891
79.2885 35.8940
79.2944 35.8990
79.3002 35.9039
79.3061 35.9089
79.3119 35.9138
79.3178 35.9188
79.3236 35.9237
79.3295 35.9287
79.3354 35.9336
79.3412 35.9386
79.3471 35.9435
79.3529 35.9485
79.3588 35.9534
79.3646 35.9584
79.3705 35.9633
79.3764 35.9682
79.3822 35.9732
79.3881 35.9781
79.3939 35.9831
79.3998 35.9880
79.4056 35.9930
79.4115 35.9979
79.4174 36.0028
79.4232 36.0078
79.4291 36.0127
79.4349 36.0176
79.4408 36.0226
79.4466 36.0275
79.4525 36.0324
79.4584 36.0374
79.4642 36.0423
79.4701 36.0472
79.4759 36.0522
79.4818 36.0571
79.4876 36.0620
79.4935 36.0670
79.4993 36.0719
79.5052 36.0768
79.5110 36.0818
79.5169 36.0867
79.5228 36.0916
79.5286 36.0965
79.5345 36.1015
79.5403 36.1064
79.5462 36.1113
79.5520 36.1162
79.5579 36.1212
79.5637 36.1261
79.5696 36.1310
79.5754 36.1359
79.5813 36.1409
79.5872 36.1458
79.5930 36.1507
79.5989 36.1556
79.6047 36.1605
79.6106 36.1655
79.6164 36.1704
79.6223 36.1753
79.6281 36.1802
79.6340 36.1851
79.6398 36.1900
79.6457 36.1949
79.6515 36.1999
79.6574 36.2048
79.6632 36.2097
79.6691 36.2146
79.6749 36.2195
79.6808 36.2244
79.6867 36.2293
79.6925 36.2342
79.6984 36.2391
79.7042 36.2440
79.7101 36.2490
79.7159 36.2539
79.7218 36.2588
79.7276 36.2637
79.7335 36.2686
79.7393 36.2735
79.7452 36.2784
79.7510 36.2833
79.7569 36.2882
79.7627 36.2931
79.7686 36.2980
79.7744 36.3029
79.7803 36.3078
79.7861 36.3127
79.7920 36.3176
79.7978 36.3225
79.8037 36.3274
79.8095 36.3323
79.8154 36.3372
79.8212 36.3421
79.8271 36.3470
79.8329 36.3518
79.8388 36.3567
79.8446 36.3616
79.8505 36.3665
79.8563 36.3714
79.8622 36.3763
79.8680 36.3812
79.8739 36.3861
79.8797 36.3910
79.8856 36.3959
79.8914 36.4007
79.8973 36.4056
79.9031 36.4105
79.9090 36.4154
79.9148 36.4203
79.9207 36.4252
79.9265 36.4301
79.9324 36.4349
79.9382 36.4398
79.9441 36.4447
79.9499 36.4496
79.9558 36.4545
79.9616 36.4593
79.9675 36.4642
79.9733 36.4691
79.9792 36.4740
79.9850 36.4788
79.9908 36.4837
79.9967 36.4886
80.0025 36.4935
80.0084 36.4983
80.0142 36.5032
80.0201 36.5081
80.0259 36.5130
80.0318 36.5178
80.0376 36.5227
80.0435 36.5276
80.0493 36.5324
80.0552 36.5373
80.0610 36.5422
80.0669 36.5470
80.0727 36.5519
80.0786 36.5568
80.0844 36.5616
80.0902 36.5665
80.0961 36.5714
80.1019 36.5762
80.1078 36.5811
80.1136 36.5859
80.1195 36.5908
80.1253 36.5957
80.1312 36.6005
80.1370 36.6054
80.1429 36.6102
80.1487 36.6151
80.1545 36.6200
80.1604 36.6248
80.1662 36.6297
80.1721 36.6345
80.1779 36.6394
80.1838 36.6442
80.1896 36.6491
80.1955 36.6539
80.2013 36.6588
80.2071 36.6636
80.2130 36.6685
80.2188 36.6733
80.2247 36.6782
80.2305 36.6830
80.2364 36.6879
80.2422 36.6927
80.2481 36.6976
80.2539 36.7024
80.2597 36.7073
80.2656 36.7121
80.2714 36.7169
80.2773 36.7218
80.2831 36.7266
80.2890 36.7315
80.2948 36.7363
80.3006 36.7412
80.3065 36.7460
80.3123 36.7508
80.3182 36.7557
80.3240 36.7605
80.3299 36.7653
80.3357 36.7702
80.3415 36.7750
80.3474 36.7798
80.3532 36.7847
80.3591 36.7895
80.3649 36.7943
80.3708 36.7992
80.3766 36.8040
80.3824 36.8088
80.3883 36.8137
80.3941 36.8185
80.4000 36.8233
80.4058 36.8282
80.4116 36.8330
80.4175 36.8378
80.4233 36.8426
80.4292 36.8475
80.4350 36.8523
80.4409 36.8571
80.4467 36.8619
80.4525 36.8667
80.4584 36.8716
80.4642 36.8764
80.4701 36.8812
80.4759 36.8860
80.4817 36.8908
80.4876 36.8957
80.4934 36.9005
80.4993 36.9053
80.5051 36.9101
80.5109 36.9149
80.5168 36.9197
80.5226 36.9246
80.5285 36.9294
80.5343 36.9342
80.5401 36.9390
80.5460 36.9438
80.5518 36.9486
80.5577 36.9534
80.5635 36.9582
80.5693 36.9630
80.5752 36.9678
80.5810 36.9726
80.5869 36.9775
80.5927 36.9823
80.5985 36.9871
80.6044 36.9919
80.6102 36.9967
80.6160 37.0015
80.6219 37.0063
80.6277 37.0111
80.6336 37.0159
80.6394 37.0207
80.6452 37.0255
80.6511 37.0303
80.6569 37.0351
80.6628 37.0399
80.6686 37.0447
80.6744 37.0495
80.6803 37.0543
80.6861 37.0591
80.6919 37.0638
80.6978 37.0686
80.7036 37.0734
80.7095 37.0782
80.7153 37.0830
80.7211 37.0878
80.7270 37.0926
80.7328 37.0974
80.7387 37.1022
80.7445 37.1070
80.7503 37.1117
80.7562 37.1165
80.7620 37.1213
80.7678 37.1261
80.7737 37.1309
80.7795 37.1357
80.7853 37.1404
80.7912 37.1452
80.7970 37.1500
80.8029 37.1548
80.8087 37.1596
80.8145 37.1643
80.8204 37.1691
80.8262 37.1739
80.8320 37.1787
80.8379 37.1835
80.8437 37.1882
80.8496 37.1930
80.8554 37.1978
80.8612 37.2026
80.8671 37.2073
80.8729 37.2121
80.8787 37.2169
80.8846 37.2216
80.8904 37.2264
80.8962 37.2312
80.9021 37.2359
80.9079 37.2407
80.9137 37.2455
80.9196 37.2502
80.9254 37.2550
80.9313 37.2598
80.9371 37.2645
80.9429 37.2693
80.9488 37.2741
80.9546 37.2788
80.9604 37.2836
80.9663 37.2884
80.9721 37.2931
80.9779 37.2979
80.9838 37.3026
80.9896 37.3074
80.9954 37.3121
81.0013 37.3169
81.0071 37.3217
81.0129 37.3264
81.0188 37.3312
81.0246 37.3359
81.0304 37.3407
81.0363 37.3454
81.0421 37.3502
81.0479 37.3549
81.0538 37.3597
81.0596 37.3644
81.0655 37.3692
81.0713 37.3739
81.0771 37.3787
81.0830 37.3834
81.0888 37.3882
81.0946 37.3929
81.1005 37.3977
81.1063 37.4024
81.1121 37.4071
81.1180 37.4119
81.1238 37.4166
81.1296 37.4214
81.1355 37.4261
81.1413 37.4308
81.1471 37.4356
81.1530 37.4403
81.1588 37.4451
81.1646 37.4498
81.1705 37.4545
81.1763 37.4593
81.1821 37.4640
81.1879 37.4687
81.1938 37.4735
81.1996 37.4782
81.2054 37.4829
81.2113 37.4877
81.2171 37.4924
81.2229 37.4971
81.2288 37.5018
81.2346 37.5066
81.2404 37.5113
81.2463 37.5160
81.2521 37.5208
81.2579 37.5255
81.2638 37.5302
81.2696 37.5349
81.2754 37.5396
81.2813 37.5444
81.2871 37.5491
81.2929 37.5538
81.2988 37.5585
81.3046 37.5632
81.3104 37.5680
81.3162 37.5727
81.3221 37.5774
81.3279 37.5821
81.3337 37.5868
81.3396 37.5915
81.3454 37.5963
81.3512 37.6010
81.3571 37.6057
81.3629 37.6104
81.3687 37.6151
81.3746 37.6198
81.3804 37.6245
81.3862 37.6292
81.3920 37.6339
81.3979 37.6386
81.4037 37.6434
81.4095 37.6481
81.4154 37.6528
81.4212 37.6575
81.4270 37.6622
81.4329 37.6669
81.4387 37.6716
81.4445 37.6763
81.4504 37.6810
81.4562 37.6857
81.4620 37.6904
81.4678 37.6951
81.4737 37.6998
81.4795 37.7045
81.4853 37.7092
81.4912 37.7139
81.4970 37.7186
81.5028 37.7233
81.5086 37.7279
81.5145 37.7326
81.5203 37.7373
81.5261 37.7420
81.5320 37.7467
81.5378 37.7514
81.5436 37.7561
81.5494 37.7608
81.5553 37.7655
81.5611 37.7701
81.5669 37.7748
81.5728 37.7795
81.5786 37.7842
81.5844 37.7889
81.5902 37.7936
81.5961 37.7983
81.6019 37.8029
81.6077 37.8076
81.6136 37.8123
81.6194 37.8170
81.6252 37.8217
81.6310 37.8263
81.6369 37.8310
81.6427 37.8357
81.6485 37.8404
81.6544 37.8450
81.6602 37.8497
81.6660 37.8544
81.6718 37.8590
81.6777 37.8637
81.6835 37.8684
81.6893 37.8731
81.6951 37.8777
81.7010 37.8824
81.7068 37.8871
81.7126 37.8917
81.7185 37.8964
81.7243 37.9011
81.7301 37.9057
81.7359 37.9104
81.7418 37.9151
81.7476 37.9197
81.7534 37.9244
81.7592 37.9290
81.7651 37.9337
81.7709 37.9384
81.7767 37.9430
81.7825 37.9477
81.7884 37.9523
81.7942 37.9570
81.8000 37.9616
81.8058 37.9663
81.8117 37.9710
81.8175 37.9756
81.8233 37.9803
81.8292 37.9849
81.8350 37.9896
81.8408 37.9942
81.8466 37.9989
81.8525 38.0035
81.8583 38.0082
81.8641 38.0128
81.8699 38.0175
81.8758 38.0221
81.8816 38.0267
81.8874 38.0314
81.8932 38.0360
81.8991 38.0407
81.9049 38.0453
81.9107 38.0500
81.9165 38.0546
81.9224 38.0592
81.9282 38.0639
81.9340 38.0685
81.9398 38.0732
81.9457 38.0778
81.9515 38.0824
81.9573 38.0871
81.9631 38.0917
81.9690 38.0963
81.9748 38.1010
81.9806 38.1056
81.9864 38.1102
81.9923 38.1149
81.9981 38.1195
82.0039 38.1241
82.0097 38.1287
82.0156 38.1334
82.0214 38.1380
82.0272 38.1426
82.0330 38.1473
82.0389 38.1519
82.0447 38.1565
82.0505 38.1611
82.0563 38.1658
82.0622 38.1704
82.0680 38.1750
82.0738 38.1796
82.0796 38.1842
82.0855 38.1889
82.0913 38.1935
82.0971 38.1981
82.1029 38.2027
82.1088 38.2073
82.1146 38.2119
82.1204 38.2165
82.1262 38.2212
82.1321 38.2258
82.1379 38.2304
82.1437 38.2350
82.1495 38.2396
82.1553 38.2442
82.1612 38.2488
82.1670 38.2534
82.1728 38.2580
82.1786 38.2626
82.1845 38.2673
82.1903 38.2719
82.1961 38.2765
82.2019 38.2811
82.2078 38.2857
82.2136 38.2903
82.2194 38.2949
82.2252 38.2995
82.2311 38.3041
82.2369 38.3087
82.2427 38.3133
82.2485 38.3179
82.2543 38.3225
82.2602 38.3271
82.2660 38.3317
82.2718 38.3362
82.2776 38.3408
82.2835 38.3454
82.2893 38.3500
82.2951 38.3546
82.3009 38.3592
82.3067 38.3638
82.3126 38.3684
82.3184 38.3730
82.3242 38.3776
82.3300 38.3821
82.3359 38.3867
82.3417 38.3913
82.3475 38.3959
82.3533 38.4005
82.3592 38.4051
82.3650 38.4096
82.3708 38.4142
82.3766 38.4188
82.3824 38.4234
82.3883 38.4280
82.3941 38.4325
82.3999 38.4371
82.4057 38.4417
82.4115 38.4463
82.4174 38.4508
82.4232 38.4554
82.4290 38.4600
82.4348 38.4646
82.4407 38.4691
82.4465 38.4737
82.4523 38.4783
82.4581 38.4828
82.4639 38.4874
82.4698 38.4920
82.4756 38.4965
82.4814 38.5011
82.4872 38.5057
82.4931 38.5102
82.4989 38.5148
82.5047 38.5194
82.5105 38.5239
82.5163 38.5285
82.5222 38.5331
82.5280 38.5376
82.5338 38.5422
82.5396 38.5467
82.5454 38.5513
82.5513 38.5558
82.5571 38.5604
82.5629 38.5650
82.5687 38.5695
82.5745 38.5741
82.5804 38.5786
82.5862 38.5832
82.5920 38.5877
82.5978 38.5923
82.6036 38.5968
82.6095 38.6014
82.6153 38.6059
82.6211 38.6105
82.6269 38.6150
82.6327 38.6196
82.6386 38.6241
82.6444 38.6286
82.6502 38.6332
82.6560 38.6377
82.6618 38.6423
82.6677 38.6468
82.6735 38.6514
82.6793 38.6559
82.6851 38.6604
82.6909 38.6650
82.6968 38.6695
82.7026 38.6740
82.7084 38.6786
82.7142 38.6831
82.7200 38.6876
82.7259 38.6922
82.7317 38.6967
82.7375 38.7012
82.7433 38.7058
82.7491 38.7103
82.7550 38.7148
82.7608 38.7194
82.7666 38.7239
82.7724 38.7284
82.7782 38.7329
82.7841 38.7375
82.7899 38.7420
82.7957 38.7465
82.8015 38.7510
82.8073 38.7555
82.8132 38.7601
82.8190 38.7646
82.8248 38.7691
82.8306 38.7736
82.8364 38.7781
82.8423 38.7827
82.8481 38.7872
82.8539 38.7917
82.8597 38.7962
82.8655 38.8007
82.8713 38.8052
82.8772 38.8097
82.8830 38.8142
82.8888 38.8188
82.8946 38.8233
82.9004 38.8278
82.9063 38.8323
82.9121 38.8368
82.9179 38.8413
82.9237 38.8458
82.9295 38.8503
82.9353 38.8548
82.9412 38.8593
82.9470 38.8638
82.9528 38.8683
82.9586 38.8728
82.9644 38.8773
82.9703 38.8818
82.9761 38.8863
82.9819 38.8908
82.9877 38.8953
82.9935 38.8998
82.9993 38.9043
83.0052 38.9088
83.0110 38.9133
83.0168 38.9178
83.0226 38.9223
83.0284 38.9268
83.0342 38.9312
83.0401 38.9357
83.0459 38.9402
83.0517 38.9447
83.0575 38.9492
83.0633 38.9537
83.0692 38.9582
83.0750 38.9627
83.0808 38.9671
83.0866 38.9716
83.0924 38.9761
83.0982 38.9806
83.1041 38.9851
83.1099 38.9895
83.1157 38.9940
83.1215 38.9985
83.1273 39.0030
83.1331 39.0074
83.1390 39.0119
83.1448 39.0164
83.1506 39.0209
83.1564 39.0253
83.1622 39.0298
83.1680 39.0343
83.1739 39.0388
83.1797 39.0432
83.1855 39.0477
83.1913 39.0522
83.1971 39.0566
83.2029 39.0611
83.2088 39.0656
83.2146 39.0700
83.2204 39.0745
83.2262 39.0790
83.2320 39.0834
83.2378 39.0879
83.2437 39.0923
83.2495 39.0968
83.2553 39.1013
83.2611 39.1057
83.2669 39.1102
83.2727 39.1146
83.2786 39.1191
83.2844 39.1235
83.2902 39.1280
83.2960 39.1324
83.3018 39.1369
83.3076 39.1414
83.3135 39.1458
83.3193 39.1503
83.3251 39.1547
83.3309 39.1592
83.3367 39.1636
83.3425 39.1680
83.3484 39.1725
83.3542 39.1769
83.3600 39.1814
83.3658 39.1858
83.3716 39.1903
83.3774 39.1947
83.3833 39.1991
83.3891 39.2036
83.3949 39.2080
83.4007 39.2125
83.4065 39.2169
83.4123 39.2213
83.4182 39.2258
83.4240 39.2302
83.4298 39.2346
83.4356 39.2391
83.4414 39.2435
83.4472 39.2479
83.4531 39.2524
83.4589 39.2568
83.4647 39.2612
83.4705 39.2657
83.4763 39.2701
83.4821 39.2745
83.4880 39.2789
83.4938 39.2834
83.4996 39.2878
83.5054 39.2922
83.5112 39.2966
83.5170 39.3011
83.5228 39.3055
83.5287 39.3099
83.5345 39.3143
83.5403 39.3187
83.5461 39.3232
83.5519 39.3276
83.5577 39.3320
83.5636 39.3364
83.5694 39.3408
83.5752 39.3452
83.5810 39.3496
83.5868 39.3541
83.5926 39.3585
83.5984 39.3629
83.6043 39.3673
83.6101 39.3717
83.6159 39.3761
83.6217 39.3805
83.6275 39.3849
83.6333 39.3893
83.6392 39.3937
83.6450 39.3981
83.6508 39.4025
83.6566 39.4069
83.6624 39.4113
83.6682 39.4157
83.6740 39.4201
83.6799 39.4245
83.6857 39.4289
83.6915 39.4333
83.6973 39.4377
83.7031 39.4421
83.7089 39.4465
83.7148 39.4509
83.7206 39.4553
83.7264 39.4597
83.7322 39.4641
83.7380 39.4685
83.7438 39.4729
83.7496 39.4772
83.7555 39.4816
83.7613 39.4860
83.7671 39.4904
83.7729 39.4948
83.7787 39.4992
83.7845 39.5036
83.7903 39.5079
83.7962 39.5123
83.8020 39.5167
83.8078 39.5211
83.8136 39.5255
83.8194 39.5298
83.8252 39.5342
83.8310 39.5386
83.8369 39.5430
83.8427 39.5473
83.8485 39.5517
83.8543 39.5561
83.8601 39.5605
83.8659 39.5648
83.8717 39.5692
83.8776 39.5736
83.8834 39.5779
83.8892 39.5823
83.8950 39.5867
83.9008 39.5910
83.9066 39.5954
83.9124 39.5998
83.9183 39.6041
83.9241 39.6085
83.9299 39.6129
83.9357 39.6172
83.9415 39.6216
83.9473 39.6259
83.9531 39.6303
83.9590 39.6347
83.9648 39.6390
83.9706 39.6434
83.9764 39.6477
83.9822 39.6521
83.9880 39.6564
83.9938 39.6608
83.9997 39.6651
84.0055 39.6695
84.0113 39.6738
84.0171 39.6782
84.0229 39.6825
84.0287 39.6869
84.0345 39.6912
84.0403 39.6956
84.0462 39.6999
84.0520 39.7043
84.0578 39.7086
84.0636 39.7129
84.0694 39.7173
84.0752 39.7216
84.0810 39.7260
84.0869 39.7303
84.0927 39.7346
84.0985 39.7390
84.1043 39.7433
84.1101 39.7476
84.1159 39.7520
84.1217 39.7563
84.1275 39.7606
84.1334 39.7650
84.1392 39.7693
84.1450 39.7736
84.1508 39.7780
84.1566 39.7823
84.1624 39.7866
84.1682 39.7909
84.1741 39.7953
84.1799 39.7996
84.1857 39.8039
84.1915 39.8082
84.1973 39.8126
84.2031 39.8169
84.2089 39.8212
84.2147 39.8255
84.2206 39.8298
84.2264 39.8342
84.2322 39.8385
84.2380 39.8428
84.2438 39.8471
84.2496 39.8514
84.2554 39.8557
84.2612 39.8601
84.2671 39.8644
84.2729 39.8687
84.2787 39.8730
84.2845 39.8773
84.2903 39.8816
84.2961 39.8859
84.3019 39.8902
84.3077 39.8945
84.3136 39.8988
84.3194 39.9031
84.3252 39.9074
84.3310 39.9117
84.3368 39.9160
84.3426 39.9203
84.3484 39.9246
84.3543 39.9289
84.3601 39.9332
84.3659 39.9375
84.3717 39.9418
84.3775 39.9461
84.3833 39.9504
84.3891 39.9547
84.3949 39.9590
84.4008 39.9633
84.4066 39.9676
84.4124 39.9719
84.4182 39.9762
84.4240 39.9805
84.4298 39.9847
84.4356 39.9890
84.4414 39.9933
84.4473 39.9976
84.4531 40.0019
84.4589 40.0062
84.4647 40.0104
84.4705 40.0147
84.4763 40.0190
84.4821 40.0233
84.4879 40.0276
84.4938 40.0318
84.4996 40.0361
84.5054 40.0404
84.5112 40.0447
84.5170 40.0489
84.5228 40.0532
84.5286 40.0575
84.5344 40.0618
84.5403 40.0660
84.5461 40.0703
84.5519 40.0746
84.5577 40.0788
84.5635 40.0831
84.5693 40.0874
84.5751 40.0916
84.5809 40.0959
84.5868 40.1002
84.5926 40.1044
84.5984 40.1087
84.6042 40.1130
84.6100 40.1172
84.6158 40.1215
84.6216 40.1257
84.6274 40.1300
84.6333 40.1342
84.6391 40.1385
84.6449 40.1428
84.6507 40.1470
84.6565 40.1513
84.6623 40.1555
84.6681 40.1598
84.6739 40.1640
84.6798 40.1683
84.6856 40.1725
84.6914 40.1768
84.6972 40.1810
84.7030 40.1853
84.7088 40.1895
84.7146 40.1937
84.7204 40.1980
84.7263 40.2022
84.7321 40.2065
84.7379 40.2107
84.7437 40.2150
84.7495 40.2192
84.7553 40.2234
84.7611 40.2277
84.7669 40.2319
84.7728 40.2361
84.7786 40.2404
84.7844 40.2446
84.7902 40.2488
84.7960 40.2531
84.8018 40.2573
84.8076 40.2615
84.8134 40.2658
84.8193 40.2700
84.8251 40.2742
84.8309 40.2784
84.8367 40.2827
84.8425 40.2869
84.8483 40.2911
84.8541 40.2953
84.8599 40.2996
84.8658 40.3038
84.8716 40.3080
84.8774 40.3122
84.8832 40.3164
84.8890 40.3207
84.8948 40.3249
84.9006 40.3291
84.9064 40.3333
84.9122 40.3375
84.9181 40.3417
84.9239 40.3460
84.9297 40.3502
84.9355 40.3544
84.9413 40.3586
84.9471 40.3628
84.9529 40.3670
84.9587 40.3712
84.9646 40.3754
84.9704 40.3796
84.9762 40.3838
84.9820 40.3880
84.9878 40.3922
84.9936 40.3964
84.9994 40.4006
85.0052 40.4048
85.0111 40.4090
85.0169 40.4132
85.0227 40.4174
85.0285 40.4216
85.0343 40.4258
85.0401 40.4300
85.0459 40.4342
85.0517 40.4384
85.0575 40.4426
85.0634 40.4468
85.0692 40.4510
85.0750 40.4552
85.0808 40.4593
85.0866 40.4635
85.0924 40.4677
85.0982 40.4719
85.1040 40.4761
85.1099 40.4803
85.1157 40.4844
85.1215 40.4886
85.1273 40.4928
85.1331 40.4970
85.1389 40.5012
85.1447 40.5053
85.1505 40.5095
85.1563 40.5137
85.1622 40.5179
85.1680 40.5220
85.1738 40.5262
85.1796 40.5304
85.1854 40.5346
85.1912 40.5387
85.1970 40.5429
85.2028 40.5471
85.2086 40.5512
85.2145 40.5554
85.2203 40.5596
85.2261 40.5637
85.2319 40.5679
85.2377 40.5721
85.2435 40.5762
85.2493 40.5804
85.2551 40.5846
85.2610 40.5887
85.2668 40.5929
85.2726 40.5970
85.2784 40.6012
85.2842 40.6053
85.2900 40.6095
85.2958 40.6136
85.3016 40.6178
85.3074 40.6220
85.3133 40.6261
85.3191 40.6303
85.3249 40.6344
85.3307 40.6386
85.3365 40.6427
85.3423 40.6468
85.3481 40.6510
85.3539 40.6551
85.3597 40.6593
85.3656 40.6634
85.3714 40.6676
85.3772 40.6717
85.3830 40.6758
85.3888 40.6800
85.3946 40.6841
85.4004 40.6883
85.4062 40.6924
85.4120 40.6965
85.4179 40.7007
85.4237 40.7048
85.4295 40.7089
85.4353 40.7131
85.4411 40.7172
85.4469 40.7213
85.4527 40.7255
85.4585 40.7296
85.4643 40.7337
85.4702 40.7378
85.4760 40.7420
85.4818 40.7461
85.4876 40.7502
85.4934 40.7543
85.4992 40.7585
85.5050 40.7626
85.5108 40.7667
85.5166 40.7708
85.5225 40.7749
85.5283 40.7791
85.5341 40.7832
85.5399 40.7873
85.5457 40.7914
85.5515 40.7955
85.5573 40.7996
85.5631 40.8037
85.5690 40.8079
85.5748 40.8120
85.5806 40.8161
85.5864 40.8202
85.5922 40.8243
85.5980 40.8284
85.6038 40.8325
85.6096 40.8366
85.6154 40.8407
85.6213 40.8448
85.6271 40.8489
85.6329 40.8530
85.6387 40.8571
85.6445 40.8612
85.6503 40.8653
85.6561 40.8694
85.6619 40.8735
85.6677 40.8776
85.6736 40.8817
85.6794 40.8858
85.6852 40.8899
85.6910 40.8940
85.6968 40.8981
85.7026 40.9021
85.7084 40.9062
85.7142 40.9103
85.7201 40.9144
85.7259 40.9185
85.7317 40.9226
85.7375 40.9267
85.7433 40.9307
85.7491 40.9348
85.7549 40.9389
85.7607 40.9430
85.7665 40.9471
85.7724 40.9512
85.7782 40.9552
85.7840 40.9593
85.7898 40.9634
85.7956 40.9675
85.8014 40.9715
85.8072 40.9756
85.8130 40.9797
85.8188 40.9837
85.8247 40.9878
85.8305 40.9919
85.8363 40.9960
85.8421 41.0000
85.8479 41.0041
85.8537 41.0082
85.8595 41.0122
85.8653 41.0163
85.8712 41.0203
85.8770 41.0244
85.8828 41.0285
85.8886 41.0325
85.8944 41.0366
85.9002 41.0406
85.9060 41.0447
85.9118 41.0488
85.9176 41.0528
85.9235 41.0569
85.9293 41.0609
85.9351 41.0650
85.9409 41.0690
85.9467 41.0731
85.9525 41.0771
85.9583 41.0812
85.9641 41.0852
85.9700 41.0893
85.9758 41.0933
85.9816 41.0974
85.9874 41.1014
85.9932 41.1054
85.9990 41.1095
86.0048 41.1135
86.0106 41.1176
86.0165 41.1216
86.0223 41.1256
86.0281 41.1297
86.0339 41.1337
86.0397 41.1378
86.0455 41.1418
86.0513 41.1458
86.0571 41.1499
86.0629 41.1539
86.0688 41.1579
86.0746 41.1620
86.0804 41.1660
86.0862 41.1700
86.0920 41.1740
86.0978 41.1781
86.1036 41.1821
86.1094 41.1861
86.1153 41.1901
86.1211 41.1942
86.1269 41.1982
86.1327 41.2022
86.1385 41.2062
86.1443 41.2102
86.1501 41.2143
86.1559 41.2183
86.1617 41.2223
86.1676 41.2263
86.1734 41.2303
86.1792 41.2343
86.1850 41.2383
86.1908 41.2424
86.1966 41.2464
86.2024 41.2504
86.2082 41.2544
86.2141 41.2584
86.2199 41.2624
86.2257 41.2664
86.2315 41.2704
86.2373 41.2744
86.2431 41.2784
86.2489 41.2824
86.2547 41.2864
86.2606 41.2904
86.2664 41.2944
86.2722 41.2984
86.2780 41.3024
86.2838 41.3064
86.2896 41.3104
86.2954 41.3144
86.3012 41.3184
86.3070 41.3224
86.3129 41.3264
86.3187 41.3303
86.3245 41.3343
86.3303 41.3383
86.3361 41.3423
86.3419 41.3463
86.3477 41.3503
86.3535 41.3543
86.3594 41.3583
86.3652 41.3622
86.3710 41.3662
86.3768 41.3702
86.3826 41.3742
86.3884 41.3782
86.3942 41.3821
86.4000 41.3861
86.4058 41.3901
86.4117 41.3941
86.4175 41.3980
86.4233 41.4020
86.4291 41.4060
86.4349 41.4099
86.4407 41.4139
86.4465 41.4179
86.4523 41.4219
86.4582 41.4258
86.4640 41.4298
86.4698 41.4337
86.4756 41.4377
86.4814 41.4417
86.4872 41.4456
86.4930 41.4496
86.4988 41.4536
86.5047 41.4575
86.5105 41.4615
86.5163 41.4654
86.5221 41.4694
86.5279 41.4733
86.5337 41.4773
86.5395 41.4813
86.5453 41.4852
86.5511 41.4892
86.5570 41.4931
86.5628 41.4971
86.5686 41.5010
86.5744 41.5050
86.5802 41.5089
86.5860 41.5128
86.5918 41.5168
86.5976 41.5207
86.6035 41.5247
86.6093 41.5286
86.6151 41.5326
86.6209 41.5365
86.6267 41.5404
86.6325 41.5444
86.6383 41.5483
86.6441 41.5522
86.6499 41.5562
86.6558 41.5601
86.6616 41.5640
86.6674 41.5680
86.6732 41.5719
86.6790 41.5758
86.6848 41.5798
86.6906 41.5837
86.6964 41.5876
86.7023 41.5916
86.7081 41.5955
86.7139 41.5994
86.7197 41.6033
86.7255 41.6072
86.7313 41.6112
86.7371 41.6151
86.7429 41.6190
86.7488 41.6229
86.7546 41.6268
86.7604 41.6308
86.7662 41.6347
86.7720 41.6386
86.7778 41.6425
86.7836 41.6464
86.7894 41.6503
86.7953 41.6542
86.8011 41.6582
86.8069 41.6621
86.8127 41.6660
86.8185 41.6699
86.8243 41.6738
86.8301 41.6777
86.8359 41.6816
86.8418 41.6855
86.8476 41.6894
86.8534 41.6933
86.8592 41.6972
86.8650 41.7011
86.8708 41.7050
86.8766 41.7089
86.8824 41.7128
86.8883 41.7167
86.8941 41.7206
86.8999 41.7245
86.9057 41.7284
86.9115 41.7323
86.9173 41.7362
86.9231 41.7400
86.9290 41.7439
86.9348 41.7478
86.9406 41.7517
86.9464 41.7556
86.9522 41.7595
86.9580 41.7634
86.9638 41.7672
86.9696 41.7711
86.9755 41.7750
86.9813 41.7789
86.9871 41.7828
86.9929 41.7866
86.9987 41.7905
87.0045 41.7944
87.0103 41.7983
87.0161 41.8021
87.0220 41.8060
87.0278 41.8099
87.0336 41.8138
87.0394 41.8176
87.0452 41.8215
87.0510 41.8254
87.0568 41.8292
87.0627 41.8331
87.0685 41.8370
87.0743 41.8408
87.0801 41.8447
87.0859 41.8486
87.0917 41.8524
87.0975 41.8563
87.1033 41.8601
87.1092 41.8640
87.1150 41.8679
87.1208 41.8717
87.1266 41.8756
87.1324 41.8794
87.1382 41.8833
87.1440 41.8871
87.1499 41.8910
87.1557 41.8948
87.1615 41.8987
87.1673 41.9025
87.1731 41.9064
87.1789 41.9102
87.1847 41.9141
87.1906 41.9179
87.1964 41.9218
87.2022 41.9256
87.2080 41.9294
87.2138 41.9333
87.2196 41.9371
87.2254 41.9410
87.2312 41.9448
87.2371 41.9486
87.2429 41.9525
87.2487 41.9563
87.2545 41.9601
87.2603 41.9640
87.2661 41.9678
87.2719 41.9716
87.2778 41.9755
87.2836 41.9793
87.2894 41.9831
87.2952 41.9869
87.3010 41.9908
87.3068 41.9946
87.3126 41.9984
87.3185 42.0022
87.3243 42.0061
87.3301 42.0099
87.3359 42.0137
87.3417 42.0175
87.3475 42.0213
87.3533 42.0252
87.3592 42.0290
87.3650 42.0328
87.3708 42.0366
87.3766 42.0404
87.3824 42.0442
87.3882 42.0480
87.3940 42.0518
87.3998 42.0557
87.4057 42.0595
87.4115 42.0633
87.4173 42.0671
87.4231 42.0709
87.4289 42.0747
87.4347 42.0785
87.4405 42.0823
87.4464 42.0861
87.4522 42.0899
87.4580 42.0937
87.4638 42.0975
87.4696 42.1013
87.4754 42.1051
87.4812 42.1089
87.4871 42.1127
87.4929 42.1165
87.4987 42.1203
87.5045 42.1240
87.5103 42.1278
87.5161 42.1316
87.5219 42.1354
87.5278 42.1392
87.5336 42.1430
87.5394 42.1468
87.5452 42.1506
87.5510 42.1543
87.5568 42.1581
87.5626 42.1619
87.5685 42.1657
87.5743 42.1695
87.5801 42.1732
87.5859 42.1770
87.5917 42.1808
87.5975 42.1846
87.6033 42.1883
87.6092 42.1921
87.6150 42.1959
87.6208 42.1997
87.6266 42.2034
87.6324 42.2072
87.6382 42.2110
87.6440 42.2147
87.6499 42.2185
87.6557 42.2223
87.6615 42.2260
87.6673 42.2298
87.6731 42.2336
87.6789 42.2373
87.6847 42.2411
87.6906 42.2448
87.6964 42.2486
87.7022 42.2523
87.7080 42.2561
87.7138 42.2599
87.7196 42.2636
87.7254 42.2674
87.7313 42.2711
87.7371 42.2749
87.7429 42.2786
87.7487 42.2824
87.7545 42.2861
87.7603 42.2899
87.7661 42.2936
87.7720 42.2974
87.7778 42.3011
87.7836 42.3048
87.7894 42.3086
87.7952 42.3123
87.8010 42.3161
87.8068 42.3198
87.8127 42.3235
87.8185 42.3273
87.8243 42.3310
87.8301 42.3347
87.8359 42.3385
87.8417 42.3422
87.8475 42.3459
87.8534 42.3497
87.8592 42.3534
87.8650 42.3571
87.8708 42.3609
87.8766 42.3646
87.8824 42.3683
87.8883 42.3720
87.8941 42.3758
87.8999 42.3795
87.9057 42.3832
87.9115 42.3869
87.9173 42.3906
87.9231 42.3944
87.9290 42.3981
87.9348 42.4018
87.9406 42.4055
87.9464 42.4092
87.9522 42.4129
87.9580 42.4167
87.9638 42.4204
87.9697 42.4241
87.9755 42.4278
87.9813 42.4315
87.9871 42.4352
87.9929 42.4389
87.9987 42.4426
88.0046 42.4463
88.0104 42.4500
88.0162 42.4537
88.0220 42.4574
88.0278 42.4611
88.0336 42.4648
88.0395 42.4685
88.0453 42.4722
88.0511 42.4759
88.0569 42.4796
88.0627 42.4833
88.0685 42.4870
88.0743 42.4907
88.0802 42.4944
88.0860 42.4981
88.0918 42.5018
88.0976 42.5055
88.1034 42.5091
88.1092 42.5128
88.1151 42.5165
88.1209 42.5202
88.1267 42.5239
88.1325 42.5276
88.1383 42.5313
88.1441 42.5349
88.1500 42.5386
88.1558 42.5423
88.1616 42.5460
88.1674 42.5496
88.1732 42.5533
88.1790 42.5570
88.1848 42.5607
88.1907 42.5643
88.1965 42.5680
88.2023 42.5717
88.2081 42.5753
88.2139 42.5790
88.2197 42.5827
88.2256 42.5864
88.2314 42.5900
88.2372 42.5937
88.2430 42.5973
88.2488 42.6010
88.2546 42.6047
88.2605 42.6083
88.2663 42.6120
88.2721 42.6156
88.2779 42.6193
88.2837 42.6230
88.2895 42.6266
88.2954 42.6303
88.3012 42.6339
88.3070 42.6376
88.3128 42.6412
88.3186 42.6449
88.3244 42.6485
88.3303 42.6522
88.3361 42.6558
88.3419 42.6595
88.3477 42.6631
88.3535 42.6668
88.3593 42.6704
88.3652 42.6740
88.3710 42.6777
88.3768 42.6813
88.3826 42.6850
88.3884 42.6886
88.3942 42.6922
88.4001 42.6959
88.4059 42.6995
88.4117 42.7031
88.4175 42.7068
88.4233 42.7104
88.4291 42.7140
88.4350 42.7177
88.4408 42.7213
88.4466 42.7249
88.4524 42.7285
88.4582 42.7322
88.4640 42.7358
88.4699 42.7394
88.4757 42.7430
88.4815 42.7467
88.4873 42.7503
88.4931 42.7539
88.4990 42.7575
88.5048 42.7611
88.5106 42.7648
88.5164 42.7684
88.5222 42.7720
88.5280 42.7756
88.5339 42.7792
88.5397 42.7828
88.5455 42.7864
88.5513 42.7900
88.5571 42.7936
88.5629 42.7973
88.5688 42.8009
88.5746 42.8045
88.5804 42.8081
88.5862 42.8117
88.5920 42.8153
88.5978 42.8189
88.6037 42.8225
88.6095 42.8261
88.6153 42.8297
88.6211 42.8333
88.6269 42.8369
88.6328 42.8405
88.6386 42.8440
88.6444 42.8476
88.6502 42.8512
88.6560 42.8548
88.6618 42.8584
88.6677 42.8620
88.6735 42.8656
88.6793 42.8692
88.6851 42.8728
88.6909 42.8763
88.6967 42.8799
88.7026 42.8835
88.7084 42.8871
88.7142 42.8907
88.7200 42.8943
88.7258 42.8978
88.7317 42.9014
88.7375 42.9050
88.7433 42.9086
88.7491 42.9121
88.7549 42.9157
88.7607 42.9193
88.7666 42.9228
88.7724 42.9264
88.7782 42.9300
88.7840 42.9336
88.7898 42.9371
88.7956 42.9407
88.8015 42.9442
88.8073 42.9478
88.8131 42.9514
88.8189 42.9549
88.8247 42.9585
88.8306 42.9621
88.8364 42.9656
88.8422 42.9692
88.8480 42.9727
88.8538 42.9763
88.8596 42.9798
88.8655 42.9834
88.8713 42.9869
88.8771 42.9905
88.8829 42.9940
88.8887 42.9976
88.8946 43.0011
88.9004 43.0047
88.9062 43.0082
88.9120 43.0118
88.9178 43.0153
88.9236 43.0189
88.9295 43.0224
88.9353 43.0259
88.9411 43.0295
88.9469 43.0330
88.9527 43.0366
88.9586 43.0401
88.9644 43.0436
88.9702 43.0472
88.9760 43.0507
88.9818 43.0542
88.9876 43.0578
88.9935 43.0613
88.9993 43.0648
89.0051 43.0684
89.0109 43.0719
89.0167 43.0754
89.0226 43.0789
89.0284 43.0825
89.0342 43.0860
89.0400 43.0895
89.0458 43.0930
89.0517 43.0965
89.0575 43.1001
89.0633 43.1036
89.0691 43.1071
89.0749 43.1106
89.0807 43.1141
89.0866 43.1176
89.0924 43.1212
89.0982 43.1247
89.1040 43.1282
89.1098 43.1317
89.1157 43.1352
89.1215 43.1387
89.1273 43.1422
89.1331 43.1457
89.1389 43.1492
89.1448 43.1527
89.1506 43.1562
89.1564 43.1597
89.1622 43.1632
89.1680 43.1667
89.1738 43.1702
89.1797 43.1737
89.1855 43.1772
89.1913 43.1807
89.1971 43.1842
89.2029 43.1877
89.2088 43.1912
89.2146 43.1947
89.2204 43.1982
89.2262 43.2017
89.2320 43.2051
89.2379 43.2086
89.2437 43.2121
89.2495 43.2156
89.2553 43.2191
89.2611 43.2226
89.2670 43.2260
89.2728 43.2295
89.2786 43.2330
89.2844 43.2365
89.2902 43.2400
89.2961 43.2434
89.3019 43.2469
89.3077 43.2504
89.3135 43.2539
89.3193 43.2573
89.3252 43.2608
89.3310 43.2643
89.3368 43.2677
89.3426 43.2712
89.3484 43.2747
89.3543 43.2781
89.3601 43.2816
89.3659 43.2851
89.3717 43.2885
89.3775 43.2920
89.3834 43.2955
89.3892 43.2989
89.3950 43.3024
89.4008 43.3058
89.4066 43.3093
89.4125 43.3127
89.4183 43.3162
89.4241 43.3197
89.4299 43.3231
89.4357 43.3266
89.4416 43.3300
89.4474 43.3335
89.4532 43.3369
89.4590 43.3404
89.4649 43.3438
89.4707 43.3472
89.4765 43.3507
89.4823 43.3541
89.4881 43.3576
89.4940 43.3610
89.4998 43.3644
89.5056 43.3679
89.5114 43.3713
89.5172 43.3748
89.5231 43.3782
89.5289 43.3816
89.5347 43.3851
89.5405 43.3885
89.5463 43.3919
89.5522 43.3954
89.5580 43.3988
89.5638 43.4022
89.5696 43.4056
89.5754 43.4091
89.5813 43.4125
89.5871 43.4159
89.5929 43.4193
89.5987 43.4228
89.6046 43.4262
89.6104 43.4296
89.6162 43.4330
89.6220 43.4364
89.6278 43.4399
89.6337 43.4433
89.6395 43.4467
89.6453 43.4501
89.6511 43.4535
89.6569 43.4569
89.6628 43.4603
89.6686 43.4637
89.6744 43.4672
89.6802 43.4706
89.6861 43.4740
89.6919 43.4774
89.6977 43.4808
89.7035 43.4842
89.7093 43.4876
89.7152 43.4910
89.7210 43.4944
89.7268 43.4978
89.7326 43.5012
89.7384 43.5046
89.7443 43.5080
89.7501 43.5114
89.7559 43.5148
89.7617 43.5181
89.7676 43.5215
89.7734 43.5249
89.7792 43.5283
89.7850 43.5317
89.7908 43.5351
89.7967 43.5385
89.8025 43.5419
89.8083 43.5452
89.8141 43.5486
89.8200 43.5520
89.8258 43.5554
89.8316 43.5588
89.8374 43.5621
89.8432 43.5655
89.8491 43.5689
89.8549 43.5723
89.8607 43.5757
89.8665 43.5790
89.8724 43.5824
89.8782 43.5858
89.8840 43.5891
89.8898 43.5925
89.8956 43.5959
89.9015 43.5992
89.9073 43.6026
89.9131 43.6060
89.9189 43.6093
89.9248 43.6127
89.9306 43.6161
89.9364 43.6194
89.9422 43.6228
89.9480 43.6261
89.9539 43.6295
89.9597 43.6329
89.9655 43.6362
89.9713 43.6396
89.9772 43.6429
89.9830 43.6463
89.9888 43.6496
89.9946 43.6530
90.0004 43.6563
90.0063 43.6597
90.0121 43.6630
90.0179 43.6664
90.0237 43.6697
90.0296 43.6730
90.0354 43.6764
90.0412 43.6797
90.0470 43.6831
90.0528 43.6864
90.0587 43.6897
90.0645 43.6931
90.0703 43.6964
90.0761 43.6997
90.0820 43.7031
90.0878 43.7064
90.0936 43.7097
90.0994 43.7131
90.1052 43.7164
90.1111 43.7197
90.1169 43.7231
90.1227 43.7264
90.1285 43.7297
90.1344 43.7330
90.1402 43.7364
90.1460 43.7397
90.1518 43.7430
90.1576 43.7463
90.1635 43.7496
90.1693 43.7530
90.1751 43.7563
90.1809 43.7596
90.1868 43.7629
90.1926 43.7662
90.1984 43.7695
90.2042 43.7728
90.2101 43.7762
90.2159 43.7795
90.2217 43.7828
90.2275 43.7861
90.2333 43.7894
90.2392 43.7927
90.2450 43.7960
90.2508 43.7993
90.2566 43.8026
90.2625 43.8059
90.2683 43.8092
90.2741 43.8125
90.2799 43.8158
90.2858 43.8191
90.2916 43.8224
90.2974 43.8257
90.3032 43.8290
90.3091 43.8323
90.3149 43.8356
90.3207 43.8388
90.3265 43.8421
90.3323 43.8454
90.3382 43.8487
90.3440 43.8520
90.3498 43.8553
90.3556 43.8586
90.3615 43.8618
90.3673 43.8651
90.3731 43.8684
90.3789 43.8717
90.3848 43.8750
90.3906 43.8782
90.3964 43.8815
90.4022 43.8848
90.4081 43.8881
90.4139 43.8913
90.4197 43.8946
90.4255 43.8979
90.4314 43.9012
90.4372 43.9044
90.4430 43.9077
90.4488 43.9110
90.4547 43.9142
90.4605 43.9175
90.4663 43.9208
90.4721 43.9240
90.4780 43.9273
90.4838 43.9305
90.4896 43.9338
90.4954 43.9371
90.5012 43.9403
90.5071 43.9436
90.5129 43.9468
90.5187 43.9501
90.5245 43.9533
90.5304 43.9566
90.5362 43.9598
90.5420 43.9631
90.5478 43.9663
90.5537 43.9696
90.5595 43.9728
90.5653 43.9761
90.5711 43.9793
90.5770 43.9826
90.5828 43.9858
90.5886 43.9890
90.5944 43.9923
90.6003 43.9955
90.6061 43.9988
90.6119 44.0020
90.6177 44.0052
90.6236 44.0085
90.6294 44.0117
90.6352 44.0149
90.6410 44.0182
90.6469 44.0214
90.6527 44.0246
90.6585 44.0279
90.6643 44.0311
90.6702 44.0343
90.6760 44.0375
90.6818 44.0408
90.6877 44.0440
90.6935 44.0472
90.6993 44.0504
90.7051 44.0536
90.7110 44.0569
90.7168 44.0601
90.7226 44.0633
90.7284 44.0665
90.7343 44.0697
90.7401 44.0729
90.7459 44.0761
90.7517 44.0794
90.7576 44.0826
90.7634 44.0858
90.7692 44.0890
90.7750 44.0922
90.7809 44.0954
90.7867 44.0986
90.7925 44.1018
90.7983 44.1050
90.8042 44.1082
90.8100 44.1114
90.8158 44.1146
90.8216 44.1178
90.8275 44.1210
90.8333 44.1242
90.8391 44.1274
90.8449 44.1306
90.8508 44.1338
90.8566 44.1370
90.8624 44.1402
90.8683 44.1434
90.8741 44.1465
90.8799 44.1497
90.8857 44.1529
90.8916 44.1561
90.8974 44.1593
90.9032 44.1625
90.9090 44.1657
90.9149 44.1688
90.9207 44.1720
90.9265 44.1752
90.9323 44.1784
90.9382 44.1815
90.9440 44.1847
90.9498 44.1879
90.9556 44.1911
90.9615 44.1942
90.9673 44.1974
90.9731 44.2006
90.9790 44.2038
90.9848 44.2069
90.9906 44.2101
90.9964 44.2133
91.0023 44.2164
91.0081 44.2196
91.0139 44.2227
91.0197 44.2259
91.0256 44.2291
91.0314 44.2322
91.0372 44.2354
91.0430 44.2385
91.0489 44.2417
91.0547 44.2449
91.0605 44.2480
91.0664 44.2512
91.0722 44.2543
91.0780 44.2575
91.0838 44.2606
91.0897 44.2638
91.0955 44.2669
91.1013 44.2701
91.1071 44.2732
91.1130 44.2763
91.1188 44.2795
91.1246 44.2826
91.1304 44.2858
91.1363 44.2889
91.1421 44.2920
91.1479 44.2952
91.1538 44.2983
91.1596 44.3015
91.1654 44.3046
91.1712 44.3077
91.1771 44.3109
91.1829 44.3140
91.1887 44.3171
91.1945 44.3203
91.2004 44.3234
91.2062 44.3265
91.2120 44.3296
91.2179 44.3328
91.2237 44.3359
91.2295 44.3390
91.2353 44.3421
91.2412 44.3452
91.2470 44.3484
91.2528 44.3515
91.2586 44.3546
91.2645 44.3577
91.2703 44.3608
91.2761 44.3639
91.2820 44.3671
91.2878 44.3702
91.2936 44.3733
91.2994 44.3764
91.3053 44.3795
91.3111 44.3826
91.3169 44.3857
91.3227 44.3888
91.3286 44.3919
91.3344 44.3950
91.3402 44.3981
91.3461 44.4012
91.3519 44.4043
91.3577 44.4074
91.3635 44.4105
91.3694 44.4136
91.3752 44.4167
91.3810 44.4198
91.3868 44.4229
91.3927 44.4260
91.3985 44.4291
91.4043 44.4322
91.4102 44.4353
91.4160 44.4383
91.4218 44.4414
91.4276 44.4445
91.4335 44.4476
91.4393 44.4507
91.4451 44.4538
91.4510 44.4569
91.4568 44.4599
91.4626 44.4630
91.4684 44.4661
91.4743 44.4692
91.4801 44.4722
91.4859 44.4753
91.4918 44.4784
91.4976 44.4815
91.5034 44.4845
91.5092 44.4876
91.5151 44.4907
91.5209 44.4937
91.5267 44.4968
91.5325 44.4999
91.5384 44.5029
91.5442 44.5060
91.5500 44.5091
91.5559 44.5121
91.5617 44.5152
91.5675 44.5183
91.5733 44.5213
91.5792 44.5244
91.5850 44.5274
91.5908 44.5305
91.5967 44.5335
91.6025 44.5366
91.6083 44.5396
91.6142 44.5427
91.6200 44.5457
91.6258 44.5488
91.6316 44.5518
91.6375 44.5549
91.6433 44.5579
91.6491 44.5610
91.6550 44.5640
91.6608 44.5671
91.6666 44.5701
91.6724 44.5731
91.6783 44.5762
91.6841 44.5792
91.6899 44.5823
91.6958 44.5853
91.7016 44.5883
91.7074 44.5914
91.7132 44.5944
91.7191 44.5974
91.7249 44.6005
91.7307 44.6035
91.7366 44.6065
91.7424 44.6095
91.7482 44.6126
91.7541 44.6156
91.7599 44.6186
91.7657 44.6216
91.7715 44.6247
91.7774 44.6277
91.7832 44.6307
91.7890 44.6337
91.7949 44.6367
91.8007 44.6398
91.8065 44.6428
91.8124 44.6458
91.8182 44.6488
91.8240 44.6518
91.8298 44.6548
91.8357 44.6578
91.8415 44.6608
91.8473 44.6639
91.8532 44.6669
91.8590 44.6699
91.8648 44.6729
91.8707 44.6759
91.8765 44.6789
91.8823 44.6819
91.8881 44.6849
91.8940 44.6879
91.8998 44.6909
91.9056 44.6939
91.9115 44.6969
91.9173 44.6999
91.9231 44.7029
91.9290 44.7059
91.9348 44.7088
91.9406 44.7118
91.9464 44.7148
91.9523 44.7178
91.9581 44.7208
91.9639 44.7238
91.9698 44.7268
91.9756 44.7298
91.9814 44.7327
91.9873 44.7357
91.9931 44.7387
91.9989 44.7417
92.0048 44.7447
92.0106 44.7476
92.0164 44.7506
92.0222 44.7536
92.0281 44.7566
92.0339 44.7595
92.0397 44.7625
92.0456 44.7655
92.0514 44.7684
92.0572 44.7714
92.0631 44.7744
92.0689 44.7773
92.0747 44.7803
92.0806 44.7833
92.0864 44.7862
92.0922 44.7892
92.0980 44.7922
92.1039 44.7951
92.1097 44.7981
92.1155 44.8010
92.1214 44.8040
92.1272 44.8070
92.1330 44.8099
92.1389 44.8129
92.1447 44.8158
92.1505 44.8188
92.1564 44.8217
92.1622 44.8247
92.1680 44.8276
92.1738 44.8306
92.1797 44.8335
92.1855 44.8365
92.1913 44.8394
92.1972 44.8423
92.2030 44.8453
92.2088 44.8482
92.2147 44.8512
92.2205 44.8541
92.2263 44.8570
92.2322 44.8600
92.2380 44.8629
92.2438 44.8658
92.2497 44.8688
92.2555 44.8717
92.2613 44.8746
92.2671 44.8776
92.2730 44.8805
92.2788 44.8834
92.2846 44.8863
92.2905 44.8893
92.2963 44.8922
92.3021 44.8951
92.3080 44.8980
92.3138 44.9010
92.3196 44.9039
92.3255 44.9068
92.3313 44.9097
92.3371 44.9126
92.3430 44.9155
92.3488 44.9185
92.3546 44.9214
92.3605 44.9243
92.3663 44.9272
92.3721 44.9301
92.3779 44.9330
92.3838 44.9359
92.3896 44.9388
92.3954 44.9417
92.4013 44.9446
92.4071 44.9475
92.4129 44.9504
92.4188 44.9533
92.4246 44.9562
92.4304 44.9591
92.4363 44.9620
92.4421 44.9649
92.4479 44.9678
92.4538 44.9707
92.4596 44.9736
92.4654 44.9765
92.4713 44.9794
92.4771 44.9823
92.4829 44.9852
92.4888 44.9881
92.4946 44.9910
92.5004 44.9938
92.5062 44.9967
92.5121 44.9996
92.5179 45.0025
92.5237 45.0054
92.5296 45.0083
92.5354 45.0111
92.5412 45.0140
92.5471 45.0169
92.5529 45.0198
92.5587 45.0226
92.5646 45.0255
92.5704 45.0284
92.5762 45.0313
92.5821 45.0341
92.5879 45.0370
92.5937 45.0399
92.5996 45.0427
92.6054 45.0456
92.6112 45.0485
92.6171 45.0513
92.6229 45.0542
92.6287 45.0571
92.6346 45.0599
92.6404 45.0628
92.6462 45.0656
92.6521 45.0685
92.6579 45.0713
92.6637 45.0742
92.6696 45.0771
92.6754 45.0799
92.6812 45.0828
92.6870 45.0856
92.6929 45.0885
92.6987 45.0913
92.7045 45.0942
92.7104 45.0970
92.7162 45.0998
92.7220 45.1027
92.7279 45.1055
92.7337 45.1084
92.7395 45.1112
92.7454 45.1141
92.7512 45.1169
92.7570 45.1197
92.7629 45.1226
92.7687 45.1254
92.7745 45.1282
92.7804 45.1311
92.7862 45.1339
92.7920 45.1367
92.7979 45.1396
92.8037 45.1424
92.8095 45.1452
92.8154 45.1481
92.8212 45.1509
92.8270 45.1537
92.8329 45.1565
92.8387 45.1594
92.8445 45.1622
92.8504 45.1650
92.8562 45.1678
92.8620 45.1706
92.8679 45.1734
92.8737 45.1763
92.8795 45.1791
92.8854 45.1819
92.8912 45.1847
92.8970 45.1875
92.9029 45.1903
92.9087 45.1931
92.9145 45.1959
92.9204 45.1988
92.9262 45.2016
92.9321 45.2044
92.9379 45.2072
92.9437 45.2100
92.9496 45.2128
92.9554 45.2156
92.9612 45.2184
92.9671 45.2212
92.9729 45.2240
92.9787 45.2268
92.9846 45.2296
92.9904 45.2324
92.9962 45.2351
93.0021 45.2379
93.0079 45.2407
93.0137 45.2435
93.0196 45.2463
93.0254 45.2491
93.0312 45.2519
93.0371 45.2547
93.0429 45.2575
93.0487 45.2602
93.0546 45.2630
93.0604 45.2658
93.0662 45.2686
93.0721 45.2714
93.0779 45.2741
93.0837 45.2769
93.0896 45.2797
93.0954 45.2825
93.1012 45.2852
93.1071 45.2880
93.1129 45.2908
93.1187 45.2936
93.1246 45.2963
93.1304 45.2991
93.1363 45.3019
93.1421 45.3046
93.1479 45.3074
93.1538 45.3102
93.1596 45.3129
93.1654 45.3157
93.1713 45.3184
93.1771 45.3212
93.1829 45.3240
93.1888 45.3267
93.1946 45.3295
93.2004 45.3322
93.2063 45.3350
93.2121 45.3377
93.2179 45.3405
93.2238 45.3432
93.2296 45.3460
93.2354 45.3487
93.2413 45.3515
93.2471 45.3542
93.2530 45.3570
93.2588 45.3597
93.2646 45.3625
93.2705 45.3652
93.2763 45.3679
93.2821 45.3707
93.2880 45.3734
93.2938 45.3762
93.2996 45.3789
93.3055 45.3816
93.3113 45.3844
93.3171 45.3871
93.3230 45.3898
93.3288 45.3926
93.3346 45.3953
93.3405 45.3980
93.3463 45.4007
93.3522 45.4035
93.3580 45.4062
93.3638 45.4089
93.3697 45.4116
93.3755 45.4144
93.3813 45.4171
93.3872 45.4198
93.3930 45.4225
93.3988 45.4252
93.4047 45.4280
93.4105 45.4307
93.4163 45.4334
93.4222 45.4361
93.4280 45.4388
93.4338 45.4415
93.4397 45.4442
93.4455 45.4469
93.4514 45.4497
93.4572 45.4524
93.4630 45.4551
93.4689 45.4578
93.4747 45.4605
93.4805 45.4632
93.4864 45.4659
93.4922 45.4686
93.4980 45.4713
93.5039 45.4740
93.5097 45.4767
93.5155 45.4794
93.5214 45.4821
93.5272 45.4848
93.5331 45.4875
93.5389 45.4901
93.5447 45.4928
93.5506 45.4955
93.5564 45.4982
93.5622 45.5009
93.5681 45.5036
93.5739 45.5063
93.5797 45.5090
93.5856 45.5116
93.5914 45.5143
93.5972 45.5170
93.6031 45.5197
93.6089 45.5224
93.6148 45.5250
93.6206 45.5277
93.6264 45.5304
93.6323 45.5331
93.6381 45.5357
93.6439 45.5384
93.6498 45.5411
93.6556 45.5437
93.6614 45.5464
93.6673 45.5491
93.6731 45.5518
93.6790 45.5544
93.6848 45.5571
93.6906 45.5597
93.6965 45.5624
93.7023 45.5651
93.7081 45.5677
93.7140 45.5704
93.7198 45.5730
93.7256 45.5757
93.7315 45.5784
93.7373 45.5810
93.7431 45.5837
93.7490 45.5863
93.7548 45.5890
93.7607 45.5916
93.7665 45.5943
93.7723 45.5969
93.7782 45.5996
93.7840 45.6022
93.7898 45.6048
93.7957 45.6075
93.8015 45.6101
93.8073 45.6128
93.8132 45.6154
93.8190 45.6181
93.8249 45.6207
93.8307 45.6233
93.8365 45.6260
93.8424 45.6286
93.8482 45.6312
93.8540 45.6339
93.8599 45.6365
93.8657 45.6391
93.8715 45.6418
93.8774 45.6444
93.8832 45.6470
93.8891 45.6496
93.8949 45.6523
93.9007 45.6549
93.9066 45.6575
93.9124 45.6601
93.9182 45.6628
93.9241 45.6654
93.9299 45.6680
93.9357 45.6706
93.9416 45.6732
93.9474 45.6758
93.9533 45.6785
93.9591 45.6811
93.9649 45.6837
93.9708 45.6863
93.9766 45.6889
93.9824 45.6915
93.9883 45.6941
93.9941 45.6967
94.0000 45.6993
94.0058 45.7019
94.0116 45.7045
94.0175 45.7071
94.0233 45.7097
94.0291 45.7123
94.0350 45.7149
94.0408 45.7175
94.0467 45.7201
94.0525 45.7227
94.0583 45.7253
94.0642 45.7279
94.0700 45.7305
94.0758 45.7331
94.0817 45.7357
94.0875 45.7383
94.0934 45.7409
94.0992 45.7435
94.1050 45.7460
94.1109 45.7486
94.1167 45.7512
94.1225 45.7538
94.1284 45.7564
94.1342 45.7590
94.1401 45.7615
94.1459 45.7641
94.1517 45.7667
94.1576 45.7693
94.1634 45.7718
94.1692 45.7744
94.1751 45.7770
94.1809 45.7796
94.1868 45.7821
94.1926 45.7847
94.1984 45.7873
94.2043 45.7898
94.2101 45.7924
94.2160 45.7950
94.2218 45.7975
94.2276 45.8001
94.2335 45.8027
94.2393 45.8052
94.2451 45.8078
94.2510 45.8103
94.2568 45.8129
94.2627 45.8155
94.2685 45.8180
94.2743 45.8206
94.2802 45.8231
94.2860 45.8257
94.2918 45.8282
94.2977 45.8308
94.3035 45.8333
94.3094 45.8359
94.3152 45.8384
94.3210 45.8410
94.3269 45.8435
94.3327 45.8460
94.3386 45.8486
94.3444 45.8511
94.3502 45.8537
94.3561 45.8562
94.3619 45.8587
94.3677 45.8613
94.3736 45.8638
94.3794 45.8664
94.3853 45.8689
94.3911 45.8714
94.3969 45.8740
94.4028 45.8765
94.4086 45.8790
94.4145 45.8815
94.4203 45.8841
94.4261 45.8866
94.4320 45.8891
94.4378 45.8916
94.4436 45.8942
94.4495 45.8967
94.4553 45.8992
94.4612 45.9017
94.4670 45.9042
94.4728 45.9068
94.4787 45.9093
94.4845 45.9118
94.4904 45.9143
94.4962 45.9168
94.5020 45.9193
94.5079 45.9218
94.5137 45.9244
94.5196 45.9269
94.5254 45.9294
94.5312 45.9319
94.5371 45.9344
94.5429 45.9369
94.5487 45.9394
94.5546 45.9419
94.5604 45.9444
94.5663 45.9469
94.5721 45.9494
94.5779 45.9519
94.5838 45.9544
94.5896 45.9569
94.5955 45.9594
94.6013 45.9619
94.6071 45.9644
94.6130 45.9669
94.6188 45.9694
94.6247 45.9718
94.6305 45.9743
94.6363 45.9768
94.6422 45.9793
94.6480 45.9818
94.6539 45.9843
94.6597 45.9868
94.6655 45.9892
94.6714 45.9917
94.6772 45.9942
94.6830 45.9967
94.6889 45.9992
94.6947 46.0016
94.7006 46.0041
94.7064 46.0066
94.7122 46.0091
94.7181 46.0115
94.7239 46.0140
94.7298 46.0165
94.7356 46.0189
94.7414 46.0214
94.7473 46.0239
94.7531 46.0263
94.7590 46.0288
94.7648 46.0313
94.7706 46.0337
94.7765 46.0362
94.7823 46.0386
94.7882 46.0411
94.7940 46.0436
94.7998 46.0460
94.8057 46.0485
94.8115 46.0509
94.8173 46.0534
94.8232 46.0558
94.8290 46.0583
94.8349 46.0607
94.8407 46.0632
94.8465 46.0656
94.8524 46.0681
94.8582 46.0705
94.8641 46.0730
94.8699 46.0754
94.8757 46.0779
94.8816 46.0803
94.8874 46.0827
94.8933 46.0852
94.8991 46.0876
94.9049 46.0901
94.9108 46.0925
94.9166 46.0949
94.9225 46.0974
94.9283 46.0998
94.9341 46.1022
94.9400 46.1047
94.9458 46.1071
94.9517 46.1095
94.9575 46.1119
94.9633 46.1144
94.9692 46.1168
94.9750 46.1192
94.9808 46.1216
94.9867 46.1241
94.9925 46.1265
94.9984 46.1289
95.0042 46.1313
95.0100 46.1337
95.0159 46.1362
95.0217 46.1386
95.0276 46.1410
95.0334 46.1434
95.0392 46.1458
95.0451 46.1482
95.0509 46.1506
95.0568 46.1530
95.0626 46.1554
95.0684 46.1579
95.0743 46.1603
95.0801 46.1627
95.0860 46.1651
95.0918 46.1675
95.0976 46.1699
95.1035 46.1723
95.1093 46.1747
95.1152 46.1771
95.1210 46.1795
95.1268 46.1819
95.1327 46.1843
95.1385 46.1867
95.1444 46.1890
95.1502 46.1914
95.1560 46.1938
95.1619 46.1962
95.1677 46.1986
95.1736 46.2010
95.1794 46.2034
95.1852 46.2058
95.1911 46.2081
95.1969 46.2105
95.2028 46.2129
95.2086 46.2153
95.2144 46.2177
95.2203 46.2201
95.2261 46.2224
95.2320 46.2248
95.2378 46.2272
95.2436 46.2296
95.2495 46.2319
95.2553 46.2343
95.2612 46.2367
95.2670 46.2390
95.2728 46.2414
95.2787 46.2438
95.2845 46.2462
95.2904 46.2485
95.2962 46.2509
95.3021 46.2532
95.3079 46.2556
95.3137 46.2580
95.3196 46.2603
95.3254 46.2627
95.3313 46.2651
95.3371 46.2674
95.3429 46.2698
95.3488 46.2721
95.3546 46.2745
95.3605 46.2768
95.3663 46.2792
95.3721 46.2815
95.3780 46.2839
95.3838 46.2862
95.3897 46.2886
95.3955 46.2909
95.4013 46.2933
95.4072 46.2956
95.4130 46.2980
95.4189 46.3003
95.4247 46.3026
95.4306 46.3050
95.4364 46.3073
95.4422 46.3097
95.4481 46.3120
95.4539 46.3143
95.4598 46.3167
95.4656 46.3190
95.4714 46.3213
95.4773 46.3237
95.4831 46.3260
95.4890 46.3283
95.4948 46.3307
95.5006 46.3330
95.5065 46.3353
95.5123 46.3376
95.5182 46.3400
95.5240 46.3423
95.5299 46.3446
95.5357 46.3469
95.5415 46.3492
95.5474 46.3516
95.5532 46.3539
95.5591 46.3562
95.5649 46.3585
95.5707 46.3608
95.5766 46.3631
95.5824 46.3655
95.5883 46.3678
95.5941 46.3701
95.5999 46.3724
95.6058 46.3747
95.6116 46.3770
95.6175 46.3793
95.6233 46.3816
95.6292 46.3839
95.6350 46.3862
95.6408 46.3885
95.6467 46.3908
95.6525 46.3931
95.6584 46.3954
95.6642 46.3977
95.6700 46.4000
95.6759 46.4023
95.6817 46.4046
95.6876 46.4069
95.6934 46.4092
95.6993 46.4115
95.7051 46.4138
95.7109 46.4161
95.7168 46.4183
95.7226 46.4206
95.7285 46.4229
95.7343 46.4252
95.7401 46.4275
95.7460 46.4298
95.7518 46.4321
95.7577 46.4343
95.7635 46.4366
95.7694 46.4389
95.7752 46.4412
95.7810 46.4434
95.7869 46.4457
95.7927 46.4480
95.7986 46.4503
95.8044 46.4525
95.8102 46.4548
95.8161 46.4571
95.8219 46.4593
95.8278 46.4616
95.8336 46.4639
95.8395 46.4661
95.8453 46.4684
95.8511 46.4707
95.8570 46.4729
95.8628 46.4752
95.8687 46.4775
95.8745 46.4797
95.8803 46.4820
95.8862 46.4842
95.8920 46.4865
95.8979 46.4887
95.9037 46.4910
95.9096 46.4932
95.9154 46.4955
95.9212 46.4977
95.9271 46.5000
95.9329 46.5022
95.9388 46.5045
95.9446 46.5067
95.9504 46.5090
95.9563 46.5112
95.9621 46.5135
95.9680 46.5157
95.9738 46.5180
95.9797 46.5202
95.9855 46.5224
95.9913 46.5247
95.9972 46.5269
96.0030 46.5291
96.0089 46.5314
96.0147 46.5336
96.0205 46.5358
96.0264 46.5381
96.0322 46.5403
96.0381 46.5425
96.0439 46.5448
96.0498 46.5470
96.0556 46.5492
96.0614 46.5514
96.0673 46.5537
96.0731 46.5559
96.0790 46.5581
96.0848 46.5603
96.0906 46.5625
96.0965 46.5648
96.1023 46.5670
96.1082 46.5692
96.1140 46.5714
96.1199 46.5736
96.1257 46.5758
96.1315 46.5780
96.1374 46.5803
96.1432 46.5825
96.1491 46.5847
96.1549 46.5869
96.1607 46.5891
96.1666 46.5913
96.1724 46.5935
96.1783 46.5957
96.1841 46.5979
96.1900 46.6001
96.1958 46.6023
96.2016 46.6045
96.2075 46.6067
96.2133 46.6089
96.2192 46.6111
96.2250 46.6133
96.2309 46.6155
96.2367 46.6177
96.2425 46.6199
96.2484 46.6221
96.2542 46.6243
96.2601 46.6264
96.2659 46.6286
96.2717 46.6308
96.2776 46.6330
96.2834 46.6352
96.2893 46.6374
96.2951 46.6396
96.3010 46.6417
96.3068 46.6439
96.3126 46.6461
96.3185 46.6483
96.3243 46.6504
96.3302 46.6526
96.3360 46.6548
96.3418 46.6570
96.3477 46.6591
96.3535 46.6613
96.3594 46.6635
96.3652 46.6657
96.3711 46.6678
96.3769 46.6700
96.3827 46.6722
96.3886 46.6743
96.3944 46.6765
96.4003 46.6787
96.4061 46.6808
96.4120 46.6830
96.4178 46.6851
96.4236 46.6873
96.4295 46.6895
96.4353 46.6916
96.4412 46.6938
96.4470 46.6959
96.4529 46.6981
96.4587 46.7002
96.4645 46.7024
96.4704 46.7045
96.4762 46.7067
96.4821 46.7088
96.4879 46.7110
96.4938 46.7131
96.4996 46.7153
96.5054 46.7174
96.5113 46.7196
96.5171 46.7217
96.5230 46.7238
96.5288 46.7260
96.5347 46.7281
96.5405 46.7303
96.5463 46.7324
96.5522 46.7345
96.5580 46.7367
96.5639 46.7388
96.5697 46.7409
96.5756 46.7431
96.5814 46.7452
96.5872 46.7473
96.5931 46.7494
96.5989 46.7516
96.6048 46.7537
96.6106 46.7558
96.6165 46.7580
96.6223 46.7601
96.6281 46.7622
96.6340 46.7643
96.6398 46.7664
96.6457 46.7686
96.6515 46.7707
96.6574 46.7728
96.6632 46.7749
96.6690 46.7770
96.6749 46.7791
96.6807 46.7812
96.6866 46.7834
96.6924 46.7855
96.6983 46.7876
96.7041 46.7897
96.7099 46.7918
96.7158 46.7939
96.7216 46.7960
96.7275 46.7981
96.7333 46.8002
96.7392 46.8023
96.7450 46.8044
96.7508 46.8065
96.7567 46.8086
96.7625 46.8107
96.7684 46.8128
96.7742 46.8149
96.7801 46.8170
96.7859 46.8191
96.7917 46.8212
96.7976 46.8233
96.8034 46.8254
96.8093 46.8275
96.8151 46.8296
96.8210 46.8316
96.8268 46.8337
96.8326 46.8358
96.8385 46.8379
96.8443 46.8400
96.8502 46.8421
96.8560 46.8441
96.8619 46.8462
96.8677 46.8483
96.8736 46.8504
96.8794 46.8525
96.8852 46.8545
96.8911 46.8566
96.8969 46.8587
96.9028 46.8608
96.9086 46.8628
96.9145 46.8649
96.9203 46.8670
96.9261 46.8690
96.9320 46.8711
96.9378 46.8732
96.9437 46.8752
96.9495 46.8773
96.9554 46.8794
96.9612 46.8814
96.9670 46.8835
96.9729 46.8855
96.9787 46.8876
96.9846 46.8897
96.9904 46.8917
96.9963 46.8938
97.0021 46.8958
97.0079 46.8979
97.0138 46.8999
97.0196 46.9020
97.0255 46.9040
97.0313 46.9061
97.0372 46.9081
97.0430 46.9102
97.0489 46.9122
97.0547 46.9143
97.0605 46.9163
97.0664 46.9184
97.0722 46.9204
97.0781 46.9225
97.0839 46.9245
97.0898 46.9265
97.0956 46.9286
97.1014 46.9306
97.1073 46.9326
97.1131 46.9347
97.1190 46.9367
97.1248 46.9388
97.1307 46.9408
97.1365 46.9428
97.1423 46.9448
97.1482 46.9469
97.1540 46.9489
97.1599 46.9509
97.1657 46.9530
97.1716 46.9550
97.1774 46.9570
97.1833 46.9590
97.1891 46.9610
97.1949 46.9631
97.2008 46.9651
97.2066 46.9671
97.2125 46.9691
97.2183 46.9711
97.2242 46.9732
97.2300 46.9752
97.2358 46.9772
97.2417 46.9792
97.2475 46.9812
97.2534 46.9832
97.2592 46.9852
97.2651 46.9872
97.2709 46.9892
97.2767 46.9912
97.2826 46.9933
97.2884 46.9953
97.2943 46.9973
97.3001 46.9993
97.3060 47.0013
97.3118 47.0033
97.3176 47.0053
97.3235 47.0073
97.3293 47.0093
97.3352 47.0113
97.3410 47.0132
97.3469 47.0152
97.3527 47.0172
97.3586 47.0192
97.3644 47.0212
97.3702 47.0232
97.3761 47.0252
97.3819 47.0272
97.3878 47.0292
97.3936 47.0312
97.3995 47.0331
97.4053 47.0351
97.4111 47.0371
97.4170 47.0391
97.4228 47.0411
97.4287 47.0430
97.4345 47.0450
97.4404 47.0470
97.4462 47.0490
97.4520 47.0509
97.4579 47.0529
97.4637 47.0549
97.4696 47.0569
97.4754 47.0588
97.4813 47.0608
97.4871 47.0628
97.4929 47.0647
97.4988 47.0667
97.5046 47.0687
97.5105 47.0706
97.5163 47.0726
97.5222 47.0746
97.5280 47.0765
97.5338 47.0785
97.5397 47.0805
97.5455 47.0824
97.5514 47.0844
97.5572 47.0863
97.5631 47.0883
97.5689 47.0902
97.5747 47.0922
97.5806 47.0941
97.5864 47.0961
97.5923 47.0980
97.5981 47.1000
97.6040 47.1019
97.6098 47.1039
97.6157 47.1058
97.6215 47.1078
97.6273 47.1097
97.6332 47.1117
97.6390 47.1136
97.6449 47.1155
97.6507 47.1175
97.6566 47.1194
97.6624 47.1214
97.6682 47.1233
97.6741 47.1252
97.6799 47.1272
97.6858 47.1291
97.6916 47.1310
97.6975 47.1330
97.7033 47.1349
97.7092 47.1368
97.7150 47.1388
97.7208 47.1407
97.7267 47.1426
97.7325 47.1445
97.7384 47.1465
97.7442 47.1484
97.7501 47.1503
97.7559 47.1522
97.7617 47.1542
97.7676 47.1561
97.7734 47.1580
97.7793 47.1599
97.7851 47.1618
97.7910 47.1637
97.7968 47.1657
97.8027 47.1676
97.8085 47.1695
97.8143 47.1714
97.8202 47.1733
97.8260 47.1752
97.8319 47.1771
97.8377 47.1790
97.8436 47.1809
97.8494 47.1828
97.8552 47.1847
97.8611 47.1866
97.8669 47.1885
97.8728 47.1904
97.8786 47.1923
97.8845 47.1942
97.8903 47.1961
97.8962 47.1980
97.9020 47.1999
97.9078 47.2018
97.9137 47.2037
97.9195 47.2056
97.9254 47.2075
97.9312 47.2094
97.9371 47.2113
97.9429 47.2132
97.9488 47.2151
97.9546 47.2170
97.9604 47.2188
97.9663 47.2207
97.9721 47.2226
97.9780 47.2245
97.9838 47.2264
97.9897 47.2283
97.9955 47.2301
98.0013 47.2320
98.0072 47.2339
98.0130 47.2358
98.0189 47.2376
98.0247 47.2395
98.0306 47.2414
98.0364 47.2433
98.0423 47.2451
98.0481 47.2470
98.0539 47.2489
98.0598 47.2507
98.0656 47.2526
98.0715 47.2545
98.0773 47.2563
98.0832 47.2582
98.0890 47.2601
98.0949 47.2619
98.1007 47.2638
98.1065 47.2657
98.1124 47.2675
98.1182 47.2694
98.1241 47.2712
98.1299 47.2731
98.1358 47.2749
98.1416 47.2768
98.1475 47.2787
98.1533 47.2805
98.1591 47.2824
98.1650 47.2842
98.1708 47.2861
98.1767 47.2879
98.1825 47.2898
98.1884 47.2916
98.1942 47.2934
98.2000 47.2953
98.2059 47.2971
98.2117 47.2990
98.2176 47.3008
98.2234 47.3027
98.2293 47.3045
98.2351 47.3063
98.2410 47.3082
98.2468 47.3100
98.2526 47.3118
98.2585 47.3137
98.2643 47.3155
98.2702 47.3173
98.2760 47.3192
98.2819 47.3210
98.2877 47.3228
98.2936 47.3247
98.2994 47.3265
98.3052 47.3283
98.3111 47.3301
98.3169 47.3320
98.3228 47.3338
98.3286 47.3356
98.3345 47.3374
98.3403 47.3392
98.3462 47.3411
98.3520 47.3429
98.3578 47.3447
98.3637 47.3465
98.3695 47.3483
98.3754 47.3501
98.3812 47.3520
98.3871 47.3538
98.3929 47.3556
98.3987 47.3574
98.4046 47.3592
98.4104 47.3610
98.4163 47.3628
98.4221 47.3646
98.4280 47.3664
98.4338 47.3682
98.4397 47.3700
98.4455 47.3718
98.4513 47.3736
98.4572 47.3754
98.4630 47.3772
98.4689 47.3790
98.4747 47.3808
98.4806 47.3826
98.4864 47.3844
98.4923 47.3862
98.4981 47.3880
98.5039 47.3898
98.5098 47.3916
98.5156 47.3934
98.5215 47.3952
98.5273 47.3970
98.5332 47.3987
98.5390 47.4005
98.5448 47.4023
98.5507 47.4041
98.5565 47.4059
98.5624 47.4077
98.5682 47.4094
98.5741 47.4112
98.5799 47.4130
98.5858 47.4148
98.5916 47.4166
98.5974 47.4183
98.6033 47.4201
98.6091 47.4219
98.6150 47.4236
98.6208 47.4254
98.6267 47.4272
98.6325 47.4290
98.6383 47.4307
98.6442 47.4325
98.6500 47.4343
98.6559 47.4360
98.6617 47.4378
98.6676 47.4396
98.6734 47.4413
98.6792 47.4431
98.6851 47.4448
98.6909 47.4466
98.6968 47.4484
98.7026 47.4501
98.7085 47.4519
98.7143 47.4536
98.7202 47.4554
98.7260 47.4571
98.7318 47.4589
98.7377 47.4606
98.7435 47.4624
98.7494 47.4641
98.7552 47.4659
98.7611 47.4676
98.7669 47.4694
98.7727 47.4711
98.7786 47.4729
98.7844 47.4746
98.7903 47.4764
98.7961 47.4781
98.8020 47.4798
98.8078 47.4816
98.8136 47.4833
98.8195 47.4851
98.8253 47.4868
98.8312 47.4885
98.8370 47.4903
98.8429 47.4920
98.8487 47.4937
98.8546 47.4955
98.8604 47.4972
98.8662 47.4989
98.8721 47.5007
98.8779 47.5024
98.8838 47.5041
98.8896 47.5058
98.8955 47.5076
98.9013 47.5093
98.9071 47.5110
98.9130 47.5127
98.9188 47.5145
98.9247 47.5162
98.9305 47.5179
98.9364 47.5196
98.9422 47.5213
98.9481 47.5230
98.9539 47.5248
98.9597 47.5265
98.9656 47.5282
98.9714 47.5299
98.9773 47.5316
98.9831 47.5333
98.9890 47.5350
98.9948 47.5367
99.0006 47.5384
99.0065 47.5402
99.0123 47.5419
99.0182 47.5436
99.0240 47.5453
99.0299 47.5470
99.0357 47.5487
99.0416 47.5504
99.0474 47.5521
99.0532 47.5538
99.0591 47.5555
99.0649 47.5572
99.0708 47.5589
99.0766 47.5605
99.0825 47.5622
99.0883 47.5639
99.0942 47.5656
99.1000 47.5673
99.1058 47.5690
99.1117 47.5707
99.1175 47.5724
99.1234 47.5741
99.1292 47.5758
99.1351 47.5774
99.1409 47.5791
99.1467 47.5808
99.1526 47.5825
99.1584 47.5842
99.1643 47.5858
99.1701 47.5875
99.1760 47.5892
99.1818 47.5909
99.1877 47.5926
99.1935 47.5942
99.1993 47.5959
99.2052 47.5976
99.2110 47.5992
99.2169 47.6009
99.2227 47.6026
99.2286 47.6043
99.2344 47.6059
99.2403 47.6076
99.2461 47.6093
99.2519 47.6109
99.2578 47.6126
99.2636 47.6143
99.2695 47.6159
99.2753 47.6176
99.2812 47.6192
99.2870 47.6209
99.2928 47.6226
99.2987 47.6242
99.3045 47.6259
99.3104 47.6275
99.3162 47.6292
99.3221 47.6308
99.3279 47.6325
99.3338 47.6341
99.3396 47.6358
99.3454 47.6374
99.3513 47.6391
99.3571 47.6407
99.3630 47.6424
99.3688 47.6440
99.3747 47.6457
99.3805 47.6473
99.3863 47.6489
99.3922 47.6506
99.3980 47.6522
99.4039 47.6539
99.4097 47.6555
99.4156 47.6571
99.4214 47.6588
99.4273 47.6604
99.4331 47.6621
99.4389 47.6637
99.4448 47.6653
99.4506 47.6670
99.4565 47.6686
99.4623 47.6702
99.4682 47.6718
99.4740 47.6735
99.4799 47.6751
99.4857 47.6767
99.4915 47.6783
99.4974 47.6800
99.5032 47.6816
99.5091 47.6832
99.5149 47.6848
99.5208 47.6865
99.5266 47.6881
99.5324 47.6897
99.5383 47.6913
99.5441 47.6929
99.5500 47.6945
99.5558 47.6962
99.5617 47.6978
99.5675 47.6994
99.5734 47.7010
99.5792 47.7026
99.5850 47.7042
99.5909 47.7058
99.5967 47.7074
99.6026 47.7090
99.6084 47.7106
99.6143 47.7123
99.6201 47.7139
99.6259 47.7155
99.6318 47.7171
99.6376 47.7187
99.6435 47.7203
99.6493 47.7219
99.6552 47.7235
99.6610 47.7251
99.6669 47.7267
99.6727 47.7282
99.6785 47.7298
99.6844 47.7314
99.6902 47.7330
99.6961 47.7346
99.7019 47.7362
99.7078 47.7378
99.7136 47.7394
99.7194 47.7410
99.7253 47.7426
99.7311 47.7441
99.7370 47.7457
99.7428 47.7473
99.7487 47.7489
99.7545 47.7505
99.7603 47.7521
99.7662 47.7536
99.7720 47.7552
99.7779 47.7568
99.7837 47.7584
99.7896 47.7599
99.7954 47.7615
99.8012 47.7631
99.8071 47.7647
99.8129 47.7662
99.8188 47.7678
99.8246 47.7694
99.8305 47.7709
99.8363 47.7725
99.8422 47.7741
99.8480 47.7756
99.8538 47.7772
99.8597 47.7788
99.8655 47.7803
99.8714 47.7819
99.8772 47.7835
99.8831 47.7850
99.8889 47.7866
99.8947 47.7881
99.9006 47.7897
99.9064 47.7913
99.9123 47.7928
99.9181 47.7944
99.9240 47.7959
99.9298 47.7975
99.9356 47.7990
99.9415 47.8006
99.9473 47.8021
99.9532 47.8037
99.9590 47.8052
99.9649 47.8068
99.9707 47.8083
99.9765 47.8099
99.9824 47.8114
99.9882 47.8129
99.9941 47.8145
99.9999 47.8160
100.0058 47.8176
100.0116 47.8191
100.0174 47.8207
100.0233 47.8222
100.0291 47.8237
100.0350 47.8253
100.0408 47.8268
100.0467 47.8283
100.0525 47.8299
100.0583 47.8314
100.0642 47.8329
100.0700 47.8345
100.0759 47.8360
100.0817 47.8375
100.0876 47.8390
100.0934 47.8406
100.0992 47.8421
100.1051 47.8436
100.1109 47.8451
100.1168 47.8467
100.1226 47.8482
100.1285 47.8497
100.1343 47.8512
100.1401 47.8527
100.1460 47.8543
100.1518 47.8558
100.1577 47.8573
100.1635 47.8588
100.1694 47.8603
100.1752 47.8618
100.1810 47.8633
100.1869 47.8649
100.1927 47.8664
100.1986 47.8679
100.2044 47.8694
100.2103 47.8709
100.2161 47.8724
100.2219 47.8739
100.2278 47.8754
100.2336 47.8769
100.2395 47.8784
100.2453 47.8799
100.2512 47.8814
100.2570 47.8829
100.2628 47.8844
100.2687 47.8859
100.2745 47.8874
100.2804 47.8889
100.2862 47.8904
100.2921 47.8919
100.2979 47.8934
100.3037 47.8949
100.3096 47.8964
100.3154 47.8979
100.3213 47.8993
100.3271 47.9008
100.3330 47.9023
100.3388 47.9038
100.3446 47.9053
100.3505 47.9068
100.3563 47.9083
100.3622 47.9097
100.3680 47.9112
100.3739 47.9127
100.3797 47.9142
100.3855 47.9157
100.3914 47.9171
100.3972 47.9186
100.4031 47.9201
100.4089 47.9216
100.4148 47.9230
100.4206 47.9245
100.4264 47.9260
100.4323 47.9275
100.4381 47.9289
100.4440 47.9304
100.4498 47.9319
100.4557 47.9333
100.4615 47.9348
100.4673 47.9363
100.4732 47.9377
100.4790 47.9392
100.4849 47.9407
100.4907 47.9421
100.4966 47.9436
100.5024 47.9451
100.5082 47.9465
100.5141 47.9480
100.5199 47.9494
100.5258 47.9509
100.5316 47.9523
100.5375 47.9538
100.5433 47.9553
100.5491 47.9567
100.5550 47.9582
100.5608 47.9596
100.5667 47.9611
100.5725 47.9625
100.5784 47.9640
100.5842 47.9654
100.5900 47.9668
100.5959 47.9683
100.6017 47.9697
100.6076 47.9712
100.6134 47.9726
100.6193 47.9741
100.6251 47.9755
100.6309 47.9769
100.6368 47.9784
100.6426 47.9798
100.6485 47.9813
100.6543 47.9827
100.6602 47.9841
100.6660 47.9856
100.6718 47.9870
100.6777 47.9884
100.6835 47.9899
100.6894 47.9913
100.6952 47.9927
100.7011 47.9942
100.7069 47.9956
100.7127 47.9970
100.7186 47.9984
100.7244 47.9999
100.7303 48.0013
100.7361 48.0027
100.7420 48.0041
100.7478 48.0056
100.7536 48.0070
100.7595 48.0084
100.7653 48.0098
100.7712 48.0112
100.7770 48.0126
100.7829 48.0141
100.7887 48.0155
100.7945 48.0169
100.8004 48.0183
100.8062 48.0197
100.8121 48.0211
100.8179 48.0225
100.8238 48.0239
100.8296 48.0254
100.8354 48.0268
100.8413 48.0282
100.8471 48.0296
100.8530 48.0310
100.8588 48.0324
100.8647 48.0338
100.8705 48.0352
100.8763 48.0366
100.8822 48.0380
100.8880 48.0394
100.8939 48.0408
100.8997 48.0422
100.9055 48.0436
100.9114 48.0450
100.9172 48.0464
100.9231 48.0478
100.9289 48.0492
100.9348 48.0506
100.9406 48.0519
100.9464 48.0533
100.9523 48.0547
100.9581 48.0561
100.9640 48.0575
100.9698 48.0589
100.9757 48.0603
100.9815 48.0617
100.9873 48.0630
100.9932 48.0644
100.9990 48.0658
101.0049 48.0672
101.0107 48.0686
101.0165 48.0699
101.0224 48.0713
101.0282 48.0727
101.0341 48.0741
101.0399 48.0755
101.0458 48.0768
101.0516 48.0782
101.0574 48.0796
101.0633 48.0809
101.0691 48.0823
101.0750 48.0837
101.0808 48.0851
101.0867 48.0864
101.0925 48.0878
101.0983 48.0892
101.1042 48.0905
101.1100 48.0919
101.1159 48.0933
101.1217 48.0946
101.1275 48.0960
101.1334 48.0973
101.1392 48.0987
101.1451 48.1001
101.1509 48.1014
101.1568 48.1028
101.1626 48.1041
101.1684 48.1055
101.1743 48.1068
101.1801 48.1082
101.1860 48.1095
101.1918 48.1109
101.1976 48.1123
101.2035 48.1136
101.2093 48.1150
101.2152 48.1163
101.2210 48.1176
101.2269 48.1190
101.2327 48.1203
101.2385 48.1217
101.2444 48.1230
101.2502 48.1244
101.2561 48.1257
101.2619 48.1271
101.2677 48.1284
101.2736 48.1297
101.2794 48.1311
101.2853 48.1324
101.2911 48.1337
101.2970 48.1351
101.3028 48.1364
101.3086 48.1378
101.3145 48.1391
101.3203 48.1404
101.3262 48.1417
101.3320 48.1431
101.3378 48.1444
101.3437 48.1457
101.3495 48.1471
101.3554 48.1484
101.3612 48.1497
101.3670 48.1510
101.3729 48.1524
101.3787 48.1537
101.3846 48.1550
101.3904 48.1563
101.3963 48.1577
101.4021 48.1590
101.4079 48.1603
101.4138 48.1616
101.4196 48.1629
101.4255 48.1642
101.4313 48.1656
101.4371 48.1669
101.4430 48.1682
101.4488 48.1695
101.4547 48.1708
101.4605 48.1721
101.4663 48.1734
101.4722 48.1747
101.4780 48.1760
101.4839 48.1773
101.4897 48.1787
101.4956 48.1800
101.5014 48.1813
101.5072 48.1826
101.5131 48.1839
101.5189 48.1852
101.5248 48.1865
101.5306 48.1878
101.5364 48.1891
101.5423 48.1904
101.5481 48.1917
101.5540 48.1930
101.5598 48.1943
101.5656 48.1956
101.5715 48.1968
101.5773 48.1981
101.5832 48.1994
101.5890 48.2007
101.5949 48.2020
101.6007 48.2033
101.6065 48.2046
101.6124 48.2059
101.6182 48.2072
101.6241 48.2085
101.6299 48.2097
101.6357 48.2110
101.6416 48.2123
101.6474 48.2136
101.6533 48.2149
101.6591 48.2161
101.6649 48.2174
101.6708 48.2187
101.6766 48.2200
101.6825 48.2213
101.6883 48.2225
101.6942 48.2238
101.7000 48.2251
101.7058 48.2264
101.7117 48.2276
101.7175 48.2289
101.7234 48.2302
101.7292 48.2314
101.7350 48.2327
101.7409 48.2340
101.7467 48.2352
101.7526 48.2365
101.7584 48.2378
101.7642 48.2390
101.7701 48.2403
101.7759 48.2416
101.7818 48.2428
101.7876 48.2441
101.7934 48.2454
101.7993 48.2466
101.8051 48.2479
101.8110 48.2491
101.8168 48.2504
101.8227 48.2516
101.8285 48.2529
101.8343 48.2542
101.8402 48.2554
101.8460 48.2567
101.8519 48.2579
101.8577 48.2592
101.8635 48.2604
101.8694 48.2617
101.8752 48.2629
101.8811 48.2642
101.8869 48.2654
101.8927 48.2666
101.8986 48.2679
101.9044 48.2691
101.9103 48.2704
101.9161 48.2716
101.9219 48.2729
101.9278 48.2741
101.9336 48.2753
101.9395 48.2766
101.9453 48.2778
101.9512 48.2790
101.9570 48.2803
101.9628 48.2815
101.9687 48.2828
101.9745 48.2840
101.9804 48.2852
101.9862 48.2864
101.9920 48.2877
101.9979 48.2889
102.0037 48.2901
102.0096 48.2914
102.0154 48.2926
102.0212 48.2938
102.0271 48.2950
102.0329 48.2963
102.0388 48.2975
102.0446 48.2987
102.0504 48.2999
102.0563 48.3012
102.0621 48.3024
102.0680 48.3036
102.0738 48.3048
102.0796 48.3060
102.0855 48.3072
102.0913 48.3085
102.0972 48.3097
102.1030 48.3109
102.1089 48.3121
102.1147 48.3133
102.1205 48.3145
102.1264 48.3157
102.1322 48.3170
102.1381 48.3182
102.1439 48.3194
102.1497 48.3206
102.1556 48.3218
102.1614 48.3230
102.1673 48.3242
102.1731 48.3254
102.1789 48.3266
102.1848 48.3278
102.1906 48.3290
102.1965 48.3302
102.2023 48.3314
102.2081 48.3326
102.2140 48.3338
102.2198 48.3350
102.2257 48.3362
102.2315 48.3374
102.2373 48.3386
102.2432 48.3398
102.2490 48.3410
102.2549 48.3422
102.2607 48.3433
102.2665 48.3445
102.2724 48.3457
102.2782 48.3469
102.2841 48.3481
102.2899 48.3493
102.2957 48.3505
102.3016 48.3517
102.3074 48.3528
102.3133 48.3540
102.3191 48.3552
102.3249 48.3564
102.3308 48.3576
102.3366 48.3587
102.3425 48.3599
102.3483 48.3611
102.3541 48.3623
102.3600 48.3635
102.3658 48.3646
102.3717 48.3658
102.3775 48.3670
102.3833 48.3682
102.3892 48.3693
102.3950 48.3705
102.4009 48.3717
102.4067 48.3728
102.4125 48.3740
102.4184 48.3752
102.4242 48.3763
102.4301 48.3775
102.4359 48.3787
102.4417 48.3798
102.4476 48.3810
102.4534 48.3822
102.4593 48.3833
102.4651 48.3845
102.4709 48.3856
102.4768 48.3868
102.4826 48.3880
102.4885 48.3891
102.4943 48.3903
102.5001 48.3914
102.5060 48.3926
102.5118 48.3937
102.5176 48.3949
102.5235 48.3960
102.5293 48.3972
102.5352 48.3983
102.5410 48.3995
102.5468 48.4006
102.5527 48.4018
102.5585 48.4029
102.5644 48.4041
102.5702 48.4052
102.5760 48.4064
102.5819 48.4075
102.5877 48.4087
102.5936 48.4098
102.5994 48.4109
102.6052 48.4121
102.6111 48.4132
102.6169 48.4144
102.6228 48.4155
102.6286 48.4166
102.6344 48.4178
102.6403 48.4189
102.6461 48.4200
102.6519 48.4212
102.6578 48.4223
102.6636 48.4234
102.6695 48.4246
102.6753 48.4257
102.6811 48.4268
102.6870 48.4280
102.6928 48.4291
102.6987 48.4302
102.7045 48.4313
102.7103 48.4325
102.7162 48.4336
102.7220 48.4347
102.7279 48.4358
102.7337 48.4370
102.7395 48.4381
102.7454 48.4392
102.7512 48.4403
102.7570 48.4414
102.7629 48.4426
102.7687 48.4437
102.7746 48.4448
102.7804 48.4459
102.7862 48.4470
102.7921 48.4481
102.7979 48.4493
102.8038 48.4504
102.8096 48.4515
102.8154 48.4526
102.8213 48.4537
102.8271 48.4548
102.8329 48.4559
102.8388 48.4570
102.8446 48.4581
102.8505 48.4592
102.8563 48.4603
102.8621 48.4614
102.8680 48.4625
102.8738 48.4636
102.8797 48.4647
102.8855 48.4658
102.8913 48.4669
102.8972 48.4680
102.9030 48.4691
102.9089 48.4702
102.9147 48.4713
102.9205 48.4724
102.9264 48.4735
102.9322 48.4746
102.9380 48.4757
102.9439 48.4768
102.9497 48.4779
102.9556 48.4790
102.9614 48.4801
102.9672 48.4812
102.9731 48.4823
102.9789 48.4833
102.9848 48.4844
102.9906 48.4855
102.9964 48.4866
103.0023 48.4877
103.0081 48.4888
103.0139 48.4898
103.0198 48.4909
103.0256 48.4920
103.0315 48.4931
103.0373 48.4942
103.0431 48.4952
103.0490 48.4963
103.0548 48.4974
103.0607 48.4985
103.0665 48.4995
103.0723 48.5006
103.0782 48.5017
103.0840 48.5028
103.0898 48.5038
103.0957 48.5049
103.1015 48.5060
103.1074 48.5070
103.1132 48.5081
103.1190 48.5092
103.1249 48.5103
103.1307 48.5113
103.1366 48.5124
103.1424 48.5134
103.1482 48.5145
103.1541 48.5156
103.1599 48.5166
103.1657 48.5177
103.1716 48.5188
103.1774 48.5198
103.1833 48.5209
103.1891 48.5219
103.1949 48.5230
103.2008 48.5240
103.2066 48.5251
103.2125 48.5262
103.2183 48.5272
103.2241 48.5283
103.2300 48.5293
103.2358 48.5304
103.2416 48.5314
103.2475 48.5325
103.2533 48.5335
103.2592 48.5346
103.2650 48.5356
103.2708 48.5367
103.2767 48.5377
103.2825 48.5387
103.2884 48.5398
103.2942 48.5408
103.3000 48.5419
103.3059 48.5429
103.3117 48.5440
103.3175 48.5450
103.3234 48.5460
103.3292 48.5471
103.3351 48.5481
103.3409 48.5491
103.3467 48.5502
103.3526 48.5512
103.3584 48.5522
103.3642 48.5533
103.3701 48.5543
103.3759 48.5553
103.3818 48.5564
103.3876 48.5574
103.3934 48.5584
103.3993 48.5595
103.4051 48.5605
103.4110 48.5615
103.4168 48.5625
103.4226 48.5636
103.4285 48.5646
103.4343 48.5656
103.4401 48.5666
103.4460 48.5677
103.4518 48.5687
103.4577 48.5697
103.4635 48.5707
103.4693 48.5717
103.4752 48.5728
103.4810 48.5738
103.4868 48.5748
103.4927 48.5758
103.4985 48.5768
103.5044 48.5778
103.5102 48.5789
103.5160 48.5799
103.5219 48.5809
103.5277 48.5819
103.5335 48.5829
103.5394 48.5839
103.5452 48.5849
103.5511 48.5859
103.5569 48.5869
103.5627 48.5879
103.5686 48.5889
103.5744 48.5899
103.5802 48.5910
103.5861 48.5920
103.5919 48.5930
103.5978 48.5940
103.6036 48.5950
103.6094 48.5960
103.6153 48.5970
103.6211 48.5980
103.6269 48.5990
103.6328 48.6000
103.6386 48.6009
103.6445 48.6019
103.6503 48.6029
103.6561 48.6039
103.6620 48.6049
103.6678 48.6059
103.6736 48.6069
103.6795 48.6079
103.6853 48.6089
103.6912 48.6099
103.6970 48.6109
103.7028 48.6118
103.7087 48.6128
103.7145 48.6138
103.7203 48.6148
103.7262 48.6158
103.7320 48.6168
103.7378 48.6178
103.7437 48.6187
103.7495 48.6197
103.7554 48.6207
103.7612 48.6217
103.7670 48.6227
103.7729 48.6236
103.7787 48.6246
103.7845 48.6256
103.7904 48.6266
103.7962 48.6275
103.8021 48.6285
103.8079 48.6295
103.8137 48.6305
103.8196 48.6314
103.8254 48.6324
103.8312 48.6334
103.8371 48.6343
103.8429 48.6353
103.8487 48.6363
103.8546 48.6372
103.8604 48.6382
103.8663 48.6392
103.8721 48.6401
103.8779 48.6411
103.8838 48.6421
103.8896 48.6430
103.8954 48.6440
103.9013 48.6449
103.9071 48.6459
103.9129 48.6469
103.9188 48.6478
103.9246 48.6488
103.9305 48.6497
103.9363 48.6507
103.9421 48.6516
103.9480 48.6526
103.9538 48.6535
103.9596 48.6545
103.9655 48.6554
103.9713 48.6564
103.9771 48.6574
103.9830 48.6583
103.9888 48.6592
103.9947 48.6602
104.0005 48.6611
104.0063 48.6621
104.0122 48.6630
104.0180 48.6640
104.0238 48.6649
104.0297 48.6659
104.0355 48.6668
104.0413 48.6678
104.0472 48.6687
104.0530 48.6696
104.0588 48.6706
104.0647 48.6715
104.0705 48.6724
104.0764 48.6734
104.0822 48.6743
104.0880 48.6753
104.0939 48.6762
104.0997 48.6771
104.1055 48.6781
104.1114 48.6790
104.1172 48.6799
104.1230 48.6809
104.1289 48.6818
104.1347 48.6827
104.1405 48.6836
104.1464 48.6846
104.1522 48.6855
104.1581 48.6864
104.1639 48.6873
104.1697 48.6883
104.1756 48.6892
104.1814 48.6901
104.1872 48.6910
104.1931 48.6920
104.1989 48.6929
104.2047 48.6938
104.2106 48.6947
104.2164 48.6956
104.2223 48.6966
104.2281 48.6975
104.2339 48.6984
104.2398 48.6993
104.2456 48.7002
104.2514 48.7011
104.2573 48.7020
104.2631 48.7030
104.2689 48.7039
104.2748 48.7048
104.2806 48.7057
104.2864 48.7066
104.2923 48.7075
104.2981 48.7084
104.3039 48.7093
104.3098 48.7102
104.3156 48.7111
104.3215 48.7120
104.3273 48.7129
104.3331 48.7139
104.3390 48.7148
104.3448 48.7157
104.3506 48.7166
104.3565 48.7175
104.3623 48.7184
104.3681 48.7193
104.3740 48.7202
104.3798 48.7210
104.3856 48.7219
104.3915 48.7228
104.3973 48.7237
104.4032 48.7246
104.4090 48.7255
104.4148 48.7264
104.4207 48.7273
104.4265 48.7282
104.4323 48.7291
104.4382 48.7300
104.4440 48.7309
104.4498 48.7318
104.4557 48.7326
104.4615 48.7335
104.4673 48.7344
104.4732 48.7353
104.4790 48.7362
104.4849 48.7371
104.4907 48.7380
104.4965 48.7388
104.5024 48.7397
104.5082 48.7406
104.5140 48.7415
104.5199 48.7424
104.5257 48.7432
104.5315 48.7441
104.5374 48.7450
104.5432 48.7459
104.5490 48.7467
104.5549 48.7476
104.5607 48.7485
104.5665 48.7494
104.5724 48.7502
104.5782 48.7511
104.5841 48.7520
104.5899 48.7528
104.5957 48.7537
104.6016 48.7546
104.6074 48.7555
104.6132 48.7563
104.6191 48.7572
104.6249 48.7581
104.6307 48.7589
104.6366 48.7598
104.6424 48.7606
104.6482 48.7615
104.6541 48.7624
104.6599 48.7632
104.6657 48.7641
104.6716 48.7650
104.6774 48.7658
104.6832 48.7667
104.6891 48.7675
104.6949 48.7684
104.7008 48.7692
104.7066 48.7701
104.7124 48.7710
104.7183 48.7718
104.7241 48.7727
104.7299 48.7735
104.7358 48.7744
104.7416 48.7752
104.7474 48.7761
104.7533 48.7769
104.7591 48.7778
104.7649 48.7786
104.7708 48.7795
104.7766 48.7803
104.7824 48.7812
104.7883 48.7820
104.7941 48.7828
104.7999 48.7837
104.8058 48.7845
104.8116 48.7854
104.8174 48.7862
104.8233 48.7871
104.8291 48.7879
104.8350 48.7887
104.8408 48.7896
104.8466 48.7904
104.8525 48.7912
104.8583 48.7921
104.8641 48.7929
104.8700 48.7937
104.8758 48.7946
104.8816 48.7954
104.8875 48.7962
104.8933 48.7971
104.8991 48.7979
104.9050 48.7987
104.9108 48.7996
104.9166 48.8004
104.9225 48.8012
104.9283 48.8021
104.9341 48.8029
104.9400 48.8037
104.9458 48.8045
104.9516 48.8054
104.9575 48.8062
104.9633 48.8070
104.9691 48.8078
104.9750 48.8086
104.9808 48.8095
104.9866 48.8103
104.9925 48.8111
104.9983 48.8119
105.0041 48.8127
105.0100 48.8136
105.0158 48.8144
105.0217 48.8152
105.0275 48.8160
105.0333 48.8168
105.0392 48.8176
105.0450 48.8185
105.0508 48.8193
105.0567 48.8201
105.0625 48.8209
105.0683 48.8217
105.0742 48.8225
105.0800 48.8233
105.0858 48.8241
105.0917 48.8249
105.0975 48.8257
105.1033 48.8265
105.1092 48.8273
105.1150 48.8282
105.1208 48.8290
105.1267 48.8298
105.1325 48.8306
105.1383 48.8314
105.1442 48.8322
105.1500 48.8330
105.1558 48.8338
105.1617 48.8346
105.1675 48.8354
105.1733 48.8362
105.1792 48.8369
105.1850 48.8377
105.1908 48.8385
105.1967 48.8393
105.2025 48.8401
105.2083 48.8409
105.2142 48.8417
105.2200 48.8425
105.2258 48.8433
105.2317 48.8441
105.2375 48.8449
105.2433 48.8457
105.2492 48.8464
105.2550 48.8472
105.2608 48.8480
105.2667 48.8488
105.2725 48.8496
105.2783 48.8504
105.2842 48.8512
105.2900 48.8519
105.2958 48.8527
105.3017 48.8535
105.3075 48.8543
105.3133 48.8551
105.3192 48.8558
105.3250 48.8566
105.3308 48.8574
105.3367 48.8582
105.3425 48.8590
105.3483 48.8597
105.3542 48.8605
105.3600 48.8613
105.3658 48.8621
105.3717 48.8628
105.3775 48.8636
105.3833 48.8644
105.3892 48.8651
105.3950 48.8659
105.4008 48.8667
105.4067 48.8674
105.4125 48.8682
105.4183 48.8690
105.4241 48.8698
105.4300 48.8705
105.4358 48.8713
105.4416 48.8720
105.4475 48.8728
105.4533 48.8736
105.4591 48.8743
105.4650 48.8751
105.4708 48.8759
105.4766 48.8766
105.4825 48.8774
105.4883 48.8781
105.4941 48.8789
105.5000 48.8797
105.5058 48.8804
105.5116 48.8812
105.5175 48.8819
105.5233 48.8827
105.5291 48.8834
105.5350 48.8842
105.5408 48.8849
105.5466 48.8857
105.5525 48.8864
105.5583 48.8872
105.5641 48.8879
105.5700 48.8887
105.5758 48.8894
105.5816 48.8902
105.5875 48.8909
105.5933 48.8917
105.5991 48.8924
105.6050 48.8932
105.6108 48.8939
105.6166 48.8947
105.6225 48.8954
105.6283 48.8961
105.6341 48.8969
105.6400 48.8976
105.6458 48.8984
105.6516 48.8991
105.6574 48.8998
105.6633 48.9006
105.6691 48.9013
105.6749 48.9020
105.6808 48.9028
105.6866 48.9035
105.6924 48.9043
105.6983 48.9050
105.7041 48.9057
105.7099 48.9065
105.7158 48.9072
105.7216 48.9079
105.7274 48.9086
105.7333 48.9094
105.7391 48.9101
105.7449 48.9108
105.7508 48.9116
105.7566 48.9123
105.7624 48.9130
105.7683 48.9137
105.7741 48.9145
105.7799 48.9152
105.7858 48.9159
105.7916 48.9166
105.7974 48.9174
105.8033 48.9181
105.8091 48.9188
105.8149 48.9195
105.8208 48.9202
105.8266 48.9210
105.8324 48.9217
105.8382 48.9224
105.8441 48.9231
105.8499 48.9238
105.8557 48.9245
105.8616 48.9253
105.8674 48.9260
105.8732 48.9267
105.8791 48.9274
105.8849 48.9281
105.8907 48.9288
105.8966 48.9295
105.9024 48.9302
105.9082 48.9309
105.9141 48.9317
105.9199 48.9324
105.9257 48.9331
105.9316 48.9338
105.9374 48.9345
105.9432 48.9352
105.9491 48.9359
105.9549 48.9366
105.9607 48.9373
105.9666 48.9380
105.9724 48.9387
105.9782 48.9394
105.9840 48.9401
105.9899 48.9408
105.9957 48.9415
106.0015 48.9422
106.0074 48.9429
106.0132 48.9436
106.0190 48.9443
106.0249 48.9450
106.0307 48.9457
106.0365 48.9464
106.0424 48.9471
106.0482 48.9478
106.0540 48.9485
106.0599 48.9491
106.0657 48.9498
106.0715 48.9505
106.0774 48.9512
106.0832 48.9519
106.0890 48.9526
106.0948 48.9533
106.1007 48.9540
106.1065 48.9547
106.1123 48.9553
106.1182 48.9560
106.1240 48.9567
106.1298 48.9574
106.1357 48.9581
106.1415 48.9588
106.1473 48.9594
106.1532 48.9601
106.1590 48.9608
106.1648 48.9615
106.1707 48.9622
106.1765 48.9628
106.1823 48.9635
106.1882 48.9642
106.1940 48.9649
106.1998 48.9655
106.2056 48.9662
106.2115 48.9669
106.2173 48.9676
106.2231 48.9682
106.2290 48.9689
106.2348 48.9696
106.2406 48.9703
106.2465 48.9709
106.2523 48.9716
106.2581 48.9723
106.2640 48.9729
106.2698 48.9736
106.2756 48.9743
106.2815 48.9749
106.2873 48.9756
106.2931 48.9763
106.2989 48.9769
106.3048 48.9776
106.3106 48.9783
106.3164 48.9789
106.3223 48.9796
106.3281 48.9802
106.3339 48.9809
106.3398 48.9816
106.3456 48.9822
106.3514 48.9829
106.3573 48.9835
106.3631 48.9842
106.3689 48.9848
106.3747 48.9855
106.3806 48.9862
106.3864 48.9868
106.3922 48.9875
106.3981 48.9881
106.4039 48.9888
106.4097 48.9894
106.4156 48.9901
106.4214 48.9907
106.4272 48.9914
106.4331 48.9920
106.4389 48.9927
106.4447 48.9933
106.4505 48.9940
106.4564 48.9946
106.4622 48.9953
106.4680 48.9959
106.4739 48.9966
106.4797 48.9972
106.4855 48.9978
106.4914 48.9985
106.4972 48.9991
106.5030 48.9998
106.5089 49.0004
106.5147 49.0011
106.5205 49.0017
106.5263 49.0023
106.5322 49.0030
106.5380 49.0036
106.5438 49.0042
106.5497 49.0049
106.5555 49.0055
106.5613 49.0061
106.5672 49.0068
106.5730 49.0074
106.5788 49.0081
106.5846 49.0087
106.5905 49.0093
106.5963 49.0099
106.6021 49.0106
106.6080 49.0112
106.6138 49.0118
106.6196 49.0125
106.6255 49.0131
106.6313 49.0137
106.6371 49.0143
106.6429 49.0150
106.6488 49.0156
106.6546 49.0162
106.6604 49.0168
106.6663 49.0175
106.6721 49.0181
106.6779 49.0187
106.6838 49.0193
106.6896 49.0200
106.6954 49.0206
106.7012 49.0212
106.7071 49.0218
106.7129 49.0224
106.7187 49.0231
106.7246 49.0237
106.7304 49.0243
106.7362 49.0249
106.7421 49.0255
106.7479 49.0261
106.7537 49.0267
106.7595 49.0274
106.7654 49.0280
106.7712 49.0286
106.7770 49.0292
106.7829 49.0298
106.7887 49.0304
106.7945 49.0310
106.8003 49.0316
106.8062 49.0322
106.8120 49.0329
106.8178 49.0335
106.8237 49.0341
106.8295 49.0347
106.8353 49.0353
106.8412 49.0359
106.8470 49.0365
106.8528 49.0371
106.8586 49.0377
106.8645 49.0383
106.8703 49.0389
106.8761 49.0395
106.8820 49.0401
106.8878 49.0407
106.8936 49.0413
106.8994 49.0419
106.9053 49.0425
106.9111 49.0431
106.9169 49.0437
106.9228 49.0443
106.9286 49.0449
106.9344 49.0455
106.9402 49.0461
106.9461 49.0467
106.9519 49.0472
106.9577 49.0478
106.9636 49.0484
106.9694 49.0490
106.9752 49.0496
106.9810 49.0502
106.9869 49.0508
106.9927 49.0514
106.9985 49.0520
107.0044 49.0526
107.0102 49.0531
107.0160 49.0537
107.0219 49.0543
107.0277 49.0549
107.0335 49.0555
107.0393 49.0561
107.0452 49.0566
107.0510 49.0572
107.0568 49.0578
107.0627 49.0584
107.0685 49.0590
107.0743 49.0595
107.0801 49.0601
107.0860 49.0607
107.0918 49.0613
107.0976 49.0619
107.1035 49.0624
107.1093 49.0630
107.1151 49.0636
107.1209 49.0642
107.1268 49.0647
107.1326 49.0653
107.1384 49.0659
107.1443 49.0665
107.1501 49.0670
107.1559 49.0676
107.1617 49.0682
107.1676 49.0687
107.1734 49.0693
107.1792 49.0699
107.1851 49.0704
107.1909 49.0710
107.1967 49.0716
107.2025 49.0721
107.2084 49.0727
107.2142 49.0733
107.2200 49.0738
107.2259 49.0744
107.2317 49.0750
107.2375 49.0755
107.2434 49.0761
107.2492 49.0767
107.2550 49.0772
107.2608 49.0778
107.2667 49.0783
107.2725 49.0789
107.2783 49.0794
107.2842 49.0800
107.2900 49.0806
107.2958 49.0811
107.3016 49.0817
107.3075 49.0822
107.3133 49.0828
107.3191 49.0833
107.3250 49.0839
107.3308 49.0844
107.3366 49.0850
107.3424 49.0856
107.3483 49.0861
107.3541 49.0867
107.3599 49.0872
107.3658 49.0878
107.3716 49.0883
107.3774 49.0888
107.3832 49.0894
107.3891 49.0899
107.3949 49.0905
107.4007 49.0910
107.4066 49.0916
107.4124 49.0921
107.4182 49.0927
107.4240 49.0932
107.4299 49.0938
107.4357 49.0943
107.4415 49.0948
107.4473 49.0954
107.4532 49.0959
107.4590 49.0965
107.4648 49.0970
107.4707 49.0975
107.4765 49.0981
107.4823 49.0986
107.4881 49.0991
107.4940 49.0997
107.4998 49.1002
107.5056 49.1008
107.5115 49.1013
107.5173 49.1018
107.5231 49.1024
107.5289 49.1029
107.5348 49.1034
107.5406 49.1039
107.5464 49.1045
107.5523 49.1050
107.5581 49.1055
107.5639 49.1061
107.5697 49.1066
107.5756 49.1071
107.5814 49.1077
107.5872 49.1082
107.5931 49.1087
107.5989 49.1092
107.6047 49.1098
107.6105 49.1103
107.6164 49.1108
107.6222 49.1113
107.6280 49.1118
107.6339 49.1124
107.6397 49.1129
107.6455 49.1134
107.6513 49.1139
107.6572 49.1145
107.6630 49.1150
107.6688 49.1155
107.6746 49.1160
107.6805 49.1165
107.6863 49.1170
107.6921 49.1176
107.6980 49.1181
107.7038 49.1186
107.7096 49.1191
107.7154 49.1196
107.7213 49.1201
107.7271 49.1206
107.7329 49.1212
107.7388 49.1217
107.7446 49.1222
107.7504 49.1227
107.7562 49.1232
107.7621 49.1237
107.7679 49.1242
107.7737 49.1247
107.7795 49.1252
107.7854 49.1257
107.7912 49.1262
107.7970 49.1267
107.8029 49.1273
107.8087 49.1278
107.8145 49.1283
107.8203 49.1288
107.8262 49.1293
107.8320 49.1298
107.8378 49.1303
107.8436 49.1308
107.8495 49.1313
107.8553 49.1318
107.8611 49.1323
107.8670 49.1328
107.8728 49.1333
107.8786 49.1338
107.8844 49.1343
107.8903 49.1348
107.8961 49.1353
107.9019 49.1358
107.9077 49.1362
107.9136 49.1367
107.9194 49.1372
107.9252 49.1377
107.9311 49.1382
107.9369 49.1387
107.9427 49.1392
107.9485 49.1397
107.9544 49.1402
107.9602 49.1407
107.9660 49.1412
107.9718 49.1417
107.9777 49.1421
107.9835 49.1426
107.9893 49.1431
107.9952 49.1436
108.0010 49.1441
108.0068 49.1446
108.0126 49.1451
108.0185 49.1455
108.0243 49.1460
108.0301 49.1465
108.0359 49.1470
108.0418 49.1475
108.0476 49.1480
108.0534 49.1484
108.0592 49.1489
108.0651 49.1494
108.0709 49.1499
108.0767 49.1503
108.0826 49.1508
108.0884 49.1513
108.0942 49.1518
108.1000 49.1523
108.1059 49.1527
108.1117 49.1532
108.1175 49.1537
108.1233 49.1542
108.1292 49.1546
108.1350 49.1551
108.1408 49.1556
108.1466 49.1560
108.1525 49.1565
108.1583 49.1570
108.1641 49.1575
108.1700 49.1579
108.1758 49.1584
108.1816 49.1589
108.1874 49.1593
108.1933 49.1598
108.1991 49.1603
108.2049 49.1607
108.2107 49.1612
108.2166 49.1617
108.2224 49.1621
108.2282 49.1626
108.2340 49.1631
108.2399 49.1635
108.2457 49.1640
108.2515 49.1644
108.2573 49.1649
108.2632 49.1654
108.2690 49.1658
108.2748 49.1663
108.2806 49.1667
108.2865 49.1672
108.2923 49.1677
108.2981 49.1681
108.3040 49.1686
108.3098 49.1690
108.3156 49.1695
108.3214 49.1699
108.3273 49.1704
108.3331 49.1708
108.3389 49.1713
108.3447 49.1718
108.3506 49.1722
108.3564 49.1727
108.3622 49.1731
108.3680 49.1736
108.3739 49.1740
108.3797 49.1745
108.3855 49.1749
108.3913 49.1754
108.3972 49.1758
108.4030 49.1762
108.4088 49.1767
108.4146 49.1771
108.4205 49.1776
108.4263 49.1780
108.4321 49.1785
108.4379 49.1789
108.4438 49.1794
108.4496 49.1798
108.4554 49.1803
108.4613 49.1807
108.4671 49.1811
108.4729 49.1816
108.4787 49.1820
108.4846 49.1825
108.4904 49.1829
108.4962 49.1833
108.5020 49.1838
108.5079 49.1842
108.5137 49.1846
108.5195 49.1851
108.5253 49.1855
108.5312 49.1860
108.5370 49.1864
108.5428 49.1868
108.5486 49.1873
108.5545 49.1877
108.5603 49.1881
108.5661 49.1886
108.5719 49.1890
108.5778 49.1894
108.5836 49.1898
108.5894 49.1903
108.5952 49.1907
108.6011 49.1911
108.6069 49.1916
108.6127 49.1920
108.6185 49.1924
108.6244 49.1928
108.6302 49.1933
108.6360 49.1937
108.6418 49.1941
108.6477 49.1946
108.6535 49.1950
108.6593 49.1954
108.6651 49.1958
108.6710 49.1962
108.6768 49.1967
108.6826 49.1971
108.6885 49.1975
108.6943 49.1979
108.7001 49.1984
108.7059 49.1988
108.7118 49.1992
108.7176 49.1996
108.7234 49.2000
108.7292 49.2004
108.7351 49.2009
108.7409 49.2013
108.7467 49.2017
108.7525 49.2021
108.7584 49.2025
108.7642 49.2029
108.7700 49.2034
108.7758 49.2038
108.7817 49.2042
108.7875 49.2046
108.7933 49.2050
108.7991 49.2054
108.8050 49.2058
108.8108 49.2062
108.8166 49.2066
108.8224 49.2071
108.8283 49.2075
108.8341 49.2079
108.8399 49.2083
108.8457 49.2087
108.8516 49.2091
108.8574 49.2095
108.8632 49.2099
108.8690 49.2103
108.8749 49.2107
108.8807 49.2111
108.8865 49.2115
108.8923 49.2119
108.8982 49.2123
108.9040 49.2127
108.9098 49.2131
108.9156 49.2135
108.9215 49.2139
108.9273 49.2143
108.9331 49.2147
108.9389 49.2151
108.9448 49.2155
108.9506 49.2159
108.9564 49.2163
108.9622 49.2167
108.9681 49.2171
108.9739 49.2175
108.9797 49.2179
108.9855 49.2183
108.9914 49.2187
108.9972 49.2191
109.0030 49.2195
109.0088 49.2199
109.0147 49.2203
109.0205 49.2207
109.0263 49.2210
109.0321 49.2214
109.0380 49.2218
109.0438 49.2222
109.0496 49.2226
109.0554 49.2230
109.0613 49.2234
109.0671 49.2238
109.0729 49.2242
109.0787 49.2245
109.0846 49.2249
109.0904 49.2253
109.0962 49.2257
109.1020 49.2261
109.1079 49.2265
109.1137 49.2269
109.1195 49.2272
109.1253 49.2276
109.1312 49.2280
109.1370 49.2284
109.1428 49.2288
109.1486 49.2291
109.1545 49.2295
109.1603 49.2299
109.1661 49.2303
109.1719 49.2307
109.1778 49.2310
109.1836 49.2314
109.1894 49.2318
109.1952 49.2322
109.2011 49.2325
109.2069 49.2329
109.2127 49.2333
109.2185 49.2337
109.2244 49.2340
109.2302 49.2344
109.2360 49.2348
109.2418 49.2352
109.2477 49.2355
109.2535 49.2359
109.2593 49.2363
109.2651 49.2366
109.2710 49.2370
109.2768 49.2374
109.2826 49.2378
109.2884 49.2381
109.2943 49.2385
109.3001 49.2389
109.3059 49.2392
109.3117 49.2396
109.3175 49.2400
109.3234 49.2403
109.3292 49.2407
109.3350 49.2411
109.3408 49.2414
109.3467 49.2418
109.3525 49.2421
109.3583 49.2425
109.3641 49.2429
109.3700 49.2432
109.3758 49.2436
109.3816 49.2440
109.3874 49.2443
109.3933 49.2447
109.3991 49.2450
109.4049 49.2454
109.4107 49.2457
109.4166 49.2461
109.4224 49.2465
109.4282 49.2468
109.4340 49.2472
109.4399 49.2475
109.4457 49.2479
109.4515 49.2482
109.4573 49.2486
109.4632 49.2490
109.4690 49.2493
109.4748 49.2497
109.4806 49.2500
109.4864 49.2504
109.4923 49.2507
109.4981 49.2511
109.5039 49.2514
109.5097 49.2518
109.5156 49.2521
109.5214 49.2525
109.5272 49.2528
109.5330 49.2532
109.5389 49.2535
109.5447 49.2539
109.5505 49.2542
109.5563 49.2545
109.5622 49.2549
109.5680 49.2552
109.5738 49.2556
109.5796 49.2559
109.5855 49.2563
109.5913 49.2566
109.5971 49.2570
109.6029 49.2573
109.6087 49.2576
109.6146 49.2580
109.6204 49.2583
109.6262 49.2587
109.6320 49.2590
109.6379 49.2593
109.6437 49.2597
109.6495 49.2600
109.6553 49.2604
109.6612 49.2607
109.6670 49.2610
109.6728 49.2614
109.6786 49.2617
109.6844 49.2620
109.6903 49.2624
109.6961 49.2627
109.7019 49.2630
109.7077 49.2634
109.7136 49.2637
109.7194 49.2640
109.7252 49.2644
109.7310 49.2647
109.7369 49.2650
109.7427 49.2654
109.7485 49.2657
109.7543 49.2660
109.7602 49.2664
109.7660 49.2667
109.7718 49.2670
109.7776 49.2673
109.7834 49.2677
109.7893 49.2680
109.7951 49.2683
109.8009 49.2687
109.8067 49.2690
109.8126 49.2693
109.8184 49.2696
109.8242 49.2700
109.8300 49.2703
109.8358 49.2706
109.8417 49.2709
109.8475 49.2712
109.8533 49.2716
109.8591 49.2719
109.8650 49.2722
109.8708 49.2725
109.8766 49.2729
109.8824 49.2732
109.8883 49.2735
109.8941 49.2738
109.8999 49.2741
109.9057 49.2744
109.9115 49.2748
109.9174 49.2751
109.9232 49.2754
109.9290 49.2757
109.9348 49.2760
109.9407 49.2763
109.9465 49.2767
109.9523 49.2770
109.9581 49.2773
109.9640 49.2776
109.9698 49.2779
109.9756 49.2782
109.9814 49.2785
109.9872 49.2789
109.9931 49.2792
109.9989 49.2795
110.0047 49.2798
110.0105 49.2801
110.0164 49.2804
110.0222 49.2807
110.0280 49.2810
110.0338 49.2813
110.0396 49.2816
110.0455 49.2819
110.0513 49.2822
110.0571 49.2826
110.0629 49.2829
110.0688 49.2832
110.0746 49.2835
110.0804 49.2838
110.0862 49.2841
110.0921 49.2844
110.0979 49.2847
110.1037 49.2850
110.1095 49.2853
110.1153 49.2856
110.1212 49.2859
110.1270 49.2862
110.1328 49.2865
110.1386 49.2868
110.1445 49.2871
110.1503 49.2874
110.1561 49.2877
110.1619 49.2880
110.1677 49.2883
110.1736 49.2886
110.1794 49.2889
110.1852 49.2892
110.1910 49.2895
110.1969 49.2898
110.2027 49.2901
110.2085 49.2904
110.2143 49.2907
110.2202 49.2909
110.2260 49.2912
110.2318 49.2915
110.2376 49.2918
110.2434 49.2921
110.2493 49.2924
110.2551 49.2927
110.2609 49.2930
110.2667 49.2933
110.2726 49.2936
110.2784 49.2939
110.2842 49.2941
110.2900 49.2944
110.2958 49.2947
110.3017 49.2950
110.3075 49.2953
110.3133 49.2956
110.3191 49.2959
110.3250 49.2962
110.3308 49.2964
110.3366 49.2967
110.3424 49.2970
110.3482 49.2973
110.3541 49.2976
110.3599 49.2979
110.3657 49.2981
110.3715 49.2984
110.3774 49.2987
110.3832 49.2990
110.3890 49.2993
110.3948 49.2996
110.4007 49.2998
110.4065 49.3001
110.4123 49.3004
110.4181 49.3007
110.4239 49.3009
110.4298 49.3012
110.4356 49.3015
110.4414 49.3018
110.4472 49.3021
110.4531 49.3023
110.4589 49.3026
110.4647 49.3029
110.4705 49.3032
110.4763 49.3034
110.4822 49.3037
110.4880 49.3040
110.4938 49.3043
110.4996 49.3045
110.5055 49.3048
110.5113 49.3051
110.5171 49.3053
110.5229 49.3056
110.5287 49.3059
110.5346 49.3062
110.5404 49.3064
110.5462 49.3067
110.5520 49.3070
110.5579 49.3072
110.5637 49.3075
110.5695 49.3078
110.5753 49.3080
110.5811 49.3083
110.5870 49.3086
110.5928 49.3088
110.5986 49.3091
110.6044 49.3094
110.6103 49.3096
110.6161 49.3099
110.6219 49.3102
110.6277 49.3104
110.6335 49.3107
110.6394 49.3109
110.6452 49.3112
110.6510 49.3115
110.6568 49.3117
110.6627 49.3120
110.6685 49.3123
110.6743 49.3125
110.6801 49.3128
110.6859 49.3130
110.6918 49.3133
110.6976 49.3136
110.7034 49.3138
110.7092 49.3141
110.7150 49.3143
110.7209 49.3146
110.7267 49.3148
110.7325 49.3151
110.7383 49.3154
110.7442 49.3156
110.7500 49.3159
110.7558 49.3161
110.7616 49.3164
110.7674 49.3166
110.7733 49.3169
110.7791 49.3171
110.7849 49.3174
110.7907 49.3176
110.7966 49.3179
110.8024 49.3181
110.8082 49.3184
110.8140 49.3186
110.8198 49.3189
110.8257 49.3191
110.8315 49.3194
110.8373 49.3196
110.8431 49.3199
110.8489 49.3201
110.8548 49.3204
110.8606 49.3206
110.8664 49.3209
110.8722 49.3211
110.8781 49.3214
110.8839 49.3216
110.8897 49.3219
110.8955 49.3221
110.9013 49.3223
110.9072 49.3226
110.9130 49.3228
110.9188 49.3231
110.9246 49.3233
110.9305 49.3236
110.9363 49.3238
110.9421 49.3240
110.9479 49.3243
110.9537 49.3245
110.9596 49.3248
110.9654 49.3250
110.9712 49.3252
110.9770 49.3255
110.9828 49.3257
110.9887 49.3260
110.9945 49.3262
111.0003 49.3264
111.0061 49.3267
111.0120 49.3269
111.0178 49.3271
111.0236 49.3274
111.0294 49.3276
111.0352 49.3278
111.0411 49.3281
111.0469 49.3283
111.0527 49.3286
111.0585 49.3288
111.0643 49.3290
111.0702 49.3293
111.0760 49.3295
111.0818 49.3297
111.0876 49.3299
111.0934 49.3302
111.0993 49.3304
111.1051 49.3306
111.1109 49.3309
111.1167 49.3311
111.1226 49.3313
111.1284 49.3316
111.1342 49.3318
111.1400 49.3320
111.1458 49.3322
111.1517 49.3325
111.1575 49.3327
111.1633 49.3329
111.1691 49.3331
111.1749 49.3334
111.1808 49.3336
111.1866 49.3338
111.1924 49.3340
111.1982 49.3343
111.2040 49.3345
111.2099 49.3347
111.2157 49.3349
111.2215 49.3352
111.2273 49.3354
111.2331 49.3356
111.2390 49.3358
111.2448 49.3360
111.2506 49.3363
111.2564 49.3365
111.2623 49.3367
111.2681 49.3369
111.2739 49.3371
111.2797 49.3374
111.2855 49.3376
111.2914 49.3378
111.2972 49.3380
111.3030 49.3382
111.3088 49.3385
111.3146 49.3387
111.3205 49.3389
111.3263 49.3391
111.3321 49.3393
111.3379 49.3395
111.3437 49.3397
111.3496 49.3400
111.3554 49.3402
111.3612 49.3404
111.3670 49.3406
111.3728 49.3408
111.3787 49.3410
111.3845 49.3412
111.3903 49.3415
111.3961 49.3417
111.4019 49.3419
111.4078 49.3421
111.4136 49.3423
111.4194 49.3425
111.4252 49.3427
111.4310 49.3429
111.4369 49.3431
111.4427 49.3433
111.4485 49.3435
111.4543 49.3438
111.4602 49.3440
111.4660 49.3442
111.4718 49.3444
111.4776 49.3446
111.4834 49.3448
111.4893 49.3450
111.4951 49.3452
111.5009 49.3454
111.5067 49.3456
111.5125 49.3458
111.5184 49.3460
111.5242 49.3462
111.5300 49.3464
111.5358 49.3466
111.5416 49.3468
111.5475 49.3470
111.5533 49.3472
111.5591 49.3474
111.5649 49.3476
111.5707 49.3478
111.5766 49.3480
111.5824 49.3482
111.5882 49.3484
111.5940 49.3486
111.5998 49.3488
111.6057 49.3490
111.6115 49.3492
111.6173 49.3494
111.6231 49.3496
111.6289 49.3498
111.6348 49.3500
111.6406 49.3502
111.6464 49.3504
111.6522 49.3506
111.6580 49.3508
111.6639 49.3510
111.6697 49.3512
111.6755 49.3514
111.6813 49.3516
111.6871 49.3517
111.6930 49.3519
111.6988 49.3521
111.7046 49.3523
111.7104 49.3525
111.7162 49.3527
111.7221 49.3529
111.7279 49.3531
111.7337 49.3533
111.7395 49.3535
111.7454 49.3537
111.7512 49.3538
111.7570 49.3540
111.7628 49.3542
111.7686 49.3544
111.7745 49.3546
111.7803 49.3548
111.7861 49.3550
111.7919 49.3552
111.7977 49.3553
111.8036 49.3555
111.8094 49.3557
111.8152 49.3559
111.8210 49.3561
111.8268 49.3563
111.8327 49.3565
111.8385 49.3566
111.8443 49.3568
111.8501 49.3570
111.8559 49.3572
111.8618 49.3574
111.8676 49.3575
111.8734 49.3577
111.8792 49.3579
111.8850 49.3581
111.8909 49.3583
111.8967 49.3585
111.9025 49.3586
111.9083 49.3588
111.9141 49.3590
111.9200 49.3592
111.9258 49.3593
111.9316 49.3595
111.9374 49.3597
111.9432 49.3599
111.9491 49.3601
111.9549 49.3602
111.9607 49.3604
111.9665 49.3606
111.9723 49.3608
111.9782 49.3609
111.9840 49.3611
111.9898 49.3613
111.9956 49.3615
112.0014 49.3616
112.0073 49.3618
112.0131 49.3620
112.0189 49.3622
112.0247 49.3623
112.0305 49.3625
112.0364 49.3627
112.0422 49.3628
112.0480 49.3630
112.0538 49.3632
112.0596 49.3634
112.0655 49.3635
112.0713 49.3637
112.0771 49.3639
112.0829 49.3640
112.0887 49.3642
112.0946 49.3644
112.1004 49.3645
112.1062 49.3647
112.1120 49.3649
112.1178 49.3650
112.1237 49.3652
112.1295 49.3654
112.1353 49.3655
112.1411 49.3657
112.1469 49.3659
112.1528 49.3660
112.1586 49.3662
112.1644 49.3664
112.1702 49.3665
112.1760 49.3667
112.1819 49.3669
112.1877 49.3670
112.1935 49.3672
112.1993 49.3673
112.2051 49.3675
112.2110 49.3677
112.2168 49.3678
112.2226 49.3680
112.2284 49.3682
112.2342 49.3683
112.2401 49.3685
112.2459 49.3686
112.2517 49.3688
112.2575 49.3690
112.2633 49.3691
112.2692 49.3693
112.2750 49.3694
112.2808 49.3696
112.2866 49.3697
112.2924 49.3699
112.2983 49.3701
112.3041 49.3702
112.3099 49.3704
112.3157 49.3705
112.3215 49.3707
112.3274 49.3708
112.3332 49.3710
112.3390 49.3712
112.3448 49.3713
112.3506 49.3715
112.3565 49.3716
112.3623 49.3718
112.3681 49.3719
112.3739 49.3721
112.3797 49.3722
112.3856 49.3724
112.3914 49.3725
112.3972 49.3727
112.4030 49.3728
112.4088 49.3730
112.4147 49.3731
112.4205 49.3733
112.4263 49.3734
112.4321 49.3736
112.4379 49.3737
112.4438 49.3739
112.4496 49.3740
112.4554 49.3742
112.4612 49.3743
112.4670 49.3745
112.4728 49.3746
112.4787 49.3748
112.4845 49.3749
112.4903 49.3751
112.4961 49.3752
112.5019 49.3754
112.5078 49.3755
112.5136 49.3756
112.5194 49.3758
112.5252 49.3759
112.5310 49.3761
112.5369 49.3762
112.5427 49.3764
112.5485 49.3765
112.5543 49.3767
112.5601 49.3768
112.5660 49.3769
112.5718 49.3771
112.5776 49.3772
112.5834 49.3774
112.5892 49.3775
112.5951 49.3776
112.6009 49.3778
112.6067 49.3779
112.6125 49.3781
112.6183 49.3782
112.6242 49.3783
112.6300 49.3785
112.6358 49.3786
112.6416 49.3788
112.6474 49.3789
112.6532 49.3790
112.6591 49.3792
112.6649 49.3793
112.6707 49.3795
112.6765 49.3796
112.6823 49.3797
112.6882 49.3799
112.6940 49.3800
112.6998 49.3801
112.7056 49.3803
112.7114 49.3804
112.7173 49.3805
112.7231 49.3807
112.7289 49.3808
112.7347 49.3809
112.7405 49.3811
112.7464 49.3812
112.7522 49.3813
112.7580 49.3815
112.7638 49.3816
112.7696 49.3817
112.7755 49.3819
112.7813 49.3820
112.7871 49.3821
112.7929 49.3823
112.7987 49.3824
112.8045 49.3825
112.8104 49.3827
112.8162 49.3828
112.8220 49.3829
112.8278 49.3830
112.8336 49.3832
112.8395 49.3833
112.8453 49.3834
112.8511 49.3836
112.8569 49.3837
112.8627 49.3838
112.8686 49.3839
112.8744 49.3841
112.8802 49.3842
112.8860 49.3843
112.8918 49.3844
112.8976 49.3846
112.9035 49.3847
112.9093 49.3848
112.9151 49.3849
112.9209 49.3851
112.9267 49.3852
112.9326 49.3853
112.9384 49.3854
112.9442 49.3856
112.9500 49.3857
112.9558 49.3858
112.9617 49.3859
112.9675 49.3860
112.9733 49.3862
112.9791 49.3863
112.9849 49.3864
112.9907 49.3865
112.9966 49.3867
113.0024 49.3868
113.0082 49.3869
113.0140 49.3870
113.0198 49.3871
113.0257 49.3873
113.0315 49.3874
113.0373 49.3875
113.0431 49.3876
113.0489 49.3877
113.0548 49.3878
113.0606 49.3880
113.0664 49.3881
113.0722 49.3882
113.0780 49.3883
113.0838 49.3884
113.0897 49.3885
113.0955 49.3887
113.1013 49.3888
113.1071 49.3889
113.1129 49.3890
113.1188 49.3891
113.1246 49.3892
113.1304 49.3893
113.1362 49.3895
113.1420 49.3896
113.1479 49.3897
113.1537 49.3898
113.1595 49.3899
113.1653 49.3900
113.1711 49.3901
113.1769 49.3903
113.1828 49.3904
113.1886 49.3905
113.1944 49.3906
113.2002 49.3907
113.2060 49.3908
113.2119 49.3909
113.2177 49.3910
113.2235 49.3911
113.2293 49.3912
113.2351 49.3914
113.2410 49.3915
113.2468 49.3916
113.2526 49.3917
113.2584 49.3918
113.2642 49.3919
113.2700 49.3920
113.2759 49.3921
113.2817 49.3922
113.2875 49.3923
113.2933 49.3924
113.2991 49.3925
113.3050 49.3926
113.3108 49.3928
113.3166 49.3929
113.3224 49.3930
113.3282 49.3931
113.3340 49.3932
113.3399 49.3933
113.3457 49.3934
113.3515 49.3935
113.3573 49.3936
113.3631 49.3937
113.3690 49.3938
113.3748 49.3939
113.3806 49.3940
113.3864 49.3941
113.3922 49.3942
113.3981 49.3943
113.4039 49.3944
113.4097 49.3945
113.4155 49.3946
113.4213 49.3947
113.4271 49.3948
113.4330 49.3949
113.4388 49.3950
113.4446 49.3951
113.4504 49.3952
113.4562 49.3953
113.4621 49.3954
113.4679 49.3955
113.4737 49.3956
113.4795 49.3957
113.4853 49.3958
113.4912 49.3959
113.4970 49.3960
113.5028 49.3961
113.5086 49.3962
113.5144 49.3963
113.5202 49.3964
113.5261 49.3965
113.5319 49.3966
113.5377 49.3967
113.5435 49.3968
113.5493 49.3969
113.5552 49.3970
113.5610 49.3971
113.5668 49.3971
113.5726 49.3972
113.5784 49.3973
113.5843 49.3974
113.5901 49.3975
113.5959 49.3976
113.6017 49.3977
113.6075 49.3978
113.6133 49.3979
113.6192 49.3980
113.6250 49.3981
113.6308 49.3982
113.6366 49.3983
113.6424 49.3984
113.6483 49.3984
113.6541 49.3985
113.6599 49.3986
113.6657 49.3987
113.6715 49.3988
113.6773 49.3989
113.6832 49.3990
113.6890 49.3991
113.6948 49.3992
113.7006 49.3993
113.7064 49.3993
113.7123 49.3994
113.7181 49.3995
113.7239 49.3996
113.7297 49.3997
113.7355 49.3998
113.7414 49.3999
113.7472 49.4000
113.7530 49.4000
113.7588 49.4001
113.7646 49.4002
113.7704 49.4003
113.7763 49.4004
113.7821 49.4005
113.7879 49.4006
113.7937 49.4006
113.7995 49.4007
113.8054 49.4008
113.8112 49.4009
113.8170 49.4010
113.8228 49.4011
113.8286 49.4011
113.8344 49.4012
113.8403 49.4013
113.8461 49.4014
113.8519 49.4015
113.8577 49.4016
113.8635 49.4016
113.8694 49.4017
113.8752 49.4018
113.8810 49.4019
113.8868 49.4020
113.8926 49.4020
113.8984 49.4021
113.9043 49.4022
113.9101 49.4023
113.9159 49.4024
113.9217 49.4024
113.9275 49.4025
113.9334 49.4026
113.9392 49.4027
113.9450 49.4028
113.9508 49.4028
113.9566 49.4029
113.9625 49.4030
113.9683 49.4031
113.9741 49.4032
113.9799 49.4032
113.9857 49.4033
113.9915 49.4034
113.9974 49.4035
114.0032 49.4035
114.0090 49.4036
114.0148 49.4037
114.0206 49.4038
114.0265 49.4038
114.0323 49.4039
114.0381 49.4040
114.0439 49.4041
114.0497 49.4041
114.0555 49.4042
114.0614 49.4043
114.0672 49.4044
114.0730 49.4044
114.0788 49.4045
114.0846 49.4046
114.0905 49.4047
114.0963 49.4047
114.1021 49.4048
114.1079 49.4049
114.1137 49.4049
114.1195 49.4050
114.1254 49.4051
114.1312 49.4052
114.1370 49.4052
114.1428 49.4053
114.1486 49.4054
114.1545 49.4054
114.1603 49.4055
114.1661 49.4056
114.1719 49.4057
114.1777 49.4057
114.1835 49.4058
114.1894 49.4059
114.1952 49.4059
114.2010 49.4060
114.2068 49.4061
114.2126 49.4061
114.2185 49.4062
114.2243 49.4063
114.2301 49.4064
114.2359 49.4064
114.2417 49.4065
114.2475 49.4066
114.2534 49.4066
114.2592 49.4067
114.2650 49.4068
114.2708 49.4068
114.2766 49.4069
114.2824 49.4070
114.2883 49.4070
114.2941 49.4071
114.2999 49.4071
114.3057 49.4072
114.3115 49.4073
114.3174 49.4073
114.3232 49.4074
114.3290 49.4075
114.3348 49.4075
114.3406 49.4076
114.3464 49.4077
114.3523 49.4077
114.3581 49.4078
114.3639 49.4079
114.3697 49.4079
114.3755 49.4080
114.3814 49.4080
114.3872 49.4081
114.3930 49.4082
114.3988 49.4082
114.4046 49.4083
114.4104 49.4084
114.4163 49.4084
114.4221 49.4085
114.4279 49.4085
114.4337 49.4086
114.4395 49.4087
114.4453 49.4087
114.4512 49.4088
114.4570 49.4088
114.4628 49.4089
114.4686 49.4090
114.4744 49.4090
114.4803 49.4091
114.4861 49.4091
114.4919 49.4092
114.4977 49.4093
114.5035 49.4093
114.5093 49.4094
114.5152 49.4094
114.5210 49.4095
114.5268 49.4095
114.5326 49.4096
114.5384 49.4097
114.5442 49.4097
114.5501 49.4098
114.5559 49.4098
114.5617 49.4099
114.5675 49.4099
114.5733 49.4100
114.5792 49.4101
114.5850 49.4101
114.5908 49.4102
114.5966 49.4102
114.6024 49.4103
114.6082 49.4103
114.6141 49.4104
114.6199 49.4104
114.6257 49.4105
114.6315 49.4105
114.6373 49.4106
114.6431 49.4107
114.6490 49.4107
114.6548 49.4108
114.6606 49.4108
114.6664 49.4109
114.6722 49.4109
114.6781 49.4110
114.6839 49.4110
114.6897 49.4111
114.6955 49.4111
114.7013 49.4112
114.7071 49.4112
114.7130 49.4113
114.7188 49.4113
114.7246 49.4114
114.7304 49.4114
114.7362 49.4115
114.7420 49.4115
114.7479 49.4116
114.7537 49.4116
114.7595 49.4117
114.7653 49.4117
114.7711 49.4118
114.7770 49.4118
114.7828 49.4119
114.7886 49.4119
114.7944 49.4120
114.8002 49.4120
114.8060 49.4121
114.8119 49.4121
114.8177 49.4122
114.8235 49.4122
114.8293 49.4123
114.8351 49.4123
114.8409 49.4124
114.8468 49.4124
114.8526 49.4125
114.8584 49.4125
114.8642 49.4126
114.8700 49.4126
114.8759 49.4127
114.8817 49.4127
114.8875 49.4127
114.8933 49.4128
114.8991 49.4128
114.9049 49.4129
114.9108 49.4129
114.9166 49.4130
114.9224 49.4130
114.9282 49.4131
114.9340 49.4131
114.9399 49.4132
114.9457 49.4132
114.9515 49.4132
114.9573 49.4133
114.9631 49.4133
114.9689 49.4134
114.9748 49.4134
114.9806 49.4135
114.9864 49.4135
114.9922 49.4135
114.9980 49.4136
115.0038 49.4136
115.0097 49.4137
115.0155 49.4137
115.0213 49.4138
115.0271 49.4138
115.0329 49.4138
115.0388 49.4139
115.0446 49.4139
115.0504 49.4140
115.0562 49.4140
115.0620 49.4140
115.0678 49.4141
115.0737 49.4141
115.0795 49.4142
115.0853 49.4142
115.0911 49.4142
115.0969 49.4143
115.1027 49.4143
115.1086 49.4144
115.1144 49.4144
115.1202 49.4144
115.1260 49.4145
115.1318 49.4145
115.1377 49.4146
115.1435 49.4146
115.1493 49.4146
115.1551 49.4147
115.1609 49.4147
115.1667 49.4148
115.1726 49.4148
115.1784 49.4148
115.1842 49.4149
115.1900 49.4149
115.1958 49.4149
115.2016 49.4150
115.2075 49.4150
115.2133 49.4151
115.2191 49.4151
115.2249 49.4151
115.2307 49.4152
115.2366 49.4152
115.2424 49.4152
115.2482 49.4153
115.2540 49.4153
115.2598 49.4153
115.2656 49.4154
115.2715 49.4154
115.2773 49.4154
115.2831 49.4155
115.2889 49.4155
115.2947 49.4156
115.3005 49.4156
115.3064 49.4156
115.3122 49.4157
115.3180 49.4157
115.3238 49.4157
115.3296 49.4158
115.3355 49.4158
115.3413 49.4158
115.3471 49.4159
115.3529 49.4159
115.3587 49.4159
115.3645 49.4160
115.3704 49.4160
115.3762 49.4160
115.3820 49.4161
115.3878 49.4161
115.3936 49.4161
115.3995 49.4162
115.4053 49.4162
115.4111 49.4162
115.4169 49.4162
115.4227 49.4163
115.4285 49.4163
115.4344 49.4163
115.4402 49.4164
115.4460 49.4164
115.4518 49.4164
115.4576 49.4165
115.4634 49.4165
115.4693 49.4165
115.4751 49.4166
115.4809 49.4166
115.4867 49.4166
115.4925 49.4166
115.4984 49.4167
115.5042 49.4167
115.5100 49.4167
115.5158 49.4168
115.5216 49.4168
115.5274 49.4168
115.5333 49.4168
115.5391 49.4169
115.5449 49.4169
115.5507 49.4169
115.5565 49.4170
115.5623 49.4170
115.5682 49.4170
115.5740 49.4170
115.5798 49.4171
115.5856 49.4171
115.5914 49.4171
115.5973 49.4172
115.6031 49.4172
115.6089 49.4172
115.6147 49.4172
115.6205 49.4173
115.6263 49.4173
115.6322 49.4173
115.6380 49.4173
115.6438 49.4174
115.6496 49.4174
115.6554 49.4174
115.6612 49.4174
115.6671 49.4175
115.6729 49.4175
115.6787 49.4175
115.6845 49.4175
115.6903 49.4176
115.6961 49.4176
115.7020 49.4176
115.7078 49.4176
115.7136 49.4177
115.7194 49.4177
115.7252 49.4177
115.7311 49.4177
115.7369 49.4178
115.7427 49.4178
115.7485 49.4178
115.7543 49.4178
115.7601 49.4179
115.7660 49.4179
115.7718 49.4179
115.7776 49.4179
115.7834 49.4180
115.7892 49.4180
115.7950 49.4180
115.8009 49.4180
115.8067 49.4180
115.8125 49.4181
115.8183 49.4181
115.8241 49.4181
115.8300 49.4181
115.8358 49.4182
115.8416 49.4182
115.8474 49.4182
115.8532 49.4182
115.8590 49.4182
115.8649 49.4183
115.8707 49.4183
115.8765 49.4183
115.8823 49.4183
115.8881 49.4183
115.8939 49.4184
115.8998 49.4184
115.9056 49.4184
115.9114 49.4184
115.9172 49.4185
115.9230 49.4185
115.9288 49.4185
115.9347 49.4185
115.9405 49.4185
115.9463 49.4186
115.9521 49.4186
115.9579 49.4186
115.9638 49.4186
115.9696 49.4186
115.9754 49.4186
115.9812 49.4187
115.9870 49.4187
115.9928 49.4187
115.9987 49.4187
116.0045 49.4187
116.0103 49.4188
116.0161 49.4188
116.0219 49.4188
116.0277 49.4188
116.0336 49.4188
116.0394 49.4189
116.0452 49.4189
116.0510 49.4189
116.0568 49.4189
116.0626 49.4189
116.0685 49.4189
116.0743 49.4190
116.0801 49.4190
116.0859 49.4190
116.0917 49.4190
116.0976 49.4190
116.1034 49.4190
116.1092 49.4191
116.1150 49.4191
116.1208 49.4191
116.1266 49.4191
116.1325 49.4191
116.1383 49.4191
116.1441 49.4192
116.1499 49.4192
116.1557 49.4192
116.1615 49.4192
116.1674 49.4192
116.1732 49.4192
116.1790 49.4193
116.1848 49.4193
116.1906 49.4193
116.1964 49.4193
116.2023 49.4193
116.2081 49.4193
116.2139 49.4193
116.2197 49.4194
116.2255 49.4194
116.2313 49.4194
116.2372 49.4194
116.2430 49.4194
116.2488 49.4194
116.2546 49.4194
116.2604 49.4195
116.2662 49.4195
116.2721 49.4195
116.2779 49.4195
116.2837 49.4195
116.2895 49.4195
116.2953 49.4195
116.3012 49.4196
116.3070 49.4196
116.3128 49.4196
116.3186 49.4196
116.3244 49.4196
116.3302 49.4196
116.3361 49.4196
116.3419 49.4196
116.3477 49.4197
116.3535 49.4197
116.3593 49.4197
116.3651 49.4197
116.3710 49.4197
116.3768 49.4197
116.3826 49.4197
116.3884 49.4197
116.3942 49.4198
116.4000 49.4198
116.4059 49.4198
116.4117 49.4198
116.4175 49.4198
116.4233 49.4198
116.4291 49.4198
116.4349 49.4198
116.4408 49.4198
116.4466 49.4199
116.4524 49.4199
116.4582 49.4199
116.4640 49.4199
116.4699 49.4199
116.4757 49.4199
116.4815 49.4199
116.4873 49.4199
116.4931 49.4199
116.4989 49.4200
116.5048 49.4200
116.5106 49.4200
116.5164 49.4200
116.5222 49.4200
116.5280 49.4200
116.5338 49.4200
116.5397 49.4200
116.5455 49.4200
116.5513 49.4200
116.5571 49.4201
116.5629 49.4201
116.5687 49.4201
116.5746 49.4201
116.5804 49.4201
116.5862 49.4201
116.5920 49.4201
116.5978 49.4201
116.6036 49.4201
116.6095 49.4201
116.6153 49.4201
116.6211 49.4202
116.6269 49.4202
116.6327 49.4202
116.6386 49.4202
116.6444 49.4202
116.6502 49.4202
116.6560 49.4202
116.6618 49.4202
116.6676 49.4202
116.6735 49.4202
116.6793 49.4202
116.6851 49.4202
116.6909 49.4203
116.6967 49.4203
116.7025 49.4203
116.7084 49.4203
116.7142 49.4203
116.7200 49.4203
116.7258 49.4203
116.7316 49.4203
116.7374 49.4203
116.7433 49.4203
116.7491 49.4203
116.7549 49.4203
116.7607 49.4203
116.7665 49.4203
116.7724 49.4204
116.7782 49.4204
116.7840 49.4204
116.7898 49.4204
116.7956 49.4204
116.8014 49.4204
116.8073 49.4204
116.8131 49.4204
116.8189 49.4204
116.8247 49.4204
116.8305 49.4204
116.8363 49.4204
116.8422 49.4204
116.8480 49.4204
116.8538 49.4204
116.8596 49.4204
116.8654 49.4205
116.8712 49.4205
116.8771 49.4205
116.8829 49.4205
116.8887 49.4205
116.8945 49.4205
116.9003 49.4205
116.9062 49.4205
116.9120 49.4205
116.9178 49.4205
116.9236 49.4205
116.9294 49.4205
116.9352 49.4205
116.9411 49.4205
116.9469 49.4205
116.9527 49.4205
116.9585 49.4205
116.9643 49.4205
116.9701 49.4205
116.9760 49.4206
116.9818 49.4206
116.9876 49.4206
116.9934 49.4206
116.9992 49.4206
117.0050 49.4206
117.0109 49.4206
117.0167 49.4206
117.0225 49.4206
117.0283 49.4206
117.0341 49.4206
117.0400 49.4206
117.0458 49.4206
117.0516 49.4206
117.0574 49.4206
117.0632 49.4206
117.0690 49.4206
117.0749 49.4206
117.0807 49.4206
117.0865 49.4206
117.0923 49.4206
117.0981 49.4206
117.1039 49.4206
117.1098 49.4206
117.1156 49.4206
117.1214 49.4207
117.1272 49.4207
117.1330 49.4207
117.1388 49.4207
117.1447 49.4207
117.1505 49.4207
117.1563 49.4207
117.1621 49.4207
117.1679 49.4207
117.1738 49.4207
117.1796 49.4207
117.1854 49.4207
117.1912 49.4207
117.1970 49.4207
117.2028 49.4207
117.2087 49.4207
117.2145 49.4207
117.2203 49.4207
117.2261 49.4207
117.2319 49.4207
117.2377 49.4207
117.2436 49.4207
117.2494 49.4207
117.2552 49.4207
117.2610 49.4207
117.2668 49.4207
117.2726 49.4207
117.2785 49.4207
117.2843 49.4207
117.2901 49.4207
117.2959 49.4207
117.3017 49.4207
117.3076 49.4207
117.3134 49.4207
117.3192 49.4207
117.3250 49.4207
117.3308 49.4207
117.3366 49.4207
117.3425 49.4207
117.3483 49.4208
117.3541 49.4208
117.3599 49.4208
117.3657 49.4208
117.3715 49.4208
117.3774 49.4208
117.3832 49.4208
117.3890 49.4208
117.3948 49.4208
117.4006 49.4208
117.4064 49.4208
117.4123 49.4208
117.4181 49.4208
117.4239 49.4208
117.4297 49.4208
117.4355 49.4208
117.4413 49.4208
117.4472 49.4208
117.4530 49.4208
117.4588 49.4208
117.4646 49.4208
117.4704 49.4208
117.4763 49.4208
117.4821 49.4208
117.4879 49.4208
117.4937 49.4208
117.4995 49.4208
117.5053 49.4208
117.5112 49.4208
117.5170 49.4208
117.5228 49.4208
117.5286 49.4208
117.5344 49.4208
117.5402 49.4208
117.5461 49.4208
117.5519 49.4208
117.5577 49.4208
117.5635 49.4208
117.5693 49.4208
117.5751 49.4208
117.5810 49.4208
117.5868 49.4208
117.5926 49.4208
117.5984 49.4208
117.6042 49.4208
117.6101 49.4208
117.6159 49.4208
117.6217 49.4208
117.6275 49.4208
117.6333 49.4208
117.6391 49.4208
117.6450 49.4208
117.6508 49.4208
117.6566 49.4208
117.6624 49.4208
117.6682 49.4208
117.6740 49.4208
117.6799 49.4208
117.6857 49.4208
117.6915 49.4208
117.6973 49.4208
117.7031 49.4208
117.7089 49.4208
117.7148 49.4208
117.7206 49.4208
117.7264 49.4208
117.7322 49.4208
117.7380 49.4208
117.7438 49.4208
117.7497 49.4208
117.7555 49.4208
117.7613 49.4208
117.7671 49.4208
117.7729 49.4208
117.7788 49.4208
117.7846 49.4208
117.7904 49.4208
117.7962 49.4208
117.8020 49.4208
117.8078 49.4208
117.8137 49.4208
117.8195 49.4208
117.8253 49.4208
117.8311 49.4208
117.8369 49.4208
117.8427 49.4208
117.8486 49.4208
117.8544 49.4208
117.8602 49.4208
117.8660 49.4208
117.8718 49.4208
117.8776 49.4208
117.8835 49.4208
117.8893 49.4208
117.8951 49.4208
117.9009 49.4208
117.9067 49.4208
117.9125 49.4208
117.9184 49.4208
117.9242 49.4208
117.9300 49.4208
117.9358 49.4208
117.9416 49.4208
117.9474 49.4208
117.9533 49.4208
117.9533 49.4208
117.9591 49.4208
117.9649 49.4208
117.9707 49.4208
117.9765 49.4208
117.9823 49.4208
117.9882 49.4208
117.9940 49.4208
117.9998 49.4208
118.0056 49.4208
118.0114 49.4208
118.0173 49.4208
118.0231 49.4208
118.0289 49.4208
118.0347 49.4208
118.0405 49.4208
118.0463 49.4208
118.0522 49.4208
118.0580 49.4208
118.0638 49.4208
118.0696 49.4208
118.0754 49.4208
118.0812 49.4208
118.0871 49.4208
118.0929 49.4208
118.0987 49.4208
118.1045 49.4208
118.1103 49.4208
118.1161 49.4208
118.1220 49.4208
118.1278 49.4208
118.1336 49.4208
118.1394 49.4208
118.1452 49.4208
118.1510 49.4208
118.1569 49.4208
118.1627 49.4208
118.1685 49.4208
118.1743 49.4208
118.1801 49.4208
118.1859 49.4208
118.1918 49.4208
118.1976 49.4208
118.2034 49.4208
118.2092 49.4208
118.2150 49.4208
118.2209 49.4208
118.2267 49.4208
118.2325 49.4208
118.2383 49.4208
118.2441 49.4208
118.2499 49.4208
118.2558 49.4208
118.2616 49.4208
118.2674 49.4208
118.2732 49.4208
118.2790 49.4208
118.2848 49.4208
118.2907 49.4208
118.2965 49.4208
118.3023 49.4208
118.3081 49.4208
118.3139 49.4208
118.3197 49.4208
118.3256 49.4208
118.3314 49.4208
118.3372 49.4208
118.3430 49.4208
118.3488 49.4208
118.3546 49.4208
118.3605 49.4208
118.3663 49.4208
118.3721 49.4208
118.3779 49.4208
118.3837 49.4208
118.3896 49.4208
118.3954 49.4208
118.4012 49.4208
118.4070 49.4208
118.4128 49.4208
118.4186 49.4208
118.4245 49.4208
118.4303 49.4208
118.4361 49.4208
118.4419 49.4208
118.4477 49.4208
118.4535 49.4208
118.4594 49.4208
118.4652 49.4208
118.4710 49.4208
118.4768 49.4208
118.4826 49.4208
118.4884 49.4208
118.4943 49.4208
118.5001 49.4208
118.5059 49.4208
118.5117 49.4208
118.5175 49.4208
118.5233 49.4208
118.5292 49.4208
118.5350 49.4208
118.5408 49.4208
118.5466 49.4208
118.5524 49.4208
118.5583 49.4208
118.5641 49.4207
118.5699 49.4207
118.5757 49.4207
118.5815 49.4207
118.5873 49.4207
118.5932 49.4207
118.5990 49.4207
118.6048 49.4207
118.6106 49.4207
118.6164 49.4207
118.6222 49.4207
118.6281 49.4207
118.6339 49.4207
118.6397 49.4207
118.6455 49.4207
118.6513 49.4207
118.6571 49.4207
118.6630 49.4207
118.6688 49.4207
118.6746 49.4207
118.6804 49.4207
118.6862 49.4207
118.6921 49.4207
118.6979 49.4207
118.7037 49.4207
118.7095 49.4207
118.7153 49.4207
118.7211 49.4207
118.7270 49.4207
118.7328 49.4207
118.7386 49.4207
118.7444 49.4207
118.7502 49.4207
118.7560 49.4207
118.7619 49.4207
118.7677 49.4207
118.7735 49.4207
118.7793 49.4207
118.7851 49.4207
118.7909 49.4206
118.7968 49.4206
118.8026 49.4206
118.8084 49.4206
118.8142 49.4206
118.8200 49.4206
118.8259 49.4206
118.8317 49.4206
118.8375 49.4206
118.8433 49.4206
118.8491 49.4206
118.8549 49.4206
118.8608 49.4206
118.8666 49.4206
118.8724 49.4206
118.8782 49.4206
118.8840 49.4206
118.8898 49.4206
118.8957 49.4206
118.9015 49.4206
118.9073 49.4206
118.9131 49.4206
118.9189 49.4206
118.9247 49.4206
118.9306 49.4206
118.9364 49.4205
118.9422 49.4205
118.9480 49.4205
118.9538 49.4205
118.9597 49.4205
118.9655 49.4205
118.9713 49.4205
118.9771 49.4205
118.9829 49.4205
118.9887 49.4205
118.9946 49.4205
119.0004 49.4205
119.0062 49.4205
119.0120 49.4205
119.0178 49.4205
119.0236 49.4205
119.0295 49.4205
119.0353 49.4205
119.0411 49.4205
119.0469 49.4204
119.0527 49.4204
119.0585 49.4204
119.0644 49.4204
119.0702 49.4204
119.0760 49.4204
119.0818 49.4204
119.0876 49.4204
119.0935 49.4204
119.0993 49.4204
119.1051 49.4204
119.1109 49.4204
119.1167 49.4204
119.1225 49.4204
119.1284 49.4204
119.1342 49.4204
119.1400 49.4203
119.1458 49.4203
119.1516 49.4203
119.1574 49.4203
119.1633 49.4203
119.1691 49.4203
119.1749 49.4203
119.1807 49.4203
119.1865 49.4203
119.1923 49.4203
119.1982 49.4203
119.2040 49.4203
119.2098 49.4203
119.2156 49.4203
119.2214 49.4202
119.2272 49.4202
119.2331 49.4202
119.2389 49.4202
119.2447 49.4202
119.2505 49.4202
119.2563 49.4202
119.2622 49.4202
119.2680 49.4202
119.2738 49.4202
119.2796 49.4202
119.2854 49.4202
119.2912 49.4201
119.2971 49.4201
119.3029 49.4201
119.3087 49.4201
119.3145 49.4201
119.3203 49.4201
119.3261 49.4201
119.3320 49.4201
119.3378 49.4201
119.3436 49.4201
119.3494 49.4201
119.3552 49.4200
119.3610 49.4200
119.3669 49.4200
119.3727 49.4200
119.3785 49.4200
119.3843 49.4200
119.3901 49.4200
119.3960 49.4200
119.4018 49.4200
119.4076 49.4200
119.4134 49.4199
119.4192 49.4199
119.4250 49.4199
119.4309 49.4199
119.4367 49.4199
119.4425 49.4199
119.4483 49.4199
119.4541 49.4199
119.4599 49.4199
119.4658 49.4198
119.4716 49.4198
119.4774 49.4198
119.4832 49.4198
119.4890 49.4198
119.4948 49.4198
119.5007 49.4198
119.5065 49.4198
119.5123 49.4198
119.5181 49.4197
119.5239 49.4197
119.5297 49.4197
119.5356 49.4197
119.5414 49.4197
119.5472 49.4197
119.5530 49.4197
119.5588 49.4197
119.5646 49.4196
119.5705 49.4196
119.5763 49.4196
119.5821 49.4196
119.5879 49.4196
119.5937 49.4196
119.5996 49.4196
119.6054 49.4196
119.6112 49.4195
119.6170 49.4195
119.6228 49.4195
119.6286 49.4195
119.6345 49.4195
119.6403 49.4195
119.6461 49.4195
119.6519 49.4194
119.6577 49.4194
119.6635 49.4194
119.6694 49.4194
119.6752 49.4194
119.6810 49.4194
119.6868 49.4194
119.6926 49.4193
119.6984 49.4193
119.7043 49.4193
119.7101 49.4193
119.7159 49.4193
119.7217 49.4193
119.7275 49.4193
119.7333 49.4192
119.7392 49.4192
119.7450 49.4192
119.7508 49.4192
119.7566 49.4192
119.7624 49.4192
119.7682 49.4191
119.7741 49.4191
119.7799 49.4191
119.7857 49.4191
119.7915 49.4191
119.7973 49.4191
119.8032 49.4190
119.8090 49.4190
119.8148 49.4190
119.8206 49.4190
119.8264 49.4190
119.8322 49.4190
119.8381 49.4189
119.8439 49.4189
119.8497 49.4189
119.8555 49.4189
119.8613 49.4189
119.8671 49.4189
119.8730 49.4188
119.8788 49.4188
119.8846 49.4188
119.8904 49.4188
119.8962 49.4188
119.9020 49.4187
119.9079 49.4187
119.9137 49.4187
119.9195 49.4187
119.9253 49.4187
119.9311 49.4187
119.9369 49.4186
119.9428 49.4186
119.9486 49.4186
119.9544 49.4186
119.9602 49.4186
119.9660 49.4185
119.9719 49.4185
119.9777 49.4185
119.9835 49.4185
119.9893 49.4185
119.9951 49.4184
120.0009 49.4184
120.0068 49.4184
120.0126 49.4184
120.0184 49.4184
120.0242 49.4183
120.0300 49.4183
120.0358 49.4183
120.0417 49.4183
120.0475 49.4182
120.0533 49.4182
120.0591 49.4182
120.0649 49.4182
120.0707 49.4182
120.0766 49.4181
120.0824 49.4181
120.0882 49.4181
120.0940 49.4181
120.0998 49.4180
120.1057 49.4180
120.1115 49.4180
120.1173 49.4180
120.1231 49.4180
120.1289 49.4179
120.1347 49.4179
120.1406 49.4179
120.1464 49.4179
120.1522 49.4178
120.1580 49.4178
120.1638 49.4178
120.1696 49.4178
120.1755 49.4177
120.1813 49.4177
120.1871 49.4177
120.1929 49.4177
120.1987 49.4176
120.2046 49.4176
120.2104 49.4176
120.2162 49.4176
120.2220 49.4175
120.2278 49.4175
120.2336 49.4175
120.2395 49.4175
120.2453 49.4174
120.2511 49.4174
120.2569 49.4174
120.2627 49.4174
120.2685 49.4173
120.2744 49.4173
120.2802 49.4173
120.2860 49.4173
120.2918 49.4172
120.2976 49.4172
120.3034 49.4172
120.3093 49.4172
120.3151 49.4171
120.3209 49.4171
120.3267 49.4171
120.3325 49.4170
120.3384 49.4170
120.3442 49.4170
120.3500 49.4170
120.3558 49.4169
120.3616 49.4169
120.3674 49.4169
120.3733 49.4169
120.3791 49.4168
120.3849 49.4168
120.3907 49.4168
120.3965 49.4167
120.4023 49.4167
120.4082 49.4167
120.4140 49.4166
120.4198 49.4166
120.4256 49.4166
120.4314 49.4166
120.4373 49.4165
120.4431 49.4165
120.4489 49.4165
120.4547 49.4164
120.4605 49.4164
120.4663 49.4164
120.4722 49.4163
120.4780 49.4163
120.4838 49.4163
120.4896 49.4163
120.4954 49.4162
120.5012 49.4162
120.5071 49.4162
120.5129 49.4161
120.5187 49.4161
120.5245 49.4161
120.5303 49.4160
120.5362 49.4160
120.5420 49.4160
120.5478 49.4159
120.5536 49.4159
120.5594 49.4159
120.5652 49.4158
120.5711 49.4158
120.5769 49.4158
120.5827 49.4157
120.5885 49.4157
120.5943 49.4157
120.6001 49.4156
120.6060 49.4156
120.6118 49.4156
120.6176 49.4155
120.6234 49.4155
120.6292 49.4155
120.6351 49.4154
120.6409 49.4154
120.6467 49.4153
120.6525 49.4153
120.6583 49.4153
120.6641 49.4152
120.6700 49.4152
120.6758 49.4152
120.6816 49.4151
120.6874 49.4151
120.6932 49.4151
120.6990 49.4150
120.7049 49.4150
120.7107 49.4150
120.7165 49.4149
120.7223 49.4149
120.7281 49.4148
120.7340 49.4148
120.7398 49.4148
120.7456 49.4147
120.7514 49.4147
120.7572 49.4146
120.7630 49.4146
120.7689 49.4146
120.7747 49.4145
120.7805 49.4145
120.7863 49.4145
120.7921 49.4144
120.7980 49.4144
120.8038 49.4143
120.8096 49.4143
120.8154 49.4143
120.8212 49.4142
120.8270 49.4142
120.8329 49.4141
120.8387 49.4141
120.8445 49.4141
120.8503 49.4140
120.8561 49.4140
120.8619 49.4139
120.8678 49.4139
120.8736 49.4138
120.8794 49.4138
120.8852 49.4138
120.8910 49.4137
120.8969 49.4137
120.9027 49.4136
120.9085 49.4136
120.9143 49.4136
120.9201 49.4135
120.9259 49.4135
120.9318 49.4134
120.9376 49.4134
120.9434 49.4133
120.9492 49.4133
120.9550 49.4133
120.9608 49.4132
120.9667 49.4132
120.9725 49.4131
120.9783 49.4131
120.9841 49.4130
120.9899 49.4130
120.9958 49.4129
121.0016 49.4129
121.0074 49.4128
121.0132 49.4128
121.0190 49.4128
121.0248 49.4127
121.0307 49.4127
121.0365 49.4126
121.0423 49.4126
121.0481 49.4125
121.0539 49.4125
121.0597 49.4124
121.0656 49.4124
121.0714 49.4123
121.0772 49.4123
121.0830 49.4122
121.0888 49.4122
121.0947 49.4121
121.1005 49.4121
121.1063 49.4120
121.1121 49.4120
121.1179 49.4120
121.1237 49.4119
121.1296 49.4119
121.1354 49.4118
121.1412 49.4118
121.1470 49.4117
121.1528 49.4117
121.1586 49.4116
121.1645 49.4116
121.1703 49.4115
121.1761 49.4115
121.1819 49.4114
121.1877 49.4114
121.1936 49.4113
121.1994 49.4113
121.2052 49.4112
121.2110 49.4111
121.2168 49.4111
121.2226 49.4110
121.2285 49.4110
121.2343 49.4109
121.2401 49.4109
121.2459 49.4108
121.2517 49.4108
121.2575 49.4107
121.2634 49.4107
121.2692 49.4106
121.2750 49.4106
121.2808 49.4105
121.2866 49.4105
121.2925 49.4104
121.2983 49.4104
121.3041 49.4103
121.3099 49.4102
121.3157 49.4102
121.3215 49.4101
121.3274 49.4101
121.3332 49.4100
121.3390 49.4100
121.3448 49.4099
121.3506 49.4099
121.3564 49.4098
121.3623 49.4097
121.3681 49.4097
121.3739 49.4096
121.3797 49.4096
121.3855 49.4095
121.3914 49.4095
121.3972 49.4094
121.4030 49.4093
121.4088 49.4093
121.4146 49.4092
121.4204 49.4092
121.4263 49.4091
121.4321 49.4090
121.4379 49.4090
121.4437 49.4089
121.4495 49.4089
121.4553 49.4088
121.4612 49.4087
121.4670 49.4087
121.4728 49.4086
121.4786 49.4086
121.4844 49.4085
121.4903 49.4084
121.4961 49.4084
121.5019 49.4083
121.5077 49.4083
121.5135 49.4082
121.5193 49.4081
121.5252 49.4081
121.5310 49.4080
121.5368 49.4079
121.5426 49.4079
121.5484 49.4078
121.5542 49.4078
121.5601 49.4077
121.5659 49.4076
121.5717 49.4076
121.5775 49.4075
121.5833 49.4074
121.5892 49.4074
121.5950 49.4073
121.6008 49.4072
121.6066 49.4072
121.6124 49.4071
121.6182 49.4071
121.6241 49.4070
121.6299 49.4069
121.6357 49.4069
121.6415 49.4068
121.6473 49.4067
121.6532 49.4067
121.6590 49.4066
121.6648 49.4065
121.6706 49.4065
121.6764 49.4064
121.6822 49.4063
121.6881 49.4063
121.6939 49.4062
121.6997 49.4061
121.7055 49.4060
121.7113 49.4060
121.7171 49.4059
121.7230 49.4058
121.7288 49.4058
121.7346 49.4057
121.7404 49.4056
121.7462 49.4056
121.7521 49.4055
121.7579 49.4054
121.7637 49.4053
121.7695 49.4053
121.7753 49.4052
121.7811 49.4051
121.7870 49.4051
121.7928 49.4050
121.7986 49.4049
121.8044 49.4048
121.8102 49.4048
121.8161 49.4047
121.8219 49.4046
121.8277 49.4046
121.8335 49.4045
121.8393 49.4044
121.8451 49.4043
121.8510 49.4043
121.8568 49.4042
121.8626 49.4041
121.8684 49.4040
121.8742 49.4040
121.8801 49.4039
121.8859 49.4038
121.8917 49.4037
121.8975 49.4037
121.9033 49.4036
121.9091 49.4035
121.9150 49.4034
121.9208 49.4034
121.9266 49.4033
121.9324 49.4032
121.9382 49.4031
121.9441 49.4030
121.9499 49.4030
121.9557 49.4029
121.9615 49.4028
121.9673 49.4027
121.9732 49.4027
121.9790 49.4026
121.9848 49.4025
121.9906 49.4024
121.9964 49.4023
122.0022 49.4023
122.0081 49.4022
122.0139 49.4021
122.0197 49.4020
122.0255 49.4019
122.0313 49.4019
122.0372 49.4018
122.0430 49.4017
122.0488 49.4016
122.0546 49.4015
122.0604 49.4015
122.0662 49.4014
122.0721 49.4013
122.0779 49.4012
122.0837 49.4011
122.0895 49.4010
122.0953 49.4010
122.1012 49.4009
122.1070 49.4008
122.1128 49.4007
122.1186 49.4006
122.1244 49.4005
122.1302 49.4004
122.1361 49.4004
122.1419 49.4003
122.1477 49.4002
122.1535 49.4001
122.1593 49.4000
122.1652 49.3999
122.1710 49.3998
122.1768 49.3998
122.1826 49.3997
122.1884 49.3996
122.1942 49.3995
122.2001 49.3994
122.2059 49.3993
122.2117 49.3992
122.2175 49.3991
122.2233 49.3991
122.2292 49.3990
122.2350 49.3989
122.2408 49.3988
122.2466 49.3987
122.2524 49.3986
122.2583 49.3985
122.2641 49.3984
122.2699 49.3983
122.2757 49.3982
122.2815 49.3982
122.2873 49.3981
122.2932 49.3980
122.2990 49.3979
122.3048 49.3978
122.3106 49.3977
122.3164 49.3976
122.3223 49.3975
122.3281 49.3974
122.3339 49.3973
122.3397 49.3972
122.3455 49.3971
122.3514 49.3970
122.3572 49.3969
122.3630 49.3969
122.3688 49.3968
122.3746 49.3967
122.3804 49.3966
122.3863 49.3965
122.3921 49.3964
122.3979 49.3963
122.4037 49.3962
122.4095 49.3961
122.4154 49.3960
122.4212 49.3959
122.4270 49.3958
122.4328 49.3957
122.4386 49.3956
122.4444 49.3955
122.4503 49.3954
122.4561 49.3953
122.4619 49.3952
122.4677 49.3951
122.4735 49.3950
122.4794 49.3949
122.4852 49.3948
122.4910 49.3947
122.4968 49.3946
122.5026 49.3945
122.5085 49.3944
122.5143 49.3943
122.5201 49.3942
122.5259 49.3941
122.5317 49.3940
122.5375 49.3939
122.5434 49.3938
122.5492 49.3937
122.5550 49.3936
122.5608 49.3935
122.5666 49.3934
122.5725 49.3933
122.5783 49.3932
122.5841 49.3931
122.5899 49.3930
122.5957 49.3929
122.6016 49.3928
122.6074 49.3927
122.6132 49.3925
122.6190 49.3924
122.6248 49.3923
122.6306 49.3922
122.6365 49.3921
122.6423 49.3920
122.6481 49.3919
122.6539 49.3918
122.6597 49.3917
122.6656 49.3916
122.6714 49.3915
122.6772 49.3914
122.6830 49.3913
122.6888 49.3912
122.6946 49.3910
122.7005 49.3909
122.7063 49.3908
122.7121 49.3907
122.7179 49.3906
122.7237 49.3905
122.7296 49.3904
122.7354 49.3903
122.7412 49.3902
122.7470 49.3900
122.7528 49.3899
122.7587 49.3898
122.7645 49.3897
122.7703 49.3896
122.7761 49.3895
122.7819 49.3894
122.7877 49.3893
122.7936 49.3891
122.7994 49.3890
122.8052 49.3889
122.8110 49.3888
122.8168 49.3887
122.8227 49.3886
122.8285 49.3885
122.8343 49.3883
122.8401 49.3882
122.8459 49.3881
122.8518 49.3880
122.8576 49.3879
122.8634 49.3878
122.8692 49.3876
122.8750 49.3875
122.8808 49.3874
122.8867 49.3873
122.8925 49.3872
122.8983 49.3870
122.9041 49.3869
122.9099 49.3868
122.9158 49.3867
122.9216 49.3866
122.9274 49.3864
122.9332 49.3863
122.9390 49.3862
122.9449 49.3861
122.9507 49.3860
122.9565 49.3858
122.9623 49.3857
122.9681 49.3856
122.9739 49.3855
122.9798 49.3854
122.9856 49.3852
122.9914 49.3851
122.9972 49.3850
123.0030 49.3849
123.0089 49.3847
123.0147 49.3846
123.0205 49.3845
123.0263 49.3844
123.0321 49.3842
123.0380 49.3841
123.0438 49.3840
123.0496 49.3839
123.0554 49.3837
123.0612 49.3836
123.0670 49.3835
123.0729 49.3834
123.0787 49.3832
123.0845 49.3831
123.0903 49.3830
123.0961 49.3828
123.1020 49.3827
123.1078 49.3826
123.1136 49.3825
123.1194 49.3823
123.1252 49.3822
123.1311 49.3821
123.1369 49.3819
123.1427 49.3818
123.1485 49.3817
123.1543 49.3815
123.1601 49.3814
123.1660 49.3813
123.1718 49.3811
123.1776 49.3810
123.1834 49.3809
123.1892 49.3807
123.1951 49.3806
123.2009 49.3805
123.2067 49.3803
123.2125 49.3802
123.2183 49.3801
123.2242 49.3799
123.2300 49.3798
123.2358 49.3797
123.2416 49.3795
123.2474 49.3794
123.2533 49.3793
123.2591 49.3791
123.2649 49.3790
123.2707 49.3789
123.2765 49.3787
123.2823 49.3786
123.2882 49.3784
123.2940 49.3783
123.2998 49.3782
123.3056 49.3780
123.3114 49.3779
123.3173 49.3777
123.3231 49.3776
123.3289 49.3775
123.3347 49.3773
123.3405 49.3772
123.3464 49.3770
123.3522 49.3769
123.3580 49.3768
123.3638 49.3766
123.3696 49.3765
123.3755 49.3763
123.3813 49.3762
123.3871 49.3760
123.3929 49.3759
123.3987 49.3758
123.4046 49.3756
123.4104 49.3755
123.4162 49.3753
123.4220 49.3752
123.4278 49.3750
123.4337 49.3749
123.4395 49.3747
123.4453 49.3746
123.4511 49.3744
123.4569 49.3743
123.4628 49.3742
123.4686 49.3740
123.4744 49.3739
123.4802 49.3737
123.4860 49.3736
123.4918 49.3734
123.4977 49.3733
123.5035 49.3731
123.5093 49.3730
123.5151 49.3728
123.5209 49.3727
123.5268 49.3725
123.5326 49.3724
123.5384 49.3722
123.5442 49.3721
123.5500 49.3719
123.5559 49.3718
123.5617 49.3716
123.5675 49.3714
123.5733 49.3713
123.5791 49.3711
123.5850 49.3710
123.5908 49.3708
123.5966 49.3707
123.6024 49.3705
123.6082 49.3704
123.6141 49.3702
123.6199 49.3701
123.6257 49.3699
123.6315 49.3697
123.6373 49.3696
123.6432 49.3694
123.6490 49.3693
123.6548 49.3691
123.6606 49.3690
123.6664 49.3688
123.6723 49.3686
123.6781 49.3685
123.6839 49.3683
123.6897 49.3682
123.6955 49.3680
123.7014 49.3678
123.7072 49.3677
123.7130 49.3675
123.7188 49.3674
123.7246 49.3672
123.7305 49.3670
123.7363 49.3669
123.7421 49.3667
123.7479 49.3665
123.7537 49.3664
123.7596 49.3662
123.7654 49.3661
123.7712 49.3659
123.7770 49.3657
123.7828 49.3656
123.7887 49.3654
123.7945 49.3652
123.8003 49.3651
123.8061 49.3649
123.8119 49.3647
123.8178 49.3646
123.8236 49.3644
123.8294 49.3642
123.8352 49.3641
123.8410 49.3639
123.8469 49.3637
123.8527 49.3636
123.8585 49.3634
123.8643 49.3632
123.8701 49.3631
123.8760 49.3629
123.8818 49.3627
123.8876 49.3625
123.8934 49.3624
123.8992 49.3622
123.9051 49.3620
123.9109 49.3619
123.9167 49.3617
123.9225 49.3615
123.9283 49.3613
123.9342 49.3612
123.9400 49.3610
123.9458 49.3608
123.9516 49.3606
123.9574 49.3605
123.9633 49.3603
123.9691 49.3601
123.9749 49.3599
123.9807 49.3598
123.9865 49.3596
123.9924 49.3594
123.9982 49.3592
124.0040 49.3591
124.0098 49.3589
124.0156 49.3587
124.0215 49.3585
124.0273 49.3583
124.0331 49.3582
124.0389 49.3580
124.0447 49.3578
124.0506 49.3576
124.0564 49.3574
124.0622 49.3573
124.0680 49.3571
124.0738 49.3569
124.0797 49.3567
124.0855 49.3565
124.0913 49.3564
124.0971 49.3562
124.1029 49.3560
124.1088 49.3558
124.1146 49.3556
124.1204 49.3554
124.1262 49.3553
124.1320 49.3551
124.1379 49.3549
124.1437 49.3547
124.1495 49.3545
124.1553 49.3543
124.1611 49.3541
124.1670 49.3540
124.1728 49.3538
124.1786 49.3536
124.1844 49.3534
124.1902 49.3532
124.1961 49.3530
124.2019 49.3528
124.2077 49.3526
124.2135 49.3524
124.2194 49.3523
124.2252 49.3521
124.2310 49.3519
124.2368 49.3517
124.2426 49.3515
124.2485 49.3513
124.2543 49.3511
124.2601 49.3509
124.2659 49.3507
124.2717 49.3505
124.2776 49.3503
124.2834 49.3501
124.2892 49.3500
124.2950 49.3498
124.3008 49.3496
124.3067 49.3494
124.3125 49.3492
124.3183 49.3490
124.3241 49.3488
124.3299 49.3486
124.3358 49.3484
124.3416 49.3482
124.3474 49.3480
124.3532 49.3478
124.3590 49.3476
124.3649 49.3474
124.3707 49.3472
124.3765 49.3470
124.3823 49.3468
124.3881 49.3466
124.3940 49.3464
124.3998 49.3462
124.4056 49.3460
124.4114 49.3458
124.4172 49.3456
124.4231 49.3454
124.4289 49.3452
124.4347 49.3450
124.4405 49.3448
124.4463 49.3446
124.4522 49.3444
124.4580 49.3442
124.4638 49.3440
124.4696 49.3438
124.4754 49.3435
124.4813 49.3433
124.4871 49.3431
124.4929 49.3429
124.4987 49.3427
124.5046 49.3425
124.5104 49.3423
124.5162 49.3421
124.5220 49.3419
124.5278 49.3417
124.5337 49.3415
124.5395 49.3413
124.5453 49.3411
124.5511 49.3408
124.5569 49.3406
124.5628 49.3404
124.5686 49.3402
124.5744 49.3400
124.5802 49.3398
124.5860 49.3396
124.5919 49.3394
124.5977 49.3391
124.6035 49.3389
124.6093 49.3387
124.6151 49.3385
124.6210 49.3383
124.6268 49.3381
124.6326 49.3379
124.6384 49.3376
124.6442 49.3374
124.6501 49.3372
124.6559 49.3370
124.6617 49.3368
124.6675 49.3366
124.6733 49.3363
124.6792 49.3361
124.6850 49.3359
124.6908 49.3357
124.6966 49.3355
124.7025 49.3352
124.7083 49.3350
124.7141 49.3348
124.7199 49.3346
124.7257 49.3344
124.7316 49.3341
124.7374 49.3339
124.7432 49.3337
124.7490 49.3335
124.7548 49.3332
124.7607 49.3330
124.7665 49.3328
124.7723 49.3326
124.7781 49.3323
124.7839 49.3321
124.7898 49.3319
124.7956 49.3317
124.8014 49.3314
124.8072 49.3312
124.8130 49.3310
124.8189 49.3308
124.8247 49.3305
124.8305 49.3303
124.8363 49.3301
124.8422 49.3298
124.8480 49.3296
124.8538 49.3294
124.8596 49.3292
124.8654 49.3289
124.8713 49.3287
124.8771 49.3285
124.8829 49.3282
124.8887 49.3280
124.8945 49.3278
124.9004 49.3275
124.9062 49.3273
124.9120 49.3271
124.9178 49.3268
124.9237 49.3266
124.9295 49.3264
124.9353 49.3261
124.9411 49.3259
124.9469 49.3257
124.9528 49.3254
124.9586 49.3252
124.9644 49.3249
124.9702 49.3247
124.9760 49.3245
124.9819 49.3242
124.9877 49.3240
124.9935 49.3238
124.9993 49.3235
125.0052 49.3233
125.0110 49.3230
125.0168 49.3228
125.0226 49.3226
125.0284 49.3223
125.0343 49.3221
125.0401 49.3218
125.0459 49.3216
125.0517 49.3213
125.0575 49.3211
125.0634 49.3209
125.0692 49.3206
125.0750 49.3204
125.0808 49.3201
125.0867 49.3199
125.0925 49.3196
125.0983 49.3194
125.1041 49.3191
125.1099 49.3189
125.1158 49.3186
125.1216 49.3184
125.1274 49.3181
125.1332 49.3179
125.1390 49.3176
125.1449 49.3174
125.1507 49.3171
125.1565 49.3169
125.1623 49.3166
125.1682 49.3164
125.1740 49.3161
125.1798 49.3159
125.1856 49.3156
125.1914 49.3154
125.1973 49.3151
125.2031 49.3149
125.2089 49.3146
125.2147 49.3144
125.2206 49.3141
125.2264 49.3139
125.2322 49.3136
125.2380 49.3134
125.2438 49.3131
125.2497 49.3128
125.2555 49.3126
125.2613 49.3123
125.2671 49.3121
125.2730 49.3118
125.2788 49.3116
125.2846 49.3113
125.2904 49.3110
125.2962 49.3108
125.3021 49.3105
125.3079 49.3103
125.3137 49.3100
125.3195 49.3097
125.3254 49.3095
125.3312 49.3092
125.3370 49.3089
125.3428 49.3087
125.3486 49.3084
125.3545 49.3082
125.3603 49.3079
125.3661 49.3076
125.3719 49.3074
125.3778 49.3071
125.3836 49.3068
125.3894 49.3066
125.3952 49.3063
125.4010 49.3060
125.4069 49.3058
125.4127 49.3055
125.4185 49.3052
125.4243 49.3050
125.4302 49.3047
125.4360 49.3044
125.4418 49.3041
125.4476 49.3039
125.4534 49.3036
125.4593 49.3033
125.4651 49.3031
125.4709 49.3028
125.4767 49.3025
125.4826 49.3022
125.4884 49.3020
125.4942 49.3017
125.5000 49.3014
125.5058 49.3011
125.5117 49.3009
125.5175 49.3006
125.5233 49.3003
125.5291 49.3000
125.5350 49.2998
125.5408 49.2995
125.5466 49.2992
125.5524 49.2989
125.5582 49.2987
125.5641 49.2984
125.5699 49.2981
125.5757 49.2978
125.5815 49.2975
125.5874 49.2973
125.5932 49.2970
125.5990 49.2967
125.6048 49.2964
125.6106 49.2961
125.6165 49.2959
125.6223 49.2956
125.6281 49.2953
125.6339 49.2950
125.6398 49.2947
125.6456 49.2944
125.6514 49.2941
125.6572 49.2939
125.6630 49.2936
125.6689 49.2933
125.6747 49.2930
125.6805 49.2927
125.6863 49.2924
125.6922 49.2921
125.6980 49.2919
125.7038 49.2916
125.7096 49.2913
125.7155 49.2910
125.7213 49.2907
125.7271 49.2904
125.7329 49.2901
125.7387 49.2898
125.7446 49.2895
125.7504 49.2892
125.7562 49.2889
125.7620 49.2887
125.7679 49.2884
125.7737 49.2881
125.7795 49.2878
125.7853 49.2875
125.7911 49.2872
125.7970 49.2869
125.8028 49.2866
125.8086 49.2863
125.8144 49.2860
125.8203 49.2857
125.8261 49.2854
125.8319 49.2851
125.8377 49.2848
125.8436 49.2845
125.8494 49.2842
125.8552 49.2839
125.8610 49.2836
125.8668 49.2833
125.8727 49.2830
125.8785 49.2827
125.8843 49.2824
125.8901 49.2821
125.8960 49.2818
125.9018 49.2815
125.9076 49.2812
125.9134 49.2809
125.9192 49.2806
125.9251 49.2803
125.9309 49.2800
125.9367 49.2797
125.9425 49.2794
125.9484 49.2790
125.9542 49.2787
125.9600 49.2784
125.9658 49.2781
125.9717 49.2778
125.9775 49.2775
125.9833 49.2772
125.9891 49.2769
125.9949 49.2766
126.0008 49.2763
126.0066 49.2760
126.0124 49.2756
126.0182 49.2753
126.0241 49.2750
126.0299 49.2747
126.0357 49.2744
126.0415 49.2741
126.0474 49.2738
126.0532 49.2734
126.0590 49.2731
126.0648 49.2728
126.0706 49.2725
126.0765 49.2722
126.0823 49.2719
126.0881 49.2716
126.0939 49.2712
126.0998 49.2709
126.1056 49.2706
126.1114 49.2703
126.1172 49.2700
126.1231 49.2696
126.1289 49.2693
126.1347 49.2690
126.1405 49.2687
126.1463 49.2684
126.1522 49.2680
126.1580 49.2677
126.1638 49.2674
126.1696 49.2671
126.1755 49.2667
126.1813 49.2664
126.1871 49.2661
126.1929 49.2658
126.1988 49.2654
126.2046 49.2651
126.2104 49.2648
126.2162 49.2645
126.2220 49.2641
126.2279 49.2638
126.2337 49.2635
126.2395 49.2631
126.2453 49.2628
126.2512 49.2625
126.2570 49.2621
126.2628 49.2618
126.2686 49.2615
126.2745 49.2612
126.2803 49.2608
126.2861 49.2605
126.2919 49.2602
126.2977 49.2598
126.3036 49.2595
126.3094 49.2592
126.3152 49.2588
126.3210 49.2585
126.3269 49.2581
126.3327 49.2578
126.3385 49.2575
126.3443 49.2571
126.3502 49.2568
126.3560 49.2565
126.3618 49.2561
126.3676 49.2558
126.3735 49.2554
126.3793 49.2551
126.3851 49.2548
126.3909 49.2544
126.3967 49.2541
126.4026 49.2537
126.4084 49.2534
126.4142 49.2531
126.4200 49.2527
126.4259 49.2524
126.4317 49.2520
126.4375 49.2517
126.4433 49.2513
126.4492 49.2510
126.4550 49.2506
126.4608 49.2503
126.4666 49.2499
126.4725 49.2496
126.4783 49.2493
126.4841 49.2489
126.4899 49.2486
126.4958 49.2482
126.5016 49.2479
126.5074 49.2475
126.5132 49.2472
126.5191 49.2468
126.5249 49.2465
126.5307 49.2461
126.5365 49.2457
126.5423 49.2454
126.5482 49.2450
126.5540 49.2447
126.5598 49.2443
126.5656 49.2440
126.5715 49.2436
126.5773 49.2433
126.5831 49.2429
126.5889 49.2426
126.5948 49.2422
126.6006 49.2418
126.6064 49.2415
126.6122 49.2411
126.6181 49.2408
126.6239 49.2404
126.6297 49.2400
126.6355 49.2397
126.6414 49.2393
126.6472 49.2390
126.6530 49.2386
126.6588 49.2382
126.6647 49.2379
126.6705 49.2375
126.6763 49.2371
126.6821 49.2368
126.6880 49.2364
126.6938 49.2361
126.6996 49.2357
126.7054 49.2353
126.7113 49.2350
126.7171 49.2346
126.7229 49.2342
126.7287 49.2338
126.7346 49.2335
126.7404 49.2331
126.7462 49.2327
126.7520 49.2324
126.7579 49.2320
126.7637 49.2316
126.7695 49.2313
126.7753 49.2309
126.7812 49.2305
126.7870 49.2301
126.7928 49.2298
126.7986 49.2294
126.8045 49.2290
126.8103 49.2286
126.8161 49.2283
126.8219 49.2279
126.8277 49.2275
126.8336 49.2271
126.8394 49.2268
126.8452 49.2264
126.8510 49.2260
126.8569 49.2256
126.8627 49.2253
126.8685 49.2249
126.8743 49.2245
126.8802 49.2241
126.8860 49.2237
126.8918 49.2233
126.8976 49.2230
126.9035 49.2226
126.9093 49.2222
126.9151 49.2218
126.9209 49.2214
126.9268 49.2211
126.9326 49.2207
126.9384 49.2203
126.9442 49.2199
126.9501 49.2195
126.9559 49.2191
126.9617 49.2187
126.9675 49.2183
126.9734 49.2180
126.9792 49.2176
126.9850 49.2172
126.9909 49.2168
126.9967 49.2164
127.0025 49.2160
127.0083 49.2156
127.0142 49.2152
127.0200 49.2148
127.0258 49.2144
127.0316 49.2140
127.0375 49.2137
127.0433 49.2133
127.0491 49.2129
127.0549 49.2125
127.0608 49.2121
127.0666 49.2117
127.0724 49.2113
127.0782 49.2109
127.0841 49.2105
127.0899 49.2101
127.0957 49.2097
127.1015 49.2093
127.1074 49.2089
127.1132 49.2085
127.1190 49.2081
127.1248 49.2077
127.1307 49.2073
127.1365 49.2069
127.1423 49.2065
127.1481 49.2061
127.1540 49.2057
127.1598 49.2053
127.1656 49.2049
127.1714 49.2045
127.1773 49.2041
127.1831 49.2037
127.1889 49.2032
127.1947 49.2028
127.2006 49.2024
127.2064 49.2020
127.2122 49.2016
127.2180 49.2012
127.2239 49.2008
127.2297 49.2004
127.2355 49.2000
127.2413 49.1996
127.2472 49.1992
127.2530 49.1987
127.2588 49.1983
127.2646 49.1979
127.2705 49.1975
127.2763 49.1971
127.2821 49.1967
127.2879 49.1963
127.2938 49.1958
127.2996 49.1954
127.3054 49.1950
127.3113 49.1946
127.3171 49.1942
127.3229 49.1938
127.3287 49.1933
127.3346 49.1929
127.3404 49.1925
127.3462 49.1921
127.3520 49.1917
127.3579 49.1912
127.3637 49.1908
127.3695 49.1904
127.3753 49.1900
127.3812 49.1896
127.3870 49.1891
127.3928 49.1887
127.3986 49.1883
127.4045 49.1879
127.4103 49.1874
127.4161 49.1870
127.4219 49.1866
127.4278 49.1862
127.4336 49.1857
127.4394 49.1853
127.4452 49.1849
127.4511 49.1844
127.4569 49.1840
127.4627 49.1836
127.4685 49.1832
127.4744 49.1827
127.4802 49.1823
127.4860 49.1819
127.4919 49.1814
127.4977 49.1810
127.5035 49.1806
127.5093 49.1801
127.5152 49.1797
127.5210 49.1793
127.5268 49.1788
127.5326 49.1784
127.5385 49.1779
127.5443 49.1775
127.5501 49.1771
127.5559 49.1766
127.5618 49.1762
127.5676 49.1758
127.5734 49.1753
127.5792 49.1749
127.5851 49.1744
127.5909 49.1740
127.5967 49.1736
127.6025 49.1731
127.6084 49.1727
127.6142 49.1722
127.6200 49.1718
127.6259 49.1713
127.6317 49.1709
127.6375 49.1704
127.6433 49.1700
127.6492 49.1696
127.6550 49.1691
127.6608 49.1687
127.6666 49.1682
127.6725 49.1678
127.6783 49.1673
127.6841 49.1669
127.6899 49.1664
127.6958 49.1660
127.7016 49.1655
127.7074 49.1651
127.7132 49.1646
127.7191 49.1642
127.7249 49.1637
127.7307 49.1632
127.7365 49.1628
127.7424 49.1623
127.7482 49.1619
127.7540 49.1614
127.7599 49.1610
127.7657 49.1605
127.7715 49.1601
127.7773 49.1596
127.7832 49.1591
127.7890 49.1587
127.7948 49.1582
127.8006 49.1578
127.8065 49.1573
127.8123 49.1568
127.8181 49.1564
127.8239 49.1559
127.8298 49.1555
127.8356 49.1550
127.8414 49.1545
127.8473 49.1541
127.8531 49.1536
127.8589 49.1531
127.8647 49.1527
127.8706 49.1522
127.8764 49.1517
127.8822 49.1513
127.8880 49.1508
127.8939 49.1503
127.8997 49.1499
127.9055 49.1494
127.9113 49.1489
127.9172 49.1485
127.9230 49.1480
127.9288 49.1475
127.9347 49.1470
127.9405 49.1466
127.9463 49.1461
127.9521 49.1456
127.9580 49.1451
127.9638 49.1447
127.9696 49.1442
127.9754 49.1437
127.9813 49.1432
127.9871 49.1428
127.9929 49.1423
127.9988 49.1418
128.0046 49.1413
128.0104 49.1408
128.0162 49.1404
128.0221 49.1399
128.0279 49.1394
128.0337 49.1389
128.0395 49.1384
128.0454 49.1380
128.0512 49.1375
128.0570 49.1370
128.0629 49.1365
128.0687 49.1360
128.0745 49.1355
128.0803 49.1351
128.0862 49.1346
128.0920 49.1341
128.0978 49.1336
128.1036 49.1331
128.1095 49.1326
128.1153 49.1321
128.1211 49.1316
128.1270 49.1312
128.1328 49.1307
128.1386 49.1302
128.1444 49.1297
128.1503 49.1292
128.1561 49.1287
128.1619 49.1282
128.1678 49.1277
128.1736 49.1272
128.1794 49.1267
128.1852 49.1262
128.1911 49.1257
128.1969 49.1252
128.2027 49.1247
128.2085 49.1242
128.2144 49.1237
128.2202 49.1232
128.2260 49.1227
128.2319 49.1222
128.2377 49.1217
128.2435 49.1212
128.2493 49.1207
128.2552 49.1202
128.2610 49.1197
128.2668 49.1192
128.2727 49.1187
128.2785 49.1182
128.2843 49.1177
128.2901 49.1172
128.2960 49.1167
128.3018 49.1162
128.3076 49.1157
128.3135 49.1152
128.3193 49.1147
128.3251 49.1142
128.3309 49.1137
128.3368 49.1132
128.3426 49.1127
128.3484 49.1121
128.3542 49.1116
128.3601 49.1111
128.3659 49.1106
128.3717 49.1101
128.3776 49.1096
128.3834 49.1091
128.3892 49.1086
128.3950 49.1080
128.4009 49.1075
128.4067 49.1070
128.4125 49.1065
128.4184 49.1060
128.4242 49.1055
128.4300 49.1049
128.4358 49.1044
128.4417 49.1039
128.4475 49.1034
128.4533 49.1029
128.4592 49.1023
128.4650 49.1018
128.4708 49.1013
128.4766 49.1008
128.4825 49.1003
128.4883 49.0997
128.4941 49.0992
128.5000 49.0987
128.5058 49.0982
128.5116 49.0976
128.5174 49.0971
128.5233 49.0966
128.5291 49.0960
128.5349 49.0955
128.5408 49.0950
128.5466 49.0945
128.5524 49.0939
128.5582 49.0934
128.5641 49.0929
128.5699 49.0923
128.5757 49.0918
128.5816 49.0913
128.5874 49.0907
128.5932 49.0902
128.5990 49.0897
128.6049 49.0891
128.6107 49.0886
128.6165 49.0881
128.6224 49.0875
128.6282 49.0870
128.6340 49.0865
128.6399 49.0859
128.6457 49.0854
128.6515 49.0848
128.6573 49.0843
128.6632 49.0838
128.6690 49.0832
128.6748 49.0827
128.6807 49.0821
128.6865 49.0816
128.6923 49.0810
128.6981 49.0805
128.7040 49.0800
128.7098 49.0794
128.7156 49.0789
128.7215 49.0783
128.7273 49.0778
128.7331 49.0772
128.7389 49.0767
128.7448 49.0761
128.7506 49.0756
128.7564 49.0750
128.7623 49.0745
128.7681 49.0739
128.7739 49.0734
128.7797 49.0728
128.7856 49.0723
128.7914 49.0717
128.7972 49.0712
128.8031 49.0706
128.8089 49.0701
128.8147 49.0695
128.8206 49.0690
128.8264 49.0684
128.8322 49.0678
128.8380 49.0673
128.8439 49.0667
128.8497 49.0662
128.8555 49.0656
128.8614 49.0651
128.8672 49.0645
128.8730 49.0639
128.8788 49.0634
128.8847 49.0628
128.8905 49.0622
128.8963 49.0617
128.9022 49.0611
128.9080 49.0606
128.9138 49.0600
128.9197 49.0594
128.9255 49.0589
128.9313 49.0583
128.9371 49.0577
128.9430 49.0572
128.9488 49.0566
128.9546 49.0560
128.9605 49.0555
128.9663 49.0549
128.9721 49.0543
128.9779 49.0537
128.9838 49.0532
128.9896 49.0526
128.9954 49.0520
129.0013 49.0514
129.0071 49.0509
129.0129 49.0503
129.0188 49.0497
129.0246 49.0492
129.0304 49.0486
129.0362 49.0480
129.0421 49.0474
129.0479 49.0468
129.0537 49.0463
129.0596 49.0457
129.0654 49.0451
129.0712 49.0445
129.0771 49.0439
129.0829 49.0434
129.0887 49.0428
129.0945 49.0422
129.1004 49.0416
129.1062 49.0410
129.1120 49.0404
129.1179 49.0399
129.1237 49.0393
129.1295 49.0387
129.1353 49.0381
129.1412 49.0375
129.1470 49.0369
129.1528 49.0363
129.1587 49.0358
129.1645 49.0352
129.1703 49.0346
129.1762 49.0340
129.1820 49.0334
129.1878 49.0328
129.1936 49.0322
129.1995 49.0316
129.2053 49.0310
129.2111 49.0304
129.2170 49.0298
129.2228 49.0292
129.2286 49.0286
129.2345 49.0280
129.2403 49.0274
129.2461 49.0268
129.2519 49.0262
129.2578 49.0257
129.2636 49.0251
129.2694 49.0245
129.2753 49.0239
129.2811 49.0232
129.2869 49.0226
129.2928 49.0220
129.2986 49.0214
129.3044 49.0208
129.3102 49.0202
129.3161 49.0196
129.3219 49.0190
129.3277 49.0184
129.3336 49.0178
129.3394 49.0172
129.3452 49.0166
129.3511 49.0160
129.3569 49.0154
129.3627 49.0148
129.3685 49.0142
129.3744 49.0135
129.3802 49.0129
129.3860 49.0123
129.3919 49.0117
129.3977 49.0111
129.4035 49.0105
129.4094 49.0099
129.4152 49.0093
129.4210 49.0086
129.4269 49.0080
129.4327 49.0074
129.4385 49.0068
129.4443 49.0062
129.4502 49.0056
129.4560 49.0049
129.4618 49.0043
129.4677 49.0037
129.4735 49.0031
129.4793 49.0025
129.4852 49.0018
129.4910 49.0012
129.4968 49.0006
129.5027 49.0000
129.5085 48.9993
129.5143 48.9987
129.5201 48.9981
129.5260 48.9975
129.5318 48.9968
129.5376 48.9962
129.5435 48.9956
129.5493 48.9950
129.5551 48.9943
129.5610 48.9937
129.5668 48.9931
129.5726 48.9924
129.5785 48.9918
129.5843 48.9912
129.5901 48.9905
129.5960 48.9899
129.6018 48.9893
129.6076 48.9886
129.6134 48.9880
129.6193 48.9874
129.6251 48.9867
129.6309 48.9861
129.6368 48.9855
129.6426 48.9848
129.6484 48.9842
129.6543 48.9835
129.6601 48.9829
129.6659 48.9823
129.6718 48.9816
129.6776 48.9810
129.6834 48.9803
129.6893 48.9797
129.6951 48.9790
129.7009 48.9784
129.7068 48.9778
129.7126 48.9771
129.7184 48.9765
129.7242 48.9758
129.7301 48.9752
129.7359 48.9745
129.7417 48.9739
129.7476 48.9732
129.7534 48.9726
129.7592 48.9719
129.7651 48.9713
129.7709 48.9706
129.7767 48.9700
129.7826 48.9693
129.7884 48.9687
129.7942 48.9680
129.8001 48.9674
129.8059 48.9667
129.8117 48.9660
129.8176 48.9654
129.8234 48.9647
129.8292 48.9641
129.8351 48.9634
129.8409 48.9628
129.8467 48.9621
129.8526 48.9614
129.8584 48.9608
129.8642 48.9601
129.8700 48.9595
129.8759 48.9588
129.8817 48.9581
129.8875 48.9575
129.8934 48.9568
129.8992 48.9561
129.9050 48.9555
129.9109 48.9548
129.9167 48.9541
129.9225 48.9535
129.9284 48.9528
129.9342 48.9521
129.9400 48.9515
129.9459 48.9508
129.9517 48.9501
129.9575 48.9495
129.9634 48.9488
129.9692 48.9481
129.9750 48.9474
129.9809 48.9468
129.9867 48.9461
129.9925 48.9454
129.9984 48.9447
130.0042 48.9441
130.0100 48.9434
130.0159 48.9427
130.0217 48.9420
130.0275 48.9414
130.0334 48.9407
130.0392 48.9400
130.0450 48.9393
130.0509 48.9386
130.0567 48.9380
130.0625 48.9373
130.0684 48.9366
130.0742 48.9359
130.0800 48.9352
130.0858 48.9345
130.0917 48.9339
130.0975 48.9332
130.1033 48.9325
130.1092 48.9318
130.1150 48.9311
130.1208 48.9304
130.1267 48.9297
130.1325 48.9290
130.1383 48.9284
130.1442 48.9277
130.1500 48.9270
130.1558 48.9263
130.1617 48.9256
130.1675 48.9249
130.1733 48.9242
130.1792 48.9235
130.1850 48.9228
130.1908 48.9221
130.1967 48.9214
130.2025 48.9207
130.2083 48.9200
130.2142 48.9193
130.2200 48.9186
130.2258 48.9179
130.2317 48.9172
130.2375 48.9165
130.2433 48.9158
130.2492 48.9151
130.2550 48.9144
130.2608 48.9137
130.2667 48.9130
130.2725 48.9123
130.2783 48.9116
130.2842 48.9109
130.2900 48.9102
130.2958 48.9095
130.3017 48.9088
130.3075 48.9081
130.3133 48.9074
130.3192 48.9067
130.3250 48.9059
130.3308 48.9052
130.3367 48.9045
130.3425 48.9038
130.3483 48.9031
130.3542 48.9024
130.3600 48.9017
130.3658 48.9010
130.3717 48.9002
130.3775 48.8995
130.3833 48.8988
130.3892 48.8981
130.3950 48.8974
130.4008 48.8967
130.4067 48.8959
130.4125 48.8952
130.4183 48.8945
130.4242 48.8938
130.4300 48.8931
130.4358 48.8923
130.4417 48.8916
130.4475 48.8909
130.4533 48.8902
130.4592 48.8894
130.4650 48.8887
130.4708 48.8880
130.4767 48.8873
130.4825 48.8865
130.4883 48.8858
130.4942 48.8851
130.5000 48.8844
130.5058 48.8836
130.5117 48.8829
130.5175 48.8822
130.5233 48.8814
130.5292 48.8807
130.5350 48.8800
130.5408 48.8792
130.5467 48.8785
130.5525 48.8778
130.5583 48.8770
130.5642 48.8763
130.5700 48.8756
130.5758 48.8748
130.5817 48.8741
130.5875 48.8733
130.5933 48.8726
130.5992 48.8719
130.6050 48.8711
130.6108 48.8704
130.6167 48.8696
130.6225 48.8689
130.6283 48.8682
130.6342 48.8674
130.6400 48.8667
130.6458 48.8659
130.6517 48.8652
130.6575 48.8644
130.6633 48.8637
130.6692 48.8629
130.6750 48.8622
130.6808 48.8614
130.6867 48.8607
130.6925 48.8600
130.6983 48.8592
130.7042 48.8584
130.7100 48.8577
130.7159 48.8569
130.7217 48.8562
130.7275 48.8554
130.7334 48.8547
130.7392 48.8539
130.7450 48.8532
130.7509 48.8524
130.7567 48.8517
130.7625 48.8509
130.7684 48.8501
130.7742 48.8494
130.7800 48.8486
130.7859 48.8479
130.7917 48.8471
130.7975 48.8463
130.8034 48.8456
130.8092 48.8448
130.8150 48.8441
130.8209 48.8433
130.8267 48.8425
130.8325 48.8418
130.8384 48.8410
130.8442 48.8402
130.8500 48.8395
130.8559 48.8387
130.8617 48.8379
130.8675 48.8372
130.8734 48.8364
130.8792 48.8356
130.8850 48.8348
130.8909 48.8341
130.8967 48.8333
130.9026 48.8325
130.9084 48.8318
130.9142 48.8310
130.9201 48.8302
130.9259 48.8294
130.9317 48.8287
130.9376 48.8279
130.9434 48.8271
130.9492 48.8263
130.9551 48.8255
130.9609 48.8248
130.9667 48.8240
130.9726 48.8232
130.9784 48.8224
130.9842 48.8216
130.9901 48.8209
130.9959 48.8201
131.0017 48.8193
131.0076 48.8185
131.0134 48.8177
131.0193 48.8169
131.0251 48.8161
131.0309 48.8154
131.0368 48.8146
131.0426 48.8138
131.0484 48.8130
131.0543 48.8122
131.0601 48.8114
131.0659 48.8106
131.0718 48.8098
131.0776 48.8090
131.0834 48.8082
131.0893 48.8074
131.0951 48.8067
131.1009 48.8059
131.1068 48.8051
131.1126 48.8043
131.1185 48.8035
131.1243 48.8027
131.1301 48.8019
131.1360 48.8011
131.1418 48.8003
131.1476 48.7995
131.1535 48.7987
131.1593 48.7979
131.1651 48.7971
131.1710 48.7963
131.1768 48.7955
131.1826 48.7947
131.1885 48.7938
131.1943 48.7930
131.2002 48.7922
131.2060 48.7914
131.2118 48.7906
131.2177 48.7898
131.2235 48.7890
131.2293 48.7882
131.2352 48.7874
131.2410 48.7866
131.2468 48.7858
131.2527 48.7849
131.2585 48.7841
131.2643 48.7833
131.2702 48.7825
131.2760 48.7817
131.2819 48.7809
131.2877 48.7801
131.2935 48.7792
131.2994 48.7784
131.3052 48.7776
131.3110 48.7768
131.3169 48.7760
131.3227 48.7752
131.3285 48.7743
131.3344 48.7735
131.3402 48.7727
131.3461 48.7719
131.3519 48.7710
131.3577 48.7702
131.3636 48.7694
131.3694 48.7686
131.3752 48.7677
131.3811 48.7669
131.3869 48.7661
131.3927 48.7653
131.3986 48.7644
131.4044 48.7636
131.4103 48.7628
131.4161 48.7619
131.4219 48.7611
131.4278 48.7603
131.4336 48.7594
131.4394 48.7586
131.4453 48.7578
131.4511 48.7569
131.4570 48.7561
131.4628 48.7553
131.4686 48.7544
131.4745 48.7536
131.4803 48.7528
131.4861 48.7519
131.4920 48.7511
131.4978 48.7502
131.5036 48.7494
131.5095 48.7486
131.5153 48.7477
131.5212 48.7469
131.5270 48.7460
131.5328 48.7452
131.5387 48.7443
131.5445 48.7435
131.5503 48.7426
131.5562 48.7418
131.5620 48.7409
131.5679 48.7401
131.5737 48.7393
131.5795 48.7384
131.5854 48.7376
131.5912 48.7367
131.5970 48.7358
131.6029 48.7350
131.6087 48.7341
131.6145 48.7333
131.6204 48.7324
131.6262 48.7316
131.6321 48.7307
131.6379 48.7299
131.6437 48.7290
131.6496 48.7282
131.6554 48.7273
131.6612 48.7264
131.6671 48.7256
131.6729 48.7247
131.6788 48.7239
131.6846 48.7230
131.6904 48.7221
131.6963 48.7213
131.7021 48.7204
131.7079 48.7195
131.7138 48.7187
131.7196 48.7178
131.7255 48.7169
131.7313 48.7161
131.7371 48.7152
131.7430 48.7143
131.7488 48.7135
131.7546 48.7126
131.7605 48.7117
131.7663 48.7109
131.7722 48.7100
131.7780 48.7091
131.7838 48.7082
131.7897 48.7074
131.7955 48.7065
131.8013 48.7056
131.8072 48.7047
131.8130 48.7039
131.8189 48.7030
131.8247 48.7021
131.8305 48.7012
131.8364 48.7004
131.8422 48.6995
131.8480 48.6986
131.8539 48.6977
131.8597 48.6968
131.8656 48.6959
131.8714 48.6951
131.8772 48.6942
131.8831 48.6933
131.8889 48.6924
131.8947 48.6915
131.9006 48.6906
131.9064 48.6898
131.9123 48.6889
131.9181 48.6880
131.9239 48.6871
131.9298 48.6862
131.9356 48.6853
131.9414 48.6844
131.9473 48.6835
131.9531 48.6826
131.9590 48.6817
131.9648 48.6808
131.9706 48.6799
131.9765 48.6791
131.9823 48.6782
131.9881 48.6773
131.9940 48.6764
131.9998 48.6755
132.0057 48.6746
132.0115 48.6737
132.0173 48.6728
132.0232 48.6719
132.0290 48.6710
132.0348 48.6701
132.0407 48.6692
132.0465 48.6683
132.0524 48.6673
132.0582 48.6664
132.0640 48.6655
132.0699 48.6646
132.0757 48.6637
132.0816 48.6628
132.0874 48.6619
132.0932 48.6610
132.0991 48.6601
132.1049 48.6592
132.1107 48.6583
132.1166 48.6574
132.1224 48.6564
132.1283 48.6555
132.1341 48.6546
132.1399 48.6537
132.1458 48.6528
132.1516 48.6519
132.1574 48.6510
132.1633 48.6500
132.1691 48.6491
132.1750 48.6482
132.1808 48.6473
132.1866 48.6464
132.1925 48.6454
132.1983 48.6445
132.2042 48.6436
132.2100 48.6427
132.2158 48.6417
132.2217 48.6408
132.2275 48.6399
132.2333 48.6390
132.2392 48.6380
132.2450 48.6371
132.2509 48.6362
132.2567 48.6353
132.2625 48.6343
132.2684 48.6334
132.2742 48.6325
132.2801 48.6315
132.2859 48.6306
132.2917 48.6297
132.2976 48.6287
132.3034 48.6278
132.3092 48.6269
132.3151 48.6259
132.3209 48.6250
132.3268 48.6241
132.3326 48.6231
132.3384 48.6222
132.3443 48.6212
132.3501 48.6203
132.3560 48.6194
132.3618 48.6184
132.3676 48.6175
132.3735 48.6165
132.3793 48.6156
132.3852 48.6147
132.3910 48.6137
132.3968 48.6128
132.4027 48.6118
132.4085 48.6109
132.4144 48.6099
132.4202 48.6090
132.4260 48.6080
132.4319 48.6071
132.4377 48.6061
132.4435 48.6052
132.4494 48.6042
132.4552 48.6033
132.4611 48.6023
132.4669 48.6014
132.4727 48.6004
132.4786 48.5995
132.4844 48.5985
132.4903 48.5975
132.4961 48.5966
132.5019 48.5956
132.5078 48.5947
132.5136 48.5937
132.5195 48.5928
132.5253 48.5918
132.5311 48.5908
132.5370 48.5899
132.5428 48.5889
132.5487 48.5879
132.5545 48.5870
132.5603 48.5860
132.5662 48.5851
132.5720 48.5841
132.5779 48.5831
132.5837 48.5821
132.5895 48.5812
132.5954 48.5802
132.6012 48.5792
132.6071 48.5783
132.6129 48.5773
132.6187 48.5763
132.6246 48.5754
132.6304 48.5744
132.6363 48.5734
132.6421 48.5724
132.6479 48.5715
132.6538 48.5705
132.6596 48.5695
132.6655 48.5685
132.6713 48.5676
132.6771 48.5666
132.6830 48.5656
132.6888 48.5646
132.6947 48.5636
132.7005 48.5626
132.7063 48.5617
132.7122 48.5607
132.7180 48.5597
132.7239 48.5587
132.7297 48.5577
132.7355 48.5567
132.7414 48.5558
132.7472 48.5548
132.7531 48.5538
132.7589 48.5528
132.7648 48.5518
132.7706 48.5508
132.7764 48.5498
132.7823 48.5488
132.7881 48.5478
132.7940 48.5468
132.7998 48.5459
132.8056 48.5449
132.8115 48.5439
132.8173 48.5429
132.8232 48.5419
132.8290 48.5409
132.8348 48.5399
132.8407 48.5389
132.8465 48.5379
132.8524 48.5369
132.8582 48.5359
132.8640 48.5349
132.8699 48.5339
132.8757 48.5329
132.8816 48.5319
132.8874 48.5309
132.8933 48.5299
132.8991 48.5289
132.9049 48.5278
132.9108 48.5268
132.9166 48.5258
132.9225 48.5248
132.9283 48.5238
132.9341 48.5228
132.9400 48.5218
132.9458 48.5208
132.9517 48.5198
132.9575 48.5188
132.9633 48.5177
132.9692 48.5167
132.9750 48.5157
132.9809 48.5147
132.9867 48.5137
132.9926 48.5127
132.9984 48.5116
133.0042 48.5106
133.0101 48.5096
133.0159 48.5086
133.0218 48.5076
133.0276 48.5065
133.0334 48.5055
133.0393 48.5045
133.0451 48.5035
133.0510 48.5025
133.0568 48.5014
133.0626 48.5004
133.0685 48.4994
133.0743 48.4983
133.0802 48.4973
133.0860 48.4963
133.0919 48.4953
133.0977 48.4942
133.1035 48.4932
133.1094 48.4922
133.1152 48.4911
133.1211 48.4901
133.1269 48.4891
133.1327 48.4880
133.1386 48.4870
133.1444 48.4860
133.1503 48.4849
133.1561 48.4839
133.1620 48.4829
133.1678 48.4818
133.1736 48.4808
133.1795 48.4797
133.1853 48.4787
133.1912 48.4777
133.1970 48.4766
133.2028 48.4756
133.2087 48.4745
133.2145 48.4735
133.2204 48.4724
133.2262 48.4714
133.2321 48.4703
133.2379 48.4693
133.2437 48.4682
133.2496 48.4672
133.2554 48.4662
133.2613 48.4651
133.2671 48.4641
133.2730 48.4630
133.2788 48.4619
133.2846 48.4609
133.2905 48.4598
133.2963 48.4588
133.3022 48.4577
133.3080 48.4567
133.3138 48.4556
133.3197 48.4546
133.3255 48.4535
133.3314 48.4524
133.3372 48.4514
133.3431 48.4503
133.3489 48.4493
133.3547 48.4482
133.3606 48.4471
133.3664 48.4461
133.3723 48.4450
133.3781 48.4439
133.3840 48.4429
133.3898 48.4418
133.3956 48.4408
133.4015 48.4397
133.4073 48.4386
133.4132 48.4375
133.4190 48.4365
133.4248 48.4354
133.4307 48.4343
133.4365 48.4333
133.4424 48.4322
133.4482 48.4311
133.4541 48.4300
133.4599 48.4290
133.4657 48.4279
133.4716 48.4268
133.4774 48.4257
133.4833 48.4247
133.4891 48.4236
133.4950 48.4225
133.5008 48.4214
133.5066 48.4203
133.5125 48.4193
133.5183 48.4182
133.5242 48.4171
133.5300 48.4160
133.5359 48.4149
133.5417 48.4138
133.5475 48.4128
133.5534 48.4117
133.5592 48.4106
133.5651 48.4095
133.5709 48.4084
133.5767 48.4073
133.5826 48.4062
133.5884 48.4051
133.5943 48.4041
133.6001 48.4030
133.6060 48.4019
133.6118 48.4008
133.6176 48.3997
133.6235 48.3986
133.6293 48.3975
133.6352 48.3964
133.6410 48.3953
133.6469 48.3942
133.6527 48.3931
133.6585 48.3920
133.6644 48.3909
133.6702 48.3898
133.6761 48.3887
133.6819 48.3876
133.6878 48.3865
133.6936 48.3854
133.6994 48.3843
133.7053 48.3832
133.7111 48.3821
133.7170 48.3810
133.7228 48.3799
133.7287 48.3788
133.7345 48.3776
133.7403 48.3765
133.7462 48.3754
133.7520 48.3743
133.7579 48.3732
133.7637 48.3721
133.7696 48.3710
133.7754 48.3699
133.7813 48.3687
133.7871 48.3676
133.7929 48.3665
133.7988 48.3654
133.8046 48.3643
133.8105 48.3632
133.8163 48.3620
133.8222 48.3609
133.8280 48.3598
133.8338 48.3587
133.8397 48.3576
133.8455 48.3564
133.8514 48.3553
133.8572 48.3542
133.8631 48.3531
133.8689 48.3519
133.8748 48.3508
133.8806 48.3497
133.8864 48.3486
133.8923 48.3474
133.8981 48.3463
133.9040 48.3452
133.9098 48.3440
133.9157 48.3429
133.9215 48.3418
133.9273 48.3406
133.9332 48.3395
133.9390 48.3384
133.9449 48.3372
133.9507 48.3361
133.9566 48.3350
133.9624 48.3338
133.9683 48.3327
133.9741 48.3315
133.9799 48.3304
133.9858 48.3293
133.9916 48.3281
133.9975 48.3270
134.0033 48.3258
134.0092 48.3247
134.0150 48.3235
134.0209 48.3224
134.0267 48.3213
134.0325 48.3201
134.0384 48.3190
134.0442 48.3178
134.0501 48.3167
134.0559 48.3155
134.0618 48.3144
134.0676 48.3132
134.0735 48.3121
134.0793 48.3109
134.0851 48.3098
134.0910 48.3086
134.0968 48.3074
134.1027 48.3063
134.1085 48.3051
134.1144 48.3040
134.1202 48.3028
134.1261 48.3017
134.1319 48.3005
134.1377 48.2993
134.1436 48.2982
134.1494 48.2970
134.1553 48.2959
134.1611 48.2947
134.1670 48.2935
134.1728 48.2924
134.1787 48.2912
134.1845 48.2900
134.1904 48.2889
134.1962 48.2877
134.2020 48.2865
134.2079 48.2854
134.2137 48.2842
134.2196 48.2830
134.2254 48.2819
134.2313 48.2807
134.2371 48.2795
134.2430 48.2783
134.2488 48.2772
134.2547 48.2760
134.2605 48.2748
134.2663 48.2736
134.2722 48.2725
134.2780 48.2713
134.2839 48.2701
134.2897 48.2689
134.2956 48.2677
134.3014 48.2666
134.3073 48.2654
134.3131 48.2642
134.3190 48.2630
134.3248 48.2618
134.3306 48.2607
134.3365 48.2595
134.3423 48.2583
134.3482 48.2571
134.3540 48.2559
134.3599 48.2547
134.3657 48.2535
134.3716 48.2523
134.3774 48.2511
134.3833 48.2500
134.3891 48.2488
134.3949 48.2476
134.4008 48.2464
134.4066 48.2452
134.4125 48.2440
134.4183 48.2428
134.4242 48.2416
134.4300 48.2404
134.4359 48.2392
134.4417 48.2380
134.4476 48.2368
134.4534 48.2356
134.4592 48.2344
134.4651 48.2332
134.4709 48.2320
134.4768 48.2308
134.4826 48.2296
134.4885 48.2284
134.4943 48.2272
134.5002 48.2260
134.5060 48.2248
134.5119 48.2236
134.5177 48.2224
134.5236 48.2211
134.5294 48.2199
134.5352 48.2187
134.5411 48.2175
134.5469 48.2163
134.5528 48.2151
134.5586 48.2139
134.5645 48.2127
134.5703 48.2114
134.5762 48.2102
134.5820 48.2090
134.5879 48.2078
134.5937 48.2066
134.5996 48.2054
134.6054 48.2041
134.6112 48.2029
134.6171 48.2017
134.6229 48.2005
134.6288 48.1992
134.6346 48.1980
134.6405 48.1968
134.6463 48.1956
134.6522 48.1944
134.6580 48.1931
134.6639 48.1919
134.6697 48.1907
134.6756 48.1894
134.6814 48.1882
134.6873 48.1870
134.6931 48.1857
134.6989 48.1845
134.7048 48.1833
134.7106 48.1821
134.7165 48.1808
134.7223 48.1796
134.7282 48.1783
134.7340 48.1771
134.7399 48.1759
134.7457 48.1746
134.7516 48.1734
134.7574 48.1722
134.7633 48.1709
134.7691 48.1697
134.7750 48.1684
134.7808 48.1672
134.7866 48.1660
134.7925 48.1647
134.7983 48.1635
134.8042 48.1622
134.8100 48.1610
134.8159 48.1597
134.8217 48.1585
134.8276 48.1572
134.8334 48.1560
134.8393 48.1547
134.8451 48.1535
134.8510 48.1522
134.8568 48.1510
134.8627 48.1497
134.8685 48.1485
134.8743 48.1472
134.8802 48.1460
134.8860 48.1447
134.8919 48.1434
134.8977 48.1422
134.9036 48.1409
134.9094 48.1397
134.9153 48.1384
134.9211 48.1372
134.9270 48.1359
134.9328 48.1346
134.9387 48.1334
134.9445 48.1321
134.9504 48.1308
134.9562 48.1296
134.9621 48.1283
134.9679 48.1270
134.9737 48.1258
134.9796 48.1245
134.9854 48.1232
134.9913 48.1220
134.9971 48.1207
135.0030 48.1194
135.0088 48.1182
135.0147 48.1169
135.0205 48.1156
135.0264 48.1143
135.0322 48.1131
135.0381 48.1118
135.0439 48.1105
135.0498 48.1092
135.0556 48.1079
135.0615 48.1067
135.0673 48.1054
135.0731 48.1041
135.0790 48.1028
135.0848 48.1015
135.0907 48.1003
135.0965 48.0990
135.1024 48.0977
135.1082 48.0964
135.1141 48.0951
135.1199 48.0938
135.1258 48.0926
135.1316 48.0913
135.1375 48.0900
135.1433 48.0887
135.1492 48.0874
135.1550 48.0861
135.1609 48.0848
135.1667 48.0835
135.1726 48.0822
135.1784 48.0809
135.1843 48.0796
135.1901 48.0783
135.1959 48.0770
135.2018 48.0758
135.2076 48.0745
135.2135 48.0732
135.2193 48.0719
135.2252 48.0706
135.2310 48.0693
135.2369 48.0680
135.2427 48.0666
135.2486 48.0653
135.2544 48.0640
135.2603 48.0627
135.2661 48.0614
135.2720 48.0601
135.2778 48.0588
135.2837 48.0575
135.2895 48.0562
135.2954 48.0549
135.3012 48.0536
135.3071 48.0523
135.3129 48.0510
135.3188 48.0496
135.3246 48.0483
135.3305 48.0470
135.3363 48.0457
135.3422 48.0444
135.3480 48.0431
135.3539 48.0418
135.3597 48.0404
135.3656 48.0391
135.3714 48.0378
135.3772 48.0365
135.3831 48.0352
135.3889 48.0338
135.3948 48.0325
135.4006 48.0312
135.4065 48.0299
135.4123 48.0285
135.4182 48.0272
135.4240 48.0259
135.4299 48.0246
135.4357 48.0232
135.4416 48.0219
135.4474 48.0206
135.4533 48.0192
135.4591 48.0179
135.4650 48.0166
135.4708 48.0152
135.4767 48.0139
135.4825 48.0126
135.4884 48.0112
135.4942 48.0099
135.5001 48.0086
135.5059 48.0072
135.5118 48.0059
135.5176 48.0046
135.5235 48.0032
135.5293 48.0019
135.5352 48.0005
135.5410 47.9992
135.5469 47.9979
135.5527 47.9965
135.5586 47.9952
135.5644 47.9938
135.5703 47.9925
135.5761 47.9911
135.5820 47.9898
135.5878 47.9884
135.5937 47.9871
135.5995 47.9857
135.6054 47.9844
135.6112 47.9830
135.6171 47.9817
135.6229 47.9803
135.6288 47.9790
135.6346 47.9776
135.6405 47.9763
135.6463 47.9749
135.6522 47.9736
135.6580 47.9722
135.6639 47.9708
135.6697 47.9695
135.6756 47.9681
135.6814 47.9668
135.6873 47.9654
135.6931 47.9640
135.6990 47.9627
135.7048 47.9613
135.7107 47.9599
135.7165 47.9586
135.7224 47.9572
135.7282 47.9558
135.7341 47.9545
135.7399 47.9531
135.7458 47.9517
135.7516 47.9504
135.7575 47.9490
135.7633 47.9476
135.7692 47.9463
135.7750 47.9449
135.7809 47.9435
135.7867 47.9421
135.7926 47.9408
135.7984 47.9394
135.8043 47.9380
135.8101 47.9366
135.8160 47.9353
135.8218 47.9339
135.8277 47.9325
135.8335 47.9311
135.8394 47.9297
135.8452 47.9284
135.8511 47.9270
135.8569 47.9256
135.8628 47.9242
135.8686 47.9228
135.8745 47.9214
135.8803 47.9200
135.8862 47.9187
135.8920 47.9173
135.8979 47.9159
135.9037 47.9145
135.9096 47.9131
135.9154 47.9117
135.9213 47.9103
135.9271 47.9089
135.9330 47.9075
135.9388 47.9061
135.9447 47.9047
135.9505 47.9033
135.9564 47.9019
135.9622 47.9005
135.9681 47.8991
135.9739 47.8977
135.9798 47.8963
135.9856 47.8949
135.9915 47.8935
135.9973 47.8921
136.0032 47.8907
136.0090 47.8893
136.0149 47.8879
136.0207 47.8865
136.0266 47.8851
136.0324 47.8837
136.0383 47.8823
136.0441 47.8809
136.0500 47.8795
136.0559 47.8781
136.0617 47.8767
136.0676 47.8753
136.0734 47.8738
136.0793 47.8724
136.0851 47.8710
136.0910 47.8696
136.0968 47.8682
136.1027 47.8668
136.1085 47.8653
136.1144 47.8639
136.1202 47.8625
136.1261 47.8611
136.1319 47.8597
136.1378 47.8582
136.1436 47.8568
136.1495 47.8554
136.1553 47.8540
136.1612 47.8526
136.1670 47.8511
136.1729 47.8497
136.1787 47.8483
136.1846 47.8469
136.1904 47.8454
136.1963 47.8440
136.2021 47.8426
136.2080 47.8411
136.2138 47.8397
136.2197 47.8383
136.2255 47.8368
136.2314 47.8354
136.2372 47.8340
136.2431 47.8325
136.2489 47.8311
136.2548 47.8297
136.2606 47.8282
136.2665 47.8268
136.2723 47.8253
136.2782 47.8239
136.2841 47.8225
136.2899 47.8210
136.2958 47.8196
136.3016 47.8181
136.3075 47.8167
136.3133 47.8152
136.3192 47.8138
136.3250 47.8124
136.3309 47.8109
136.3367 47.8095
136.3426 47.8080
136.3484 47.8066
136.3543 47.8051
136.3601 47.8037
136.3660 47.8022
136.3718 47.8008
136.3777 47.7993
136.3835 47.7979
136.3894 47.7964
136.3952 47.7949
136.4011 47.7935
136.4069 47.7920
136.4128 47.7906
136.4186 47.7891
136.4245 47.7877
136.4303 47.7862
136.4362 47.7847
136.4420 47.7833
136.4479 47.7818
136.4538 47.7803
136.4596 47.7789
136.4655 47.7774
136.4713 47.7759
136.4772 47.7745
136.4830 47.7730
136.4889 47.7715
136.4947 47.7701
136.5006 47.7686
136.5064 47.7671
136.5123 47.7657
136.5181 47.7642
136.5240 47.7627
136.5298 47.7612
136.5357 47.7598
136.5415 47.7583
136.5474 47.7568
136.5532 47.7553
136.5591 47.7539
136.5649 47.7524
136.5708 47.7509
136.5766 47.7494
136.5825 47.7479
136.5883 47.7465
136.5942 47.7450
136.6001 47.7435
136.6059 47.7420
136.6118 47.7405
136.6176 47.7390
136.6235 47.7376
136.6293 47.7361
136.6352 47.7346
136.6410 47.7331
136.6469 47.7316
136.6527 47.7301
136.6586 47.7286
136.6644 47.7271
136.6703 47.7256
136.6761 47.7241
136.6820 47.7226
136.6878 47.7211
136.6937 47.7197
136.6996 47.7182
136.7054 47.7167
136.7113 47.7152
136.7171 47.7137
136.7230 47.7122
136.7288 47.7107
136.7347 47.7092
136.7405 47.7077
136.7464 47.7062
136.7522 47.7046
136.7581 47.7031
136.7639 47.7016
136.7698 47.7001
136.7756 47.6986
136.7815 47.6971
136.7873 47.6956
136.7932 47.6941
136.7991 47.6926
136.8049 47.6911
136.8108 47.6896
136.8166 47.6881
136.8225 47.6865
136.8283 47.6850
136.8342 47.6835
136.8400 47.6820
136.8459 47.6805
136.8517 47.6790
136.8576 47.6774
136.8634 47.6759
136.8693 47.6744
136.8752 47.6729
136.8810 47.6714
136.8869 47.6698
136.8927 47.6683
136.8986 47.6668
136.9044 47.6653
136.9103 47.6637
136.9161 47.6622
136.9220 47.6607
136.9278 47.6592
136.9337 47.6576
136.9395 47.6561
136.9454 47.6546
136.9513 47.6530
136.9571 47.6515
136.9630 47.6500
136.9688 47.6484
136.9747 47.6469
136.9805 47.6454
136.9864 47.6438
136.9922 47.6423
136.9981 47.6408
137.0039 47.6392
137.0098 47.6377
137.0157 47.6361
137.0215 47.6346
137.0274 47.6331
137.0332 47.6315
137.0391 47.6300
137.0449 47.6284
137.0508 47.6269
137.0566 47.6253
137.0625 47.6238
137.0683 47.6223
137.0742 47.6207
137.0801 47.6192
137.0859 47.6176
137.0918 47.6161
137.0976 47.6145
137.1035 47.6130
137.1093 47.6114
137.1152 47.6098
137.1210 47.6083
137.1269 47.6067
137.1327 47.6052
137.1386 47.6036
137.1445 47.6021
137.1503 47.6005
137.1562 47.5990
137.1620 47.5974
137.1679 47.5958
137.1737 47.5943
137.1796 47.5927
137.1854 47.5911
137.1913 47.5896
137.1971 47.5880
137.2030 47.5864
137.2089 47.5849
137.2147 47.5833
137.2206 47.5817
137.2264 47.5802
137.2323 47.5786
137.2381 47.5770
137.2440 47.5755
137.2498 47.5739
137.2557 47.5723
137.2616 47.5708
137.2674 47.5692
137.2733 47.5676
137.2791 47.5660
137.2850 47.5645
137.2908 47.5629
137.2967 47.5613
137.3025 47.5597
137.3084 47.5581
137.3143 47.5566
137.3201 47.5550
137.3260 47.5534
137.3318 47.5518
137.3377 47.5502
137.3435 47.5486
137.3494 47.5471
137.3552 47.5455
137.3611 47.5439
137.3669 47.5423
137.3728 47.5407
137.3787 47.5391
137.3845 47.5375
137.3904 47.5359
137.3962 47.5343
137.4021 47.5328
137.4079 47.5312
137.4138 47.5296
137.4196 47.5280
137.4255 47.5264
137.4314 47.5248
137.4372 47.5232
137.4431 47.5216
137.4489 47.5200
137.4548 47.5184
137.4606 47.5168
137.4665 47.5152
137.4724 47.5136
137.4782 47.5120
137.4841 47.5104
137.4899 47.5088
137.4958 47.5072
137.5016 47.5056
137.5075 47.5039
137.5133 47.5023
137.5192 47.5007
137.5251 47.4991
137.5309 47.4975
137.5368 47.4959
137.5426 47.4943
137.5485 47.4927
137.5543 47.4911
137.5602 47.4894
137.5660 47.4878
137.5719 47.4862
137.5778 47.4846
137.5836 47.4830
137.5895 47.4814
137.5953 47.4797
137.6012 47.4781
137.6070 47.4765
137.6129 47.4749
137.6188 47.4733
137.6246 47.4716
137.6305 47.4700
137.6363 47.4684
137.6422 47.4668
137.6480 47.4651
137.6539 47.4635
137.6597 47.4619
137.6656 47.4603
137.6715 47.4586
137.6773 47.4570
137.6832 47.4554
137.6890 47.4537
137.6949 47.4521
137.7007 47.4505
137.7066 47.4488
137.7125 47.4472
137.7183 47.4456
137.7242 47.4439
137.7300 47.4423
137.7359 47.4406
137.7417 47.4390
137.7476 47.4374
137.7534 47.4357
137.7593 47.4341
137.7652 47.4324
137.7710 47.4308
137.7769 47.4292
137.7827 47.4275
137.7886 47.4259
137.7944 47.4242
137.8003 47.4226
137.8062 47.4209
137.8120 47.4193
137.8179 47.4176
137.8237 47.4160
137.8296 47.4143
137.8354 47.4127
137.8413 47.4110
137.8471 47.4094
137.8530 47.4077
137.8589 47.4061
137.8647 47.4044
137.8706 47.4027
137.8764 47.4011
137.8823 47.3994
137.8881 47.3978
137.8940 47.3961
137.8999 47.3944
137.9057 47.3928
137.9116 47.3911
137.9174 47.3895
137.9233 47.3878
137.9291 47.3861
137.9350 47.3845
137.9409 47.3828
137.9467 47.3811
137.9526 47.3795
137.9584 47.3778
137.9643 47.3761
137.9701 47.3745
137.9760 47.3728
137.9819 47.3711
137.9877 47.3694
137.9936 47.3678
137.9994 47.3661
138.0053 47.3644
138.0111 47.3627
138.0170 47.3611
138.0229 47.3594
138.0287 47.3577
138.0346 47.3560
138.0404 47.3543
138.0463 47.3527
138.0521 47.3510
138.0580 47.3493
138.0639 47.3476
138.0697 47.3459
138.0756 47.3442
138.0814 47.3426
138.0873 47.3409
138.0931 47.3392
138.0990 47.3375
138.1049 47.3358
138.1107 47.3341
138.1166 47.3324
138.1224 47.3307
138.1283 47.3290
138.1342 47.3273
138.1400 47.3257
138.1459 47.3240
138.1517 47.3223
138.1576 47.3206
138.1634 47.3189
138.1693 47.3172
138.1752 47.3155
138.1810 47.3138
138.1869 47.3121
138.1927 47.3104
138.1986 47.3087
138.2044 47.3070
138.2103 47.3053
138.2162 47.3036
138.2220 47.3018
138.2279 47.3001
138.2337 47.2984
138.2396 47.2967
138.2455 47.2950
138.2513 47.2933
138.2572 47.2916
138.2630 47.2899
138.2689 47.2882
138.2747 47.2865
138.2806 47.2847
138.2865 47.2830
138.2923 47.2813
138.2982 47.2796
138.3040 47.2779
138.3099 47.2762
138.3158 47.2744
138.3216 47.2727
138.3275 47.2710
138.3333 47.2693
138.3392 47.2676
138.3451 47.2658
138.3509 47.2641
138.3568 47.2624
138.3626 47.2607
138.3685 47.2589
138.3743 47.2572
138.3802 47.2555
138.3861 47.2538
138.3919 47.2520
138.3978 47.2503
138.4036 47.2486
138.4095 47.2468
138.4154 47.2451
138.4212 47.2434
138.4271 47.2416
138.4329 47.2399
138.4388 47.2382
138.4447 47.2364
138.4505 47.2347
138.4564 47.2330
138.4622 47.2312
138.4681 47.2295
138.4740 47.2277
138.4798 47.2260
138.4857 47.2243
138.4915 47.2225
138.4974 47.2208
138.5032 47.2190
138.5091 47.2173
138.5150 47.2155
138.5208 47.2138
138.5267 47.2120
138.5325 47.2103
138.5384 47.2085
138.5443 47.2068
138.5501 47.2050
138.5560 47.2033
138.5618 47.2015
138.5677 47.1998
138.5736 47.1980
138.5794 47.1963
138.5853 47.1945
138.5911 47.1928
138.5970 47.1910
138.6029 47.1892
138.6087 47.1875
138.6146 47.1857
138.6204 47.1840
138.6263 47.1822
138.6322 47.1804
138.6380 47.1787
138.6439 47.1769
138.6497 47.1751
138.6556 47.1734
138.6615 47.1716
138.6673 47.1698
138.6732 47.1681
138.6790 47.1663
138.6849 47.1645
138.6908 47.1628
138.6966 47.1610
138.7025 47.1592
138.7083 47.1574
138.7142 47.1557
138.7201 47.1539
138.7259 47.1521
138.7318 47.1503
138.7376 47.1486
138.7435 47.1468
138.7494 47.1450
138.7552 47.1432
138.7611 47.1414
138.7669 47.1397
138.7728 47.1379
138.7787 47.1361
138.7845 47.1343
138.7904 47.1325
138.7962 47.1307
138.8021 47.1290
138.8080 47.1272
138.8138 47.1254
138.8197 47.1236
138.8255 47.1218
138.8314 47.1200
138.8373 47.1182
138.8431 47.1164
138.8490 47.1146
138.8549 47.1128
138.8607 47.1111
138.8666 47.1093
138.8724 47.1075
138.8783 47.1057
138.8842 47.1039
138.8900 47.1021
138.8959 47.1003
138.9017 47.0985
138.9076 47.0967
138.9135 47.0949
138.9193 47.0931
138.9252 47.0913
138.9310 47.0895
138.9369 47.0877
138.9428 47.0858
138.9486 47.0840
138.9545 47.0822
138.9603 47.0804
138.9662 47.0786
138.9721 47.0768
138.9779 47.0750
138.9838 47.0732
138.9896 47.0714
138.9955 47.0696
139.0014 47.0677
139.0072 47.0659
139.0131 47.0641
139.0190 47.0623
139.0248 47.0605
139.0307 47.0587
139.0365 47.0568
139.0424 47.0550
139.0483 47.0532
139.0541 47.0514
139.0600 47.0496
139.0658 47.0477
139.0717 47.0459
139.0776 47.0441
139.0834 47.0423
139.0893 47.0404
139.0951 47.0386
139.1010 47.0368
139.1069 47.0350
139.1127 47.0331
139.1186 47.0313
139.1245 47.0295
139.1303 47.0276
139.1362 47.0258
139.1420 47.0240
139.1479 47.0221
139.1538 47.0203
139.1596 47.0185
139.1655 47.0166
139.1713 47.0148
139.1772 47.0129
139.1831 47.0111
139.1889 47.0093
139.1948 47.0074
139.2006 47.0056
139.2065 47.0037
139.2124 47.0019
139.2182 47.0000
139.2241 46.9982
139.2300 46.9964
139.2358 46.9945
139.2417 46.9927
139.2475 46.9908
139.2534 46.9890
139.2593 46.9871
139.2651 46.9853
139.2710 46.9834
139.2768 46.9816
139.2827 46.9797
139.2886 46.9779
139.2944 46.9760
139.3003 46.9741
139.3062 46.9723
139.3120 46.9704
139.3179 46.9686
139.3237 46.9667
139.3296 46.9649
139.3355 46.9630
139.3413 46.9611
139.3472 46.9593
139.3530 46.9574
139.3589 46.9555
139.3648 46.9537
139.3706 46.9518
139.3765 46.9499
139.3824 46.9481
139.3882 46.9462
139.3941 46.9443
139.3999 46.9425
139.4058 46.9406
139.4117 46.9387
139.4175 46.9369
139.4234 46.9350
139.4293 46.9331
139.4351 46.9312
139.4410 46.9294
139.4468 46.9275
139.4527 46.9256
139.4586 46.9237
139.4644 46.9218
139.4703 46.9200
139.4762 46.9181
139.4820 46.9162
139.4879 46.9143
139.4937 46.9124
139.4996 46.9106
139.5055 46.9087
139.5113 46.9068
139.5172 46.9049
139.5231 46.9030
139.5289 46.9011
139.5348 46.8992
139.5406 46.8973
139.5465 46.8955
139.5524 46.8936
139.5582 46.8917
139.5641 46.8898
139.5700 46.8879
139.5758 46.8860
139.5817 46.8841
139.5875 46.8822
139.5934 46.8803
139.5993 46.8784
139.6051 46.8765
139.6110 46.8746
139.6169 46.8727
139.6227 46.8708
139.6286 46.8689
139.6345 46.8670
139.6403 46.8651
139.6462 46.8632
139.6520 46.8613
139.6579 46.8594
139.6638 46.8575
139.6696 46.8556
139.6755 46.8537
139.6814 46.8517
139.6872 46.8498
139.6931 46.8479
139.6989 46.8460
139.7048 46.8441
139.7107 46.8422
139.7165 46.8403
139.7224 46.8384
139.7283 46.8364
139.7341 46.8345
139.7400 46.8326
139.7459 46.8307
139.7517 46.8288
139.7576 46.8268
139.7634 46.8249
139.7693 46.8230
139.7752 46.8211
139.7810 46.8192
139.7869 46.8172
139.7928 46.8153
139.7986 46.8134
139.8045 46.8115
139.8104 46.8095
139.8162 46.8076
139.8221 46.8057
139.8280 46.8037
139.8338 46.8018
139.8397 46.7999
139.8455 46.7979
139.8514 46.7960
139.8573 46.7941
139.8631 46.7921
139.8690 46.7902
139.8749 46.7883
139.8807 46.7863
139.8866 46.7844
139.8925 46.7825
139.8983 46.7805
139.9042 46.7786
139.9101 46.7766
139.9159 46.7747
139.9218 46.7727
139.9276 46.7708
139.9335 46.7689
139.9394 46.7669
139.9452 46.7650
139.9511 46.7630
139.9570 46.7611
139.9628 46.7591
139.9687 46.7572
139.9746 46.7552
139.9804 46.7533
139.9863 46.7513
139.9922 46.7494
139.9980 46.7474
140.0039 46.7455
140.0097 46.7435
140.0156 46.7415
140.0215 46.7396
140.0273 46.7376
140.0332 46.7357
140.0391 46.7337
140.0449 46.7317
140.0508 46.7298
140.0567 46.7278
140.0625 46.7259
140.0684 46.7239
140.0743 46.7219
140.0801 46.7200
140.0860 46.7180
140.0919 46.7160
140.0977 46.7141
140.1036 46.7121
140.1095 46.7101
140.1153 46.7082
140.1212 46.7062
140.1270 46.7042
140.1329 46.7022
140.1388 46.7003
140.1446 46.6983
140.1505 46.6963
140.1564 46.6943
140.1622 46.6924
140.1681 46.6904
140.1740 46.6884
140.1798 46.6864
140.1857 46.6844
140.1916 46.6825
140.1974 46.6805
140.2033 46.6785
140.2092 46.6765
140.2150 46.6745
140.2209 46.6725
140.2268 46.6706
140.2326 46.6686
140.2385 46.6666
140.2444 46.6646
140.2502 46.6626
140.2561 46.6606
140.2620 46.6586
140.2678 46.6566
140.2737 46.6546
140.2796 46.6526
140.2854 46.6507
140.2913 46.6487
140.2971 46.6467
140.3030 46.6447
140.3089 46.6427
140.3147 46.6407
140.3206 46.6387
140.3265 46.6367
140.3323 46.6347
140.3382 46.6327
140.3441 46.6307
140.3499 46.6287
140.3558 46.6267
140.3617 46.6246
140.3675 46.6226
140.3734 46.6206
140.3793 46.6186
140.3851 46.6166
140.3910 46.6146
140.3969 46.6126
140.4027 46.6106
140.4086 46.6086
140.4145 46.6066
140.4203 46.6046
140.4262 46.6025
140.4321 46.6005
140.4379 46.5985
140.4438 46.5965
140.4497 46.5945
140.4555 46.5925
140.4614 46.5904
140.4673 46.5884
140.4731 46.5864
140.4790 46.5844
140.4849 46.5823
140.4907 46.5803
140.4966 46.5783
140.5025 46.5763
140.5083 46.5742
140.5142 46.5722
140.5201 46.5702
140.5259 46.5682
140.5318 46.5661
140.5377 46.5641
140.5435 46.5621
140.5494 46.5600
140.5553 46.5580
140.5611 46.5560
140.5670 46.5539
140.5729 46.5519
140.5787 46.5499
140.5846 46.5478
140.5905 46.5458
140.5963 46.5438
140.6022 46.5417
140.6081 46.5397
140.6139 46.5376
140.6198 46.5356
140.6257 46.5336
140.6315 46.5315
140.6374 46.5295
140.6432 46.5274
140.6491 46.5254
140.6550 46.5233
140.6608 46.5213
140.6667 46.5192
140.6726 46.5172
140.6784 46.5151
140.6843 46.5131
140.6902 46.5110
140.6960 46.5090
140.7019 46.5069
140.7078 46.5049
140.7136 46.5028
140.7195 46.5008
140.7254 46.4987
140.7312 46.4967
140.7371 46.4946
140.7430 46.4925
140.7488 46.4905
140.7547 46.4884
140.7606 46.4864
140.7664 46.4843
140.7723 46.4822
140.7782 46.4802
140.7841 46.4781
140.7899 46.4760
140.7958 46.4740
140.8017 46.4719
140.8075 46.4698
140.8134 46.4678
140.8193 46.4657
140.8251 46.4636
140.8310 46.4616
140.8369 46.4595
140.8427 46.4574
140.8486 46.4553
140.8545 46.4533
140.8603 46.4512
140.8662 46.4491
140.8721 46.4470
140.8779 46.4450
140.8838 46.4429
140.8897 46.4408
140.8955 46.4387
140.9014 46.4366
140.9073 46.4345
140.9131 46.4325
140.9190 46.4304
140.9249 46.4283
140.9307 46.4262
140.9366 46.4241
140.9425 46.4220
140.9483 46.4199
140.9542 46.4179
140.9601 46.4158
140.9659 46.4137
140.9718 46.4116
140.9777 46.4095
140.9835 46.4074
140.9894 46.4053
140.9953 46.4032
141.0012 46.4011
141.0070 46.3990
141.0129 46.3969
141.0188 46.3948
141.0246 46.3927
141.0305 46.3906
141.0364 46.3885
141.0422 46.3864
141.0481 46.3843
141.0540 46.3822
141.0598 46.3801
141.0657 46.3780
141.0716 46.3759
141.0774 46.3738
141.0833 46.3717
141.0892 46.3696
141.0950 46.3675
141.1009 46.3654
141.1068 46.3633
141.1127 46.3611
141.1185 46.3590
141.1244 46.3569
141.1303 46.3548
141.1361 46.3527
141.1420 46.3506
141.1479 46.3485
141.1537 46.3463
141.1596 46.3442
141.1655 46.3421
141.1713 46.3400
141.1772 46.3379
141.1831 46.3357
141.1889 46.3336
141.1948 46.3315
141.2007 46.3294
141.2066 46.3272
141.2124 46.3251
141.2183 46.3230
141.2242 46.3209
141.2300 46.3187
141.2359 46.3166
141.2418 46.3145
141.2476 46.3123
141.2535 46.3102
141.2594 46.3081
141.2652 46.3060
141.2711 46.3038
141.2770 46.3017
141.2829 46.2995
141.2887 46.2974
141.2946 46.2953
141.3005 46.2931
141.3063 46.2910
141.3122 46.2889
141.3181 46.2867
141.3239 46.2846
141.3298 46.2824
141.3357 46.2803
141.3416 46.2781
141.3474 46.2760
141.3533 46.2739
141.3592 46.2717
141.3650 46.2696
141.3709 46.2674
141.3768 46.2653
141.3826 46.2631
141.3885 46.2610
141.3944 46.2588
141.4003 46.2567
141.4061 46.2545
141.4120 46.2524
141.4179 46.2502
141.4237 46.2480
141.4296 46.2459
141.4355 46.2437
141.4413 46.2416
141.4472 46.2394
141.4531 46.2373
141.4590 46.2351
141.4648 46.2329
141.4707 46.2308
141.4766 46.2286
141.4824 46.2264
141.4883 46.2243
141.4942 46.2221
141.5000 46.2199
141.5059 46.2178
141.5118 46.2156
141.5177 46.2134
141.5235 46.2113
141.5294 46.2091
141.5353 46.2069
141.5411 46.2048
141.5470 46.2026
141.5529 46.2004
141.5587 46.1982
141.5646 46.1961
141.5705 46.1939
141.5764 46.1917
141.5822 46.1895
141.5881 46.1874
141.5940 46.1852
141.5998 46.1830
141.6057 46.1808
141.6116 46.1786
141.6175 46.1764
141.6233 46.1743
141.6292 46.1721
141.6351 46.1699
141.6409 46.1677
141.6468 46.1655
141.6527 46.1633
141.6585 46.1611
141.6644 46.1590
141.6703 46.1568
141.6762 46.1546
141.6820 46.1524
141.6879 46.1502
141.6938 46.1480
141.6996 46.1458
141.7055 46.1436
141.7114 46.1414
141.7173 46.1392
141.7231 46.1370
141.7290 46.1348
141.7349 46.1326
141.7407 46.1304
141.7466 46.1282
141.7525 46.1260
141.7584 46.1238
141.7642 46.1216
141.7701 46.1194
141.7760 46.1172
141.7818 46.1150
141.7877 46.1128
141.7936 46.1106
141.7995 46.1084
141.8053 46.1062
141.8112 46.1039
141.8171 46.1017
141.8229 46.0995
141.8288 46.0973
141.8347 46.0951
141.8406 46.0929
141.8464 46.0907
141.8523 46.0884
141.8582 46.0862
141.8640 46.0840
141.8699 46.0818
141.8758 46.0796
141.8817 46.0774
141.8875 46.0751
141.8934 46.0729
141.8993 46.0707
141.9051 46.0685
141.9110 46.0662
141.9169 46.0640
141.9228 46.0618
141.9286 46.0596
141.9345 46.0573
141.9404 46.0551
141.9462 46.0529
141.9521 46.0506
141.9580 46.0484
141.9639 46.0462
141.9697 46.0439
141.9756 46.0417
141.9815 46.0395
141.9873 46.0372
141.9932 46.0350
141.9991 46.0328
142.0050 46.0305
142.0108 46.0283
142.0167 46.0261
142.0226 46.0238
142.0284 46.0216
142.0343 46.0193
142.0402 46.0171
142.0461 46.0148
142.0519 46.0126
142.0578 46.0104
142.0637 46.0081
142.0695 46.0059
142.0754 46.0036
142.0813 46.0014
142.0872 45.9991
142.0930 45.9969
142.0989 45.9946
142.1048 45.9924
142.1107 45.9901
142.1165 45.9879
142.1224 45.9856
142.1283 45.9834
142.1341 45.9811
142.1400 45.9788
142.1459 45.9766
142.1518 45.9743
142.1576 45.9721
142.1635 45.9698
142.1694 45.9675
142.1752 45.9653
142.1811 45.9630
142.1870 45.9608
142.1929 45.9585
142.1987 45.9562
142.2046 45.9540
142.2105 45.9517
142.2164 45.9494
142.2222 45.9472
142.2281 45.9449
142.2340 45.9426
142.2398 45.9403
142.2457 45.9381
142.2516 45.9358
142.2575 45.9335
142.2633 45.9313
142.2692 45.9290
142.2751 45.9267
142.2810 45.9244
142.2868 45.9221
142.2927 45.9199
142.2986 45.9176
142.3044 45.9153
142.3103 45.9130
142.3162 45.9107
142.3221 45.9085
142.3279 45.9062
142.3338 45.9039
142.3397 45.9016
142.3456 45.8993
142.3514 45.8970
142.3573 45.8948
142.3632 45.8925
142.3691 45.8902
142.3749 45.8879
142.3808 45.8856
142.3867 45.8833
142.3925 45.8810
142.3984 45.8787
142.4043 45.8764
142.4102 45.8741
142.4160 45.8718
142.4219 45.8695
142.4278 45.8672
142.4337 45.8649
142.4395 45.8626
142.4454 45.8603
142.4513 45.8580
142.4572 45.8557
142.4630 45.8534
142.4689 45.8511
142.4748 45.8488
142.4807 45.8465
142.4865 45.8442
142.4924 45.8419
142.4983 45.8396
142.5041 45.8373
142.5100 45.8350
142.5159 45.8327
142.5218 45.8304
142.5276 45.8280
142.5335 45.8257
142.5394 45.8234
142.5453 45.8211
142.5511 45.8188
142.5570 45.8165
142.5629 45.8142
142.5688 45.8118
142.5746 45.8095
142.5805 45.8072
142.5864 45.8049
142.5923 45.8026
142.5981 45.8002
142.6040 45.7979
142.6099 45.7956
142.6158 45.7933
142.6216 45.7909
142.6275 45.7886
142.6334 45.7863
142.6393 45.7840
142.6451 45.7816
142.6510 45.7793
142.6569 45.7770
142.6628 45.7746
142.6686 45.7723
142.6745 45.7700
142.6804 45.7676
142.6863 45.7653
142.6921 45.7630
142.6980 45.7606
142.7039 45.7583
142.7098 45.7560
142.7156 45.7536
142.7215 45.7513
142.7274 45.7489
142.7333 45.7466
142.7391 45.7443
142.7450 45.7419
142.7509 45.7396
142.7568 45.7372
142.7626 45.7349
142.7685 45.7325
142.7744 45.7302
142.7803 45.7278
142.7861 45.7255
142.7920 45.7231
142.7979 45.7208
142.8038 45.7184
142.8096 45.7161
142.8155 45.7137
142.8214 45.7114
142.8273 45.7090
142.8331 45.7067
142.8390 45.7043
142.8449 45.7020
142.8508 45.6996
142.8566 45.6972
142.8625 45.6949
142.8684 45.6925
142.8743 45.6902
142.8801 45.6878
142.8860 45.6854
142.8919 45.6831
142.8978 45.6807
142.9037 45.6783
142.9095 45.6760
142.9154 45.6736
142.9213 45.6712
142.9272 45.6689
142.9330 45.6665
142.9389 45.6641
142.9448 45.6618
142.9507 45.6594
142.9565 45.6570
142.9624 45.6547
142.9683 45.6523
142.9742 45.6499
142.9800 45.6475
142.9859 45.6451
142.9918 45.6428
142.9977 45.6404
143.0035 45.6380
143.0094 45.6356
143.0153 45.6333
143.0212 45.6309
143.0270 45.6285
143.0329 45.6261
143.0388 45.6237
143.0447 45.6213
143.0506 45.6189
143.0564 45.6166
143.0623 45.6142
143.0682 45.6118
143.0741 45.6094
143.0799 45.6070
143.0858 45.6046
143.0917 45.6022
143.0976 45.5998
143.1034 45.5974
143.1093 45.5950
143.1152 45.5926
143.1211 45.5903
143.1270 45.5879
143.1328 45.5855
143.1387 45.5831
143.1446 45.5807
143.1505 45.5783
143.1563 45.5759
143.1622 45.5735
143.1681 45.5711
143.1740 45.5687
143.1798 45.5662
143.1857 45.5638
143.1916 45.5614
143.1975 45.5590
143.2034 45.5566
143.2092 45.5542
143.2151 45.5518
143.2210 45.5494
143.2269 45.5470
143.2327 45.5446
143.2386 45.5422
143.2445 45.5397
143.2504 45.5373
143.2562 45.5349
143.2621 45.5325
143.2680 45.5301
143.2739 45.5277
143.2798 45.5252
143.2856 45.5228
143.2915 45.5204
143.2974 45.5180
143.3033 45.5156
143.3091 45.5131
143.3150 45.5107
143.3209 45.5083
143.3268 45.5059
143.3326 45.5034
143.3385 45.5010
143.3444 45.4986
143.3503 45.4962
143.3562 45.4937
143.3620 45.4913
143.3679 45.4889
143.3738 45.4864
143.3797 45.4840
143.3855 45.4816
143.3914 45.4791
143.3973 45.4767
143.4032 45.4743
143.4091 45.4718
143.4149 45.4694
143.4208 45.4670
143.4267 45.4645
143.4326 45.4621
143.4384 45.4596
143.4443 45.4572
143.4502 45.4548
143.4561 45.4523
143.4620 45.4499
143.4678 45.4474
143.4737 45.4450
143.4796 45.4425
143.4855 45.4401
143.4913 45.4376
143.4972 45.4352
143.5031 45.4327
143.5090 45.4303
143.5149 45.4278
143.5207 45.4254
143.5266 45.4229
143.5325 45.4205
143.5384 45.4180
143.5442 45.4156
143.5501 45.4131
143.5560 45.4107
143.5619 45.4082
143.5678 45.4057
143.5736 45.4033
143.5795 45.4008
143.5854 45.3984
143.5913 45.3959
143.5971 45.3934
143.6030 45.3910
143.6089 45.3885
143.6148 45.3860
143.6207 45.3836
143.6265 45.3811
143.6324 45.3786
143.6383 45.3762
143.6442 45.3737
143.6500 45.3712
143.6559 45.3688
143.6618 45.3663
143.6677 45.3638
143.6736 45.3613
143.6794 45.3589
143.6853 45.3564
143.6912 45.3539
143.6971 45.3514
143.7030 45.3490
143.7088 45.3465
143.7147 45.3440
143.7206 45.3415
143.7265 45.3390
143.7324 45.3366
143.7382 45.3341
143.7441 45.3316
143.7500 45.3291
143.7559 45.3266
143.7617 45.3241
143.7676 45.3216
143.7735 45.3192
143.7794 45.3167
143.7853 45.3142
143.7911 45.3117
143.7970 45.3092
143.8029 45.3067
143.8088 45.3042
143.8147 45.3017
143.8205 45.2992
143.8264 45.2967
143.8323 45.2942
143.8382 45.2917
143.8441 45.2892
143.8499 45.2867
143.8558 45.2842
143.8617 45.2817
143.8676 45.2792
143.8735 45.2767
143.8793 45.2742
143.8852 45.2717
143.8911 45.2692
143.8970 45.2667
143.9029 45.2642
143.9087 45.2617
143.9146 45.2592
143.9205 45.2567
143.9264 45.2542
143.9323 45.2517
143.9381 45.2491
143.9440 45.2466
143.9499 45.2441
143.9558 45.2416
143.9617 45.2391
143.9675 45.2366
143.9734 45.2341
143.9793 45.2315
143.9852 45.2290
143.9911 45.2265
143.9969 45.2240
144.0028 45.2215
144.0087 45.2189
144.0146 45.2164
144.0205 45.2139
144.0263 45.2114
144.0322 45.2089
144.0381 45.2063
144.0440 45.2038
144.0499 45.2013
144.0557 45.1987
144.0616 45.1962
144.0675 45.1937
144.0734 45.1912
144.0793 45.1886
144.0852 45.1861
144.0910 45.1836
144.0969 45.1810
144.1028 45.1785
144.1087 45.1760
144.1146 45.1734
144.1204 45.1709
144.1263 45.1683
144.1322 45.1658
144.1381 45.1633
144.1440 45.1607
144.1498 45.1582
144.1557 45.1556
144.1616 45.1531
144.1675 45.1506
144.1734 45.1480
144.1792 45.1455
144.1851 45.1429
144.1910 45.1404
144.1969 45.1378
144.2028 45.1353
144.2087 45.1327
144.2145 45.1302
144.2204 45.1276
144.2263 45.1251
144.2322 45.1225
144.2381 45.1200
144.2439 45.1174
144.2498 45.1149
144.2557 45.1123
144.2616 45.1097
144.2675 45.1072
144.2734 45.1046
144.2792 45.1021
144.2851 45.0995
144.2910 45.0969
144.2969 45.0944
144.3028 45.0918
144.3086 45.0893
144.3145 45.0867
144.3204 45.0841
144.3263 45.0816
144.3322 45.0790
144.3381 45.0764
144.3439 45.0739
144.3498 45.0713
144.3557 45.0687
144.3616 45.0661
144.3675 45.0636
144.3733 45.0610
144.3792 45.0584
144.3851 45.0559
144.3910 45.0533
144.3969 45.0507
144.4028 45.0481
144.4086 45.0455
144.4145 45.0430
144.4204 45.0404
144.4263 45.0378
144.4322 45.0352
144.4381 45.0326
144.4439 45.0301
144.4498 45.0275
144.4557 45.0249
144.4616 45.0223
144.4675 45.0197
144.4734 45.0171
144.4792 45.0146
144.4851 45.0120
144.4910 45.0094
144.4969 45.0068
144.5028 45.0042
144.5086 45.0016
144.5145 44.9990
144.5204 44.9964
144.5263 44.9938
144.5322 44.9912
144.5381 44.9886
144.5439 44.9860
144.5498 44.9834
144.5557 44.9808
144.5616 44.9782
144.5675 44.9756
144.5734 44.9730
144.5792 44.9704
144.5851 44.9678
144.5910 44.9652
144.5969 44.9626
144.6028 44.9600
144.6087 44.9574
144.6145 44.9548
144.6204 44.9522
144.6263 44.9496
144.6322 44.9470
144.6381 44.9444
144.6440 44.9418
144.6498 44.9392
144.6557 44.9365
144.6616 44.9339
144.6675 44.9313
144.6734 44.9287
144.6793 44.9261
144.6851 44.9235
144.6910 44.9209
144.6969 44.9182
144.7028 44.9156
144.7087 44.9130
144.7146 44.9104
144.7204 44.9078
144.7263 44.9051
144.7322 44.9025
144.7381 44.8999
144.7440 44.8973
144.7499 44.8946
144.7557 44.8920
144.7616 44.8894
144.7675 44.8868
144.7734 44.8841
144.7793 44.8815
144.7852 44.8789
144.7910 44.8762
144.7969 44.8736
144.8028 44.8710
144.8087 44.8683
144.8146 44.8657
144.8205 44.8631
144.8263 44.8604
144.8322 44.8578
144.8381 44.8552
144.8440 44.8525
144.8499 44.8499
144.8558 44.8472
144.8617 44.8446
144.8675 44.8420
144.8734 44.8393
144.8793 44.8367
144.8852 44.8340
144.8911 44.8314
144.8970 44.8287
144.9028 44.8261
144.9087 44.8234
144.9146 44.8208
144.9205 44.8181
144.9264 44.8155
144.9323 44.8128
144.9381 44.8102
144.9440 44.8075
144.9499 44.8049
144.9558 44.8022
144.9617 44.7996
144.9676 44.7969
144.9734 44.7943
144.9793 44.7916
144.9852 44.7889
144.9911 44.7863
144.9970 44.7836
145.0029 44.7810
145.0088 44.7783
145.0146 44.7756
145.0205 44.7730
145.0264 44.7703
145.0323 44.7676
145.0382 44.7650
145.0441 44.7623
145.0499 44.7596
145.0558 44.7570
145.0617 44.7543
145.0676 44.7516
145.0735 44.7490
145.0794 44.7463
145.0853 44.7436
145.0911 44.7409
145.0970 44.7383
145.1029 44.7356
145.1088 44.7329
145.1147 44.7302
145.1206 44.7276
145.1265 44.7249
145.1323 44.7222
145.1382 44.7195
145.1441 44.7169
145.1500 44.7142
145.1559 44.7115
145.1618 44.7088
145.1677 44.7061
145.1735 44.7034
145.1794 44.7007
145.1853 44.6981
145.1912 44.6954
145.1971 44.6927
145.2030 44.6900
145.2089 44.6873
145.2147 44.6846
145.2206 44.6819
145.2265 44.6792
145.2324 44.6765
145.2383 44.6738
145.2442 44.6712
145.2501 44.6685
145.2559 44.6658
145.2618 44.6631
145.2677 44.6604
145.2736 44.6577
145.2795 44.6550
145.2854 44.6523
145.2913 44.6496
145.2971 44.6469
145.3030 44.6442
145.3089 44.6415
145.3148 44.6387
145.3207 44.6360
145.3266 44.6333
145.3325 44.6306
145.3383 44.6279
145.3442 44.6252
145.3501 44.6225
145.3560 44.6198
145.3619 44.6171
145.3678 44.6144
145.3737 44.6117
145.3796 44.6089
145.3854 44.6062
145.3913 44.6035
145.3972 44.6008
145.4031 44.5981
145.4090 44.5954
145.4149 44.5926
145.4208 44.5899
145.4267 44.5872
145.4325 44.5845
145.4384 44.5818
145.4443 44.5790
145.4502 44.5763
145.4561 44.5736
145.4620 44.5709
145.4679 44.5681
145.4738 44.5654
145.4796 44.5627
145.4855 44.5600
145.4914 44.5572
145.4973 44.5545
145.5032 44.5518
145.5091 44.5490
145.5150 44.5463
145.5209 44.5436
145.5267 44.5408
145.5326 44.5381
145.5385 44.5354
145.5444 44.5326
145.5503 44.5299
145.5562 44.5271
145.5621 44.5244
145.5680 44.5217
145.5738 44.5189
145.5797 44.5162
145.5856 44.5134
145.5915 44.5107
145.5974 44.5079
145.6033 44.5052
145.6092 44.5025
145.6151 44.4997
145.6209 44.4970
145.6268 44.4942
145.6327 44.4915
145.6386 44.4887
145.6445 44.4860
145.6504 44.4832
145.6563 44.4805
145.6622 44.4777
145.6681 44.4750
145.6739 44.4722
145.6798 44.4694
145.6857 44.4667
145.6916 44.4639
145.6975 44.4612
145.7034 44.4584
145.7093 44.4557
145.7152 44.4529
145.7210 44.4501
145.7269 44.4474
145.7328 44.4446
145.7387 44.4418
145.7446 44.4391
145.7505 44.4363
145.7564 44.4335
145.7623 44.4308
145.7682 44.4280
145.7740 44.4252
145.7799 44.4225
145.7858 44.4197
145.7917 44.4169
145.7976 44.4142
145.8035 44.4114
145.8094 44.4086
145.8153 44.4058
145.8212 44.4031
145.8270 44.4003
145.8329 44.3975
145.8388 44.3947
145.8447 44.3919
145.8506 44.3892
145.8565 44.3864
145.8624 44.3836
145.8683 44.3808
145.8742 44.3780
145.8801 44.3753
145.8859 44.3725
145.8918 44.3697
145.8977 44.3669
145.9036 44.3641
145.9095 44.3613
145.9154 44.3585
145.9213 44.3558
145.9272 44.3530
145.9331 44.3502
145.9389 44.3474
145.9448 44.3446
145.9507 44.3418
145.9566 44.3390
145.9625 44.3362
145.9684 44.3334
145.9743 44.3306
145.9802 44.3278
145.9861 44.3250
145.9920 44.3222
145.9978 44.3194
146.0037 44.3166
146.0096 44.3138
146.0155 44.3110
146.0214 44.3082
146.0273 44.3054
146.0332 44.3026
146.0391 44.2998
146.0450 44.2970
146.0509 44.2942
146.0567 44.2914
146.0626 44.2886
146.0685 44.2858
146.0744 44.2829
146.0803 44.2801
146.0862 44.2773
146.0921 44.2745
146.0980 44.2717
146.1039 44.2689
146.1098 44.2661
146.1156 44.2632
146.1215 44.2604
146.1274 44.2576
146.1333 44.2548
146.1392 44.2520
146.1451 44.2492
146.1510 44.2463
146.1569 44.2435
146.1628 44.2407
146.1687 44.2379
146.1746 44.2350
146.1804 44.2322
146.1863 44.2294
146.1922 44.2266
146.1981 44.2237
146.2040 44.2209
146.2099 44.2181
146.2158 44.2152
146.2217 44.2124
146.2276 44.2096
146.2335 44.2068
146.2394 44.2039
146.2452 44.2011
146.2511 44.1982
146.2570 44.1954
146.2629 44.1926
146.2688 44.1897
146.2747 44.1869
146.2806 44.1841
146.2865 44.1812
146.2924 44.1784
146.2983 44.1755
146.3042 44.1727
146.3100 44.1699
146.3159 44.1670
146.3218 44.1642
146.3277 44.1613
146.3336 44.1585
146.3395 44.1556
146.3454 44.1528
146.3513 44.1499
146.3572 44.1471
146.3631 44.1442
146.3690 44.1414
146.3748 44.1385
146.3807 44.1357
146.3866 44.1328
146.3925 44.1300
146.3984 44.1271
146.4043 44.1243
146.4102 44.1214
146.4161 44.1185
146.4220 44.1157
146.4279 44.1128
146.4338 44.1100
146.4397 44.1071
146.4455 44.1042
146.4514 44.1014
146.4573 44.0985
146.4632 44.0956
146.4691 44.0928
146.4750 44.0899
146.4809 44.0871
146.4868 44.0842
146.4927 44.0813
146.4986 44.0784
146.5045 44.0756
146.5104 44.0727
146.5162 44.0698
146.5221 44.0670
146.5280 44.0641
146.5339 44.0612
146.5398 44.0583
146.5457 44.0555
146.5516 44.0526
146.5575 44.0497
146.5634 44.0468
146.5693 44.0440
146.5752 44.0411
146.5811 44.0382
146.5870 44.0353
146.5929 44.0324
146.5987 44.0295
146.6046 44.0267
146.6105 44.0238
146.6164 44.0209
146.6223 44.0180
146.6282 44.0151
146.6341 44.0122
146.6400 44.0093
146.6459 44.0064
146.6518 44.0036
146.6577 44.0007
146.6636 43.9978
146.6695 43.9949
146.6754 43.9920
146.6812 43.9891
146.6871 43.9862
146.6930 43.9833
146.6989 43.9804
146.7048 43.9775
146.7107 43.9746
146.7166 43.9717
146.7225 43.9688
146.7284 43.9659
146.7343 43.9630
146.7402 43.9601
146.7461 43.9572
146.7520 43.9543
146.7579 43.9514
146.7638 43.9485
146.7697 43.9456
146.7755 43.9427
146.7814 43.9398
146.7873 43.9369
146.7932 43.9339
146.7991 43.9310
146.8050 43.9281
146.8109 43.9252
146.8168 43.9223
146.8227 43.9194
146.8286 43.9165
146.8345 43.9135
146.8404 43.9106
146.8463 43.9077
146.8522 43.9048
146.8581 43.9019
146.8640 43.8990
146.8699 43.8960
146.8758 43.8931
146.8816 43.8902
146.8875 43.8873
146.8934 43.8843
146.8993 43.8814
146.9052 43.8785
146.9111 43.8756
146.9170 43.8726
146.9229 43.8697
146.9288 43.8668
146.9347 43.8639
146.9406 43.8609
146.9465 43.8580
146.9524 43.8551
146.9583 43.8521
146.9642 43.8492
146.9701 43.8463
146.9760 43.8433
146.9819 43.8404
146.9878 43.8375
146.9937 43.8345
146.9995 43.8316
147.0054 43.8286
147.0113 43.8257
147.0172 43.8228
147.0231 43.8198
147.0290 43.8169
147.0349 43.8139
147.0408 43.8110
147.0467 43.8080
147.0526 43.8051
147.0585 43.8021
147.0644 43.7992
147.0703 43.7962
147.0762 43.7933
147.0821 43.7904
147.0880 43.7874
147.0939 43.7844
147.0998 43.7815
147.1057 43.7785
147.1116 43.7756
147.1175 43.7726
147.1234 43.7697
147.1293 43.7667
147.1352 43.7638
147.1410 43.7608
147.1469 43.7578
147.1528 43.7549
147.1587 43.7519
147.1646 43.7490
147.1705 43.7460
147.1764 43.7430
147.1823 43.7401
147.1882 43.7371
147.1941 43.7341
147.2000 43.7312
147.2059 43.7282
147.2118 43.7252
147.2177 43.7223
147.2236 43.7193
147.2295 43.7163
147.2354 43.7134
147.2413 43.7104
147.2472 43.7074
147.2531 43.7045
147.2590 43.7015
147.2649 43.6985
147.2708 43.6955
147.2767 43.6926
147.2826 43.6896
147.2885 43.6866
147.2944 43.6836
147.3003 43.6806
147.3062 43.6777
147.3121 43.6747
147.3179 43.6717
147.3238 43.6687
147.3297 43.6657
147.3356 43.6627
147.3415 43.6598
147.3474 43.6568
147.3533 43.6538
147.3592 43.6508
147.3651 43.6478
147.3710 43.6448
147.3769 43.6418
147.3828 43.6388
147.3887 43.6358
147.3946 43.6329
147.4005 43.6299
147.4064 43.6269
147.4123 43.6239
147.4182 43.6209
147.4241 43.6179
147.4300 43.6149
147.4359 43.6119
147.4418 43.6089
147.4477 43.6059
147.4536 43.6029
147.4595 43.5999
147.4654 43.5969
147.4713 43.5939
147.4772 43.5909
147.4831 43.5879
147.4890 43.5849
147.4949 43.5819
147.5008 43.5788
147.5067 43.5758
147.5126 43.5728
147.5185 43.5698
147.5244 43.5668
147.5303 43.5638
147.5362 43.5608
147.5421 43.5578
147.5480 43.5548
147.5539 43.5517
147.5598 43.5487
147.5657 43.5457
147.5716 43.5427
147.5774 43.5397
147.5833 43.5367
147.5892 43.5336
147.5951 43.5306
147.6010 43.5276
147.6069 43.5246
147.6128 43.5216
147.6187 43.5185
147.6246 43.5155
147.6305 43.5125
147.6364 43.5095
147.6423 43.5064
147.6482 43.5034
147.6541 43.5004
147.6600 43.4973
147.6659 43.4943
147.6718 43.4913
147.6777 43.4883
147.6836 43.4852
147.6895 43.4822
147.6954 43.4792
147.7013 43.4761
147.7072 43.4731
147.7131 43.4701
147.7190 43.4670
147.7249 43.4640
147.7308 43.4609
147.7367 43.4579
147.7426 43.4549
147.7485 43.4518
147.7544 43.4488
147.7603 43.4457
147.7662 43.4427
147.7721 43.4397
147.7780 43.4366
147.7839 43.4336
147.7898 43.4305
147.7957 43.4275
147.8016 43.4244
147.8075 43.4214
147.8134 43.4183
147.8193 43.4153
147.8252 43.4122
147.8311 43.4092
147.8370 43.4061
147.8429 43.4031
147.8488 43.4000
147.8547 43.3970
147.8606 43.3939
147.8665 43.3908
147.8724 43.3878
147.8783 43.3847
147.8842 43.3817
147.8901 43.3786
147.8960 43.3755
147.9019 43.3725
147.9078 43.3694
147.9137 43.3664
147.9196 43.3633
147.9255 43.3602
147.9314 43.3572
147.9373 43.3541
147.9432 43.3510
147.9491 43.3480
147.9550 43.3449
147.9609 43.3418
147.9668 43.3387
147.9727 43.3357
147.9786 43.3326
147.9845 43.3295
147.9904 43.3265
147.9963 43.3234
148.0022 43.3203
148.0081 43.3172
148.0140 43.3142
148.0199 43.3111
148.0258 43.3080
148.0317 43.3049
148.0376 43.3018
148.0435 43.2988
148.0494 43.2957
148.0553 43.2926
148.0612 43.2895
148.0671 43.2864
148.0730 43.2833
148.0789 43.2803
148.0848 43.2772
148.0907 43.2741
148.0966 43.2710
148.1025 43.2679
148.1084 43.2648
148.1143 43.2617
148.1202 43.2586
148.1261 43.2555
148.1320 43.2524
148.1379 43.2494
148.1438 43.2463
148.1497 43.2432
148.1556 43.2401
148.1615 43.2370
148.1674 43.2339
148.1734 43.2308
148.1793 43.2277
148.1852 43.2246
148.1911 43.2215
148.1970 43.2184
148.2029 43.2153
148.2088 43.2122
148.2147 43.2091
148.2206 43.2060
148.2265 43.2028
148.2324 43.1997
148.2383 43.1966
148.2442 43.1935
148.2501 43.1904
148.2560 43.1873
148.2619 43.1842
148.2678 43.1811
148.2737 43.1780
148.2796 43.1749
148.2855 43.1717
148.2914 43.1686
148.2973 43.1655
148.3032 43.1624
148.3091 43.1593
148.3150 43.1562
148.3209 43.1530
148.3268 43.1499
148.3327 43.1468
148.3386 43.1437
148.3445 43.1406
148.3504 43.1374
148.3563 43.1343
148.3622 43.1312
148.3681 43.1281
148.3740 43.1249
148.3800 43.1218
148.3859 43.1187
148.3918 43.1156
148.3977 43.1124
148.4036 43.1093
148.4095 43.1062
148.4154 43.1030
148.4213 43.0999
148.4272 43.0968
148.4331 43.0936
148.4390 43.0905
148.4449 43.0874
148.4508 43.0842
148.4567 43.0811
148.4626 43.0779
148.4685 43.0748
148.4744 43.0717
148.4803 43.0685
148.4862 43.0654
148.4921 43.0622
148.4980 43.0591
148.5039 43.0560
148.5098 43.0528
148.5157 43.0497
148.5216 43.0465
148.5276 43.0434
148.5335 43.0402
148.5394 43.0371
148.5453 43.0339
148.5512 43.0308
148.5571 43.0276
148.5630 43.0245
148.5689 43.0213
148.5748 43.0182
148.5807 43.0150
148.5866 43.0119
148.5925 43.0087
148.5984 43.0056
148.6043 43.0024
148.6102 42.9992
148.6161 42.9961
148.6220 42.9929
148.6279 42.9898
148.6338 42.9866
148.6397 42.9834
148.6456 42.9803
148.6516 42.9771
148.6575 42.9740
148.6634 42.9708
148.6693 42.9676
148.6752 42.9645
148.6811 42.9613
148.6870 42.9581
148.6929 42.9549
148.6988 42.9518
148.7047 42.9486
148.7106 42.9454
148.7165 42.9423
148.7224 42.9391
148.7283 42.9359
148.7342 42.9327
148.7401 42.9296
148.7460 42.9264
148.7519 42.9232
148.7579 42.9200
148.7638 42.9169
148.7697 42.9137
148.7756 42.9105
148.7815 42.9073
148.7874 42.9041
148.7933 42.9010
148.7992 42.8978
148.8051 42.8946
148.8110 42.8914
148.8169 42.8882
148.8228 42.8850
148.8287 42.8818
148.8346 42.8787
148.8405 42.8755
148.8464 42.8723
148.8524 42.8691
148.8583 42.8659
148.8642 42.8627
148.8701 42.8595
148.8760 42.8563
148.8819 42.8531
148.8878 42.8499
148.8937 42.8467
148.8996 42.8435
148.9055 42.8403
148.9114 42.8371
148.9173 42.8339
148.9232 42.8307
148.9291 42.8275
148.9350 42.8243
148.9410 42.8211
148.9469 42.8179
148.9528 42.8147
148.9587 42.8115
148.9646 42.8083
148.9705 42.8051
148.9764 42.8019
148.9823 42.7987
148.9882 42.7955
148.9941 42.7923
149.0000 42.7891
149.0059 42.7859
149.0118 42.7827
149.0177 42.7794
149.0236 42.7762
149.0296 42.7730
149.0355 42.7698
149.0414 42.7666
149.0473 42.7634
149.0532 42.7602
149.0591 42.7569
149.0650 42.7537
149.0709 42.7505
149.0768 42.7473
149.0827 42.7441
149.0886 42.7408
149.0945 42.7376
149.1004 42.7344
149.1064 42.7312
149.1123 42.7279
149.1182 42.7247
149.1241 42.7215
149.1300 42.7183
149.1359 42.7150
149.1418 42.7118
149.1477 42.7086
149.1536 42.7053
149.1595 42.7021
149.1654 42.6989
149.1713 42.6956
149.1772 42.6924
149.1832 42.6892
149.1891 42.6859
149.1950 42.6827
149.2009 42.6795
149.2068 42.6762
149.2127 42.6730
149.2186 42.6698
149.2245 42.6665
149.2304 42.6633
149.2363 42.6600
149.2422 42.6568
149.2481 42.6535
149.2541 42.6503
149.2600 42.6471
149.2659 42.6438
149.2718 42.6406
149.2777 42.6373
149.2836 42.6341
149.2895 42.6308
149.2954 42.6276
149.3013 42.6243
149.3072 42.6211
149.3131 42.6178
149.3191 42.6146
149.3250 42.6113
149.3309 42.6081
149.3368 42.6048
149.3427 42.6016
149.3486 42.5983
149.3545 42.5950
149.3604 42.5918
149.3663 42.5885
149.3722 42.5853
149.3782 42.5820
149.3841 42.5787
149.3900 42.5755
149.3959 42.5722
149.4018 42.5690
149.4077 42.5657
149.4136 42.5624
149.4195 42.5592
149.4254 42.5559
149.4313 42.5526
149.4372 42.5494
149.4432 42.5461
149.4491 42.5428
149.4550 42.5395
149.4609 42.5363
149.4668 42.5330
149.4727 42.5297
149.4786 42.5265
149.4845 42.5232
149.4904 42.5199
149.4964 42.5166
149.5023 42.5133
149.5082 42.5101
149.5141 42.5068
149.5200 42.5035
149.5259 42.5002
149.5318 42.4970
149.5377 42.4937
149.5436 42.4904
149.5496 42.4871
149.5555 42.4838
149.5614 42.4805
149.5673 42.4773
149.5732 42.4740
149.5791 42.4707
149.5850 42.4674
149.5909 42.4641
149.5968 42.4608
149.6028 42.4575
149.6087 42.4542
149.6146 42.4509
149.6205 42.4476
149.6264 42.4443
149.6323 42.4411
149.6382 42.4378
149.6441 42.4345
149.6500 42.4312
149.6560 42.4279
149.6619 42.4246
149.6678 42.4213
149.6737 42.4180
149.6796 42.4147
149.6855 42.4114
149.6914 42.4081
149.6973 42.4048
149.7033 42.4015
149.7092 42.3982
149.7151 42.3949
149.7210 42.3915
149.7269 42.3882
149.7328 42.3849
149.7387 42.3816
149.7446 42.3783
149.7506 42.3750
149.7565 42.3717
149.7624 42.3684
149.7683 42.3651
149.7742 42.3618
149.7801 42.3584
149.7860 42.3551
149.7919 42.3518
149.7979 42.3485
149.8038 42.3452
149.8097 42.3419
149.8156 42.3385
149.8215 42.3352
149.8274 42.3319
149.8333 42.3286
149.8393 42.3253
149.8452 42.3219
149.8511 42.3186
149.8570 42.3153
149.8629 42.3120
149.8688 42.3086
149.8747 42.3053
149.8806 42.3020
149.8866 42.2987
149.8925 42.2953
149.8984 42.2920
149.9043 42.2887
149.9102 42.2853
149.9161 42.2820
149.9220 42.2787
149.9280 42.2753
149.9339 42.2720
149.9398 42.2687
149.9457 42.2653
149.9516 42.2620
149.9575 42.2587
149.9634 42.2553
149.9694 42.2520
149.9753 42.2486
149.9812 42.2453
149.9871 42.2420
149.9930 42.2386
149.9989 42.2353
150.0048 42.2319
150.0108 42.2286
150.0167 42.2252
150.0226 42.2219
150.0285 42.2185
150.0344 42.2152
150.0403 42.2119
150.0462 42.2085
150.0522 42.2052
150.0581 42.2018
150.0640 42.1985
150.0699 42.1951
150.0758 42.1917
150.0817 42.1884
150.0877 42.1850
150.0936 42.1817
150.0995 42.1783
150.1054 42.1750
150.1113 42.1716
150.1172 42.1683
150.1231 42.1649
150.1291 42.1615
150.1350 42.1582
150.1409 42.1548
150.1468 42.1515
150.1527 42.1481
150.1586 42.1447
150.1646 42.1414
150.1705 42.1380
150.1764 42.1346
150.1823 42.1313
150.1882 42.1279
150.1941 42.1245
150.2000 42.1212
150.2060 42.1178
150.2119 42.1144
150.2178 42.1110
150.2237 42.1077
150.2296 42.1043
150.2355 42.1009
150.2415 42.0975
150.2474 42.0942
150.2533 42.0908
150.2592 42.0874
150.2651 42.0840
150.2710 42.0807
150.2770 42.0773
150.2829 42.0739
150.2888 42.0705
150.2947 42.0671
150.3006 42.0638
150.3065 42.0604
150.3125 42.0570
150.3184 42.0536
150.3243 42.0502
150.3302 42.0468
150.3361 42.0434
150.3420 42.0401
150.3480 42.0367
150.3539 42.0333
150.3598 42.0299
150.3657 42.0265
150.3716 42.0231
150.3775 42.0197
150.3835 42.0163
150.3894 42.0129
150.3953 42.0095
150.4012 42.0061
150.4071 42.0027
150.4130 41.9993
150.4190 41.9960
150.4249 41.9926
150.4308 41.9892
150.4367 41.9858
150.4426 41.9824
150.4485 41.9790
150.4545 41.9755
150.4604 41.9721
150.4663 41.9687
150.4722 41.9653
150.4781 41.9619
150.4840 41.9585
150.4900 41.9551
150.4959 41.9517
150.5018 41.9483
150.5077 41.9449
150.5136 41.9415
150.5196 41.9381
150.5255 41.9347
150.5314 41.9312
150.5373 41.9278
150.5432 41.9244
150.5491 41.9210
150.5551 41.9176
150.5610 41.9142
150.5669 41.9108
150.5728 41.9073
150.5787 41.9039
150.5847 41.9005
150.5906 41.8971
150.5965 41.8937
150.6024 41.8902
150.6083 41.8868
150.6142 41.8834
150.6202 41.8800
150.6261 41.8765
150.6320 41.8731
150.6379 41.8697
150.6438 41.8663
150.6498 41.8628
150.6557 41.8594
150.6616 41.8560
150.6675 41.8526
150.6734 41.8491
150.6794 41.8457
150.6853 41.8423
150.6912 41.8388
150.6971 41.8354
150.7030 41.8320
150.7089 41.8285
150.7149 41.8251
150.7208 41.8216
150.7267 41.8182
150.7326 41.8148
150.7385 41.8113
150.7445 41.8079
150.7504 41.8044
150.7563 41.8010
150.7622 41.7976
150.7681 41.7941
150.7741 41.7907
150.7800 41.7872
150.7859 41.7838
150.7918 41.7803
150.7977 41.7769
150.8037 41.7734
150.8096 41.7700
150.8155 41.7665
150.8214 41.7631
150.8273 41.7596
150.8333 41.7562
150.8392 41.7527
150.8451 41.7493
150.8510 41.7458
150.8569 41.7424
150.8629 41.7389
150.8688 41.7355
150.8747 41.7320
150.8806 41.7286
150.8866 41.7251
150.8925 41.7216
150.8984 41.7182
150.9043 41.7147
150.9102 41.7113
150.9162 41.7078
150.9221 41.7043
150.9280 41.7009
150.9339 41.6974
150.9398 41.6939
150.9458 41.6905
150.9517 41.6870
150.9576 41.6835
150.9635 41.6801
150.9695 41.6766
150.9754 41.6731
150.9813 41.6696
150.9872 41.6662
150.9931 41.6627
150.9991 41.6592
151.0050 41.6558
151.0109 41.6523
151.0168 41.6488
151.0228 41.6453
151.0287 41.6419
151.0346 41.6384
151.0405 41.6349
151.0464 41.6314
151.0524 41.6279
151.0583 41.6245
151.0642 41.6210
151.0701 41.6175
151.0761 41.6140
151.0820 41.6105
151.0879 41.6070
151.0938 41.6036
151.0997 41.6001
151.1057 41.5966
151.1116 41.5931
151.1175 41.5896
151.1234 41.5861
151.1294 41.5826
151.1353 41.5791
151.1412 41.5756
151.1471 41.5721
151.1531 41.5687
151.1590 41.5652
151.1649 41.5617
151.1708 41.5582
151.1767 41.5547
151.1827 41.5512
151.1886 41.5477
151.1945 41.5442
151.2004 41.5407
151.2064 41.5372
151.2123 41.5337
151.2182 41.5302
151.2241 41.5267
151.2301 41.5232
151.2360 41.5197
151.2419 41.5162
151.2478 41.5127
151.2538 41.5092
151.2597 41.5056
151.2656 41.5021
151.2715 41.4986
151.2775 41.4951
151.2834 41.4916
151.2893 41.4881
151.2952 41.4846
151.3012 41.4811
151.3071 41.4776
151.3130 41.4740
151.3189 41.4705
151.3249 41.4670
151.3308 41.4635
151.3367 41.4600
151.3426 41.4565
151.3485 41.4529
151.3545 41.4494
151.3604 41.4459
151.3663 41.4424
151.3723 41.4389
151.3782 41.4353
151.3841 41.4318
151.3900 41.4283
151.3960 41.4248
151.4019 41.4212
151.4078 41.4177
151.4137 41.4142
151.4197 41.4107
151.4256 41.4071
151.4315 41.4036
151.4374 41.4001
151.4434 41.3965
151.4493 41.3930
151.4552 41.3895
151.4611 41.3859
151.4671 41.3824
151.4730 41.3789
151.4789 41.3753
151.4848 41.3718
151.4908 41.3683
151.4967 41.3647
151.5026 41.3612
151.5085 41.3577
151.5145 41.3541
151.5204 41.3506
151.5263 41.3470
151.5322 41.3435
151.5382 41.3400
151.5441 41.3364
151.5500 41.3329
151.5560 41.3293
151.5619 41.3258
151.5678 41.3222
151.5737 41.3187
151.5797 41.3151
151.5856 41.3116
151.5915 41.3080
151.5974 41.3045
151.6034 41.3009
151.6093 41.2974
151.6152 41.2938
151.6212 41.2903
151.6271 41.2867
151.6330 41.2832
151.6389 41.2796
151.6449 41.2761
151.6508 41.2725
151.6567 41.2689
151.6626 41.2654
151.6686 41.2618
151.6745 41.2583
151.6804 41.2547
151.6864 41.2511
151.6923 41.2476
151.6982 41.2440
151.7041 41.2404
151.7101 41.2369
151.7160 41.2333
151.7219 41.2298
151.7278 41.2262
151.7338 41.2226
151.7397 41.2190
151.7456 41.2155
151.7516 41.2119
151.7575 41.2083
151.7634 41.2048
151.7693 41.2012
151.7753 41.1976
151.7812 41.1940
151.7871 41.1905
151.7931 41.1869
151.7990 41.1833
151.8049 41.1797
151.8108 41.1762
151.8168 41.1726
151.8227 41.1690
151.8286 41.1654
151.8346 41.1619
151.8405 41.1583
151.8464 41.1547
151.8523 41.1511
151.8583 41.1475
151.8642 41.1439
151.8701 41.1404
151.8761 41.1368
151.8820 41.1332
151.8879 41.1296
151.8938 41.1260
151.8998 41.1224
151.9057 41.1188
151.9116 41.1152
151.9176 41.1116
151.9235 41.1081
151.9294 41.1045
151.9354 41.1009
151.9413 41.0973
151.9472 41.0937
151.9531 41.0901
151.9591 41.0865
151.9650 41.0829
151.9709 41.0793
151.9769 41.0757
151.9828 41.0721
151.9887 41.0685
151.9946 41.0649
152.0006 41.0613
152.0065 41.0577
152.0124 41.0541
152.0184 41.0505
152.0243 41.0469
152.0302 41.0433
152.0362 41.0397
152.0421 41.0361
152.0480 41.0325
152.0540 41.0289
152.0599 41.0252
152.0658 41.0216
152.0717 41.0180
152.0777 41.0144
152.0836 41.0108
152.0895 41.0072
152.0955 41.0036
152.1014 41.0000
152.1073 40.9963
152.1133 40.9927
152.1192 40.9891
152.1251 40.9855
152.1311 40.9819
152.1370 40.9783
152.1429 40.9746
152.1488 40.9710
152.1548 40.9674
152.1607 40.9638
152.1666 40.9602
152.1726 40.9565
152.1785 40.9529
152.1844 40.9493
152.1904 40.9457
152.1963 40.9420
152.2022 40.9384
152.2082 40.9348
152.2141 40.9311
152.2200 40.9275
152.2260 40.9239
152.2319 40.9203
152.2378 40.9166
152.2438 40.9130
152.2497 40.9094
152.2556 40.9057
152.2616 40.9021
152.2675 40.8985
152.2734 40.8948
152.2794 40.8912
152.2853 40.8875
152.2912 40.8839
152.2972 40.8803
152.3031 40.8766
152.3090 40.8730
152.3149 40.8693
152.3209 40.8657
152.3268 40.8621
152.3327 40.8584
152.3387 40.8548
152.3446 40.8511
152.3505 40.8475
152.3565 40.8438
152.3624 40.8402
152.3684 40.8365
152.3743 40.8329
152.3802 40.8292
152.3862 40.8256
152.3921 40.8219
152.3980 40.8183
152.4040 40.8146
152.4099 40.8110
152.4158 40.8073
152.4218 40.8037
152.4277 40.8000
152.4336 40.7964
152.4396 40.7927
152.4455 40.7890
152.4514 40.7854
152.4574 40.7817
152.4633 40.7781
152.4692 40.7744
152.4752 40.7707
152.4811 40.7671
152.4870 40.7634
152.4930 40.7598
152.4989 40.7561
152.5048 40.7524
152.5108 40.7488
152.5167 40.7451
152.5226 40.7414
152.5286 40.7378
152.5345 40.7341
152.5405 40.7304
152.5464 40.7267
152.5523 40.7231
152.5583 40.7194
152.5642 40.7157
152.5701 40.7121
152.5761 40.7084
152.5820 40.7047
152.5879 40.7010
152.5939 40.6974
152.5998 40.6937
152.6057 40.6900
152.6117 40.6863
152.6176 40.6826
152.6236 40.6790
152.6295 40.6753
152.6354 40.6716
152.6414 40.6679
152.6473 40.6642
152.6532 40.6606
152.6592 40.6569
152.6651 40.6532
152.6710 40.6495
152.6770 40.6458
152.6829 40.6421
152.6889 40.6384
152.6948 40.6347
152.7007 40.6311
152.7067 40.6274
152.7126 40.6237
152.7185 40.6200
152.7245 40.6163
152.7304 40.6126
152.7364 40.6089
152.7423 40.6052
152.7482 40.6015
152.7542 40.5978
152.7601 40.5941
152.7660 40.5904
152.7720 40.5867
152.7779 40.5830
152.7839 40.5793
152.7898 40.5756
152.7957 40.5719
152.8017 40.5682
152.8076 40.5645
152.8135 40.5608
152.8195 40.5571
152.8254 40.5534
152.8314 40.5497
152.8373 40.5460
152.8432 40.5423
152.8492 40.5386
152.8551 40.5349
152.8611 40.5311
152.8670 40.5274
152.8729 40.5237
152.8789 40.5200
152.8848 40.5163
152.8907 40.5126
152.8967 40.5089
152.9026 40.5052
152.9086 40.5014
152.9145 40.4977
152.9204 40.4940
152.9264 40.4903
152.9323 40.4866
152.9383 40.4829
152.9442 40.4791
152.9501 40.4754
152.9561 40.4717
152.9620 40.4680
152.9680 40.4642
152.9739 40.4605
152.9798 40.4568
152.9858 40.4531
152.9917 40.4493
152.9977 40.4456
153.0036 40.4419
153.0095 40.4382
153.0155 40.4344
153.0214 40.4307
153.0273 40.4270
153.0333 40.4232
153.0392 40.4195
153.0452 40.4158
153.0511 40.4120
153.0571 40.4083
153.0630 40.4046
153.0689 40.4008
153.0749 40.3971
153.0808 40.3934
153.0868 40.3896
153.0927 40.3859
153.0986 40.3822
153.1046 40.3784
153.1105 40.3747
153.1165 40.3709
153.1224 40.3672
153.1283 40.3634
153.1343 40.3597
153.1402 40.3560
153.1462 40.3522
153.1521 40.3485
153.1580 40.3447
153.1640 40.3410
153.1699 40.3372
153.1759 40.3335
153.1818 40.3297
153.1877 40.3260
153.1937 40.3222
153.1996 40.3185
153.2056 40.3147
153.2115 40.3110
153.2175 40.3072
153.2234 40.3035
153.2293 40.2997
153.2353 40.2959
153.2412 40.2922
153.2472 40.2884
153.2531 40.2847
153.2591 40.2809
153.2650 40.2772
153.2709 40.2734
153.2769 40.2696
153.2828 40.2659
153.2888 40.2621
153.2947 40.2583
153.3006 40.2546
153.3066 40.2508
153.3125 40.2471
153.3185 40.2433
153.3244 40.2395
153.3304 40.2358
153.3363 40.2320
153.3422 40.2282
153.3482 40.2244
153.3541 40.2207
153.3601 40.2169
153.3660 40.2131
153.3720 40.2094
153.3779 40.2056
153.3838 40.2018
153.3898 40.1980
153.3957 40.1943
153.4017 40.1905
153.4076 40.1867
153.4136 40.1829
153.4195 40.1792
153.4254 40.1754
153.4314 40.1716
153.4373 40.1678
153.4433 40.1640
153.4492 40.1602
153.4552 40.1565
153.4611 40.1527
153.4671 40.1489
153.4730 40.1451
153.4789 40.1413
153.4849 40.1375
153.4908 40.1338
153.4968 40.1300
153.5027 40.1262
153.5087 40.1224
153.5146 40.1186
153.5206 40.1148
153.5265 40.1110
153.5324 40.1072
153.5384 40.1034
153.5443 40.0996
153.5503 40.0958
153.5562 40.0920
153.5622 40.0882
153.5681 40.0845
153.5741 40.0807
153.5800 40.0769
153.5859 40.0731
153.5919 40.0693
153.5978 40.0655
153.6038 40.0617
153.6097 40.0579
153.6157 40.0541
153.6216 40.0502
153.6276 40.0464
153.6335 40.0426
153.6395 40.0388
153.6454 40.0350
153.6513 40.0312
153.6573 40.0274
153.6632 40.0236
153.6692 40.0198
153.6751 40.0160
153.6811 40.0122
153.6870 40.0084
153.6930 40.0045
153.6989 40.0007
153.7049 39.9969
153.7108 39.9931
153.7168 39.9893
153.7227 39.9855
153.7287 39.9817
153.7346 39.9778
153.7405 39.9740
153.7465 39.9702
153.7524 39.9664
153.7584 39.9626
153.7643 39.9587
153.7703 39.9549
153.7762 39.9511
153.7822 39.9473
153.7881 39.9435
153.7941 39.9396
153.8000 39.9358
153.8060 39.9320
153.8119 39.9282
153.8179 39.9243
153.8238 39.9205
153.8298 39.9167
153.8357 39.9128
153.8417 39.9090
153.8476 39.9052
153.8536 39.9013
153.8595 39.8975
153.8654 39.8937
153.8714 39.8898
153.8773 39.8860
153.8833 39.8822
153.8892 39.8783
153.8952 39.8745
153.9011 39.8707
153.9071 39.8668
153.9130 39.8630
153.9190 39.8591
153.9249 39.8553
153.9309 39.8515
153.9368 39.8476
153.9428 39.8438
153.9487 39.8399
153.9547 39.8361
153.9606 39.8322
153.9666 39.8284
153.9725 39.8246
153.9785 39.8207
153.9844 39.8169
153.9904 39.8130
153.9963 39.8092
154.0023 39.8053
154.0082 39.8015
154.0142 39.7976
154.0201 39.7938
154.0261 39.7899
154.0320 39.7861
154.0380 39.7822
154.0439 39.7783
154.0499 39.7745
154.0558 39.7706
154.0618 39.7668
154.0677 39.7629
154.0737 39.7591
154.0796 39.7552
154.0856 39.7513
154.0915 39.7475
154.0975 39.7436
154.1034 39.7398
154.1094 39.7359
154.1153 39.7320
154.1213 39.7282
154.1273 39.7243
154.1332 39.7204
154.1392 39.7166
154.1451 39.7127
154.1511 39.7088
154.1570 39.7050
154.1630 39.7011
154.1689 39.6972
154.1749 39.6933
154.1808 39.6895
154.1868 39.6856
154.1927 39.6817
154.1987 39.6779
154.2046 39.6740
154.2106 39.6701
154.2165 39.6662
154.2225 39.6624
154.2284 39.6585
154.2344 39.6546
154.2403 39.6507
154.2463 39.6468
154.2522 39.6430
154.2582 39.6391
154.2642 39.6352
154.2701 39.6313
154.2761 39.6274
154.2820 39.6236
154.2880 39.6197
154.2939 39.6158
154.2999 39.6119
154.3058 39.6080
154.3118 39.6041
154.3177 39.6002
154.3237 39.5963
154.3296 39.5925
154.3356 39.5886
154.3415 39.5847
154.3475 39.5808
154.3535 39.5769
154.3594 39.5730
154.3654 39.5691
154.3713 39.5652
154.3773 39.5613
154.3832 39.5574
154.3892 39.5535
154.3951 39.5496
154.4011 39.5457
154.4070 39.5418
154.4130 39.5379
154.4189 39.5340
154.4249 39.5301
154.4309 39.5262
154.4368 39.5223
154.4428 39.5184
154.4487 39.5145
154.4547 39.5106
154.4606 39.5067
154.4666 39.5028
154.4725 39.4989
154.4785 39.4950
154.4845 39.4911
154.4904 39.4872
154.4964 39.4833
154.5023 39.4794
154.5083 39.4754
154.5142 39.4715
154.5202 39.4676
154.5261 39.4637
154.5321 39.4598
154.5381 39.4559
154.5440 39.4520
154.5500 39.4480
154.5559 39.4441
154.5619 39.4402
154.5678 39.4363
154.5738 39.4324
154.5797 39.4285
154.5857 39.4245
154.5917 39.4206
154.5976 39.4167
154.6036 39.4128
154.6095 39.4088
154.6155 39.4049
154.6214 39.4010
154.6274 39.3971
154.6334 39.3932
154.6393 39.3892
154.6453 39.3853
154.6512 39.3814
154.6572 39.3774
154.6631 39.3735
154.6691 39.3696
154.6751 39.3657
154.6810 39.3617
154.6870 39.3578
154.6929 39.3539
154.6989 39.3499
154.7048 39.3460
154.7108 39.3421
154.7168 39.3381
154.7227 39.3342
154.7287 39.3302
154.7346 39.3263
154.7406 39.3224
154.7465 39.3184
154.7525 39.3145
154.7585 39.3106
154.7644 39.3066
154.7704 39.3027
154.7763 39.2987
154.7823 39.2948
154.7883 39.2908
154.7942 39.2869
154.8002 39.2829
154.8061 39.2790
154.8121 39.2751
154.8180 39.2711
154.8240 39.2672
154.8300 39.2632
154.8359 39.2593
154.8419 39.2553
154.8478 39.2514
154.8538 39.2474
154.8598 39.2435
154.8657 39.2395
154.8717 39.2356
154.8776 39.2316
154.8836 39.2276
154.8896 39.2237
154.8955 39.2197
154.9015 39.2158
154.9074 39.2118
154.9134 39.2079
154.9194 39.2039
154.9253 39.1999
154.9313 39.1960
154.9372 39.1920
154.9432 39.1881
154.9492 39.1841
154.9551 39.1801
154.9611 39.1762
154.9670 39.1722
154.9730 39.1682
154.9790 39.1643
154.9849 39.1603
154.9909 39.1563
154.9968 39.1524
155.0028 39.1484
155.0088 39.1444
155.0147 39.1404
155.0207 39.1365
155.0266 39.1325
155.0326 39.1285
155.0386 39.1246
155.0445 39.1206
155.0505 39.1166
155.0564 39.1126
155.0624 39.1087
155.0684 39.1047
155.0743 39.1007
155.0803 39.0967
155.0863 39.0927
155.0922 39.0888
155.0982 39.0848
155.1041 39.0808
155.1101 39.0768
155.1161 39.0728
155.1220 39.0689
155.1280 39.0649
155.1340 39.0609
155.1399 39.0569
155.1459 39.0529
155.1518 39.0489
155.1578 39.0449
155.1638 39.0410
155.1697 39.0370
155.1757 39.0330
155.1817 39.0290
155.1876 39.0250
155.1936 39.0210
155.1996 39.0170
155.2055 39.0130
155.2115 39.0090
155.2174 39.0050
155.2234 39.0010
155.2294 38.9970
155.2353 38.9930
155.2413 38.9890
155.2473 38.9850
155.2532 38.9810
155.2592 38.9770
155.2652 38.9730
155.2711 38.9690
155.2771 38.9650
155.2830 38.9610
155.2890 38.9570
155.2950 38.9530
155.3009 38.9490
155.3069 38.9450
155.3129 38.9410
155.3188 38.9370
155.3248 38.9330
155.3308 38.9290
155.3367 38.9250
155.3427 38.9210
155.3487 38.9170
155.3546 38.9129
155.3606 38.9089
155.3666 38.9049
155.3725 38.9009
155.3785 38.8969
155.3845 38.8929
155.3904 38.8889
155.3964 38.8849
155.4024 38.8808
155.4083 38.8768
155.4143 38.8728
155.4203 38.8688
155.4262 38.8648
155.4322 38.8607
155.4382 38.8567
155.4441 38.8527
155.4501 38.8487
155.4561 38.8447
155.4620 38.8406
155.4680 38.8366
155.4740 38.8326
155.4799 38.8286
155.4859 38.8245
155.4919 38.8205
155.4978 38.8165
155.5038 38.8124
155.5098 38.8084
155.5157 38.8044
155.5217 38.8004
155.5277 38.7963
155.5336 38.7923
155.5396 38.7883
155.5456 38.7842
155.5515 38.7802
155.5575 38.7762
155.5635 38.7721
155.5694 38.7681
155.5754 38.7641
155.5814 38.7600
155.5873 38.7560
155.5933 38.7519
155.5993 38.7479
155.6053 38.7439
155.6112 38.7398
155.6172 38.7358
155.6232 38.7317
155.6291 38.7277
155.6351 38.7236
155.6411 38.7196
155.6470 38.7156
155.6530 38.7115
155.6590 38.7075
155.6649 38.7034
155.6709 38.6994
155.6769 38.6953
155.6829 38.6913
155.6888 38.6872
155.6948 38.6832
155.7008 38.6791
155.7067 38.6751
155.7127 38.6710
155.7187 38.6670
155.7246 38.6629
155.7306 38.6589
155.7366 38.6548
155.7426 38.6507
155.7485 38.6467
155.7545 38.6426
155.7605 38.6386
155.7664 38.6345
155.7724 38.6305
155.7784 38.6264
155.7843 38.6223
155.7903 38.6183
155.7963 38.6142
155.8023 38.6101
155.8082 38.6061
155.8142 38.6020
155.8202 38.5980
155.8261 38.5939
155.8321 38.5898
155.8381 38.5858
155.8441 38.5817
155.8500 38.5776
155.8560 38.5736
155.8620 38.5695
155.8679 38.5654
155.8739 38.5613
155.8799 38.5573
155.8859 38.5532
155.8918 38.5491
155.8978 38.5450
155.9038 38.5410
155.9098 38.5369
155.9157 38.5328
155.9217 38.5287
155.9277 38.5247
155.9336 38.5206
155.9396 38.5165
155.9456 38.5124
155.9516 38.5084
155.9575 38.5043
155.9635 38.5002
155.9695 38.4961
155.9755 38.4920
155.9814 38.4879
155.9874 38.4839
155.9934 38.4798
155.9994 38.4757
156.0053 38.4716
156.0113 38.4675
156.0173 38.4634
156.0232 38.4593
156.0292 38.4553
156.0352 38.4512
156.0412 38.4471
156.0471 38.4430
156.0531 38.4389
156.0591 38.4348
156.0651 38.4307
156.0710 38.4266
156.0770 38.4225
156.0830 38.4184
156.0890 38.4143
156.0949 38.4102
156.1009 38.4061
156.1069 38.4020
156.1129 38.3979
156.1188 38.3938
156.1248 38.3897
156.1308 38.3856
156.1368 38.3815
156.1427 38.3774
156.1487 38.3733
156.1547 38.3692
156.1607 38.3651
156.1666 38.3610
156.1726 38.3569
156.1786 38.3528
156.1846 38.3487
156.1905 38.3446
156.1965 38.3405
156.2025 38.3364
156.2085 38.3323
156.2144 38.3282
156.2204 38.3241
156.2264 38.3199
156.2324 38.3158
156.2384 38.3117
156.2443 38.3076
156.2503 38.3035
156.2563 38.2994
156.2623 38.2953
156.2682 38.2911
156.2742 38.2870
156.2802 38.2829
156.2862 38.2788
156.2921 38.2747
156.2981 38.2706
156.3041 38.2664
156.3101 38.2623
156.3160 38.2582
156.3220 38.2541
156.3280 38.2499
156.3340 38.2458
156.3400 38.2417
156.3459 38.2376
156.3519 38.2334
156.3579 38.2293
156.3639 38.2252
156.3698 38.2211
156.3758 38.2169
156.3818 38.2128
156.3878 38.2087
156.3938 38.2046
156.3997 38.2004
156.4057 38.1963
156.4117 38.1922
156.4177 38.1880
156.4237 38.1839
156.4296 38.1798
156.4356 38.1756
156.4416 38.1715
156.4476 38.1673
156.4536 38.1632
156.4595 38.1591
156.4655 38.1549
156.4715 38.1508
156.4775 38.1467
156.4835 38.1425
156.4894 38.1384
156.4954 38.1342
156.5014 38.1301
156.5074 38.1259
156.5134 38.1218
156.5193 38.1177
156.5253 38.1135
156.5313 38.1094
156.5373 38.1052
156.5433 38.1011
156.5492 38.0969
156.5552 38.0928
156.5612 38.0886
156.5672 38.0845
156.5732 38.0803
156.5791 38.0762
156.5851 38.0720
156.5911 38.0679
156.5971 38.0637
156.6031 38.0596
156.6090 38.0554
156.6150 38.0513
156.6210 38.0471
156.6270 38.0429
156.6330 38.0388
156.6390 38.0346
156.6449 38.0305
156.6509 38.0263
156.6569 38.0221
156.6629 38.0180
156.6689 38.0138
156.6749 38.0097
156.6808 38.0055
156.6868 38.0013
156.6928 37.9972
156.6988 37.9930
156.7048 37.9888
156.7108 37.9847
156.7167 37.9805
156.7227 37.9763
156.7287 37.9722
156.7347 37.9680
156.7407 37.9638
156.7467 37.9597
156.7526 37.9555
156.7586 37.9513
156.7646 37.9471
156.7706 37.9430
156.7766 37.9388
156.7826 37.9346
156.7885 37.9304
156.7945 37.9263
156.8005 37.9221
156.8065 37.9179
156.8125 37.9137
156.8185 37.9096
156.8245 37.9054
156.8304 37.9012
156.8364 37.8970
156.8424 37.8928
156.8484 37.8887
156.8544 37.8845
156.8604 37.8803
156.8663 37.8761
156.8723 37.8719
156.8783 37.8677
156.8843 37.8636
156.8903 37.8594
156.8963 37.8552
156.9023 37.8510
156.9082 37.8468
156.9142 37.8426
156.9202 37.8384
156.9262 37.8342
156.9322 37.8300
156.9382 37.8259
156.9442 37.8217
156.9502 37.8175
156.9561 37.8133
156.9621 37.8091
156.9681 37.8049
156.9741 37.8007
156.9801 37.7965
156.9861 37.7923
156.9921 37.7881
156.9981 37.7839
157.0040 37.7797
157.0100 37.7755
157.0160 37.7713
157.0220 37.7671
157.0280 37.7629
157.0340 37.7587
157.0400 37.7545
157.0460 37.7503
157.0519 37.7461
157.0579 37.7419
157.0639 37.7377
157.0699 37.7335
157.0759 37.7293
157.0819 37.7251
157.0879 37.7208
157.0939 37.7166
157.0999 37.7124
157.1058 37.7082
157.1118 37.7040
157.1178 37.6998
157.1238 37.6956
157.1298 37.6914
157.1358 37.6872
157.1418 37.6829
157.1478 37.6787
157.1538 37.6745
157.1597 37.6703
157.1657 37.6661
157.1717 37.6619
157.1777 37.6576
157.1837 37.6534
157.1897 37.6492
157.1957 37.6450
157.2017 37.6408
157.2077 37.6365
157.2137 37.6323
157.2196 37.6281
157.2256 37.6239
157.2316 37.6196
157.2376 37.6154
157.2436 37.6112
157.2496 37.6070
157.2556 37.6027
157.2616 37.5985
157.2676 37.5943
157.2736 37.5901
157.2796 37.5858
157.2855 37.5816
157.2915 37.5774
157.2975 37.5731
157.3035 37.5689
157.3095 37.5647
157.3155 37.5604
157.3215 37.5562
157.3275 37.5520
157.3335 37.5477
157.3395 37.5435
157.3455 37.5393
157.3515 37.5350
157.3575 37.5308
157.3634 37.5265
157.3694 37.5223
157.3754 37.5181
157.3814 37.5138
157.3874 37.5096
157.3934 37.5053
157.3994 37.5011
157.4054 37.4968
157.4114 37.4926
157.4174 37.4884
157.4234 37.4841
157.4294 37.4799
157.4354 37.4756
157.4414 37.4714
157.4474 37.4671
157.4533 37.4629
157.4593 37.4586
157.4653 37.4544
157.4713 37.4501
157.4773 37.4459
157.4833 37.4416
157.4893 37.4374
157.4953 37.4331
157.5013 37.4289
157.5073 37.4246
157.5133 37.4204
157.5193 37.4161
157.5253 37.4118
157.5313 37.4076
157.5373 37.4033
157.5433 37.3991
157.5493 37.3948
157.5553 37.3906
157.5613 37.3863
157.5672 37.3820
157.5732 37.3778
157.5792 37.3735
157.5852 37.3692
157.5912 37.3650
157.5972 37.3607
157.6032 37.3565
157.6092 37.3522
157.6152 37.3479
157.6212 37.3437
157.6272 37.3394
157.6332 37.3351
157.6392 37.3308
157.6452 37.3266
157.6512 37.3223
157.6572 37.3180
157.6632 37.3138
157.6692 37.3095
157.6752 37.3052
157.6812 37.3009
157.6872 37.2967
157.6932 37.2924
157.6992 37.2881
157.7052 37.2839
157.7112 37.2796
157.7172 37.2753
157.7232 37.2710
157.7292 37.2667
157.7352 37.2625
157.7412 37.2582
157.7471 37.2539
157.7531 37.2496
157.7591 37.2453
157.7651 37.2411
157.7711 37.2368
157.7771 37.2325
157.7831 37.2282
157.7891 37.2239
157.7951 37.2196
157.8011 37.2153
157.8071 37.2111
157.8131 37.2068
157.8191 37.2025
157.8251 37.1982
157.8311 37.1939
157.8371 37.1896
157.8431 37.1853
157.8491 37.1810
157.8551 37.1767
157.8611 37.1724
157.8671 37.1682
157.8731 37.1639
157.8791 37.1596
157.8851 37.1553
157.8911 37.1510
157.8971 37.1467
157.9031 37.1424
157.9091 37.1381
157.9151 37.1338
157.9211 37.1295
157.9271 37.1252
157.9331 37.1209
157.9391 37.1166
157.9451 37.1123
157.9511 37.1080
157.9571 37.1037
157.9631 37.0994
157.9691 37.0951
157.9751 37.0908
157.9811 37.0865
157.9872 37.0821
157.9932 37.0778
157.9992 37.0735
158.0052 37.0692
158.0112 37.0649
158.0172 37.0606
158.0232 37.0563
158.0292 37.0520
158.0352 37.0477
158.0412 37.0434
158.0472 37.0390
158.0532 37.0347
158.0592 37.0304
158.0652 37.0261
158.0712 37.0218
158.0772 37.0175
158.0832 37.0132
158.0892 37.0088
158.0952 37.0045
158.1012 37.0002
158.1072 36.9959
158.1132 36.9916
158.1192 36.9872
158.1252 36.9829
158.1312 36.9786
158.1372 36.9743
158.1432 36.9699
158.1492 36.9656
158.1553 36.9613
158.1613 36.9570
158.1673 36.9526
158.1733 36.9483
158.1793 36.9440
158.1853 36.9397
158.1913 36.9353
158.1973 36.9310
158.2033 36.9267
158.2093 36.9223
158.2153 36.9180
158.2213 36.9137
158.2273 36.9093
158.2333 36.9050
158.2393 36.9007
158.2453 36.8963
158.2513 36.8920
158.2574 36.8877
158.2634 36.8833
158.2694 36.8790
158.2754 36.8747
158.2814 36.8703
158.2874 36.8660
158.2934 36.8616
158.2994 36.8573
158.3054 36.8530
158.3114 36.8486
158.3174 36.8443
158.3234 36.8399
158.3294 36.8356
158.3354 36.8313
158.3415 36.8269
158.3475 36.8226
158.3535 36.8182
158.3595 36.8139
158.3655 36.8095
158.3715 36.8052
158.3775 36.8008
158.3835 36.7965
158.3895 36.7921
158.3955 36.7878
158.4015 36.7834
158.4075 36.7791
158.4136 36.7747
158.4196 36.7704
158.4256 36.7660
158.4316 36.7617
158.4376 36.7573
158.4436 36.7530
158.4496 36.7486
158.4556 36.7442
158.4616 36.7399
158.4676 36.7355
158.4737 36.7312
158.4797 36.7268
158.4857 36.7224
158.4917 36.7181
158.4977 36.7137
158.5037 36.7094
158.5097 36.7050
158.5157 36.7006
158.5217 36.6963
158.5278 36.6919
158.5338 36.6875
158.5398 36.6832
158.5458 36.6788
158.5518 36.6744
158.5578 36.6701
158.5638 36.6657
158.5698 36.6613
158.5758 36.6570
158.5819 36.6526
158.5879 36.6482
158.5939 36.6439
158.5999 36.6395
158.6059 36.6351
158.6119 36.6307
158.6179 36.6264
158.6239 36.6220
158.6300 36.6176
158.6360 36.6132
158.6420 36.6089
158.6480 36.6045
158.6540 36.6001
158.6600 36.5957
158.6660 36.5913
158.6720 36.5870
158.6781 36.5826
158.6841 36.5782
158.6901 36.5738
158.6961 36.5694
158.7021 36.5651
158.7081 36.5607
158.7141 36.5563
158.7202 36.5519
158.7262 36.5475
158.7322 36.5431
158.7382 36.5388
158.7442 36.5344
158.7502 36.5300
158.7562 36.5256
158.7623 36.5212
158.7683 36.5168
158.7743 36.5124
158.7803 36.5080
158.7863 36.5036
158.7923 36.4992
158.7984 36.4949
158.8044 36.4905
158.8104 36.4861
158.8164 36.4817
158.8224 36.4773
158.8284 36.4729
158.8344 36.4685
158.8405 36.4641
158.8465 36.4597
158.8525 36.4553
158.8585 36.4509
158.8645 36.4465
158.8705 36.4421
158.8766 36.4377
158.8826 36.4333
158.8886 36.4289
158.8946 36.4245
158.9006 36.4201
158.9067 36.4157
158.9127 36.4113
158.9187 36.4069
158.9247 36.4025
158.9307 36.3981
158.9367 36.3936
158.9428 36.3892
158.9488 36.3848
158.9548 36.3804
158.9608 36.3760
158.9668 36.3716
158.9728 36.3672
158.9789 36.3628
158.9849 36.3584
158.9909 36.3540
158.9969 36.3495
159.0029 36.3451
159.0090 36.3407
159.0150 36.3363
159.0210 36.3319
159.0270 36.3275
159.0330 36.3230
159.0391 36.3186
159.0451 36.3142
159.0511 36.3098
159.0571 36.3054
159.0631 36.3010
159.0692 36.2965
159.0752 36.2921
159.0812 36.2877
159.0872 36.2833
159.0932 36.2788
159.0993 36.2744
159.1053 36.2700
159.1113 36.2656
159.1173 36.2611
159.1233 36.2567
159.1294 36.2523
159.1354 36.2479
159.1414 36.2434
159.1474 36.2390
159.1534 36.2346
159.1595 36.2301
159.1655 36.2257
159.1715 36.2213
159.1775 36.2169
159.1835 36.2124
159.1896 36.2080
159.1956 36.2036
159.2016 36.1991
159.2076 36.1947
159.2137 36.1902
159.2197 36.1858
159.2257 36.1814
159.2317 36.1769
159.2378 36.1725
159.2438 36.1681
159.2498 36.1636
159.2558 36.1592
159.2618 36.1547
159.2679 36.1503
159.2739 36.1459
159.2799 36.1414
159.2859 36.1370
159.2920 36.1325
159.2980 36.1281
159.3040 36.1236
159.3100 36.1192
159.3161 36.1147
159.3221 36.1103
159.3281 36.1059
159.3341 36.1014
159.3402 36.0970
159.3462 36.0925
159.3522 36.0881
159.3582 36.0836
159.3643 36.0792
159.3703 36.0747
159.3763 36.0703
159.3823 36.0658
159.3884 36.0613
159.3944 36.0569
159.4004 36.0524
159.4064 36.0480
159.4125 36.0435
159.4185 36.0391
159.4245 36.0346
159.4305 36.0301
159.4366 36.0257
159.4426 36.0212
159.4486 36.0168
159.4546 36.0123
159.4607 36.0078
159.4667 36.0034
159.4727 35.9989
159.4788 35.9945
159.4848 35.9900
159.4908 35.9855
159.4968 35.9811
159.5029 35.9766
159.5089 35.9721
159.5149 35.9677
159.5210 35.9632
159.5270 35.9587
159.5330 35.9543
159.5390 35.9498
159.5451 35.9453
159.5511 35.9409
159.5571 35.9364
159.5632 35.9319
159.5692 35.9274
159.5752 35.9230
159.5812 35.9185
159.5873 35.9140
159.5933 35.9095
159.5993 35.9051
159.6054 35.9006
159.6114 35.8961
159.6174 35.8916
159.6235 35.8872
159.6295 35.8827
159.6355 35.8782
159.6415 35.8737
159.6476 35.8692
159.6536 35.8648
159.6596 35.8603
159.6657 35.8558
159.6717 35.8513
159.6777 35.8468
159.6838 35.8424
159.6898 35.8379
159.6958 35.8334
159.7019 35.8289
159.7079 35.8244
159.7139 35.8199
159.7200 35.8154
159.7260 35.8109
159.7320 35.8065
159.7380 35.8020
159.7441 35.7975
159.7501 35.7930
159.7561 35.7885
159.7622 35.7840
159.7682 35.7795
159.7742 35.7750
159.7803 35.7705
159.7863 35.7660
159.7923 35.7615
159.7984 35.7570
159.8044 35.7525
159.8104 35.7480
159.8165 35.7435
159.8225 35.7391
159.8285 35.7346
159.8346 35.7301
159.8406 35.7256
159.8467 35.7211
159.8527 35.7166
159.8587 35.7120
159.8648 35.7075
159.8708 35.7030
159.8768 35.6985
159.8829 35.6940
159.8889 35.6895
159.8949 35.6850
159.9010 35.6805
159.9070 35.6760
159.9130 35.6715
159.9191 35.6670
159.9251 35.6625
159.9311 35.6580
159.9372 35.6535
159.9432 35.6490
159.9493 35.6445
159.9553 35.6399
159.9613 35.6354
159.9674 35.6309
159.9734 35.6264
159.9794 35.6219
159.9855 35.6174
159.9915 35.6129
159.9976 35.6083
160.0036 35.6038
160.0096 35.5993
160.0157 35.5948
160.0217 35.5903
160.0277 35.5858
160.0338 35.5812
160.0398 35.5767
160.0459 35.5722
160.0519 35.5677
160.0579 35.5632
160.0640 35.5586
160.0700 35.5541
160.0760 35.5496
160.0821 35.5451
160.0881 35.5405
160.0942 35.5360
160.1002 35.5315
160.1062 35.5270
160.1123 35.5224
160.1183 35.5179
160.1244 35.5134
160.1304 35.5089
160.1364 35.5043
160.1425 35.4998
160.1485 35.4953
160.1546 35.4907
160.1606 35.4862
160.1666 35.4817
160.1727 35.4771
160.1787 35.4726
160.1848 35.4681
160.1908 35.4635
160.1968 35.4590
160.2029 35.4545
160.2089 35.4499
160.2150 35.4454
160.2210 35.4408
160.2271 35.4363
160.2331 35.4318
160.2391 35.4272
160.2452 35.4227
160.2512 35.4182
160.2573 35.4136
160.2633 35.4091
160.2693 35.4045
160.2754 35.4000
160.2814 35.3954
160.2875 35.3909
160.2935 35.3864
160.2996 35.3818
160.3056 35.3773
160.3116 35.3727
160.3177 35.3682
160.3237 35.3636
160.3298 35.3591
160.3358 35.3545
160.3419 35.3500
160.3479 35.3454
160.3540 35.3409
160.3600 35.3363
160.3660 35.3318
160.3721 35.3272
160.3781 35.3227
160.3842 35.3181
160.3902 35.3136
160.3963 35.3090
160.4023 35.3044
160.4084 35.2999
160.4144 35.2953
160.4204 35.2908
160.4265 35.2862
160.4325 35.2817
160.4386 35.2771
160.4446 35.2725
160.4507 35.2680
160.4567 35.2634
160.4628 35.2589
160.4688 35.2543
160.4749 35.2497
160.4809 35.2452
160.4870 35.2406
160.4930 35.2360
160.4990 35.2315
160.5051 35.2269
160.5111 35.2223
160.5172 35.2178
160.5232 35.2132
160.5293 35.2086
160.5353 35.2041
160.5414 35.1995
160.5474 35.1949
160.5535 35.1904
160.5595 35.1858
160.5656 35.1812
160.5716 35.1767
160.5777 35.1721
160.5837 35.1675
160.5898 35.1629
160.5958 35.1584
160.6019 35.1538
160.6079 35.1492
160.6140 35.1446
160.6200 35.1401
160.6261 35.1355
160.6321 35.1309
160.6382 35.1263
160.6442 35.1217
160.6503 35.1172
160.6563 35.1126
160.6623 35.1080
160.6684 35.1034
160.6745 35.0988
160.6805 35.0943
160.6866 35.0897
160.6926 35.0851
160.6987 35.0805
160.7047 35.0759
160.7108 35.0713
160.7168 35.0668
160.7229 35.0622
160.7289 35.0576
160.7350 35.0530
160.7410 35.0484
160.7471 35.0438
160.7531 35.0392
160.7592 35.0346
160.7652 35.0300
160.7713 35.0255
160.7773 35.0209
160.7834 35.0163
160.7894 35.0117
160.7955 35.0071
160.8015 35.0025
160.8076 34.9979
160.8136 34.9933
160.8197 34.9887
160.8257 34.9841
160.8318 34.9795
160.8379 34.9749
160.8439 34.9703
160.8500 34.9657
160.8560 34.9611
160.8621 34.9565
160.8681 34.9519
160.8742 34.9473
160.8802 34.9427
160.8863 34.9381
160.8923 34.9335
160.8984 34.9289
160.9045 34.9243
160.9105 34.9197
160.9166 34.9151
160.9226 34.9105
160.9287 34.9059
160.9347 34.9013
160.9408 34.8967
160.9468 34.8921
160.9529 34.8874
160.9590 34.8828
160.9650 34.8782
160.9711 34.8736
160.9771 34.8690
160.9832 34.8644
160.9892 34.8598
160.9953 34.8552
161.0014 34.8505
161.0074 34.8459
161.0135 34.8413
161.0195 34.8367
161.0256 34.8321
161.0316 34.8275
161.0377 34.8229
161.0438 34.8182
161.0498 34.8136
161.0559 34.8090
161.0619 34.8044
161.0680 34.7998
161.0741 34.7951
161.0801 34.7905
161.0862 34.7859
161.0922 34.7813
161.0983 34.7767
161.1044 34.7720
161.1104 34.7674
161.1165 34.7628
161.1225 34.7582
161.1286 34.7535
161.1347 34.7489
161.1407 34.7443
161.1468 34.7396
161.1528 34.7350
161.1589 34.7304
161.1650 34.7258
161.1710 34.7211
161.1771 34.7165
161.1831 34.7119
161.1892 34.7072
161.1953 34.7026
161.2013 34.6980
161.2074 34.6933
161.2134 34.6887
161.2195 34.6841
161.2256 34.6794
161.2316 34.6748
161.2377 34.6702
161.2438 34.6655
161.2498 34.6609
161.2559 34.6563
161.2619 34.6516
161.2680 34.6470
161.2741 34.6423
161.2801 34.6377
161.2862 34.6331
161.2923 34.6284
161.2983 34.6238
161.3044 34.6191
161.3105 34.6145
161.3165 34.6098
161.3226 34.6052
161.3286 34.6006
161.3347 34.5959
161.3408 34.5913
161.3468 34.5866
161.3529 34.5820
161.3590 34.5773
161.3650 34.5727
161.3711 34.5680
161.3772 34.5634
161.3832 34.5587
161.3893 34.5541
161.3954 34.5494
161.4014 34.5448
161.4075 34.5401
161.4136 34.5355
161.4196 34.5308
161.4257 34.5262
161.4318 34.5215
161.4378 34.5168
161.4439 34.5122
161.4500 34.5075
161.4560 34.5029
161.4621 34.4982
161.4682 34.4936
161.4742 34.4889
161.4803 34.4842
161.4864 34.4796
161.4924 34.4749
161.4985 34.4703
161.5046 34.4656
161.5106 34.4609
161.5167 34.4563
161.5228 34.4516
161.5288 34.4470
161.5349 34.4423
161.5410 34.4376
161.5471 34.4330
161.5531 34.4283
161.5592 34.4236
161.5653 34.4190
161.5713 34.4143
161.5774 34.4096
161.5835 34.4050
161.5895 34.4003
161.5956 34.3956
161.6017 34.3909
161.6078 34.3863
161.6138 34.3816
161.6199 34.3769
161.6260 34.3723
161.6320 34.3676
161.6381 34.3629
161.6442 34.3582
161.6503 34.3536
161.6563 34.3489
161.6624 34.3442
161.6685 34.3395
161.6745 34.3349
161.6806 34.3302
161.6867 34.3255
161.6928 34.3208
161.6988 34.3161
161.7049 34.3115
161.7110 34.3068
161.7170 34.3021
161.7231 34.2974
161.7292 34.2927
161.7353 34.2881
161.7413 34.2834
161.7474 34.2787
161.7535 34.2740
161.7596 34.2693
161.7656 34.2646
161.7717 34.2600
161.7778 34.2553
161.7839 34.2506
161.7899 34.2459
161.7960 34.2412
161.8021 34.2365
161.8082 34.2318
161.8142 34.2271
161.8203 34.2224
161.8264 34.2178
161.8325 34.2131
161.8385 34.2084
161.8446 34.2037
161.8507 34.1990
161.8568 34.1943
161.8628 34.1896
161.8689 34.1849
161.8750 34.1802
161.8811 34.1755
161.8871 34.1708
161.8932 34.1661
161.8993 34.1614
161.9054 34.1567
161.9114 34.1520
161.9175 34.1473
161.9236 34.1426
161.9297 34.1379
161.9358 34.1332
161.9418 34.1285
161.9479 34.1238
161.9540 34.1191
161.9601 34.1144
161.9661 34.1097
161.9722 34.1050
161.9783 34.1003
161.9844 34.0956
161.9905 34.0909
161.9965 34.0862
162.0026 34.0815
162.0087 34.0768
162.0148 34.0721
162.0209 34.0674
162.0269 34.0626
162.0330 34.0579
162.0391 34.0532
162.0452 34.0485
162.0513 34.0438
162.0573 34.0391
162.0634 34.0344
162.0695 34.0297
162.0756 34.0249
162.0817 34.0202
162.0877 34.0155
162.0938 34.0108
162.0999 34.0061
162.1060 34.0014
162.1121 33.9967
162.1181 33.9919
162.1242 33.9872
162.1303 33.9825
162.1364 33.9778
162.1425 33.9731
162.1486 33.9683
162.1546 33.9636
162.1607 33.9589
162.1668 33.9542
162.1729 33.9495
162.1790 33.9447
162.1851 33.9400
162.1911 33.9353
162.1972 33.9306
162.2033 33.9258
162.2094 33.9211
162.2155 33.9164
162.2216 33.9117
162.2276 33.9069
162.2337 33.9022
162.2398 33.8975
162.2459 33.8927
162.2520 33.8880
162.2581 33.8833
162.2641 33.8786
162.2702 33.8738
162.2763 33.8691
162.2824 33.8644
162.2885 33.8596
162.2946 33.8549
162.3007 33.8502
162.3067 33.8454
162.3128 33.8407
162.3189 33.8359
162.3250 33.8312
162.3311 33.8265
162.3372 33.8217
162.3433 33.8170
162.3494 33.8123
162.3554 33.8075
162.3615 33.8028
162.3676 33.7980
162.3737 33.7933
162.3798 33.7886
162.3859 33.7838
162.3920 33.7791
162.3981 33.7743
162.4042 33.7696
162.4102 33.7648
162.4163 33.7601
162.4224 33.7554
162.4285 33.7506
162.4346 33.7459
162.4407 33.7411
162.4468 33.7364
162.4529 33.7316
162.4590 33.7269
162.4650 33.7221
162.4711 33.7174
162.4772 33.7126
162.4833 33.7079
162.4894 33.7031
162.4955 33.6984
162.5016 33.6936
162.5077 33.6889
162.5138 33.6841
162.5199 33.6794
162.5260 33.6746
162.5320 33.6698
162.5381 33.6651
162.5442 33.6603
162.5503 33.6556
162.5564 33.6508
162.5625 33.6461
162.5686 33.6413
162.5747 33.6365
162.5808 33.6318
162.5869 33.6270
162.5930 33.6223
162.5991 33.6175
162.6052 33.6127
162.6113 33.6080
162.6174 33.6032
162.6234 33.5985
162.6295 33.5937
162.6356 33.5889
162.6417 33.5842
162.6478 33.5794
162.6539 33.5746
162.6600 33.5699
162.6661 33.5651
162.6722 33.5603
162.6783 33.5556
162.6844 33.5508
162.6905 33.5460
162.6966 33.5413
162.7027 33.5365
162.7088 33.5317
162.7149 33.5269
162.7210 33.5222
162.7271 33.5174
162.7332 33.5126
162.7393 33.5079
162.7454 33.5031
162.7515 33.4983
162.7576 33.4935
162.7637 33.4888
162.7698 33.4840
162.7758 33.4792
162.7819 33.4744
162.7880 33.4696
162.7941 33.4649
162.8002 33.4601
162.8063 33.4553
162.8124 33.4505
162.8185 33.4457
162.8246 33.4410
162.8307 33.4362
162.8368 33.4314
162.8429 33.4266
162.8490 33.4218
162.8551 33.4171
162.8612 33.4123
162.8673 33.4075
162.8734 33.4027
162.8795 33.3979
162.8856 33.3931
162.8917 33.3883
162.8978 33.3836
162.9039 33.3788
162.9100 33.3740
162.9161 33.3692
162.9222 33.3644
162.9283 33.3596
162.9344 33.3548
162.9405 33.3500
162.9467 33.3452
162.9528 33.3404
162.9589 33.3357
162.9650 33.3309
162.9711 33.3261
162.9772 33.3213
162.9833 33.3165
162.9894 33.3117
162.9955 33.3069
163.0016 33.3021
163.0077 33.2973
163.0138 33.2925
163.0199 33.2877
163.0260 33.2829
163.0321 33.2781
163.0382 33.2733
163.0443 33.2685
163.0504 33.2637
163.0565 33.2589
163.0626 33.2541
163.0687 33.2493
163.0748 33.2445
163.0809 33.2397
163.0870 33.2349
163.0931 33.2301
163.0993 33.2253
163.1054 33.2205
163.1115 33.2157
163.1176 33.2109
163.1237 33.2061
163.1298 33.2012
163.1359 33.1964
163.1420 33.1916
163.1481 33.1868
163.1542 33.1820
163.1603 33.1772
163.1664 33.1724
163.1725 33.1676
163.1786 33.1628
163.1848 33.1580
163.1909 33.1531
163.1970 33.1483
163.2031 33.1435
163.2092 33.1387
163.2153 33.1339
163.2214 33.1291
163.2275 33.1243
163.2336 33.1194
163.2397 33.1146
163.2458 33.1098
163.2520 33.1050
163.2581 33.1002
163.2642 33.0954
163.2703 33.0905
163.2764 33.0857
163.2825 33.0809
163.2886 33.0761
163.2947 33.0713
163.3008 33.0664
163.3069 33.0616
163.3131 33.0568
163.3192 33.0520
163.3253 33.0471
163.3314 33.0423
163.3375 33.0375
163.3436 33.0327
163.3497 33.0278
163.3558 33.0230
163.3620 33.0182
163.3681 33.0134
163.3742 33.0085
163.3803 33.0037
163.3864 32.9989
163.3925 32.9940
163.3986 32.9892
163.4047 32.9844
163.4109 32.9796
163.4170 32.9747
163.4231 32.9699
163.4292 32.9651
163.4353 32.9602
163.4414 32.9554
163.4475 32.9506
163.4537 32.9457
163.4598 32.9409
163.4659 32.9360
163.4720 32.9312
163.4781 32.9264
163.4842 32.9215
163.4903 32.9167
163.4965 32.9119
163.5026 32.9070
163.5087 32.9022
163.5148 32.8973
163.5209 32.8925
163.5270 32.8877
163.5332 32.8828
163.5393 32.8780
163.5454 32.8731
163.5515 32.8683
163.5576 32.8635
163.5637 32.8586
163.5699 32.8538
163.5760 32.8489
163.5821 32.8441
163.5882 32.8392
163.5943 32.8344
163.6005 32.8295
163.6066 32.8247
163.6127 32.8198
163.6188 32.8150
163.6249 32.8101
163.6311 32.8053
163.6372 32.8004
163.6433 32.7956
163.6494 32.7907
163.6555 32.7859
163.6617 32.7810
163.6678 32.7762
163.6739 32.7713
163.6800 32.7665
163.6861 32.7616
163.6923 32.7568
163.6984 32.7519
163.7045 32.7471
163.7106 32.7422
163.7167 32.7373
163.7229 32.7325
163.7290 32.7276
163.7351 32.7228
163.7412 32.7179
163.7474 32.7130
163.7535 32.7082
163.7596 32.7033
163.7657 32.6985
163.7718 32.6936
163.7780 32.6887
163.7841 32.6839
163.7902 32.6790
163.7963 32.6741
163.8025 32.6693
163.8086 32.6644
163.8147 32.6596
163.8208 32.6547
163.8270 32.6498
163.8331 32.6450
163.8392 32.6401
163.8453 32.6352
163.8515 32.6304
163.8576 32.6255
163.8637 32.6206
163.8698 32.6157
163.8760 32.6109
163.8821 32.6060
163.8882 32.6011
163.8944 32.5963
163.9005 32.5914
163.9066 32.5865
163.9127 32.5816
163.9189 32.5768
163.9250 32.5719
163.9311 32.5670
163.9372 32.5621
163.9434 32.5573
163.9495 32.5524
163.9556 32.5475
163.9618 32.5426
163.9679 32.5378
163.9740 32.5329
163.9801 32.5280
163.9863 32.5231
163.9924 32.5182
163.9985 32.5134
164.0047 32.5085
164.0108 32.5036
164.0169 32.4987
164.0231 32.4938
164.0292 32.4889
164.0353 32.4841
164.0414 32.4792
164.0476 32.4743
164.0537 32.4694
164.0598 32.4645
164.0660 32.4596
164.0721 32.4548
164.0782 32.4499
164.0844 32.4450
164.0905 32.4401
164.0966 32.4352
164.1028 32.4303
164.1089 32.4254
164.1150 32.4205
164.1212 32.4156
164.1273 32.4108
164.1334 32.4059
164.1396 32.4010
164.1457 32.3961
164.1518 32.3912
164.1580 32.3863
164.1641 32.3814
164.1702 32.3765
164.1764 32.3716
164.1825 32.3667
164.1886 32.3618
164.1948 32.3569
164.2009 32.3520
164.2070 32.3471
164.2132 32.3422
164.2193 32.3373
164.2255 32.3324
164.2316 32.3275
164.2377 32.3226
164.2439 32.3177
164.2500 32.3128
164.2561 32.3079
164.2623 32.3030
164.2684 32.2981
164.2746 32.2932
164.2807 32.2883
164.2868 32.2834
164.2930 32.2785
164.2991 32.2736
164.3052 32.2687
164.3114 32.2638
164.3175 32.2589
164.3237 32.2540
164.3298 32.2491
164.3359 32.2442
164.3421 32.2393
164.3482 32.2343
164.3544 32.2294
164.3605 32.2245
164.3666 32.2196
164.3728 32.2147
164.3789 32.2098
164.3851 32.2049
164.3912 32.2000
164.3973 32.1951
164.4035 32.1901
164.4096 32.1852
164.4158 32.1803
164.4219 32.1754
164.4280 32.1705
164.4342 32.1656
164.4403 32.1606
164.4465 32.1557
164.4526 32.1508
164.4588 32.1459
164.4649 32.1410
164.4710 32.1361
164.4772 32.1311
164.4833 32.1262
164.4895 32.1213
164.4956 32.1164
164.5018 32.1115
164.5079 32.1065
164.5141 32.1016
164.5202 32.0967
164.5263 32.0918
164.5325 32.0868
164.5386 32.0819
164.5448 32.0770
164.5509 32.0721
164.5571 32.0671
164.5632 32.0622
164.5694 32.0573
164.5755 32.0524
164.5817 32.0474
164.5878 32.0425
164.5939 32.0376
164.6001 32.0327
164.6062 32.0277
164.6124 32.0228
164.6185 32.0179
164.6247 32.0129
164.6308 32.0080
164.6370 32.0031
164.6431 31.9981
164.6493 31.9932
164.6554 31.9883
164.6616 31.9833
164.6677 31.9784
164.6739 31.9735
164.6800 31.9685
164.6862 31.9636
164.6923 31.9587
164.6985 31.9537
164.7046 31.9488
164.7108 31.9439
164.7169 31.9389
164.7231 31.9340
164.7292 31.9290
164.7354 31.9241
164.7415 31.9192
164.7477 31.9142
164.7538 31.9093
164.7600 31.9043
164.7661 31.8994
164.7723 31.8945
164.7784 31.8895
164.7846 31.8846
164.7907 31.8796
164.7969 31.8747
164.8030 31.8697
164.8092 31.8648
164.8153 31.8598
164.8215 31.8549
164.8276 31.8499
164.8338 31.8450
164.8399 31.8401
164.8461 31.8351
164.8523 31.8302
164.8584 31.8252
164.8646 31.8203
164.8707 31.8153
164.8769 31.8104
164.8830 31.8054
164.8892 31.8005
164.8953 31.7955
164.9015 31.7906
164.9076 31.7856
164.9138 31.7806
164.9200 31.7757
164.9261 31.7707
164.9323 31.7658
164.9384 31.7608
164.9446 31.7559
164.9507 31.7509
164.9569 31.7460
164.9631 31.7410
164.9692 31.7360
164.9754 31.7311
164.9815 31.7261
164.9877 31.7212
164.9938 31.7162
165.0000 31.7113
165.0062 31.7063
165.0123 31.7013
165.0185 31.6964
165.0246 31.6914
165.0308 31.6864
165.0370 31.6815
165.0431 31.6765
165.0493 31.6716
165.0554 31.6666
165.0616 31.6616
165.0678 31.6567
165.0739 31.6517
165.0801 31.6467
165.0862 31.6418
165.0924 31.6368
165.0986 31.6318
165.1047 31.6269
165.1109 31.6219
165.1170 31.6169
165.1232 31.6120
165.1294 31.6070
165.1355 31.6020
165.1417 31.5970
165.1479 31.5921
165.1540 31.5871
165.1602 31.5821
165.1663 31.5772
165.1725 31.5722
165.1787 31.5672
165.1848 31.5622
165.1910 31.5573
165.1972 31.5523
165.2033 31.5473
165.2095 31.5423
165.2157 31.5374
165.2218 31.5324
165.2280 31.5274
165.2342 31.5224
165.2403 31.5174
165.2465 31.5125
165.2527 31.5075
165.2588 31.5025
165.2650 31.4975
165.2712 31.4925
165.2773 31.4876
165.2835 31.4826
165.2897 31.4776
165.2958 31.4726
165.3020 31.4676
165.3082 31.4626
165.3143 31.4577
165.3205 31.4527
165.3267 31.4477
165.3328 31.4427
165.3390 31.4377
165.3452 31.4327
165.3513 31.4277
165.3575 31.4228
165.3637 31.4178
165.3699 31.4128
165.3760 31.4078
165.3822 31.4028
165.3884 31.3978
165.3945 31.3928
165.4007 31.3878
165.4069 31.3828
165.4130 31.3778
165.4192 31.3729
165.4254 31.3679
165.4316 31.3629
165.4377 31.3579
165.4439 31.3529
165.4501 31.3479
165.4563 31.3429
165.4624 31.3379
165.4686 31.3329
165.4748 31.3279
165.4809 31.3229
165.4871 31.3179
165.4933 31.3129
165.4995 31.3079
165.5056 31.3029
165.5118 31.2979
165.5180 31.2929
165.5242 31.2879
165.5303 31.2829
165.5365 31.2779
165.5427 31.2729
165.5489 31.2679
165.5550 31.2629
165.5612 31.2579
165.5674 31.2529
165.5736 31.2479
165.5797 31.2429
165.5859 31.2379
165.5921 31.2329
165.5983 31.2279
165.6045 31.2229
165.6106 31.2179
165.6168 31.2129
165.6230 31.2079
165.6292 31.2028
165.6353 31.1978
165.6415 31.1928
165.6477 31.1878
165.6539 31.1828
165.6601 31.1778
165.6662 31.1728
165.6724 31.1678
165.6786 31.1628
165.6848 31.1578
165.6910 31.1527
165.6971 31.1477
165.7033 31.1427
165.7095 31.1377
165.7157 31.1327
165.7219 31.1277
165.7280 31.1227
165.7342 31.1176
165.7404 31.1126
165.7466 31.1076
165.7528 31.1026
165.7590 31.0976
165.7651 31.0926
165.7713 31.0875
165.7775 31.0825
165.7837 31.0775
165.7899 31.0725
165.7961 31.0675
165.8022 31.0624
165.8084 31.0574
165.8146 31.0524
165.8208 31.0474
165.8270 31.0424
165.8332 31.0373
165.8393 31.0323
165.8455 31.0273
165.8517 31.0223
165.8579 31.0172
165.8641 31.0122
165.8703 31.0072
165.8765 31.0022
165.8826 30.9971
165.8888 30.9921
165.8950 30.9871
165.9012 30.9820
165.9074 30.9770
165.9136 30.9720
165.9198 30.9670
165.9259 30.9619
165.9321 30.9569
165.9383 30.9519
165.9445 30.9468
165.9507 30.9418
165.9569 30.9368
165.9631 30.9317
165.9693 30.9267
165.9755 30.9217
165.9816 30.9166
165.9878 30.9116
165.9940 30.9066
166.0002 30.9015
166.0064 30.8965
166.0126 30.8915
166.0188 30.8864
166.0250 30.8814
166.0312 30.8764
166.0374 30.8713
166.0436 30.8663
166.0497 30.8612
166.0559 30.8562
166.0621 30.8512
166.0683 30.8461
166.0745 30.8411
166.0807 30.8361
166.0869 30.8310
166.0931 30.8260
166.0993 30.8209
166.1055 30.8159
166.1117 30.8108
166.1179 30.8058
166.1241 30.8008
166.1303 30.7957
166.1364 30.7907
166.1426 30.7856
166.1488 30.7806
166.1550 30.7755
166.1612 30.7705
166.1674 30.7654
166.1736 30.7604
166.1798 30.7553
166.1860 30.7503
166.1922 30.7452
166.1984 30.7402
166.2046 30.7351
166.2108 30.7301
166.2170 30.7250
166.2232 30.7200
166.2294 30.7149
166.2356 30.7099
166.2418 30.7048
166.2480 30.6998
166.2542 30.6947
166.2604 30.6897
166.2666 30.6846
166.2728 30.6796
166.2790 30.6745
166.2852 30.6695
166.2914 30.6644
166.2976 30.6594
166.3038 30.6543
166.3100 30.6492
166.3162 30.6442
166.3224 30.6391
166.3286 30.6341
166.3348 30.6290
166.3410 30.6240
166.3472 30.6189
166.3534 30.6138
166.3596 30.6088
166.3658 30.6037
166.3720 30.5986
166.3782 30.5936
166.3844 30.5885
166.3906 30.5835
166.3968 30.5784
166.4030 30.5733
166.4092 30.5683
166.4154 30.5632
166.4216 30.5581
166.4278 30.5531
166.4340 30.5480
166.4402 30.5429
166.4464 30.5379
166.4526 30.5328
166.4588 30.5277
166.4650 30.5227
166.4712 30.5176
166.4775 30.5125
166.4837 30.5075
166.4899 30.5024
166.4961 30.4973
166.5023 30.4923
166.5085 30.4872
166.5147 30.4821
166.5209 30.4771
166.5271 30.4720
166.5333 30.4669
166.5395 30.4618
166.5457 30.4568
166.5519 30.4517
166.5581 30.4466
166.5644 30.4415
166.5706 30.4365
166.5768 30.4314
166.5830 30.4263
166.5892 30.4212
166.5954 30.4162
166.6016 30.4111
166.6078 30.4060
166.6140 30.4009
166.6202 30.3959
166.6265 30.3908
166.6327 30.3857
166.6389 30.3806
166.6451 30.3755
166.6513 30.3705
166.6575 30.3654
166.6637 30.3603
166.6699 30.3552
166.6762 30.3501
166.6824 30.3450
166.6886 30.3400
166.6948 30.3349
166.7010 30.3298
166.7072 30.3247
166.7134 30.3196
166.7196 30.3145
166.7259 30.3095
166.7321 30.3044
166.7383 30.2993
166.7445 30.2942
166.7507 30.2891
166.7569 30.2840
166.7632 30.2789
166.7694 30.2738
166.7756 30.2687
166.7818 30.2637
166.7880 30.2586
166.7942 30.2535
166.8005 30.2484
166.8067 30.2433
166.8129 30.2382
166.8191 30.2331
166.8253 30.2280
166.8315 30.2229
166.8378 30.2178
166.8440 30.2127
166.8502 30.2076
166.8564 30.2025
166.8626 30.1975
166.8689 30.1924
166.8751 30.1873
166.8813 30.1822
166.8875 30.1771
166.8937 30.1720
166.9000 30.1669
166.9062 30.1618
166.9124 30.1567
166.9186 30.1516
166.9248 30.1465
166.9311 30.1414
166.9373 30.1363
166.9435 30.1312
166.9497 30.1261
166.9560 30.1210
166.9622 30.1159
166.9684 30.1108
166.9746 30.1057
166.9809 30.1006
166.9871 30.0955
166.9933 30.0904
166.9995 30.0853
167.0058 30.0801
167.0120 30.0750
167.0182 30.0699
167.0244 30.0648
167.0307 30.0597
167.0369 30.0546
167.0431 30.0495
167.0493 30.0444
167.0556 30.0393
167.0618 30.0342
167.0680 30.0291
167.0742 30.0240
167.0805 30.0189
167.0867 30.0137
167.0929 30.0086
167.0991 30.0035
167.1054 29.9984
167.1116 29.9933
167.1178 29.9882
167.1241 29.9831
167.1303 29.9780
167.1365 29.9729
167.1427 29.9677
167.1490 29.9626
167.1552 29.9575
167.1614 29.9524
167.1677 29.9473
167.1739 29.9422
167.1801 29.9370
167.1864 29.9319
167.1926 29.9268
167.1988 29.9217
167.2051 29.9166
167.2113 29.9115
167.2175 29.9063
167.2238 29.9012
167.2300 29.8961
167.2362 29.8910
167.2425 29.8859
167.2487 29.8807
167.2549 29.8756
167.2612 29.8705
167.2674 29.8654
167.2736 29.8603
167.2799 29.8551
167.2861 29.8500
167.2923 29.8449
167.2986 29.8398
167.3048 29.8346
167.3110 29.8295
167.3173 29.8244
167.3235 29.8193
167.3297 29.8141
167.3360 29.8090
167.3422 29.8039
167.3485 29.7987
167.3547 29.7936
167.3609 29.7885
167.3672 29.7834
167.3734 29.7782
167.3796 29.7731
167.3859 29.7680
167.3921 29.7628
167.3984 29.7577
167.4046 29.7526
167.4108 29.7475
167.4171 29.7423
167.4233 29.7372
167.4296 29.7321
167.4358 29.7269
167.4420 29.7218
167.4483 29.7167
167.4545 29.7115
167.4608 29.7064
167.4670 29.7013
167.4732 29.6961
167.4795 29.6910
167.4857 29.6858
167.4920 29.6807
167.4982 29.6756
167.5045 29.6704
167.5107 29.6653
167.5169 29.6602
167.5232 29.6550
167.5294 29.6499
167.5357 29.6447
167.5419 29.6396
167.5482 29.6345
167.5544 29.6293
167.5606 29.6242
167.5669 29.6190
167.5731 29.6139
167.5794 29.6088
167.5856 29.6036
167.5919 29.5985
167.5981 29.5933
167.6044 29.5882
167.6106 29.5830
167.6169 29.5779
167.6231 29.5728
167.6294 29.5676
167.6356 29.5625
167.6418 29.5573
167.6481 29.5522
167.6543 29.5470
167.6606 29.5419
167.6668 29.5367
167.6731 29.5316
167.6793 29.5264
167.6856 29.5213
167.6918 29.5161
167.6981 29.5110
167.7043 29.5058
167.7106 29.5007
167.7168 29.4955
167.7231 29.4904
167.7293 29.4852
167.7356 29.4801
167.7418 29.4749
167.7481 29.4698
167.7543 29.4646
167.7606 29.4595
167.7669 29.4543
167.7731 29.4492
167.7794 29.4440
167.7856 29.4388
167.7919 29.4337
167.7981 29.4285
167.8044 29.4234
167.8106 29.4182
167.8169 29.4131
167.8231 29.4079
167.8294 29.4028
167.8356 29.3976
167.8419 29.3924
167.8482 29.3873
167.8544 29.3821
167.8607 29.3770
167.8669 29.3718
167.8732 29.3666
167.8794 29.3615
167.8857 29.3563
167.8919 29.3512
167.8982 29.3460
167.9045 29.3408
167.9107 29.3357
167.9170 29.3305
167.9232 29.3253
167.9295 29.3202
167.9358 29.3150
167.9420 29.3098
167.9483 29.3047
167.9545 29.2995
167.9608 29.2944
167.9671 29.2892
167.9733 29.2840
167.9796 29.2789
167.9858 29.2737
167.9921 29.2685
167.9984 29.2634
168.0046 29.2582
168.0109 29.2530
168.0171 29.2478
168.0234 29.2427
168.0297 29.2375
168.0359 29.2323
168.0422 29.2272
168.0485 29.2220
168.0547 29.2168
168.0610 29.2116
168.0672 29.2065
168.0735 29.2013
168.0798 29.1961
168.0860 29.1910
168.0923 29.1858
168.0986 29.1806
168.1048 29.1754
168.1111 29.1703
168.1174 29.1651
168.1236 29.1599
168.1299 29.1547
168.1362 29.1496
168.1424 29.1444
168.1487 29.1392
168.1550 29.1340
168.1612 29.1288
168.1675 29.1237
168.1738 29.1185
168.1800 29.1133
168.1863 29.1081
168.1926 29.1029
168.1989 29.0978
168.2051 29.0926
168.2114 29.0874
168.2177 29.0822
168.2239 29.0770
168.2302 29.0719
168.2365 29.0667
168.2427 29.0615
168.2490 29.0563
168.2553 29.0511
168.2616 29.0459
168.2678 29.0408
168.2741 29.0356
168.2804 29.0304
168.2866 29.0252
168.2929 29.0200
168.2992 29.0148
168.3055 29.0096
168.3117 29.0044
168.3180 28.9993
168.3243 28.9941
168.3306 28.9889
168.3368 28.9837
168.3431 28.9785
168.3494 28.9733
168.3557 28.9681
168.3619 28.9629
168.3682 28.9577
168.3745 28.9526
168.3808 28.9474
168.3870 28.9422
168.3933 28.9370
168.3996 28.9318
168.4059 28.9266
168.4122 28.9214
168.4184 28.9162
168.4247 28.9110
168.4310 28.9058
168.4373 28.9006
168.4436 28.8954
168.4498 28.8902
168.4561 28.8850
168.4624 28.8798
168.4687 28.8746
168.4750 28.8694
168.4812 28.8642
168.4875 28.8591
168.4938 28.8539
168.5001 28.8487
168.5064 28.8435
168.5126 28.8383
168.5189 28.8331
168.5252 28.8279
168.5315 28.8227
168.5378 28.8175
168.5441 28.8123
168.5503 28.8071
168.5566 28.8019
168.5629 28.7966
168.5692 28.7914
168.5755 28.7862
168.5818 28.7810
168.5880 28.7758
168.5943 28.7706
168.6006 28.7654
168.6069 28.7602
168.6132 28.7550
168.6195 28.7498
168.6258 28.7446
168.6320 28.7394
168.6383 28.7342
168.6446 28.7290
168.6509 28.7238
168.6572 28.7186
168.6635 28.7134
168.6698 28.7082
168.6761 28.7029
168.6824 28.6977
168.6886 28.6925
168.6949 28.6873
168.7012 28.6821
168.7075 28.6769
168.7138 28.6717
168.7201 28.6665
168.7264 28.6613
168.7327 28.6561
168.7390 28.6508
168.7453 28.6456
168.7515 28.6404
168.7578 28.6352
168.7641 28.6300
168.7704 28.6248
168.7767 28.6196
168.7830 28.6143
168.7893 28.6091
168.7956 28.6039
168.8019 28.5987
168.8082 28.5935
168.8145 28.5883
168.8208 28.5830
168.8271 28.5778
168.8334 28.5726
168.8397 28.5674
168.8460 28.5622
168.8523 28.5570
168.8585 28.5517
168.8648 28.5465
168.8711 28.5413
168.8774 28.5361
168.8837 28.5309
168.8900 28.5256
168.8963 28.5204
168.9026 28.5152
168.9089 28.5100
168.9152 28.5047
168.9215 28.4995
168.9278 28.4943
168.9341 28.4891
168.9404 28.4839
168.9467 28.4786
168.9530 28.4734
168.9593 28.4682
168.9656 28.4630
168.9719 28.4577
168.9782 28.4525
168.9845 28.4473
168.9908 28.4421
168.9971 28.4368
169.0034 28.4316
169.0097 28.4264
169.0160 28.4211
169.0223 28.4159
169.0286 28.4107
169.0349 28.4055
169.0413 28.4002
169.0476 28.3950
169.0539 28.3898
169.0602 28.3845
169.0665 28.3793
169.0728 28.3741
169.0791 28.3688
169.0854 28.3636
169.0917 28.3584
169.0980 28.3531
169.1043 28.3479
169.1106 28.3427
169.1169 28.3374
169.1232 28.3322
169.1295 28.3270
169.1358 28.3217
169.1421 28.3165
169.1485 28.3113
169.1548 28.3060
169.1611 28.3008
169.1674 28.2956
169.1737 28.2903
169.1800 28.2851
169.1863 28.2799
169.1926 28.2746
169.1989 28.2694
169.2052 28.2641
169.2116 28.2589
169.2179 28.2537
169.2242 28.2484
169.2305 28.2432
169.2368 28.2379
169.2431 28.2327
169.2494 28.2275
169.2557 28.2222
169.2621 28.2170
169.2684 28.2117
169.2747 28.2065
169.2810 28.2013
169.2873 28.1960
169.2936 28.1908
169.2999 28.1855
169.3062 28.1803
169.3126 28.1750
169.3189 28.1698
169.3252 28.1646
169.3315 28.1593
169.3378 28.1541
169.3441 28.1488
169.3505 28.1436
169.3568 28.1383
169.3631 28.1331
169.3694 28.1278
169.3757 28.1226
169.3820 28.1173
169.3884 28.1121
169.3947 28.1068
169.4010 28.1016
169.4073 28.0963
169.4136 28.0911
169.4200 28.0858
169.4263 28.0806
169.4326 28.0753
169.4389 28.0701
169.4452 28.0648
169.4516 28.0596
169.4579 28.0543
169.4642 28.0491
169.4705 28.0438
169.4769 28.0386
169.4832 28.0333
169.4895 28.0281
169.4958 28.0228
169.5021 28.0176
169.5085 28.0123
169.5148 28.0071
169.5211 28.0018
169.5274 27.9965
169.5338 27.9913
169.5401 27.9860
169.5464 27.9808
169.5527 27.9755
169.5591 27.9703
169.5654 27.9650
169.5717 27.9598
169.5780 27.9545
169.5844 27.9492
169.5907 27.9440
169.5970 27.9387
169.6034 27.9335
169.6097 27.9282
169.6160 27.9229
169.6223 27.9177
169.6287 27.9124
169.6350 27.9072
169.6413 27.9019
169.6477 27.8966
169.6540 27.8914
169.6603 27.8861
169.6667 27.8808
169.6730 27.8756
169.6793 27.8703
169.6856 27.8651
169.6920 27.8598
169.6983 27.8545
169.7046 27.8493
169.7110 27.8440
169.7173 27.8387
169.7236 27.8335
169.7300 27.8282
169.7363 27.8229
169.7426 27.8177
169.7490 27.8124
169.7553 27.8071
169.7617 27.8019
169.7680 27.7966
169.7743 27.7913
169.7807 27.7861
169.7870 27.7808
169.7933 27.7755
169.7997 27.7702
169.8060 27.7650
169.8123 27.7597
169.8187 27.7544
169.8250 27.7492
169.8314 27.7439
169.8377 27.7386
169.8440 27.7333
169.8504 27.7281
169.8567 27.7228
169.8631 27.7175
169.8694 27.7123
169.8757 27.7070
169.8821 27.7017
169.8884 27.6964
169.8948 27.6912
169.9011 27.6859
169.9074 27.6806
169.9138 27.6753
169.9201 27.6701
169.9265 27.6648
169.9328 27.6595
169.9392 27.6542
169.9455 27.6489
169.9518 27.6437
169.9582 27.6384
169.9645 27.6331
169.9709 27.6278
169.9772 27.6226
169.9836 27.6173
169.9899 27.6120
169.9963 27.6067
170.0026 27.6014
170.0089 27.5962
170.0153 27.5909
170.0216 27.5856
170.0280 27.5803
170.0343 27.5750
170.0407 27.5698
170.0470 27.5645
170.0534 27.5592
170.0597 27.5539
170.0661 27.5486
170.0724 27.5433
170.0788 27.5381
170.0851 27.5328
170.0915 27.5275
170.0978 27.5222
170.1042 27.5169
170.1105 27.5116
170.1169 27.5063
170.1232 27.5011
170.1296 27.4958
170.1359 27.4905
170.1423 27.4852
170.1486 27.4799
170.1550 27.4746
170.1614 27.4693
170.1677 27.4640
170.1741 27.4588
170.1804 27.4535
170.1868 27.4482
170.1931 27.4429
170.1995 27.4376
170.2058 27.4323
170.2122 27.4270
170.2185 27.4217
170.2249 27.4164
170.2313 27.4111
170.2376 27.4059
170.2440 27.4006
170.2503 27.3953
170.2567 27.3900
170.2630 27.3847
170.2694 27.3794
170.2758 27.3741
170.2821 27.3688
170.2885 27.3635
170.2948 27.3582
170.3012 27.3529
170.3076 27.3476
170.3139 27.3423
170.3203 27.3370
170.3266 27.3317
170.3330 27.3264
170.3394 27.3211
170.3457 27.3158
170.3521 27.3105
170.3585 27.3053
170.3648 27.3000
170.3712 27.2947
170.3775 27.2894
170.3839 27.2841
170.3903 27.2788
170.3966 27.2735
170.4030 27.2682
170.4094 27.2629
170.4157 27.2576
170.4221 27.2523
170.4285 27.2470
170.4348 27.2417
170.4412 27.2364
170.4476 27.2311
170.4539 27.2258
170.4603 27.2204
170.4667 27.2151
170.4730 27.2098
170.4794 27.2045
170.4858 27.1992
170.4921 27.1939
170.4985 27.1886
170.5049 27.1833
170.5112 27.1780
170.5176 27.1727
170.5240 27.1674
170.5304 27.1621
170.5367 27.1568
170.5431 27.1515
170.5495 27.1462
170.5558 27.1409
170.5622 27.1356
170.5686 27.1303
170.5750 27.1250
170.5813 27.1196
170.5877 27.1143
170.5941 27.1090
170.6005 27.1037
170.6068 27.0984
170.6132 27.0931
170.6196 27.0878
170.6260 27.0825
170.6323 27.0772
170.6387 27.0719
170.6451 27.0666
170.6515 27.0612
170.6578 27.0559
170.6642 27.0506
170.6706 27.0453
170.6770 27.0400
170.6833 27.0347
170.6897 27.0294
170.6961 27.0241
170.7025 27.0187
170.7089 27.0134
170.7152 27.0081
170.7216 27.0028
170.7280 26.9975
170.7344 26.9922
170.7408 26.9869
170.7471 26.9815
170.7535 26.9762
170.7599 26.9709
170.7663 26.9656
170.7727 26.9603
170.7790 26.9550
170.7854 26.9496
170.7918 26.9443
170.7982 26.9390
170.8046 26.9337
170.8110 26.9284
170.8173 26.9231
170.8237 26.9177
170.8301 26.9124
170.8365 26.9071
170.8429 26.9018
170.8493 26.8965
170.8557 26.8911
170.8620 26.8858
170.8684 26.8805
170.8748 26.8752
170.8812 26.8699
170.8876 26.8645
170.8940 26.8592
170.9004 26.8539
170.9068 26.8486
170.9131 26.8432
170.9195 26.8379
170.9259 26.8326
170.9323 26.8273
170.9387 26.8219
170.9451 26.8166
170.9515 26.8113
170.9579 26.8060
170.9643 26.8006
170.9707 26.7953
170.9770 26.7900
170.9834 26.7847
170.9898 26.7793
170.9962 26.7740
171.0026 26.7687
171.0090 26.7634
171.0154 26.7580
171.0218 26.7527
171.0282 26.7474
171.0346 26.7421
171.0410 26.7367
171.0474 26.7314
171.0538 26.7261
171.0602 26.7207
171.0666 26.7154
171.0730 26.7101
171.0794 26.7047
171.0858 26.6994
171.0922 26.6941
171.0986 26.6888
171.1050 26.6834
171.1114 26.6781
171.1178 26.6728
171.1242 26.6674
171.1306 26.6621
171.1370 26.6568
171.1434 26.6514
171.1498 26.6461
171.1562 26.6408
171.1626 26.6354
171.1690 26.6301
171.1754 26.6248
171.1818 26.6194
171.1882 26.6141
171.1946 26.6088
171.2010 26.6034
171.2074 26.5981
171.2138 26.5927
171.2202 26.5874
171.2266 26.5821
171.2330 26.5767
171.2394 26.5714
171.2458 26.5661
171.2522 26.5607
171.2586 26.5554
171.2650 26.5500
171.2714 26.5447
171.2778 26.5394
171.2842 26.5340
171.2907 26.5287
171.2971 26.5233
171.3035 26.5180
171.3099 26.5127
171.3163 26.5073
171.3227 26.5020
171.3291 26.4966
171.3355 26.4913
171.3419 26.4860
171.3483 26.4806
171.3547 26.4753
171.3612 26.4699
171.3676 26.4646
171.3740 26.4592
171.3804 26.4539
171.3868 26.4486
171.3932 26.4432
171.3996 26.4379
171.4060 26.4325
171.4125 26.4272
171.4189 26.4218
171.4253 26.4165
171.4317 26.4111
171.4381 26.4058
171.4445 26.4005
171.4510 26.3951
171.4574 26.3898
171.4638 26.3844
171.4702 26.3791
171.4766 26.3737
171.4830 26.3684
171.4895 26.3630
171.4959 26.3577
171.5023 26.3523
171.5087 26.3470
171.5151 26.3416
171.5216 26.3363
171.5280 26.3309
171.5344 26.3256
171.5408 26.3202
171.5472 26.3149
171.5537 26.3095
171.5601 26.3042
171.5665 26.2988
171.5729 26.2935
171.5793 26.2881
171.5858 26.2828
171.5922 26.2774
171.5986 26.2721
171.6050 26.2667
171.6115 26.2614
171.6179 26.2560
171.6243 26.2507
171.6307 26.2453
171.6372 26.2400
171.6436 26.2346
171.6500 26.2292
171.6564 26.2239
171.6629 26.2185
171.6693 26.2132
171.6757 26.2078
171.6822 26.2025
171.6886 26.1971
171.6950 26.1918
171.7014 26.1864
171.7079 26.1810
171.7143 26.1757
171.7207 26.1703
171.7272 26.1650
171.7336 26.1596
171.7400 26.1543
171.7464 26.1489
171.7529 26.1435
171.7593 26.1382
171.7657 26.1328
171.7722 26.1275
171.7786 26.1221
171.7850 26.1167
171.7915 26.1114
171.7979 26.1060
171.8043 26.1007
171.8108 26.0953
171.8172 26.0899
171.8237 26.0846
171.8301 26.0792
171.8365 26.0739
171.8430 26.0685
171.8494 26.0631
171.8558 26.0578
171.8623 26.0524
171.8687 26.0470
171.8751 26.0417
171.8816 26.0363
171.8880 26.0310
171.8945 26.0256
171.9009 26.0202
171.9073 26.0149
171.9138 26.0095
171.9202 26.0041
171.9267 25.9988
171.9331 25.9934
171.9395 25.9880
171.9460 25.9827
171.9524 25.9773
171.9589 25.9719
171.9653 25.9666
171.9718 25.9612
171.9782 25.9558
171.9846 25.9505
171.9911 25.9451
171.9975 25.9397
172.0040 25.9344
172.0104 25.9290
172.0169 25.9236
172.0233 25.9183
172.0298 25.9129
172.0362 25.9075
172.0427 25.9021
172.0491 25.8968
172.0555 25.8914
172.0620 25.8860
172.0684 25.8807
172.0749 25.8753
172.0813 25.8699
172.0878 25.8646
172.0942 25.8592
172.1007 25.8538
172.1071 25.8484
172.1136 25.8431
172.1200 25.8377
172.1265 25.8323
172.1329 25.8269
172.1394 25.8216
172.1458 25.8162
172.1523 25.8108
172.1588 25.8055
172.1652 25.8001
172.1717 25.7947
172.1781 25.7893
172.1846 25.7840
172.1910 25.7786
172.1975 25.7732
172.2039 25.7678
172.2104 25.7625
172.2168 25.7571
172.2233 25.7517
172.2298 25.7463
172.2362 25.7409
172.2427 25.7356
172.2491 25.7302
172.2556 25.7248
172.2620 25.7194
172.2685 25.7141
172.2750 25.7087
172.2814 25.7033
172.2879 25.6979
172.2943 25.6925
172.3008 25.6872
172.3073 25.6818
172.3137 25.6764
172.3202 25.6710
172.3266 25.6657
172.3331 25.6603
172.3396 25.6549
172.3460 25.6495
172.3525 25.6441
172.3590 25.6387
172.3654 25.6334
172.3719 25.6280
172.3784 25.6226
172.3848 25.6172
172.3913 25.6118
172.3977 25.6065
172.4042 25.6011
172.4107 25.5957
172.4171 25.5903
172.4236 25.5849
172.4301 25.5795
172.4365 25.5742
172.4430 25.5688
172.4495 25.5634
172.4560 25.5580
172.4624 25.5526
172.4689 25.5472
172.4754 25.5419
172.4818 25.5365
172.4883 25.5311
172.4948 25.5257
172.5012 25.5203
172.5077 25.5149
172.5142 25.5095
172.5207 25.5041
172.5271 25.4988
172.5336 25.4934
172.5401 25.4880
172.5466 25.4826
172.5530 25.4772
172.5595 25.4718
172.5660 25.4664
172.5725 25.4610
172.5789 25.4557
172.5854 25.4503
172.5919 25.4449
172.5984 25.4395
172.6048 25.4341
172.6113 25.4287
172.6178 25.4233
172.6243 25.4179
172.6307 25.4125
172.6372 25.4071
172.6437 25.4018
172.6502 25.3964
172.6567 25.3910
172.6631 25.3856
172.6696 25.3802
172.6761 25.3748
172.6826 25.3694
172.6891 25.3640
172.6956 25.3586
172.7020 25.3532
172.7085 25.3478
172.7150 25.3424
172.7215 25.3370
172.7280 25.3317
172.7345 25.3263
172.7409 25.3209
172.7474 25.3155
172.7539 25.3101
172.7604 25.3047
172.7669 25.2993
172.7734 25.2939
172.7799 25.2885
172.7863 25.2831
172.7928 25.2777
172.7993 25.2723
172.8058 25.2669
172.8123 25.2615
172.8188 25.2561
172.8253 25.2507
172.8318 25.2453
172.8383 25.2399
172.8448 25.2345
172.8512 25.2291
172.8577 25.2237
172.8642 25.2183
172.8707 25.2129
172.8772 25.2075
172.8837 25.2021
172.8902 25.1967
172.8967 25.1913
172.9032 25.1859
172.9097 25.1805
172.9162 25.1751
172.9227 25.1697
172.9292 25.1643
172.9357 25.1589
172.9422 25.1535
172.9487 25.1481
172.9551 25.1427
172.9616 25.1373
172.9681 25.1319
172.9746 25.1265
172.9811 25.1211
172.9876 25.1157
172.9941 25.1103
173.0006 25.1049
173.0071 25.0995
173.0136 25.0941
173.0201 25.0887
173.0266 25.0833
173.0331 25.0779
173.0396 25.0725
173.0461 25.0671
173.0527 25.0617
173.0592 25.0563
173.0657 25.0509
173.0722 25.0455
173.0787 25.0401
173.0852 25.0346
173.0917 25.0292
173.0982 25.0238
173.1047 25.0184
173.1112 25.0130
173.1177 25.0076
173.1242 25.0022
173.1307 24.9968
173.1372 24.9914
173.1437 24.9860
173.1502 24.9806
173.1567 24.9752
173.1633 24.9698
173.1698 24.9644
173.1763 24.9589
173.1828 24.9535
173.1893 24.9481
173.1958 24.9427
173.2023 24.9373
173.2088 24.9319
173.2153 24.9265
173.2219 24.9211
173.2284 24.9157
173.2349 24.9103
173.2414 24.9049
173.2479 24.8994
173.2544 24.8940
173.2609 24.8886
173.2674 24.8832
173.2740 24.8778
173.2805 24.8724
173.2870 24.8670
173.2935 24.8616
173.3000 24.8561
173.3065 24.8507
173.3131 24.8453
173.3196 24.8399
173.3261 24.8345
173.3326 24.8291
173.3391 24.8237
173.3457 24.8183
173.3522 24.8128
173.3587 24.8074
173.3652 24.8020
173.3717 24.7966
173.3783 24.7912
173.3848 24.7858
173.3913 24.7804
173.3978 24.7749
173.4044 24.7695
173.4109 24.7641
173.4174 24.7587
173.4239 24.7533
173.4304 24.7479
173.4370 24.7424
173.4435 24.7370
173.4500 24.7316
173.4565 24.7262
173.4631 24.7208
173.4696 24.7154
173.4761 24.7099
173.4827 24.7045
173.4892 24.6991
173.4957 24.6937
173.5022 24.6883
173.5088 24.6829
173.5153 24.6774
173.5218 24.6720
173.5284 24.6666
173.5349 24.6612
173.5414 24.6558
173.5480 24.6503
173.5545 24.6449
173.5610 24.6395
173.5675 24.6341
173.5741 24.6287
173.5806 24.6232
173.5871 24.6178
173.5937 24.6124
173.6002 24.6070
173.6068 24.6016
173.6133 24.5961
173.6198 24.5907
173.6264 24.5853
173.6329 24.5799
173.6394 24.5744
173.6460 24.5690
173.6525 24.5636
173.6590 24.5582
173.6656 24.5528
173.6721 24.5473
173.6787 24.5419
173.6852 24.5365
173.6917 24.5311
173.6983 24.5256
173.7048 24.5202
173.7114 24.5148
173.7179 24.5094
173.7244 24.5039
173.7310 24.4985
173.7375 24.4931
173.7441 24.4877
173.7506 24.4822
173.7572 24.4768
173.7637 24.4714
173.7702 24.4660
173.7768 24.4605
173.7833 24.4551
173.7899 24.4497
173.7964 24.4443
173.8030 24.4388
173.8095 24.4334
173.8161 24.4280
173.8226 24.4226
173.8292 24.4171
173.8357 24.4117
173.8423 24.4063
173.8488 24.4009
173.8554 24.3954
173.8619 24.3900
173.8685 24.3846
173.8750 24.3791
173.8816 24.3737
173.8881 24.3683
173.8947 24.3629
173.9012 24.3574
173.9078 24.3520
173.9143 24.3466
173.9209 24.3411
173.9274 24.3357
173.9340 24.3303
173.9405 24.3249
173.9471 24.3194
173.9537 24.3140
173.9602 24.3086
173.9668 24.3031
173.9733 24.2977
173.9799 24.2923
173.9864 24.2868
173.9930 24.2814
173.9996 24.2760
174.0061 24.2705
174.0127 24.2651
174.0192 24.2597
174.0258 24.2542
174.0324 24.2488
174.0389 24.2434
174.0455 24.2379
174.0520 24.2325
174.0586 24.2271
174.0652 24.2216
174.0717 24.2162
174.0783 24.2108
174.0848 24.2053
174.0914 24.1999
174.0980 24.1945
174.1045 24.1890
174.1111 24.1836
174.1177 24.1782
174.1242 24.1727
174.1308 24.1673
174.1374 24.1619
174.1439 24.1564
174.1505 24.1510
174.1571 24.1456
174.1636 24.1401
174.1702 24.1347
174.1768 24.1293
174.1834 24.1238
174.1899 24.1184
174.1965 24.1130
174.2031 24.1075
174.2096 24.1021
174.2162 24.0966
174.2228 24.0912
174.2294 24.0858
174.2359 24.0803
174.2425 24.0749
174.2491 24.0695
174.2556 24.0640
174.2622 24.0586
174.2688 24.0531
174.2754 24.0477
174.2819 24.0423
174.2885 24.0368
174.2951 24.0314
174.3017 24.0259
174.3083 24.0205
174.3148 24.0151
174.3214 24.0096
174.3280 24.0042
174.3346 23.9987
174.3412 23.9933
174.3477 23.9879
174.3543 23.9824
174.3609 23.9770
174.3675 23.9715
174.3741 23.9661
174.3806 23.9607
174.3872 23.9552
174.3938 23.9498
174.4004 23.9443
174.4070 23.9389
174.4136 23.9335
174.4201 23.9280
174.4267 23.9226
174.4333 23.9171
174.4399 23.9117
174.4465 23.9062
174.4531 23.9008
174.4597 23.8954
174.4662 23.8899
174.4728 23.8845
174.4794 23.8790
174.4860 23.8736
174.4926 23.8681
174.4992 23.8627
174.5058 23.8573
174.5124 23.8518
174.5190 23.8464
174.5256 23.8409
174.5321 23.8355
174.5387 23.8300
174.5453 23.8246
174.5519 23.8191
174.5585 23.8137
174.5651 23.8083
174.5717 23.8028
174.5783 23.7974
174.5849 23.7919
174.5915 23.7865
174.5981 23.7810
174.6047 23.7756
174.6113 23.7701
174.6179 23.7647
174.6245 23.7592
174.6311 23.7538
174.6377 23.7484
174.6443 23.7429
174.6509 23.7375
174.6575 23.7320
174.6641 23.7266
174.6707 23.7211
174.6773 23.7157
174.6839 23.7102
174.6905 23.7048
174.6971 23.6993
174.7037 23.6939
174.7103 23.6884
174.7169 23.6830
174.7235 23.6775
174.7301 23.6721
174.7367 23.6666
174.7433 23.6612
174.7499 23.6557
174.7565 23.6503
174.7631 23.6448
174.7697 23.6394
174.7763 23.6339
174.7829 23.6285
174.7895 23.6230
174.7962 23.6176
174.8028 23.6121
174.8094 23.6067
174.8160 23.6012
174.8226 23.5958
174.8292 23.5903
174.8358 23.5849
174.8424 23.5794
174.8490 23.5740
174.8557 23.5685
174.8623 23.5631
174.8689 23.5576
174.8755 23.5522
174.8821 23.5467
174.8887 23.5413
174.8953 23.5358
174.9020 23.5304
174.9086 23.5249
174.9152 23.5195
174.9218 23.5140
174.9284 23.5086
174.9350 23.5031
174.9417 23.4977
174.9483 23.4922
174.9549 23.4867
174.9615 23.4813
174.9681 23.4758
174.9748 23.4704
174.9814 23.4649
174.9880 23.4595
174.9946 23.4540
175.0012 23.4486
175.0079 23.4431
175.0145 23.4377
175.0211 23.4322
175.0277 23.4268
175.0344 23.4213
175.0410 23.4158
175.0476 23.4104
175.0542 23.4049
175.0609 23.3995
175.0675 23.3940
175.0741 23.3886
175.0807 23.3831
175.0874 23.3777
175.0940 23.3722
175.1006 23.3667
175.1072 23.3613
175.1139 23.3558
175.1205 23.3504
175.1271 23.3449
175.1338 23.3395
175.1404 23.3340
175.1470 23.3285
175.1537 23.3231
175.1603 23.3176
175.1669 23.3122
175.1736 23.3067
175.1802 23.3013
175.1868 23.2958
175.1935 23.2903
175.2001 23.2849
175.2067 23.2794
175.2134 23.2740
175.2200 23.2685
175.2266 23.2631
175.2333 23.2576
175.2399 23.2521
175.2466 23.2467
175.2532 23.2412
175.2598 23.2358
175.2665 23.2303
175.2731 23.2248
175.2797 23.2194
175.2864 23.2139
175.2930 23.2085
175.2997 23.2030
175.3063 23.1976
175.3130 23.1921
175.3196 23.1866
175.3262 23.1812
175.3329 23.1757
175.3395 23.1703
175.3462 23.1648
175.3528 23.1593
175.3595 23.1539
175.3661 23.1484
175.3728 23.1429
175.3794 23.1375
175.3861 23.1320
175.3927 23.1266
175.3993 23.1211
175.4060 23.1156
175.4126 23.1102
175.4193 23.1047
175.4259 23.0993
175.4326 23.0938
175.4392 23.0883
175.4459 23.0829
175.4525 23.0774
175.4592 23.0720
175.4658 23.0665
175.4725 23.0610
175.4792 23.0556
175.4858 23.0501
175.4925 23.0446
175.4991 23.0392
175.5058 23.0337
175.5124 23.0283
175.5191 23.0228
175.5257 23.0173
175.5324 23.0119
175.5391 23.0064
175.5457 23.0009
175.5524 22.9955
175.5590 22.9900
175.5657 22.9845
175.5723 22.9791
175.5790 22.9736
175.5857 22.9682
175.5923 22.9627
175.5990 22.9572
175.6057 22.9518
175.6123 22.9463
175.6190 22.9408
175.6256 22.9354
175.6323 22.9299
175.6390 22.9244
175.6456 22.9190
175.6523 22.9135
175.6590 22.9080
175.6656 22.9026
175.6723 22.8971
175.6790 22.8916
175.6856 22.8862
175.6923 22.8807
175.6990 22.8752
175.7056 22.8698
175.7123 22.8643
175.7190 22.8589
175.7256 22.8534
175.7323 22.8479
175.7390 22.8425
175.7457 22.8370
175.7523 22.8315
175.7590 22.8261
175.7657 22.8206
175.7724 22.8151
175.7790 22.8097
175.7857 22.8042
175.7924 22.7987
175.7990 22.7932
175.8057 22.7878
175.8124 22.7823
175.8191 22.7768
175.8258 22.7714
175.8324 22.7659
175.8391 22.7604
175.8458 22.7550
175.8525 22.7495
175.8591 22.7440
175.8658 22.7386
175.8725 22.7331
175.8792 22.7276
175.8859 22.7222
175.8926 22.7167
175.8992 22.7112
175.9059 22.7058
175.9126 22.7003
175.9193 22.6948
175.9260 22.6894
175.9327 22.6839
175.9393 22.6784
175.9460 22.6729
175.9527 22.6675
175.9594 22.6620
175.9661 22.6565
175.9728 22.6511
175.9795 22.6456
175.9861 22.6401
175.9928 22.6347
175.9995 22.6292
176.0062 22.6237
176.0129 22.6182
176.0196 22.6128
176.0263 22.6073
176.0330 22.6018
176.0397 22.5964
176.0464 22.5909
176.0531 22.5854
176.0597 22.5800
176.0664 22.5745
176.0731 22.5690
176.0798 22.5635
176.0865 22.5581
176.0932 22.5526
176.0999 22.5471
176.1066 22.5417
176.1133 22.5362
176.1200 22.5307
176.1267 22.5252
176.1334 22.5198
176.1401 22.5143
176.1468 22.5088
176.1535 22.5033
176.1602 22.4979
176.1669 22.4924
176.1736 22.4869
176.1803 22.4815
176.1870 22.4760
176.1937 22.4705
176.2004 22.4650
176.2071 22.4596
176.2138 22.4541
176.2205 22.4486
176.2272 22.4432
176.2339 22.4377
176.2406 22.4322
176.2474 22.4267
176.2541 22.4213
176.2608 22.4158
176.2675 22.4103
176.2742 22.4048
176.2809 22.3994
176.2876 22.3939
176.2943 22.3884
176.3010 22.3829
176.3077 22.3775
176.3144 22.3720
176.3212 22.3665
176.3279 22.3610
176.3346 22.3556
176.3413 22.3501
176.3480 22.3446
176.3547 22.3392
176.3614 22.3337
176.3682 22.3282
176.3749 22.3227
176.3816 22.3173
176.3883 22.3118
176.3950 22.3063
176.4017 22.3008
176.4085 22.2954
176.4152 22.2899
176.4219 22.2844
176.4286 22.2789
176.4353 22.2735
176.4421 22.2680
176.4488 22.2625
176.4555 22.2570
176.4622 22.2516
176.4689 22.2461
176.4757 22.2406
176.4824 22.2351
176.4891 22.2297
176.4958 22.2242
176.5026 22.2187
176.5093 22.2132
176.5160 22.2077
176.5227 22.2023
176.5295 22.1968
176.5362 22.1913
176.5429 22.1858
176.5496 22.1804
176.5564 22.1749
176.5631 22.1694
176.5698 22.1639
176.5766 22.1585
176.5833 22.1530
176.5900 22.1475
176.5968 22.1420
176.6035 22.1366
176.6102 22.1311
176.6170 22.1256
176.6237 22.1201
176.6304 22.1147
176.6372 22.1092
176.6439 22.1037
176.6506 22.0982
176.6574 22.0927
176.6641 22.0873
176.6708 22.0818
176.6776 22.0763
176.6843 22.0708
176.6910 22.0654
176.6978 22.0599
176.7045 22.0544
176.7113 22.0489
176.7180 22.0434
176.7247 22.0380
176.7315 22.0325
176.7382 22.0270
176.7450 22.0215
176.7517 22.0161
176.7585 22.0106
176.7652 22.0051
176.7719 21.9996
176.7787 21.9941
176.7854 21.9887
176.7922 21.9832
176.7989 21.9777
176.8057 21.9722
176.8124 21.9668
176.8192 21.9613
176.8259 21.9558
176.8327 21.9503
176.8394 21.9448
176.8462 21.9394
176.8529 21.9339
176.8597 21.9284
176.8664 21.9229
176.8732 21.9174
176.8799 21.9120
176.8867 21.9065
176.8934 21.9010
176.9002 21.8955
176.9069 21.8901
176.9137 21.8846
176.9204 21.8791
176.9272 21.8736
176.9340 21.8681
176.9407 21.8627
176.9475 21.8572
176.9542 21.8517
176.9610 21.8462
176.9677 21.8407
176.9745 21.8353
176.9813 21.8298
176.9880 21.8243
176.9948 21.8188
177.0015 21.8133
177.0083 21.8079
177.0151 21.8024
177.0218 21.7969
177.0286 21.7914
177.0353 21.7859
177.0421 21.7805
177.0489 21.7750
177.0556 21.7695
177.0624 21.7640
177.0692 21.7585
177.0759 21.7531
177.0827 21.7476
177.0895 21.7421
177.0962 21.7366
177.1030 21.7311
177.1098 21.7257
177.1165 21.7202
177.1233 21.7147
177.1301 21.7092
177.1369 21.7037
177.1436 21.6983
177.1504 21.6928
177.1572 21.6873
177.1639 21.6818
177.1707 21.6763
177.1775 21.6709
177.1843 21.6654
177.1910 21.6599
177.1978 21.6544
177.2046 21.6489
177.2114 21.6435
177.2181 21.6380
177.2249 21.6325
177.2317 21.6270
177.2385 21.6215
177.2453 21.6161
177.2520 21.6106
177.2588 21.6051
177.2656 21.5996
177.2724 21.5941
177.2792 21.5886
177.2859 21.5832
177.2927 21.5777
177.2995 21.5722
177.3063 21.5667
177.3131 21.5612
177.3199 21.5558
177.3267 21.5503
177.3334 21.5448
177.3402 21.5393
177.3470 21.5338
177.3538 21.5284
177.3606 21.5229
177.3674 21.5174
177.3742 21.5119
177.3810 21.5064
177.3877 21.5009
177.3945 21.4955
177.4013 21.4900
177.4081 21.4845
177.4149 21.4790
177.4217 21.4735
177.4285 21.4681
177.4353 21.4626
177.4421 21.4571
177.4489 21.4516
177.4557 21.4461
177.4625 21.4406
177.4693 21.4352
177.4761 21.4297
177.4829 21.4242
177.4896 21.4187
177.4964 21.4132
177.5032 21.4078
177.5100 21.4023
177.5168 21.3968
177.5236 21.3913
177.5304 21.3858
177.5372 21.3803
177.5440 21.3749
177.5509 21.3694
177.5577 21.3639
177.5645 21.3584
177.5713 21.3529
177.5781 21.3474
177.5849 21.3420
177.5917 21.3365
177.5985 21.3310
177.6053 21.3255
177.6121 21.3200
177.6189 21.3146
177.6257 21.3091
177.6325 21.3036
177.6393 21.2981
177.6461 21.2926
177.6529 21.2871
177.6598 21.2817
177.6666 21.2762
177.6734 21.2707
177.6802 21.2652
177.6870 21.2597
177.6938 21.2542
177.7006 21.2488
177.7074 21.2433
177.7143 21.2378
177.7211 21.2323
177.7279 21.2268
177.7347 21.2214
177.7415 21.2159
177.7483 21.2104
177.7552 21.2049
177.7620 21.1994
177.7688 21.1939
177.7756 21.1885
177.7824 21.1830
177.7893 21.1775
177.7961 21.1720
177.8029 21.1665
177.8097 21.1610
177.8165 21.1556
177.8234 21.1501
177.8302 21.1446
177.8370 21.1391
177.8438 21.1336
177.8507 21.1281
177.8575 21.1227
177.8643 21.1172
177.8712 21.1117
177.8780 21.1062
177.8848 21.1007
177.8916 21.0952
177.8985 21.0898
177.9053 21.0843
177.9121 21.0788
177.9190 21.0733
177.9258 21.0678
177.9326 21.0623
177.9395 21.0569
177.9463 21.0514
177.9531 21.0459
177.9600 21.0404
177.9668 21.0349
177.9736 21.0295
177.9805 21.0240
177.9873 21.0185
177.9941 21.0130
178.0010 21.0075
178.0078 21.0020
178.0146 20.9966
178.0215 20.9911
178.0283 20.9856
178.0352 20.9801
178.0420 20.9746
178.0488 20.9691
178.0557 20.9637
178.0625 20.9582
178.0694 20.9527
178.0762 20.9472
178.0831 20.9417
178.0899 20.9362
178.0967 20.9308
178.1036 20.9253
178.1104 20.9198
178.1173 20.9143
178.1241 20.9088
178.1310 20.9033
178.1378 20.8979
178.1447 20.8924
178.1515 20.8869
178.1584 20.8814
178.1652 20.8759
178.1721 20.8704
178.1789 20.8650
178.1858 20.8595
178.1926 20.8540
178.1995 20.8485
178.2063 20.8430
178.2132 20.8376
178.2200 20.8321
178.2269 20.8266
178.2337 20.8211
178.2406 20.8156
178.2475 20.8101
178.2543 20.8047
178.2612 20.7992
178.2680 20.7937
178.2749 20.7882
178.2818 20.7827
178.2886 20.7772
178.2955 20.7718
178.3023 20.7663
178.3092 20.7608
178.3161 20.7553
178.3229 20.7498
178.3298 20.7443
178.3366 20.7389
178.3435 20.7334
178.3504 20.7279
178.3572 20.7224
178.3641 20.7169
178.3710 20.7115
178.3778 20.7060
178.3847 20.7005
178.3916 20.6950
178.3984 20.6895
178.4053 20.6840
178.4122 20.6786
178.4190 20.6731
178.4259 20.6676
178.4328 20.6621
178.4397 20.6566
178.4465 20.6511
178.4534 20.6457
178.4603 20.6402
178.4672 20.6347
178.4740 20.6292
178.4809 20.6237
178.4878 20.6183
178.4947 20.6128
178.5015 20.6073
178.5084 20.6018
178.5153 20.5963
178.5222 20.5908
178.5290 20.5854
178.5359 20.5799
178.5428 20.5744
178.5497 20.5689
178.5566 20.5634
178.5634 20.5580
178.5703 20.5525
178.5772 20.5470
178.5841 20.5415
178.5910 20.5360
178.5979 20.5305
178.6047 20.5251
178.6116 20.5196
178.6185 20.5141
178.6254 20.5086
178.6323 20.5031
178.6392 20.4977
178.6461 20.4922
178.6530 20.4867
178.6598 20.4812
178.6667 20.4757
178.6736 20.4703
178.6805 20.4648
178.6874 20.4593
178.6943 20.4538
178.7012 20.4483
178.7081 20.4428
178.7150 20.4374
178.7219 20.4319
178.7288 20.4264
178.7357 20.4209
178.7426 20.4154
178.7495 20.4100
178.7564 20.4045
178.7633 20.3990
178.7702 20.3935
178.7771 20.3880
178.7840 20.3826
178.7909 20.3771
178.7978 20.3716
178.8047 20.3661
178.8116 20.3606
178.8185 20.3552
178.8254 20.3497
178.8323 20.3442
178.8392 20.3387
178.8461 20.3332
178.8530 20.3277
178.8599 20.3223
178.8668 20.3168
178.8737 20.3113
178.8806 20.3058
178.8875 20.3003
178.8944 20.2949
178.9013 20.2894
178.9082 20.2839
178.9151 20.2784
178.9221 20.2729
178.9290 20.2675
178.9359 20.2620
178.9428 20.2565
178.9497 20.2510
178.9566 20.2455
178.9635 20.2401
178.9705 20.2346
178.9774 20.2291
178.9843 20.2236
178.9912 20.2182
178.9981 20.2127
179.0050 20.2072
179.0120 20.2017
179.0189 20.1962
179.0258 20.1908
179.0327 20.1853
179.0396 20.1798
179.0466 20.1743
179.0535 20.1688
179.0604 20.1634
179.0673 20.1579
179.0742 20.1524
179.0812 20.1469
179.0881 20.1414
179.0950 20.1360
179.1019 20.1305
179.1089 20.1250
179.1158 20.1195
179.1227 20.1140
179.1296 20.1086
179.1366 20.1031
179.1435 20.0976
179.1504 20.0921
179.1574 20.0867
179.1643 20.0812
179.1712 20.0757
179.1782 20.0702
179.1851 20.0647
179.1920 20.0593
179.1990 20.0538
179.2059 20.0483
179.2128 20.0428
179.2198 20.0373
179.2267 20.0319
179.2336 20.0264
179.2406 20.0209
179.2475 20.0154
179.2545 20.0100
179.2614 20.0045
179.2683 19.9990
179.2753 19.9935
179.2822 19.9880
179.2892 19.9826
179.2961 19.9771
179.3030 19.9716
179.3100 19.9661
179.3169 19.9607
179.3239 19.9552
179.3308 19.9497
179.3378 19.9442
179.3447 19.9388
179.3517 19.9333
179.3586 19.9278
179.3656 19.9223
179.3725 19.9168
179.3794 19.9114
179.3864 19.9059
179.3933 19.9004
179.4003 19.8949
179.4072 19.8895
179.4142 19.8840
179.4212 19.8785
179.4281 19.8730
179.4351 19.8676
179.4420 19.8621
179.4490 19.8566
179.4559 19.8511
179.4629 19.8457
179.4698 19.8402
179.4768 19.8347
179.4838 19.8292
179.4907 19.8237
179.4977 19.8183
179.5046 19.8128
179.5116 19.8073
179.5186 19.8018
179.5255 19.7964
179.5325 19.7909
179.5394 19.7854
179.5464 19.7799
179.5534 19.7745
179.5603 19.7690
179.5673 19.7635
179.5743 19.7580
179.5812 19.7526
179.5882 19.7471
179.5952 19.7416
179.6021 19.7361
179.6091 19.7307
179.6161 19.7252
179.6230 19.7197
179.6300 19.7142
179.6370 19.7088
179.6439 19.7033
179.6509 19.6978
179.6579 19.6924
179.6649 19.6869
179.6718 19.6814
179.6788 19.6759
179.6858 19.6705
179.6928 19.6650
179.6997 19.6595
179.7067 19.6540
179.7137 19.6486
179.7207 19.6431
179.7277 19.6376
179.7346 19.6321
179.7416 19.6267
179.7486 19.6212
179.7556 19.6157
179.7626 19.6102
179.7695 19.6048
179.7765 19.5993
179.7835 19.5938
179.7905 19.5884
179.7975 19.5829
179.8045 19.5774
179.8114 19.5719
179.8184 19.5665
179.8254 19.5610
179.8324 19.5555
179.8394 19.5501
179.8464 19.5446
179.8534 19.5391
179.8604 19.5336
179.8674 19.5282
179.8743 19.5227
179.8813 19.5172
179.8883 19.5118
179.8953 19.5063
179.9023 19.5008
179.9093 19.4953
179.9163 19.4899
179.9233 19.4844
179.9303 19.4789
179.9373 19.4735
179.9443 19.4680
179.9513 19.4625
179.9583 19.4570
179.9653 19.4516
179.9723 19.4461
179.9793 19.4406
179.9863 19.4352
179.9933 19.4297
180.0003 19.4242
180.0073 19.4187
180.0143 19.4133
180.0213 19.4078
180.0283 19.4023
180.0353 19.3969
180.0423 19.3914
180.0493 19.3859
180.0563 19.3805
180.0633 19.3750
180.0703 19.3695
180.0774 19.3641
180.0844 19.3586
180.0914 19.3531
180.0984 19.3476
180.1054 19.3422
180.1124 19.3367
180.1194 19.3312
180.1264 19.3258
180.1334 19.3203
180.1405 19.3148
180.1475 19.3094
180.1545 19.3039
180.1615 19.2984
180.1685 19.2930
180.1755 19.2875
180.1826 19.2820
180.1896 19.2766
180.1966 19.2711
180.2036 19.2656
180.2106 19.2602
180.2177 19.2547
180.2247 19.2492
180.2317 19.2438
180.2387 19.2383
180.2457 19.2328
180.2528 19.2274
180.2598 19.2219
180.2668 19.2164
180.2738 19.2110
180.2809 19.2055
180.2879 19.2000
180.2949 19.1946
180.3020 19.1891
180.3090 19.1836
180.3160 19.1782
180.3230 19.1727
180.3301 19.1672
180.3371 19.1618
180.3441 19.1563
180.3512 19.1508
180.3582 19.1454
180.3652 19.1399
180.3723 19.1345
180.3793 19.1290
180.3863 19.1235
180.3934 19.1181
180.4004 19.1126
180.4075 19.1071
180.4145 19.1017
180.4215 19.0962
180.4286 19.0907
180.4356 19.0853
180.4426 19.0798
180.4497 19.0743
180.4567 19.0689
180.4638 19.0634
180.4708 19.0580
180.4779 19.0525
180.4849 19.0470
180.4920 19.0416
180.4990 19.0361
180.5060 19.0306
180.5131 19.0252
180.5201 19.0197
180.5272 19.0143
180.5342 19.0088
180.5413 19.0033
180.5483 18.9979
180.5554 18.9924
180.5624 18.9869
180.5695 18.9815
180.5765 18.9760
180.5836 18.9706
180.5906 18.9651
180.5977 18.9596
180.6048 18.9542
180.6118 18.9487
180.6189 18.9433
180.6259 18.9378
180.6330 18.9323
180.6400 18.9269
180.6471 18.9214
180.6542 18.9160
180.6612 18.9105
180.6683 18.9050
180.6753 18.8996
180.6824 18.8941
180.6895 18.8887
180.6965 18.8832
180.7036 18.8777
180.7107 18.8723
180.7177 18.8668
180.7248 18.8614
180.7319 18.8559
180.7389 18.8504
180.7460 18.8450
180.7531 18.8395
180.7601 18.8341
180.7672 18.8286
180.7743 18.8232
180.7813 18.8177
180.7884 18.8122
180.7955 18.8068
180.8026 18.8013
180.8096 18.7959
180.8167 18.7904
180.8238 18.7849
180.8309 18.7795
180.8379 18.7740
180.8450 18.7686
180.8521 18.7631
180.8592 18.7577
180.8662 18.7522
180.8733 18.7467
180.8804 18.7413
180.8875 18.7358
180.8946 18.7304
180.9017 18.7249
180.9087 18.7195
180.9158 18.7140
180.9229 18.7086
180.9300 18.7031
180.9371 18.6976
180.9442 18.6922
180.9512 18.6867
180.9583 18.6813
180.9654 18.6758
180.9725 18.6704
180.9796 18.6649
180.9867 18.6595
180.9938 18.6540
181.0009 18.6486
181.0080 18.6431
181.0151 18.6376
181.0221 18.6322
181.0292 18.6267
181.0363 18.6213
181.0434 18.6158
181.0505 18.6104
181.0576 18.6049
181.0647 18.5995
181.0718 18.5940
181.0789 18.5886
181.0860 18.5831
181.0931 18.5777
181.1002 18.5722
181.1073 18.5668
181.1144 18.5613
181.1215 18.5559
181.1286 18.5504
181.1357 18.5450
181.1428 18.5395
181.1499 18.5341
181.1570 18.5286
181.1641 18.5232
181.1713 18.5177
181.1784 18.5122
181.1855 18.5068
181.1926 18.5013
181.1997 18.4959
181.2068 18.4904
181.2139 18.4850
181.2210 18.4795
181.2281 18.4741
181.2352 18.4687
181.2424 18.4632
181.2495 18.4578
181.2566 18.4523
181.2637 18.4469
181.2708 18.4414
181.2779 18.4360
181.2850 18.4305
181.2922 18.4251
181.2993 18.4196
181.3064 18.4142
181.3135 18.4087
181.3206 18.4033
181.3278 18.3978
181.3349 18.3924
181.3420 18.3869
181.3491 18.3815
181.3563 18.3760
181.3634 18.3706
181.3705 18.3651
181.3776 18.3597
181.3848 18.3542
181.3919 18.3488
181.3990 18.3434
181.4061 18.3379
181.4133 18.3325
181.4204 18.3270
181.4275 18.3216
181.4347 18.3161
181.4418 18.3107
181.4489 18.3052
181.4561 18.2998
181.4632 18.2943
181.4703 18.2889
181.4775 18.2835
181.4846 18.2780
181.4917 18.2726
181.4989 18.2671
181.5060 18.2617
181.5131 18.2562
181.5203 18.2508
181.5274 18.2454
181.5346 18.2399
181.5417 18.2345
181.5488 18.2290
181.5560 18.2236
181.5631 18.2181
181.5703 18.2127
181.5774 18.2073
181.5846 18.2018
181.5917 18.1964
181.5989 18.1909
181.6060 18.1855
181.6131 18.1800
181.6203 18.1746
181.6274 18.1692
181.6346 18.1637
181.6417 18.1583
181.6489 18.1528
181.6560 18.1474
181.6632 18.1420
181.6704 18.1365
181.6775 18.1311
181.6847 18.1256
181.6918 18.1202
181.6990 18.1148
181.7061 18.1093
181.7133 18.1039
181.7204 18.0985
181.7276 18.0930
181.7348 18.0876
181.7419 18.0821
181.7491 18.0767
181.7562 18.0713
181.7634 18.0658
181.7706 18.0604
181.7777 18.0549
181.7849 18.0495
181.7921 18.0441
181.7992 18.0386
181.8064 18.0332
181.8136 18.0278
181.8207 18.0223
181.8279 18.0169
181.8351 18.0115
181.8422 18.0060
181.8494 18.0006
181.8566 17.9952
181.8637 17.9897
181.8709 17.9843
181.8781 17.9788
181.8853 17.9734
181.8924 17.9680
181.8996 17.9625
181.9068 17.9571
181.9140 17.9517
181.9211 17.9462
181.9283 17.9408
181.9355 17.9354
181.9427 17.9299
181.9498 17.9245
181.9570 17.9191
181.9642 17.9136
181.9714 17.9082
181.9786 17.9028
181.9857 17.8973
181.9929 17.8919
182.0001 17.8865
182.0073 17.8811
182.0145 17.8756
182.0217 17.8702
182.0289 17.8648
182.0360 17.8593
182.0432 17.8539
182.0504 17.8485
182.0576 17.8430
182.0648 17.8376
182.0720 17.8322
182.0792 17.8267
182.0864 17.8213
182.0936 17.8159
182.1008 17.8105
182.1080 17.8050
182.1152 17.7996
182.1223 17.7942
182.1295 17.7887
182.1367 17.7833
182.1439 17.7779
182.1511 17.7725
182.1583 17.7670
182.1655 17.7616
182.1727 17.7562
182.1799 17.7508
182.1871 17.7453
182.1943 17.7399
182.2015 17.7345
182.2087 17.7290
182.2160 17.7236
182.2232 17.7182
182.2304 17.7128
182.2376 17.7073
182.2448 17.7019
182.2520 17.6965
182.2592 17.6911
182.2664 17.6856
182.2736 17.6802
182.2808 17.6748
182.2880 17.6694
182.2952 17.6639
182.3025 17.6585
182.3097 17.6531
182.3169 17.6477
182.3241 17.6423
182.3313 17.6368
182.3385 17.6314
182.3458 17.6260
182.3530 17.6206
182.3602 17.6151
182.3674 17.6097
182.3746 17.6043
182.3818 17.5989
182.3891 17.5935
182.3963 17.5880
182.4035 17.5826
182.4107 17.5772
182.4180 17.5718
182.4252 17.5663
182.4324 17.5609
182.4396 17.5555
182.4469 17.5501
182.4541 17.5447
182.4613 17.5392
182.4686 17.5338
182.4758 17.5284
182.4830 17.5230
182.4902 17.5176
182.4975 17.5122
182.5047 17.5067
182.5119 17.5013
182.5192 17.4959
182.5264 17.4905
182.5336 17.4851
182.5409 17.4796
182.5481 17.4742
182.5554 17.4688
182.5626 17.4634
182.5698 17.4580
182.5771 17.4526
182.5843 17.4471
182.5916 17.4417
182.5988 17.4363
182.6060 17.4309
182.6133 17.4255
182.6205 17.4201
182.6278 17.4147
182.6350 17.4092
182.6423 17.4038
182.6495 17.3984
182.6568 17.3930
182.6640 17.3876
182.6712 17.3822
182.6785 17.3768
182.6857 17.3713
182.6930 17.3659
182.7003 17.3605
182.7075 17.3551
182.7148 17.3497
182.7220 17.3443
182.7293 17.3389
182.7365 17.3335
182.7438 17.3280
182.7510 17.3226
182.7583 17.3172
182.7655 17.3118
182.7728 17.3064
182.7801 17.3010
182.7873 17.2956
182.7946 17.2902
182.8018 17.2848
182.8091 17.2794
182.8164 17.2739
182.8236 17.2685
182.8309 17.2631
182.8382 17.2577
182.8454 17.2523
182.8527 17.2469
182.8600 17.2415
182.8672 17.2361
182.8745 17.2307
182.8818 17.2253
182.8890 17.2199
182.8963 17.2145
182.9036 17.2091
182.9109 17.2036
182.9181 17.1982
182.9254 17.1928
182.9327 17.1874
182.9400 17.1820
182.9472 17.1766
182.9545 17.1712
182.9618 17.1658
182.9691 17.1604
182.9763 17.1550
182.9836 17.1496
182.9909 17.1442
182.9982 17.1388
183.0055 17.1334
183.0127 17.1280
183.0200 17.1226
183.0273 17.1172
183.0346 17.1118
183.0419 17.1064
183.0492 17.1010
183.0565 17.0956
183.0637 17.0902
183.0710 17.0848
183.0783 17.0794
183.0856 17.0740
183.0929 17.0686
183.1002 17.0632
183.1075 17.0578
183.1148 17.0524
183.1221 17.0470
183.1294 17.0416
183.1367 17.0362
183.1440 17.0308
183.1513 17.0254
183.1586 17.0200
183.1658 17.0146
183.1731 17.0092
183.1804 17.0038
183.1877 16.9984
183.1950 16.9930
183.2023 16.9876
183.2096 16.9822
183.2170 16.9768
183.2243 16.9714
183.2316 16.9660
183.2389 16.9606
183.2462 16.9552
183.2535 16.9498
183.2608 16.9444
183.2681 16.9390
183.2754 16.9336
183.2827 16.9282
183.2900 16.9228
183.2973 16.9174
183.3046 16.9121
183.3120 16.9067
183.3193 16.9013
183.3266 16.8959
183.3339 16.8905
183.3412 16.8851
183.3485 16.8797
183.3558 16.8743
183.3632 16.8689
183.3705 16.8635
183.3778 16.8581
183.3851 16.8527
183.3924 16.8474
183.3998 16.8420
183.4071 16.8366
183.4144 16.8312
183.4217 16.8258
183.4291 16.8204
183.4364 16.8150
183.4437 16.8096
183.4510 16.8042
183.4584 16.7988
183.4657 16.7935
183.4730 16.7881
183.4803 16.7827
183.4877 16.7773
183.4950 16.7719
183.5023 16.7665
183.5097 16.7611
183.5170 16.7557
183.5243 16.7504
183.5317 16.7450
183.5390 16.7396
183.5463 16.7342
183.5537 16.7288
183.5610 16.7234
183.5683 16.7181
183.5757 16.7127
183.5830 16.7073
183.5904 16.7019
183.5977 16.6965
183.6050 16.6911
183.6124 16.6857
183.6197 16.6804
183.6271 16.6750
183.6344 16.6696
183.6418 16.6642
183.6491 16.6588
183.6565 16.6535
183.6638 16.6481
183.6712 16.6427
183.6785 16.6373
183.6859 16.6319
183.6932 16.6266
183.7006 16.6212
183.7079 16.6158
183.7153 16.6104
183.7226 16.6050
183.7300 16.5997
183.7373 16.5943
183.7447 16.5889
183.7520 16.5835
183.7594 16.5781
183.7668 16.5728
183.7741 16.5674
183.7815 16.5620
183.7888 16.5566
183.7962 16.5513
183.8036 16.5459
183.8109 16.5405
183.8183 16.5351
183.8256 16.5298
183.8330 16.5244
183.8404 16.5190
183.8477 16.5136
183.8551 16.5083
183.8625 16.5029
183.8698 16.4975
183.8772 16.4921
183.8846 16.4868
183.8920 16.4814
183.8993 16.4760
183.9067 16.4706
183.9141 16.4653
183.9214 16.4599
183.9288 16.4545
183.9362 16.4492
183.9436 16.4438
183.9509 16.4384
183.9583 16.4330
183.9657 16.4277
183.9731 16.4223
183.9805 16.4169
183.9878 16.4116
183.9952 16.4062
184.0026 16.4008
184.0100 16.3955
184.0174 16.3901
184.0248 16.3847
184.0321 16.3794
184.0395 16.3740
184.0469 16.3686
184.0543 16.3633
184.0617 16.3579
184.0691 16.3525
184.0765 16.3472
184.0839 16.3418
184.0913 16.3364
184.0986 16.3311
184.1060 16.3257
184.1134 16.3203
184.1208 16.3150
184.1282 16.3096
184.1356 16.3042
184.1430 16.2989
184.1504 16.2935
184.1578 16.2881
184.1652 16.2828
184.1726 16.2774
184.1800 16.2721
184.1874 16.2667
184.1948 16.2613
184.2022 16.2560
184.2096 16.2506
184.2170 16.2453
184.2244 16.2399
184.2318 16.2345
184.2392 16.2292
184.2466 16.2238
184.2541 16.2185
184.2615 16.2131
184.2689 16.2077
184.2763 16.2024
184.2837 16.1970
184.2911 16.1917
184.2985 16.1863
184.3059 16.1809
184.3134 16.1756
184.3208 16.1702
184.3282 16.1649
184.3356 16.1595
184.3430 16.1542
184.3504 16.1488
184.3579 16.1435
184.3653 16.1381
184.3727 16.1327
184.3801 16.1274
184.3875 16.1220
184.3950 16.1167
184.4024 16.1113
184.4098 16.1060
184.4172 16.1006
184.4247 16.0953
184.4321 16.0899
184.4395 16.0846
184.4469 16.0792
184.4544 16.0739
184.4618 16.0685
184.4692 16.0632
184.4767 16.0578
184.4841 16.0525
184.4915 16.0471
184.4990 16.0418
184.5064 16.0364
184.5138 16.0311
184.5213 16.0257
184.5287 16.0204
184.5361 16.0150
184.5436 16.0097
184.5510 16.0043
184.5585 15.9990
184.5659 15.9936
184.5733 15.9883
184.5808 15.9829
184.5882 15.9776
184.5957 15.9722
184.6031 15.9669
184.6106 15.9616
184.6180 15.9562
184.6255 15.9509
184.6329 15.9455
184.6404 15.9402
184.6478 15.9348
184.6553 15.9295
184.6627 15.9241
184.6702 15.9188
184.6776 15.9135
184.6851 15.9081
184.6925 15.9028
184.7000 15.8974
184.7074 15.8921
184.7149 15.8868
184.7223 15.8814
184.7298 15.8761
184.7373 15.8707
184.7447 15.8654
184.7522 15.8601
184.7596 15.8547
184.7671 15.8494
184.7746 15.8440
184.7820 15.8387
184.7895 15.8334
184.7970 15.8280
184.8044 15.8227
184.8119 15.8173
184.8194 15.8120
184.8268 15.8067
184.8343 15.8013
184.8418 15.7960
184.8492 15.7907
184.8567 15.7853
184.8642 15.7800
184.8717 15.7747
184.8791 15.7693
184.8866 15.7640
184.8941 15.7587
184.9016 15.7533
184.9090 15.7480
184.9165 15.7427
184.9240 15.7373
184.9315 15.7320
184.9389 15.7267
184.9464 15.7213
184.9539 15.7160
184.9614 15.7107
184.9689 15.7053
184.9764 15.7000
184.9838 15.6947
184.9913 15.6894
184.9988 15.6840
185.0063 15.6787
185.0138 15.6734
185.0213 15.6680
185.0288 15.6627
185.0363 15.6574
185.0438 15.6521
185.0512 15.6467
185.0587 15.6414
185.0662 15.6361
185.0737 15.6308
185.0812 15.6254
185.0887 15.6201
185.0962 15.6148
185.1037 15.6095
185.1112 15.6041
185.1187 15.5988
185.1262 15.5935
185.1337 15.5882
185.1412 15.5828
185.1487 15.5775
185.1562 15.5722
185.1637 15.5669
185.1712 15.5616
185.1787 15.5562
185.1862 15.5509
185.1937 15.5456
185.2013 15.5403
185.2088 15.5350
185.2163 15.5296
185.2238 15.5243
185.2313 15.5190
185.2388 15.5137
185.2463 15.5084
185.2538 15.5030
185.2614 15.4977
185.2689 15.4924
185.2764 15.4871
185.2839 15.4818
185.2914 15.4765
185.2989 15.4712
185.3065 15.4658
185.3140 15.4605
185.3215 15.4552
185.3290 15.4499
185.3365 15.4446
185.3441 15.4393
185.3516 15.4340
185.3591 15.4286
185.3666 15.4233
185.3742 15.4180
185.3817 15.4127
185.3892 15.4074
185.3968 15.4021
185.4043 15.3968
185.4118 15.3915
185.4193 15.3861
185.4269 15.3808
185.4344 15.3755
185.4419 15.3702
185.4495 15.3649
185.4570 15.3596
185.4645 15.3543
185.4721 15.3490
185.4796 15.3437
185.4872 15.3384
185.4947 15.3331
185.5022 15.3278
185.5098 15.3225
185.5173 15.3171
185.5249 15.3118
185.5324 15.3065
185.5400 15.3012
185.5475 15.2959
185.5550 15.2906
185.5626 15.2853
185.5701 15.2800
185.5777 15.2747
185.5852 15.2694
185.5928 15.2641
185.6003 15.2588
185.6079 15.2535
185.6154 15.2482
185.6230 15.2429
185.6306 15.2376
185.6381 15.2323
185.6457 15.2270
185.6532 15.2217
185.6608 15.2164
185.6683 15.2111
185.6759 15.2058
185.6835 15.2005
185.6910 15.1952
185.6986 15.1899
185.7061 15.1846
185.7137 15.1793
185.7213 15.1740
185.7288 15.1687
185.7364 15.1634
185.7440 15.1581
185.7515 15.1529
185.7591 15.1476
185.7667 15.1423
185.7742 15.1370
185.7818 15.1317
185.7894 15.1264
185.7970 15.1211
185.8045 15.1158
185.8121 15.1105
185.8197 15.1052
185.8273 15.0999
185.8348 15.0946
185.8424 15.0893
185.8500 15.0841
185.8576 15.0788
185.8651 15.0735
185.8727 15.0682
185.8803 15.0629
185.8879 15.0576
185.8955 15.0523
185.9031 15.0470
185.9106 15.0418
185.9182 15.0365
185.9258 15.0312
185.9334 15.0259
185.9410 15.0206
185.9486 15.0153
185.9562 15.0100
185.9638 15.0048
185.9713 14.9995
185.9789 14.9942
185.9865 14.9889
185.9941 14.9836
186.0017 14.9783
186.0093 14.9731
186.0169 14.9678
186.0245 14.9625
186.0321 14.9572
186.0397 14.9519
186.0473 14.9466
186.0549 14.9414
186.0625 14.9361
186.0701 14.9308
186.0777 14.9255
186.0853 14.9203
186.0929 14.9150
186.1005 14.9097
186.1081 14.9044
186.1157 14.8991
186.1234 14.8939
186.1310 14.8886
186.1386 14.8833
186.1462 14.8780
186.1538 14.8728
186.1614 14.8675
186.1690 14.8622
186.1766 14.8569
186.1842 14.8517
186.1919 14.8464
186.1995 14.8411
186.2071 14.8358
186.2147 14.8306
186.2223 14.8253
186.2300 14.8200
186.2376 14.8148
186.2452 14.8095
186.2528 14.8042
186.2604 14.7990
186.2681 14.7937
186.2757 14.7884
186.2833 14.7831
186.2909 14.7779
186.2986 14.7726
186.3062 14.7673
186.3138 14.7621
186.3215 14.7568
186.3291 14.7515
186.3367 14.7463
186.3444 14.7410
186.3520 14.7357
186.3596 14.7305
186.3673 14.7252
186.3749 14.7200
186.3825 14.7147
186.3902 14.7094
186.3978 14.7042
186.4054 14.6989
186.4131 14.6936
186.4207 14.6884
186.4284 14.6831
186.4360 14.6779
186.4437 14.6726
186.4513 14.6673
186.4589 14.6621
186.4666 14.6568
186.4742 14.6516
186.4819 14.6463
186.4895 14.6410
186.4972 14.6358
186.5048 14.6305
186.5125 14.6253
186.5201 14.6200
186.5278 14.6148
186.5354 14.6095
186.5431 14.6042
186.5508 14.5990
186.5584 14.5937
186.5661 14.5885
186.5737 14.5832
186.5814 14.5780
186.5890 14.5727
186.5967 14.5675
186.6044 14.5622
186.6120 14.5570
186.6197 14.5517
186.6274 14.5465
186.6350 14.5412
186.6427 14.5360
186.6504 14.5307
186.6580 14.5255
186.6657 14.5202
186.6734 14.5150
186.6810 14.5097
186.6887 14.5045
186.6964 14.4992
186.7040 14.4940
186.7117 14.4887
186.7194 14.4835
186.7271 14.4782
186.7347 14.4730
186.7424 14.4677
186.7501 14.4625
186.7578 14.4573
186.7655 14.4520
186.7731 14.4468
186.7808 14.4415
186.7885 14.4363
186.7962 14.4310
186.8039 14.4258
186.8116 14.4206
186.8192 14.4153
186.8269 14.4101
186.8346 14.4048
186.8423 14.3996
186.8500 14.3944
186.8577 14.3891
186.8654 14.3839
186.8731 14.3786
186.8808 14.3734
186.8884 14.3682
186.8961 14.3629
186.9038 14.3577
186.9115 14.3525
186.9192 14.3472
186.9269 14.3420
186.9346 14.3368
186.9423 14.3315
186.9500 14.3263
186.9577 14.3211
186.9654 14.3158
186.9731 14.3106
186.9808 14.3054
186.9885 14.3001
186.9962 14.2949
187.0039 14.2897
187.0117 14.2844
187.0194 14.2792
187.0271 14.2740
187.0348 14.2687
187.0425 14.2635
187.0502 14.2583
187.0579 14.2531
187.0656 14.2478
187.0733 14.2426
187.0811 14.2374
187.0888 14.2321
187.0965 14.2269
187.1042 14.2217
187.1119 14.2165
187.1196 14.2112
187.1274 14.2060
187.1351 14.2008
187.1428 14.1956
187.1505 14.1904
187.1583 14.1851
187.1660 14.1799
187.1737 14.1747
187.1814 14.1695
187.1892 14.1642
187.1969 14.1590
187.2046 14.1538
187.2123 14.1486
187.2201 14.1434
187.2278 14.1381
187.2355 14.1329
187.2433 14.1277
187.2510 14.1225
187.2587 14.1173
187.2665 14.1121
187.2742 14.1068
187.2820 14.1016
187.2897 14.0964
187.2974 14.0912
187.3052 14.0860
187.3129 14.0808
187.3207 14.0756
187.3284 14.0703
187.3361 14.0651
187.3439 14.0599
187.3516 14.0547
187.3594 14.0495
187.3671 14.0443
187.3749 14.0391
187.3826 14.0339
187.3904 14.0287
187.3981 14.0235
187.4059 14.0182
187.4136 14.0130
187.4214 14.0078
187.4291 14.0026
187.4369 13.9974
187.4446 13.9922
187.4524 13.9870
187.4602 13.9818
187.4679 13.9766
187.4757 13.9714
187.4834 13.9662
187.4912 13.9610
187.4990 13.9558
187.5067 13.9506
187.5145 13.9454
187.5223 13.9402
187.5300 13.9350
187.5378 13.9298
187.5456 13.9246
187.5533 13.9194
187.5611 13.9142
187.5689 13.9090
187.5766 13.9038
187.5844 13.8986
187.5922 13.8934
187.6000 13.8882
187.6077 13.8830
187.6155 13.8778
187.6233 13.8726
187.6311 13.8674
187.6388 13.8622
187.6466 13.8570
187.6544 13.8518
187.6622 13.8466
187.6700 13.8414
187.6777 13.8362
187.6855 13.8310
187.6933 13.8258
187.7011 13.8206
187.7089 13.8155
187.7167 13.8103
187.7245 13.8051
187.7322 13.7999
187.7400 13.7947
187.7478 13.7895
187.7556 13.7843
187.7634 13.7791
187.7712 13.7739
187.7790 13.7688
187.7868 13.7636
187.7946 13.7584
187.8024 13.7532
187.8102 13.7480
187.8180 13.7428
187.8258 13.7376
187.8336 13.7325
187.8414 13.7273
187.8492 13.7221
187.8570 13.7169
187.8648 13.7117
187.8726 13.7065
187.8804 13.7014
187.8882 13.6962
187.8960 13.6910
187.9038 13.6858
187.9116 13.6806
187.9195 13.6755
187.9273 13.6703
187.9351 13.6651
187.9429 13.6599
187.9507 13.6548
187.9585 13.6496
187.9663 13.6444
187.9742 13.6392
187.9820 13.6341
187.9898 13.6289
187.9976 13.6237
188.0054 13.6185
188.0132 13.6134
188.0211 13.6082
188.0289 13.6030
188.0367 13.5978
188.0445 13.5927
188.0524 13.5875
188.0602 13.5823
188.0680 13.5772
188.0759 13.5720
188.0837 13.5668
188.0915 13.5617
188.0993 13.5565
188.1072 13.5513
188.1150 13.5461
188.1228 13.5410
188.1307 13.5358
188.1385 13.5307
188.1464 13.5255
188.1542 13.5203
188.1620 13.5152
188.1699 13.5100
188.1777 13.5048
188.1856 13.4997
188.1934 13.4945
188.2012 13.4893
188.2091 13.4842
188.2169 13.4790
188.2248 13.4739
188.2326 13.4687
188.2405 13.4635
188.2483 13.4584
188.2562 13.4532
188.2640 13.4481
188.2719 13.4429
188.2797 13.4377
188.2876 13.4326
188.2954 13.4274
188.3033 13.4223
188.3111 13.4171
188.3190 13.4120
188.3269 13.4068
188.3347 13.4017
188.3426 13.3965
188.3504 13.3914
188.3583 13.3862
188.3662 13.3811
188.3740 13.3759
188.3819 13.3707
188.3897 13.3656
188.3976 13.3604
188.4055 13.3553
188.4133 13.3501
188.4212 13.3450
188.4291 13.3399
188.4370 13.3347
188.4448 13.3296
188.4527 13.3244
188.4606 13.3193
188.4684 13.3141
188.4763 13.3090
188.4842 13.3038
188.4921 13.2987
188.5000 13.2935
188.5078 13.2884
188.5157 13.2833
188.5236 13.2781
188.5315 13.2730
188.5394 13.2678
188.5472 13.2627
188.5551 13.2576
188.5630 13.2524
188.5709 13.2473
188.5788 13.2421
188.5867 13.2370
188.5946 13.2319
188.6025 13.2267
188.6103 13.2216
188.6182 13.2164
188.6261 13.2113
188.6340 13.2062
188.6419 13.2010
188.6498 13.1959
188.6577 13.1908
188.6656 13.1856
188.6735 13.1805
188.6814 13.1754
188.6893 13.1702
188.6972 13.1651
188.7051 13.1600
188.7130 13.1549
188.7209 13.1497
188.7288 13.1446
188.7367 13.1395
188.7446 13.1343
188.7525 13.1292
188.7604 13.1241
188.7684 13.1190
188.7763 13.1138
188.7842 13.1087
188.7921 13.1036
188.8000 13.0985
188.8079 13.0933
188.8158 13.0882
188.8237 13.0831
188.8317 13.0780
188.8396 13.0728
188.8475 13.0677
188.8554 13.0626
188.8633 13.0575
188.8713 13.0524
188.8792 13.0472
188.8871 13.0421
188.8950 13.0370
188.9030 13.0319
188.9109 13.0268
188.9188 13.0216
188.9267 13.0165
188.9347 13.0114
188.9426 13.0063
188.9505 13.0012
188.9585 12.9961
188.9664 12.9909
188.9743 12.9858
188.9823 12.9807
188.9902 12.9756
188.9981 12.9705
189.0061 12.9654
189.0140 12.9603
189.0219 12.9552
189.0299 12.9501
189.0378 12.9449
189.0458 12.9398
189.0537 12.9347
189.0617 12.9296
189.0696 12.9245
189.0775 12.9194
189.0855 12.9143
189.0934 12.9092
189.1014 12.9041
189.1093 12.8990
189.1173 12.8939
189.1252 12.8888
189.1332 12.8837
189.1411 12.8786
189.1491 12.8735
189.1571 12.8684
189.1650 12.8633
189.1730 12.8582
189.1809 12.8531
189.1889 12.8480
189.1968 12.8429
189.2048 12.8378
189.2128 12.8327
189.2207 12.8276
189.2287 12.8225
189.2367 12.8174
189.2446 12.8123
189.2526 12.8072
189.2606 12.8021
189.2685 12.7970
189.2765 12.7919
189.2845 12.7868
189.2924 12.7817
189.3004 12.7766
189.3084 12.7715
189.3164 12.7664
189.3243 12.7614
189.3323 12.7563
189.3403 12.7512
189.3483 12.7461
189.3562 12.7410
189.3642 12.7359
189.3722 12.7308
189.3802 12.7257
189.3882 12.7206
189.3961 12.7156
189.4041 12.7105
189.4121 12.7054
189.4201 12.7003
189.4281 12.6952
189.4361 12.6901
189.4441 12.6851
189.4521 12.6800
189.4601 12.6749
189.4680 12.6698
189.4760 12.6647
189.4840 12.6597
189.4920 12.6546
189.5000 12.6495
189.5080 12.6444
189.5160 12.6393
189.5240 12.6343
189.5320 12.6292
189.5400 12.6241
189.5480 12.6190
189.5560 12.6140
189.5640 12.6089
189.5720 12.6038
189.5800 12.5987
189.5880 12.5937
189.5960 12.5886
189.6041 12.5835
189.6121 12.5784
189.6201 12.5734
189.6281 12.5683
189.6361 12.5632
189.6441 12.5582
189.6521 12.5531
189.6601 12.5480
189.6682 12.5430
189.6762 12.5379
189.6842 12.5328
189.6922 12.5278
189.7002 12.5227
189.7082 12.5176
189.7163 12.5126
189.7243 12.5075
189.7323 12.5024
189.7403 12.4974
189.7484 12.4923
189.7564 12.4873
189.7644 12.4822
189.7724 12.4771
189.7805 12.4721
189.7885 12.4670
189.7965 12.4620
189.8046 12.4569
189.8126 12.4518
189.8206 12.4468
189.8287 12.4417
189.8367 12.4367
189.8447 12.4316
189.8528 12.4266
189.8608 12.4215
189.8689 12.4165
189.8769 12.4114
189.8849 12.4063
189.8930 12.4013
189.9010 12.3962
189.9091 12.3912
189.9171 12.3861
189.9252 12.3811
189.9332 12.3760
189.9413 12.3710
189.9493 12.3659
189.9574 12.3609
189.9654 12.3559
189.9735 12.3508
189.9815 12.3458
189.9896 12.3407
189.9976 12.3357
190.0057 12.3306
190.0137 12.3256
190.0218 12.3205
190.0299 12.3155
190.0379 12.3105
190.0460 12.3054
190.0540 12.3004
190.0621 12.2953
190.0702 12.2903
190.0782 12.2853
190.0863 12.2802
190.0944 12.2752
190.1024 12.2701
190.1105 12.2651
190.1186 12.2601
190.1266 12.2550
190.1347 12.2500
190.1428 12.2450
190.1509 12.2399
190.1589 12.2349
190.1670 12.2299
190.1751 12.2248
190.1832 12.2198
190.1912 12.2148
190.1993 12.2097
190.2074 12.2047
190.2155 12.1997
190.2236 12.1946
190.2317 12.1896
190.2397 12.1846
190.2478 12.1796
190.2559 12.1745
190.2640 12.1695
190.2721 12.1645
190.2802 12.1595
190.2883 12.1544
190.2964 12.1494
190.3044 12.1444
190.3125 12.1394
190.3206 12.1343
190.3287 12.1293
190.3368 12.1243
190.3449 12.1193
190.3530 12.1143
190.3611 12.1092
190.3692 12.1042
190.3773 12.0992
190.3854 12.0942
190.3935 12.0892
190.4016 12.0842
190.4097 12.0791
190.4178 12.0741
190.4260 12.0691
190.4341 12.0641
190.4422 12.0591
190.4503 12.0541
190.4584 12.0491
190.4665 12.0440
190.4746 12.0390
190.4827 12.0340
190.4908 12.0290
190.4990 12.0240
190.5071 12.0190
190.5152 12.0140
190.5233 12.0090
190.5314 12.0040
190.5396 11.9990
190.5477 11.9940
190.5558 11.9890
190.5639 11.9839
190.5720 11.9789
190.5802 11.9739
190.5883 11.9689
190.5964 11.9639
190.6046 11.9589
190.6127 11.9539
190.6208 11.9489
190.6289 11.9439
190.6371 11.9389
190.6452 11.9339
190.6533 11.9289
190.6615 11.9239
190.6696 11.9189
190.6778 11.9139
190.6859 11.9089
190.6940 11.9040
190.7022 11.8990
190.7103 11.8940
190.7185 11.8890
190.7266 11.8840
190.7347 11.8790
190.7429 11.8740
190.7510 11.8690
190.7592 11.8640
190.7673 11.8590
190.7755 11.8540
190.7836 11.8490
190.7918 11.8441
190.7999 11.8391
190.8081 11.8341
190.8162 11.8291
190.8244 11.8241
190.8326 11.8191
190.8407 11.8141
190.8489 11.8092
190.8570 11.8042
190.8652 11.7992
190.8734 11.7942
190.8815 11.7892
190.8897 11.7842
190.8978 11.7793
190.9060 11.7743
190.9142 11.7693
190.9223 11.7643
190.9305 11.7593
190.9387 11.7544
190.9468 11.7494
190.9550 11.7444
190.9632 11.7394
190.9714 11.7345
190.9795 11.7295
190.9877 11.7245
190.9959 11.7195
191.0041 11.7146
191.0122 11.7096
191.0204 11.7046
191.0286 11.6997
191.0368 11.6947
191.0450 11.6897
191.0532 11.6848
191.0613 11.6798
191.0695 11.6748
191.0777 11.6699
191.0859 11.6649
191.0941 11.6599
191.1023 11.6550
191.1105 11.6500
191.1187 11.6450
191.1268 11.6401
191.1350 11.6351
191.1432 11.6301
191.1514 11.6252
191.1596 11.6202
191.1678 11.6153
191.1760 11.6103
191.1842 11.6053
191.1924 11.6004
191.2006 11.5954
191.2088 11.5905
191.2170 11.5855
191.2252 11.5806
191.2334 11.5756
191.2416 11.5706
191.2498 11.5657
191.2581 11.5607
191.2663 11.5558
191.2745 11.5508
191.2827 11.5459
191.2909 11.5409
191.2991 11.5360
191.3073 11.5310
191.3155 11.5261
191.3238 11.5211
191.3320 11.5162
191.3402 11.5112
191.3484 11.5063
191.3566 11.5013
191.3649 11.4964
191.3731 11.4915
191.3813 11.4865
191.3895 11.4816
191.3977 11.4766
191.4060 11.4717
191.4142 11.4667
191.4224 11.4618
191.4307 11.4569
191.4389 11.4519
191.4471 11.4470
191.4554 11.4420
191.4636 11.4371
191.4718 11.4322
191.4801 11.4272
191.4883 11.4223
191.4965 11.4174
191.5048 11.4124
191.5130 11.4075
191.5212 11.4026
191.5295 11.3976
191.5377 11.3927
191.5460 11.3878
191.5542 11.3828
191.5625 11.3779
191.5707 11.3730
191.5790 11.3680
191.5872 11.3631
191.5955 11.3582
191.6037 11.3533
191.6120 11.3483
191.6202 11.3434
191.6285 11.3385
191.6367 11.3336
191.6450 11.3286
191.6532 11.3237
191.6615 11.3188
191.6697 11.3139
191.6780 11.3089
191.6863 11.3040
191.6945 11.2991
191.7028 11.2942
191.7111 11.2893
191.7193 11.2843
191.7276 11.2794
191.7358 11.2745
191.7441 11.2696
191.7524 11.2647
191.7607 11.2598
191.7689 11.2549
191.7772 11.2499
191.7855 11.2450
191.7937 11.2401
191.8020 11.2352
191.8103 11.2303
191.8186 11.2254
191.8268 11.2205
191.8351 11.2156
191.8434 11.2107
191.8517 11.2057
191.8600 11.2008
191.8683 11.1959
191.8765 11.1910
191.8848 11.1861
191.8931 11.1812
191.9014 11.1763
191.9097 11.1714
191.9180 11.1665
191.9263 11.1616
191.9346 11.1567
191.9428 11.1518
191.9511 11.1469
191.9594 11.1420
191.9677 11.1371
191.9760 11.1322
191.9843 11.1273
191.9926 11.1224
192.0009 11.1175
192.0092 11.1126
192.0175 11.1077
192.0258 11.1028
192.0341 11.0979
192.0424 11.0930
192.0507 11.0882
192.0590 11.0833
192.0674 11.0784
192.0757 11.0735
192.0840 11.0686
192.0923 11.0637
192.1006 11.0588
192.1089 11.0539
192.1172 11.0490
192.1255 11.0442
192.1339 11.0393
192.1422 11.0344
192.1505 11.0295
192.1588 11.0246
192.1671 11.0197
192.1754 11.0149
192.1838 11.0100
192.1921 11.0051
192.2004 11.0002
192.2087 10.9953
192.2171 10.9905
192.2254 10.9856
192.2337 10.9807
192.2421 10.9758
192.2504 10.9709
192.2587 10.9661
192.2670 10.9612
192.2754 10.9563
192.2837 10.9514
192.2921 10.9466
192.3004 10.9417
192.3087 10.9368
192.3171 10.9320
192.3254 10.9271
192.3337 10.9222
192.3421 10.9173
192.3504 10.9125
192.3588 10.9076
192.3671 10.9027
192.3755 10.8979
192.3838 10.8930
192.3922 10.8881
192.4005 10.8833
192.4089 10.8784
192.4172 10.8736
192.4256 10.8687
192.4339 10.8638
192.4423 10.8590
192.4506 10.8541
192.4590 10.8493
192.4673 10.8444
192.4757 10.8395
192.4841 10.8347
192.4924 10.8298
192.5008 10.8250
192.5091 10.8201
192.5175 10.8153
192.5259 10.8104
192.5342 10.8055
192.5426 10.8007
192.5510 10.7958
192.5593 10.7910
192.5677 10.7861
192.5761 10.7813
192.5844 10.7764
192.5928 10.7716
192.6012 10.7667
192.6096 10.7619
192.6179 10.7570
192.6263 10.7522
192.6347 10.7474
192.6431 10.7425
192.6515 10.7377
192.6598 10.7328
192.6682 10.7280
192.6766 10.7231
192.6850 10.7183
192.6934 10.7135
192.7018 10.7086
192.7101 10.7038
192.7185 10.6989
192.7269 10.6941
192.7353 10.6893
192.7437 10.6844
192.7521 10.6796
192.7605 10.6748
192.7689 10.6699
192.7773 10.6651
192.7857 10.6603
192.7941 10.6554
192.8025 10.6506
192.8109 10.6458
192.8193 10.6409
192.8277 10.6361
192.8361 10.6313
192.8445 10.6264
192.8529 10.6216
192.8613 10.6168
192.8697 10.6120
192.8781 10.6071
192.8865 10.6023
192.8949 10.5975
192.9033 10.5927
192.9118 10.5878
192.9202 10.5830
192.9286 10.5782
192.9370 10.5734
192.9454 10.5686
192.9538 10.5637
192.9623 10.5589
192.9707 10.5541
192.9791 10.5493
192.9875 10.5445
192.9959 10.5397
193.0044 10.5348
193.0128 10.5300
193.0212 10.5252
193.0296 10.5204
193.0381 10.5156
193.0465 10.5108
193.0549 10.5060
193.0634 10.5012
193.0718 10.4964
193.0802 10.4915
193.0887 10.4867
193.0971 10.4819
193.1055 10.4771
193.1140 10.4723
193.1224 10.4675
193.1308 10.4627
193.1393 10.4579
193.1477 10.4531
193.1562 10.4483
193.1646 10.4435
193.1731 10.4387
193.1815 10.4339
193.1900 10.4291
193.1984 10.4243
193.2069 10.4195
193.2153 10.4147
193.2238 10.4099
193.2322 10.4051
193.2407 10.4003
193.2491 10.3955
193.2576 10.3907
193.2660 10.3859
193.2745 10.3811
193.2829 10.3764
193.2914 10.3716
193.2999 10.3668
193.3083 10.3620
193.3168 10.3572
193.3252 10.3524
193.3337 10.3476
193.3422 10.3428
193.3506 10.3380
193.3591 10.3333
193.3676 10.3285
193.3761 10.3237
193.3845 10.3189
193.3930 10.3141
193.4015 10.3093
193.4099 10.3046
193.4184 10.2998
193.4269 10.2950
193.4354 10.2902
193.4439 10.2854
193.4523 10.2807
193.4608 10.2759
193.4693 10.2711
193.4778 10.2663
193.4863 10.2616
193.4948 10.2568
193.5032 10.2520
193.5117 10.2472
193.5202 10.2425
193.5287 10.2377
193.5372 10.2329
193.5457 10.2282
193.5542 10.2234
193.5627 10.2186
193.5712 10.2139
193.5797 10.2091
193.5882 10.2043
193.5967 10.1996
193.6052 10.1948
193.6137 10.1900
193.6222 10.1853
193.6307 10.1805
193.6392 10.1758
193.6477 10.1710
193.6562 10.1662
193.6647 10.1615
193.6732 10.1567
193.6817 10.1520
193.6902 10.1472
193.6987 10.1424
193.7072 10.1377
193.7157 10.1329
193.7242 10.1282
193.7328 10.1234
193.7413 10.1187
193.7498 10.1139
193.7583 10.1092
193.7668 10.1044
193.7754 10.0997
193.7839 10.0949
193.7924 10.0902
193.8009 10.0854
193.8094 10.0807
193.8180 10.0759
193.8265 10.0712
193.8350 10.0664
193.8436 10.0617
193.8521 10.0570
193.8606 10.0522
193.8691 10.0475
193.8777 10.0427
193.8862 10.0380
193.8947 10.0333
193.9033 10.0285
193.9118 10.0238
193.9204 10.0190
193.9289 10.0143
193.9374 10.0096
193.9460 10.0048
193.9545 10.0001
193.9631 9.9954
193.9716 9.9906
193.9802 9.9859
193.9887 9.9812
193.9973 9.9764
194.0058 9.9717
194.0144 9.9670
194.0229 9.9623
194.0315 9.9575
194.0400 9.9528
194.0486 9.9481
194.0571 9.9434
194.0657 9.9386
194.0742 9.9339
194.0828 9.9292
194.0914 9.9245
194.0999 9.9197
194.1085 9.9150
194.1170 9.9103
194.1256 9.9056
194.1342 9.9009
194.1427 9.8961
194.1513 9.8914
194.1599 9.8867
194.1684 9.8820
194.1770 9.8773
194.1856 9.8726
194.1942 9.8679
194.2027 9.8631
194.2113 9.8584
194.2199 9.8537
194.2285 9.8490
194.2370 9.8443
194.2456 9.8396
194.2542 9.8349
194.2628 9.8302
194.2714 9.8255
194.2799 9.8208
194.2885 9.8161
194.2971 9.8114
194.3057 9.8067
194.3143 9.8019
194.3229 9.7972
194.3315 9.7925
194.3401 9.7878
194.3487 9.7831
194.3572 9.7784
194.3658 9.7737
194.3744 9.7691
194.3830 9.7644
194.3916 9.7597
194.4002 9.7550
194.4088 9.7503
194.4174 9.7456
194.4260 9.7409
194.4346 9.7362
194.4432 9.7315
194.4518 9.7268
194.4604 9.7221
194.4691 9.7174
194.4777 9.7127
194.4863 9.7081
194.4949 9.7034
194.5035 9.6987
194.5121 9.6940
194.5207 9.6893
194.5293 9.6846
194.5380 9.6800
194.5466 9.6753
194.5552 9.6706
194.5638 9.6659
194.5724 9.6612
194.5811 9.6565
194.5897 9.6519
194.5983 9.6472
194.6069 9.6425
194.6155 9.6378
194.6242 9.6332
194.6328 9.6285
194.6414 9.6238
194.6501 9.6191
194.6587 9.6145
194.6673 9.6098
194.6760 9.6051
194.6846 9.6005
194.6932 9.5958
194.7019 9.5911
194.7105 9.5865
194.7191 9.5818
194.7278 9.5771
194.7364 9.5725
194.7451 9.5678
194.7537 9.5631
194.7624 9.5585
194.7710 9.5538
194.7796 9.5491
194.7883 9.5445
194.7969 9.5398
194.8056 9.5352
194.8142 9.5305
194.8229 9.5259
194.8315 9.5212
194.8402 9.5165
194.8489 9.5119
194.8575 9.5072
194.8662 9.5026
194.8748 9.4979
194.8835 9.4933
194.8921 9.4886
194.9008 9.4840
194.9095 9.4793
194.9181 9.4747
194.9268 9.4700
194.9355 9.4654
194.9441 9.4607
194.9528 9.4561
194.9615 9.4514
194.9701 9.4468
194.9788 9.4422
194.9875 9.4375
194.9962 9.4329
195.0048 9.4282
195.0135 9.4236
195.0222 9.4190
195.0309 9.4143
195.0395 9.4097
195.0482 9.4050
195.0569 9.4004
195.0656 9.3958
195.0743 9.3911
195.0830 9.3865
195.0916 9.3819
195.1003 9.3772
195.1090 9.3726
195.1177 9.3680
195.1264 9.3633
195.1351 9.3587
195.1438 9.3541
195.1525 9.3495
195.1612 9.3448
195.1699 9.3402
195.1786 9.3356
195.1873 9.3310
195.1960 9.3263
195.2047 9.3217
195.2134 9.3171
195.2221 9.3125
195.2308 9.3079
195.2395 9.3032
195.2482 9.2986
195.2569 9.2940
195.2656 9.2894
195.2743 9.2848
195.2830 9.2802
195.2917 9.2755
195.3004 9.2709
195.3091 9.2663
195.3179 9.2617
195.3266 9.2571
195.3353 9.2525
195.3440 9.2479
195.3527 9.2433
195.3614 9.2387
195.3702 9.2340
195.3789 9.2294
195.3876 9.2248
195.3963 9.2202
195.4051 9.2156
195.4138 9.2110
195.4225 9.2064
195.4312 9.2018
195.4400 9.1972
195.4487 9.1926
195.4574 9.1880
195.4662 9.1834
195.4749 9.1788
195.4836 9.1742
195.4924 9.1696
195.5011 9.1650
195.5098 9.1604
195.5186 9.1558
195.5273 9.1513
195.5361 9.1467
195.5448 9.1421
195.5536 9.1375
195.5623 9.1329
195.5710 9.1283
195.5798 9.1237
195.5885 9.1191
195.5973 9.1145
195.6060 9.1100
195.6148 9.1054
195.6235 9.1008
195.6323 9.0962
195.6411 9.0916
195.6498 9.0870
195.6586 9.0825
195.6673 9.0779
195.6761 9.0733
195.6848 9.0687
195.6936 9.0641
195.7024 9.0596
195.7111 9.0550
195.7199 9.0504
195.7287 9.0458
195.7374 9.0413
195.7462 9.0367
195.7550 9.0321
195.7637 9.0276
195.7725 9.0230
195.7813 9.0184
195.7901 9.0139
195.7988 9.0093
195.8076 9.0047
195.8164 9.0002
195.8252 8.9956
195.8339 8.9910
195.8427 8.9865
195.8515 8.9819
195.8603 8.9773
195.8691 8.9728
195.8779 8.9682
195.8866 8.9637
195.8954 8.9591
195.9042 8.9545
195.9130 8.9500
195.9218 8.9454
195.9306 8.9409
195.9394 8.9363
195.9482 8.9318
195.9570 8.9272
195.9658 8.9227
195.9746 8.9181
195.9834 8.9136
195.9922 8.9090
196.0010 8.9045
196.0098 8.8999
196.0186 8.8954
196.0274 8.8908
196.0362 8.8863
196.0450 8.8817
196.0538 8.8772
196.0626 8.8727
196.0714 8.8681
196.0802 8.8636
196.0890 8.8590
196.0978 8.8545
196.1067 8.8500
196.1155 8.8454
196.1243 8.8409
196.1331 8.8363
196.1419 8.8318
196.1507 8.8273
196.1596 8.8227
196.1684 8.8182
196.1772 8.8137
196.1860 8.8091
196.1948 8.8046
196.2037 8.8001
196.2125 8.7956
196.2213 8.7910
196.2302 8.7865
196.2390 8.7820
196.2478 8.7775
196.2567 8.7729
196.2655 8.7684
196.2743 8.7639
196.2832 8.7594
196.2920 8.7548
196.3008 8.7503
196.3097 8.7458
196.3185 8.7413
196.3274 8.7368
196.3362 8.7323
196.3450 8.7277
196.3539 8.7232
196.3627 8.7187
196.3716 8.7142
196.3804 8.7097
196.3893 8.7052
196.3981 8.7007
196.4070 8.6962
196.4158 8.6916
196.4247 8.6871
196.4335 8.6826
196.4424 8.6781
196.4513 8.6736
196.4601 8.6691
196.4690 8.6646
196.4778 8.6601
196.4867 8.6556
196.4956 8.6511
196.5044 8.6466
196.5133 8.6421
196.5222 8.6376
196.5310 8.6331
196.5399 8.6286
196.5488 8.6241
196.5576 8.6196
196.5665 8.6151
196.5754 8.6106
196.5842 8.6061
196.5931 8.6017
196.6020 8.5972
196.6109 8.5927
196.6198 8.5882
196.6286 8.5837
196.6375 8.5792
196.6464 8.5747
196.6553 8.5702
196.6642 8.5657
196.6730 8.5613
196.6819 8.5568
196.6908 8.5523
196.6997 8.5478
196.7086 8.5433
196.7175 8.5389
196.7264 8.5344
196.7353 8.5299
196.7442 8.5254
196.7531 8.5209
196.7620 8.5165
196.7709 8.5120
196.7798 8.5075
196.7887 8.5031
196.7976 8.4986
196.8065 8.4941
196.8154 8.4896
196.8243 8.4852
196.8332 8.4807
196.8421 8.4762
196.8510 8.4718
196.8599 8.4673
196.8688 8.4628
196.8777 8.4584
196.8866 8.4539
196.8955 8.4494
196.9045 8.4450
196.9134 8.4405
196.9223 8.4361
196.9312 8.4316
196.9401 8.4272
196.9490 8.4227
196.9580 8.4182
196.9669 8.4138
196.9758 8.4093
196.9847 8.4049
196.9937 8.4004
197.0026 8.3960
197.0115 8.3915
197.0204 8.3871
197.0294 8.3826
197.0383 8.3782
197.0472 8.3737
197.0562 8.3693
197.0651 8.3648
197.0740 8.3604
197.0830 8.3559
197.0919 8.3515
197.1009 8.3471
197.1098 8.3426
197.1187 8.3382
197.1277 8.3337
197.1366 8.3293
197.1456 8.3249
197.1545 8.3204
197.1635 8.3160
197.1724 8.3116
197.1814 8.3071
197.1903 8.3027
197.1993 8.2983
197.2082 8.2938
197.2172 8.2894
197.2261 8.2850
197.2351 8.2805
197.2440 8.2761
197.2530 8.2717
197.2620 8.2672
197.2709 8.2628
197.2799 8.2584
197.2888 8.2540
197.2978 8.2496
197.3068 8.2451
197.3157 8.2407
197.3247 8.2363
197.3337 8.2319
197.3426 8.2275
197.3516 8.2230
197.3606 8.2186
197.3696 8.2142
197.3785 8.2098
197.3875 8.2054
197.3965 8.2010
197.4055 8.1965
197.4144 8.1921
197.4234 8.1877
197.4324 8.1833
197.4414 8.1789
197.4504 8.1745
197.4593 8.1701
197.4683 8.1657
197.4773 8.1613
197.4863 8.1569
197.4953 8.1525
197.5043 8.1481
197.5133 8.1437
197.5223 8.1393
197.5313 8.1349
197.5403 8.1305
197.5492 8.1261
197.5582 8.1217
197.5672 8.1173
197.5762 8.1129
197.5852 8.1085
197.5942 8.1041
197.6032 8.0997
197.6122 8.0953
197.6213 8.0909
197.6303 8.0865
197.6393 8.0821
197.6483 8.0778
197.6573 8.0734
197.6663 8.0690
197.6753 8.0646
197.6843 8.0602
197.6933 8.0558
197.7023 8.0515
197.7114 8.0471
197.7204 8.0427
197.7294 8.0383
197.7384 8.0339
197.7474 8.0296
197.7565 8.0252
197.7655 8.0208
197.7745 8.0164
197.7835 8.0121
197.7926 8.0077
197.8016 8.0033
197.8106 7.9989
197.8196 7.9946
197.8287 7.9902
197.8377 7.9858
197.8467 7.9815
197.8558 7.9771
197.8648 7.9727
197.8738 7.9684
197.8829 7.9640
197.8919 7.9596
197.9010 7.9553
197.9100 7.9509
197.9190 7.9465
197.9281 7.9422
197.9371 7.9378
197.9462 7.9335
197.9552 7.9291
197.9643 7.9248
197.9733 7.9204
197.9824 7.9160
197.9914 7.9117
198.0005 7.9073
198.0095 7.9030
198.0186 7.8986
198.0276 7.8943
198.0367 7.8899
198.0457 7.8856
198.0548 7.8812
198.0639 7.8769
198.0729 7.8726
198.0820 7.8682
198.0911 7.8639
198.1001 7.8595
198.1092 7.8552
198.1182 7.8508
198.1273 7.8465
198.1364 7.8422
198.1455 7.8378
198.1545 7.8335
198.1636 7.8292
198.1727 7.8248
198.1818 7.8205
198.1908 7.8162
198.1999 7.8118
198.2090 7.8075
198.2181 7.8032
198.2271 7.7988
198.2362 7.7945
198.2453 7.7902
198.2544 7.7858
198.2635 7.7815
198.2726 7.7772
198.2816 7.7729
198.2907 7.7685
198.2998 7.7642
198.3089 7.7599
198.3180 7.7556
198.3271 7.7513
198.3362 7.7469
198.3453 7.7426
198.3544 7.7383
198.3635 7.7340
198.3726 7.7297
198.3817 7.7254
198.3908 7.7211
198.3999 7.7167
198.4090 7.7124
198.4181 7.7081
198.4272 7.7038
198.4363 7.6995
198.4454 7.6952
198.4545 7.6909
198.4636 7.6866
198.4727 7.6823
198.4819 7.6780
198.4910 7.6737
198.5001 7.6694
198.5092 7.6651
198.5183 7.6608
198.5274 7.6565
198.5366 7.6522
198.5457 7.6479
198.5548 7.6436
198.5639 7.6393
198.5730 7.6350
198.5822 7.6307
198.5913 7.6264
198.6004 7.6221
198.6096 7.6178
198.6187 7.6135
198.6278 7.6093
198.6369 7.6050
198.6461 7.6007
198.6552 7.5964
198.6644 7.5921
198.6735 7.5878
198.6826 7.5835
198.6918 7.5793
198.7009 7.5750
198.7100 7.5707
198.7192 7.5664
198.7283 7.5621
198.7375 7.5579
198.7466 7.5536
198.7558 7.5493
198.7649 7.5450
198.7741 7.5408
198.7832 7.5365
198.7924 7.5322
198.8015 7.5280
198.8107 7.5237
198.8198 7.5194
198.8290 7.5152
198.8381 7.5109
198.8473 7.5066
198.8565 7.5024
198.8656 7.4981
198.8748 7.4938
198.8839 7.4896
198.8931 7.4853
198.9023 7.4810
198.9114 7.4768
198.9206 7.4725
198.9298 7.4683
198.9389 7.4640
198.9481 7.4598
198.9573 7.4555
198.9665 7.4513
198.9756 7.4470
198.9848 7.4428
198.9940 7.4385
199.0032 7.4343
199.0123 7.4300
199.0215 7.4258
199.0307 7.4215
199.0399 7.4173
199.0491 7.4130
199.0583 7.4088
199.0674 7.4045
199.0766 7.4003
199.0858 7.3960
199.0950 7.3918
199.1042 7.3876
199.1134 7.3833
199.1226 7.3791
199.1318 7.3749
199.1410 7.3706
199.1502 7.3664
199.1594 7.3622
199.1686 7.3579
199.1778 7.3537
199.1870 7.3495
199.1962 7.3452
199.2054 7.3410
199.2146 7.3368
199.2238 7.3326
199.2330 7.3283
199.2422 7.3241
199.2514 7.3199
199.2606 7.3157
199.2698 7.3114
199.2790 7.3072
199.2882 7.3030
199.2975 7.2988
199.3067 7.2946
199.3159 7.2903
199.3251 7.2861
199.3343 7.2819
199.3435 7.2777
199.3528 7.2735
199.3620 7.2693
199.3712 7.2651
199.3804 7.2608
199.3897 7.2566
199.3989 7.2524
199.4081 7.2482
199.4174 7.2440
199.4266 7.2398
199.4358 7.2356
199.4450 7.2314
199.4543 7.2272
199.4635 7.2230
199.4728 7.2188
199.4820 7.2146
199.4912 7.2104
199.5005 7.2062
199.5097 7.2020
199.5190 7.1978
199.5282 7.1936
199.5374 7.1894
199.5467 7.1852
199.5559 7.1810
199.5652 7.1769
199.5744 7.1727
199.5837 7.1685
199.5929 7.1643
199.6022 7.1601
199.6114 7.1559
199.6207 7.1517
199.6299 7.1475
199.6392 7.1434
199.6485 7.1392
199.6577 7.1350
199.6670 7.1308
199.6762 7.1266
199.6855 7.1225
199.6948 7.1183
199.7040 7.1141
199.7133 7.1099
199.7226 7.1058
199.7318 7.1016
199.7411 7.0974
199.7504 7.0933
199.7596 7.0891
199.7689 7.0849
199.7782 7.0807
199.7875 7.0766
199.7967 7.0724
199.8060 7.0682
199.8153 7.0641
199.8246 7.0599
199.8339 7.0558
199.8431 7.0516
199.8524 7.0474
199.8617 7.0433
199.8710 7.0391
199.8803 7.0350
199.8896 7.0308
199.8989 7.0267
199.9082 7.0225
199.9174 7.0183
199.9267 7.0142
199.9360 7.0100
199.9453 7.0059
199.9546 7.0017
199.9639 6.9976
199.9732 6.9934
199.9825 6.9893
199.9918 6.9852
200.0011 6.9810
200.0104 6.9769
200.0197 6.9727
200.0290 6.9686
200.0383 6.9644
200.0476 6.9603
200.0570 6.9562
200.0663 6.9520
200.0756 6.9479
200.0849 6.9438
200.0942 6.9396
200.1035 6.9355
200.1128 6.9314
200.1221 6.9272
200.1315 6.9231
200.1408 6.9190
200.1501 6.9148
200.1594 6.9107
200.1687 6.9066
200.1781 6.9025
200.1874 6.8983
200.1967 6.8942
200.2060 6.8901
200.2154 6.8860
200.2247 6.8819
200.2340 6.8777
200.2434 6.8736
200.2527 6.8695
200.2620 6.8654
200.2714 6.8613
200.2807 6.8572
200.2900 6.8530
200.2994 6.8489
200.3087 6.8448
200.3181 6.8407
200.3274 6.8366
200.3367 6.8325
200.3461 6.8284
200.3554 6.8243
200.3648 6.8202
200.3741 6.8161
200.3835 6.8120
200.3928 6.8079
200.4022 6.8038
200.4115 6.7997
200.4209 6.7956
200.4302 6.7915
200.4396 6.7874
200.4490 6.7833
200.4583 6.7792
200.4677 6.7751
200.4770 6.7710
200.4864 6.7669
200.4958 6.7628
200.5051 6.7587
200.5145 6.7546
200.5238 6.7505
200.5332 6.7465
200.5426 6.7424
200.5520 6.7383
200.5613 6.7342
200.5707 6.7301
200.5801 6.7260
200.5894 6.7220
200.5988 6.7179
200.6082 6.7138
200.6176 6.7097
200.6270 6.7056
200.6363 6.7016
200.6457 6.6975
200.6551 6.6934
200.6645 6.6893
200.6739 6.6853
200.6833 6.6812
200.6926 6.6771
200.7020 6.6731
200.7114 6.6690
200.7208 6.6649
200.7302 6.6609
200.7396 6.6568
200.7490 6.6527
200.7584 6.6487
200.7678 6.6446
200.7772 6.6406
200.7866 6.6365
200.7960 6.6324
200.8054 6.6284
200.8148 6.6243
200.8242 6.6203
200.8336 6.6162
200.8430 6.6122
200.8524 6.6081
200.8618 6.6041
200.8712 6.6000
200.8806 6.5960
200.8900 6.5919
200.8994 6.5879
200.9089 6.5838
200.9183 6.5798
200.9277 6.5757
200.9371 6.5717
200.9465 6.5676
200.9559 6.5636
200.9654 6.5596
200.9748 6.5555
200.9842 6.5515
200.9936 6.5475
201.0031 6.5434
201.0125 6.5394
201.0219 6.5354
201.0313 6.5313
201.0408 6.5273
201.0502 6.5233
201.0596 6.5192
201.0691 6.5152
201.0785 6.5112
201.0879 6.5071
201.0974 6.5031
201.1068 6.4991
201.1162 6.4951
201.1257 6.4910
201.1351 6.4870
201.1446 6.4830
201.1540 6.4790
201.1635 6.4750
201.1729 6.4710
201.1823 6.4669
201.1918 6.4629
201.2012 6.4589
201.2107 6.4549
201.2201 6.4509
201.2296 6.4469
201.2391 6.4429
201.2485 6.4389
201.2580 6.4348
201.2674 6.4308
201.2769 6.4268
201.2863 6.4228
201.2958 6.4188
201.3053 6.4148
201.3147 6.4108
201.3242 6.4068
201.3337 6.4028
201.3431 6.3988
201.3526 6.3948
201.3621 6.3908
201.3715 6.3868
201.3810 6.3828
201.3905 6.3789
201.3999 6.3749
201.4094 6.3709
201.4189 6.3669
201.4284 6.3629
201.4378 6.3589
201.4473 6.3549
201.4568 6.3509
201.4663 6.3469
201.4758 6.3430
201.4853 6.3390
201.4947 6.3350
201.5042 6.3310
201.5137 6.3270
201.5232 6.3231
201.5327 6.3191
201.5422 6.3151
201.5517 6.3111
201.5612 6.3072
201.5707 6.3032
201.5802 6.2992
201.5897 6.2952
201.5992 6.2913
201.6087 6.2873
201.6182 6.2833
201.6277 6.2794
201.6372 6.2754
201.6467 6.2714
201.6562 6.2675
201.6657 6.2635
201.6752 6.2596
201.6847 6.2556
201.6942 6.2516
201.7037 6.2477
201.7132 6.2437
201.7227 6.2398
201.7322 6.2358
201.7418 6.2319
201.7513 6.2279
201.7608 6.2239
201.7703 6.2200
201.7798 6.2160
201.7893 6.2121
201.7989 6.2081
201.8084 6.2042
201.8179 6.2003
201.8274 6.1963
201.8370 6.1924
201.8465 6.1884
201.8560 6.1845
201.8656 6.1805
201.8751 6.1766
201.8846 6.1727
201.8942 6.1687
201.9037 6.1648
201.9132 6.1609
201.9228 6.1569
201.9323 6.1530
201.9418 6.1491
201.9514 6.1451
201.9609 6.1412
201.9705 6.1373
201.9800 6.1333
201.9896 6.1294
201.9991 6.1255
202.0086 6.1216
202.0182 6.1176
202.0277 6.1137
202.0373 6.1098
202.0468 6.1059
202.0564 6.1020
202.0660 6.0980
202.0755 6.0941
202.0851 6.0902
202.0946 6.0863
202.1042 6.0824
202.1137 6.0785
202.1233 6.0746
202.1329 6.0707
202.1424 6.0667
202.1520 6.0628
202.1616 6.0589
202.1711 6.0550
202.1807 6.0511
202.1903 6.0472
202.1998 6.0433
202.2094 6.0394
202.2190 6.0355
202.2285 6.0316
202.2381 6.0277
202.2477 6.0238
202.2573 6.0199
202.2669 6.0160
202.2764 6.0121
202.2860 6.0082
202.2956 6.0043
202.3052 6.0005
202.3148 5.9966
202.3243 5.9927
202.3339 5.9888
202.3435 5.9849
202.3531 5.9810
202.3627 5.9771
202.3723 5.9732
202.3819 5.9694
202.3915 5.9655
202.4011 5.9616
202.4107 5.9577
202.4203 5.9538
202.4299 5.9500
202.4395 5.9461
202.4491 5.9422
202.4587 5.9383
202.4683 5.9345
202.4779 5.9306
202.4875 5.9267
202.4971 5.9229
202.5067 5.9190
202.5163 5.9151
202.5259 5.9113
202.5355 5.9074
202.5451 5.9035
202.5547 5.8997
202.5644 5.8958
202.5740 5.8919
202.5836 5.8881
202.5932 5.8842
202.6028 5.8804
202.6124 5.8765
202.6221 5.8727
202.6317 5.8688
202.6413 5.8650
202.6509 5.8611
202.6606 5.8572
202.6702 5.8534
202.6798 5.8495
202.6894 5.8457
202.6991 5.8419
202.7087 5.8380
202.7183 5.8342
202.7280 5.8303
202.7376 5.8265
202.7472 5.8226
202.7569 5.8188
202.7665 5.8150
202.7761 5.8111
202.7858 5.8073
202.7954 5.8035
202.8051 5.7996
202.8147 5.7958
202.8244 5.7920
202.8340 5.7881
202.8437 5.7843
202.8533 5.7805
202.8630 5.7766
202.8726 5.7728
202.8823 5.7690
202.8919 5.7652
202.9016 5.7613
202.9112 5.7575
202.9209 5.7537
202.9305 5.7499
202.9402 5.7461
202.9499 5.7422
202.9595 5.7384
202.9692 5.7346
202.9788 5.7308
202.9885 5.7270
202.9982 5.7232
203.0078 5.7194
203.0175 5.7155
203.0272 5.7117
203.0368 5.7079
203.0465 5.7041
203.0562 5.7003
203.0659 5.6965
203.0755 5.6927
203.0852 5.6889
203.0949 5.6851
203.1046 5.6813
203.1142 5.6775
203.1239 5.6737
203.1336 5.6699
203.1433 5.6661
203.1530 5.6623
203.1627 5.6585
203.1723 5.6547
203.1820 5.6509
203.1917 5.6471
203.2014 5.6434
203.2111 5.6396
203.2208 5.6358
203.2305 5.6320
203.2402 5.6282
203.2499 5.6244
203.2596 5.6206
203.2693 5.6169
203.2790 5.6131
203.2887 5.6093
203.2984 5.6055
203.3081 5.6018
203.3178 5.5980
203.3275 5.5942
203.3372 5.5904
203.3469 5.5867
203.3566 5.5829
203.3663 5.5791
203.3760 5.5753
203.3857 5.5716
203.3954 5.5678
203.4052 5.5640
203.4149 5.5603
203.4246 5.5565
203.4343 5.5528
203.4440 5.5490
203.4537 5.5452
203.4635 5.5415
203.4732 5.5377
203.4829 5.5340
203.4926 5.5302
203.5024 5.5265
203.5121 5.5227
203.5218 5.5189
203.5315 5.5152
203.5413 5.5114
203.5510 5.5077
203.5607 5.5039
203.5705 5.5002
203.5802 5.4965
203.5899 5.4927
203.5997 5.4890
203.6094 5.4852
203.6192 5.4815
203.6289 5.4777
203.6386 5.4740
203.6484 5.4703
203.6581 5.4665
203.6679 5.4628
203.6776 5.4591
203.6874 5.4553
203.6971 5.4516
203.7069 5.4479
203.7166 5.4441
203.7264 5.4404
203.7361 5.4367
203.7459 5.4330
203.7556 5.4292
203.7654 5.4255
203.7751 5.4218
203.7849 5.4181
203.7947 5.4143
203.8044 5.4106
203.8142 5.4069
203.8239 5.4032
203.8337 5.3995
203.8435 5.3958
203.8532 5.3920
203.8630 5.3883
203.8728 5.3846
203.8825 5.3809
203.8923 5.3772
203.9021 5.3735
203.9119 5.3698
203.9216 5.3661
203.9314 5.3624
203.9412 5.3587
203.9510 5.3550
203.9607 5.3513
203.9705 5.3476
203.9803 5.3439
203.9901 5.3402
203.9999 5.3365
204.0097 5.3328
204.0194 5.3291
204.0292 5.3254
204.0390 5.3217
204.0488 5.3180
204.0586 5.3143
204.0684 5.3106
204.0782 5.3069
204.0880 5.3032
204.0978 5.2996
204.1076 5.2959
204.1174 5.2922
204.1272 5.2885
204.1370 5.2848
204.1468 5.2811
204.1566 5.2775
204.1664 5.2738
204.1762 5.2701
204.1860 5.2664
204.1958 5.2628
204.2056 5.2591
204.2154 5.2554
204.2252 5.2517
204.2350 5.2481
204.2448 5.2444
204.2546 5.2407
204.2645 5.2371
204.2743 5.2334
204.2841 5.2297
204.2939 5.2261
204.3037 5.2224
204.3135 5.2188
204.3234 5.2151
204.3332 5.2114
204.3430 5.2078
204.3528 5.2041
204.3627 5.2005
204.3725 5.1968
204.3823 5.1932
204.3921 5.1895
204.4020 5.1859
204.4118 5.1822
204.4216 5.1786
204.4315 5.1749
204.4413 5.1713
204.4511 5.1676
204.4610 5.1640
204.4708 5.1604
204.4807 5.1567
204.4905 5.1531
204.5003 5.1494
204.5102 5.1458
204.5200 5.1422
204.5299 5.1385
204.5397 5.1349
204.5496 5.1313
204.5594 5.1276
204.5693 5.1240
204.5791 5.1204
204.5890 5.1167
204.5988 5.1131
204.6087 5.1095
204.6185 5.1059
204.6284 5.1022
204.6382 5.0986
204.6481 5.0950
204.6580 5.0914
204.6678 5.0878
204.6777 5.0841
204.6876 5.0805
204.6974 5.0769
204.7073 5.0733
204.7171 5.0697
204.7270 5.0661
204.7369 5.0625
204.7468 5.0588
204.7566 5.0552
204.7665 5.0516
204.7764 5.0480
204.7862 5.0444
204.7961 5.0408
204.8060 5.0372
204.8159 5.0336
204.8258 5.0300
204.8356 5.0264
204.8455 5.0228
204.8554 5.0192
204.8653 5.0156
204.8752 5.0120
204.8851 5.0084
204.8949 5.0048
204.9048 5.0012
204.9147 4.9977
204.9246 4.9941
204.9345 4.9905
204.9444 4.9869
204.9543 4.9833
204.9642 4.9797
204.9741 4.9761
204.9840 4.9726
204.9939 4.9690
205.0038 4.9654
205.0137 4.9618
205.0236 4.9582
205.0335 4.9547
205.0434 4.9511
205.0533 4.9475
205.0632 4.9439
205.0731 4.9404
205.0830 4.9368
205.0929 4.9332
205.1028 4.9297
205.1127 4.9261
205.1227 4.9225
205.1326 4.9190
205.1425 4.9154
205.1524 4.9118
205.1623 4.9083
205.1722 4.9047
205.1822 4.9012
205.1921 4.8976
205.2020 4.8941
205.2119 4.8905
205.2218 4.8869
205.2318 4.8834
205.2417 4.8798
205.2516 4.8763
205.2616 4.8727
205.2715 4.8692
205.2814 4.8656
205.2913 4.8621
205.3013 4.8586
205.3112 4.8550
205.3212 4.8515
205.3311 4.8479
205.3410 4.8444
205.3510 4.8409
205.3609 4.8373
205.3708 4.8338
205.3808 4.8302
205.3907 4.8267
205.4007 4.8232
205.4106 4.8196
205.4206 4.8161
205.4305 4.8126
205.4405 4.8091
205.4504 4.8055
205.4604 4.8020
205.4703 4.7985
205.4803 4.7950
205.4902 4.7914
205.5002 4.7879
205.5101 4.7844
205.5201 4.7809
205.5301 4.7774
205.5400 4.7739
205.5500 4.7703
205.5599 4.7668
205.5699 4.7633
205.5799 4.7598
205.5898 4.7563
205.5998 4.7528
205.6098 4.7493
205.6197 4.7458
205.6297 4.7423
205.6397 4.7388
205.6497 4.7353
205.6596 4.7318
205.6696 4.7283
205.6796 4.7248
205.6896 4.7213
205.6995 4.7178
205.7095 4.7143
205.7195 4.7108
205.7295 4.7073
205.7395 4.7038
205.7494 4.7003
205.7594 4.6968
205.7694 4.6933
205.7794 4.6898
205.7894 4.6863
205.7994 4.6829
205.8094 4.6794
205.8194 4.6759
205.8294 4.6724
205.8393 4.6689
205.8493 4.6654
205.8593 4.6620
205.8693 4.6585
205.8793 4.6550
205.8893 4.6515
205.8993 4.6481
205.9093 4.6446
205.9193 4.6411
205.9293 4.6377
205.9393 4.6342
205.9494 4.6307
205.9594 4.6273
205.9694 4.6238
205.9794 4.6203
205.9894 4.6169
205.9994 4.6134
206.0094 4.6099
206.0194 4.6065
206.0294 4.6030
206.0395 4.5996
206.0495 4.5961
206.0595 4.5927
206.0695 4.5892
206.0795 4.5858
206.0896 4.5823
206.0996 4.5789
206.1096 4.5754
206.1196 4.5720
206.1297 4.5685
206.1397 4.5651
206.1497 4.5616
206.1597 4.5582
206.1698 4.5547
206.1798 4.5513
206.1898 4.5479
206.1999 4.5444
206.2099 4.5410
206.2199 4.5376
206.2300 4.5341
206.2400 4.5307
206.2501 4.5273
206.2601 4.5238
206.2701 4.5204
206.2802 4.5170
206.2902 4.5136
206.3003 4.5101
206.3103 4.5067
206.3204 4.5033
206.3304 4.4999
206.3405 4.4964
206.3505 4.4930
206.3606 4.4896
206.3706 4.4862
206.3807 4.4828
206.3907 4.4794
206.4008 4.4759
206.4108 4.4725
206.4209 4.4691
206.4310 4.4657
206.4410 4.4623
206.4511 4.4589
206.4612 4.4555
206.4712 4.4521
206.4813 4.4487
206.4913 4.4453
206.5014 4.4419
206.5115 4.4385
206.5216 4.4351
206.5316 4.4317
206.5417 4.4283
206.5518 4.4249
206.5618 4.4215
206.5719 4.4181
206.5820 4.4147
206.5921 4.4113
206.6021 4.4079
206.6122 4.4045
206.6223 4.4012
206.6324 4.3978
206.6425 4.3944
206.6526 4.3910
206.6626 4.3876
206.6727 4.3842
206.6828 4.3809
206.6929 4.3775
206.7030 4.3741
206.7131 4.3707
206.7232 4.3674
206.7333 4.3640
206.7434 4.3606
206.7535 4.3573
206.7636 4.3539
206.7737 4.3505
206.7838 4.3471
206.7939 4.3438
206.8040 4.3404
206.8141 4.3371
206.8242 4.3337
206.8343 4.3303
206.8444 4.3270
206.8545 4.3236
206.8646 4.3203
206.8747 4.3169
206.8848 4.3135
206.8949 4.3102
206.9050 4.3068
206.9151 4.3035
206.9252 4.3001
206.9354 4.2968
206.9455 4.2934
206.9556 4.2901
206.9657 4.2868
206.9758 4.2834
206.9860 4.2801
206.9961 4.2767
207.0062 4.2734
207.0163 4.2700
207.0264 4.2667
207.0366 4.2634
207.0467 4.2600
207.0568 4.2567
207.0670 4.2534
207.0771 4.2500
207.0872 4.2467
207.0974 4.2434
207.1075 4.2401
207.1176 4.2367
207.1278 4.2334
207.1379 4.2301
207.1480 4.2268
207.1582 4.2234
207.1683 4.2201
207.1785 4.2168
207.1886 4.2135
207.1987 4.2102
207.2089 4.2068
207.2190 4.2035
207.2292 4.2002
207.2393 4.1969
207.2495 4.1936
207.2596 4.1903
207.2698 4.1870
207.2799 4.1837
207.2901 4.1804
207.3002 4.1771
207.3104 4.1738
207.3205 4.1705
207.3307 4.1672
207.3409 4.1639
207.3510 4.1606
207.3612 4.1573
207.3713 4.1540
207.3815 4.1507
207.3917 4.1474
207.4018 4.1441
207.4120 4.1408
207.4222 4.1375
207.4323 4.1342
207.4425 4.1309
207.4527 4.1276
207.4629 4.1244
207.4730 4.1211
207.4832 4.1178
207.4934 4.1145
207.5036 4.1112
207.5137 4.1079
207.5239 4.1047
207.5341 4.1014
207.5443 4.0981
207.5545 4.0948
207.5646 4.0916
207.5748 4.0883
207.5850 4.0850
207.5952 4.0818
207.6054 4.0785
207.6156 4.0752
207.6258 4.0720
207.6359 4.0687
207.6461 4.0654
207.6563 4.0622
207.6665 4.0589
207.6767 4.0557
207.6869 4.0524
207.6971 4.0492
207.7073 4.0459
207.7175 4.0426
207.7277 4.0394
207.7379 4.0361
207.7481 4.0329
207.7583 4.0296
207.7685 4.0264
207.7787 4.0231
207.7889 4.0199
207.7991 4.0167
207.8094 4.0134
207.8196 4.0102
207.8298 4.0069
207.8400 4.0037
207.8502 4.0005
207.8604 3.9972
207.8706 3.9940
207.8808 3.9908
207.8911 3.9875
207.9013 3.9843
207.9115 3.9811
207.9217 3.9778
207.9319 3.9746
207.9422 3.9714
207.9524 3.9682
207.9626 3.9649
207.9728 3.9617
207.9831 3.9585
207.9933 3.9553
208.0035 3.9520
208.0138 3.9488
208.0240 3.9456
208.0342 3.9424
208.0445 3.9392
208.0547 3.9360
208.0649 3.9328
208.0752 3.9296
208.0854 3.9263
208.0956 3.9231
208.1059 3.9199
208.1161 3.9167
208.1264 3.9135
208.1366 3.9103
208.1469 3.9071
208.1571 3.9039
208.1673 3.9007
208.1776 3.8975
208.1878 3.8943
208.1981 3.8911
208.2083 3.8879
208.2186 3.8847
208.2288 3.8816
208.2391 3.8784
208.2494 3.8752
208.2596 3.8720
208.2699 3.8688
208.2801 3.8656
208.2904 3.8624
208.3007 3.8593
208.3109 3.8561
208.3212 3.8529
208.3314 3.8497
208.3417 3.8465
208.3520 3.8434
208.3622 3.8402
208.3725 3.8370
208.3828 3.8338
208.3930 3.8307
208.4033 3.8275
208.4136 3.8243
208.4239 3.8212
208.4341 3.8180
208.4444 3.8148
208.4547 3.8117
208.4650 3.8085
208.4752 3.8053
208.4855 3.8022
208.4958 3.7990
208.5061 3.7959
208.5164 3.7927
208.5267 3.7896
208.5369 3.7864
208.5472 3.7833
208.5575 3.7801
208.5678 3.7770
208.5781 3.7738
208.5884 3.7707
208.5987 3.7675
208.6090 3.7644
208.6193 3.7612
208.6296 3.7581
208.6399 3.7549
208.6502 3.7518
208.6605 3.7487
208.6708 3.7455
208.6811 3.7424
208.6914 3.7393
208.7017 3.7361
208.7120 3.7330
208.7223 3.7299
208.7326 3.7267
208.7429 3.7236
208.7532 3.7205
208.7635 3.7174
208.7738 3.7142
208.7841 3.7111
208.7944 3.7080
208.8047 3.7049
208.8151 3.7018
208.8254 3.6986
208.8357 3.6955
208.8460 3.6924
208.8563 3.6893
208.8666 3.6862
208.8770 3.6831
208.8873 3.6800
208.8976 3.6768
208.9079 3.6737
208.9183 3.6706
208.9286 3.6675
208.9389 3.6644
208.9492 3.6613
208.9596 3.6582
208.9699 3.6551
208.9802 3.6520
208.9906 3.6489
209.0009 3.6458
209.0112 3.6427
209.0216 3.6396
209.0319 3.6365
209.0422 3.6335
209.0526 3.6304
209.0629 3.6273
209.0733 3.6242
209.0836 3.6211
209.0939 3.6180
209.1043 3.6149
209.1146 3.6119
209.1250 3.6088
209.1353 3.6057
209.1457 3.6026
209.1560 3.5995
209.1664 3.5965
209.1767 3.5934
209.1871 3.5903
209.1974 3.5872
209.2078 3.5842
209.2181 3.5811
209.2285 3.5780
209.2389 3.5750
209.2492 3.5719
209.2596 3.5688
209.2699 3.5658
209.2803 3.5627
209.2907 3.5597
209.3010 3.5566
209.3114 3.5535
209.3217 3.5505
209.3321 3.5474
209.3425 3.5444
209.3529 3.5413
209.3632 3.5383
209.3736 3.5352
209.3840 3.5322
209.3943 3.5291
209.4047 3.5261
209.4151 3.5230
209.4255 3.5200
209.4358 3.5169
209.4462 3.5139
209.4566 3.5109
209.4670 3.5078
209.4774 3.5048
209.4877 3.5018
209.4981 3.4987
209.5085 3.4957
209.5189 3.4927
209.5293 3.4896
209.5397 3.4866
209.5501 3.4836
209.5605 3.4805
209.5708 3.4775
209.5812 3.4745
209.5916 3.4715
209.6020 3.4684
209.6124 3.4654
209.6228 3.4624
209.6332 3.4594
209.6436 3.4564
209.6540 3.4534
209.6644 3.4503
209.6748 3.4473
209.6852 3.4443
209.6956 3.4413
209.7060 3.4383
209.7164 3.4353
209.7268 3.4323
209.7372 3.4293
209.7477 3.4263
209.7581 3.4233
209.7685 3.4203
209.7789 3.4173
209.7893 3.4143
209.7997 3.4113
209.8101 3.4083
209.8205 3.4053
209.8310 3.4023
209.8414 3.3993
209.8518 3.3963
209.8622 3.3933
209.8726 3.3903
209.8831 3.3873
209.8935 3.3844
209.9039 3.3814
209.9143 3.3784
209.9248 3.3754
209.9352 3.3724
209.9456 3.3694
209.9560 3.3665
209.9665 3.3635
209.9769 3.3605
209.9873 3.3575
209.9978 3.3546
210.0082 3.3516
210.0186 3.3486
210.0291 3.3457
210.0395 3.3427
210.0500 3.3397
210.0604 3.3368
210.0708 3.3338
210.0813 3.3308
210.0917 3.3279
210.1022 3.3249
210.1126 3.3220
210.1231 3.3190
210.1335 3.3160
210.1440 3.3131
210.1544 3.3101
210.1649 3.3072
210.1753 3.3042
210.1858 3.3013
210.1962 3.2983
210.2067 3.2954
210.2171 3.2924
210.2276 3.2895
210.2380 3.2866
210.2485 3.2836
210.2590 3.2807
210.2694 3.2777
210.2799 3.2748
210.2903 3.2719
210.3008 3.2689
210.3113 3.2660
210.3217 3.2631
210.3322 3.2601
210.3427 3.2572
210.3531 3.2543
210.3636 3.2513
210.3741 3.2484
210.3845 3.2455
210.3950 3.2426
210.4055 3.2396
210.4160 3.2367
210.4264 3.2338
210.4369 3.2309
210.4474 3.2280
210.4579 3.2251
210.4684 3.2221
210.4788 3.2192
210.4893 3.2163
210.4998 3.2134
210.5103 3.2105
210.5208 3.2076
210.5313 3.2047
210.5417 3.2018
210.5522 3.1989
210.5627 3.1960
210.5732 3.1931
210.5837 3.1902
210.5942 3.1873
210.6047 3.1844
210.6152 3.1815
210.6257 3.1786
210.6362 3.1757
210.6467 3.1728
210.6572 3.1699
210.6677 3.1670
210.6782 3.1641
210.6887 3.1612
210.6992 3.1584
210.7097 3.1555
210.7202 3.1526
210.7307 3.1497
210.7412 3.1468
210.7517 3.1440
210.7622 3.1411
210.7727 3.1382
210.7832 3.1353
210.7937 3.1325
210.8042 3.1296
210.8148 3.1267
210.8253 3.1238
210.8358 3.1210
210.8463 3.1181
210.8568 3.1152
210.8673 3.1124
210.8779 3.1095
210.8884 3.1067
210.8989 3.1038
210.9094 3.1009
210.9199 3.0981
210.9305 3.0952
210.9410 3.0924
210.9515 3.0895
210.9621 3.0867
210.9726 3.0838
210.9831 3.0810
210.9936 3.0781
211.0042 3.0753
211.0147 3.0724
211.0252 3.0696
211.0358 3.0667
211.0463 3.0639
211.0568 3.0610
211.0674 3.0582
211.0779 3.0554
211.0885 3.0525
211.0990 3.0497
211.1095 3.0469
211.1201 3.0440
211.1306 3.0412
211.1412 3.0384
211.1517 3.0355
211.1623 3.0327
211.1728 3.0299
211.1834 3.0271
211.1939 3.0242
211.2045 3.0214
211.2150 3.0186
211.2256 3.0158
211.2361 3.0130
211.2467 3.0101
211.2572 3.0073
211.2678 3.0045
211.2783 3.0017
211.2889 2.9989
211.2995 2.9961
211.3100 2.9933
211.3206 2.9905
211.3311 2.9876
211.3417 2.9848
211.3523 2.9820
211.3628 2.9792
211.3734 2.9764
211.3840 2.9736
211.3945 2.9708
211.4051 2.9680
211.4157 2.9652
211.4263 2.9624
211.4368 2.9597
211.4474 2.9569
211.4580 2.9541
211.4685 2.9513
211.4791 2.9485
211.4897 2.9457
211.5003 2.9429
211.5109 2.9401
211.5214 2.9374
211.5320 2.9346
211.5426 2.9318
211.5532 2.9290
211.5638 2.9262
211.5744 2.9235
211.5849 2.9207
211.5955 2.9179
211.6061 2.9151
211.6167 2.9124
211.6273 2.9096
211.6379 2.9068
211.6485 2.9041
211.6591 2.9013
211.6697 2.8985
211.6803 2.8958
211.6909 2.8930
211.7015 2.8903
211.7121 2.8875
211.7227 2.8847
211.7333 2.8820
211.7439 2.8792
211.7545 2.8765
211.7651 2.8737
211.7757 2.8710
211.7863 2.8682
211.7969 2.8655
211.8075 2.8627
211.8181 2.8600
211.8287 2.8572
211.8393 2.8545
211.8499 2.8518
211.8605 2.8490
211.8711 2.8463
211.8818 2.8435
211.8924 2.8408
211.9030 2.8381
211.9136 2.8353
211.9242 2.8326
211.9348 2.8299
211.9455 2.8271
211.9561 2.8244
211.9667 2.8217
211.9773 2.8190
211.9879 2.8162
211.9986 2.8135
212.0092 2.8108
212.0198 2.8081
212.0304 2.8054
212.0411 2.8026
212.0517 2.7999
212.0623 2.7972
212.0730 2.7945
212.0836 2.7918
212.0942 2.7891
212.1049 2.7864
212.1155 2.7837
212.1261 2.7810
212.1368 2.7782
212.1474 2.7755
212.1581 2.7728
212.1687 2.7701
212.1793 2.7674
212.1900 2.7647
212.2006 2.7620
212.2113 2.7593
212.2219 2.7567
212.2326 2.7540
212.2432 2.7513
212.2538 2.7486
212.2645 2.7459
212.2751 2.7432
212.2858 2.7405
212.2965 2.7378
212.3071 2.7351
212.3178 2.7325
212.3284 2.7298
212.3391 2.7271
212.3497 2.7244
212.3604 2.7217
212.3710 2.7191
212.3817 2.7164
212.3924 2.7137
212.4030 2.7110
212.4137 2.7084
212.4243 2.7057
212.4350 2.7030
212.4457 2.7004
212.4563 2.6977
212.4670 2.6950
212.4777 2.6924
212.4883 2.6897
212.4990 2.6871
212.5097 2.6844
212.5204 2.6817
212.5310 2.6791
212.5417 2.6764
212.5524 2.6738
212.5631 2.6711
212.5737 2.6685
212.5844 2.6658
212.5951 2.6632
212.6058 2.6605
212.6164 2.6579
212.6271 2.6552
212.6378 2.6526
212.6485 2.6500
212.6592 2.6473
212.6699 2.6447
212.6805 2.6420
212.6912 2.6394
212.7019 2.6368
212.7126 2.6341
212.7233 2.6315
212.7340 2.6289
212.7447 2.6263
212.7554 2.6236
212.7661 2.6210
212.7768 2.6184
212.7875 2.6157
212.7982 2.6131
212.8089 2.6105
212.8196 2.6079
212.8303 2.6053
212.8410 2.6026
212.8517 2.6000
212.8624 2.5974
212.8731 2.5948
212.8838 2.5922
212.8945 2.5896
212.9052 2.5870
212.9159 2.5844
212.9266 2.5818
212.9373 2.5792
212.9480 2.5766
212.9587 2.5740
212.9694 2.5714
212.9801 2.5688
212.9909 2.5662
213.0016 2.5636
213.0123 2.5610
213.0230 2.5584
213.0337 2.5558
213.0444 2.5532
213.0552 2.5506
213.0659 2.5480
213.0766 2.5454
213.0873 2.5428
213.0980 2.5402
213.1088 2.5377
213.1195 2.5351
213.1302 2.5325
213.1409 2.5299
213.1517 2.5273
213.1624 2.5248
213.1731 2.5222
213.1839 2.5196
213.1946 2.5170
213.2053 2.5145
213.2161 2.5119
213.2268 2.5093
213.2375 2.5068
213.2483 2.5042
213.2590 2.5016
213.2697 2.4991
213.2805 2.4965
213.2912 2.4940
213.3020 2.4914
213.3127 2.4888
213.3234 2.4863
213.3342 2.4837
213.3449 2.4812
213.3557 2.4786
213.3664 2.4761
213.3772 2.4735
213.3879 2.4710
213.3987 2.4684
213.4094 2.4659
213.4202 2.4633
213.4309 2.4608
213.4417 2.4583
213.4524 2.4557
213.4632 2.4532
213.4739 2.4506
213.4847 2.4481
213.4954 2.4456
213.5062 2.4430
213.5170 2.4405
213.5277 2.4380
213.5385 2.4354
213.5492 2.4329
213.5600 2.4304
213.5708 2.4279
213.5815 2.4253
213.5923 2.4228
213.6031 2.4203
213.6138 2.4178
213.6246 2.4153
213.6354 2.4127
213.6461 2.4102
213.6569 2.4077
213.6677 2.4052
213.6785 2.4027
213.6892 2.4002
213.7000 2.3977
213.7108 2.3952
213.7216 2.3927
213.7323 2.3902
213.7431 2.3877
213.7539 2.3851
213.7647 2.3826
213.7755 2.3801
213.7862 2.3777
213.7970 2.3752
213.8078 2.3727
213.8186 2.3702
213.8294 2.3677
213.8402 2.3652
213.8510 2.3627
213.8617 2.3602
213.8725 2.3577
213.8833 2.3552
213.8941 2.3527
213.9049 2.3503
213.9157 2.3478
213.9265 2.3453
213.9373 2.3428
213.9481 2.3403
213.9589 2.3379
213.9697 2.3354
213.9805 2.3329
213.9913 2.3305
214.0021 2.3280
214.0129 2.3255
214.0237 2.3230
214.0345 2.3206
214.0453 2.3181
214.0561 2.3156
214.0669 2.3132
214.0777 2.3107
214.0885 2.3083
214.0993 2.3058
214.1101 2.3033
214.1209 2.3009
214.1318 2.2984
214.1426 2.2960
214.1534 2.2935
214.1642 2.2911
214.1750 2.2886
214.1858 2.2862
214.1966 2.2837
214.2075 2.2813
214.2183 2.2789
214.2291 2.2764
214.2399 2.2740
214.2507 2.2715
214.2616 2.2691
214.2724 2.2667
214.2832 2.2642
214.2940 2.2618
214.3049 2.2594
214.3157 2.2569
214.3265 2.2545
214.3373 2.2521
214.3482 2.2496
214.3590 2.2472
214.3698 2.2448
214.3807 2.2424
214.3915 2.2399
214.4023 2.2375
214.4132 2.2351
214.4240 2.2327
214.4348 2.2303
214.4457 2.2279
214.4565 2.2254
214.4673 2.2230
214.4782 2.2206
214.4890 2.2182
214.4999 2.2158
214.5107 2.2134
214.5216 2.2110
214.5324 2.2086
214.5432 2.2062
214.5541 2.2038
214.5649 2.2014
214.5758 2.1990
214.5866 2.1966
214.5975 2.1942
214.6083 2.1918
214.6192 2.1894
214.6300 2.1870
214.6409 2.1846
214.6517 2.1822
214.6626 2.1798
214.6735 2.1775
214.6843 2.1751
214.6952 2.1727
214.7060 2.1703
214.7169 2.1679
214.7278 2.1655
214.7386 2.1632
214.7495 2.1608
214.7603 2.1584
214.7712 2.1560
214.7821 2.1537
214.7929 2.1513
214.8038 2.1489
214.8147 2.1466
214.8255 2.1442
214.8364 2.1418
214.8473 2.1395
214.8581 2.1371
214.8690 2.1347
214.8799 2.1324
214.8908 2.1300
214.9016 2.1277
214.9125 2.1253
214.9234 2.1230
214.9343 2.1206
214.9451 2.1182
214.9560 2.1159
214.9669 2.1135
214.9778 2.1112
214.9887 2.1089
214.9995 2.1065
215.0104 2.1042
215.0213 2.1018
215.0322 2.0995
215.0431 2.0971
215.0540 2.0948
215.0649 2.0925
215.0757 2.0901
215.0866 2.0878
215.0975 2.0855
215.1084 2.0831
215.1193 2.0808
215.1302 2.0785
215.1411 2.0761
215.1520 2.0738
215.1629 2.0715
215.1738 2.0692
215.1847 2.0669
215.1956 2.0645
215.2065 2.0622
215.2174 2.0599
215.2283 2.0576
215.2392 2.0553
215.2501 2.0530
215.2610 2.0506
215.2719 2.0483
215.2828 2.0460
215.2937 2.0437
215.3046 2.0414
215.3155 2.0391
215.3264 2.0368
215.3373 2.0345
215.3482 2.0322
215.3591 2.0299
215.3700 2.0276
215.3810 2.0253
215.3919 2.0230
215.4028 2.0207
215.4137 2.0184
215.4246 2.0161
215.4355 2.0138
215.4464 2.0115
215.4574 2.0093
215.4683 2.0070
215.4792 2.0047
215.4901 2.0024
215.5010 2.0001
215.5120 1.9978
215.5229 1.9956
215.5338 1.9933
215.5447 1.9910
215.5557 1.9887
215.5666 1.9865
215.5775 1.9842
215.5884 1.9819
215.5994 1.9796
215.6103 1.9774
215.6212 1.9751
215.6322 1.9728
215.6431 1.9706
215.6540 1.9683
215.6650 1.9661
215.6759 1.9638
215.6868 1.9615
215.6978 1.9593
215.7087 1.9570
215.7197 1.9548
215.7306 1.9525
215.7415 1.9503
215.7525 1.9480
215.7634 1.9458
215.7744 1.9435
215.7853 1.9413
215.7962 1.9390
215.8072 1.9368
215.8181 1.9345
215.8291 1.9323
215.8400 1.9301
215.8510 1.9278
215.8619 1.9256
215.8729 1.9233
215.8838 1.9211
215.8948 1.9189
215.9057 1.9167
215.9167 1.9144
215.9276 1.9122
215.9386 1.9100
215.9496 1.9077
215.9605 1.9055
215.9715 1.9033
215.9824 1.9011
215.9934 1.8989
216.0043 1.8966
216.0153 1.8944
216.0263 1.8922
216.0372 1.8900
216.0482 1.8878
216.0592 1.8856
216.0701 1.8834
216.0811 1.8811
216.0921 1.8789
216.1030 1.8767
216.1140 1.8745
216.1250 1.8723
216.1359 1.8701
216.1469 1.8679
216.1579 1.8657
216.1688 1.8635
216.1798 1.8613
216.1908 1.8591
216.2018 1.8569
216.2127 1.8547
216.2237 1.8526
216.2347 1.8504
216.2457 1.8482
216.2567 1.8460
216.2676 1.8438
216.2786 1.8416
216.2896 1.8394
216.3006 1.8373
216.3116 1.8351
216.3225 1.8329
216.3335 1.8307
216.3445 1.8285
216.3555 1.8264
216.3665 1.8242
216.3775 1.8220
216.3885 1.8199
216.3995 1.8177
216.4104 1.8155
216.4214 1.8133
216.4324 1.8112
216.4434 1.8090
216.4544 1.8069
216.4654 1.8047
216.4764 1.8025
216.4874 1.8004
216.4984 1.7982
216.5094 1.7961
216.5204 1.7939
216.5314 1.7918
216.5424 1.7896
216.5534 1.7875
216.5644 1.7853
216.5754 1.7832
216.5864 1.7810
216.5974 1.7789
216.6084 1.7767
216.6194 1.7746
216.6304 1.7725
216.6414 1.7703
216.6524 1.7682
216.6635 1.7660
216.6745 1.7639
216.6855 1.7618
216.6965 1.7596
216.7075 1.7575
216.7185 1.7554
216.7295 1.7533
216.7405 1.7511
216.7516 1.7490
216.7626 1.7469
216.7736 1.7448
216.7846 1.7426
216.7956 1.7405
216.8066 1.7384
216.8177 1.7363
216.8287 1.7342
216.8397 1.7321
216.8507 1.7299
216.8618 1.7278
216.8728 1.7257
216.8838 1.7236
216.8948 1.7215
216.9059 1.7194
216.9169 1.7173
216.9279 1.7152
216.9389 1.7131
216.9500 1.7110
216.9610 1.7089
216.9720 1.7068
216.9831 1.7047
216.9941 1.7026
217.0051 1.7005
217.0162 1.6984
217.0272 1.6963
217.0382 1.6942
217.0493 1.6922
217.0603 1.6901
217.0714 1.6880
217.0824 1.6859
217.0934 1.6838
217.1045 1.6817
217.1155 1.6797
217.1266 1.6776
217.1376 1.6755
217.1486 1.6734
217.1597 1.6714
217.1707 1.6693
217.1818 1.6672
217.1928 1.6651
217.2039 1.6631
217.2149 1.6610
217.2260 1.6589
217.2370 1.6569
217.2481 1.6548
217.2591 1.6528
217.2702 1.6507
217.2812 1.6486
217.2923 1.6466
217.3033 1.6445
217.3144 1.6425
217.3255 1.6404
217.3365 1.6384
217.3476 1.6363
217.3586 1.6343
217.3697 1.6322
217.3808 1.6302
217.3918 1.6281
217.4029 1.6261
217.4139 1.6240
217.4250 1.6220
217.4361 1.6200
217.4471 1.6179
217.4582 1.6159
217.4693 1.6139
217.4803 1.6118
217.4914 1.6098
217.5025 1.6078
217.5135 1.6057
217.5246 1.6037
217.5357 1.6017
217.5467 1.5996
217.5578 1.5976
217.5689 1.5956
217.5800 1.5936
217.5910 1.5916
217.6021 1.5895
217.6132 1.5875
217.6243 1.5855
217.6354 1.5835
217.6464 1.5815
217.6575 1.5795
217.6686 1.5775
217.6797 1.5755
217.6908 1.5734
217.7018 1.5714
217.7129 1.5694
217.7240 1.5674
217.7351 1.5654
217.7462 1.5634
217.7573 1.5614
217.7683 1.5594
217.7794 1.5574
217.7905 1.5554
217.8016 1.5534
217.8127 1.5515
217.8238 1.5495
217.8349 1.5475
217.8460 1.5455
217.8571 1.5435
217.8682 1.5415
217.8793 1.5395
217.8904 1.5375
217.9015 1.5356
217.9125 1.5336
217.9236 1.5316
217.9347 1.5296
217.9458 1.5277
217.9569 1.5257
217.9680 1.5237
217.9791 1.5217
217.9902 1.5198
218.0013 1.5178
218.0125 1.5158
218.0236 1.5139
218.0347 1.5119
218.0458 1.5099
218.0569 1.5080
218.0680 1.5060
218.0791 1.5041
218.0902 1.5021
218.1013 1.5001
218.1124 1.4982
218.1235 1.4962
218.1346 1.4943
218.1458 1.4923
218.1569 1.4904
218.1680 1.4884
218.1791 1.4865
218.1902 1.4845
218.2013 1.4826
218.2124 1.4807
218.2236 1.4787
218.2347 1.4768
218.2458 1.4748
218.2569 1.4729
218.2680 1.4710
218.2792 1.4690
218.2903 1.4671
218.3014 1.4652
218.3125 1.4632
218.3237 1.4613
218.3348 1.4594
218.3459 1.4575
218.3570 1.4555
218.3682 1.4536
218.3793 1.4517
218.3904 1.4498
218.4015 1.4479
218.4127 1.4459
218.4238 1.4440
218.4349 1.4421
218.4461 1.4402
218.4572 1.4383
218.4683 1.4364
218.4795 1.4345
218.4906 1.4326
218.5017 1.4306
218.5129 1.4287
218.5240 1.4268
218.5352 1.4249
218.5463 1.4230
218.5574 1.4211
218.5686 1.4192
218.5797 1.4173
218.5909 1.4154
218.6020 1.4135
218.6131 1.4117
218.6243 1.4098
218.6354 1.4079
218.6466 1.4060
218.6577 1.4041
218.6689 1.4022
218.6800 1.4003
218.6912 1.3984
218.7023 1.3966
218.7135 1.3947
218.7246 1.3928
218.7358 1.3909
218.7469 1.3891
218.7581 1.3872
218.7692 1.3853
218.7804 1.3834
218.7915 1.3816
218.8027 1.3797
218.8138 1.3778
218.8250 1.3760
218.8362 1.3741
218.8473 1.3722
218.8585 1.3704
218.8696 1.3685
218.8808 1.3667
218.8920 1.3648
218.9031 1.3629
218.9143 1.3611
218.9254 1.3592
218.9366 1.3574
218.9478 1.3555
218.9589 1.3537
218.9701 1.3518
218.9813 1.3500
218.9924 1.3481
219.0036 1.3463
219.0148 1.3444
219.0259 1.3426
219.0371 1.3408
219.0483 1.3389
219.0595 1.3371
219.0706 1.3353
219.0818 1.3334
219.0930 1.3316
219.1041 1.3298
219.1153 1.3279
219.1265 1.3261
219.1377 1.3243
219.1489 1.3224
219.1600 1.3206
219.1712 1.3188
219.1824 1.3170
219.1936 1.3152
219.2048 1.3133
219.2159 1.3115
219.2271 1.3097
219.2383 1.3079
219.2495 1.3061
219.2607 1.3043
219.2718 1.3024
219.2830 1.3006
219.2942 1.2988
219.3054 1.2970
219.3166 1.2952
219.3278 1.2934
219.3390 1.2916
219.3502 1.2898
219.3614 1.2880
219.3725 1.2862
219.3837 1.2844
219.3949 1.2826
219.4061 1.2808
219.4173 1.2790
219.4285 1.2772
219.4397 1.2754
219.4509 1.2737
219.4621 1.2719
219.4733 1.2701
219.4845 1.2683
219.4957 1.2665
219.5069 1.2647
219.5181 1.2630
219.5293 1.2612
219.5405 1.2594
219.5517 1.2576
219.5629 1.2558
219.5741 1.2541
219.5853 1.2523
219.5965 1.2505
219.6077 1.2488
219.6189 1.2470
219.6301 1.2452
219.6413 1.2435
219.6525 1.2417
219.6638 1.2399
219.6750 1.2382
219.6862 1.2364
219.6974 1.2347
219.7086 1.2329
219.7198 1.2311
219.7310 1.2294
219.7422 1.2276
219.7534 1.2259
219.7647 1.2241
219.7759 1.2224
219.7871 1.2206
219.7983 1.2189
219.8095 1.2171
219.8207 1.2154
219.8320 1.2137
219.8432 1.2119
219.8544 1.2102
219.8656 1.2084
219.8768 1.2067
219.8881 1.2050
219.8993 1.2032
219.9105 1.2015
219.9217 1.1998
219.9330 1.1980
219.9442 1.1963
219.9554 1.1946
219.9666 1.1929
219.9779 1.1911
219.9891 1.1894
220.0003 1.1877
220.0116 1.1860
220.0228 1.1843
220.0340 1.1825
220.0452 1.1808
220.0565 1.1791
220.0677 1.1774
220.0789 1.1757
220.0902 1.1740
220.1014 1.1723
220.1127 1.1706
220.1239 1.1689
220.1351 1.1671
220.1464 1.1654
220.1576 1.1637
220.1688 1.1620
220.1801 1.1603
220.1913 1.1586
220.2026 1.1569
220.2138 1.1553
220.2250 1.1536
220.2363 1.1519
220.2475 1.1502
220.2588 1.1485
220.2700 1.1468
220.2813 1.1451
220.2925 1.1434
220.3038 1.1417
220.3150 1.1401
220.3262 1.1384
220.3375 1.1367
220.3487 1.1350
220.3600 1.1333
220.3712 1.1317
220.3825 1.1300
220.3937 1.1283
220.4050 1.1266
220.4163 1.1250
220.4275 1.1233
220.4388 1.1216
220.4500 1.1200
220.4613 1.1183
220.4725 1.1166
220.4838 1.1150
220.4950 1.1133
220.5063 1.1117
220.5176 1.1100
220.5288 1.1083
220.5401 1.1067
220.5513 1.1050
220.5626 1.1034
220.5739 1.1017
220.5851 1.1001
220.5964 1.0984
220.6076 1.0968
220.6189 1.0951
220.6302 1.0935
220.6414 1.0919
220.6527 1.0902
220.6640 1.0886
220.6752 1.0869
220.6865 1.0853
220.6978 1.0837
220.7090 1.0820
220.7203 1.0804
220.7316 1.0788
220.7429 1.0771
220.7541 1.0755
220.7654 1.0739
220.7767 1.0723
220.7880 1.0706
220.7992 1.0690
220.8105 1.0674
220.8218 1.0658
220.8331 1.0641
220.8443 1.0625
220.8556 1.0609
220.8669 1.0593
220.8782 1.0577
220.8894 1.0561
220.9007 1.0545
220.9120 1.0528
220.9233 1.0512
220.9346 1.0496
220.9458 1.0480
220.9571 1.0464
220.9684 1.0448
220.9797 1.0432
220.9910 1.0416
221.0023 1.0400
221.0136 1.0384
221.0248 1.0368
221.0361 1.0352
221.0474 1.0336
221.0587 1.0320
221.0700 1.0304
221.0813 1.0289
221.0926 1.0273
221.1039 1.0257
221.1152 1.0241
221.1264 1.0225
221.1377 1.0209
221.1490 1.0193
221.1603 1.0178
221.1716 1.0162
221.1829 1.0146
221.1942 1.0130
221.2055 1.0115
221.2168 1.0099
221.2281 1.0083
221.2394 1.0067
221.2507 1.0052
221.2620 1.0036
221.2733 1.0020
221.2846 1.0005
221.2959 0.9989
221.3072 0.9974
221.3185 0.9958
221.3298 0.9942
221.3411 0.9927
221.3524 0.9911
221.3637 0.9896
221.3750 0.9880
221.3863 0.9865
221.3976 0.9849
221.4089 0.9834
221.4203 0.9818
221.4316 0.9803
221.4429 0.9787
221.4542 0.9772
221.4655 0.9756
221.4768 0.9741
221.4881 0.9725
221.4994 0.9710
221.5107 0.9695
221.5220 0.9679
221.5334 0.9664
221.5447 0.9649
221.5560 0.9633
221.5673 0.9618
221.5786 0.9603
221.5899 0.9587
221.6013 0.9572
221.6126 0.9557
221.6239 0.9542
221.6352 0.9526
221.6465 0.9511
221.6579 0.9496
221.6692 0.9481
221.6805 0.9466
221.6918 0.9451
221.7031 0.9435
221.7145 0.9420
221.7258 0.9405
221.7371 0.9390
221.7484 0.9375
221.7598 0.9360
221.7711 0.9345
221.7824 0.9330
221.7937 0.9315
221.8051 0.9300
221.8164 0.9285
221.8277 0.9270
221.8391 0.9255
221.8504 0.9240
221.8617 0.9225
221.8730 0.9210
221.8844 0.9195
221.8957 0.9180
221.9070 0.9165
221.9184 0.9150
221.9297 0.9135
221.9410 0.9121
221.9524 0.9106
221.9637 0.9091
221.9750 0.9076
221.9864 0.9061
221.9977 0.9047
222.0091 0.9032
222.0204 0.9017
222.0317 0.9002
222.0431 0.8987
222.0544 0.8973
222.0658 0.8958
222.0771 0.8943
222.0884 0.8929
222.0998 0.8914
222.1111 0.8899
222.1225 0.8885
222.1338 0.8870
222.1452 0.8855
222.1565 0.8841
222.1679 0.8826
222.1792 0.8812
222.1905 0.8797
222.2019 0.8783
222.2132 0.8768
222.2246 0.8754
222.2359 0.8739
222.2473 0.8725
222.2586 0.8710
222.2700 0.8696
222.2813 0.8681
222.2927 0.8667
222.3040 0.8652
222.3154 0.8638
222.3268 0.8624
222.3381 0.8609
222.3495 0.8595
222.3608 0.8580
222.3722 0.8566
222.3835 0.8552
222.3949 0.8537
222.4062 0.8523
222.4176 0.8509
222.4290 0.8495
222.4403 0.8480
222.4517 0.8466
222.4630 0.8452
222.4744 0.8438
222.4858 0.8423
222.4971 0.8409
222.5085 0.8395
222.5199 0.8381
222.5312 0.8367
222.5426 0.8353
222.5539 0.8338
222.5653 0.8324
222.5767 0.8310
222.5880 0.8296
222.5994 0.8282
222.6108 0.8268
222.6221 0.8254
222.6335 0.8240
222.6449 0.8226
222.6563 0.8212
222.6676 0.8198
222.6790 0.8184
222.6904 0.8170
222.7017 0.8156
222.7131 0.8142
222.7245 0.8128
222.7359 0.8114
222.7472 0.8100
222.7586 0.8087
222.7700 0.8073
222.7814 0.8059
222.7927 0.8045
222.8041 0.8031
222.8155 0.8017
222.8269 0.8004
222.8382 0.7990
222.8496 0.7976
222.8610 0.7962
222.8724 0.7948
222.8838 0.7935
222.8951 0.7921
222.9065 0.7907
222.9179 0.7894
222.9293 0.7880
222.9407 0.7866
222.9520 0.7853
222.9634 0.7839
222.9748 0.7825
222.9862 0.7812
222.9976 0.7798
223.0090 0.7785
223.0204 0.7771
223.0317 0.7757
223.0431 0.7744
223.0545 0.7730
223.0659 0.7717
223.0773 0.7703
223.0887 0.7690
223.1001 0.7676
223.1115 0.7663
223.1229 0.7649
223.1343 0.7636
223.1456 0.7623
223.1570 0.7609
223.1684 0.7596
223.1798 0.7582
223.1912 0.7569
223.2026 0.7556
223.2140 0.7542
223.2254 0.7529
223.2368 0.7516
223.2482 0.7502
223.2596 0.7489
223.2710 0.7476
223.2824 0.7462
223.2938 0.7449
223.3052 0.7436
223.3166 0.7423
223.3280 0.7410
223.3394 0.7396
223.3508 0.7383
223.3622 0.7370
223.3736 0.7357
223.3850 0.7344
223.3964 0.7331
223.4078 0.7317
223.4192 0.7304
223.4306 0.7291
223.4420 0.7278
223.4534 0.7265
223.4648 0.7252
223.4762 0.7239
223.4876 0.7226
223.4991 0.7213
223.5105 0.7200
223.5219 0.7187
223.5333 0.7174
223.5447 0.7161
223.5561 0.7148
223.5675 0.7135
223.5789 0.7122
223.5903 0.7109
223.6018 0.7097
223.6132 0.7084
223.6246 0.7071
223.6360 0.7058
223.6474 0.7045
223.6588 0.7032
223.6702 0.7019
223.6817 0.7007
223.6931 0.6994
223.7045 0.6981
223.7159 0.6968
223.7273 0.6956
223.7387 0.6943
223.7502 0.6930
223.7616 0.6917
223.7730 0.6905
223.7844 0.6892
223.7958 0.6879
223.8073 0.6867
223.8187 0.6854
223.8301 0.6841
223.8415 0.6829
223.8529 0.6816
223.8644 0.6804
223.8758 0.6791
223.8872 0.6779
223.8986 0.6766
223.9101 0.6754
223.9215 0.6741
223.9329 0.6728
223.9443 0.6716
223.9558 0.6704
223.9672 0.6691
223.9786 0.6679
223.9901 0.6666
224.0015 0.6654
224.0129 0.6641
224.0244 0.6629
224.0358 0.6617
224.0472 0.6604
224.0586 0.6592
224.0701 0.6579
224.0815 0.6567
224.0929 0.6555
224.1044 0.6543
224.1158 0.6530
224.1272 0.6518
224.1387 0.6506
224.1501 0.6493
224.1616 0.6481
224.1730 0.6469
224.1844 0.6457
224.1959 0.6445
224.2073 0.6432
224.2187 0.6420
224.2302 0.6408
224.2416 0.6396
224.2531 0.6384
224.2645 0.6372
224.2759 0.6360
224.2874 0.6347
224.2988 0.6335
224.3103 0.6323
224.3217 0.6311
224.3331 0.6299
224.3446 0.6287
224.3560 0.6275
224.3675 0.6263
224.3789 0.6251
224.3904 0.6239
224.4018 0.6227
224.4133 0.6215
224.4247 0.6203
224.4362 0.6191
224.4476 0.6179
224.4590 0.6168
224.4705 0.6156
224.4819 0.6144
224.4934 0.6132
224.5048 0.6120
224.5163 0.6108
224.5277 0.6096
224.5392 0.6085
224.5507 0.6073
224.5621 0.6061
224.5736 0.6049
224.5850 0.6038
224.5965 0.6026
224.6079 0.6014
224.6194 0.6002
224.6308 0.5991
224.6423 0.5979
224.6537 0.5967
224.6652 0.5956
224.6766 0.5944
224.6881 0.5932
224.6996 0.5921
224.7110 0.5909
224.7225 0.5898
224.7339 0.5886
224.7454 0.5874
224.7569 0.5863
224.7683 0.5851
224.7798 0.5840
224.7912 0.5828
224.8027 0.5817
224.8142 0.5805
224.8256 0.5794
224.8371 0.5782
224.8486 0.5771
224.8600 0.5760
224.8715 0.5748
224.8829 0.5737
224.8944 0.5725
224.9059 0.5714
224.9173 0.5703
224.9288 0.5691
224.9403 0.5680
224.9517 0.5668
224.9632 0.5657
224.9747 0.5646
224.9861 0.5635
224.9976 0.5623
225.0091 0.5612
225.0206 0.5601
225.0320 0.5590
225.0435 0.5578
225.0550 0.5567
225.0664 0.5556
225.0779 0.5545
225.0894 0.5534
225.1009 0.5522
225.1123 0.5511
225.1238 0.5500
225.1353 0.5489
225.1468 0.5478
225.1582 0.5467
225.1697 0.5456
225.1812 0.5445
225.1927 0.5433
225.2041 0.5422
225.2156 0.5411
225.2271 0.5400
225.2386 0.5389
225.2500 0.5378
225.2615 0.5367
225.2730 0.5356
225.2845 0.5345
225.2960 0.5335
225.3074 0.5324
225.3189 0.5313
225.3304 0.5302
225.3419 0.5291
225.3534 0.5280
225.3648 0.5269
225.3763 0.5258
225.3878 0.5247
225.3993 0.5237
225.4108 0.5226
225.4223 0.5215
225.4338 0.5204
225.4452 0.5193
225.4567 0.5183
225.4682 0.5172
225.4797 0.5161
225.4912 0.5150
225.5027 0.5140
225.5142 0.5129
225.5256 0.5118
225.5371 0.5108
225.5486 0.5097
225.5601 0.5086
225.5716 0.5076
225.5831 0.5065
225.5946 0.5055
225.6061 0.5044
225.6176 0.5033
225.6291 0.5023
225.6406 0.5012
225.6520 0.5002
225.6635 0.4991
225.6750 0.4981
225.6865 0.4970
225.6980 0.4960
225.7095 0.4949
225.7210 0.4939
225.7325 0.4928
225.7440 0.4918
225.7555 0.4907
225.7670 0.4897
225.7785 0.4887
225.7900 0.4876
225.8015 0.4866
225.8130 0.4855
225.8245 0.4845
225.8360 0.4835
225.8475 0.4824
225.8590 0.4814
225.8705 0.4804
225.8820 0.4794
225.8935 0.4783
225.9050 0.4773
225.9165 0.4763
225.9280 0.4753
225.9395 0.4742
225.9510 0.4732
225.9625 0.4722
225.9740 0.4712
225.9855 0.4702
225.9970 0.4691
226.0085 0.4681
226.0200 0.4671
226.0315 0.4661
226.0430 0.4651
226.0545 0.4641
226.0660 0.4631
226.0776 0.4621
226.0891 0.4611
226.1006 0.4601
226.1121 0.4590
226.1236 0.4580
226.1351 0.4570
226.1466 0.4560
226.1581 0.4550
226.1696 0.4541
226.1811 0.4531
226.1926 0.4521
226.2042 0.4511
226.2157 0.4501
226.2272 0.4491
226.2387 0.4481
226.2502 0.4471
226.2617 0.4461
226.2732 0.4451
226.2847 0.4442
226.2963 0.4432
226.3078 0.4422
226.3193 0.4412
226.3308 0.4402
226.3423 0.4393
226.3538 0.4383
226.3654 0.4373
226.3769 0.4363
226.3884 0.4354
226.3999 0.4344
226.4114 0.4334
226.4229 0.4324
226.4345 0.4315
226.4460 0.4305
226.4575 0.4295
226.4690 0.4286
226.4805 0.4276
226.4921 0.4267
226.5036 0.4257
226.5151 0.4247
226.5266 0.4238
226.5381 0.4228
226.5497 0.4219
226.5612 0.4209
226.5727 0.4200
226.5842 0.4190
226.5958 0.4181
226.6073 0.4171
226.6188 0.4162
226.6303 0.4152
226.6419 0.4143
226.6534 0.4133
226.6649 0.4124
226.6764 0.4114
226.6880 0.4105
226.6995 0.4096
226.7110 0.4086
226.7225 0.4077
226.7341 0.4068
226.7456 0.4058
226.7571 0.4049
226.7687 0.4040
226.7802 0.4030
226.7917 0.4021
226.8033 0.4012
226.8148 0.4003
226.8263 0.3993
226.8378 0.3984
226.8494 0.3975
226.8609 0.3966
226.8724 0.3956
226.8840 0.3947
226.8955 0.3938
226.9070 0.3929
226.9186 0.3920
226.9301 0.3911
226.9416 0.3901
226.9532 0.3892
226.9647 0.3883
226.9762 0.3874
226.9878 0.3865
226.9993 0.3856
227.0109 0.3847
227.0224 0.3838
227.0339 0.3829
227.0455 0.3820
227.0570 0.3811
227.0685 0.3802
227.0801 0.3793
227.0916 0.3784
227.1032 0.3775
227.1147 0.3766
227.1262 0.3757
227.1378 0.3748
227.1493 0.3739
227.1609 0.3731
227.1724 0.3722
227.1839 0.3713
227.1955 0.3704
227.2070 0.3695
227.2186 0.3686
227.2301 0.3677
227.2417 0.3669
227.2532 0.3660
227.2647 0.3651
227.2763 0.3642
227.2878 0.3634
227.2994 0.3625
227.3109 0.3616
227.3225 0.3607
227.3340 0.3599
227.3456 0.3590
227.3571 0.3581
227.3687 0.3573
227.3802 0.3564
227.3918 0.3555
227.4033 0.3547
227.4148 0.3538
227.4264 0.3530
227.4379 0.3521
227.4495 0.3512
227.4610 0.3504
227.4726 0.3495
227.4841 0.3487
227.4957 0.3478
227.5072 0.3470
227.5188 0.3461
227.5303 0.3453
227.5419 0.3444
227.5535 0.3436
227.5650 0.3427
227.5766 0.3419
227.5881 0.3410
227.5997 0.3402
227.6112 0.3394
227.6228 0.3385
227.6343 0.3377
227.6459 0.3368
227.6574 0.3360
227.6690 0.3352
227.6805 0.3343
227.6921 0.3335
227.7037 0.3327
227.7152 0.3318
227.7268 0.3310
227.7383 0.3302
227.7499 0.3294
227.7614 0.3285
227.7730 0.3277
227.7846 0.3269
227.7961 0.3261
227.8077 0.3252
227.8192 0.3244
227.8308 0.3236
227.8424 0.3228
227.8539 0.3220
227.8655 0.3212
227.8770 0.3204
227.8886 0.3195
227.9002 0.3187
227.9117 0.3179
227.9233 0.3171
227.9348 0.3163
227.9464 0.3155
227.9580 0.3147
227.9695 0.3139
227.9811 0.3131
227.9927 0.3123
228.0042 0.3115
228.0158 0.3107
228.0274 0.3099
228.0389 0.3091
228.0505 0.3083
228.0621 0.3075
228.0736 0.3067
228.0852 0.3059
228.0968 0.3051
228.1083 0.3044
228.1199 0.3036
228.1315 0.3028
228.1430 0.3020
228.1546 0.3012
228.1662 0.3004
228.1777 0.2996
228.1893 0.2989
228.2009 0.2981
228.2124 0.2973
228.2240 0.2965
228.2356 0.2958
228.2471 0.2950
228.2587 0.2942
228.2703 0.2934
228.2819 0.2927
228.2934 0.2919
228.3050 0.2911
228.3166 0.2904
228.3281 0.2896
228.3397 0.2888
228.3513 0.2881
228.3629 0.2873
228.3744 0.2865
228.3860 0.2858
228.3976 0.2850
228.4092 0.2843
228.4207 0.2835
228.4323 0.2828
228.4439 0.2820
228.4555 0.2813
228.4670 0.2805
228.4786 0.2798
228.4902 0.2790
228.5018 0.2783
228.5133 0.2775
228.5249 0.2768
228.5365 0.2760
228.5481 0.2753
228.5597 0.2745
228.5712 0.2738
228.5828 0.2731
228.5944 0.2723
228.6060 0.2716
228.6175 0.2708
228.6291 0.2701
228.6407 0.2694
228.6523 0.2686
228.6639 0.2679
228.6755 0.2672
228.6870 0.2664
228.6986 0.2657
228.7102 0.2650
228.7218 0.2643
228.7334 0.2635
228.7449 0.2628
228.7565 0.2621
228.7681 0.2614
228.7797 0.2607
228.7913 0.2599
228.8029 0.2592
228.8144 0.2585
228.8260 0.2578
228.8376 0.2571
228.8492 0.2564
228.8608 0.2557
228.8724 0.2549
228.8839 0.2542
228.8955 0.2535
228.9071 0.2528
228.9187 0.2521
228.9303 0.2514
228.9419 0.2507
228.9535 0.2500
228.9651 0.2493
228.9766 0.2486
228.9882 0.2479
228.9998 0.2472
229.0114 0.2465
229.0230 0.2458
229.0346 0.2451
229.0462 0.2444
229.0578 0.2437
229.0694 0.2431
229.0809 0.2424
229.0925 0.2417
229.1041 0.2410
229.1157 0.2403
229.1273 0.2396
229.1389 0.2389
229.1505 0.2383
229.1621 0.2376
229.1737 0.2369
229.1853 0.2362
229.1969 0.2355
229.2084 0.2349
229.2200 0.2342
229.2316 0.2335
229.2432 0.2328
229.2548 0.2322
229.2664 0.2315
229.2780 0.2308
229.2896 0.2302
229.3012 0.2295
229.3128 0.2288
229.3244 0.2282
229.3360 0.2275
229.3476 0.2268
229.3592 0.2262
229.3708 0.2255
229.3824 0.2249
229.3940 0.2242
229.4056 0.2235
229.4172 0.2229
229.4288 0.2222
229.4404 0.2216
229.4519 0.2209
229.4635 0.2203
229.4751 0.2196
229.4867 0.2190
229.4983 0.2183
229.5099 0.2177
229.5215 0.2170
229.5331 0.2164
229.5447 0.2158
229.5563 0.2151
229.5679 0.2145
229.5795 0.2138
229.5911 0.2132
229.6027 0.2126
229.6143 0.2119
229.6259 0.2113
229.6375 0.2106
229.6491 0.2100
229.6608 0.2094
229.6724 0.2088
229.6840 0.2081
229.6956 0.2075
229.7072 0.2069
229.7188 0.2062
229.7304 0.2056
229.7420 0.2050
229.7536 0.2044
229.7652 0.2038
229.7768 0.2031
229.7884 0.2025
229.8000 0.2019
229.8116 0.2013
229.8232 0.2007
229.8348 0.2000
229.8464 0.1994
229.8580 0.1988
229.8696 0.1982
229.8812 0.1976
229.8928 0.1970
229.9045 0.1964
229.9161 0.1958
229.9277 0.1952
229.9393 0.1946
229.9509 0.1940
229.9625 0.1934
229.9741 0.1928
229.9857 0.1922
229.9973 0.1916
230.0089 0.1910
230.0205 0.1904
230.0321 0.1898
230.0438 0.1892
230.0554 0.1886
230.0670 0.1880
230.0786 0.1874
230.0902 0.1868
230.1018 0.1862
230.1134 0.1856
230.1250 0.1850
230.1366 0.1845
230.1482 0.1839
230.1599 0.1833
230.1715 0.1827
230.1831 0.1821
230.1947 0.1816
230.2063 0.1810
230.2179 0.1804
230.2295 0.1798
230.2411 0.1792
230.2528 0.1787
230.2644 0.1781
230.2760 0.1775
230.2876 0.1770
230.2992 0.1764
230.3108 0.1758
230.3224 0.1752
230.3341 0.1747
230.3457 0.1741
230.3573 0.1736
230.3689 0.1730
230.3805 0.1724
230.3921 0.1719
230.4038 0.1713
230.4154 0.1707
230.4270 0.1702
230.4386 0.1696
230.4502 0.1691
230.4618 0.1685
230.4735 0.1680
230.4851 0.1674
230.4967 0.1669
230.5083 0.1663
230.5199 0.1658
230.5315 0.1652
230.5432 0.1647
230.5548 0.1641
230.5664 0.1636
230.5780 0.1630
230.5896 0.1625
230.6013 0.1619
230.6129 0.1614
230.6245 0.1609
230.6361 0.1603
230.6477 0.1598
230.6594 0.1593
230.6710 0.1587
230.6826 0.1582
230.6942 0.1577
230.7058 0.1571
230.7175 0.1566
230.7291 0.1561
230.7407 0.1555
230.7523 0.1550
230.7640 0.1545
230.7756 0.1540
230.7872 0.1534
230.7988 0.1529
230.8104 0.1524
230.8221 0.1519
230.8337 0.1513
230.8453 0.1508
230.8569 0.1503
230.8686 0.1498
230.8802 0.1493
230.8918 0.1488
230.9034 0.1482
230.9151 0.1477
230.9267 0.1472
230.9383 0.1467
230.9499 0.1462
230.9616 0.1457
230.9732 0.1452
230.9848 0.1447
230.9964 0.1442
231.0081 0.1437
231.0197 0.1432
231.0313 0.1427
231.0429 0.1422
231.0546 0.1417
231.0662 0.1412
231.0778 0.1407
231.0895 0.1402
231.1011 0.1397
231.1127 0.1392
231.1243 0.1387
231.1360 0.1382
231.1476 0.1377
231.1592 0.1372
231.1709 0.1367
231.1825 0.1362
231.1941 0.1358
231.2057 0.1353
231.2174 0.1348
231.2290 0.1343
231.2406 0.1338
231.2523 0.1333
231.2639 0.1329
231.2755 0.1324
231.2871 0.1319
231.2988 0.1314
231.3104 0.1309
231.3220 0.1305
231.3337 0.1300
231.3453 0.1295
231.3569 0.1291
231.3686 0.1286
231.3802 0.1281
231.3918 0.1276
231.4035 0.1272
231.4151 0.1267
231.4267 0.1262
231.4384 0.1258
231.4500 0.1253
231.4616 0.1248
231.4733 0.1244
231.4849 0.1239
231.4965 0.1235
231.5082 0.1230
231.5198 0.1225
231.5314 0.1221
231.5431 0.1216
231.5547 0.1212
231.5663 0.1207
231.5780 0.1203
231.5896 0.1198
231.6012 0.1194
231.6129 0.1189
231.6245 0.1185
231.6361 0.1180
231.6478 0.1176
231.6594 0.1171
231.6710 0.1167
231.6827 0.1163
231.6943 0.1158
231.7059 0.1154
231.7176 0.1149
231.7292 0.1145
231.7409 0.1140
231.7525 0.1136
231.7641 0.1132
231.7758 0.1127
231.7874 0.1123
231.7990 0.1119
231.8107 0.1114
231.8223 0.1110
231.8340 0.1106
231.8456 0.1102
231.8572 0.1097
231.8689 0.1093
231.8805 0.1089
231.8921 0.1084
231.9038 0.1080
231.9154 0.1076
231.9271 0.1072
231.9387 0.1068
231.9503 0.1063
231.9620 0.1059
231.9736 0.1055
231.9853 0.1051
231.9969 0.1047
232.0085 0.1043
232.0202 0.1038
232.0318 0.1034
232.0435 0.1030
232.0551 0.1026
232.0667 0.1022
232.0784 0.1018
232.0900 0.1014
232.1017 0.1010
232.1133 0.1006
232.1250 0.1002
232.1366 0.0998
232.1482 0.0994
232.1599 0.0990
232.1715 0.0986
232.1832 0.0982
232.1948 0.0978
232.2065 0.0974
232.2181 0.0970
232.2297 0.0966
232.2414 0.0962
232.2530 0.0958
232.2647 0.0954
232.2763 0.0950
232.2880 0.0946
232.2996 0.0942
232.3112 0.0938
232.3229 0.0934
232.3345 0.0930
232.3462 0.0927
232.3578 0.0923
232.3695 0.0919
232.3811 0.0915
232.3928 0.0911
232.4044 0.0907
232.4160 0.0904
232.4277 0.0900
232.4393 0.0896
232.4510 0.0892
232.4626 0.0888
232.4743 0.0885
232.4859 0.0881
232.4976 0.0877
232.5092 0.0874
232.5209 0.0870
232.5325 0.0866
232.5442 0.0862
232.5558 0.0859
232.5674 0.0855
232.5791 0.0851
232.5907 0.0848
232.6024 0.0844
232.6140 0.0840
232.6257 0.0837
232.6373 0.0833
232.6490 0.0830
232.6606 0.0826
232.6723 0.0822
232.6839 0.0819
232.6956 0.0815
232.7072 0.0812
232.7189 0.0808
232.7305 0.0805
232.7422 0.0801
232.7538 0.0798
232.7655 0.0794
232.7771 0.0791
232.7888 0.0787
232.8004 0.0784
232.8121 0.0780
232.8237 0.0777
232.8354 0.0773
232.8470 0.0770
232.8587 0.0766
232.8703 0.0763
232.8820 0.0759
232.8936 0.0756
232.9053 0.0753
232.9169 0.0749
232.9286 0.0746
232.9402 0.0742
232.9519 0.0739
232.9635 0.0736
232.9752 0.0732
232.9868 0.0729
232.9985 0.0726
233.0101 0.0722
233.0218 0.0719
233.0334 0.0716
233.0451 0.0713
233.0567 0.0709
233.0684 0.0706
233.0800 0.0703
233.0917 0.0699
233.1033 0.0696
233.1150 0.0693
233.1266 0.0690
233.1383 0.0687
233.1499 0.0683
233.1616 0.0680
233.1733 0.0677
233.1849 0.0674
233.1966 0.0671
233.2082 0.0667
233.2199 0.0664
233.2315 0.0661
233.2432 0.0658
233.2548 0.0655
233.2665 0.0652
233.2781 0.0649
233.2898 0.0646
233.3014 0.0642
233.3131 0.0639
233.3248 0.0636
233.3364 0.0633
233.3481 0.0630
233.3597 0.0627
233.3714 0.0624
233.3830 0.0621
233.3947 0.0618
233.4063 0.0615
233.4180 0.0612
233.4296 0.0609
233.4413 0.0606
233.4530 0.0603
233.4646 0.0600
233.4763 0.0597
233.4879 0.0594
233.4996 0.0591
233.5112 0.0588
233.5229 0.0586
233.5346 0.0583
233.5462 0.0580
233.5579 0.0577
233.5695 0.0574
233.5812 0.0571
233.5928 0.0568
233.6045 0.0565
233.6161 0.0563
233.6278 0.0560
233.6395 0.0557
233.6511 0.0554
233.6628 0.0551
233.6744 0.0548
233.6861 0.0546
233.6977 0.0543
233.7094 0.0540
233.7211 0.0537
233.7327 0.0535
233.7444 0.0532
233.7560 0.0529
233.7677 0.0526
233.7794 0.0524
233.7910 0.0521
233.8027 0.0518
233.8143 0.0516
233.8260 0.0513
233.8376 0.0510
233.8493 0.0507
233.8610 0.0505
233.8726 0.0502
233.8843 0.0500
233.8959 0.0497
233.9076 0.0494
233.9193 0.0492
233.9309 0.0489
233.9426 0.0486
233.9542 0.0484
233.9659 0.0481
233.9776 0.0479
233.9892 0.0476
234.0009 0.0474
234.0125 0.0471
234.0242 0.0468
234.0359 0.0466
234.0475 0.0463
234.0592 0.0461
234.0708 0.0458
234.0825 0.0456
234.0942 0.0453
234.1058 0.0451
234.1175 0.0448
234.1291 0.0446
234.1408 0.0444
234.1525 0.0441
234.1641 0.0439
234.1758 0.0436
234.1874 0.0434
234.1991 0.0431
234.2108 0.0429
234.2224 0.0427
234.2341 0.0424
234.2458 0.0422
234.2574 0.0419
234.2691 0.0417
234.2807 0.0415
234.2924 0.0412
234.3041 0.0410
234.3157 0.0408
234.3274 0.0405
234.3391 0.0403
234.3507 0.0401
234.3624 0.0398
234.3740 0.0396
234.3857 0.0394
234.3974 0.0392
234.4090 0.0389
234.4207 0.0387
234.4324 0.0385
234.4440 0.0383
234.4557 0.0380
234.4673 0.0378
234.4790 0.0376
234.4907 0.0374
234.5023 0.0372
234.5140 0.0369
234.5257 0.0367
234.5373 0.0365
234.5490 0.0363
234.5607 0.0361
234.5723 0.0359
234.5840 0.0356
234.5956 0.0354
234.6073 0.0352
234.6190 0.0350
234.6306 0.0348
234.6423 0.0346
234.6540 0.0344
234.6656 0.0342
234.6773 0.0340
234.6890 0.0337
234.7006 0.0335
234.7123 0.0333
234.7240 0.0331
234.7356 0.0329
234.7473 0.0327
234.7589 0.0325
234.7706 0.0323
234.7823 0.0321
234.7939 0.0319
234.8056 0.0317
234.8173 0.0315
234.8289 0.0313
234.8406 0.0311
234.8523 0.0309
234.8639 0.0307
234.8756 0.0305
234.8873 0.0303
234.8989 0.0302
234.9106 0.0300
234.9223 0.0298
234.9339 0.0296
234.9456 0.0294
234.9573 0.0292
234.9689 0.0290
234.9806 0.0288
234.9923 0.0286
235.0039 0.0284
235.0156 0.0283
235.0273 0.0281
235.0389 0.0279
235.0506 0.0277
235.0623 0.0275
235.0739 0.0273
235.0856 0.0272
235.0973 0.0270
235.1089 0.0268
235.1206 0.0266
235.1323 0.0264
235.1439 0.0263
235.1556 0.0261
235.1673 0.0259
235.1789 0.0257
235.1906 0.0256
235.2023 0.0254
235.2139 0.0252
235.2256 0.0251
235.2373 0.0249
235.2489 0.0247
235.2606 0.0245
235.2723 0.0244
235.2839 0.0242
235.2956 0.0240
235.3073 0.0239
235.3189 0.0237
235.3306 0.0235
235.3423 0.0234
235.3540 0.0232
235.3656 0.0230
235.3773 0.0229
235.3890 0.0227
235.4006 0.0226
235.4123 0.0224
235.4240 0.0222
235.4356 0.0221
235.4473 0.0219
235.4590 0.0218
235.4706 0.0216
235.4823 0.0214
235.4940 0.0213
235.5056 0.0211
235.5173 0.0210
235.5290 0.0208
235.5406 0.0207
235.5523 0.0205
235.5640 0.0204
235.5757 0.0202
235.5873 0.0201
235.5990 0.0199
235.6107 0.0198
235.6223 0.0196
235.6340 0.0195
235.6457 0.0193
235.6573 0.0192
235.6690 0.0190
235.6807 0.0189
235.6923 0.0188
235.7040 0.0186
235.7157 0.0185
235.7274 0.0183
235.7390 0.0182
235.7507 0.0180
235.7624 0.0179
235.7740 0.0178
235.7857 0.0176
235.7974 0.0175
235.8090 0.0174
235.8207 0.0172
235.8324 0.0171
235.8441 0.0170
235.8557 0.0168
235.8674 0.0167
235.8791 0.0166
235.8907 0.0164
235.9024 0.0163
235.9141 0.0162
235.9257 0.0160
235.9374 0.0159
235.9491 0.0158
235.9608 0.0156
235.9724 0.0155
235.9841 0.0154
235.9958 0.0153
236.0074 0.0151
236.0191 0.0150
236.0308 0.0149
236.0424 0.0148
236.0541 0.0146
236.0658 0.0145
236.0775 0.0144
236.0891 0.0143
236.1008 0.0142
236.1125 0.0140
236.1241 0.0139
236.1358 0.0138
236.1475 0.0137
236.1592 0.0136
236.1708 0.0134
236.1825 0.0133
236.1942 0.0132
236.2058 0.0131
236.2175 0.0130
236.2292 0.0129
236.2409 0.0128
236.2525 0.0127
236.2642 0.0125
236.2759 0.0124
236.2875 0.0123
236.2992 0.0122
236.3109 0.0121
236.3226 0.0120
236.3342 0.0119
236.3459 0.0118
236.3576 0.0117
236.3692 0.0116
236.3809 0.0115
236.3926 0.0114
236.4043 0.0113
236.4159 0.0112
236.4276 0.0110
236.4393 0.0109
236.4509 0.0108
236.4626 0.0107
236.4743 0.0106
236.4860 0.0105
236.4976 0.0104
236.5093 0.0103
236.5210 0.0102
236.5326 0.0102
236.5443 0.0101
236.5560 0.0100
236.5677 0.0099
236.5793 0.0098
236.5910 0.0097
236.6027 0.0096
236.6144 0.0095
236.6260 0.0094
236.6377 0.0093
236.6494 0.0092
236.6610 0.0091
236.6727 0.0090
236.6844 0.0089
236.6961 0.0089
236.7077 0.0088
236.7194 0.0087
236.7311 0.0086
236.7428 0.0085
236.7544 0.0084
236.7661 0.0083
236.7778 0.0082
236.7894 0.0082
236.8011 0.0081
236.8128 0.0080
236.8245 0.0079
236.8361 0.0078
236.8478 0.0077
236.8595 0.0077
236.8712 0.0076
236.8828 0.0075
236.8945 0.0074
236.9062 0.0073
236.9178 0.0073
236.9295 0.0072
236.9412 0.0071
236.9529 0.0070
236.9645 0.0070
236.9762 0.0069
236.9879 0.0068
236.9996 0.0067
237.0112 0.0067
237.0229 0.0066
237.0346 0.0065
237.0463 0.0064
237.0579 0.0064
237.0696 0.0063
237.0813 0.0062
237.0930 0.0061
237.1046 0.0061
237.1163 0.0060
237.1280 0.0059
237.1396 0.0059
237.1513 0.0058
237.1630 0.0057
237.1747 0.0057
237.1863 0.0056
237.1980 0.0055
237.2097 0.0055
237.2214 0.0054
237.2330 0.0053
237.2447 0.0053
237.2564 0.0052
237.2681 0.0052
237.2797 0.0051
237.2914 0.0050
237.3031 0.0050
237.3148 0.0049
237.3264 0.0048
237.3381 0.0048
237.3498 0.0047
237.3614 0.0047
237.3731 0.0046
237.3848 0.0045
237.3965 0.0045
237.4081 0.0044
237.4198 0.0044
237.4315 0.0043
237.4432 0.0043
237.4548 0.0042
237.4665 0.0042
237.4782 0.0041
237.4899 0.0040
237.5015 0.0040
237.5132 0.0039
237.5249 0.0039
237.5366 0.0038
237.5482 0.0038
237.5599 0.0037
237.5716 0.0037
237.5833 0.0036
237.5949 0.0036
237.6066 0.0035
237.6183 0.0035
237.6300 0.0034
237.6416 0.0034
237.6533 0.0033
237.6650 0.0033
237.6767 0.0032
237.6883 0.0032
237.7000 0.0031
237.7117 0.0031
237.7233 0.0031
237.7350 0.0030
237.7467 0.0030
237.7584 0.0029
237.7700 0.0029
237.7817 0.0028
237.7934 0.0028
237.8051 0.0028
237.8167 0.0027
237.8284 0.0027
237.8401 0.0026
237.8518 0.0026
237.8634 0.0025
237.8751 0.0025
237.8868 0.0025
237.8985 0.0024
237.9101 0.0024
237.9218 0.0024
237.9335 0.0023
237.9452 0.0023
237.9568 0.0022
237.9685 0.0022
237.9802 0.0022
237.9919 0.0021
238.0035 0.0021
238.0152 0.0021
238.0269 0.0020
238.0386 0.0020
238.0502 0.0020
238.0619 0.0019
238.0736 0.0019
238.0853 0.0019
238.0969 0.0018
238.1086 0.0018
238.1203 0.0018
238.1320 0.0017
238.1436 0.0017
238.1553 0.0017
238.1670 0.0016
238.1787 0.0016
238.1903 0.0016
238.2020 0.0016
238.2137 0.0015
238.2253 0.0015
238.2370 0.0015
238.2487 0.0014
238.2604 0.0014
238.2720 0.0014
238.2837 0.0014
238.2954 0.0013
238.3071 0.0013
238.3187 0.0013
238.3304 0.0013
238.3421 0.0012
238.3538 0.0012
238.3654 0.0012
238.3771 0.0012
238.3888 0.0011
238.4005 0.0011
238.4121 0.0011
238.4238 0.0011
238.4355 0.0010
238.4472 0.0010
238.4588 0.0010
238.4705 0.0010
238.4822 0.0010
238.4939 0.0009
238.5055 0.0009
238.5172 0.0009
238.5289 0.0009
238.5406 0.0009
238.5522 0.0008
238.5639 0.0008
238.5756 0.0008
238.5873 0.0008
238.5989 0.0008
238.6106 0.0008
238.6223 0.0007
238.6340 0.0007
238.6456 0.0007
238.6573 0.0007
238.6690 0.0007
238.6807 0.0007
238.6923 0.0006
238.7040 0.0006
238.7157 0.0006
238.7274 0.0006
238.7390 0.0006
238.7507 0.0006
238.7624 0.0005
238.7741 0.0005
238.7858 0.0005
238.7974 0.0005
238.8091 0.0005
238.8208 0.0005
238.8325 0.0005
238.8441 0.0005
238.8558 0.0004
238.8675 0.0004
238.8792 0.0004
238.8908 0.0004
238.9025 0.0004
238.9142 0.0004
238.9259 0.0004
238.9375 0.0004
238.9492 0.0004
238.9609 0.0003
238.9726 0.0003
238.9842 0.0003
238.9959 0.0003
239.0076 0.0003
239.0193 0.0003
239.0309 0.0003
239.0426 0.0003
239.0543 0.0003
239.0660 0.0003
239.0776 0.0003
239.0893 0.0002
239.1010 0.0002
239.1127 0.0002
239.1243 0.0002
239.1360 0.0002
239.1477 0.0002
239.1594 0.0002
239.1710 0.0002
239.1827 0.0002
239.1944 0.0002
239.2061 0.0002
239.2177 0.0002
239.2294 0.0002
239.2411 0.0002
239.2528 0.0002
239.2644 0.0001
239.2761 0.0001
239.2878 0.0001
239.2995 0.0001
239.3111 0.0001
239.3228 0.0001
239.3345 0.0001
239.3462 0.0001
239.3578 0.0001
239.3695 0.0001
239.3812 0.0001
239.3929 0.0001
239.4045 0.0001
239.4162 0.0001
239.4279 0.0001
239.4396 0.0001
239.4512 0.0001
239.4629 0.0001
239.4746 0.0001
239.4863 0.0001
239.4979 0.0001
239.5096 0.0001
239.5213 0.0001
239.5330 0.0001
239.5447 0.0001
239.5563 0.0001
239.5680 0.0001
239.5797 0.0001
239.5914 0.0001
239.6030 0.0001
239.6147 0.0001
239.6264 0.0000
239.6381 0.0000
239.6497 0.0000
239.6614 0.0000
239.6731 0.0000
239.6848 0.0000
239.6964 0.0000
239.7081 0.0000
239.7198 0.0000
239.7315 0.0000
239.7431 0.0000
239.7548 0.0000
239.7665 0.0000
239.7782 0.0000
239.7898 0.0000
239.8015 0.0000
239.8132 0.0000
239.8249 0.0000
239.8365 0.0000
239.8482 0.0000
239.8599 0.0000
239.8716 0.0000
239.8832 0.0000
239.8949 0.0000
239.9066 0.0000
239.9183 0.0000
239.9299 0.0000
239.9416 0.0000
239.9533 0.0000
239.9650 0.0000
239.9766 0.0000
239.9883 0.0000
240.0000 0.0000
240.0117 0.0000
240.0233 0.0000
240.0350 0.0000
240.0467 0.0000
240.0584 0.0000
240.0700 0.0000
240.0817 0.0000
240.0934 0.0000
240.1050 0.0000
240.1167 0.0000
240.1284 0.0000
240.1401 0.0000
240.1517 0.0000
240.1634 0.0000
240.1751 0.0000
240.1868 0.0000
240.1984 0.0000
240.2101 0.0000
240.2218 0.0000
240.2335 0.0000
240.2451 0.0000
240.2568 0.0000
240.2685 0.0000
240.2802 0.0000
240.2918 0.0000
240.3035 0.0000
240.3152 0.0000
240.3269 0.0000
240.3385 0.0000
240.3502 0.0000
240.3619 0.0000
240.3736 0.0000
240.3852 0.0000
240.3969 0.0000
240.4086 0.0000
240.4203 0.0000
240.4319 0.0000
240.4436 0.0000
240.4553 0.0000
240.4670 0.0000
240.4786 0.0000
240.4903 0.0000
240.5020 0.0000
240.5136 0.0000
240.5253 0.0000
240.5370 0.0000
240.5487 0.0000
240.5603 0.0000
240.5720 0.0000
240.5837 0.0000
240.5954 0.0000
240.6070 0.0000
240.6187 0.0000
240.6304 0.0000
240.6421 0.0000
240.6537 0.0000
240.6654 0.0000
240.6771 0.0000
240.6888 0.0000
240.7004 0.0000
240.7121 0.0000
240.7238 0.0000
240.7355 0.0000
240.7471 0.0000
240.7588 0.0000
240.7705 0.0000
240.7822 0.0000
240.7938 0.0000
240.8055 0.0000
240.8172 0.0000
240.8289 0.0000
240.8405 0.0000
240.8522 0.0000
240.8639 0.0000
240.8756 0.0000
240.8872 0.0000
240.8989 0.0000
240.9106 0.0000
240.9222 0.0000
240.9339 0.0000
240.9456 0.0000
240.9573 0.0000
240.9689 0.0000
240.9806 0.0000
240.9923 0.0000
241.0040 0.0000
241.0156 0.0000
241.0273 0.0000
241.0390 0.0000
241.0507 0.0000
241.0623 0.0000
241.0740 0.0000
241.0857 0.0000
241.0974 0.0000
241.1090 0.0000
241.1207 0.0000
241.1324 0.0000
241.1441 0.0000
241.1557 0.0000
241.1674 0.0000
241.1791 0.0000
241.1908 0.0000
241.2024 0.0000
241.2141 0.0000
241.2258 0.0000
241.2375 0.0000
241.2491 0.0000
241.2608 0.0000
241.2725 0.0000
241.2842 0.0000
241.2958 0.0000
241.3075 0.0000
241.3192 0.0000
241.3308 0.0000
241.3425 0.0000
241.3542 0.0000
241.3659 0.0000
241.3775 0.0000
241.3892 0.0000
241.4009 0.0000
241.4126 0.0000
241.4242 0.0000
241.4359 0.0000
241.4476 0.0000
241.4593 0.0000
241.4709 0.0000
241.4826 0.0000
241.4943 0.0000
241.5060 0.0000
241.5176 0.0000
241.5293 0.0000
241.5410 0.0000
241.5527 0.0000
241.5643 0.0000
241.5760 0.0000
241.5877 0.0000
241.5994 0.0000
241.6110 0.0000
241.6227 0.0000
241.6344 0.0000
241.6461 0.0000
241.6577 0.0000
241.6694 0.0000
241.6811 0.0000
241.6928 0.0000
241.7044 0.0000
241.7161 0.0000
241.7278 0.0000
241.7394 0.0000
241.7511 0.0000
241.7628 0.0000
241.7745 0.0000
241.7861 0.0000
241.7978 0.0000
241.8095 0.0000
241.8212 0.0000
241.8328 0.0000
241.8445 0.0000
241.8562 0.0000
241.8679 0.0000
241.8795 0.0000
241.8912 0.0000
241.9029 0.0000
241.9146 0.0000
241.9262 0.0000
241.9379 0.0000
241.9496 0.0000
241.9613 0.0000
241.9729 0.0000
241.9846 0.0000
241.9963 0.0000
242.0080 0.0000
242.0196 0.0000
242.0313 0.0000
242.0430 0.0000
242.0547 0.0000
242.0663 0.0000
242.0780 0.0000
242.0897 0.0000
242.1014 0.0000
242.1130 0.0000
242.1247 0.0000
242.1364 0.0000
242.1480 0.0000
242.1597 0.0000
242.1714 0.0000
242.1831 0.0000
242.1947 0.0000
242.2064 0.0000
242.2181 0.0000
242.2298 0.0000
242.2414 0.0000
242.2531 0.0000
242.2648 0.0000
242.2765 0.0000
242.2881 0.0000
242.2998 0.0000
242.3115 0.0000
242.3232 0.0000
242.3348 0.0000
242.3465 0.0000
242.3582 0.0000
242.3699 0.0000
242.3815 0.0000
242.3932 0.0000
242.4049 0.0000
242.4166 0.0000
242.4282 0.0000
242.4399 0.0000
242.4516 0.0000
242.4633 0.0000
242.4749 0.0000
242.4866 0.0000
242.4983 0.0000
242.5100 0.0000
242.5216 0.0000
242.5333 0.0000
242.5450 0.0000
242.5566 0.0000
242.5683 0.0000
242.5800 0.0000
242.5917 0.0000
242.6033 0.0000
242.6150 0.0000
242.6267 0.0000
242.6384 0.0000
242.6500 0.0000
242.6617 0.0000
242.6734 0.0000
242.6851 0.0000
242.6967 0.0000
242.7084 0.0000
242.7201 0.0000
242.7318 0.0000
242.7434 0.0000
242.7551 0.0000
242.7668 0.0000
242.7785 0.0000
242.7901 0.0000
242.8018 0.0000
242.8135 0.0000
242.8252 0.0000
242.8368 0.0000
242.8485 0.0000
242.8602 0.0000
242.8719 0.0000
242.8835 0.0000
242.8952 0.0000
242.9069 0.0000
242.9186 0.0000
242.9302 0.0000
242.9419 0.0000
242.9536 0.0000
242.9652 0.0000
242.9769 0.0000
242.9886 0.0000
243.0003 0.0000
243.0119 0.0000
243.0236 0.0000
243.0353 0.0000
243.0470 0.0000
243.0586 0.0000
243.0703 0.0000
243.0820 0.0000
243.0937 0.0000
243.1053 0.0000
243.1170 0.0000
243.1287 0.0000
243.1404 0.0000
243.1520 0.0000
243.1637 0.0000
243.1754 0.0000
243.1871 0.0000
243.1987 0.0000
243.2104 0.0000
243.2221 0.0000
243.2338 0.0000
243.2454 0.0000
243.2571 0.0000
243.2688 0.0000
243.2805 0.0000
243.2921 0.0000
243.3038 0.0000
243.3155 0.0000
243.3272 0.0000
243.3388 0.0000
243.3505 0.0000
243.3622 0.0000
243.3738 0.0000
243.3855 0.0000
243.3972 0.0000
243.4089 0.0000
243.4205 0.0000
243.4322 0.0000
243.4439 0.0000
243.4556 0.0000
243.4672 0.0000
243.4789 0.0000
243.4906 0.0000
243.5023 0.0000
243.5139 0.0000
243.5256 0.0000
243.5373 0.0000
243.5490 0.0000
243.5606 0.0000
243.5723 0.0000
243.5840 0.0000
243.5957 0.0000
243.6073 0.0000
243.6190 0.0000
243.6307 0.0000
243.6424 0.0000
243.6540 0.0000
243.6657 0.0000
243.6774 0.0000
243.6891 0.0000
243.7007 0.0000
243.7124 0.0000
243.7241 0.0000
243.7358 0.0000
243.7474 0.0000
243.7591 0.0000
243.7708 0.0000
243.7824 0.0000
243.7941 0.0000
243.8058 0.0000
243.8175 0.0000
243.8291 0.0000
243.8408 0.0000
243.8525 0.0000
243.8642 0.0000
243.8758 0.0000
243.8875 0.0000
243.8992 0.0000
243.9109 0.0000
243.9225 0.0000
243.9342 0.0000
243.9459 0.0000
243.9576 0.0000
243.9692 0.0000
243.9809 0.0000
243.9926 0.0000
244.0043 0.0000
244.0159 0.0000
244.0276 0.0000
244.0393 0.0000
244.0510 0.0000
244.0626 0.0000
244.0743 0.0000
244.0860 0.0000
244.0977 0.0000
244.1093 0.0000
244.1210 0.0000
244.1327 0.0000
244.1444 0.0000
244.1560 0.0000
244.1677 0.0000
244.1794 0.0000
244.1910 0.0000
244.2027 0.0000
244.2144 0.0000
244.2261 0.0000
244.2377 0.0000
244.2494 0.0000
244.2611 0.0000
244.2728 0.0000
244.2844 0.0000
244.2961 0.0000
244.3078 0.0000
244.3195 0.0000
244.3311 0.0000
244.3428 0.0000
244.3545 0.0000
244.3662 0.0000
244.3778 0.0000
244.3895 0.0000
244.4012 0.0000
244.4129 0.0000
244.4245 0.0000
244.4362 0.0000
244.4479 0.0000
244.4596 0.0000
244.4712 0.0000
244.4829 0.0000
244.4946 0.0000
244.5063 0.0000
244.5179 0.0000
244.5296 0.0000
244.5413 0.0000
244.5530 0.0000
244.5646 0.0000
244.5763 0.0000
244.5880 0.0000
244.5996 0.0000
244.6113 0.0000
244.6230 0.0000
244.6347 0.0000
244.6463 0.0000
244.6580 0.0000
244.6697 0.0000
244.6814 0.0000
244.6930 0.0000
244.7047 0.0000
244.7164 0.0000
244.7281 0.0000
244.7397 0.0000
244.7514 0.0000
244.7631 0.0000
244.7748 0.0000
244.7864 0.0000
244.7981 0.0000
244.8098 0.0000
244.8215 0.0000
244.8331 0.0000
244.8448 0.0000
244.8565 0.0000
244.8682 0.0000
244.8798 0.0000
244.8915 0.0000
244.9032 0.0000
244.9149 0.0000
244.9265 0.0000
244.9382 0.0000
244.9499 0.0000
244.9616 0.0000
244.9732 0.0000
244.9849 0.0000
244.9966 0.0000
245.0082 0.0000
245.0199 0.0000
245.0316 0.0000
245.0433 0.0000
245.0549 0.0000
245.0666 0.0000
245.0783 0.0000
245.0900 0.0000
245.1016 0.0000
245.1133 0.0000
245.1250 0.0000
245.1367 0.0000
245.1483 0.0000
245.1600 0.0000
245.1717 0.0000
245.1834 0.0000
245.1950 0.0000
245.2067 0.0000
245.2184 0.0000
245.2301 0.0000
245.2417 0.0000
245.2534 0.0000
245.2651 0.0000
245.2768 0.0000
245.2884 0.0000
245.3001 0.0000
245.3118 0.0000
245.3235 0.0000
245.3351 0.0000
245.3468 0.0000
245.3585 0.0000
245.3702 0.0000
245.3818 0.0000
245.3935 0.0000
245.4052 0.0000
245.4168 0.0000
245.4285 0.0000
245.4402 0.0000
245.4519 0.0000
245.4635 0.0000
245.4752 0.0000
245.4869 0.0000
245.4986 0.0000
245.5102 0.0000
245.5219 0.0000
245.5336 0.0000
245.5453 0.0000
245.5569 0.0000
245.5686 0.0000
245.5803 0.0000
245.5920 0.0000
245.6036 0.0000
245.6153 0.0000
245.6270 0.0000
245.6387 0.0000
245.6503 0.0000
245.6620 0.0000
245.6737 0.0000
245.6854 0.0000
245.6970 0.0000
245.7087 0.0000
245.7204 0.0000
245.7321 0.0000
245.7437 0.0000
245.7554 0.0000
245.7671 0.0000
245.7788 0.0000
245.7904 0.0000
245.8021 0.0000
245.8138 0.0000
245.8254 0.0000
245.8371 0.0000
245.8488 0.0000
245.8605 0.0000
245.8721 0.0000
245.8838 0.0000
245.8955 0.0000
245.9072 0.0000
245.9188 0.0000
245.9305 0.0000
245.9422 0.0000
245.9539 0.0000
245.9655 0.0000
245.9772 0.0000
245.9889 0.0000
246.0006 0.0000
246.0122 0.0000
246.0239 0.0000
246.0356 0.0000
246.0473 0.0000
246.0589 0.0000
246.0706 0.0000
246.0823 0.0000
246.0940 0.0000
246.1056 0.0000
246.1173 0.0000
246.1290 0.0000
246.1407 0.0000
246.1523 0.0000
246.1640 0.0000
246.1757 0.0000
246.1874 0.0000
246.1990 0.0000
246.2107 0.0000
246.2224 0.0000
246.2340 0.0000
246.2457 0.0000
246.2574 0.0000
246.2691 0.0000
246.2807 0.0000
246.2924 0.0000
246.3041 0.0000
246.3158 0.0000
246.3274 0.0000
246.3391 0.0000
246.3508 0.0000
246.3625 0.0000
246.3741 0.0000
246.3858 0.0000
246.3975 0.0000
246.4092 0.0000
246.4208 0.0000
246.4325 0.0000
246.4442 0.0000
246.4559 0.0000
246.4675 0.0000
246.4792 0.0000
246.4909 0.0000
246.5026 0.0000
246.5142 0.0000
246.5259 0.0000
246.5376 0.0000
246.5493 0.0000
246.5609 0.0000
246.5726 0.0000
246.5843 0.0000
246.5960 0.0000
246.6076 0.0000
246.6193 0.0000
246.6310 0.0000
246.6426 0.0000
246.6543 0.0000
246.6660 0.0000
246.6777 0.0000
246.6893 0.0000
246.7010 0.0000
246.7127 0.0000
246.7244 0.0000
246.7360 0.0000
246.7477 0.0000
246.7594 0.0000
246.7711 0.0000
246.7827 0.0000
246.7944 0.0000
246.8061 0.0000
246.8178 0.0000
246.8294 0.0000
246.8411 0.0000
246.8528 0.0000
246.8645 0.0000
246.8761 0.0000
246.8878 0.0000
246.8995 0.0000
246.9112 0.0000
246.9228 0.0000
246.9345 0.0000
246.9462 0.0000
246.9579 0.0000
246.9695 0.0000
246.9812 0.0000
246.9929 0.0000
247.0046 0.0000
247.0162 0.0000
247.0279 0.0000
247.0396 0.0000
247.0512 0.0000
247.0629 0.0000
247.0746 0.0000
247.0863 0.0000
247.0979 0.0000
247.1096 0.0000
247.1213 0.0000
247.1330 0.0000
247.1446 0.0000
247.1563 0.0000
247.1680 0.0000
247.1797 0.0000
247.1913 0.0000
247.2030 0.0000
247.2147 0.0000
247.2264 0.0000
247.2380 0.0000
247.2497 0.0000
247.2614 0.0000
247.2731 0.0000
247.2847 0.0000
247.2964 0.0000
247.3081 0.0000
247.3198 0.0000
247.3314 0.0000
247.3431 0.0000
247.3548 0.0000
247.3665 0.0000
247.3781 0.0000
247.3898 0.0000
247.4015 0.0000
247.4132 0.0000
247.4248 0.0000
247.4365 0.0000
247.4482 0.0000
247.4598 0.0000
247.4715 0.0000
247.4832 0.0000
247.4949 0.0000
247.5065 0.0000
247.5182 0.0000
247.5299 0.0000
247.5416 0.0000
247.5532 0.0000
247.5649 0.0000
247.5766 0.0000
247.5883 0.0000
247.5999 0.0000
247.6116 0.0000
247.6233 0.0000
247.6350 0.0000
247.6466 0.0000
247.6583 0.0000
247.6700 0.0000
247.6817 0.0000
247.6933 0.0000
247.7050 0.0000
247.7167 0.0000
247.7284 0.0000
247.7400 0.0000
247.7517 0.0000
247.7634 0.0000
247.7751 0.0000
247.7867 0.0000
247.7984 0.0000
247.8101 0.0000
247.8218 0.0000
247.8334 0.0000
247.8451 0.0000
247.8568 0.0000
247.8684 0.0000
247.8801 0.0000
247.8918 0.0000
247.9035 0.0000
247.9151 0.0000
247.9268 0.0000
247.9385 0.0000
247.9502 0.0000
247.9618 0.0000
247.9735 0.0000
247.9852 0.0000
247.9969 0.0000
248.0085 0.0000
248.0202 0.0000
248.0319 0.0000
248.0436 0.0000
248.0552 0.0000
248.0669 0.0000
248.0786 0.0000
248.0903 0.0000
248.1019 0.0000
248.1136 0.0000
248.1253 0.0000
248.1370 0.0000
248.1486 0.0000
248.1603 0.0000
248.1720 0.0000
248.1837 0.0000
248.1953 0.0000
248.2070 0.0000
248.2187 0.0000
248.2304 0.0000
248.2420 0.0000
248.2537 0.0000
248.2654 0.0000
248.2770 0.0000
248.2887 0.0000
248.3004 0.0000
248.3121 0.0000
248.3237 0.0000
248.3354 0.0000
248.3471 0.0000
248.3588 0.0000
248.3704 0.0000
248.3821 0.0000
248.3938 0.0000
248.4055 0.0000
248.4171 0.0000
248.4288 0.0000
248.4405 0.0000
248.4522 0.0000
248.4638 0.0000
248.4755 0.0000
248.4872 0.0000
248.4989 0.0000
248.5105 0.0000
248.5222 0.0000
248.5339 0.0000
248.5456 0.0000
248.5572 0.0000
248.5689 0.0000
248.5806 0.0000
248.5923 0.0000
248.6039 0.0000
248.6156 0.0000
248.6273 0.0000
248.6390 0.0000
248.6506 0.0000
248.6623 0.0000
248.6740 0.0000
248.6856 0.0000
248.6973 0.0000
248.7090 0.0000
248.7207 0.0000
248.7323 0.0000
248.7440 0.0000
248.7557 0.0000
248.7674 0.0000
248.7790 0.0000
248.7907 0.0000
248.8024 0.0000
248.8141 0.0000
248.8257 0.0000
248.8374 0.0000
248.8491 0.0000
248.8608 0.0000
248.8724 0.0000
248.8841 0.0000
248.8958 0.0000
248.9075 0.0000
248.9191 0.0000
248.9308 0.0000
248.9425 0.0000
248.9542 0.0000
248.9658 0.0000
248.9775 0.0000
248.9892 0.0000
249.0009 0.0000
249.0125 0.0000
249.0242 0.0000
249.0359 0.0000
249.0476 0.0000
249.0592 0.0000
249.0709 0.0000
249.0826 0.0000
249.0942 0.0000
249.1059 0.0000
249.1176 0.0000
249.1293 0.0000
249.1409 0.0000
249.1526 0.0000
249.1643 0.0000
249.1760 0.0000
249.1876 0.0000
249.1993 0.0000
249.2110 0.0000
249.2227 0.0000
249.2343 0.0000
249.2460 0.0000
249.2577 0.0000
249.2694 0.0000
249.2810 0.0000
249.2927 0.0000
249.3044 0.0000
249.3161 0.0000
249.3277 0.0000
249.3394 0.0000
249.3511 0.0000
249.3628 0.0000
249.3744 0.0000
249.3861 0.0000
249.3978 0.0000
249.4095 0.0000
249.4211 0.0000
249.4328 0.0000
249.4445 0.0000
249.4562 0.0000
249.4678 0.0000
249.4795 0.0000
249.4912 0.0000
249.5028 0.0000
249.5145 0.0000
249.5262 0.0000
249.5379 0.0000
249.5495 0.0000
249.5612 0.0000
249.5729 0.0000
249.5846 0.0000
249.5962 0.0000
249.6079 0.0000
249.6196 0.0000
249.6313 0.0000
249.6429 0.0000
249.6546 0.0000
249.6663 0.0000
249.6780 0.0000
249.6896 0.0000
249.7013 0.0000
249.7130 0.0000
249.7247 0.0000
249.7363 0.0000
249.7480 0.0000
249.7597 0.0000
249.7714 0.0000
249.7830 0.0000
249.7947 0.0000
249.8064 0.0000
249.8181 0.0000
249.8297 0.0000
249.8414 0.0000
249.8531 0.0000
249.8648 0.0000
249.8764 0.0000
249.8881 0.0000
249.8998 0.0000
249.9114 0.0000
249.9231 0.0000
249.9348 0.0000
249.9465 0.0000
249.9581 0.0000
249.9698 0.0000
249.9815 0.0000
249.9932 0.0000
250.0048 0.0000
250.0165 0.0000
250.0282 0.0000
250.0399 0.0000
250.0515 0.0000
250.0632 0.0000
250.0749 0.0000
250.0866 0.0000
250.0982 0.0000
250.1099 0.0000
250.1216 0.0000
250.1333 0.0000
250.1449 0.0000
250.1566 0.0000
250.1683 0.0000
250.1800 0.0000
250.1916 0.0000
250.2033 0.0000
250.2150 0.0000
250.2267 0.0000
250.2383 0.0000
250.2500 0.0000
250.2617 0.0000
250.2734 0.0000
250.2850 0.0000
250.2967 0.0000
250.3084 0.0000
250.3200 0.0000
250.3317 0.0000
250.3434 0.0000
250.3551 0.0000
250.3667 0.0000
250.3784 0.0000
250.3901 0.0000
250.4018 0.0000
250.4134 0.0000
250.4251 0.0000
250.4368 0.0000
250.4485 0.0000
250.4601 0.0000
250.4718 0.0000
250.4835 0.0000
250.4952 0.0000
250.5068 0.0000
250.5185 0.0000
250.5302 0.0000
250.5419 0.0000
250.5535 0.0000
250.5652 0.0000
250.5769 0.0000
250.5886 0.0000
250.6002 0.0000
250.6119 0.0000
250.6236 0.0000
250.6353 0.0000
250.6469 0.0000
250.6586 0.0000
250.6703 0.0000
250.6820 0.0000
250.6936 0.0000
250.7053 0.0000
250.7170 0.0000
250.7286 0.0000
250.7403 0.0000
250.7520 0.0000
250.7637 0.0000
250.7753 0.0000
250.7870 0.0000
250.7987 0.0000
250.8104 0.0000
250.8220 0.0000
250.8337 0.0000
250.8454 0.0000
250.8571 0.0000
250.8687 0.0000
250.8804 0.0000
250.8921 0.0000
250.9038 0.0000
250.9154 0.0000
250.9271 0.0000
250.9388 0.0000
250.9505 0.0000
250.9621 0.0000
250.9738 0.0000
250.9855 0.0000
250.9972 0.0000
251.0088 0.0000
251.0205 0.0000
251.0322 0.0000
251.0439 0.0000
251.0555 0.0000
251.0672 0.0000
251.0789 0.0000
251.0906 0.0000
251.1022 0.0000
251.1139 0.0000
251.1256 0.0000
251.1372 0.0000
251.1489 0.0000
251.1606 0.0000
251.1723 0.0000
251.1839 0.0000
251.1956 0.0000
251.2073 0.0000
251.2190 0.0000
251.2306 0.0000
251.2423 0.0000
251.2540 0.0000
251.2657 0.0000
251.2773 0.0000
251.2890 0.0000
251.3007 0.0000
251.3124 0.0000
251.3240 0.0000
251.3357 0.0000
251.3474 0.0000
251.3591 0.0000
251.3707 0.0000
251.3824 0.0000
251.3941 0.0000
251.4058 0.0000
251.4174 0.0000
251.4291 0.0000
251.4408 0.0000
251.4525 0.0000
251.4641 0.0000
251.4758 0.0000
251.4875 0.0000
251.4992 0.0000
251.5108 0.0000
251.5225 0.0000
251.5342 0.0000
251.5458 0.0000
251.5575 0.0000
251.5692 0.0000
251.5809 0.0000
251.5925 0.0000
251.6042 0.0000
251.6159 0.0000
251.6276 0.0000
251.6392 0.0000
251.6509 0.0000
251.6626 0.0000
251.6743 0.0000
251.6859 0.0000
251.6976 0.0000
251.7093 0.0000
251.7210 0.0000
251.7326 0.0000
251.7443 0.0000
251.7560 0.0000
251.7677 0.0000
251.7793 0.0000
251.7910 0.0000
251.8027 0.0000
251.8144 0.0000
251.8260 0.0000
251.8377 0.0000
251.8494 0.0000
251.8611 0.0000
251.8727 0.0000
251.8844 0.0000
251.8961 0.0000
251.9078 0.0000
251.9194 0.0000
251.9311 0.0000
251.9428 0.0000
251.9544 0.0000
251.9661 0.0000
251.9778 0.0000
251.9895 0.0000
252.0011 0.0000
252.0128 0.0000
252.0245 0.0000
252.0362 0.0000
252.0478 0.0000
252.0595 0.0000
252.0712 0.0000
252.0829 0.0000
252.0945 0.0000
252.1062 0.0000
252.1179 0.0000
252.1296 0.0000
252.1412 0.0000
252.1529 0.0000
252.1646 0.0000
252.1763 0.0000
252.1879 0.0000
252.1996 0.0000
252.2113 0.0000
252.2230 0.0000
252.2346 0.0000
252.2463 0.0000
252.2580 0.0000
252.2697 0.0000
252.2813 0.0000
252.2930 0.0000
252.3047 0.0000
252.3164 0.0000
252.3280 0.0000
252.3397 0.0000
252.3514 0.0000
252.3630 0.0000
252.3747 0.0000
252.3864 0.0000
252.3981 0.0000
252.4097 0.0000
252.4214 0.0000
252.4331 0.0000
252.4448 0.0000
252.4564 0.0000
252.4681 0.0000
252.4798 0.0000
252.4915 0.0000
252.5031 0.0000
252.5148 0.0000
252.5265 0.0000
252.5382 0.0000
252.5498 0.0000
252.5615 0.0000
252.5732 0.0000
252.5849 0.0000
252.5965 0.0000
252.6082 0.0000
252.6199 0.0000
252.6316 0.0000
252.6432 0.0000
252.6549 0.0000
252.6666 0.0000
252.6783 0.0000
252.6899 0.0000
252.7016 0.0000
252.7133 0.0000
252.7250 0.0000
252.7366 0.0000
252.7483 0.0000
252.7600 0.0000
252.7716 0.0000
252.7833 0.0000
252.7950 0.0000
252.8067 0.0000
252.8183 0.0000
252.8300 0.0000
252.8417 0.0000
252.8534 0.0000
252.8650 0.0000
252.8767 0.0000
252.8884 0.0000
252.9001 0.0000
252.9117 0.0000
252.9234 0.0000
252.9351 0.0000
252.9468 0.0000
252.9584 0.0000
252.9701 0.0000
252.9818 0.0000
252.9935 0.0000
253.0051 0.0000
253.0168 0.0000
253.0285 0.0000
253.0402 0.0000
253.0518 0.0000
253.0635 0.0000
253.0752 0.0000
253.0869 0.0000
253.0985 0.0000
253.1102 0.0000
253.1219 0.0000
253.1336 0.0000
253.1452 0.0000
253.1569 0.0000
253.1686 0.0000
253.1802 0.0000
253.1919 0.0000
253.2036 0.0000
253.2153 0.0000
253.2269 0.0000
253.2386 0.0000
253.2503 0.0000
253.2620 0.0000
253.2736 0.0000
253.2853 0.0000
253.2970 0.0000
253.3087 0.0000
253.3203 0.0000
253.3320 0.0000
253.3437 0.0000
253.3554 0.0000
253.3670 0.0000
253.3787 0.0000
253.3904 0.0000
253.4021 0.0000
253.4137 0.0000
253.4254 0.0000
253.4371 0.0000
253.4488 0.0000
253.4604 0.0000
253.4721 0.0000
253.4838 0.0000
253.4955 0.0000
253.5071 0.0000
253.5188 0.0000
253.5305 0.0000
253.5422 0.0000
253.5538 0.0000
253.5655 0.0000
253.5772 0.0000
253.5888 0.0000
253.6005 0.0000
253.6122 0.0000
253.6239 0.0000
253.6355 0.0000
253.6472 0.0000
253.6589 0.0000
253.6706 0.0000
253.6822 0.0000
253.6939 0.0000
253.7056 0.0000
253.7173 0.0000
253.7289 0.0000
253.7406 0.0000
253.7523 0.0000
253.7640 0.0000
253.7756 0.0000
253.7873 0.0000
253.7990 0.0000
253.8107 0.0000
253.8223 0.0000
253.8340 0.0000
253.8457 0.0000
253.8574 0.0000
253.8690 0.0000
253.8807 0.0000
253.8924 0.0000
253.9041 0.0000
253.9157 0.0000
253.9274 0.0000
253.9391 0.0000
253.9508 0.0000
253.9624 0.0000
253.9741 0.0000
253.9858 0.0000
253.9974 0.0000
254.0091 0.0000
254.0208 0.0000
254.0325 0.0000
254.0441 0.0000
254.0558 0.0000
254.0675 0.0000
254.0792 0.0000
254.0908 0.0000
254.1025 0.0000
254.1142 0.0000
254.1259 0.0000
254.1375 0.0000
254.1492 0.0000
254.1609 0.0000
254.1726 0.0000
254.1842 0.0000
254.1959 0.0000
254.2076 0.0000
254.2193 0.0000
254.2309 0.0000
254.2426 0.0000
254.2543 0.0000
254.2660 0.0000
254.2776 0.0000
254.2893 0.0000
254.3010 0.0000
254.3127 0.0000
254.3243 0.0000
254.3360 0.0000
254.3477 0.0000
254.3594 0.0000
254.3710 0.0000
254.3827 0.0000
254.3944 0.0000
254.4060 0.0000
254.4177 0.0000
254.4294 0.0000
254.4411 0.0000
254.4527 0.0000
254.4644 0.0000
254.4761 0.0000
254.4878 0.0000
254.4994 0.0000
254.5111 0.0000
254.5228 0.0000
254.5345 0.0000
254.5461 0.0000
254.5578 0.0000
254.5695 0.0000
254.5812 0.0000
254.5928 0.0000
254.6045 0.0000
254.6162 0.0000
254.6279 0.0000
254.6395 0.0000
254.6512 0.0000
254.6629 0.0000
254.6746 0.0000
254.6862 0.0000
254.6979 0.0000
254.7096 0.0000
254.7213 0.0000
254.7329 0.0000
254.7446 0.0000
254.7563 0.0000
254.7680 0.0000
254.7796 0.0000
254.7913 0.0000
254.8030 0.0000
254.8146 0.0000
254.8263 0.0000
254.8380 0.0000
254.8497 0.0000
254.8613 0.0000
254.8730 0.0000
254.8847 0.0000
254.8964 0.0000
254.9080 0.0000
254.9197 0.0000
254.9314 0.0000
254.9431 0.0000
254.9547 0.0000
254.9664 0.0000
254.9781 0.0000
254.9898 0.0000
255.0014 0.0000
255.0131 0.0000
255.0248 0.0000
255.0365 0.0000
255.0481 0.0000
255.0598 0.0000
255.0715 0.0000
255.0832 0.0000
255.0948 0.0000
255.1065 0.0000
255.1182 0.0000
255.1299 0.0000
255.1415 0.0000
255.1532 0.0000
255.1649 0.0000
255.1766 0.0000
255.1882 0.0000
255.1999 0.0000
255.2116 0.0000
255.2232 0.0000
255.2349 0.0000
255.2466 0.0000
255.2583 0.0000
255.2699 0.0000
255.2816 0.0000
255.2933 0.0000
255.3050 0.0000
255.3166 0.0000
255.3283 0.0000
255.3400 0.0000
255.3517 0.0000
255.3633 0.0000
255.3750 0.0000
255.3867 0.0000
255.3984 0.0000
255.4100 0.0000
255.4217 0.0000
255.4334 0.0000
255.4451 0.0000
255.4567 0.0000
255.4684 0.0000
255.4801 0.0000
255.4918 0.0000
255.5034 0.0000
255.5151 0.0000
255.5268 0.0000
255.5385 0.0000
255.5501 0.0000
255.5618 0.0000
255.5735 0.0000
255.5852 0.0000
255.5968 0.0000
255.6085 0.0000
255.6202 0.0000
255.6318 0.0000
255.6435 0.0000
255.6552 0.0000
255.6669 0.0000
255.6785 0.0000
255.6902 0.0000
255.7019 0.0000
255.7136 0.0000
255.7252 0.0000
255.7369 0.0000
255.7486 0.0000
255.7603 0.0000
255.7719 0.0000
255.7836 0.0000
255.7953 0.0000
255.8070 0.0000
255.8186 0.0000
255.8303 0.0000
255.8420 0.0000
255.8537 0.0000
255.8653 0.0000
255.8770 0.0000
255.8887 0.0000
255.9004 0.0000
255.9120 0.0000
255.9237 0.0000
255.9354 0.0000
255.9471 0.0000
255.9587 0.0000
255.9704 0.0000
255.9821 0.0000
255.9938 0.0000
256.0054 0.0000
256.0171 0.0000
256.0288 0.0000
256.0404 0.0000
256.0521 0.0000
256.0638 0.0000
256.0755 0.0000
256.0871 0.0000
256.0988 0.0000
256.1105 0.0000
256.1222 0.0000
256.1338 0.0000
256.1455 0.0000
256.1572 0.0000
256.1689 0.0000
256.1805 0.0000
256.1922 0.0000
256.2039 0.0000
256.2156 0.0000
256.2272 0.0000
256.2389 0.0000
256.2506 0.0000
256.2623 0.0000
256.2739 0.0000
256.2856 0.0000
256.2973 0.0000
256.3090 0.0000
256.3206 0.0000
256.3323 0.0000
256.3440 0.0000
256.3557 0.0000
256.3673 0.0000
256.3790 0.0000
256.3907 0.0000
256.4024 0.0000
256.4140 0.0000
256.4257 0.0000
256.4374 0.0000
256.4490 0.0000
256.4607 0.0000
256.4724 0.0000
256.4841 0.0000
256.4957 0.0000
256.5074 0.0000
256.5191 0.0000
256.5308 0.0000
256.5424 0.0000
256.5541 0.0000
256.5658 0.0000
256.5775 0.0000
256.5891 0.0000
256.6008 0.0000
256.6125 0.0000
256.6242 0.0000
256.6358 0.0000
256.6475 0.0000
256.6592 0.0000
256.6709 0.0000
256.6825 0.0000
256.6942 0.0000
256.7059 0.0000
256.7176 0.0000
256.7292 0.0000
256.7409 0.0000
256.7526 0.0000
256.7643 0.0000
256.7759 0.0000
256.7876 0.0000
256.7993 0.0000
256.8110 0.0000
256.8226 0.0000
256.8343 0.0000
256.8460 0.0000
256.8576 0.0000
256.8693 0.0000
256.8810 0.0000
256.8927 0.0000
256.9043 0.0000
256.9160 0.0000
256.9277 0.0000
256.9394 0.0000
256.9510 0.0000
256.9627 0.0000
256.9744 0.0000
256.9861 0.0000
256.9977 0.0000
257.0094 0.0000
257.0211 0.0000
257.0328 0.0000
257.0444 0.0000
257.0561 0.0000
257.0678 0.0000
257.0795 0.0000
257.0911 0.0000
257.1028 0.0000
257.1145 0.0000
257.1262 0.0000
257.1378 0.0000
257.1495 0.0000
257.1612 0.0000
257.1729 0.0000
257.1845 0.0000
257.1962 0.0000
257.2079 0.0000
257.2196 0.0000
257.2312 0.0000
257.2429 0.0000
257.2546 0.0000
257.2662 0.0000
257.2779 0.0000
257.2896 0.0000
257.3013 0.0000
257.3129 0.0000
257.3246 0.0000
257.3363 0.0000
257.3480 0.0000
257.3596 0.0000
257.3713 0.0000
257.3830 0.0000
257.3947 0.0000
257.4063 0.0000
257.4180 0.0000
257.4297 0.0000
257.4414 0.0000
257.4530 0.0000
257.4647 0.0000
257.4764 0.0000
257.4881 0.0000
257.4997 0.0000
257.5114 0.0000
257.5231 0.0000
257.5348 0.0000
257.5464 0.0000
257.5581 0.0000
257.5698 0.0000
257.5815 0.0000
257.5931 0.0000
257.6048 0.0000
257.6165 0.0000
257.6282 0.0000
257.6398 0.0000
257.6515 0.0000
257.6632 0.0000
257.6748 0.0000
257.6865 0.0000
257.6982 0.0000
257.7099 0.0000
257.7215 0.0000
257.7332 0.0000
257.7449 0.0000
257.7566 0.0000
257.7682 0.0000
257.7799 0.0000
257.7916 0.0000
257.8033 0.0000
257.8149 0.0000
257.8266 0.0000
257.8383 0.0000
257.8500 0.0000
257.8616 0.0000
257.8733 0.0000
257.8850 0.0000
257.8967 0.0000
257.9083 0.0000
257.9200 0.0000
257.9317 0.0000
257.9434 0.0000
257.9550 0.0000
257.9667 0.0000
257.9784 0.0000
257.9901 0.0000
258.0017 0.0000
258.0134 0.0000
258.0251 0.0000
258.0368 0.0000
258.0484 0.0000
258.0601 0.0000
258.0718 0.0000
258.0834 0.0000
258.0951 0.0000
258.1068 0.0000
258.1185 0.0000
258.1301 0.0000
258.1418 0.0000
258.1535 0.0000
258.1652 0.0000
258.1768 0.0000
258.1885 0.0000
258.2002 0.0000
258.2119 0.0000
258.2235 0.0000
258.2352 0.0000
258.2469 0.0000
258.2586 0.0000
258.2702 0.0000
258.2819 0.0000
258.2936 0.0000
258.3053 0.0000
258.3169 0.0000
258.3286 0.0000
258.3403 0.0000
258.3520 0.0000
258.3636 0.0000
258.3753 0.0000
258.3870 0.0000
258.3987 0.0000
258.4103 0.0000
258.4220 0.0000
258.4337 0.0000
258.4454 0.0000
258.4570 0.0000
258.4687 0.0000
258.4804 0.0000
258.4920 0.0000
258.5037 0.0000
258.5154 0.0000
258.5271 0.0000
258.5387 0.0000
258.5504 0.0000
258.5621 0.0000
258.5738 0.0000
258.5854 0.0000
258.5971 0.0000
258.6088 0.0000
258.6205 0.0000
258.6321 0.0000
258.6438 0.0000
258.6555 0.0000
258.6672 0.0000
258.6788 0.0000
258.6905 0.0000
258.7022 0.0000
258.7139 0.0000
258.7255 0.0000
258.7372 0.0000
258.7489 0.0000
258.7606 0.0000
258.7722 0.0000
258.7839 0.0000
258.7956 0.0000
258.8073 0.0000
258.8189 0.0000
258.8306 0.0000
258.8423 0.0000
258.8540 0.0000
258.8656 0.0000
258.8773 0.0000
258.8890 0.0000
258.9006 0.0000
258.9123 0.0000
258.9240 0.0000
258.9357 0.0000
258.9473 0.0000
258.9590 0.0000
258.9707 0.0000
258.9824 0.0000
258.9940 0.0000
259.0057 0.0000
259.0174 0.0000
259.0291 0.0000
259.0407 0.0000
259.0524 0.0000
259.0641 0.0000
259.0758 0.0000
259.0874 0.0000
259.0991 0.0000
259.1108 0.0000
259.1225 0.0000
259.1341 0.0000
259.1458 0.0000
259.1575 0.0000
259.1692 0.0000
259.1808 0.0000
259.1925 0.0000
259.2042 0.0000
259.2159 0.0000
259.2275 0.0000
259.2392 0.0000
259.2509 0.0000
259.2626 0.0000
259.2742 0.0000
259.2859 0.0000
259.2976 0.0000
259.3092 0.0000
259.3209 0.0000
259.3326 0.0000
259.3443 0.0000
259.3559 0.0000
259.3676 0.0000
259.3793 0.0000
259.3910 0.0000
259.4026 0.0000
259.4143 0.0000
259.4260 0.0000
259.4377 0.0000
259.4493 0.0000
259.4610 0.0000
259.4727 0.0000
259.4844 0.0000
259.4960 0.0000
259.5077 0.0000
259.5194 0.0000
259.5311 0.0000
259.5427 0.0000
259.5544 0.0000
259.5661 0.0000
259.5778 0.0000
259.5894 0.0000
259.6011 0.0000
259.6128 0.0000
259.6245 0.0000
259.6361 0.0000
259.6478 0.0000
259.6595 0.0000
259.6712 0.0000
259.6828 0.0000
259.6945 0.0000
259.7062 0.0000
259.7178 0.0000
259.7295 0.0000
259.7412 0.0000
259.7529 0.0000
259.7645 0.0000
259.7762 0.0000
259.7879 0.0000
259.7996 0.0000
259.8112 0.0000
259.8229 0.0000
259.8346 0.0000
259.8463 0.0000
259.8579 0.0000
259.8696 0.0000
259.8813 0.0000
259.8930 0.0000
259.9046 0.0000
259.9163 0.0000
259.9280 0.0000
259.9397 0.0000
259.9513 0.0000
259.9630 0.0000
259.9747 0.0000
259.9864 0.0000
259.9980 0.0000
260.0097 0.0000
260.0214 0.0000
260.0331 0.0000
260.0447 0.0000
260.0564 0.0000
260.0681 0.0000
260.0798 0.0000
260.0914 0.0000
260.1031 0.0000
260.1148 0.0000
260.1265 0.0000
260.1381 0.0000
260.1498 0.0000
260.1615 0.0000
260.1731 0.0000
260.1848 0.0000
260.1965 0.0000
260.2082 0.0000
260.2198 0.0000
260.2315 0.0000
260.2432 0.0000
260.2549 0.0000
260.2665 0.0000
260.2782 0.0000
260.2899 0.0000
260.3016 0.0000
260.3132 0.0000
260.3249 0.0000
260.3366 0.0000
260.3483 0.0000
260.3599 0.0000
260.3716 0.0000
260.3833 0.0000
260.3950 0.0000
260.4066 0.0000
260.4183 0.0000
260.4300 0.0000
260.4417 0.0000
260.4533 0.0000
260.4650 0.0000
260.4767 0.0000
260.4884 0.0000
260.5000 0.0000
260.5117 0.0000
260.5234 0.0000
260.5351 0.0000
260.5467 0.0000
260.5584 0.0000
260.5701 0.0000
260.5817 0.0000
260.5934 0.0000
260.6051 0.0000
260.6168 0.0000
260.6284 0.0000
260.6401 0.0000
260.6518 0.0000
260.6635 0.0000
260.6751 0.0000
260.6868 0.0000
260.6985 0.0000
260.7102 0.0000
260.7218 0.0000
260.7335 0.0000
260.7452 0.0000
260.7569 0.0000
260.7685 0.0000
260.7802 0.0000
260.7919 0.0000
260.8036 0.0000
260.8152 0.0000
260.8269 0.0000
260.8386 0.0000
260.8503 0.0000
260.8619 0.0000
260.8736 0.0000
260.8853 0.0000
260.8970 0.0000
260.9086 0.0000
260.9203 0.0000
260.9320 0.0000
260.9437 0.0000
260.9553 0.0000
260.9670 0.0000
260.9787 0.0000
260.9903 0.0000
261.0020 0.0000
261.0137 0.0000
261.0254 0.0000
261.0370 0.0000
261.0487 0.0000
261.0604 0.0000
261.0721 0.0000
261.0837 0.0000
261.0954 0.0000
261.1071 0.0000
261.1188 0.0000
261.1304 0.0000
261.1421 0.0000
261.1538 0.0000
261.1655 0.0000
261.1771 0.0000
261.1888 0.0000
261.2005 0.0000
261.2122 0.0000
261.2238 0.0000
261.2355 0.0000
261.2472 0.0000
261.2589 0.0000
261.2705 0.0000
261.2822 0.0000
261.2939 0.0000
261.3056 0.0000
261.3172 0.0000
261.3289 0.0000
261.3406 0.0000
261.3523 0.0000
261.3639 0.0000
261.3756 0.0000
261.3873 0.0000
261.3989 0.0000
261.4106 0.0000
261.4223 0.0000
261.4340 0.0000
261.4456 0.0000
261.4573 0.0000
261.4690 0.0000
261.4807 0.0000
261.4923 0.0000
261.5040 0.0000
261.5157 0.0000
261.5274 0.0000
261.5390 0.0000
261.5507 0.0000
261.5624 0.0000
261.5741 0.0000
261.5857 0.0000
261.5974 0.0000
261.6091 0.0000
261.6208 0.0000
261.6324 0.0000
261.6441 0.0000
261.6558 0.0000
261.6675 0.0000
261.6791 0.0000
261.6908 0.0000
261.7025 0.0000
261.7142 0.0000
261.7258 0.0000
261.7375 0.0000
261.7492 0.0000
261.7609 0.0000
261.7725 0.0000
261.7842 0.0000
261.7959 0.0000
261.8075 0.0000
261.8192 0.0000
261.8309 0.0000
261.8426 0.0000
261.8542 0.0000
261.8659 0.0000
261.8776 0.0000
261.8893 0.0000
261.9009 0.0000
261.9126 0.0000
261.9243 0.0000
261.9360 0.0000
261.9476 0.0000
261.9593 0.0000
261.9710 0.0000
261.9827 0.0000
261.9943 0.0000
262.0060 0.0000
262.0177 0.0000
262.0294 0.0000
262.0410 0.0000
262.0527 0.0000
262.0644 0.0000
262.0761 0.0000
262.0877 0.0000
262.0994 0.0000
262.1111 0.0000
262.1228 0.0000
262.1344 0.0000
262.1461 0.0000
262.1578 0.0000
262.1695 0.0000
262.1811 0.0000
262.1928 0.0000
262.2045 0.0000
262.2161 0.0000
262.2278 0.0000
262.2395 0.0000
262.2512 0.0000
262.2628 0.0000
262.2745 0.0000
262.2862 0.0000
262.2979 0.0000
262.3095 0.0000
262.3212 0.0000
262.3329 0.0000
262.3446 0.0000
262.3562 0.0000
262.3679 0.0000
262.3796 0.0000
262.3913 0.0000
262.4029 0.0000
262.4146 0.0000
262.4263 0.0000
262.4380 0.0000
262.4496 0.0000
262.4613 0.0000
262.4730 0.0000
262.4847 0.0000
262.4963 0.0000
262.5080 0.0000
262.5197 0.0000
262.5314 0.0000
262.5430 0.0000
262.5547 0.0000
262.5664 0.0000
262.5781 0.0000
262.5897 0.0000
262.6014 0.0000
262.6131 0.0000
262.6247 0.0000
262.6364 0.0000
262.6481 0.0000
262.6598 0.0000
262.6714 0.0000
262.6831 0.0000
262.6948 0.0000
262.7065 0.0000
262.7181 0.0000
262.7298 0.0000
262.7415 0.0000
262.7532 0.0000
262.7648 0.0000
262.7765 0.0000
262.7882 0.0000
262.7999 0.0000
262.8115 0.0000
262.8232 0.0000
262.8349 0.0000
262.8466 0.0000
262.8582 0.0000
262.8699 0.0000
262.8816 0.0000
262.8933 0.0000
262.9049 0.0000
262.9166 0.0000
262.9283 0.0000
262.9400 0.0000
262.9516 0.0000
262.9633 0.0000
262.9750 0.0000
262.9867 0.0000
262.9983 0.0000
263.0100 0.0000
263.0217 0.0000
263.0333 0.0000
263.0450 0.0000
263.0567 0.0000
263.0684 0.0000
263.0800 0.0000
263.0917 0.0000
263.1034 0.0000
263.1151 0.0000
263.1267 0.0000
263.1384 0.0000
263.1501 0.0000
263.1618 0.0000
263.1734 0.0000
263.1851 0.0000
263.1968 0.0000
263.2085 0.0000
263.2201 0.0000
263.2318 0.0000
263.2435 0.0000
263.2552 0.0000
263.2668 0.0000
263.2785 0.0000
263.2902 0.0000
263.3019 0.0000
263.3135 0.0000
263.3252 0.0000
263.3369 0.0000
263.3486 0.0000
263.3602 0.0000
263.3719 0.0000
263.3836 0.0000
263.3953 0.0000
263.4069 0.0000
263.4186 0.0000
263.4303 0.0000
263.4419 0.0000
263.4536 0.0000
263.4653 0.0000
263.4770 0.0000
263.4886 0.0000
263.5003 0.0000
263.5120 0.0000
263.5237 0.0000
263.5353 0.0000
263.5470 0.0000
263.5587 0.0000
263.5704 0.0000
263.5820 0.0000
263.5937 0.0000
263.6054 0.0000
263.6171 0.0000
263.6287 0.0000
263.6404 0.0000
263.6521 0.0000
263.6638 0.0000
263.6754 0.0000
263.6871 0.0000
263.6988 0.0000
263.7105 0.0000
263.7221 0.0000
263.7338 0.0000
263.7455 0.0000
263.7572 0.0000
263.7688 0.0000
263.7805 0.0000
263.7922 0.0000
263.8039 0.0000
263.8155 0.0000
263.8272 0.0000
263.8389 0.0000
263.8505 0.0000
263.8622 0.0000
263.8739 0.0000
263.8856 0.0000
263.8972 0.0000
263.9089 0.0000
263.9206 0.0000
263.9323 0.0000
263.9439 0.0000
263.9556 0.0000
263.9673 0.0000
263.9790 0.0000
263.9906 0.0000
264.0023 0.0000
264.0140 0.0000
264.0257 0.0000
264.0373 0.0000
264.0490 0.0000
264.0607 0.0000
264.0724 0.0000
264.0840 0.0000
264.0957 0.0000
264.1074 0.0000
264.1191 0.0000
264.1307 0.0000
264.1424 0.0000
264.1541 0.0000
264.1658 0.0000
264.1774 0.0000
264.1891 0.0000
264.2008 0.0000
264.2125 0.0000
264.2241 0.0000
264.2358 0.0000
264.2475 0.0000
264.2591 0.0000
264.2708 0.0000
264.2825 0.0000
264.2942 0.0000
264.3058 0.0000
264.3175 0.0000
264.3292 0.0000
264.3409 0.0000
264.3525 0.0000
264.3642 0.0000
264.3759 0.0000
264.3876 0.0000
264.3992 0.0000
264.4109 0.0000
264.4226 0.0000
264.4343 0.0000
264.4459 0.0000
264.4576 0.0000
264.4693 0.0000
264.4810 0.0000
264.4926 0.0000
264.5043 0.0000
264.5160 0.0000
264.5277 0.0000
264.5393 0.0000
264.5510 0.0000
264.5627 0.0000
264.5744 0.0000
264.5860 0.0000
264.5977 0.0000
264.6094 0.0000
264.6211 0.0000
264.6327 0.0000
264.6444 0.0000
264.6561 0.0000
264.6677 0.0000
264.6794 0.0000
264.6911 0.0000
264.7028 0.0000
264.7144 0.0000
264.7261 0.0000
264.7378 0.0000
264.7495 0.0000
264.7611 0.0000
264.7728 0.0000
264.7845 0.0000
264.7962 0.0000
264.8078 0.0000
264.8195 0.0000
264.8312 0.0000
264.8429 0.0000
264.8545 0.0000
264.8662 0.0000
264.8779 0.0000
264.8896 0.0000
264.9012 0.0000
264.9129 0.0000
264.9246 0.0000
264.9363 0.0000
264.9479 0.0000
264.9596 0.0000
264.9713 0.0000
264.9830 0.0000
264.9946 0.0000
265.0063 0.0000
265.0180 0.0000
265.0297 0.0000
265.0413 0.0000
265.0530 0.0000
265.0647 0.0000
265.0763 0.0000
265.0880 0.0000
265.0997 0.0000
265.1114 0.0000
265.1230 0.0000
265.1347 0.0000
265.1464 0.0000
265.1581 0.0000
265.1697 0.0000
265.1814 0.0000
265.1931 0.0000
265.2048 0.0000
265.2164 0.0000
265.2281 0.0000
265.2398 0.0000
265.2515 0.0000
265.2631 0.0000
265.2748 0.0000
265.2865 0.0000
265.2982 0.0000
265.3098 0.0000
265.3215 0.0000
265.3332 0.0000
265.3449 0.0000
265.3565 0.0000
265.3682 0.0000
265.3799 0.0000
265.3916 0.0000
265.4032 0.0000
265.4149 0.0000
265.4266 0.0000
265.4383 0.0000
265.4499 0.0000
265.4616 0.0000
265.4733 0.0000
265.4849 0.0000
265.4966 0.0000
265.5083 0.0000
265.5200 0.0000
265.5316 0.0000
265.5433 0.0000
265.5550 0.0000
265.5667 0.0000
265.5783 0.0000
265.5900 0.0000
265.6017 0.0000
265.6134 0.0000
265.6250 0.0000
265.6367 0.0000
265.6484 0.0000
265.6601 0.0000
265.6717 0.0000
265.6834 0.0000
265.6951 0.0000
265.7068 0.0000
265.7184 0.0000
265.7301 0.0000
265.7418 0.0000
265.7535 0.0000
265.7651 0.0000
265.7768 0.0000
265.7885 0.0000
265.8002 0.0000
265.8118 0.0000
265.8235 0.0000
265.8352 0.0000
265.8469 0.0000
265.8585 0.0000
265.8702 0.0000
265.8819 0.0000
265.8935 0.0000
265.9052 0.0000
265.9169 0.0000
265.9286 0.0000
265.9402 0.0000
265.9519 0.0000
265.9636 0.0000
265.9753 0.0000
265.9869 0.0000
265.9986 0.0000
266.0103 0.0000
266.0220 0.0000
266.0336 0.0000
266.0453 0.0000
266.0570 0.0000
266.0687 0.0000
266.0803 0.0000
266.0920 0.0000
266.1037 0.0000
266.1154 0.0000
266.1270 0.0000
266.1387 0.0000
266.1504 0.0000
266.1621 0.0000
266.1737 0.0000
266.1854 0.0000
266.1971 0.0000
266.2088 0.0000
266.2204 0.0000
266.2321 0.0000
266.2438 0.0000
266.2555 0.0000
266.2671 0.0000
266.2788 0.0000
266.2905 0.0000
266.3021 0.0000
266.3138 0.0000
266.3255 0.0000
266.3372 0.0000
266.3488 0.0000
266.3605 0.0000
266.3722 0.0000
266.3839 0.0000
266.3955 0.0000
266.4072 0.0000
266.4189 0.0000
266.4306 0.0000
266.4422 0.0000
266.4539 0.0000
266.4656 0.0000
266.4773 0.0000
266.4889 0.0000
266.5006 0.0000
266.5123 0.0000
266.5240 0.0000
266.5356 0.0000
266.5473 0.0000
266.5590 0.0000
266.5707 0.0000
266.5823 0.0000
266.5940 0.0000
266.6057 0.0000
266.6174 0.0000
266.6290 0.0000
266.6407 0.0000
266.6524 0.0000
266.6641 0.0000
266.6757 0.0000
266.6874 0.0000
266.6991 0.0000
266.7107 0.0000
266.7224 0.0000
266.7341 0.0000
266.7458 0.0000
266.7574 0.0000
266.7691 0.0000
266.7808 0.0000
266.7925 0.0000
266.8041 0.0000
266.8158 0.0000
266.8275 0.0000
266.8392 0.0000
266.8508 0.0000
266.8625 0.0000
266.8742 0.0000
266.8859 0.0000
266.8975 0.0000
266.9092 0.0000
266.9209 0.0000
266.9326 0.0000
266.9442 0.0000
266.9559 0.0000
266.9676 0.0000
266.9793 0.0000
266.9909 0.0000
267.0026 0.0000
267.0143 0.0000
267.0260 0.0000
267.0376 0.0000
267.0493 0.0000
267.0610 0.0000
267.0727 0.0000
267.0843 0.0000
267.0960 0.0000
267.1077 0.0000
267.1193 0.0000
267.1310 0.0000
267.1427 0.0000
267.1544 0.0000
267.1660 0.0000
267.1777 0.0000
267.1894 0.0000
267.2011 0.0000
267.2127 0.0000
267.2244 0.0000
267.2361 0.0000
267.2478 0.0000
267.2594 0.0000
267.2711 0.0000
267.2828 0.0000
267.2945 0.0000
267.3061 0.0000
267.3178 0.0000
267.3295 0.0000
267.3412 0.0000
267.3528 0.0000
267.3645 0.0000
267.3762 0.0000
267.3879 0.0000
267.3995 0.0000
267.4112 0.0000
267.4229 0.0000
267.4346 0.0000
267.4462 0.0000
267.4579 0.0000
267.4696 0.0000
267.4813 0.0000
267.4929 0.0000
267.5046 0.0000
267.5163 0.0000
267.5279 0.0000
267.5396 0.0000
267.5513 0.0000
267.5630 0.0000
267.5746 0.0000
267.5863 0.0000
267.5980 0.0000
267.6097 0.0000
267.6213 0.0000
267.6330 0.0000
267.6447 0.0000
267.6564 0.0000
267.6680 0.0000
267.6797 0.0000
267.6914 0.0000
267.7031 0.0000
267.7147 0.0000
267.7264 0.0000
267.7381 0.0000
267.7498 0.0000
267.7614 0.0000
267.7731 0.0000
267.7848 0.0000
267.7965 0.0000
267.8081 0.0000
267.8198 0.0000
267.8315 0.0000
267.8432 0.0000
267.8548 0.0000
267.8665 0.0000
267.8782 0.0000
267.8899 0.0000
267.9015 0.0000
267.9132 0.0000
267.9249 0.0000
267.9365 0.0000
267.9482 0.0000
267.9599 0.0000
267.9716 0.0000
267.9832 0.0000
267.9949 0.0000
268.0066 0.0000
268.0183 0.0000
268.0299 0.0000
268.0416 0.0000
268.0533 0.0000
268.0650 0.0000
268.0766 0.0000
268.0883 0.0000
268.1000 0.0000
268.1117 0.0000
268.1233 0.0000
268.1350 0.0000
268.1467 0.0000
268.1584 0.0000
268.1700 0.0000
268.1817 0.0000
268.1934 0.0000
268.2051 0.0000
268.2167 0.0000
268.2284 0.0000
268.2401 0.0000
268.2518 0.0000
268.2634 0.0000
268.2751 0.0000
268.2868 0.0000
268.2985 0.0000
268.3101 0.0000
268.3218 0.0000
268.3335 0.0000
268.3451 0.0000
268.3568 0.0000
268.3685 0.0000
268.3802 0.0000
268.3918 0.0000
268.4035 0.0000
268.4152 0.0000
268.4269 0.0000
268.4385 0.0000
268.4502 0.0000
268.4619 0.0000
268.4736 0.0000
268.4852 0.0000
268.4969 0.0000
268.5086 0.0000
268.5203 0.0000
268.5319 0.0000
268.5436 0.0000
268.5553 0.0000
268.5670 0.0000
268.5786 0.0000
268.5903 0.0000
268.6020 0.0000
268.6137 0.0000
268.6253 0.0000
268.6370 0.0000
268.6487 0.0000
268.6604 0.0000
268.6720 0.0000
268.6837 0.0000
268.6954 0.0000
268.7071 0.0000
268.7187 0.0000
268.7304 0.0000
268.7421 0.0000
268.7537 0.0000
268.7654 0.0000
268.7771 0.0000
268.7888 0.0000
268.8004 0.0000
268.8121 0.0000
268.8238 0.0000
268.8355 0.0000
268.8471 0.0000
268.8588 0.0000
268.8705 0.0000
268.8822 0.0000
268.8938 0.0000
268.9055 0.0000
268.9172 0.0000
268.9289 0.0000
268.9405 0.0000
268.9522 0.0000
268.9639 0.0000
268.9756 0.0000
268.9872 0.0000
268.9989 0.0000
269.0106 0.0000
269.0223 0.0000
269.0339 0.0000
269.0456 0.0000
269.0573 0.0000
269.0690 0.0000
269.0806 0.0000
269.0923 0.0000
269.1040 0.0000
269.1157 0.0000
269.1273 0.0000
269.1390 0.0000
269.1507 0.0000
269.1623 0.0000
269.1740 0.0000
269.1857 0.0000
269.1974 0.0000
269.2090 0.0000
269.2207 0.0000
269.2324 0.0000
269.2441 0.0000
269.2557 0.0000
269.2674 0.0000
269.2791 0.0000
269.2908 0.0000
269.3024 0.0000
269.3141 0.0000
269.3258 0.0000
269.3375 0.0000
269.3491 0.0000
269.3608 0.0000
269.3725 0.0000
269.3842 0.0000
269.3958 0.0000
269.4075 0.0000
269.4192 0.0000
269.4309 0.0000
269.4425 0.0000
269.4542 0.0000
269.4659 0.0000
269.4776 0.0000
269.4892 0.0000
269.5009 0.0000
269.5126 0.0000
269.5243 0.0000
269.5359 0.0000
269.5476 0.0000
269.5593 0.0000
269.5709 0.0000
269.5826 0.0000
269.5943 0.0000
269.6060 0.0000
269.6176 0.0000
269.6293 0.0000
269.6410 0.0000
269.6527 0.0000
269.6643 0.0000
269.6760 0.0000
269.6877 0.0000
269.6994 0.0000
269.7110 0.0000
269.7227 0.0000
269.7344 0.0000
269.7461 0.0000
269.7577 0.0000
269.7694 0.0000
269.7811 0.0000
269.7928 0.0000
269.8044 0.0000
269.8161 0.0000
269.8278 0.0000
269.8395 0.0000
269.8511 0.0000
269.8628 0.0000
269.8745 0.0000
269.8862 0.0000
269.8978 0.0000
269.9095 0.0000
269.9212 0.0000
269.9329 0.0000
269.9445 0.0000
269.9562 0.0000
269.9679 0.0000
269.9795 0.0000
269.9912 0.0000
270.0029 0.0000
270.0146 0.0000
270.0262 0.0000
270.0379 0.0000
270.0496 0.0000
270.0613 0.0000
270.0729 0.0000
270.0846 0.0000
270.0963 0.0000
270.1080 0.0000
270.1196 0.0000
270.1313 0.0000
270.1430 0.0000
270.1547 0.0000
270.1663 0.0000
270.1780 0.0000
270.1897 0.0000
270.2014 0.0000
270.2130 0.0000
270.2247 0.0000
270.2364 0.0000
270.2481 0.0000
270.2597 0.0000
270.2714 0.0000
270.2831 0.0000
270.2948 0.0000
270.3064 0.0000
270.3181 0.0000
270.3298 0.0000
270.3415 0.0000
270.3531 0.0000
270.3648 0.0000
270.3765 0.0000
270.3881 0.0000
270.3998 0.0000
270.4115 0.0000
270.4232 0.0000
270.4348 0.0000
270.4465 0.0000
270.4582 0.0000
270.4699 0.0000
270.4815 0.0000
270.4932 0.0000
270.5049 0.0000
270.5166 0.0000
270.5282 0.0000
270.5399 0.0000
270.5516 0.0000
270.5633 0.0000
270.5749 0.0000
270.5866 0.0000
270.5983 0.0000
270.6100 0.0000
270.6216 0.0000
270.6333 0.0000
270.6450 0.0000
270.6567 0.0000
270.6683 0.0000
270.6800 0.0000
270.6917 0.0000
270.7034 0.0000
270.7150 0.0000
270.7267 0.0000
270.7384 0.0000
270.7501 0.0000
270.7617 0.0000
270.7734 0.0000
270.7851 0.0000
270.7967 0.0000
270.8084 0.0000
270.8201 0.0000
270.8318 0.0000
270.8434 0.0000
270.8551 0.0000
270.8668 0.0000
270.8785 0.0000
270.8901 0.0000
270.9018 0.0000
270.9135 0.0000
270.9252 0.0000
270.9368 0.0000
270.9485 0.0000
270.9602 0.0000
270.9719 0.0000
270.9835 0.0000
270.9952 0.0000
271.0069 0.0000
271.0186 0.0000
271.0302 0.0000
271.0419 0.0000
271.0536 0.0000
271.0653 0.0000
271.0769 0.0000
271.0886 0.0000
271.1003 0.0000
271.1120 0.0000
271.1236 0.0000
271.1353 0.0000
271.1470 0.0000
271.1587 0.0000
271.1703 0.0000
271.1820 0.0000
271.1937 0.0000
271.2053 0.0000
271.2170 0.0000
271.2287 0.0000
271.2404 0.0000
271.2520 0.0000
271.2637 0.0000
271.2754 0.0000
271.2871 0.0000
271.2987 0.0000
271.3104 0.0000
271.3221 0.0000
271.3338 0.0000
271.3454 0.0000
271.3571 0.0000
271.3688 0.0000
271.3805 0.0000
271.3921 0.0000
271.4038 0.0000
271.4155 0.0000
271.4272 0.0000
271.4388 0.0000
271.4505 0.0000
271.4622 0.0000
271.4739 0.0000
271.4855 0.0000
271.4972 0.0000
271.5089 0.0000
271.5206 0.0000
271.5322 0.0000
271.5439 0.0000
271.5556 0.0000
271.5673 0.0000
271.5789 0.0000
271.5906 0.0000
271.6023 0.0000
271.6139 0.0000
271.6256 0.0000
271.6373 0.0000
271.6490 0.0000
271.6606 0.0000
271.6723 0.0000
271.6840 0.0000
271.6957 0.0000
271.7073 0.0000
271.7190 0.0000
271.7307 0.0000
271.7424 0.0000
271.7540 0.0000
271.7657 0.0000
271.7774 0.0000
271.7891 0.0000
271.8007 0.0000
271.8124 0.0000
271.8241 0.0000
271.8358 0.0000
271.8474 0.0000
271.8591 0.0000
271.8708 0.0000
271.8825 0.0000
271.8941 0.0000
271.9058 0.0000
271.9175 0.0000
271.9292 0.0000
271.9408 0.0000
271.9525 0.0000
271.9642 0.0000
271.9759 0.0000
271.9875 0.0000
271.9992 0.0000
272.0109 0.0000
272.0225 0.0000
272.0342 0.0000
272.0459 0.0000
272.0576 0.0000
272.0692 0.0000
272.0809 0.0000
272.0926 0.0000
272.1043 0.0000
272.1159 0.0000
272.1276 0.0000
272.1393 0.0000
272.1510 0.0000
272.1626 0.0000
272.1743 0.0000
272.1860 0.0000
272.1977 0.0000
272.2093 0.0000
272.2210 0.0000
272.2327 0.0000
272.2444 0.0000
272.2560 0.0000
272.2677 0.0000
272.2794 0.0000
272.2911 0.0000
272.3027 0.0000
272.3144 0.0000
272.3261 0.0000
272.3378 0.0000
272.3494 0.0000
272.3611 0.0000
272.3728 0.0000
272.3845 0.0000
272.3961 0.0000
272.4078 0.0000
272.4195 0.0000
272.4311 0.0000
272.4428 0.0000
272.4545 0.0000
272.4662 0.0000
272.4778 0.0000
272.4895 0.0000
272.5012 0.0000
272.5129 0.0000
272.5245 0.0000
272.5362 0.0000
272.5479 0.0000
272.5596 0.0000
272.5712 0.0000
272.5829 0.0000
272.5946 0.0000
272.6063 0.0000
272.6179 0.0000
272.6296 0.0000
272.6413 0.0000
272.6530 0.0000
272.6646 0.0000
272.6763 0.0000
272.6880 0.0000
272.6997 0.0000
272.7113 0.0000
272.7230 0.0000
272.7347 0.0000
272.7464 0.0000
272.7580 0.0000
272.7697 0.0000
272.7814 0.0000
272.7931 0.0000
272.8047 0.0000
272.8164 0.0000
272.8281 0.0000
272.8397 0.0000
272.8514 0.0000
272.8631 0.0000
272.8748 0.0000
272.8864 0.0000
272.8981 0.0000
272.9098 0.0000
272.9215 0.0000
272.9331 0.0000
272.9448 0.0000
272.9565 0.0000
272.9682 0.0000
272.9798 0.0000
272.9915 0.0000
273.0032 0.0000
273.0149 0.0000
273.0265 0.0000
273.0382 0.0000
273.0499 0.0000
273.0616 0.0000
273.0732 0.0000
273.0849 0.0000
273.0966 0.0000
273.1083 0.0000
273.1199 0.0000
273.1316 0.0000
273.1433 0.0000
273.1550 0.0000
273.1666 0.0000
273.1783 0.0000
273.1900 0.0000
273.2017 0.0000
273.2133 0.0000
273.2250 0.0000
273.2367 0.0000
273.2483 0.0000
273.2600 0.0000
273.2717 0.0000
273.2834 0.0000
273.2950 0.0000
273.3067 0.0000
273.3184 0.0000
273.3301 0.0000
273.3417 0.0000
273.3534 0.0000
273.3651 0.0000
273.3768 0.0000
273.3884 0.0000
273.4001 0.0000
273.4118 0.0000
273.4235 0.0000
273.4351 0.0000
273.4468 0.0000
273.4585 0.0000
273.4702 0.0000
273.4818 0.0000
273.4935 0.0000
273.5052 0.0000
273.5169 0.0000
273.5285 0.0000
273.5402 0.0000
273.5519 0.0000
273.5636 0.0000
273.5752 0.0000
273.5869 0.0000
273.5986 0.0000
273.6103 0.0000
273.6219 0.0000
273.6336 0.0000
273.6453 0.0000
273.6569 0.0000
273.6686 0.0000
273.6803 0.0000
273.6920 0.0000
273.7036 0.0000
273.7153 0.0000
273.7270 0.0000
273.7387 0.0000
273.7503 0.0000
273.7620 0.0000
273.7737 0.0000
273.7854 0.0000
273.7970 0.0000
273.8087 0.0000
273.8204 0.0000
273.8321 0.0000
273.8437 0.0000
273.8554 0.0000
273.8671 0.0000
273.8788 0.0000
273.8904 0.0000
273.9021 0.0000
273.9138 0.0000
273.9255 0.0000
273.9371 0.0000
273.9488 0.0000
273.9605 0.0000
273.9722 0.0000
273.9838 0.0000
273.9955 0.0000
274.0072 0.0000
274.0189 0.0000
274.0305 0.0000
274.0422 0.0000
274.0539 0.0000
274.0655 0.0000
274.0772 0.0000
274.0889 0.0000
274.1006 0.0000
274.1122 0.0000
274.1239 0.0000
274.1356 0.0000
274.1473 0.0000
274.1589 0.0000
274.1706 0.0000
274.1823 0.0000
274.1940 0.0000
274.2056 0.0000
274.2173 0.0000
274.2290 0.0000
274.2407 0.0000
274.2523 0.0000
274.2640 0.0000
274.2757 0.0000
274.2874 0.0000
274.2990 0.0000
274.3107 0.0000
274.3224 0.0000
274.3341 0.0000
274.3457 0.0000
274.3574 0.0000
274.3691 0.0000
274.3808 0.0000
274.3924 0.0000
274.4041 0.0000
274.4158 0.0000
274.4275 0.0000
274.4391 0.0000
274.4508 0.0000
274.4625 0.0000
274.4741 0.0000
274.4858 0.0000
274.4975 0.0000
274.5092 0.0000
274.5208 0.0000
274.5325 0.0000
274.5442 0.0000
274.5559 0.0000
274.5675 0.0000
274.5792 0.0000
274.5909 0.0000
274.6026 0.0000
274.6142 0.0000
274.6259 0.0000
274.6376 0.0000
274.6493 0.0000
274.6609 0.0000
274.6726 0.0000
274.6843 0.0000
274.6960 0.0000
274.7076 0.0000
274.7193 0.0000
274.7310 0.0000
274.7427 0.0000
274.7543 0.0000
274.7660 0.0000
274.7777 0.0000
274.7894 0.0000
274.8010 0.0000
274.8127 0.0000
274.8244 0.0000
274.8361 0.0000
274.8477 0.0000
274.8594 0.0000
274.8711 0.0000
274.8827 0.0000
274.8944 0.0000
274.9061 0.0000
274.9178 0.0000
274.9294 0.0000
274.9411 0.0000
274.9528 0.0000
274.9645 0.0000
274.9761 0.0000
274.9878 0.0000
274.9995 0.0000
275.0112 0.0000
275.0228 0.0000
275.0345 0.0000
275.0462 0.0000
275.0579 0.0000
275.0695 0.0000
275.0812 0.0000
275.0929 0.0000
275.1046 0.0000
275.1162 0.0000
275.1279 0.0000
275.1396 0.0000
275.1513 0.0000
275.1629 0.0000
275.1746 0.0000
275.1863 0.0000
275.1980 0.0000
275.2096 0.0000
275.2213 0.0000
275.2330 0.0000
275.2447 0.0000
275.2563 0.0000
275.2680 0.0000
275.2797 0.0000
275.2913 0.0000
275.3030 0.0000
275.3147 0.0000
275.3264 0.0000
275.3380 0.0000
275.3497 0.0000
275.3614 0.0000
275.3731 0.0000
275.3847 0.0000
275.3964 0.0000
275.4081 0.0000
275.4198 0.0000
275.4314 0.0000
275.4431 0.0000
275.4548 0.0000
275.4665 0.0000
275.4781 0.0000
275.4898 0.0000
275.5015 0.0000
275.5132 0.0000
275.5248 0.0000
275.5365 0.0000
275.5482 0.0000
275.5599 0.0000
275.5715 0.0000
275.5832 0.0000
275.5949 0.0000
275.6066 0.0000
275.6182 0.0000
275.6299 0.0000
275.6416 0.0000
275.6533 0.0000
275.6649 0.0000
275.6766 0.0000
275.6883 0.0000
275.6999 0.0000
275.7116 0.0000
275.7233 0.0000
275.7350 0.0000
275.7466 0.0000
275.7583 0.0000
275.7700 0.0000
275.7817 0.0000
275.7933 0.0000
275.8050 0.0000
275.8167 0.0000
275.8284 0.0000
275.8400 0.0000
275.8517 0.0000
275.8634 0.0000
275.8751 0.0000
275.8867 0.0000
275.8984 0.0000
275.9101 0.0000
275.9218 0.0000
275.9334 0.0000
275.9451 0.0000
275.9568 0.0000
275.9685 0.0000
275.9801 0.0000
275.9918 0.0000
276.0035 0.0000
276.0152 0.0000
276.0268 0.0000
276.0385 0.0000
276.0502 0.0000
276.0619 0.0000
276.0735 0.0000
276.0852 0.0000
276.0969 0.0000
276.1085 0.0000
276.1202 0.0000
276.1319 0.0000
276.1436 0.0000
276.1552 0.0000
276.1669 0.0000
276.1786 0.0000
276.1903 0.0000
276.2019 0.0000
276.2136 0.0000
276.2253 0.0000
276.2370 0.0000
276.2486 0.0000
276.2603 0.0000
276.2720 0.0000
276.2837 0.0000
276.2953 0.0000
276.3070 0.0000
276.3187 0.0000
276.3304 0.0000
276.3420 0.0000
276.3537 0.0000
276.3654 0.0000
276.3771 0.0000
276.3887 0.0000
276.4004 0.0000
276.4121 0.0000
276.4238 0.0000
276.4354 0.0000
276.4471 0.0000
276.4588 0.0000
276.4705 0.0000
276.4821 0.0000
276.4938 0.0000
276.5055 0.0000
276.5171 0.0000
276.5288 0.0000
276.5405 0.0000
276.5522 0.0000
276.5638 0.0000
276.5755 0.0000
276.5872 0.0000
276.5989 0.0000
276.6105 0.0000
276.6222 0.0000
276.6339 0.0000
276.6456 0.0000
276.6572 0.0000
276.6689 0.0000
276.6806 0.0000
276.6923 0.0000
276.7039 0.0000
276.7156 0.0000
276.7273 0.0000
276.7390 0.0000
276.7506 0.0000
276.7623 0.0000
276.7740 0.0000
276.7857 0.0000
276.7973 0.0000
276.8090 0.0000
276.8207 0.0000
276.8324 0.0000
276.8440 0.0000
276.8557 0.0000
276.8674 0.0000
276.8791 0.0000
276.8907 0.0000
276.9024 0.0000
276.9141 0.0000
276.9257 0.0000
276.9374 0.0000
276.9491 0.0000
276.9608 0.0000
276.9724 0.0000
276.9841 0.0000
276.9958 0.0000
277.0075 0.0000
277.0191 0.0000
277.0308 0.0000
277.0425 0.0000
277.0542 0.0000
277.0658 0.0000
277.0775 0.0000
277.0892 0.0000
277.1009 0.0000
277.1125 0.0000
277.1242 0.0000
277.1359 0.0000
277.1476 0.0000
277.1592 0.0000
277.1709 0.0000
277.1826 0.0000
277.1943 0.0000
277.2059 0.0000
277.2176 0.0000
277.2293 0.0000
277.2410 0.0000
277.2526 0.0000
277.2643 0.0000
277.2760 0.0000
277.2877 0.0000
277.2993 0.0000
277.3110 0.0000
277.3227 0.0000
277.3343 0.0000
277.3460 0.0000
277.3577 0.0000
277.3694 0.0000
277.3810 0.0000
277.3927 0.0000
277.4044 0.0000
277.4161 0.0000
277.4277 0.0000
277.4394 0.0000
277.4511 0.0000
277.4628 0.0000
277.4744 0.0000
277.4861 0.0000
277.4978 0.0000
277.5095 0.0000
277.5211 0.0000
277.5328 0.0000
277.5445 0.0000
277.5562 0.0000
277.5678 0.0000
277.5795 0.0000
277.5912 0.0000
277.6029 0.0000
277.6145 0.0000
277.6262 0.0000
277.6379 0.0000
277.6496 0.0000
277.6612 0.0000
277.6729 0.0000
277.6846 0.0000
277.6963 0.0000
277.7079 0.0000
277.7196 0.0000
277.7313 0.0000
277.7429 0.0000
277.7546 0.0000
277.7663 0.0000
277.7780 0.0000
277.7896 0.0000
277.8013 0.0000
277.8130 0.0000
277.8247 0.0000
277.8363 0.0000
277.8480 0.0000
277.8597 0.0000
277.8714 0.0000
277.8830 0.0000
277.8947 0.0000
277.9064 0.0000
277.9181 0.0000
277.9297 0.0000
277.9414 0.0000
277.9531 0.0000
277.9648 0.0000
277.9764 0.0000
277.9881 0.0000
277.9998 0.0000
278.0115 0.0000
278.0231 0.0000
278.0348 0.0000
278.0465 0.0000
278.0582 0.0000
278.0698 0.0000
278.0815 0.0000
278.0932 0.0000
278.1049 0.0000
278.1165 0.0000
278.1282 0.0000
278.1399 0.0000
278.1515 0.0000
278.1632 0.0000
278.1749 0.0000
278.1866 0.0000
278.1982 0.0000
278.2099 0.0000
278.2216 0.0000
278.2333 0.0000
278.2449 0.0000
278.2566 0.0000
278.2683 0.0000
278.2800 0.0000
278.2916 0.0000
278.3033 0.0000
278.3150 0.0000
278.3267 0.0000
278.3383 0.0000
278.3500 0.0000
278.3617 0.0000
278.3734 0.0000
278.3850 0.0000
278.3967 0.0000
278.4084 0.0000
278.4201 0.0000
278.4317 0.0000
278.4434 0.0000
278.4551 0.0000
278.4668 0.0000
278.4784 0.0000
278.4901 0.0000
278.5018 0.0000
278.5135 0.0000
278.5251 0.0000
278.5368 0.0000
278.5485 0.0000
278.5601 0.0000
278.5718 0.0000
278.5835 0.0000
278.5952 0.0000
278.6068 0.0000
278.6185 0.0000
278.6302 0.0000
278.6419 0.0000
278.6535 0.0000
278.6652 0.0000
278.6769 0.0000
278.6886 0.0000
278.7002 0.0000
278.7119 0.0000
278.7236 0.0000
278.7353 0.0000
278.7469 0.0000
278.7586 0.0000
278.7703 0.0000
278.7820 0.0000
278.7936 0.0000
278.8053 0.0000
278.8170 0.0000
278.8287 0.0000
278.8403 0.0000
278.8520 0.0000
278.8637 0.0000
278.8754 0.0000
278.8870 0.0000
278.8987 0.0000
278.9104 0.0000
278.9221 0.0000
278.9337 0.0000
278.9454 0.0000
278.9571 0.0000
278.9687 0.0000
278.9804 0.0000
278.9921 0.0000
279.0038 0.0000
279.0154 0.0000
279.0271 0.0000
279.0388 0.0000
279.0505 0.0000
279.0621 0.0000
279.0738 0.0000
279.0855 0.0000
279.0972 0.0000
279.1088 0.0000
279.1205 0.0000
279.1322 0.0000
279.1439 0.0000
279.1555 0.0000
279.1672 0.0000
279.1789 0.0000
279.1906 0.0000
279.2022 0.0000
279.2139 0.0000
279.2256 0.0000
279.2373 0.0000
279.2489 0.0000
279.2606 0.0000
279.2723 0.0000
279.2840 0.0000
279.2956 0.0000
279.3073 0.0000
279.3190 0.0000
279.3307 0.0000
279.3423 0.0000
279.3540 0.0000
279.3657 0.0000
279.3773 0.0000
279.3890 0.0000
279.4007 0.0000
279.4124 0.0000
279.4240 0.0000
279.4357 0.0000
279.4474 0.0000
279.4591 0.0000
279.4707 0.0000
279.4824 0.0000
279.4941 0.0000
279.5058 0.0000
279.5174 0.0000
279.5291 0.0000
279.5408 0.0000
279.5525 0.0000
279.5641 0.0000
279.5758 0.0000
279.5875 0.0000
279.5992 0.0000
279.6108 0.0000
279.6225 0.0000
279.6342 0.0000
279.6459 0.0000
279.6575 0.0000
279.6692 0.0000
279.6809 0.0000
279.6926 0.0000
279.7042 0.0000
279.7159 0.0000
279.7276 0.0000
279.7393 0.0000
279.7509 0.0000
279.7626 0.0000
279.7743 0.0000
279.7859 0.0000
279.7976 0.0000
279.8093 0.0000
279.8210 0.0000
279.8326 0.0000
279.8443 0.0000
279.8560 0.0000
279.8677 0.0000
279.8793 0.0000
279.8910 0.0000
279.9027 0.0000
279.9144 0.0000
279.9260 0.0000
279.9377 0.0000
279.9494 0.0000
279.9611 0.0000
279.9727 0.0000
279.9844 0.0000
279.9961 0.0000
280.0078 0.0000
280.0194 0.0000
280.0311 0.0000
280.0428 0.0000
280.0545 0.0000
280.0661 0.0000
280.0778 0.0000
280.0895 0.0000
280.1012 0.0000
280.1128 0.0000
280.1245 0.0000
280.1362 0.0000
280.1479 0.0000
280.1595 0.0000
280.1712 0.0000
280.1829 0.0000
280.1946 0.0000
280.2062 0.0000
280.2179 0.0000
280.2296 0.0000
280.2412 0.0000
280.2529 0.0000
280.2646 0.0000
280.2763 0.0000
280.2879 0.0000
280.2996 0.0000
280.3113 0.0000
280.3230 0.0000
280.3346 0.0000
280.3463 0.0000
280.3580 0.0000
280.3697 0.0000
280.3813 0.0000
280.3930 0.0000
280.4047 0.0000
280.4164 0.0000
280.4280 0.0000
280.4397 0.0000
280.4514 0.0000
280.4631 0.0000
280.4747 0.0000
280.4864 0.0000
280.4981 0.0000
280.5098 0.0000
280.5214 0.0000
280.5331 0.0000
280.5448 0.0000
280.5565 0.0000
280.5681 0.0000
280.5798 0.0000
280.5915 0.0000
280.6032 0.0000
280.6148 0.0000
280.6265 0.0000
280.6382 0.0000
280.6498 0.0000
280.6615 0.0000
280.6732 0.0000
280.6849 0.0000
280.6965 0.0000
280.7082 0.0000
280.7199 0.0000
280.7316 0.0000
280.7432 0.0000
280.7549 0.0000
280.7666 0.0000
280.7783 0.0000
280.7899 0.0000
280.8016 0.0000
280.8133 0.0000
280.8250 0.0000
280.8366 0.0000
280.8483 0.0000
280.8600 0.0000
280.8717 0.0000
280.8833 0.0000
280.8950 0.0000
280.9067 0.0000
280.9184 0.0000
280.9300 0.0000
280.9417 0.0000
280.9534 0.0000
280.9651 0.0000
280.9767 0.0000
280.9884 0.0000
281.0001 0.0000
281.0118 0.0000
281.0234 0.0000
281.0351 0.0000
281.0468 0.0000
281.0584 0.0000
281.0701 0.0000
281.0818 0.0000
281.0935 0.0000
281.1051 0.0000
281.1168 0.0000
281.1285 0.0000
281.1402 0.0000
281.1518 0.0000
281.1635 0.0000
281.1752 0.0000
281.1869 0.0000
281.1985 0.0000
281.2102 0.0000
281.2219 0.0000
281.2336 0.0000
281.2452 0.0000
281.2569 0.0000
281.2686 0.0000
281.2803 0.0000
281.2919 0.0000
281.3036 0.0000
281.3153 0.0000
281.3270 0.0000
281.3386 0.0000
281.3503 0.0000
281.3620 0.0000
281.3737 0.0000
281.3853 0.0000
281.3970 0.0000
281.4087 0.0000
281.4204 0.0000
281.4320 0.0000
281.4437 0.0000
281.4554 0.0000
281.4670 0.0000
281.4787 0.0000
281.4904 0.0000
281.5021 0.0000
281.5137 0.0000
281.5254 0.0000
281.5371 0.0000
281.5488 0.0000
281.5604 0.0000
281.5721 0.0000
281.5838 0.0000
281.5955 0.0000
281.6071 0.0000
281.6188 0.0000
281.6305 0.0000
281.6422 0.0000
281.6538 0.0000
281.6655 0.0000
281.6772 0.0000
281.6889 0.0000
281.7005 0.0000
281.7122 0.0000
281.7239 0.0000
281.7356 0.0000
281.7472 0.0000
281.7589 0.0000
281.7706 0.0000
281.7823 0.0000
281.7939 0.0000
281.8056 0.0000
281.8173 0.0000
281.8290 0.0000
281.8406 0.0000
281.8523 0.0000
281.8640 0.0000
281.8756 0.0000
281.8873 0.0000
281.8990 0.0000
281.9107 0.0000
281.9223 0.0000
281.9340 0.0000
281.9457 0.0000
281.9574 0.0000
281.9690 0.0000
281.9807 0.0000
281.9924 0.0000
282.0041 0.0000
282.0157 0.0000
282.0274 0.0000
282.0391 0.0000
282.0508 0.0000
282.0624 0.0000
282.0741 0.0000
282.0858 0.0000
282.0975 0.0000
282.1091 0.0000
282.1208 0.0000
282.1325 0.0000
282.1442 0.0000
282.1558 0.0000
282.1675 0.0000
282.1792 0.0000
282.1909 0.0000
282.2025 0.0000
282.2142 0.0000
282.2259 0.0000
282.2376 0.0000
282.2492 0.0000
282.2609 0.0000
282.2726 0.0000
282.2842 0.0000
282.2959 0.0000
282.3076 0.0000
282.3193 0.0000
282.3309 0.0000
282.3426 0.0000
282.3543 0.0000
282.3660 0.0000
282.3776 0.0000
282.3893 0.0000
282.4010 0.0000
282.4127 0.0000
282.4243 0.0000
282.4360 0.0000
282.4477 0.0000
282.4594 0.0000
282.4710 0.0000
282.4827 0.0000
282.4944 0.0000
282.5061 0.0000
282.5177 0.0000
282.5294 0.0000
282.5411 0.0000
282.5528 0.0000
282.5644 0.0000
282.5761 0.0000
282.5878 0.0000
282.5995 0.0000
282.6111 0.0000
282.6228 0.0000
282.6345 0.0000
282.6462 0.0000
282.6578 0.0000
282.6695 0.0000
282.6812 0.0000
282.6928 0.0000
282.7045 0.0000
282.7162 0.0000
282.7279 0.0000
282.7395 0.0000
282.7512 0.0000
282.7629 0.0000
282.7746 0.0000
282.7862 0.0000
282.7979 0.0000
282.8096 0.0000
282.8213 0.0000
282.8329 0.0000
282.8446 0.0000
282.8563 0.0000
282.8680 0.0000
282.8796 0.0000
282.8913 0.0000
282.9030 0.0000
282.9147 0.0000
282.9263 0.0000
282.9380 0.0000
282.9497 0.0000
282.9614 0.0000
282.9730 0.0000
282.9847 0.0000
282.9964 0.0000
283.0081 0.0000
283.0197 0.0000
283.0314 0.0000
283.0431 0.0000
283.0548 0.0000
283.0664 0.0000
283.0781 0.0000
283.0898 0.0000
283.1014 0.0000
283.1131 0.0000
283.1248 0.0000
283.1365 0.0000
283.1481 0.0000
283.1598 0.0000
283.1715 0.0000
283.1832 0.0000
283.1948 0.0000
283.2065 0.0000
283.2182 0.0000
283.2299 0.0000
283.2415 0.0000
283.2532 0.0000
283.2649 0.0000
283.2766 0.0000
283.2882 0.0000
283.2999 0.0000
283.3116 0.0000
283.3233 0.0000
283.3349 0.0000
283.3466 0.0000
283.3583 0.0000
283.3700 0.0000
283.3816 0.0000
283.3933 0.0000
283.4050 0.0000
283.4167 0.0000
283.4283 0.0000
283.4400 0.0000
283.4517 0.0000
283.4634 0.0000
283.4750 0.0000
283.4867 0.0000
283.4984 0.0000
283.5100 0.0000
283.5217 0.0000
283.5334 0.0000
283.5451 0.0000
283.5567 0.0000
283.5684 0.0000
283.5801 0.0000
283.5918 0.0000
283.6034 0.0000
283.6151 0.0000
283.6268 0.0000
283.6385 0.0000
283.6501 0.0000
283.6618 0.0000
283.6735 0.0000
283.6852 0.0000
283.6968 0.0000
283.7085 0.0000
283.7202 0.0000
283.7319 0.0000
283.7435 0.0000
283.7552 0.0000
283.7669 0.0000
283.7786 0.0000
283.7902 0.0000
283.8019 0.0000
283.8136 0.0000
283.8253 0.0000
283.8369 0.0000
283.8486 0.0000
283.8603 0.0000
283.8720 0.0000
283.8836 0.0000
283.8953 0.0000
283.9070 0.0000
283.9186 0.0000
283.9303 0.0000
283.9420 0.0000
283.9537 0.0000
283.9653 0.0000
283.9770 0.0000
283.9887 0.0000
284.0004 0.0000
284.0120 0.0000
284.0237 0.0000
284.0354 0.0000
284.0471 0.0000
284.0587 0.0000
284.0704 0.0000
284.0821 0.0000
284.0938 0.0000
284.1054 0.0000
284.1171 0.0000
284.1288 0.0000
284.1405 0.0000
284.1521 0.0000
284.1638 0.0000
284.1755 0.0000
284.1872 0.0000
284.1988 0.0000
284.2105 0.0000
284.2222 0.0000
284.2339 0.0000
284.2455 0.0000
284.2572 0.0000
284.2689 0.0000
284.2806 0.0000
284.2922 0.0000
284.3039 0.0000
284.3156 0.0000
284.3272 0.0000
284.3389 0.0000
284.3506 0.0000
284.3623 0.0000
284.3739 0.0000
284.3856 0.0000
284.3973 0.0000
284.4090 0.0000
284.4206 0.0000
284.4323 0.0000
284.4440 0.0000
284.4557 0.0000
284.4673 0.0000
284.4790 0.0000
284.4907 0.0000
284.5024 0.0000
284.5140 0.0000
284.5257 0.0000
284.5374 0.0000
284.5491 0.0000
284.5607 0.0000
284.5724 0.0000
284.5841 0.0000
284.5958 0.0000
284.6074 0.0000
284.6191 0.0000
284.6308 0.0000
284.6425 0.0000
284.6541 0.0000
284.6658 0.0000
284.6775 0.0000
284.6892 0.0000
284.7008 0.0000
284.7125 0.0000
284.7242 0.0000
284.7358 0.0000
284.7475 0.0000
284.7592 0.0000
284.7709 0.0000
284.7825 0.0000
284.7942 0.0000
284.8059 0.0000
284.8176 0.0000
284.8292 0.0000
284.8409 0.0000
284.8526 0.0000
284.8643 0.0000
284.8759 0.0000
284.8876 0.0000
284.8993 0.0000
284.9110 0.0000
284.9226 0.0000
284.9343 0.0000
284.9460 0.0000
284.9577 0.0000
284.9693 0.0000
284.9810 0.0000
284.9927 0.0000
285.0044 0.0000
285.0160 0.0000
285.0277 0.0000
285.0394 0.0000
285.0511 0.0000
285.0627 0.0000
285.0744 0.0000
285.0861 0.0000
285.0978 0.0000
285.1094 0.0000
285.1211 0.0000
285.1328 0.0000
285.1444 0.0000
285.1561 0.0000
285.1678 0.0000
285.1795 0.0000
285.1911 0.0000
285.2028 0.0000
285.2145 0.0000
285.2262 0.0000
285.2378 0.0000
285.2495 0.0000
285.2612 0.0000
285.2729 0.0000
285.2845 0.0000
285.2962 0.0000
285.3079 0.0000
285.3196 0.0000
285.3312 0.0000
285.3429 0.0000
285.3546 0.0000
285.3663 0.0000
285.3779 0.0000
285.3896 0.0000
285.4013 0.0000
285.4130 0.0000
285.4246 0.0000
285.4363 0.0000
285.4480 0.0000
285.4597 0.0000
285.4713 0.0000
285.4830 0.0000
285.4947 0.0000
285.5064 0.0000
285.5180 0.0000
285.5297 0.0000
285.5414 0.0000
285.5530 0.0000
285.5647 0.0000
285.5764 0.0000
285.5881 0.0000
285.5997 0.0000
285.6114 0.0000
285.6231 0.0000
285.6348 0.0000
285.6464 0.0000
285.6581 0.0000
285.6698 0.0000
285.6815 0.0000
285.6931 0.0000
285.7048 0.0000
285.7165 0.0000
285.7282 0.0000
285.7398 0.0000
285.7515 0.0000
285.7632 0.0000
285.7749 0.0000
285.7865 0.0000
285.7982 0.0000
285.8099 0.0000
285.8216 0.0000
285.8332 0.0000
285.8449 0.0000
285.8566 0.0000
285.8683 0.0000
285.8799 0.0000
285.8916 0.0000
285.9033 0.0000
285.9150 0.0000
285.9266 0.0000
285.9383 0.0000
285.9500 0.0000
285.9616 0.0000
285.9733 0.0000
285.9850 0.0000
285.9967 0.0000
286.0083 0.0000
286.0200 0.0000
286.0317 0.0000
286.0434 0.0000
286.0550 0.0000
286.0667 0.0000
286.0784 0.0000
286.0901 0.0000
286.1017 0.0000
286.1134 0.0000
286.1251 0.0000
286.1368 0.0000
286.1484 0.0000
286.1601 0.0000
286.1718 0.0000
286.1835 0.0000
286.1951 0.0000
286.2068 0.0000
286.2185 0.0000
286.2302 0.0000
286.2418 0.0000
286.2535 0.0000
286.2652 0.0000
286.2769 0.0000
286.2885 0.0000
286.3002 0.0000
286.3119 0.0000
286.3236 0.0000
286.3352 0.0000
286.3469 0.0000
286.3586 0.0000
286.3702 0.0000
286.3819 0.0000
286.3936 0.0000
286.4053 0.0000
286.4169 0.0000
286.4286 0.0000
286.4403 0.0000
286.4520 0.0000
286.4636 0.0000
286.4753 0.0000
286.4870 0.0000
286.4987 0.0000
286.5103 0.0000
286.5220 0.0000
286.5337 0.0000
286.5454 0.0000
286.5570 0.0000
286.5687 0.0000
286.5804 0.0000
286.5921 0.0000
286.6037 0.0000
286.6154 0.0000
286.6271 0.0000
286.6388 0.0000
286.6504 0.0000
286.6621 0.0000
286.6738 0.0000
286.6855 0.0000
286.6971 0.0000
286.7088 0.0000
286.7205 0.0000
286.7322 0.0000
286.7438 0.0000
286.7555 0.0000
286.7672 0.0000
286.7788 0.0000
286.7905 0.0000
286.8022 0.0000
286.8139 0.0000
286.8255 0.0000
286.8372 0.0000
286.8489 0.0000
286.8606 0.0000
286.8722 0.0000
286.8839 0.0000
286.8956 0.0000
286.9073 0.0000
286.9189 0.0000
286.9306 0.0000
286.9423 0.0000
286.9540 0.0000
286.9656 0.0000
286.9773 0.0000
286.9890 0.0000
287.0007 0.0000
287.0123 0.0000
287.0240 0.0000
287.0357 0.0000
287.0474 0.0000
287.0590 0.0000
287.0707 0.0000
287.0824 0.0000
287.0941 0.0000
287.1057 0.0000
287.1174 0.0000
287.1291 0.0000
287.1408 0.0000
287.1524 0.0000
287.1641 0.0000
287.1758 0.0000
287.1874 0.0000
287.1991 0.0000
287.2108 0.0000
287.2225 0.0000
287.2341 0.0000
287.2458 0.0000
287.2575 0.0000
287.2692 0.0000
287.2808 0.0000
287.2925 0.0000
287.3042 0.0000
287.3159 0.0000
287.3275 0.0000
287.3392 0.0000
287.3509 0.0000
287.3626 0.0000
287.3742 0.0000
287.3859 0.0000
287.3976 0.0000
287.4093 0.0000
287.4209 0.0000
287.4326 0.0000
287.4443 0.0000
287.4560 0.0000
287.4676 0.0000
287.4793 0.0000
287.4910 0.0000
287.5027 0.0000
287.5143 0.0000
287.5260 0.0000
287.5377 0.0000
287.5494 0.0000
287.5610 0.0000
287.5727 0.0000
287.5844 0.0000
287.5960 0.0000
287.6077 0.0000
287.6194 0.0000
287.6311 0.0000
287.6427 0.0000
287.6544 0.0000
287.6661 0.0000
287.6778 0.0000
287.6894 0.0000
287.7011 0.0000
287.7128 0.0000
287.7245 0.0000
287.7361 0.0000
287.7478 0.0000
287.7595 0.0000
287.7712 0.0000
287.7828 0.0000
287.7945 0.0000
287.8062 0.0000
287.8179 0.0000
287.8295 0.0000
287.8412 0.0000
287.8529 0.0000
287.8646 0.0000
287.8762 0.0000
287.8879 0.0000
287.8996 0.0000
287.9113 0.0000
287.9229 0.0000
287.9346 0.0000
287.9463 0.0000
287.9580 0.0000
287.9696 0.0000
287.9813 0.0000
287.9930 0.0000
288.0046 0.0000
288.0163 0.0000
288.0280 0.0000
288.0397 0.0000
288.0513 0.0000
288.0630 0.0000
288.0747 0.0000
288.0864 0.0000
288.0980 0.0000
288.1097 0.0000
288.1214 0.0000
288.1331 0.0000
288.1447 0.0000
288.1564 0.0000
288.1681 0.0000
288.1798 0.0000
288.1914 0.0000
288.2031 0.0000
288.2148 0.0000
288.2265 0.0000
288.2381 0.0000
288.2498 0.0000
288.2615 0.0000
288.2732 0.0000
288.2848 0.0000
288.2965 0.0000
288.3082 0.0000
288.3199 0.0000
288.3315 0.0000
288.3432 0.0000
288.3549 0.0000
288.3666 0.0000
288.3782 0.0000
288.3899 0.0000
288.4016 0.0000
288.4132 0.0000
288.4249 0.0000
288.4366 0.0000
288.4483 0.0000
288.4599 0.0000
288.4716 0.0000
288.4833 0.0000
288.4950 0.0000
288.5066 0.0000
288.5183 0.0000
288.5300 0.0000
288.5417 0.0000
288.5533 0.0000
288.5650 0.0000
288.5767 0.0000
288.5884 0.0000
288.6000 0.0000
288.6117 0.0000
288.6234 0.0000
288.6351 0.0000
288.6467 0.0000
288.6584 0.0000
288.6701 0.0000
288.6818 0.0000
288.6934 0.0000
288.7051 0.0000
288.7168 0.0000
288.7285 0.0000
288.7401 0.0000
288.7518 0.0000
288.7635 0.0000
288.7752 0.0000
288.7868 0.0000
288.7985 0.0000
288.8102 0.0000
288.8218 0.0000
288.8335 0.0000
288.8452 0.0000
288.8569 0.0000
288.8685 0.0000
288.8802 0.0000
288.8919 0.0000
288.9036 0.0000
288.9152 0.0000
288.9269 0.0000
288.9386 0.0000
288.9503 0.0000
288.9619 0.0000
288.9736 0.0000
288.9853 0.0000
288.9970 0.0000
289.0086 0.0000
289.0203 0.0000
289.0320 0.0000
289.0437 0.0000
289.0553 0.0000
289.0670 0.0000
289.0787 0.0000
289.0904 0.0000
289.1020 0.0000
289.1137 0.0000
289.1254 0.0000
289.1371 0.0000
289.1487 0.0000
289.1604 0.0000
289.1721 0.0000
289.1838 0.0000
289.1954 0.0000
289.2071 0.0000
289.2188 0.0000
289.2304 0.0000
289.2421 0.0000
289.2538 0.0000
289.2655 0.0000
289.2771 0.0000
289.2888 0.0000
289.3005 0.0000
289.3122 0.0000
289.3238 0.0000
289.3355 0.0000
289.3472 0.0000
289.3589 0.0000
289.3705 0.0000
289.3822 0.0000
289.3939 0.0000
289.4056 0.0000
289.4172 0.0000
289.4289 0.0000
289.4406 0.0000
289.4523 0.0000
289.4639 0.0000
289.4756 0.0000
289.4873 0.0000
289.4990 0.0000
289.5106 0.0000
289.5223 0.0000
289.5340 0.0000
289.5457 0.0000
289.5573 0.0000
289.5690 0.0000
289.5807 0.0000
289.5924 0.0000
289.6040 0.0000
289.6157 0.0000
289.6274 0.0000
289.6390 0.0000
289.6507 0.0000
289.6624 0.0000
289.6741 0.0000
289.6857 0.0000
289.6974 0.0000
289.7091 0.0000
289.7208 0.0000
289.7324 0.0000
289.7441 0.0000
289.7558 0.0000
289.7675 0.0000
289.7791 0.0000
289.7908 0.0000
289.8025 0.0000
289.8142 0.0000
289.8258 0.0000
289.8375 0.0000
289.8492 0.0000
289.8609 0.0000
289.8725 0.0000
289.8842 0.0000
289.8959 0.0000
289.9076 0.0000
289.9192 0.0000
289.9309 0.0000
289.9426 0.0000
289.9543 0.0000
289.9659 0.0000
289.9776 0.0000
289.9893 0.0000
290.0010 0.0000
290.0126 0.0000
290.0243 0.0000
290.0360 0.0000
290.0476 0.0000
290.0593 0.0000
290.0710 0.0000
290.0827 0.0000
290.0943 0.0000
290.1060 0.0000
290.1177 0.0000
290.1294 0.0000
290.1410 0.0000
290.1527 0.0000
290.1644 0.0000
290.1761 0.0000
290.1877 0.0000
290.1994 0.0000
290.2111 0.0000
290.2228 0.0000
290.2344 0.0000
290.2461 0.0000
290.2578 0.0000
290.2695 0.0000
290.2811 0.0000
290.2928 0.0000
290.3045 0.0000
290.3162 0.0000
290.3278 0.0000
290.3395 0.0000
290.3512 0.0000
290.3629 0.0000
290.3745 0.0000
290.3862 0.0000
290.3979 0.0000
290.4096 0.0000
290.4212 0.0000
290.4329 0.0000
290.4446 0.0000
290.4562 0.0000
290.4679 0.0000
290.4796 0.0000
290.4913 0.0000
290.5029 0.0000
290.5146 0.0000
290.5263 0.0000
290.5380 0.0000
290.5496 0.0000
290.5613 0.0000
290.5730 0.0000
290.5847 0.0000
290.5963 0.0000
290.6080 0.0000
290.6197 0.0000
290.6314 0.0000
290.6430 0.0000
290.6547 0.0000
290.6664 0.0000
290.6781 0.0000
290.6897 0.0000
290.7014 0.0000
290.7131 0.0000
290.7248 0.0000
290.7364 0.0000
290.7481 0.0000
290.7598 0.0000
290.7715 0.0000
290.7831 0.0000
290.7948 0.0000
290.8065 0.0000
290.8182 0.0000
290.8298 0.0000
290.8415 0.0000
290.8532 0.0000
290.8648 0.0000
290.8765 0.0000
290.8882 0.0000
290.8999 0.0000
290.9115 0.0000
290.9232 0.0000
290.9349 0.0000
290.9466 0.0000
290.9582 0.0000
290.9699 0.0000
290.9816 0.0000
290.9933 0.0000
291.0049 0.0000
291.0166 0.0000
291.0283 0.0000
291.0400 0.0000
291.0516 0.0000
291.0633 0.0000
291.0750 0.0000
291.0867 0.0000
291.0983 0.0000
291.1100 0.0000
291.1217 0.0000
291.1334 0.0000
291.1450 0.0000
291.1567 0.0000
291.1684 0.0000
291.1801 0.0000
291.1917 0.0000
291.2034 0.0000
291.2151 0.0000
291.2268 0.0000
291.2384 0.0000
291.2501 0.0000
291.2618 0.0000
291.2734 0.0000
291.2851 0.0000
291.2968 0.0000
291.3085 0.0000
291.3201 0.0000
291.3318 0.0000
291.3435 0.0000
291.3552 0.0000
291.3668 0.0000
291.3785 0.0000
291.3902 0.0000
291.4019 0.0000
291.4135 0.0000
291.4252 0.0000
291.4369 0.0000
291.4486 0.0000
291.4602 0.0000
291.4719 0.0000
291.4836 0.0000
291.4953 0.0000
291.5069 0.0000
291.5186 0.0000
291.5303 0.0000
291.5420 0.0000
291.5536 0.0000
291.5653 0.0000
291.5770 0.0000
291.5887 0.0000
291.6003 0.0000
291.6120 0.0000
291.6237 0.0000
291.6354 0.0000
291.6470 0.0000
291.6587 0.0000
291.6704 0.0000
291.6820 0.0000
291.6937 0.0000
291.7054 0.0000
291.7171 0.0000
291.7287 0.0000
291.7404 0.0000
291.7521 0.0000
291.7638 0.0000
291.7754 0.0000
291.7871 0.0000
291.7988 0.0000
291.8105 0.0000
291.8221 0.0000
291.8338 0.0000
291.8455 0.0000
291.8572 0.0000
291.8688 0.0000
291.8805 0.0000
291.8922 0.0000
291.9039 0.0000
291.9155 0.0000
291.9272 0.0000
291.9389 0.0000
291.9506 0.0000
291.9622 0.0000
291.9739 0.0000
291.9856 0.0000
291.9973 0.0000
292.0089 0.0000
292.0206 0.0000
292.0323 0.0000
292.0440 0.0000
292.0556 0.0000
292.0673 0.0000
292.0790 0.0000
292.0906 0.0000
292.1023 0.0000
292.1140 0.0000
292.1257 0.0000
292.1373 0.0000
292.1490 0.0000
292.1607 0.0000
292.1724 0.0000
292.1840 0.0000
292.1957 0.0000
292.2074 0.0000
292.2191 0.0000
292.2307 0.0000
292.2424 0.0000
292.2541 0.0000
292.2658 0.0000
292.2774 0.0000
292.2891 0.0000
292.3008 0.0000
292.3125 0.0000
292.3241 0.0000
292.3358 0.0000
292.3475 0.0000
292.3592 0.0000
292.3708 0.0000
292.3825 0.0000
292.3942 0.0000
292.4059 0.0000
292.4175 0.0000
292.4292 0.0000
292.4409 0.0000
292.4526 0.0000
292.4642 0.0000
292.4759 0.0000
292.4876 0.0000
292.4992 0.0000
292.5109 0.0000
292.5226 0.0000
292.5343 0.0000
292.5459 0.0000
292.5576 0.0000
292.5693 0.0000
292.5810 0.0000
292.5926 0.0000
292.6043 0.0000
292.6160 0.0000
292.6277 0.0000
292.6393 0.0000
292.6510 0.0000
292.6627 0.0000
292.6744 0.0000
292.6860 0.0000
292.6977 0.0000
292.7094 0.0000
292.7211 0.0000
292.7327 0.0000
292.7444 0.0000
292.7561 0.0000
292.7678 0.0000
292.7794 0.0000
292.7911 0.0000
292.8028 0.0000
292.8145 0.0000
292.8261 0.0000
292.8378 0.0000
292.8495 0.0000
292.8612 0.0000
292.8728 0.0000
292.8845 0.0000
292.8962 0.0000
292.9078 0.0000
292.9195 0.0000
292.9312 0.0000
292.9429 0.0000
292.9545 0.0000
292.9662 0.0000
292.9779 0.0000
292.9896 0.0000
293.0012 0.0000
293.0129 0.0000
293.0246 0.0000
293.0363 0.0000
293.0479 0.0000
293.0596 0.0000
293.0713 0.0000
293.0830 0.0000
293.0946 0.0000
293.1063 0.0000
293.1180 0.0000
293.1297 0.0000
293.1413 0.0000
293.1530 0.0000
293.1647 0.0000
293.1764 0.0000
293.1880 0.0000
293.1997 0.0000
293.2114 0.0000
293.2231 0.0000
293.2347 0.0000
293.2464 0.0000
293.2581 0.0000
293.2698 0.0000
293.2814 0.0000
293.2931 0.0000
293.3048 0.0000
293.3164 0.0000
293.3281 0.0000
293.3398 0.0000
293.3515 0.0000
293.3631 0.0000
293.3748 0.0000
293.3865 0.0000
293.3982 0.0000
293.4098 0.0000
293.4215 0.0000
293.4332 0.0000
293.4449 0.0000
293.4565 0.0000
293.4682 0.0000
293.4799 0.0000
293.4916 0.0000
293.5032 0.0000
293.5149 0.0000
293.5266 0.0000
293.5383 0.0000
293.5499 0.0000
293.5616 0.0000
293.5733 0.0000
293.5850 0.0000
293.5966 0.0000
293.6083 0.0000
293.6200 0.0000
293.6317 0.0000
293.6433 0.0000
293.6550 0.0000
293.6667 0.0000
293.6784 0.0000
293.6900 0.0000
293.7017 0.0000
293.7134 0.0000
293.7250 0.0000
293.7367 0.0000
293.7484 0.0000
293.7601 0.0000
293.7717 0.0000
293.7834 0.0000
293.7951 0.0000
293.8068 0.0000
293.8184 0.0000
293.8301 0.0000
293.8418 0.0000
293.8535 0.0000
293.8651 0.0000
293.8768 0.0000
293.8885 0.0000
293.9002 0.0000
293.9118 0.0000
293.9235 0.0000
293.9352 0.0000
293.9469 0.0000
293.9585 0.0000
293.9702 0.0000
293.9819 0.0000
293.9936 0.0000
294.0052 0.0000
294.0169 0.0000
294.0286 0.0000
294.0403 0.0000
294.0519 0.0000
294.0636 0.0000
294.0753 0.0000
294.0870 0.0000
294.0986 0.0000
294.1103 0.0000
294.1220 0.0000
294.1336 0.0000
294.1453 0.0000
294.1570 0.0000
294.1687 0.0000
294.1803 0.0000
294.1920 0.0000
294.2037 0.0000
294.2154 0.0000
294.2270 0.0000
294.2387 0.0000
294.2504 0.0000
294.2621 0.0000
294.2737 0.0000
294.2854 0.0000
294.2971 0.0000
294.3088 0.0000
294.3204 0.0000
294.3321 0.0000
294.3438 0.0000
294.3555 0.0000
294.3671 0.0000
294.3788 0.0000
294.3905 0.0000
294.4022 0.0000
294.4138 0.0000
294.4255 0.0000
294.4372 0.0000
294.4489 0.0000
294.4605 0.0000
294.4722 0.0000
294.4839 0.0000
294.4956 0.0000
294.5072 0.0000
294.5189 0.0000
294.5306 0.0000
294.5422 0.0000
294.5539 0.0000
294.5656 0.0000
294.5773 0.0000
294.5889 0.0000
294.6006 0.0000
294.6123 0.0000
294.6240 0.0000
294.6356 0.0000
294.6473 0.0000
294.6590 0.0000
294.6707 0.0000
294.6823 0.0000
294.6940 0.0000
294.7057 0.0000
294.7174 0.0000
294.7290 0.0000
294.7407 0.0000
294.7524 0.0000
294.7641 0.0000
294.7757 0.0000
294.7874 0.0000
294.7991 0.0000
294.8108 0.0000
294.8224 0.0000
294.8341 0.0000
294.8458 0.0000
294.8575 0.0000
294.8691 0.0000
294.8808 0.0000
294.8925 0.0000
294.9042 0.0000
294.9158 0.0000
294.9275 0.0000
294.9392 0.0000
294.9508 0.0000
294.9625 0.0000
294.9742 0.0000
294.9859 0.0000
294.9975 0.0000
295.0092 0.0000
295.0209 0.0000
295.0326 0.0000
295.0442 0.0000
295.0559 0.0000
295.0676 0.0000
295.0793 0.0000
295.0909 0.0000
295.1026 0.0000
295.1143 0.0000
295.1260 0.0000
295.1376 0.0000
295.1493 0.0000
295.1610 0.0000
295.1727 0.0000
295.1843 0.0000
295.1960 0.0000
295.2077 0.0000
295.2194 0.0000
295.2310 0.0000
295.2427 0.0000
295.2544 0.0000
295.2661 0.0000
295.2777 0.0000
295.2894 0.0000
295.3011 0.0000
295.3128 0.0000
295.3244 0.0000
295.3361 0.0000
295.3478 0.0000
295.3594 0.0000
295.3711 0.0000
295.3828 0.0000
295.3945 0.0000
295.4061 0.0000
295.4178 0.0000
295.4295 0.0000
295.4412 0.0000
295.4528 0.0000
295.4645 0.0000
295.4762 0.0000
295.4879 0.0000
295.4995 0.0000
295.5112 0.0000
295.5229 0.0000
295.5346 0.0000
295.5462 0.0000
295.5579 0.0000
295.5696 0.0000
295.5813 0.0000
295.5929 0.0000
295.6046 0.0000
295.6163 0.0000
295.6280 0.0000
295.6396 0.0000
295.6513 0.0000
295.6630 0.0000
295.6747 0.0000
295.6863 0.0000
295.6980 0.0000
295.7097 0.0000
295.7214 0.0000
295.7330 0.0000
295.7447 0.0000
295.7564 0.0000
295.7680 0.0000
295.7797 0.0000
295.7914 0.0000
295.8031 0.0000
295.8147 0.0000
295.8264 0.0000
295.8381 0.0000
295.8498 0.0000
295.8614 0.0000
295.8731 0.0000
295.8848 0.0000
295.8965 0.0000
295.9081 0.0000
295.9198 0.0000
295.9315 0.0000
295.9432 0.0000
295.9548 0.0000
295.9665 0.0000
295.9782 0.0000
295.9899 0.0000
296.0015 0.0000
296.0132 0.0000
296.0249 0.0000
296.0366 0.0000
296.0482 0.0000
296.0599 0.0000
296.0716 0.0000
296.0833 0.0000
296.0949 0.0000
296.1066 0.0000
296.1183 0.0000
296.1300 0.0000
296.1416 0.0000
296.1533 0.0000
296.1650 0.0000
296.1766 0.0000
296.1883 0.0000
296.2000 0.0000
296.2117 0.0000
296.2233 0.0000
296.2350 0.0000
296.2467 0.0000
296.2584 0.0000
296.2700 0.0000
296.2817 0.0000
296.2934 0.0000
296.3051 0.0000
296.3167 0.0000
296.3284 0.0000
296.3401 0.0000
296.3518 0.0000
296.3634 0.0000
296.3751 0.0000
296.3868 0.0000
296.3985 0.0000
296.4101 0.0000
296.4218 0.0000
296.4335 0.0000
296.4452 0.0000
296.4568 0.0000
296.4685 0.0000
296.4802 0.0000
296.4919 0.0000
296.5035 0.0000
296.5152 0.0000
296.5269 0.0000
296.5386 0.0000
296.5502 0.0000
296.5619 0.0000
296.5736 0.0000
296.5852 0.0000
296.5969 0.0000
296.6086 0.0000
296.6203 0.0000
296.6319 0.0000
296.6436 0.0000
296.6553 0.0000
296.6670 0.0000
296.6786 0.0000
296.6903 0.0000
296.7020 0.0000
296.7137 0.0000
296.7253 0.0000
296.7370 0.0000
296.7487 0.0000
296.7604 0.0000
296.7720 0.0000
296.7837 0.0000
296.7954 0.0000
296.8071 0.0000
296.8187 0.0000
296.8304 0.0000
296.8421 0.0000
296.8538 0.0000
296.8654 0.0000
296.8771 0.0000
296.8888 0.0000
296.9005 0.0000
296.9121 0.0000
296.9238 0.0000
296.9355 0.0000
296.9472 0.0000
296.9588 0.0000
296.9705 0.0000
296.9822 0.0000
296.9938 0.0000
297.0055 0.0000
297.0172 0.0000
297.0289 0.0000
297.0405 0.0000
297.0522 0.0000
297.0639 0.0000
297.0756 0.0000
297.0872 0.0000
297.0989 0.0000
297.1106 0.0000
297.1223 0.0000
297.1339 0.0000
297.1456 0.0000
297.1573 0.0000
297.1690 0.0000
297.1806 0.0000
297.1923 0.0000
297.2040 0.0000
297.2157 0.0000
297.2273 0.0000
297.2390 0.0000
297.2507 0.0000
297.2624 0.0000
297.2740 0.0000
297.2857 0.0000
297.2974 0.0000
297.3091 0.0000
297.3207 0.0000
297.3324 0.0000
297.3441 0.0000
297.3558 0.0000
297.3674 0.0000
297.3791 0.0000
297.3908 0.0000
297.4024 0.0000
297.4141 0.0000
297.4258 0.0000
297.4375 0.0000
297.4491 0.0000
297.4608 0.0000
297.4725 0.0000
297.4842 0.0000
297.4958 0.0000
297.5075 0.0000
297.5192 0.0000
297.5309 0.0000
297.5425 0.0000
297.5542 0.0000
297.5659 0.0000
297.5776 0.0000
297.5892 0.0000
297.6009 0.0000
297.6126 0.0000
297.6243 0.0000
297.6359 0.0000
297.6476 0.0000
297.6593 0.0000
297.6710 0.0000
297.6826 0.0000
297.6943 0.0000
297.7060 0.0000
297.7177 0.0000
297.7293 0.0000
297.7410 0.0000
297.7527 0.0000
297.7644 0.0000
297.7760 0.0000
297.7877 0.0000
297.7994 0.0000
297.8110 0.0000
297.8227 0.0000
297.8344 0.0000
297.8461 0.0000
297.8577 0.0000
297.8694 0.0000
297.8811 0.0000
297.8928 0.0000
297.9044 0.0000
297.9161 0.0000
297.9278 0.0000
297.9395 0.0000
297.9511 0.0000
297.9628 0.0000
297.9745 0.0000
297.9862 0.0000
297.9978 0.0000
298.0095 0.0000
298.0212 0.0000
298.0329 0.0000
298.0445 0.0000
298.0562 0.0000
298.0679 0.0000
298.0796 0.0000
298.0912 0.0000
298.1029 0.0000
298.1146 0.0000
298.1263 0.0000
298.1379 0.0000
298.1496 0.0000
298.1613 0.0000
298.1730 0.0000
298.1846 0.0000
298.1963 0.0000
298.2080 0.0000
298.2196 0.0000
298.2313 0.0000
298.2430 0.0000
298.2547 0.0000
298.2663 0.0000
298.2780 0.0000
298.2897 0.0000
298.3014 0.0000
298.3130 0.0000
298.3247 0.0000
298.3364 0.0000
298.3481 0.0000
298.3597 0.0000
298.3714 0.0000
298.3831 0.0000
298.3948 0.0000
298.4064 0.0000
298.4181 0.0000
298.4298 0.0000
298.4415 0.0000
298.4531 0.0000
298.4648 0.0000
298.4765 0.0000
298.4882 0.0000
298.4998 0.0000
298.5115 0.0000
298.5232 0.0000
298.5349 0.0000
298.5465 0.0000
298.5582 0.0000
298.5699 0.0000
298.5816 0.0000
298.5932 0.0000
298.6049 0.0000
298.6166 0.0000
298.6282 0.0000
298.6399 0.0000
298.6516 0.0000
298.6633 0.0000
298.6749 0.0000
298.6866 0.0000
298.6983 0.0000
298.7100 0.0000
298.7216 0.0000
298.7333 0.0000
298.7450 0.0000
298.7567 0.0000
298.7683 0.0000
298.7800 0.0000
298.7917 0.0000
298.8034 0.0000
298.8150 0.0000
298.8267 0.0000
298.8384 0.0000
298.8501 0.0000
298.8617 0.0000
298.8734 0.0000
298.8851 0.0000
298.8968 0.0000
298.9084 0.0000
298.9201 0.0000
298.9318 0.0000
298.9435 0.0000
298.9551 0.0000
298.9668 0.0000
298.9785 0.0000
298.9902 0.0000
299.0018 0.0000
299.0135 0.0000
299.0252 0.0000
299.0368 0.0000
299.0485 0.0000
299.0602 0.0000
299.0719 0.0000
299.0835 0.0000
299.0952 0.0000
299.1069 0.0000
299.1186 0.0000
299.1302 0.0000
299.1419 0.0000
299.1536 0.0000
299.1653 0.0000
299.1769 0.0000
299.1886 0.0000
299.2003 0.0000
299.2120 0.0000
299.2236 0.0000
299.2353 0.0000
299.2470 0.0000
299.2587 0.0000
299.2703 0.0000
299.2820 0.0000
299.2937 0.0000
299.3054 0.0000
299.3170 0.0000
299.3287 0.0000
299.3404 0.0000
299.3521 0.0000
299.3637 0.0000
299.3754 0.0000
299.3871 0.0000
299.3988 0.0000
299.4104 0.0000
299.4221 0.0000
299.4338 0.0000
299.4454 0.0000
299.4571 0.0000
299.4688 0.0000
299.4805 0.0000
299.4921 0.0000
299.5038 0.0000
299.5155 0.0000
299.5272 0.0000
299.5388 0.0000
299.5505 0.0000
299.5622 0.0000
299.5739 0.0000
299.5855 0.0000
299.5972 0.0000
299.6089 0.0000
299.6206 0.0000
299.6322 0.0000
299.6439 0.0000
299.6556 0.0000
299.6673 0.0000
299.6789 0.0000
299.6906 0.0000
299.7023 0.0000
299.7140 0.0000
299.7256 0.0000
299.7373 0.0000
299.7490 0.0000
299.7607 0.0000
299.7723 0.0000
299.7840 0.0000
299.7957 0.0000
299.8074 0.0000
299.8190 0.0000
299.8307 0.0000
299.8424 0.0000
299.8540 0.0000
299.8657 0.0000
299.8774 0.0000
299.8891 0.0000
299.9007 0.0000
299.9124 0.0000
299.9241 0.0000
299.9358 0.0000
299.9474 0.0000
299.9591 0.0000
299.9708 0.0000
299.9825 0.0000
299.9941 0.0000
300.0058 0.0000
300.0175 0.0000
300.0292 0.0000
300.0408 0.0000
300.0525 0.0000
300.0642 0.0000
300.0759 0.0000
300.0875 0.0000
300.0992 0.0000
300.1109 0.0000
300.1226 0.0000
300.1342 0.0000
300.1459 0.0000
300.1576 0.0000
300.1693 0.0000
300.1809 0.0000
300.1926 0.0000
300.2043 0.0000
300.2160 0.0000
300.2276 0.0000
300.2393 0.0000
300.2510 0.0000
300.2627 0.0000
300.2743 0.0000
300.2860 0.0000
300.2977 0.0000
300.3093 0.0000
300.3210 0.0000
300.3327 0.0000
300.3444 0.0000
300.3560 0.0000
300.3677 0.0000
300.3794 0.0000
300.3911 0.0000
300.4027 0.0000
300.4144 0.0000
300.4261 0.0000
300.4378 0.0000
300.4494 0.0000
300.4611 0.0000
300.4728 0.0000
300.4845 0.0000
300.4961 0.0000
300.5078 0.0000
300.5195 0.0000
300.5312 0.0000
300.5428 0.0000
300.5545 0.0000
300.5662 0.0000
300.5779 0.0000
300.5895 0.0000
300.6012 0.0000
300.6129 0.0000
300.6246 0.0000
300.6362 0.0000
300.6479 0.0000
300.6596 0.0000
300.6713 0.0000
300.6829 0.0000
300.6946 0.0000
300.7063 0.0000
300.7179 0.0000
300.7296 0.0000
300.7413 0.0000
300.7530 0.0000
300.7646 0.0000
300.7763 0.0000
300.7880 0.0000
300.7997 0.0000
300.8113 0.0000
300.8230 0.0000
300.8347 0.0000
300.8464 0.0000
300.8580 0.0000
300.8697 0.0000
300.8814 0.0000
300.8931 0.0000
300.9047 0.0000
300.9164 0.0000
300.9281 0.0000
300.9398 0.0000
300.9514 0.0000
300.9631 0.0000
300.9748 0.0000
300.9865 0.0000
300.9981 0.0000
301.0098 0.0000
301.0215 0.0000
301.0332 0.0000
301.0448 0.0000
301.0565 0.0000
301.0682 0.0000
301.0799 0.0000
301.0915 0.0000
301.1032 0.0000
301.1149 0.0000
301.1265 0.0000
301.1382 0.0000
301.1499 0.0000
301.1616 0.0000
301.1732 0.0000
301.1849 0.0000
301.1966 0.0000
301.2083 0.0000
301.2199 0.0000
301.2316 0.0000
301.2433 0.0000
301.2550 0.0000
301.2666 0.0000
301.2783 0.0000
301.2900 0.0000
301.3017 0.0000
301.3133 0.0000
301.3250 0.0000
301.3367 0.0000
301.3484 0.0000
301.3600 0.0000
301.3717 0.0000
301.3834 0.0000
301.3951 0.0000
301.4067 0.0000
301.4184 0.0000
301.4301 0.0000
301.4418 0.0000
301.4534 0.0000
301.4651 0.0000
301.4768 0.0000
301.4885 0.0000
301.5001 0.0000
301.5118 0.0000
301.5235 0.0000
301.5351 0.0000
301.5468 0.0000
301.5585 0.0000
301.5702 0.0000
301.5818 0.0000
301.5935 0.0000
301.6052 0.0000
301.6169 0.0000
301.6285 0.0000
301.6402 0.0000
301.6519 0.0000
301.6636 0.0000
301.6752 0.0000
301.6869 0.0000
301.6986 0.0000
301.7103 0.0000
301.7219 0.0000
301.7336 0.0000
301.7453 0.0000
301.7570 0.0000
301.7686 0.0000
301.7803 0.0000
301.7920 0.0000
301.8037 0.0000
301.8153 0.0000
301.8270 0.0000
301.8387 0.0000
301.8504 0.0000
301.8620 0.0000
301.8737 0.0000
301.8854 0.0000
301.8971 0.0000
301.9087 0.0000
301.9204 0.0000
301.9321 0.0000
301.9437 0.0000
301.9554 0.0000
301.9671 0.0000
301.9788 0.0000
301.9904 0.0000
302.0021 0.0000
302.0138 0.0000
302.0255 0.0000
302.0371 0.0000
302.0488 0.0000
302.0605 0.0000
302.0722 0.0000
302.0838 0.0000
302.0955 0.0000
302.1072 0.0000
302.1189 0.0000
302.1305 0.0000
302.1422 0.0000
302.1539 0.0000
302.1656 0.0000
302.1772 0.0000
302.1889 0.0000
302.2006 0.0000
302.2123 0.0000
302.2239 0.0000
302.2356 0.0000
302.2473 0.0000
302.2590 0.0000
302.2706 0.0000
302.2823 0.0000
302.2940 0.0000
302.3057 0.0000
302.3173 0.0000
302.3290 0.0000
302.3407 0.0000
302.3523 0.0000
302.3640 0.0000
302.3757 0.0000
302.3874 0.0000
302.3990 0.0000
302.4107 0.0000
302.4224 0.0000
302.4341 0.0000
302.4457 0.0000
302.4574 0.0000
302.4691 0.0000
302.4808 0.0000
302.4924 0.0000
302.5041 0.0000
302.5158 0.0000
302.5275 0.0000
302.5391 0.0000
302.5508 0.0000
302.5625 0.0000
302.5742 0.0000
302.5858 0.0000
302.5975 0.0000
302.6092 0.0000
302.6209 0.0000
302.6325 0.0000
302.6442 0.0000
302.6559 0.0000
302.6676 0.0000
302.6792 0.0000
302.6909 0.0000
302.7026 0.0000
302.7143 0.0000
302.7259 0.0000
302.7376 0.0000
302.7493 0.0000
302.7609 0.0000
302.7726 0.0000
302.7843 0.0000
302.7960 0.0000
302.8076 0.0000
302.8193 0.0000
302.8310 0.0000
302.8427 0.0000
302.8543 0.0000
302.8660 0.0000
302.8777 0.0000
302.8894 0.0000
302.9010 0.0000
302.9127 0.0000
302.9244 0.0000
302.9361 0.0000
302.9477 0.0000
302.9594 0.0000
302.9711 0.0000
302.9828 0.0000
302.9944 0.0000
303.0061 0.0000
303.0178 0.0000
303.0295 0.0000
303.0411 0.0000
303.0528 0.0000
303.0645 0.0000
303.0762 0.0000
303.0878 0.0000
303.0995 0.0000
303.1112 0.0000
303.1229 0.0000
303.1345 0.0000
303.1462 0.0000
303.1579 0.0000
303.1695 0.0000
303.1812 0.0000
303.1929 0.0000
303.2046 0.0000
303.2162 0.0000
303.2279 0.0000
303.2396 0.0000
303.2513 0.0000
303.2629 0.0000
303.2746 0.0000
303.2863 0.0000
303.2980 0.0000
303.3096 0.0000
303.3213 0.0000
303.3330 0.0000
303.3447 0.0000
303.3563 0.0000
303.3680 0.0000
303.3797 0.0000
303.3914 0.0000
303.4030 0.0000
303.4147 0.0000
303.4264 0.0000
303.4381 0.0000
303.4497 0.0000
303.4614 0.0000
303.4731 0.0000
303.4848 0.0000
303.4964 0.0000
303.5081 0.0000
303.5198 0.0000
303.5315 0.0000
303.5431 0.0000
303.5548 0.0000
303.5665 0.0000
303.5781 0.0000
303.5898 0.0000
303.6015 0.0000
303.6132 0.0000
303.6248 0.0000
303.6365 0.0000
303.6482 0.0000
303.6599 0.0000
303.6715 0.0000
303.6832 0.0000
303.6949 0.0000
303.7066 0.0000
303.7182 0.0000
303.7299 0.0000
303.7416 0.0000
303.7533 0.0000
303.7649 0.0000
303.7766 0.0000
303.7883 0.0000
303.8000 0.0000
303.8116 0.0000
303.8233 0.0000
303.8350 0.0000
303.8467 0.0000
303.8583 0.0000
303.8700 0.0000
303.8817 0.0000
303.8934 0.0000
303.9050 0.0000
303.9167 0.0000
303.9284 0.0000
303.9401 0.0000
303.9517 0.0000
303.9634 0.0000
303.9751 0.0000
303.9867 0.0000
303.9984 0.0000
304.0101 0.0000
304.0218 0.0000
304.0334 0.0000
304.0451 0.0000
304.0568 0.0000
304.0685 0.0000
304.0801 0.0000
304.0918 0.0000
304.1035 0.0000
304.1152 0.0000
304.1268 0.0000
304.1385 0.0000
304.1502 0.0000
304.1619 0.0000
304.1735 0.0000
304.1852 0.0000
304.1969 0.0000
304.2086 0.0000
304.2202 0.0000
304.2319 0.0000
304.2436 0.0000
304.2553 0.0000
304.2669 0.0000
304.2786 0.0000
304.2903 0.0000
304.3020 0.0000
304.3136 0.0000
304.3253 0.0000
304.3370 0.0000
304.3487 0.0000
304.3603 0.0000
304.3720 0.0000
304.3837 0.0000
304.3953 0.0000
304.4070 0.0000
304.4187 0.0000
304.4304 0.0000
304.4420 0.0000
304.4537 0.0000
304.4654 0.0000
304.4771 0.0000
304.4887 0.0000
304.5004 0.0000
304.5121 0.0000
304.5238 0.0000
304.5354 0.0000
304.5471 0.0000
304.5588 0.0000
304.5705 0.0000
304.5821 0.0000
304.5938 0.0000
304.6055 0.0000
304.6172 0.0000
304.6288 0.0000
304.6405 0.0000
304.6522 0.0000
304.6639 0.0000
304.6755 0.0000
304.6872 0.0000
304.6989 0.0000
304.7106 0.0000
304.7222 0.0000
304.7339 0.0000
304.7456 0.0000
304.7573 0.0000
304.7689 0.0000
304.7806 0.0000
304.7923 0.0000
304.8039 0.0000
304.8156 0.0000
304.8273 0.0000
304.8390 0.0000
304.8506 0.0000
304.8623 0.0000
304.8740 0.0000
304.8857 0.0000
304.8973 0.0000
304.9090 0.0000
304.9207 0.0000
304.9324 0.0000
304.9440 0.0000
304.9557 0.0000
304.9674 0.0000
304.9791 0.0000
304.9907 0.0000
305.0024 0.0000
305.0141 0.0000
305.0258 0.0000
305.0374 0.0000
305.0491 0.0000
305.0608 0.0000
305.0725 0.0000
305.0841 0.0000
305.0958 0.0000
305.1075 0.0000
305.1192 0.0000
305.1308 0.0000
305.1425 0.0000
305.1542 0.0000
305.1659 0.0000
305.1775 0.0000
305.1892 0.0000
305.2009 0.0000
305.2125 0.0000
305.2242 0.0000
305.2359 0.0000
305.2476 0.0000
305.2592 0.0000
305.2709 0.0000
305.2826 0.0000
305.2943 0.0000
305.3059 0.0000
305.3176 0.0000
305.3293 0.0000
305.3410 0.0000
305.3526 0.0000
305.3643 0.0000
305.3760 0.0000
305.3877 0.0000
305.3993 0.0000
305.4110 0.0000
305.4227 0.0000
305.4344 0.0000
305.4460 0.0000
305.4577 0.0000
305.4694 0.0000
305.4811 0.0000
305.4927 0.0000
305.5044 0.0000
305.5161 0.0000
305.5278 0.0000
305.5394 0.0000
305.5511 0.0000
305.5628 0.0000
305.5745 0.0000
305.5861 0.0000
305.5978 0.0000
305.6095 0.0000
305.6211 0.0000
305.6328 0.0000
305.6445 0.0000
305.6562 0.0000
305.6678 0.0000
305.6795 0.0000
305.6912 0.0000
305.7029 0.0000
305.7145 0.0000
305.7262 0.0000
305.7379 0.0000
305.7496 0.0000
305.7612 0.0000
305.7729 0.0000
305.7846 0.0000
305.7963 0.0000
305.8079 0.0000
305.8196 0.0000
305.8313 0.0000
305.8430 0.0000
305.8546 0.0000
305.8663 0.0000
305.8780 0.0000
305.8897 0.0000
305.9013 0.0000
305.9130 0.0000
305.9247 0.0000
305.9364 0.0000
305.9480 0.0000
305.9597 0.0000
305.9714 0.0000
305.9831 0.0000
305.9947 0.0000
306.0064 0.0000
306.0181 0.0000
306.0297 0.0000
306.0414 0.0000
306.0531 0.0000
306.0648 0.0000
306.0764 0.0000
306.0881 0.0000
306.0998 0.0000
306.1115 0.0000
306.1231 0.0000
306.1348 0.0000
306.1465 0.0000
306.1582 0.0000
306.1698 0.0000
306.1815 0.0000
306.1932 0.0000
306.2049 0.0000
306.2165 0.0000
306.2282 0.0000
306.2399 0.0000
306.2516 0.0000
306.2632 0.0000
306.2749 0.0000
306.2866 0.0000
306.2983 0.0000
306.3099 0.0000
306.3216 0.0000
306.3333 0.0000
306.3450 0.0000
306.3566 0.0000
306.3683 0.0000
306.3800 0.0000
306.3917 0.0000
306.4033 0.0000
306.4150 0.0000
306.4267 0.0000
306.4383 0.0000
306.4500 0.0000
306.4617 0.0000
306.4734 0.0000
306.4850 0.0000
306.4967 0.0000
306.5084 0.0000
306.5201 0.0000
306.5317 0.0000
306.5434 0.0000
306.5551 0.0000
306.5668 0.0000
306.5784 0.0000
306.5901 0.0000
306.6018 0.0000
306.6135 0.0000
306.6251 0.0000
306.6368 0.0000
306.6485 0.0000
306.6602 0.0000
306.6718 0.0000
306.6835 0.0000
306.6952 0.0000
306.7069 0.0000
306.7185 0.0000
306.7302 0.0000
306.7419 0.0000
306.7536 0.0000
306.7652 0.0000
306.7769 0.0000
306.7886 0.0000
306.8003 0.0000
306.8119 0.0000
306.8236 0.0000
306.8353 0.0000
306.8469 0.0000
306.8586 0.0000
306.8703 0.0000
306.8820 0.0000
306.8936 0.0000
306.9053 0.0000
306.9170 0.0000
306.9287 0.0000
306.9403 0.0000
306.9520 0.0000
306.9637 0.0000
306.9754 0.0000
306.9870 0.0000
306.9987 0.0000
307.0104 0.0000
307.0221 0.0000
307.0337 0.0000
307.0454 0.0000
307.0571 0.0000
307.0688 0.0000
307.0804 0.0000
307.0921 0.0000
307.1038 0.0000
307.1155 0.0000
307.1271 0.0000
307.1388 0.0000
307.1505 0.0000
307.1622 0.0000
307.1738 0.0000
307.1855 0.0000
307.1972 0.0000
307.2089 0.0000
307.2205 0.0000
307.2322 0.0000
307.2439 0.0000
307.2555 0.0000
307.2672 0.0000
307.2789 0.0000
307.2906 0.0000
307.3022 0.0000
307.3139 0.0000
307.3256 0.0000
307.3373 0.0000
307.3489 0.0000
307.3606 0.0000
307.3723 0.0000
307.3840 0.0000
307.3956 0.0000
307.4073 0.0000
307.4190 0.0000
307.4307 0.0000
307.4423 0.0000
307.4540 0.0000
307.4657 0.0000
307.4774 0.0000
307.4890 0.0000
307.5007 0.0000
307.5124 0.0000
307.5241 0.0000
307.5357 0.0000
307.5474 0.0000
307.5591 0.0000
307.5708 0.0000
307.5824 0.0000
307.5941 0.0000
307.6058 0.0000
307.6175 0.0000
307.6291 0.0000
307.6408 0.0000
307.6525 0.0000
307.6641 0.0000
307.6758 0.0000
307.6875 0.0000
307.6992 0.0000
307.7108 0.0000
307.7225 0.0000
307.7342 0.0000
307.7459 0.0000
307.7575 0.0000
307.7692 0.0000
307.7809 0.0000
307.7926 0.0000
307.8042 0.0000
307.8159 0.0000
307.8276 0.0000
307.8393 0.0000
307.8509 0.0000
307.8626 0.0000
307.8743 0.0000
307.8860 0.0000
307.8976 0.0000
307.9093 0.0000
307.9210 0.0000
307.9327 0.0000
307.9443 0.0000
307.9560 0.0000
307.9677 0.0000
307.9794 0.0000
307.9910 0.0000
308.0027 0.0000
308.0144 0.0000
308.0261 0.0000
308.0377 0.0000
308.0494 0.0000
308.0611 0.0000
308.0727 0.0000
308.0844 0.0000
308.0961 0.0000
308.1078 0.0000
308.1194 0.0000
308.1311 0.0000
308.1428 0.0000
308.1545 0.0000
308.1661 0.0000
308.1778 0.0000
308.1895 0.0000
308.2012 0.0000
308.2128 0.0000
308.2245 0.0000
308.2362 0.0000
308.2479 0.0000
308.2595 0.0000
308.2712 0.0000
308.2829 0.0000
308.2946 0.0000
308.3062 0.0000
308.3179 0.0000
308.3296 0.0000
308.3413 0.0000
308.3529 0.0000
308.3646 0.0000
308.3763 0.0000
308.3880 0.0000
308.3996 0.0000
308.4113 0.0000
308.4230 0.0000
308.4347 0.0000
308.4463 0.0000
308.4580 0.0000
308.4697 0.0000
308.4813 0.0000
308.4930 0.0000
308.5047 0.0000
308.5164 0.0000
308.5280 0.0000
308.5397 0.0000
308.5514 0.0000
308.5631 0.0000
308.5747 0.0000
308.5864 0.0000
308.5981 0.0000
308.6098 0.0000
308.6214 0.0000
308.6331 0.0000
308.6448 0.0000
308.6565 0.0000
308.6681 0.0000
308.6798 0.0000
308.6915 0.0000
308.7032 0.0000
308.7148 0.0000
308.7265 0.0000
308.7382 0.0000
308.7499 0.0000
308.7615 0.0000
308.7732 0.0000
308.7849 0.0000
308.7966 0.0000
308.8082 0.0000
308.8199 0.0000
308.8316 0.0000
308.8433 0.0000
308.8549 0.0000
308.8666 0.0000
308.8783 0.0000
308.8899 0.0000
308.9016 0.0000
308.9133 0.0000
308.9250 0.0000
308.9366 0.0000
308.9483 0.0000
308.9600 0.0000
308.9717 0.0000
308.9833 0.0000
308.9950 0.0000
309.0067 0.0000
309.0184 0.0000
309.0300 0.0000
309.0417 0.0000
309.0534 0.0000
309.0651 0.0000
309.0767 0.0000
309.0884 0.0000
309.1001 0.0000
309.1118 0.0000
309.1234 0.0000
309.1351 0.0000
309.1468 0.0000
309.1585 0.0000
309.1701 0.0000
309.1818 0.0000
309.1935 0.0000
309.2052 0.0000
309.2168 0.0000
309.2285 0.0000
309.2402 0.0000
309.2519 0.0000
309.2635 0.0000
309.2752 0.0000
309.2869 0.0000
309.2985 0.0000
309.3102 0.0000
309.3219 0.0000
309.3336 0.0000
309.3452 0.0000
309.3569 0.0000
309.3686 0.0000
309.3803 0.0000
309.3919 0.0000
309.4036 0.0000
309.4153 0.0000
309.4270 0.0000
309.4386 0.0000
309.4503 0.0000
309.4620 0.0000
309.4737 0.0000
309.4853 0.0000
309.4970 0.0000
309.5087 0.0000
309.5204 0.0000
309.5320 0.0000
309.5437 0.0000
309.5554 0.0000
309.5671 0.0000
309.5787 0.0000
309.5904 0.0000
309.6021 0.0000
309.6138 0.0000
309.6254 0.0000
309.6371 0.0000
309.6488 0.0000
309.6605 0.0000
309.6721 0.0000
309.6838 0.0000
309.6955 0.0000
309.7071 0.0000
309.7188 0.0000
309.7305 0.0000
309.7422 0.0000
309.7538 0.0000
309.7655 0.0000
309.7772 0.0000
309.7889 0.0000
309.8005 0.0000
309.8122 0.0000
309.8239 0.0000
309.8356 0.0000
309.8472 0.0000
309.8589 0.0000
309.8706 0.0000
309.8823 0.0000
309.8939 0.0000
309.9056 0.0000
309.9173 0.0000
309.9290 0.0000
309.9406 0.0000
309.9523 0.0000
309.9640 0.0000
309.9757 0.0000
309.9873 0.0000
309.9990 0.0000
310.0107 0.0000
310.0224 0.0000
310.0340 0.0000
310.0457 0.0000
310.0574 0.0000
310.0691 0.0000
310.0807 0.0000
310.0924 0.0000
310.1041 0.0000
310.1157 0.0000
310.1274 0.0000
310.1391 0.0000
310.1508 0.0000
310.1624 0.0000
310.1741 0.0000
310.1858 0.0000
310.1975 0.0000
310.2091 0.0000
310.2208 0.0000
310.2325 0.0000
310.2442 0.0000
310.2558 0.0000
310.2675 0.0000
310.2792 0.0000
310.2909 0.0000
310.3025 0.0000
310.3142 0.0000
310.3259 0.0000
310.3376 0.0000
310.3492 0.0000
310.3609 0.0000
310.3726 0.0000
310.3843 0.0000
310.3959 0.0000
310.4076 0.0000
310.4193 0.0000
310.4310 0.0000
310.4426 0.0000
310.4543 0.0000
310.4660 0.0000
310.4777 0.0000
310.4893 0.0000
310.5010 0.0000
310.5127 0.0000
310.5243 0.0000
310.5360 0.0000
310.5477 0.0000
310.5594 0.0000
310.5710 0.0000
310.5827 0.0000
310.5944 0.0000
310.6061 0.0000
310.6177 0.0000
310.6294 0.0000
310.6411 0.0000
310.6528 0.0000
310.6644 0.0000
310.6761 0.0000
310.6878 0.0000
310.6995 0.0000
310.7111 0.0000
310.7228 0.0000
310.7345 0.0000
310.7462 0.0000
310.7578 0.0000
310.7695 0.0000
310.7812 0.0000
310.7929 0.0000
310.8045 0.0000
310.8162 0.0000
310.8279 0.0000
310.8396 0.0000
310.8512 0.0000
310.8629 0.0000
310.8746 0.0000
310.8863 0.0000
310.8979 0.0000
310.9096 0.0000
310.9213 0.0000
310.9329 0.0000
310.9446 0.0000
310.9563 0.0000
310.9680 0.0000
310.9796 0.0000
310.9913 0.0000
311.0030 0.0000
311.0147 0.0000
311.0263 0.0000
311.0380 0.0000
311.0497 0.0000
311.0614 0.0000
311.0730 0.0000
311.0847 0.0000
311.0964 0.0000
311.1081 0.0000
311.1197 0.0000
311.1314 0.0000
311.1431 0.0000
311.1548 0.0000
311.1664 0.0000
311.1781 0.0000
311.1898 0.0000
311.2015 0.0000
311.2131 0.0000
311.2248 0.0000
311.2365 0.0000
311.2482 0.0000
311.2598 0.0000
311.2715 0.0000
311.2832 0.0000
311.2949 0.0000
311.3065 0.0000
311.3182 0.0000
311.3299 0.0000
311.3415 0.0000
311.3532 0.0000
311.3649 0.0000
311.3766 0.0000
311.3882 0.0000
311.3999 0.0000
311.4116 0.0000
311.4233 0.0000
311.4349 0.0000
311.4466 0.0000
311.4583 0.0000
311.4700 0.0000
311.4816 0.0000
311.4933 0.0000
311.5050 0.0000
311.5167 0.0000
311.5283 0.0000
311.5400 0.0000
311.5517 0.0000
311.5634 0.0000
311.5750 0.0000
311.5867 0.0000
311.5984 0.0000
311.6101 0.0000
311.6217 0.0000
311.6334 0.0000
311.6451 0.0000
311.6568 0.0000
311.6684 0.0000
311.6801 0.0000
311.6918 0.0000
311.7035 0.0000
311.7151 0.0000
311.7268 0.0000
311.7385 0.0000
311.7501 0.0000
311.7618 0.0000
311.7735 0.0000
311.7852 0.0000
311.7968 0.0000
311.8085 0.0000
311.8202 0.0000
311.8319 0.0000
311.8435 0.0000
311.8552 0.0000
311.8669 0.0000
311.8786 0.0000
311.8902 0.0000
311.9019 0.0000
311.9136 0.0000
311.9253 0.0000
311.9369 0.0000
311.9486 0.0000
311.9603 0.0000
311.9720 0.0000
311.9836 0.0000
311.9953 0.0000
312.0070 0.0000
312.0187 0.0000
312.0303 0.0000
312.0420 0.0000
312.0537 0.0000
312.0654 0.0000
312.0770 0.0000
312.0887 0.0000
312.1004 0.0000
312.1121 0.0000
312.1237 0.0000
312.1354 0.0000
312.1471 0.0000
312.1587 0.0000
312.1704 0.0000
312.1821 0.0000
312.1938 0.0000
312.2054 0.0000
312.2171 0.0000
312.2288 0.0000
312.2405 0.0000
312.2521 0.0000
312.2638 0.0000
312.2755 0.0000
312.2872 0.0000
312.2988 0.0000
312.3105 0.0000
312.3222 0.0000
312.3339 0.0000
312.3455 0.0000
312.3572 0.0000
312.3689 0.0000
312.3806 0.0000
312.3922 0.0000
312.4039 0.0000
312.4156 0.0000
312.4273 0.0000
312.4389 0.0000
312.4506 0.0000
312.4623 0.0000
312.4740 0.0000
312.4856 0.0000
312.4973 0.0000
312.5090 0.0000
312.5207 0.0000
312.5323 0.0000
312.5440 0.0000
312.5557 0.0000
312.5673 0.0000
312.5790 0.0000
312.5907 0.0000
312.6024 0.0000
312.6140 0.0000
312.6257 0.0000
312.6374 0.0000
312.6491 0.0000
312.6607 0.0000
312.6724 0.0000
312.6841 0.0000
312.6958 0.0000
312.7074 0.0000
312.7191 0.0000
312.7308 0.0000
312.7425 0.0000
312.7541 0.0000
312.7658 0.0000
312.7775 0.0000
312.7892 0.0000
312.8008 0.0000
312.8125 0.0000
312.8242 0.0000
312.8359 0.0000
312.8475 0.0000
312.8592 0.0000
312.8709 0.0000
312.8826 0.0000
312.8942 0.0000
312.9059 0.0000
312.9176 0.0000
312.9293 0.0000
312.9409 0.0000
312.9526 0.0000
312.9643 0.0000
312.9759 0.0000
312.9876 0.0000
312.9993 0.0000
313.0110 0.0000
313.0226 0.0000
313.0343 0.0000
313.0460 0.0000
313.0577 0.0000
313.0693 0.0000
313.0810 0.0000
313.0927 0.0000
313.1044 0.0000
313.1160 0.0000
313.1277 0.0000
313.1394 0.0000
313.1511 0.0000
313.1627 0.0000
313.1744 0.0000
313.1861 0.0000
313.1978 0.0000
313.2094 0.0000
313.2211 0.0000
313.2328 0.0000
313.2445 0.0000
313.2561 0.0000
313.2678 0.0000
313.2795 0.0000
313.2912 0.0000
313.3028 0.0000
313.3145 0.0000
313.3262 0.0000
313.3379 0.0000
313.3495 0.0000
313.3612 0.0000
313.3729 0.0000
313.3845 0.0000
313.3962 0.0000
313.4079 0.0000
313.4196 0.0000
313.4312 0.0000
313.4429 0.0000
313.4546 0.0000
313.4663 0.0000
313.4779 0.0000
313.4896 0.0000
313.5013 0.0000
313.5130 0.0000
313.5246 0.0000
313.5363 0.0000
313.5480 0.0000
313.5597 0.0000
313.5713 0.0000
313.5830 0.0000
313.5947 0.0000
313.6064 0.0000
313.6180 0.0000
313.6297 0.0000
313.6414 0.0000
313.6531 0.0000
313.6647 0.0000
313.6764 0.0000
313.6881 0.0000
313.6998 0.0000
313.7114 0.0000
313.7231 0.0000
313.7348 0.0000
313.7465 0.0000
313.7581 0.0000
313.7698 0.0000
313.7815 0.0000
313.7931 0.0000
313.8048 0.0000
313.8165 0.0000
313.8282 0.0000
313.8398 0.0000
313.8515 0.0000
313.8632 0.0000
313.8749 0.0000
313.8865 0.0000
313.8982 0.0000
313.9099 0.0000
313.9216 0.0000
313.9332 0.0000
313.9449 0.0000
313.9566 0.0000
313.9683 0.0000
313.9799 0.0000
313.9916 0.0000
314.0033 0.0000
314.0150 0.0000
314.0266 0.0000
314.0383 0.0000
314.0500 0.0000
314.0617 0.0000
314.0733 0.0000
314.0850 0.0000
314.0967 0.0000
314.1084 0.0000
314.1200 0.0000
314.1317 0.0000
314.1434 0.0000
314.1551 0.0000
314.1667 0.0000
314.1784 0.0000
314.1901 0.0000
314.2017 0.0000
314.2134 0.0000
314.2251 0.0000
314.2368 0.0000
314.2484 0.0000
314.2601 0.0000
314.2718 0.0000
314.2835 0.0000
314.2951 0.0000
314.3068 0.0000
314.3185 0.0000
314.3302 0.0000
314.3418 0.0000
314.3535 0.0000
314.3652 0.0000
314.3769 0.0000
314.3885 0.0000
314.4002 0.0000
314.4119 0.0000
314.4236 0.0000
314.4352 0.0000
314.4469 0.0000
314.4586 0.0000
314.4703 0.0000
314.4819 0.0000
314.4936 0.0000
314.5053 0.0000
314.5170 0.0000
314.5286 0.0000
314.5403 0.0000
314.5520 0.0000
314.5637 0.0000
314.5753 0.0000
314.5870 0.0000
314.5987 0.0000
314.6103 0.0000
314.6220 0.0000
314.6337 0.0000
314.6454 0.0000
314.6570 0.0000
314.6687 0.0000
314.6804 0.0000
314.6921 0.0000
314.7037 0.0000
314.7154 0.0000
314.7271 0.0000
314.7388 0.0000
314.7504 0.0000
314.7621 0.0000
314.7738 0.0000
314.7855 0.0000
314.7971 0.0000
314.8088 0.0000
314.8205 0.0000
314.8322 0.0000
314.8438 0.0000
314.8555 0.0000
314.8672 0.0000
314.8789 0.0000
314.8905 0.0000
314.9022 0.0000
314.9139 0.0000
314.9256 0.0000
314.9372 0.0000
314.9489 0.0000
314.9606 0.0000
314.9723 0.0000
314.9839 0.0000
314.9956 0.0000
315.0073 0.0000
315.0189 0.0000
315.0306 0.0000
315.0423 0.0000
315.0540 0.0000
315.0656 0.0000
315.0773 0.0000
315.0890 0.0000
315.1007 0.0000
315.1123 0.0000
315.1240 0.0000
315.1357 0.0000
315.1474 0.0000
315.1590 0.0000
315.1707 0.0000
315.1824 0.0000
315.1941 0.0000
315.2057 0.0000
315.2174 0.0000
315.2291 0.0000
315.2408 0.0000
315.2524 0.0000
315.2641 0.0000
315.2758 0.0000
315.2875 0.0000
315.2991 0.0000
315.3108 0.0000
315.3225 0.0000
315.3342 0.0000
315.3458 0.0000
315.3575 0.0000
315.3692 0.0000
315.3809 0.0000
315.3925 0.0000
315.4042 0.0000
315.4159 0.0000
315.4275 0.0000
315.4392 0.0000
315.4509 0.0000
315.4626 0.0000
315.4742 0.0000
315.4859 0.0000
315.4976 0.0000
315.5093 0.0000
315.5209 0.0000
315.5326 0.0000
315.5443 0.0000
315.5560 0.0000
315.5676 0.0000
315.5793 0.0000
315.5910 0.0000
315.6027 0.0000
315.6143 0.0000
315.6260 0.0000
315.6377 0.0000
315.6494 0.0000
315.6610 0.0000
315.6727 0.0000
315.6844 0.0000
315.6961 0.0000
315.7077 0.0000
315.7194 0.0000
315.7311 0.0000
315.7428 0.0000
315.7544 0.0000
315.7661 0.0000
315.7778 0.0000
315.7895 0.0000
315.8011 0.0000
315.8128 0.0000
315.8245 0.0000
315.8361 0.0000
315.8478 0.0000
315.8595 0.0000
315.8712 0.0000
315.8828 0.0000
315.8945 0.0000
315.9062 0.0000
315.9179 0.0000
315.9295 0.0000
315.9412 0.0000
315.9529 0.0000
315.9646 0.0000
315.9762 0.0000
315.9879 0.0000
315.9996 0.0000
316.0113 0.0000
316.0229 0.0000
316.0346 0.0000
316.0463 0.0000
316.0580 0.0000
316.0696 0.0000
316.0813 0.0000
316.0930 0.0000
316.1047 0.0000
316.1163 0.0000
316.1280 0.0000
316.1397 0.0000
316.1514 0.0000
316.1630 0.0000
316.1747 0.0000
316.1864 0.0000
316.1981 0.0000
316.2097 0.0000
316.2214 0.0000
316.2331 0.0000
316.2447 0.0000
316.2564 0.0000
316.2681 0.0000
316.2798 0.0000
316.2914 0.0000
316.3031 0.0000
316.3148 0.0000
316.3265 0.0000
316.3381 0.0000
316.3498 0.0000
316.3615 0.0000
316.3732 0.0000
316.3848 0.0000
316.3965 0.0000
316.4082 0.0000
316.4199 0.0000
316.4315 0.0000
316.4432 0.0000
316.4549 0.0000
316.4666 0.0000
316.4782 0.0000
316.4899 0.0000
316.5016 0.0000
316.5133 0.0000
316.5249 0.0000
316.5366 0.0000
316.5483 0.0000
316.5600 0.0000
316.5716 0.0000
316.5833 0.0000
316.5950 0.0000
316.6067 0.0000
316.6183 0.0000
316.6300 0.0000
316.6417 0.0000
316.6533 0.0000
316.6650 0.0000
316.6767 0.0000
316.6884 0.0000
316.7000 0.0000
316.7117 0.0000
316.7234 0.0000
316.7351 0.0000
316.7467 0.0000
316.7584 0.0000
316.7701 0.0000
316.7818 0.0000
316.7934 0.0000
316.8051 0.0000
316.8168 0.0000
316.8285 0.0000
316.8401 0.0000
316.8518 0.0000
316.8635 0.0000
316.8752 0.0000
316.8868 0.0000
316.8985 0.0000
316.9102 0.0000
316.9219 0.0000
316.9335 0.0000
316.9452 0.0000
316.9569 0.0000
316.9686 0.0000
316.9802 0.0000
316.9919 0.0000
317.0036 0.0000
317.0153 0.0000
317.0269 0.0000
317.0386 0.0000
317.0503 0.0000
317.0619 0.0000
317.0736 0.0000
317.0853 0.0000
317.0970 0.0000
317.1086 0.0000
317.1203 0.0000
317.1320 0.0000
317.1437 0.0000
317.1553 0.0000
317.1670 0.0000
317.1787 0.0000
317.1904 0.0000
317.2020 0.0000
317.2137 0.0000
317.2254 0.0000
317.2371 0.0000
317.2487 0.0000
317.2604 0.0000
317.2721 0.0000
317.2838 0.0000
317.2954 0.0000
317.3071 0.0000
317.3188 0.0000
317.3305 0.0000
317.3421 0.0000
317.3538 0.0000
317.3655 0.0000
317.3772 0.0000
317.3888 0.0000
317.4005 0.0000
317.4122 0.0000
317.4239 0.0000
317.4355 0.0000
317.4472 0.0000
317.4589 0.0000
317.4705 0.0000
317.4822 0.0000
317.4939 0.0000
317.5056 0.0000
317.5172 0.0000
317.5289 0.0000
317.5406 0.0000
317.5523 0.0000
317.5639 0.0000
317.5756 0.0000
317.5873 0.0000
317.5990 0.0000
317.6106 0.0000
317.6223 0.0000
317.6340 0.0000
317.6457 0.0000
317.6573 0.0000
317.6690 0.0000
317.6807 0.0000
317.6924 0.0000
317.7040 0.0000
317.7157 0.0000
317.7274 0.0000
317.7391 0.0000
317.7507 0.0000
317.7624 0.0000
317.7741 0.0000
317.7858 0.0000
317.7974 0.0000
317.8091 0.0000
317.8208 0.0000
317.8325 0.0000
317.8441 0.0000
317.8558 0.0000
317.8675 0.0000
317.8791 0.0000
317.8908 0.0000
317.9025 0.0000
317.9142 0.0000
317.9258 0.0000
317.9375 0.0000
317.9492 0.0000
317.9609 0.0000
317.9725 0.0000
317.9842 0.0000
317.9959 0.0000
318.0076 0.0000
318.0192 0.0000
318.0309 0.0000
318.0426 0.0000
318.0543 0.0000
318.0659 0.0000
318.0776 0.0000
318.0893 0.0000
318.1010 0.0000
318.1126 0.0000
318.1243 0.0000
318.1360 0.0000
318.1477 0.0000
318.1593 0.0000
318.1710 0.0000
318.1827 0.0000
318.1944 0.0000
318.2060 0.0000
318.2177 0.0000
318.2294 0.0000
318.2411 0.0000
318.2527 0.0000
318.2644 0.0000
318.2761 0.0000
318.2877 0.0000
318.2994 0.0000
318.3111 0.0000
318.3228 0.0000
318.3344 0.0000
318.3461 0.0000
318.3578 0.0000
318.3695 0.0000
318.3811 0.0000
318.3928 0.0000
318.4045 0.0000
318.4162 0.0000
318.4278 0.0000
318.4395 0.0000
318.4512 0.0000
318.4629 0.0000
318.4745 0.0000
318.4862 0.0000
318.4979 0.0000
318.5096 0.0000
318.5212 0.0000
318.5329 0.0000
318.5446 0.0000
318.5563 0.0000
318.5679 0.0000
318.5796 0.0000
318.5913 0.0000
318.6030 0.0000
318.6146 0.0000
318.6263 0.0000
318.6380 0.0000
318.6497 0.0000
318.6613 0.0000
318.6730 0.0000
318.6847 0.0000
318.6963 0.0000
318.7080 0.0000
318.7197 0.0000
318.7314 0.0000
318.7430 0.0000
318.7547 0.0000
318.7664 0.0000
318.7781 0.0000
318.7897 0.0000
318.8014 0.0000
318.8131 0.0000
318.8248 0.0000
318.8364 0.0000
318.8481 0.0000
318.8598 0.0000
318.8715 0.0000
318.8831 0.0000
318.8948 0.0000
318.9065 0.0000
318.9182 0.0000
318.9298 0.0000
318.9415 0.0000
318.9532 0.0000
318.9649 0.0000
318.9765 0.0000
318.9882 0.0000
318.9999 0.0000
319.0116 0.0000
319.0232 0.0000
319.0349 0.0000
319.0466 0.0000
319.0583 0.0000
319.0699 0.0000
319.0816 0.0000
319.0933 0.0000
319.1049 0.0000
319.1166 0.0000
319.1283 0.0000
319.1400 0.0000
319.1516 0.0000
319.1633 0.0000
319.1750 0.0000
319.1867 0.0000
319.1983 0.0000
319.2100 0.0000
319.2217 0.0000
319.2334 0.0000
319.2450 0.0000
319.2567 0.0000
319.2684 0.0000
319.2801 0.0000
319.2917 0.0000
319.3034 0.0000
319.3151 0.0000
319.3268 0.0000
319.3384 0.0000
319.3501 0.0000
319.3618 0.0000
319.3735 0.0000
319.3851 0.0000
319.3968 0.0000
319.4085 0.0000
319.4202 0.0000
319.4318 0.0000
319.4435 0.0000
319.4552 0.0000
319.4669 0.0000
319.4785 0.0000
319.4902 0.0000
319.5019 0.0000
319.5135 0.0000
319.5252 0.0000
319.5369 0.0000
319.5486 0.0000
319.5602 0.0000
319.5719 0.0000
319.5836 0.0000
319.5953 0.0000
319.6069 0.0000
319.6186 0.0000
319.6303 0.0000
319.6420 0.0000
319.6536 0.0000
319.6653 0.0000
319.6770 0.0000
319.6887 0.0000
319.7003 0.0000
319.7120 0.0000
319.7237 0.0000
319.7354 0.0000
319.7470 0.0000
319.7587 0.0000
319.7704 0.0000
319.7821 0.0000
319.7937 0.0000
319.8054 0.0000
319.8171 0.0000
319.8288 0.0000
319.8404 0.0000
319.8521 0.0000
319.8638 0.0000
319.8755 0.0000
319.8871 0.0000
319.8988 0.0000
319.9105 0.0000
319.9221 0.0000
319.9338 0.0000
319.9455 0.0000
319.9572 0.0000
319.9688 0.0000
319.9805 0.0000
319.9922 0.0000
320.0039 0.0000
320.0155 0.0000
320.0272 0.0000
320.0389 0.0000
320.0506 0.0000
320.0622 0.0000
320.0739 0.0000
320.0856 0.0000
320.0973 0.0000
320.1089 0.0000
320.1206 0.0000
320.1323 0.0000
320.1440 0.0000
320.1556 0.0000
320.1673 0.0000
320.1790 0.0000
320.1907 0.0000
320.2023 0.0000
320.2140 0.0000
320.2257 0.0000
320.2374 0.0000
320.2490 0.0000
320.2607 0.0000
320.2724 0.0000
320.2841 0.0000
320.2957 0.0000
320.3074 0.0000
320.3191 0.0000
320.3308 0.0000
320.3424 0.0000
320.3541 0.0000
320.3658 0.0000
320.3774 0.0000
320.3891 0.0000
320.4008 0.0000
320.4125 0.0000
320.4241 0.0000
320.4358 0.0000
320.4475 0.0000
320.4592 0.0000
320.4708 0.0000
320.4825 0.0000
320.4942 0.0000
320.5059 0.0000
320.5175 0.0000
320.5292 0.0000
320.5409 0.0000
320.5526 0.0000
320.5642 0.0000
320.5759 0.0000
320.5876 0.0000
320.5993 0.0000
320.6109 0.0000
320.6226 0.0000
320.6343 0.0000
320.6460 0.0000
320.6576 0.0000
320.6693 0.0000
320.6810 0.0000
320.6927 0.0000
320.7043 0.0000
320.7160 0.0000
320.7277 0.0000
320.7394 0.0000
320.7510 0.0000
320.7627 0.0000
320.7744 0.0000
320.7860 0.0000
320.7977 0.0000
320.8094 0.0000
320.8211 0.0000
320.8327 0.0000
320.8444 0.0000
320.8561 0.0000
320.8678 0.0000
320.8794 0.0000
320.8911 0.0000
320.9028 0.0000
320.9145 0.0000
320.9261 0.0000
320.9378 0.0000
320.9495 0.0000
320.9612 0.0000
320.9728 0.0000
320.9845 0.0000
320.9962 0.0000
321.0079 0.0000
321.0195 0.0000
321.0312 0.0000
321.0429 0.0000
321.0546 0.0000
321.0662 0.0000
321.0779 0.0000
321.0896 0.0000
321.1013 0.0000
321.1129 0.0000
321.1246 0.0000
321.1363 0.0000
321.1480 0.0000
321.1596 0.0000
321.1713 0.0000
321.1830 0.0000
321.1946 0.0000
321.2063 0.0000
321.2180 0.0000
321.2297 0.0000
321.2413 0.0000
321.2530 0.0000
321.2647 0.0000
321.2764 0.0000
321.2880 0.0000
321.2997 0.0000
321.3114 0.0000
321.3231 0.0000
321.3347 0.0000
321.3464 0.0000
321.3581 0.0000
321.3698 0.0000
321.3814 0.0000
321.3931 0.0000
321.4048 0.0000
321.4165 0.0000
321.4281 0.0000
321.4398 0.0000
321.4515 0.0000
321.4632 0.0000
321.4748 0.0000
321.4865 0.0000
321.4982 0.0000
321.5099 0.0000
321.5215 0.0000
321.5332 0.0000
321.5449 0.0000
321.5566 0.0000
321.5682 0.0000
321.5799 0.0000
321.5916 0.0000
321.6032 0.0000
321.6149 0.0000
321.6266 0.0000
321.6383 0.0000
321.6499 0.0000
321.6616 0.0000
321.6733 0.0000
321.6850 0.0000
321.6966 0.0000
321.7083 0.0000
321.7200 0.0000
321.7317 0.0000
321.7433 0.0000
321.7550 0.0000
321.7667 0.0000
321.7784 0.0000
321.7900 0.0000
321.8017 0.0000
321.8134 0.0000
321.8251 0.0000
321.8367 0.0000
321.8484 0.0000
321.8601 0.0000
321.8718 0.0000
321.8834 0.0000
321.8951 0.0000
321.9068 0.0000
321.9185 0.0000
321.9301 0.0000
321.9418 0.0000
321.9535 0.0000
321.9652 0.0000
321.9768 0.0000
321.9885 0.0000
322.0002 0.0000
322.0118 0.0000
322.0235 0.0000
322.0352 0.0000
322.0469 0.0000
322.0585 0.0000
322.0702 0.0000
322.0819 0.0000
322.0936 0.0000
322.1052 0.0000
322.1169 0.0000
322.1286 0.0000
322.1403 0.0000
322.1519 0.0000
322.1636 0.0000
322.1753 0.0000
322.1870 0.0000
322.1986 0.0000
322.2103 0.0000
322.2220 0.0000
322.2337 0.0000
322.2453 0.0000
322.2570 0.0000
322.2687 0.0000
322.2804 0.0000
322.2920 0.0000
322.3037 0.0000
322.3154 0.0000
322.3271 0.0000
322.3387 0.0000
322.3504 0.0000
322.3621 0.0000
322.3738 0.0000
322.3854 0.0000
322.3971 0.0000
322.4088 0.0000
322.4204 0.0000
322.4321 0.0000
322.4438 0.0000
322.4555 0.0000
322.4671 0.0000
322.4788 0.0000
322.4905 0.0000
322.5022 0.0000
322.5138 0.0000
322.5255 0.0000
322.5372 0.0000
322.5489 0.0000
322.5605 0.0000
322.5722 0.0000
322.5839 0.0000
322.5956 0.0000
322.6072 0.0000
322.6189 0.0000
322.6306 0.0000
322.6423 0.0000
322.6539 0.0000
322.6656 0.0000
322.6773 0.0000
322.6890 0.0000
322.7006 0.0000
322.7123 0.0000
322.7240 0.0000
322.7357 0.0000
322.7473 0.0000
322.7590 0.0000
322.7707 0.0000
322.7824 0.0000
322.7940 0.0000
322.8057 0.0000
322.8174 0.0000
322.8290 0.0000
322.8407 0.0000
322.8524 0.0000
322.8641 0.0000
322.8757 0.0000
322.8874 0.0000
322.8991 0.0000
322.9108 0.0000
322.9224 0.0000
322.9341 0.0000
322.9458 0.0000
322.9575 0.0000
322.9691 0.0000
322.9808 0.0000
322.9925 0.0000
323.0042 0.0000
323.0158 0.0000
323.0275 0.0000
323.0392 0.0000
323.0509 0.0000
323.0625 0.0000
323.0742 0.0000
323.0859 0.0000
323.0976 0.0000
323.1092 0.0000
323.1209 0.0000
323.1326 0.0000
323.1443 0.0000
323.1559 0.0000
323.1676 0.0000
323.1793 0.0000
323.1910 0.0000
323.2026 0.0000
323.2143 0.0000
323.2260 0.0000
323.2376 0.0000
323.2493 0.0000
323.2610 0.0000
323.2727 0.0000
323.2843 0.0000
323.2960 0.0000
323.3077 0.0000
323.3194 0.0000
323.3310 0.0000
323.3427 0.0000
323.3544 0.0000
323.3661 0.0000
323.3777 0.0000
323.3894 0.0000
323.4011 0.0000
323.4128 0.0000
323.4244 0.0000
323.4361 0.0000
323.4478 0.0000
323.4595 0.0000
323.4711 0.0000
323.4828 0.0000
323.4945 0.0000
323.5062 0.0000
323.5178 0.0000
323.5295 0.0000
323.5412 0.0000
323.5529 0.0000
323.5645 0.0000
323.5762 0.0000
323.5879 0.0000
323.5996 0.0000
323.6112 0.0000
323.6229 0.0000
323.6346 0.0000
323.6462 0.0000
323.6579 0.0000
323.6696 0.0000
323.6813 0.0000
323.6929 0.0000
323.7046 0.0000
323.7163 0.0000
323.7280 0.0000
323.7396 0.0000
323.7513 0.0000
323.7630 0.0000
323.7747 0.0000
323.7863 0.0000
323.7980 0.0000
323.8097 0.0000
323.8214 0.0000
323.8330 0.0000
323.8447 0.0000
323.8564 0.0000
323.8681 0.0000
323.8797 0.0000
323.8914 0.0000
323.9031 0.0000
323.9148 0.0000
323.9264 0.0000
323.9381 0.0000
323.9498 0.0000
323.9615 0.0000
323.9731 0.0000
323.9848 0.0000
323.9965 0.0000
324.0082 0.0000
324.0198 0.0000
324.0315 0.0000
324.0432 0.0000
324.0548 0.0000
324.0665 0.0000
324.0782 0.0000
324.0899 0.0000
324.1015 0.0000
324.1132 0.0000
324.1249 0.0000
324.1366 0.0000
324.1482 0.0000
324.1599 0.0000
324.1716 0.0000
324.1833 0.0000
324.1949 0.0000
324.2066 0.0000
324.2183 0.0000
324.2300 0.0000
324.2416 0.0000
324.2533 0.0000
324.2650 0.0000
324.2767 0.0000
324.2883 0.0000
324.3000 0.0000
324.3117 0.0000
324.3234 0.0000
324.3350 0.0000
324.3467 0.0000
324.3584 0.0000
324.3701 0.0000
324.3817 0.0000
324.3934 0.0000
324.4051 0.0000
324.4168 0.0000
324.4284 0.0000
324.4401 0.0000
324.4518 0.0000
324.4634 0.0000
324.4751 0.0000
324.4868 0.0000
324.4985 0.0000
324.5101 0.0000
324.5218 0.0000
324.5335 0.0000
324.5452 0.0000
324.5568 0.0000
324.5685 0.0000
324.5802 0.0000
324.5919 0.0000
324.6035 0.0000
324.6152 0.0000
324.6269 0.0000
324.6386 0.0000
324.6502 0.0000
324.6619 0.0000
324.6736 0.0000
324.6853 0.0000
324.6969 0.0000
324.7086 0.0000
324.7203 0.0000
324.7320 0.0000
324.7436 0.0000
324.7553 0.0000
324.7670 0.0000
324.7787 0.0000
324.7903 0.0000
324.8020 0.0000
324.8137 0.0000
324.8254 0.0000
324.8370 0.0000
324.8487 0.0000
324.8604 0.0000
324.8720 0.0000
324.8837 0.0000
324.8954 0.0000
324.9071 0.0000
324.9187 0.0000
324.9304 0.0000
324.9421 0.0000
324.9538 0.0000
324.9654 0.0000
324.9771 0.0000
324.9888 0.0000
325.0005 0.0000
325.0121 0.0000
325.0238 0.0000
325.0355 0.0000
325.0472 0.0000
325.0588 0.0000
325.0705 0.0000
325.0822 0.0000
325.0939 0.0000
325.1055 0.0000
325.1172 0.0000
325.1289 0.0000
325.1406 0.0000
325.1522 0.0000
325.1639 0.0000
325.1756 0.0000
325.1873 0.0000
325.1989 0.0000
325.2106 0.0000
325.2223 0.0000
325.2340 0.0000
325.2456 0.0000
325.2573 0.0000
325.2690 0.0000
325.2806 0.0000
325.2923 0.0000
325.3040 0.0000
325.3157 0.0000
325.3273 0.0000
325.3390 0.0000
325.3507 0.0000
325.3624 0.0000
325.3740 0.0000
325.3857 0.0000
325.3974 0.0000
325.4091 0.0000
325.4207 0.0000
325.4324 0.0000
325.4441 0.0000
325.4558 0.0000
325.4674 0.0000
325.4791 0.0000
325.4908 0.0000
325.5025 0.0000
325.5141 0.0000
325.5258 0.0000
325.5375 0.0000
325.5492 0.0000
325.5608 0.0000
325.5725 0.0000
325.5842 0.0000
325.5959 0.0000
325.6075 0.0000
325.6192 0.0000
325.6309 0.0000
325.6426 0.0000
325.6542 0.0000
325.6659 0.0000
325.6776 0.0000
325.6892 0.0000
325.7009 0.0000
325.7126 0.0000
325.7243 0.0000
325.7359 0.0000
325.7476 0.0000
325.7593 0.0000
325.7710 0.0000
325.7826 0.0000
325.7943 0.0000
325.8060 0.0000
325.8177 0.0000
325.8293 0.0000
325.8410 0.0000
325.8527 0.0000
325.8644 0.0000
325.8760 0.0000
325.8877 0.0000
325.8994 0.0000
325.9111 0.0000
325.9227 0.0000
325.9344 0.0000
325.9461 0.0000
325.9578 0.0000
325.9694 0.0000
325.9811 0.0000
325.9928 0.0000
326.0045 0.0000
326.0161 0.0000
326.0278 0.0000
326.0395 0.0000
326.0512 0.0000
326.0628 0.0000
326.0745 0.0000
326.0862 0.0000
326.0978 0.0000
326.1095 0.0000
326.1212 0.0000
326.1329 0.0000
326.1445 0.0000
326.1562 0.0000
326.1679 0.0000
326.1796 0.0000
326.1912 0.0000
326.2029 0.0000
326.2146 0.0000
326.2263 0.0000
326.2379 0.0000
326.2496 0.0000
326.2613 0.0000
326.2730 0.0000
326.2846 0.0000
326.2963 0.0000
326.3080 0.0000
326.3197 0.0000
326.3313 0.0000
326.3430 0.0000
326.3547 0.0000
326.3664 0.0000
326.3780 0.0000
326.3897 0.0000
326.4014 0.0000
326.4131 0.0000
326.4247 0.0000
326.4364 0.0000
326.4481 0.0000
326.4598 0.0000
326.4714 0.0000
326.4831 0.0000
326.4948 0.0000
326.5064 0.0000
326.5181 0.0000
326.5298 0.0000
326.5415 0.0000
326.5531 0.0000
326.5648 0.0000
326.5765 0.0000
326.5882 0.0000
326.5998 0.0000
326.6115 0.0000
326.6232 0.0000
326.6349 0.0000
326.6465 0.0000
326.6582 0.0000
326.6699 0.0000
326.6816 0.0000
326.6932 0.0000
326.7049 0.0000
326.7166 0.0000
326.7283 0.0000
326.7399 0.0000
326.7516 0.0000
326.7633 0.0000
326.7750 0.0000
326.7866 0.0000
326.7983 0.0000
326.8100 0.0000
326.8217 0.0000
326.8333 0.0000
326.8450 0.0000
326.8567 0.0000
326.8684 0.0000
326.8800 0.0000
326.8917 0.0000
326.9034 0.0000
326.9150 0.0000
326.9267 0.0000
326.9384 0.0000
326.9501 0.0000
326.9617 0.0000
326.9734 0.0000
326.9851 0.0000
326.9968 0.0000
327.0084 0.0000
327.0201 0.0000
327.0318 0.0000
327.0435 0.0000
327.0551 0.0000
327.0668 0.0000
327.0785 0.0000
327.0902 0.0000
327.1018 0.0000
327.1135 0.0000
327.1252 0.0000
327.1369 0.0000
327.1485 0.0000
327.1602 0.0000
327.1719 0.0000
327.1836 0.0000
327.1952 0.0000
327.2069 0.0000
327.2186 0.0000
327.2303 0.0000
327.2419 0.0000
327.2536 0.0000
327.2653 0.0000
327.2770 0.0000
327.2886 0.0000
327.3003 0.0000
327.3120 0.0000
327.3236 0.0000
327.3353 0.0000
327.3470 0.0000
327.3587 0.0000
327.3703 0.0000
327.3820 0.0000
327.3937 0.0000
327.4054 0.0000
327.4170 0.0000
327.4287 0.0000
327.4404 0.0000
327.4521 0.0000
327.4637 0.0000
327.4754 0.0000
327.4871 0.0000
327.4988 0.0000
327.5104 0.0000
327.5221 0.0000
327.5338 0.0000
327.5455 0.0000
327.5571 0.0000
327.5688 0.0000
327.5805 0.0000
327.5922 0.0000
327.6038 0.0000
327.6155 0.0000
327.6272 0.0000
327.6389 0.0000
327.6505 0.0000
327.6622 0.0000
327.6739 0.0000
327.6856 0.0000
327.6972 0.0000
327.7089 0.0000
327.7206 0.0000
327.7322 0.0000
327.7439 0.0000
327.7556 0.0000
327.7673 0.0000
327.7789 0.0000
327.7906 0.0000
327.8023 0.0000
327.8140 0.0000
327.8256 0.0000
327.8373 0.0000
327.8490 0.0000
327.8607 0.0000
327.8723 0.0000
327.8840 0.0000
327.8957 0.0000
327.9074 0.0000
327.9190 0.0000
327.9307 0.0000
327.9424 0.0000
327.9541 0.0000
327.9657 0.0000
327.9774 0.0000
327.9891 0.0000
328.0008 0.0000
328.0124 0.0000
328.0241 0.0000
328.0358 0.0000
328.0475 0.0000
328.0591 0.0000
328.0708 0.0000
328.0825 0.0000
328.0942 0.0000
328.1058 0.0000
328.1175 0.0000
328.1292 0.0000
328.1408 0.0000
328.1525 0.0000
328.1642 0.0000
328.1759 0.0000
328.1875 0.0000
328.1992 0.0000
328.2109 0.0000
328.2226 0.0000
328.2342 0.0000
328.2459 0.0000
328.2576 0.0000
328.2693 0.0000
328.2809 0.0000
328.2926 0.0000
328.3043 0.0000
328.3160 0.0000
328.3276 0.0000
328.3393 0.0000
328.3510 0.0000
328.3627 0.0000
328.3743 0.0000
328.3860 0.0000
328.3977 0.0000
328.4094 0.0000
328.4210 0.0000
328.4327 0.0000
328.4444 0.0000
328.4561 0.0000
328.4677 0.0000
328.4794 0.0000
328.4911 0.0000
328.5028 0.0000
328.5144 0.0000
328.5261 0.0000
328.5378 0.0000
328.5494 0.0000
328.5611 0.0000
328.5728 0.0000
328.5845 0.0000
328.5961 0.0000
328.6078 0.0000
328.6195 0.0000
328.6312 0.0000
328.6428 0.0000
328.6545 0.0000
328.6662 0.0000
328.6779 0.0000
328.6895 0.0000
328.7012 0.0000
328.7129 0.0000
328.7246 0.0000
328.7362 0.0000
328.7479 0.0000
328.7596 0.0000
328.7713 0.0000
328.7829 0.0000
328.7946 0.0000
328.8063 0.0000
328.8180 0.0000
328.8296 0.0000
328.8413 0.0000
328.8530 0.0000
328.8647 0.0000
328.8763 0.0000
328.8880 0.0000
328.8997 0.0000
328.9114 0.0000
328.9230 0.0000
328.9347 0.0000
328.9464 0.0000
328.9580 0.0000
328.9697 0.0000
328.9814 0.0000
328.9931 0.0000
329.0047 0.0000
329.0164 0.0000
329.0281 0.0000
329.0398 0.0000
329.0514 0.0000
329.0631 0.0000
329.0748 0.0000
329.0865 0.0000
329.0981 0.0000
329.1098 0.0000
329.1215 0.0000
329.1332 0.0000
329.1448 0.0000
329.1565 0.0000
329.1682 0.0000
329.1799 0.0000
329.1915 0.0000
329.2032 0.0000
329.2149 0.0000
329.2266 0.0000
329.2382 0.0000
329.2499 0.0000
329.2616 0.0000
329.2733 0.0000
329.2849 0.0000
329.2966 0.0000
329.3083 0.0000
329.3200 0.0000
329.3316 0.0000
329.3433 0.0000
329.3550 0.0000
329.3666 0.0000
329.3783 0.0000
329.3900 0.0000
329.4017 0.0000
329.4133 0.0000
329.4250 0.0000
329.4367 0.0000
329.4484 0.0000
329.4600 0.0000
329.4717 0.0000
329.4834 0.0000
329.4951 0.0000
329.5067 0.0000
329.5184 0.0000
329.5301 0.0000
329.5418 0.0000
329.5534 0.0000
329.5651 0.0000
329.5768 0.0000
329.5885 0.0000
329.6001 0.0000
329.6118 0.0000
329.6235 0.0000
329.6352 0.0000
329.6468 0.0000
329.6585 0.0000
329.6702 0.0000
329.6819 0.0000
329.6935 0.0000
329.7052 0.0000
329.7169 0.0000
329.7286 0.0000
329.7402 0.0000
329.7519 0.0000
329.7636 0.0000
329.7752 0.0000
329.7869 0.0000
329.7986 0.0000
329.8103 0.0000
329.8219 0.0000
329.8336 0.0000
329.8453 0.0000
329.8570 0.0000
329.8686 0.0000
329.8803 0.0000
329.8920 0.0000
329.9037 0.0000
329.9153 0.0000
329.9270 0.0000
329.9387 0.0000
329.9504 0.0000
329.9620 0.0000
329.9737 0.0000
329.9854 0.0000
329.9971 0.0000
330.0087 0.0000
330.0204 0.0000
330.0321 0.0000
330.0438 0.0000
330.0554 0.0000
330.0671 0.0000
330.0788 0.0000
330.0905 0.0000
330.1021 0.0000
330.1138 0.0000
330.1255 0.0000
330.1372 0.0000
330.1488 0.0000
330.1605 0.0000
330.1722 0.0000
330.1838 0.0000
330.1955 0.0000
330.2072 0.0000
330.2189 0.0000
330.2305 0.0000
330.2422 0.0000
330.2539 0.0000
330.2656 0.0000
330.2772 0.0000
330.2889 0.0000
330.3006 0.0000
330.3123 0.0000
330.3239 0.0000
330.3356 0.0000
330.3473 0.0000
330.3590 0.0000
330.3706 0.0000
330.3823 0.0000
330.3940 0.0000
330.4057 0.0000
330.4173 0.0000
330.4290 0.0000
330.4407 0.0000
330.4524 0.0000
330.4640 0.0000
330.4757 0.0000
330.4874 0.0000
330.4991 0.0000
330.5107 0.0000
330.5224 0.0000
330.5341 0.0000
330.5458 0.0000
330.5574 0.0000
330.5691 0.0000
330.5808 0.0000
330.5924 0.0000
330.6041 0.0000
330.6158 0.0000
330.6275 0.0000
330.6391 0.0000
330.6508 0.0000
330.6625 0.0000
330.6742 0.0000
330.6858 0.0000
330.6975 0.0000
330.7092 0.0000
330.7209 0.0000
330.7325 0.0000
330.7442 0.0000
330.7559 0.0000
330.7676 0.0000
330.7792 0.0000
330.7909 0.0000
330.8026 0.0000
330.8143 0.0000
330.8259 0.0000
330.8376 0.0000
330.8493 0.0000
330.8610 0.0000
330.8726 0.0000
330.8843 0.0000
330.8960 0.0000
330.9077 0.0000
330.9193 0.0000
330.9310 0.0000
330.9427 0.0000
330.9544 0.0000
330.9660 0.0000
330.9777 0.0000
330.9894 0.0000
331.0010 0.0000
331.0127 0.0000
331.0244 0.0000
331.0361 0.0000
331.0477 0.0000
331.0594 0.0000
331.0711 0.0000
331.0828 0.0000
331.0944 0.0000
331.1061 0.0000
331.1178 0.0000
331.1295 0.0000
331.1411 0.0000
331.1528 0.0000
331.1645 0.0000
331.1762 0.0000
331.1878 0.0000
331.1995 0.0000
331.2112 0.0000
331.2229 0.0000
331.2345 0.0000
331.2462 0.0000
331.2579 0.0000
331.2696 0.0000
331.2812 0.0000
331.2929 0.0000
331.3046 0.0000
331.3163 0.0000
331.3279 0.0000
331.3396 0.0000
331.3513 0.0000
331.3630 0.0000
331.3746 0.0000
331.3863 0.0000
331.3980 0.0000
331.4096 0.0000
331.4213 0.0000
331.4330 0.0000
331.4447 0.0000
331.4563 0.0000
331.4680 0.0000
331.4797 0.0000
331.4914 0.0000
331.5030 0.0000
331.5147 0.0000
331.5264 0.0000
331.5381 0.0000
331.5497 0.0000
331.5614 0.0000
331.5731 0.0000
331.5848 0.0000
331.5964 0.0000
331.6081 0.0000
331.6198 0.0000
331.6315 0.0000
331.6431 0.0000
331.6548 0.0000
331.6665 0.0000
331.6782 0.0000
331.6898 0.0000
331.7015 0.0000
331.7132 0.0000
331.7249 0.0000
331.7365 0.0000
331.7482 0.0000
331.7599 0.0000
331.7716 0.0000
331.7832 0.0000
331.7949 0.0000
331.8066 0.0000
331.8182 0.0000
331.8299 0.0000
331.8416 0.0000
331.8533 0.0000
331.8649 0.0000
331.8766 0.0000
331.8883 0.0000
331.9000 0.0000
331.9116 0.0000
331.9233 0.0000
331.9350 0.0000
331.9467 0.0000
331.9583 0.0000
331.9700 0.0000
331.9817 0.0000
331.9934 0.0000
332.0050 0.0000
332.0167 0.0000
332.0284 0.0000
332.0401 0.0000
332.0517 0.0000
332.0634 0.0000
332.0751 0.0000
332.0868 0.0000
332.0984 0.0000
332.1101 0.0000
332.1218 0.0000
332.1335 0.0000
332.1451 0.0000
332.1568 0.0000
332.1685 0.0000
332.1802 0.0000
332.1918 0.0000
332.2035 0.0000
332.2152 0.0000
332.2268 0.0000
332.2385 0.0000
332.2502 0.0000
332.2619 0.0000
332.2735 0.0000
332.2852 0.0000
332.2969 0.0000
332.3086 0.0000
332.3202 0.0000
332.3319 0.0000
332.3436 0.0000
332.3553 0.0000
332.3669 0.0000
332.3786 0.0000
332.3903 0.0000
332.4020 0.0000
332.4136 0.0000
332.4253 0.0000
332.4370 0.0000
332.4487 0.0000
332.4603 0.0000
332.4720 0.0000
332.4837 0.0000
332.4954 0.0000
332.5070 0.0000
332.5187 0.0000
332.5304 0.0000
332.5421 0.0000
332.5537 0.0000
332.5654 0.0000
332.5771 0.0000
332.5888 0.0000
332.6004 0.0000
332.6121 0.0000
332.6238 0.0000
332.6354 0.0000
332.6471 0.0000
332.6588 0.0000
332.6705 0.0000
332.6821 0.0000
332.6938 0.0000
332.7055 0.0000
332.7172 0.0000
332.7288 0.0000
332.7405 0.0000
332.7522 0.0000
332.7639 0.0000
332.7755 0.0000
332.7872 0.0000
332.7989 0.0000
332.8106 0.0000
332.8222 0.0000
332.8339 0.0000
332.8456 0.0000
332.8573 0.0000
332.8689 0.0000
332.8806 0.0000
332.8923 0.0000
332.9040 0.0000
332.9156 0.0000
332.9273 0.0000
332.9390 0.0000
332.9507 0.0000
332.9623 0.0000
332.9740 0.0000
332.9857 0.0000
332.9974 0.0000
333.0090 0.0000
333.0207 0.0000
333.0324 0.0000
333.0440 0.0000
333.0557 0.0000
333.0674 0.0000
333.0791 0.0000
333.0907 0.0000
333.1024 0.0000
333.1141 0.0000
333.1258 0.0000
333.1374 0.0000
333.1491 0.0000
333.1608 0.0000
333.1725 0.0000
333.1841 0.0000
333.1958 0.0000
333.2075 0.0000
333.2192 0.0000
333.2308 0.0000
333.2425 0.0000
333.2542 0.0000
333.2659 0.0000
333.2775 0.0000
333.2892 0.0000
333.3009 0.0000
333.3126 0.0000
333.3242 0.0000
333.3359 0.0000
333.3476 0.0000
333.3593 0.0000
333.3709 0.0000
333.3826 0.0000
333.3943 0.0000
333.4060 0.0000
333.4176 0.0000
333.4293 0.0000
333.4410 0.0000
333.4526 0.0000
333.4643 0.0000
333.4760 0.0000
333.4877 0.0000
333.4993 0.0000
333.5110 0.0000
333.5227 0.0000
333.5344 0.0000
333.5460 0.0000
333.5577 0.0000
333.5694 0.0000
333.5811 0.0000
333.5927 0.0000
333.6044 0.0000
333.6161 0.0000
333.6278 0.0000
333.6394 0.0000
333.6511 0.0000
333.6628 0.0000
333.6745 0.0000
333.6861 0.0000
333.6978 0.0000
333.7095 0.0000
333.7212 0.0000
333.7328 0.0000
333.7445 0.0000
333.7562 0.0000
333.7679 0.0000
333.7795 0.0000
333.7912 0.0000
333.8029 0.0000
333.8146 0.0000
333.8262 0.0000
333.8379 0.0000
333.8496 0.0000
333.8612 0.0000
333.8729 0.0000
333.8846 0.0000
333.8963 0.0000
333.9079 0.0000
333.9196 0.0000
333.9313 0.0000
333.9430 0.0000
333.9546 0.0000
333.9663 0.0000
333.9780 0.0000
333.9897 0.0000
334.0013 0.0000
334.0130 0.0000
334.0247 0.0000
334.0364 0.0000
334.0480 0.0000
334.0597 0.0000
334.0714 0.0000
334.0831 0.0000
334.0947 0.0000
334.1064 0.0000
334.1181 0.0000
334.1298 0.0000
334.1414 0.0000
334.1531 0.0000
334.1648 0.0000
334.1765 0.0000
334.1881 0.0000
334.1998 0.0000
334.2115 0.0000
334.2232 0.0000
334.2348 0.0000
334.2465 0.0000
334.2582 0.0000
334.2698 0.0000
334.2815 0.0000
334.2932 0.0000
334.3049 0.0000
334.3165 0.0000
334.3282 0.0000
334.3399 0.0000
334.3516 0.0000
334.3632 0.0000
334.3749 0.0000
334.3866 0.0000
334.3983 0.0000
334.4099 0.0000
334.4216 0.0000
334.4333 0.0000
334.4450 0.0000
334.4566 0.0000
334.4683 0.0000
334.4800 0.0000
334.4917 0.0000
334.5033 0.0000
334.5150 0.0000
334.5267 0.0000
334.5384 0.0000
334.5500 0.0000
334.5617 0.0000
334.5734 0.0000
334.5851 0.0000
334.5967 0.0000
334.6084 0.0000
334.6201 0.0000
334.6318 0.0000
334.6434 0.0000
334.6551 0.0000
334.6668 0.0000
334.6784 0.0000
334.6901 0.0000
334.7018 0.0000
334.7135 0.0000
334.7251 0.0000
334.7368 0.0000
334.7485 0.0000
334.7602 0.0000
334.7718 0.0000
334.7835 0.0000
334.7952 0.0000
334.8069 0.0000
334.8185 0.0000
334.8302 0.0000
334.8419 0.0000
334.8536 0.0000
334.8652 0.0000
334.8769 0.0000
334.8886 0.0000
334.9003 0.0000
334.9119 0.0000
334.9236 0.0000
334.9353 0.0000
334.9470 0.0000
334.9586 0.0000
334.9703 0.0000
334.9820 0.0000
334.9937 0.0000
335.0053 0.0000
335.0170 0.0000
335.0287 0.0000
335.0404 0.0000
335.0520 0.0000
335.0637 0.0000
335.0754 0.0000
335.0870 0.0000
335.0987 0.0000
335.1104 0.0000
335.1221 0.0000
335.1337 0.0000
335.1454 0.0000
335.1571 0.0000
335.1688 0.0000
335.1804 0.0000
335.1921 0.0000
335.2038 0.0000
335.2155 0.0000
335.2271 0.0000
335.2388 0.0000
335.2505 0.0000
335.2622 0.0000
335.2738 0.0000
335.2855 0.0000
335.2972 0.0000
335.3089 0.0000
335.3205 0.0000
335.3322 0.0000
335.3439 0.0000
335.3556 0.0000
335.3672 0.0000
335.3789 0.0000
335.3906 0.0000
335.4023 0.0000
335.4139 0.0000
335.4256 0.0000
335.4373 0.0000
335.4490 0.0000
335.4606 0.0000
335.4723 0.0000
335.4840 0.0000
335.4956 0.0000
335.5073 0.0000
335.5190 0.0000
335.5307 0.0000
335.5423 0.0000
335.5540 0.0000
335.5657 0.0000
335.5774 0.0000
335.5890 0.0000
335.6007 0.0000
335.6124 0.0000
335.6241 0.0000
335.6357 0.0000
335.6474 0.0000
335.6591 0.0000
335.6708 0.0000
335.6824 0.0000
335.6941 0.0000
335.7058 0.0000
335.7175 0.0000
335.7291 0.0000
335.7408 0.0000
335.7525 0.0000
335.7642 0.0000
335.7758 0.0000
335.7875 0.0000
335.7992 0.0000
335.8109 0.0000
335.8225 0.0000
335.8342 0.0000
335.8459 0.0000
335.8576 0.0000
335.8692 0.0000
335.8809 0.0000
335.8926 0.0000
335.9042 0.0000
335.9159 0.0000
335.9276 0.0000
335.9393 0.0000
335.9509 0.0000
335.9626 0.0000
335.9743 0.0000
335.9860 0.0000
335.9976 0.0000
336.0093 0.0000
336.0210 0.0000
336.0327 0.0000
336.0443 0.0000
336.0560 0.0000
336.0677 0.0000
336.0794 0.0000
336.0910 0.0000
336.1027 0.0000
336.1144 0.0000
336.1261 0.0000
336.1377 0.0000
336.1494 0.0000
336.1611 0.0000
336.1728 0.0000
336.1844 0.0000
336.1961 0.0000
336.2078 0.0000
336.2195 0.0000
336.2311 0.0000
336.2428 0.0000
336.2545 0.0000
336.2662 0.0000
336.2778 0.0000
336.2895 0.0000
336.3012 0.0000
336.3128 0.0000
336.3245 0.0000
336.3362 0.0000
336.3479 0.0000
336.3595 0.0000
336.3712 0.0000
336.3829 0.0000
336.3946 0.0000
336.4062 0.0000
336.4179 0.0000
336.4296 0.0000
336.4413 0.0000
336.4529 0.0000
336.4646 0.0000
336.4763 0.0000
336.4880 0.0000
336.4996 0.0000
336.5113 0.0000
336.5230 0.0000
336.5347 0.0000
336.5463 0.0000
336.5580 0.0000
336.5697 0.0000
336.5814 0.0000
336.5930 0.0000
336.6047 0.0000
336.6164 0.0000
336.6281 0.0000
336.6397 0.0000
336.6514 0.0000
336.6631 0.0000
336.6748 0.0000
336.6864 0.0000
336.6981 0.0000
336.7098 0.0000
336.7214 0.0000
336.7331 0.0000
336.7448 0.0000
336.7565 0.0000
336.7681 0.0000
336.7798 0.0000
336.7915 0.0000
336.8032 0.0000
336.8148 0.0000
336.8265 0.0000
336.8382 0.0000
336.8499 0.0000
336.8615 0.0000
336.8732 0.0000
336.8849 0.0000
336.8966 0.0000
336.9082 0.0000
336.9199 0.0000
336.9316 0.0000
336.9433 0.0000
336.9549 0.0000
336.9666 0.0000
336.9783 0.0000
336.9900 0.0000
337.0016 0.0000
337.0133 0.0000
337.0250 0.0000
337.0367 0.0000
337.0483 0.0000
337.0600 0.0000
337.0717 0.0000
337.0834 0.0000
337.0950 0.0000
337.1067 0.0000
337.1184 0.0000
337.1300 0.0000
337.1417 0.0000
337.1534 0.0000
337.1651 0.0000
337.1767 0.0000
337.1884 0.0000
337.2001 0.0000
337.2118 0.0000
337.2234 0.0000
337.2351 0.0000
337.2468 0.0000
337.2585 0.0000
337.2701 0.0000
337.2818 0.0000
337.2935 0.0000
337.3052 0.0000
337.3168 0.0000
337.3285 0.0000
337.3402 0.0000
337.3519 0.0000
337.3635 0.0000
337.3752 0.0000
337.3869 0.0000
337.3986 0.0000
337.4102 0.0000
337.4219 0.0000
337.4336 0.0000
337.4453 0.0000
337.4569 0.0000
337.4686 0.0000
337.4803 0.0000
337.4920 0.0000
337.5036 0.0000
337.5153 0.0000
337.5270 0.0000
337.5386 0.0000
337.5503 0.0000
337.5620 0.0000
337.5737 0.0000
337.5853 0.0000
337.5970 0.0000
337.6087 0.0000
337.6204 0.0000
337.6320 0.0000
337.6437 0.0000
337.6554 0.0000
337.6671 0.0000
337.6787 0.0000
337.6904 0.0000
337.7021 0.0000
337.7138 0.0000
337.7254 0.0000
337.7371 0.0000
337.7488 0.0000
337.7605 0.0000
337.7721 0.0000
337.7838 0.0000
337.7955 0.0000
337.8072 0.0000
337.8188 0.0000
337.8305 0.0000
337.8422 0.0000
337.8539 0.0000
337.8655 0.0000
337.8772 0.0000
337.8889 0.0000
337.9006 0.0000
337.9122 0.0000
337.9239 0.0000
337.9356 0.0000
337.9472 0.0000
337.9589 0.0000
337.9706 0.0000
337.9823 0.0000
337.9939 0.0000
338.0056 0.0000
338.0173 0.0000
338.0290 0.0000
338.0406 0.0000
338.0523 0.0000
338.0640 0.0000
338.0757 0.0000
338.0873 0.0000
338.0990 0.0000
338.1107 0.0000
338.1224 0.0000
338.1340 0.0000
338.1457 0.0000
338.1574 0.0000
338.1691 0.0000
338.1807 0.0000
338.1924 0.0000
338.2041 0.0000
338.2158 0.0000
338.2274 0.0000
338.2391 0.0000
338.2508 0.0000
338.2625 0.0000
338.2741 0.0000
338.2858 0.0000
338.2975 0.0000
338.3092 0.0000
338.3208 0.0000
338.3325 0.0000
338.3442 0.0000
338.3558 0.0000
338.3675 0.0000
338.3792 0.0000
338.3909 0.0000
338.4025 0.0000
338.4142 0.0000
338.4259 0.0000
338.4376 0.0000
338.4492 0.0000
338.4609 0.0000
338.4726 0.0000
338.4843 0.0000
338.4959 0.0000
338.5076 0.0000
338.5193 0.0000
338.5310 0.0000
338.5426 0.0000
338.5543 0.0000
338.5660 0.0000
338.5777 0.0000
338.5893 0.0000
338.6010 0.0000
338.6127 0.0000
338.6244 0.0000
338.6360 0.0000
338.6477 0.0000
338.6594 0.0000
338.6711 0.0000
338.6827 0.0000
338.6944 0.0000
338.7061 0.0000
338.7178 0.0000
338.7294 0.0000
338.7411 0.0000
338.7528 0.0000
338.7644 0.0000
338.7761 0.0000
338.7878 0.0000
338.7995 0.0000
338.8111 0.0000
338.8228 0.0000
338.8345 0.0000
338.8462 0.0000
338.8578 0.0000
338.8695 0.0000
338.8812 0.0000
338.8929 0.0000
338.9045 0.0000
338.9162 0.0000
338.9279 0.0000
338.9396 0.0000
338.9512 0.0000
338.9629 0.0000
338.9746 0.0000
338.9863 0.0000
338.9979 0.0000
339.0096 0.0000
339.0213 0.0000
339.0330 0.0000
339.0446 0.0000
339.0563 0.0000
339.0680 0.0000
339.0797 0.0000
339.0913 0.0000
339.1030 0.0000
339.1147 0.0000
339.1264 0.0000
339.1380 0.0000
339.1497 0.0000
339.1614 0.0000
339.1730 0.0000
339.1847 0.0000
339.1964 0.0000
339.2081 0.0000
339.2197 0.0000
339.2314 0.0000
339.2431 0.0000
339.2548 0.0000
339.2664 0.0000
339.2781 0.0000
339.2898 0.0000
339.3015 0.0000
339.3131 0.0000
339.3248 0.0000
339.3365 0.0000
339.3482 0.0000
339.3598 0.0000
339.3715 0.0000
339.3832 0.0000
339.3949 0.0000
339.4065 0.0000
339.4182 0.0000
339.4299 0.0000
339.4416 0.0000
339.4532 0.0000
339.4649 0.0000
339.4766 0.0000
339.4883 0.0000
339.4999 0.0000
339.5116 0.0000
339.5233 0.0000
339.5350 0.0000
339.5466 0.0000
339.5583 0.0000
339.5700 0.0000
339.5816 0.0000
339.5933 0.0000
339.6050 0.0000
339.6167 0.0000
339.6283 0.0000
339.6400 0.0000
339.6517 0.0000
339.6634 0.0000
339.6750 0.0000
339.6867 0.0000
339.6984 0.0000
339.7101 0.0000
339.7217 0.0000
339.7334 0.0000
339.7451 0.0000
339.7568 0.0000
339.7684 0.0000
339.7801 0.0000
339.7918 0.0000
339.8035 0.0000
339.8151 0.0000
339.8268 0.0000
339.8385 0.0000
339.8502 0.0000
339.8618 0.0000
339.8735 0.0000
339.8852 0.0000
339.8969 0.0000
339.9085 0.0000
339.9202 0.0000
339.9319 0.0000
339.9436 0.0000
339.9552 0.0000
339.9669 0.0000
339.9786 0.0000
339.9902 0.0000
340.0019 0.0000
340.0136 0.0000
340.0253 0.0000
340.0369 0.0000
340.0486 0.0000
340.0603 0.0000
340.0720 0.0000
340.0836 0.0000
340.0953 0.0000
340.1070 0.0000
340.1187 0.0000
340.1303 0.0000
340.1420 0.0000
340.1537 0.0000
340.1654 0.0000
340.1770 0.0000
340.1887 0.0000
340.2004 0.0000
340.2121 0.0000
340.2237 0.0000
340.2354 0.0000
340.2471 0.0000
340.2588 0.0000
340.2704 0.0000
340.2821 0.0000
340.2938 0.0000
340.3055 0.0000
340.3171 0.0000
340.3288 0.0000
340.3405 0.0000
340.3522 0.0000
340.3638 0.0000
340.3755 0.0000
340.3872 0.0000
340.3989 0.0000
340.4105 0.0000
340.4222 0.0000
340.4339 0.0000
340.4455 0.0000
340.4572 0.0000
340.4689 0.0000
340.4806 0.0000
340.4922 0.0000
340.5039 0.0000
340.5156 0.0000
340.5273 0.0000
340.5389 0.0000
340.5506 0.0000
340.5623 0.0000
340.5740 0.0000
340.5856 0.0000
340.5973 0.0000
340.6090 0.0000
340.6207 0.0000
340.6323 0.0000
340.6440 0.0000
340.6557 0.0000
340.6674 0.0000
340.6790 0.0000
340.6907 0.0000
340.7024 0.0000
340.7141 0.0000
340.7257 0.0000
340.7374 0.0000
340.7491 0.0000
340.7608 0.0000
340.7724 0.0000
340.7841 0.0000
340.7958 0.0000
340.8075 0.0000
340.8191 0.0000
340.8308 0.0000
340.8425 0.0000
340.8541 0.0000
340.8658 0.0000
340.8775 0.0000
340.8892 0.0000
340.9008 0.0000
340.9125 0.0000
340.9242 0.0000
340.9359 0.0000
340.9475 0.0000
340.9592 0.0000
340.9709 0.0000
340.9826 0.0000
340.9942 0.0000
341.0059 0.0000
341.0176 0.0000
341.0293 0.0000
341.0409 0.0000
341.0526 0.0000
341.0643 0.0000
341.0760 0.0000
341.0876 0.0000
341.0993 0.0000
341.1110 0.0000
341.1227 0.0000
341.1343 0.0000
341.1460 0.0000
341.1577 0.0000
341.1694 0.0000
341.1810 0.0000
341.1927 0.0000
341.2044 0.0000
341.2161 0.0000
341.2277 0.0000
341.2394 0.0000
341.2511 0.0000
341.2627 0.0000
341.2744 0.0000
341.2861 0.0000
341.2978 0.0000
341.3094 0.0000
341.3211 0.0000
341.3328 0.0000
341.3445 0.0000
341.3561 0.0000
341.3678 0.0000
341.3795 0.0000
341.3912 0.0000
341.4028 0.0000
341.4145 0.0000
341.4262 0.0000
341.4379 0.0000
341.4495 0.0000
341.4612 0.0000
341.4729 0.0000
341.4846 0.0000
341.4962 0.0000
341.5079 0.0000
341.5196 0.0000
341.5313 0.0000
341.5429 0.0000
341.5546 0.0000
341.5663 0.0000
341.5780 0.0000
341.5896 0.0000
341.6013 0.0000
341.6130 0.0000
341.6247 0.0000
341.6363 0.0000
341.6480 0.0000
341.6597 0.0000
341.6713 0.0000
341.6830 0.0000
341.6947 0.0000
341.7064 0.0000
341.7180 0.0000
341.7297 0.0000
341.7414 0.0000
341.7531 0.0000
341.7647 0.0000
341.7764 0.0000
341.7881 0.0000
341.7998 0.0000
341.8114 0.0000
341.8231 0.0000
341.8348 0.0000
341.8465 0.0000
341.8581 0.0000
341.8698 0.0000
341.8815 0.0000
341.8932 0.0000
341.9048 0.0000
341.9165 0.0000
341.9282 0.0000
341.9399 0.0000
341.9515 0.0000
341.9632 0.0000
341.9749 0.0000
341.9866 0.0000
341.9982 0.0000
342.0099 0.0000
342.0216 0.0000
342.0333 0.0000
342.0449 0.0000
342.0566 0.0000
342.0683 0.0000
342.0799 0.0000
342.0916 0.0000
342.1033 0.0000
342.1150 0.0000
342.1266 0.0000
342.1383 0.0000
342.1500 0.0000
342.1617 0.0000
342.1733 0.0000
342.1850 0.0000
342.1967 0.0000
342.2084 0.0000
342.2200 0.0000
342.2317 0.0000
342.2434 0.0000
342.2551 0.0000
342.2667 0.0000
342.2784 0.0000
342.2901 0.0000
342.3018 0.0000
342.3134 0.0000
342.3251 0.0000
342.3368 0.0000
342.3485 0.0000
342.3601 0.0000
342.3718 0.0000
342.3835 0.0000
342.3952 0.0000
342.4068 0.0000
342.4185 0.0000
342.4302 0.0000
342.4419 0.0000
342.4535 0.0000
342.4652 0.0000
342.4769 0.0000
342.4885 0.0000
342.5002 0.0000
342.5119 0.0000
342.5236 0.0000
342.5352 0.0000
342.5469 0.0000
342.5586 0.0000
342.5703 0.0000
342.5819 0.0000
342.5936 0.0000
342.6053 0.0000
342.6170 0.0000
342.6286 0.0000
342.6403 0.0000
342.6520 0.0000
342.6637 0.0000
342.6753 0.0000
342.6870 0.0000
342.6987 0.0000
342.7104 0.0000
342.7220 0.0000
342.7337 0.0000
342.7454 0.0000
342.7571 0.0000
342.7687 0.0000
342.7804 0.0000
342.7921 0.0000
342.8038 0.0000
342.8154 0.0000
342.8271 0.0000
342.8388 0.0000
342.8505 0.0000
342.8621 0.0000
342.8738 0.0000
342.8855 0.0000
342.8971 0.0000
342.9088 0.0000
342.9205 0.0000
342.9322 0.0000
342.9438 0.0000
342.9555 0.0000
342.9672 0.0000
342.9789 0.0000
342.9905 0.0000
343.0022 0.0000
343.0139 0.0000
343.0256 0.0000
343.0372 0.0000
343.0489 0.0000
343.0606 0.0000
343.0723 0.0000
343.0839 0.0000
343.0956 0.0000
343.1073 0.0000
343.1190 0.0000
343.1306 0.0000
343.1423 0.0000
343.1540 0.0000
343.1657 0.0000
343.1773 0.0000
343.1890 0.0000
343.2007 0.0000
343.2124 0.0000
343.2240 0.0000
343.2357 0.0000
343.2474 0.0000
343.2591 0.0000
343.2707 0.0000
343.2824 0.0000
343.2941 0.0000
343.3057 0.0000
343.3174 0.0000
343.3291 0.0000
343.3408 0.0000
343.3524 0.0000
343.3641 0.0000
343.3758 0.0000
343.3875 0.0000
343.3991 0.0000
343.4108 0.0000
343.4225 0.0000
343.4342 0.0000
343.4458 0.0000
343.4575 0.0000
343.4692 0.0000
343.4809 0.0000
343.4925 0.0000
343.5042 0.0000
343.5159 0.0000
343.5276 0.0000
343.5392 0.0000
343.5509 0.0000
343.5626 0.0000
343.5743 0.0000
343.5859 0.0000
343.5976 0.0000
343.6093 0.0000
343.6210 0.0000
343.6326 0.0000
343.6443 0.0000
343.6560 0.0000
343.6677 0.0000
343.6793 0.0000
343.6910 0.0000
343.7027 0.0000
343.7143 0.0000
343.7260 0.0000
343.7377 0.0000
343.7494 0.0000
343.7610 0.0000
343.7727 0.0000
343.7844 0.0000
343.7961 0.0000
343.8077 0.0000
343.8194 0.0000
343.8311 0.0000
343.8428 0.0000
343.8544 0.0000
343.8661 0.0000
343.8778 0.0000
343.8895 0.0000
343.9011 0.0000
343.9128 0.0000
343.9245 0.0000
343.9362 0.0000
343.9478 0.0000
343.9595 0.0000
343.9712 0.0000
343.9829 0.0000
343.9945 0.0000
344.0062 0.0000
344.0179 0.0000
344.0296 0.0000
344.0412 0.0000
344.0529 0.0000
344.0646 0.0000
344.0763 0.0000
344.0879 0.0000
344.0996 0.0000
344.1113 0.0000
344.1229 0.0000
344.1346 0.0000
344.1463 0.0000
344.1580 0.0000
344.1696 0.0000
344.1813 0.0000
344.1930 0.0000
344.2047 0.0000
344.2163 0.0000
344.2280 0.0000
344.2397 0.0000
344.2514 0.0000
344.2630 0.0000
344.2747 0.0000
344.2864 0.0000
344.2981 0.0000
344.3097 0.0000
344.3214 0.0000
344.3331 0.0000
344.3448 0.0000
344.3564 0.0000
344.3681 0.0000
344.3798 0.0000
344.3915 0.0000
344.4031 0.0000
344.4148 0.0000
344.4265 0.0000
344.4382 0.0000
344.4498 0.0000
344.4615 0.0000
344.4732 0.0000
344.4849 0.0000
344.4965 0.0000
344.5082 0.0000
344.5199 0.0000
344.5315 0.0000
344.5432 0.0000
344.5549 0.0000
344.5666 0.0000
344.5782 0.0000
344.5899 0.0000
344.6016 0.0000
344.6133 0.0000
344.6249 0.0000
344.6366 0.0000
344.6483 0.0000
344.6600 0.0000
344.6716 0.0000
344.6833 0.0000
344.6950 0.0000
344.7067 0.0000
344.7183 0.0000
344.7300 0.0000
344.7417 0.0000
344.7534 0.0000
344.7650 0.0000
344.7767 0.0000
344.7884 0.0000
344.8001 0.0000
344.8117 0.0000
344.8234 0.0000
344.8351 0.0000
344.8468 0.0000
344.8584 0.0000
344.8701 0.0000
344.8818 0.0000
344.8935 0.0000
344.9051 0.0000
344.9168 0.0000
344.9285 0.0000
344.9401 0.0000
344.9518 0.0000
344.9635 0.0000
344.9752 0.0000
344.9868 0.0000
344.9985 0.0000
345.0102 0.0000
345.0219 0.0000
345.0335 0.0000
345.0452 0.0000
345.0569 0.0000
345.0686 0.0000
345.0802 0.0000
345.0919 0.0000
345.1036 0.0000
345.1153 0.0000
345.1269 0.0000
345.1386 0.0000
345.1503 0.0000
345.1620 0.0000
345.1736 0.0000
345.1853 0.0000
345.1970 0.0000
345.2087 0.0000
345.2203 0.0000
345.2320 0.0000
345.2437 0.0000
345.2554 0.0000
345.2670 0.0000
345.2787 0.0000
345.2904 0.0000
345.3021 0.0000
345.3137 0.0000
345.3254 0.0000
345.3371 0.0000
345.3487 0.0000
345.3604 0.0000
345.3721 0.0000
345.3838 0.0000
345.3954 0.0000
345.4071 0.0000
345.4188 0.0000
345.4305 0.0000
345.4421 0.0000
345.4538 0.0000
345.4655 0.0000
345.4772 0.0000
345.4888 0.0000
345.5005 0.0000
345.5122 0.0000
345.5239 0.0000
345.5355 0.0000
345.5472 0.0000
345.5589 0.0000
345.5706 0.0000
345.5822 0.0000
345.5939 0.0000
345.6056 0.0000
345.6173 0.0000
345.6289 0.0000
345.6406 0.0000
345.6523 0.0000
345.6640 0.0000
345.6756 0.0000
345.6873 0.0000
345.6990 0.0000
345.7107 0.0000
345.7223 0.0000
345.7340 0.0000
345.7457 0.0000
345.7573 0.0000
345.7690 0.0000
345.7807 0.0000
345.7924 0.0000
345.8040 0.0000
345.8157 0.0000
345.8274 0.0000
345.8391 0.0000
345.8507 0.0000
345.8624 0.0000
345.8741 0.0000
345.8858 0.0000
345.8974 0.0000
345.9091 0.0000
345.9208 0.0000
345.9325 0.0000
345.9441 0.0000
345.9558 0.0000
345.9675 0.0000
345.9792 0.0000
345.9908 0.0000
346.0025 0.0000
346.0142 0.0000
346.0259 0.0000
346.0375 0.0000
346.0492 0.0000
346.0609 0.0000
346.0726 0.0000
346.0842 0.0000
346.0959 0.0000
346.1076 0.0000
346.1193 0.0000
346.1309 0.0000
346.1426 0.0000
346.1543 0.0000
346.1659 0.0000
346.1776 0.0000
346.1893 0.0000
346.2010 0.0000
346.2126 0.0000
346.2243 0.0000
346.2360 0.0000
346.2477 0.0000
346.2593 0.0000
346.2710 0.0000
346.2827 0.0000
346.2944 0.0000
346.3060 0.0000
346.3177 0.0000
346.3294 0.0000
346.3411 0.0000
346.3527 0.0000
346.3644 0.0000
346.3761 0.0000
346.3878 0.0000
346.3994 0.0000
346.4111 0.0000
346.4228 0.0000
346.4345 0.0000
346.4461 0.0000
346.4578 0.0000
346.4695 0.0000
346.4812 0.0000
346.4928 0.0000
346.5045 0.0000
346.5162 0.0000
346.5279 0.0000
346.5395 0.0000
346.5512 0.0000
346.5629 0.0000
346.5745 0.0000
346.5862 0.0000
346.5979 0.0000
346.6096 0.0000
346.6212 0.0000
346.6329 0.0000
346.6446 0.0000
346.6563 0.0000
346.6679 0.0000
346.6796 0.0000
346.6913 0.0000
346.7030 0.0000
346.7146 0.0000
346.7263 0.0000
346.7380 0.0000
346.7497 0.0000
346.7613 0.0000
346.7730 0.0000
346.7847 0.0000
346.7964 0.0000
346.8080 0.0000
346.8197 0.0000
346.8314 0.0000
346.8431 0.0000
346.8547 0.0000
346.8664 0.0000
346.8781 0.0000
346.8898 0.0000
346.9014 0.0000
346.9131 0.0000
346.9248 0.0000
346.9365 0.0000
346.9481 0.0000
346.9598 0.0000
346.9715 0.0000
346.9831 0.0000
346.9948 0.0000
347.0065 0.0000
347.0182 0.0000
347.0298 0.0000
347.0415 0.0000
347.0532 0.0000
347.0649 0.0000
347.0765 0.0000
347.0882 0.0000
347.0999 0.0000
347.1116 0.0000
347.1232 0.0000
347.1349 0.0000
347.1466 0.0000
347.1583 0.0000
347.1699 0.0000
347.1816 0.0000
347.1933 0.0000
347.2050 0.0000
347.2166 0.0000
347.2283 0.0000
347.2400 0.0000
347.2517 0.0000
347.2633 0.0000
347.2750 0.0000
347.2867 0.0000
347.2984 0.0000
347.3100 0.0000
347.3217 0.0000
347.3334 0.0000
347.3451 0.0000
347.3567 0.0000
347.3684 0.0000
347.3801 0.0000
347.3917 0.0000
347.4034 0.0000
347.4151 0.0000
347.4268 0.0000
347.4384 0.0000
347.4501 0.0000
347.4618 0.0000
347.4735 0.0000
347.4851 0.0000
347.4968 0.0000
347.5085 0.0000
347.5202 0.0000
347.5318 0.0000
347.5435 0.0000
347.5552 0.0000
347.5669 0.0000
347.5785 0.0000
347.5902 0.0000
347.6019 0.0000
347.6136 0.0000
347.6252 0.0000
347.6369 0.0000
347.6486 0.0000
347.6603 0.0000
347.6719 0.0000
347.6836 0.0000
347.6953 0.0000
347.7070 0.0000
347.7186 0.0000
347.7303 0.0000
347.7420 0.0000
347.7537 0.0000
347.7653 0.0000
347.7770 0.0000
347.7887 0.0000
347.8003 0.0000
347.8120 0.0000
347.8237 0.0000
347.8354 0.0000
347.8470 0.0000
347.8587 0.0000
347.8704 0.0000
347.8821 0.0000
347.8937 0.0000
347.9054 0.0000
347.9171 0.0000
347.9288 0.0000
347.9404 0.0000
347.9521 0.0000
347.9638 0.0000
347.9755 0.0000
347.9871 0.0000
347.9988 0.0000
348.0105 0.0000
348.0222 0.0000
348.0338 0.0000
348.0455 0.0000
348.0572 0.0000
348.0689 0.0000
348.0805 0.0000
348.0922 0.0000
348.1039 0.0000
348.1156 0.0000
348.1272 0.0000
348.1389 0.0000
348.1506 0.0000
348.1623 0.0000
348.1739 0.0000
348.1856 0.0000
348.1973 0.0000
348.2089 0.0000
348.2206 0.0000
348.2323 0.0000
348.2440 0.0000
348.2556 0.0000
348.2673 0.0000
348.2790 0.0000
348.2907 0.0000
348.3023 0.0000
348.3140 0.0000
348.3257 0.0000
348.3374 0.0000
348.3490 0.0000
348.3607 0.0000
348.3724 0.0000
348.3841 0.0000
348.3957 0.0000
348.4074 0.0000
348.4191 0.0000
348.4308 0.0000
348.4424 0.0000
348.4541 0.0000
348.4658 0.0000
348.4775 0.0000
348.4891 0.0000
348.5008 0.0000
348.5125 0.0000
348.5242 0.0000
348.5358 0.0000
348.5475 0.0000
348.5592 0.0000
348.5709 0.0000
348.5825 0.0000
348.5942 0.0000
348.6059 0.0000
348.6175 0.0000
348.6292 0.0000
348.6409 0.0000
348.6526 0.0000
348.6642 0.0000
348.6759 0.0000
348.6876 0.0000
348.6993 0.0000
348.7109 0.0000
348.7226 0.0000
348.7343 0.0000
348.7460 0.0000
348.7576 0.0000
348.7693 0.0000
348.7810 0.0000
348.7927 0.0000
348.8043 0.0000
348.8160 0.0000
348.8277 0.0000
348.8394 0.0000
348.8510 0.0000
348.8627 0.0000
348.8744 0.0000
348.8861 0.0000
348.8977 0.0000
348.9094 0.0000
348.9211 0.0000
348.9328 0.0000
348.9444 0.0000
348.9561 0.0000
348.9678 0.0000
348.9795 0.0000
348.9911 0.0000
349.0028 0.0000
349.0145 0.0000
349.0261 0.0000
349.0378 0.0000
349.0495 0.0000
349.0612 0.0000
349.0728 0.0000
349.0845 0.0000
349.0962 0.0000
349.1079 0.0000
349.1195 0.0000
349.1312 0.0000
349.1429 0.0000
349.1546 0.0000
349.1662 0.0000
349.1779 0.0000
349.1896 0.0000
349.2013 0.0000
349.2129 0.0000
349.2246 0.0000
349.2363 0.0000
349.2480 0.0000
349.2596 0.0000
349.2713 0.0000
349.2830 0.0000
349.2947 0.0000
349.3063 0.0000
349.3180 0.0000
349.3297 0.0000
349.3414 0.0000
349.3530 0.0000
349.3647 0.0000
349.3764 0.0000
349.3881 0.0000
349.3997 0.0000
349.4114 0.0000
349.4231 0.0000
349.4347 0.0000
349.4464 0.0000
349.4581 0.0000
349.4698 0.0000
349.4814 0.0000
349.4931 0.0000
349.5048 0.0000
349.5165 0.0000
349.5281 0.0000
349.5398 0.0000
349.5515 0.0000
349.5632 0.0000
349.5748 0.0000
349.5865 0.0000
349.5982 0.0000
349.6099 0.0000
349.6215 0.0000
349.6332 0.0000
349.6449 0.0000
349.6566 0.0000
349.6682 0.0000
349.6799 0.0000
349.6916 0.0000
349.7033 0.0000
349.7149 0.0000
349.7266 0.0000
349.7383 0.0000
349.7500 0.0000
349.7616 0.0000
349.7733 0.0000
349.7850 0.0000
349.7967 0.0000
349.8083 0.0000
349.8200 0.0000
349.8317 0.0000
349.8433 0.0000
349.8550 0.0000
349.8667 0.0000
349.8784 0.0000
349.8900 0.0000
349.9017 0.0000
349.9134 0.0000
349.9251 0.0000
349.9367 0.0000
349.9484 0.0000
349.9601 0.0000
349.9718 0.0000
349.9834 0.0000
349.9951 0.0000
350.0068 0.0000
350.0185 0.0000
350.0301 0.0000
350.0418 0.0000
350.0535 0.0000
350.0652 0.0000
350.0768 0.0000
350.0885 0.0000
350.1002 0.0000
350.1119 0.0000
350.1235 0.0000
350.1352 0.0000
350.1469 0.0000
350.1586 0.0000
350.1702 0.0000
350.1819 0.0000
350.1936 0.0000
350.2053 0.0000
350.2169 0.0000
350.2286 0.0000
350.2403 0.0000
350.2519 0.0000
350.2636 0.0000
350.2753 0.0000
350.2870 0.0000
350.2986 0.0000
350.3103 0.0000
350.3220 0.0000
350.3337 0.0000
350.3453 0.0000
350.3570 0.0000
350.3687 0.0000
350.3804 0.0000
350.3920 0.0000
350.4037 0.0000
350.4154 0.0000
350.4271 0.0000
350.4387 0.0000
350.4504 0.0000
350.4621 0.0000
350.4738 0.0000
350.4854 0.0000
350.4971 0.0000
350.5088 0.0000
350.5205 0.0000
350.5321 0.0000
350.5438 0.0000
350.5555 0.0000
350.5672 0.0000
350.5788 0.0000
350.5905 0.0000
350.6022 0.0000
350.6139 0.0000
350.6255 0.0000
350.6372 0.0000
350.6489 0.0000
350.6605 0.0000
350.6722 0.0000
350.6839 0.0000
350.6956 0.0000
350.7072 0.0000
350.7189 0.0000
350.7306 0.0000
350.7423 0.0000
350.7539 0.0000
350.7656 0.0000
350.7773 0.0000
350.7890 0.0000
350.8006 0.0000
350.8123 0.0000
350.8240 0.0000
350.8357 0.0000
350.8473 0.0000
350.8590 0.0000
350.8707 0.0000
350.8824 0.0000
350.8940 0.0000
350.9057 0.0000
350.9174 0.0000
350.9291 0.0000
350.9407 0.0000
350.9524 0.0000
350.9641 0.0000
350.9758 0.0000
350.9874 0.0000
350.9991 0.0000
351.0108 0.0000
351.0225 0.0000
351.0341 0.0000
351.0458 0.0000
351.0575 0.0000
351.0691 0.0000
351.0808 0.0000
351.0925 0.0000
351.1042 0.0000
351.1158 0.0000
351.1275 0.0000
351.1392 0.0000
351.1509 0.0000
351.1625 0.0000
351.1742 0.0000
351.1859 0.0000
351.1976 0.0000
351.2092 0.0000
351.2209 0.0000
351.2326 0.0000
351.2443 0.0000
351.2559 0.0000
351.2676 0.0000
351.2793 0.0000
351.2910 0.0000
351.3026 0.0000
351.3143 0.0000
351.3260 0.0000
351.3377 0.0000
351.3493 0.0000
351.3610 0.0000
351.3727 0.0000
351.3844 0.0000
351.3960 0.0000
351.4077 0.0000
351.4194 0.0000
351.4311 0.0000
351.4427 0.0000
351.4544 0.0000
351.4661 0.0000
351.4777 0.0000
351.4894 0.0000
351.5011 0.0000
351.5128 0.0000
351.5244 0.0000
351.5361 0.0000
351.5478 0.0000
351.5595 0.0000
351.5711 0.0000
351.5828 0.0000
351.5945 0.0000
351.6062 0.0000
351.6178 0.0000
351.6295 0.0000
351.6412 0.0000
351.6529 0.0000
351.6645 0.0000
351.6762 0.0000
351.6879 0.0000
351.6996 0.0000
351.7112 0.0000
351.7229 0.0000
351.7346 0.0000
351.7463 0.0000
351.7579 0.0000
351.7696 0.0000
351.7813 0.0000
351.7930 0.0000
351.8046 0.0000
351.8163 0.0000
351.8280 0.0000
351.8397 0.0000
351.8513 0.0000
351.8630 0.0000
351.8747 0.0000
351.8863 0.0000
351.8980 0.0000
351.9097 0.0000
351.9214 0.0000
351.9330 0.0000
351.9447 0.0000
351.9564 0.0000
351.9681 0.0000
351.9797 0.0000
351.9914 0.0000
352.0031 0.0000
352.0148 0.0000
352.0264 0.0000
352.0381 0.0000
352.0498 0.0000
352.0615 0.0000
352.0731 0.0000
352.0848 0.0000
352.0965 0.0000
352.1082 0.0000
352.1198 0.0000
352.1315 0.0000
352.1432 0.0000
352.1549 0.0000
352.1665 0.0000
352.1782 0.0000
352.1899 0.0000
352.2016 0.0000
352.2132 0.0000
352.2249 0.0000
352.2366 0.0000
352.2483 0.0000
352.2599 0.0000
352.2716 0.0000
352.2833 0.0000
352.2949 0.0000
352.3066 0.0000
352.3183 0.0000
352.3300 0.0000
352.3416 0.0000
352.3533 0.0000
352.3650 0.0000
352.3767 0.0000
352.3883 0.0000
352.4000 0.0000
352.4117 0.0000
352.4234 0.0000
352.4350 0.0000
352.4467 0.0000
352.4584 0.0000
352.4701 0.0000
352.4817 0.0000
352.4934 0.0000
352.5051 0.0000
352.5168 0.0000
352.5284 0.0000
352.5401 0.0000
352.5518 0.0000
352.5635 0.0000
352.5751 0.0000
352.5868 0.0000
352.5985 0.0000
352.6102 0.0000
352.6218 0.0000
352.6335 0.0000
352.6452 0.0000
352.6569 0.0000
352.6685 0.0000
352.6802 0.0000
352.6919 0.0000
352.7035 0.0000
352.7152 0.0000
352.7269 0.0000
352.7386 0.0000
352.7502 0.0000
352.7619 0.0000
352.7736 0.0000
352.7853 0.0000
352.7969 0.0000
352.8086 0.0000
352.8203 0.0000
352.8320 0.0000
352.8436 0.0000
352.8553 0.0000
352.8670 0.0000
352.8787 0.0000
352.8903 0.0000
352.9020 0.0000
352.9137 0.0000
352.9254 0.0000
352.9370 0.0000
352.9487 0.0000
352.9604 0.0000
352.9721 0.0000
352.9837 0.0000
352.9954 0.0000
353.0071 0.0000
353.0188 0.0000
353.0304 0.0000
353.0421 0.0000
353.0538 0.0000
353.0655 0.0000
353.0771 0.0000
353.0888 0.0000
353.1005 0.0000
353.1121 0.0000
353.1238 0.0000
353.1355 0.0000
353.1472 0.0000
353.1588 0.0000
353.1705 0.0000
353.1822 0.0000
353.1939 0.0000
353.2055 0.0000
353.2172 0.0000
353.2289 0.0000
353.2406 0.0000
353.2522 0.0000
353.2639 0.0000
353.2756 0.0000
353.2873 0.0000
353.2989 0.0000
353.3106 0.0000
353.3223 0.0000
353.3340 0.0000
353.3456 0.0000
353.3573 0.0000
353.3690 0.0000
353.3807 0.0000
353.3923 0.0000
353.4040 0.0000
353.4157 0.0000
353.4274 0.0000
353.4390 0.0000
353.4507 0.0000
353.4624 0.0000
353.4741 0.0000
353.4857 0.0000
353.4974 0.0000
353.5091 0.0000
353.5207 0.0000
353.5324 0.0000
353.5441 0.0000
353.5558 0.0000
353.5674 0.0000
353.5791 0.0000
353.5908 0.0000
353.6025 0.0000
353.6141 0.0000
353.6258 0.0000
353.6375 0.0000
353.6492 0.0000
353.6608 0.0000
353.6725 0.0000
353.6842 0.0000
353.6959 0.0000
353.7075 0.0000
353.7192 0.0000
353.7309 0.0000
353.7426 0.0000
353.7542 0.0000
353.7659 0.0000
353.7776 0.0000
353.7893 0.0000
353.8009 0.0000
353.8126 0.0000
353.8243 0.0000
353.8360 0.0000
353.8476 0.0000
353.8593 0.0000
353.8710 0.0000
353.8827 0.0000
353.8943 0.0000
353.9060 0.0000
353.9177 0.0000
353.9293 0.0000
353.9410 0.0000
353.9527 0.0000
353.9644 0.0000
353.9760 0.0000
353.9877 0.0000
353.9994 0.0000
354.0111 0.0000
354.0227 0.0000
354.0344 0.0000
354.0461 0.0000
354.0578 0.0000
354.0694 0.0000
354.0811 0.0000
354.0928 0.0000
354.1045 0.0000
354.1161 0.0000
354.1278 0.0000
354.1395 0.0000
354.1512 0.0000
354.1628 0.0000
354.1745 0.0000
354.1862 0.0000
354.1979 0.0000
354.2095 0.0000
354.2212 0.0000
354.2329 0.0000
354.2446 0.0000
354.2562 0.0000
354.2679 0.0000
354.2796 0.0000
354.2913 0.0000
354.3029 0.0000
354.3146 0.0000
354.3263 0.0000
354.3379 0.0000
354.3496 0.0000
354.3613 0.0000
354.3730 0.0000
354.3846 0.0000
354.3963 0.0000
354.4080 0.0000
354.4197 0.0000
354.4313 0.0000
354.4430 0.0000
354.4547 0.0000
354.4664 0.0000
354.4780 0.0000
354.4897 0.0000
354.5014 0.0000
354.5131 0.0000
354.5247 0.0000
354.5364 0.0000
354.5481 0.0000
354.5598 0.0000
354.5714 0.0000
354.5831 0.0000
354.5948 0.0000
354.6065 0.0000
354.6181 0.0000
354.6298 0.0000
354.6415 0.0000
354.6532 0.0000
354.6648 0.0000
354.6765 0.0000
354.6882 0.0000
354.6999 0.0000
354.7115 0.0000
354.7232 0.0000
354.7349 0.0000
354.7465 0.0000
354.7582 0.0000
354.7699 0.0000
354.7816 0.0000
354.7932 0.0000
354.8049 0.0000
354.8166 0.0000
354.8283 0.0000
354.8399 0.0000
354.8516 0.0000
354.8633 0.0000
354.8750 0.0000
354.8866 0.0000
354.8983 0.0000
354.9100 0.0000
354.9217 0.0000
354.9333 0.0000
354.9450 0.0000
354.9567 0.0000
354.9684 0.0000
354.9800 0.0000
354.9917 0.0000
355.0034 0.0000
355.0151 0.0000
355.0267 0.0000
355.0384 0.0000
355.0501 0.0000
355.0618 0.0000
355.0734 0.0000
355.0851 0.0000
355.0968 0.0000
355.1085 0.0000
355.1201 0.0000
355.1318 0.0000
355.1435 0.0000
355.1551 0.0000
355.1668 0.0000
355.1785 0.0000
355.1902 0.0000
355.2018 0.0000
355.2135 0.0000
355.2252 0.0000
355.2369 0.0000
355.2485 0.0000
355.2602 0.0000
355.2719 0.0000
355.2836 0.0000
355.2952 0.0000
355.3069 0.0000
355.3186 0.0000
355.3303 0.0000
355.3419 0.0000
355.3536 0.0000
355.3653 0.0000
355.3770 0.0000
355.3886 0.0000
355.4003 0.0000
355.4120 0.0000
355.4237 0.0000
355.4353 0.0000
355.4470 0.0000
355.4587 0.0000
355.4704 0.0000
355.4820 0.0000
355.4937 0.0000
355.5054 0.0000
355.5171 0.0000
355.5287 0.0000
355.5404 0.0000
355.5521 0.0000
355.5637 0.0000
355.5754 0.0000
355.5871 0.0000
355.5988 0.0000
355.6104 0.0000
355.6221 0.0000
355.6338 0.0000
355.6455 0.0000
355.6571 0.0000
355.6688 0.0000
355.6805 0.0000
355.6922 0.0000
355.7038 0.0000
355.7155 0.0000
355.7272 0.0000
355.7389 0.0000
355.7505 0.0000
355.7622 0.0000
355.7739 0.0000
355.7856 0.0000
355.7972 0.0000
355.8089 0.0000
355.8206 0.0000
355.8323 0.0000
355.8439 0.0000
355.8556 0.0000
355.8673 0.0000
355.8790 0.0000
355.8906 0.0000
355.9023 0.0000
355.9140 0.0000
355.9257 0.0000
355.9373 0.0000
355.9490 0.0000
355.9607 0.0000
355.9723 0.0000
355.9840 0.0000
355.9957 0.0000
356.0074 0.0000
356.0190 0.0000
356.0307 0.0000
356.0424 0.0000
356.0541 0.0000
356.0657 0.0000
356.0774 0.0000
356.0891 0.0000
356.1008 0.0000
356.1124 0.0000
356.1241 0.0000
356.1358 0.0000
356.1475 0.0000
356.1591 0.0000
356.1708 0.0000
356.1825 0.0000
356.1942 0.0000
356.2058 0.0000
356.2175 0.0000
356.2292 0.0000
356.2409 0.0000
356.2525 0.0000
356.2642 0.0000
356.2759 0.0000
356.2876 0.0000
356.2992 0.0000
356.3109 0.0000
356.3226 0.0000
356.3343 0.0000
356.3459 0.0000
356.3576 0.0000
356.3693 0.0000
356.3809 0.0000
356.3926 0.0000
356.4043 0.0000
356.4160 0.0000
356.4276 0.0000
356.4393 0.0000
356.4510 0.0000
356.4627 0.0000
356.4743 0.0000
356.4860 0.0000
356.4977 0.0000
356.5094 0.0000
356.5210 0.0000
356.5327 0.0000
356.5444 0.0000
356.5561 0.0000
356.5677 0.0000
356.5794 0.0000
356.5911 0.0000
356.6028 0.0000
356.6144 0.0000
356.6261 0.0000
356.6378 0.0000
356.6495 0.0000
356.6611 0.0000
356.6728 0.0000
356.6845 0.0000
356.6962 0.0000
356.7078 0.0000
356.7195 0.0000
356.7312 0.0000
356.7429 0.0000
356.7545 0.0000
356.7662 0.0000
356.7779 0.0000
356.7895 0.0000
356.8012 0.0000
356.8129 0.0000
356.8246 0.0000
356.8362 0.0000
356.8479 0.0000
356.8596 0.0000
356.8713 0.0000
356.8829 0.0000
356.8946 0.0000
356.9063 0.0000
356.9180 0.0000
356.9296 0.0000
356.9413 0.0000
356.9530 0.0000
356.9647 0.0000
356.9763 0.0000
356.9880 0.0000
356.9997 0.0000
357.0114 0.0000
357.0230 0.0000
357.0347 0.0000
357.0464 0.0000
357.0581 0.0000
357.0697 0.0000
357.0814 0.0000
357.0931 0.0000
357.1048 0.0000
357.1164 0.0000
357.1281 0.0000
357.1398 0.0000
357.1515 0.0000
357.1631 0.0000
357.1748 0.0000
357.1865 0.0000
357.1981 0.0000
357.2098 0.0000
357.2215 0.0000
357.2332 0.0000
357.2448 0.0000
357.2565 0.0000
357.2682 0.0000
357.2799 0.0000
357.2915 0.0000
357.3032 0.0000
357.3149 0.0000
357.3266 0.0000
357.3382 0.0000
357.3499 0.0000
357.3616 0.0000
357.3733 0.0000
357.3849 0.0000
357.3966 0.0000
357.4083 0.0000
357.4200 0.0000
357.4316 0.0000
357.4433 0.0000
357.4550 0.0000
357.4667 0.0000
357.4783 0.0000
357.4900 0.0000
357.5017 0.0000
357.5134 0.0000
357.5250 0.0000
357.5367 0.0000
357.5484 0.0000
357.5601 0.0000
357.5717 0.0000
357.5834 0.0000
357.5951 0.0000
357.6067 0.0000
357.6184 0.0000
357.6301 0.0000
357.6418 0.0000
357.6534 0.0000
357.6651 0.0000
357.6768 0.0000
357.6885 0.0000
357.7001 0.0000
357.7118 0.0000
357.7235 0.0000
357.7352 0.0000
357.7468 0.0000
357.7585 0.0000
357.7702 0.0000
357.7819 0.0000
357.7935 0.0000
357.8052 0.0000
357.8169 0.0000
357.8286 0.0000
357.8402 0.0000
357.8519 0.0000
357.8636 0.0000
357.8753 0.0000
357.8869 0.0000
357.8986 0.0000
357.9103 0.0000
357.9220 0.0000
357.9336 0.0000
357.9453 0.0000
357.9570 0.0000
357.9687 0.0000
357.9803 0.0000
357.9920 0.0000
358.0037 0.0000
358.0153 0.0000
358.0270 0.0000
358.0387 0.0000
358.0504 0.0000
358.0620 0.0000
358.0737 0.0000
358.0854 0.0000
358.0971 0.0000
358.1087 0.0000
358.1204 0.0000
358.1321 0.0000
358.1438 0.0000
358.1554 0.0000
358.1671 0.0000
358.1788 0.0000
358.1905 0.0000
358.2021 0.0000
358.2138 0.0000
358.2255 0.0000
358.2372 0.0000
358.2488 0.0000
358.2605 0.0000
358.2722 0.0000
358.2839 0.0000
358.2955 0.0000
358.3072 0.0000
358.3189 0.0000
358.3306 0.0000
358.3422 0.0000
358.3539 0.0000
358.3656 0.0000
358.3773 0.0000
358.3889 0.0000
358.4006 0.0000
358.4123 0.0000
358.4239 0.0000
358.4356 0.0000
358.4473 0.0000
358.4590 0.0000
358.4706 0.0000
358.4823 0.0000
358.4940 0.0000
358.5057 0.0000
358.5173 0.0000
358.5290 0.0000
358.5407 0.0000
358.5524 0.0000
358.5640 0.0000
358.5757 0.0000
358.5874 0.0000
358.5991 0.0000
358.6107 0.0000
358.6224 0.0000
358.6341 0.0000
358.6458 0.0000
358.6574 0.0000
358.6691 0.0000
358.6808 0.0000
358.6925 0.0000
358.7041 0.0000
358.7158 0.0000
358.7275 0.0000
358.7392 0.0000
358.7508 0.0000
358.7625 0.0000
358.7742 0.0000
358.7859 0.0000
358.7975 0.0000
358.8092 0.0000
358.8209 0.0000
358.8325 0.0000
358.8442 0.0000
358.8559 0.0000
358.8676 0.0000
358.8792 0.0000
358.8909 0.0000
358.9026 0.0000
358.9143 0.0000
358.9259 0.0000
358.9376 0.0000
358.9493 0.0000
358.9610 0.0000
358.9726 0.0000
358.9843 0.0000
358.9960 0.0000
359.0077 0.0000
359.0193 0.0000
359.0310 0.0000
359.0427 0.0000
359.0544 0.0000
359.0660 0.0000
359.0777 0.0000
359.0894 0.0000
359.1011 0.0000
359.1127 0.0000
359.1244 0.0000
359.1361 0.0000
359.1478 0.0000
359.1594 0.0000
359.1711 0.0000
359.1828 0.0000
359.1945 0.0000
359.2061 0.0000
359.2178 0.0000
359.2295 0.0000
359.2411 0.0000
359.2528 0.0000
359.2645 0.0000
359.2762 0.0000
359.2878 0.0000
359.2995 0.0000
359.3112 0.0000
359.3229 0.0000
359.3345 0.0000
359.3462 0.0000
359.3579 0.0000
359.3696 0.0000
359.3812 0.0000
359.3929 0.0000
359.4046 0.0000
359.4163 0.0000
359.4279 0.0000
359.4396 0.0000
359.4513 0.0000
359.4630 0.0000
359.4746 0.0000
359.4863 0.0000
359.4980 0.0000
359.5097 0.0000
359.5213 0.0000
359.5330 0.0000
359.5447 0.0000
359.5564 0.0000
359.5680 0.0000
359.5797 0.0000
359.5914 0.0000
359.6031 0.0000
359.6147 0.0000
359.6264 0.0000
359.6381 0.0000
359.6497 0.0000
359.6614 0.0000
359.6731 0.0000
359.6848 0.0000
359.6964 0.0000
359.7081 0.0000
359.7198 0.0000
359.7315 0.0000
359.7431 0.0000
359.7548 0.0000
359.7665 0.0000
359.7782 0.0000
359.7898 0.0000
359.8015 0.0000
359.8132 0.0000
359.8249 0.0000
359.8365 0.0000
359.8482 0.0000
359.8599 0.0000
359.8716 0.0000
359.8832 0.0000
359.8949 0.0000
359.9066 0.0000
359.9183 0.0000
359.9299 0.0000
359.9416 0.0000
359.9533 0.0000
359.9650 0.0000
359.9766 0.0000
359.9883 0.0000
360.0000 0.0000
360.0000 0.0000
