  0
SECTION
  2
HEADER
  9
$ACADVER
  1
AC1015
  9
$ACADMAINTVER
 70
     6
  9
$DWGCODEPAGE
  3
ANSI_936
  9
$INSBASE
 10
0.0
 20
0.0
 30
0.0
  9
$EXTMIN
 10
-1301.787231400353
 20
-748.7910623354373
 30
0.0
  9
$EXTMAX
 10
949.257398723621
 20
388.5006110018262
 30
0.0
  9
$LIMMIN
 10
0.0
 20
0.0
  9
$LIMMAX
 10
420.0
 20
297.0
  9
$ORTHOMODE
 70
     0
  9
$REGENMODE
 70
     1
  9
$FILLMODE
 70
     1
  9
$QTEXTMODE
 70
     0
  9
$MIRRTEXT
 70
     1
  9
$LTSCALE
 40
1.0
  9
$ATTMODE
 70
     1
  9
$TEXTSIZE
 40
2.5
  9
$TRACEWID
 40
1.0
  9
$TEXTSTYLE
  7
标准
  9
$CLAYER
  8
0
  9
$CELTYPE
  6
ByLayer
  9
$CECOLOR
 62
   256
  9
$CELTSCALE
 40
1.0
  9
$DISPSILH
 70
     0
  9
$DIMSCALE
 40
1.0
  9
$DIMASZ
 40
4.0
  9
$DIMEXO
 40
0.0
  9
$DIMDLI
 40
10.0
  9
$DIMRND
 40
0.0
  9
$DIMDLE
 40
6.0
  9
$DIMEXE
 40
2.0
  9
$DIMTP
 40
0.0
  9
$DIMTM
 40
0.0
  9
$DIMTXT
 40
3.5
  9
$DIMCEN
 40
0.0
  9
$DIMTSZ
 40
0.0
  9
$DIMTOL
 70
     0
  9
$DIMLIM
 70
     0
  9
$DIMTIH
 70
     0
  9
$DIMTOH
 70
     0
  9
$DIMSE1
 70
     0
  9
$DIMSE2
 70
     0
  9
$DIMTAD
 70
     1
  9
$DIMZIN
 70
     8
  9
$DIMBLK
  1
CAXARROW
  9
$DIMASO
 70
     1
  9
$DIMSHO
 70
     1
  9
$DIMPOST
  1

  9
$DIMAPOST
  1

  9
$DIMALT
 70
     0
  9
$DIMALTD
 70
     2
  9
$DIMALTF
 40
1.0
  9
$DIMLFAC
 40
1.0
  9
$DIMTOFL
 70
     1
  9
$DIMTVP
 40
0.0
  9
$DIMTIX
 70
     0
  9
$DIMSOXD
 70
     0
  9
$DIMSAH
 70
     0
  9
$DIMBLK1
  1

  9
$DIMBLK2
  1

  9
$DIMSTYLE
  2
标准
  9
$DIMCLRD
 70
     0
  9
$DIMCLRE
 70
     0
  9
$DIMCLRT
 70
     0
  9
$DIMTFAC
 40
0.7071067811865475
  9
$DIMGAP
 40
0.625
  9
$DIMJUST
 70
     0
  9
$DIMSD1
 70
     0
  9
$DIMSD2
 70
     0
  9
$DIMTOLJ
 70
     0
  9
$DIMTZIN
 70
     8
  9
$DIMALTZ
 70
     0
  9
$DIMALTTZ
 70
     0
  9
$DIMUPT
 70
     0
  9
$DIMDEC
 70
     2
  9
$DIMTDEC
 70
     3
  9
$DIMALTU
 70
     2
  9
$DIMALTTD
 70
     3
  9
$DIMTXSTY
  7
标准
  9
$DIMAUNIT
 70
     0
  9
$DIMADEC
 70
     2
  9
$DIMALTRND
 40
0.0
  9
$DIMAZIN
 70
     2
  9
$DIMDSEP
 70
    46
  9
$DIMATFIT
 70
     3
  9
$DIMFRAC
 70
     2
  9
$DIMLDRBLK
  1

  9
$DIMLUNIT
 70
     2
  9
$DIMLWD
 70
    -2
  9
$DIMLWE
 70
    -2
  9
$DIMTMOVE
 70
     2
  9
$LUNITS
 70
     2
  9
$LUPREC
 70
     3
  9
$SKETCHINC
 40
1.0
  9
$FILLETRAD
 40
0.0
  9
$AUNITS
 70
     0
  9
$AUPREC
 70
     3
  9
$MENU
  1
.
  9
$ELEVATION
 40
0.0
  9
$PELEVATION
 40
0.0
  9
$THICKNESS
 40
0.0
  9
$LIMCHECK
 70
     0
  9
$CHAMFERA
 40
0.0
  9
$CHAMFERB
 40
0.0
  9
$CHAMFERC
 40
0.0
  9
$CHAMFERD
 40
0.0
  9
$SKPOLY
 70
     0
  9
$TDCREATE
 40
2461278.645018079
  9
$TDUCREATE
 40
2461278.311684746
  9
$TDUPDATE
 40
2461278.645018102
  9
$TDUUPDATE
 40
2461278.311684769
  9
$TDINDWG
 40
0.0000000116
  9
$TDUSRTIMER
 40
0.0000000116
  9
$USRTIMER
 70
     1
  9
$ANGBASE
 50
0.0
  9
$ANGDIR
 70
     0
  9
$PDMODE
 70
     0
  9
$PDSIZE
 40
-5.0
  9
$PLINEWID
 40
0.0
  9
$SPLFRAME
 70
     0
  9
$SPLINETYPE
 70
     6
  9
$SPLINESEGS
 70
     8
  9
$HANDSEED
  5
180
  9
$SURFTAB1
 70
     6
  9
$SURFTAB2
 70
     6
  9
$SURFTYPE
 70
     6
  9
$SURFU
 70
     6
  9
$SURFV
 70
     6
  9
$UCSBASE
  2

  9
$UCSNAME
  2

  9
$UCSORG
 10
0.0
 20
0.0
 30
0.0
  9
$UCSXDIR
 10
1.0
 20
0.0
 30
0.0
  9
$UCSYDIR
 10
0.0
 20
1.0
 30
0.0
  9
$UCSORTHOREF
  2

  9
$UCSORTHOVIEW
 70
     0
  9
$UCSORGTOP
 10
0.0
 20
0.0
 30
0.0
  9
$UCSORGBOTTOM
 10
0.0
 20
0.0
 30
0.0
  9
$UCSORGLEFT
 10
0.0
 20
0.0
 30
0.0
  9
$UCSORGRIGHT
 10
0.0
 20
0.0
 30
0.0
  9
$UCSORGFRONT
 10
0.0
 20
0.0
 30
0.0
  9
$UCSORGBACK
 10
0.0
 20
0.0
 30
0.0
  9
$PUCSBASE
  2

  9
$PUCSNAME
  2

  9
$PUCSORG
 10
0.0
 20
0.0
 30
0.0
  9
$PUCSXDIR
 10
1.0
 20
0.0
 30
0.0
  9
$PUCSYDIR
 10
0.0
 20
1.0
 30
0.0
  9
$PUCSORTHOREF
  2

  9
$PUCSORTHOVIEW
 70
     0
  9
$PUCSORGTOP
 10
0.0
 20
0.0
 30
0.0
  9
$PUCSORGBOTTOM
 10
0.0
 20
0.0
 30
0.0
  9
$PUCSORGLEFT
 10
0.0
 20
0.0
 30
0.0
  9
$PUCSORGRIGHT
 10
0.0
 20
0.0
 30
0.0
  9
$PUCSORGFRONT
 10
0.0
 20
0.0
 30
0.0
  9
$PUCSORGBACK
 10
0.0
 20
0.0
 30
0.0
  9
$USERI1
 70
     0
  9
$USERI2
 70
     0
  9
$USERI3
 70
     0
  9
$USERI4
 70
     0
  9
$USERI5
 70
     0
  9
$USERR1
 40
0.0
  9
$USERR2
 40
0.0
  9
$USERR3
 40
0.0
  9
$USERR4
 40
0.0
  9
$USERR5
 40
0.0
  9
$WORLDVIEW
 70
     1
  9
$SHADEDGE
 70
     3
  9
$SHADEDIF
 70
    70
  9
$TILEMODE
 70
     1
  9
$MAXACTVP
 70
    64
  9
$PINSBASE
 10
0.0
 20
0.0
 30
0.0
  9
$PLIMCHECK
 70
     0
  9
$PEXTMIN
 10
1.000000000000000E+20
 20
1.000000000000000E+20
 30
1.000000000000000E+20
  9
$PEXTMAX
 10
-1.000000000000000E+20
 20
-1.000000000000000E+20
 30
-1.000000000000000E+20
  9
$PLIMMIN
 10
0.0
 20
0.0
  9
$PLIMMAX
 10
420.0
 20
297.0
  9
$UNITMODE
 70
     0
  9
$VISRETAIN
 70
     1
  9
$PLINEGEN
 70
     0
  9
$PSLTSCALE
 70
     1
  9
$TREEDEPTH
 70
  3020
  9
$CMLSTYLE
  2
Standard
  9
$CMLJUST
 70
     0
  9
$CMLSCALE
 40
20.0
  9
$PROXYGRAPHICS
 70
     1
  9
$MEASUREMENT
 70
     1
  9
$CELWEIGHT
370
    -1
  9
$ENDCAPS
280
     0
  9
$JOINSTYLE
280
     0
  9
$LWDISPLAY
290
     1
  9
$INSUNITS
 70
     4
  9
$HYPERLINKBASE
  1

  9
$STYLESHEET
  1

  9
$XEDIT
290
     1
  9
$CEPSNTYPE
380
     0
  9
$PSTYLEMODE
290
     1
  9
$FINGERPRINTGUID
  2
{b7b26cfa-fb12-4bdb-b260-c6231eb67097}
  9
$VERSIONGUID
  2
{FAEB1C32-E019-11D5-929B-00C0DF256EC4}
  9
$EXTNAMES
290
     1
  9
$PSVPSCALE
 40
0.0
  9
$OLESTARTUP
290
     0
  0
ENDSEC
  0
SECTION
  2
CLASSES
  0
CLASS
  1
ACDBDICTIONARYWDFLT
  2
AcDbDictionaryWithDefault
  3
ObjectDBX Classes
 90
        0
280
     0
281
     0
  0
CLASS
  1
VISUALSTYLE
  2
AcDbVisualStyle
  3
ObjectDBX Classes
 90
     4095
280
     0
281
     0
  0
CLASS
  1
MATERIAL
  2
AcDbMaterial
  3
ObjectDBX Classes
 90
     1153
280
     0
281
     0
  0
CLASS
  1
SCALE
  2
AcDbScale
  3
ObjectDBX Classes
 90
     1153
280
     0
281
     0
  0
CLASS
  1
TABLESTYLE
  2
AcDbTableStyle
  3
ObjectDBX Classes
 90
     4095
280
     0
281
     0
  0
CLASS
  1
MLEADERSTYLE
  2
AcDbMLeaderStyle
  3
ACDB_MLEADERSTYLE_CLASS
 90
     4095
280
     0
281
     0
  0
CLASS
  1
SUN
  2
AcDbSun
  3
SCENEOE
 90
     1153
280
     0
281
     0
  0
CLASS
  1
WIPEOUTVARIABLES
  2
AcDbWipeoutVariables
  3
WipeOut|AutoCAD Express Tool|expresstools@autodesk.com
 90
        0
280
     0
281
     0
  0
CLASS
  1
DICTIONARYVAR
  2
AcDbDictionaryVar
  3
ObjectDBX Classes
 90
        0
280
     0
281
     0
  0
CLASS
  1
ACDBPLACEHOLDER
  2
AcDbPlaceHolder
  3
ObjectDBX Classes
 90
        0
280
     0
281
     0
  0
CLASS
  1
LAYOUT
  2
AcDbLayout
  3
ObjectDBX Classes
 90
        0
280
     0
281
     0
  0
ENDSEC
  0
SECTION
  2
TABLES
  0
TABLE
  2
VPORT
  5
8
102
{ACAD_XDICTIONARY
360
13F
102
}
330
0
100
AcDbSymbolTable
 70
     1
  0
VPORT
  5
29
330
8
100
AcDbSymbolTableRecord
100
AcDbViewportTableRecord
  2
*Active
 70
     0
 10
0.0
 20
0.0
 11
1.0
 21
1.0
 12
-176.2649163383658
 22
-180.1452256668056
 13
0.0
 23
0.0
 14
10.0
 24
10.0
 15
10.0
 25
10.0
 16
0.0
 26
0.0
 36
1.0
 17
0.0
 27
0.0
 37
0.0
 40
1137.291673337264
 41
1.979302832244009
 42
50.0
 43
0.0
 44
0.0
 50
0.0
 51
0.0
 71
     0
 72
   100
 73
     1
 74
     3
 75
     0
 76
     0
 77
     0
 78
     0
281
     0
 65
     1
110
0.0
120
0.0
130
0.0
111
1.0
121
0.0
131
0.0
112
0.0
122
1.0
132
0.0
 79
     0
146
0.0
  0
ENDTAB
  0
TABLE
  2
LTYPE
  5
5
330
0
100
AcDbSymbolTable
 70
     5
  0
LTYPE
  5
14
330
5
100
AcDbSymbolTableRecord
100
AcDbLinetypeTableRecord
  2
ByBlock
 70
     0
  3

 72
    65
 73
     0
 40
0.0
  0
LTYPE
  5
15
330
5
100
AcDbSymbolTableRecord
100
AcDbLinetypeTableRecord
  2
ByLayer
 70
     0
  3

 72
    65
 73
     0
 40
0.0
  0
LTYPE
  5
16
330
5
100
AcDbSymbolTableRecord
100
AcDbLinetypeTableRecord
  2
Continuous
 70
     0
  3
Solid line
 72
    65
 73
     0
 40
0.0
  0
LTYPE
  5
D9
330
5
100
AcDbSymbolTableRecord
100
AcDbLinetypeTableRecord
  2
虚线
 70
     0
  3
虚线: __ __ __ __ __ __ __ __ __ __ __ __ __
 72
    65
 73
     2
 40
2.0
 49
1.0
 74
     0
 49
-1.0
 74
     0
  0
LTYPE
  5
DA
330
5
100
AcDbSymbolTableRecord
100
AcDbLinetypeTableRecord
  2
点画线
 70
     0
  3
点画线: ____ . ____ . ____ . ____ . ____ . ____
 72
    65
 73
     4
 40
18.0
 49
12.0
 74
     0
 49
-2.0
 74
     0
 49
2.0
 74
     0
 49
-2.0
 74
     0
  0
LTYPE
  5
DB
330
5
100
AcDbSymbolTableRecord
100
AcDbLinetypeTableRecord
  2
双点画线
 70
     0
  3
双点画线: ____ . . ____ . . ____ . . ____ . . ____ 
 72
    65
 73
     6
 40
22.0
 49
12.0
 74
     0
 49
-2.0
 74
     0
 49
2.0
 74
     0
 49
-2.0
 74
     0
 49
2.0
 74
     0
 49
-2.0
 74
     0
  0
LTYPE
  5
DC
330
5
100
AcDbSymbolTableRecord
100
AcDbLinetypeTableRecord
  2
DASHED2
 70
     0
  3
Dashed (.5x) _ _ _ _ _ _ _ _ _ _ _ _ _ _ _ _ _ 
 72
    65
 73
     2
 40
9.524999856948853
 49
6.349999904632568
 74
     0
 49
-3.174999952316284
 74
     0
  0
ENDTAB
  0
TABLE
  2
LAYER
  5
2
330
0
100
AcDbSymbolTable
 70
     9
  0
LAYER
  5
10
330
2
100
AcDbSymbolTableRecord
100
AcDbLayerTableRecord
  2
0
 70
     0
 62
     7
  6
Continuous
370
    18
390
F
1001
AcAecLayerStandard
1000

1000

  0
LAYER
  5
DE
330
2
100
AcDbSymbolTableRecord
100
AcDbLayerTableRecord
  2
中心线层
 70
     0
 62
     1
  6
点画线
370
    18
390
F
1001
AcAecLayerStandard
1000

1000
中心线层
  0
LAYER
  5
DF
330
2
100
AcDbSymbolTableRecord
100
AcDbLayerTableRecord
  2
虚线层
 70
     0
 62
     6
  6
虚线
370
    18
390
F
1001
AcAecLayerStandard
1000

1000
虚线层
  0
LAYER
  5
E0
330
2
100
AcDbSymbolTableRecord
100
AcDbLayerTableRecord
  2
细实线层
 70
     0
 62
     7
  6
Continuous
370
    18
390
F
1001
AcAecLayerStandard
1000

1000
细实线层
  0
LAYER
  5
E1
330
2
100
AcDbSymbolTableRecord
100
AcDbLayerTableRecord
  2
粗实线层
 70
     0
 62
     7
  6
Continuous
370
    35
390
F
1001
AcAecLayerStandard
1000

1000
粗实线层
  0
LAYER
  5
E2
330
2
100
AcDbSymbolTableRecord
100
AcDbLayerTableRecord
  2
尺寸线层
 70
     0
 62
     3
  6
Continuous
370
    18
390
F
1001
AcAecLayerStandard
1000

1000
尺寸线层
  0
LAYER
  5
E3
330
2
100
AcDbSymbolTableRecord
100
AcDbLayerTableRecord
  2
剖面线层
 70
     0
 62
     4
  6
Continuous
370
    18
390
F
1001
AcAecLayerStandard
1000

1000
剖面线层
  0
LAYER
  5
E4
330
2
100
AcDbSymbolTableRecord
100
AcDbLayerTableRecord
  2
隐藏层
 70
     0
 62
    -7
  6
Continuous
370
    18
390
F
1001
AcAecLayerStandard
1000

1000
隐藏层
  0
LAYER
  5
E5
330
2
100
AcDbSymbolTableRecord
100
AcDbLayerTableRecord
  2
4虚线层
 70
     0
 62
     6
  6
DASHED2
370
    18
390
F
1001
AcAecLayerStandard
1000

1000

  0
ENDTAB
  0
TABLE
  2
STYLE
  5
3
330
0
100
AcDbSymbolTable
 70
     2
  0
STYLE
  5
11
330
3
100
AcDbSymbolTableRecord
100
AcDbTextStyleTableRecord
  2
Standard
 70
     0
 40
0.0
 41
1.0
 50
0.0
 71
     0
 42
2.5
  3
txt
  4

  0
STYLE
  5
E6
330
3
100
AcDbSymbolTableRecord
100
AcDbTextStyleTableRecord
  2
标准
 70
     0
 40
0.0
 41
0.667
 50
0.0
 71
     0
 42
2.5
  3

  4

1001
CAXA_DRAFT_TXTSTYLE
1041
0.1
1041
1.918
1001
ACAD
1000
宋体
1071
    34306
  0
ENDTAB
  0
TABLE
  2
VIEW
  5
6
330
0
100
AcDbSymbolTable
 70
     0
  0
ENDTAB
  0
TABLE
  2
UCS
  5
7
330
0
100
AcDbSymbolTable
 70
     0
  0
ENDTAB
  0
TABLE
  2
APPID
  5
9
330
0
100
AcDbSymbolTable
 70
   128
  0
APPID
  5
12
330
9
100
AcDbSymbolTableRecord
100
AcDbRegAppTableRecord
  2
ACAD
 70
     0
  0
APPID
  5
5E
330
9
100
AcDbSymbolTableRecord
100
AcDbRegAppTableRecord
  2
CAXA_DRAFT_PAPERORDER
 70
     0
  0
APPID
  5
5F
330
9
100
AcDbSymbolTableRecord
100
AcDbRegAppTableRecord
  2
CAXA_DRAFT_ROUGH
 70
     0
  0
APPID
  5
60
330
9
100
AcDbSymbolTableRecord
100
AcDbRegAppTableRecord
  2
CAXA_DRAFT_ROUGH_STD
 70
     0
  0
APPID
  5
61
330
9
100
AcDbSymbolTableRecord
100
AcDbRegAppTableRecord
  2
CAXA_DRAFT_FORMATED_TXT
 70
     0
  0
APPID
  5
62
330
9
100
AcDbSymbolTableRecord
100
AcDbRegAppTableRecord
  2
CAXA_DRAFT_DATUM
 70
     0
  0
APPID
  5
63
330
9
100
AcDbSymbolTableRecord
100
AcDbRegAppTableRecord
  2
CAXA_DRAFT_WELD
 70
     0
  0
APPID
  5
64
330
9
100
AcDbSymbolTableRecord
100
AcDbRegAppTableRecord
  2
CAXA_DRAFT_GEOTOL
 70
     0
  0
APPID
  5
65
330
9
100
AcDbSymbolTableRecord
100
AcDbRegAppTableRecord
  2
CAXA_DRAFT_CUTS
 70
     0
  0
APPID
  5
66
330
9
100
AcDbSymbolTableRecord
100
AcDbRegAppTableRecord
  2
CAXA_DRAFT_DIMHALF
 70
     0
  0
APPID
  5
67
330
9
100
AcDbSymbolTableRecord
100
AcDbRegAppTableRecord
  2
CAXA_DRAFT_DIMRAY
 70
     0
  0
APPID
  5
68
330
9
100
AcDbSymbolTableRecord
100
AcDbRegAppTableRecord
  2
CAXA_DRAFT_DIMARCLEN
 70
     0
  0
APPID
  5
69
330
9
100
AcDbSymbolTableRecord
100
AcDbRegAppTableRecord
  2
CAXA_DRAFT_DIMTAPER
 70
     0
  0
APPID
  5
6A
330
9
100
AcDbSymbolTableRecord
100
AcDbRegAppTableRecord
  2
CAXA_DRAFT_DIMPITCH
 70
     0
  0
APPID
  5
6B
330
9
100
AcDbSymbolTableRecord
100
AcDbRegAppTableRecord
  2
CAXA_DRAFT_DIMCOORD
 70
     0
  0
APPID
  5
6C
330
9
100
AcDbSymbolTableRecord
100
AcDbRegAppTableRecord
  2
CAXA_DRAFT_DIMORIALIGN
 70
     0
  0
APPID
  5
6D
330
9
100
AcDbSymbolTableRecord
100
AcDbRegAppTableRecord
  2
CAXA_DRAFT_DIMHOLEPOS
 70
     0
  0
APPID
  5
6E
330
9
100
AcDbSymbolTableRecord
100
AcDbRegAppTableRecord
  2
CAXA_DRAFT_DIMCRDLEADER
 70
     0
  0
APPID
  5
6F
330
9
100
AcDbSymbolTableRecord
100
AcDbRegAppTableRecord
  2
CAXA_DRAFT_DIMCHAMFER
 70
     0
  0
APPID
  5
70
330
9
100
AcDbSymbolTableRecord
100
AcDbRegAppTableRecord
  2
CAXA_DRAFT_DIMCENTERHOLE
 70
     0
  0
APPID
  5
71
330
9
100
AcDbSymbolTableRecord
100
AcDbRegAppTableRecord
  2
CAXA_DRAFT_DIMLEADER
 70
     0
  0
APPID
  5
72
330
9
100
AcDbSymbolTableRecord
100
AcDbRegAppTableRecord
  2
CAXA_DRAFT_DIMCRDLIST
 70
     0
  0
APPID
  5
73
330
9
100
AcDbSymbolTableRecord
100
AcDbRegAppTableRecord
  2
CAXA_DRAFT_PAPERSCALE
 70
     0
  0
APPID
  5
74
330
9
100
AcDbSymbolTableRecord
100
AcDbRegAppTableRecord
  2
CAXA_DRAFT_FILEVERSION
 70
     0
  0
APPID
  5
75
330
9
100
AcDbSymbolTableRecord
100
AcDbRegAppTableRecord
  2
CAXA_DRAFT_PRODUCTVERSION
 70
     0
  0
APPID
  5
76
330
9
100
AcDbSymbolTableRecord
100
AcDbRegAppTableRecord
  2
CAXA_DRAFT_DATATABLE
 70
     0
  0
APPID
  5
77
330
9
100
AcDbSymbolTableRecord
100
AcDbRegAppTableRecord
  2
CAXA_DRAFT_PAPERINFO
 70
     0
  0
APPID
  5
78
330
9
100
AcDbSymbolTableRecord
100
AcDbRegAppTableRecord
  2
CAXA_DRAFT_PAPERFRAME
 70
     0
  0
APPID
  5
79
330
9
100
AcDbSymbolTableRecord
100
AcDbRegAppTableRecord
  2
CAXA_DRAFT_PAPERFRAME_V2
 70
     0
  0
APPID
  5
7A
330
9
100
AcDbSymbolTableRecord
100
AcDbRegAppTableRecord
  2
CAXA_DRAFT_PAPERTITLE
 70
     0
  0
APPID
  5
7B
330
9
100
AcDbSymbolTableRecord
100
AcDbRegAppTableRecord
  2
CAXA_DRAFT_PAPERTITLE_V2
 70
     0
  0
APPID
  5
7C
330
9
100
AcDbSymbolTableRecord
100
AcDbRegAppTableRecord
  2
CAXA_DRAFT_PAPERPAREATABLE
 70
     0
  0
APPID
  5
7D
330
9
100
AcDbSymbolTableRecord
100
AcDbRegAppTableRecord
  2
CAXA_DRAFT_PARTNO
 70
     0
  0
APPID
  5
7E
330
9
100
AcDbSymbolTableRecord
100
AcDbRegAppTableRecord
  2
CAXA_DRAFT_PARTNO_V2
 70
     0
  0
APPID
  5
7F
330
9
100
AcDbSymbolTableRecord
100
AcDbRegAppTableRecord
  2
CAXA_DRAFT_BOMTABLE
 70
     0
  0
APPID
  5
80
330
9
100
AcDbSymbolTableRecord
100
AcDbRegAppTableRecord
  2
CAXA_DRAFT_BOMTABLE_V2
 70
     0
  0
APPID
  5
81
330
9
100
AcDbSymbolTableRecord
100
AcDbRegAppTableRecord
  2
CAXA_DRAFT_BLKREF_EXTATT
 70
     0
  0
APPID
  5
82
330
9
100
AcDbSymbolTableRecord
100
AcDbRegAppTableRecord
  2
CAXA_DRAFT_DBVIEWDATA
 70
     0
  0
APPID
  5
83
330
9
100
AcDbSymbolTableRecord
100
AcDbRegAppTableRecord
  2
CAXA_DRAFT_DIMSYMTOL
 70
     0
  0
APPID
  5
84
330
9
100
AcDbSymbolTableRecord
100
AcDbRegAppTableRecord
  2
CAXA_DRAFT_DIMASSEMTOL
 70
     0
  0
APPID
  5
85
330
9
100
AcDbSymbolTableRecord
100
AcDbRegAppTableRecord
  2
CAXA_DRAFT_DIMANGLETOL
 70
     0
  0
APPID
  5
86
330
9
100
AcDbSymbolTableRecord
100
AcDbRegAppTableRecord
  2
CAXA_DRAFT_DRAFTDATA
 70
     0
  0
APPID
  5
87
330
9
100
AcDbSymbolTableRecord
100
AcDbRegAppTableRecord
  2
CAXA_DRAFT_DIMORIGIN
 70
     0
  0
APPID
  5
88
330
9
100
AcDbSymbolTableRecord
100
AcDbRegAppTableRecord
  2
CAXA_DRAFT_ENLARGE_EDGE
 70
     0
  0
APPID
  5
89
330
9
100
AcDbSymbolTableRecord
100
AcDbRegAppTableRecord
  2
CAXA_DRAFT_DIMSTY_T_VPOS
 70
     0
  0
APPID
  5
8A
330
9
100
AcDbSymbolTableRecord
100
AcDbRegAppTableRecord
  2
CAXA_DRAFT_DIMSTY_AT_VPOS
 70
     0
  0
APPID
  5
8B
330
9
100
AcDbSymbolTableRecord
100
AcDbRegAppTableRecord
  2
CAXA_DRAFT_BLKHIDE
 70
     0
  0
APPID
  5
8C
330
9
100
AcDbSymbolTableRecord
100
AcDbRegAppTableRecord
  2
CAXA_DRAFT_DIMARROWREVERSE
 70
     0
  0
APPID
  5
8D
330
9
100
AcDbSymbolTableRecord
100
AcDbRegAppTableRecord
  2
CAXA_DRAFT_TXTSTYLE
 70
     0
  0
APPID
  5
8E
330
9
100
AcDbSymbolTableRecord
100
AcDbRegAppTableRecord
  2
CAXA_DRAFT_ATTRIBUTE_2PT
 70
     0
  0
APPID
  5
8F
330
9
100
AcDbSymbolTableRecord
100
AcDbRegAppTableRecord
  2
CAXA_DRAFT_ATTDEF_2PT
 70
     0
  0
APPID
  5
90
330
9
100
AcDbSymbolTableRecord
100
AcDbRegAppTableRecord
  2
CAXA_DRAFT_DIMBIGARC
 70
     0
  0
APPID
  5
91
330
9
100
AcDbSymbolTableRecord
100
AcDbRegAppTableRecord
  2
CAXA_DRAFT_ISNEB09R3
 70
     0
  0
APPID
  5
92
330
9
100
AcDbSymbolTableRecord
100
AcDbRegAppTableRecord
  2
CAXA_DRAFT_WIPEOUT_B_HIDE
 70
     0
  0
APPID
  5
93
330
9
100
AcDbSymbolTableRecord
100
AcDbRegAppTableRecord
  2
CAXA_DRAFT_BLKREF_SYMBOL
 70
     0
  0
APPID
  5
94
330
9
100
AcDbSymbolTableRecord
100
AcDbRegAppTableRecord
  2
CAXA_DRAFT_ENL_COMMENTS
 70
     0
  0
APPID
  5
95
330
9
100
AcDbSymbolTableRecord
100
AcDbRegAppTableRecord
  2
CAXA_DRAFT_ENL_TSCALE
 70
     0
  0
APPID
  5
96
330
9
100
AcDbSymbolTableRecord
100
AcDbRegAppTableRecord
  2
CAXA_DRAFT_TXTSCALE
 70
     0
  0
APPID
  5
97
330
9
100
AcDbSymbolTableRecord
100
AcDbRegAppTableRecord
  2
CAXA_DRAFT_KEEPLTSEG_ZOOM
 70
     0
  0
APPID
  5
98
330
9
100
AcDbSymbolTableRecord
100
AcDbRegAppTableRecord
  2
CAXA_DRAFT_SPECLIB
 70
     0
  0
APPID
  5
99
330
9
100
AcDbSymbolTableRecord
100
AcDbRegAppTableRecord
  2
CAXA_DRAFT_DATUM_2011R2
 70
     0
  0
APPID
  5
9A
330
9
100
AcDbSymbolTableRecord
100
AcDbRegAppTableRecord
  2
CAXA_DRAFT_ROUGH_2011R2
 70
     0
  0
APPID
  5
9B
330
9
100
AcDbSymbolTableRecord
100
AcDbRegAppTableRecord
  2
CAXA_DRAFT_GEOTOL_2011R2
 70
     0
  0
APPID
  5
9C
330
9
100
AcDbSymbolTableRecord
100
AcDbRegAppTableRecord
  2
CAXA_DRAFT_DMOVMAP_2011R3
 70
     0
  0
APPID
  5
9D
330
9
100
AcDbSymbolTableRecord
100
AcDbRegAppTableRecord
  2
CAXA_DRAFT_DDTSTY_2011R3
 70
     0
  0
APPID
  5
9E
330
9
100
AcDbSymbolTableRecord
100
AcDbRegAppTableRecord
  2
CAXA_DRAFT_SDTSTY_2011R3
 70
     0
  0
APPID
  5
9F
330
9
100
AcDbSymbolTableRecord
100
AcDbRegAppTableRecord
  2
CDRAFT_TXTROT_2011R3
 70
     0
  0
APPID
  5
A0
330
9
100
AcDbSymbolTableRecord
100
AcDbRegAppTableRecord
  2
CDRAFT_TOLOUT_2011R3
 70
     0
  0
APPID
  5
A1
330
9
100
AcDbSymbolTableRecord
100
AcDbRegAppTableRecord
  2
CAXA_DRAFT_DIMARCLENSTYLE
 70
     0
  0
APPID
  5
A2
330
9
100
AcDbSymbolTableRecord
100
AcDbRegAppTableRecord
  2
CAXA_DRAFT_DMOVMAP_2013
 70
     0
  0
APPID
  5
A3
330
9
100
AcDbSymbolTableRecord
100
AcDbRegAppTableRecord
  2
CAXA_DRAFT_DS_DLLNTYPE
 70
     0
  0
APPID
  5
A4
330
9
100
AcDbSymbolTableRecord
100
AcDbRegAppTableRecord
  2
CAXA_DRAFT_DS_LBLLNTYPE
 70
     0
  0
APPID
  5
A5
330
9
100
AcDbSymbolTableRecord
100
AcDbRegAppTableRecord
  2
CAXA_DRAFT_DS_RBLLNTYPE
 70
     0
  0
APPID
  5
A6
330
9
100
AcDbSymbolTableRecord
100
AcDbRegAppTableRecord
  2
CAXA_DRAFT_DS_ISFILLDFM
 70
     0
  0
APPID
  5
A7
330
9
100
AcDbSymbolTableRecord
100
AcDbRegAppTableRecord
  2
CAXA_DRAFT_DS_DISPZTOOL
 70
     0
  0
APPID
  5
A8
330
9
100
AcDbSymbolTableRecord
100
AcDbRegAppTableRecord
  2
CAXA_DRAFT_DS_SYMCOLOR
 70
     0
  0
APPID
  5
A9
330
9
100
AcDbSymbolTableRecord
100
AcDbRegAppTableRecord
  2
CAXA_DRAFT_HATCH_SCALE_ANGLE
 70
     0
  0
APPID
  5
AA
330
9
100
AcDbSymbolTableRecord
100
AcDbRegAppTableRecord
  2
CAXA_DRAFT_GEOTOL_ISFROMDWG
 70
     0
  0
APPID
  5
AB
330
9
100
AcDbSymbolTableRecord
100
AcDbRegAppTableRecord
  2
CxDragDiaDimLnStyle
 70
     0
  0
APPID
  5
AC
330
9
100
AcDbSymbolTableRecord
100
AcDbRegAppTableRecord
  2
CxDragRadDimLnStyle
 70
     0
  0
APPID
  5
AD
330
9
100
AcDbSymbolTableRecord
100
AcDbRegAppTableRecord
  2
CX_DbAnnotate_SimDimOriTxt
 70
     0
  0
APPID
  5
AE
330
9
100
AcDbSymbolTableRecord
100
AcDbRegAppTableRecord
  2
CX_DbAnnotate_TxtLocPara
 70
     0
  0
APPID
  5
AF
330
9
100
AcDbSymbolTableRecord
100
AcDbRegAppTableRecord
  2
CX_DbAnnotate_DragTxtLoc
 70
     0
  0
APPID
  5
B0
330
9
100
AcDbSymbolTableRecord
100
AcDbRegAppTableRecord
  2
UserSetTxtLoc
 70
     0
  0
APPID
  5
B1
330
9
100
AcDbSymbolTableRecord
100
AcDbRegAppTableRecord
  2
UserSetTxtLocType
 70
     0
  0
APPID
  5
B2
330
9
100
AcDbSymbolTableRecord
100
AcDbRegAppTableRecord
  2
UserSetTxtLocPt
 70
     0
  0
APPID
  5
B3
330
9
100
AcDbSymbolTableRecord
100
AcDbRegAppTableRecord
  2
CAXA_DRAFT_IMAGE_BINARY
 70
     0
  0
APPID
  5
B4
330
9
100
AcDbSymbolTableRecord
100
AcDbRegAppTableRecord
  2
DimTxtFrmStyle_2015R1
 70
     0
  0
APPID
  5
B5
330
9
100
AcDbSymbolTableRecord
100
AcDbRegAppTableRecord
  2
CAXA_DRAFT_GEOTOL_ISSHX
 70
     0
  0
APPID
  5
B6
330
9
100
AcDbSymbolTableRecord
100
AcDbRegAppTableRecord
  2
CAXA_SUPGRAPHICDIM
 70
     0
  0
APPID
  5
B7
330
9
100
AcDbSymbolTableRecord
100
AcDbRegAppTableRecord
  2
CAXA_GRAPHICARCLEN_HASLN
 70
     0
  0
APPID
  5
B8
330
9
100
AcDbSymbolTableRecord
100
AcDbRegAppTableRecord
  2
CAXA_GRAPHICDIM_OUT
 70
     0
  0
APPID
  5
B9
330
9
100
AcDbSymbolTableRecord
100
AcDbRegAppTableRecord
  2
CAXA_DATUM_LEADLNBKMODE
 70
     0
  0
APPID
  5
BA
330
9
100
AcDbSymbolTableRecord
100
AcDbRegAppTableRecord
  2
CX_DbDim_CrdDimLineAndArrow
 70
     0
  0
APPID
  5
BB
330
9
100
AcDbSymbolTableRecord
100
AcDbRegAppTableRecord
  2
CX_DbDim_TaperAngleStd
 70
     0
  0
APPID
  5
BC
330
9
100
AcDbSymbolTableRecord
100
AcDbRegAppTableRecord
  2
CX_DbAttribDef_OptionalVal
 70
     0
  0
APPID
  5
BD
330
9
100
AcDbSymbolTableRecord
100
AcDbRegAppTableRecord
  2
CAXA_DRAFT_LEADER_MLEADERLINE
 70
     0
  0
APPID
  5
BE
330
9
100
AcDbSymbolTableRecord
100
AcDbRegAppTableRecord
  2
CAXA_DRAFT_WELD_MLEADERLINE
 70
     0
  0
APPID
  5
BF
330
9
100
AcDbSymbolTableRecord
100
AcDbRegAppTableRecord
  2
CAXA_DRAFT_GEOTOL_MLEADERLINE
 70
     0
  0
APPID
  5
C0
330
9
100
AcDbSymbolTableRecord
100
AcDbRegAppTableRecord
  2
CAXA_DRAFT_ROUGH_MLEADERLINE
 70
     0
  0
APPID
  5
C1
330
9
100
AcDbSymbolTableRecord
100
AcDbRegAppTableRecord
  2
CAXA_DRAFT_DATUM_MLEADERLINE
 70
     0
  0
APPID
  5
C2
330
9
100
AcDbSymbolTableRecord
100
AcDbRegAppTableRecord
  2
CAXA_DRAFT_ROUGH_STDSPTDATA
 70
     0
  0
APPID
  5
C3
330
9
100
AcDbSymbolTableRecord
100
AcDbRegAppTableRecord
  2
CAXA_DRAFT_CUTS_LABLEDATA
 70
     0
  0
APPID
  5
C4
330
9
100
AcDbSymbolTableRecord
100
AcDbRegAppTableRecord
  2
CAXA_DRAFT_LEADER_DISPREFLINE
 70
     0
  0
APPID
  5
C5
330
9
100
AcDbSymbolTableRecord
100
AcDbRegAppTableRecord
  2
CAXA_DRAFT_TAPER_TEXTTYPE
 70
     0
  0
APPID
  5
C6
330
9
100
AcDbSymbolTableRecord
100
AcDbRegAppTableRecord
  2
CAXA_DRAFT_TAPER_RATEFORMAT
 70
     0
  0
APPID
  5
C7
330
9
100
AcDbSymbolTableRecord
100
AcDbRegAppTableRecord
  2
CAXA_DRAFT_TAPER_RATESEPAR
 70
     0
  0
APPID
  5
C8
330
9
100
AcDbSymbolTableRecord
100
AcDbRegAppTableRecord
  2
CX_DIMSTYLE_TXTFRAME
 70
     0
  0
APPID
  5
C9
330
9
100
AcDbSymbolTableRecord
100
AcDbRegAppTableRecord
  2
CX_DBDIM_TXTFRAME
 70
     0
  0
APPID
  5
CA
330
9
100
AcDbSymbolTableRecord
100
AcDbRegAppTableRecord
  2
CAXA_DRAFT_TABLEENT
 70
     0
  0
APPID
  5
CB
330
9
100
AcDbSymbolTableRecord
100
AcDbRegAppTableRecord
  2
CDRAFT_DIM_STD_REV_NAME
 70
     0
  0
APPID
  5
CC
330
9
100
AcDbSymbolTableRecord
100
AcDbRegAppTableRecord
  2
CAXA_DRAFT_BOM_STDSPTDATA
 70
     0
  0
APPID
  5
CD
330
9
100
AcDbSymbolTableRecord
100
AcDbRegAppTableRecord
  2
CAXA_DRAFT_PARTNO_STDSPTDATA
 70
     0
  0
APPID
  5
CE
330
9
100
AcDbSymbolTableRecord
100
AcDbRegAppTableRecord
  2
CAXA_DRAFT_DATUM_LOCPTEDIT
 70
     0
  0
APPID
  5
CF
330
9
100
AcDbSymbolTableRecord
100
AcDbRegAppTableRecord
  2
CAXA_DRAFT_INFO_WMFLAG
 70
     0
  0
APPID
  5
D0
330
9
100
AcDbSymbolTableRecord
100
AcDbRegAppTableRecord
  2
CX_DbDim_CrdDimTypeAndData
 70
     0
  0
APPID
  5
D1
330
9
100
AcDbSymbolTableRecord
100
AcDbRegAppTableRecord
  2
CX_DbDim_DimOriginBiText
 70
     0
  0
APPID
  5
D2
330
9
100
AcDbSymbolTableRecord
100
AcDbRegAppTableRecord
  2
CX_DbDim_DimCrdLeaderPts
 70
     0
  0
APPID
  5
D3
330
9
100
AcDbSymbolTableRecord
100
AcDbRegAppTableRecord
  2
CAXA_SOLID_FLAG
 70
     0
  0
APPID
  5
D4
330
9
100
AcDbSymbolTableRecord
100
AcDbRegAppTableRecord
  2
ElevationPaperScale
 70
     0
  0
APPID
  5
D5
330
9
100
AcDbSymbolTableRecord
100
AcDbRegAppTableRecord
  2
CAXA_DRAFT_CURRENT
 70
     0
  0
APPID
  5
D6
330
9
100
AcDbSymbolTableRecord
100
AcDbRegAppTableRecord
  2
CAXA_DRAFT_DIMSCALEOVERRIDE
 70
     0
  0
APPID
  5
DD
330
9
100
AcDbSymbolTableRecord
100
AcDbRegAppTableRecord
  2
AcAecLayerStandard
 70
     0
  0
APPID
  5
141
330
9
100
AcDbSymbolTableRecord
100
AcDbRegAppTableRecord
  2
ACAD_DSTYLE_DIMARC_LENGTH_SYMBOL
 70
     0
  0
APPID
  5
142
330
9
100
AcDbSymbolTableRecord
100
AcDbRegAppTableRecord
  2
ACAD_DSTYLE_DIM_LINETYPE
 70
     0
  0
APPID
  5
143
330
9
100
AcDbSymbolTableRecord
100
AcDbRegAppTableRecord
  2
ACAD_DSTYLE_DIM_EXT1_LINETYPE
 70
     0
  0
APPID
  5
144
330
9
100
AcDbSymbolTableRecord
100
AcDbRegAppTableRecord
  2
ACAD_DSTYLE_DIM_EXT2_LINETYPE
 70
     0
  0
APPID
  5
17D
330
9
100
AcDbSymbolTableRecord
100
AcDbRegAppTableRecord
  2
ACAD_MLEADERVER
 70
     0
  0
ENDTAB
  0
TABLE
  2
DIMSTYLE
  5
A
330
0
100
AcDbSymbolTable
 70
     4
100
AcDbDimStyleTable
  0
DIMSTYLE
105
E7
330
A
100
AcDbSymbolTableRecord
100
AcDbDimStyleTableRecord
  2
标准
 70
     0
 41
4.0
 42
0.0
 43
10.0
 44
2.0
 46
6.0
 73
     0
 74
     0
 77
     1
 78
     8
 79
     2
140
3.5
141
0.0
143
1.0
146
0.7071067811865475
147
0.625
172
     1
178
     0
179
     2
271
     2
272
     3
274
     3
276
     2
279
     2
283
     0
284
     8
340
E6
342
E8
1001
CAXA_DRAFT_DIMSTY_AT_VPOS
1070
     1
1001
CAXA_DRAFT_SDTSTY_2011R3
1070
     0
1001
CAXA_DRAFT_DS_ISFILLDFM
1070
     1
1001
CAXA_DRAFT_DS_DISPZTOOL
1070
     0
1001
CAXA_DRAFT_DS_SYMCOLOR
1071
1090519039
1001
DimTxtFrmStyle_2015R1
1070
     3
1001
CX_DIMSTYLE_TXTFRAME
1070
     0
1070
     0
1001
ACAD_DSTYLE_DIMARC_LENGTH_SYMBOL
1070
   379
1070
     1
1001
ACAD_DSTYLE_DIM_LINETYPE
1070
   380
1005
15
1001
ACAD_DSTYLE_DIM_EXT1_LINETYPE
1070
   381
1005
15
1001
ACAD_DSTYLE_DIM_EXT2_LINETYPE
1070
   382
1005
15
  0
DIMSTYLE
105
EC
330
A
100
AcDbSymbolTableRecord
100
AcDbDimStyleTableRecord
  2
GB_尺寸
 70
     0
 41
4.0
 42
0.0
 43
10.0
 44
2.0
 46
6.0
 73
     0
 74
     0
 77
     1
 78
     8
 79
     2
140
3.5
141
0.0
143
1.0
146
0.7071067811865475
147
0.625
172
     1
178
     0
179
     2
271
     2
272
     3
274
     3
276
     2
279
     2
283
     0
284
     8
340
E6
342
E8
1001
CAXA_DRAFT_DIMSTY_AT_VPOS
1070
     1
1001
CAXA_DRAFT_SDTSTY_2011R3
1070
     0
1001
CAXA_DRAFT_DS_ISFILLDFM
1070
     1
1001
CAXA_DRAFT_DS_DISPZTOOL
1070
     0
1001
CAXA_DRAFT_DS_SYMCOLOR
1071
1090519039
1001
DimTxtFrmStyle_2015R1
1070
     3
1001
CX_DIMSTYLE_TXTFRAME
1070
     0
1070
     0
1001
ACAD_DSTYLE_DIMARC_LENGTH_SYMBOL
1070
   379
1070
     1
1001
ACAD_DSTYLE_DIM_LINETYPE
1070
   380
1005
15
1001
ACAD_DSTYLE_DIM_EXT1_LINETYPE
1070
   381
1005
15
1001
ACAD_DSTYLE_DIM_EXT2_LINETYPE
1070
   382
1005
15
  0
DIMSTYLE
105
ED
330
A
100
AcDbSymbolTableRecord
100
AcDbDimStyleTableRecord
  2
GB_引出说明(1984)
 70
     0
 41
4.0
 42
0.0
 43
10.0
 44
2.0
 46
6.0
 73
     0
 74
     0
 77
     1
 78
     8
 79
     2
140
3.5
141
0.0
143
1.0
146
0.7071067811865475
147
0.625
172
     1
178
     0
179
     2
271
     2
272
     3
274
     3
276
     2
279
     2
283
     0
284
     8
340
E6
342
E8
1001
CAXA_DRAFT_DIMSTY_AT_VPOS
1070
     1
1001
CAXA_DRAFT_SDTSTY_2011R3
1070
     0
1001
CAXA_DRAFT_DS_ISFILLDFM
1070
     1
1001
CAXA_DRAFT_DS_DISPZTOOL
1070
     0
1001
CAXA_DRAFT_DS_SYMCOLOR
1071
1090519039
1001
DimTxtFrmStyle_2015R1
1070
     3
1001
CX_DIMSTYLE_TXTFRAME
1070
     0
1070
     0
1001
ACAD_DSTYLE_DIMARC_LENGTH_SYMBOL
1070
   379
1070
     1
1001
ACAD_DSTYLE_DIM_LINETYPE
1070
   380
1005
15
1001
ACAD_DSTYLE_DIM_EXT1_LINETYPE
1070
   381
1005
15
1001
ACAD_DSTYLE_DIM_EXT2_LINETYPE
1070
   382
1005
15
  0
DIMSTYLE
105
EE
330
A
100
AcDbSymbolTableRecord
100
AcDbDimStyleTableRecord
  2
GB_锥度(2003)
 70
     0
 41
4.0
 42
0.0
 43
10.0
 44
2.0
 46
6.0
 73
     0
 74
     0
 77
     1
 78
     8
 79
     2
140
3.5
141
0.0
143
1.0
146
0.7071067811865475
147
0.625
172
     1
178
     0
179
     2
271
     2
272
     3
274
     3
276
     2
279
     2
283
     0
284
     8
340
E6
342
E8
1001
CAXA_DRAFT_DIMSTY_AT_VPOS
1070
     1
1001
CAXA_DRAFT_SDTSTY_2011R3
1070
     0
1001
CAXA_DRAFT_DS_ISFILLDFM
1070
     1
1001
CAXA_DRAFT_DS_DISPZTOOL
1070
     0
1001
CAXA_DRAFT_DS_SYMCOLOR
1071
1090519039
1001
DimTxtFrmStyle_2015R1
1070
     3
1001
CX_DIMSTYLE_TXTFRAME
1070
     0
1070
     0
1001
ACAD_DSTYLE_DIMARC_LENGTH_SYMBOL
1070
   379
1070
     1
1001
ACAD_DSTYLE_DIM_LINETYPE
1070
   380
1005
15
1001
ACAD_DSTYLE_DIM_EXT1_LINETYPE
1070
   381
1005
15
1001
ACAD_DSTYLE_DIM_EXT2_LINETYPE
1070
   382
1005
15
  0
ENDTAB
  0
TABLE
  2
BLOCK_RECORD
  5
1
330
0
100
AcDbSymbolTable
 70
     1
  0
BLOCK_RECORD
  5
1F
330
1
100
AcDbSymbolTableRecord
100
AcDbBlockTableRecord
  2
*Model_Space
340
22
1001
CAXA_DRAFT_PAPERSCALE
1041
1.0
1001
CAXA_DRAFT_PAPERINFO
1041
210.0
1041
297.0
1071
        0
1070
     1
1070
     1
1070
     1
1070
     0
1001
CAXA_DRAFT_KEEPLTSEG_ZOOM
1070
     1
  0
BLOCK_RECORD
  5
1B
330
1
100
AcDbSymbolTableRecord
100
AcDbBlockTableRecord
  2
*Paper_Space
340
1E
  0
BLOCK_RECORD
  5
E8
330
1
100
AcDbSymbolTableRecord
100
AcDbBlockTableRecord
  2
_CAXARROW
340
0
  0
ENDTAB
  0
ENDSEC
  0
SECTION
  2
BLOCKS
  0
BLOCK
  5
20
330
1F
100
AcDbEntity
  8
0
100
AcDbBlockBegin
  2
*Model_Space
 70
     0
 10
0.0
 20
0.0
 30
0.0
  3
*Model_Space
  1

  0
ENDBLK
  5
21
330
1F
100
AcDbEntity
  8
0
100
AcDbBlockEnd
  0
BLOCK
  5
1C
330
1B
100
AcDbEntity
 67
     1
  8
0
100
AcDbBlockBegin
  2
*Paper_Space
 70
     0
 10
0.0
 20
0.0
 30
0.0
  3
*Paper_Space
  1

  0
ENDBLK
  5
1D
330
1B
100
AcDbEntity
 67
     1
  8
0
100
AcDbBlockEnd
  0
BLOCK
  5
EA
330
E8
100
AcDbEntity
  8
0
100
AcDbBlockBegin
  2
_CAXARROW
 70
     0
 10
0.0
 20
0.0
 30
0.0
  3
_CAXARROW
  1

  0
HATCH
  5
E9
330
E8
100
AcDbEntity
  8
0
 62
     0
100
AcDbHatch
 10
0.0
 20
0.0
 30
0.0
210
0.0
220
0.0
230
1.0
  2
SOLID
 70
     1
 71
     0
 91
        1
 92
        0
 93
        3
 72
     1
 10
0.0
 20
0.0
 11
-1.0
 21
0.125
 72
     1
 10
-1.0
 20
0.125
 11
-1.0
 21
-0.125
 72
     1
 10
-1.0
 20
-0.125
 11
0.0
 21
0.0
 97
        0
 75
     0
 76
     1
 98
        1
 10
0.0
 20
0.0
  0
ENDBLK
  5
EB
330
E8
100
AcDbEntity
  8
0
100
AcDbBlockEnd
  0
ENDSEC
  0
SECTION
  2
ENTITIES
  0
SPLINE
  5
123
330
1F
100
AcDbEntity
  8
4虚线层
100
AcDbSpline
210
0.0
220
0.0
230
1.0
 70
    12
 71
     3
 72
   178
 73
   174
 74
     0
 42
0.000000001
 43
0.1
 40
0.0
 40
0.0
 40
0.0
 40
0.0
 40
1.502990070440269
 40
1.502990070440269
 40
3.090889364504049
 40
3.090889364504049
 40
4.761194438600444
 40
4.761194438600444
 40
6.509896254173251
 40
6.509896254173251
 40
8.33152360380212
 40
8.33152360380212
 40
10.21921518129182
 40
10.21921518129182
 40
12.16482590948114
 40
12.16482590948114
 40
14.15907256021184
 40
14.15907256021184
 40
16.19172161210312
 40
16.19172161210312
 40
18.25181877305467
 40
18.25181877305467
 40
20.32795508104611
 40
20.32795508104611
 40
22.47550335732205
 40
22.47550335732205
 40
24.62704645717049
 40
24.62704645717049
 40
26.78187952264964
 40
26.78187952264964
 40
28.93935528534745
 40
28.93935528534745
 40
31.09889921171467
 40
31.09889921171467
 40
33.26002328155245
 40
33.26002328155245
 40
35.42233792455775
 40
35.42233792455775
 40
37.58556171903385
 40
37.58556171903385
 40
39.74952855393466
 40
39.74952855393466
 40
41.91419206342186
 40
41.91419206342186
 40
44.0796272547767
 40
44.0796272547767
 40
46.24602935885797
 40
46.24602935885797
 40
48.41371003124013
 40
48.41371003124013
 40
50.58309111694493
 40
50.58309111694493
 40
52.75469625909941
 40
52.75469625909941
 40
54.92914068030812
 40
54.92914068030812
 40
57.10711949492952
 40
57.10711949492952
 40
59.28939492193926
 40
59.28939492193926
 40
61.47678276374603
 40
61.47678276374603
 40
63.67013849890864
 40
63.67013849890864
 40
65.8703433091814
 40
65.8703433091814
 40
68.07829032670199
 40
68.07829032670199
 40
70.29487134825462
 40
70.29487134825462
 40
72.52096422285683
 40
72.52096422285683
 40
74.75742107847803
 40
74.75742107847803
 40
77.00505751508587
 40
77.00505751508587
 40
79.26464285556368
 40
79.26464285556368
 40
81.53689151408533
 40
81.53689151408533
 40
83.8224555136507
 40
83.8224555136507
 40
86.12191816077535
 40
86.12191816077535
 40
88.43578886568977
 40
88.43578886568977
 40
90.76449908055912
 40
90.76449908055912
 40
93.10839931583841
 40
93.10839931583841
 40
95.46775718550374
 40
95.46775718550374
 40
97.84275642512615
 40
97.84275642512615
 40
100.2334968221469
 40
100.2334968221469
 40
102.6399949948848
 40
102.6399949948848
 40
105.0621859553821
 40
105.0621859553821
 40
107.4999253908664
 40
107.4999253908664
 40
109.9529925990945
 40
109.9529925990945
 40
112.4210940139118
 40
112.4210940139118
 40
114.9038672588343
 40
114.9038672588343
 40
117.4008856681641
 40
117.4008856681641
 40
119.9116632169905
 40
119.9116632169905
 40
122.4356598032927
 40
122.4356598032927
 40
124.9722868271985
 40
124.9722868271985
 40
127.5209130142106
 40
127.5209130142106
 40
130.0808704308654
 40
130.0808704308654
 40
132.651460642822
 40
132.651460642822
 40
135.231960966787
 40
135.231960966787
 40
137.8216307689832
 40
137.8216307689832
 40
140.4197177640577
 40
140.4197177640577
 40
143.0254642694558
 40
143.0254642694558
 40
145.6381133713507
 40
145.6381133713507
 40
148.2569149592826
 40
148.2569149592826
 40
150.8811315877402
 40
150.8811315877402
 40
153.5100441240627
 40
153.5100441240627
 40
156.1429571432973
 40
156.1429571432973
 40
158.7792040320587
 40
158.7792040320587
 40
161.4181517650516
 40
161.4181517650516
 40
164.0592053197869
 40
164.0592053197869
 40
166.7018116971867
 40
166.7018116971867
 40
169.345463518283
 40
169.345463518283
 40
171.9897021701024
 40
171.9897021701024
 40
174.5551537259935
 40
174.5551537259935
 40
177.1274316320088
 40
177.1274316320088
 40
179.7132938863016
 40
179.7132938863016
 40
182.319471478698
 40
182.319471478698
 40
184.9525156569764
 40
184.9525156569764
 40
187.6186417489718
 40
187.6186417489718
 40
190.3235750805458
 40
190.3235750805458
 40
193.072404660196
 40
193.072404660196
 40
195.8694500724991
 40
195.8694500724991
 40
198.7181464986897
 40
198.7181464986897
 40
201.6209520516308
 40
201.6209520516308
 40
201.6209520516308
 40
201.6209520516308
 10
24.53799931271396
 20
42.50109823259061
 30
0.0
 41
1.0
 10
24.10416120288187
 20
42.75157456575795
 30
0.0
 41
1.0
 10
23.66645369872708
 20
42.99544112449792
 30
0.0
 41
1.0
 10
22.75976119443499
 20
43.48455697531742
 30
0.0
 41
1.0
 10
22.29031075123498
 20
43.72915722783731
 30
0.0
 41
1.0
 10
21.32087551657332
 20
44.21857885697472
 30
0.0
 41
1.0
 10
20.8204805387179
 20
44.46279781090578
 30
0.0
 41
1.0
 10
19.79042294186297
 20
44.95024023808634
 30
0.0
 41
1.0
 10
19.26040513029352
 20
45.19291801790757
 30
0.0
 41
1.0
 10
18.17287612096743
 20
45.67602745776318
 30
0.0
 41
1.0
 10
17.61506250658749
 20
45.91597719500868
 30
0.0
 41
1.0
 10
16.47419558398428
 20
46.3923583137539
 30
0.0
 41
1.0
 10
15.89088897451552
 20
46.62837571298004
 30
0.0
 41
1.0
 10
14.70172864970505
 20
47.09560427685992
 30
0.0
 41
1.0
 10
14.09566614670462
 20
47.32647111979179
 30
0.0
 41
1.0
 10
12.8640722411003
 20
47.78209724097587
 30
0.0
 41
1.0
 10
12.23837148034909
 20
48.00658172903726
 30
0.0
 41
1.0
 10
10.97089902776111
 20
48.44812982712452
 30
0.0
 41
1.0
 10
10.32899222888955
 20
48.6649869148267
 30
0.0
 41
1.0
 10
9.032748034184579
 20
49.08995860670427
 30
0.0
 41
1.0
 10
8.378304801972035
 20
49.29793329870853
 30
0.0
 41
1.0
 10
7.060783703610923
 20
49.70381865211817
 30
0.0
 41
1.0
 10
6.397624667379205
 20
49.90165462451665
 30
0.0
 41
1.0
 10
5.045093834802174
 20
50.29214471985983
 30
0.0
 41
1.0
 10
4.355544919161048
 20
50.48439391936594
 30
0.0
 41
1.0
 10
2.971798174295373
 20
50.85650010294924
 30
0.0
 41
1.0
 10
2.277535087354863
 20
51.03634919550765
 30
0.0
 41
1.0
 10
0.8847850534818917
 20
51.38337893516297
 30
0.0
 41
1.0
 10
0.1862328924573831
 20
51.55055477642674
 30
0.0
 41
1.0
 10
-1.21468501815707
 20
51.87194491244298
 30
0.0
 41
1.0
 10
-1.917116477828131
 20
52.02615722511999
 30
0.0
 41
1.0
 10
-3.325400201235425
 20
52.32131077661103
 30
0.0
 41
1.0
 10
-4.031319217808459
 20
52.46225249372375
 30
0.0
 41
1.0
 10
-5.446204961498097
 20
52.7305393245525
 30
0.0
 41
1.0
 10
-6.155240031379208
 20
52.85788690630679
 30
0.0
 41
1.0
 10
-7.576006041499795
 20
53.09864430248578
 30
0.0
 41
1.0
 10
-8.287807453919186
 20
53.21205799249435
 30
0.0
 41
1.0
 10
-9.71377636587772
 20
53.42459109464417
 30
0.0
 41
1.0
 10
-10.42801698936273
 20
53.5237150940448
 30
0.0
 41
1.0
 10
-11.85855655457181
 20
53.70729715646934
 30
0.0
 41
1.0
 10
-12.57493176652451
 20
53.79175970962996
 30
0.0
 41
1.0
 10
-14.00945381131646
 20
53.9456321893029
 30
0.0
 41
1.0
 10
-14.72768051564867
 20
54.01504559127909
 30
0.0
 41
1.0
 10
-16.16563805733517
 20
54.13841810331093
 30
0.0
 41
1.0
 10
-16.88545277057528
 20
54.19237865585038
 30
0.0
 41
1.0
 10
-18.32633528624615
 20
54.28442886445458
 30
0.0
 41
1.0
 10
-19.04749130779987
 20
54.32251682293867
 30
0.0
 41
1.0
 10
-20.49081821993968
 20
54.38239036623443
 30
0.0
 41
1.0
 10
-21.21308193547111
 20
54.40416993340889
 30
0.0
 41
1.0
 10
-22.65839444155222
 20
54.43098050454088
 30
0.0
 41
1.0
 10
-23.38154083830023
 20
54.43599993731982
 30
0.0
 41
1.0
 10
-24.82839226671126
 20
54.42882966174733
 30
0.0
 41
1.0
 10
-25.55219976489229
 20
54.41662156408299
 30
0.0
 41
1.0
 10
-27.00014468512813
 20
54.37452182242021
 30
0.0
 41
1.0
 10
-27.72438940975121
 20
54.34460369985436
 30
0.0
 41
1.0
 10
-29.17297175982799
 20
54.26659654683885
 30
0.0
 41
1.0
 10
-29.89742139200598
 20
54.21847169679612
 30
0.0
 41
1.0
 10
-31.34616191031614
 20
54.10355201991729
 30
0.0
 41
1.0
 10
-32.0705692665349
 20
54.03671082624015
 30
0.0
 41
1.0
 10
-33.51895252922873
 20
53.88384937284741
 30
0.0
 41
1.0
 10
-34.2430490213651
 20
53.79777106391589
 30
0.0
 41
1.0
 10
-35.69051039057126
 20
53.60591844424346
 30
0.0
 41
1.0
 10
-36.41399951919766
 20
53.50007336184635
 30
0.0
 41
1.0
 10
-37.85991230308127
 20
53.26816510860363
 30
0.0
 41
1.0
 10
-38.5824633323773
 20
53.14201752021955
 30
0.0
 41
1.0
 10
-40.02612644637111
 20
52.86898025464822
 30
0.0
 41
1.0
 10
-40.74736840138189
 20
52.72199172569537
 30
0.0
 41
1.0
 10
-42.18799480217285
 20
52.40675044678605
 30
0.0
 41
1.0
 10
-42.90751091885954
 20
52.2383837724459
 30
0.0
 41
1.0
 10
-44.34421706006469
 20
51.87987025178617
 30
0.0
 41
1.0
 10
-45.06153980615522
 20
51.68959393091257
 30
0.0
 41
1.0
 10
-46.49333633821357
 20
51.28675616176318
 30
0.0
 41
1.0
 10
-47.20794310881615
 20
51.07404937878039
 30
0.0
 41
1.0
 10
-48.63372701638696
 20
50.62586199563219
 30
0.0
 41
1.0
 10
-49.345036593136
 20
50.39022006074768
 30
0.0
 41
1.0
 10
-50.76358493218368
 20
49.89569561580177
 30
0.0
 41
1.0
 10
-51.47095477872972
 20
49.63663579976998
 30
0.0
 41
1.0
 10
-52.88092014310359
 20
49.09483675630338
 30
0.0
 41
1.0
 10
-53.58364459340328
 20
48.8119044437187
 30
0.0
 41
1.0
 10
-54.98355240783394
 20
48.22195572376762
 30
0.0
 41
1.0
 10
-55.68086178717931
 20
47.91473079868481
 30
0.0
 41
1.0
 10
-57.06910949064991
 20
47.27583270429255
 30
0.0
 41
1.0
 10
-57.76017019299957
 20
46.94393607405365
 30
0.0
 41
1.0
 10
-59.13502834392693
 20
46.25537738776598
 30
0.0
 41
1.0
 10
-59.81894387302441
 20
45.89847754531837
 30
0.0
 41
1.0
 10
-61.17855917598536
 20
45.15964860674191
 30
0.0
 41
1.0
 10
-61.85437214219655
 20
44.77746812849617
 30
0.0
 41
1.0
 10
-63.19677236542407
 20
43.98787367955811
 30
0.0
 41
1.0
 10
-63.8634674153559
 20
43.58019555490782
 30
0.0
 41
1.0
 10
-65.18656813923667
 20
42.73946714681912
 30
0.0
 41
1.0
 10
-65.84307578115522
 20
42.30614083673206
 30
0.0
 41
1.0
 10
-67.14468889079922
 20
41.41404859634093
 30
0.0
 41
1.0
 10
-67.78989016581454
 20
40.95499572181359
 30
0.0
 41
1.0
 10
-69.06773397568395
 20
40.01145928374433
 30
0.0
 41
1.0
 10
-69.70046591273058
 20
39.5266788502114
 30
0.0
 41
1.0
 10
-70.95217678861559
 20
38.53177727355649
 30
0.0
 41
1.0
 10
-71.57123857054466
 20
38.02135034438172
 30
0.0
 41
1.0
 10
-72.79438389402867
 20
36.97533084835237
 30
0.0
 41
1.0
 10
-73.39854365276301
 20
36.43942458908657
 30
0.0
 41
1.0
 10
-74.59063595596513
 20
35.34270996049037
 30
0.0
 41
1.0
 10
-75.17863810673725
 20
34.78158098543997
 30
0.0
 41
1.0
 10
-76.33715019071064
 20
33.63477553168849
 30
0.0
 41
1.0
 10
-76.90772320895621
 20
33.04877249525924
 30
0.0
 41
1.0
 10
-78.03010404777433
 20
31.85266643933414
 30
0.0
 41
1.0
 10
-78.58196858739484
 20
31.2422318263674
 30
0.0
 41
1.0
 10
-79.66565981175677
 20
29.99780406431233
 30
0.0
 41
1.0
 10
-80.19753706016377
 20
29.36347514596159
 30
0.0
 41
1.0
 10
-81.23998980937085
 20
28.07189431254181
 30
0.0
 41
1.0
 10
-81.75060997304581
 20
27.41430324692726
 30
0.0
 41
1.0
 10
-82.74930190238842
 20
26.07692706064029
 30
0.0
 41
1.0
 10
-83.23741271658014
 20
25.39680013031543
 30
0.0
 41
1.0
 10
-84.1898649485222
 20
24.01517301448047
 30
0.0
 41
1.0
 10
-84.65424010616516
 20
23.31332900544515
 30
0.0
 41
1.0
 10
-85.55803391811264
 20
21.88917800723232
 30
0.0
 41
1.0
 10
-85.99748131598813
 20
21.16652574660583
 30
0.0
 41
1.0
 10
-86.85027436473865
 20
19.70175480016223
 30
0.0
 41
1.0
 10
-87.26364406926155
 20
18.95928988150482
 30
0.0
 41
1.0
 10
-88.06318596229903
 20
17.45597248443389
 30
0.0
 41
1.0
 10
-88.44937780300052
 20
16.69477322088483
 30
0.0
 41
1.0
 10
-89.19352483937587
 20
15.15514361488951
 30
0.0
 41
1.0
 10
-89.55149554503646
 20
14.37636627062835
 30
0.0
 41
1.0
 10
-90.23822446346458
 20
12.80280923684626
 30
0.0
 41
1.0
 10
-90.56699426381897
 20
12.00768259672464
 30
0.0
 41
1.0
 10
-91.19441485250968
 20
10.40272199389011
 30
0.0
 41
1.0
 10
-91.49307347734748
 20
9.592541339320462
 30
0.0
 41
1.0
 10
-92.05943991871027
 20
7.958827528181928
 30
0.0
 41
1.0
 10
-92.32715193588092
 20
7.134948094396606
 30
0.0
 41
1.0
 10
-92.83087277927893
 20
5.47524440460711
 30
0.0
 41
1.0
 10
-93.06688222342882
 20
4.639074400141908
 30
0.0
 41
1.0
 10
-93.50652890027709
 20
2.95624280599975
 30
0.0
 41
1.0
 10
-93.71016315491988
 20
2.109236079661258
 30
0.0
 41
1.0
 10
-94.08447697231395
 20
0.4062222585127415
 30
0.0
 41
1.0
 10
-94.2551498789021
 20
-0.4501292978965239
 30
0.0
 41
1.0
 10
-94.56304745027614
 20
-2.170311346123697
 30
0.0
 41
1.0
 10
-94.7002616291577
 20
-3.034485569413903
 30
0.0
 41
1.0
 10
-94.94083872286637
 20
-4.768769161211367
 30
0.0
 41
1.0
 10
-95.04418710215873
 20
-5.639221472605811
 30
0.0
 41
1.0
 10
-95.21672091105256
 20
-7.38450295898113
 30
0.0
 41
1.0
 10
-95.28588747043887
 20
-8.259674215098016
 30
0.0
 41
1.0
 10
-95.38983732709767
 20
-10.01282860292929
 30
0.0
 41
1.0
 10
-95.42459707414469
 20
-10.89115285539233
 30
0.0
 41
1.0
 10
-95.45960365714882
 20
-12.64904916240874
 30
0.0
 41
1.0
 10
-95.45982186383185
 20
-13.52896124327057
 30
0.0
 41
1.0
 10
-95.42570496000167
 20
-15.28847742570377
 30
0.0
 41
1.0
 10
-95.39133569654018
 20
-16.16842028079179
 30
0.0
 41
1.0
 10
-95.28809060213484
 20
-17.9264575837318
 30
0.0
 41
1.0
 10
-95.2191746138567
 20
-18.80488928206154
 30
0.0
 41
1.0
 10
-95.0469672740494
 20
-20.55838587564634
 30
0.0
 41
1.0
 10
-94.94362925468204
 20
-21.43378623008408
 30
0.0
 41
1.0
 10
-94.70279025497302
 20
-23.17973000962547
 30
0.0
 41
1.0
 10
-94.56523557639298
 20
-24.0506067518883
 30
0.0
 41
1.0
 10
-94.26086663490264
 20
-25.76013474007411
 30
0.0
 41
1.0
 10
-94.09498376245165
 20
-26.59927788521574
 30
0.0
 41
1.0
 10
-93.7312562212428
 20
-28.27263047111384
 30
0.0
 41
1.0
 10
-93.5332633284479
 20
-29.10711837171249
 30
0.0
 41
1.0
 10
-93.10516441947198
 20
-30.77219596607671
 30
0.0
 41
1.0
 10
-92.87481986004218
 20
-31.60303419222086
 30
0.0
 41
1.0
 10
-92.38178425102001
 20
-33.26184294432005
 30
0.0
 41
1.0
 10
-92.11876951460522
 20
-34.09002514460833
 30
0.0
 41
1.0
 10
-91.56009423121873
 20
-35.74450034767258
 30
0.0
 41
1.0
 10
-91.26403299649041
 20
-36.57096278847332
 30
0.0
 41
1.0
 10
-90.63892448970864
 20
-38.22287956087936
 30
0.0
 41
1.0
 10
-90.30941022400157
 20
-39.04845763239018
 30
0.0
 41
1.0
 10
-89.61704695338608
 20
-40.6993477928028
 30
0.0
 41
1.0
 10
-89.25367731545407
 20
-41.52473660136617
 30
0.0
 41
1.0
 10
-88.4932837100248
 20
-43.17581555690137
 30
0.0
 41
1.0
 10
-88.09569940980691
 20
-44.00153628024583
 30
0.0
 41
1.0
 10
-87.2666260746796
 20
-45.65364270700961
 30
0.0
 41
1.0
 10
-86.83455146544543
 20
-46.48001581114779
 30
0.0
 41
1.0
 10
-85.93635599928984
 20
-48.13356568998894
 30
0.0
 41
1.0
 10
-85.46963855710192
 20
-48.96069148757159
 30
0.0
 41
1.0
 10
-84.50216136373479
 20
-50.61564685585977
 30
0.0
 41
1.0
 10
-84.0008073439094
 20
-51.44339331988198
 30
0.0
 41
1.0
 10
-83.48743210331781
 20
-52.26347617090087
 30
0.0
 41
1.0
  0
ARC
  5
124
330
1F
100
AcDbEntity
  8
4虚线层
100
AcDbCircle
 10
0.0000000000002274
 20
-0.0000000000001421
 30
0.0
 40
49.07603041452162
100
AcDbArc
 50
0.0000214295484458
 51
60.00002142955003
  0
SPLINE
  5
125
330
1F
100
AcDbEntity
  8
4虚线层
100
AcDbSpline
210
0.0
220
0.0
230
1.0
 70
    12
 71
     3
 72
   178
 73
   174
 74
     0
 42
0.000000001
 43
0.1
 40
0.0
 40
0.0
 40
0.0
 40
0.0
 40
2.902486320154206
 40
2.902486320154206
 40
5.749000801740082
 40
5.749000801740082
 40
8.540005583610544
 40
8.540005583610544
 40
11.27685806226128
 40
11.27685806226128
 40
13.96180362150508
 40
13.96180362150508
 40
16.59795871600033
 40
16.59795871600033
 40
19.18928194555717
 40
19.18928194555717
 40
21.74053040311415
 40
21.74053040311415
 40
24.25719863129217
 40
24.25719863129217
 40
26.74543801179684
 40
26.74543801179684
 40
29.21195532027458
 40
29.21195532027458
 40
31.73900472658387
 40
31.73900472658387
 40
34.25057727405955
 40
34.25057727405955
 40
36.74678649399038
 40
36.74678649399038
 40
39.22780702597652
 40
39.22780702597652
 40
41.69387331182143
 40
41.69387331182143
 40
44.14527762307243
 40
44.14527762307243
 40
46.58236743246041
 40
46.58236743246041
 40
49.00554214971645
 40
49.00554214971645
 40
51.41524925281472
 40
51.41524925281472
 40
53.81197985637855
 40
53.81197985637855
 40
56.19626376952487
 40
56.19626376952487
 40
58.56866410553172
 40
58.56866410553172
 40
60.92977151509662
 40
60.92977151509662
 40
63.28019812331385
 40
63.28019812331385
 40
65.62057125755967
 40
65.62057125755967
 40
67.95152705896848
 40
67.95152705896848
 40
70.27370407390343
 40
70.27370407390343
 40
72.58773692359087
 40
72.58773692359087
 40
74.89425014979551
 40
74.89425014979551
 40
77.19385233200646
 40
77.19385233200646
 40
79.48713056710933
 40
79.48713056710933
 40
81.77464539601215
 40
81.77464539601215
 40
84.05692625332746
 40
84.05692625332746
 40
86.33446750618369
 40
86.33446750618369
 40
88.6077251367963
 40
88.6077251367963
 40
90.87711411085465
 40
90.87711411085465
 40
93.14300646036969
 40
93.14300646036969
 40
95.40573009569762
 40
95.40573009569762
 40
97.66556834730964
 40
97.66556834730964
 40
99.92276022380538
 40
99.92276022380538
 40
102.1775013589488
 40
102.1775013589488
 40
104.4299456073689
 40
104.4299456073689
 40
106.6802072362287
 40
106.6802072362287
 40
108.9283636488013
 40
108.9283636488013
 40
111.1744585656362
 40
111.1744585656362
 40
113.4185055799779
 40
113.4185055799779
 40
115.6604919964006
 40
115.6604919964006
 40
117.9003828553284
 40
117.9003828553284
 40
120.1381250412928
 40
120.1381250412928
 40
122.3736513695162
 40
122.3736513695162
 40
124.6068845437828
 40
124.6068845437828
 40
126.8377408786754
 40
126.8377408786754
 40
129.0661336812333
 40
129.0661336812333
 40
131.2919761910813
 40
131.2919761910813
 40
133.5151839842554
 40
133.5151839842554
 40
135.7356767545003
 40
135.7356767545003
 40
137.9533793969331
 40
137.9533793969331
 40
140.1682223328492
 40
140.1682223328492
 40
142.3801410312352
 40
142.3801410312352
 40
144.589074702374
 40
144.589074702374
 40
146.7949641617561
 40
146.7949641617561
 40
148.9977488882481
 40
148.9977488882481
 40
151.1973633287991
 40
151.1973633287991
 40
153.3937325323751
 40
153.3937325323751
 40
155.5867672275251
 40
155.5867672275251
 40
157.7763584899554
 40
157.7763584899554
 40
159.9623721773583
 40
159.9623721773583
 40
162.1446433369017
 40
162.1446433369017
 40
164.3229708143745
 40
164.3229708143745
 40
166.4971123109974
 40
166.4971123109974
 40
168.6667801423348
 40
168.6667801423348
 40
170.8316379516837
 40
170.8316379516837
 40
172.9912986162182
 40
172.9912986162182
 40
175.1453235570167
 40
175.1453235570167
 40
177.2264592330868
 40
177.2264592330868
 40
179.2906957173664
 40
179.2906957173664
 40
181.3269459575205
 40
181.3269459575205
 40
183.3244356253271
 40
183.3244356253271
 40
185.2729785108838
 40
185.2729785108838
 40
187.1632387627891
 40
187.1632387627891
 40
188.9869677121179
 40
188.9869677121179
 40
190.737205661489
 40
190.737205661489
 40
192.4084425326878
 40
192.4084425326878
 40
193.9967349349782
 40
193.9967349349782
 40
195.4997803771303
 40
195.4997803771303
 40
195.4997803771303
 40
195.4997803771303
 10
-83.48743210331827
 20
-52.26347617090093
 30
0.0
 41
1.0
 10
-82.97411007478149
 20
-53.08347401919647
 30
0.0
 41
1.0
 10
-82.4486451035109
 20
-53.89600858050912
 30
0.0
 41
1.0
 10
-81.38315572844431
 20
-55.48863932397259
 30
0.0
 41
1.0
 10
-80.84348188177955
 20
-56.2692442763005
 30
0.0
 41
1.0
 10
-79.75014597283348
 20
-57.79742513251961
 30
0.0
 41
1.0
 10
-79.19682407211621
 20
-58.54553849735527
 30
0.0
 41
1.0
 10
-78.07670817885992
 20
-60.00842473421133
 30
0.0
 41
1.0
 10
-77.51023359356759
 20
-60.72375662609014
 30
0.0
 41
1.0
 10
-76.36424933723742
 20
-62.12104044095631
 30
0.0
 41
1.0
 10
-75.78502796037401
 20
-62.80356399595007
 30
0.0
 41
1.0
 10
-74.6138818850934
 20
-64.13544999548895
 30
0.0
 41
1.0
 10
-74.02220445346802
 20
-64.78538605151962
 30
0.0
 41
1.0
 10
-72.82634660993631
 20
-66.05255369021864
 30
0.0
 41
1.0
 10
-72.2223634465904
 20
-66.67034879832497
 30
0.0
 41
1.0
 10
-71.00193922509425
 20
-67.87390127717404
 30
0.0
 41
1.0
 10
-70.38563781548191
 20
-68.4601989754239
 30
0.0
 41
1.0
 10
-69.14044803023307
 20
-69.60159897081232
 30
0.0
 41
1.0
 10
-68.51163598722815
 20
-70.15720475772972
 30
0.0
 41
1.0
 10
-67.24111026499213
 20
-71.23819847683126
 30
0.0
 41
1.0
 10
-66.59940614003426
 20
-71.76403952762249
 30
0.0
 41
1.0
 10
-65.30259420148491
 20
-72.78657183844257
 30
0.0
 41
1.0
 10
-64.64742823120923
 20
-73.28365313596439
 30
0.0
 41
1.0
 10
-63.30278625632332
 20
-74.26453231239898
 30
0.0
 41
1.0
 10
-62.61261897416307
 20
-74.74789329584391
 30
0.0
 41
1.0
 10
-61.21860218316533
 20
-75.68443885132277
 30
0.0
 41
1.0
 10
-60.51460356458347
 20
-76.13796386602843
 30
0.0
 41
1.0
 10
-59.09417470615927
 20
-77.01452643336538
 30
0.0
 41
1.0
 10
-58.37758324756987
 20
-77.43789608410245
 30
0.0
 41
1.0
 10
-56.93320958795721
 20
-78.25390741308325
 30
0.0
 41
1.0
 10
-56.20525423774666
 20
-78.6468715795537
 30
0.0
 41
1.0
 10
-54.73937928562054
 20
-79.40189945411606
 30
0.0
 41
1.0
 10
-54.00127490168052
 20
-79.76427479173947
 30
0.0
 41
1.0
 10
-52.5163097971656
 20
-80.45801764392115
 30
0.0
 41
1.0
 10
-51.76925307989609
 20
-80.78968471537127
 30
0.0
 41
1.0
 10
-50.26756897018436
 20
-81.42196557233754
 30
0.0
 41
1.0
 10
-49.51273490407243
 20
-81.72286568172785
 30
0.0
 41
1.0
 10
-47.99665636016812
 20
-82.29362559371305
 30
0.0
 41
1.0
 10
-47.23519518527382
 20
-82.56375739890959
 30
0.0
 41
1.0
 10
-45.70699469014721
 20
-83.07304850117757
 30
0.0
 41
1.0
 10
-44.94002941245185
 20
-83.31246448138432
 30
0.0
 41
1.0
 10
-43.40192292584538
 20
-83.7604428446268
 30
0.0
 41
1.0
 10
-42.63054736282243
 20
-83.96924570003054
 30
0.0
 41
1.0
 10
-41.08469094280781
 20
-84.35616412081598
 30
0.0
 41
1.0
 10
-40.30996828811885
 20
-84.53450317863968
 30
0.0
 41
1.0
 10
-38.75845572503249
 20
-84.86070405457386
 30
0.0
 41
1.0
 10
-37.98141760432486
 20
-85.00877175140133
 30
0.0
 41
1.0
 10
-36.42627899970125
 20
-85.27468017467783
 30
0.0
 41
1.0
 10
-35.6479249784627
 20
-85.39270867846798
 30
0.0
 41
1.0
 10
-34.09112618079143
 20
-85.59882586677253
 30
0.0
 41
1.0
 10
-33.31242367553182
 20
-85.68708389377016
 30
0.0
 41
1.0
 10
-31.75586646682495
 20
-85.83398105948214
 30
0.0
 41
1.0
 10
-30.9777510027493
 20
-85.89277093150645
 30
0.0
 41
1.0
 10
-29.42327391563185
 20
-85.98108366941366
 30
0.0
 41
1.0
 10
-28.64664966782971
 20
-86.01073864609398
 30
0.0
 41
1.0
 10
-27.09602930265237
 20
-86.04116189711482
 30
0.0
 41
1.0
 10
-26.32176985380033
 20
-86.04204380593211
 30
0.0
 41
1.0
 10
-24.77672255949142
 20
-86.01532743042054
 30
0.0
 41
1.0
 10
-24.00567180529333
 20
-85.9878246053145
 30
0.0
 41
1.0
 10
-22.46785558647025
 20
-85.90476957530095
 30
0.0
 41
1.0
 10
-21.70082872061766
 20
-85.84929510257595
 30
0.0
 41
1.0
 10
-20.17184523684887
 20
-85.71075029863434
 30
0.0
 41
1.0
 10
-19.40962975007619
 20
-85.62774055736631
 30
0.0
 41
1.0
 10
-17.89102628094633
 20
-85.434600133582
 30
0.0
 41
1.0
 10
-17.13438291365287
 20
-85.32451360712807
 30
0.0
 41
1.0
 10
-15.6276541750326
 20
-85.0777148676589
 30
0.0
 41
1.0
 10
-14.87731776972601
 20
-84.941031193568
 30
0.0
 41
1.0
 10
-13.38390748186066
 20
-84.64155290724494
 30
0.0
 41
1.0
 10
-12.64058769002463
 20
-84.47877212518168
 30
0.0
 41
1.0
 10
-11.16188981605114
 20
-84.12763319104587
 30
0.0
 41
1.0
 10
-10.42627162360623
 20
-83.93927514251146
 30
0.0
 41
1.0
 10
-8.963631217153079
 20
-83.53753350952823
 30
0.0
 41
1.0
 10
-8.236375263046511
 20
-83.32413733935883
 30
0.0
 41
1.0
 10
-6.791088884823466
 20
-82.87288907802213
 30
0.0
 41
1.0
 10
-6.072831558086136
 20
-82.63501278591312
 30
0.0
 41
1.0
 10
-4.646147243013502
 20
-82.13539120810339
 30
0.0
 41
1.0
 10
-3.937500554381359
 20
-81.87361119876849
 30
0.0
 41
1.0
 10
-2.530617332063684
 20
-81.32678592493681
 30
0.0
 41
1.0
 10
-1.83216856665922
 20
-81.04169650782512
 30
0.0
 41
1.0
 10
-0.4462355581013071
 20
-80.44887238708657
 30
0.0
 41
1.0
 10
0.2414532746875011
 20
-80.14108518071333
 30
0.0
 41
1.0
 10
1.605338142915571
 20
-79.50350097932574
 30
0.0
 41
1.0
 10
2.281731037603095
 20
-79.17364418097526
 30
0.0
 41
1.0
 10
3.622522644530818
 20
-78.49257096747138
 30
0.0
 41
1.0
 10
4.287110473658004
 20
-78.14128845604336
 30
0.0
 41
1.0
 10
5.603818369939518
 20
-77.41802762638619
 30
0.0
 41
1.0
 10
6.256119866144218
 20
-77.04597787416782
 30
0.0
 41
1.0
 10
7.547810314172239
 20
-76.28185877710266
 30
0.0
 41
1.0
 10
8.187373117842526
 20
-75.8897135549629
 30
0.0
 41
1.0
 10
9.453171218047828
 20
-75.08609069560669
 30
0.0
 41
1.0
 10
10.07957294539756
 20
-74.67453356518968
 30
0.0
 41
1.0
 10
11.31866475683296
 20
-73.83278338322705
 30
0.0
 41
1.0
 10
11.93151404201694
 20
-73.40250797889422
 30
0.0
 41
1.0
 10
13.14314860439072
 20
-72.52402521594249
 30
0.0
 41
1.0
 10
13.74208606954107
 20
-72.0757333281754
 30
0.0
 41
1.0
 10
14.92557723581649
 20
-71.16192701641597
 30
0.0
 41
1.0
 10
15.51027634452498
 20
-70.69632649690953
 30
0.0
 41
1.0
 10
16.66500433778401
 20
-69.74861561748992
 30
0.0
 41
1.0
 10
17.23517209044257
 20
-69.26641813400917
 30
0.0
 41
1.0
 10
18.36058470559942
 20
-68.28622700858404
 30
0.0
 41
1.0
 10
18.91596213897287
 20
-67.78814568464664
 30
0.0
 41
1.0
 10
20.01157551881852
 20
-66.77689917641214
 30
0.0
 41
1.0
 10
20.55193797707921
 20
-66.2636461568295
 30
0.0
 41
1.0
 10
21.61733690263031
 20
-65.22276476822744
 30
0.0
 41
1.0
 10
22.14249405268743
 20
-64.69504875638104
 30
0.0
 41
1.0
 10
23.17733169957296
 20
-63.6259437190859
 30
0.0
 41
1.0
 10
23.68712726962804
 20
-63.0844675353992
 30
0.0
 41
1.0
 10
24.69112439492756
 20
-61.98853599406529
 30
0.0
 41
1.0
 10
25.18543562170066
 20
-61.43399420741815
 30
0.0
 41
1.0
 10
26.15837915887482
 20
-60.31261460182193
 30
0.0
 41
1.0
 10
26.63711593562812
 20
-59.74569128653991
 30
0.0
 41
1.0
 10
27.57885698866107
 20
-58.60021903708804
 30
0.0
 41
1.0
 10
28.04196071289243
 20
-58.0215857076042
 30
0.0
 41
1.0
 10
28.95241195421772
 20
-56.85334930660996
 30
0.0
 41
1.0
 10
29.39985408055009
 20
-56.26366307989207
 30
0.0
 41
1.0
 10
30.27898657043647
 20
-55.07396068549747
 30
0.0
 41
1.0
 10
30.7107668806641
 20
-54.47386271783883
 30
0.0
 41
1.0
 10
31.55860633831344
 20
-53.26395933893545
 30
0.0
 41
1.0
 10
31.9747509466647
 20
-52.65407357871538
 30
0.0
 41
1.0
 10
32.79137351504664
 20
-51.42519892771134
 30
0.0
 41
1.0
 10
33.19193263238276
 20
-50.8061312192492
 30
0.0
 41
1.0
 10
33.97746018964449
 20
-49.55947829507622
 30
0.0
 41
1.0
 10
34.36250567544926
 20
-48.93181586077159
 30
0.0
 41
1.0
 10
35.1171007553753
 20
-47.66854030724392
 30
0.0
 41
1.0
 10
35.48672349090202
 20
-47.03285162588507
 30
0.0
 41
1.0
 10
36.21058388324718
 20
-45.75407189059831
 30
0.0
 41
1.0
 10
36.5648910030186
 20
-45.11090697914496
 30
0.0
 41
1.0
 10
37.2582441114173
 20
-43.81770527583159
 30
0.0
 41
1.0
 10
37.59735613335397
 20
-43.16759637031943
 30
0.0
 41
1.0
 10
38.26045317383046
 20
-41.86102042338686
 30
0.0
 41
1.0
 10
38.5845010705516
 20
-41.20448304210161
 30
0.0
 41
1.0
 10
39.21761119732378
 20
-39.88554856652968
 30
0.0
 41
1.0
 10
39.52673345259677
 20
-39.22308292558408
 30
0.0
 41
1.0
 10
40.1301378997764
 20
-37.89277676921013
 30
0.0
 41
1.0
 10
40.42447759463244
 20
-37.22486950753996
 30
0.0
 41
1.0
 10
40.9984639225836
 20
-35.8841533569059
 30
0.0
 41
1.0
 10
41.27816589526674
 20
-35.21127951498563
 30
0.0
 41
1.0
 10
41.82302242868695
 20
-33.86109404146225
 30
0.0
 41
1.0
 10
42.08823055133325
 20
-33.18371922630705
 30
0.0
 41
1.0
 10
42.60424109264909
 20
-31.82498852737413
 30
0.0
 41
1.0
 10
42.85509570542581
 20
-31.1435711862859
 30
0.0
 41
1.0
 10
43.34253460177979
 20
-29.77720735895366
 30
0.0
 41
1.0
 10
43.5791701421374
 20
-29.09220107668381
 30
0.0
 41
1.0
 10
44.03829777722626
 20
-27.71910874747346
 30
0.0
 41
1.0
 10
44.26084063798771
 20
-27.03096447667255
 30
0.0
 41
1.0
 10
44.69189941126979
 20
-25.65204510661908
 30
0.0
 41
1.0
 10
44.90046605651673
 20
-24.96121324026853
 30
0.0
 41
1.0
 10
45.30367690203025
 20
-23.57736902520443
 30
0.0
 41
1.0
 10
45.49837226423006
 20
-22.88430122267516
 30
0.0
 41
1.0
 10
45.873931749554
 20
-21.49643841943447
 30
0.0
 41
1.0
 10
46.0548479251604
 20
-20.80158910521686
 30
0.0
 41
1.0
 10
46.39752390724266
 20
-19.43220798409504
 30
0.0
 41
1.0
 10
46.55974806098061
 20
-18.757728186435
 30
0.0
 41
1.0
 10
46.87045741146835
 20
-17.4114383342949
 30
0.0
 41
1.0
 10
47.01905706381899
 20
-16.73959382543256
 30
0.0
 41
1.0
 10
47.30171156904976
 20
-15.402423147886
 30
0.0
 41
1.0
 10
47.43594904552924
 20
-14.73707405342026
 30
0.0
 41
1.0
 10
47.68913857486541
 20
-13.41665826935315
 30
0.0
 41
1.0
 10
47.80834502475977
 20
-12.76157689301766
 30
0.0
 41
1.0
 10
48.03082963315933
 20
-11.46529336250467
 30
0.0
 41
1.0
 10
48.13443799732204
 20
-10.82408127100314
 30
0.0
 41
1.0
 10
48.32521627608321
 20
-9.558886597969718
 30
0.0
 41
1.0
 10
48.41279601445444
 20
-8.934894960604083
 30
0.0
 41
1.0
 10
48.57117361427754
 20
-7.707172008770698
 30
0.0
 41
1.0
 10
48.64246367207784
 20
-7.1034281485843
 30
0.0
 41
1.0
 10
48.76811461877264
 20
-5.918847619523291
 30
0.0
 41
1.0
 10
48.82305087212126
 20
-5.337990010635139
 30
0.0
 41
1.0
 10
48.91606421788788
 20
-4.20139018258493
 30
0.0
 41
1.0
 10
48.9547978127905
 20
-3.645613290012847
 30
0.0
 41
1.0
 10
49.01570288148946
 20
-2.560899952900002
 30
0.0
 41
1.0
 10
49.03860641736128
 20
-2.031909569915058
 30
0.0
 41
1.0
 10
49.0683712755233
 20
-1.001976996678422
 30
0.0
 41
1.0
 10
49.07603060187307
 20
-0.5009562607524458
 30
0.0
 41
1.0
 10
49.07603041451853
 20
0.0000183534402538
 30
0.0
 41
1.0
  0
ENDSEC
  0
SECTION
  2
OBJECTS
  0
DICTIONARY
  5
C
330
0
100
AcDbDictionary
281
     1
  3
ACAD_GROUP
350
D
  3
ACAD_LAYOUT
350
1A
  3
ACAD_MATERIAL
350
43
  3
ACAD_MLEADERSTYLE
350
5B
  3
ACAD_MLINESTYLE
350
17
  3
ACAD_PLOTSETTINGS
350
19
  3
ACAD_PLOTSTYLENAME
350
E
  3
ACAD_SCALELIST
350
47
  3
ACAD_TABLESTYLE
350
59
  3
ACAD_VISUALSTYLE
350
2A
  3
ACAD_WIPEOUT_VARS
350
126
  3
AcDbVariableDictionary
350
133
  3
CAXA_DRAFT_BOMSTYLE
350
116
  3
CAXA_DRAFT_CUTSSTYLE
350
10A
  3
CAXA_DRAFT_CUTSSTYLEOVERRIDE
350
10E
  3
CAXA_DRAFT_DATATABLE*Model_Space
350
11C
  3
CAXA_DRAFT_DATUMSTYLE
350
104
  3
CAXA_DRAFT_DATUMSTYLEOVERRIDE
350
108
  3
CAXA_DRAFT_DIMSTYLE_ANGTXTVPOS
350
127
  3
CAXA_DRAFT_DIMSTYLE_ISDISPZEROTOL
350
12B
  3
CAXA_DRAFT_DIMSTYLE_ISFILLDFM
350
129
  3
CAXA_DRAFT_DIMSTYLE_SYMBOLCOLOR
350
12D
  3
CAXA_DRAFT_DRAFTDATA
350
12F
  3
CAXA_DRAFT_FILEVERSION
350
D7
  3
CAXA_DRAFT_GEOTOLSTYLE
350
FE
  3
CAXA_DRAFT_GEOTOLSTYLEOVERRIDE
350
102
  3
CAXA_DRAFT_LEADERSTYLE
350
EF
  3
CAXA_DRAFT_PARTNOSTYLE
350
110
  3
CAXA_DRAFT_PARTNOSTYLEOVERRIDE
350
114
  3
CAXA_DRAFT_ROUGHSTYLE
350
F8
  3
CAXA_DRAFT_ROUGHSTYLEOVERRIDE
350
FC
  3
CAXA_DRAFT_STDDATA
350
131
  3
CAXA_DRAFT_WELDSTYLE
350
F2
  3
CAXA_DRAFT_WELDSTYLEOVERRIDE
350
F6
  3
DWGPROPS
350
13E
  0
DICTIONARY
  5
13F
330
8
100
AcDbDictionary
280
     1
281
     1
  3
ACAD_XREC_ROUNDTRIP
360
140
  0
DICTIONARY
  5
D
102
{ACAD_REACTORS
330
C
102
}
330
C
100
AcDbDictionary
281
     1
  0
DICTIONARY
  5
1A
102
{ACAD_REACTORS
330
C
102
}
330
C
100
AcDbDictionary
281
     1
  3
Layout1
350
1E
  3
Model
350
22
  0
DICTIONARY
  5
43
102
{ACAD_REACTORS
330
C
102
}
330
C
100
AcDbDictionary
281
     1
  3
ByBlock
350
45
  3
ByLayer
350
44
  3
Global
350
46
  0
DICTIONARY
  5
5B
102
{ACAD_REACTORS
330
C
102
}
330
C
100
AcDbDictionary
281
     1
  3
Standard
350
5C
  0
DICTIONARY
  5
17
102
{ACAD_REACTORS
330
C
102
}
330
C
100
AcDbDictionary
281
     1
  3
Standard
350
18
  3
标准
350
11A
  0
DICTIONARY
  5
19
102
{ACAD_REACTORS
330
C
102
}
330
C
100
AcDbDictionary
281
     1
  0
ACDBDICTIONARYWDFLT
  5
E
102
{ACAD_REACTORS
330
C
102
}
330
C
100
AcDbDictionary
281
     1
  3
Normal
350
F
100
AcDbDictionaryWithDefault
340
F
  0
DICTIONARY
  5
47
102
{ACAD_REACTORS
330
C
102
}
330
C
100
AcDbDictionary
281
     1
  3
A0
350
48
  3
A1
350
49
  3
A2
350
4A
  3
A3
350
4B
  3
A4
350
4C
  3
A5
350
4D
  3
A6
350
4E
  3
A7
350
4F
  3
A8
350
50
  3
A9
350
51
  3
B0
350
52
  3
B1
350
53
  3
B2
350
54
  3
B3
350
55
  3
B4
350
56
  3
B5
350
57
  3
B6
350
58
  0
DICTIONARY
  5
59
102
{ACAD_REACTORS
330
C
102
}
330
C
100
AcDbDictionary
281
     1
  3
Standard
350
5A
  3
标准
350
11B
  0
DICTIONARY
  5
2A
102
{ACAD_REACTORS
330
C
102
}
330
C
100
AcDbDictionary
281
     1
  3
2dWireframe
350
2F
  3
Basic
350
32
  3
Brighten
350
36
  3
ColorChange
350
3A
  3
Conceptual
350
34
  3
Dim
350
35
  3
EdgeColorOff
350
3D
  3
Facepattern
350
39
  3
Flat
350
2B
  3
FlatWithEdges
350
2C
  3
Gouraud
350
2D
  3
GouraudWithEdges
350
2E
  3
Hidden
350
31
  3
JitterOff
350
3B
  3
Linepattern
350
38
  3
OverhangOff
350
3C
  3
Realistic
350
33
  3
Shaded
350
42
  3
Shaded with edges
350
41
  3
Shades of Gray
350
3E
  3
Sketchy
350
3F
  3
Thicken
350
37
  3
Wireframe
350
30
  3
X-Ray
350
40
  0
WIPEOUTVARIABLES
  5
126
102
{ACAD_REACTORS
330
C
102
}
330
C
100
AcDbWipeoutVariables
 70
     1
  0
DICTIONARY
  5
133
102
{ACAD_REACTORS
330
C
102
}
330
C
100
AcDbDictionary
281
     1
  3
CANNOSCALE
350
145
  3
CENTEREXE
350
13A
  3
CENTERLTYPEFILE
350
13B
  3
CMLEADERSTYLE
350
135
  3
CTABLESTYLE
350
134
  3
DIMASSOC
350
13C
  3
HIDETEXT
350
13D
  3
MSLTSCALE
350
146
  3
PSOLHEIGHT
350
137
  3
PSOLWIDTH
350
136
  0
DICTIONARY
  5
116
102
{ACAD_REACTORS
330
C
102
}
330
C
100
AcDbDictionary
281
     1
  3
CAXA_DRAFT_CURRENTBOMSTYLE
350
117
  3
GB(4458.2-2003)
350
119
  3
标准
350
118
  0
DICTIONARY
  5
10A
102
{ACAD_REACTORS
330
C
102
}
330
C
100
AcDbDictionary
281
     1
  3
CAXA_DRAFT_CURRENTCUTSSTYLE
350
10B
  3
GB(17452-1998)
350
10D
  3
标准
350
10C
  0
DICTIONARY
  5
10E
102
{ACAD_REACTORS
330
C
102
}
330
C
100
AcDbDictionary
281
     1
  3
CAXA_DRAFT_CUTSSTYLEOVERRIDE
350
10F
  0
DICTIONARY
  5
11C
102
{ACAD_REACTORS
330
C
102
}
330
C
100
AcDbDictionary
281
     1
  3
CAXA_DRAFT_DATATABLE*Model_Space
350
11D
  0
DICTIONARY
  5
104
102
{ACAD_REACTORS
330
C
102
}
330
C
100
AcDbDictionary
281
     1
  3
CAXA_DRAFT_CURRENTDATUMSTYLE
350
105
  3
GB(1182-2008)
350
107
  3
标准
350
106
  0
DICTIONARY
  5
108
102
{ACAD_REACTORS
330
C
102
}
330
C
100
AcDbDictionary
281
     1
  3
CAXA_DRAFT_DATUMSTYLEOVERRIDE
350
109
  0
DICTIONARY
  5
127
102
{ACAD_REACTORS
330
C
102
}
330
C
100
AcDbDictionary
281
     1
  3
CAXA_DRAFT_DIMSTYLE_ANGTXTVPOS
350
128
  0
DICTIONARY
  5
12B
102
{ACAD_REACTORS
330
C
102
}
330
C
100
AcDbDictionary
281
     1
  3
CAXA_DRAFT_DIMSTYLE_ISDISPZEROTOL
350
12C
  0
DICTIONARY
  5
129
102
{ACAD_REACTORS
330
C
102
}
330
C
100
AcDbDictionary
281
     1
  3
CAXA_DRAFT_DIMSTYLE_ISFILLDFM
350
12A
  0
DICTIONARY
  5
12D
102
{ACAD_REACTORS
330
C
102
}
330
C
100
AcDbDictionary
281
     1
  3
CAXA_DRAFT_DIMSTYLE_SYMBOLCOLOR
350
12E
  0
DICTIONARY
  5
12F
102
{ACAD_REACTORS
330
C
102
}
330
C
100
AcDbDictionary
281
     1
  3
CAXA_DRAFT_DRAFTDATA
350
130
  0
DICTIONARY
  5
D7
102
{ACAD_REACTORS
330
C
102
}
330
C
100
AcDbDictionary
281
     1
  3
CAXA_DRAFT_FILEVERSION
350
D8
  0
DICTIONARY
  5
FE
102
{ACAD_REACTORS
330
C
102
}
330
C
100
AcDbDictionary
281
     1
  3
CAXA_DRAFT_CURRENTGEOTOLSTYLE
350
FF
  3
GB(1182-2008)
350
101
  3
标准
350
100
  0
DICTIONARY
  5
102
102
{ACAD_REACTORS
330
C
102
}
330
C
100
AcDbDictionary
281
     1
  3
CAXA_DRAFT_GEOTOLSTYLEOVERRIDE
350
103
  0
DICTIONARY
  5
EF
102
{ACAD_REACTORS
330
C
102
}
330
C
100
AcDbDictionary
281
     1
  3
CAXA_DRAFT_CURRENTLEADERSTYLE
350
F0
  3
标准
350
F1
  0
DICTIONARY
  5
110
102
{ACAD_REACTORS
330
C
102
}
330
C
100
AcDbDictionary
281
     1
  3
CAXA_DRAFT_CURRENTPARTNOSTYLE
350
111
  3
GB(4458.2-2003)
350
113
  3
标准
350
112
  0
DICTIONARY
  5
114
102
{ACAD_REACTORS
330
C
102
}
330
C
100
AcDbDictionary
281
     1
  3
CAXA_DRAFT_PARTNOSTYLEOVERRIDE
350
115
  0
DICTIONARY
  5
F8
102
{ACAD_REACTORS
330
C
102
}
330
C
100
AcDbDictionary
281
     1
  3
CAXA_DRAFT_CURRENTROUGHSTYLE
350
F9
  3
GB(131-93)
350
FB
  3
标准
350
FA
  0
DICTIONARY
  5
FC
102
{ACAD_REACTORS
330
C
102
}
330
C
100
AcDbDictionary
281
     1
  3
CAXA_DRAFT_ROUGHSTYLEOVERRIDE
350
FD
  0
DICTIONARY
  5
131
102
{ACAD_REACTORS
330
C
102
}
330
C
100
AcDbDictionary
281
     1
  3
CAXA_DRAFT_STDDATA
350
132
  0
DICTIONARY
  5
F2
102
{ACAD_REACTORS
330
C
102
}
330
C
100
AcDbDictionary
281
     1
  3
CAXA_DRAFT_CURRENTWELDSTYLE
350
F3
  3
GB(324-88)
350
F5
  3
标准
350
F4
  0
DICTIONARY
  5
F6
102
{ACAD_REACTORS
330
C
102
}
330
C
100
AcDbDictionary
281
     1
  3
CAXA_DRAFT_WELDSTYLEOVERRIDE
350
F7
  0
XRECORD
  5
13E
102
{ACAD_REACTORS
330
C
102
}
330
C
100
AcDbXrecord
280
     1
  1
DWGPROPS COOKIE
  2

  3

  4

  6

  7

  8
Marco Nie
  9

300
=
301
=
302
=
303
=
304
=
305
=
306
=
307
=
308
=
309
=
 40
0.0
 41
2461278.311684746
 42
2461278.311684769
  1

 90
        0
  0
XRECORD
  5
140
102
{ACAD_REACTORS
330
13F
102
}
330
13F
100
AcDbXrecord
280
     1
102
VTR_0.000_0.000_1.000_1.000_VISUALSTYLE
340
2F
102
VTR_0.000_0.000_1.000_1.000_GRIDDISPLAY
 70
     3
102
VTR_0.000_0.000_1.000_1.000_GRIDMAJOR
 70
     5
102
VTR_0.000_0.000_1.000_1.000_DEFAULTLIGHTING
280
     1
102
VTR_0.000_0.000_1.000_1.000_DEFAULTLIGHTINGTYPE
 70
     1
102
VTR_0.000_0.000_1.000_1.000_BRIGHTNESS
141
0.0
102
VTR_0.000_0.000_1.000_1.000_CONTRAST
142
0.0
  0
LAYOUT
  5
1E
102
{ACAD_REACTORS
330
1A
102
}
330
1A
100
AcDbPlotSettings
  1

  2
none_device
  4

  6

 40
0.0
 41
0.0
 42
0.0
 43
0.0
 44
0.0
 45
0.0
 46
0.0
 47
0.0
 48
0.0
 49
0.0
140
0.0
141
0.0
142
1.0
143
1.0
 70
   688
 72
     1
 73
     0
 74
     5
  7

 75
    16
147
1.0
148
0.0
149
0.0
100
AcDbLayout
  1
Layout1
 70
     1
 71
     1
 10
0.0
 20
0.0
 11
420.0
 21
297.0
 12
0.0
 22
0.0
 32
0.0
 14
1.000000000000000E+20
 24
1.000000000000000E+20
 34
1.000000000000000E+20
 15
-1.000000000000000E+20
 25
-1.000000000000000E+20
 35
-1.000000000000000E+20
146
0.0
 13
0.0
 23
0.0
 33
0.0
 16
1.0
 26
0.0
 36
0.0
 17
0.0
 27
1.0
 37
0.0
 76
     0
330
1B
  0
LAYOUT
  5
22
102
{ACAD_REACTORS
330
1A
102
}
102
{ACAD_XDICTIONARY
360
11E
102
}
330
1A
100
AcDbPlotSettings
  1

  2
none_device
  4
Letter_(8.50_x_11.00_Inches)
  6

 40
6.35
 41
6.35
 42
6.35000508
 43
6.35000508
 44
215.9
 45
279.4
 46
0.0
 47
0.0
 48
0.0
 49
0.0
140
0.0
141
0.0
142
1.0
143
1.0
 70
  1712
 72
     1
 73
     0
 74
     0
  7

 75
     0
147
1.0
148
0.0
149
0.0
100
AcDbLayout
  1
Model
 70
     1
 71
     0
 10
0.0
 20
0.0
 11
420.0
 21
297.0
 12
0.0
 22
0.0
 32
0.0
 14
-1301.787231400353
 24
-748.7910623354373
 34
0.0
 15
949.257398723621
 25
388.5006110018262
 35
0.0
146
0.0
 13
0.0
 23
0.0
 33
0.0
 16
1.0
 26
0.0
 36
0.0
 17
0.0
 27
1.0
 37
0.0
 76
     0
330
1F
331
29
  0
MATERIAL
  5
45
102
{ACAD_REACTORS
330
43
102
}
102
{ACAD_XDICTIONARY
360
179
102
}
330
43
100
AcDbMaterial
  1
ByBlock
  0
MATERIAL
  5
44
102
{ACAD_REACTORS
330
43
102
}
102
{ACAD_XDICTIONARY
360
177
102
}
330
43
100
AcDbMaterial
  1
ByLayer
  0
MATERIAL
  5
46
102
{ACAD_REACTORS
330
43
102
}
102
{ACAD_XDICTIONARY
360
17B
102
}
330
43
100
AcDbMaterial
  1
Global
  0
MLEADERSTYLE
  5
5C
102
{ACAD_REACTORS
330
5B
102
}
102
{ACAD_XDICTIONARY
360
17E
102
}
330
5B
100
AcDbMLeaderStyle
170
     2
171
     1
172
     0
 90
        2
 40
0.0
 41
0.0
173
     1
 91
-1056964608
340
14
 92
       -2
290
     1
 42
2.0
291
     1
 43
8.0
  3
Standard
341
0
 44
4.0
300

342
11
174
     1
178
     6
175
     1
176
     0
 93
-1056964608
 45
4.0
292
     0
297
     0
 46
4.0
343
0
 94
-1056964608
 47
1.0
 49
1.0
140
1.0
293
     1
141
0.0
294
     1
177
     0
142
1.0
295
     0
296
     0
143
3.75
1001
ACAD_MLEADERVER
1070
     2
  0
MLINESTYLE
  5
18
102
{ACAD_REACTORS
330
17
102
}
330
17
100
AcDbMlineStyle
  2
Standard
 70
     0
  3

 62
   256
 51
90.0
 52
90.0
 71
     2
 49
0.5
 62
   256
  6
BYLAYER
 49
-0.5
 62
   256
  6
BYLAYER
  0
MLINESTYLE
  5
11A
102
{ACAD_REACTORS
330
17
102
}
330
17
100
AcDbMlineStyle
  2
标准
 70
     0
  3
标准
 62
   256
 51
90.0
 52
90.0
 71
     2
 49
0.5
 62
   256
  6
BYLAYER
 49
-0.5
 62
   256
  6
BYLAYER
  0
ACDBPLACEHOLDER
  5
F
102
{ACAD_REACTORS
330
E
102
}
330
E
  0
SCALE
  5
48
102
{ACAD_REACTORS
330
47
102
}
330
47
100
AcDbScale
 70
     0
300
1:1
140
1.0
141
1.0
290
     1
  0
SCALE
  5
49
102
{ACAD_REACTORS
330
47
102
}
330
47
100
AcDbScale
 70
     0
300
1:2
140
1.0
141
2.0
290
     0
  0
SCALE
  5
4A
102
{ACAD_REACTORS
330
47
102
}
330
47
100
AcDbScale
 70
     0
300
1:4
140
1.0
141
4.0
290
     0
  0
SCALE
  5
4B
102
{ACAD_REACTORS
330
47
102
}
330
47
100
AcDbScale
 70
     0
300
1:5
140
1.0
141
5.0
290
     0
  0
SCALE
  5
4C
102
{ACAD_REACTORS
330
47
102
}
330
47
100
AcDbScale
 70
     0
300
1:8
140
1.0
141
8.0
290
     0
  0
SCALE
  5
4D
102
{ACAD_REACTORS
330
47
102
}
330
47
100
AcDbScale
 70
     0
300
1:10
140
1.0
141
10.0
290
     0
  0
SCALE
  5
4E
102
{ACAD_REACTORS
330
47
102
}
330
47
100
AcDbScale
 70
     0
300
1:16
140
1.0
141
16.0
290
     0
  0
SCALE
  5
4F
102
{ACAD_REACTORS
330
47
102
}
330
47
100
AcDbScale
 70
     0
300
1:20
140
1.0
141
20.0
290
     0
  0
SCALE
  5
50
102
{ACAD_REACTORS
330
47
102
}
330
47
100
AcDbScale
 70
     0
300
1:30
140
1.0
141
30.0
290
     0
  0
SCALE
  5
51
102
{ACAD_REACTORS
330
47
102
}
330
47
100
AcDbScale
 70
     0
300
1:40
140
1.0
141
40.0
290
     0
  0
SCALE
  5
52
102
{ACAD_REACTORS
330
47
102
}
330
47
100
AcDbScale
 70
     0
300
1:50
140
1.0
141
50.0
290
     0
  0
SCALE
  5
53
102
{ACAD_REACTORS
330
47
102
}
330
47
100
AcDbScale
 70
     0
300
1:100
140
1.0
141
100.0
290
     0
  0
SCALE
  5
54
102
{ACAD_REACTORS
330
47
102
}
330
47
100
AcDbScale
 70
     0
300
2:1
140
2.0
141
1.0
290
     0
  0
SCALE
  5
55
102
{ACAD_REACTORS
330
47
102
}
330
47
100
AcDbScale
 70
     0
300
4:1
140
4.0
141
1.0
290
     0
  0
SCALE
  5
56
102
{ACAD_REACTORS
330
47
102
}
330
47
100
AcDbScale
 70
     0
300
8:1
140
8.0
141
1.0
290
     0
  0
SCALE
  5
57
102
{ACAD_REACTORS
330
47
102
}
330
47
100
AcDbScale
 70
     0
300
10:1
140
10.0
141
1.0
290
     0
  0
SCALE
  5
58
102
{ACAD_REACTORS
330
47
102
}
330
47
100
AcDbScale
 70
     0
300
100:1
140
100.0
141
1.0
290
     0
  0
TABLESTYLE
  5
5A
102
{ACAD_REACTORS
330
59
102
}
330
59
100
AcDbTableStyle
  3
Standard
 70
     0
 71
     0
 40
1.5
 41
1.5
280
     0
281
     0
  7
Standard
140
4.5
170
     2
 62
     0
 63
   257
283
     0
274
    -2
284
     1
 64
     0
275
    -2
285
     1
 65
     0
276
    -2
286
     1
 66
     0
277
    -2
287
     1
 67
     0
278
    -2
288
     1
 68
     0
279
    -2
289
     1
 69
     0
  7
Standard
140
6.0
170
     5
 62
     0
 63
   257
283
     0
274
    -2
284
     1
 64
     0
275
    -2
285
     1
 65
     0
276
    -2
286
     1
 66
     0
277
    -2
287
     1
 67
     0
278
    -2
288
     1
 68
     0
279
    -2
289
     1
 69
     0
  7
Standard
140
4.5
170
     5
 62
     0
 63
   257
283
     0
274
    -2
284
     1
 64
     0
275
    -2
285
     1
 65
     0
276
    -2
286
     1
 66
     0
277
    -2
287
     1
 67
     0
278
    -2
288
     1
 68
     0
279
    -2
289
     1
 69
     0
  0
TABLESTYLE
  5
11B
102
{ACAD_REACTORS
330
59
102
}
330
59
100
AcDbTableStyle
  3

 70
     0
 71
     1
 40
1.5
 41
1.5
280
     0
281
     0
  7
标准
140
4.5
170
     2
 62
     0
 63
   257
283
     0
274
    -2
284
     1
 64
     0
275
    -2
285
     1
 65
     0
276
    -2
286
     1
 66
     0
277
    -2
287
     1
 67
     0
278
    -2
288
     1
 68
     0
279
    -2
289
     1
 69
     0
  7
标准
140
6.0
170
     5
 62
     0
 63
   257
283
     0
274
    -2
284
     1
 64
     0
275
    -2
285
     1
 65
     0
276
    -2
286
     1
 66
     0
277
    -2
287
     1
 67
     0
278
    -2
288
     1
 68
     0
279
    -2
289
     1
 69
     0
  7
标准
140
4.5
170
     5
 62
     0
 63
   257
283
     0
274
    -2
284
     1
 64
     0
275
    -2
285
     1
 65
     0
276
    -2
286
     1
 66
     0
277
    -2
287
     1
 67
     0
278
    -2
288
     1
 68
     0
279
    -2
289
     1
 69
     0
  0
VISUALSTYLE
  5
2F
102
{ACAD_REACTORS
330
2A
102
}
102
{ACAD_XDICTIONARY
360
14F
102
}
330
2A
100
AcDbVisualStyle
  2
2dWireframe
 70
     4
 71
     0
 72
     2
 73
     0
 90
        0
 40
0.6
 41
30.0
 62
     5
 63
     7
 74
     1
 91
        4
 64
     7
 65
   257
 75
     1
175
     1
 42
1.0
 92
        0
 66
   257
 43
1.0
 76
     1
 77
     6
 78
     2
 67
     7
 79
     5
170
     0
171
     0
290
     0
174
     0
 93
        1
 44
0.0
173
     0
291
     0
 45
0.0
1001
ACAD
1000
AcDbSavedByObjectVersion
1070
     0
  0
VISUALSTYLE
  5
32
102
{ACAD_REACTORS
330
2A
102
}
102
{ACAD_XDICTIONARY
360
155
102
}
330
2A
100
AcDbVisualStyle
  2
Basic
 70
     7
 71
     1
 72
     0
 73
     1
 90
        0
 40
0.6
 41
30.0
 62
     5
 63
     7
 74
     0
 91
        4
 64
     7
 65
   257
 75
     1
175
     1
 42
1.0
 92
        8
 66
     7
 43
1.0
 76
     1
 77
     6
 78
     2
 67
     7
 79
     5
170
     0
171
     0
290
     0
174
     0
 93
        1
 44
0.0
173
     0
291
     1
 45
0.0
1001
ACAD
1000
AcDbSavedByObjectVersion
1070
     0
  0
VISUALSTYLE
  5
36
102
{ACAD_REACTORS
330
2A
102
}
102
{ACAD_XDICTIONARY
360
15D
102
}
330
2A
100
AcDbVisualStyle
  2
Brighten
 70
    12
 71
     2
 72
     2
 73
     0
 90
        0
 40
0.6
 41
30.0
 62
     5
 63
     7
 74
     1
 91
        4
 64
     7
 65
   257
 75
     1
175
     1
 42
1.0
 92
        8
 66
     7
 43
1.0
 76
     1
 77
     6
 78
     2
 67
     7
 79
     5
170
     0
171
     0
290
     0
174
     0
 93
        1
 44
50.0
173
     0
291
     1
 45
0.0
1001
ACAD
1000
AcDbSavedByObjectVersion
1070
     0
  0
VISUALSTYLE
  5
3A
102
{ACAD_REACTORS
330
2A
102
}
102
{ACAD_XDICTIONARY
360
165
102
}
330
2A
100
AcDbVisualStyle
  2
ColorChange
 70
    16
 71
     2
 72
     2
 73
     3
 90
        0
 40
0.6
 41
30.0
 62
     5
 63
     8
 74
     1
 91
        4
 64
     7
 65
   257
 75
     1
175
     1
 42
1.0
 92
        8
 66
     8
 43
1.0
 76
     1
 77
     6
 78
     2
 67
     7
 79
     5
170
     0
171
     0
290
     0
174
     0
 93
        1
 44
0.0
173
     0
291
     1
 45
0.0
1001
ACAD
1000
AcDbSavedByObjectVersion
1070
     0
  0
VISUALSTYLE
  5
34
102
{ACAD_REACTORS
330
2A
102
}
102
{ACAD_XDICTIONARY
360
159
102
}
330
2A
100
AcDbVisualStyle
  2
Conceptual
 70
     9
 71
     3
 72
     2
 73
     0
 90
        0
 40
0.6
 41
30.0
 62
     5
 63
     7
 74
     2
 91
        2
 64
     7
 65
   257
 75
     1
175
     1
 42
179.0
 92
        8
 66
     7
 43
1.0
 76
     1
 77
     6
 78
     2
 67
     7
 79
     3
170
     0
171
     0
290
     0
174
     0
 93
        1
 44
0.0
173
     0
291
     0
 45
0.0
1001
ACAD
1000
AcDbSavedByObjectVersion
1070
     0
  0
VISUALSTYLE
  5
35
102
{ACAD_REACTORS
330
2A
102
}
102
{ACAD_XDICTIONARY
360
15B
102
}
330
2A
100
AcDbVisualStyle
  2
Dim
 70
    11
 71
     2
 72
     2
 73
     0
 90
        0
 40
0.6
 41
30.0
 62
     5
 63
     7
 74
     1
 91
        4
 64
     7
 65
   257
 75
     1
175
     1
 42
1.0
 92
        8
 66
     7
 43
1.0
 76
     1
 77
     6
 78
     2
 67
     7
 79
     5
170
     0
171
     0
290
     0
174
     0
 93
        1
 44
-50.0
173
     0
291
     1
 45
0.0
1001
ACAD
1000
AcDbSavedByObjectVersion
1070
     0
  0
VISUALSTYLE
  5
3D
102
{ACAD_REACTORS
330
2A
102
}
102
{ACAD_XDICTIONARY
360
16B
102
}
330
2A
100
AcDbVisualStyle
  2
EdgeColorOff
 70
    22
 71
     2
 72
     2
 73
     0
 90
        0
 40
0.6
 41
30.0
 62
     5
 63
     7
 74
     1
 91
        4
 64
     7
 65
   257
 75
     1
175
     1
 42
1.0
 92
        8
 66
     7
 43
1.0
 76
     1
 77
     6
 78
     2
 67
     7
 79
     5
170
     0
171
     0
290
     0
174
     0
 93
        1
 44
0.0
173
     0
291
     1
 45
0.0
1001
ACAD
1000
AcDbSavedByObjectVersion
1070
     0
  0
VISUALSTYLE
  5
39
102
{ACAD_REACTORS
330
2A
102
}
102
{ACAD_XDICTIONARY
360
163
102
}
330
2A
100
AcDbVisualStyle
  2
Facepattern
 70
    15
 71
     2
 72
     2
 73
     0
 90
        0
 40
0.6
 41
30.0
 62
     5
 63
     7
 74
     1
 91
        4
 64
     7
 65
   257
 75
     1
175
     1
 42
1.0
 92
        8
 66
     7
 43
1.0
 76
     1
 77
     6
 78
     2
 67
     7
 79
     5
170
     0
171
     0
290
     0
174
     0
 93
        1
 44
0.0
173
     0
291
     1
 45
0.0
1001
ACAD
1000
AcDbSavedByObjectVersion
1070
     0
  0
VISUALSTYLE
  5
2B
102
{ACAD_REACTORS
330
2A
102
}
102
{ACAD_XDICTIONARY
360
147
102
}
330
2A
100
AcDbVisualStyle
  2
Flat
 70
     0
 71
     2
 72
     1
 73
     1
 90
        2
 40
0.6
 41
30.0
 62
     5
 63
     7
 74
     0
 91
        0
 64
     7
 65
   257
 75
     1
175
     1
 42
1.0
 92
        8
 66
     7
 43
1.0
 76
     1
 77
     6
 78
     2
 67
     7
 79
     5
170
     0
171
     0
290
     0
174
     0
 93
       13
 44
0.0
173
     0
291
     1
 45
0.0
1001
ACAD
1000
AcDbSavedByObjectVersion
1070
     0
  0
VISUALSTYLE
  5
2C
102
{ACAD_REACTORS
330
2A
102
}
102
{ACAD_XDICTIONARY
360
149
102
}
330
2A
100
AcDbVisualStyle
  2
FlatWithEdges
 70
     1
 71
     2
 72
     1
 73
     1
 90
        2
 40
0.6
 41
30.0
 62
     5
 63
     7
 74
     1
 91
        0
 64
     7
 65
   257
 75
     1
175
     1
 42
1.0
 92
        0
 66
   257
 43
1.0
 76
     1
 77
     6
 78
     2
 67
     7
 79
     5
170
     0
171
     0
290
     0
174
     0
 93
       13
 44
0.0
173
     0
291
     1
 45
0.0
1001
ACAD
1000
AcDbSavedByObjectVersion
1070
     0
  0
VISUALSTYLE
  5
2D
102
{ACAD_REACTORS
330
2A
102
}
102
{ACAD_XDICTIONARY
360
14B
102
}
330
2A
100
AcDbVisualStyle
  2
Gouraud
 70
     2
 71
     2
 72
     2
 73
     1
 90
        2
 40
0.6
 41
30.0
 62
     5
 63
     7
 74
     0
 91
        0
 64
     7
 65
   257
 75
     1
175
     1
 42
1.0
 92
        0
 66
     7
 43
1.0
 76
     1
 77
     6
 78
     2
 67
     7
 79
     5
170
     0
171
     0
290
     0
174
     0
 93
       13
 44
0.0
173
     0
291
     1
 45
0.0
1001
ACAD
1000
AcDbSavedByObjectVersion
1070
     0
  0
VISUALSTYLE
  5
2E
102
{ACAD_REACTORS
330
2A
102
}
102
{ACAD_XDICTIONARY
360
14D
102
}
330
2A
100
AcDbVisualStyle
  2
GouraudWithEdges
 70
     3
 71
     2
 72
     2
 73
     1
 90
        2
 40
0.6
 41
30.0
 62
     5
 63
     7
 74
     1
 91
        0
 64
     7
 65
   257
 75
     1
175
     1
 42
1.0
 92
        0
 66
   257
 43
1.0
 76
     1
 77
     6
 78
     2
 67
     7
 79
     5
170
     0
171
     0
290
     0
174
     0
 93
       13
 44
0.0
173
     0
291
     1
 45
0.0
1001
ACAD
1000
AcDbSavedByObjectVersion
1070
     0
  0
VISUALSTYLE
  5
31
102
{ACAD_REACTORS
330
2A
102
}
102
{ACAD_XDICTIONARY
360
153
102
}
330
2A
100
AcDbVisualStyle
  2
Hidden
 70
     6
 71
     1
 72
     2
 73
     2
 90
        0
 40
0.6
 41
30.0
 62
     5
 63
     7
 74
     2
 91
        2
 64
     7
 65
   257
 75
     2
175
     1
 42
40.0
 92
        0
 66
   257
 43
1.0
 76
     1
 77
     6
 78
     2
 67
     7
 79
     3
170
     0
171
     0
290
     0
174
     0
 93
        1
 44
0.0
173
     0
291
     0
 45
0.0
1001
ACAD
1000
AcDbSavedByObjectVersion
1070
     0
  0
VISUALSTYLE
  5
3B
102
{ACAD_REACTORS
330
2A
102
}
102
{ACAD_XDICTIONARY
360
167
102
}
330
2A
100
AcDbVisualStyle
  2
JitterOff
 70
    20
 71
     2
 72
     2
 73
     0
 90
        0
 40
0.6
 41
30.0
 62
     5
 63
     7
 74
     1
 91
        4
 64
     7
 65
   257
 75
     1
175
     1
 42
1.0
 92
       10
 66
     7
 43
1.0
 76
     1
 77
     6
 78
     2
 67
     7
 79
     5
170
     0
171
     0
290
     0
174
     0
 93
        1
 44
0.0
173
     0
291
     1
 45
0.0
1001
ACAD
1000
AcDbSavedByObjectVersion
1070
     0
  0
VISUALSTYLE
  5
38
102
{ACAD_REACTORS
330
2A
102
}
102
{ACAD_XDICTIONARY
360
161
102
}
330
2A
100
AcDbVisualStyle
  2
Linepattern
 70
    14
 71
     2
 72
     2
 73
     0
 90
        0
 40
0.6
 41
30.0
 62
     5
 63
     7
 74
     1
 91
        4
 64
     7
 65
   257
 75
     7
175
     7
 42
1.0
 92
        8
 66
     7
 43
1.0
 76
     1
 77
     6
 78
     2
 67
     7
 79
     5
170
     0
171
     0
290
     0
174
     0
 93
        1
 44
0.0
173
     0
291
     1
 45
0.0
1001
ACAD
1000
AcDbSavedByObjectVersion
1070
     0
  0
VISUALSTYLE
  5
3C
102
{ACAD_REACTORS
330
2A
102
}
102
{ACAD_XDICTIONARY
360
169
102
}
330
2A
100
AcDbVisualStyle
  2
OverhangOff
 70
    21
 71
     2
 72
     2
 73
     0
 90
        0
 40
0.6
 41
30.0
 62
     5
 63
     7
 74
     1
 91
        4
 64
     7
 65
   257
 75
     1
175
     1
 42
1.0
 92
        9
 66
     7
 43
1.0
 76
     1
 77
     6
 78
     2
 67
     7
 79
     5
170
     0
171
     0
290
     0
174
     0
 93
        1
 44
0.0
173
     0
291
     1
 45
0.0
1001
ACAD
1000
AcDbSavedByObjectVersion
1070
     0
  0
VISUALSTYLE
  5
33
102
{ACAD_REACTORS
330
2A
102
}
102
{ACAD_XDICTIONARY
360
157
102
}
330
2A
100
AcDbVisualStyle
  2
Realistic
 70
     8
 71
     2
 72
     3
 73
     0
 90
        2
 40
0.6
 41
30.0
 62
     5
 63
     7
 74
     0
 91
        0
 64
     7
 65
   257
 75
     1
175
     1
 42
1.0
 92
        8
 66
   257
 43
1.0
 76
     1
 77
     6
 78
     2
 67
     7
 79
     3
170
     0
171
     0
290
     0
174
     0
 93
       13
 44
0.0
173
     0
291
     0
 45
0.0
1001
ACAD
1000
AcDbSavedByObjectVersion
1070
     0
  0
VISUALSTYLE
  5
42
102
{ACAD_REACTORS
330
2A
102
}
102
{ACAD_XDICTIONARY
360
175
102
}
330
2A
100
AcDbVisualStyle
  2
Shaded
 70
    27
 71
     2
 72
     2
 73
     1
 90
        2
 40
0.6
 41
30.0
 62
     5
 63
     7
 74
     0
 91
        4
 64
     7
 65
   257
 75
     1
175
     1
 42
1.0
 92
        8
 66
   257
 43
1.0
 76
     1
 77
     6
 78
     2
 67
     8
 79
     3
170
     0
171
     0
290
     0
174
     0
 93
        5
 44
0.0
173
     0
291
     0
 45
0.0
1001
ACAD
1000
AcDbSavedByObjectVersion
1070
     0
  0
VISUALSTYLE
  5
41
102
{ACAD_REACTORS
330
2A
102
}
102
{ACAD_XDICTIONARY
360
173
102
}
330
2A
100
AcDbVisualStyle
  2
Shaded with edges
 70
    26
 71
     2
 72
     2
 73
     1
 90
        2
 40
0.6
 41
30.0
 62
     5
 63
     7
 74
     1
 91
       10
 64
     7
 65
   257
 75
     2
175
     1
 42
1.0
 92
        8
 66
   257
 43
1.0
 76
     1
 77
     6
 78
     2
 67
     7
 79
     3
170
     0
171
     0
290
     0
174
     0
 93
        5
 44
0.0
173
     0
291
     0
 45
0.0
1001
ACAD
1000
AcDbSavedByObjectVersion
1070
     0
  0
VISUALSTYLE
  5
3E
102
{ACAD_REACTORS
330
2A
102
}
102
{ACAD_XDICTIONARY
360
16D
102
}
330
2A
100
AcDbVisualStyle
  2
Shades of Gray
 70
    23
 71
     2
 72
     2
 73
     3
 90
        0
 40
0.6
 41
30.0
 62
     5
 63
     7
 74
     2
 91
        2
 64
     7
 65
     7
 75
     1
175
     1
 42
40.0
 92
        8
 66
     7
 43
1.0
 76
     1
 77
     6
 78
     2
 67
     7
 79
     3
170
     0
171
     0
290
     0
174
     0
 93
        1
 44
0.0
173
     0
291
     0
 45
0.0
1001
ACAD
1000
AcDbSavedByObjectVersion
1070
     0
  0
VISUALSTYLE
  5
3F
102
{ACAD_REACTORS
330
2A
102
}
102
{ACAD_XDICTIONARY
360
16F
102
}
330
2A
100
AcDbVisualStyle
  2
Sketchy
 70
    24
 71
     1
 72
     2
 73
     2
 90
        0
 40
0.6
 41
30.0
 62
     5
 63
     7
 74
     2
 91
        2
 64
     7
 65
     7
 75
     1
175
     1
 42
40.0
 92
       11
 66
     7
 43
1.0
 76
     1
 77
     6
 78
     2
 67
     7
 79
     6
170
     0
171
     0
290
     0
174
     0
 93
        1
 44
0.0
173
     0
291
     0
 45
0.0
1001
ACAD
1000
AcDbSavedByObjectVersion
1070
     0
  0
VISUALSTYLE
  5
37
102
{ACAD_REACTORS
330
2A
102
}
102
{ACAD_XDICTIONARY
360
15F
102
}
330
2A
100
AcDbVisualStyle
  2
Thicken
 70
    13
 71
     2
 72
     2
 73
     0
 90
        0
 40
0.6
 41
30.0
 62
     5
 63
     7
 74
     1
 91
        4
 64
     7
 65
   257
 75
     1
175
     1
 42
1.0
 92
       12
 66
     7
 43
1.0
 76
     1
 77
     6
 78
     2
 67
     7
 79
     5
170
     0
171
     0
290
     0
174
     0
 93
        1
 44
0.0
173
     0
291
     1
 45
0.0
1001
ACAD
1000
AcDbSavedByObjectVersion
1070
     0
  0
VISUALSTYLE
  5
30
102
{ACAD_REACTORS
330
2A
102
}
102
{ACAD_XDICTIONARY
360
151
102
}
330
2A
100
AcDbVisualStyle
  2
Wireframe
 70
     5
 71
     0
 72
     2
 73
     0
 90
        0
 40
0.6
 41
30.0
 62
     5
 63
     7
 74
     1
 91
        4
 64
     7
 65
   257
 75
     1
175
     1
 42
1.0
 92
        0
 66
   257
 43
1.0
 76
     1
 77
     6
 78
     2
 67
     7
 79
     3
170
     0
171
     0
290
     0
174
     0
 93
        1
 44
0.0
173
     0
291
     0
 45
0.0
1001
ACAD
1000
AcDbSavedByObjectVersion
1070
     0
  0
VISUALSTYLE
  5
40
102
{ACAD_REACTORS
330
2A
102
}
102
{ACAD_XDICTIONARY
360
171
102
}
330
2A
100
AcDbVisualStyle
  2
X-Ray
 70
    25
 71
     2
 72
     2
 73
     1
 90
        1
 40
0.5
 41
30.0
 62
     5
 63
     7
 74
     1
 91
        0
 64
     7
 65
   257
 75
     1
175
     1
 42
1.0
 92
        8
 66
     7
 43
1.0
 76
     1
 77
     6
 78
     2
 67
     7
 79
     3
170
     0
171
     0
290
     0
174
     0
 93
       13
 44
0.0
173
     0
291
     0
 45
0.0
1001
ACAD
1000
AcDbSavedByObjectVersion
1070
     0
  0
DICTIONARYVAR
  5
145
102
{ACAD_REACTORS
330
133
102
}
330
133
100
DictionaryVariables
280
     0
  1
1:1
  0
DICTIONARYVAR
  5
13A
102
{ACAD_REACTORS
330
133
102
}
330
133
100
DictionaryVariables
280
     0
  1
3.500000
  0
DICTIONARYVAR
  5
13B
102
{ACAD_REACTORS
330
133
102
}
330
133
100
DictionaryVariables
280
     0
  1
acadiso.lin
  0
DICTIONARYVAR
  5
135
102
{ACAD_REACTORS
330
133
102
}
330
133
100
DictionaryVariables
280
     0
  1
Standard
  0
DICTIONARYVAR
  5
134
102
{ACAD_REACTORS
330
133
102
}
330
133
100
DictionaryVariables
280
     0
  1
Standard
  0
DICTIONARYVAR
  5
13C
102
{ACAD_REACTORS
330
133
102
}
330
133
100
DictionaryVariables
280
     0
  1
2
  0
DICTIONARYVAR
  5
13D
102
{ACAD_REACTORS
330
133
102
}
330
133
100
DictionaryVariables
280
     0
  1
1
  0
DICTIONARYVAR
  5
146
102
{ACAD_REACTORS
330
133
102
}
330
133
100
DictionaryVariables
280
     0
  1
1
  0
DICTIONARYVAR
  5
137
102
{ACAD_REACTORS
330
133
102
}
330
133
100
DictionaryVariables
280
     0
  1
80.000000
  0
DICTIONARYVAR
  5
136
102
{ACAD_REACTORS
330
133
102
}
330
133
100
DictionaryVariables
280
     0
  1
5.000000
  0
XRECORD
  5
117
102
{ACAD_REACTORS
330
116
102
}
330
116
100
AcDbXrecord
280
     1
1000

1000
CAXA_DRAFT_CURRENTBOMSTYLE
1000
标准
  0
XRECORD
  5
119
102
{ACAD_REACTORS
330
116
102
}
330
116
100
AcDbXrecord
280
     1
1000

1000
CAXA_DRAFT_BOMSTYLE
1000
GB(4458.2-2003)
1000

1041
7.0
1071
        0
1071
     1011
1041
1.66
1041
0.5
1071
1090519039
1071
1090519039
1071
1090519039
1071
1090519039
1041
3.5
1000
标准
1000
Continuous
1041
0.5
1071
        4
1041
0.5
1071
        4
1041
0.5
1071
        4
1041
0.5
1071
        4
1041
0.5
1071
        4
1041
0.25
1071
        3
1041
0.5
1071
        4
1041
0.5
1071
        4
1041
0.5
1071
        4
1041
0.5
1071
        4
1041
0.5
1071
        4
1041
0.25
1071
        3
1070
     0
1071
       10
1000
序号
1000
IndexID
1000

1071
       10
1071
       16
1070
     2
1070
     0
1041
0.0
1041
0.0
1041
0.0
1041
8.0
1041
14.0
1041
1.66
1041
0.5
1041
5.0
1000
标准
1071
        4
1070
     3
1071
     1001
1000
代号
1000
PCPNo
1000

1071
       10
1071
       32
1070
     2
1070
     0
1041
8.0
1041
0.0
1041
0.0
1041
40.0
1041
14.0
1041
1.66
1041
0.5
1041
5.0
1000
标准
1071
        4
1070
     3
1071
     1002
1000
名称
1000
PCPName
1000

1071
       10
1071
       32
1070
     2
1070
     0
1041
48.0
1041
0.0
1041
0.0
1041
44.0
1041
14.0
1041
1.66
1041
0.5
1041
5.0
1000
标准
1071
        4
1070
     3
1071
     1003
1000
数量
1000
Amount
1000

1071
        3
1071
       32
1070
     2
1070
     0
1041
92.0
1041
0.0
1041
0.0
1041
8.0
1041
14.0
1041
1.66
1041
0.5
1041
5.0
1000
标准
1071
        4
1070
     3
1071
     1004
1000
材料
1000
MaterialName
1000

1071
       10
1071
       32
1070
     2
1070
     0
1041
100.0
1041
0.0
1041
0.0
1041
38.0
1041
14.0
1041
1.66
1041
0.5
1041
5.0
1000
标准
1071
        4
1070
     3
1071
     1005
1000
重量
1000

1000

1071
        7
1071
       32
1070
     2
1070
     0
1041
138.0
1041
0.0
1041
0.0
1041
22.0
1041
7.0
1041
1.66
1041
0.5
1041
3.5
1000
标准
1071
        4
1070
     3
1071
     1006
1000
单件
1000
Weight
1000

1071
        7
1071
       32
1070
     2
1070
     1
1041
138.0
1041
7.0
1041
0.0
1041
10.0
1041
7.0
1041
1.66
1041
0.5
1041
3.5
1000
标准
1071
        4
1070
     3
1071
     1007
1000
总计
1000
TWeight
1000

1071
        7
1071
       32
1070
     2
1070
     1
1041
148.0
1041
7.0
1041
0.0
1041
12.0
1041
7.0
1041
1.66
1041
0.5
1041
3.5
1000
标准
1071
        4
1070
     3
1071
     1008
1000
备注
1000
Remark
1000

1071
       10
1071
       50
1070
     2
1070
     0
1041
160.0
1041
0.0
1041
0.0
1041
20.0
1041
14.0
1041
1.66
1041
0.5
1041
5.0
1000
标准
1071
        4
1070
     3
1071
     1009
1000
来源
1000
Source
1000

1071
       10
1071
       32
1070
     2
1070
     0
1041
180.0
1041
0.0
1041
0.0
1041
0.0
1041
14.0
1041
1.66
1041
0.5
1041
5.0
1000
标准
1071
        4
1070
     3
1071
     1010
1071
1090519039
1071
1090519039
1071
1090519039
1071
        1
1071
        7
1000
代号
1000
名称
1000
材料
1000
单件
1000
总计
1000
备注
1000
来源
1071
        1
1000
数量
1071
1090519039
1041
1.75
1041
0.875
1041
1.2
1041
1.2
1041
1.75
1041
0.875
1041
1.2
1041
1.2
  0
XRECORD
  5
118
102
{ACAD_REACTORS
330
116
102
}
330
116
100
AcDbXrecord
280
     1
1000

1000
CAXA_DRAFT_BOMSTYLE
1000
标准
1000

1041
7.0
1071
        0
1071
     1011
1041
1.66
1041
0.5
1071
1090519039
1071
1090519039
1071
1090519039
1071
1090519039
1041
3.5
1000
标准
1000
Continuous
1041
0.5
1071
        4
1041
0.5
1071
        4
1041
0.5
1071
        4
1041
0.5
1071
        4
1041
0.5
1071
        4
1041
0.25
1071
        3
1041
0.5
1071
        4
1041
0.5
1071
        4
1041
0.5
1071
        4
1041
0.5
1071
        4
1041
0.5
1071
        4
1041
0.25
1071
        3
1070
     0
1071
       10
1000
序号
1000
IndexID
1000

1071
       10
1071
       16
1070
     2
1070
     0
1041
0.0
1041
0.0
1041
0.0
1041
8.0
1041
14.0
1041
1.66
1041
0.5
1041
5.0
1000
标准
1071
        4
1070
     3
1071
     1001
1000
代号
1000
PCPNo
1000

1071
       10
1071
       32
1070
     2
1070
     0
1041
8.0
1041
0.0
1041
0.0
1041
40.0
1041
14.0
1041
1.66
1041
0.5
1041
5.0
1000
标准
1071
        4
1070
     3
1071
     1002
1000
名称
1000
PCPName
1000

1071
       10
1071
       32
1070
     2
1070
     0
1041
48.0
1041
0.0
1041
0.0
1041
44.0
1041
14.0
1041
1.66
1041
0.5
1041
5.0
1000
标准
1071
        4
1070
     3
1071
     1003
1000
数量
1000
Amount
1000

1071
        3
1071
       32
1070
     2
1070
     0
1041
92.0
1041
0.0
1041
0.0
1041
8.0
1041
14.0
1041
1.66
1041
0.5
1041
5.0
1000
标准
1071
        4
1070
     3
1071
     1004
1000
材料
1000
MaterialName
1000

1071
       10
1071
       32
1070
     2
1070
     0
1041
100.0
1041
0.0
1041
0.0
1041
38.0
1041
14.0
1041
1.66
1041
0.5
1041
5.0
1000
标准
1071
        4
1070
     3
1071
     1005
1000
重量
1000

1000

1071
        7
1071
       32
1070
     2
1070
     0
1041
138.0
1041
0.0
1041
0.0
1041
22.0
1041
7.0
1041
1.66
1041
0.5
1041
3.5
1000
标准
1071
        4
1070
     3
1071
     1006
1000
单件
1000
Weight
1000

1071
        7
1071
       32
1070
     2
1070
     1
1041
138.0
1041
7.0
1041
0.0
1041
10.0
1041
7.0
1041
1.66
1041
0.5
1041
3.5
1000
标准
1071
        4
1070
     3
1071
     1007
1000
总计
1000
TWeight
1000

1071
        7
1071
       32
1070
     2
1070
     1
1041
148.0
1041
7.0
1041
0.0
1041
12.0
1041
7.0
1041
1.66
1041
0.5
1041
3.5
1000
标准
1071
        4
1070
     3
1071
     1008
1000
备注
1000
Remark
1000

1071
       10
1071
       50
1070
     2
1070
     0
1041
160.0
1041
0.0
1041
0.0
1041
20.0
1041
14.0
1041
1.66
1041
0.5
1041
5.0
1000
标准
1071
        4
1070
     3
1071
     1009
1000
来源
1000
Source
1000

1071
       10
1071
       32
1070
     2
1070
     0
1041
180.0
1041
0.0
1041
0.0
1041
0.0
1041
14.0
1041
1.66
1041
0.5
1041
5.0
1000
标准
1071
        4
1070
     3
1071
     1010
1071
1090519039
1071
1090519039
1071
1090519039
1071
        1
1071
        7
1000
代号
1000
名称
1000
材料
1000
单件
1000
总计
1000
备注
1000
来源
1071
        1
1000
数量
1071
1090519039
1041
1.75
1041
0.875
1041
1.2
1041
1.2
1041
1.75
1041
0.875
1041
1.2
1041
1.2
  0
XRECORD
  5
10B
102
{ACAD_REACTORS
330
10A
102
}
330
10A
100
AcDbXrecord
280
     1
1000

1000
CAXA_DRAFT_CURRENTCUTSSTYLE
1000
标准
  0
XRECORD
  5
10D
102
{ACAD_REACTORS
330
10A
102
}
330
10A
100
AcDbXrecord
280
     1
1000

1000
CAXA_DRAFT_CUTSSTYLE
1000
GB(17452-1998)
1000

1071
1090519039
1041
0.3499999940395355
1041
5.0
1000
标准
1070
     1
1041
4.0
1071
1090519039
1070
     0
1070
     0
1071
1090519039
1041
3.5
1070
     1
1041
1.0
1070
     0
1000
Dash Dot
1071
        1
  0
XRECORD
  5
10C
102
{ACAD_REACTORS
330
10A
102
}
330
10A
100
AcDbXrecord
280
     1
1000

1000
CAXA_DRAFT_CUTSSTYLE
1000
标准
1000

1071
1090519039
1041
0.3499999940395355
1041
5.0
1000
标准
1070
     1
1041
4.0
1071
1090519039
1070
     0
1070
     0
1071
1090519039
1041
3.5
1070
     1
1041
1.0
1070
     0
1000
Dash Dot
1071
        1
  0
XRECORD
  5
10F
102
{ACAD_REACTORS
330
10E
102
}
330
10E
100
AcDbXrecord
280
     1
1000

1000
CAXA_DRAFT_CUTSSTYLEOVERRIDE
1070
     0
1070
     0
1070
     0
1070
     0
1070
     0
1070
     0
1070
     0
1070
     0
1070
     0
1070
     0
1070
     0
1070
     0
1070
     0
1070
     0
1070
     0
1070
     0
1070
     0
  0
XRECORD
  5
11D
102
{ACAD_REACTORS
330
11C
102
}
330
11C
100
AcDbXrecord
280
     1
1000

1000
CAXA_DRAFT_DATATABLE*Model_Space
1071
      101
1071
        2
1071
        0
1071
        0
1071
        0
1071
        9
1000
序号
1071
     1001
1000
代号
1071
     1002
1000
名称
1071
     1003
1000
数量
1071
     1004
1000
材料
1071
     1005
1000
单件
1071
     1007
1000
总计
1071
     1008
1000
备注
1071
     1009
1000
来源
1071
     1010
1000
序号
1070
     1
1000

1070
     1
1000

1070
     1
1000

1070
     1
1000

1070
     1
1071
        0
1071
        7
1000
代号
1000
名称
1000
材料
1000
单件
1000
总计
1000
备注
1000
来源
1071
        1
1000
数量
1071
        0
1000

1000

1070
     1
1000
标准
1071
        0
1071
        0
  0
XRECORD
  5
105
102
{ACAD_REACTORS
330
104
102
}
330
104
100
AcDbXrecord
280
     1
1000

1000
CAXA_DRAFT_CURRENTDATUMSTYLE
1000
标准
  0
XRECORD
  5
107
102
{ACAD_REACTORS
330
104
102
}
330
104
100
AcDbXrecord
280
     1
1000

1000
CAXA_DRAFT_DATUMSTYLE
1000
GB(1182-2008)
1000

1070
     2
1071
1090519039
1071
1090519039
1041
3.5
1041
1.0
1000
标准
1000
标准
1071
1090519039
1070
     0
1041
0.0
1071
        1
1071
1090519039
1070
     1
1071
        1
  0
XRECORD
  5
106
102
{ACAD_REACTORS
330
104
102
}
330
104
100
AcDbXrecord
280
     1
1000

1000
CAXA_DRAFT_DATUMSTYLE
1000
标准
1000

1070
     2
1071
1090519039
1071
1090519039
1041
3.5
1041
1.0
1000
标准
1000
标准
1071
1090519039
1070
     0
1041
0.0
1071
        1
1071
1090519039
1070
     1
1071
        1
  0
XRECORD
  5
109
102
{ACAD_REACTORS
330
108
102
}
330
108
100
AcDbXrecord
280
     1
1000

1000
CAXA_DRAFT_DATUMSTYLEOVERRIDE
1070
     0
1070
     0
1070
     0
1070
     0
1070
     0
1070
     0
1070
     0
1070
     0
1070
     0
1070
     0
1070
     0
1070
     0
1070
     0
1070
     0
1070
     0
1070
     0
  0
XRECORD
  5
128
102
{ACAD_REACTORS
330
127
102
}
330
127
100
AcDbXrecord
280
     1
1000

1000
CAXA_DRAFT_DIMSTYLE_ANGTXTVPOS
1070
     1
  0
XRECORD
  5
12C
102
{ACAD_REACTORS
330
12B
102
}
330
12B
100
AcDbXrecord
280
     1
1000

1000
CAXA_DRAFT_DIMSTYLE_ISDISPZEROTOL
1070
     0
  0
XRECORD
  5
12A
102
{ACAD_REACTORS
330
129
102
}
330
129
100
AcDbXrecord
280
     1
1000

1000
CAXA_DRAFT_DIMSTYLE_ISFILLDFM
1070
     1
  0
XRECORD
  5
12E
102
{ACAD_REACTORS
330
12D
102
}
330
12D
100
AcDbXrecord
280
     1
1000

1000
CAXA_DRAFT_DIMSTYLE_SYMBOLCOLOR
1071
1090519039
  0
XRECORD
  5
130
102
{ACAD_REACTORS
330
12F
102
}
330
12F
100
AcDbXrecord
280
     1
1000
CAXA_DRAFT_DRAFTDATA
1071
     1003
1004
0800000030002E003000000026000000430061007800610044007200610066007400200044006F00630075006D0065006E00740000001A000000310039002E0030002E0030002E003100390035003600340000005C00000043006F007000790072006900670068007400200028006300290020003200300032003400200043
1004
004100580041002E00200041006C006C0020007200690067006800740073002000720065007300650072007600650064002E00000083A6E76709E21347AB88FCB8A1AE27C40000000000000000000000000000000000000000EA070800020019000F001C003100340201000000020000000000000000000000000000000000
1004
00
1004
00000000000000000000000000000000000000000000000000000000000000000000000000000000000000000000000000000000000000000000000000000000000000000000000000000000000000000000000000000000000000000000000000000000000000000000000000000000000000000000000000000000000000
1004
00000000000000000000004E0000008F00E5002700F600C300920026008B00C700FE0055008100C400EA003D008700C300E20023009E00B500910028008B00D90095005300F100CC0092002100F200B100E1002700F000C000AE00000000000000000000000800000030002E00300000000000000000000000000000000000
1004
00
1004
00000000000000000000000000000000000000000000000000000000000000000000000000000000000000000000000000000000000000000000000000000000000000000000000000000000000000000000000000000000000000000000000000000000000000000000000000000000000000000000000000000000000000
1004
000000000000000000000000000000000000000000000800000030002E0030000000000000000000000000000000000000000000000000000000000000000000000000000000000000000000000000000000000000000000000000000000000000000000000000000000000000000000000000000000000000000000000000
1004
00
1004
0000000000000000000000000000000000000000000000000000000000000000000000000000000000000000000000000000000000000000000000000000000000000800000030002E003000000000000000000000000000000000000000000000000000000000000000000000000000000000000000000000000000000000
1004
000000000000000000000000000000000000000000000000000000000000000000000000000000000000000000000000000000000000000000000000000000000000000000000000000000000000000000000000000000000000000000000000000000000000000000000000000000
  0
XRECORD
  5
D8
102
{ACAD_REACTORS
330
D7
102
}
330
D7
100
AcDbXrecord
280
     1
1000
CAXA_DRAFT_FILEVERSION
1000
19.0.0.19564
1000
10.1.0.000
1000
18.0.0.000.20170220
  0
XRECORD
  5
FF
102
{ACAD_REACTORS
330
FE
102
}
330
FE
100
AcDbXrecord
280
     1
1000

1000
CAXA_DRAFT_CURRENTGEOTOLSTYLE
1000
标准
  0
XRECORD
  5
101
102
{ACAD_REACTORS
330
FE
102
}
330
FE
100
AcDbXrecord
280
     1
1000

1000
CAXA_DRAFT_GEOTOLSTYLE
1000
GB(1182-2008)
1000

1000
标准
1000
标准
1070
     1
1070
     0
1070
     0
1070
     0
1070
     1
1070
     0
1070
     3
1000
.蕵
1070
     0
1070
     1
1070
     0
1070
     0
1070
     0
1070
     3
1041
1.0
1000
.
1070
     0
1070
     1
1070
     0
1000
Continuous
1071
1090519039
1071
1090519039
1041
3.5
1071
1090519039
1041
1.0
1071
1090519039
1071
        1
1070
     0
1070
     0
  0
XRECORD
  5
100
102
{ACAD_REACTORS
330
FE
102
}
330
FE
100
AcDbXrecord
280
     1
1000

1000
CAXA_DRAFT_GEOTOLSTYLE
1000
标准
1000

1000
标准
1000
标准
1070
     1
1070
     0
1070
     0
1070
     0
1070
     1
1070
     0
1070
     3
1000
.蕵翸
1070
     0
1070
     1
1070
     0
1070
     0
1070
     0
1070
     3
1041
1.0
1000
.
1070
     0
1070
     1
1070
     0
1000
Continuous
1071
1090519039
1071
1090519039
1041
3.5
1071
1090519039
1041
1.0
1071
1090519039
1071
        1
1070
     0
1070
     0
  0
XRECORD
  5
103
102
{ACAD_REACTORS
330
102
102
}
330
102
100
AcDbXrecord
280
     1
1000

1000
CAXA_DRAFT_GEOTOLSTYLEOVERRIDE
1070
     0
1070
     0
1070
     0
1070
     0
1070
     0
1070
     0
1070
     0
1070
     0
1070
     0
1070
     0
1070
     0
1070
     0
1070
     0
1070
     0
1070
     0
1070
     0
1070
     0
1070
     0
1070
     0
1070
     0
1070
     0
1070
     0
1070
     0
1070
     0
1070
     0
1070
     0
1070
     0
1070
     0
1070
     0
1070
     0
  0
XRECORD
  5
F0
102
{ACAD_REACTORS
330
EF
102
}
330
EF
100
AcDbXrecord
280
     1
1000

1000
CAXA_DRAFT_CURRENTLEADERSTYLE
1000
标准
  0
XRECORD
  5
F1
102
{ACAD_REACTORS
330
EF
102
}
330
EF
100
AcDbXrecord
280
     1
1000

1000
CAXA_DRAFT_LEADERSTYLE
1000
标准
1000

1070
     1
1041
4.0
1041
0.0
1041
0.0
1041
3.5
1000
Continuous
1071
1090519039
1041
3.5
1070
     1
  0
XRECORD
  5
111
102
{ACAD_REACTORS
330
110
102
}
330
110
100
AcDbXrecord
280
     1
1000

1000
CAXA_DRAFT_CURRENTPARTNOSTYLE
1000
标准
  0
XRECORD
  5
113
102
{ACAD_REACTORS
330
110
102
}
330
110
100
AcDbXrecord
280
     1
1000

1000
CAXA_DRAFT_PARTNOSTYLE
1000
GB(4458.2-2003)
1000

1071
        0
1000
标准
1000
ByLayer
1041
5.0
1041
0.5
1071
        3
1041
2.0
1041
5.0
1041
10.0
1041
1.2
1041
1.1
1041
1.1
1071
        0
1000

1071
       -1
1071
       -1
1041
4.0
1041
1.0
1041
0.7
1041
0.9
1071
        1
1071
        1
1000
序号
1071
        1
1071
        2
1000

1000

1041
1.0
1071
        1
  0
XRECORD
  5
112
102
{ACAD_REACTORS
330
110
102
}
330
110
100
AcDbXrecord
280
     1
1000

1000
CAXA_DRAFT_PARTNOSTYLE
1000
标准
1000

1071
        0
1000
标准
1000
ByLayer
1041
5.0
1041
0.5
1071
        3
1041
2.0
1041
5.0
1041
10.0
1041
1.2
1041
1.1
1041
1.1
1071
        0
1000

1071
       -1
1071
       -1
1041
4.0
1041
1.0
1041
0.7
1041
0.9
1071
        1
1071
        1
1000
序号
1071
        1
1071
        2
1000

1000

1041
1.0
1071
        1
  0
XRECORD
  5
115
102
{ACAD_REACTORS
330
114
102
}
330
114
100
AcDbXrecord
280
     1
1000

1000
CAXA_DRAFT_PARTNOSTYLEOVERRIDE
1070
     0
1070
     0
1070
     0
1070
     0
1070
     0
1070
     0
1070
     0
1070
     0
1070
     0
1070
     0
1070
     0
1070
     0
1070
     0
1070
     0
1070
     0
1070
     0
  0
XRECORD
  5
F9
102
{ACAD_REACTORS
330
F8
102
}
330
F8
100
AcDbXrecord
280
     1
1000

1000
CAXA_DRAFT_CURRENTROUGHSTYLE
1000
标准
  0
XRECORD
  5
FB
102
{ACAD_REACTORS
330
F8
102
}
330
F8
100
AcDbXrecord
280
     1
1000

1000
CAXA_DRAFT_ROUGHSTYLE
1000
GB(131-93)
1000

1000
标准
1000
标准
1000
Continuous
1071
1090519039
1071
1090519039
1041
3.5
1041
1.0
1041
0.0
1071
        0
1041
0.0
1071
        0
1071
        1
1070
     1
1070
     0
1070
     0
  0
XRECORD
  5
FA
102
{ACAD_REACTORS
330
F8
102
}
330
F8
100
AcDbXrecord
280
     1
1000

1000
CAXA_DRAFT_ROUGHSTYLE
1000
标准
1000

1000
标准
1000
标准
1000
Continuous
1071
1090519039
1071
1090519039
1041
3.5
1041
1.0
1041
0.0
1071
        0
1041
0.0
1071
        0
1071
        1
1070
     1
1070
     0
1070
     0
  0
XRECORD
  5
FD
102
{ACAD_REACTORS
330
FC
102
}
330
FC
100
AcDbXrecord
280
     1
1000

1000
CAXA_DRAFT_ROUGHSTYLEOVERRIDE
1070
     0
1070
     0
1070
     0
1070
     0
1070
     0
1070
     0
1070
     0
1070
     0
1070
     0
1070
     0
1070
     0
1070
     0
  0
XRECORD
  5
132
102
{ACAD_REACTORS
330
131
102
}
330
131
100
AcDbXrecord
280
     1
1000
CAXA_DRAFT_STDDATA
1071
     3578
1004
1A000000310039002E0030002E0030002E003100390035003600340000001A0000002A005300740061006E0064006100720064004D006700720000006B00000001000000000000000000F03F000000000100000006000000470042000000080000002A004700420000006C00000006000000470042000000FFFF0000000080
1004
006100000000008000E3FFFFFF0000000000000C40FFFFFF40010000000000000000001040FFFFFF4004000000FFFFFF40FFFF000000000C000000470042005F003A5CF85B0000060000000768C65100000D00000062180AC173A1D341AC13A517A280BD85100000002A00440049004D0053005400440000006D0000000100
1004
00
1004
00259DF64A6F542643BFC74B8B1F6D71FA02000000000002000000000000008000610000000000010000000000010000000000010000000000010000000000020000000000010000000000010000000000010000000000010000000000020000000000FFFF000000000000244000000000000028400C000000470042005F00
1004
3A5CF85B0000020000000000C6214C6C6E2B124B990DDA77D01DDBDA140000002A0052004F0055004700480053005400440000006F00000001000000708C6003FCA6F84FA01B1854F3AD4C2918000000470042002F00540020003100330031002D0039003300000018000000470042002F00540020003100330031002D0039
1004
00
1004
33000000000080006200000002000000020000000100000001000000020000000000FFFF09000000000000000400000030000000010000000100000004000000300000000100000002000000040000003000000001000000030000000400000030000000010000000400000004000000300000000100000006000000040000
1004
00300000000100000007000000040000003000000001000000080000000400000030000000010000000A000000040000003000000001000000160000004700420028003100330031002D00390033002900000018000000470042002F00540020003100330031002D003900330000005F702C7848A26047AA45EF6977F15D81
1004
12
1004
0000002A00570045004C0044005300540044000000710000000100000009176A59B4AD5D40A81D3C0A9D8CD0312C0000004700420020003300320034002D00380038002C00200047004200200035003100380035002D003800350000002C0000004700420020003300320034002D00380038002C0020004700420020003500
1004
3100380035002D00380035000000000080006300000000000000160000004700420028003300320034002D0038003800290000002C0000004700420020003300320034002D00380038002C00200047004200200035003100380035002D0038003500000082D93BE9997F4041881A19EB1C8F9D46160000002A00470045004F
1004
00
1004
54004F004C0053005400440000007300000001000000DA579D9AD23AC242B38B91F0E32D71C81E000000470042002F005400200031003100380032002D00320030003000380000001E000000470042002F005400200031003100380032002D00320030003000380000000000800064000000000000001C0000004700420028
1004
0031003100380032002D003200300030003800290000001E000000470042002F005400200031003100380032002D00320030003000380000009C9ED3E9A127ED45BC38BDB2527851D1140000002A0044004100540055004D0053005400440000007500000001000000ABFD65BDD14B5A469C00E35FDA50A4141E0000004700
1004
42
1004
002F005400200031003100380032002D00320030003000380000001E000000470042002F005400200031003100380032002D003200300030003800000000008000650000001C00000047004200280031003100380032002D003200300030003800290000001E000000470042002F005400200031003100380032002D003200
1004
3000300038000000F527A1CFE2A4C24B8D50B0822447D51C120000002A004300550054005300530054004400000077000000010000000230145DFF6B0A4FAD5D7DE6F4E1A14220000000470042002F0054002000310037003400350032002D003100390039003800000020000000470042002F005400200031003700340035
1004
00
1004
32002D0031003900390038000000FFFF000000000000000000008000660000001E000000470042002800310037003400350032002D0031003900390038002900000020000000470042002F0054002000310037003400350032002D0031003900390038000000B4471AD2BD196342BD5B37F15E7019F5160000002A00500041
1004
00520054004E004F0053005400440000007900000001000000C538618EBE14A64387B54D2A0BE42DC522000000470042002F005400200034003400350038002E0032002D003200300030003300000022000000470042002F005400200034003400350038002E0032002D0032003000300033000000FFFF0200000000008000
1004
67
1004
0000002000000047004200280034003400350038002E0032002D0032003000300033002900000022000000470042002F005400200034003400350038002E0032002D0032003000300033000000B283886E965F1540BDADBD78F4779C6C100000002A0042004F004D0053005400440000007B000000010000009E16704288DD
1004
1145BE6AD6C7BD512A9D22000000470042002F005400200034003400350038002E0032002D003200300030003300000022000000470042002F005400200034003400350038002E0032002D0032003000300033000000040000000100000001000000010000000100000001000000FFFF010000000000010000000100000001
1004
00
1004
000001000000010000000100000001000000010000000100000000008000680000002000000047004200280034003400350038002E0032002D0032003000300033002900000022000000470042002F005400200034003400350038002E0032002D00320030003000330000004D03C971A7683844874BB3EDB2ECE4A11E0000
1004
002A00430045004E005400450052004C0049004E00450053005400440000007D00000001000000239CCD5064AB684FAAFCCD0171048ABB22000000470042002F005400200034003400350037002E0034002D003200300030003200000022000000470042002F005400200034003400350037002E0034002D00320030003000
1004
32
1004
000000000000000000000000000840333333333333F33FFFFF22000000470042002F005400200034003400350037002E0034002D003200300030003200000060E27056119B2C499C7549322AC316521E0000002A00440045005400410049004C00560049004500570053005400440000007F00000001000000FD693F42D5F0
1004
B04C9524885E6901AEBF1C000000470042002F0054002000310034003600390030002D003900330000001C000000470042002F0054002000310034003600390030002D003900330000000000000000008000E3FFFFFF020000000000000000000C40FFFFFF4000008000F3FFFFFFFFFFFFFF01000000000000000000000000
1004
00
1004
104000000000060000000768C651000010000000420079004C00610079006500720000001C000000470042002F0054002000310034003600390030002D00390033000000378324DF0EC65241979A18E3709AB2491A0000002A0048004F004C0045004C00490053005400530054004400000081000000010000009FAC568DC9
1004
72D34C8EDE1697EA2C4F3B0200000000000200000000000000000000000000000000000000000000000000000002000000FFFFFF10FFFFFF1004000000000000000500000002000000000001000000000000000000F03F00000000000001000000000000000000000002000000050000000400000058000000020000000000
1004
00
1004
000000004000000000000001000000010000000000000002000000050000000400000059000000030000000000000000000840000000000000010000000100000000000000020000000500000006000000545B845F0000040000000000000000001040000000000000010000000100000000000000020000000000589549FE
1004
22248744AF67DF08A8858E931C0000002A00440049004D004C0045004100440045005200530054004400000083000000010000009CB4A305A33EE242B7971B4FE93D0C5122000000470042002F005400200034003400350038002E0034002D003100390038003400000022000000470042002F005400200034003400350038
1004
00
1004
2E0034002D0031003900380034000000FFFF010000000000000000001040FFFFFF400000000000000840FFFFFF400000000000008000690000001C000000470042005F00155FFA51F48B0E66280031003900380034002900000022000000470042002F005400200034003400350038002E0034002D00310039003800340000
1004
0081C6337BDA0E9143B488CF0D537FA318140000002A0054004100500045005200530054004400000085000000010000004AE75D8F20808C438F29EBD0D2D3A2CB44000000470042002F005400200034003400350038002E0034002D0032003000300033002C002000470042002F0054002000310035003700350034002D00
1004
31
1004
00390039003500000044000000470042002F005400200034003400350038002E0034002D0032003000300033002C002000470042002F0054002000310035003700350034002D00310039003900350000000000000000000000040000003A000000010000000000000000001040FFFFFF400000000000000840FFFFFF400000
1004
80006A00000018000000470042005F002595A65E280032003000300033002900000044000000470042002F005400200034003400350038002E0034002D0032003000300033002C002000470042002F0054002000310035003700350034002D0031003900390035000000100000002A00440049004D00530054004400000006
1004
00
1004
0000470042000000
  0
XRECORD
  5
F3
102
{ACAD_REACTORS
330
F2
102
}
330
F2
100
AcDbXrecord
280
     1
1000

1000
CAXA_DRAFT_CURRENTWELDSTYLE
1000
标准
  0
XRECORD
  5
F5
102
{ACAD_REACTORS
330
F2
102
}
330
F2
100
AcDbXrecord
280
     1
1000

1000
CAXA_DRAFT_WELDSTYLE
1000
GB(324-88)
1000

1000
标准
1000
标准
1041
0.3
1070
     0
1041
1.0
1041
0.5
1041
3.5
1041
1.0
1071
1090519039
1071
1090519039
1000
Dash
1041
0.0
1071
        0
1071
        1
1071
1090519039
  0
XRECORD
  5
F4
102
{ACAD_REACTORS
330
F2
102
}
330
F2
100
AcDbXrecord
280
     1
1000

1000
CAXA_DRAFT_WELDSTYLE
1000
标准
1000

1000
标准
1000
标准
1041
0.3
1070
     0
1041
1.0
1041
0.5
1041
3.5
1041
1.0
1071
1090519039
1071
1090519039
1000
Dash
1041
0.0
1071
        0
1071
        1
1071
1090519039
  0
XRECORD
  5
F7
102
{ACAD_REACTORS
330
F6
102
}
330
F6
100
AcDbXrecord
280
     1
1000

1000
CAXA_DRAFT_WELDSTYLEOVERRIDE
1070
     0
1070
     0
1070
     0
1070
     0
1070
     0
1070
     0
1070
     0
1070
     0
1070
     0
1070
     0
1070
     0
1070
     0
1070
     0
1070
     0
  0
DICTIONARY
  5
11E
330
22
100
AcDbDictionary
280
     1
281
     1
  3
CAXA_DRAFT_DATATABLEMGR
360
11F
  3
CAXA_DRAFT_PAPERINFOMGR
360
121
  0
DICTIONARY
  5
179
330
45
100
AcDbDictionary
280
     1
281
     1
  3
ACAD_XREC_ROUNDTRIP
360
17A
  0
DICTIONARY
  5
177
330
44
100
AcDbDictionary
280
     1
281
     1
  3
ACAD_XREC_ROUNDTRIP
360
178
  0
DICTIONARY
  5
17B
330
46
100
AcDbDictionary
280
     1
281
     1
  3
ACAD_XREC_ROUNDTRIP
360
17C
  0
DICTIONARY
  5
17E
330
5C
100
AcDbDictionary
280
     1
281
     1
  3
ACAD_XREC_ROUNDTRIP
360
17F
  0
DICTIONARY
  5
14F
330
2F
100
AcDbDictionary
280
     1
281
     1
  3
ACAD_XREC_ROUNDTRIP
360
150
  0
DICTIONARY
  5
155
330
32
100
AcDbDictionary
280
     1
281
     1
  3
ACAD_XREC_ROUNDTRIP
360
156
  0
DICTIONARY
  5
15D
330
36
100
AcDbDictionary
280
     1
281
     1
  3
ACAD_XREC_ROUNDTRIP
360
15E
  0
DICTIONARY
  5
165
330
3A
100
AcDbDictionary
280
     1
281
     1
  3
ACAD_XREC_ROUNDTRIP
360
166
  0
DICTIONARY
  5
159
330
34
100
AcDbDictionary
280
     1
281
     1
  3
ACAD_XREC_ROUNDTRIP
360
15A
  0
DICTIONARY
  5
15B
330
35
100
AcDbDictionary
280
     1
281
     1
  3
ACAD_XREC_ROUNDTRIP
360
15C
  0
DICTIONARY
  5
16B
330
3D
100
AcDbDictionary
280
     1
281
     1
  3
ACAD_XREC_ROUNDTRIP
360
16C
  0
DICTIONARY
  5
163
330
39
100
AcDbDictionary
280
     1
281
     1
  3
ACAD_XREC_ROUNDTRIP
360
164
  0
DICTIONARY
  5
147
330
2B
100
AcDbDictionary
280
     1
281
     1
  3
ACAD_XREC_ROUNDTRIP
360
148
  0
DICTIONARY
  5
149
330
2C
100
AcDbDictionary
280
     1
281
     1
  3
ACAD_XREC_ROUNDTRIP
360
14A
  0
DICTIONARY
  5
14B
330
2D
100
AcDbDictionary
280
     1
281
     1
  3
ACAD_XREC_ROUNDTRIP
360
14C
  0
DICTIONARY
  5
14D
330
2E
100
AcDbDictionary
280
     1
281
     1
  3
ACAD_XREC_ROUNDTRIP
360
14E
  0
DICTIONARY
  5
153
330
31
100
AcDbDictionary
280
     1
281
     1
  3
ACAD_XREC_ROUNDTRIP
360
154
  0
DICTIONARY
  5
167
330
3B
100
AcDbDictionary
280
     1
281
     1
  3
ACAD_XREC_ROUNDTRIP
360
168
  0
DICTIONARY
  5
161
330
38
100
AcDbDictionary
280
     1
281
     1
  3
ACAD_XREC_ROUNDTRIP
360
162
  0
DICTIONARY
  5
169
330
3C
100
AcDbDictionary
280
     1
281
     1
  3
ACAD_XREC_ROUNDTRIP
360
16A
  0
DICTIONARY
  5
157
330
33
100
AcDbDictionary
280
     1
281
     1
  3
ACAD_XREC_ROUNDTRIP
360
158
  0
DICTIONARY
  5
175
330
42
100
AcDbDictionary
280
     1
281
     1
  3
ACAD_XREC_ROUNDTRIP
360
176
  0
DICTIONARY
  5
173
330
41
100
AcDbDictionary
280
     1
281
     1
  3
ACAD_XREC_ROUNDTRIP
360
174
  0
DICTIONARY
  5
16D
330
3E
100
AcDbDictionary
280
     1
281
     1
  3
ACAD_XREC_ROUNDTRIP
360
16E
  0
DICTIONARY
  5
16F
330
3F
100
AcDbDictionary
280
     1
281
     1
  3
ACAD_XREC_ROUNDTRIP
360
170
  0
DICTIONARY
  5
15F
330
37
100
AcDbDictionary
280
     1
281
     1
  3
ACAD_XREC_ROUNDTRIP
360
160
  0
DICTIONARY
  5
151
330
30
100
AcDbDictionary
280
     1
281
     1
  3
ACAD_XREC_ROUNDTRIP
360
152
  0
DICTIONARY
  5
171
330
40
100
AcDbDictionary
280
     1
281
     1
  3
ACAD_XREC_ROUNDTRIP
360
172
  0
DICTIONARY
  5
11F
102
{ACAD_REACTORS
330
11E
102
}
330
11E
100
AcDbDictionary
281
     1
  3
CAXA_DRAFT_DATATABLE_1
350
120
1001
CAXA_DRAFT_CURRENT
1005
120
  0
DICTIONARY
  5
121
102
{ACAD_REACTORS
330
11E
102
}
330
11E
100
AcDbDictionary
281
     1
  3
CAXA_DRAFT_PAPERINFO_1
350
122
1001
CAXA_DRAFT_CURRENT
1005
122
  0
XRECORD
  5
17A
102
{ACAD_REACTORS
330
179
102
}
330
179
100
AcDbXrecord
280
     1
102
MATERIAL
148
0.0
149
0.0
149
0.0
 93
        0
 94
      127
282
     0
 72
     1
 77
     1
171
     1
175
     1
179
     1
273
     0
  0
XRECORD
  5
178
102
{ACAD_REACTORS
330
177
102
}
330
177
100
AcDbXrecord
280
     1
102
MATERIAL
148
0.0
149
0.0
149
0.0
 93
        0
 94
      127
282
     0
 72
     1
 77
     1
171
     1
175
     1
179
     1
273
     0
  0
XRECORD
  5
17C
102
{ACAD_REACTORS
330
17B
102
}
330
17B
100
AcDbXrecord
280
     1
102
MATERIAL
148
0.0
149
0.0
149
0.0
 93
        0
 94
      127
282
     0
 72
     1
 77
     1
171
     1
175
     1
179
     1
273
     0
  0
XRECORD
  5
17F
102
{ACAD_REACTORS
330
17E
102
}
330
17E
100
AcDbXrecord
280
     1
102
ACAD_ROUNDTRIP_2010_MLEADER_STYLE
  0
XRECORD
  5
150
102
{ACAD_REACTORS
330
14F
102
}
330
14F
100
AcDbXrecord
280
     1
102
RTVSPropertyOp0
 70
     1
102
RTVSPropertyOp1
 70
     1
102
RTVSPropertyOp2
 70
     1
102
RTVSPropertyOp3
 70
     1
102
RTVSPropertyOp4
 70
     1
102
RTVSPropertyOp5
 70
     1
102
RTVSPropertyOp6
 70
     1
102
RTVSPropertyOp7
 70
     1
102
RTVSPropertyOp8
 70
     1
102
RTVSPropertyOp9
 70
     1
102
RTVSPropertyOp10
 70
     1
102
RTVSPropertyOp11
 70
     1
102
RTVSPropertyOp12
 70
     1
102
RTVSPropertyOp13
 70
     1
102
RTVSPropertyOp14
 70
     1
102
RTVSPropertyOp15
 70
     1
102
RTVSPropertyOp16
 70
     1
102
RTVSPropertyOp17
 70
     1
102
RTVSPropertyOp18
 70
     1
102
RTVSPropertyOp19
 70
     1
102
RTVSPropertyOp20
 70
     1
102
RTVSPropertyOp21
 70
     1
102
RTVSPropertyOp22
 70
     1
102
RTVSPropertyOp23
 70
     1
102
RTVSPropertyOp24
 70
     1
102
RTVSPropertyOp25
 70
     1
102
RTVSPropertyOp26
 70
     1
102
RTVSPropertyOp27
 70
     1
102
RTVSPropertyOp28
 70
     1
102
RTVSPropertyOp29
 70
     1
102
RTVSPropertyOp30
 70
     1
102
RTVSPropertyOp31
 70
     1
102
RTVSPropertyOp32
 70
     1
102
RTVSPropertyOp33
 70
     1
102
RTVSPropertyOp34
 70
     1
102
RTVSPropertyOp35
 70
     1
102
RTVSPropertyOp36
 70
     1
102
RTVSPropertyOp37
 70
     1
102
RTVSPropertyOp38
 70
     1
102
RTVSPropertyOp39
 70
     1
102
RTVSPropertyOp40
 70
     1
102
RTVSPropertyOp41
 70
     1
102
RTVSPropertyOp42
 70
     1
102
RTVSPropertyOp43
 70
     1
102
RTVSPropertyOp44
 70
     1
102
RTVSPropertyOp45
 70
     1
102
RTVSPropertyOp46
 70
     1
102
RTVSPropertyOp47
 70
     1
102
RTVSPropertyOp48
 70
     1
102
RTVSPropertyOp49
 70
     1
102
RTVSPropertyOp50
 70
     1
102
RTVSPropertyOp51
 70
     0
102
RTVSPropertyOp52
 70
     0
102
RTVSPropertyOp53
 70
     1
102
RTVSPropertyOp54
 70
     1
102
RTVSPropertyOp55
 70
     1
102
RTVSPropertyOp56
 70
     1
102
RTVSPropertyOp57
 70
     1
102
RTVSPost2010Prop28
280
     1
102
RTVSPost2010PropOp28
 70
     1
102
RTVSPost2010Prop29
280
     1
102
RTVSPost2010PropOp29
 70
     1
102
RTVSPost2010Prop30
280
     0
102
RTVSPost2010PropOp30
 70
     1
102
RTVSPost2010Prop31
280
     0
102
RTVSPost2010PropOp31
 70
     1
102
RTVSPost2010Prop32
280
     0
102
RTVSPost2010PropOp32
 70
     1
102
RTVSPost2010Prop33
280
     0
102
RTVSPost2010PropOp33
 70
     1
102
RTVSPost2010Prop34
280
     0
102
RTVSPost2010PropOp34
 70
     1
102
RTVSPost2010Prop35
280
     0
102
RTVSPost2010PropOp35
 70
     1
102
RTVSPost2010Prop36
280
     0
102
RTVSPost2010PropOp36
 70
     1
102
RTVSPost2010Prop37
 90
       50
102
RTVSPost2010PropOp37
 70
     1
102
RTVSPost2010Prop38
140
0.0
102
RTVSPost2010PropOp38
 70
     1
102
RTVSPost2010Prop39
140
1.0
102
RTVSPost2010PropOp39
 70
     1
102
RTVSPost2010Prop40
 90
        0
102
RTVSPost2010PropOp40
 70
     1
102
RTVSPost2010Prop41ColorIndex
 90
       18
102
RTVSPost2010Prop41ColorRGB
 90
        0
102
RTVSPost2010PropOp41
 70
     1
102
RTVSPost2010Prop42
 90
       50
102
RTVSPost2010PropOp42
 70
     1
102
RTVSPost2010Prop43
 90
        3
102
RTVSPost2010PropOp43
 70
     1
102
RTVSPost2010Prop44ColorIndex
 90
        5
102
RTVSPost2010Prop44ColorRGB
 90
      255
102
RTVSPost2010PropOp44
 70
     1
102
RTVSPost2010Prop45
280
     0
102
RTVSPost2010PropOp45
 70
     1
102
RTVSPost2010Prop46
 90
       50
102
RTVSPost2010PropOp46
 70
     1
102
RTVSPost2010Prop47
 90
       50
102
RTVSPost2010PropOp47
 70
     1
102
RTVSPost2010Prop48
 90
       50
102
RTVSPost2010PropOp48
 70
     1
102
RTVSPost2010Prop49
280
     0
102
RTVSPost2010PropOp49
 70
     1
102
RTVSPost2010Prop50
 90
       50
102
RTVSPost2010PropOp50
 70
     1
102
RTVSPost2010Prop51ColorIndex
 90
      256
102
RTVSPost2010Prop51ColorRGB
 90
-16777216
102
RTVSPost2010PropOp51
 70
     0
102
RTVSPost2010Prop52
140
1.0
102
RTVSPost2010PropOp52
 70
     0
102
RTVSPost2010Prop53
 90
        2
102
RTVSPost2010PropOp53
 70
     1
102
RTVSPost2010Prop54
  1
strokes_ogs.tif
102
RTVSPost2010PropOp54
 70
     1
102
RTVSPost2010Prop55
280
     0
102
RTVSPost2010PropOp55
 70
     1
102
RTVSPost2010Prop56
140
1.0
102
RTVSPost2010PropOp56
 70
     1
102
RTVSPost2010Prop57
140
1.0
102
RTVSPost2010PropOp57
 70
     1
  0
XRECORD
  5
156
102
{ACAD_REACTORS
330
155
102
}
330
155
100
AcDbXrecord
280
     1
102
RTVSPropertyOp0
 70
     1
102
RTVSPropertyOp1
 70
     1
102
RTVSPropertyOp2
 70
     1
102
RTVSPropertyOp3
 70
     1
102
RTVSPropertyOp4
 70
     1
102
RTVSPropertyOp5
 70
     1
102
RTVSPropertyOp6
 70
     1
102
RTVSPropertyOp7
 70
     1
102
RTVSPropertyOp8
 70
     1
102
RTVSPropertyOp9
 70
     1
102
RTVSPropertyOp10
 70
     1
102
RTVSPropertyOp11
 70
     1
102
RTVSPropertyOp12
 70
     1
102
RTVSPropertyOp13
 70
     1
102
RTVSPropertyOp14
 70
     1
102
RTVSPropertyOp15
 70
     1
102
RTVSPropertyOp16
 70
     1
102
RTVSPropertyOp17
 70
     1
102
RTVSPropertyOp18
 70
     1
102
RTVSPropertyOp19
 70
     1
102
RTVSPropertyOp20
 70
     1
102
RTVSPropertyOp21
 70
     1
102
RTVSPropertyOp22
 70
     1
102
RTVSPropertyOp23
 70
     1
102
RTVSPropertyOp24
 70
     1
102
RTVSPropertyOp25
 70
     1
102
RTVSPropertyOp26
 70
     1
102
RTVSPropertyOp27
 70
     1
102
RTVSPropertyOp28
 70
     1
102
RTVSPropertyOp29
 70
     1
102
RTVSPropertyOp30
 70
     1
102
RTVSPropertyOp31
 70
     1
102
RTVSPropertyOp32
 70
     1
102
RTVSPropertyOp33
 70
     1
102
RTVSPropertyOp34
 70
     1
102
RTVSPropertyOp35
 70
     1
102
RTVSPropertyOp36
 70
     1
102
RTVSPropertyOp37
 70
     1
102
RTVSPropertyOp38
 70
     1
102
RTVSPropertyOp39
 70
     1
102
RTVSPropertyOp40
 70
     1
102
RTVSPropertyOp41
 70
     1
102
RTVSPropertyOp42
 70
     1
102
RTVSPropertyOp43
 70
     1
102
RTVSPropertyOp44
 70
     1
102
RTVSPropertyOp45
 70
     1
102
RTVSPropertyOp46
 70
     1
102
RTVSPropertyOp47
 70
     1
102
RTVSPropertyOp48
 70
     1
102
RTVSPropertyOp49
 70
     1
102
RTVSPropertyOp50
 70
     1
102
RTVSPropertyOp51
 70
     0
102
RTVSPropertyOp52
 70
     0
102
RTVSPropertyOp53
 70
     1
102
RTVSPropertyOp54
 70
     1
102
RTVSPropertyOp55
 70
     1
102
RTVSPropertyOp56
 70
     1
102
RTVSPropertyOp57
 70
     1
102
RTVSPost2010Prop28
280
     0
102
RTVSPost2010PropOp28
 70
     1
102
RTVSPost2010Prop29
280
     1
102
RTVSPost2010PropOp29
 70
     1
102
RTVSPost2010Prop30
280
     1
102
RTVSPost2010PropOp30
 70
     1
102
RTVSPost2010Prop31
280
     0
102
RTVSPost2010PropOp31
 70
     1
102
RTVSPost2010Prop32
280
     0
102
RTVSPost2010PropOp32
 70
     1
102
RTVSPost2010Prop33
280
     0
102
RTVSPost2010PropOp33
 70
     1
102
RTVSPost2010Prop34
280
     0
102
RTVSPost2010PropOp34
 70
     1
102
RTVSPost2010Prop35
280
     0
102
RTVSPost2010PropOp35
 70
     1
102
RTVSPost2010Prop36
280
     0
102
RTVSPost2010PropOp36
 70
     1
102
RTVSPost2010Prop37
 90
       50
102
RTVSPost2010PropOp37
 70
     1
102
RTVSPost2010Prop38
140
0.0
102
RTVSPost2010PropOp38
 70
     1
102
RTVSPost2010Prop39
140
1.0
102
RTVSPost2010PropOp39
 70
     1
102
RTVSPost2010Prop40
 90
        0
102
RTVSPost2010PropOp40
 70
     1
102
RTVSPost2010Prop41ColorIndex
 90
       18
102
RTVSPost2010Prop41ColorRGB
 90
        0
102
RTVSPost2010PropOp41
 70
     1
102
RTVSPost2010Prop42
 90
       50
102
RTVSPost2010PropOp42
 70
     1
102
RTVSPost2010Prop43
 90
        3
102
RTVSPost2010PropOp43
 70
     1
102
RTVSPost2010Prop44ColorIndex
 90
        5
102
RTVSPost2010Prop44ColorRGB
 90
      255
102
RTVSPost2010PropOp44
 70
     1
102
RTVSPost2010Prop45
280
     0
102
RTVSPost2010PropOp45
 70
     1
102
RTVSPost2010Prop46
 90
       50
102
RTVSPost2010PropOp46
 70
     1
102
RTVSPost2010Prop47
 90
       50
102
RTVSPost2010PropOp47
 70
     1
102
RTVSPost2010Prop48
 90
       50
102
RTVSPost2010PropOp48
 70
     1
102
RTVSPost2010Prop49
280
     0
102
RTVSPost2010PropOp49
 70
     1
102
RTVSPost2010Prop50
 90
       50
102
RTVSPost2010PropOp50
 70
     1
102
RTVSPost2010Prop51ColorIndex
 90
      256
102
RTVSPost2010Prop51ColorRGB
 90
-16777216
102
RTVSPost2010PropOp51
 70
     0
102
RTVSPost2010Prop52
140
1.0
102
RTVSPost2010PropOp52
 70
     0
102
RTVSPost2010Prop53
 90
        2
102
RTVSPost2010PropOp53
 70
     1
102
RTVSPost2010Prop54
  1
strokes_ogs.tif
102
RTVSPost2010PropOp54
 70
     1
102
RTVSPost2010Prop55
280
     0
102
RTVSPost2010PropOp55
 70
     1
102
RTVSPost2010Prop56
140
1.0
102
RTVSPost2010PropOp56
 70
     1
102
RTVSPost2010Prop57
140
1.0
102
RTVSPost2010PropOp57
 70
     1
  0
XRECORD
  5
15E
102
{ACAD_REACTORS
330
15D
102
}
330
15D
100
AcDbXrecord
280
     1
102
RTVSPropertyOp0
 70
     1
102
RTVSPropertyOp1
 70
     1
102
RTVSPropertyOp2
 70
     1
102
RTVSPropertyOp3
 70
     1
102
RTVSPropertyOp4
 70
     1
102
RTVSPropertyOp5
 70
     1
102
RTVSPropertyOp6
 70
     1
102
RTVSPropertyOp7
 70
     1
102
RTVSPropertyOp8
 70
     1
102
RTVSPropertyOp9
 70
     1
102
RTVSPropertyOp10
 70
     1
102
RTVSPropertyOp11
 70
     1
102
RTVSPropertyOp12
 70
     1
102
RTVSPropertyOp13
 70
     1
102
RTVSPropertyOp14
 70
     1
102
RTVSPropertyOp15
 70
     1
102
RTVSPropertyOp16
 70
     1
102
RTVSPropertyOp17
 70
     1
102
RTVSPropertyOp18
 70
     1
102
RTVSPropertyOp19
 70
     1
102
RTVSPropertyOp20
 70
     1
102
RTVSPropertyOp21
 70
     1
102
RTVSPropertyOp22
 70
     1
102
RTVSPropertyOp23
 70
     1
102
RTVSPropertyOp24
 70
     1
102
RTVSPropertyOp25
 70
     1
102
RTVSPropertyOp26
 70
     1
102
RTVSPropertyOp27
 70
     1
102
RTVSPropertyOp28
 70
     1
102
RTVSPropertyOp29
 70
     1
102
RTVSPropertyOp30
 70
     1
102
RTVSPropertyOp31
 70
     1
102
RTVSPropertyOp32
 70
     1
102
RTVSPropertyOp33
 70
     1
102
RTVSPropertyOp34
 70
     1
102
RTVSPropertyOp35
 70
     1
102
RTVSPropertyOp36
 70
     1
102
RTVSPropertyOp37
 70
     1
102
RTVSPropertyOp38
 70
     1
102
RTVSPropertyOp39
 70
     1
102
RTVSPropertyOp40
 70
     1
102
RTVSPropertyOp41
 70
     1
102
RTVSPropertyOp42
 70
     1
102
RTVSPropertyOp43
 70
     1
102
RTVSPropertyOp44
 70
     1
102
RTVSPropertyOp45
 70
     1
102
RTVSPropertyOp46
 70
     1
102
RTVSPropertyOp47
 70
     1
102
RTVSPropertyOp48
 70
     1
102
RTVSPropertyOp49
 70
     1
102
RTVSPropertyOp50
 70
     1
102
RTVSPropertyOp51
 70
     0
102
RTVSPropertyOp52
 70
     0
102
RTVSPropertyOp53
 70
     1
102
RTVSPropertyOp54
 70
     1
102
RTVSPropertyOp55
 70
     1
102
RTVSPropertyOp56
 70
     1
102
RTVSPropertyOp57
 70
     1
102
RTVSPost2010Prop28
280
     0
102
RTVSPost2010PropOp28
 70
     1
102
RTVSPost2010Prop29
280
     1
102
RTVSPost2010PropOp29
 70
     1
102
RTVSPost2010Prop30
280
     1
102
RTVSPost2010PropOp30
 70
     1
102
RTVSPost2010Prop31
280
     0
102
RTVSPost2010PropOp31
 70
     1
102
RTVSPost2010Prop32
280
     0
102
RTVSPost2010PropOp32
 70
     1
102
RTVSPost2010Prop33
280
     0
102
RTVSPost2010PropOp33
 70
     1
102
RTVSPost2010Prop34
280
     0
102
RTVSPost2010PropOp34
 70
     1
102
RTVSPost2010Prop35
280
     0
102
RTVSPost2010PropOp35
 70
     1
102
RTVSPost2010Prop36
280
     0
102
RTVSPost2010PropOp36
 70
     1
102
RTVSPost2010Prop37
 90
       50
102
RTVSPost2010PropOp37
 70
     1
102
RTVSPost2010Prop38
140
0.0
102
RTVSPost2010PropOp38
 70
     1
102
RTVSPost2010Prop39
140
1.0
102
RTVSPost2010PropOp39
 70
     1
102
RTVSPost2010Prop40
 90
        0
102
RTVSPost2010PropOp40
 70
     1
102
RTVSPost2010Prop41ColorIndex
 90
       18
102
RTVSPost2010Prop41ColorRGB
 90
        0
102
RTVSPost2010PropOp41
 70
     1
102
RTVSPost2010Prop42
 90
       50
102
RTVSPost2010PropOp42
 70
     1
102
RTVSPost2010Prop43
 90
        3
102
RTVSPost2010PropOp43
 70
     1
102
RTVSPost2010Prop44ColorIndex
 90
        5
102
RTVSPost2010Prop44ColorRGB
 90
      255
102
RTVSPost2010PropOp44
 70
     1
102
RTVSPost2010Prop45
280
     0
102
RTVSPost2010PropOp45
 70
     1
102
RTVSPost2010Prop46
 90
       50
102
RTVSPost2010PropOp46
 70
     1
102
RTVSPost2010Prop47
 90
       50
102
RTVSPost2010PropOp47
 70
     1
102
RTVSPost2010Prop48
 90
       50
102
RTVSPost2010PropOp48
 70
     1
102
RTVSPost2010Prop49
280
     0
102
RTVSPost2010PropOp49
 70
     1
102
RTVSPost2010Prop50
 90
       50
102
RTVSPost2010PropOp50
 70
     1
102
RTVSPost2010Prop51ColorIndex
 90
      256
102
RTVSPost2010Prop51ColorRGB
 90
-16777216
102
RTVSPost2010PropOp51
 70
     0
102
RTVSPost2010Prop52
140
1.0
102
RTVSPost2010PropOp52
 70
     0
102
RTVSPost2010Prop53
 90
        2
102
RTVSPost2010PropOp53
 70
     1
102
RTVSPost2010Prop54
  1
strokes_ogs.tif
102
RTVSPost2010PropOp54
 70
     1
102
RTVSPost2010Prop55
280
     0
102
RTVSPost2010PropOp55
 70
     1
102
RTVSPost2010Prop56
140
1.0
102
RTVSPost2010PropOp56
 70
     1
102
RTVSPost2010Prop57
140
1.0
102
RTVSPost2010PropOp57
 70
     1
  0
XRECORD
  5
166
102
{ACAD_REACTORS
330
165
102
}
330
165
100
AcDbXrecord
280
     1
102
RTVSPropertyOp0
 70
     1
102
RTVSPropertyOp1
 70
     1
102
RTVSPropertyOp2
 70
     1
102
RTVSPropertyOp3
 70
     1
102
RTVSPropertyOp4
 70
     1
102
RTVSPropertyOp5
 70
     1
102
RTVSPropertyOp6
 70
     1
102
RTVSPropertyOp7
 70
     1
102
RTVSPropertyOp8
 70
     1
102
RTVSPropertyOp9
 70
     1
102
RTVSPropertyOp10
 70
     1
102
RTVSPropertyOp11
 70
     1
102
RTVSPropertyOp12
 70
     1
102
RTVSPropertyOp13
 70
     1
102
RTVSPropertyOp14
 70
     1
102
RTVSPropertyOp15
 70
     1
102
RTVSPropertyOp16
 70
     1
102
RTVSPropertyOp17
 70
     1
102
RTVSPropertyOp18
 70
     1
102
RTVSPropertyOp19
 70
     1
102
RTVSPropertyOp20
 70
     1
102
RTVSPropertyOp21
 70
     1
102
RTVSPropertyOp22
 70
     1
102
RTVSPropertyOp23
 70
     1
102
RTVSPropertyOp24
 70
     1
102
RTVSPropertyOp25
 70
     1
102
RTVSPropertyOp26
 70
     1
102
RTVSPropertyOp27
 70
     1
102
RTVSPropertyOp28
 70
     1
102
RTVSPropertyOp29
 70
     1
102
RTVSPropertyOp30
 70
     1
102
RTVSPropertyOp31
 70
     1
102
RTVSPropertyOp32
 70
     1
102
RTVSPropertyOp33
 70
     1
102
RTVSPropertyOp34
 70
     1
102
RTVSPropertyOp35
 70
     1
102
RTVSPropertyOp36
 70
     1
102
RTVSPropertyOp37
 70
     1
102
RTVSPropertyOp38
 70
     1
102
RTVSPropertyOp39
 70
     1
102
RTVSPropertyOp40
 70
     1
102
RTVSPropertyOp41
 70
     1
102
RTVSPropertyOp42
 70
     1
102
RTVSPropertyOp43
 70
     1
102
RTVSPropertyOp44
 70
     1
102
RTVSPropertyOp45
 70
     1
102
RTVSPropertyOp46
 70
     1
102
RTVSPropertyOp47
 70
     1
102
RTVSPropertyOp48
 70
     1
102
RTVSPropertyOp49
 70
     1
102
RTVSPropertyOp50
 70
     1
102
RTVSPropertyOp51
 70
     0
102
RTVSPropertyOp52
 70
     0
102
RTVSPropertyOp53
 70
     1
102
RTVSPropertyOp54
 70
     1
102
RTVSPropertyOp55
 70
     1
102
RTVSPropertyOp56
 70
     1
102
RTVSPropertyOp57
 70
     1
102
RTVSPost2010Prop28
280
     0
102
RTVSPost2010PropOp28
 70
     1
102
RTVSPost2010Prop29
280
     1
102
RTVSPost2010PropOp29
 70
     1
102
RTVSPost2010Prop30
280
     1
102
RTVSPost2010PropOp30
 70
     1
102
RTVSPost2010Prop31
280
     0
102
RTVSPost2010PropOp31
 70
     1
102
RTVSPost2010Prop32
280
     0
102
RTVSPost2010PropOp32
 70
     1
102
RTVSPost2010Prop33
280
     0
102
RTVSPost2010PropOp33
 70
     1
102
RTVSPost2010Prop34
280
     0
102
RTVSPost2010PropOp34
 70
     1
102
RTVSPost2010Prop35
280
     0
102
RTVSPost2010PropOp35
 70
     1
102
RTVSPost2010Prop36
280
     0
102
RTVSPost2010PropOp36
 70
     1
102
RTVSPost2010Prop37
 90
       50
102
RTVSPost2010PropOp37
 70
     1
102
RTVSPost2010Prop38
140
0.0
102
RTVSPost2010PropOp38
 70
     1
102
RTVSPost2010Prop39
140
1.0
102
RTVSPost2010PropOp39
 70
     1
102
RTVSPost2010Prop40
 90
        0
102
RTVSPost2010PropOp40
 70
     1
102
RTVSPost2010Prop41ColorIndex
 90
       18
102
RTVSPost2010Prop41ColorRGB
 90
        0
102
RTVSPost2010PropOp41
 70
     1
102
RTVSPost2010Prop42
 90
       50
102
RTVSPost2010PropOp42
 70
     1
102
RTVSPost2010Prop43
 90
        3
102
RTVSPost2010PropOp43
 70
     1
102
RTVSPost2010Prop44ColorIndex
 90
        5
102
RTVSPost2010Prop44ColorRGB
 90
      255
102
RTVSPost2010PropOp44
 70
     1
102
RTVSPost2010Prop45
280
     0
102
RTVSPost2010PropOp45
 70
     1
102
RTVSPost2010Prop46
 90
       50
102
RTVSPost2010PropOp46
 70
     1
102
RTVSPost2010Prop47
 90
       50
102
RTVSPost2010PropOp47
 70
     1
102
RTVSPost2010Prop48
 90
       50
102
RTVSPost2010PropOp48
 70
     1
102
RTVSPost2010Prop49
280
     0
102
RTVSPost2010PropOp49
 70
     1
102
RTVSPost2010Prop50
 90
       50
102
RTVSPost2010PropOp50
 70
     1
102
RTVSPost2010Prop51ColorIndex
 90
      256
102
RTVSPost2010Prop51ColorRGB
 90
-16777216
102
RTVSPost2010PropOp51
 70
     0
102
RTVSPost2010Prop52
140
1.0
102
RTVSPost2010PropOp52
 70
     0
102
RTVSPost2010Prop53
 90
        2
102
RTVSPost2010PropOp53
 70
     1
102
RTVSPost2010Prop54
  1
strokes_ogs.tif
102
RTVSPost2010PropOp54
 70
     1
102
RTVSPost2010Prop55
280
     0
102
RTVSPost2010PropOp55
 70
     1
102
RTVSPost2010Prop56
140
1.0
102
RTVSPost2010PropOp56
 70
     1
102
RTVSPost2010Prop57
140
1.0
102
RTVSPost2010PropOp57
 70
     1
  0
XRECORD
  5
15A
102
{ACAD_REACTORS
330
159
102
}
330
159
100
AcDbXrecord
280
     1
102
RTVSPropertyOp0
 70
     1
102
RTVSPropertyOp1
 70
     1
102
RTVSPropertyOp2
 70
     1
102
RTVSPropertyOp3
 70
     1
102
RTVSPropertyOp4
 70
     1
102
RTVSPropertyOp5
 70
     1
102
RTVSPropertyOp6
 70
     1
102
RTVSPropertyOp7
 70
     1
102
RTVSPropertyOp8
 70
     1
102
RTVSPropertyOp9
 70
     1
102
RTVSPropertyOp10
 70
     1
102
RTVSPropertyOp11
 70
     1
102
RTVSPropertyOp12
 70
     1
102
RTVSPropertyOp13
 70
     1
102
RTVSPropertyOp14
 70
     1
102
RTVSPropertyOp15
 70
     1
102
RTVSPropertyOp16
 70
     1
102
RTVSPropertyOp17
 70
     1
102
RTVSPropertyOp18
 70
     1
102
RTVSPropertyOp19
 70
     1
102
RTVSPropertyOp20
 70
     1
102
RTVSPropertyOp21
 70
     1
102
RTVSPropertyOp22
 70
     1
102
RTVSPropertyOp23
 70
     1
102
RTVSPropertyOp24
 70
     1
102
RTVSPropertyOp25
 70
     1
102
RTVSPropertyOp26
 70
     1
102
RTVSPropertyOp27
 70
     1
102
RTVSPropertyOp28
 70
     1
102
RTVSPropertyOp29
 70
     1
102
RTVSPropertyOp30
 70
     1
102
RTVSPropertyOp31
 70
     1
102
RTVSPropertyOp32
 70
     1
102
RTVSPropertyOp33
 70
     1
102
RTVSPropertyOp34
 70
     1
102
RTVSPropertyOp35
 70
     1
102
RTVSPropertyOp36
 70
     1
102
RTVSPropertyOp37
 70
     1
102
RTVSPropertyOp38
 70
     1
102
RTVSPropertyOp39
 70
     1
102
RTVSPropertyOp40
 70
     1
102
RTVSPropertyOp41
 70
     1
102
RTVSPropertyOp42
 70
     1
102
RTVSPropertyOp43
 70
     1
102
RTVSPropertyOp44
 70
     1
102
RTVSPropertyOp45
 70
     1
102
RTVSPropertyOp46
 70
     1
102
RTVSPropertyOp47
 70
     1
102
RTVSPropertyOp48
 70
     1
102
RTVSPropertyOp49
 70
     1
102
RTVSPropertyOp50
 70
     1
102
RTVSPropertyOp51
 70
     0
102
RTVSPropertyOp52
 70
     0
102
RTVSPropertyOp53
 70
     1
102
RTVSPropertyOp54
 70
     1
102
RTVSPropertyOp55
 70
     1
102
RTVSPropertyOp56
 70
     1
102
RTVSPropertyOp57
 70
     1
102
RTVSPost2010Prop28
280
     0
102
RTVSPost2010PropOp28
 70
     1
102
RTVSPost2010Prop29
280
     1
102
RTVSPost2010PropOp29
 70
     1
102
RTVSPost2010Prop30
280
     1
102
RTVSPost2010PropOp30
 70
     1
102
RTVSPost2010Prop31
280
     0
102
RTVSPost2010PropOp31
 70
     1
102
RTVSPost2010Prop32
280
     0
102
RTVSPost2010PropOp32
 70
     1
102
RTVSPost2010Prop33
280
     0
102
RTVSPost2010PropOp33
 70
     1
102
RTVSPost2010Prop34
280
     0
102
RTVSPost2010PropOp34
 70
     1
102
RTVSPost2010Prop35
280
     0
102
RTVSPost2010PropOp35
 70
     1
102
RTVSPost2010Prop36
280
     0
102
RTVSPost2010PropOp36
 70
     1
102
RTVSPost2010Prop37
 90
       50
102
RTVSPost2010PropOp37
 70
     1
102
RTVSPost2010Prop38
140
0.0
102
RTVSPost2010PropOp38
 70
     1
102
RTVSPost2010Prop39
140
1.0
102
RTVSPost2010PropOp39
 70
     1
102
RTVSPost2010Prop40
 90
        0
102
RTVSPost2010PropOp40
 70
     1
102
RTVSPost2010Prop41ColorIndex
 90
       18
102
RTVSPost2010Prop41ColorRGB
 90
        0
102
RTVSPost2010PropOp41
 70
     1
102
RTVSPost2010Prop42
 90
       50
102
RTVSPost2010PropOp42
 70
     1
102
RTVSPost2010Prop43
 90
        3
102
RTVSPost2010PropOp43
 70
     1
102
RTVSPost2010Prop44ColorIndex
 90
        5
102
RTVSPost2010Prop44ColorRGB
 90
      255
102
RTVSPost2010PropOp44
 70
     1
102
RTVSPost2010Prop45
280
     0
102
RTVSPost2010PropOp45
 70
     1
102
RTVSPost2010Prop46
 90
       50
102
RTVSPost2010PropOp46
 70
     1
102
RTVSPost2010Prop47
 90
       50
102
RTVSPost2010PropOp47
 70
     1
102
RTVSPost2010Prop48
 90
       50
102
RTVSPost2010PropOp48
 70
     1
102
RTVSPost2010Prop49
280
     0
102
RTVSPost2010PropOp49
 70
     1
102
RTVSPost2010Prop50
 90
       50
102
RTVSPost2010PropOp50
 70
     1
102
RTVSPost2010Prop51ColorIndex
 90
      256
102
RTVSPost2010Prop51ColorRGB
 90
-16777216
102
RTVSPost2010PropOp51
 70
     0
102
RTVSPost2010Prop52
140
1.0
102
RTVSPost2010PropOp52
 70
     0
102
RTVSPost2010Prop53
 90
        2
102
RTVSPost2010PropOp53
 70
     1
102
RTVSPost2010Prop54
  1
strokes_ogs.tif
102
RTVSPost2010PropOp54
 70
     1
102
RTVSPost2010Prop55
280
     0
102
RTVSPost2010PropOp55
 70
     1
102
RTVSPost2010Prop56
140
1.0
102
RTVSPost2010PropOp56
 70
     1
102
RTVSPost2010Prop57
140
1.0
102
RTVSPost2010PropOp57
 70
     1
  0
XRECORD
  5
15C
102
{ACAD_REACTORS
330
15B
102
}
330
15B
100
AcDbXrecord
280
     1
102
RTVSPropertyOp0
 70
     1
102
RTVSPropertyOp1
 70
     1
102
RTVSPropertyOp2
 70
     1
102
RTVSPropertyOp3
 70
     1
102
RTVSPropertyOp4
 70
     1
102
RTVSPropertyOp5
 70
     1
102
RTVSPropertyOp6
 70
     1
102
RTVSPropertyOp7
 70
     1
102
RTVSPropertyOp8
 70
     1
102
RTVSPropertyOp9
 70
     1
102
RTVSPropertyOp10
 70
     1
102
RTVSPropertyOp11
 70
     1
102
RTVSPropertyOp12
 70
     1
102
RTVSPropertyOp13
 70
     1
102
RTVSPropertyOp14
 70
     1
102
RTVSPropertyOp15
 70
     1
102
RTVSPropertyOp16
 70
     1
102
RTVSPropertyOp17
 70
     1
102
RTVSPropertyOp18
 70
     1
102
RTVSPropertyOp19
 70
     1
102
RTVSPropertyOp20
 70
     1
102
RTVSPropertyOp21
 70
     1
102
RTVSPropertyOp22
 70
     1
102
RTVSPropertyOp23
 70
     1
102
RTVSPropertyOp24
 70
     1
102
RTVSPropertyOp25
 70
     1
102
RTVSPropertyOp26
 70
     1
102
RTVSPropertyOp27
 70
     1
102
RTVSPropertyOp28
 70
     1
102
RTVSPropertyOp29
 70
     1
102
RTVSPropertyOp30
 70
     1
102
RTVSPropertyOp31
 70
     1
102
RTVSPropertyOp32
 70
     1
102
RTVSPropertyOp33
 70
     1
102
RTVSPropertyOp34
 70
     1
102
RTVSPropertyOp35
 70
     1
102
RTVSPropertyOp36
 70
     1
102
RTVSPropertyOp37
 70
     1
102
RTVSPropertyOp38
 70
     1
102
RTVSPropertyOp39
 70
     1
102
RTVSPropertyOp40
 70
     1
102
RTVSPropertyOp41
 70
     1
102
RTVSPropertyOp42
 70
     1
102
RTVSPropertyOp43
 70
     1
102
RTVSPropertyOp44
 70
     1
102
RTVSPropertyOp45
 70
     1
102
RTVSPropertyOp46
 70
     1
102
RTVSPropertyOp47
 70
     1
102
RTVSPropertyOp48
 70
     1
102
RTVSPropertyOp49
 70
     1
102
RTVSPropertyOp50
 70
     1
102
RTVSPropertyOp51
 70
     0
102
RTVSPropertyOp52
 70
     0
102
RTVSPropertyOp53
 70
     1
102
RTVSPropertyOp54
 70
     1
102
RTVSPropertyOp55
 70
     1
102
RTVSPropertyOp56
 70
     1
102
RTVSPropertyOp57
 70
     1
102
RTVSPost2010Prop28
280
     0
102
RTVSPost2010PropOp28
 70
     1
102
RTVSPost2010Prop29
280
     1
102
RTVSPost2010PropOp29
 70
     1
102
RTVSPost2010Prop30
280
     1
102
RTVSPost2010PropOp30
 70
     1
102
RTVSPost2010Prop31
280
     0
102
RTVSPost2010PropOp31
 70
     1
102
RTVSPost2010Prop32
280
     0
102
RTVSPost2010PropOp32
 70
     1
102
RTVSPost2010Prop33
280
     0
102
RTVSPost2010PropOp33
 70
     1
102
RTVSPost2010Prop34
280
     0
102
RTVSPost2010PropOp34
 70
     1
102
RTVSPost2010Prop35
280
     0
102
RTVSPost2010PropOp35
 70
     1
102
RTVSPost2010Prop36
280
     0
102
RTVSPost2010PropOp36
 70
     1
102
RTVSPost2010Prop37
 90
       50
102
RTVSPost2010PropOp37
 70
     1
102
RTVSPost2010Prop38
140
0.0
102
RTVSPost2010PropOp38
 70
     1
102
RTVSPost2010Prop39
140
1.0
102
RTVSPost2010PropOp39
 70
     1
102
RTVSPost2010Prop40
 90
        0
102
RTVSPost2010PropOp40
 70
     1
102
RTVSPost2010Prop41ColorIndex
 90
       18
102
RTVSPost2010Prop41ColorRGB
 90
        0
102
RTVSPost2010PropOp41
 70
     1
102
RTVSPost2010Prop42
 90
       50
102
RTVSPost2010PropOp42
 70
     1
102
RTVSPost2010Prop43
 90
        3
102
RTVSPost2010PropOp43
 70
     1
102
RTVSPost2010Prop44ColorIndex
 90
        5
102
RTVSPost2010Prop44ColorRGB
 90
      255
102
RTVSPost2010PropOp44
 70
     1
102
RTVSPost2010Prop45
280
     0
102
RTVSPost2010PropOp45
 70
     1
102
RTVSPost2010Prop46
 90
       50
102
RTVSPost2010PropOp46
 70
     1
102
RTVSPost2010Prop47
 90
       50
102
RTVSPost2010PropOp47
 70
     1
102
RTVSPost2010Prop48
 90
       50
102
RTVSPost2010PropOp48
 70
     1
102
RTVSPost2010Prop49
280
     0
102
RTVSPost2010PropOp49
 70
     1
102
RTVSPost2010Prop50
 90
       50
102
RTVSPost2010PropOp50
 70
     1
102
RTVSPost2010Prop51ColorIndex
 90
      256
102
RTVSPost2010Prop51ColorRGB
 90
-16777216
102
RTVSPost2010PropOp51
 70
     0
102
RTVSPost2010Prop52
140
1.0
102
RTVSPost2010PropOp52
 70
     0
102
RTVSPost2010Prop53
 90
        2
102
RTVSPost2010PropOp53
 70
     1
102
RTVSPost2010Prop54
  1
strokes_ogs.tif
102
RTVSPost2010PropOp54
 70
     1
102
RTVSPost2010Prop55
280
     0
102
RTVSPost2010PropOp55
 70
     1
102
RTVSPost2010Prop56
140
1.0
102
RTVSPost2010PropOp56
 70
     1
102
RTVSPost2010Prop57
140
1.0
102
RTVSPost2010PropOp57
 70
     1
  0
XRECORD
  5
16C
102
{ACAD_REACTORS
330
16B
102
}
330
16B
100
AcDbXrecord
280
     1
102
RTVSPropertyOp0
 70
     0
102
RTVSPropertyOp1
 70
     0
102
RTVSPropertyOp2
 70
     0
102
RTVSPropertyOp3
 70
     0
102
RTVSPropertyOp4
 70
     0
102
RTVSPropertyOp5
 70
     0
102
RTVSPropertyOp6
 70
     0
102
RTVSPropertyOp7
 70
     0
102
RTVSPropertyOp8
 70
     0
102
RTVSPropertyOp9
 70
     0
102
RTVSPropertyOp10
 70
     0
102
RTVSPropertyOp11
 70
     0
102
RTVSPropertyOp12
 70
     0
102
RTVSPropertyOp13
 70
     0
102
RTVSPropertyOp14
 70
     2
102
RTVSPropertyOp15
 70
     0
102
RTVSPropertyOp16
 70
     0
102
RTVSPropertyOp17
 70
     0
102
RTVSPropertyOp18
 70
     0
102
RTVSPropertyOp19
 70
     0
102
RTVSPropertyOp20
 70
     0
102
RTVSPropertyOp21
 70
     0
102
RTVSPropertyOp22
 70
     0
102
RTVSPropertyOp23
 70
     0
102
RTVSPropertyOp24
 70
     0
102
RTVSPropertyOp25
 70
     0
102
RTVSPropertyOp26
 70
     0
102
RTVSPropertyOp27
 70
     0
102
RTVSPropertyOp28
 70
     0
102
RTVSPropertyOp29
 70
     0
102
RTVSPropertyOp30
 70
     0
102
RTVSPropertyOp31
 70
     0
102
RTVSPropertyOp32
 70
     0
102
RTVSPropertyOp33
 70
     0
102
RTVSPropertyOp34
 70
     0
102
RTVSPropertyOp35
 70
     0
102
RTVSPropertyOp36
 70
     0
102
RTVSPropertyOp37
 70
     0
102
RTVSPropertyOp38
 70
     0
102
RTVSPropertyOp39
 70
     0
102
RTVSPropertyOp40
 70
     0
102
RTVSPropertyOp41
 70
     0
102
RTVSPropertyOp42
 70
     0
102
RTVSPropertyOp43
 70
     0
102
RTVSPropertyOp44
 70
     0
102
RTVSPropertyOp45
 70
     0
102
RTVSPropertyOp46
 70
     0
102
RTVSPropertyOp47
 70
     0
102
RTVSPropertyOp48
 70
     0
102
RTVSPropertyOp49
 70
     0
102
RTVSPropertyOp50
 70
     0
102
RTVSPropertyOp51
 70
     0
102
RTVSPropertyOp52
 70
     0
102
RTVSPropertyOp53
 70
     0
102
RTVSPropertyOp54
 70
     0
102
RTVSPropertyOp55
 70
     0
102
RTVSPropertyOp56
 70
     0
102
RTVSPropertyOp57
 70
     0
102
RTVSPost2010Prop28
280
     0
102
RTVSPost2010PropOp28
 70
     0
102
RTVSPost2010Prop29
280
     1
102
RTVSPost2010PropOp29
 70
     0
102
RTVSPost2010Prop30
280
     1
102
RTVSPost2010PropOp30
 70
     0
102
RTVSPost2010Prop31
280
     0
102
RTVSPost2010PropOp31
 70
     0
102
RTVSPost2010Prop32
280
     0
102
RTVSPost2010PropOp32
 70
     0
102
RTVSPost2010Prop33
280
     0
102
RTVSPost2010PropOp33
 70
     0
102
RTVSPost2010Prop34
280
     0
102
RTVSPost2010PropOp34
 70
     0
102
RTVSPost2010Prop35
280
     0
102
RTVSPost2010PropOp35
 70
     0
102
RTVSPost2010Prop36
280
     0
102
RTVSPost2010PropOp36
 70
     0
102
RTVSPost2010Prop37
 90
       50
102
RTVSPost2010PropOp37
 70
     0
102
RTVSPost2010Prop38
140
0.0
102
RTVSPost2010PropOp38
 70
     0
102
RTVSPost2010Prop39
140
1.0
102
RTVSPost2010PropOp39
 70
     0
102
RTVSPost2010Prop40
 90
        0
102
RTVSPost2010PropOp40
 70
     0
102
RTVSPost2010Prop41ColorIndex
 90
       18
102
RTVSPost2010Prop41ColorRGB
 90
        0
102
RTVSPost2010PropOp41
 70
     0
102
RTVSPost2010Prop42
 90
       50
102
RTVSPost2010PropOp42
 70
     0
102
RTVSPost2010Prop43
 90
        3
102
RTVSPost2010PropOp43
 70
     0
102
RTVSPost2010Prop44ColorIndex
 90
        5
102
RTVSPost2010Prop44ColorRGB
 90
      255
102
RTVSPost2010PropOp44
 70
     0
102
RTVSPost2010Prop45
280
     0
102
RTVSPost2010PropOp45
 70
     0
102
RTVSPost2010Prop46
 90
       50
102
RTVSPost2010PropOp46
 70
     0
102
RTVSPost2010Prop47
 90
       50
102
RTVSPost2010PropOp47
 70
     0
102
RTVSPost2010Prop48
 90
       50
102
RTVSPost2010PropOp48
 70
     0
102
RTVSPost2010Prop49
280
     0
102
RTVSPost2010PropOp49
 70
     0
102
RTVSPost2010Prop50
 90
       50
102
RTVSPost2010PropOp50
 70
     0
102
RTVSPost2010Prop51ColorIndex
 90
      256
102
RTVSPost2010Prop51ColorRGB
 90
-16777216
102
RTVSPost2010PropOp51
 70
     0
102
RTVSPost2010Prop52
140
1.0
102
RTVSPost2010PropOp52
 70
     0
102
RTVSPost2010Prop53
 90
        2
102
RTVSPost2010PropOp53
 70
     0
102
RTVSPost2010Prop54
  1
strokes_ogs.tif
102
RTVSPost2010PropOp54
 70
     0
102
RTVSPost2010Prop55
280
     0
102
RTVSPost2010PropOp55
 70
     0
102
RTVSPost2010Prop56
140
1.0
102
RTVSPost2010PropOp56
 70
     0
102
RTVSPost2010Prop57
140
1.0
102
RTVSPost2010PropOp57
 70
     0
  0
XRECORD
  5
164
102
{ACAD_REACTORS
330
163
102
}
330
163
100
AcDbXrecord
280
     1
102
RTVSPropertyOp0
 70
     1
102
RTVSPropertyOp1
 70
     1
102
RTVSPropertyOp2
 70
     1
102
RTVSPropertyOp3
 70
     1
102
RTVSPropertyOp4
 70
     1
102
RTVSPropertyOp5
 70
     1
102
RTVSPropertyOp6
 70
     1
102
RTVSPropertyOp7
 70
     1
102
RTVSPropertyOp8
 70
     1
102
RTVSPropertyOp9
 70
     1
102
RTVSPropertyOp10
 70
     1
102
RTVSPropertyOp11
 70
     1
102
RTVSPropertyOp12
 70
     1
102
RTVSPropertyOp13
 70
     1
102
RTVSPropertyOp14
 70
     1
102
RTVSPropertyOp15
 70
     1
102
RTVSPropertyOp16
 70
     1
102
RTVSPropertyOp17
 70
     1
102
RTVSPropertyOp18
 70
     1
102
RTVSPropertyOp19
 70
     1
102
RTVSPropertyOp20
 70
     1
102
RTVSPropertyOp21
 70
     1
102
RTVSPropertyOp22
 70
     1
102
RTVSPropertyOp23
 70
     1
102
RTVSPropertyOp24
 70
     1
102
RTVSPropertyOp25
 70
     1
102
RTVSPropertyOp26
 70
     1
102
RTVSPropertyOp27
 70
     1
102
RTVSPropertyOp28
 70
     1
102
RTVSPropertyOp29
 70
     1
102
RTVSPropertyOp30
 70
     1
102
RTVSPropertyOp31
 70
     1
102
RTVSPropertyOp32
 70
     1
102
RTVSPropertyOp33
 70
     1
102
RTVSPropertyOp34
 70
     1
102
RTVSPropertyOp35
 70
     1
102
RTVSPropertyOp36
 70
     1
102
RTVSPropertyOp37
 70
     1
102
RTVSPropertyOp38
 70
     1
102
RTVSPropertyOp39
 70
     1
102
RTVSPropertyOp40
 70
     1
102
RTVSPropertyOp41
 70
     1
102
RTVSPropertyOp42
 70
     1
102
RTVSPropertyOp43
 70
     1
102
RTVSPropertyOp44
 70
     1
102
RTVSPropertyOp45
 70
     1
102
RTVSPropertyOp46
 70
     1
102
RTVSPropertyOp47
 70
     1
102
RTVSPropertyOp48
 70
     1
102
RTVSPropertyOp49
 70
     1
102
RTVSPropertyOp50
 70
     1
102
RTVSPropertyOp51
 70
     0
102
RTVSPropertyOp52
 70
     0
102
RTVSPropertyOp53
 70
     1
102
RTVSPropertyOp54
 70
     1
102
RTVSPropertyOp55
 70
     1
102
RTVSPropertyOp56
 70
     1
102
RTVSPropertyOp57
 70
     1
102
RTVSPost2010Prop28
280
     0
102
RTVSPost2010PropOp28
 70
     1
102
RTVSPost2010Prop29
280
     1
102
RTVSPost2010PropOp29
 70
     1
102
RTVSPost2010Prop30
280
     1
102
RTVSPost2010PropOp30
 70
     1
102
RTVSPost2010Prop31
280
     0
102
RTVSPost2010PropOp31
 70
     1
102
RTVSPost2010Prop32
280
     0
102
RTVSPost2010PropOp32
 70
     1
102
RTVSPost2010Prop33
280
     0
102
RTVSPost2010PropOp33
 70
     1
102
RTVSPost2010Prop34
280
     0
102
RTVSPost2010PropOp34
 70
     1
102
RTVSPost2010Prop35
280
     0
102
RTVSPost2010PropOp35
 70
     1
102
RTVSPost2010Prop36
280
     0
102
RTVSPost2010PropOp36
 70
     1
102
RTVSPost2010Prop37
 90
       50
102
RTVSPost2010PropOp37
 70
     1
102
RTVSPost2010Prop38
140
0.0
102
RTVSPost2010PropOp38
 70
     1
102
RTVSPost2010Prop39
140
1.0
102
RTVSPost2010PropOp39
 70
     1
102
RTVSPost2010Prop40
 90
        0
102
RTVSPost2010PropOp40
 70
     1
102
RTVSPost2010Prop41ColorIndex
 90
       18
102
RTVSPost2010Prop41ColorRGB
 90
        0
102
RTVSPost2010PropOp41
 70
     1
102
RTVSPost2010Prop42
 90
       50
102
RTVSPost2010PropOp42
 70
     1
102
RTVSPost2010Prop43
 90
        3
102
RTVSPost2010PropOp43
 70
     1
102
RTVSPost2010Prop44ColorIndex
 90
        5
102
RTVSPost2010Prop44ColorRGB
 90
      255
102
RTVSPost2010PropOp44
 70
     1
102
RTVSPost2010Prop45
280
     0
102
RTVSPost2010PropOp45
 70
     1
102
RTVSPost2010Prop46
 90
       50
102
RTVSPost2010PropOp46
 70
     1
102
RTVSPost2010Prop47
 90
       50
102
RTVSPost2010PropOp47
 70
     1
102
RTVSPost2010Prop48
 90
       50
102
RTVSPost2010PropOp48
 70
     1
102
RTVSPost2010Prop49
280
     0
102
RTVSPost2010PropOp49
 70
     1
102
RTVSPost2010Prop50
 90
       50
102
RTVSPost2010PropOp50
 70
     1
102
RTVSPost2010Prop51ColorIndex
 90
      256
102
RTVSPost2010Prop51ColorRGB
 90
-16777216
102
RTVSPost2010PropOp51
 70
     0
102
RTVSPost2010Prop52
140
1.0
102
RTVSPost2010PropOp52
 70
     0
102
RTVSPost2010Prop53
 90
        2
102
RTVSPost2010PropOp53
 70
     1
102
RTVSPost2010Prop54
  1
strokes_ogs.tif
102
RTVSPost2010PropOp54
 70
     1
102
RTVSPost2010Prop55
280
     0
102
RTVSPost2010PropOp55
 70
     1
102
RTVSPost2010Prop56
140
1.0
102
RTVSPost2010PropOp56
 70
     1
102
RTVSPost2010Prop57
140
1.0
102
RTVSPost2010PropOp57
 70
     1
  0
XRECORD
  5
148
102
{ACAD_REACTORS
330
147
102
}
330
147
100
AcDbXrecord
280
     1
102
RTVSPropertyOp0
 70
     1
102
RTVSPropertyOp1
 70
     1
102
RTVSPropertyOp2
 70
     1
102
RTVSPropertyOp3
 70
     1
102
RTVSPropertyOp4
 70
     1
102
RTVSPropertyOp5
 70
     1
102
RTVSPropertyOp6
 70
     1
102
RTVSPropertyOp7
 70
     1
102
RTVSPropertyOp8
 70
     1
102
RTVSPropertyOp9
 70
     1
102
RTVSPropertyOp10
 70
     1
102
RTVSPropertyOp11
 70
     1
102
RTVSPropertyOp12
 70
     1
102
RTVSPropertyOp13
 70
     1
102
RTVSPropertyOp14
 70
     1
102
RTVSPropertyOp15
 70
     1
102
RTVSPropertyOp16
 70
     1
102
RTVSPropertyOp17
 70
     1
102
RTVSPropertyOp18
 70
     1
102
RTVSPropertyOp19
 70
     1
102
RTVSPropertyOp20
 70
     1
102
RTVSPropertyOp21
 70
     1
102
RTVSPropertyOp22
 70
     1
102
RTVSPropertyOp23
 70
     1
102
RTVSPropertyOp24
 70
     1
102
RTVSPropertyOp25
 70
     1
102
RTVSPropertyOp26
 70
     1
102
RTVSPropertyOp27
 70
     1
102
RTVSPropertyOp28
 70
     1
102
RTVSPropertyOp29
 70
     1
102
RTVSPropertyOp30
 70
     1
102
RTVSPropertyOp31
 70
     1
102
RTVSPropertyOp32
 70
     1
102
RTVSPropertyOp33
 70
     1
102
RTVSPropertyOp34
 70
     1
102
RTVSPropertyOp35
 70
     1
102
RTVSPropertyOp36
 70
     1
102
RTVSPropertyOp37
 70
     1
102
RTVSPropertyOp38
 70
     1
102
RTVSPropertyOp39
 70
     1
102
RTVSPropertyOp40
 70
     1
102
RTVSPropertyOp41
 70
     1
102
RTVSPropertyOp42
 70
     1
102
RTVSPropertyOp43
 70
     1
102
RTVSPropertyOp44
 70
     1
102
RTVSPropertyOp45
 70
     1
102
RTVSPropertyOp46
 70
     1
102
RTVSPropertyOp47
 70
     1
102
RTVSPropertyOp48
 70
     1
102
RTVSPropertyOp49
 70
     1
102
RTVSPropertyOp50
 70
     1
102
RTVSPropertyOp51
 70
     0
102
RTVSPropertyOp52
 70
     0
102
RTVSPropertyOp53
 70
     1
102
RTVSPropertyOp54
 70
     1
102
RTVSPropertyOp55
 70
     1
102
RTVSPropertyOp56
 70
     1
102
RTVSPropertyOp57
 70
     1
102
RTVSPost2010Prop28
280
     0
102
RTVSPost2010PropOp28
 70
     1
102
RTVSPost2010Prop29
280
     1
102
RTVSPost2010PropOp29
 70
     1
102
RTVSPost2010Prop30
280
     1
102
RTVSPost2010PropOp30
 70
     1
102
RTVSPost2010Prop31
280
     0
102
RTVSPost2010PropOp31
 70
     1
102
RTVSPost2010Prop32
280
     0
102
RTVSPost2010PropOp32
 70
     1
102
RTVSPost2010Prop33
280
     0
102
RTVSPost2010PropOp33
 70
     1
102
RTVSPost2010Prop34
280
     0
102
RTVSPost2010PropOp34
 70
     1
102
RTVSPost2010Prop35
280
     0
102
RTVSPost2010PropOp35
 70
     1
102
RTVSPost2010Prop36
280
     0
102
RTVSPost2010PropOp36
 70
     1
102
RTVSPost2010Prop37
 90
       50
102
RTVSPost2010PropOp37
 70
     1
102
RTVSPost2010Prop38
140
0.0
102
RTVSPost2010PropOp38
 70
     1
102
RTVSPost2010Prop39
140
1.0
102
RTVSPost2010PropOp39
 70
     1
102
RTVSPost2010Prop40
 90
        0
102
RTVSPost2010PropOp40
 70
     1
102
RTVSPost2010Prop41ColorIndex
 90
       18
102
RTVSPost2010Prop41ColorRGB
 90
        0
102
RTVSPost2010PropOp41
 70
     1
102
RTVSPost2010Prop42
 90
       50
102
RTVSPost2010PropOp42
 70
     1
102
RTVSPost2010Prop43
 90
        3
102
RTVSPost2010PropOp43
 70
     1
102
RTVSPost2010Prop44ColorIndex
 90
        5
102
RTVSPost2010Prop44ColorRGB
 90
      255
102
RTVSPost2010PropOp44
 70
     1
102
RTVSPost2010Prop45
280
     0
102
RTVSPost2010PropOp45
 70
     1
102
RTVSPost2010Prop46
 90
       50
102
RTVSPost2010PropOp46
 70
     1
102
RTVSPost2010Prop47
 90
       50
102
RTVSPost2010PropOp47
 70
     1
102
RTVSPost2010Prop48
 90
       50
102
RTVSPost2010PropOp48
 70
     1
102
RTVSPost2010Prop49
280
     0
102
RTVSPost2010PropOp49
 70
     1
102
RTVSPost2010Prop50
 90
       50
102
RTVSPost2010PropOp50
 70
     1
102
RTVSPost2010Prop51ColorIndex
 90
      256
102
RTVSPost2010Prop51ColorRGB
 90
-16777216
102
RTVSPost2010PropOp51
 70
     0
102
RTVSPost2010Prop52
140
1.0
102
RTVSPost2010PropOp52
 70
     0
102
RTVSPost2010Prop53
 90
        2
102
RTVSPost2010PropOp53
 70
     1
102
RTVSPost2010Prop54
  1
strokes_ogs.tif
102
RTVSPost2010PropOp54
 70
     1
102
RTVSPost2010Prop55
280
     0
102
RTVSPost2010PropOp55
 70
     1
102
RTVSPost2010Prop56
140
1.0
102
RTVSPost2010PropOp56
 70
     1
102
RTVSPost2010Prop57
140
1.0
102
RTVSPost2010PropOp57
 70
     1
  0
XRECORD
  5
14A
102
{ACAD_REACTORS
330
149
102
}
330
149
100
AcDbXrecord
280
     1
102
RTVSPropertyOp0
 70
     1
102
RTVSPropertyOp1
 70
     1
102
RTVSPropertyOp2
 70
     1
102
RTVSPropertyOp3
 70
     1
102
RTVSPropertyOp4
 70
     1
102
RTVSPropertyOp5
 70
     1
102
RTVSPropertyOp6
 70
     1
102
RTVSPropertyOp7
 70
     1
102
RTVSPropertyOp8
 70
     1
102
RTVSPropertyOp9
 70
     1
102
RTVSPropertyOp10
 70
     1
102
RTVSPropertyOp11
 70
     1
102
RTVSPropertyOp12
 70
     1
102
RTVSPropertyOp13
 70
     1
102
RTVSPropertyOp14
 70
     1
102
RTVSPropertyOp15
 70
     1
102
RTVSPropertyOp16
 70
     1
102
RTVSPropertyOp17
 70
     1
102
RTVSPropertyOp18
 70
     1
102
RTVSPropertyOp19
 70
     1
102
RTVSPropertyOp20
 70
     1
102
RTVSPropertyOp21
 70
     1
102
RTVSPropertyOp22
 70
     1
102
RTVSPropertyOp23
 70
     1
102
RTVSPropertyOp24
 70
     1
102
RTVSPropertyOp25
 70
     1
102
RTVSPropertyOp26
 70
     1
102
RTVSPropertyOp27
 70
     1
102
RTVSPropertyOp28
 70
     1
102
RTVSPropertyOp29
 70
     1
102
RTVSPropertyOp30
 70
     1
102
RTVSPropertyOp31
 70
     1
102
RTVSPropertyOp32
 70
     1
102
RTVSPropertyOp33
 70
     1
102
RTVSPropertyOp34
 70
     1
102
RTVSPropertyOp35
 70
     1
102
RTVSPropertyOp36
 70
     1
102
RTVSPropertyOp37
 70
     1
102
RTVSPropertyOp38
 70
     1
102
RTVSPropertyOp39
 70
     1
102
RTVSPropertyOp40
 70
     1
102
RTVSPropertyOp41
 70
     1
102
RTVSPropertyOp42
 70
     1
102
RTVSPropertyOp43
 70
     1
102
RTVSPropertyOp44
 70
     1
102
RTVSPropertyOp45
 70
     1
102
RTVSPropertyOp46
 70
     1
102
RTVSPropertyOp47
 70
     1
102
RTVSPropertyOp48
 70
     1
102
RTVSPropertyOp49
 70
     1
102
RTVSPropertyOp50
 70
     1
102
RTVSPropertyOp51
 70
     0
102
RTVSPropertyOp52
 70
     0
102
RTVSPropertyOp53
 70
     1
102
RTVSPropertyOp54
 70
     1
102
RTVSPropertyOp55
 70
     1
102
RTVSPropertyOp56
 70
     1
102
RTVSPropertyOp57
 70
     1
102
RTVSPost2010Prop28
280
     0
102
RTVSPost2010PropOp28
 70
     1
102
RTVSPost2010Prop29
280
     1
102
RTVSPost2010PropOp29
 70
     1
102
RTVSPost2010Prop30
280
     1
102
RTVSPost2010PropOp30
 70
     1
102
RTVSPost2010Prop31
280
     0
102
RTVSPost2010PropOp31
 70
     1
102
RTVSPost2010Prop32
280
     0
102
RTVSPost2010PropOp32
 70
     1
102
RTVSPost2010Prop33
280
     0
102
RTVSPost2010PropOp33
 70
     1
102
RTVSPost2010Prop34
280
     0
102
RTVSPost2010PropOp34
 70
     1
102
RTVSPost2010Prop35
280
     0
102
RTVSPost2010PropOp35
 70
     1
102
RTVSPost2010Prop36
280
     0
102
RTVSPost2010PropOp36
 70
     1
102
RTVSPost2010Prop37
 90
       50
102
RTVSPost2010PropOp37
 70
     1
102
RTVSPost2010Prop38
140
0.0
102
RTVSPost2010PropOp38
 70
     1
102
RTVSPost2010Prop39
140
1.0
102
RTVSPost2010PropOp39
 70
     1
102
RTVSPost2010Prop40
 90
        0
102
RTVSPost2010PropOp40
 70
     1
102
RTVSPost2010Prop41ColorIndex
 90
       18
102
RTVSPost2010Prop41ColorRGB
 90
        0
102
RTVSPost2010PropOp41
 70
     1
102
RTVSPost2010Prop42
 90
       50
102
RTVSPost2010PropOp42
 70
     1
102
RTVSPost2010Prop43
 90
        3
102
RTVSPost2010PropOp43
 70
     1
102
RTVSPost2010Prop44ColorIndex
 90
        5
102
RTVSPost2010Prop44ColorRGB
 90
      255
102
RTVSPost2010PropOp44
 70
     1
102
RTVSPost2010Prop45
280
     0
102
RTVSPost2010PropOp45
 70
     1
102
RTVSPost2010Prop46
 90
       50
102
RTVSPost2010PropOp46
 70
     1
102
RTVSPost2010Prop47
 90
       50
102
RTVSPost2010PropOp47
 70
     1
102
RTVSPost2010Prop48
 90
       50
102
RTVSPost2010PropOp48
 70
     1
102
RTVSPost2010Prop49
280
     0
102
RTVSPost2010PropOp49
 70
     1
102
RTVSPost2010Prop50
 90
       50
102
RTVSPost2010PropOp50
 70
     1
102
RTVSPost2010Prop51ColorIndex
 90
      256
102
RTVSPost2010Prop51ColorRGB
 90
-16777216
102
RTVSPost2010PropOp51
 70
     0
102
RTVSPost2010Prop52
140
1.0
102
RTVSPost2010PropOp52
 70
     0
102
RTVSPost2010Prop53
 90
        2
102
RTVSPost2010PropOp53
 70
     1
102
RTVSPost2010Prop54
  1
strokes_ogs.tif
102
RTVSPost2010PropOp54
 70
     1
102
RTVSPost2010Prop55
280
     0
102
RTVSPost2010PropOp55
 70
     1
102
RTVSPost2010Prop56
140
1.0
102
RTVSPost2010PropOp56
 70
     1
102
RTVSPost2010Prop57
140
1.0
102
RTVSPost2010PropOp57
 70
     1
  0
XRECORD
  5
14C
102
{ACAD_REACTORS
330
14B
102
}
330
14B
100
AcDbXrecord
280
     1
102
RTVSPropertyOp0
 70
     1
102
RTVSPropertyOp1
 70
     1
102
RTVSPropertyOp2
 70
     1
102
RTVSPropertyOp3
 70
     1
102
RTVSPropertyOp4
 70
     1
102
RTVSPropertyOp5
 70
     1
102
RTVSPropertyOp6
 70
     1
102
RTVSPropertyOp7
 70
     1
102
RTVSPropertyOp8
 70
     1
102
RTVSPropertyOp9
 70
     1
102
RTVSPropertyOp10
 70
     1
102
RTVSPropertyOp11
 70
     1
102
RTVSPropertyOp12
 70
     1
102
RTVSPropertyOp13
 70
     1
102
RTVSPropertyOp14
 70
     1
102
RTVSPropertyOp15
 70
     1
102
RTVSPropertyOp16
 70
     1
102
RTVSPropertyOp17
 70
     1
102
RTVSPropertyOp18
 70
     1
102
RTVSPropertyOp19
 70
     1
102
RTVSPropertyOp20
 70
     1
102
RTVSPropertyOp21
 70
     1
102
RTVSPropertyOp22
 70
     1
102
RTVSPropertyOp23
 70
     1
102
RTVSPropertyOp24
 70
     1
102
RTVSPropertyOp25
 70
     1
102
RTVSPropertyOp26
 70
     1
102
RTVSPropertyOp27
 70
     1
102
RTVSPropertyOp28
 70
     1
102
RTVSPropertyOp29
 70
     1
102
RTVSPropertyOp30
 70
     1
102
RTVSPropertyOp31
 70
     1
102
RTVSPropertyOp32
 70
     1
102
RTVSPropertyOp33
 70
     1
102
RTVSPropertyOp34
 70
     1
102
RTVSPropertyOp35
 70
     1
102
RTVSPropertyOp36
 70
     1
102
RTVSPropertyOp37
 70
     1
102
RTVSPropertyOp38
 70
     1
102
RTVSPropertyOp39
 70
     1
102
RTVSPropertyOp40
 70
     1
102
RTVSPropertyOp41
 70
     1
102
RTVSPropertyOp42
 70
     1
102
RTVSPropertyOp43
 70
     1
102
RTVSPropertyOp44
 70
     1
102
RTVSPropertyOp45
 70
     1
102
RTVSPropertyOp46
 70
     1
102
RTVSPropertyOp47
 70
     1
102
RTVSPropertyOp48
 70
     1
102
RTVSPropertyOp49
 70
     1
102
RTVSPropertyOp50
 70
     1
102
RTVSPropertyOp51
 70
     0
102
RTVSPropertyOp52
 70
     0
102
RTVSPropertyOp53
 70
     1
102
RTVSPropertyOp54
 70
     1
102
RTVSPropertyOp55
 70
     1
102
RTVSPropertyOp56
 70
     1
102
RTVSPropertyOp57
 70
     1
102
RTVSPost2010Prop28
280
     0
102
RTVSPost2010PropOp28
 70
     1
102
RTVSPost2010Prop29
280
     1
102
RTVSPost2010PropOp29
 70
     1
102
RTVSPost2010Prop30
280
     1
102
RTVSPost2010PropOp30
 70
     1
102
RTVSPost2010Prop31
280
     0
102
RTVSPost2010PropOp31
 70
     1
102
RTVSPost2010Prop32
280
     0
102
RTVSPost2010PropOp32
 70
     1
102
RTVSPost2010Prop33
280
     0
102
RTVSPost2010PropOp33
 70
     1
102
RTVSPost2010Prop34
280
     0
102
RTVSPost2010PropOp34
 70
     1
102
RTVSPost2010Prop35
280
     0
102
RTVSPost2010PropOp35
 70
     1
102
RTVSPost2010Prop36
280
     0
102
RTVSPost2010PropOp36
 70
     1
102
RTVSPost2010Prop37
 90
       50
102
RTVSPost2010PropOp37
 70
     1
102
RTVSPost2010Prop38
140
0.0
102
RTVSPost2010PropOp38
 70
     1
102
RTVSPost2010Prop39
140
1.0
102
RTVSPost2010PropOp39
 70
     1
102
RTVSPost2010Prop40
 90
        0
102
RTVSPost2010PropOp40
 70
     1
102
RTVSPost2010Prop41ColorIndex
 90
       18
102
RTVSPost2010Prop41ColorRGB
 90
        0
102
RTVSPost2010PropOp41
 70
     1
102
RTVSPost2010Prop42
 90
       50
102
RTVSPost2010PropOp42
 70
     1
102
RTVSPost2010Prop43
 90
        3
102
RTVSPost2010PropOp43
 70
     1
102
RTVSPost2010Prop44ColorIndex
 90
        5
102
RTVSPost2010Prop44ColorRGB
 90
      255
102
RTVSPost2010PropOp44
 70
     1
102
RTVSPost2010Prop45
280
     0
102
RTVSPost2010PropOp45
 70
     1
102
RTVSPost2010Prop46
 90
       50
102
RTVSPost2010PropOp46
 70
     1
102
RTVSPost2010Prop47
 90
       50
102
RTVSPost2010PropOp47
 70
     1
102
RTVSPost2010Prop48
 90
       50
102
RTVSPost2010PropOp48
 70
     1
102
RTVSPost2010Prop49
280
     0
102
RTVSPost2010PropOp49
 70
     1
102
RTVSPost2010Prop50
 90
       50
102
RTVSPost2010PropOp50
 70
     1
102
RTVSPost2010Prop51ColorIndex
 90
      256
102
RTVSPost2010Prop51ColorRGB
 90
-16777216
102
RTVSPost2010PropOp51
 70
     0
102
RTVSPost2010Prop52
140
1.0
102
RTVSPost2010PropOp52
 70
     0
102
RTVSPost2010Prop53
 90
        2
102
RTVSPost2010PropOp53
 70
     1
102
RTVSPost2010Prop54
  1
strokes_ogs.tif
102
RTVSPost2010PropOp54
 70
     1
102
RTVSPost2010Prop55
280
     0
102
RTVSPost2010PropOp55
 70
     1
102
RTVSPost2010Prop56
140
1.0
102
RTVSPost2010PropOp56
 70
     1
102
RTVSPost2010Prop57
140
1.0
102
RTVSPost2010PropOp57
 70
     1
  0
XRECORD
  5
14E
102
{ACAD_REACTORS
330
14D
102
}
330
14D
100
AcDbXrecord
280
     1
102
RTVSPropertyOp0
 70
     1
102
RTVSPropertyOp1
 70
     1
102
RTVSPropertyOp2
 70
     1
102
RTVSPropertyOp3
 70
     1
102
RTVSPropertyOp4
 70
     1
102
RTVSPropertyOp5
 70
     1
102
RTVSPropertyOp6
 70
     1
102
RTVSPropertyOp7
 70
     1
102
RTVSPropertyOp8
 70
     1
102
RTVSPropertyOp9
 70
     1
102
RTVSPropertyOp10
 70
     1
102
RTVSPropertyOp11
 70
     1
102
RTVSPropertyOp12
 70
     1
102
RTVSPropertyOp13
 70
     1
102
RTVSPropertyOp14
 70
     1
102
RTVSPropertyOp15
 70
     1
102
RTVSPropertyOp16
 70
     1
102
RTVSPropertyOp17
 70
     1
102
RTVSPropertyOp18
 70
     1
102
RTVSPropertyOp19
 70
     1
102
RTVSPropertyOp20
 70
     1
102
RTVSPropertyOp21
 70
     1
102
RTVSPropertyOp22
 70
     1
102
RTVSPropertyOp23
 70
     1
102
RTVSPropertyOp24
 70
     1
102
RTVSPropertyOp25
 70
     1
102
RTVSPropertyOp26
 70
     1
102
RTVSPropertyOp27
 70
     1
102
RTVSPropertyOp28
 70
     1
102
RTVSPropertyOp29
 70
     1
102
RTVSPropertyOp30
 70
     1
102
RTVSPropertyOp31
 70
     1
102
RTVSPropertyOp32
 70
     1
102
RTVSPropertyOp33
 70
     1
102
RTVSPropertyOp34
 70
     1
102
RTVSPropertyOp35
 70
     1
102
RTVSPropertyOp36
 70
     1
102
RTVSPropertyOp37
 70
     1
102
RTVSPropertyOp38
 70
     1
102
RTVSPropertyOp39
 70
     1
102
RTVSPropertyOp40
 70
     1
102
RTVSPropertyOp41
 70
     1
102
RTVSPropertyOp42
 70
     1
102
RTVSPropertyOp43
 70
     1
102
RTVSPropertyOp44
 70
     1
102
RTVSPropertyOp45
 70
     1
102
RTVSPropertyOp46
 70
     1
102
RTVSPropertyOp47
 70
     1
102
RTVSPropertyOp48
 70
     1
102
RTVSPropertyOp49
 70
     1
102
RTVSPropertyOp50
 70
     1
102
RTVSPropertyOp51
 70
     0
102
RTVSPropertyOp52
 70
     0
102
RTVSPropertyOp53
 70
     1
102
RTVSPropertyOp54
 70
     1
102
RTVSPropertyOp55
 70
     1
102
RTVSPropertyOp56
 70
     1
102
RTVSPropertyOp57
 70
     1
102
RTVSPost2010Prop28
280
     0
102
RTVSPost2010PropOp28
 70
     1
102
RTVSPost2010Prop29
280
     1
102
RTVSPost2010PropOp29
 70
     1
102
RTVSPost2010Prop30
280
     1
102
RTVSPost2010PropOp30
 70
     1
102
RTVSPost2010Prop31
280
     0
102
RTVSPost2010PropOp31
 70
     1
102
RTVSPost2010Prop32
280
     0
102
RTVSPost2010PropOp32
 70
     1
102
RTVSPost2010Prop33
280
     0
102
RTVSPost2010PropOp33
 70
     1
102
RTVSPost2010Prop34
280
     0
102
RTVSPost2010PropOp34
 70
     1
102
RTVSPost2010Prop35
280
     0
102
RTVSPost2010PropOp35
 70
     1
102
RTVSPost2010Prop36
280
     0
102
RTVSPost2010PropOp36
 70
     1
102
RTVSPost2010Prop37
 90
       50
102
RTVSPost2010PropOp37
 70
     1
102
RTVSPost2010Prop38
140
0.0
102
RTVSPost2010PropOp38
 70
     1
102
RTVSPost2010Prop39
140
1.0
102
RTVSPost2010PropOp39
 70
     1
102
RTVSPost2010Prop40
 90
        0
102
RTVSPost2010PropOp40
 70
     1
102
RTVSPost2010Prop41ColorIndex
 90
       18
102
RTVSPost2010Prop41ColorRGB
 90
        0
102
RTVSPost2010PropOp41
 70
     1
102
RTVSPost2010Prop42
 90
       50
102
RTVSPost2010PropOp42
 70
     1
102
RTVSPost2010Prop43
 90
        3
102
RTVSPost2010PropOp43
 70
     1
102
RTVSPost2010Prop44ColorIndex
 90
        5
102
RTVSPost2010Prop44ColorRGB
 90
      255
102
RTVSPost2010PropOp44
 70
     1
102
RTVSPost2010Prop45
280
     0
102
RTVSPost2010PropOp45
 70
     1
102
RTVSPost2010Prop46
 90
       50
102
RTVSPost2010PropOp46
 70
     1
102
RTVSPost2010Prop47
 90
       50
102
RTVSPost2010PropOp47
 70
     1
102
RTVSPost2010Prop48
 90
       50
102
RTVSPost2010PropOp48
 70
     1
102
RTVSPost2010Prop49
280
     0
102
RTVSPost2010PropOp49
 70
     1
102
RTVSPost2010Prop50
 90
       50
102
RTVSPost2010PropOp50
 70
     1
102
RTVSPost2010Prop51ColorIndex
 90
      256
102
RTVSPost2010Prop51ColorRGB
 90
-16777216
102
RTVSPost2010PropOp51
 70
     0
102
RTVSPost2010Prop52
140
1.0
102
RTVSPost2010PropOp52
 70
     0
102
RTVSPost2010Prop53
 90
        2
102
RTVSPost2010PropOp53
 70
     1
102
RTVSPost2010Prop54
  1
strokes_ogs.tif
102
RTVSPost2010PropOp54
 70
     1
102
RTVSPost2010Prop55
280
     0
102
RTVSPost2010PropOp55
 70
     1
102
RTVSPost2010Prop56
140
1.0
102
RTVSPost2010PropOp56
 70
     1
102
RTVSPost2010Prop57
140
1.0
102
RTVSPost2010PropOp57
 70
     1
  0
XRECORD
  5
154
102
{ACAD_REACTORS
330
153
102
}
330
153
100
AcDbXrecord
280
     1
102
RTVSPropertyOp0
 70
     1
102
RTVSPropertyOp1
 70
     1
102
RTVSPropertyOp2
 70
     1
102
RTVSPropertyOp3
 70
     1
102
RTVSPropertyOp4
 70
     1
102
RTVSPropertyOp5
 70
     1
102
RTVSPropertyOp6
 70
     1
102
RTVSPropertyOp7
 70
     1
102
RTVSPropertyOp8
 70
     1
102
RTVSPropertyOp9
 70
     1
102
RTVSPropertyOp10
 70
     1
102
RTVSPropertyOp11
 70
     1
102
RTVSPropertyOp12
 70
     1
102
RTVSPropertyOp13
 70
     1
102
RTVSPropertyOp14
 70
     1
102
RTVSPropertyOp15
 70
     1
102
RTVSPropertyOp16
 70
     1
102
RTVSPropertyOp17
 70
     1
102
RTVSPropertyOp18
 70
     1
102
RTVSPropertyOp19
 70
     1
102
RTVSPropertyOp20
 70
     1
102
RTVSPropertyOp21
 70
     1
102
RTVSPropertyOp22
 70
     1
102
RTVSPropertyOp23
 70
     1
102
RTVSPropertyOp24
 70
     1
102
RTVSPropertyOp25
 70
     1
102
RTVSPropertyOp26
 70
     1
102
RTVSPropertyOp27
 70
     1
102
RTVSPropertyOp28
 70
     1
102
RTVSPropertyOp29
 70
     1
102
RTVSPropertyOp30
 70
     1
102
RTVSPropertyOp31
 70
     1
102
RTVSPropertyOp32
 70
     1
102
RTVSPropertyOp33
 70
     1
102
RTVSPropertyOp34
 70
     1
102
RTVSPropertyOp35
 70
     1
102
RTVSPropertyOp36
 70
     1
102
RTVSPropertyOp37
 70
     1
102
RTVSPropertyOp38
 70
     1
102
RTVSPropertyOp39
 70
     1
102
RTVSPropertyOp40
 70
     1
102
RTVSPropertyOp41
 70
     1
102
RTVSPropertyOp42
 70
     1
102
RTVSPropertyOp43
 70
     1
102
RTVSPropertyOp44
 70
     1
102
RTVSPropertyOp45
 70
     1
102
RTVSPropertyOp46
 70
     1
102
RTVSPropertyOp47
 70
     1
102
RTVSPropertyOp48
 70
     1
102
RTVSPropertyOp49
 70
     1
102
RTVSPropertyOp50
 70
     1
102
RTVSPropertyOp51
 70
     0
102
RTVSPropertyOp52
 70
     0
102
RTVSPropertyOp53
 70
     1
102
RTVSPropertyOp54
 70
     1
102
RTVSPropertyOp55
 70
     1
102
RTVSPropertyOp56
 70
     1
102
RTVSPropertyOp57
 70
     1
102
RTVSPost2010Prop28
280
     0
102
RTVSPost2010PropOp28
 70
     1
102
RTVSPost2010Prop29
280
     1
102
RTVSPost2010PropOp29
 70
     1
102
RTVSPost2010Prop30
280
     1
102
RTVSPost2010PropOp30
 70
     1
102
RTVSPost2010Prop31
280
     0
102
RTVSPost2010PropOp31
 70
     1
102
RTVSPost2010Prop32
280
     0
102
RTVSPost2010PropOp32
 70
     1
102
RTVSPost2010Prop33
280
     0
102
RTVSPost2010PropOp33
 70
     1
102
RTVSPost2010Prop34
280
     0
102
RTVSPost2010PropOp34
 70
     1
102
RTVSPost2010Prop35
280
     0
102
RTVSPost2010PropOp35
 70
     1
102
RTVSPost2010Prop36
280
     0
102
RTVSPost2010PropOp36
 70
     1
102
RTVSPost2010Prop37
 90
       50
102
RTVSPost2010PropOp37
 70
     1
102
RTVSPost2010Prop38
140
0.0
102
RTVSPost2010PropOp38
 70
     1
102
RTVSPost2010Prop39
140
1.0
102
RTVSPost2010PropOp39
 70
     1
102
RTVSPost2010Prop40
 90
        0
102
RTVSPost2010PropOp40
 70
     1
102
RTVSPost2010Prop41ColorIndex
 90
       18
102
RTVSPost2010Prop41ColorRGB
 90
        0
102
RTVSPost2010PropOp41
 70
     1
102
RTVSPost2010Prop42
 90
       50
102
RTVSPost2010PropOp42
 70
     1
102
RTVSPost2010Prop43
 90
        3
102
RTVSPost2010PropOp43
 70
     1
102
RTVSPost2010Prop44ColorIndex
 90
        5
102
RTVSPost2010Prop44ColorRGB
 90
      255
102
RTVSPost2010PropOp44
 70
     1
102
RTVSPost2010Prop45
280
     0
102
RTVSPost2010PropOp45
 70
     1
102
RTVSPost2010Prop46
 90
       50
102
RTVSPost2010PropOp46
 70
     1
102
RTVSPost2010Prop47
 90
       50
102
RTVSPost2010PropOp47
 70
     1
102
RTVSPost2010Prop48
 90
       50
102
RTVSPost2010PropOp48
 70
     1
102
RTVSPost2010Prop49
280
     0
102
RTVSPost2010PropOp49
 70
     1
102
RTVSPost2010Prop50
 90
       50
102
RTVSPost2010PropOp50
 70
     1
102
RTVSPost2010Prop51ColorIndex
 90
      256
102
RTVSPost2010Prop51ColorRGB
 90
-16777216
102
RTVSPost2010PropOp51
 70
     0
102
RTVSPost2010Prop52
140
1.0
102
RTVSPost2010PropOp52
 70
     0
102
RTVSPost2010Prop53
 90
        2
102
RTVSPost2010PropOp53
 70
     1
102
RTVSPost2010Prop54
  1
strokes_ogs.tif
102
RTVSPost2010PropOp54
 70
     1
102
RTVSPost2010Prop55
280
     0
102
RTVSPost2010PropOp55
 70
     1
102
RTVSPost2010Prop56
140
1.0
102
RTVSPost2010PropOp56
 70
     1
102
RTVSPost2010Prop57
140
1.0
102
RTVSPost2010PropOp57
 70
     1
  0
XRECORD
  5
168
102
{ACAD_REACTORS
330
167
102
}
330
167
100
AcDbXrecord
280
     1
102
RTVSPropertyOp0
 70
     0
102
RTVSPropertyOp1
 70
     0
102
RTVSPropertyOp2
 70
     0
102
RTVSPropertyOp3
 70
     0
102
RTVSPropertyOp4
 70
     0
102
RTVSPropertyOp5
 70
     0
102
RTVSPropertyOp6
 70
     0
102
RTVSPropertyOp7
 70
     0
102
RTVSPropertyOp8
 70
     0
102
RTVSPropertyOp9
 70
     0
102
RTVSPropertyOp10
 70
     0
102
RTVSPropertyOp11
 70
     0
102
RTVSPropertyOp12
 70
     0
102
RTVSPropertyOp13
 70
     0
102
RTVSPropertyOp14
 70
     2
102
RTVSPropertyOp15
 70
     0
102
RTVSPropertyOp16
 70
     0
102
RTVSPropertyOp17
 70
     0
102
RTVSPropertyOp18
 70
     0
102
RTVSPropertyOp19
 70
     0
102
RTVSPropertyOp20
 70
     0
102
RTVSPropertyOp21
 70
     0
102
RTVSPropertyOp22
 70
     0
102
RTVSPropertyOp23
 70
     0
102
RTVSPropertyOp24
 70
     0
102
RTVSPropertyOp25
 70
     0
102
RTVSPropertyOp26
 70
     0
102
RTVSPropertyOp27
 70
     0
102
RTVSPropertyOp28
 70
     0
102
RTVSPropertyOp29
 70
     0
102
RTVSPropertyOp30
 70
     0
102
RTVSPropertyOp31
 70
     0
102
RTVSPropertyOp32
 70
     0
102
RTVSPropertyOp33
 70
     0
102
RTVSPropertyOp34
 70
     0
102
RTVSPropertyOp35
 70
     0
102
RTVSPropertyOp36
 70
     0
102
RTVSPropertyOp37
 70
     0
102
RTVSPropertyOp38
 70
     0
102
RTVSPropertyOp39
 70
     0
102
RTVSPropertyOp40
 70
     0
102
RTVSPropertyOp41
 70
     0
102
RTVSPropertyOp42
 70
     0
102
RTVSPropertyOp43
 70
     0
102
RTVSPropertyOp44
 70
     0
102
RTVSPropertyOp45
 70
     0
102
RTVSPropertyOp46
 70
     0
102
RTVSPropertyOp47
 70
     0
102
RTVSPropertyOp48
 70
     0
102
RTVSPropertyOp49
 70
     0
102
RTVSPropertyOp50
 70
     0
102
RTVSPropertyOp51
 70
     0
102
RTVSPropertyOp52
 70
     0
102
RTVSPropertyOp53
 70
     0
102
RTVSPropertyOp54
 70
     0
102
RTVSPropertyOp55
 70
     0
102
RTVSPropertyOp56
 70
     0
102
RTVSPropertyOp57
 70
     0
102
RTVSPost2010Prop28
280
     0
102
RTVSPost2010PropOp28
 70
     0
102
RTVSPost2010Prop29
280
     1
102
RTVSPost2010PropOp29
 70
     0
102
RTVSPost2010Prop30
280
     1
102
RTVSPost2010PropOp30
 70
     0
102
RTVSPost2010Prop31
280
     0
102
RTVSPost2010PropOp31
 70
     0
102
RTVSPost2010Prop32
280
     0
102
RTVSPost2010PropOp32
 70
     0
102
RTVSPost2010Prop33
280
     0
102
RTVSPost2010PropOp33
 70
     0
102
RTVSPost2010Prop34
280
     0
102
RTVSPost2010PropOp34
 70
     0
102
RTVSPost2010Prop35
280
     0
102
RTVSPost2010PropOp35
 70
     0
102
RTVSPost2010Prop36
280
     0
102
RTVSPost2010PropOp36
 70
     0
102
RTVSPost2010Prop37
 90
       50
102
RTVSPost2010PropOp37
 70
     0
102
RTVSPost2010Prop38
140
0.0
102
RTVSPost2010PropOp38
 70
     0
102
RTVSPost2010Prop39
140
1.0
102
RTVSPost2010PropOp39
 70
     0
102
RTVSPost2010Prop40
 90
        0
102
RTVSPost2010PropOp40
 70
     0
102
RTVSPost2010Prop41ColorIndex
 90
       18
102
RTVSPost2010Prop41ColorRGB
 90
        0
102
RTVSPost2010PropOp41
 70
     0
102
RTVSPost2010Prop42
 90
       50
102
RTVSPost2010PropOp42
 70
     0
102
RTVSPost2010Prop43
 90
        3
102
RTVSPost2010PropOp43
 70
     0
102
RTVSPost2010Prop44ColorIndex
 90
        5
102
RTVSPost2010Prop44ColorRGB
 90
      255
102
RTVSPost2010PropOp44
 70
     0
102
RTVSPost2010Prop45
280
     0
102
RTVSPost2010PropOp45
 70
     0
102
RTVSPost2010Prop46
 90
       50
102
RTVSPost2010PropOp46
 70
     0
102
RTVSPost2010Prop47
 90
       50
102
RTVSPost2010PropOp47
 70
     0
102
RTVSPost2010Prop48
 90
       50
102
RTVSPost2010PropOp48
 70
     0
102
RTVSPost2010Prop49
280
     0
102
RTVSPost2010PropOp49
 70
     0
102
RTVSPost2010Prop50
 90
       50
102
RTVSPost2010PropOp50
 70
     0
102
RTVSPost2010Prop51ColorIndex
 90
      256
102
RTVSPost2010Prop51ColorRGB
 90
-16777216
102
RTVSPost2010PropOp51
 70
     0
102
RTVSPost2010Prop52
140
1.0
102
RTVSPost2010PropOp52
 70
     0
102
RTVSPost2010Prop53
 90
        2
102
RTVSPost2010PropOp53
 70
     0
102
RTVSPost2010Prop54
  1
strokes_ogs.tif
102
RTVSPost2010PropOp54
 70
     0
102
RTVSPost2010Prop55
280
     0
102
RTVSPost2010PropOp55
 70
     0
102
RTVSPost2010Prop56
140
1.0
102
RTVSPost2010PropOp56
 70
     0
102
RTVSPost2010Prop57
140
1.0
102
RTVSPost2010PropOp57
 70
     0
  0
XRECORD
  5
162
102
{ACAD_REACTORS
330
161
102
}
330
161
100
AcDbXrecord
280
     1
102
RTVSPropertyOp0
 70
     1
102
RTVSPropertyOp1
 70
     1
102
RTVSPropertyOp2
 70
     1
102
RTVSPropertyOp3
 70
     1
102
RTVSPropertyOp4
 70
     1
102
RTVSPropertyOp5
 70
     1
102
RTVSPropertyOp6
 70
     1
102
RTVSPropertyOp7
 70
     1
102
RTVSPropertyOp8
 70
     1
102
RTVSPropertyOp9
 70
     1
102
RTVSPropertyOp10
 70
     1
102
RTVSPropertyOp11
 70
     1
102
RTVSPropertyOp12
 70
     1
102
RTVSPropertyOp13
 70
     1
102
RTVSPropertyOp14
 70
     1
102
RTVSPropertyOp15
 70
     1
102
RTVSPropertyOp16
 70
     1
102
RTVSPropertyOp17
 70
     1
102
RTVSPropertyOp18
 70
     1
102
RTVSPropertyOp19
 70
     1
102
RTVSPropertyOp20
 70
     1
102
RTVSPropertyOp21
 70
     1
102
RTVSPropertyOp22
 70
     1
102
RTVSPropertyOp23
 70
     1
102
RTVSPropertyOp24
 70
     1
102
RTVSPropertyOp25
 70
     1
102
RTVSPropertyOp26
 70
     1
102
RTVSPropertyOp27
 70
     1
102
RTVSPropertyOp28
 70
     1
102
RTVSPropertyOp29
 70
     1
102
RTVSPropertyOp30
 70
     1
102
RTVSPropertyOp31
 70
     1
102
RTVSPropertyOp32
 70
     1
102
RTVSPropertyOp33
 70
     1
102
RTVSPropertyOp34
 70
     1
102
RTVSPropertyOp35
 70
     1
102
RTVSPropertyOp36
 70
     1
102
RTVSPropertyOp37
 70
     1
102
RTVSPropertyOp38
 70
     1
102
RTVSPropertyOp39
 70
     1
102
RTVSPropertyOp40
 70
     1
102
RTVSPropertyOp41
 70
     1
102
RTVSPropertyOp42
 70
     1
102
RTVSPropertyOp43
 70
     1
102
RTVSPropertyOp44
 70
     1
102
RTVSPropertyOp45
 70
     1
102
RTVSPropertyOp46
 70
     1
102
RTVSPropertyOp47
 70
     1
102
RTVSPropertyOp48
 70
     1
102
RTVSPropertyOp49
 70
     1
102
RTVSPropertyOp50
 70
     1
102
RTVSPropertyOp51
 70
     0
102
RTVSPropertyOp52
 70
     0
102
RTVSPropertyOp53
 70
     1
102
RTVSPropertyOp54
 70
     1
102
RTVSPropertyOp55
 70
     1
102
RTVSPropertyOp56
 70
     1
102
RTVSPropertyOp57
 70
     1
102
RTVSPost2010Prop28
280
     0
102
RTVSPost2010PropOp28
 70
     1
102
RTVSPost2010Prop29
280
     1
102
RTVSPost2010PropOp29
 70
     1
102
RTVSPost2010Prop30
280
     1
102
RTVSPost2010PropOp30
 70
     1
102
RTVSPost2010Prop31
280
     0
102
RTVSPost2010PropOp31
 70
     1
102
RTVSPost2010Prop32
280
     0
102
RTVSPost2010PropOp32
 70
     1
102
RTVSPost2010Prop33
280
     0
102
RTVSPost2010PropOp33
 70
     1
102
RTVSPost2010Prop34
280
     0
102
RTVSPost2010PropOp34
 70
     1
102
RTVSPost2010Prop35
280
     0
102
RTVSPost2010PropOp35
 70
     1
102
RTVSPost2010Prop36
280
     0
102
RTVSPost2010PropOp36
 70
     1
102
RTVSPost2010Prop37
 90
       50
102
RTVSPost2010PropOp37
 70
     1
102
RTVSPost2010Prop38
140
0.0
102
RTVSPost2010PropOp38
 70
     1
102
RTVSPost2010Prop39
140
1.0
102
RTVSPost2010PropOp39
 70
     1
102
RTVSPost2010Prop40
 90
        0
102
RTVSPost2010PropOp40
 70
     1
102
RTVSPost2010Prop41ColorIndex
 90
       18
102
RTVSPost2010Prop41ColorRGB
 90
        0
102
RTVSPost2010PropOp41
 70
     1
102
RTVSPost2010Prop42
 90
       50
102
RTVSPost2010PropOp42
 70
     1
102
RTVSPost2010Prop43
 90
        3
102
RTVSPost2010PropOp43
 70
     1
102
RTVSPost2010Prop44ColorIndex
 90
        5
102
RTVSPost2010Prop44ColorRGB
 90
      255
102
RTVSPost2010PropOp44
 70
     1
102
RTVSPost2010Prop45
280
     0
102
RTVSPost2010PropOp45
 70
     1
102
RTVSPost2010Prop46
 90
       50
102
RTVSPost2010PropOp46
 70
     1
102
RTVSPost2010Prop47
 90
       50
102
RTVSPost2010PropOp47
 70
     1
102
RTVSPost2010Prop48
 90
       50
102
RTVSPost2010PropOp48
 70
     1
102
RTVSPost2010Prop49
280
     0
102
RTVSPost2010PropOp49
 70
     1
102
RTVSPost2010Prop50
 90
       50
102
RTVSPost2010PropOp50
 70
     1
102
RTVSPost2010Prop51ColorIndex
 90
      256
102
RTVSPost2010Prop51ColorRGB
 90
-16777216
102
RTVSPost2010PropOp51
 70
     0
102
RTVSPost2010Prop52
140
1.0
102
RTVSPost2010PropOp52
 70
     0
102
RTVSPost2010Prop53
 90
        2
102
RTVSPost2010PropOp53
 70
     1
102
RTVSPost2010Prop54
  1
strokes_ogs.tif
102
RTVSPost2010PropOp54
 70
     1
102
RTVSPost2010Prop55
280
     0
102
RTVSPost2010PropOp55
 70
     1
102
RTVSPost2010Prop56
140
1.0
102
RTVSPost2010PropOp56
 70
     1
102
RTVSPost2010Prop57
140
1.0
102
RTVSPost2010PropOp57
 70
     1
  0
XRECORD
  5
16A
102
{ACAD_REACTORS
330
169
102
}
330
169
100
AcDbXrecord
280
     1
102
RTVSPropertyOp0
 70
     0
102
RTVSPropertyOp1
 70
     0
102
RTVSPropertyOp2
 70
     0
102
RTVSPropertyOp3
 70
     0
102
RTVSPropertyOp4
 70
     0
102
RTVSPropertyOp5
 70
     0
102
RTVSPropertyOp6
 70
     0
102
RTVSPropertyOp7
 70
     0
102
RTVSPropertyOp8
 70
     0
102
RTVSPropertyOp9
 70
     0
102
RTVSPropertyOp10
 70
     0
102
RTVSPropertyOp11
 70
     0
102
RTVSPropertyOp12
 70
     0
102
RTVSPropertyOp13
 70
     0
102
RTVSPropertyOp14
 70
     2
102
RTVSPropertyOp15
 70
     0
102
RTVSPropertyOp16
 70
     0
102
RTVSPropertyOp17
 70
     0
102
RTVSPropertyOp18
 70
     0
102
RTVSPropertyOp19
 70
     0
102
RTVSPropertyOp20
 70
     0
102
RTVSPropertyOp21
 70
     0
102
RTVSPropertyOp22
 70
     0
102
RTVSPropertyOp23
 70
     0
102
RTVSPropertyOp24
 70
     0
102
RTVSPropertyOp25
 70
     0
102
RTVSPropertyOp26
 70
     0
102
RTVSPropertyOp27
 70
     0
102
RTVSPropertyOp28
 70
     0
102
RTVSPropertyOp29
 70
     0
102
RTVSPropertyOp30
 70
     0
102
RTVSPropertyOp31
 70
     0
102
RTVSPropertyOp32
 70
     0
102
RTVSPropertyOp33
 70
     0
102
RTVSPropertyOp34
 70
     0
102
RTVSPropertyOp35
 70
     0
102
RTVSPropertyOp36
 70
     0
102
RTVSPropertyOp37
 70
     0
102
RTVSPropertyOp38
 70
     0
102
RTVSPropertyOp39
 70
     0
102
RTVSPropertyOp40
 70
     0
102
RTVSPropertyOp41
 70
     0
102
RTVSPropertyOp42
 70
     0
102
RTVSPropertyOp43
 70
     0
102
RTVSPropertyOp44
 70
     0
102
RTVSPropertyOp45
 70
     0
102
RTVSPropertyOp46
 70
     0
102
RTVSPropertyOp47
 70
     0
102
RTVSPropertyOp48
 70
     0
102
RTVSPropertyOp49
 70
     0
102
RTVSPropertyOp50
 70
     0
102
RTVSPropertyOp51
 70
     0
102
RTVSPropertyOp52
 70
     0
102
RTVSPropertyOp53
 70
     0
102
RTVSPropertyOp54
 70
     0
102
RTVSPropertyOp55
 70
     0
102
RTVSPropertyOp56
 70
     0
102
RTVSPropertyOp57
 70
     0
102
RTVSPost2010Prop28
280
     0
102
RTVSPost2010PropOp28
 70
     0
102
RTVSPost2010Prop29
280
     1
102
RTVSPost2010PropOp29
 70
     0
102
RTVSPost2010Prop30
280
     1
102
RTVSPost2010PropOp30
 70
     0
102
RTVSPost2010Prop31
280
     0
102
RTVSPost2010PropOp31
 70
     0
102
RTVSPost2010Prop32
280
     0
102
RTVSPost2010PropOp32
 70
     0
102
RTVSPost2010Prop33
280
     0
102
RTVSPost2010PropOp33
 70
     0
102
RTVSPost2010Prop34
280
     0
102
RTVSPost2010PropOp34
 70
     0
102
RTVSPost2010Prop35
280
     0
102
RTVSPost2010PropOp35
 70
     0
102
RTVSPost2010Prop36
280
     0
102
RTVSPost2010PropOp36
 70
     0
102
RTVSPost2010Prop37
 90
       50
102
RTVSPost2010PropOp37
 70
     0
102
RTVSPost2010Prop38
140
0.0
102
RTVSPost2010PropOp38
 70
     0
102
RTVSPost2010Prop39
140
1.0
102
RTVSPost2010PropOp39
 70
     0
102
RTVSPost2010Prop40
 90
        0
102
RTVSPost2010PropOp40
 70
     0
102
RTVSPost2010Prop41ColorIndex
 90
       18
102
RTVSPost2010Prop41ColorRGB
 90
        0
102
RTVSPost2010PropOp41
 70
     0
102
RTVSPost2010Prop42
 90
       50
102
RTVSPost2010PropOp42
 70
     0
102
RTVSPost2010Prop43
 90
        3
102
RTVSPost2010PropOp43
 70
     0
102
RTVSPost2010Prop44ColorIndex
 90
        5
102
RTVSPost2010Prop44ColorRGB
 90
      255
102
RTVSPost2010PropOp44
 70
     0
102
RTVSPost2010Prop45
280
     0
102
RTVSPost2010PropOp45
 70
     0
102
RTVSPost2010Prop46
 90
       50
102
RTVSPost2010PropOp46
 70
     0
102
RTVSPost2010Prop47
 90
       50
102
RTVSPost2010PropOp47
 70
     0
102
RTVSPost2010Prop48
 90
       50
102
RTVSPost2010PropOp48
 70
     0
102
RTVSPost2010Prop49
280
     0
102
RTVSPost2010PropOp49
 70
     0
102
RTVSPost2010Prop50
 90
       50
102
RTVSPost2010PropOp50
 70
     0
102
RTVSPost2010Prop51ColorIndex
 90
      256
102
RTVSPost2010Prop51ColorRGB
 90
-16777216
102
RTVSPost2010PropOp51
 70
     0
102
RTVSPost2010Prop52
140
1.0
102
RTVSPost2010PropOp52
 70
     0
102
RTVSPost2010Prop53
 90
        2
102
RTVSPost2010PropOp53
 70
     0
102
RTVSPost2010Prop54
  1
strokes_ogs.tif
102
RTVSPost2010PropOp54
 70
     0
102
RTVSPost2010Prop55
280
     0
102
RTVSPost2010PropOp55
 70
     0
102
RTVSPost2010Prop56
140
1.0
102
RTVSPost2010PropOp56
 70
     0
102
RTVSPost2010Prop57
140
1.0
102
RTVSPost2010PropOp57
 70
     0
  0
XRECORD
  5
158
102
{ACAD_REACTORS
330
157
102
}
330
157
100
AcDbXrecord
280
     1
102
RTVSPropertyOp0
 70
     1
102
RTVSPropertyOp1
 70
     1
102
RTVSPropertyOp2
 70
     1
102
RTVSPropertyOp3
 70
     1
102
RTVSPropertyOp4
 70
     1
102
RTVSPropertyOp5
 70
     1
102
RTVSPropertyOp6
 70
     1
102
RTVSPropertyOp7
 70
     1
102
RTVSPropertyOp8
 70
     1
102
RTVSPropertyOp9
 70
     1
102
RTVSPropertyOp10
 70
     1
102
RTVSPropertyOp11
 70
     1
102
RTVSPropertyOp12
 70
     1
102
RTVSPropertyOp13
 70
     1
102
RTVSPropertyOp14
 70
     1
102
RTVSPropertyOp15
 70
     1
102
RTVSPropertyOp16
 70
     1
102
RTVSPropertyOp17
 70
     1
102
RTVSPropertyOp18
 70
     1
102
RTVSPropertyOp19
 70
     1
102
RTVSPropertyOp20
 70
     1
102
RTVSPropertyOp21
 70
     1
102
RTVSPropertyOp22
 70
     1
102
RTVSPropertyOp23
 70
     1
102
RTVSPropertyOp24
 70
     1
102
RTVSPropertyOp25
 70
     1
102
RTVSPropertyOp26
 70
     1
102
RTVSPropertyOp27
 70
     1
102
RTVSPropertyOp28
 70
     1
102
RTVSPropertyOp29
 70
     1
102
RTVSPropertyOp30
 70
     1
102
RTVSPropertyOp31
 70
     1
102
RTVSPropertyOp32
 70
     1
102
RTVSPropertyOp33
 70
     1
102
RTVSPropertyOp34
 70
     1
102
RTVSPropertyOp35
 70
     1
102
RTVSPropertyOp36
 70
     1
102
RTVSPropertyOp37
 70
     1
102
RTVSPropertyOp38
 70
     1
102
RTVSPropertyOp39
 70
     1
102
RTVSPropertyOp40
 70
     1
102
RTVSPropertyOp41
 70
     1
102
RTVSPropertyOp42
 70
     1
102
RTVSPropertyOp43
 70
     1
102
RTVSPropertyOp44
 70
     1
102
RTVSPropertyOp45
 70
     1
102
RTVSPropertyOp46
 70
     1
102
RTVSPropertyOp47
 70
     1
102
RTVSPropertyOp48
 70
     1
102
RTVSPropertyOp49
 70
     1
102
RTVSPropertyOp50
 70
     1
102
RTVSPropertyOp51
 70
     0
102
RTVSPropertyOp52
 70
     0
102
RTVSPropertyOp53
 70
     1
102
RTVSPropertyOp54
 70
     1
102
RTVSPropertyOp55
 70
     1
102
RTVSPropertyOp56
 70
     1
102
RTVSPropertyOp57
 70
     1
102
RTVSPost2010Prop28
280
     0
102
RTVSPost2010PropOp28
 70
     1
102
RTVSPost2010Prop29
280
     1
102
RTVSPost2010PropOp29
 70
     1
102
RTVSPost2010Prop30
280
     1
102
RTVSPost2010PropOp30
 70
     1
102
RTVSPost2010Prop31
280
     0
102
RTVSPost2010PropOp31
 70
     1
102
RTVSPost2010Prop32
280
     0
102
RTVSPost2010PropOp32
 70
     1
102
RTVSPost2010Prop33
280
     0
102
RTVSPost2010PropOp33
 70
     1
102
RTVSPost2010Prop34
280
     0
102
RTVSPost2010PropOp34
 70
     1
102
RTVSPost2010Prop35
280
     0
102
RTVSPost2010PropOp35
 70
     1
102
RTVSPost2010Prop36
280
     0
102
RTVSPost2010PropOp36
 70
     1
102
RTVSPost2010Prop37
 90
       50
102
RTVSPost2010PropOp37
 70
     1
102
RTVSPost2010Prop38
140
0.0
102
RTVSPost2010PropOp38
 70
     1
102
RTVSPost2010Prop39
140
1.0
102
RTVSPost2010PropOp39
 70
     1
102
RTVSPost2010Prop40
 90
        0
102
RTVSPost2010PropOp40
 70
     1
102
RTVSPost2010Prop41ColorIndex
 90
       18
102
RTVSPost2010Prop41ColorRGB
 90
        0
102
RTVSPost2010PropOp41
 70
     1
102
RTVSPost2010Prop42
 90
       50
102
RTVSPost2010PropOp42
 70
     1
102
RTVSPost2010Prop43
 90
        3
102
RTVSPost2010PropOp43
 70
     1
102
RTVSPost2010Prop44ColorIndex
 90
        5
102
RTVSPost2010Prop44ColorRGB
 90
      255
102
RTVSPost2010PropOp44
 70
     1
102
RTVSPost2010Prop45
280
     0
102
RTVSPost2010PropOp45
 70
     1
102
RTVSPost2010Prop46
 90
       50
102
RTVSPost2010PropOp46
 70
     1
102
RTVSPost2010Prop47
 90
       50
102
RTVSPost2010PropOp47
 70
     1
102
RTVSPost2010Prop48
 90
       50
102
RTVSPost2010PropOp48
 70
     1
102
RTVSPost2010Prop49
280
     0
102
RTVSPost2010PropOp49
 70
     1
102
RTVSPost2010Prop50
 90
       50
102
RTVSPost2010PropOp50
 70
     1
102
RTVSPost2010Prop51ColorIndex
 90
      256
102
RTVSPost2010Prop51ColorRGB
 90
-16777216
102
RTVSPost2010PropOp51
 70
     0
102
RTVSPost2010Prop52
140
1.0
102
RTVSPost2010PropOp52
 70
     0
102
RTVSPost2010Prop53
 90
        2
102
RTVSPost2010PropOp53
 70
     1
102
RTVSPost2010Prop54
  1
strokes_ogs.tif
102
RTVSPost2010PropOp54
 70
     1
102
RTVSPost2010Prop55
280
     0
102
RTVSPost2010PropOp55
 70
     1
102
RTVSPost2010Prop56
140
1.0
102
RTVSPost2010PropOp56
 70
     1
102
RTVSPost2010Prop57
140
1.0
102
RTVSPost2010PropOp57
 70
     1
  0
XRECORD
  5
176
102
{ACAD_REACTORS
330
175
102
}
330
175
100
AcDbXrecord
280
     1
102
RTVSPropertyOp0
 70
     1
102
RTVSPropertyOp1
 70
     1
102
RTVSPropertyOp2
 70
     1
102
RTVSPropertyOp3
 70
     1
102
RTVSPropertyOp4
 70
     1
102
RTVSPropertyOp5
 70
     1
102
RTVSPropertyOp6
 70
     1
102
RTVSPropertyOp7
 70
     1
102
RTVSPropertyOp8
 70
     1
102
RTVSPropertyOp9
 70
     1
102
RTVSPropertyOp10
 70
     1
102
RTVSPropertyOp11
 70
     1
102
RTVSPropertyOp12
 70
     1
102
RTVSPropertyOp13
 70
     1
102
RTVSPropertyOp14
 70
     1
102
RTVSPropertyOp15
 70
     1
102
RTVSPropertyOp16
 70
     1
102
RTVSPropertyOp17
 70
     1
102
RTVSPropertyOp18
 70
     1
102
RTVSPropertyOp19
 70
     1
102
RTVSPropertyOp20
 70
     1
102
RTVSPropertyOp21
 70
     1
102
RTVSPropertyOp22
 70
     1
102
RTVSPropertyOp23
 70
     1
102
RTVSPropertyOp24
 70
     1
102
RTVSPropertyOp25
 70
     1
102
RTVSPropertyOp26
 70
     1
102
RTVSPropertyOp27
 70
     1
102
RTVSPropertyOp28
 70
     1
102
RTVSPropertyOp29
 70
     1
102
RTVSPropertyOp30
 70
     1
102
RTVSPropertyOp31
 70
     1
102
RTVSPropertyOp32
 70
     1
102
RTVSPropertyOp33
 70
     1
102
RTVSPropertyOp34
 70
     1
102
RTVSPropertyOp35
 70
     1
102
RTVSPropertyOp36
 70
     1
102
RTVSPropertyOp37
 70
     1
102
RTVSPropertyOp38
 70
     1
102
RTVSPropertyOp39
 70
     1
102
RTVSPropertyOp40
 70
     1
102
RTVSPropertyOp41
 70
     1
102
RTVSPropertyOp42
 70
     1
102
RTVSPropertyOp43
 70
     1
102
RTVSPropertyOp44
 70
     1
102
RTVSPropertyOp45
 70
     1
102
RTVSPropertyOp46
 70
     1
102
RTVSPropertyOp47
 70
     1
102
RTVSPropertyOp48
 70
     1
102
RTVSPropertyOp49
 70
     1
102
RTVSPropertyOp50
 70
     1
102
RTVSPropertyOp51
 70
     0
102
RTVSPropertyOp52
 70
     0
102
RTVSPropertyOp53
 70
     1
102
RTVSPropertyOp54
 70
     1
102
RTVSPropertyOp55
 70
     1
102
RTVSPropertyOp56
 70
     1
102
RTVSPropertyOp57
 70
     1
102
RTVSPost2010Prop28
280
     0
102
RTVSPost2010PropOp28
 70
     1
102
RTVSPost2010Prop29
280
     1
102
RTVSPost2010PropOp29
 70
     1
102
RTVSPost2010Prop30
280
     1
102
RTVSPost2010PropOp30
 70
     1
102
RTVSPost2010Prop31
280
     0
102
RTVSPost2010PropOp31
 70
     1
102
RTVSPost2010Prop32
280
     0
102
RTVSPost2010PropOp32
 70
     1
102
RTVSPost2010Prop33
280
     0
102
RTVSPost2010PropOp33
 70
     1
102
RTVSPost2010Prop34
280
     0
102
RTVSPost2010PropOp34
 70
     1
102
RTVSPost2010Prop35
280
     0
102
RTVSPost2010PropOp35
 70
     1
102
RTVSPost2010Prop36
280
     0
102
RTVSPost2010PropOp36
 70
     1
102
RTVSPost2010Prop37
 90
       50
102
RTVSPost2010PropOp37
 70
     1
102
RTVSPost2010Prop38
140
0.0
102
RTVSPost2010PropOp38
 70
     1
102
RTVSPost2010Prop39
140
1.0
102
RTVSPost2010PropOp39
 70
     1
102
RTVSPost2010Prop40
 90
        0
102
RTVSPost2010PropOp40
 70
     1
102
RTVSPost2010Prop41ColorIndex
 90
       18
102
RTVSPost2010Prop41ColorRGB
 90
        0
102
RTVSPost2010PropOp41
 70
     1
102
RTVSPost2010Prop42
 90
       50
102
RTVSPost2010PropOp42
 70
     1
102
RTVSPost2010Prop43
 90
        3
102
RTVSPost2010PropOp43
 70
     1
102
RTVSPost2010Prop44ColorIndex
 90
        5
102
RTVSPost2010Prop44ColorRGB
 90
      255
102
RTVSPost2010PropOp44
 70
     1
102
RTVSPost2010Prop45
280
     0
102
RTVSPost2010PropOp45
 70
     1
102
RTVSPost2010Prop46
 90
       50
102
RTVSPost2010PropOp46
 70
     1
102
RTVSPost2010Prop47
 90
       50
102
RTVSPost2010PropOp47
 70
     1
102
RTVSPost2010Prop48
 90
       50
102
RTVSPost2010PropOp48
 70
     1
102
RTVSPost2010Prop49
280
     0
102
RTVSPost2010PropOp49
 70
     1
102
RTVSPost2010Prop50
 90
       50
102
RTVSPost2010PropOp50
 70
     1
102
RTVSPost2010Prop51ColorIndex
 90
      256
102
RTVSPost2010Prop51ColorRGB
 90
-16777216
102
RTVSPost2010PropOp51
 70
     0
102
RTVSPost2010Prop52
140
1.0
102
RTVSPost2010PropOp52
 70
     0
102
RTVSPost2010Prop53
 90
        2
102
RTVSPost2010PropOp53
 70
     1
102
RTVSPost2010Prop54
  1
strokes_ogs.tif
102
RTVSPost2010PropOp54
 70
     1
102
RTVSPost2010Prop55
280
     0
102
RTVSPost2010PropOp55
 70
     1
102
RTVSPost2010Prop56
140
1.0
102
RTVSPost2010PropOp56
 70
     1
102
RTVSPost2010Prop57
140
1.0
102
RTVSPost2010PropOp57
 70
     1
  0
XRECORD
  5
174
102
{ACAD_REACTORS
330
173
102
}
330
173
100
AcDbXrecord
280
     1
102
RTVSPropertyOp0
 70
     1
102
RTVSPropertyOp1
 70
     1
102
RTVSPropertyOp2
 70
     1
102
RTVSPropertyOp3
 70
     1
102
RTVSPropertyOp4
 70
     1
102
RTVSPropertyOp5
 70
     1
102
RTVSPropertyOp6
 70
     1
102
RTVSPropertyOp7
 70
     1
102
RTVSPropertyOp8
 70
     1
102
RTVSPropertyOp9
 70
     1
102
RTVSPropertyOp10
 70
     1
102
RTVSPropertyOp11
 70
     1
102
RTVSPropertyOp12
 70
     1
102
RTVSPropertyOp13
 70
     1
102
RTVSPropertyOp14
 70
     1
102
RTVSPropertyOp15
 70
     1
102
RTVSPropertyOp16
 70
     1
102
RTVSPropertyOp17
 70
     1
102
RTVSPropertyOp18
 70
     1
102
RTVSPropertyOp19
 70
     1
102
RTVSPropertyOp20
 70
     1
102
RTVSPropertyOp21
 70
     1
102
RTVSPropertyOp22
 70
     1
102
RTVSPropertyOp23
 70
     1
102
RTVSPropertyOp24
 70
     1
102
RTVSPropertyOp25
 70
     1
102
RTVSPropertyOp26
 70
     1
102
RTVSPropertyOp27
 70
     1
102
RTVSPropertyOp28
 70
     1
102
RTVSPropertyOp29
 70
     1
102
RTVSPropertyOp30
 70
     1
102
RTVSPropertyOp31
 70
     1
102
RTVSPropertyOp32
 70
     1
102
RTVSPropertyOp33
 70
     1
102
RTVSPropertyOp34
 70
     1
102
RTVSPropertyOp35
 70
     1
102
RTVSPropertyOp36
 70
     1
102
RTVSPropertyOp37
 70
     1
102
RTVSPropertyOp38
 70
     1
102
RTVSPropertyOp39
 70
     1
102
RTVSPropertyOp40
 70
     1
102
RTVSPropertyOp41
 70
     1
102
RTVSPropertyOp42
 70
     1
102
RTVSPropertyOp43
 70
     1
102
RTVSPropertyOp44
 70
     1
102
RTVSPropertyOp45
 70
     1
102
RTVSPropertyOp46
 70
     1
102
RTVSPropertyOp47
 70
     1
102
RTVSPropertyOp48
 70
     1
102
RTVSPropertyOp49
 70
     1
102
RTVSPropertyOp50
 70
     1
102
RTVSPropertyOp51
 70
     0
102
RTVSPropertyOp52
 70
     0
102
RTVSPropertyOp53
 70
     1
102
RTVSPropertyOp54
 70
     1
102
RTVSPropertyOp55
 70
     1
102
RTVSPropertyOp56
 70
     1
102
RTVSPropertyOp57
 70
     1
102
RTVSPost2010Prop28
280
     0
102
RTVSPost2010PropOp28
 70
     1
102
RTVSPost2010Prop29
280
     1
102
RTVSPost2010PropOp29
 70
     1
102
RTVSPost2010Prop30
280
     1
102
RTVSPost2010PropOp30
 70
     1
102
RTVSPost2010Prop31
280
     0
102
RTVSPost2010PropOp31
 70
     1
102
RTVSPost2010Prop32
280
     0
102
RTVSPost2010PropOp32
 70
     1
102
RTVSPost2010Prop33
280
     0
102
RTVSPost2010PropOp33
 70
     1
102
RTVSPost2010Prop34
280
     0
102
RTVSPost2010PropOp34
 70
     1
102
RTVSPost2010Prop35
280
     0
102
RTVSPost2010PropOp35
 70
     1
102
RTVSPost2010Prop36
280
     0
102
RTVSPost2010PropOp36
 70
     1
102
RTVSPost2010Prop37
 90
       50
102
RTVSPost2010PropOp37
 70
     1
102
RTVSPost2010Prop38
140
0.0
102
RTVSPost2010PropOp38
 70
     1
102
RTVSPost2010Prop39
140
1.0
102
RTVSPost2010PropOp39
 70
     1
102
RTVSPost2010Prop40
 90
        0
102
RTVSPost2010PropOp40
 70
     1
102
RTVSPost2010Prop41ColorIndex
 90
       18
102
RTVSPost2010Prop41ColorRGB
 90
        0
102
RTVSPost2010PropOp41
 70
     1
102
RTVSPost2010Prop42
 90
       50
102
RTVSPost2010PropOp42
 70
     1
102
RTVSPost2010Prop43
 90
        3
102
RTVSPost2010PropOp43
 70
     1
102
RTVSPost2010Prop44ColorIndex
 90
        5
102
RTVSPost2010Prop44ColorRGB
 90
      255
102
RTVSPost2010PropOp44
 70
     1
102
RTVSPost2010Prop45
280
     0
102
RTVSPost2010PropOp45
 70
     1
102
RTVSPost2010Prop46
 90
       50
102
RTVSPost2010PropOp46
 70
     1
102
RTVSPost2010Prop47
 90
       50
102
RTVSPost2010PropOp47
 70
     1
102
RTVSPost2010Prop48
 90
       50
102
RTVSPost2010PropOp48
 70
     1
102
RTVSPost2010Prop49
280
     0
102
RTVSPost2010PropOp49
 70
     1
102
RTVSPost2010Prop50
 90
       50
102
RTVSPost2010PropOp50
 70
     1
102
RTVSPost2010Prop51ColorIndex
 90
      256
102
RTVSPost2010Prop51ColorRGB
 90
-16777216
102
RTVSPost2010PropOp51
 70
     0
102
RTVSPost2010Prop52
140
1.0
102
RTVSPost2010PropOp52
 70
     0
102
RTVSPost2010Prop53
 90
        2
102
RTVSPost2010PropOp53
 70
     1
102
RTVSPost2010Prop54
  1
strokes_ogs.tif
102
RTVSPost2010PropOp54
 70
     1
102
RTVSPost2010Prop55
280
     0
102
RTVSPost2010PropOp55
 70
     1
102
RTVSPost2010Prop56
140
1.0
102
RTVSPost2010PropOp56
 70
     1
102
RTVSPost2010Prop57
140
1.0
102
RTVSPost2010PropOp57
 70
     1
  0
XRECORD
  5
16E
102
{ACAD_REACTORS
330
16D
102
}
330
16D
100
AcDbXrecord
280
     1
102
RTVSPropertyOp0
 70
     1
102
RTVSPropertyOp1
 70
     1
102
RTVSPropertyOp2
 70
     1
102
RTVSPropertyOp3
 70
     1
102
RTVSPropertyOp4
 70
     1
102
RTVSPropertyOp5
 70
     1
102
RTVSPropertyOp6
 70
     1
102
RTVSPropertyOp7
 70
     1
102
RTVSPropertyOp8
 70
     1
102
RTVSPropertyOp9
 70
     1
102
RTVSPropertyOp10
 70
     1
102
RTVSPropertyOp11
 70
     1
102
RTVSPropertyOp12
 70
     1
102
RTVSPropertyOp13
 70
     1
102
RTVSPropertyOp14
 70
     1
102
RTVSPropertyOp15
 70
     1
102
RTVSPropertyOp16
 70
     1
102
RTVSPropertyOp17
 70
     1
102
RTVSPropertyOp18
 70
     1
102
RTVSPropertyOp19
 70
     1
102
RTVSPropertyOp20
 70
     1
102
RTVSPropertyOp21
 70
     1
102
RTVSPropertyOp22
 70
     1
102
RTVSPropertyOp23
 70
     1
102
RTVSPropertyOp24
 70
     1
102
RTVSPropertyOp25
 70
     1
102
RTVSPropertyOp26
 70
     1
102
RTVSPropertyOp27
 70
     1
102
RTVSPropertyOp28
 70
     1
102
RTVSPropertyOp29
 70
     1
102
RTVSPropertyOp30
 70
     1
102
RTVSPropertyOp31
 70
     1
102
RTVSPropertyOp32
 70
     1
102
RTVSPropertyOp33
 70
     1
102
RTVSPropertyOp34
 70
     1
102
RTVSPropertyOp35
 70
     1
102
RTVSPropertyOp36
 70
     1
102
RTVSPropertyOp37
 70
     1
102
RTVSPropertyOp38
 70
     1
102
RTVSPropertyOp39
 70
     1
102
RTVSPropertyOp40
 70
     1
102
RTVSPropertyOp41
 70
     1
102
RTVSPropertyOp42
 70
     1
102
RTVSPropertyOp43
 70
     1
102
RTVSPropertyOp44
 70
     1
102
RTVSPropertyOp45
 70
     1
102
RTVSPropertyOp46
 70
     1
102
RTVSPropertyOp47
 70
     1
102
RTVSPropertyOp48
 70
     1
102
RTVSPropertyOp49
 70
     1
102
RTVSPropertyOp50
 70
     1
102
RTVSPropertyOp51
 70
     0
102
RTVSPropertyOp52
 70
     0
102
RTVSPropertyOp53
 70
     1
102
RTVSPropertyOp54
 70
     1
102
RTVSPropertyOp55
 70
     1
102
RTVSPropertyOp56
 70
     1
102
RTVSPropertyOp57
 70
     1
102
RTVSPost2010Prop28
280
     0
102
RTVSPost2010PropOp28
 70
     1
102
RTVSPost2010Prop29
280
     1
102
RTVSPost2010PropOp29
 70
     1
102
RTVSPost2010Prop30
280
     1
102
RTVSPost2010PropOp30
 70
     1
102
RTVSPost2010Prop31
280
     0
102
RTVSPost2010PropOp31
 70
     1
102
RTVSPost2010Prop32
280
     0
102
RTVSPost2010PropOp32
 70
     1
102
RTVSPost2010Prop33
280
     0
102
RTVSPost2010PropOp33
 70
     1
102
RTVSPost2010Prop34
280
     0
102
RTVSPost2010PropOp34
 70
     1
102
RTVSPost2010Prop35
280
     0
102
RTVSPost2010PropOp35
 70
     1
102
RTVSPost2010Prop36
280
     0
102
RTVSPost2010PropOp36
 70
     1
102
RTVSPost2010Prop37
 90
       50
102
RTVSPost2010PropOp37
 70
     1
102
RTVSPost2010Prop38
140
0.0
102
RTVSPost2010PropOp38
 70
     1
102
RTVSPost2010Prop39
140
1.0
102
RTVSPost2010PropOp39
 70
     1
102
RTVSPost2010Prop40
 90
        0
102
RTVSPost2010PropOp40
 70
     1
102
RTVSPost2010Prop41ColorIndex
 90
       18
102
RTVSPost2010Prop41ColorRGB
 90
        0
102
RTVSPost2010PropOp41
 70
     1
102
RTVSPost2010Prop42
 90
       50
102
RTVSPost2010PropOp42
 70
     1
102
RTVSPost2010Prop43
 90
        3
102
RTVSPost2010PropOp43
 70
     1
102
RTVSPost2010Prop44ColorIndex
 90
        5
102
RTVSPost2010Prop44ColorRGB
 90
      255
102
RTVSPost2010PropOp44
 70
     1
102
RTVSPost2010Prop45
280
     0
102
RTVSPost2010PropOp45
 70
     1
102
RTVSPost2010Prop46
 90
       50
102
RTVSPost2010PropOp46
 70
     1
102
RTVSPost2010Prop47
 90
       50
102
RTVSPost2010PropOp47
 70
     1
102
RTVSPost2010Prop48
 90
       50
102
RTVSPost2010PropOp48
 70
     1
102
RTVSPost2010Prop49
280
     0
102
RTVSPost2010PropOp49
 70
     1
102
RTVSPost2010Prop50
 90
       50
102
RTVSPost2010PropOp50
 70
     1
102
RTVSPost2010Prop51ColorIndex
 90
      256
102
RTVSPost2010Prop51ColorRGB
 90
-16777216
102
RTVSPost2010PropOp51
 70
     0
102
RTVSPost2010Prop52
140
1.0
102
RTVSPost2010PropOp52
 70
     0
102
RTVSPost2010Prop53
 90
        2
102
RTVSPost2010PropOp53
 70
     1
102
RTVSPost2010Prop54
  1
strokes_ogs.tif
102
RTVSPost2010PropOp54
 70
     1
102
RTVSPost2010Prop55
280
     0
102
RTVSPost2010PropOp55
 70
     1
102
RTVSPost2010Prop56
140
1.0
102
RTVSPost2010PropOp56
 70
     1
102
RTVSPost2010Prop57
140
1.0
102
RTVSPost2010PropOp57
 70
     1
  0
XRECORD
  5
170
102
{ACAD_REACTORS
330
16F
102
}
330
16F
100
AcDbXrecord
280
     1
102
RTVSPropertyOp0
 70
     1
102
RTVSPropertyOp1
 70
     1
102
RTVSPropertyOp2
 70
     1
102
RTVSPropertyOp3
 70
     1
102
RTVSPropertyOp4
 70
     1
102
RTVSPropertyOp5
 70
     1
102
RTVSPropertyOp6
 70
     1
102
RTVSPropertyOp7
 70
     1
102
RTVSPropertyOp8
 70
     1
102
RTVSPropertyOp9
 70
     1
102
RTVSPropertyOp10
 70
     1
102
RTVSPropertyOp11
 70
     1
102
RTVSPropertyOp12
 70
     1
102
RTVSPropertyOp13
 70
     1
102
RTVSPropertyOp14
 70
     1
102
RTVSPropertyOp15
 70
     1
102
RTVSPropertyOp16
 70
     1
102
RTVSPropertyOp17
 70
     1
102
RTVSPropertyOp18
 70
     1
102
RTVSPropertyOp19
 70
     1
102
RTVSPropertyOp20
 70
     1
102
RTVSPropertyOp21
 70
     1
102
RTVSPropertyOp22
 70
     1
102
RTVSPropertyOp23
 70
     1
102
RTVSPropertyOp24
 70
     1
102
RTVSPropertyOp25
 70
     1
102
RTVSPropertyOp26
 70
     1
102
RTVSPropertyOp27
 70
     1
102
RTVSPropertyOp28
 70
     1
102
RTVSPropertyOp29
 70
     1
102
RTVSPropertyOp30
 70
     1
102
RTVSPropertyOp31
 70
     1
102
RTVSPropertyOp32
 70
     1
102
RTVSPropertyOp33
 70
     1
102
RTVSPropertyOp34
 70
     1
102
RTVSPropertyOp35
 70
     1
102
RTVSPropertyOp36
 70
     1
102
RTVSPropertyOp37
 70
     1
102
RTVSPropertyOp38
 70
     1
102
RTVSPropertyOp39
 70
     1
102
RTVSPropertyOp40
 70
     1
102
RTVSPropertyOp41
 70
     1
102
RTVSPropertyOp42
 70
     1
102
RTVSPropertyOp43
 70
     1
102
RTVSPropertyOp44
 70
     1
102
RTVSPropertyOp45
 70
     1
102
RTVSPropertyOp46
 70
     1
102
RTVSPropertyOp47
 70
     1
102
RTVSPropertyOp48
 70
     1
102
RTVSPropertyOp49
 70
     1
102
RTVSPropertyOp50
 70
     1
102
RTVSPropertyOp51
 70
     0
102
RTVSPropertyOp52
 70
     0
102
RTVSPropertyOp53
 70
     1
102
RTVSPropertyOp54
 70
     1
102
RTVSPropertyOp55
 70
     1
102
RTVSPropertyOp56
 70
     1
102
RTVSPropertyOp57
 70
     1
102
RTVSPost2010Prop28
280
     0
102
RTVSPost2010PropOp28
 70
     1
102
RTVSPost2010Prop29
280
     1
102
RTVSPost2010PropOp29
 70
     1
102
RTVSPost2010Prop30
280
     1
102
RTVSPost2010PropOp30
 70
     1
102
RTVSPost2010Prop31
280
     0
102
RTVSPost2010PropOp31
 70
     1
102
RTVSPost2010Prop32
280
     0
102
RTVSPost2010PropOp32
 70
     1
102
RTVSPost2010Prop33
280
     0
102
RTVSPost2010PropOp33
 70
     1
102
RTVSPost2010Prop34
280
     0
102
RTVSPost2010PropOp34
 70
     1
102
RTVSPost2010Prop35
280
     0
102
RTVSPost2010PropOp35
 70
     1
102
RTVSPost2010Prop36
280
     0
102
RTVSPost2010PropOp36
 70
     1
102
RTVSPost2010Prop37
 90
       50
102
RTVSPost2010PropOp37
 70
     1
102
RTVSPost2010Prop38
140
0.0
102
RTVSPost2010PropOp38
 70
     1
102
RTVSPost2010Prop39
140
1.0
102
RTVSPost2010PropOp39
 70
     1
102
RTVSPost2010Prop40
 90
        0
102
RTVSPost2010PropOp40
 70
     1
102
RTVSPost2010Prop41ColorIndex
 90
       18
102
RTVSPost2010Prop41ColorRGB
 90
        0
102
RTVSPost2010PropOp41
 70
     1
102
RTVSPost2010Prop42
 90
       50
102
RTVSPost2010PropOp42
 70
     1
102
RTVSPost2010Prop43
 90
        3
102
RTVSPost2010PropOp43
 70
     1
102
RTVSPost2010Prop44ColorIndex
 90
        5
102
RTVSPost2010Prop44ColorRGB
 90
      255
102
RTVSPost2010PropOp44
 70
     1
102
RTVSPost2010Prop45
280
     0
102
RTVSPost2010PropOp45
 70
     1
102
RTVSPost2010Prop46
 90
       50
102
RTVSPost2010PropOp46
 70
     1
102
RTVSPost2010Prop47
 90
       50
102
RTVSPost2010PropOp47
 70
     1
102
RTVSPost2010Prop48
 90
       50
102
RTVSPost2010PropOp48
 70
     1
102
RTVSPost2010Prop49
280
     0
102
RTVSPost2010PropOp49
 70
     1
102
RTVSPost2010Prop50
 90
       50
102
RTVSPost2010PropOp50
 70
     1
102
RTVSPost2010Prop51ColorIndex
 90
      256
102
RTVSPost2010Prop51ColorRGB
 90
-16777216
102
RTVSPost2010PropOp51
 70
     0
102
RTVSPost2010Prop52
140
1.0
102
RTVSPost2010PropOp52
 70
     0
102
RTVSPost2010Prop53
 90
        2
102
RTVSPost2010PropOp53
 70
     1
102
RTVSPost2010Prop54
  1
strokes_ogs.tif
102
RTVSPost2010PropOp54
 70
     1
102
RTVSPost2010Prop55
280
     0
102
RTVSPost2010PropOp55
 70
     1
102
RTVSPost2010Prop56
140
1.0
102
RTVSPost2010PropOp56
 70
     1
102
RTVSPost2010Prop57
140
1.0
102
RTVSPost2010PropOp57
 70
     1
  0
XRECORD
  5
160
102
{ACAD_REACTORS
330
15F
102
}
330
15F
100
AcDbXrecord
280
     1
102
RTVSPropertyOp0
 70
     1
102
RTVSPropertyOp1
 70
     1
102
RTVSPropertyOp2
 70
     1
102
RTVSPropertyOp3
 70
     1
102
RTVSPropertyOp4
 70
     1
102
RTVSPropertyOp5
 70
     1
102
RTVSPropertyOp6
 70
     1
102
RTVSPropertyOp7
 70
     1
102
RTVSPropertyOp8
 70
     1
102
RTVSPropertyOp9
 70
     1
102
RTVSPropertyOp10
 70
     1
102
RTVSPropertyOp11
 70
     1
102
RTVSPropertyOp12
 70
     1
102
RTVSPropertyOp13
 70
     1
102
RTVSPropertyOp14
 70
     1
102
RTVSPropertyOp15
 70
     1
102
RTVSPropertyOp16
 70
     1
102
RTVSPropertyOp17
 70
     1
102
RTVSPropertyOp18
 70
     1
102
RTVSPropertyOp19
 70
     1
102
RTVSPropertyOp20
 70
     1
102
RTVSPropertyOp21
 70
     1
102
RTVSPropertyOp22
 70
     1
102
RTVSPropertyOp23
 70
     1
102
RTVSPropertyOp24
 70
     1
102
RTVSPropertyOp25
 70
     1
102
RTVSPropertyOp26
 70
     1
102
RTVSPropertyOp27
 70
     1
102
RTVSPropertyOp28
 70
     1
102
RTVSPropertyOp29
 70
     1
102
RTVSPropertyOp30
 70
     1
102
RTVSPropertyOp31
 70
     1
102
RTVSPropertyOp32
 70
     1
102
RTVSPropertyOp33
 70
     1
102
RTVSPropertyOp34
 70
     1
102
RTVSPropertyOp35
 70
     1
102
RTVSPropertyOp36
 70
     1
102
RTVSPropertyOp37
 70
     1
102
RTVSPropertyOp38
 70
     1
102
RTVSPropertyOp39
 70
     1
102
RTVSPropertyOp40
 70
     1
102
RTVSPropertyOp41
 70
     1
102
RTVSPropertyOp42
 70
     1
102
RTVSPropertyOp43
 70
     1
102
RTVSPropertyOp44
 70
     1
102
RTVSPropertyOp45
 70
     1
102
RTVSPropertyOp46
 70
     1
102
RTVSPropertyOp47
 70
     1
102
RTVSPropertyOp48
 70
     1
102
RTVSPropertyOp49
 70
     1
102
RTVSPropertyOp50
 70
     1
102
RTVSPropertyOp51
 70
     0
102
RTVSPropertyOp52
 70
     0
102
RTVSPropertyOp53
 70
     1
102
RTVSPropertyOp54
 70
     1
102
RTVSPropertyOp55
 70
     1
102
RTVSPropertyOp56
 70
     1
102
RTVSPropertyOp57
 70
     1
102
RTVSPost2010Prop28
280
     0
102
RTVSPost2010PropOp28
 70
     1
102
RTVSPost2010Prop29
280
     1
102
RTVSPost2010PropOp29
 70
     1
102
RTVSPost2010Prop30
280
     1
102
RTVSPost2010PropOp30
 70
     1
102
RTVSPost2010Prop31
280
     0
102
RTVSPost2010PropOp31
 70
     1
102
RTVSPost2010Prop32
280
     0
102
RTVSPost2010PropOp32
 70
     1
102
RTVSPost2010Prop33
280
     0
102
RTVSPost2010PropOp33
 70
     1
102
RTVSPost2010Prop34
280
     0
102
RTVSPost2010PropOp34
 70
     1
102
RTVSPost2010Prop35
280
     0
102
RTVSPost2010PropOp35
 70
     1
102
RTVSPost2010Prop36
280
     0
102
RTVSPost2010PropOp36
 70
     1
102
RTVSPost2010Prop37
 90
       50
102
RTVSPost2010PropOp37
 70
     1
102
RTVSPost2010Prop38
140
0.0
102
RTVSPost2010PropOp38
 70
     1
102
RTVSPost2010Prop39
140
1.0
102
RTVSPost2010PropOp39
 70
     1
102
RTVSPost2010Prop40
 90
        0
102
RTVSPost2010PropOp40
 70
     1
102
RTVSPost2010Prop41ColorIndex
 90
       18
102
RTVSPost2010Prop41ColorRGB
 90
        0
102
RTVSPost2010PropOp41
 70
     1
102
RTVSPost2010Prop42
 90
       50
102
RTVSPost2010PropOp42
 70
     1
102
RTVSPost2010Prop43
 90
        3
102
RTVSPost2010PropOp43
 70
     1
102
RTVSPost2010Prop44ColorIndex
 90
        5
102
RTVSPost2010Prop44ColorRGB
 90
      255
102
RTVSPost2010PropOp44
 70
     1
102
RTVSPost2010Prop45
280
     0
102
RTVSPost2010PropOp45
 70
     1
102
RTVSPost2010Prop46
 90
       50
102
RTVSPost2010PropOp46
 70
     1
102
RTVSPost2010Prop47
 90
       50
102
RTVSPost2010PropOp47
 70
     1
102
RTVSPost2010Prop48
 90
       50
102
RTVSPost2010PropOp48
 70
     1
102
RTVSPost2010Prop49
280
     0
102
RTVSPost2010PropOp49
 70
     1
102
RTVSPost2010Prop50
 90
       50
102
RTVSPost2010PropOp50
 70
     1
102
RTVSPost2010Prop51ColorIndex
 90
      256
102
RTVSPost2010Prop51ColorRGB
 90
-16777216
102
RTVSPost2010PropOp51
 70
     0
102
RTVSPost2010Prop52
140
1.0
102
RTVSPost2010PropOp52
 70
     0
102
RTVSPost2010Prop53
 90
        2
102
RTVSPost2010PropOp53
 70
     1
102
RTVSPost2010Prop54
  1
strokes_ogs.tif
102
RTVSPost2010PropOp54
 70
     1
102
RTVSPost2010Prop55
280
     0
102
RTVSPost2010PropOp55
 70
     1
102
RTVSPost2010Prop56
140
1.0
102
RTVSPost2010PropOp56
 70
     1
102
RTVSPost2010Prop57
140
1.0
102
RTVSPost2010PropOp57
 70
     1
  0
XRECORD
  5
152
102
{ACAD_REACTORS
330
151
102
}
330
151
100
AcDbXrecord
280
     1
102
RTVSPropertyOp0
 70
     1
102
RTVSPropertyOp1
 70
     1
102
RTVSPropertyOp2
 70
     1
102
RTVSPropertyOp3
 70
     1
102
RTVSPropertyOp4
 70
     1
102
RTVSPropertyOp5
 70
     1
102
RTVSPropertyOp6
 70
     1
102
RTVSPropertyOp7
 70
     1
102
RTVSPropertyOp8
 70
     1
102
RTVSPropertyOp9
 70
     1
102
RTVSPropertyOp10
 70
     1
102
RTVSPropertyOp11
 70
     1
102
RTVSPropertyOp12
 70
     1
102
RTVSPropertyOp13
 70
     1
102
RTVSPropertyOp14
 70
     1
102
RTVSPropertyOp15
 70
     1
102
RTVSPropertyOp16
 70
     1
102
RTVSPropertyOp17
 70
     1
102
RTVSPropertyOp18
 70
     1
102
RTVSPropertyOp19
 70
     1
102
RTVSPropertyOp20
 70
     1
102
RTVSPropertyOp21
 70
     1
102
RTVSPropertyOp22
 70
     1
102
RTVSPropertyOp23
 70
     1
102
RTVSPropertyOp24
 70
     1
102
RTVSPropertyOp25
 70
     1
102
RTVSPropertyOp26
 70
     1
102
RTVSPropertyOp27
 70
     1
102
RTVSPropertyOp28
 70
     1
102
RTVSPropertyOp29
 70
     1
102
RTVSPropertyOp30
 70
     1
102
RTVSPropertyOp31
 70
     1
102
RTVSPropertyOp32
 70
     1
102
RTVSPropertyOp33
 70
     1
102
RTVSPropertyOp34
 70
     1
102
RTVSPropertyOp35
 70
     1
102
RTVSPropertyOp36
 70
     1
102
RTVSPropertyOp37
 70
     1
102
RTVSPropertyOp38
 70
     1
102
RTVSPropertyOp39
 70
     1
102
RTVSPropertyOp40
 70
     1
102
RTVSPropertyOp41
 70
     1
102
RTVSPropertyOp42
 70
     1
102
RTVSPropertyOp43
 70
     1
102
RTVSPropertyOp44
 70
     1
102
RTVSPropertyOp45
 70
     1
102
RTVSPropertyOp46
 70
     1
102
RTVSPropertyOp47
 70
     1
102
RTVSPropertyOp48
 70
     1
102
RTVSPropertyOp49
 70
     1
102
RTVSPropertyOp50
 70
     1
102
RTVSPropertyOp51
 70
     0
102
RTVSPropertyOp52
 70
     0
102
RTVSPropertyOp53
 70
     1
102
RTVSPropertyOp54
 70
     1
102
RTVSPropertyOp55
 70
     1
102
RTVSPropertyOp56
 70
     1
102
RTVSPropertyOp57
 70
     1
102
RTVSPost2010Prop28
280
     0
102
RTVSPost2010PropOp28
 70
     1
102
RTVSPost2010Prop29
280
     1
102
RTVSPost2010PropOp29
 70
     1
102
RTVSPost2010Prop30
280
     1
102
RTVSPost2010PropOp30
 70
     1
102
RTVSPost2010Prop31
280
     0
102
RTVSPost2010PropOp31
 70
     1
102
RTVSPost2010Prop32
280
     0
102
RTVSPost2010PropOp32
 70
     1
102
RTVSPost2010Prop33
280
     0
102
RTVSPost2010PropOp33
 70
     1
102
RTVSPost2010Prop34
280
     0
102
RTVSPost2010PropOp34
 70
     1
102
RTVSPost2010Prop35
280
     0
102
RTVSPost2010PropOp35
 70
     1
102
RTVSPost2010Prop36
280
     0
102
RTVSPost2010PropOp36
 70
     1
102
RTVSPost2010Prop37
 90
       50
102
RTVSPost2010PropOp37
 70
     1
102
RTVSPost2010Prop38
140
0.0
102
RTVSPost2010PropOp38
 70
     1
102
RTVSPost2010Prop39
140
1.0
102
RTVSPost2010PropOp39
 70
     1
102
RTVSPost2010Prop40
 90
        0
102
RTVSPost2010PropOp40
 70
     1
102
RTVSPost2010Prop41ColorIndex
 90
       18
102
RTVSPost2010Prop41ColorRGB
 90
        0
102
RTVSPost2010PropOp41
 70
     1
102
RTVSPost2010Prop42
 90
       50
102
RTVSPost2010PropOp42
 70
     1
102
RTVSPost2010Prop43
 90
        3
102
RTVSPost2010PropOp43
 70
     1
102
RTVSPost2010Prop44ColorIndex
 90
        5
102
RTVSPost2010Prop44ColorRGB
 90
      255
102
RTVSPost2010PropOp44
 70
     1
102
RTVSPost2010Prop45
280
     0
102
RTVSPost2010PropOp45
 70
     1
102
RTVSPost2010Prop46
 90
       50
102
RTVSPost2010PropOp46
 70
     1
102
RTVSPost2010Prop47
 90
       50
102
RTVSPost2010PropOp47
 70
     1
102
RTVSPost2010Prop48
 90
       50
102
RTVSPost2010PropOp48
 70
     1
102
RTVSPost2010Prop49
280
     0
102
RTVSPost2010PropOp49
 70
     1
102
RTVSPost2010Prop50
 90
       50
102
RTVSPost2010PropOp50
 70
     1
102
RTVSPost2010Prop51ColorIndex
 90
      256
102
RTVSPost2010Prop51ColorRGB
 90
-16777216
102
RTVSPost2010PropOp51
 70
     0
102
RTVSPost2010Prop52
140
1.0
102
RTVSPost2010PropOp52
 70
     0
102
RTVSPost2010Prop53
 90
        2
102
RTVSPost2010PropOp53
 70
     1
102
RTVSPost2010Prop54
  1
strokes_ogs.tif
102
RTVSPost2010PropOp54
 70
     1
102
RTVSPost2010Prop55
280
     0
102
RTVSPost2010PropOp55
 70
     1
102
RTVSPost2010Prop56
140
1.0
102
RTVSPost2010PropOp56
 70
     1
102
RTVSPost2010Prop57
140
1.0
102
RTVSPost2010PropOp57
 70
     1
  0
XRECORD
  5
172
102
{ACAD_REACTORS
330
171
102
}
330
171
100
AcDbXrecord
280
     1
102
RTVSPropertyOp0
 70
     1
102
RTVSPropertyOp1
 70
     1
102
RTVSPropertyOp2
 70
     1
102
RTVSPropertyOp3
 70
     1
102
RTVSPropertyOp4
 70
     1
102
RTVSPropertyOp5
 70
     1
102
RTVSPropertyOp6
 70
     1
102
RTVSPropertyOp7
 70
     1
102
RTVSPropertyOp8
 70
     1
102
RTVSPropertyOp9
 70
     1
102
RTVSPropertyOp10
 70
     1
102
RTVSPropertyOp11
 70
     1
102
RTVSPropertyOp12
 70
     1
102
RTVSPropertyOp13
 70
     1
102
RTVSPropertyOp14
 70
     1
102
RTVSPropertyOp15
 70
     1
102
RTVSPropertyOp16
 70
     1
102
RTVSPropertyOp17
 70
     1
102
RTVSPropertyOp18
 70
     1
102
RTVSPropertyOp19
 70
     1
102
RTVSPropertyOp20
 70
     1
102
RTVSPropertyOp21
 70
     1
102
RTVSPropertyOp22
 70
     1
102
RTVSPropertyOp23
 70
     1
102
RTVSPropertyOp24
 70
     1
102
RTVSPropertyOp25
 70
     1
102
RTVSPropertyOp26
 70
     1
102
RTVSPropertyOp27
 70
     1
102
RTVSPropertyOp28
 70
     1
102
RTVSPropertyOp29
 70
     1
102
RTVSPropertyOp30
 70
     1
102
RTVSPropertyOp31
 70
     1
102
RTVSPropertyOp32
 70
     1
102
RTVSPropertyOp33
 70
     1
102
RTVSPropertyOp34
 70
     1
102
RTVSPropertyOp35
 70
     1
102
RTVSPropertyOp36
 70
     1
102
RTVSPropertyOp37
 70
     1
102
RTVSPropertyOp38
 70
     1
102
RTVSPropertyOp39
 70
     1
102
RTVSPropertyOp40
 70
     1
102
RTVSPropertyOp41
 70
     1
102
RTVSPropertyOp42
 70
     1
102
RTVSPropertyOp43
 70
     1
102
RTVSPropertyOp44
 70
     1
102
RTVSPropertyOp45
 70
     1
102
RTVSPropertyOp46
 70
     1
102
RTVSPropertyOp47
 70
     1
102
RTVSPropertyOp48
 70
     1
102
RTVSPropertyOp49
 70
     1
102
RTVSPropertyOp50
 70
     1
102
RTVSPropertyOp51
 70
     0
102
RTVSPropertyOp52
 70
     0
102
RTVSPropertyOp53
 70
     1
102
RTVSPropertyOp54
 70
     1
102
RTVSPropertyOp55
 70
     1
102
RTVSPropertyOp56
 70
     1
102
RTVSPropertyOp57
 70
     1
102
RTVSPost2010Prop28
280
     0
102
RTVSPost2010PropOp28
 70
     1
102
RTVSPost2010Prop29
280
     1
102
RTVSPost2010PropOp29
 70
     1
102
RTVSPost2010Prop30
280
     1
102
RTVSPost2010PropOp30
 70
     1
102
RTVSPost2010Prop31
280
     0
102
RTVSPost2010PropOp31
 70
     1
102
RTVSPost2010Prop32
280
     0
102
RTVSPost2010PropOp32
 70
     1
102
RTVSPost2010Prop33
280
     0
102
RTVSPost2010PropOp33
 70
     1
102
RTVSPost2010Prop34
280
     0
102
RTVSPost2010PropOp34
 70
     1
102
RTVSPost2010Prop35
280
     0
102
RTVSPost2010PropOp35
 70
     1
102
RTVSPost2010Prop36
280
     0
102
RTVSPost2010PropOp36
 70
     1
102
RTVSPost2010Prop37
 90
       50
102
RTVSPost2010PropOp37
 70
     1
102
RTVSPost2010Prop38
140
0.0
102
RTVSPost2010PropOp38
 70
     1
102
RTVSPost2010Prop39
140
1.0
102
RTVSPost2010PropOp39
 70
     1
102
RTVSPost2010Prop40
 90
        0
102
RTVSPost2010PropOp40
 70
     1
102
RTVSPost2010Prop41ColorIndex
 90
       18
102
RTVSPost2010Prop41ColorRGB
 90
        0
102
RTVSPost2010PropOp41
 70
     1
102
RTVSPost2010Prop42
 90
       50
102
RTVSPost2010PropOp42
 70
     1
102
RTVSPost2010Prop43
 90
        3
102
RTVSPost2010PropOp43
 70
     1
102
RTVSPost2010Prop44ColorIndex
 90
        5
102
RTVSPost2010Prop44ColorRGB
 90
      255
102
RTVSPost2010PropOp44
 70
     1
102
RTVSPost2010Prop45
280
     0
102
RTVSPost2010PropOp45
 70
     1
102
RTVSPost2010Prop46
 90
       50
102
RTVSPost2010PropOp46
 70
     1
102
RTVSPost2010Prop47
 90
       50
102
RTVSPost2010PropOp47
 70
     1
102
RTVSPost2010Prop48
 90
       50
102
RTVSPost2010PropOp48
 70
     1
102
RTVSPost2010Prop49
280
     0
102
RTVSPost2010PropOp49
 70
     1
102
RTVSPost2010Prop50
 90
       50
102
RTVSPost2010PropOp50
 70
     1
102
RTVSPost2010Prop51ColorIndex
 90
      256
102
RTVSPost2010Prop51ColorRGB
 90
-16777216
102
RTVSPost2010PropOp51
 70
     0
102
RTVSPost2010Prop52
140
1.0
102
RTVSPost2010PropOp52
 70
     0
102
RTVSPost2010Prop53
 90
        2
102
RTVSPost2010PropOp53
 70
     1
102
RTVSPost2010Prop54
  1
strokes_ogs.tif
102
RTVSPost2010PropOp54
 70
     1
102
RTVSPost2010Prop55
280
     0
102
RTVSPost2010PropOp55
 70
     1
102
RTVSPost2010Prop56
140
1.0
102
RTVSPost2010PropOp56
 70
     1
102
RTVSPost2010Prop57
140
1.0
102
RTVSPost2010PropOp57
 70
     1
  0
XRECORD
  5
120
102
{ACAD_REACTORS
330
11F
102
}
330
11F
100
AcDbXrecord
280
     1
1071
      101
1071
        2
1071
        0
1071
        0
1071
        0
1071
        9
1000
序号
1071
     1001
1000
代号
1071
     1002
1000
名称
1071
     1003
1000
数量
1071
     1004
1000
材料
1071
     1005
1000
单件
1071
     1007
1000
总计
1071
     1008
1000
备注
1071
     1009
1000
来源
1071
     1010
1000
序号
1070
     1
1000

1070
     1
1000

1070
     1
1000

1070
     1
1000

1070
     1
1071
        0
1071
        7
1000
代号
1000
名称
1000
材料
1000
单件
1000
总计
1000
备注
1000
来源
1071
        1
1000
数量
1071
        0
1000

1000

1070
     1
1005
118
1071
        0
1071
        0
  0
XRECORD
  5
122
102
{ACAD_REACTORS
330
121
102
}
330
121
100
AcDbXrecord
280
     1
 90
        0
 40
210.0
 40
297.0
 90
        0
 70
     1
 70
     0
 40
1.0
 90
        1
330
0
330
0
330
0
330
120
330
0
330
0
  0
ENDSEC
  0
EOF
