0.0116 0.0000
0.0233 0.0000
0.0350 0.0000
0.0467 0.0000
0.0583 0.0000
0.0700 0.0000
0.0817 0.0000
0.0934 0.0000
0.1050 0.0000
0.1167 0.0000
0.1284 0.0000
0.1401 0.0000
0.1517 0.0000
0.1634 0.0000
0.1751 0.0000
0.1868 0.0000
0.1984 0.0000
0.2101 0.0000
0.2218 0.0000
0.2335 0.0000
0.2451 0.0000
0.2568 0.0000
0.2685 0.0000
0.2802 0.0000
0.2918 0.0000
0.3035 0.0000
0.3152 0.0000
0.3269 0.0000
0.3385 0.0000
0.3502 0.0000
0.3619 0.0000
0.3736 0.0000
0.3852 0.0000
0.3969 0.0000
0.4086 0.0000
0.4203 0.0000
0.4319 0.0000
0.4436 0.0000
0.4553 0.0000
0.4670 0.0000
0.4787 0.0000
0.4903 0.0001
0.5020 0.0001
0.5137 0.0001
0.5254 0.0001
0.5370 0.0001
0.5487 0.0001
0.5604 0.0001
0.5721 0.0001
0.5837 0.0001
0.5954 0.0001
0.6071 0.0001
0.6188 0.0001
0.6304 0.0001
0.6421 0.0001
0.6538 0.0001
0.6655 0.0001
0.6771 0.0001
0.6888 0.0001
0.7005 0.0001
0.7122 0.0001
0.7238 0.0001
0.7355 0.0001
0.7472 0.0001
0.7589 0.0001
0.7705 0.0001
0.7822 0.0002
0.7939 0.0002
0.8056 0.0002
0.8172 0.0002
0.8289 0.0002
0.8406 0.0002
0.8523 0.0002
0.8639 0.0002
0.8756 0.0002
0.8873 0.0002
0.8990 0.0002
0.9106 0.0002
0.9223 0.0002
0.9340 0.0002
0.9457 0.0003
0.9573 0.0003
0.9690 0.0003
0.9807 0.0003
0.9924 0.0003
1.0040 0.0003
1.0157 0.0003
1.0274 0.0003
1.0391 0.0003
1.0507 0.0003
1.0624 0.0003
1.0741 0.0004
1.0858 0.0004
1.0974 0.0004
1.1091 0.0004
1.1208 0.0004
1.1325 0.0004
1.1442 0.0004
1.1558 0.0004
1.1675 0.0005
1.1792 0.0005
1.1909 0.0005
1.2025 0.0005
1.2142 0.0005
1.2259 0.0005
1.2376 0.0005
1.2492 0.0005
1.2609 0.0006
1.2726 0.0006
1.2843 0.0006
1.2959 0.0006
1.3076 0.0006
1.3193 0.0006
1.3310 0.0007
1.3426 0.0007
1.3543 0.0007
1.3660 0.0007
1.3777 0.0007
1.3893 0.0007
1.4010 0.0008
1.4127 0.0008
1.4244 0.0008
1.4360 0.0008
1.4477 0.0008
1.4594 0.0008
1.4711 0.0009
1.4827 0.0009
1.4944 0.0009
1.5061 0.0009
1.5178 0.0009
1.5294 0.0010
1.5411 0.0010
1.5528 0.0010
1.5645 0.0010
1.5761 0.0011
1.5878 0.0011
1.5995 0.0011
1.6112 0.0011
1.6228 0.0011
1.6345 0.0012
1.6462 0.0012
1.6579 0.0012
1.6695 0.0012
1.6812 0.0013
1.6929 0.0013
1.7046 0.0013
1.7162 0.0013
1.7279 0.0014
1.7396 0.0014
1.7513 0.0014
1.7629 0.0015
1.7746 0.0015
1.7863 0.0015
1.7980 0.0015
1.8096 0.0016
1.8213 0.0016
1.8330 0.0016
1.8447 0.0017
1.8563 0.0017
1.8680 0.0017
1.8797 0.0017
1.8914 0.0018
1.9030 0.0018
1.9147 0.0018
1.9264 0.0019
1.9381 0.0019
1.9497 0.0019
1.9614 0.0020
1.9731 0.0020
1.9847 0.0020
1.9964 0.0021
2.0081 0.0021
2.0198 0.0021
2.0314 0.0022
2.0431 0.0022
2.0548 0.0023
2.0665 0.0023
2.0781 0.0023
2.0898 0.0024
2.1015 0.0024
2.1132 0.0024
2.1248 0.0025
2.1365 0.0025
2.1482 0.0026
2.1599 0.0026
2.1715 0.0026
2.1832 0.0027
2.1949 0.0027
2.2066 0.0028
2.2182 0.0028
2.2299 0.0029
2.2416 0.0029
2.2533 0.0029
2.2649 0.0030
2.2766 0.0030
2.2883 0.0031
2.3000 0.0031
2.3116 0.0032
2.3233 0.0032
2.3350 0.0033
2.3467 0.0033
2.3583 0.0034
2.3700 0.0034
2.3817 0.0035
2.3934 0.0035
2.4050 0.0036
2.4167 0.0036
2.4284 0.0037
2.4401 0.0037
2.4517 0.0038
2.4634 0.0038
2.4751 0.0039
2.4867 0.0039
2.4984 0.0040
2.5101 0.0040
2.5218 0.0041
2.5334 0.0041
2.5451 0.0042
2.5568 0.0042
2.5685 0.0043
2.5801 0.0044
2.5918 0.0044
2.6035 0.0045
2.6152 0.0045
2.6268 0.0046
2.6385 0.0046
2.6502 0.0047
2.6619 0.0048
2.6735 0.0048
2.6852 0.0049
2.6969 0.0049
2.7086 0.0050
2.7202 0.0051
2.7319 0.0051
2.7436 0.0052
2.7553 0.0053
2.7669 0.0053
2.7786 0.0054
2.7903 0.0055
2.8019 0.0055
2.8136 0.0056
2.8253 0.0056
2.8370 0.0057
2.8486 0.0058
2.8603 0.0059
2.8720 0.0059
2.8837 0.0060
2.8953 0.0061
2.9070 0.0061
2.9187 0.0062
2.9304 0.0063
2.9420 0.0063
2.9537 0.0064
2.9654 0.0065
2.9771 0.0066
2.9887 0.0066
3.0004 0.0067
3.0121 0.0068
3.0237 0.0069
3.0354 0.0069
3.0471 0.0070
3.0588 0.0071
3.0704 0.0072
3.0821 0.0072
3.0938 0.0073
3.1055 0.0074
3.1171 0.0075
3.1288 0.0076
3.1405 0.0076
3.1522 0.0077
3.1638 0.0078
3.1755 0.0079
3.1872 0.0080
3.1988 0.0081
3.2105 0.0081
3.2222 0.0082
3.2339 0.0083
3.2455 0.0084
3.2572 0.0085
3.2689 0.0086
3.2806 0.0087
3.2922 0.0087
3.3039 0.0088
3.3156 0.0089
3.3272 0.0090
3.3389 0.0091
3.3506 0.0092
3.3623 0.0093
3.3739 0.0094
3.3856 0.0095
3.3973 0.0096
3.4090 0.0096
3.4206 0.0097
3.4323 0.0098
3.4440 0.0099
3.4556 0.0100
3.4673 0.0101
3.4790 0.0102
3.4907 0.0103
3.5023 0.0104
3.5140 0.0105
3.5257 0.0106
3.5374 0.0107
3.5490 0.0108
3.5607 0.0109
3.5724 0.0110
3.5840 0.0111
3.5957 0.0112
3.6074 0.0113
3.6191 0.0114
3.6307 0.0115
3.6424 0.0116
3.6541 0.0118
3.6657 0.0119
3.6774 0.0120
3.6891 0.0121
3.7008 0.0122
3.7124 0.0123
3.7241 0.0124
3.7358 0.0125
3.7474 0.0126
3.7591 0.0127
3.7708 0.0128
3.7825 0.0130
3.7941 0.0131
3.8058 0.0132
3.8175 0.0133
3.8291 0.0134
3.8408 0.0135
3.8525 0.0137
3.8642 0.0138
3.8758 0.0139
3.8875 0.0140
3.8992 0.0141
3.9108 0.0142
3.9225 0.0144
3.9342 0.0145
3.9458 0.0146
3.9575 0.0147
3.9692 0.0149
3.9809 0.0150
3.9925 0.0151
4.0042 0.0152
4.0159 0.0154
4.0275 0.0155
4.0392 0.0156
4.0509 0.0157
4.0626 0.0159
4.0742 0.0160
4.0859 0.0161
4.0976 0.0163
4.1092 0.0164
4.1209 0.0165
4.1326 0.0167
4.1442 0.0168
4.1559 0.0169
4.1676 0.0171
4.1793 0.0172
4.1909 0.0173
4.2026 0.0175
4.2143 0.0176
4.2259 0.0177
4.2376 0.0179
4.2493 0.0180
4.2609 0.0182
4.2726 0.0183
4.2843 0.0184
4.2960 0.0186
4.3076 0.0187
4.3193 0.0189
4.3310 0.0190
4.3426 0.0192
4.3543 0.0193
4.3660 0.0194
4.3776 0.0196
4.3893 0.0197
4.4010 0.0199
4.4126 0.0200
4.4243 0.0202
4.4360 0.0203
4.4477 0.0205
4.4593 0.0206
4.4710 0.0208
4.4827 0.0209
4.4943 0.0211
4.5060 0.0213
4.5177 0.0214
4.5293 0.0216
4.5410 0.0217
4.5527 0.0219
4.5643 0.0220
4.5760 0.0222
4.5877 0.0224
4.5993 0.0225
4.6110 0.0227
4.6227 0.0228
4.6344 0.0230
4.6460 0.0232
4.6577 0.0233
4.6694 0.0235
4.6810 0.0237
4.6927 0.0238
4.7044 0.0240
4.7160 0.0242
4.7277 0.0243
4.7394 0.0245
4.7510 0.0247
4.7627 0.0248
4.7744 0.0250
4.7860 0.0252
4.7977 0.0253
4.8094 0.0255
4.8210 0.0257
4.8327 0.0259
4.8444 0.0260
4.8560 0.0262
4.8677 0.0264
4.8794 0.0266
4.8910 0.0268
4.9027 0.0269
4.9144 0.0271
4.9260 0.0273
4.9377 0.0275
4.9494 0.0277
4.9610 0.0278
4.9727 0.0280
4.9844 0.0282
4.9960 0.0284
5.0077 0.0286
5.0194 0.0288
5.0310 0.0290
5.0427 0.0291
5.0544 0.0293
5.0660 0.0295
5.0777 0.0297
5.0894 0.0299
5.1010 0.0301
5.1127 0.0303
5.1244 0.0305
5.1360 0.0307
5.1477 0.0309
5.1594 0.0311
5.1710 0.0313
5.1827 0.0315
5.1944 0.0317
5.2060 0.0319
5.2177 0.0321
5.2294 0.0323
5.2410 0.0325
5.2527 0.0327
5.2644 0.0329
5.2760 0.0331
5.2877 0.0333
5.2994 0.0335
5.3110 0.0337
5.3227 0.0339
5.3343 0.0341
5.3460 0.0343
5.3577 0.0345
5.3693 0.0347
5.3810 0.0349
5.3927 0.0351
5.4043 0.0354
5.4160 0.0356
5.4277 0.0358
5.4393 0.0360
5.4510 0.0362
5.4627 0.0364
5.4743 0.0366
5.4860 0.0369
5.4976 0.0371
5.5093 0.0373
5.5210 0.0375
5.5326 0.0377
5.5443 0.0380
5.5560 0.0382
5.5676 0.0384
5.5793 0.0386
5.5910 0.0389
5.6026 0.0391
5.6143 0.0393
5.6259 0.0395
5.6376 0.0398
5.6493 0.0400
5.6609 0.0402
5.6726 0.0405
5.6843 0.0407
5.6959 0.0409
5.7076 0.0412
5.7192 0.0414
5.7309 0.0416
5.7426 0.0419
5.7542 0.0421
5.7659 0.0423
5.7776 0.0426
5.7892 0.0428
5.8009 0.0431
5.8125 0.0433
5.8242 0.0435
5.8359 0.0438
5.8475 0.0440
5.8592 0.0443
5.8708 0.0445
5.8825 0.0448
5.8942 0.0450
5.9058 0.0452
5.9175 0.0455
5.9291 0.0457
5.9408 0.0460
5.9525 0.0462
5.9641 0.0465
5.9758 0.0467
5.9874 0.0470
5.9991 0.0473
6.0108 0.0475
6.0224 0.0478
6.0341 0.0480
6.0457 0.0483
6.0574 0.0485
6.0691 0.0488
6.0807 0.0491
6.0924 0.0493
6.1040 0.0496
6.1157 0.0498
6.1274 0.0501
6.1390 0.0504
6.1507 0.0506
6.1623 0.0509
6.1740 0.0512
6.1857 0.0514
6.1973 0.0517
6.2090 0.0520
6.2206 0.0522
6.2323 0.0525
6.2439 0.0528
6.2556 0.0531
6.2673 0.0533
6.2789 0.0536
6.2906 0.0539
6.3022 0.0542
6.3139 0.0544
6.3256 0.0547
6.3372 0.0550
6.3489 0.0553
6.3605 0.0556
6.3722 0.0558
6.3838 0.0561
6.3955 0.0564
6.4072 0.0567
6.4188 0.0570
6.4305 0.0573
6.4421 0.0576
6.4538 0.0578
6.4654 0.0581
6.4771 0.0584
6.4887 0.0587
6.5004 0.0590
6.5121 0.0593
6.5237 0.0596
6.5354 0.0599
6.5470 0.0602
6.5587 0.0605
6.5703 0.0608
6.5820 0.0611
6.5936 0.0614
6.6053 0.0617
6.6170 0.0620
6.6286 0.0623
6.6403 0.0626
6.6519 0.0629
6.6636 0.0632
6.6752 0.0635
6.6869 0.0638
6.6985 0.0641
6.7102 0.0644
6.7219 0.0647
6.7335 0.0650
6.7452 0.0653
6.7568 0.0656
6.7685 0.0660
6.7801 0.0663
6.7918 0.0666
6.8034 0.0669
6.8151 0.0672
6.8267 0.0675
6.8384 0.0678
6.8500 0.0682
6.8617 0.0685
6.8733 0.0688
6.8850 0.0691
6.8967 0.0694
6.9083 0.0698
6.9200 0.0701
6.9316 0.0704
6.9433 0.0707
6.9549 0.0711
6.9666 0.0714
6.9782 0.0717
6.9899 0.0721
7.0015 0.0724
7.0132 0.0727
7.0248 0.0731
7.0365 0.0734
7.0481 0.0737
7.0598 0.0741
7.0714 0.0744
7.0831 0.0747
7.0947 0.0751
7.1064 0.0754
7.1180 0.0757
7.1297 0.0761
7.1413 0.0764
7.1530 0.0768
7.1646 0.0771
7.1763 0.0775
7.1879 0.0778
7.1996 0.0782
7.2112 0.0785
7.2229 0.0788
7.2345 0.0792
7.2462 0.0795
7.2578 0.0799
7.2695 0.0802
7.2811 0.0806
7.2928 0.0810
7.3044 0.0813
7.3161 0.0817
7.3277 0.0820
7.3394 0.0824
7.3510 0.0827
7.3627 0.0831
7.3743 0.0835
7.3860 0.0838
7.3976 0.0842
7.4093 0.0845
7.4209 0.0849
7.4326 0.0853
7.4442 0.0856
7.4558 0.0860
7.4675 0.0864
7.4791 0.0867
7.4908 0.0871
7.5024 0.0875
7.5141 0.0879
7.5257 0.0882
7.5374 0.0886
7.5490 0.0890
7.5607 0.0894
7.5723 0.0897
7.5840 0.0901
7.5956 0.0905
7.6072 0.0909
7.6189 0.0913
7.6305 0.0916
7.6422 0.0920
7.6538 0.0924
7.6655 0.0928
7.6771 0.0932
7.6888 0.0936
7.7004 0.0939
7.7120 0.0943
7.7237 0.0947
7.7353 0.0951
7.7470 0.0955
7.7586 0.0959
7.7703 0.0963
7.7819 0.0967
7.7936 0.0971
7.8052 0.0975
7.8168 0.0979
7.8285 0.0983
7.8401 0.0987
7.8518 0.0991
7.8634 0.0995
7.8751 0.0999
7.8867 0.1003
7.8983 0.1007
7.9100 0.1011
7.9216 0.1015
7.9333 0.1019
7.9449 0.1023
7.9565 0.1027
7.9682 0.1031
7.9798 0.1035
7.9915 0.1039
8.0031 0.1044
8.0147 0.1048
8.0264 0.1052
8.0380 0.1056
8.0497 0.1060
8.0613 0.1064
8.0729 0.1069
8.0846 0.1073
8.0962 0.1077
8.1079 0.1081
8.1195 0.1085
8.1311 0.1090
8.1428 0.1094
8.1544 0.1098
8.1661 0.1103
8.1777 0.1107
8.1893 0.1111
8.2010 0.1115
8.2126 0.1120
8.2242 0.1124
8.2359 0.1128
8.2475 0.1133
8.2592 0.1137
8.2708 0.1141
8.2824 0.1146
8.2941 0.1150
8.3057 0.1155
8.3173 0.1159
8.3290 0.1163
8.3406 0.1168
8.3522 0.1172
8.3639 0.1177
8.3755 0.1181
8.3872 0.1186
8.3988 0.1190
8.4104 0.1195
8.4221 0.1199
8.4337 0.1204
8.4453 0.1208
8.4570 0.1213
8.4686 0.1217
8.4802 0.1222
8.4919 0.1226
8.5035 0.1231
8.5151 0.1235
8.5268 0.1240
8.5384 0.1245
8.5500 0.1249
8.5617 0.1254
8.5733 0.1258
8.5849 0.1263
8.5966 0.1268
8.6082 0.1272
8.6198 0.1277
8.6315 0.1282
8.6431 0.1286
8.6547 0.1291
8.6663 0.1296
8.6780 0.1300
8.6896 0.1305
8.7012 0.1310
8.7129 0.1315
8.7245 0.1319
8.7361 0.1324
8.7478 0.1329
8.7594 0.1334
8.7710 0.1339
8.7827 0.1343
8.7943 0.1348
8.8059 0.1353
8.8175 0.1358
8.8292 0.1363
8.8408 0.1368
8.8524 0.1373
8.8641 0.1377
8.8757 0.1382
8.8873 0.1387
8.8989 0.1392
8.9106 0.1397
8.9222 0.1402
8.9338 0.1407
8.9455 0.1412
8.9571 0.1417
8.9687 0.1422
8.9803 0.1427
8.9920 0.1432
9.0036 0.1437
9.0152 0.1442
9.0268 0.1447
9.0385 0.1452
9.0501 0.1457
9.0617 0.1462
9.0733 0.1467
9.0850 0.1472
9.0966 0.1477
9.1082 0.1482
9.1198 0.1488
9.1315 0.1493
9.1431 0.1498
9.1547 0.1503
9.1663 0.1508
9.1780 0.1513
9.1896 0.1519
9.2012 0.1524
9.2128 0.1529
9.2245 0.1534
9.2361 0.1539
9.2477 0.1545
9.2593 0.1550
9.2709 0.1555
9.2826 0.1560
9.2942 0.1566
9.3058 0.1571
9.3174 0.1576
9.3291 0.1582
9.3407 0.1587
9.3523 0.1592
9.3639 0.1598
9.3755 0.1603
9.3872 0.1608
9.3988 0.1614
9.4104 0.1619
9.4220 0.1624
9.4336 0.1630
9.4453 0.1635
9.4569 0.1641
9.4685 0.1646
9.4801 0.1652
9.4917 0.1657
9.5034 0.1663
9.5150 0.1668
9.5266 0.1674
9.5382 0.1679
9.5498 0.1685
9.5614 0.1690
9.5731 0.1696
9.5847 0.1701
9.5963 0.1707
9.6079 0.1712
9.6195 0.1718
9.6311 0.1723
9.6428 0.1729
9.6544 0.1735
9.6660 0.1740
9.6776 0.1746
9.6892 0.1752
9.7008 0.1757
9.7124 0.1763
9.7241 0.1769
9.7357 0.1774
9.7473 0.1780
9.7589 0.1786
9.7705 0.1791
9.7821 0.1797
9.7937 0.1803
9.8054 0.1809
9.8170 0.1814
9.8286 0.1820
9.8402 0.1826
9.8518 0.1832
9.8634 0.1838
9.8750 0.1843
9.8866 0.1849
9.8983 0.1855
9.9099 0.1861
9.9215 0.1867
9.9331 0.1873
9.9447 0.1879
9.9563 0.1884
9.9679 0.1890
9.9795 0.1896
9.9911 0.1902
10.0027 0.1908
10.0144 0.1914
10.0260 0.1920
10.0376 0.1926
10.0492 0.1932
10.0608 0.1938
10.0724 0.1944
10.0840 0.1950
10.0956 0.1956
10.1072 0.1962
10.1188 0.1968
10.1304 0.1974
10.1420 0.1980
10.1537 0.1986
10.1653 0.1992
10.1769 0.1999
10.1885 0.2005
10.2001 0.2011
10.2117 0.2017
10.2233 0.2023
10.2349 0.2029
10.2465 0.2035
10.2581 0.2042
10.2697 0.2048
10.2813 0.2054
10.2929 0.2060
10.3045 0.2067
10.3161 0.2073
10.3277 0.2079
10.3393 0.2085
10.3509 0.2092
10.3625 0.2098
10.3741 0.2104
10.3857 0.2110
10.3973 0.2117
10.4089 0.2123
10.4205 0.2129
10.4321 0.2136
10.4437 0.2142
10.4553 0.2149
10.4669 0.2155
10.4785 0.2161
10.4901 0.2168
10.5017 0.2174
10.5133 0.2181
10.5249 0.2187
10.5365 0.2194
10.5481 0.2200
10.5597 0.2206
10.5713 0.2213
10.5829 0.2219
10.5945 0.2226
10.6061 0.2233
10.6177 0.2239
10.6293 0.2246
10.6409 0.2252
10.6525 0.2259
10.6641 0.2265
10.6757 0.2272
10.6873 0.2278
10.6989 0.2285
10.7105 0.2292
10.7221 0.2298
10.7337 0.2305
10.7453 0.2312
10.7569 0.2318
10.7685 0.2325
10.7801 0.2332
10.7917 0.2338
10.8032 0.2345
10.8148 0.2352
10.8264 0.2359
10.8380 0.2365
10.8496 0.2372
10.8612 0.2379
10.8728 0.2386
10.8844 0.2393
10.8960 0.2399
10.9076 0.2406
10.9192 0.2413
10.9308 0.2420
10.9423 0.2427
10.9539 0.2434
10.9655 0.2440
10.9771 0.2447
10.9887 0.2454
11.0003 0.2461
11.0119 0.2468
11.0235 0.2475
11.0351 0.2482
11.0466 0.2489
11.0582 0.2496
11.0698 0.2503
11.0814 0.2510
11.0930 0.2517
11.1046 0.2524
11.1162 0.2531
11.1278 0.2538
11.1393 0.2545
11.1509 0.2552
11.1625 0.2559
11.1741 0.2566
11.1857 0.2573
11.1973 0.2580
11.2089 0.2588
11.2204 0.2595
11.2320 0.2602
11.2436 0.2609
11.2552 0.2616
11.2668 0.2623
11.2784 0.2631
11.2899 0.2638
11.3015 0.2645
11.3131 0.2652
11.3247 0.2659
11.3363 0.2667
11.3478 0.2674
11.3594 0.2681
11.3710 0.2689
11.3826 0.2696
11.3942 0.2703
11.4057 0.2710
11.4173 0.2718
11.4289 0.2725
11.4405 0.2732
11.4521 0.2740
11.4636 0.2747
11.4752 0.2755
11.4868 0.2762
11.4984 0.2769
11.5100 0.2777
11.5215 0.2784
11.5331 0.2792
11.5447 0.2799
11.5563 0.2807
11.5678 0.2814
11.5794 0.2822
11.5910 0.2829
11.6026 0.2837
11.6141 0.2844
11.6257 0.2852
11.6373 0.2859
11.6489 0.2867
11.6604 0.2874
11.6720 0.2882
11.6836 0.2890
11.6952 0.2897
11.7067 0.2905
11.7183 0.2913
11.7299 0.2920
11.7414 0.2928
11.7530 0.2936
11.7646 0.2943
11.7762 0.2951
11.7877 0.2959
11.7993 0.2966
11.8109 0.2974
11.8224 0.2982
11.8340 0.2990
11.8456 0.2997
11.8571 0.3005
11.8687 0.3013
11.8803 0.3021
11.8919 0.3029
11.9034 0.3036
11.9150 0.3044
11.9266 0.3052
11.9381 0.3060
11.9497 0.3068
11.9613 0.3076
11.9728 0.3084
11.9844 0.3091
11.9960 0.3099
12.0075 0.3107
12.0191 0.3115
12.0306 0.3123
12.0422 0.3131
12.0538 0.3139
12.0653 0.3147
12.0769 0.3155
12.0885 0.3163
12.1000 0.3171
12.1116 0.3179
12.1232 0.3187
12.1347 0.3195
12.1463 0.3203
12.1578 0.3212
12.1694 0.3220
12.1810 0.3228
12.1925 0.3236
12.2041 0.3244
12.2156 0.3252
12.2272 0.3260
12.2388 0.3269
12.2503 0.3277
12.2619 0.3285
12.2734 0.3293
12.2850 0.3301
12.2966 0.3310
12.3081 0.3318
12.3197 0.3326
12.3312 0.3334
12.3428 0.3343
12.3543 0.3351
12.3659 0.3359
12.3774 0.3368
12.3890 0.3376
12.4006 0.3384
12.4121 0.3393
12.4237 0.3401
12.4352 0.3409
12.4468 0.3418
12.4583 0.3426
12.4699 0.3435
12.4814 0.3443
12.4930 0.3451
12.5045 0.3460
12.5161 0.3468
12.5276 0.3477
12.5392 0.3485
12.5507 0.3494
12.5623 0.3502
12.5738 0.3511
12.5854 0.3519
12.5969 0.3528
12.6085 0.3536
12.6200 0.3545
12.6316 0.3554
12.6431 0.3562
12.6547 0.3571
12.6662 0.3579
12.6778 0.3588
12.6893 0.3597
12.7009 0.3605
12.7124 0.3614
12.7240 0.3623
12.7355 0.3631
12.7471 0.3640
12.7586 0.3649
12.7701 0.3658
12.7817 0.3666
12.7932 0.3675
12.8048 0.3684
12.8163 0.3693
12.8279 0.3701
12.8394 0.3710
12.8509 0.3719
12.8625 0.3728
12.8740 0.3737
12.8856 0.3746
12.8971 0.3754
12.9087 0.3763
12.9202 0.3772
12.9317 0.3781
12.9433 0.3790
12.9548 0.3799
12.9664 0.3808
12.9779 0.3817
12.9894 0.3826
13.0010 0.3835
13.0125 0.3844
13.0240 0.3853
13.0356 0.3862
13.0471 0.3871
13.0587 0.3880
13.0702 0.3889
13.0817 0.3898
13.0933 0.3907
13.1048 0.3916
13.1163 0.3925
13.1279 0.3934
13.1394 0.3943
13.1509 0.3952
13.1625 0.3962
13.1740 0.3971
13.1855 0.3980
13.1971 0.3989
13.2086 0.3998
13.2201 0.4008
13.2317 0.4017
13.2432 0.4026
13.2547 0.4035
13.2662 0.4044
13.2778 0.4054
13.2893 0.4063
13.3008 0.4072
13.3124 0.4082
13.3239 0.4091
13.3354 0.4100
13.3469 0.4110
13.3585 0.4119
13.3700 0.4128
13.3815 0.4138
13.3930 0.4147
13.4046 0.4157
13.4161 0.4166
13.4276 0.4175
13.4391 0.4185
13.4507 0.4194
13.4622 0.4204
13.4737 0.4213
13.4852 0.4223
13.4968 0.4232
13.5083 0.4242
13.5198 0.4251
13.5313 0.4261
13.5429 0.4270
13.5544 0.4280
13.5659 0.4290
13.5774 0.4299
13.5889 0.4309
13.6005 0.4318
13.6120 0.4328
13.6235 0.4338
13.6350 0.4347
13.6465 0.4357
13.6580 0.4367
13.6696 0.4376
13.6811 0.4386
13.6926 0.4396
13.7041 0.4405
13.7156 0.4415
13.7271 0.4425
13.7387 0.4435
13.7502 0.4444
13.7617 0.4454
13.7732 0.4464
13.7847 0.4474
13.7962 0.4484
13.8077 0.4494
13.8193 0.4503
13.8308 0.4513
13.8423 0.4523
13.8538 0.4533
13.8653 0.4543
13.8768 0.4553
13.8883 0.4563
13.8998 0.4573
13.9113 0.4583
13.9229 0.4593
13.9344 0.4603
13.9459 0.4613
13.9574 0.4623
13.9689 0.4633
13.9804 0.4643
13.9919 0.4653
14.0034 0.4663
14.0149 0.4673
14.0264 0.4683
14.0379 0.4693
14.0494 0.4703
14.0609 0.4713
14.0724 0.4723
14.0839 0.4734
14.0955 0.4744
14.1070 0.4754
14.1185 0.4764
14.1300 0.4774
14.1415 0.4784
14.1530 0.4795
14.1645 0.4805
14.1760 0.4815
14.1875 0.4825
14.1990 0.4836
14.2105 0.4846
14.2220 0.4856
14.2335 0.4866
14.2450 0.4877
14.2565 0.4887
14.2680 0.4897
14.2795 0.4908
14.2910 0.4918
14.3025 0.4929
14.3139 0.4939
14.3254 0.4949
14.3369 0.4960
14.3484 0.4970
14.3599 0.4981
14.3714 0.4991
14.3829 0.5002
14.3944 0.5012
14.4059 0.5023
14.4174 0.5033
14.4289 0.5044
14.4404 0.5054
14.4519 0.5065
14.4634 0.5075
14.4749 0.5086
14.4863 0.5096
14.4978 0.5107
14.5093 0.5118
14.5208 0.5128
14.5323 0.5139
14.5438 0.5150
14.5553 0.5160
14.5668 0.5171
14.5783 0.5182
14.5897 0.5192
14.6012 0.5203
14.6127 0.5214
14.6242 0.5224
14.6357 0.5235
14.6472 0.5246
14.6587 0.5257
14.6701 0.5267
14.6816 0.5278
14.6931 0.5289
14.7046 0.5300
14.7161 0.5311
14.7276 0.5322
14.7390 0.5332
14.7505 0.5343
14.7620 0.5354
14.7735 0.5365
14.7850 0.5376
14.7964 0.5387
14.8079 0.5398
14.8194 0.5409
14.8309 0.5420
14.8423 0.5431
14.8538 0.5442
14.8653 0.5453
14.8768 0.5464
14.8883 0.5475
14.8997 0.5486
14.9112 0.5497
14.9227 0.5508
14.9342 0.5519
14.9456 0.5530
14.9571 0.5541
14.9686 0.5552
14.9800 0.5564
14.9915 0.5575
15.0030 0.5586
15.0145 0.5597
15.0259 0.5608
15.0374 0.5619
15.0489 0.5631
15.0603 0.5642
15.0718 0.5653
15.0833 0.5664
15.0947 0.5676
15.1062 0.5687
15.1177 0.5698
15.1292 0.5709
15.1406 0.5721
15.1521 0.5732
15.1635 0.5743
15.1750 0.5755
15.1865 0.5766
15.1979 0.5777
15.2094 0.5789
15.2209 0.5800
15.2323 0.5812
15.2438 0.5823
15.2553 0.5834
15.2667 0.5846
15.2782 0.5857
15.2896 0.5869
15.3011 0.5880
15.3126 0.5892
15.3240 0.5903
15.3355 0.5915
15.3469 0.5926
15.3584 0.5938
15.3699 0.5950
15.3813 0.5961
15.3928 0.5973
15.4042 0.5984
15.4157 0.5996
15.4271 0.6008
15.4386 0.6019
15.4501 0.6031
15.4615 0.6043
15.4730 0.6054
15.4844 0.6066
15.4959 0.6078
15.5073 0.6089
15.5188 0.6101
15.5302 0.6113
15.5417 0.6125
15.5531 0.6136
15.5646 0.6148
15.5760 0.6160
15.5875 0.6172
15.5989 0.6184
15.6104 0.6195
15.6218 0.6207
15.6333 0.6219
15.6447 0.6231
15.6562 0.6243
15.6676 0.6255
15.6791 0.6267
15.6905 0.6279
15.7019 0.6291
15.7134 0.6303
15.7248 0.6315
15.7363 0.6327
15.7477 0.6339
15.7592 0.6351
15.7706 0.6363
15.7820 0.6375
15.7935 0.6387
15.8049 0.6399
15.8164 0.6411
15.8278 0.6423
15.8392 0.6435
15.8507 0.6447
15.8621 0.6459
15.8736 0.6471
15.8850 0.6483
15.8964 0.6496
15.9079 0.6508
15.9193 0.6520
15.9307 0.6532
15.9422 0.6544
15.9536 0.6557
15.9650 0.6569
15.9765 0.6581
15.9879 0.6593
15.9993 0.6606
16.0108 0.6618
16.0222 0.6630
16.0336 0.6643
16.0451 0.6655
16.0565 0.6667
16.0679 0.6680
16.0794 0.6692
16.0908 0.6704
16.1022 0.6717
16.1137 0.6729
16.1251 0.6742
16.1365 0.6754
16.1479 0.6766
16.1594 0.6779
16.1708 0.6791
16.1822 0.6804
16.1936 0.6816
16.2051 0.6829
16.2165 0.6841
16.2279 0.6854
16.2393 0.6867
16.2508 0.6879
16.2622 0.6892
16.2736 0.6904
16.2850 0.6917
16.2964 0.6929
16.3079 0.6942
16.3193 0.6955
16.3307 0.6967
16.3421 0.6980
16.3535 0.6993
16.3650 0.7005
16.3764 0.7018
16.3878 0.7031
16.3992 0.7044
16.4106 0.7056
16.4220 0.7069
16.4334 0.7082
16.4449 0.7095
16.4563 0.7108
16.4677 0.7120
16.4791 0.7133
16.4905 0.7146
16.5019 0.7159
16.5133 0.7172
16.5247 0.7185
16.5362 0.7197
16.5476 0.7210
16.5590 0.7223
16.5704 0.7236
16.5818 0.7249
16.5932 0.7262
16.6046 0.7275
16.6160 0.7288
16.6274 0.7301
16.6388 0.7314
16.6502 0.7327
16.6616 0.7340
16.6730 0.7353
16.6844 0.7366
16.6959 0.7379
16.7073 0.7392
16.7187 0.7406
16.7301 0.7419
16.7415 0.7432
16.7529 0.7445
16.7643 0.7458
16.7757 0.7471
16.7871 0.7484
16.7985 0.7498
16.8099 0.7511
16.8213 0.7524
16.8327 0.7537
16.8441 0.7551
16.8554 0.7564
16.8668 0.7577
16.8782 0.7590
16.8896 0.7604
16.9010 0.7617
16.9124 0.7630
16.9238 0.7644
16.9352 0.7657
16.9466 0.7670
16.9580 0.7684
16.9694 0.7697
16.9808 0.7711
16.9922 0.7724
17.0036 0.7737
17.0149 0.7751
17.0263 0.7764
17.0377 0.7778
17.0491 0.7791
17.0605 0.7805
17.0719 0.7818
17.0833 0.7832
17.0947 0.7845
17.1060 0.7859
17.1174 0.7872
17.1288 0.7886
17.1402 0.7900
17.1516 0.7913
17.1630 0.7927
17.1743 0.7940
17.1857 0.7954
17.1971 0.7968
17.2085 0.7981
17.2199 0.7995
17.2312 0.8009
17.2426 0.8022
17.2540 0.8036
17.2654 0.8050
17.2768 0.8064
17.2881 0.8077
17.2995 0.8091
17.3109 0.8105
17.3223 0.8119
17.3336 0.8133
17.3450 0.8146
17.3564 0.8160
17.3678 0.8174
17.3791 0.8188
17.3905 0.8202
17.4019 0.8216
17.4132 0.8230
17.4246 0.8244
17.4360 0.8257
17.4474 0.8271
17.4587 0.8285
17.4701 0.8299
17.4815 0.8313
17.4928 0.8327
17.5042 0.8341
17.5156 0.8355
17.5269 0.8369
17.5383 0.8383
17.5497 0.8398
17.5610 0.8412
17.5724 0.8426
17.5838 0.8440
17.5951 0.8454
17.6065 0.8468
17.6178 0.8482
17.6292 0.8496
17.6406 0.8511
17.6519 0.8525
17.6633 0.8539
17.6746 0.8553
17.6860 0.8567
17.6974 0.8582
17.7087 0.8596
17.7201 0.8610
17.7314 0.8624
17.7428 0.8639
17.7541 0.8653
17.7655 0.8667
17.7768 0.8682
17.7882 0.8696
17.7995 0.8710
17.8109 0.8725
17.8223 0.8739
17.8336 0.8753
17.8450 0.8768
17.8563 0.8782
17.8677 0.8797
17.8790 0.8811
17.8904 0.8826
17.9017 0.8840
17.9130 0.8855
17.9244 0.8869
17.9357 0.8884
17.9471 0.8898
17.9584 0.8913
17.9698 0.8927
17.9811 0.8942
17.9925 0.8956
18.0038 0.8971
18.0151 0.8986
18.0265 0.9000
18.0378 0.9015
18.0492 0.9029
18.0605 0.9044
18.0719 0.9059
18.0832 0.9073
18.0945 0.9088
18.1059 0.9103
18.1172 0.9118
18.1285 0.9132
18.1399 0.9147
18.1512 0.9162
18.1625 0.9177
18.1739 0.9191
18.1852 0.9206
18.1965 0.9221
18.2079 0.9236
18.2192 0.9251
18.2305 0.9266
18.2419 0.9281
18.2532 0.9295
18.2645 0.9310
18.2759 0.9325
18.2872 0.9340
18.2985 0.9355
18.3098 0.9370
18.3212 0.9385
18.3325 0.9400
18.3438 0.9415
18.3552 0.9430
18.3665 0.9445
18.3778 0.9460
18.3891 0.9475
18.4005 0.9490
18.4118 0.9505
18.4231 0.9520
18.4344 0.9535
18.4457 0.9551
18.4571 0.9566
18.4684 0.9581
18.4797 0.9596
18.4910 0.9611
18.5023 0.9626
18.5136 0.9641
18.5250 0.9657
18.5363 0.9672
18.5476 0.9687
18.5589 0.9702
18.5702 0.9718
18.5815 0.9733
18.5929 0.9748
18.6042 0.9764
18.6155 0.9779
18.6268 0.9794
18.6381 0.9809
18.6494 0.9825
18.6607 0.9840
18.6720 0.9856
18.6833 0.9871
18.6946 0.9886
18.7060 0.9902
18.7173 0.9917
18.7286 0.9933
18.7399 0.9948
18.7512 0.9964
18.7625 0.9979
18.7738 0.9995
18.7851 1.0010
18.7964 1.0026
18.8077 1.0041
18.8190 1.0057
18.8303 1.0072
18.8416 1.0088
18.8529 1.0104
18.8642 1.0119
18.8755 1.0135
18.8868 1.0150
18.8981 1.0166
18.9094 1.0182
18.9207 1.0197
18.9320 1.0213
18.9433 1.0229
18.9546 1.0244
18.9659 1.0260
18.9772 1.0276
18.9884 1.0292
18.9997 1.0307
19.0110 1.0323
19.0223 1.0339
19.0336 1.0355
19.0449 1.0371
19.0562 1.0387
19.0675 1.0402
19.0788 1.0418
19.0900 1.0434
19.1013 1.0450
19.1126 1.0466
19.1239 1.0482
19.1352 1.0498
19.1465 1.0514
19.1578 1.0530
19.1690 1.0546
19.1803 1.0562
19.1916 1.0578
19.2029 1.0594
19.2142 1.0610
19.2254 1.0626
19.2367 1.0642
19.2480 1.0658
19.2593 1.0674
19.2706 1.0690
19.2818 1.0706
19.2931 1.0722
19.3044 1.0738
19.3157 1.0754
19.3269 1.0771
19.3382 1.0787
19.3495 1.0803
19.3608 1.0819
19.3720 1.0835
19.3833 1.0852
19.3946 1.0868
19.4058 1.0884
19.4171 1.0900
19.4284 1.0917
19.4397 1.0933
19.4509 1.0949
19.4622 1.0966
19.4735 1.0982
19.4847 1.0998
19.4960 1.1015
19.5072 1.1031
19.5185 1.1047
19.5298 1.1064
19.5410 1.1080
19.5523 1.1097
19.5636 1.1113
19.5748 1.1129
19.5861 1.1146
19.5973 1.1162
19.6086 1.1179
19.6199 1.1195
19.6311 1.1212
19.6424 1.1228
19.6536 1.1245
19.6649 1.1262
19.6761 1.1278
19.6874 1.1295
19.6986 1.1311
19.7099 1.1328
19.7212 1.1345
19.7324 1.1361
19.7437 1.1378
19.7549 1.1395
19.7662 1.1411
19.7774 1.1428
19.7887 1.1445
19.7999 1.1461
19.8112 1.1478
19.8224 1.1495
19.8336 1.1512
19.8449 1.1528
19.8561 1.1545
19.8674 1.1562
19.8786 1.1579
19.8899 1.1596
19.9011 1.1612
19.9124 1.1629
19.9236 1.1646
19.9348 1.1663
19.9461 1.1680
19.9573 1.1697
19.9686 1.1714
19.9798 1.1731
19.9910 1.1748
20.0023 1.1765
20.0135 1.1782
20.0247 1.1799
20.0360 1.1816
20.0472 1.1833
20.0584 1.1850
20.0697 1.1867
20.0809 1.1884
20.0921 1.1901
20.1034 1.1918
20.1146 1.1935
20.1258 1.1952
20.1371 1.1969
20.1483 1.1986
20.1595 1.2004
20.1707 1.2021
20.1820 1.2038
20.1932 1.2055
20.2044 1.2072
20.2156 1.2089
20.2269 1.2107
20.2381 1.2124
20.2493 1.2141
20.2605 1.2158
20.2717 1.2176
20.2830 1.2193
20.2942 1.2210
20.3054 1.2228
20.3166 1.2245
20.3278 1.2262
20.3391 1.2280
20.3503 1.2297
20.3615 1.2315
20.3727 1.2332
20.3839 1.2349
20.3951 1.2367
20.4064 1.2384
20.4176 1.2402
20.4288 1.2419
20.4400 1.2437
20.4512 1.2454
20.4624 1.2472
20.4736 1.2489
20.4848 1.2507
20.4960 1.2524
20.5072 1.2542
20.5184 1.2559
20.5297 1.2577
20.5409 1.2595
20.5521 1.2612
20.5633 1.2630
20.5745 1.2648
20.5857 1.2665
20.5969 1.2683
20.6081 1.2701
20.6193 1.2718
20.6305 1.2736
20.6417 1.2754
20.6529 1.2771
20.6641 1.2789
20.6753 1.2807
20.6865 1.2825
20.6977 1.2843
20.7089 1.2860
20.7201 1.2878
20.7312 1.2896
20.7424 1.2914
20.7536 1.2932
20.7648 1.2950
20.7760 1.2968
20.7872 1.2985
20.7984 1.3003
20.8096 1.3021
20.8208 1.3039
20.8320 1.3057
20.8431 1.3075
20.8543 1.3093
20.8655 1.3111
20.8767 1.3129
20.8879 1.3147
20.8991 1.3165
20.9103 1.3183
20.9214 1.3201
20.9326 1.3219
20.9438 1.3238
20.9550 1.3256
20.9662 1.3274
20.9773 1.3292
20.9885 1.3310
20.9997 1.3328
21.0109 1.3346
21.0220 1.3365
21.0332 1.3383
21.0444 1.3401
21.0556 1.3419
21.0667 1.3437
21.0779 1.3456
21.0891 1.3474
21.1003 1.3492
21.1114 1.3511
21.1226 1.3529
21.1338 1.3547
21.1449 1.3566
21.1561 1.3584
21.1673 1.3602
21.1784 1.3621
21.1896 1.3639
21.2008 1.3657
21.2119 1.3676
21.2231 1.3694
21.2343 1.3713
21.2454 1.3731
21.2566 1.3750
21.2677 1.3768
21.2789 1.3787
21.2901 1.3805
21.3012 1.3824
21.3124 1.3842
21.3235 1.3861
21.3347 1.3879
21.3459 1.3898
21.3570 1.3917
21.3682 1.3935
21.3793 1.3954
21.3905 1.3972
21.4016 1.3991
21.4128 1.4010
21.4239 1.4028
21.4351 1.4047
21.4462 1.4066
21.4574 1.4084
21.4685 1.4103
21.4797 1.4122
21.4908 1.4141
21.5020 1.4159
21.5131 1.4178
21.5243 1.4197
21.5354 1.4216
21.5465 1.4235
21.5577 1.4254
21.5688 1.4272
21.5800 1.4291
21.5911 1.4310
21.6022 1.4329
21.6134 1.4348
21.6245 1.4367
21.6357 1.4386
21.6468 1.4405
21.6579 1.4424
21.6691 1.4443
21.6802 1.4462
21.6913 1.4481
21.7025 1.4500
21.7136 1.4519
21.7247 1.4538
21.7359 1.4557
21.7470 1.4576
21.7581 1.4595
21.7693 1.4614
21.7804 1.4633
21.7915 1.4652
21.8026 1.4671
21.8138 1.4690
21.8249 1.4710
21.8360 1.4729
21.8471 1.4748
21.8583 1.4767
21.8694 1.4786
21.8805 1.4806
21.8916 1.4825
21.9027 1.4844
21.9139 1.4863
21.9250 1.4883
21.9361 1.4902
21.9472 1.4921
21.9583 1.4941
21.9695 1.4960
21.9806 1.4979
21.9917 1.4999
22.0028 1.5018
22.0139 1.5037
22.0250 1.5057
22.0361 1.5076
22.0472 1.5096
22.0584 1.5115
22.0695 1.5135
22.0806 1.5154
22.0917 1.5173
22.1028 1.5193
22.1139 1.5212
22.1250 1.5232
22.1361 1.5252
22.1472 1.5271
22.1583 1.5291
22.1694 1.5310
22.1805 1.5330
22.1916 1.5349
22.2027 1.5369
22.2138 1.5389
22.2249 1.5408
22.2360 1.5428
22.2471 1.5448
22.2582 1.5467
22.2693 1.5487
22.2804 1.5507
22.2915 1.5526
22.3026 1.5546
22.3137 1.5566
22.3248 1.5586
22.3359 1.5606
22.3470 1.5625
22.3581 1.5645
22.3691 1.5665
22.3802 1.5685
22.3913 1.5705
22.4024 1.5724
22.4135 1.5744
22.4246 1.5764
22.4357 1.5784
22.4468 1.5804
22.4578 1.5824
22.4689 1.5844
22.4800 1.5864
22.4911 1.5884
22.5022 1.5904
22.5132 1.5924
22.5243 1.5944
22.5354 1.5964
22.5465 1.5984
22.5576 1.6004
22.5686 1.6024
22.5797 1.6044
22.5908 1.6064
22.6019 1.6084
22.6129 1.6104
22.6240 1.6125
22.6351 1.6145
22.6461 1.6165
22.6572 1.6185
22.6683 1.6205
22.6794 1.6225
22.6904 1.6246
22.7015 1.6266
22.7126 1.6286
22.7236 1.6306
22.7347 1.6327
22.7458 1.6347
22.7568 1.6367
22.7679 1.6387
22.7789 1.6408
22.7900 1.6428
22.8011 1.6448
22.8121 1.6469
22.8232 1.6489
22.8342 1.6510
22.8453 1.6530
22.8564 1.6550
22.8674 1.6571
22.8785 1.6591
22.8895 1.6612
22.9006 1.6632
22.9116 1.6653
22.9227 1.6673
22.9337 1.6694
22.9448 1.6714
22.9558 1.6735
22.9669 1.6755
22.9779 1.6776
22.9890 1.6796
23.0000 1.6817
23.0111 1.6838
23.0221 1.6858
23.0332 1.6879
23.0442 1.6899
23.0552 1.6920
23.0663 1.6941
23.0773 1.6961
23.0884 1.6982
23.0994 1.7003
23.1104 1.7024
23.1215 1.7044
23.1325 1.7065
23.1436 1.7086
23.1546 1.7107
23.1656 1.7127
23.1767 1.7148
23.1877 1.7169
23.1987 1.7190
23.2098 1.7211
23.2208 1.7232
23.2318 1.7252
23.2429 1.7273
23.2539 1.7294
23.2649 1.7315
23.2759 1.7336
23.2870 1.7357
23.2980 1.7378
23.3090 1.7399
23.3200 1.7420
23.3311 1.7441
23.3421 1.7462
23.3531 1.7483
23.3641 1.7504
23.3751 1.7525
23.3862 1.7546
23.3972 1.7567
23.4082 1.7588
23.4192 1.7609
23.4302 1.7630
23.4413 1.7651
23.4523 1.7673
23.4633 1.7694
23.4743 1.7715
23.4853 1.7736
23.4963 1.7757
23.5073 1.7778
23.5183 1.7800
23.5293 1.7821
23.5404 1.7842
23.5514 1.7863
23.5624 1.7885
23.5734 1.7906
23.5844 1.7927
23.5954 1.7949
23.6064 1.7970
23.6174 1.7991
23.6284 1.8013
23.6394 1.8034
23.6504 1.8055
23.6614 1.8077
23.6724 1.8098
23.6834 1.8120
23.6944 1.8141
23.7054 1.8162
23.7164 1.8184
23.7274 1.8205
23.7384 1.8227
23.7494 1.8248
23.7604 1.8270
23.7713 1.8291
23.7823 1.8313
23.7933 1.8335
23.8043 1.8356
23.8153 1.8378
23.8263 1.8399
23.8373 1.8421
23.8483 1.8443
23.8593 1.8464
23.8702 1.8486
23.8812 1.8507
23.8922 1.8529
23.9032 1.8551
23.9142 1.8573
23.9251 1.8594
23.9361 1.8616
23.9471 1.8638
23.9581 1.8659
23.9691 1.8681
23.9800 1.8703
23.9910 1.8725
24.0020 1.8747
24.0130 1.8768
24.0239 1.8790
24.0349 1.8812
24.0459 1.8834
24.0569 1.8856
24.0678 1.8878
24.0788 1.8900
24.0898 1.8922
24.1007 1.8944
24.1117 1.8965
24.1227 1.8987
24.1336 1.9009
24.1446 1.9031
24.1556 1.9053
24.1665 1.9075
24.1775 1.9097
24.1884 1.9119
24.1994 1.9141
24.2104 1.9164
24.2213 1.9186
24.2323 1.9208
24.2432 1.9230
24.2542 1.9252
24.2651 1.9274
24.2761 1.9296
24.2871 1.9318
24.2980 1.9341
24.3090 1.9363
24.3199 1.9385
24.3309 1.9407
24.3418 1.9429
24.3528 1.9452
24.3637 1.9474
24.3747 1.9496
24.3856 1.9518
24.3965 1.9541
24.4075 1.9563
24.4184 1.9585
24.4294 1.9608
24.4403 1.9630
24.4513 1.9652
24.4622 1.9675
24.4731 1.9697
24.4841 1.9719
24.4950 1.9742
24.5060 1.9764
24.5169 1.9787
24.5278 1.9809
24.5388 1.9832
24.5497 1.9854
24.5606 1.9877
24.5716 1.9899
24.5825 1.9922
24.5934 1.9944
24.6044 1.9967
24.6153 1.9989
24.6262 2.0012
24.6371 2.0034
24.6481 2.0057
24.6590 2.0080
24.6699 2.0102
24.6808 2.0125
24.6918 2.0148
24.7027 2.0170
24.7136 2.0193
24.7245 2.0216
24.7355 2.0238
24.7464 2.0261
24.7573 2.0284
24.7682 2.0307
24.7791 2.0329
24.7900 2.0352
24.8010 2.0375
24.8119 2.0398
24.8228 2.0420
24.8337 2.0443
24.8446 2.0466
24.8555 2.0489
24.8664 2.0512
24.8773 2.0535
24.8882 2.0558
24.8992 2.0581
24.9101 2.0603
24.9210 2.0626
24.9319 2.0649
24.9428 2.0672
24.9537 2.0695
24.9646 2.0718
24.9755 2.0741
24.9864 2.0764
24.9973 2.0787
25.0082 2.0810
25.0191 2.0833
25.0300 2.0856
25.0409 2.0880
25.0518 2.0903
25.0627 2.0926
25.0736 2.0949
25.0845 2.0972
25.0953 2.0995
25.1062 2.1018
25.1171 2.1041
25.1280 2.1065
25.1389 2.1088
25.1498 2.1111
25.1607 2.1134
25.1716 2.1158
25.1825 2.1181
25.1933 2.1204
25.2042 2.1227
25.2151 2.1251
25.2260 2.1274
25.2369 2.1297
25.2477 2.1321
25.2586 2.1344
25.2695 2.1367
25.2804 2.1391
25.2913 2.1414
25.3021 2.1437
25.3130 2.1461
25.3239 2.1484
25.3348 2.1508
25.3456 2.1531
25.3565 2.1555
25.3674 2.1578
25.3782 2.1602
25.3891 2.1625
25.4000 2.1649
25.4109 2.1672
25.4217 2.1696
25.4326 2.1719
25.4434 2.1743
25.4543 2.1766
25.4652 2.1790
25.4760 2.1814
25.4869 2.1837
25.4978 2.1861
25.5086 2.1885
25.5195 2.1908
25.5303 2.1932
25.5412 2.1956
25.5521 2.1979
25.5629 2.2003
25.5738 2.2027
25.5846 2.2050
25.5955 2.2074
25.6063 2.2098
25.6172 2.2122
25.6280 2.2146
25.6389 2.2169
25.6497 2.2193
25.6606 2.2217
25.6714 2.2241
25.6823 2.2265
25.6931 2.2289
25.7039 2.2313
25.7148 2.2336
25.7256 2.2360
25.7365 2.2384
25.7473 2.2408
25.7582 2.2432
25.7690 2.2456
25.7798 2.2480
25.7907 2.2504
25.8015 2.2528
25.8123 2.2552
25.8232 2.2576
25.8340 2.2600
25.8448 2.2624
25.8557 2.2648
25.8665 2.2672
25.8773 2.2697
25.8882 2.2721
25.8990 2.2745
25.9098 2.2769
25.9207 2.2793
25.9315 2.2817
25.9423 2.2841
25.9531 2.2866
25.9639 2.2890
25.9748 2.2914
25.9856 2.2938
25.9964 2.2963
26.0072 2.2987
26.0181 2.3011
26.0289 2.3035
26.0397 2.3060
26.0505 2.3084
26.0613 2.3108
26.0721 2.3133
26.0829 2.3157
26.0938 2.3181
26.1046 2.3206
26.1154 2.3230
26.1262 2.3255
26.1370 2.3279
26.1478 2.3303
26.1586 2.3328
26.1694 2.3352
26.1802 2.3377
26.1910 2.3401
26.2018 2.3426
26.2126 2.3450
26.2234 2.3475
26.2342 2.3499
26.2450 2.3524
26.2558 2.3548
26.2666 2.3573
26.2774 2.3598
26.2882 2.3622
26.2990 2.3647
26.3098 2.3671
26.3206 2.3696
26.3314 2.3721
26.3422 2.3745
26.3530 2.3770
26.3638 2.3795
26.3746 2.3820
26.3854 2.3844
26.3962 2.3869
26.4069 2.3894
26.4177 2.3918
26.4285 2.3943
26.4393 2.3968
26.4501 2.3993
26.4609 2.4018
26.4716 2.4042
26.4824 2.4067
26.4932 2.4092
26.5040 2.4117
26.5148 2.4142
26.5255 2.4167
26.5363 2.4192
26.5471 2.4217
26.5579 2.4242
26.5686 2.4267
26.5794 2.4291
26.5902 2.4316
26.6009 2.4341
26.6117 2.4366
26.6225 2.4391
26.6333 2.4416
26.6440 2.4442
26.6548 2.4467
26.6656 2.4492
26.6763 2.4517
26.6871 2.4542
26.6978 2.4567
26.7086 2.4592
26.7194 2.4617
26.7301 2.4642
26.7409 2.4667
26.7516 2.4693
26.7624 2.4718
26.7732 2.4743
26.7839 2.4768
26.7947 2.4793
26.8054 2.4819
26.8162 2.4844
26.8269 2.4869
26.8377 2.4894
26.8484 2.4920
26.8592 2.4945
26.8699 2.4970
26.8807 2.4996
26.8914 2.5021
26.9022 2.5046
26.9129 2.5072
26.9237 2.5097
26.9344 2.5123
26.9451 2.5148
26.9559 2.5173
26.9666 2.5199
26.9774 2.5224
26.9881 2.5250
26.9988 2.5275
27.0096 2.5301
27.0203 2.5326
27.0310 2.5352
27.0418 2.5377
27.0525 2.5403
27.0632 2.5428
27.0740 2.5454
27.0847 2.5479
27.0954 2.5505
27.1062 2.5531
27.1169 2.5556
27.1276 2.5582
27.1383 2.5607
27.1491 2.5633
27.1598 2.5659
27.1705 2.5684
27.1812 2.5710
27.1919 2.5736
27.2027 2.5762
27.2134 2.5787
27.2241 2.5813
27.2348 2.5839
27.2455 2.5865
27.2562 2.5890
27.2670 2.5916
27.2777 2.5942
27.2884 2.5968
27.2991 2.5994
27.3098 2.6020
27.3205 2.6045
27.3312 2.6071
27.3419 2.6097
27.3526 2.6123
27.3633 2.6149
27.3741 2.6175
27.3848 2.6201
27.3955 2.6227
27.4062 2.6253
27.4169 2.6279
27.4276 2.6305
27.4383 2.6331
27.4490 2.6357
27.4597 2.6383
27.4704 2.6409
27.4811 2.6435
27.4917 2.6461
27.5024 2.6487
27.5131 2.6513
27.5238 2.6539
27.5345 2.6565
27.5452 2.6592
27.5559 2.6618
27.5666 2.6644
27.5773 2.6670
27.5880 2.6696
27.5986 2.6722
27.6093 2.6749
27.6200 2.6775
27.6307 2.6801
27.6414 2.6827
27.6521 2.6854
27.6627 2.6880
27.6734 2.6906
27.6841 2.6933
27.6948 2.6959
27.7055 2.6985
27.7161 2.7012
27.7268 2.7038
27.7375 2.7064
27.7481 2.7091
27.7588 2.7117
27.7695 2.7143
27.7802 2.7170
27.7908 2.7196
27.8015 2.7223
27.8122 2.7249
27.8228 2.7276
27.8335 2.7302
27.8442 2.7329
27.8548 2.7355
27.8655 2.7382
27.8761 2.7408
27.8868 2.7435
27.8975 2.7461
27.9081 2.7488
27.9188 2.7515
27.9294 2.7541
27.9401 2.7568
27.9507 2.7594
27.9614 2.7621
27.9721 2.7648
27.9827 2.7674
27.9934 2.7701
28.0040 2.7728
28.0147 2.7754
28.0253 2.7781
28.0359 2.7808
28.0466 2.7835
28.0572 2.7861
28.0679 2.7888
28.0785 2.7915
28.0892 2.7942
28.0998 2.7969
28.1105 2.7995
28.1211 2.8022
28.1317 2.8049
28.1424 2.8076
28.1530 2.8103
28.1636 2.8130
28.1743 2.8157
28.1849 2.8184
28.1955 2.8211
28.2062 2.8237
28.2168 2.8264
28.2274 2.8291
28.2381 2.8318
28.2487 2.8345
28.2593 2.8372
28.2699 2.8399
28.2806 2.8426
28.2912 2.8453
28.3018 2.8481
28.3124 2.8508
28.3231 2.8535
28.3337 2.8562
28.3443 2.8589
28.3549 2.8616
28.3655 2.8643
28.3762 2.8670
28.3868 2.8697
28.3974 2.8725
28.4080 2.8752
28.4186 2.8779
28.4292 2.8806
28.4398 2.8833
28.4504 2.8861
28.4611 2.8888
28.4717 2.8915
28.4823 2.8942
28.4929 2.8970
28.5035 2.8997
28.5141 2.9024
28.5247 2.9052
28.5353 2.9079
28.5459 2.9106
28.5565 2.9134
28.5671 2.9161
28.5777 2.9189
28.5883 2.9216
28.5989 2.9243
28.6095 2.9271
28.6201 2.9298
28.6307 2.9326
28.6413 2.9353
28.6518 2.9381
28.6624 2.9408
28.6730 2.9436
28.6836 2.9463
28.6942 2.9491
28.7048 2.9518
28.7154 2.9546
28.7260 2.9573
28.7365 2.9601
28.7471 2.9629
28.7577 2.9656
28.7683 2.9684
28.7789 2.9711
28.7895 2.9739
28.8000 2.9767
28.8106 2.9794
28.8212 2.9822
28.8318 2.9850
28.8423 2.9878
28.8529 2.9905
28.8635 2.9933
28.8740 2.9961
28.8846 2.9989
28.8952 3.0016
28.9058 3.0044
28.9163 3.0072
28.9269 3.0100
28.9375 3.0128
28.9480 3.0155
28.9586 3.0183
28.9691 3.0211
28.9797 3.0239
28.9903 3.0267
29.0008 3.0295
29.0114 3.0323
29.0219 3.0351
29.0325 3.0379
29.0431 3.0407
29.0536 3.0435
29.0642 3.0463
29.0747 3.0491
29.0853 3.0519
29.0958 3.0547
29.1064 3.0575
29.1169 3.0603
29.1275 3.0631
29.1380 3.0659
29.1486 3.0687
29.1591 3.0715
29.1696 3.0743
29.1802 3.0771
29.1907 3.0799
29.2013 3.0827
29.2118 3.0856
29.2224 3.0884
29.2329 3.0912
29.2434 3.0940
29.2540 3.0968
29.2645 3.0997
29.2750 3.1025
29.2856 3.1053
29.2961 3.1081
29.3066 3.1110
29.3172 3.1138
29.3277 3.1166
29.3382 3.1195
29.3487 3.1223
29.3593 3.1251
29.3698 3.1280
29.3803 3.1308
29.3908 3.1336
29.4014 3.1365
29.4119 3.1393
29.4224 3.1422
29.4329 3.1450
29.4434 3.1478
29.4540 3.1507
29.4645 3.1535
29.4750 3.1564
29.4855 3.1592
29.4960 3.1621
29.5065 3.1649
29.5170 3.1678
29.5276 3.1706
29.5381 3.1735
29.5486 3.1764
29.5591 3.1792
29.5696 3.1821
29.5801 3.1849
29.5906 3.1878
29.6011 3.1907
29.6116 3.1935
29.6221 3.1964
29.6326 3.1993
29.6431 3.2021
29.6536 3.2050
29.6641 3.2079
29.6746 3.2107
29.6851 3.2136
29.6956 3.2165
29.7061 3.2194
29.7166 3.2222
29.7271 3.2251
29.7376 3.2280
29.7481 3.2309
29.7585 3.2338
29.7690 3.2366
29.7795 3.2395
29.7900 3.2424
29.8005 3.2453
29.8110 3.2482
29.8215 3.2511
29.8319 3.2540
29.8424 3.2569
29.8529 3.2598
29.8634 3.2627
29.8738 3.2655
29.8843 3.2684
29.8948 3.2713
29.9053 3.2742
29.9158 3.2771
29.9262 3.2800
29.9367 3.2830
29.9472 3.2859
29.9576 3.2888
29.9681 3.2917
29.9786 3.2946
29.9890 3.2975
29.9995 3.3004
30.0100 3.3033
30.0204 3.3062
30.0309 3.3091
30.0414 3.3121
30.0518 3.3150
30.0623 3.3179
30.0727 3.3208
30.0832 3.3237
30.0937 3.3267
30.1041 3.3296
30.1146 3.3325
30.1250 3.3354
30.1355 3.3384
30.1459 3.3413
30.1564 3.3442
30.1668 3.3472
30.1773 3.3501
30.1877 3.3530
30.1982 3.3560
30.2086 3.3589
30.2191 3.3618
30.2295 3.3648
30.2399 3.3677
30.2504 3.3707
30.2608 3.3736
30.2713 3.3765
30.2817 3.3795
30.2921 3.3824
30.3026 3.3854
30.3130 3.3883
30.3234 3.3913
30.3339 3.3942
30.3443 3.3972
30.3547 3.4001
30.3652 3.4031
30.3756 3.4060
30.3860 3.4090
30.3965 3.4120
30.4069 3.4149
30.4173 3.4179
30.4277 3.4208
30.4382 3.4238
30.4486 3.4268
30.4590 3.4297
30.4694 3.4327
30.4798 3.4357
30.4903 3.4387
30.5007 3.4416
30.5111 3.4446
30.5215 3.4476
30.5319 3.4505
30.5423 3.4535
30.5528 3.4565
30.5632 3.4595
30.5736 3.4625
30.5840 3.4654
30.5944 3.4684
30.6048 3.4714
30.6152 3.4744
30.6256 3.4774
30.6360 3.4804
30.6464 3.4834
30.6568 3.4863
30.6672 3.4893
30.6776 3.4923
30.6880 3.4953
30.6984 3.4983
30.7088 3.5013
30.7192 3.5043
30.7296 3.5073
30.7400 3.5103
30.7504 3.5133
30.7608 3.5163
30.7712 3.5193
30.7816 3.5223
30.7920 3.5253
30.8023 3.5283
30.8127 3.5314
30.8231 3.5344
30.8335 3.5374
30.8439 3.5404
30.8543 3.5434
30.8646 3.5464
30.8750 3.5494
30.8854 3.5524
30.8958 3.5555
30.9062 3.5585
30.9165 3.5615
30.9269 3.5645
30.9373 3.5676
30.9477 3.5706
30.9580 3.5736
30.9684 3.5766
30.9788 3.5797
30.9892 3.5827
30.9995 3.5857
31.0099 3.5888
31.0203 3.5918
31.0306 3.5948
31.0410 3.5979
31.0513 3.6009
31.0617 3.6039
31.0721 3.6070
31.0824 3.6100
31.0928 3.6131
31.1031 3.6161
31.1135 3.6192
31.1239 3.6222
31.1342 3.6252
31.1446 3.6283
31.1549 3.6313
31.1653 3.6344
31.1756 3.6374
31.1860 3.6405
31.1963 3.6436
31.2067 3.6466
31.2170 3.6497
31.2274 3.6527
31.2377 3.6558
31.2481 3.6588
31.2584 3.6619
31.2687 3.6650
31.2791 3.6680
31.2894 3.6711
31.2998 3.6742
31.3101 3.6772
31.3204 3.6803
31.3308 3.6834
31.3411 3.6865
31.3514 3.6895
31.3618 3.6926
31.3721 3.6957
31.3824 3.6988
31.3928 3.7018
31.4031 3.7049
31.4134 3.7080
31.4237 3.7111
31.4341 3.7142
31.4444 3.7172
31.4547 3.7203
31.4650 3.7234
31.4754 3.7265
31.4857 3.7296
31.4960 3.7327
31.5063 3.7358
31.5166 3.7389
31.5269 3.7420
31.5373 3.7451
31.5476 3.7482
31.5579 3.7513
31.5682 3.7544
31.5785 3.7575
31.5888 3.7606
31.5991 3.7637
31.6094 3.7668
31.6197 3.7699
31.6300 3.7730
31.6403 3.7761
31.6507 3.7792
31.6610 3.7823
31.6713 3.7854
31.6816 3.7885
31.6919 3.7916
31.7022 3.7948
31.7124 3.7979
31.7227 3.8010
31.7330 3.8041
31.7433 3.8072
31.7536 3.8103
31.7639 3.8135
31.7742 3.8166
31.7845 3.8197
31.7948 3.8228
31.8051 3.8260
31.8154 3.8291
31.8256 3.8322
31.8359 3.8354
31.8462 3.8385
31.8565 3.8416
31.8668 3.8448
31.8771 3.8479
31.8873 3.8510
31.8976 3.8542
31.9079 3.8573
31.9182 3.8605
31.9284 3.8636
31.9387 3.8667
31.9490 3.8699
31.9593 3.8730
31.9695 3.8762
31.9798 3.8793
31.9901 3.8825
32.0003 3.8856
32.0106 3.8888
32.0209 3.8919
32.0311 3.8951
32.0414 3.8982
32.0517 3.9014
32.0619 3.9046
32.0722 3.9077
32.0824 3.9109
32.0927 3.9140
32.1030 3.9172
32.1132 3.9204
32.1235 3.9235
32.1337 3.9267
32.1440 3.9299
32.1542 3.9330
32.1645 3.9362
32.1747 3.9394
32.1850 3.9425
32.1952 3.9457
32.2055 3.9489
32.2157 3.9521
32.2260 3.9552
32.2362 3.9584
32.2465 3.9616
32.2567 3.9648
32.2669 3.9680
32.2772 3.9712
32.2874 3.9743
32.2976 3.9775
32.3079 3.9807
32.3181 3.9839
32.3284 3.9871
32.3386 3.9903
32.3488 3.9935
32.3591 3.9967
32.3693 3.9999
32.3795 4.0031
32.3897 4.0062
32.4000 4.0094
32.4102 4.0126
32.4204 4.0158
32.4306 4.0190
32.4409 4.0223
32.4511 4.0255
32.4613 4.0287
32.4715 4.0319
32.4817 4.0351
32.4920 4.0383
32.5022 4.0415
32.5124 4.0447
32.5226 4.0479
32.5328 4.0511
32.5430 4.0543
32.5532 4.0576
32.5634 4.0608
32.5737 4.0640
32.5839 4.0672
32.5941 4.0704
32.6043 4.0737
32.6145 4.0769
32.6247 4.0801
32.6349 4.0833
32.6451 4.0866
32.6553 4.0898
32.6655 4.0930
32.6757 4.0962
32.6859 4.0995
32.6961 4.1027
32.7063 4.1059
32.7165 4.1092
32.7267 4.1124
32.7369 4.1157
32.7470 4.1189
32.7572 4.1221
32.7674 4.1254
32.7776 4.1286
32.7878 4.1319
32.7980 4.1351
32.8082 4.1384
32.8183 4.1416
32.8285 4.1448
32.8387 4.1481
32.8489 4.1513
32.8591 4.1546
32.8692 4.1579
32.8794 4.1611
32.8896 4.1644
32.8998 4.1676
32.9100 4.1709
32.9201 4.1741
32.9303 4.1774
32.9405 4.1807
32.9506 4.1839
32.9608 4.1872
32.9710 4.1905
32.9811 4.1937
32.9913 4.1970
33.0015 4.2003
33.0116 4.2035
33.0218 4.2068
33.0320 4.2101
33.0421 4.2133
33.0523 4.2166
33.0624 4.2199
33.0726 4.2232
33.0827 4.2265
33.0929 4.2297
33.1030 4.2330
33.1132 4.2363
33.1234 4.2396
33.1335 4.2429
33.1437 4.2461
33.1538 4.2494
33.1639 4.2527
33.1741 4.2560
33.1842 4.2593
33.1944 4.2626
33.2045 4.2659
33.2147 4.2692
33.2248 4.2725
33.2349 4.2758
33.2451 4.2791
33.2552 4.2824
33.2654 4.2857
33.2755 4.2890
33.2856 4.2923
33.2958 4.2956
33.3059 4.2989
33.3160 4.3022
33.3262 4.3055
33.3363 4.3088
33.3464 4.3121
33.3565 4.3154
33.3667 4.3187
33.3768 4.3220
33.3869 4.3254
33.3970 4.3287
33.4072 4.3320
33.4173 4.3353
33.4274 4.3386
33.4375 4.3419
33.4476 4.3453
33.4577 4.3486
33.4679 4.3519
33.4780 4.3552
33.4881 4.3586
33.4982 4.3619
33.5083 4.3652
33.5184 4.3685
33.5285 4.3719
33.5386 4.3752
33.5487 4.3785
33.5588 4.3819
33.5689 4.3852
33.5790 4.3885
33.5892 4.3919
33.5993 4.3952
33.6094 4.3986
33.6195 4.4019
33.6295 4.4052
33.6396 4.4086
33.6497 4.4119
33.6598 4.4153
33.6699 4.4186
33.6800 4.4220
33.6901 4.4253
33.7002 4.4287
33.7103 4.4320
33.7204 4.4354
33.7305 4.4387
33.7405 4.4421
33.7506 4.4454
33.7607 4.4488
33.7708 4.4522
33.7809 4.4555
33.7910 4.4589
33.8010 4.4622
33.8111 4.4656
33.8212 4.4690
33.8313 4.4723
33.8413 4.4757
33.8514 4.4791
33.8615 4.4824
33.8716 4.4858
33.8816 4.4892
33.8917 4.4926
33.9018 4.4959
33.9118 4.4993
33.9219 4.5027
33.9320 4.5061
33.9420 4.5094
33.9521 4.5128
33.9622 4.5162
33.9722 4.5196
33.9823 4.5230
33.9923 4.5264
34.0024 4.5297
34.0125 4.5331
34.0225 4.5365
34.0326 4.5399
34.0426 4.5433
34.0527 4.5467
34.0627 4.5501
34.0728 4.5535
34.0828 4.5569
34.0929 4.5603
34.1029 4.5637
34.1130 4.5671
34.1230 4.5705
34.1330 4.5739
34.1431 4.5773
34.1531 4.5807
34.1632 4.5841
34.1732 4.5875
34.1832 4.5909
34.1933 4.5943
34.2033 4.5977
34.2134 4.6011
34.2234 4.6045
34.2334 4.6079
34.2435 4.6114
34.2535 4.6148
34.2635 4.6182
34.2735 4.6216
34.2836 4.6250
34.2936 4.6284
34.3036 4.6319
34.3136 4.6353
34.3237 4.6387
34.3337 4.6421
34.3437 4.6456
34.3537 4.6490
34.3637 4.6524
34.3738 4.6558
34.3838 4.6593
34.3938 4.6627
34.4038 4.6661
34.4138 4.6696
34.4238 4.6730
34.4338 4.6764
34.4438 4.6799
34.4539 4.6833
34.4639 4.6867
34.4739 4.6902
34.4839 4.6936
34.4939 4.6971
34.5039 4.7005
34.5139 4.7040
34.5239 4.7074
34.5339 4.7109
34.5439 4.7143
34.5539 4.7178
34.5639 4.7212
34.5739 4.7247
34.5839 4.7281
34.5939 4.7316
34.6039 4.7350
34.6138 4.7385
34.6238 4.7419
34.6338 4.7454
34.6438 4.7489
34.6538 4.7523
34.6638 4.7558
34.6738 4.7592
34.6837 4.7627
34.6937 4.7662
34.7037 4.7696
34.7137 4.7731
34.7237 4.7766
34.7337 4.7800
34.7436 4.7835
34.7536 4.7870
34.7636 4.7905
34.7736 4.7939
34.7835 4.7974
34.7935 4.8009
34.8035 4.8044
34.8134 4.8079
34.8234 4.8113
34.8334 4.8148
34.8433 4.8183
34.8533 4.8218
34.8633 4.8253
34.8732 4.8288
34.8832 4.8322
34.8931 4.8357
34.9031 4.8392
34.9131 4.8427
34.9230 4.8462
34.9330 4.8497
34.9429 4.8532
34.9529 4.8567
34.9628 4.8602
34.9728 4.8637
34.9827 4.8672
34.9927 4.8707
35.0026 4.8742
35.0126 4.8777
35.0225 4.8812
35.0325 4.8847
35.0424 4.8882
35.0524 4.8917
35.0623 4.8952
35.0722 4.8987
35.0822 4.9022
35.0921 4.9057
35.1021 4.9093
35.1120 4.9128
35.1219 4.9163
35.1319 4.9198
35.1418 4.9233
35.1517 4.9268
35.1617 4.9304
35.1716 4.9339
35.1815 4.9374
35.1914 4.9409
35.2014 4.9445
35.2113 4.9480
35.2212 4.9515
35.2311 4.9550
35.2411 4.9586
35.2510 4.9621
35.2609 4.9656
35.2708 4.9692
35.2807 4.9727
35.2907 4.9762
35.3006 4.9798
35.3105 4.9833
35.3204 4.9868
35.3303 4.9904
35.3402 4.9939
35.3501 4.9975
35.3600 5.0010
35.3699 5.0045
35.3799 5.0081
35.3898 5.0116
35.3997 5.0152
35.4096 5.0187
35.4195 5.0223
35.4294 5.0258
35.4393 5.0294
35.4492 5.0329
35.4591 5.0365
35.4690 5.0400
35.4789 5.0436
35.4888 5.0471
35.4986 5.0507
35.5085 5.0543
35.5184 5.0578
35.5283 5.0614
35.5382 5.0650
35.5481 5.0685
35.5580 5.0721
35.5679 5.0756
35.5778 5.0792
35.5876 5.0828
35.5975 5.0864
35.6074 5.0899
35.6173 5.0935
35.6272 5.0971
35.6370 5.1006
35.6469 5.1042
35.6568 5.1078
35.6667 5.1114
35.6765 5.1149
35.6864 5.1185
35.6963 5.1221
35.7061 5.1257
35.7160 5.1293
35.7259 5.1329
35.7358 5.1364
35.7456 5.1400
35.7555 5.1436
35.7653 5.1472
35.7752 5.1508
35.7851 5.1544
35.7949 5.1580
35.8048 5.1616
35.8146 5.1652
35.8245 5.1688
35.8344 5.1724
35.8442 5.1760
35.8541 5.1796
35.8639 5.1832
35.8738 5.1868
35.8836 5.1904
35.8935 5.1940
35.9033 5.1976
35.9132 5.2012
35.9230 5.2048
35.9329 5.2084
35.9427 5.2120
35.9525 5.2156
35.9624 5.2192
35.9722 5.2228
35.9821 5.2264
35.9919 5.2301
36.0017 5.2337
36.0116 5.2373
36.0214 5.2409
36.0312 5.2445
36.0411 5.2481
36.0509 5.2518
36.0607 5.2554
36.0706 5.2590
36.0804 5.2626
36.0902 5.2663
36.1000 5.2699
36.1099 5.2735
36.1197 5.2771
36.1295 5.2808
36.1393 5.2844
36.1491 5.2880
36.1590 5.2917
36.1688 5.2953
36.1786 5.2989
36.1884 5.3026
36.1982 5.3062
36.2080 5.3098
36.2179 5.3135
36.2277 5.3171
36.2375 5.3208
36.2473 5.3244
36.2571 5.3281
36.2669 5.3317
36.2767 5.3353
36.2865 5.3390
36.2963 5.3426
36.3061 5.3463
36.3159 5.3499
36.3257 5.3536
36.3355 5.3573
36.3453 5.3609
36.3551 5.3646
36.3649 5.3682
36.3747 5.3719
36.3845 5.3755
36.3943 5.3792
36.4041 5.3829
36.4139 5.3865
36.4237 5.3902
36.4334 5.3938
36.4432 5.3975
36.4530 5.4012
36.4628 5.4048
36.4726 5.4085
36.4824 5.4122
36.4921 5.4159
36.5019 5.4195
36.5117 5.4232
36.5215 5.4269
36.5313 5.4305
36.5410 5.4342
36.5508 5.4379
36.5606 5.4416
36.5704 5.4453
36.5801 5.4489
36.5899 5.4526
36.5997 5.4563
36.6094 5.4600
36.6192 5.4637
36.6290 5.4674
36.6387 5.4710
36.6485 5.4747
36.6583 5.4784
36.6680 5.4821
36.6778 5.4858
36.6875 5.4895
36.6973 5.4932
36.7070 5.4969
36.7168 5.5006
36.7266 5.5043
36.7363 5.5080
36.7461 5.5117
36.7558 5.5154
36.7656 5.5191
36.7753 5.5228
36.7851 5.5265
36.7948 5.5302
36.8045 5.5339
36.8143 5.5376
36.8240 5.5413
36.8338 5.5450
36.8435 5.5487
36.8533 5.5524
36.8630 5.5562
36.8727 5.5599
36.8825 5.5636
36.8922 5.5673
36.9019 5.5710
36.9117 5.5747
36.9214 5.5784
36.9311 5.5822
36.9409 5.5859
36.9506 5.5896
36.9603 5.5933
36.9700 5.5971
36.9798 5.6008
36.9895 5.6045
36.9992 5.6082
37.0089 5.6120
37.0187 5.6157
37.0284 5.6194
37.0381 5.6232
37.0478 5.6269
37.0575 5.6306
37.0672 5.6344
37.0770 5.6381
37.0867 5.6418
37.0964 5.6456
37.1061 5.6493
37.1158 5.6531
37.1255 5.6568
37.1352 5.6605
37.1449 5.6643
37.1546 5.6680
37.1643 5.6718
37.1740 5.6755
37.1837 5.6793
37.1934 5.6830
37.2031 5.6868
37.2128 5.6905
37.2225 5.6943
37.2322 5.6980
37.2419 5.7018
37.2516 5.7055
37.2613 5.7093
37.2710 5.7130
37.2807 5.7168
37.2904 5.7206
37.3001 5.7243
37.3098 5.7281
37.3194 5.7319
37.3291 5.7356
37.3388 5.7394
37.3485 5.7432
37.3582 5.7469
37.3679 5.7507
37.3775 5.7545
37.3872 5.7582
37.3969 5.7620
37.4066 5.7658
37.4162 5.7695
37.4259 5.7733
37.4356 5.7771
37.4453 5.7809
37.4549 5.7847
37.4646 5.7884
37.4743 5.7922
37.4839 5.7960
37.4936 5.7998
37.5033 5.8036
37.5129 5.8073
37.5226 5.8111
37.5322 5.8149
37.5419 5.8187
37.5516 5.8225
37.5612 5.8263
37.5709 5.8301
37.5805 5.8339
37.5902 5.8377
37.5998 5.8415
37.6095 5.8453
37.6191 5.8490
37.6288 5.8528
37.6384 5.8566
37.6481 5.8604
37.6577 5.8642
37.6674 5.8680
37.6770 5.8718
37.6867 5.8757
37.6963 5.8795
37.7060 5.8833
37.7156 5.8871
37.7252 5.8909
37.7349 5.8947
37.7445 5.8985
37.7541 5.9023
37.7638 5.9061
37.7734 5.9099
37.7830 5.9137
37.7927 5.9176
37.8023 5.9214
37.8119 5.9252
37.8216 5.9290
37.8312 5.9328
37.8408 5.9367
37.8504 5.9405
37.8601 5.9443
37.8697 5.9481
37.8793 5.9520
37.8889 5.9558
37.8985 5.9596
37.9082 5.9634
37.9178 5.9673
37.9274 5.9711
37.9370 5.9749
37.9466 5.9788
37.9562 5.9826
37.9658 5.9864
37.9754 5.9903
37.9851 5.9941
37.9947 5.9979
38.0043 6.0018
38.0139 6.0056
38.0235 6.0095
38.0331 6.0133
38.0427 6.0171
38.0523 6.0210
38.0619 6.0248
38.0715 6.0287
38.0811 6.0325
38.0907 6.0364
38.1003 6.0402
38.1099 6.0441
38.1195 6.0479
38.1290 6.0518
38.1386 6.0556
38.1482 6.0595
38.1578 6.0633
38.1674 6.0672
38.1770 6.0711
38.1866 6.0749
38.1962 6.0788
38.2057 6.0826
38.2153 6.0865
38.2249 6.0904
38.2345 6.0942
38.2441 6.0981
38.2536 6.1020
38.2632 6.1058
38.2728 6.1097
38.2824 6.1136
38.2919 6.1174
38.3015 6.1213
38.3111 6.1252
38.3206 6.1290
38.3302 6.1329
38.3398 6.1368
38.3493 6.1407
38.3589 6.1446
38.3685 6.1484
38.3780 6.1523
38.3876 6.1562
38.3971 6.1601
38.4067 6.1640
38.4163 6.1678
38.4258 6.1717
38.4354 6.1756
38.4449 6.1795
38.4545 6.1834
38.4640 6.1873
38.4736 6.1912
38.4831 6.1951
38.4927 6.1989
38.5022 6.2028
38.5118 6.2067
38.5213 6.2106
38.5309 6.2145
38.5404 6.2184
38.5500 6.2223
38.5595 6.2262
38.5690 6.2301
38.5786 6.2340
38.5881 6.2379
38.5976 6.2418
38.6072 6.2457
38.6167 6.2496
38.6262 6.2535
38.6358 6.2575
38.6453 6.2614
38.6548 6.2653
38.6644 6.2692
38.6739 6.2731
38.6834 6.2770
38.6929 6.2809
38.7025 6.2848
38.7120 6.2888
38.7215 6.2927
38.7310 6.2966
38.7406 6.3005
38.7501 6.3044
38.7596 6.3084
38.7691 6.3123
38.7786 6.3162
38.7881 6.3201
38.7976 6.3240
38.8072 6.3280
38.8167 6.3319
38.8262 6.3358
38.8357 6.3398
38.8452 6.3437
38.8547 6.3476
38.8642 6.3516
38.8737 6.3555
38.8832 6.3594
38.8927 6.3634
38.9022 6.3673
38.9117 6.3712
38.9212 6.3752
38.9307 6.3791
38.9402 6.3831
38.9497 6.3870
38.9592 6.3909
38.9687 6.3949
38.9782 6.3988
38.9877 6.4028
38.9972 6.4067
39.0066 6.4107
39.0161 6.4146
39.0256 6.4186
39.0351 6.4225
39.0446 6.4265
39.0541 6.4304
39.0635 6.4344
39.0730 6.4383
39.0825 6.4423
39.0920 6.4462
39.1015 6.4502
39.1109 6.4542
39.1204 6.4581
39.1299 6.4621
39.1393 6.4660
39.1488 6.4700
39.1583 6.4740
39.1678 6.4779
39.1772 6.4819
39.1867 6.4859
39.1962 6.4898
39.2056 6.4938
39.2151 6.4978
39.2245 6.5017
39.2340 6.5057
39.2435 6.5097
39.2529 6.5137
39.2624 6.5176
39.2718 6.5216
39.2813 6.5256
39.2907 6.5296
39.3002 6.5336
39.3097 6.5375
39.3191 6.5415
39.3285 6.5455
39.3380 6.5495
39.3474 6.5535
39.3569 6.5575
39.3663 6.5614
39.3758 6.5654
39.3852 6.5694
39.3947 6.5734
39.4041 6.5774
39.4135 6.5814
39.4230 6.5854
39.4324 6.5894
39.4419 6.5934
39.4513 6.5974
39.4607 6.6014
39.4702 6.6054
39.4796 6.6094
39.4890 6.6134
39.4984 6.6174
39.5079 6.6214
39.5173 6.6254
39.5267 6.6294
39.5361 6.6334
39.5456 6.6374
39.5550 6.6414
39.5644 6.6454
39.5738 6.6494
39.5833 6.6534
39.5927 6.6574
39.6021 6.6614
39.6115 6.6654
39.6209 6.6695
39.6303 6.6735
39.6397 6.6775
39.6492 6.6815
39.6586 6.6855
39.6680 6.6895
39.6774 6.6936
39.6868 6.6976
39.6962 6.7016
39.7056 6.7056
39.7150 6.7096
39.7244 6.7137
39.7338 6.7177
39.7432 6.7217
39.7526 6.7258
39.7620 6.7298
39.7714 6.7338
39.7808 6.7378
39.7902 6.7419
39.7996 6.7459
39.8090 6.7499
39.8184 6.7540
39.8277 6.7580
39.8371 6.7620
39.8465 6.7661
39.8559 6.7701
39.8653 6.7742
39.8747 6.7782
39.8841 6.7822
39.8934 6.7863
39.9028 6.7903
39.9122 6.7944
39.9216 6.7984
39.9310 6.8025
39.9403 6.8065
39.9497 6.8106
39.9591 6.8146
39.9685 6.8187
39.9778 6.8227
39.9872 6.8268
39.9966 6.8308
40.0059 6.8349
40.0153 6.8389
40.0247 6.8430
40.0340 6.8470
40.0434 6.8511
40.0528 6.8552
40.0621 6.8592
40.0715 6.8633
40.0808 6.8673
40.0902 6.8714
40.0995 6.8755
40.1089 6.8795
40.1183 6.8836
40.1276 6.8877
40.1370 6.8917
40.1463 6.8958
40.1557 6.8999
40.1650 6.9040
40.1744 6.9080
40.1837 6.9121
40.1931 6.9162
40.2024 6.9203
40.2117 6.9243
40.2211 6.9284
40.2304 6.9325
40.2398 6.9366
40.2491 6.9406
40.2584 6.9447
40.2678 6.9488
40.2771 6.9529
40.2864 6.9570
40.2958 6.9611
40.3051 6.9651
40.3144 6.9692
40.3238 6.9733
40.3331 6.9774
40.3424 6.9815
40.3518 6.9856
40.3611 6.9897
40.3704 6.9938
40.3797 6.9979
40.3890 7.0020
40.3984 7.0061
40.4077 7.0102
40.4170 7.0143
40.4263 7.0184
40.4356 7.0225
40.4450 7.0266
40.4543 7.0307
40.4636 7.0348
40.4729 7.0389
40.4822 7.0430
40.4915 7.0471
40.5008 7.0512
40.5101 7.0553
40.5194 7.0594
40.5287 7.0635
40.5380 7.0676
40.5473 7.0717
40.5566 7.0758
40.5659 7.0800
40.5752 7.0841
40.5845 7.0882
40.5938 7.0923
40.6031 7.0964
40.6124 7.1005
40.6217 7.1047
40.6310 7.1088
40.6403 7.1129
40.6496 7.1170
40.6589 7.1211
40.6682 7.1253
40.6775 7.1294
40.6867 7.1335
40.6960 7.1376
40.7053 7.1418
40.7146 7.1459
40.7239 7.1500
40.7332 7.1542
40.7424 7.1583
40.7517 7.1624
40.7610 7.1666
40.7703 7.1707
40.7795 7.1748
40.7888 7.1790
40.7981 7.1831
40.8074 7.1872
40.8166 7.1914
40.8259 7.1955
40.8352 7.1997
40.8444 7.2038
40.8537 7.2079
40.8630 7.2121
40.8722 7.2162
40.8815 7.2204
40.8907 7.2245
40.9000 7.2287
40.9093 7.2328
40.9185 7.2370
40.9278 7.2411
40.9370 7.2453
40.9463 7.2494
40.9555 7.2536
40.9648 7.2577
40.9740 7.2619
40.9833 7.2661
40.9925 7.2702
41.0018 7.2744
41.0110 7.2785
41.0203 7.2827
41.0295 7.2869
41.0388 7.2910
41.0480 7.2952
41.0572 7.2993
41.0665 7.3035
41.0757 7.3077
41.0850 7.3118
41.0942 7.3160
41.1034 7.3202
41.1127 7.3244
41.1219 7.3285
41.1311 7.3327
41.1404 7.3369
41.1496 7.3410
41.1588 7.3452
41.1680 7.3494
41.1773 7.3536
41.1865 7.3577
41.1957 7.3619
41.2049 7.3661
41.2142 7.3703
41.2234 7.3745
41.2326 7.3787
41.2418 7.3828
41.2510 7.3870
41.2603 7.3912
41.2695 7.3954
41.2787 7.3996
41.2879 7.4038
41.2971 7.4080
41.3063 7.4121
41.3155 7.4163
41.3247 7.4205
41.3339 7.4247
41.3431 7.4289
41.3524 7.4331
41.3616 7.4373
41.3708 7.4415
41.3800 7.4457
41.3892 7.4499
41.3984 7.4541
41.4076 7.4583
41.4168 7.4625
41.4259 7.4667
41.4351 7.4709
41.4443 7.4751
41.4535 7.4793
41.4627 7.4835
41.4719 7.4877
41.4811 7.4919
41.4903 7.4961
41.4995 7.5004
41.5087 7.5046
41.5178 7.5088
41.5270 7.5130
41.5362 7.5172
41.5454 7.5214
41.5546 7.5256
41.5637 7.5299
41.5729 7.5341
41.5821 7.5383
41.5913 7.5425
41.6004 7.5467
41.6096 7.5509
41.6188 7.5552
41.6280 7.5594
41.6371 7.5636
41.6463 7.5678
41.6555 7.5721
41.6646 7.5763
41.6738 7.5805
41.6830 7.5847
41.6921 7.5890
41.7013 7.5932
41.7104 7.5974
41.7196 7.6017
41.7288 7.6059
41.7379 7.6101
41.7471 7.6144
41.7562 7.6186
41.7654 7.6228
41.7745 7.6271
41.7837 7.6313
41.7928 7.6356
41.8020 7.6398
41.8111 7.6440
41.8203 7.6483
41.8294 7.6525
41.8386 7.6568
41.8477 7.6610
41.8569 7.6653
41.8660 7.6695
41.8751 7.6738
41.8843 7.6780
41.8934 7.6823
41.9026 7.6865
41.9117 7.6908
41.9208 7.6950
41.9300 7.6993
41.9391 7.7035
41.9482 7.7078
41.9574 7.7120
41.9665 7.7163
41.9756 7.7206
41.9847 7.7248
41.9939 7.7291
42.0030 7.7333
42.0121 7.7376
42.0212 7.7419
42.0304 7.7461
42.0395 7.7504
42.0486 7.7547
42.0577 7.7589
42.0668 7.7632
42.0759 7.7675
42.0851 7.7717
42.0942 7.7760
42.1033 7.7803
42.1124 7.7845
42.1215 7.7888
42.1306 7.7931
42.1397 7.7974
42.1488 7.8016
42.1579 7.8059
42.1670 7.8102
42.1761 7.8145
42.1852 7.8188
42.1943 7.8230
42.2034 7.8273
42.2125 7.8316
42.2216 7.8359
42.2307 7.8402
42.2398 7.8444
42.2489 7.8487
42.2580 7.8530
42.2671 7.8573
42.2762 7.8616
42.2853 7.8659
42.2944 7.8702
42.3035 7.8745
42.3126 7.8788
42.3216 7.8831
42.3307 7.8873
42.3398 7.8916
42.3489 7.8959
42.3580 7.9002
42.3671 7.9045
42.3761 7.9088
42.3852 7.9131
42.3943 7.9174
42.4034 7.9217
42.4124 7.9260
42.4215 7.9303
42.4306 7.9346
42.4397 7.9389
42.4487 7.9433
42.4578 7.9476
42.4669 7.9519
42.4759 7.9562
42.4850 7.9605
42.4941 7.9648
42.5031 7.9691
42.5122 7.9734
42.5212 7.9777
42.5303 7.9820
42.5394 7.9864
42.5484 7.9907
42.5575 7.9950
42.5665 7.9993
42.5756 8.0036
42.5846 8.0080
42.5937 8.0123
42.6027 8.0166
42.6118 8.0209
42.6208 8.0252
42.6299 8.0296
42.6389 8.0339
42.6480 8.0382
42.6570 8.0425
42.6661 8.0469
42.6751 8.0512
42.6841 8.0555
42.6932 8.0599
42.7022 8.0642
42.7113 8.0685
42.7203 8.0729
42.7293 8.0772
42.7384 8.0815
42.7474 8.0859
42.7564 8.0902
42.7655 8.0945
42.7745 8.0989
42.7835 8.1032
42.7925 8.1075
42.8016 8.1119
42.8106 8.1162
42.8196 8.1206
42.8286 8.1249
42.8377 8.1293
42.8467 8.1336
42.8557 8.1380
42.8647 8.1423
42.8737 8.1466
42.8828 8.1510
42.8918 8.1553
42.9008 8.1597
42.9098 8.1640
42.9188 8.1684
42.9278 8.1728
42.9368 8.1771
42.9458 8.1815
42.9548 8.1858
42.9638 8.1902
42.9729 8.1945
42.9819 8.1989
42.9909 8.2033
42.9999 8.2076
43.0089 8.2120
43.0179 8.2163
43.0269 8.2207
43.0359 8.2251
43.0449 8.2294
43.0538 8.2338
43.0628 8.2382
43.0718 8.2425
43.0808 8.2469
43.0898 8.2513
43.0988 8.2556
43.1078 8.2600
43.1168 8.2644
43.1258 8.2688
43.1348 8.2731
43.1437 8.2775
43.1527 8.2819
43.1617 8.2863
43.1707 8.2906
43.1797 8.2950
43.1886 8.2994
43.1976 8.3038
43.2066 8.3082
43.2156 8.3125
43.2245 8.3169
43.2335 8.3213
43.2425 8.3257
43.2515 8.3301
43.2604 8.3345
43.2694 8.3388
43.2784 8.3432
43.2873 8.3476
43.2963 8.3520
43.3053 8.3564
43.3142 8.3608
43.3232 8.3652
43.3321 8.3696
43.3411 8.3740
43.3501 8.3784
43.3590 8.3828
43.3680 8.3872
43.3769 8.3916
43.3859 8.3960
43.3948 8.4004
43.4038 8.4048
43.4127 8.4092
43.4217 8.4136
43.4306 8.4180
43.4396 8.4224
43.4485 8.4268
43.4575 8.4312
43.4664 8.4356
43.4754 8.4400
43.4843 8.4444
43.4932 8.4488
43.5022 8.4532
43.5111 8.4576
43.5200 8.4620
43.5290 8.4665
43.5379 8.4709
43.5469 8.4753
43.5558 8.4797
43.5647 8.4841
43.5736 8.4885
43.5826 8.4929
43.5915 8.4974
43.6004 8.5018
43.6094 8.5062
43.6183 8.5106
43.6272 8.5150
43.6361 8.5195
43.6450 8.5239
43.6540 8.5283
43.6629 8.5327
43.6718 8.5372
43.6807 8.5416
43.6896 8.5460
43.6986 8.5505
43.7075 8.5549
43.7164 8.5593
43.7253 8.5637
43.7342 8.5682
43.7431 8.5726
43.7520 8.5770
43.7609 8.5815
43.7698 8.5859
43.7787 8.5903
43.7876 8.5948
43.7965 8.5992
43.8054 8.6037
43.8143 8.6081
43.8232 8.6125
43.8321 8.6170
43.8410 8.6214
43.8499 8.6259
43.8588 8.6303
43.8677 8.6348
43.8766 8.6392
43.8855 8.6437
43.8944 8.6481
43.9033 8.6526
43.9122 8.6570
43.9211 8.6615
43.9300 8.6659
43.9388 8.6704
43.9477 8.6748
43.9566 8.6793
43.9655 8.6837
43.9744 8.6882
43.9832 8.6926
43.9921 8.6971
44.0010 8.7015
44.0099 8.7060
44.0187 8.7105
44.0276 8.7149
44.0365 8.7194
44.0454 8.7238
44.0542 8.7283
44.0631 8.7328
44.0720 8.7372
44.0808 8.7417
44.0897 8.7462
44.0986 8.7506
44.1074 8.7551
44.1163 8.7596
44.1252 8.7640
44.1340 8.7685
44.1429 8.7730
44.1517 8.7775
44.1606 8.7819
44.1695 8.7864
44.1783 8.7909
44.1872 8.7954
44.1960 8.7998
44.2049 8.8043
44.2137 8.8088
44.2226 8.8133
44.2314 8.8177
44.2403 8.8222
44.2491 8.8267
44.2580 8.8312
44.2668 8.8357
44.2756 8.8402
44.2845 8.8446
44.2933 8.8491
44.3022 8.8536
44.3110 8.8581
44.3198 8.8626
44.3287 8.8671
44.3375 8.8716
44.3463 8.8761
44.3552 8.8806
44.3640 8.8850
44.3728 8.8895
44.3817 8.8940
44.3905 8.8985
44.3993 8.9030
44.4082 8.9075
44.4170 8.9120
44.4258 8.9165
44.4346 8.9210
44.4434 8.9255
44.4523 8.9300
44.4611 8.9345
44.4699 8.9390
44.4787 8.9435
44.4875 8.9480
44.4964 8.9525
44.5052 8.9570
44.5140 8.9615
44.5228 8.9661
44.5316 8.9706
44.5404 8.9751
44.5492 8.9796
44.5580 8.9841
44.5668 8.9886
44.5756 8.9931
44.5845 8.9976
44.5933 9.0021
44.6021 9.0067
44.6109 9.0112
44.6197 9.0157
44.6285 9.0202
44.6373 9.0247
44.6461 9.0292
44.6548 9.0338
44.6636 9.0383
44.6724 9.0428
44.6812 9.0473
44.6900 9.0519
44.6988 9.0564
44.7076 9.0609
44.7164 9.0654
44.7252 9.0700
44.7340 9.0745
44.7427 9.0790
44.7515 9.0835
44.7603 9.0881
44.7691 9.0926
44.7779 9.0971
44.7866 9.1017
44.7954 9.1062
44.8042 9.1107
44.8130 9.1153
44.8218 9.1198
44.8305 9.1243
44.8393 9.1289
44.8481 9.1334
44.8568 9.1380
44.8656 9.1425
44.8744 9.1470
44.8831 9.1516
44.8919 9.1561
44.9007 9.1607
44.9094 9.1652
44.9182 9.1698
44.9270 9.1743
44.9357 9.1788
44.9445 9.1834
44.9532 9.1879
44.9620 9.1925
44.9708 9.1970
44.9795 9.2016
44.9883 9.2061
44.9970 9.2107
45.0058 9.2152
45.0145 9.2198
45.0233 9.2244
45.0320 9.2289
45.0408 9.2335
45.0495 9.2380
45.0583 9.2426
45.0670 9.2471
45.0758 9.2517
45.0845 9.2563
45.0932 9.2608
45.1020 9.2654
45.1107 9.2699
45.1194 9.2745
45.1282 9.2791
45.1369 9.2836
45.1457 9.2882
45.1544 9.2928
45.1631 9.2973
45.1719 9.3019
45.1806 9.3065
45.1893 9.3110
45.1980 9.3156
45.2068 9.3202
45.2155 9.3248
45.2242 9.3293
45.2329 9.3339
45.2417 9.3385
45.2504 9.3431
45.2591 9.3476
45.2678 9.3522
45.2765 9.3568
45.2853 9.3614
45.2940 9.3659
45.3027 9.3705
45.3114 9.3751
45.3201 9.3797
45.3288 9.3843
45.3375 9.3889
45.3462 9.3934
45.3550 9.3980
45.3637 9.4026
45.3724 9.4072
45.3811 9.4118
45.3898 9.4164
45.3985 9.4210
45.4072 9.4256
45.4159 9.4301
45.4246 9.4347
45.4333 9.4393
45.4420 9.4439
45.4507 9.4485
45.4594 9.4531
45.4681 9.4577
45.4768 9.4623
45.4854 9.4669
45.4941 9.4715
45.5028 9.4761
45.5115 9.4807
45.5202 9.4853
45.5289 9.4899
45.5376 9.4945
45.5463 9.4991
45.5549 9.5037
45.5636 9.5083
45.5723 9.5129
45.5810 9.5175
45.5897 9.5221
45.5983 9.5267
45.6070 9.5313
45.6157 9.5360
45.6244 9.5406
45.6330 9.5452
45.6417 9.5498
45.6504 9.5544
45.6591 9.5590
45.6677 9.5636
45.6764 9.5682
45.6851 9.5729
45.6937 9.5775
45.7024 9.5821
45.7111 9.5867
45.7197 9.5913
45.7284 9.5959
45.7370 9.6006
45.7457 9.6052
45.7544 9.6098
45.7630 9.6144
45.7717 9.6191
45.7803 9.6237
45.7890 9.6283
45.7976 9.6329
45.8063 9.6376
45.8149 9.6422
45.8236 9.6468
45.8322 9.6514
45.8409 9.6561
45.8495 9.6607
45.8582 9.6653
45.8668 9.6700
45.8755 9.6746
45.8841 9.6792
45.8927 9.6839
45.9014 9.6885
45.9100 9.6931
45.9187 9.6978
45.9273 9.7024
45.9359 9.7070
45.9446 9.7117
45.9532 9.7163
45.9618 9.7210
45.9705 9.7256
45.9791 9.7302
45.9877 9.7349
45.9964 9.7395
46.0050 9.7442
46.0136 9.7488
46.0222 9.7535
46.0309 9.7581
46.0395 9.7628
46.0481 9.7674
46.0567 9.7721
46.0653 9.7767
46.0740 9.7814
46.0826 9.7860
46.0912 9.7907
46.0998 9.7953
46.1084 9.8000
46.1170 9.8046
46.1256 9.8093
46.1343 9.8139
46.1429 9.8186
46.1515 9.8233
46.1601 9.8279
46.1687 9.8326
46.1773 9.8372
46.1859 9.8419
46.1945 9.8466
46.2031 9.8512
46.2117 9.8559
46.2203 9.8605
46.2289 9.8652
46.2375 9.8699
46.2461 9.8745
46.2547 9.8792
46.2633 9.8839
46.2719 9.8885
46.2805 9.8932
46.2891 9.8979
46.2977 9.9025
46.3063 9.9072
46.3148 9.9119
46.3234 9.9166
46.3320 9.9212
46.3406 9.9259
46.3492 9.9306
46.3578 9.9353
46.3663 9.9399
46.3749 9.9446
46.3835 9.9493
46.3921 9.9540
46.4007 9.9587
46.4092 9.9633
46.4178 9.9680
46.4264 9.9727
46.4350 9.9774
46.4435 9.9821
46.4521 9.9867
46.4607 9.9914
46.4692 9.9961
46.4778 10.0008
46.4864 10.0055
46.4949 10.0102
46.5035 10.0149
46.5121 10.0196
46.5206 10.0243
46.5292 10.0289
46.5378 10.0336
46.5463 10.0383
46.5549 10.0430
46.5634 10.0477
46.5720 10.0524
46.5805 10.0571
46.5891 10.0618
46.5976 10.0665
46.6062 10.0712
46.6148 10.0759
46.6233 10.0806
46.6318 10.0853
46.6404 10.0900
46.6489 10.0947
46.6575 10.0994
46.6660 10.1041
46.6746 10.1088
46.6831 10.1135
46.6917 10.1182
46.7002 10.1229
46.7087 10.1276
46.7173 10.1323
46.7258 10.1370
46.7343 10.1418
46.7429 10.1465
46.7514 10.1512
46.7599 10.1559
46.7685 10.1606
46.7770 10.1653
46.7855 10.1700
46.7941 10.1747
46.8026 10.1795
46.8111 10.1842
46.8196 10.1889
46.8282 10.1936
46.8367 10.1983
46.8452 10.2030
46.8537 10.2078
46.8623 10.2125
46.8708 10.2172
46.8793 10.2219
46.8878 10.2267
46.8963 10.2314
46.9048 10.2361
46.9134 10.2408
46.9219 10.2456
46.9304 10.2503
46.9389 10.2550
46.9474 10.2597
46.9559 10.2645
46.9644 10.2692
46.9729 10.2739
46.9814 10.2787
46.9899 10.2834
46.9984 10.2881
47.0069 10.2929
47.0154 10.2976
47.0239 10.3023
47.0324 10.3071
47.0409 10.3118
47.0494 10.3165
47.0579 10.3213
47.0664 10.3260
47.0749 10.3307
47.0834 10.3355
47.0919 10.3402
47.1004 10.3450
47.1089 10.3497
47.1174 10.3545
47.1258 10.3592
47.1343 10.3639
47.1428 10.3687
47.1513 10.3734
47.1598 10.3782
47.1683 10.3829
47.1767 10.3877
47.1852 10.3924
47.1937 10.3972
47.2022 10.4019
47.2107 10.4067
47.2191 10.4114
47.2276 10.4162
47.2361 10.4209
47.2446 10.4257
47.2530 10.4304
47.2615 10.4352
47.2700 10.4399
47.2784 10.4447
47.2869 10.4495
47.2954 10.4542
47.3038 10.4590
47.3123 10.4637
47.3208 10.4685
47.3292 10.4733
47.3377 10.4780
47.3461 10.4828
47.3546 10.4875
47.3631 10.4923
47.3715 10.4971
47.3800 10.5018
47.3884 10.5066
47.3969 10.5114
47.4053 10.5161
47.4138 10.5209
47.4222 10.5257
47.4307 10.5304
47.4391 10.5352
47.4476 10.5400
47.4560 10.5448
47.4645 10.5495
47.4729 10.5543
47.4813 10.5591
47.4898 10.5639
47.4982 10.5686
47.5067 10.5734
47.5151 10.5782
47.5235 10.5830
47.5320 10.5877
47.5404 10.5925
47.5488 10.5973
47.5573 10.6021
47.5657 10.6069
47.5741 10.6116
47.5826 10.6164
47.5910 10.6212
47.5994 10.6260
47.6079 10.6308
47.6163 10.6356
47.6247 10.6404
47.6331 10.6451
47.6416 10.6499
47.6500 10.6547
47.6584 10.6595
47.6668 10.6643
47.6752 10.6691
47.6837 10.6739
47.6921 10.6787
47.7005 10.6835
47.7089 10.6883
47.7173 10.6930
47.7257 10.6978
47.7341 10.7026
47.7425 10.7074
47.7510 10.7122
47.7594 10.7170
47.7678 10.7218
47.7762 10.7266
47.7846 10.7314
47.7930 10.7362
47.8014 10.7410
47.8098 10.7458
47.8182 10.7506
47.8266 10.7554
47.8350 10.7602
47.8434 10.7650
47.8518 10.7699
47.8602 10.7747
47.8686 10.7795
47.8770 10.7843
47.8854 10.7891
47.8937 10.7939
47.9021 10.7987
47.9105 10.8035
47.9189 10.8083
47.9273 10.8131
47.9357 10.8179
47.9441 10.8228
47.9525 10.8276
47.9608 10.8324
47.9692 10.8372
47.9776 10.8420
47.9860 10.8468
47.9944 10.8517
48.0027 10.8565
48.0111 10.8613
48.0195 10.8661
48.0279 10.8709
48.0362 10.8758
48.0446 10.8806
48.0530 10.8854
48.0614 10.8902
48.0697 10.8950
48.0781 10.8999
48.0865 10.9047
48.0948 10.9095
48.1032 10.9143
48.1116 10.9192
48.1199 10.9240
48.1283 10.9288
48.1366 10.9337
48.1450 10.9385
48.1534 10.9433
48.1617 10.9482
48.1701 10.9530
48.1784 10.9578
48.1868 10.9627
48.1951 10.9675
48.2035 10.9723
48.2118 10.9772
48.2202 10.9820
48.2285 10.9868
48.2369 10.9917
48.2452 10.9965
48.2536 11.0013
48.2619 11.0062
48.2703 11.0110
48.2786 11.0159
48.2870 11.0207
48.2953 11.0256
48.3036 11.0304
48.3120 11.0352
48.3203 11.0401
48.3287 11.0449
48.3370 11.0498
48.3453 11.0546
48.3537 11.0595
48.3620 11.0643
48.3703 11.0692
48.3787 11.0740
48.3870 11.0789
48.3953 11.0837
48.4036 11.0886
48.4120 11.0934
48.4203 11.0983
48.4286 11.1031
48.4369 11.1080
48.4453 11.1128
48.4536 11.1177
48.4619 11.1226
48.4702 11.1274
48.4785 11.1323
48.4869 11.1371
48.4952 11.1420
48.5035 11.1468
48.5118 11.1517
48.5201 11.1566
48.5284 11.1614
48.5367 11.1663
48.5451 11.1712
48.5534 11.1760
48.5617 11.1809
48.5700 11.1857
48.5783 11.1906
48.5866 11.1955
48.5949 11.2003
48.6032 11.2052
48.6115 11.2101
48.6198 11.2150
48.6281 11.2198
48.6364 11.2247
48.6447 11.2296
48.6530 11.2344
48.6613 11.2393
48.6696 11.2442
48.6779 11.2491
48.6862 11.2539
48.6945 11.2588
48.7028 11.2637
48.7110 11.2686
48.7193 11.2734
48.7276 11.2783
48.7359 11.2832
48.7442 11.2881
48.7525 11.2930
48.7608 11.2978
48.7690 11.3027
48.7773 11.3076
48.7856 11.3125
48.7939 11.3174
48.8022 11.3222
48.8104 11.3271
48.8187 11.3320
48.8270 11.3369
48.8353 11.3418
48.8435 11.3467
48.8518 11.3516
48.8601 11.3565
48.8684 11.3613
48.8766 11.3662
48.8849 11.3711
48.8932 11.3760
48.9014 11.3809
48.9097 11.3858
48.9180 11.3907
48.9262 11.3956
48.9345 11.4005
48.9427 11.4054
48.9510 11.4103
48.9593 11.4152
48.9675 11.4201
48.9758 11.4250
48.9840 11.4299
48.9923 11.4348
49.0005 11.4397
49.0088 11.4446
49.0170 11.4495
49.0253 11.4544
49.0335 11.4593
49.0418 11.4642
49.0500 11.4691
49.0583 11.4740
49.0665 11.4789
49.0748 11.4838
49.0830 11.4887
49.0913 11.4936
49.0995 11.4985
49.1077 11.5034
49.1160 11.5083
49.1242 11.5132
49.1325 11.5182
49.1407 11.5231
49.1489 11.5280
49.1572 11.5329
49.1654 11.5378
49.1736 11.5427
49.1819 11.5476
49.1901 11.5526
49.1983 11.5575
49.2065 11.5624
49.2148 11.5673
49.2230 11.5722
49.2312 11.5771
49.2395 11.5821
49.2477 11.5870
49.2559 11.5919
49.2641 11.5968
49.2723 11.6017
49.2806 11.6067
49.2888 11.6116
49.2970 11.6165
49.3052 11.6214
49.3134 11.6264
49.3216 11.6313
49.3298 11.6362
49.3381 11.6411
49.3463 11.6461
49.3545 11.6510
49.3627 11.6559
49.3709 11.6609
49.3791 11.6658
49.3873 11.6707
49.3955 11.6757
49.4037 11.6806
49.4119 11.6855
49.4201 11.6905
49.4283 11.6954
49.4365 11.7003
49.4447 11.7053
49.4529 11.7102
49.4611 11.7151
49.4693 11.7201
49.4775 11.7250
49.4857 11.7299
49.4939 11.7349
49.5021 11.7398
49.5103 11.7448
49.5185 11.7497
49.5267 11.7546
49.5348 11.7596
49.5430 11.7645
49.5512 11.7695
49.5594 11.7744
49.5676 11.7794
49.5758 11.7843
49.5840 11.7893
49.5921 11.7942
49.6003 11.7992
49.6085 11.8041
49.6167 11.8091
49.6248 11.8140
49.6330 11.8190
49.6412 11.8239
49.6494 11.8289
49.6575 11.8338
49.6657 11.8388
49.6739 11.8437
49.6821 11.8487
49.6902 11.8536
49.6984 11.8586
49.7066 11.8635
49.7147 11.8685
49.7229 11.8735
49.7311 11.8784
49.7392 11.8834
49.7474 11.8883
49.7555 11.8933
49.7637 11.8982
49.7719 11.9032
49.7800 11.9082
49.7882 11.9131
49.7963 11.9181
49.8045 11.9231
49.8126 11.9280
49.8208 11.9330
49.8289 11.9380
49.8371 11.9429
49.8452 11.9479
49.8534 11.9529
49.8615 11.9578
49.8697 11.9628
49.8778 11.9678
49.8860 11.9727
49.8941 11.9777
49.9023 11.9827
49.9104 11.9876
49.9185 11.9926
49.9267 11.9976
49.9348 12.0026
49.9430 12.0075
49.9511 12.0125
49.9592 12.0175
49.9674 12.0225
49.9755 12.0274
49.9836 12.0324
49.9918 12.0374
49.9999 12.0424
50.0080 12.0474
50.0161 12.0523
50.0243 12.0573
50.0324 12.0623
50.0405 12.0673
50.0487 12.0723
50.0568 12.0772
50.0649 12.0822
50.0730 12.0872
50.0811 12.0922
50.0893 12.0972
50.0974 12.1022
50.1055 12.1072
50.1136 12.1121
50.1217 12.1171
50.1298 12.1221
50.1380 12.1271
50.1461 12.1321
50.1542 12.1371
50.1623 12.1421
50.1704 12.1471
50.1785 12.1521
50.1866 12.1571
50.1947 12.1621
50.2028 12.1671
50.2109 12.1720
50.2190 12.1770
50.2271 12.1820
50.2352 12.1870
50.2433 12.1920
50.2514 12.1970
50.2595 12.2020
50.2676 12.2070
50.2757 12.2120
50.2838 12.2170
50.2919 12.2220
50.3000 12.2270
50.3081 12.2320
50.3162 12.2370
50.3243 12.2420
50.3324 12.2470
50.3405 12.2521
50.3486 12.2571
50.3566 12.2621
50.3647 12.2671
50.3728 12.2721
50.3809 12.2771
50.3890 12.2821
50.3971 12.2871
50.4051 12.2921
50.4132 12.2971
50.4213 12.3021
50.4294 12.3071
50.4375 12.3122
50.4455 12.3172
50.4536 12.3222
50.4617 12.3272
50.4698 12.3322
50.4778 12.3372
50.4859 12.3422
50.4940 12.3473
50.5020 12.3523
50.5101 12.3573
50.5182 12.3623
50.5262 12.3673
50.5343 12.3724
50.5424 12.3774
50.5504 12.3824
50.5585 12.3874
50.5666 12.3924
50.5746 12.3975
50.5827 12.4025
50.5907 12.4075
50.5988 12.4125
50.6068 12.4176
50.6149 12.4226
50.6230 12.4276
50.6310 12.4326
50.6391 12.4377
50.6471 12.4427
50.6552 12.4477
50.6632 12.4527
50.6713 12.4578
50.6793 12.4628
50.6874 12.4678
50.6954 12.4729
50.7034 12.4779
50.7115 12.4829
50.7195 12.4880
50.7276 12.4930
50.7356 12.4980
50.7436 12.5031
50.7517 12.5081
50.7597 12.5131
50.7678 12.5182
50.7758 12.5232
50.7838 12.5283
50.7919 12.5333
50.7999 12.5383
50.8079 12.5434
50.8160 12.5484
50.8240 12.5535
50.8320 12.5585
50.8400 12.5635
50.8481 12.5686
50.8561 12.5736
50.8641 12.5787
50.8721 12.5837
50.8802 12.5888
50.8882 12.5938
50.8962 12.5988
50.9042 12.6039
50.9122 12.6089
50.9203 12.6140
50.9283 12.6190
50.9363 12.6241
50.9443 12.6291
50.9523 12.6342
50.9603 12.6392
50.9684 12.6443
50.9764 12.6493
50.9844 12.6544
50.9924 12.6594
51.0004 12.6645
51.0084 12.6696
51.0164 12.6746
51.0244 12.6797
51.0324 12.6847
51.0404 12.6898
51.0484 12.6948
51.0564 12.6999
51.0644 12.7050
51.0724 12.7100
51.0804 12.7151
51.0884 12.7201
51.0964 12.7252
51.1044 12.7303
51.1124 12.7353
51.1204 12.7404
51.1284 12.7454
51.1364 12.7505
51.1444 12.7556
51.1524 12.7606
51.1603 12.7657
51.1683 12.7708
51.1763 12.7758
51.1843 12.7809
51.1923 12.7860
51.2003 12.7910
51.2083 12.7961
51.2162 12.8012
51.2242 12.8062
51.2322 12.8113
51.2402 12.8164
51.2482 12.8215
51.2561 12.8265
51.2641 12.8316
51.2721 12.8367
51.2801 12.8418
51.2880 12.8468
51.2960 12.8519
51.3040 12.8570
51.3119 12.8621
51.3199 12.8671
51.3279 12.8722
51.3359 12.8773
51.3438 12.8824
51.3518 12.8875
51.3598 12.8925
51.3677 12.8976
51.3757 12.9027
51.3836 12.9078
51.3916 12.9129
51.3996 12.9179
51.4075 12.9230
51.4155 12.9281
51.4234 12.9332
51.4314 12.9383
51.4393 12.9434
51.4473 12.9485
51.4553 12.9535
51.4632 12.9586
51.4712 12.9637
51.4791 12.9688
51.4871 12.9739
51.4950 12.9790
51.5029 12.9841
51.5109 12.9892
51.5188 12.9943
51.5268 12.9993
51.5347 13.0044
51.5427 13.0095
51.5506 13.0146
51.5586 13.0197
51.5665 13.0248
51.5744 13.0299
51.5824 13.0350
51.5903 13.0401
51.5982 13.0452
51.6062 13.0503
51.6141 13.0554
51.6220 13.0605
51.6300 13.0656
51.6379 13.0707
51.6458 13.0758
51.6538 13.0809
51.6617 13.0860
51.6696 13.0911
51.6775 13.0962
51.6855 13.1013
51.6934 13.1064
51.7013 13.1115
51.7092 13.1166
51.7172 13.1217
51.7251 13.1268
51.7330 13.1319
51.7409 13.1370
51.7488 13.1422
51.7568 13.1473
51.7647 13.1524
51.7726 13.1575
51.7805 13.1626
51.7884 13.1677
51.7963 13.1728
51.8042 13.1779
51.8121 13.1830
51.8201 13.1881
51.8280 13.1933
51.8359 13.1984
51.8438 13.2035
51.8517 13.2086
51.8596 13.2137
51.8675 13.2188
51.8754 13.2240
51.8833 13.2291
51.8912 13.2342
51.8991 13.2393
51.9070 13.2444
51.9149 13.2495
51.9228 13.2547
51.9307 13.2598
51.9386 13.2649
51.9465 13.2700
51.9544 13.2752
51.9622 13.2803
51.9701 13.2854
51.9780 13.2905
51.9859 13.2956
51.9938 13.3008
52.0017 13.3059
52.0096 13.3110
52.0175 13.3161
52.0254 13.3213
52.0332 13.3264
52.0411 13.3315
52.0490 13.3367
52.0569 13.3418
52.0648 13.3469
52.0726 13.3520
52.0805 13.3572
52.0884 13.3623
52.0963 13.3674
52.1041 13.3726
52.1120 13.3777
52.1199 13.3828
52.1278 13.3880
52.1356 13.3931
52.1435 13.3982
52.1514 13.4034
52.1592 13.4085
52.1671 13.4137
52.1750 13.4188
52.1828 13.4239
52.1907 13.4291
52.1986 13.4342
52.2064 13.4393
52.2143 13.4445
52.2221 13.4496
52.2300 13.4548
52.2379 13.4599
52.2457 13.4651
52.2536 13.4702
52.2614 13.4753
52.2693 13.4805
52.2771 13.4856
52.2850 13.4908
52.2929 13.4959
52.3007 13.5011
52.3086 13.5062
52.3164 13.5114
52.3243 13.5165
52.3321 13.5217
52.3399 13.5268
52.3478 13.5320
52.3556 13.5371
52.3635 13.5423
52.3713 13.5474
52.3792 13.5526
52.3870 13.5577
52.3948 13.5629
52.4027 13.5680
52.4105 13.5732
52.4184 13.5783
52.4262 13.5835
52.4340 13.5886
52.4419 13.5938
52.4497 13.5989
52.4575 13.6041
52.4654 13.6093
52.4732 13.6144
52.4810 13.6196
52.4888 13.6247
52.4967 13.6299
52.5045 13.6350
52.5123 13.6402
52.5202 13.6454
52.5280 13.6505
52.5358 13.6557
52.5436 13.6609
52.5514 13.6660
52.5593 13.6712
52.5671 13.6763
52.5749 13.6815
52.5827 13.6867
52.5905 13.6918
52.5984 13.6970
52.6062 13.7022
52.6140 13.7073
52.6218 13.7125
52.6296 13.7177
52.6374 13.7228
52.6452 13.7280
52.6530 13.7332
52.6608 13.7384
52.6686 13.7435
52.6765 13.7487
52.6843 13.7539
52.6921 13.7590
52.6999 13.7642
52.7077 13.7694
52.7155 13.7746
52.7233 13.7797
52.7311 13.7849
52.7389 13.7901
52.7467 13.7953
52.7545 13.8004
52.7623 13.8056
52.7701 13.8108
52.7779 13.8160
52.7856 13.8212
52.7934 13.8263
52.8012 13.8315
52.8090 13.8367
52.8168 13.8419
52.8246 13.8471
52.8324 13.8522
52.8402 13.8574
52.8480 13.8626
52.8557 13.8678
52.8635 13.8730
52.8713 13.8781
52.8791 13.8833
52.8869 13.8885
52.8947 13.8937
52.9024 13.8989
52.9102 13.9041
52.9180 13.9093
52.9258 13.9145
52.9335 13.9196
52.9413 13.9248
52.9491 13.9300
52.9569 13.9352
52.9646 13.9404
52.9724 13.9456
52.9802 13.9508
52.9879 13.9560
52.9957 13.9612
53.0035 13.9664
53.0112 13.9716
53.0190 13.9767
53.0268 13.9819
53.0345 13.9871
53.0423 13.9923
53.0501 13.9975
53.0578 14.0027
53.0656 14.0079
53.0733 14.0131
53.0811 14.0183
53.0889 14.0235
53.0966 14.0287
53.1044 14.0339
53.1121 14.0391
53.1199 14.0443
53.1276 14.0495
53.1354 14.0547
53.1431 14.0599
53.1509 14.0651
53.1586 14.0703
53.1664 14.0755
53.1741 14.0807
53.1819 14.0859
53.1896 14.0911
53.1974 14.0963
53.2051 14.1016
53.2129 14.1068
53.2206 14.1120
53.2283 14.1172
53.2361 14.1224
53.2438 14.1276
53.2515 14.1328
53.2593 14.1380
53.2670 14.1432
53.2748 14.1484
53.2825 14.1536
53.2902 14.1589
53.2980 14.1641
53.3057 14.1693
53.3134 14.1745
53.3212 14.1797
53.3289 14.1849
53.3366 14.1901
53.3443 14.1954
53.3521 14.2006
53.3598 14.2058
53.3675 14.2110
53.3752 14.2162
53.3830 14.2214
53.3907 14.2267
53.3984 14.2319
53.4061 14.2371
53.4138 14.2423
53.4216 14.2475
53.4293 14.2527
53.4370 14.2580
53.4447 14.2632
53.4524 14.2684
53.4601 14.2736
53.4678 14.2789
53.4756 14.2841
53.4833 14.2893
53.4910 14.2945
53.4987 14.2998
53.5064 14.3050
53.5141 14.3102
53.5218 14.3154
53.5295 14.3207
53.5372 14.3259
53.5449 14.3311
53.5526 14.3363
53.5603 14.3416
53.5680 14.3468
53.5757 14.3520
53.5834 14.3573
53.5911 14.3625
53.5988 14.3677
53.6065 14.3730
53.6142 14.3782
53.6219 14.3834
53.6296 14.3887
53.6373 14.3939
53.6450 14.3991
53.6527 14.4044
53.6604 14.4096
53.6681 14.4148
53.6757 14.4201
53.6834 14.4253
53.6911 14.4305
53.6988 14.4358
53.7065 14.4410
53.7142 14.4463
53.7219 14.4515
53.7295 14.4567
53.7372 14.4620
53.7449 14.4672
53.7526 14.4725
53.7603 14.4777
53.7679 14.4829
53.7756 14.4882
53.7833 14.4934
53.7910 14.4987
53.7986 14.5039
53.8063 14.5092
53.8140 14.5144
53.8217 14.5196
53.8293 14.5249
53.8370 14.5301
53.8447 14.5354
53.8523 14.5406
53.8600 14.5459
53.8677 14.5511
53.8753 14.5564
53.8830 14.5616
53.8907 14.5669
53.8983 14.5721
53.9060 14.5774
53.9136 14.5826
53.9213 14.5879
53.9290 14.5931
53.9366 14.5984
53.9443 14.6036
53.9519 14.6089
53.9596 14.6141
53.9672 14.6194
53.9749 14.6246
53.9825 14.6299
53.9902 14.6352
53.9978 14.6404
54.0055 14.6457
54.0131 14.6509
54.0208 14.6562
54.0284 14.6614
54.0361 14.6667
54.0437 14.6720
54.0514 14.6772
54.0590 14.6825
54.0667 14.6877
54.0743 14.6930
54.0819 14.6983
54.0896 14.7035
54.0972 14.7088
54.1049 14.7140
54.1125 14.7193
54.1201 14.7246
54.1278 14.7298
54.1354 14.7351
54.1430 14.7404
54.1507 14.7456
54.1583 14.7509
54.1659 14.7562
54.1736 14.7614
54.1812 14.7667
54.1888 14.7720
54.1964 14.7772
54.2041 14.7825
54.2117 14.7878
54.2193 14.7930
54.2269 14.7983
54.2346 14.8036
54.2422 14.8089
54.2498 14.8141
54.2574 14.8194
54.2651 14.8247
54.2727 14.8299
54.2803 14.8352
54.2879 14.8405
54.2955 14.8458
54.3031 14.8510
54.3107 14.8563
54.3184 14.8616
54.3260 14.8669
54.3336 14.8721
54.3412 14.8774
54.3488 14.8827
54.3564 14.8880
54.3640 14.8932
54.3716 14.8985
54.3792 14.9038
54.3868 14.9091
54.3944 14.9144
54.4021 14.9196
54.4097 14.9249
54.4173 14.9302
54.4249 14.9355
54.4325 14.9408
54.4401 14.9461
54.4477 14.9513
54.4553 14.9566
54.4628 14.9619
54.4704 14.9672
54.4780 14.9725
54.4856 14.9778
54.4932 14.9830
54.5008 14.9883
54.5084 14.9936
54.5160 14.9989
54.5236 15.0042
54.5312 15.0095
54.5388 15.0148
54.5464 15.0201
54.5539 15.0253
54.5615 15.0306
54.5691 15.0359
54.5767 15.0412
54.5843 15.0465
54.5919 15.0518
54.5994 15.0571
54.6070 15.0624
54.6146 15.0677
54.6222 15.0730
54.6297 15.0783
54.6373 15.0836
54.6449 15.0889
54.6525 15.0942
54.6600 15.0994
54.6676 15.1047
54.6752 15.1100
54.6828 15.1153
54.6903 15.1206
54.6979 15.1259
54.7055 15.1312
54.7130 15.1365
54.7206 15.1418
54.7282 15.1471
54.7357 15.1524
54.7433 15.1577
54.7509 15.1630
54.7584 15.1683
54.7660 15.1736
54.7736 15.1789
54.7811 15.1842
54.7887 15.1895
54.7962 15.1948
54.8038 15.2001
54.8113 15.2055
54.8189 15.2108
54.8265 15.2161
54.8340 15.2214
54.8416 15.2267
54.8491 15.2320
54.8567 15.2373
54.8642 15.2426
54.8718 15.2479
54.8793 15.2532
54.8869 15.2585
54.8944 15.2638
54.9019 15.2691
54.9095 15.2745
54.9170 15.2798
54.9246 15.2851
54.9321 15.2904
54.9397 15.2957
54.9472 15.3010
54.9547 15.3063
54.9623 15.3116
54.9698 15.3169
54.9774 15.3223
54.9849 15.3276
54.9924 15.3329
55.0000 15.3382
55.0075 15.3435
55.0150 15.3488
55.0226 15.3542
55.0301 15.3595
55.0376 15.3648
55.0452 15.3701
55.0527 15.3754
55.0602 15.3807
55.0677 15.3861
55.0753 15.3914
55.0828 15.3967
55.0903 15.4020
55.0978 15.4073
55.1054 15.4127
55.1129 15.4180
55.1204 15.4233
55.1279 15.4286
55.1354 15.4340
55.1430 15.4393
55.1505 15.4446
55.1580 15.4499
55.1655 15.4553
55.1730 15.4606
55.1805 15.4659
55.1881 15.4712
55.1956 15.4766
55.2031 15.4819
55.2106 15.4872
55.2181 15.4925
55.2256 15.4979
55.2331 15.5032
55.2406 15.5085
55.2481 15.5139
55.2556 15.5192
55.2631 15.5245
55.2706 15.5298
55.2782 15.5352
55.2857 15.5405
55.2932 15.5458
55.3007 15.5512
55.3082 15.5565
55.3157 15.5618
55.3232 15.5672
55.3306 15.5725
55.3381 15.5778
55.3456 15.5832
55.3531 15.5885
55.3606 15.5938
55.3681 15.5992
55.3756 15.6045
55.3831 15.6099
55.3906 15.6152
55.3981 15.6205
55.4056 15.6259
55.4131 15.6312
55.4205 15.6365
55.4280 15.6419
55.4355 15.6472
55.4430 15.6526
55.4505 15.6579
55.4580 15.6632
55.4655 15.6686
55.4729 15.6739
55.4804 15.6793
55.4879 15.6846
55.4954 15.6900
55.5028 15.6953
55.5103 15.7006
55.5178 15.7060
55.5253 15.7113
55.5328 15.7167
55.5402 15.7220
55.5477 15.7274
55.5552 15.7327
55.5626 15.7381
55.5701 15.7434
55.5776 15.7488
55.5850 15.7541
55.5925 15.7595
55.6000 15.7648
55.6074 15.7702
55.6149 15.7755
55.6224 15.7809
55.6298 15.7862
55.6373 15.7916
55.6448 15.7969
55.6522 15.8023
55.6597 15.8076
55.6671 15.8130
55.6746 15.8183
55.6821 15.8237
55.6895 15.8290
55.6970 15.8344
55.7044 15.8397
55.7119 15.8451
55.7193 15.8504
55.7268 15.8558
55.7342 15.8612
55.7417 15.8665
55.7491 15.8719
55.7566 15.8772
55.7640 15.8826
55.7715 15.8879
55.7789 15.8933
55.7864 15.8987
55.7938 15.9040
55.8013 15.9094
55.8087 15.9147
55.8162 15.9201
55.8236 15.9255
55.8310 15.9308
55.8385 15.9362
55.8459 15.9415
55.8534 15.9469
55.8608 15.9523
55.8682 15.9576
55.8757 15.9630
55.8831 15.9684
55.8905 15.9737
55.8980 15.9791
55.9054 15.9844
55.9128 15.9898
55.9203 15.9952
55.9277 16.0005
55.9351 16.0059
55.9425 16.0113
55.9500 16.0166
55.9574 16.0220
55.9648 16.0274
55.9722 16.0328
55.9797 16.0381
55.9871 16.0435
55.9945 16.0489
56.0019 16.0542
56.0094 16.0596
56.0168 16.0650
56.0242 16.0703
56.0316 16.0757
56.0390 16.0811
56.0464 16.0865
56.0539 16.0918
56.0613 16.0972
56.0687 16.1026
56.0761 16.1080
56.0835 16.1133
56.0909 16.1187
56.0983 16.1241
56.1058 16.1295
56.1132 16.1348
56.1206 16.1402
56.1280 16.1456
56.1354 16.1510
56.1428 16.1563
56.1502 16.1617
56.1576 16.1671
56.1650 16.1725
56.1724 16.1779
56.1798 16.1832
56.1872 16.1886
56.1946 16.1940
56.2020 16.1994
56.2094 16.2048
56.2168 16.2101
56.2242 16.2155
56.2316 16.2209
56.2390 16.2263
56.2464 16.2317
56.2538 16.2371
56.2612 16.2424
56.2686 16.2478
56.2760 16.2532
56.2833 16.2586
56.2907 16.2640
56.2981 16.2694
56.3055 16.2747
56.3129 16.2801
56.3203 16.2855
56.3277 16.2909
56.3350 16.2963
56.3424 16.3017
56.3498 16.3071
56.3572 16.3125
56.3646 16.3178
56.3720 16.3232
56.3793 16.3286
56.3867 16.3340
56.3941 16.3394
56.4015 16.3448
56.4088 16.3502
56.4162 16.3556
56.4236 16.3610
56.4310 16.3664
56.4383 16.3718
56.4457 16.3772
56.4531 16.3825
56.4605 16.3879
56.4678 16.3933
56.4752 16.3987
56.4826 16.4041
56.4899 16.4095
56.4973 16.4149
56.5047 16.4203
56.5120 16.4257
56.5194 16.4311
56.5268 16.4365
56.5341 16.4419
56.5415 16.4473
56.5488 16.4527
56.5562 16.4581
56.5636 16.4635
56.5709 16.4689
56.5783 16.4743
56.5856 16.4797
56.5930 16.4851
56.6003 16.4905
56.6077 16.4959
56.6150 16.5013
56.6224 16.5067
56.6297 16.5121
56.6371 16.5175
56.6444 16.5229
56.6518 16.5283
56.6591 16.5337
56.6665 16.5391
56.6738 16.5445
56.6812 16.5499
56.6885 16.5553
56.6959 16.5607
56.7032 16.5661
56.7106 16.5715
56.7179 16.5770
56.7252 16.5824
56.7326 16.5878
56.7399 16.5932
56.7473 16.5986
56.7546 16.6040
56.7619 16.6094
56.7693 16.6148
56.7766 16.6202
56.7839 16.6256
56.7913 16.6310
56.7986 16.6365
56.8059 16.6419
56.8133 16.6473
56.8206 16.6527
56.8279 16.6581
56.8353 16.6635
56.8426 16.6689
56.8499 16.6743
56.8572 16.6797
56.8646 16.6852
56.8719 16.6906
56.8792 16.6960
56.8865 16.7014
56.8939 16.7068
56.9012 16.7122
56.9085 16.7177
56.9158 16.7231
56.9232 16.7285
56.9305 16.7339
56.9378 16.7393
56.9451 16.7447
56.9524 16.7502
56.9597 16.7556
56.9671 16.7610
56.9744 16.7664
56.9817 16.7718
56.9890 16.7773
56.9963 16.7827
57.0036 16.7881
57.0109 16.7935
57.0182 16.7989
57.0255 16.8044
57.0328 16.8098
57.0402 16.8152
57.0475 16.8206
57.0548 16.8260
57.0621 16.8315
57.0694 16.8369
57.0767 16.8423
57.0840 16.8477
57.0913 16.8532
57.0986 16.8586
57.1059 16.8640
57.1132 16.8694
57.1205 16.8749
57.1278 16.8803
57.1351 16.8857
57.1424 16.8912
57.1497 16.8966
57.1570 16.9020
57.1642 16.9074
57.1715 16.9129
57.1788 16.9183
57.1861 16.9237
57.1934 16.9292
57.2007 16.9346
57.2080 16.9400
57.2153 16.9454
57.2226 16.9509
57.2299 16.9563
57.2371 16.9617
57.2444 16.9672
57.2517 16.9726
57.2590 16.9780
57.2663 16.9835
57.2736 16.9889
57.2808 16.9943
57.2881 16.9998
57.2954 17.0052
57.3027 17.0106
57.3099 17.0161
57.3172 17.0215
57.3245 17.0269
57.3318 17.0324
57.3390 17.0378
57.3463 17.0433
57.3536 17.0487
57.3609 17.0541
57.3681 17.0596
57.3754 17.0650
57.3827 17.0704
57.3899 17.0759
57.3972 17.0813
57.4045 17.0868
57.4117 17.0922
57.4190 17.0976
57.4263 17.1031
57.4335 17.1085
57.4408 17.1140
57.4481 17.1194
57.4553 17.1248
57.4626 17.1303
57.4699 17.1357
57.4771 17.1412
57.4844 17.1466
57.4916 17.1521
57.4989 17.1575
57.5061 17.1629
57.5134 17.1684
57.5207 17.1738
57.5279 17.1793
57.5352 17.1847
57.5424 17.1902
57.5497 17.1956
57.5569 17.2011
57.5642 17.2065
57.5714 17.2120
57.5787 17.2174
57.5859 17.2229
57.5932 17.2283
57.6004 17.2338
57.6076 17.2392
57.6149 17.2446
57.6221 17.2501
57.6294 17.2555
57.6366 17.2610
57.6439 17.2664
57.6511 17.2719
57.6583 17.2774
57.6656 17.2828
57.6728 17.2883
57.6801 17.2937
57.6873 17.2992
57.6945 17.3046
57.7018 17.3101
57.7090 17.3155
57.7162 17.3210
57.7235 17.3264
57.7307 17.3319
57.7379 17.3373
57.7452 17.3428
57.7524 17.3482
57.7596 17.3537
57.7668 17.3592
57.7741 17.3646
57.7813 17.3701
57.7885 17.3755
57.7958 17.3810
57.8030 17.3864
57.8102 17.3919
57.8174 17.3974
57.8246 17.4028
57.8319 17.4083
57.8391 17.4137
57.8463 17.4192
57.8535 17.4246
57.8607 17.4301
57.8680 17.4356
57.8752 17.4410
57.8824 17.4465
57.8896 17.4520
57.8968 17.4574
57.9040 17.4629
57.9113 17.4683
57.9185 17.4738
57.9257 17.4793
57.9329 17.4847
57.9401 17.4902
57.9473 17.4957
57.9545 17.5011
57.9617 17.5066
57.9689 17.5120
57.9761 17.5175
57.9833 17.5230
57.9905 17.5284
57.9977 17.5339
58.0049 17.5394
58.0121 17.5448
58.0194 17.5503
58.0266 17.5558
58.0338 17.5612
58.0410 17.5667
58.0481 17.5722
58.0553 17.5776
58.0625 17.5831
58.0697 17.5886
58.0769 17.5941
58.0841 17.5995
58.0913 17.6050
58.0985 17.6105
58.1057 17.6159
58.1129 17.6214
58.1201 17.6269
58.1273 17.6323
58.1345 17.6378
58.1417 17.6433
58.1488 17.6488
58.1560 17.6542
58.1632 17.6597
58.1704 17.6652
58.1776 17.6707
58.1848 17.6761
58.1920 17.6816
58.1991 17.6871
58.2063 17.6926
58.2135 17.6980
58.2207 17.7035
58.2279 17.7090
58.2350 17.7145
58.2422 17.7199
58.2494 17.7254
58.2566 17.7309
58.2637 17.7364
58.2709 17.7418
58.2781 17.7473
58.2853 17.7528
58.2924 17.7583
58.2996 17.7638
58.3068 17.7692
58.3139 17.7747
58.3211 17.7802
58.3283 17.7857
58.3355 17.7912
58.3426 17.7966
58.3498 17.8021
58.3570 17.8076
58.3641 17.8131
58.3713 17.8186
58.3784 17.8240
58.3856 17.8295
58.3928 17.8350
58.3999 17.8405
58.4071 17.8460
58.4142 17.8515
58.4214 17.8569
58.4286 17.8624
58.4357 17.8679
58.4429 17.8734
58.4500 17.8789
58.4572 17.8844
58.4643 17.8898
58.4715 17.8953
58.4786 17.9008
58.4858 17.9063
58.4930 17.9118
58.5001 17.9173
58.5073 17.9228
58.5144 17.9282
58.5216 17.9337
58.5287 17.9392
58.5358 17.9447
58.5430 17.9502
58.5501 17.9557
58.5573 17.9612
58.5644 17.9667
58.5716 17.9722
58.5787 17.9776
58.5859 17.9831
58.5930 17.9886
58.6001 17.9941
58.6073 17.9996
58.6144 18.0051
58.6215 18.0106
58.6287 18.0161
58.6358 18.0216
58.6430 18.0271
58.6501 18.0326
58.6572 18.0381
58.6644 18.0436
58.6715 18.0490
58.6786 18.0545
58.6858 18.0600
58.6929 18.0655
58.7000 18.0710
58.7071 18.0765
58.7143 18.0820
58.7214 18.0875
58.7285 18.0930
58.7357 18.0985
58.7428 18.1040
58.7499 18.1095
58.7570 18.1150
58.7641 18.1205
58.7713 18.1260
58.7784 18.1315
58.7855 18.1370
58.7926 18.1425
58.7998 18.1480
58.8069 18.1535
58.8140 18.1590
58.8211 18.1645
58.8282 18.1700
58.8353 18.1755
58.8425 18.1810
58.8496 18.1865
58.8567 18.1920
58.8638 18.1975
58.8709 18.2030
58.8780 18.2085
58.8851 18.2140
58.8922 18.2195
58.8993 18.2250
58.9065 18.2305
58.9136 18.2360
58.9207 18.2415
58.9278 18.2470
58.9349 18.2525
58.9420 18.2580
58.9491 18.2635
58.9562 18.2690
58.9633 18.2745
58.9704 18.2800
58.9775 18.2855
58.9846 18.2911
58.9917 18.2966
58.9988 18.3021
59.0059 18.3076
59.0130 18.3131
59.0201 18.3186
59.0272 18.3241
59.0343 18.3296
59.0414 18.3351
59.0485 18.3406
59.0556 18.3461
59.0626 18.3516
59.0697 18.3571
59.0768 18.3627
59.0839 18.3682
59.0910 18.3737
59.0981 18.3792
59.1052 18.3847
59.1123 18.3902
59.1194 18.3957
59.1264 18.4012
59.1335 18.4067
59.1406 18.4123
59.1477 18.4178
59.1548 18.4233
59.1619 18.4288
59.1689 18.4343
59.1760 18.4398
59.1831 18.4453
59.1902 18.4508
59.1973 18.4564
59.2043 18.4619
59.2114 18.4674
59.2185 18.4729
59.2256 18.4784
59.2326 18.4839
59.2397 18.4895
59.2468 18.4950
59.2539 18.5005
59.2609 18.5060
59.2680 18.5115
59.2751 18.5170
59.2821 18.5226
59.2892 18.5281
59.2963 18.5336
59.3034 18.5391
59.3104 18.5446
59.3175 18.5501
59.3246 18.5557
59.3316 18.5612
59.3387 18.5667
59.3457 18.5722
59.3528 18.5777
59.3599 18.5833
59.3669 18.5888
59.3740 18.5943
59.3810 18.5998
59.3881 18.6053
59.3952 18.6109
59.4022 18.6164
59.4093 18.6219
59.4163 18.6274
59.4234 18.6330
59.4304 18.6385
59.4375 18.6440
59.4446 18.6495
59.4516 18.6550
59.4587 18.6606
59.4657 18.6661
59.4728 18.6716
59.4798 18.6771
59.4869 18.6827
59.4939 18.6882
59.5010 18.6937
59.5080 18.6992
59.5150 18.7048
59.5221 18.7103
59.5291 18.7158
59.5362 18.7213
59.5432 18.7269
59.5503 18.7324
59.5573 18.7379
59.5643 18.7435
59.5714 18.7490
59.5784 18.7545
59.5855 18.7600
59.5925 18.7656
59.5995 18.7711
59.6066 18.7766
59.6136 18.7822
59.6206 18.7877
59.6277 18.7932
59.6347 18.7987
59.6418 18.8043
59.6488 18.8098
59.6558 18.8153
59.6628 18.8209
59.6699 18.8264
59.6769 18.8319
59.6839 18.8375
59.6910 18.8430
59.6980 18.8485
59.7050 18.8541
59.7120 18.8596
59.7191 18.8651
59.7261 18.8707
59.7331 18.8762
59.7401 18.8817
59.7472 18.8873
59.7542 18.8928
59.7612 18.8983
59.7682 18.9039
59.7752 18.9094
59.7823 18.9149
59.7893 18.9205
59.7963 18.9260
59.8033 18.9315
59.8103 18.9371
59.8173 18.9426
59.8244 18.9481
59.8314 18.9537
59.8384 18.9592
59.8454 18.9647
59.8524 18.9703
59.8594 18.9758
59.8664 18.9814
59.8734 18.9869
59.8805 18.9924
59.8875 18.9980
59.8945 19.0035
59.9015 19.0091
59.9085 19.0146
59.9155 19.0201
59.9225 19.0257
59.9295 19.0312
59.9365 19.0368
59.9435 19.0423
59.9505 19.0478
59.9575 19.0534
59.9645 19.0589
59.9715 19.0645
59.9785 19.0700
59.9855 19.0755
59.9925 19.0811
59.9995 19.0866
60.0065 19.0922
60.0135 19.0977
60.0205 19.1033
60.0275 19.1088
60.0345 19.1143
60.0415 19.1199
60.0485 19.1254
60.0555 19.1310
60.0624 19.1365
60.0694 19.1421
60.0764 19.1476
60.0834 19.1531
60.0904 19.1587
60.0974 19.1642
60.1044 19.1698
60.1114 19.1753
60.1183 19.1809
60.1253 19.1864
60.1323 19.1920
60.1393 19.1975
60.1463 19.2031
60.1533 19.2086
60.1602 19.2142
60.1672 19.2197
60.1742 19.2253
60.1812 19.2308
60.1882 19.2364
60.1951 19.2419
60.2021 19.2474
60.2091 19.2530
60.2161 19.2585
60.2230 19.2641
60.2300 19.2696
60.2370 19.2752
60.2440 19.2807
60.2509 19.2863
60.2579 19.2918
60.2649 19.2974
60.2718 19.3029
60.2788 19.3085
60.2858 19.3140
60.2928 19.3196
60.2997 19.3252
60.3067 19.3307
60.3137 19.3363
60.3206 19.3418
60.3276 19.3474
60.3345 19.3529
60.3415 19.3585
60.3485 19.3640
60.3554 19.3696
60.3624 19.3751
60.3694 19.3807
60.3763 19.3862
60.3833 19.3918
60.3902 19.3973
60.3972 19.4029
60.4041 19.4085
60.4111 19.4140
60.4181 19.4196
60.4250 19.4251
60.4320 19.4307
60.4389 19.4362
60.4459 19.4418
60.4528 19.4473
60.4598 19.4529
60.4667 19.4585
60.4737 19.4640
60.4806 19.4696
60.4876 19.4751
60.4945 19.4807
60.5015 19.4863
60.5084 19.4918
60.5154 19.4974
60.5223 19.5029
60.5293 19.5085
60.5362 19.5140
60.5431 19.5196
60.5501 19.5252
60.5570 19.5307
60.5640 19.5363
60.5709 19.5418
60.5779 19.5474
60.5848 19.5530
60.5917 19.5585
60.5987 19.5641
60.6056 19.5696
60.6125 19.5752
60.6195 19.5808
60.6264 19.5863
60.6333 19.5919
60.6403 19.5975
60.6472 19.6030
60.6541 19.6086
60.6611 19.6141
60.6680 19.6197
60.6749 19.6253
60.6819 19.6308
60.6888 19.6364
60.6957 19.6420
60.7027 19.6475
60.7096 19.6531
60.7165 19.6587
60.7234 19.6642
60.7304 19.6698
60.7373 19.6754
60.7442 19.6809
60.7511 19.6865
60.7581 19.6920
60.7650 19.6976
60.7719 19.7032
60.7788 19.7087
60.7857 19.7143
60.7927 19.7199
60.7996 19.7254
60.8065 19.7310
60.8134 19.7366
60.8203 19.7422
60.8272 19.7477
60.8342 19.7533
60.8411 19.7589
60.8480 19.7644
60.8549 19.7700
60.8618 19.7756
60.8687 19.7811
60.8756 19.7867
60.8825 19.7923
60.8895 19.7978
60.8964 19.8034
60.9033 19.8090
60.9102 19.8145
60.9171 19.8201
60.9240 19.8257
60.9309 19.8313
60.9378 19.8368
60.9447 19.8424
60.9516 19.8480
60.9585 19.8535
60.9654 19.8591
60.9723 19.8647
60.9792 19.8703
60.9861 19.8758
60.9930 19.8814
60.9999 19.8870
61.0068 19.8926
61.0137 19.8981
61.0206 19.9037
61.0275 19.9093
61.0344 19.9148
61.0413 19.9204
61.0482 19.9260
61.0551 19.9316
61.0620 19.9371
61.0689 19.9427
61.0758 19.9483
61.0827 19.9539
61.0896 19.9594
61.0964 19.9650
61.1033 19.9706
61.1102 19.9762
61.1171 19.9817
61.1240 19.9873
61.1309 19.9929
61.1378 19.9985
61.1447 20.0040
61.1515 20.0096
61.1584 20.0152
61.1653 20.0208
61.1722 20.0264
61.1791 20.0319
61.1860 20.0375
61.1928 20.0431
61.1997 20.0487
61.2066 20.0542
61.2135 20.0598
61.2204 20.0654
61.2272 20.0710
61.2341 20.0766
61.2410 20.0821
61.2479 20.0877
61.2547 20.0933
61.2616 20.0989
61.2685 20.1045
61.2754 20.1100
61.2822 20.1156
61.2891 20.1212
61.2960 20.1268
61.3028 20.1324
61.3097 20.1379
61.3166 20.1435
61.3234 20.1491
61.3303 20.1547
61.3372 20.1603
61.3440 20.1659
61.3509 20.1714
61.3578 20.1770
61.3646 20.1826
61.3715 20.1882
61.3784 20.1938
61.3852 20.1993
61.3921 20.2049
61.3990 20.2105
61.4058 20.2161
61.4127 20.2217
61.4195 20.2273
61.4264 20.2328
61.4332 20.2384
61.4401 20.2440
61.4470 20.2496
61.4538 20.2552
61.4607 20.2608
61.4675 20.2664
61.4744 20.2719
61.4812 20.2775
61.4881 20.2831
61.4949 20.2887
61.5018 20.2943
61.5086 20.2999
61.5155 20.3055
61.5223 20.3110
61.5292 20.3166
61.5360 20.3222
61.5429 20.3278
61.5497 20.3334
61.5566 20.3390
61.5634 20.3446
61.5703 20.3502
61.5771 20.3557
61.5840 20.3613
61.5908 20.3669
61.5976 20.3725
61.6045 20.3781
61.6113 20.3837
61.6182 20.3893
61.6250 20.3949
61.6318 20.4004
61.6387 20.4060
61.6455 20.4116
61.6524 20.4172
61.6592 20.4228
61.6660 20.4284
61.6729 20.4340
61.6797 20.4396
61.6865 20.4452
61.6934 20.4508
61.7002 20.4563
61.7070 20.4619
61.7139 20.4675
61.7207 20.4731
61.7275 20.4787
61.7343 20.4843
61.7412 20.4899
61.7480 20.4955
61.7548 20.5011
61.7617 20.5067
61.7685 20.5123
61.7753 20.5179
61.7821 20.5234
61.7890 20.5290
61.7958 20.5346
61.8026 20.5402
61.8094 20.5458
61.8163 20.5514
61.8231 20.5570
61.8299 20.5626
61.8367 20.5682
61.8435 20.5738
61.8503 20.5794
61.8572 20.5850
61.8640 20.5906
61.8708 20.5962
61.8776 20.6018
61.8844 20.6074
61.8912 20.6129
61.8981 20.6185
61.9049 20.6241
61.9117 20.6297
61.9185 20.6353
61.9253 20.6409
61.9321 20.6465
61.9389 20.6521
61.9457 20.6577
61.9526 20.6633
61.9594 20.6689
61.9662 20.6745
61.9730 20.6801
61.9798 20.6857
61.9866 20.6913
61.9934 20.6969
62.0002 20.7025
62.0070 20.7081
62.0138 20.7137
62.0206 20.7193
62.0274 20.7249
62.0342 20.7305
62.0410 20.7361
62.0478 20.7417
62.0546 20.7473
62.0614 20.7529
62.0682 20.7585
62.0750 20.7641
62.0818 20.7697
62.0886 20.7753
62.0954 20.7809
62.1022 20.7865
62.1090 20.7921
62.1158 20.7977
62.1226 20.8033
62.1294 20.8089
62.1362 20.8145
62.1429 20.8201
62.1497 20.8257
62.1565 20.8313
62.1633 20.8369
62.1701 20.8425
62.1769 20.8481
62.1837 20.8537
62.1905 20.8593
62.1973 20.8649
62.2040 20.8705
62.2108 20.8761
62.2176 20.8817
62.2244 20.8873
62.2312 20.8929
62.2380 20.8985
62.2447 20.9041
62.2515 20.9097
62.2583 20.9153
62.2651 20.9209
62.2719 20.9265
62.2786 20.9321
62.2854 20.9377
62.2922 20.9433
62.2990 20.9489
62.3058 20.9545
62.3125 20.9601
62.3193 20.9657
62.3261 20.9713
62.3329 20.9769
62.3396 20.9826
62.3464 20.9882
62.3532 20.9938
62.3599 20.9994
62.3667 21.0050
62.3735 21.0106
62.3803 21.0162
62.3870 21.0218
62.3938 21.0274
62.4006 21.0330
62.4073 21.0386
62.4141 21.0442
62.4209 21.0498
62.4276 21.0554
62.4344 21.0610
62.4412 21.0666
62.4479 21.0722
62.4547 21.0779
62.4615 21.0835
62.4682 21.0891
62.4750 21.0947
62.4817 21.1003
62.4885 21.1059
62.4953 21.1115
62.5020 21.1171
62.5088 21.1227
62.5155 21.1283
62.5223 21.1339
62.5290 21.1395
62.5358 21.1451
62.5426 21.1508
62.5493 21.1564
62.5561 21.1620
62.5628 21.1676
62.5696 21.1732
62.5763 21.1788
62.5831 21.1844
62.5898 21.1900
62.5966 21.1956
62.6033 21.2012
62.6101 21.2069
62.6168 21.2125
62.6236 21.2181
62.6303 21.2237
62.6371 21.2293
62.6438 21.2349
62.6506 21.2405
62.6573 21.2461
62.6640 21.2517
62.6708 21.2573
62.6775 21.2630
62.6843 21.2686
62.6910 21.2742
62.6978 21.2798
62.7045 21.2854
62.7112 21.2910
62.7180 21.2966
62.7247 21.3022
62.7315 21.3079
62.7382 21.3135
62.7449 21.3191
62.7517 21.3247
62.7584 21.3303
62.7651 21.3359
62.7719 21.3415
62.7786 21.3471
62.7853 21.3528
62.7921 21.3584
62.7988 21.3640
62.8055 21.3696
62.8123 21.3752
62.8190 21.3808
62.8257 21.3864
62.8325 21.3921
62.8392 21.3977
62.8459 21.4033
62.8526 21.4089
62.8594 21.4145
62.8661 21.4201
62.8728 21.4257
62.8795 21.4314
62.8863 21.4370
62.8930 21.4426
62.8997 21.4482
62.9064 21.4538
62.9132 21.4594
62.9199 21.4650
62.9266 21.4707
62.9333 21.4763
62.9400 21.4819
62.9468 21.4875
62.9535 21.4931
62.9602 21.4987
62.9669 21.5044
62.9736 21.5100
62.9803 21.5156
62.9871 21.5212
62.9938 21.5268
63.0005 21.5324
63.0072 21.5381
63.0139 21.5437
63.0206 21.5493
63.0273 21.5549
63.0340 21.5605
63.0408 21.5661
63.0475 21.5718
63.0542 21.5774
63.0609 21.5830
63.0676 21.5886
63.0743 21.5942
63.0810 21.5999
63.0877 21.6055
63.0944 21.6111
63.1011 21.6167
63.1078 21.6223
63.1145 21.6280
63.1212 21.6336
63.1279 21.6392
63.1346 21.6448
63.1413 21.6504
63.1480 21.6560
63.1547 21.6617
63.1614 21.6673
63.1681 21.6729
63.1748 21.6785
63.1815 21.6841
63.1882 21.6898
63.1949 21.6954
63.2016 21.7010
63.2083 21.7066
63.2150 21.7122
63.2217 21.7179
63.2284 21.7235
63.2351 21.7291
63.2418 21.7347
63.2485 21.7403
63.2552 21.7460
63.2619 21.7516
63.2686 21.7572
63.2753 21.7628
63.2819 21.7685
63.2886 21.7741
63.2953 21.7797
63.3020 21.7853
63.3087 21.7909
63.3154 21.7966
63.3221 21.8022
63.3288 21.8078
63.3354 21.8134
63.3421 21.8190
63.3488 21.8247
63.3555 21.8303
63.3622 21.8359
63.3689 21.8415
63.3755 21.8472
63.3822 21.8528
63.3889 21.8584
63.3956 21.8640
63.4023 21.8697
63.4089 21.8753
63.4156 21.8809
63.4223 21.8865
63.4290 21.8921
63.4356 21.8978
63.4423 21.9034
63.4490 21.9090
63.4557 21.9146
63.4623 21.9203
63.4690 21.9259
63.4757 21.9315
63.4824 21.9371
63.4890 21.9428
63.4957 21.9484
63.5024 21.9540
63.5090 21.9596
63.5157 21.9653
63.5224 21.9709
63.5290 21.9765
63.5357 21.9821
63.5424 21.9878
63.5490 21.9934
63.5557 21.9990
63.5624 22.0046
63.5690 22.0103
63.5757 22.0159
63.5824 22.0215
63.5890 22.0271
63.5957 22.0328
63.6023 22.0384
63.6090 22.0440
63.6157 22.0496
63.6223 22.0553
63.6290 22.0609
63.6356 22.0665
63.6423 22.0721
63.6490 22.0778
63.6556 22.0834
63.6623 22.0890
63.6689 22.0946
63.6756 22.1003
63.6822 22.1059
63.6889 22.1115
63.6955 22.1171
63.7022 22.1228
63.7089 22.1284
63.7155 22.1340
63.7222 22.1397
63.7288 22.1453
63.7355 22.1509
63.7421 22.1565
63.7488 22.1622
63.7554 22.1678
63.7621 22.1734
63.7687 22.1790
63.7753 22.1847
63.7820 22.1903
63.7886 22.1959
63.7953 22.2016
63.8019 22.2072
63.8086 22.2128
63.8152 22.2184
63.8219 22.2241
63.8285 22.2297
63.8351 22.2353
63.8418 22.2410
63.8484 22.2466
63.8551 22.2522
63.8617 22.2578
63.8683 22.2635
63.8750 22.2691
63.8816 22.2747
63.8883 22.2804
63.8949 22.2860
63.9015 22.2916
63.9082 22.2972
63.9148 22.3029
63.9214 22.3085
63.9281 22.3141
63.9347 22.3198
63.9413 22.3254
63.9480 22.3310
63.9546 22.3367
63.9612 22.3423
63.9679 22.3479
63.9745 22.3535
63.9811 22.3592
63.9877 22.3648
63.9944 22.3704
64.0010 22.3761
64.0076 22.3817
64.0142 22.3873
64.0209 22.3930
64.0275 22.3986
64.0341 22.4042
64.0407 22.4098
64.0474 22.4155
64.0540 22.4211
64.0606 22.4267
64.0672 22.4324
64.0739 22.4380
64.0805 22.4436
64.0871 22.4493
64.0937 22.4549
64.1003 22.4605
64.1070 22.4662
64.1136 22.4718
64.1202 22.4774
64.1268 22.4831
64.1334 22.4887
64.1400 22.4943
64.1467 22.5000
64.1533 22.5056
64.1599 22.5112
64.1665 22.5168
64.1731 22.5225
64.1797 22.5281
64.1863 22.5337
64.1930 22.5394
64.1996 22.5450
64.2062 22.5506
64.2128 22.5563
64.2194 22.5619
64.2260 22.5675
64.2326 22.5732
64.2392 22.5788
64.2458 22.5844
64.2524 22.5901
64.2590 22.5957
64.2656 22.6013
64.2722 22.6070
64.2789 22.6126
64.2855 22.6182
64.2921 22.6239
64.2987 22.6295
64.3053 22.6351
64.3119 22.6408
64.3185 22.6464
64.3251 22.6520
64.3317 22.6577
64.3383 22.6633
64.3449 22.6689
64.3515 22.6746
64.3581 22.6802
64.3647 22.6858
64.3713 22.6915
64.3778 22.6971
64.3844 22.7027
64.3910 22.7084
64.3976 22.7140
64.4042 22.7196
64.4108 22.7253
64.4174 22.7309
64.4240 22.7365
64.4306 22.7422
64.4372 22.7478
64.4438 22.7534
64.4504 22.7591
64.4570 22.7647
64.4635 22.7704
64.4701 22.7760
64.4767 22.7816
64.4833 22.7873
64.4899 22.7929
64.4965 22.7985
64.5031 22.8042
64.5097 22.8098
64.5162 22.8154
64.5228 22.8211
64.5294 22.8267
64.5360 22.8323
64.5426 22.8380
64.5492 22.8436
64.5557 22.8492
64.5623 22.8549
64.5689 22.8605
64.5755 22.8661
64.5821 22.8718
64.5886 22.8774
64.5952 22.8831
64.6018 22.8887
64.6084 22.8943
64.6149 22.9000
64.6215 22.9056
64.6281 22.9112
64.6347 22.9169
64.6412 22.9225
64.6478 22.9281
64.6544 22.9338
64.6610 22.9394
64.6675 22.9450
64.6741 22.9507
64.6807 22.9563
64.6873 22.9620
64.6938 22.9676
64.7004 22.9732
64.7070 22.9789
64.7135 22.9845
64.7201 22.9901
64.7267 22.9958
64.7332 23.0014
64.7398 23.0070
64.7464 23.0127
64.7529 23.0183
64.7595 23.0240
64.7661 23.0296
64.7726 23.0352
64.7792 23.0409
64.7857 23.0465
64.7923 23.0521
64.7989 23.0578
64.8054 23.0634
64.8120 23.0691
64.8185 23.0747
64.8251 23.0803
64.8317 23.0860
64.8382 23.0916
64.8448 23.0972
64.8513 23.1029
64.8579 23.1085
64.8645 23.1141
64.8710 23.1198
64.8776 23.1254
64.8841 23.1311
64.8907 23.1367
64.8972 23.1423
64.9038 23.1480
64.9103 23.1536
64.9169 23.1592
64.9234 23.1649
64.9300 23.1705
64.9365 23.1762
64.9431 23.1818
64.9496 23.1874
64.9562 23.1931
64.9627 23.1987
64.9693 23.2043
64.9758 23.2100
64.9824 23.2156
64.9889 23.2213
64.9955 23.2269
65.0020 23.2325
65.0086 23.2382
65.0151 23.2438
65.0216 23.2494
65.0282 23.2551
65.0347 23.2607
65.0413 23.2664
65.0478 23.2720
65.0543 23.2776
65.0609 23.2833
65.0674 23.2889
65.0740 23.2946
65.0805 23.3002
65.0870 23.3058
65.0936 23.3115
65.1001 23.3171
65.1067 23.3227
65.1132 23.3284
65.1197 23.3340
65.1263 23.3397
65.1328 23.3453
65.1393 23.3509
65.1459 23.3566
65.1524 23.3622
65.1589 23.3678
65.1655 23.3735
65.1720 23.3791
65.1785 23.3848
65.1851 23.3904
65.1916 23.3960
65.1981 23.4017
65.2046 23.4073
65.2112 23.4130
65.2177 23.4186
65.2242 23.4242
65.2308 23.4299
65.2373 23.4355
65.2438 23.4411
65.2503 23.4468
65.2569 23.4524
65.2634 23.4581
65.2699 23.4637
65.2764 23.4693
65.2829 23.4750
65.2895 23.4806
65.2960 23.4863
65.3025 23.4919
65.3090 23.4975
65.3155 23.5032
65.3221 23.5088
65.3286 23.5144
65.3351 23.5201
65.3416 23.5257
65.3481 23.5314
65.3547 23.5370
65.3612 23.5426
65.3677 23.5483
65.3742 23.5539
65.3807 23.5596
65.3872 23.5652
65.3937 23.5708
65.4003 23.5765
65.4068 23.5821
65.4133 23.5878
65.4198 23.5934
65.4263 23.5990
65.4328 23.6047
65.4393 23.6103
65.4458 23.6159
65.4524 23.6216
65.4589 23.6272
65.4654 23.6329
65.4719 23.6385
65.4784 23.6441
65.4849 23.6498
65.4914 23.6554
65.4979 23.6611
65.5044 23.6667
65.5109 23.6723
65.5174 23.6780
65.5239 23.6836
65.5304 23.6893
65.5369 23.6949
65.5434 23.7005
65.5499 23.7062
65.5564 23.7118
65.5629 23.7175
65.5694 23.7231
65.5759 23.7287
65.5824 23.7344
65.5889 23.7400
65.5954 23.7456
65.6019 23.7513
65.6084 23.7569
65.6149 23.7626
65.6214 23.7682
65.6279 23.7738
65.6344 23.7795
65.6409 23.7851
65.6474 23.7908
65.6539 23.7964
65.6604 23.8020
65.6669 23.8077
65.6734 23.8133
65.6799 23.8190
65.6863 23.8246
65.6928 23.8302
65.6993 23.8359
65.7058 23.8415
65.7123 23.8472
65.7188 23.8528
65.7253 23.8584
65.7318 23.8641
65.7383 23.8697
65.7447 23.8754
65.7512 23.8810
65.7577 23.8866
65.7642 23.8923
65.7707 23.8979
65.7772 23.9036
65.7837 23.9092
65.7901 23.9148
65.7966 23.9205
65.8031 23.9261
65.8096 23.9317
65.8161 23.9374
65.8225 23.9430
65.8290 23.9487
65.8355 23.9543
65.8420 23.9599
65.8485 23.9656
65.8549 23.9712
65.8614 23.9769
65.8679 23.9825
65.8744 23.9881
65.8808 23.9938
65.8873 23.9994
65.8938 24.0051
65.9003 24.0107
65.9067 24.0163
65.9132 24.0220
65.9197 24.0276
65.9262 24.0333
65.9326 24.0389
65.9391 24.0445
65.9456 24.0502
65.9521 24.0558
65.9585 24.0614
65.9650 24.0671
65.9715 24.0727
65.9779 24.0784
65.9844 24.0840
65.9909 24.0896
65.9973 24.0953
66.0038 24.1009
66.0103 24.1066
66.0167 24.1122
66.0232 24.1178
66.0297 24.1235
66.0361 24.1291
66.0426 24.1348
66.0491 24.1404
66.0555 24.1460
66.0620 24.1517
66.0684 24.1573
66.0749 24.1630
66.0814 24.1686
66.0878 24.1742
66.0943 24.1799
66.1007 24.1855
66.1072 24.1911
66.1137 24.1968
66.1201 24.2024
66.1266 24.2081
66.1330 24.2137
66.1395 24.2193
66.1460 24.2250
66.1524 24.2306
66.1589 24.2363
66.1653 24.2419
66.1718 24.2475
66.1782 24.2532
66.1847 24.2588
66.1911 24.2644
66.1976 24.2701
66.2040 24.2757
66.2105 24.2814
66.2169 24.2870
66.2234 24.2926
66.2298 24.2983
66.2363 24.3039
66.2427 24.3096
66.2492 24.3152
66.2556 24.3208
66.2621 24.3265
66.2685 24.3321
66.2750 24.3377
66.2814 24.3434
66.2879 24.3490
66.2943 24.3547
66.3008 24.3603
66.3072 24.3659
66.3136 24.3716
66.3201 24.3772
66.3265 24.3829
66.3330 24.3885
66.3394 24.3941
66.3458 24.3998
66.3523 24.4054
66.3587 24.4110
66.3652 24.4167
66.3716 24.4223
66.3780 24.4280
66.3845 24.4336
66.3909 24.4392
66.3974 24.4449
66.4038 24.4505
66.4102 24.4561
66.4167 24.4618
66.4231 24.4674
66.4295 24.4731
66.4360 24.4787
66.4424 24.4843
66.4488 24.4900
66.4553 24.4956
66.4617 24.5012
66.4681 24.5069
66.4746 24.5125
66.4810 24.5182
66.4874 24.5238
66.4939 24.5294
66.5003 24.5351
66.5067 24.5407
66.5131 24.5463
66.5196 24.5520
66.5260 24.5576
66.5324 24.5632
66.5389 24.5689
66.5453 24.5745
66.5517 24.5802
66.5581 24.5858
66.5646 24.5914
66.5710 24.5971
66.5774 24.6027
66.5838 24.6083
66.5903 24.6140
66.5967 24.6196
66.6031 24.6253
66.6095 24.6309
66.6159 24.6365
66.6224 24.6422
66.6288 24.6478
66.6352 24.6534
66.6416 24.6591
66.6480 24.6647
66.6545 24.6703
66.6609 24.6760
66.6673 24.6816
66.6737 24.6873
66.6801 24.6929
66.6865 24.6985
66.6930 24.7042
66.6994 24.7098
66.7058 24.7154
66.7122 24.7211
66.7186 24.7267
66.7250 24.7323
66.7314 24.7380
66.7378 24.7436
66.7443 24.7492
66.7507 24.7549
66.7571 24.7605
66.7635 24.7661
66.7699 24.7718
66.7763 24.7774
66.7827 24.7831
66.7891 24.7887
66.7955 24.7943
66.8019 24.8000
66.8083 24.8056
66.8148 24.8112
66.8212 24.8169
66.8276 24.8225
66.8340 24.8281
66.8404 24.8338
66.8468 24.8394
66.8532 24.8450
66.8596 24.8507
66.8660 24.8563
66.8724 24.8619
66.8788 24.8676
66.8852 24.8732
66.8916 24.8788
66.8980 24.8845
66.9044 24.8901
66.9108 24.8958
66.9172 24.9014
66.9236 24.9070
66.9300 24.9127
66.9364 24.9183
66.9428 24.9239
66.9492 24.9296
66.9556 24.9352
66.9620 24.9408
66.9684 24.9465
66.9748 24.9521
66.9812 24.9577
66.9876 24.9634
66.9940 24.9690
67.0003 24.9746
67.0067 24.9803
67.0131 24.9859
67.0195 24.9915
67.0259 24.9972
67.0323 25.0028
67.0387 25.0084
67.0451 25.0141
67.0515 25.0197
67.0579 25.0253
67.0643 25.0310
67.0706 25.0366
67.0770 25.0422
67.0834 25.0479
67.0898 25.0535
67.0962 25.0591
67.1026 25.0648
67.1090 25.0704
67.1153 25.0760
67.1217 25.0817
67.1281 25.0873
67.1345 25.0929
67.1409 25.0986
67.1473 25.1042
67.1536 25.1098
67.1600 25.1154
67.1664 25.1211
67.1728 25.1267
67.1792 25.1323
67.1855 25.1380
67.1919 25.1436
67.1983 25.1492
67.2047 25.1549
67.2111 25.1605
67.2174 25.1661
67.2238 25.1718
67.2302 25.1774
67.2366 25.1830
67.2430 25.1887
67.2493 25.1943
67.2557 25.1999
67.2621 25.2056
67.2685 25.2112
67.2748 25.2168
67.2812 25.2224
67.2876 25.2281
67.2939 25.2337
67.3003 25.2393
67.3067 25.2450
67.3131 25.2506
67.3194 25.2562
67.3258 25.2619
67.3322 25.2675
67.3385 25.2731
67.3449 25.2788
67.3513 25.2844
67.3576 25.2900
67.3640 25.2956
67.3704 25.3013
67.3767 25.3069
67.3831 25.3125
67.3895 25.3182
67.3958 25.3238
67.4022 25.3294
67.4086 25.3351
67.4149 25.3407
67.4213 25.3463
67.4277 25.3519
67.4340 25.3576
67.4404 25.3632
67.4468 25.3688
67.4531 25.3745
67.4595 25.3801
67.4658 25.3857
67.4722 25.3913
67.4786 25.3970
67.4849 25.4026
67.4913 25.4082
67.4976 25.4139
67.5040 25.4195
67.5103 25.4251
67.5167 25.4307
67.5231 25.4364
67.5294 25.4420
67.5358 25.4476
67.5421 25.4533
67.5485 25.4589
67.5548 25.4645
67.5612 25.4701
67.5675 25.4758
67.5739 25.4814
67.5802 25.4870
67.5866 25.4927
67.5930 25.4983
67.5993 25.5039
67.6057 25.5095
67.6120 25.5152
67.6184 25.5208
67.6247 25.5264
67.6311 25.5320
67.6374 25.5377
67.6438 25.5433
67.6501 25.5489
67.6564 25.5546
67.6628 25.5602
67.6691 25.5658
67.6755 25.5714
67.6818 25.5771
67.6882 25.5827
67.6945 25.5883
67.7009 25.5939
67.7072 25.5996
67.7136 25.6052
67.7199 25.6108
67.7262 25.6164
67.7326 25.6221
67.7389 25.6277
67.7453 25.6333
67.7516 25.6389
67.7579 25.6446
67.7643 25.6502
67.7706 25.6558
67.7770 25.6614
67.7833 25.6671
67.7896 25.6727
67.7960 25.6783
67.8023 25.6839
67.8087 25.6896
67.8150 25.6952
67.8213 25.7008
67.8277 25.7064
67.8340 25.7121
67.8403 25.7177
67.8467 25.7233
67.8530 25.7289
67.8593 25.7346
67.8657 25.7402
67.8720 25.7458
67.8783 25.7514
67.8847 25.7571
67.8910 25.7627
67.8973 25.7683
67.9037 25.7739
67.9100 25.7795
67.9163 25.7852
67.9226 25.7908
67.9290 25.7964
67.9353 25.8020
67.9416 25.8077
67.9480 25.8133
67.9543 25.8189
67.9606 25.8245
67.9669 25.8302
67.9733 25.8358
67.9796 25.8414
67.9859 25.8470
67.9922 25.8526
67.9986 25.8583
68.0049 25.8639
68.0112 25.8695
68.0175 25.8751
68.0239 25.8807
68.0302 25.8864
68.0365 25.8920
68.0428 25.8976
68.0491 25.9032
68.0555 25.9089
68.0618 25.9145
68.0681 25.9201
68.0744 25.9257
68.0807 25.9313
68.0871 25.9370
68.0934 25.9426
68.0997 25.9482
68.1060 25.9538
68.1123 25.9594
68.1186 25.9651
68.1250 25.9707
68.1313 25.9763
68.1376 25.9819
68.1439 25.9875
68.1502 25.9931
68.1565 25.9988
68.1628 26.0044
68.1692 26.0100
68.1755 26.0156
68.1818 26.0212
68.1881 26.0269
68.1944 26.0325
68.2007 26.0381
68.2070 26.0437
68.2133 26.0493
68.2196 26.0550
68.2259 26.0606
68.2323 26.0662
68.2386 26.0718
68.2449 26.0774
68.2512 26.0830
68.2575 26.0887
68.2638 26.0943
68.2701 26.0999
68.2764 26.1055
68.2827 26.1111
68.2890 26.1167
68.2953 26.1224
68.3016 26.1280
68.3079 26.1336
68.3142 26.1392
68.3205 26.1448
68.3268 26.1504
68.3331 26.1561
68.3394 26.1617
68.3457 26.1673
68.3520 26.1729
68.3583 26.1785
68.3646 26.1841
68.3709 26.1898
68.3772 26.1954
68.3835 26.2010
68.3898 26.2066
68.3961 26.2122
68.4024 26.2178
68.4087 26.2234
68.4150 26.2291
68.4213 26.2347
68.4276 26.2403
68.4339 26.2459
68.4402 26.2515
68.4465 26.2571
68.4528 26.2627
68.4591 26.2684
68.4654 26.2740
68.4717 26.2796
68.4780 26.2852
68.4843 26.2908
68.4905 26.2964
68.4968 26.3020
68.5031 26.3076
68.5094 26.3133
68.5157 26.3189
68.5220 26.3245
68.5283 26.3301
68.5346 26.3357
68.5409 26.3413
68.5471 26.3469
68.5534 26.3525
68.5597 26.3582
68.5660 26.3638
68.5723 26.3694
68.5786 26.3750
68.5849 26.3806
68.5912 26.3862
68.5974 26.3918
68.6037 26.3974
68.6100 26.4031
68.6163 26.4087
68.6226 26.4143
68.6289 26.4199
68.6351 26.4255
68.6414 26.4311
68.6477 26.4367
68.6540 26.4423
68.6603 26.4479
68.6665 26.4535
68.6728 26.4592
68.6791 26.4648
68.6854 26.4704
68.6917 26.4760
68.6979 26.4816
68.7042 26.4872
68.7105 26.4928
68.7168 26.4984
68.7231 26.5040
68.7293 26.5096
68.7356 26.5152
68.7419 26.5209
68.7482 26.5265
68.7544 26.5321
68.7607 26.5377
68.7670 26.5433
68.7733 26.5489
68.7795 26.5545
68.7858 26.5601
68.7921 26.5657
68.7983 26.5713
68.8046 26.5769
68.8109 26.5825
68.8172 26.5881
68.8234 26.5937
68.8297 26.5994
68.8360 26.6050
68.8422 26.6106
68.8485 26.6162
68.8548 26.6218
68.8610 26.6274
68.8673 26.6330
68.8736 26.6386
68.8798 26.6442
68.8861 26.6498
68.8924 26.6554
68.8986 26.6610
68.9049 26.6666
68.9112 26.6722
68.9174 26.6778
68.9237 26.6834
68.9300 26.6890
68.9362 26.6946
68.9425 26.7003
68.9488 26.7059
68.9550 26.7115
68.9613 26.7171
68.9675 26.7227
68.9738 26.7283
68.9801 26.7339
68.9863 26.7395
68.9926 26.7451
68.9988 26.7507
69.0051 26.7563
69.0114 26.7619
69.0176 26.7675
69.0239 26.7731
69.0301 26.7787
69.0364 26.7843
69.0426 26.7899
69.0489 26.7955
69.0552 26.8011
69.0614 26.8067
69.0677 26.8123
69.0739 26.8179
69.0802 26.8235
69.0864 26.8291
69.0927 26.8347
69.0989 26.8403
69.1052 26.8459
69.1114 26.8515
69.1177 26.8571
69.1239 26.8627
69.1302 26.8683
69.1365 26.8739
69.1427 26.8795
69.1490 26.8851
69.1552 26.8907
69.1615 26.8963
69.1677 26.9019
69.1739 26.9075
69.1802 26.9131
69.1864 26.9187
69.1927 26.9243
69.1989 26.9299
69.2052 26.9355
69.2114 26.9411
69.2177 26.9467
69.2239 26.9523
69.2302 26.9579
69.2364 26.9635
69.2427 26.9691
69.2489 26.9747
69.2551 26.9803
69.2614 26.9859
69.2676 26.9915
69.2739 26.9971
69.2801 27.0027
69.2864 27.0083
69.2926 27.0139
69.2988 27.0194
69.3051 27.0250
69.3113 27.0306
69.3176 27.0362
69.3238 27.0418
69.3300 27.0474
69.3363 27.0530
69.3425 27.0586
69.3488 27.0642
69.3550 27.0698
69.3612 27.0754
69.3675 27.0810
69.3737 27.0866
69.3799 27.0922
69.3862 27.0978
69.3924 27.1034
69.3986 27.1090
69.4049 27.1146
69.4111 27.1201
69.4173 27.1257
69.4236 27.1313
69.4298 27.1369
69.4360 27.1425
69.4423 27.1481
69.4485 27.1537
69.4547 27.1593
69.4610 27.1649
69.4672 27.1705
69.4734 27.1761
69.4797 27.1817
69.4859 27.1872
69.4921 27.1928
69.4983 27.1984
69.5046 27.2040
69.5108 27.2096
69.5170 27.2152
69.5233 27.2208
69.5295 27.2264
69.5357 27.2320
69.5419 27.2376
69.5482 27.2431
69.5544 27.2487
69.5606 27.2543
69.5668 27.2599
69.5731 27.2655
69.5793 27.2711
69.5855 27.2767
69.5917 27.2823
69.5980 27.2879
69.6042 27.2934
69.6104 27.2990
69.6166 27.3046
69.6228 27.3102
69.6291 27.3158
69.6353 27.3214
69.6415 27.3270
69.6477 27.3326
69.6539 27.3381
69.6602 27.3437
69.6664 27.3493
69.6726 27.3549
69.6788 27.3605
69.6850 27.3661
69.6913 27.3717
69.6975 27.3772
69.7037 27.3828
69.7099 27.3884
69.7161 27.3940
69.7223 27.3996
69.7285 27.4052
69.7348 27.4107
69.7410 27.4163
69.7472 27.4219
69.7534 27.4275
69.7596 27.4331
69.7658 27.4387
69.7720 27.4442
69.7783 27.4498
69.7845 27.4554
69.7907 27.4610
69.7969 27.4666
69.8031 27.4722
69.8093 27.4777
69.8155 27.4833
69.8217 27.4889
69.8279 27.4945
69.8341 27.5001
69.8404 27.5057
69.8466 27.5112
69.8528 27.5168
69.8590 27.5224
69.8652 27.5280
69.8714 27.5336
69.8776 27.5391
69.8838 27.5447
69.8900 27.5503
69.8962 27.5559
69.9024 27.5615
69.9086 27.5670
69.9148 27.5726
69.9210 27.5782
69.9272 27.5838
69.9334 27.5893
69.9396 27.5949
69.9458 27.6005
69.9520 27.6061
69.9582 27.6117
69.9644 27.6172
69.9706 27.6228
69.9768 27.6284
69.9830 27.6340
69.9892 27.6395
69.9954 27.6451
70.0016 27.6507
70.0078 27.6563
70.0140 27.6619
70.0202 27.6674
70.0264 27.6730
70.0326 27.6786
70.0388 27.6842
70.0450 27.6897
70.0512 27.6953
70.0574 27.7009
70.0636 27.7065
70.0698 27.7120
70.0760 27.7176
70.0822 27.7232
70.0884 27.7288
70.0946 27.7343
70.1008 27.7399
70.1070 27.7455
70.1132 27.7510
70.1194 27.7566
70.1256 27.7622
70.1317 27.7678
70.1379 27.7733
70.1441 27.7789
70.1503 27.7845
70.1565 27.7901
70.1627 27.7956
70.1689 27.8012
70.1751 27.8068
70.1813 27.8123
70.1875 27.8179
70.1936 27.8235
70.1998 27.8291
70.2060 27.8346
70.2122 27.8402
70.2184 27.8458
70.2246 27.8513
70.2308 27.8569
70.2369 27.8625
70.2431 27.8680
70.2493 27.8736
70.2555 27.8792
70.2617 27.8848
70.2679 27.8903
70.2741 27.8959
70.2802 27.9015
70.2864 27.9070
70.2926 27.9126
70.2988 27.9182
70.3050 27.9237
70.3112 27.9293
70.3173 27.9349
70.3235 27.9404
70.3297 27.9460
70.3359 27.9516
70.3421 27.9571
70.3482 27.9627
70.3544 27.9683
70.3606 27.9738
70.3668 27.9794
70.3729 27.9850
70.3791 27.9905
70.3853 27.9961
70.3915 28.0016
70.3977 28.0072
70.4038 28.0128
70.4100 28.0183
70.4162 28.0239
70.4224 28.0295
70.4285 28.0350
70.4347 28.0406
70.4409 28.0462
70.4471 28.0517
70.4532 28.0573
70.4594 28.0628
70.4656 28.0684
70.4718 28.0740
70.4779 28.0795
70.4841 28.0851
70.4903 28.0907
70.4964 28.0962
70.5026 28.1018
70.5088 28.1073
70.5149 28.1129
70.5211 28.1185
70.5273 28.1240
70.5335 28.1296
70.5396 28.1351
70.5458 28.1407
70.5520 28.1463
70.5581 28.1518
70.5643 28.1574
70.5705 28.1629
70.5766 28.1685
70.5828 28.1740
70.5890 28.1796
70.5951 28.1852
70.6013 28.1907
70.6075 28.1963
70.6136 28.2018
70.6198 28.2074
70.6260 28.2129
70.6321 28.2185
70.6383 28.2241
70.6444 28.2296
70.6506 28.2352
70.6568 28.2407
70.6629 28.2463
70.6691 28.2518
70.6753 28.2574
70.6814 28.2630
70.6876 28.2685
70.6937 28.2741
70.6999 28.2796
70.7061 28.2852
70.7122 28.2907
70.7184 28.2963
70.7245 28.3018
70.7307 28.3074
70.7369 28.3129
70.7430 28.3185
70.7492 28.3240
70.7553 28.3296
70.7615 28.3351
70.7676 28.3407
70.7738 28.3462
70.7799 28.3518
70.7861 28.3573
70.7923 28.3629
70.7984 28.3684
70.8046 28.3740
70.8107 28.3795
70.8169 28.3851
70.8230 28.3906
70.8292 28.3962
70.8353 28.4017
70.8415 28.4073
70.8476 28.4128
70.8538 28.4184
70.8599 28.4239
70.8661 28.4295
70.8722 28.4350
70.8784 28.4406
70.8845 28.4461
70.8907 28.4517
70.8968 28.4572
70.9030 28.4628
70.9091 28.4683
70.9153 28.4739
70.9214 28.4794
70.9276 28.4850
70.9337 28.4905
70.9399 28.4961
70.9460 28.5016
70.9522 28.5071
70.9583 28.5127
70.9645 28.5182
70.9706 28.5238
70.9768 28.5293
70.9829 28.5349
70.9890 28.5404
70.9952 28.5459
71.0013 28.5515
71.0075 28.5570
71.0136 28.5626
71.0198 28.5681
71.0259 28.5737
71.0320 28.5792
71.0382 28.5847
71.0443 28.5903
71.0505 28.5958
71.0566 28.6014
71.0627 28.6069
71.0689 28.6125
71.0750 28.6180
71.0812 28.6235
71.0873 28.6291
71.0934 28.6346
71.0996 28.6402
71.1057 28.6457
71.1119 28.6512
71.1180 28.6568
71.1241 28.6623
71.1303 28.6678
71.1364 28.6734
71.1425 28.6789
71.1487 28.6845
71.1548 28.6900
71.1609 28.6955
71.1671 28.7011
71.1732 28.7066
71.1794 28.7121
71.1855 28.7177
71.1916 28.7232
71.1978 28.7287
71.2039 28.7343
71.2100 28.7398
71.2162 28.7454
71.2223 28.7509
71.2284 28.7564
71.2345 28.7620
71.2407 28.7675
71.2468 28.7730
71.2529 28.7786
71.2591 28.7841
71.2652 28.7896
71.2713 28.7952
71.2775 28.8007
71.2836 28.8062
71.2897 28.8118
71.2958 28.8173
71.3020 28.8228
71.3081 28.8283
71.3142 28.8339
71.3203 28.8394
71.3265 28.8449
71.3326 28.8505
71.3387 28.8560
71.3449 28.8615
71.3510 28.8671
71.3571 28.8726
71.3632 28.8781
71.3694 28.8836
71.3755 28.8892
71.3816 28.8947
71.3877 28.9002
71.3938 28.9058
71.4000 28.9113
71.4061 28.9168
71.4122 28.9223
71.4183 28.9279
71.4245 28.9334
71.4306 28.9389
71.4367 28.9444
71.4428 28.9500
71.4489 28.9555
71.4551 28.9610
71.4612 28.9665
71.4673 28.9721
71.4734 28.9776
71.4795 28.9831
71.4857 28.9886
71.4918 28.9942
71.4979 28.9997
71.5040 29.0052
71.5101 29.0107
71.5162 29.0163
71.5224 29.0218
71.5285 29.0273
71.5346 29.0328
71.5407 29.0384
71.5468 29.0439
71.5529 29.0494
71.5591 29.0549
71.5652 29.0604
71.5713 29.0660
71.5774 29.0715
71.5835 29.0770
71.5896 29.0825
71.5957 29.0880
71.6019 29.0936
71.6080 29.0991
71.6141 29.1046
71.6202 29.1101
71.6263 29.1156
71.6324 29.1212
71.6385 29.1267
71.6446 29.1322
71.6507 29.1377
71.6569 29.1432
71.6630 29.1487
71.6691 29.1543
71.6752 29.1598
71.6813 29.1653
71.6874 29.1708
71.6935 29.1763
71.6996 29.1818
71.7057 29.1873
71.7118 29.1929
71.7179 29.1984
71.7240 29.2039
71.7302 29.2094
71.7363 29.2149
71.7424 29.2204
71.7485 29.2259
71.7546 29.2315
71.7607 29.2370
71.7668 29.2425
71.7729 29.2480
71.7790 29.2535
71.7851 29.2590
71.7912 29.2645
71.7973 29.2700
71.8034 29.2756
71.8095 29.2811
71.8156 29.2866
71.8217 29.2921
71.8278 29.2976
71.8339 29.3031
71.8400 29.3086
71.8461 29.3141
71.8522 29.3196
71.8583 29.3251
71.8644 29.3306
71.8705 29.3362
71.8766 29.3417
71.8827 29.3472
71.8888 29.3527
71.8949 29.3582
71.9010 29.3637
71.9071 29.3692
71.9132 29.3747
71.9193 29.3802
71.9254 29.3857
71.9315 29.3912
71.9376 29.3967
71.9437 29.4022
71.9498 29.4077
71.9559 29.4132
71.9620 29.4187
71.9681 29.4242
71.9742 29.4298
71.9803 29.4353
71.9863 29.4408
71.9924 29.4463
71.9985 29.4518
72.0046 29.4573
72.0107 29.4628
72.0168 29.4683
72.0229 29.4738
72.0290 29.4793
72.0351 29.4848
72.0412 29.4903
72.0473 29.4958
72.0534 29.5013
72.0595 29.5068
72.0655 29.5123
72.0716 29.5178
72.0777 29.5233
72.0838 29.5288
72.0899 29.5343
72.0960 29.5398
72.1021 29.5453
72.1082 29.5508
72.1143 29.5563
72.1203 29.5617
72.1264 29.5672
72.1325 29.5727
72.1386 29.5782
72.1447 29.5837
72.1508 29.5892
72.1569 29.5947
72.1629 29.6002
72.1690 29.6057
72.1751 29.6112
72.1812 29.6167
72.1873 29.6222
72.1934 29.6277
72.1994 29.6332
72.2055 29.6387
72.2116 29.6442
72.2177 29.6497
72.2238 29.6552
72.2299 29.6606
72.2359 29.6661
72.2420 29.6716
72.2481 29.6771
72.2542 29.6826
72.2603 29.6881
72.2663 29.6936
72.2724 29.6991
72.2785 29.7046
72.2846 29.7101
72.2907 29.7155
72.2967 29.7210
72.3028 29.7265
72.3089 29.7320
72.3150 29.7375
72.3211 29.7430
72.3271 29.7485
72.3332 29.7540
72.3393 29.7594
72.3454 29.7649
72.3514 29.7704
72.3575 29.7759
72.3636 29.7814
72.3697 29.7869
72.3757 29.7924
72.3818 29.7978
72.3879 29.8033
72.3940 29.8088
72.4000 29.8143
72.4061 29.8198
72.4122 29.8253
72.4183 29.8307
72.4243 29.8362
72.4304 29.8417
72.4365 29.8472
72.4426 29.8527
72.4486 29.8581
72.4547 29.8636
72.4608 29.8691
72.4668 29.8746
72.4729 29.8801
72.4790 29.8855
72.4850 29.8910
72.4911 29.8965
72.4972 29.9020
72.5033 29.9075
72.5093 29.9129
72.5154 29.9184
72.5215 29.9239
72.5275 29.9294
72.5336 29.9348
72.5397 29.9403
72.5457 29.9458
72.5518 29.9513
72.5579 29.9568
72.5639 29.9622
72.5700 29.9677
72.5761 29.9732
72.5821 29.9787
72.5882 29.9841
72.5943 29.9896
72.6003 29.9951
72.6064 30.0005
72.6125 30.0060
72.6185 30.0115
72.6246 30.0170
72.6306 30.0224
72.6367 30.0279
72.6428 30.0334
72.6488 30.0388
72.6549 30.0443
72.6610 30.0498
72.6670 30.0553
72.6731 30.0607
72.6791 30.0662
72.6852 30.0717
72.6913 30.0771
72.6973 30.0826
72.7034 30.0881
72.7094 30.0935
72.7155 30.0990
72.7216 30.1045
72.7276 30.1099
72.7337 30.1154
72.7397 30.1209
72.7458 30.1263
72.7518 30.1318
72.7579 30.1373
72.7640 30.1427
72.7700 30.1482
72.7761 30.1537
72.7821 30.1591
72.7882 30.1646
72.7942 30.1701
72.8003 30.1755
72.8064 30.1810
72.8124 30.1865
72.8185 30.1919
72.8245 30.1974
72.8306 30.2028
72.8366 30.2083
72.8427 30.2138
72.8487 30.2192
72.8548 30.2247
72.8608 30.2301
72.8669 30.2356
72.8730 30.2411
72.8790 30.2465
72.8851 30.2520
72.8911 30.2574
72.8972 30.2629
72.9032 30.2684
72.9093 30.2738
72.9153 30.2793
72.9214 30.2847
72.9274 30.2902
72.9335 30.2956
72.9395 30.3011
72.9456 30.3066
72.9516 30.3120
72.9577 30.3175
72.9637 30.3229
72.9698 30.3284
72.9758 30.3338
72.9819 30.3393
72.9879 30.3447
72.9939 30.3502
73.0000 30.3556
73.0060 30.3611
73.0121 30.3666
73.0181 30.3720
73.0242 30.3775
73.0302 30.3829
73.0363 30.3884
73.0423 30.3938
73.0484 30.3993
73.0544 30.4047
73.0604 30.4102
73.0665 30.4156
73.0725 30.4211
73.0786 30.4265
73.0846 30.4320
73.0907 30.4374
73.0967 30.4429
73.1028 30.4483
73.1088 30.4538
73.1148 30.4592
73.1209 30.4646
73.1269 30.4701
73.1330 30.4755
73.1390 30.4810
73.1450 30.4864
73.1511 30.4919
73.1571 30.4973
73.1632 30.5028
73.1692 30.5082
73.1752 30.5137
73.1813 30.5191
73.1873 30.5245
73.1934 30.5300
73.1994 30.5354
73.2054 30.5409
73.2115 30.5463
73.2175 30.5517
73.2236 30.5572
73.2296 30.5626
73.2356 30.5681
73.2417 30.5735
73.2477 30.5790
73.2537 30.5844
73.2598 30.5898
73.2658 30.5953
73.2718 30.6007
73.2779 30.6061
73.2839 30.6116
73.2899 30.6170
73.2960 30.6225
73.3020 30.6279
73.3080 30.6333
73.3141 30.6388
73.3201 30.6442
73.3261 30.6496
73.3322 30.6551
73.3382 30.6605
73.3442 30.6659
73.3503 30.6714
73.3563 30.6768
73.3623 30.6822
73.3684 30.6877
73.3744 30.6931
73.3804 30.6985
73.3865 30.7040
73.3925 30.7094
73.3985 30.7148
73.4046 30.7203
73.4106 30.7257
73.4166 30.7311
73.4226 30.7366
73.4287 30.7420
73.4347 30.7474
73.4407 30.7529
73.4468 30.7583
73.4528 30.7637
73.4588 30.7691
73.4648 30.7746
73.4709 30.7800
73.4769 30.7854
73.4829 30.7908
73.4889 30.7963
73.4950 30.8017
73.5010 30.8071
73.5070 30.8125
73.5130 30.8180
73.5191 30.8234
73.5251 30.8288
73.5311 30.8342
73.5371 30.8397
73.5432 30.8451
73.5492 30.8505
73.5552 30.8559
73.5612 30.8614
73.5673 30.8668
73.5733 30.8722
73.5793 30.8776
73.5853 30.8830
73.5914 30.8885
73.5974 30.8939
73.6034 30.8993
73.6094 30.9047
73.6154 30.9101
73.6215 30.9156
73.6275 30.9210
73.6335 30.9264
73.6395 30.9318
73.6455 30.9372
73.6516 30.9427
73.6576 30.9481
73.6636 30.9535
73.6696 30.9589
73.6756 30.9643
73.6816 30.9697
73.6877 30.9751
73.6937 30.9806
73.6997 30.9860
73.7057 30.9914
73.7117 30.9968
73.7178 31.0022
73.7238 31.0076
73.7298 31.0130
73.7358 31.0185
73.7418 31.0239
73.7478 31.0293
73.7538 31.0347
73.7599 31.0401
73.7659 31.0455
73.7719 31.0509
73.7779 31.0563
73.7839 31.0617
73.7899 31.0671
73.7959 31.0726
73.8020 31.0780
73.8080 31.0834
73.8140 31.0888
73.8200 31.0942
73.8260 31.0996
73.8320 31.1050
73.8380 31.1104
73.8440 31.1158
73.8501 31.1212
73.8561 31.1266
73.8621 31.1320
73.8681 31.1374
73.8741 31.1428
73.8801 31.1482
73.8861 31.1536
73.8921 31.1590
73.8981 31.1644
73.9041 31.1698
73.9102 31.1752
73.9162 31.1806
73.9222 31.1860
73.9282 31.1914
73.9342 31.1968
73.9402 31.2022
73.9462 31.2076
73.9522 31.2130
73.9582 31.2184
73.9642 31.2238
73.9702 31.2292
73.9762 31.2346
73.9822 31.2400
73.9882 31.2454
73.9943 31.2508
74.0003 31.2562
74.0063 31.2616
74.0123 31.2670
74.0183 31.2724
74.0243 31.2778
74.0303 31.2832
74.0363 31.2886
74.0423 31.2940
74.0483 31.2994
74.0543 31.3048
74.0603 31.3102
74.0663 31.3155
74.0723 31.3209
74.0783 31.3263
74.0843 31.3317
74.0903 31.3371
74.0963 31.3425
74.1023 31.3479
74.1083 31.3533
74.1143 31.3587
74.1203 31.3641
74.1263 31.3694
74.1323 31.3748
74.1383 31.3802
74.1443 31.3856
74.1503 31.3910
74.1563 31.3964
74.1623 31.4018
74.1683 31.4072
74.1743 31.4125
74.1803 31.4179
74.1863 31.4233
74.1923 31.4287
74.1983 31.4341
74.2043 31.4395
74.2103 31.4448
74.2163 31.4502
74.2223 31.4556
74.2283 31.4610
74.2343 31.4664
74.2403 31.4718
74.2463 31.4771
74.2523 31.4825
74.2583 31.4879
74.2643 31.4933
74.2703 31.4987
74.2763 31.5040
74.2822 31.5094
74.2882 31.5148
74.2942 31.5202
74.3002 31.5255
74.3062 31.5309
74.3122 31.5363
74.3182 31.5417
74.3242 31.5470
74.3302 31.5524
74.3362 31.5578
74.3422 31.5632
74.3482 31.5685
74.3542 31.5739
74.3602 31.5793
74.3661 31.5847
74.3721 31.5900
74.3781 31.5954
74.3841 31.6008
74.3901 31.6062
74.3961 31.6115
74.4021 31.6169
74.4081 31.6223
74.4141 31.6276
74.4201 31.6330
74.4261 31.6384
74.4320 31.6437
74.4380 31.6491
74.4440 31.6545
74.4500 31.6599
74.4560 31.6652
74.4620 31.6706
74.4680 31.6760
74.4740 31.6813
74.4799 31.6867
74.4859 31.6921
74.4919 31.6974
74.4979 31.7028
74.5039 31.7081
74.5099 31.7135
74.5159 31.7189
74.5219 31.7242
74.5278 31.7296
74.5338 31.7350
74.5398 31.7403
74.5458 31.7457
74.5518 31.7510
74.5578 31.7564
74.5637 31.7618
74.5697 31.7671
74.5757 31.7725
74.5817 31.7778
74.5877 31.7832
74.5937 31.7886
74.5996 31.7939
74.6056 31.7993
74.6116 31.8046
74.6176 31.8100
74.6236 31.8153
74.6296 31.8207
74.6355 31.8261
74.6415 31.8314
74.6475 31.8368
74.6535 31.8421
74.6595 31.8475
74.6654 31.8528
74.6714 31.8582
74.6774 31.8635
74.6834 31.8689
74.6894 31.8742
74.6953 31.8796
74.7013 31.8849
74.7073 31.8903
74.7133 31.8956
74.7193 31.9010
74.7252 31.9063
74.7312 31.9117
74.7372 31.9170
74.7432 31.9224
74.7491 31.9277
74.7551 31.9331
74.7611 31.9384
74.7671 31.9438
74.7731 31.9491
74.7790 31.9545
74.7850 31.9598
74.7910 31.9652
74.7970 31.9705
74.8029 31.9759
74.8089 31.9812
74.8149 31.9865
74.8209 31.9919
74.8268 31.9972
74.8328 32.0026
74.8388 32.0079
74.8448 32.0133
74.8507 32.0186
74.8567 32.0239
74.8627 32.0293
74.8687 32.0346
74.8746 32.0400
74.8806 32.0453
74.8866 32.0506
74.8925 32.0560
74.8985 32.0613
74.9045 32.0667
74.9105 32.0720
74.9164 32.0773
74.9224 32.0827
74.9284 32.0880
74.9343 32.0933
74.9403 32.0987
74.9463 32.1040
74.9523 32.1093
74.9582 32.1147
74.9642 32.1200
74.9702 32.1253
74.9761 32.1307
74.9821 32.1360
74.9881 32.1413
74.9940 32.1467
75.0000 32.1520
75.0060 32.1573
75.0119 32.1627
75.0179 32.1680
75.0239 32.1733
75.0298 32.1786
75.0358 32.1840
75.0418 32.1893
75.0478 32.1946
75.0537 32.2000
75.0597 32.2053
75.0657 32.2106
75.0716 32.2159
75.0776 32.2213
75.0835 32.2266
75.0895 32.2319
75.0955 32.2372
75.1014 32.2426
75.1074 32.2479
75.1134 32.2532
75.1193 32.2585
75.1253 32.2638
75.1313 32.2692
75.1372 32.2745
75.1432 32.2798
75.1492 32.2851
75.1551 32.2904
75.1611 32.2958
75.1670 32.3011
75.1730 32.3064
75.1790 32.3117
75.1849 32.3170
75.1909 32.3224
75.1969 32.3277
75.2028 32.3330
75.2088 32.3383
75.2147 32.3436
75.2207 32.3489
75.2267 32.3542
75.2326 32.3596
75.2386 32.3649
75.2445 32.3702
75.2505 32.3755
75.2565 32.3808
75.2624 32.3861
75.2684 32.3914
75.2743 32.3968
75.2803 32.4021
75.2863 32.4074
75.2922 32.4127
75.2982 32.4180
75.3041 32.4233
75.3101 32.4286
75.3160 32.4339
75.3220 32.4392
75.3280 32.4445
75.3339 32.4498
75.3399 32.4551
75.3458 32.4605
75.3518 32.4658
75.3577 32.4711
75.3637 32.4764
75.3697 32.4817
75.3756 32.4870
75.3816 32.4923
75.3875 32.4976
75.3935 32.5029
75.3994 32.5082
75.4054 32.5135
75.4113 32.5188
75.4173 32.5241
75.4232 32.5294
75.4292 32.5347
75.4352 32.5400
75.4411 32.5453
75.4471 32.5506
75.4530 32.5559
75.4590 32.5612
75.4649 32.5665
75.4709 32.5718
75.4768 32.5771
75.4828 32.5824
75.4887 32.5877
75.4947 32.5930
75.5006 32.5983
75.5066 32.6035
75.5125 32.6088
75.5185 32.6141
75.5244 32.6194
75.5304 32.6247
75.5363 32.6300
75.5423 32.6353
75.5482 32.6406
75.5542 32.6459
75.5601 32.6512
75.5661 32.6565
75.5720 32.6618
75.5780 32.6670
75.5839 32.6723
75.5899 32.6776
75.5958 32.6829
75.6018 32.6882
75.6077 32.6935
75.6137 32.6988
75.6196 32.7041
75.6256 32.7093
75.6315 32.7146
75.6375 32.7199
75.6434 32.7252
75.6494 32.7305
75.6553 32.7358
75.6613 32.7410
75.6672 32.7463
75.6731 32.7516
75.6791 32.7569
75.6850 32.7622
75.6910 32.7675
75.6969 32.7727
75.7029 32.7780
75.7088 32.7833
75.7148 32.7886
75.7207 32.7939
75.7267 32.7991
75.7326 32.8044
75.7385 32.8097
75.7445 32.8150
75.7504 32.8202
75.7564 32.8255
75.7623 32.8308
75.7683 32.8361
75.7742 32.8413
75.7801 32.8466
75.7861 32.8519
75.7920 32.8572
75.7980 32.8624
75.8039 32.8677
75.8099 32.8730
75.8158 32.8782
75.8217 32.8835
75.8277 32.8888
75.8336 32.8941
75.8396 32.8993
75.8455 32.9046
75.8514 32.9099
75.8574 32.9151
75.8633 32.9204
75.8693 32.9257
75.8752 32.9309
75.8811 32.9362
75.8871 32.9415
75.8930 32.9467
75.8990 32.9520
75.9049 32.9573
75.9108 32.9625
75.9168 32.9678
75.9227 32.9731
75.9287 32.9783
75.9346 32.9836
75.9405 32.9888
75.9465 32.9941
75.9524 32.9994
75.9583 33.0046
75.9643 33.0099
75.9702 33.0151
75.9762 33.0204
75.9821 33.0257
75.9880 33.0309
75.9940 33.0362
75.9999 33.0414
76.0058 33.0467
76.0118 33.0519
76.0177 33.0572
76.0236 33.0625
76.0296 33.0677
76.0355 33.0730
76.0415 33.0782
76.0474 33.0835
76.0533 33.0887
76.0593 33.0940
76.0652 33.0992
76.0711 33.1045
76.0771 33.1097
76.0830 33.1150
76.0889 33.1202
76.0949 33.1255
76.1008 33.1307
76.1067 33.1360
76.1127 33.1412
76.1186 33.1465
76.1245 33.1517
76.1305 33.1570
76.1364 33.1622
76.1423 33.1675
76.1483 33.1727
76.1542 33.1780
76.1601 33.1832
76.1660 33.1884
76.1720 33.1937
76.1779 33.1989
76.1838 33.2042
76.1898 33.2094
76.1957 33.2147
76.2016 33.2199
76.2076 33.2251
76.2135 33.2304
76.2194 33.2356
76.2253 33.2409
76.2313 33.2461
76.2372 33.2513
76.2431 33.2566
76.2491 33.2618
76.2550 33.2670
76.2609 33.2723
76.2668 33.2775
76.2728 33.2828
76.2787 33.2880
76.2846 33.2932
76.2906 33.2985
76.2965 33.3037
76.3024 33.3089
76.3083 33.3142
76.3143 33.3194
76.3202 33.3246
76.3261 33.3298
76.3320 33.3351
76.3380 33.3403
76.3439 33.3455
76.3498 33.3508
76.3557 33.3560
76.3617 33.3612
76.3676 33.3665
76.3735 33.3717
76.3794 33.3769
76.3854 33.3821
76.3913 33.3874
76.3972 33.3926
76.4031 33.3978
76.4091 33.4030
76.4150 33.4083
76.4209 33.4135
76.4268 33.4187
76.4328 33.4239
76.4387 33.4291
76.4446 33.4344
76.4505 33.4396
76.4565 33.4448
76.4624 33.4500
76.4683 33.4552
76.4742 33.4605
76.4801 33.4657
76.4861 33.4709
76.4920 33.4761
76.4979 33.4813
76.5038 33.4866
76.5098 33.4918
76.5157 33.4970
76.5216 33.5022
76.5275 33.5074
76.5334 33.5126
76.5394 33.5178
76.5453 33.5231
76.5512 33.5283
76.5571 33.5335
76.5630 33.5387
76.5690 33.5439
76.5749 33.5491
76.5808 33.5543
76.5867 33.5595
76.5926 33.5647
76.5985 33.5699
76.6045 33.5752
76.6104 33.5804
76.6163 33.5856
76.6222 33.5908
76.6281 33.5960
76.6341 33.6012
76.6400 33.6064
76.6459 33.6116
76.6518 33.6168
76.6577 33.6220
76.6636 33.6272
76.6696 33.6324
76.6755 33.6376
76.6814 33.6428
76.6873 33.6480
76.6932 33.6532
76.6991 33.6584
76.7050 33.6636
76.7110 33.6688
76.7169 33.6740
76.7228 33.6792
76.7287 33.6844
76.7346 33.6896
76.7405 33.6948
76.7465 33.7000
76.7524 33.7052
76.7583 33.7104
76.7642 33.7156
76.7701 33.7208
76.7760 33.7260
76.7819 33.7312
76.7878 33.7364
76.7938 33.7415
76.7997 33.7467
76.8056 33.7519
76.8115 33.7571
76.8174 33.7623
76.8233 33.7675
76.8292 33.7727
76.8351 33.7779
76.8411 33.7831
76.8470 33.7883
76.8529 33.7934
76.8588 33.7986
76.8647 33.8038
76.8706 33.8090
76.8765 33.8142
76.8824 33.8194
76.8884 33.8246
76.8943 33.8297
76.9002 33.8349
76.9061 33.8401
76.9120 33.8453
76.9179 33.8505
76.9238 33.8556
76.9297 33.8608
76.9356 33.8660
76.9415 33.8712
76.9474 33.8764
76.9534 33.8815
76.9593 33.8867
76.9652 33.8919
76.9711 33.8971
76.9770 33.9023
76.9829 33.9074
76.9888 33.9126
76.9947 33.9178
77.0006 33.9230
77.0065 33.9281
77.0124 33.9333
77.0183 33.9385
77.0243 33.9436
77.0302 33.9488
77.0361 33.9540
77.0420 33.9592
77.0479 33.9643
77.0538 33.9695
77.0597 33.9747
77.0656 33.9798
77.0715 33.9850
77.0774 33.9902
77.0833 33.9953
77.0892 34.0005
77.0951 34.0057
77.1010 34.0108
77.1069 34.0160
77.1128 34.0212
77.1188 34.0263
77.1247 34.0315
77.1306 34.0367
77.1365 34.0418
77.1424 34.0470
77.1483 34.0522
77.1542 34.0573
77.1601 34.0625
77.1660 34.0676
77.1719 34.0728
77.1778 34.0780
77.1837 34.0831
77.1896 34.0883
77.1955 34.0934
77.2014 34.0986
77.2073 34.1037
77.2132 34.1089
77.2191 34.1141
77.2250 34.1192
77.2309 34.1244
77.2368 34.1295
77.2427 34.1347
77.2486 34.1398
77.2545 34.1450
77.2604 34.1501
77.2663 34.1553
77.2722 34.1604
77.2781 34.1656
77.2840 34.1707
77.2899 34.1759
77.2958 34.1810
77.3017 34.1862
77.3076 34.1913
77.3135 34.1965
77.3194 34.2016
77.3253 34.2068
77.3312 34.2119
77.3371 34.2170
77.3430 34.2222
77.3489 34.2273
77.3548 34.2325
77.3607 34.2376
77.3666 34.2428
77.3725 34.2479
77.3784 34.2530
77.3843 34.2582
77.3902 34.2633
77.3961 34.2685
77.4020 34.2736
77.4079 34.2787
77.4138 34.2839
77.4197 34.2890
77.4256 34.2942
77.4315 34.2993
77.4374 34.3044
77.4433 34.3096
77.4492 34.3147
77.4551 34.3198
77.4610 34.3250
77.4669 34.3301
77.4728 34.3352
77.4787 34.3404
77.4846 34.3455
77.4905 34.3506
77.4964 34.3558
77.5023 34.3609
77.5081 34.3660
77.5140 34.3711
77.5199 34.3763
77.5258 34.3814
77.5317 34.3865
77.5376 34.3917
77.5435 34.3968
77.5494 34.4019
77.5553 34.4070
77.5612 34.4122
77.5671 34.4173
77.5730 34.4224
77.5789 34.4275
77.5848 34.4327
77.5907 34.4378
77.5966 34.4429
77.6025 34.4480
77.6083 34.4531
77.6142 34.4583
77.6201 34.4634
77.6260 34.4685
77.6319 34.4736
77.6378 34.4787
77.6437 34.4838
77.6496 34.4890
77.6555 34.4941
77.6614 34.4992
77.6673 34.5043
77.6732 34.5094
77.6790 34.5145
77.6849 34.5196
77.6908 34.5248
77.6967 34.5299
77.7026 34.5350
77.7085 34.5401
77.7144 34.5452
77.7203 34.5503
77.7262 34.5554
77.7321 34.5605
77.7379 34.5656
77.7438 34.5707
77.7497 34.5759
77.7556 34.5810
77.7615 34.5861
77.7674 34.5912
77.7733 34.5963
77.7792 34.6014
77.7851 34.6065
77.7909 34.6116
77.7968 34.6167
77.8027 34.6218
77.8086 34.6269
77.8145 34.6320
77.8204 34.6371
77.8263 34.6422
77.8322 34.6473
77.8381 34.6524
77.8439 34.6575
77.8498 34.6626
77.8557 34.6677
77.8616 34.6728
77.8675 34.6779
77.8734 34.6830
77.8793 34.6881
77.8851 34.6932
77.8910 34.6982
77.8969 34.7033
77.9028 34.7084
77.9087 34.7135
77.9146 34.7186
77.9205 34.7237
77.9263 34.7288
77.9322 34.7339
77.9381 34.7390
77.9440 34.7441
77.9499 34.7492
77.9558 34.7542
77.9617 34.7593
77.9675 34.7644
77.9734 34.7695
77.9793 34.7746
77.9852 34.7797
77.9911 34.7848
77.9970 34.7898
78.0028 34.7949
78.0087 34.8000
78.0146 34.8051
78.0205 34.8102
78.0264 34.8152
78.0323 34.8203
78.0381 34.8254
78.0440 34.8305
78.0499 34.8356
78.0558 34.8406
78.0617 34.8457
78.0675 34.8508
78.0734 34.8559
78.0793 34.8609
78.0852 34.8660
78.0911 34.8711
78.0970 34.8762
78.1028 34.8812
78.1087 34.8863
78.1146 34.8914
78.1205 34.8965
78.1264 34.9015
78.1322 34.9066
78.1381 34.9117
78.1440 34.9167
78.1499 34.9218
78.1558 34.9269
78.1616 34.9319
78.1675 34.9370
78.1734 34.9421
78.1793 34.9471
78.1852 34.9522
78.1910 34.9573
78.1969 34.9623
78.2028 34.9674
78.2087 34.9725
78.2146 34.9775
78.2204 34.9826
78.2263 34.9876
78.2322 34.9927
78.2381 34.9978
78.2440 35.0028
78.2498 35.0079
78.2557 35.0129
78.2616 35.0180
78.2675 35.0231
78.2733 35.0281
78.2792 35.0332
78.2851 35.0382
78.2910 35.0433
78.2969 35.0483
78.3027 35.0534
78.3086 35.0584
78.3145 35.0635
78.3204 35.0686
78.3262 35.0736
78.3321 35.0787
78.3380 35.0837
78.3439 35.0888
78.3498 35.0938
78.3556 35.0989
78.3615 35.1039
78.3674 35.1089
78.3733 35.1140
78.3791 35.1190
78.3850 35.1241
78.3909 35.1291
78.3968 35.1342
78.4026 35.1392
78.4085 35.1443
78.4144 35.1493
78.4203 35.1544
78.4261 35.1594
78.4320 35.1644
78.4379 35.1695
78.4438 35.1745
78.4496 35.1796
78.4555 35.1846
78.4614 35.1896
78.4673 35.1947
78.4731 35.1997
78.4790 35.2047
78.4849 35.2098
78.4907 35.2148
78.4966 35.2199
78.5025 35.2249
78.5084 35.2299
78.5142 35.2350
78.5201 35.2400
78.5260 35.2450
78.5319 35.2500
78.5377 35.2551
78.5436 35.2601
78.5495 35.2651
78.5554 35.2702
78.5612 35.2752
78.5671 35.2802
78.5730 35.2852
78.5788 35.2903
78.5847 35.2953
78.5906 35.3003
78.5965 35.3054
78.6023 35.3104
78.6082 35.3154
78.6141 35.3204
78.6199 35.3254
78.6258 35.3305
78.6317 35.3355
78.6376 35.3405
78.6434 35.3455
78.6493 35.3505
78.6552 35.3556
78.6610 35.3606
78.6669 35.3656
78.6728 35.3706
78.6786 35.3756
78.6845 35.3807
78.6904 35.3857
78.6963 35.3907
78.7021 35.3957
78.7080 35.4007
78.7139 35.4057
78.7197 35.4107
78.7256 35.4157
78.7315 35.4208
78.7373 35.4258
78.7432 35.4308
78.7491 35.4358
78.7549 35.4408
78.7608 35.4458
78.7667 35.4508
78.7725 35.4558
78.7784 35.4608
78.7843 35.4658
78.7901 35.4708
78.7960 35.4758
78.8019 35.4808
78.8078 35.4858
78.8136 35.4908
78.8195 35.4959
78.8254 35.5009
78.8312 35.5059
78.8371 35.5109
78.8430 35.5159
78.8488 35.5209
78.8547 35.5259
78.8606 35.5308
78.8664 35.5358
78.8723 35.5408
78.8782 35.5458
78.8840 35.5508
78.8899 35.5558
78.8957 35.5608
78.9016 35.5658
78.9075 35.5708
78.9133 35.5758
78.9192 35.5808
78.9251 35.5858
78.9309 35.5908
78.9368 35.5958
78.9427 35.6008
78.9485 35.6057
78.9544 35.6107
78.9603 35.6157
78.9661 35.6207
78.9720 35.6257
78.9779 35.6307
78.9837 35.6357
78.9896 35.6406
78.9954 35.6456
79.0013 35.6506
79.0072 35.6556
79.0130 35.6606
79.0189 35.6656
79.0248 35.6705
79.0306 35.6755
79.0365 35.6805
79.0424 35.6855
79.0482 35.6905
79.0541 35.6954
79.0599 35.7004
79.0658 35.7054
79.0717 35.7104
79.0775 35.7153
79.0834 35.7203
79.0893 35.7253
79.0951 35.7303
79.1010 35.7352
79.1068 35.7402
79.1127 35.7452
79.1186 35.7501
79.1244 35.7551
79.1303 35.7601
79.1361 35.7650
79.1420 35.7700
79.1479 35.7750
79.1537 35.7800
79.1596 35.7849
79.1654 35.7899
79.1713 35.7948
79.1772 35.7998
79.1830 35.8048
79.1889 35.8097
79.1947 35.8147
79.2006 35.8197
79.2065 35.8246
79.2123 35.8296
79.2182 35.8345
79.2240 35.8395
79.2299 35.8445
79.2358 35.8494
79.2416 35.8544
79.2475 35.8593
79.2533 35.8643
79.2592 35.8692
79.2651 35.8742
79.2709 35.8792
79.2768 35.8841
79.2826 35.8891
79.2885 35.8940
79.2944 35.8990
79.3002 35.9039
79.3061 35.9089
79.3119 35.9138
79.3178 35.9188
79.3236 35.9237
79.3295 35.9287
79.3354 35.9336
79.3412 35.9386
79.3471 35.9435
79.3529 35.9485
79.3588 35.9534
79.3646 35.9583
79.3705 35.9633
79.3764 35.9682
79.3822 35.9732
79.3881 35.9781
79.3939 35.9831
79.3998 35.9880
79.4056 35.9929
79.4115 35.9979
79.4174 36.0028
79.4232 36.0077
79.4291 36.0127
79.4349 36.0176
79.4408 36.0226
79.4466 36.0275
79.4525 36.0324
79.4583 36.0374
79.4642 36.0423
79.4701 36.0472
79.4759 36.0522
79.4818 36.0571
79.4876 36.0620
79.4935 36.0670
79.4993 36.0719
79.5052 36.0768
79.5110 36.0817
79.5169 36.0867
79.5228 36.0916
79.5286 36.0965
79.5345 36.1015
79.5403 36.1064
79.5462 36.1113
79.5520 36.1162
79.5579 36.1212
79.5637 36.1261
79.5696 36.1310
79.5754 36.1359
79.5813 36.1408
79.5871 36.1458
79.5930 36.1507
79.5989 36.1556
79.6047 36.1605
79.6106 36.1654
79.6164 36.1704
79.6223 36.1753
79.6281 36.1802
79.6340 36.1851
79.6398 36.1900
79.6457 36.1949
79.6515 36.1998
79.6574 36.2048
79.6632 36.2097
79.6691 36.2146
79.6749 36.2195
79.6808 36.2244
79.6866 36.2293
79.6925 36.2342
79.6984 36.2391
79.7042 36.2440
79.7101 36.2489
79.7159 36.2538
79.7218 36.2588
79.7276 36.2637
79.7335 36.2686
79.7393 36.2735
79.7452 36.2784
79.7510 36.2833
79.7569 36.2882
79.7627 36.2931
79.7686 36.2980
79.7744 36.3029
79.7803 36.3078
79.7861 36.3127
79.7920 36.3176
79.7978 36.3225
79.8037 36.3274
79.8095 36.3323
79.8154 36.3372
79.8212 36.3420
79.8271 36.3469
79.8329 36.3518
79.8388 36.3567
79.8446 36.3616
79.8505 36.3665
79.8563 36.3714
79.8622 36.3763
79.8680 36.3812
79.8739 36.3861
79.8797 36.3910
79.8856 36.3958
79.8914 36.4007
79.8973 36.4056
79.9031 36.4105
79.9090 36.4154
79.9148 36.4203
79.9207 36.4252
79.9265 36.4300
79.9324 36.4349
79.9382 36.4398
79.9441 36.4447
79.9499 36.4496
79.9558 36.4544
79.9616 36.4593
79.9675 36.4642
79.9733 36.4691
79.9791 36.4739
79.9850 36.4788
79.9908 36.4837
79.9967 36.4886
80.0025 36.4934
80.0084 36.4983
80.0142 36.5032
80.0201 36.5081
80.0259 36.5129
80.0318 36.5178
80.0376 36.5227
80.0435 36.5275
80.0493 36.5324
80.0552 36.5373
80.0610 36.5422
80.0669 36.5470
80.0727 36.5519
80.0785 36.5568
80.0844 36.5616
80.0902 36.5665
80.0961 36.5713
80.1019 36.5762
80.1078 36.5811
80.1136 36.5859
80.1195 36.5908
80.1253 36.5956
80.1312 36.6005
80.1370 36.6054
80.1429 36.6102
80.1487 36.6151
80.1545 36.6199
80.1604 36.6248
80.1662 36.6297
80.1721 36.6345
80.1779 36.6394
80.1838 36.6442
80.1896 36.6491
80.1955 36.6539
80.2013 36.6588
80.2071 36.6636
80.2130 36.6685
80.2188 36.6733
80.2247 36.6782
80.2305 36.6830
80.2364 36.6879
80.2422 36.6927
80.2481 36.6976
80.2539 36.7024
80.2597 36.7072
80.2656 36.7121
80.2714 36.7169
80.2773 36.7218
80.2831 36.7266
80.2890 36.7315
80.2948 36.7363
80.3006 36.7411
80.3065 36.7460
80.3123 36.7508
80.3182 36.7557
80.3240 36.7605
80.3299 36.7653
80.3357 36.7702
80.3415 36.7750
80.3474 36.7798
80.3532 36.7847
80.3591 36.7895
80.3649 36.7943
80.3708 36.7992
80.3766 36.8040
80.3824 36.8088
80.3883 36.8136
80.3941 36.8185
80.4000 36.8233
80.4058 36.8281
80.4116 36.8330
80.4175 36.8378
80.4233 36.8426
80.4292 36.8474
80.4350 36.8523
80.4409 36.8571
80.4467 36.8619
80.4525 36.8667
80.4584 36.8715
80.4642 36.8764
80.4701 36.8812
80.4759 36.8860
80.4817 36.8908
80.4876 36.8956
80.4934 36.9005
80.4993 36.9053
80.5051 36.9101
80.5109 36.9149
80.5168 36.9197
80.5226 36.9245
80.5285 36.9293
80.5343 36.9342
80.5401 36.9390
80.5460 36.9438
80.5518 36.9486
80.5577 36.9534
80.5635 36.9582
80.5693 36.9630
80.5752 36.9678
80.5810 36.9726
80.5869 36.9774
80.5927 36.9822
80.5985 36.9870
80.6044 36.9919
80.6102 36.9967
80.6160 37.0015
80.6219 37.0063
80.6277 37.0111
80.6336 37.0159
80.6394 37.0207
80.6452 37.0255
80.6511 37.0303
80.6569 37.0351
80.6628 37.0399
80.6686 37.0446
80.6744 37.0494
80.6803 37.0542
80.6861 37.0590
80.6919 37.0638
80.6978 37.0686
80.7036 37.0734
80.7095 37.0782
80.7153 37.0830
80.7211 37.0878
80.7270 37.0926
80.7328 37.0974
80.7386 37.1022
80.7445 37.1069
80.7503 37.1117
80.7562 37.1165
80.7620 37.1213
80.7678 37.1261
80.7737 37.1309
80.7795 37.1356
80.7853 37.1404
80.7912 37.1452
80.7970 37.1500
80.8029 37.1548
80.8087 37.1596
80.8145 37.1643
80.8204 37.1691
80.8262 37.1739
80.8320 37.1787
80.8379 37.1834
80.8437 37.1882
80.8495 37.1930
80.8554 37.1978
80.8612 37.2025
80.8671 37.2073
80.8729 37.2121
80.8787 37.2169
80.8846 37.2216
80.8904 37.2264
80.8962 37.2312
80.9021 37.2359
80.9079 37.2407
80.9137 37.2455
80.9196 37.2502
80.9254 37.2550
80.9312 37.2598
80.9371 37.2645
80.9429 37.2693
80.9488 37.2741
80.9546 37.2788
80.9604 37.2836
80.9663 37.2883
80.9721 37.2931
80.9779 37.2979
80.9838 37.3026
80.9896 37.3074
80.9954 37.3121
81.0013 37.3169
81.0071 37.3216
81.0129 37.3264
81.0188 37.3312
81.0246 37.3359
81.0304 37.3407
81.0363 37.3454
81.0421 37.3502
81.0479 37.3549
81.0538 37.3597
81.0596 37.3644
81.0654 37.3692
81.0713 37.3739
81.0771 37.3787
81.0829 37.3834
81.0888 37.3881
81.0946 37.3929
81.1004 37.3976
81.1063 37.4024
81.1121 37.4071
81.1179 37.4119
81.1238 37.4166
81.1296 37.4213
81.1354 37.4261
81.1413 37.4308
81.1471 37.4356
81.1529 37.4403
81.1588 37.4450
81.1646 37.4498
81.1704 37.4545
81.1763 37.4592
81.1821 37.4640
81.1879 37.4687
81.1938 37.4734
81.1996 37.4782
81.2054 37.4829
81.2113 37.4876
81.2171 37.4924
81.2229 37.4971
81.2288 37.5018
81.2346 37.5066
81.2404 37.5113
81.2463 37.5160
81.2521 37.5207
81.2579 37.5255
81.2638 37.5302
81.2696 37.5349
81.2754 37.5396
81.2813 37.5443
81.2871 37.5491
81.2929 37.5538
81.2988 37.5585
81.3046 37.5632
81.3104 37.5679
81.3162 37.5727
81.3221 37.5774
81.3279 37.5821
81.3337 37.5868
81.3396 37.5915
81.3454 37.5962
81.3512 37.6010
81.3571 37.6057
81.3629 37.6104
81.3687 37.6151
81.3746 37.6198
81.3804 37.6245
81.3862 37.6292
81.3920 37.6339
81.3979 37.6386
81.4037 37.6433
81.4095 37.6480
81.4154 37.6527
81.4212 37.6575
81.4270 37.6622
81.4329 37.6669
81.4387 37.6716
81.4445 37.6763
81.4503 37.6810
81.4562 37.6857
81.4620 37.6904
81.4678 37.6951
81.4737 37.6998
81.4795 37.7045
81.4853 37.7092
81.4912 37.7138
81.4970 37.7185
81.5028 37.7232
81.5086 37.7279
81.5145 37.7326
81.5203 37.7373
81.5261 37.7420
81.5320 37.7467
81.5378 37.7514
81.5436 37.7561
81.5494 37.7608
81.5553 37.7654
81.5611 37.7701
81.5669 37.7748
81.5728 37.7795
81.5786 37.7842
81.5844 37.7889
81.5902 37.7936
81.5961 37.7982
81.6019 37.8029
81.6077 37.8076
81.6136 37.8123
81.6194 37.8170
81.6252 37.8216
81.6310 37.8263
81.6369 37.8310
81.6427 37.8357
81.6485 37.8403
81.6543 37.8450
81.6602 37.8497
81.6660 37.8544
81.6718 37.8590
81.6777 37.8637
81.6835 37.8684
81.6893 37.8730
81.6951 37.8777
81.7010 37.8824
81.7068 37.8870
81.7126 37.8917
81.7184 37.8964
81.7243 37.9010
81.7301 37.9057
81.7359 37.9104
81.7418 37.9150
81.7476 37.9197
81.7534 37.9244
81.7592 37.9290
81.7651 37.9337
81.7709 37.9383
81.7767 37.9430
81.7825 37.9477
81.7884 37.9523
81.7942 37.9570
81.8000 37.9616
81.8058 37.9663
81.8117 37.9709
81.8175 37.9756
81.8233 37.9802
81.8291 37.9849
81.8350 37.9895
81.8408 37.9942
81.8466 37.9988
81.8525 38.0035
81.8583 38.0081
81.8641 38.0128
81.8699 38.0174
81.8758 38.0221
81.8816 38.0267
81.8874 38.0314
81.8932 38.0360
81.8991 38.0407
81.9049 38.0453
81.9107 38.0499
81.9165 38.0546
81.9224 38.0592
81.9282 38.0639
81.9340 38.0685
81.9398 38.0731
81.9457 38.0778
81.9515 38.0824
81.9573 38.0870
81.9631 38.0917
81.9690 38.0963
81.9748 38.1009
81.9806 38.1056
81.9864 38.1102
81.9923 38.1148
81.9981 38.1195
82.0039 38.1241
82.0097 38.1287
82.0156 38.1334
82.0214 38.1380
82.0272 38.1426
82.0330 38.1472
82.0389 38.1519
82.0447 38.1565
82.0505 38.1611
82.0563 38.1657
82.0622 38.1704
82.0680 38.1750
82.0738 38.1796
82.0796 38.1842
82.0855 38.1888
82.0913 38.1935
82.0971 38.1981
82.1029 38.2027
82.1088 38.2073
82.1146 38.2119
82.1204 38.2165
82.1262 38.2211
82.1320 38.2258
82.1379 38.2304
82.1437 38.2350
82.1495 38.2396
82.1553 38.2442
82.1612 38.2488
82.1670 38.2534
82.1728 38.2580
82.1786 38.2626
82.1845 38.2672
82.1903 38.2718
82.1961 38.2764
82.2019 38.2810
82.2078 38.2857
82.2136 38.2903
82.2194 38.2949
82.2252 38.2995
82.2310 38.3041
82.2369 38.3087
82.2427 38.3132
82.2485 38.3178
82.2543 38.3224
82.2602 38.3270
82.2660 38.3316
82.2718 38.3362
82.2776 38.3408
82.2835 38.3454
82.2893 38.3500
82.2951 38.3546
82.3009 38.3592
82.3067 38.3638
82.3126 38.3684
82.3184 38.3730
82.3242 38.3775
82.3300 38.3821
82.3359 38.3867
82.3417 38.3913
82.3475 38.3959
82.3533 38.4005
82.3591 38.4050
82.3650 38.4096
82.3708 38.4142
82.3766 38.4188
82.3824 38.4234
82.3883 38.4279
82.3941 38.4325
82.3999 38.4371
82.4057 38.4417
82.4115 38.4463
82.4174 38.4508
82.4232 38.4554
82.4290 38.4600
82.4348 38.4645
82.4407 38.4691
82.4465 38.4737
82.4523 38.4783
82.4581 38.4828
82.4639 38.4874
82.4698 38.4920
82.4756 38.4965
82.4814 38.5011
82.4872 38.5057
82.4930 38.5102
82.4989 38.5148
82.5047 38.5194
82.5105 38.5239
82.5163 38.5285
82.5222 38.5330
82.5280 38.5376
82.5338 38.5422
82.5396 38.5467
82.5454 38.5513
82.5513 38.5558
82.5571 38.5604
82.5629 38.5649
82.5687 38.5695
82.5745 38.5740
82.5804 38.5786
82.5862 38.5832
82.5920 38.5877
82.5978 38.5923
82.6036 38.5968
82.6095 38.6014
82.6153 38.6059
82.6211 38.6104
82.6269 38.6150
82.6327 38.6195
82.6386 38.6241
82.6444 38.6286
82.6502 38.6332
82.6560 38.6377
82.6618 38.6423
82.6677 38.6468
82.6735 38.6513
82.6793 38.6559
82.6851 38.6604
82.6909 38.6649
82.6968 38.6695
82.7026 38.6740
82.7084 38.6786
82.7142 38.6831
82.7200 38.6876
82.7259 38.6922
82.7317 38.6967
82.7375 38.7012
82.7433 38.7057
82.7491 38.7103
82.7550 38.7148
82.7608 38.7193
82.7666 38.7239
82.7724 38.7284
82.7782 38.7329
82.7841 38.7374
82.7899 38.7420
82.7957 38.7465
82.8015 38.7510
82.8073 38.7555
82.8132 38.7600
82.8190 38.7646
82.8248 38.7691
82.8306 38.7736
82.8364 38.7781
82.8422 38.7826
82.8481 38.7872
82.8539 38.7917
82.8597 38.7962
82.8655 38.8007
82.8713 38.8052
82.8772 38.8097
82.8830 38.8142
82.8888 38.8187
82.8946 38.8233
82.9004 38.8278
82.9062 38.8323
82.9121 38.8368
82.9179 38.8413
82.9237 38.8458
82.9295 38.8503
82.9353 38.8548
82.9412 38.8593
82.9470 38.8638
82.9528 38.8683
82.9586 38.8728
82.9644 38.8773
82.9702 38.8818
82.9761 38.8863
82.9819 38.8908
82.9877 38.8953
82.9935 38.8998
82.9993 38.9043
83.0052 38.9088
83.0110 38.9133
83.0168 38.9178
83.0226 38.9222
83.0284 38.9267
83.0342 38.9312
83.0401 38.9357
83.0459 38.9402
83.0517 38.9447
83.0575 38.9492
83.0633 38.9537
83.0691 38.9582
83.0750 38.9626
83.0808 38.9671
83.0866 38.9716
83.0924 38.9761
83.0982 38.9806
83.1041 38.9850
83.1099 38.9895
83.1157 38.9940
83.1215 38.9985
83.1273 39.0030
83.1331 39.0074
83.1390 39.0119
83.1448 39.0164
83.1506 39.0209
83.1564 39.0253
83.1622 39.0298
83.1680 39.0343
83.1739 39.0387
83.1797 39.0432
83.1855 39.0477
83.1913 39.0521
83.1971 39.0566
83.2029 39.0611
83.2088 39.0655
83.2146 39.0700
83.2204 39.0745
83.2262 39.0789
83.2320 39.0834
83.2378 39.0879
83.2437 39.0923
83.2495 39.0968
83.2553 39.1012
83.2611 39.1057
83.2669 39.1102
83.2727 39.1146
83.2786 39.1191
83.2844 39.1235
83.2902 39.1280
83.2960 39.1324
83.3018 39.1369
83.3076 39.1413
83.3135 39.1458
83.3193 39.1502
83.3251 39.1547
83.3309 39.1591
83.3367 39.1636
83.3425 39.1680
83.3484 39.1725
83.3542 39.1769
83.3600 39.1814
83.3658 39.1858
83.3716 39.1902
83.3774 39.1947
83.3833 39.1991
83.3891 39.2036
83.3949 39.2080
83.4007 39.2124
83.4065 39.2169
83.4123 39.2213
83.4182 39.2258
83.4240 39.2302
83.4298 39.2346
83.4356 39.2391
83.4414 39.2435
83.4472 39.2479
83.4531 39.2524
83.4589 39.2568
83.4647 39.2612
83.4705 39.2656
83.4763 39.2701
83.4821 39.2745
83.4879 39.2789
83.4938 39.2834
83.4996 39.2878
83.5054 39.2922
83.5112 39.2966
83.5170 39.3010
83.5228 39.3055
83.5287 39.3099
83.5345 39.3143
83.5403 39.3187
83.5461 39.3231
83.5519 39.3276
83.5577 39.3320
83.5636 39.3364
83.5694 39.3408
83.5752 39.3452
83.5810 39.3496
83.5868 39.3540
83.5926 39.3585
83.5984 39.3629
83.6043 39.3673
83.6101 39.3717
83.6159 39.3761
83.6217 39.3805
83.6275 39.3849
83.6333 39.3893
83.6392 39.3937
83.6450 39.3981
83.6508 39.4025
83.6566 39.4069
83.6624 39.4113
83.6682 39.4157
83.6740 39.4201
83.6799 39.4245
83.6857 39.4289
83.6915 39.4333
83.6973 39.4377
83.7031 39.4421
83.7089 39.4465
83.7147 39.4509
83.7206 39.4553
83.7264 39.4597
83.7322 39.4641
83.7380 39.4685
83.7438 39.4728
83.7496 39.4772
83.7555 39.4816
83.7613 39.4860
83.7671 39.4904
83.7729 39.4948
83.7787 39.4992
83.7845 39.5035
83.7903 39.5079
83.7962 39.5123
83.8020 39.5167
83.8078 39.5211
83.8136 39.5254
83.8194 39.5298
83.8252 39.5342
83.8310 39.5386
83.8369 39.5430
83.8427 39.5473
83.8485 39.5517
83.8543 39.5561
83.8601 39.5604
83.8659 39.5648
83.8717 39.5692
83.8776 39.5736
83.8834 39.5779
83.8892 39.5823
83.8950 39.5867
83.9008 39.5910
83.9066 39.5954
83.9124 39.5998
83.9183 39.6041
83.9241 39.6085
83.9299 39.6128
83.9357 39.6172
83.9415 39.6216
83.9473 39.6259
83.9531 39.6303
83.9590 39.6346
83.9648 39.6390
83.9706 39.6433
83.9764 39.6477
83.9822 39.6521
83.9880 39.6564
83.9938 39.6608
83.9996 39.6651
84.0055 39.6695
84.0113 39.6738
84.0171 39.6782
84.0229 39.6825
84.0287 39.6869
84.0345 39.6912
84.0403 39.6956
84.0462 39.6999
84.0520 39.7042
84.0578 39.7086
84.0636 39.7129
84.0694 39.7173
84.0752 39.7216
84.0810 39.7259
84.0869 39.7303
84.0927 39.7346
84.0985 39.7390
84.1043 39.7433
84.1101 39.7476
84.1159 39.7520
84.1217 39.7563
84.1275 39.7606
84.1334 39.7650
84.1392 39.7693
84.1450 39.7736
84.1508 39.7779
84.1566 39.7823
84.1624 39.7866
84.1682 39.7909
84.1740 39.7953
84.1799 39.7996
84.1857 39.8039
84.1915 39.8082
84.1973 39.8125
84.2031 39.8169
84.2089 39.8212
84.2147 39.8255
84.2206 39.8298
84.2264 39.8341
84.2322 39.8385
84.2380 39.8428
84.2438 39.8471
84.2496 39.8514
84.2554 39.8557
84.2612 39.8600
84.2671 39.8643
84.2729 39.8687
84.2787 39.8730
84.2845 39.8773
84.2903 39.8816
84.2961 39.8859
84.3019 39.8902
84.3077 39.8945
84.3136 39.8988
84.3194 39.9031
84.3252 39.9074
84.3310 39.9117
84.3368 39.9160
84.3426 39.9203
84.3484 39.9246
84.3542 39.9289
84.3601 39.9332
84.3659 39.9375
84.3717 39.9418
84.3775 39.9461
84.3833 39.9504
84.3891 39.9547
84.3949 39.9590
84.4007 39.9633
84.4066 39.9676
84.4124 39.9719
84.4182 39.9761
84.4240 39.9804
84.4298 39.9847
84.4356 39.9890
84.4414 39.9933
84.4472 39.9976
84.4531 40.0019
84.4589 40.0061
84.4647 40.0104
84.4705 40.0147
84.4763 40.0190
84.4821 40.0233
84.4879 40.0275
84.4938 40.0318
84.4996 40.0361
84.5054 40.0404
84.5112 40.0447
84.5170 40.0489
84.5228 40.0532
84.5286 40.0575
84.5344 40.0617
84.5403 40.0660
84.5461 40.0703
84.5519 40.0746
84.5577 40.0788
84.5635 40.0831
84.5693 40.0874
84.5751 40.0916
84.5809 40.0959
84.5868 40.1002
84.5926 40.1044
84.5984 40.1087
84.6042 40.1129
84.6100 40.1172
84.6158 40.1215
84.6216 40.1257
84.6274 40.1300
84.6333 40.1342
84.6391 40.1385
84.6449 40.1427
84.6507 40.1470
84.6565 40.1512
84.6623 40.1555
84.6681 40.1598
84.6739 40.1640
84.6798 40.1683
84.6856 40.1725
84.6914 40.1767
84.6972 40.1810
84.7030 40.1852
84.7088 40.1895
84.7146 40.1937
84.7204 40.1980
84.7263 40.2022
84.7321 40.2065
84.7379 40.2107
84.7437 40.2149
84.7495 40.2192
84.7553 40.2234
84.7611 40.2277
84.7669 40.2319
84.7728 40.2361
84.7786 40.2404
84.7844 40.2446
84.7902 40.2488
84.7960 40.2531
84.8018 40.2573
84.8076 40.2615
84.8134 40.2657
84.8192 40.2700
84.8251 40.2742
84.8309 40.2784
84.8367 40.2827
84.8425 40.2869
84.8483 40.2911
84.8541 40.2953
84.8599 40.2996
84.8657 40.3038
84.8716 40.3080
84.8774 40.3122
84.8832 40.3164
84.8890 40.3206
84.8948 40.3249
84.9006 40.3291
84.9064 40.3333
84.9122 40.3375
84.9181 40.3417
84.9239 40.3459
84.9297 40.3501
84.9355 40.3544
84.9413 40.3586
84.9471 40.3628
84.9529 40.3670
84.9587 40.3712
84.9646 40.3754
84.9704 40.3796
84.9762 40.3838
84.9820 40.3880
84.9878 40.3922
84.9936 40.3964
84.9994 40.4006
85.0052 40.4048
85.0110 40.4090
85.0169 40.4132
85.0227 40.4174
85.0285 40.4216
85.0343 40.4258
85.0401 40.4300
85.0459 40.4342
85.0517 40.4384
85.0575 40.4426
85.0634 40.4468
85.0692 40.4509
85.0750 40.4551
85.0808 40.4593
85.0866 40.4635
85.0924 40.4677
85.0982 40.4719
85.1040 40.4761
85.1098 40.4802
85.1157 40.4844
85.1215 40.4886
85.1273 40.4928
85.1331 40.4970
85.1389 40.5012
85.1447 40.5053
85.1505 40.5095
85.1563 40.5137
85.1622 40.5179
85.1680 40.5220
85.1738 40.5262
85.1796 40.5304
85.1854 40.5345
85.1912 40.5387
85.1970 40.5429
85.2028 40.5471
85.2086 40.5512
85.2145 40.5554
85.2203 40.5596
85.2261 40.5637
85.2319 40.5679
85.2377 40.5720
85.2435 40.5762
85.2493 40.5804
85.2551 40.5845
85.2609 40.5887
85.2668 40.5929
85.2726 40.5970
85.2784 40.6012
85.2842 40.6053
85.2900 40.6095
85.2958 40.6136
85.3016 40.6178
85.3074 40.6219
85.3132 40.6261
85.3191 40.6302
85.3249 40.6344
85.3307 40.6385
85.3365 40.6427
85.3423 40.6468
85.3481 40.6510
85.3539 40.6551
85.3597 40.6593
85.3656 40.6634
85.3714 40.6675
85.3772 40.6717
85.3830 40.6758
85.3888 40.6800
85.3946 40.6841
85.4004 40.6882
85.4062 40.6924
85.4120 40.6965
85.4179 40.7007
85.4237 40.7048
85.4295 40.7089
85.4353 40.7131
85.4411 40.7172
85.4469 40.7213
85.4527 40.7254
85.4585 40.7296
85.4643 40.7337
85.4702 40.7378
85.4760 40.7419
85.4818 40.7461
85.4876 40.7502
85.4934 40.7543
85.4992 40.7584
85.5050 40.7626
85.5108 40.7667
85.5166 40.7708
85.5225 40.7749
85.5283 40.7790
85.5341 40.7832
85.5399 40.7873
85.5457 40.7914
85.5515 40.7955
85.5573 40.7996
85.5631 40.8037
85.5689 40.8078
85.5748 40.8119
85.5806 40.8161
85.5864 40.8202
85.5922 40.8243
85.5980 40.8284
85.6038 40.8325
85.6096 40.8366
85.6154 40.8407
85.6212 40.8448
85.6271 40.8489
85.6329 40.8530
85.6387 40.8571
85.6445 40.8612
85.6503 40.8653
85.6561 40.8694
85.6619 40.8735
85.6677 40.8776
85.6736 40.8817
85.6794 40.8858
85.6852 40.8899
85.6910 40.8939
85.6968 40.8980
85.7026 40.9021
85.7084 40.9062
85.7142 40.9103
85.7200 40.9144
85.7259 40.9185
85.7317 40.9226
85.7375 40.9266
85.7433 40.9307
85.7491 40.9348
85.7549 40.9389
85.7607 40.9430
85.7665 40.9471
85.7724 40.9511
85.7782 40.9552
85.7840 40.9593
85.7898 40.9634
85.7956 40.9674
85.8014 40.9715
85.8072 40.9756
85.8130 40.9797
85.8188 40.9837
85.8247 40.9878
85.8305 40.9919
85.8363 40.9959
85.8421 41.0000
85.8479 41.0041
85.8537 41.0081
85.8595 41.0122
85.8653 41.0163
85.8712 41.0203
85.8770 41.0244
85.8828 41.0285
85.8886 41.0325
85.8944 41.0366
85.9002 41.0406
85.9060 41.0447
85.9118 41.0487
85.9176 41.0528
85.9235 41.0569
85.9293 41.0609
85.9351 41.0650
85.9409 41.0690
85.9467 41.0731
85.9525 41.0771
85.9583 41.0812
85.9641 41.0852
85.9700 41.0893
85.9758 41.0933
85.9816 41.0973
85.9874 41.1014
85.9932 41.1054
85.9990 41.1095
86.0048 41.1135
86.0106 41.1176
86.0164 41.1216
86.0223 41.1256
86.0281 41.1297
86.0339 41.1337
86.0397 41.1377
86.0455 41.1418
86.0513 41.1458
86.0571 41.1498
86.0629 41.1539
86.0688 41.1579
86.0746 41.1619
86.0804 41.1660
86.0862 41.1700
86.0920 41.1740
86.0978 41.1780
86.1036 41.1821
86.1094 41.1861
86.1152 41.1901
86.1211 41.1941
86.1269 41.1982
86.1327 41.2022
86.1385 41.2062
86.1443 41.2102
86.1501 41.2142
86.1559 41.2183
86.1617 41.2223
86.1676 41.2263
86.1734 41.2303
86.1792 41.2343
86.1850 41.2383
86.1908 41.2423
86.1966 41.2463
86.2024 41.2504
86.2082 41.2544
86.2141 41.2584
86.2199 41.2624
86.2257 41.2664
86.2315 41.2704
86.2373 41.2744
86.2431 41.2784
86.2489 41.2824
86.2547 41.2864
86.2605 41.2904
86.2664 41.2944
86.2722 41.2984
86.2780 41.3024
86.2838 41.3064
86.2896 41.3104
86.2954 41.3144
86.3012 41.3184
86.3070 41.3224
86.3129 41.3263
86.3187 41.3303
86.3245 41.3343
86.3303 41.3383
86.3361 41.3423
86.3419 41.3463
86.3477 41.3503
86.3535 41.3543
86.3593 41.3582
86.3652 41.3622
86.3710 41.3662
86.3768 41.3702
86.3826 41.3742
86.3884 41.3781
86.3942 41.3821
86.4000 41.3861
86.4058 41.3901
86.4117 41.3940
86.4175 41.3980
86.4233 41.4020
86.4291 41.4060
86.4349 41.4099
86.4407 41.4139
86.4465 41.4179
86.4523 41.4218
86.4582 41.4258
86.4640 41.4298
86.4698 41.4337
86.4756 41.4377
86.4814 41.4417
86.4872 41.4456
86.4930 41.4496
86.4988 41.4535
86.5046 41.4575
86.5105 41.4615
86.5163 41.4654
86.5221 41.4694
86.5279 41.4733
86.5337 41.4773
86.5395 41.4812
86.5453 41.4852
86.5511 41.4891
86.5570 41.4931
86.5628 41.4970
86.5686 41.5010
86.5744 41.5049
86.5802 41.5089
86.5860 41.5128
86.5918 41.5168
86.5976 41.5207
86.6034 41.5247
86.6093 41.5286
86.6151 41.5325
86.6209 41.5365
86.6267 41.5404
86.6325 41.5444
86.6383 41.5483
86.6441 41.5522
86.6499 41.5562
86.6558 41.5601
86.6616 41.5640
86.6674 41.5680
86.6732 41.5719
86.6790 41.5758
86.6848 41.5798
86.6906 41.5837
86.6964 41.5876
86.7023 41.5915
86.7081 41.5955
86.7139 41.5994
86.7197 41.6033
86.7255 41.6072
86.7313 41.6112
86.7371 41.6151
86.7429 41.6190
86.7488 41.6229
86.7546 41.6268
86.7604 41.6307
86.7662 41.6347
86.7720 41.6386
86.7778 41.6425
86.7836 41.6464
86.7894 41.6503
86.7953 41.6542
86.8011 41.6581
86.8069 41.6620
86.8127 41.6660
86.8185 41.6699
86.8243 41.6738
86.8301 41.6777
86.8359 41.6816
86.8418 41.6855
86.8476 41.6894
86.8534 41.6933
86.8592 41.6972
86.8650 41.7011
86.8708 41.7050
86.8766 41.7089
86.8824 41.7128
86.8883 41.7167
86.8941 41.7206
86.8999 41.7245
86.9057 41.7284
86.9115 41.7322
86.9173 41.7361
86.9231 41.7400
86.9289 41.7439
86.9348 41.7478
86.9406 41.7517
86.9464 41.7556
86.9522 41.7595
86.9580 41.7633
86.9638 41.7672
86.9696 41.7711
86.9755 41.7750
86.9813 41.7789
86.9871 41.7827
86.9929 41.7866
86.9987 41.7905
87.0045 41.7944
87.0103 41.7983
87.0161 41.8021
87.0220 41.8060
87.0278 41.8099
87.0336 41.8137
87.0394 41.8176
87.0452 41.8215
87.0510 41.8253
87.0568 41.8292
87.0627 41.8331
87.0685 41.8369
87.0743 41.8408
87.0801 41.8447
87.0859 41.8485
87.0917 41.8524
87.0975 41.8563
87.1033 41.8601
87.1092 41.8640
87.1150 41.8678
87.1208 41.8717
87.1266 41.8755
87.1324 41.8794
87.1382 41.8833
87.1440 41.8871
87.1499 41.8910
87.1557 41.8948
87.1615 41.8987
87.1673 41.9025
87.1731 41.9064
87.1789 41.9102
87.1847 41.9140
87.1905 41.9179
87.1964 41.9217
87.2022 41.9256
87.2080 41.9294
87.2138 41.9333
87.2196 41.9371
87.2254 41.9409
87.2312 41.9448
87.2371 41.9486
87.2429 41.9524
87.2487 41.9563
87.2545 41.9601
87.2603 41.9639
87.2661 41.9678
87.2719 41.9716
87.2778 41.9754
87.2836 41.9793
87.2894 41.9831
87.2952 41.9869
87.3010 41.9908
87.3068 41.9946
87.3126 41.9984
87.3184 42.0022
87.3243 42.0060
87.3301 42.0099
87.3359 42.0137
87.3417 42.0175
87.3475 42.0213
87.3533 42.0251
87.3591 42.0290
87.3650 42.0328
87.3708 42.0366
87.3766 42.0404
87.3824 42.0442
87.3882 42.0480
87.3940 42.0518
87.3998 42.0556
87.4057 42.0594
87.4115 42.0633
87.4173 42.0671
87.4231 42.0709
87.4289 42.0747
87.4347 42.0785
87.4405 42.0823
87.4464 42.0861
87.4522 42.0899
87.4580 42.0937
87.4638 42.0975
87.4696 42.1013
87.4754 42.1051
87.4812 42.1089
87.4871 42.1127
87.4929 42.1164
87.4987 42.1202
87.5045 42.1240
87.5103 42.1278
87.5161 42.1316
87.5219 42.1354
87.5278 42.1392
87.5336 42.1430
87.5394 42.1468
87.5452 42.1505
87.5510 42.1543
87.5568 42.1581
87.5626 42.1619
87.5685 42.1657
87.5743 42.1694
87.5801 42.1732
87.5859 42.1770
87.5917 42.1808
87.5975 42.1846
87.6033 42.1883
87.6092 42.1921
87.6150 42.1959
87.6208 42.1996
87.6266 42.2034
87.6324 42.2072
87.6382 42.2109
87.6440 42.2147
87.6499 42.2185
87.6557 42.2222
87.6615 42.2260
87.6673 42.2298
87.6731 42.2335
87.6789 42.2373
87.6847 42.2411
87.6906 42.2448
87.6964 42.2486
87.7022 42.2523
87.7080 42.2561
87.7138 42.2598
87.7196 42.2636
87.7254 42.2673
87.7313 42.2711
87.7371 42.2749
87.7429 42.2786
87.7487 42.2823
87.7545 42.2861
87.7603 42.2898
87.7661 42.2936
87.7720 42.2973
87.7778 42.3011
87.7836 42.3048
87.7894 42.3086
87.7952 42.3123
87.8010 42.3160
87.8068 42.3198
87.8127 42.3235
87.8185 42.3273
87.8243 42.3310
87.8301 42.3347
87.8359 42.3385
87.8417 42.3422
87.8475 42.3459
87.8534 42.3497
87.8592 42.3534
87.8650 42.3571
87.8708 42.3608
87.8766 42.3646
87.8824 42.3683
87.8882 42.3720
87.8941 42.3757
87.8999 42.3795
87.9057 42.3832
87.9115 42.3869
87.9173 42.3906
87.9231 42.3943
87.9290 42.3981
87.9348 42.4018
87.9406 42.4055
87.9464 42.4092
87.9522 42.4129
87.9580 42.4166
87.9638 42.4203
87.9697 42.4241
87.9755 42.4278
87.9813 42.4315
87.9871 42.4352
87.9929 42.4389
87.9987 42.4426
88.0046 42.4463
88.0104 42.4500
88.0162 42.4537
88.0220 42.4574
88.0278 42.4611
88.0336 42.4648
88.0394 42.4685
88.0453 42.4722
88.0511 42.4759
88.0569 42.4796
88.0627 42.4833
88.0685 42.4870
88.0743 42.4907
88.0802 42.4944
88.0860 42.4981
88.0918 42.5018
88.0976 42.5054
88.1034 42.5091
88.1092 42.5128
88.1151 42.5165
88.1209 42.5202
88.1267 42.5239
88.1325 42.5276
88.1383 42.5312
88.1441 42.5349
88.1499 42.5386
88.1558 42.5423
88.1616 42.5459
88.1674 42.5496
88.1732 42.5533
88.1790 42.5570
88.1848 42.5606
88.1907 42.5643
88.1965 42.5680
88.2023 42.5717
88.2081 42.5753
88.2139 42.5790
88.2197 42.5827
88.2256 42.5863
88.2314 42.5900
88.2372 42.5937
88.2430 42.5973
88.2488 42.6010
88.2546 42.6047
88.2605 42.6083
88.2663 42.6120
88.2721 42.6156
88.2779 42.6193
88.2837 42.6229
88.2895 42.6266
88.2954 42.6303
88.3012 42.6339
88.3070 42.6376
88.3128 42.6412
88.3186 42.6449
88.3244 42.6485
88.3303 42.6522
88.3361 42.6558
88.3419 42.6594
88.3477 42.6631
88.3535 42.6667
88.3593 42.6704
88.3652 42.6740
88.3710 42.6777
88.3768 42.6813
88.3826 42.6849
88.3884 42.6886
88.3942 42.6922
88.4001 42.6959
88.4059 42.6995
88.4117 42.7031
88.4175 42.7068
88.4233 42.7104
88.4291 42.7140
88.4350 42.7176
88.4408 42.7213
88.4466 42.7249
88.4524 42.7285
88.4582 42.7322
88.4640 42.7358
88.4699 42.7394
88.4757 42.7430
88.4815 42.7466
88.4873 42.7503
88.4931 42.7539
88.4989 42.7575
88.5048 42.7611
88.5106 42.7647
88.5164 42.7683
88.5222 42.7720
88.5280 42.7756
88.5339 42.7792
88.5397 42.7828
88.5455 42.7864
88.5513 42.7900
88.5571 42.7936
88.5629 42.7972
88.5688 42.8008
88.5746 42.8044
88.5804 42.8080
88.5862 42.8117
88.5920 42.8153
88.5978 42.8189
88.6037 42.8225
88.6095 42.8261
88.6153 42.8297
88.6211 42.8332
88.6269 42.8368
88.6327 42.8404
88.6386 42.8440
88.6444 42.8476
88.6502 42.8512
88.6560 42.8548
88.6618 42.8584
88.6677 42.8620
88.6735 42.8656
88.6793 42.8692
88.6851 42.8727
88.6909 42.8763
88.6967 42.8799
88.7026 42.8835
88.7084 42.8871
88.7142 42.8907
88.7200 42.8942
88.7258 42.8978
88.7316 42.9014
88.7375 42.9050
88.7433 42.9085
88.7491 42.9121
88.7549 42.9157
88.7607 42.9193
88.7666 42.9228
88.7724 42.9264
88.7782 42.9300
88.7840 42.9335
88.7898 42.9371
88.7956 42.9407
88.8015 42.9442
88.8073 42.9478
88.8131 42.9514
88.8189 42.9549
88.8247 42.9585
88.8306 42.9620
88.8364 42.9656
88.8422 42.9692
88.8480 42.9727
88.8538 42.9763
88.8596 42.9798
88.8655 42.9834
88.8713 42.9869
88.8771 42.9905
88.8829 42.9940
88.8887 42.9976
88.8946 43.0011
88.9004 43.0047
88.9062 43.0082
88.9120 43.0118
88.9178 43.0153
88.9236 43.0188
88.9295 43.0224
88.9353 43.0259
88.9411 43.0295
88.9469 43.0330
88.9527 43.0365
88.9586 43.0401
88.9644 43.0436
88.9702 43.0472
88.9760 43.0507
88.9818 43.0542
88.9876 43.0577
88.9935 43.0613
88.9993 43.0648
89.0051 43.0683
89.0109 43.0719
89.0167 43.0754
89.0226 43.0789
89.0284 43.0824
89.0342 43.0860
89.0400 43.0895
89.0458 43.0930
89.0516 43.0965
89.0575 43.1000
89.0633 43.1036
89.0691 43.1071
89.0749 43.1106
89.0807 43.1141
89.0866 43.1176
89.0924 43.1211
89.0982 43.1246
89.1040 43.1282
89.1098 43.1317
89.1157 43.1352
89.1215 43.1387
89.1273 43.1422
89.1331 43.1457
89.1389 43.1492
89.1447 43.1527
89.1506 43.1562
89.1564 43.1597
89.1622 43.1632
89.1680 43.1667
89.1738 43.1702
89.1797 43.1737
89.1855 43.1772
89.1913 43.1807
89.1971 43.1842
89.2029 43.1877
89.2088 43.1912
89.2146 43.1947
89.2204 43.1981
89.2262 43.2016
89.2320 43.2051
89.2379 43.2086
89.2437 43.2121
89.2495 43.2156
89.2553 43.2191
89.2611 43.2225
89.2670 43.2260
89.2728 43.2295
89.2786 43.2330
89.2844 43.2365
89.2902 43.2399
89.2961 43.2434
89.3019 43.2469
89.3077 43.2504
89.3135 43.2538
89.3193 43.2573
89.3252 43.2608
89.3310 43.2643
89.3368 43.2677
89.3426 43.2712
89.3484 43.2747
89.3543 43.2781
89.3601 43.2816
89.3659 43.2851
89.3717 43.2885
89.3775 43.2920
89.3834 43.2954
89.3892 43.2989
89.3950 43.3024
89.4008 43.3058
89.4066 43.3093
89.4125 43.3127
89.4183 43.3162
89.4241 43.3196
89.4299 43.3231
89.4357 43.3265
89.4416 43.3300
89.4474 43.3334
89.4532 43.3369
89.4590 43.3403
89.4648 43.3438
89.4707 43.3472
89.4765 43.3507
89.4823 43.3541
89.4881 43.3576
89.4940 43.3610
89.4998 43.3644
89.5056 43.3679
89.5114 43.3713
89.5172 43.3747
89.5231 43.3782
89.5289 43.3816
89.5347 43.3850
89.5405 43.3885
89.5463 43.3919
89.5522 43.3953
89.5580 43.3988
89.5638 43.4022
89.5696 43.4056
89.5754 43.4091
89.5813 43.4125
89.5871 43.4159
89.5929 43.4193
89.5987 43.4227
89.6046 43.4262
89.6104 43.4296
89.6162 43.4330
89.6220 43.4364
89.6278 43.4398
89.6337 43.4433
89.6395 43.4467
89.6453 43.4501
89.6511 43.4535
89.6569 43.4569
89.6628 43.4603
89.6686 43.4637
89.6744 43.4671
89.6802 43.4705
89.6860 43.4739
89.6919 43.4774
89.6977 43.4808
89.7035 43.4842
89.7093 43.4876
89.7152 43.4910
89.7210 43.4944
89.7268 43.4978
89.7326 43.5012
89.7384 43.5046
89.7443 43.5079
89.7501 43.5113
89.7559 43.5147
89.7617 43.5181
89.7676 43.5215
89.7734 43.5249
89.7792 43.5283
89.7850 43.5317
89.7908 43.5351
89.7967 43.5385
89.8025 43.5418
89.8083 43.5452
89.8141 43.5486
89.8199 43.5520
89.8258 43.5554
89.8316 43.5588
89.8374 43.5621
89.8432 43.5655
89.8491 43.5689
89.8549 43.5723
89.8607 43.5756
89.8665 43.5790
89.8723 43.5824
89.8782 43.5858
89.8840 43.5891
89.8898 43.5925
89.8956 43.5959
89.9015 43.5992
89.9073 43.6026
89.9131 43.6060
89.9189 43.6093
89.9247 43.6127
89.9306 43.6160
89.9364 43.6194
89.9422 43.6228
89.9480 43.6261
89.9539 43.6295
89.9597 43.6328
89.9655 43.6362
89.9713 43.6395
89.9771 43.6429
89.9830 43.6462
89.9888 43.6496
89.9946 43.6529
90.0004 43.6563
90.0063 43.6596
90.0121 43.6630
90.0179 43.6663
90.0237 43.6697
90.0295 43.6730
90.0354 43.6764
90.0412 43.6797
90.0470 43.6830
90.0528 43.6864
90.0587 43.6897
90.0645 43.6931
90.0703 43.6964
90.0761 43.6997
90.0820 43.7031
90.0878 43.7064
90.0936 43.7097
90.0994 43.7131
90.1052 43.7164
90.1111 43.7197
90.1169 43.7230
90.1227 43.7264
90.1285 43.7297
90.1344 43.7330
90.1402 43.7363
90.1460 43.7397
90.1518 43.7430
90.1576 43.7463
90.1635 43.7496
90.1693 43.7529
90.1751 43.7563
90.1809 43.7596
90.1868 43.7629
90.1926 43.7662
90.1984 43.7695
90.2042 43.7728
90.2101 43.7761
90.2159 43.7794
90.2217 43.7828
90.2275 43.7861
90.2333 43.7894
90.2392 43.7927
90.2450 43.7960
90.2508 43.7993
90.2566 43.8026
90.2625 43.8059
90.2683 43.8092
90.2741 43.8125
90.2799 43.8158
90.2858 43.8191
90.2916 43.8224
90.2974 43.8257
90.3032 43.8290
90.3090 43.8322
90.3149 43.8355
90.3207 43.8388
90.3265 43.8421
90.3323 43.8454
90.3382 43.8487
90.3440 43.8520
90.3498 43.8553
90.3556 43.8585
90.3615 43.8618
90.3673 43.8651
90.3731 43.8684
90.3789 43.8717
90.3848 43.8750
90.3906 43.8782
90.3964 43.8815
90.4022 43.8848
90.4081 43.8881
90.4139 43.8913
90.4197 43.8946
90.4255 43.8979
90.4313 43.9011
90.4372 43.9044
90.4430 43.9077
90.4488 43.9109
90.4546 43.9142
90.4605 43.9175
90.4663 43.9207
90.4721 43.9240
90.4779 43.9273
90.4838 43.9305
90.4896 43.9338
90.4954 43.9370
90.5012 43.9403
90.5071 43.9436
90.5129 43.9468
90.5187 43.9501
90.5245 43.9533
90.5304 43.9566
90.5362 43.9598
90.5420 43.9631
90.5478 43.9663
90.5537 43.9696
90.5595 43.9728
90.5653 43.9761
90.5711 43.9793
90.5770 43.9825
90.5828 43.9858
90.5886 43.9890
90.5944 43.9923
90.6003 43.9955
90.6061 43.9987
90.6119 44.0020
90.6177 44.0052
90.6236 44.0084
90.6294 44.0117
90.6352 44.0149
90.6410 44.0181
90.6469 44.0214
90.6527 44.0246
90.6585 44.0278
90.6643 44.0311
90.6702 44.0343
90.6760 44.0375
90.6818 44.0407
90.6876 44.0440
90.6935 44.0472
90.6993 44.0504
90.7051 44.0536
90.7109 44.0568
90.7168 44.0601
90.7226 44.0633
90.7284 44.0665
90.7343 44.0697
90.7401 44.0729
90.7459 44.0761
90.7517 44.0793
90.7576 44.0826
90.7634 44.0858
90.7692 44.0890
90.7750 44.0922
90.7809 44.0954
90.7867 44.0986
90.7925 44.1018
90.7983 44.1050
90.8042 44.1082
90.8100 44.1114
90.8158 44.1146
90.8216 44.1178
90.8275 44.1210
90.8333 44.1242
90.8391 44.1274
90.8449 44.1306
90.8508 44.1338
90.8566 44.1370
90.8624 44.1401
90.8682 44.1433
90.8741 44.1465
90.8799 44.1497
90.8857 44.1529
90.8916 44.1561
90.8974 44.1593
90.9032 44.1625
90.9090 44.1656
90.9149 44.1688
90.9207 44.1720
90.9265 44.1752
90.9323 44.1784
90.9382 44.1815
90.9440 44.1847
90.9498 44.1879
90.9556 44.1911
90.9615 44.1942
90.9673 44.1974
90.9731 44.2006
90.9789 44.2037
90.9848 44.2069
90.9906 44.2101
90.9964 44.2132
91.0023 44.2164
91.0081 44.2196
91.0139 44.2227
91.0197 44.2259
91.0256 44.2290
91.0314 44.2322
91.0372 44.2354
91.0430 44.2385
91.0489 44.2417
91.0547 44.2448
91.0605 44.2480
91.0663 44.2511
91.0722 44.2543
91.0780 44.2574
91.0838 44.2606
91.0897 44.2637
91.0955 44.2669
91.1013 44.2700
91.1071 44.2732
91.1130 44.2763
91.1188 44.2795
91.1246 44.2826
91.1304 44.2858
91.1363 44.2889
91.1421 44.2920
91.1479 44.2952
91.1538 44.2983
91.1596 44.3014
91.1654 44.3046
91.1712 44.3077
91.1771 44.3108
91.1829 44.3140
91.1887 44.3171
91.1945 44.3202
91.2004 44.3234
91.2062 44.3265
91.2120 44.3296
91.2178 44.3327
91.2237 44.3359
91.2295 44.3390
91.2353 44.3421
91.2412 44.3452
91.2470 44.3483
91.2528 44.3515
91.2586 44.3546
91.2645 44.3577
91.2703 44.3608
91.2761 44.3639
91.2819 44.3670
91.2878 44.3702
91.2936 44.3733
91.2994 44.3764
91.3053 44.3795
91.3111 44.3826
91.3169 44.3857
91.3227 44.3888
91.3286 44.3919
91.3344 44.3950
91.3402 44.3981
91.3460 44.4012
91.3519 44.4043
91.3577 44.4074
91.3635 44.4105
91.3694 44.4136
91.3752 44.4167
91.3810 44.4198
91.3868 44.4229
91.3927 44.4260
91.3985 44.4291
91.4043 44.4322
91.4102 44.4352
91.4160 44.4383
91.4218 44.4414
91.4276 44.4445
91.4335 44.4476
91.4393 44.4507
91.4451 44.4538
91.4509 44.4568
91.4568 44.4599
91.4626 44.4630
91.4684 44.4661
91.4743 44.4692
91.4801 44.4722
91.4859 44.4753
91.4917 44.4784
91.4976 44.4814
91.5034 44.4845
91.5092 44.4876
91.5151 44.4907
91.5209 44.4937
91.5267 44.4968
91.5325 44.4999
91.5384 44.5029
91.5442 44.5060
91.5500 44.5091
91.5559 44.5121
91.5617 44.5152
91.5675 44.5182
91.5733 44.5213
91.5792 44.5244
91.5850 44.5274
91.5908 44.5305
91.5967 44.5335
91.6025 44.5366
91.6083 44.5396
91.6141 44.5427
91.6200 44.5457
91.6258 44.5488
91.6316 44.5518
91.6375 44.5549
91.6433 44.5579
91.6491 44.5610
91.6549 44.5640
91.6608 44.5670
91.6666 44.5701
91.6724 44.5731
91.6783 44.5762
91.6841 44.5792
91.6899 44.5822
91.6958 44.5853
91.7016 44.5883
91.7074 44.5913
91.7132 44.5944
91.7191 44.5974
91.7249 44.6004
91.7307 44.6035
91.7366 44.6065
91.7424 44.6095
91.7482 44.6126
91.7540 44.6156
91.7599 44.6186
91.7657 44.6216
91.7715 44.6247
91.7774 44.6277
91.7832 44.6307
91.7890 44.6337
91.7949 44.6367
91.8007 44.6397
91.8065 44.6428
91.8123 44.6458
91.8182 44.6488
91.8240 44.6518
91.8298 44.6548
91.8357 44.6578
91.8415 44.6608
91.8473 44.6638
91.8532 44.6668
91.8590 44.6698
91.8648 44.6729
91.8706 44.6759
91.8765 44.6789
91.8823 44.6819
91.8881 44.6849
91.8940 44.6879
91.8998 44.6909
91.9056 44.6939
91.9115 44.6969
91.9173 44.6998
91.9231 44.7028
91.9289 44.7058
91.9348 44.7088
91.9406 44.7118
91.9464 44.7148
91.9523 44.7178
91.9581 44.7208
91.9639 44.7238
91.9698 44.7268
91.9756 44.7297
91.9814 44.7327
91.9873 44.7357
91.9931 44.7387
91.9989 44.7417
92.0047 44.7446
92.0106 44.7476
92.0164 44.7506
92.0222 44.7536
92.0281 44.7565
92.0339 44.7595
92.0397 44.7625
92.0456 44.7655
92.0514 44.7684
92.0572 44.7714
92.0631 44.7744
92.0689 44.7773
92.0747 44.7803
92.0805 44.7833
92.0864 44.7862
92.0922 44.7892
92.0980 44.7921
92.1039 44.7951
92.1097 44.7981
92.1155 44.8010
92.1214 44.8040
92.1272 44.8069
92.1330 44.8099
92.1389 44.8128
92.1447 44.8158
92.1505 44.8187
92.1563 44.8217
92.1622 44.8246
92.1680 44.8276
92.1738 44.8305
92.1797 44.8335
92.1855 44.8364
92.1913 44.8394
92.1972 44.8423
92.2030 44.8453
92.2088 44.8482
92.2147 44.8511
92.2205 44.8541
92.2263 44.8570
92.2322 44.8600
92.2380 44.8629
92.2438 44.8658
92.2496 44.8688
92.2555 44.8717
92.2613 44.8746
92.2671 44.8775
92.2730 44.8805
92.2788 44.8834
92.2846 44.8863
92.2905 44.8893
92.2963 44.8922
92.3021 44.8951
92.3080 44.8980
92.3138 44.9009
92.3196 44.9039
92.3255 44.9068
92.3313 44.9097
92.3371 44.9126
92.3430 44.9155
92.3488 44.9184
92.3546 44.9214
92.3604 44.9243
92.3663 44.9272
92.3721 44.9301
92.3779 44.9330
92.3838 44.9359
92.3896 44.9388
92.3954 44.9417
92.4013 44.9446
92.4071 44.9475
92.4129 44.9504
92.4188 44.9533
92.4246 44.9562
92.4304 44.9591
92.4363 44.9620
92.4421 44.9649
92.4479 44.9678
92.4538 44.9707
92.4596 44.9736
92.4654 44.9765
92.4713 44.9794
92.4771 44.9823
92.4829 44.9852
92.4887 44.9881
92.4946 44.9909
92.5004 44.9938
92.5062 44.9967
92.5121 44.9996
92.5179 45.0025
92.5237 45.0054
92.5296 45.0082
92.5354 45.0111
92.5412 45.0140
92.5471 45.0169
92.5529 45.0198
92.5587 45.0226
92.5646 45.0255
92.5704 45.0284
92.5762 45.0312
92.5821 45.0341
92.5879 45.0370
92.5937 45.0399
92.5996 45.0427
92.6054 45.0456
92.6112 45.0484
92.6171 45.0513
92.6229 45.0542
92.6287 45.0570
92.6345 45.0599
92.6404 45.0628
92.6462 45.0656
92.6520 45.0685
92.6579 45.0713
92.6637 45.0742
92.6695 45.0770
92.6754 45.0799
92.6812 45.0827
92.6870 45.0856
92.6929 45.0884
92.6987 45.0913
92.7045 45.0941
92.7104 45.0970
92.7162 45.0998
92.7220 45.1027
92.7279 45.1055
92.7337 45.1084
92.7395 45.1112
92.7454 45.1140
92.7512 45.1169
92.7570 45.1197
92.7629 45.1226
92.7687 45.1254
92.7745 45.1282
92.7804 45.1311
92.7862 45.1339
92.7920 45.1367
92.7979 45.1396
92.8037 45.1424
92.8095 45.1452
92.8154 45.1480
92.8212 45.1509
92.8270 45.1537
92.8329 45.1565
92.8387 45.1593
92.8445 45.1622
92.8504 45.1650
92.8562 45.1678
92.8620 45.1706
92.8679 45.1734
92.8737 45.1762
92.8795 45.1791
92.8854 45.1819
92.8912 45.1847
92.8970 45.1875
92.9029 45.1903
92.9087 45.1931
92.9145 45.1959
92.9204 45.1987
92.9262 45.2015
92.9320 45.2043
92.9379 45.2072
92.9437 45.2100
92.9495 45.2128
92.9554 45.2156
92.9612 45.2184
92.9670 45.2212
92.9729 45.2240
92.9787 45.2267
92.9846 45.2295
92.9904 45.2323
92.9962 45.2351
93.0021 45.2379
93.0079 45.2407
93.0137 45.2435
93.0196 45.2463
93.0254 45.2491
93.0312 45.2519
93.0371 45.2547
93.0429 45.2574
93.0487 45.2602
93.0546 45.2630
93.0604 45.2658
93.0662 45.2686
93.0721 45.2713
93.0779 45.2741
93.0837 45.2769
93.0896 45.2797
93.0954 45.2824
93.1012 45.2852
93.1071 45.2880
93.1129 45.2908
93.1187 45.2935
93.1246 45.2963
93.1304 45.2991
93.1362 45.3018
93.1421 45.3046
93.1479 45.3074
93.1538 45.3101
93.1596 45.3129
93.1654 45.3157
93.1713 45.3184
93.1771 45.3212
93.1829 45.3239
93.1888 45.3267
93.1946 45.3295
93.2004 45.3322
93.2063 45.3350
93.2121 45.3377
93.2179 45.3405
93.2238 45.3432
93.2296 45.3460
93.2354 45.3487
93.2413 45.3515
93.2471 45.3542
93.2529 45.3570
93.2588 45.3597
93.2646 45.3624
93.2705 45.3652
93.2763 45.3679
93.2821 45.3707
93.2880 45.3734
93.2938 45.3761
93.2996 45.3789
93.3055 45.3816
93.3113 45.3843
93.3171 45.3871
93.3230 45.3898
93.3288 45.3925
93.3346 45.3953
93.3405 45.3980
93.3463 45.4007
93.3521 45.4035
93.3580 45.4062
93.3638 45.4089
93.3697 45.4116
93.3755 45.4143
93.3813 45.4171
93.3872 45.4198
93.3930 45.4225
93.3988 45.4252
93.4047 45.4279
93.4105 45.4307
93.4163 45.4334
93.4222 45.4361
93.4280 45.4388
93.4338 45.4415
93.4397 45.4442
93.4455 45.4469
93.4513 45.4496
93.4572 45.4523
93.4630 45.4551
93.4689 45.4578
93.4747 45.4605
93.4805 45.4632
93.4864 45.4659
93.4922 45.4686
93.4980 45.4713
93.5039 45.4740
93.5097 45.4767
93.5155 45.4794
93.5214 45.4821
93.5272 45.4847
93.5330 45.4874
93.5389 45.4901
93.5447 45.4928
93.5506 45.4955
93.5564 45.4982
93.5622 45.5009
93.5681 45.5036
93.5739 45.5063
93.5797 45.5089
93.5856 45.5116
93.5914 45.5143
93.5972 45.5170
93.6031 45.5197
93.6089 45.5223
93.6148 45.5250
93.6206 45.5277
93.6264 45.5304
93.6323 45.5330
93.6381 45.5357
93.6439 45.5384
93.6498 45.5411
93.6556 45.5437
93.6614 45.5464
93.6673 45.5491
93.6731 45.5517
93.6789 45.5544
93.6848 45.5571
93.6906 45.5597
93.6965 45.5624
93.7023 45.5650
93.7081 45.5677
93.7140 45.5704
93.7198 45.5730
93.7256 45.5757
93.7315 45.5783
93.7373 45.5810
93.7431 45.5836
93.7490 45.5863
93.7548 45.5889
93.7606 45.5916
93.7665 45.5942
93.7723 45.5969
93.7782 45.5995
93.7840 45.6022
93.7898 45.6048
93.7957 45.6075
93.8015 45.6101
93.8073 45.6128
93.8132 45.6154
93.8190 45.6180
93.8248 45.6207
93.8307 45.6233
93.8365 45.6259
93.8424 45.6286
93.8482 45.6312
93.8540 45.6338
93.8599 45.6365
93.8657 45.6391
93.8715 45.6417
93.8774 45.6444
93.8832 45.6470
93.8890 45.6496
93.8949 45.6522
93.9007 45.6549
93.9066 45.6575
93.9124 45.6601
93.9182 45.6627
93.9241 45.6654
93.9299 45.6680
93.9357 45.6706
93.9416 45.6732
93.9474 45.6758
93.9533 45.6784
93.9591 45.6811
93.9649 45.6837
93.9708 45.6863
93.9766 45.6889
93.9824 45.6915
93.9883 45.6941
93.9941 45.6967
94.0000 45.6993
94.0058 45.7019
94.0116 45.7045
94.0175 45.7071
94.0233 45.7097
94.0291 45.7123
94.0350 45.7149
94.0408 45.7175
94.0467 45.7201
94.0525 45.7227
94.0583 45.7253
94.0642 45.7279
94.0700 45.7305
94.0758 45.7331
94.0817 45.7357
94.0875 45.7383
94.0934 45.7409
94.0992 45.7434
94.1050 45.7460
94.1109 45.7486
94.1167 45.7512
94.1225 45.7538
94.1284 45.7564
94.1342 45.7589
94.1401 45.7615
94.1459 45.7641
94.1517 45.7667
94.1576 45.7692
94.1634 45.7718
94.1692 45.7744
94.1751 45.7770
94.1809 45.7795
94.1868 45.7821
94.1926 45.7847
94.1984 45.7873
94.2043 45.7898
94.2101 45.7924
94.2159 45.7950
94.2218 45.7975
94.2276 45.8001
94.2335 45.8026
94.2393 45.8052
94.2451 45.8078
94.2510 45.8103
94.2568 45.8129
94.2627 45.8154
94.2685 45.8180
94.2743 45.8205
94.2802 45.8231
94.2860 45.8256
94.2918 45.8282
94.2977 45.8308
94.3035 45.8333
94.3094 45.8358
94.3152 45.8384
94.3210 45.8409
94.3269 45.8435
94.3327 45.8460
94.3385 45.8486
94.3444 45.8511
94.3502 45.8537
94.3561 45.8562
94.3619 45.8587
94.3677 45.8613
94.3736 45.8638
94.3794 45.8663
94.3853 45.8689
94.3911 45.8714
94.3969 45.8739
94.4028 45.8765
94.4086 45.8790
94.4145 45.8815
94.4203 45.8841
94.4261 45.8866
94.4320 45.8891
94.4378 45.8916
94.4436 45.8942
94.4495 45.8967
94.4553 45.8992
94.4612 45.9017
94.4670 45.9042
94.4728 45.9067
94.4787 45.9093
94.4845 45.9118
94.4904 45.9143
94.4962 45.9168
94.5020 45.9193
94.5079 45.9218
94.5137 45.9243
94.5195 45.9269
94.5254 45.9294
94.5312 45.9319
94.5371 45.9344
94.5429 45.9369
94.5487 45.9394
94.5546 45.9419
94.5604 45.9444
94.5663 45.9469
94.5721 45.9494
94.5779 45.9519
94.5838 45.9544
94.5896 45.9569
94.5955 45.9594
94.6013 45.9619
94.6071 45.9644
94.6130 45.9668
94.6188 45.9693
94.6247 45.9718
94.6305 45.9743
94.6363 45.9768
94.6422 45.9793
94.6480 45.9818
94.6538 45.9843
94.6597 45.9867
94.6655 45.9892
94.6714 45.9917
94.6772 45.9942
94.6830 45.9967
94.6889 45.9991
94.6947 46.0016
94.7006 46.0041
94.7064 46.0066
94.7122 46.0090
94.7181 46.0115
94.7239 46.0140
94.7298 46.0164
94.7356 46.0189
94.7414 46.0214
94.7473 46.0238
94.7531 46.0263
94.7590 46.0288
94.7648 46.0312
94.7706 46.0337
94.7765 46.0362
94.7823 46.0386
94.7881 46.0411
94.7940 46.0435
94.7998 46.0460
94.8057 46.0485
94.8115 46.0509
94.8173 46.0534
94.8232 46.0558
94.8290 46.0583
94.8349 46.0607
94.8407 46.0632
94.8465 46.0656
94.8524 46.0681
94.8582 46.0705
94.8641 46.0730
94.8699 46.0754
94.8757 46.0778
94.8816 46.0803
94.8874 46.0827
94.8933 46.0852
94.8991 46.0876
94.9049 46.0900
94.9108 46.0925
94.9166 46.0949
94.9225 46.0973
94.9283 46.0998
94.9341 46.1022
94.9400 46.1046
94.9458 46.1071
94.9516 46.1095
94.9575 46.1119
94.9633 46.1143
94.9692 46.1168
94.9750 46.1192
94.9808 46.1216
94.9867 46.1240
94.9925 46.1265
94.9984 46.1289
95.0042 46.1313
95.0100 46.1337
95.0159 46.1361
95.0217 46.1385
95.0276 46.1410
95.0334 46.1434
95.0392 46.1458
95.0451 46.1482
95.0509 46.1506
95.0568 46.1530
95.0626 46.1554
95.0684 46.1578
95.0743 46.1602
95.0801 46.1626
95.0860 46.1650
95.0918 46.1675
95.0976 46.1699
95.1035 46.1723
95.1093 46.1747
95.1152 46.1771
95.1210 46.1794
95.1268 46.1818
95.1327 46.1842
95.1385 46.1866
95.1444 46.1890
95.1502 46.1914
95.1560 46.1938
95.1619 46.1962
95.1677 46.1986
95.1736 46.2010
95.1794 46.2034
95.1852 46.2057
95.1911 46.2081
95.1969 46.2105
95.2028 46.2129
95.2086 46.2153
95.2144 46.2177
95.2203 46.2200
95.2261 46.2224
95.2320 46.2248
95.2378 46.2272
95.2436 46.2295
95.2495 46.2319
95.2553 46.2343
95.2612 46.2367
95.2670 46.2390
95.2728 46.2414
95.2787 46.2438
95.2845 46.2461
95.2904 46.2485
95.2962 46.2509
95.3020 46.2532
95.3079 46.2556
95.3137 46.2580
95.3196 46.2603
95.3254 46.2627
95.3313 46.2650
95.3371 46.2674
95.3429 46.2697
95.3488 46.2721
95.3546 46.2745
95.3605 46.2768
95.3663 46.2792
95.3721 46.2815
95.3780 46.2839
95.3838 46.2862
95.3897 46.2886
95.3955 46.2909
95.4013 46.2933
95.4072 46.2956
95.4130 46.2979
95.4189 46.3003
95.4247 46.3026
95.4305 46.3050
95.4364 46.3073
95.4422 46.3096
95.4481 46.3120
95.4539 46.3143
95.4598 46.3167
95.4656 46.3190
95.4714 46.3213
95.4773 46.3236
95.4831 46.3260
95.4890 46.3283
95.4948 46.3306
95.5006 46.3330
95.5065 46.3353
95.5123 46.3376
95.5182 46.3399
95.5240 46.3423
95.5298 46.3446
95.5357 46.3469
95.5415 46.3492
95.5474 46.3515
95.5532 46.3539
95.5591 46.3562
95.5649 46.3585
95.5707 46.3608
95.5766 46.3631
95.5824 46.3654
95.5883 46.3677
95.5941 46.3701
95.5999 46.3724
95.6058 46.3747
95.6116 46.3770
95.6175 46.3793
95.6233 46.3816
95.6291 46.3839
95.6350 46.3862
95.6408 46.3885
95.6467 46.3908
95.6525 46.3931
95.6584 46.3954
95.6642 46.3977
95.6700 46.4000
95.6759 46.4023
95.6817 46.4046
95.6876 46.4069
95.6934 46.4092
95.6992 46.4115
95.7051 46.4138
95.7109 46.4160
95.7168 46.4183
95.7226 46.4206
95.7285 46.4229
95.7343 46.4252
95.7401 46.4275
95.7460 46.4298
95.7518 46.4320
95.7577 46.4343
95.7635 46.4366
95.7693 46.4389
95.7752 46.4411
95.7810 46.4434
95.7869 46.4457
95.7927 46.4480
95.7986 46.4502
95.8044 46.4525
95.8102 46.4548
95.8161 46.4571
95.8219 46.4593
95.8278 46.4616
95.8336 46.4639
95.8394 46.4661
95.8453 46.4684
95.8511 46.4707
95.8570 46.4729
95.8628 46.4752
95.8687 46.4774
95.8745 46.4797
95.8803 46.4820
95.8862 46.4842
95.8920 46.4865
95.8979 46.4887
95.9037 46.4910
95.9095 46.4932
95.9154 46.4955
95.9212 46.4977
95.9271 46.5000
95.9329 46.5022
95.9388 46.5045
95.9446 46.5067
95.9504 46.5090
95.9563 46.5112
95.9621 46.5135
95.9680 46.5157
95.9738 46.5179
95.9796 46.5202
95.9855 46.5224
95.9913 46.5247
95.9972 46.5269
96.0030 46.5291
96.0089 46.5314
96.0147 46.5336
96.0205 46.5358
96.0264 46.5381
96.0322 46.5403
96.0381 46.5425
96.0439 46.5447
96.0498 46.5470
96.0556 46.5492
96.0614 46.5514
96.0673 46.5536
96.0731 46.5559
96.0790 46.5581
96.0848 46.5603
96.0906 46.5625
96.0965 46.5647
96.1023 46.5670
96.1082 46.5692
96.1140 46.5714
96.1199 46.5736
96.1257 46.5758
96.1315 46.5780
96.1374 46.5802
96.1432 46.5825
96.1491 46.5847
96.1549 46.5869
96.1607 46.5891
96.1666 46.5913
96.1724 46.5935
96.1783 46.5957
96.1841 46.5979
96.1900 46.6001
96.1958 46.6023
96.2016 46.6045
96.2075 46.6067
96.2133 46.6089
96.2192 46.6111
96.2250 46.6133
96.2308 46.6155
96.2367 46.6177
96.2425 46.6199
96.2484 46.6220
96.2542 46.6242
96.2601 46.6264
96.2659 46.6286
96.2717 46.6308
96.2776 46.6330
96.2834 46.6352
96.2893 46.6374
96.2951 46.6395
96.3009 46.6417
96.3068 46.6439
96.3126 46.6461
96.3185 46.6483
96.3243 46.6504
96.3302 46.6526
96.3360 46.6548
96.3418 46.6570
96.3477 46.6591
96.3535 46.6613
96.3594 46.6635
96.3652 46.6656
96.3711 46.6678
96.3769 46.6700
96.3827 46.6721
96.3886 46.6743
96.3944 46.6765
96.4003 46.6786
96.4061 46.6808
96.4120 46.6830
96.4178 46.6851
96.4236 46.6873
96.4295 46.6894
96.4353 46.6916
96.4412 46.6937
96.4470 46.6959
96.4528 46.6981
96.4587 46.7002
96.4645 46.7024
96.4704 46.7045
96.4762 46.7067
96.4821 46.7088
96.4879 46.7110
96.4937 46.7131
96.4996 46.7152
96.5054 46.7174
96.5113 46.7195
96.5171 46.7217
96.5230 46.7238
96.5288 46.7260
96.5346 46.7281
96.5405 46.7302
96.5463 46.7324
96.5522 46.7345
96.5580 46.7366
96.5639 46.7388
96.5697 46.7409
96.5755 46.7430
96.5814 46.7452
96.5872 46.7473
96.5931 46.7494
96.5989 46.7516
96.6048 46.7537
96.6106 46.7558
96.6164 46.7579
96.6223 46.7601
96.6281 46.7622
96.6340 46.7643
96.6398 46.7664
96.6457 46.7685
96.6515 46.7707
96.6573 46.7728
96.6632 46.7749
96.6690 46.7770
96.6749 46.7791
96.6807 46.7812
96.6866 46.7833
96.6924 46.7855
96.6982 46.7876
96.7041 46.7897
96.7099 46.7918
96.7158 46.7939
96.7216 46.7960
96.7275 46.7981
96.7333 46.8002
96.7392 46.8023
96.7450 46.8044
96.7508 46.8065
96.7567 46.8086
96.7625 46.8107
96.7684 46.8128
96.7742 46.8149
96.7801 46.8170
96.7859 46.8191
96.7917 46.8212
96.7976 46.8233
96.8034 46.8254
96.8093 46.8274
96.8151 46.8295
96.8210 46.8316
96.8268 46.8337
96.8326 46.8358
96.8385 46.8379
96.8443 46.8400
96.8502 46.8420
96.8560 46.8441
96.8619 46.8462
96.8677 46.8483
96.8735 46.8504
96.8794 46.8524
96.8852 46.8545
96.8911 46.8566
96.8969 46.8587
96.9028 46.8607
96.9086 46.8628
96.9144 46.8649
96.9203 46.8670
96.9261 46.8690
96.9320 46.8711
96.9378 46.8732
96.9437 46.8752
96.9495 46.8773
96.9554 46.8793
96.9612 46.8814
96.9670 46.8835
96.9729 46.8855
96.9787 46.8876
96.9846 46.8896
96.9904 46.8917
96.9963 46.8938
97.0021 46.8958
97.0079 46.8979
97.0138 46.8999
97.0196 46.9020
97.0255 46.9040
97.0313 46.9061
97.0372 46.9081
97.0430 46.9102
97.0488 46.9122
97.0547 46.9143
97.0605 46.9163
97.0664 46.9184
97.0722 46.9204
97.0781 46.9224
97.0839 46.9245
97.0898 46.9265
97.0956 46.9286
97.1014 46.9306
97.1073 46.9326
97.1131 46.9347
97.1190 46.9367
97.1248 46.9387
97.1307 46.9408
97.1365 46.9428
97.1423 46.9448
97.1482 46.9469
97.1540 46.9489
97.1599 46.9509
97.1657 46.9529
97.1716 46.9550
97.1774 46.9570
97.1832 46.9590
97.1891 46.9610
97.1949 46.9631
97.2008 46.9651
97.2066 46.9671
97.2125 46.9691
97.2183 46.9711
97.2241 46.9731
97.2300 46.9752
97.2358 46.9772
97.2417 46.9792
97.2475 46.9812
97.2534 46.9832
97.2592 46.9852
97.2651 46.9872
97.2709 46.9892
97.2767 46.9912
97.2826 46.9932
97.2884 46.9952
97.2943 46.9972
97.3001 46.9992
97.3060 47.0012
97.3118 47.0032
97.3176 47.0052
97.3235 47.0072
97.3293 47.0092
97.3352 47.0112
97.3410 47.0132
97.3469 47.0152
97.3527 47.0172
97.3585 47.0192
97.3644 47.0212
97.3702 47.0232
97.3761 47.0252
97.3819 47.0272
97.3878 47.0292
97.3936 47.0311
97.3994 47.0331
97.4053 47.0351
97.4111 47.0371
97.4170 47.0391
97.4228 47.0410
97.4287 47.0430
97.4345 47.0450
97.4403 47.0470
97.4462 47.0490
97.4520 47.0509
97.4579 47.0529
97.4637 47.0549
97.4696 47.0569
97.4754 47.0588
97.4813 47.0608
97.4871 47.0628
97.4929 47.0647
97.4988 47.0667
97.5046 47.0687
97.5105 47.0706
97.5163 47.0726
97.5222 47.0746
97.5280 47.0765
97.5338 47.0785
97.5397 47.0804
97.5455 47.0824
97.5514 47.0843
97.5572 47.0863
97.5631 47.0883
97.5689 47.0902
97.5747 47.0922
97.5806 47.0941
97.5864 47.0961
97.5923 47.0980
97.5981 47.1000
97.6040 47.1019
97.6098 47.1039
97.6156 47.1058
97.6215 47.1078
97.6273 47.1097
97.6332 47.1116
97.6390 47.1136
97.6449 47.1155
97.6507 47.1175
97.6566 47.1194
97.6624 47.1213
97.6682 47.1233
97.6741 47.1252
97.6799 47.1272
97.6858 47.1291
97.6916 47.1310
97.6975 47.1330
97.7033 47.1349
97.7091 47.1368
97.7150 47.1387
97.7208 47.1407
97.7267 47.1426
97.7325 47.1445
97.7384 47.1464
97.7442 47.1484
97.7501 47.1503
97.7559 47.1522
97.7617 47.1541
97.7676 47.1561
97.7734 47.1580
97.7793 47.1599
97.7851 47.1618
97.7910 47.1637
97.7968 47.1656
97.8026 47.1675
97.8085 47.1695
97.8143 47.1714
97.8202 47.1733
97.8260 47.1752
97.8319 47.1771
97.8377 47.1790
97.8436 47.1809
97.8494 47.1828
97.8552 47.1847
97.8611 47.1866
97.8669 47.1885
97.8728 47.1904
97.8786 47.1923
97.8845 47.1942
97.8903 47.1961
97.8962 47.1980
97.9020 47.1999
97.9078 47.2018
97.9137 47.2037
97.9195 47.2056
97.9254 47.2075
97.9312 47.2094
97.9371 47.2113
97.9429 47.2132
97.9487 47.2151
97.9546 47.2169
97.9604 47.2188
97.9663 47.2207
97.9721 47.2226
97.9780 47.2245
97.9838 47.2264
97.9897 47.2282
97.9955 47.2301
98.0013 47.2320
98.0072 47.2339
98.0130 47.2358
98.0189 47.2376
98.0247 47.2395
98.0306 47.2414
98.0364 47.2432
98.0423 47.2451
98.0481 47.2470
98.0539 47.2489
98.0598 47.2507
98.0656 47.2526
98.0715 47.2545
98.0773 47.2563
98.0832 47.2582
98.0890 47.2601
98.0948 47.2619
98.1007 47.2638
98.1065 47.2656
98.1124 47.2675
98.1182 47.2694
98.1241 47.2712
98.1299 47.2731
98.1358 47.2749
98.1416 47.2768
98.1474 47.2786
98.1533 47.2805
98.1591 47.2823
98.1650 47.2842
98.1708 47.2860
98.1767 47.2879
98.1825 47.2897
98.1884 47.2916
98.1942 47.2934
98.2000 47.2953
98.2059 47.2971
98.2117 47.2990
98.2176 47.3008
98.2234 47.3026
98.2293 47.3045
98.2351 47.3063
98.2410 47.3082
98.2468 47.3100
98.2526 47.3118
98.2585 47.3137
98.2643 47.3155
98.2702 47.3173
98.2760 47.3192
98.2819 47.3210
98.2877 47.3228
98.2935 47.3246
98.2994 47.3265
98.3052 47.3283
98.3111 47.3301
98.3169 47.3319
98.3228 47.3338
98.3286 47.3356
98.3345 47.3374
98.3403 47.3392
98.3461 47.3410
98.3520 47.3429
98.3578 47.3447
98.3637 47.3465
98.3695 47.3483
98.3754 47.3501
98.3812 47.3519
98.3871 47.3538
98.3929 47.3556
98.3987 47.3574
98.4046 47.3592
98.4104 47.3610
98.4163 47.3628
98.4221 47.3646
98.4280 47.3664
98.4338 47.3682
98.4396 47.3700
98.4455 47.3718
98.4513 47.3736
98.4572 47.3754
98.4630 47.3772
98.4689 47.3790
98.4747 47.3808
98.4806 47.3826
98.4864 47.3844
98.4922 47.3862
98.4981 47.3880
98.5039 47.3898
98.5098 47.3916
98.5156 47.3934
98.5215 47.3951
98.5273 47.3969
98.5332 47.3987
98.5390 47.4005
98.5448 47.4023
98.5507 47.4041
98.5565 47.4059
98.5624 47.4076
98.5682 47.4094
98.5741 47.4112
98.5799 47.4130
98.5857 47.4148
98.5916 47.4165
98.5974 47.4183
98.6033 47.4201
98.6091 47.4219
98.6150 47.4236
98.6208 47.4254
98.6267 47.4272
98.6325 47.4289
98.6383 47.4307
98.6442 47.4325
98.6500 47.4342
98.6559 47.4360
98.6617 47.4378
98.6676 47.4395
98.6734 47.4413
98.6792 47.4431
98.6851 47.4448
98.6909 47.4466
98.6968 47.4483
98.7026 47.4501
98.7085 47.4519
98.7143 47.4536
98.7201 47.4554
98.7260 47.4571
98.7318 47.4589
98.7377 47.4606
98.7435 47.4624
98.7494 47.4641
98.7552 47.4659
98.7611 47.4676
98.7669 47.4694
98.7727 47.4711
98.7786 47.4729
98.7844 47.4746
98.7903 47.4763
98.7961 47.4781
98.8020 47.4798
98.8078 47.4816
98.8136 47.4833
98.8195 47.4850
98.8253 47.4868
98.8312 47.4885
98.8370 47.4903
98.8429 47.4920
98.8487 47.4937
98.8545 47.4955
98.8604 47.4972
98.8662 47.4989
98.8721 47.5006
98.8779 47.5024
98.8838 47.5041
98.8896 47.5058
98.8955 47.5075
98.9013 47.5093
98.9071 47.5110
98.9130 47.5127
98.9188 47.5144
98.9247 47.5162
98.9305 47.5179
98.9364 47.5196
98.9422 47.5213
98.9480 47.5230
98.9539 47.5247
98.9597 47.5265
98.9656 47.5282
98.9714 47.5299
98.9773 47.5316
98.9831 47.5333
98.9890 47.5350
98.9948 47.5367
99.0006 47.5384
99.0065 47.5401
99.0123 47.5418
99.0182 47.5435
99.0240 47.5452
99.0299 47.5469
99.0357 47.5486
99.0416 47.5504
99.0474 47.5520
99.0532 47.5537
99.0591 47.5554
99.0649 47.5571
99.0708 47.5588
99.0766 47.5605
99.0825 47.5622
99.0883 47.5639
99.0941 47.5656
99.1000 47.5673
99.1058 47.5690
99.1117 47.5707
99.1175 47.5724
99.1234 47.5741
99.1292 47.5757
99.1351 47.5774
99.1409 47.5791
99.1467 47.5808
99.1526 47.5825
99.1584 47.5841
99.1643 47.5858
99.1701 47.5875
99.1760 47.5892
99.1818 47.5909
99.1876 47.5925
99.1935 47.5942
99.1993 47.5959
99.2052 47.5976
99.2110 47.5992
99.2169 47.6009
99.2227 47.6026
99.2286 47.6042
99.2344 47.6059
99.2402 47.6076
99.2461 47.6092
99.2519 47.6109
99.2578 47.6126
99.2636 47.6142
99.2695 47.6159
99.2753 47.6176
99.2812 47.6192
99.2870 47.6209
99.2928 47.6225
99.2987 47.6242
99.3045 47.6258
99.3104 47.6275
99.3162 47.6292
99.3221 47.6308
99.3279 47.6325
99.3337 47.6341
99.3396 47.6358
99.3454 47.6374
99.3513 47.6391
99.3571 47.6407
99.3630 47.6424
99.3688 47.6440
99.3747 47.6456
99.3805 47.6473
99.3863 47.6489
99.3922 47.6506
99.3980 47.6522
99.4039 47.6539
99.4097 47.6555
99.4156 47.6571
99.4214 47.6588
99.4273 47.6604
99.4331 47.6620
99.4389 47.6637
99.4448 47.6653
99.4506 47.6669
99.4565 47.6686
99.4623 47.6702
99.4682 47.6718
99.4740 47.6735
99.4798 47.6751
99.4857 47.6767
99.4915 47.6783
99.4974 47.6800
99.5032 47.6816
99.5091 47.6832
99.5149 47.6848
99.5208 47.6864
99.5266 47.6881
99.5324 47.6897
99.5383 47.6913
99.5441 47.6929
99.5500 47.6945
99.5558 47.6961
99.5617 47.6978
99.5675 47.6994
99.5733 47.7010
99.5792 47.7026
99.5850 47.7042
99.5909 47.7058
99.5967 47.7074
99.6026 47.7090
99.6084 47.7106
99.6143 47.7122
99.6201 47.7138
99.6259 47.7154
99.6318 47.7170
99.6376 47.7186
99.6435 47.7202
99.6493 47.7218
99.6552 47.7234
99.6610 47.7250
99.6668 47.7266
99.6727 47.7282
99.6785 47.7298
99.6844 47.7314
99.6902 47.7330
99.6961 47.7346
99.7019 47.7362
99.7077 47.7378
99.7136 47.7394
99.7194 47.7410
99.7253 47.7425
99.7311 47.7441
99.7370 47.7457
99.7428 47.7473
99.7487 47.7489
99.7545 47.7505
99.7603 47.7520
99.7662 47.7536
99.7720 47.7552
99.7779 47.7568
99.7837 47.7584
99.7896 47.7599
99.7954 47.7615
99.8012 47.7631
99.8071 47.7646
99.8129 47.7662
99.8188 47.7678
99.8246 47.7694
99.8305 47.7709
99.8363 47.7725
99.8421 47.7741
99.8480 47.7756
99.8538 47.7772
99.8597 47.7788
99.8655 47.7803
99.8714 47.7819
99.8772 47.7834
99.8830 47.7850
99.8889 47.7866
99.8947 47.7881
99.9006 47.7897
99.9064 47.7912
99.9123 47.7928
99.9181 47.7944
99.9239 47.7959
99.9298 47.7975
99.9356 47.7990
99.9415 47.8006
99.9473 47.8021
99.9532 47.8037
99.9590 47.8052
99.9649 47.8068
99.9707 47.8083
99.9765 47.8098
99.9824 47.8114
99.9882 47.8129
99.9941 47.8145
99.9999 47.8160
100.0057 47.8176
100.0116 47.8191
100.0174 47.8206
100.0233 47.8222
100.0291 47.8237
100.0350 47.8252
100.0408 47.8268
100.0466 47.8283
100.0525 47.8298
100.0583 47.8314
100.0642 47.8329
100.0700 47.8344
100.0759 47.8360
100.0817 47.8375
100.0875 47.8390
100.0934 47.8405
100.0992 47.8421
100.1051 47.8436
100.1109 47.8451
100.1168 47.8466
100.1226 47.8482
100.1284 47.8497
100.1343 47.8512
100.1401 47.8527
100.1460 47.8542
100.1518 47.8558
100.1577 47.8573
100.1635 47.8588
100.1693 47.8603
100.1752 47.8618
100.1810 47.8633
100.1869 47.8648
100.1927 47.8663
100.1986 47.8679
100.2044 47.8694
100.2103 47.8709
100.2161 47.8724
100.2219 47.8739
100.2278 47.8754
100.2336 47.8769
100.2395 47.8784
100.2453 47.8799
100.2512 47.8814
100.2570 47.8829
100.2628 47.8844
100.2687 47.8859
100.2745 47.8874
100.2804 47.8889
100.2862 47.8904
100.2921 47.8919
100.2979 47.8934
100.3037 47.8949
100.3096 47.8964
100.3154 47.8978
100.3213 47.8993
100.3271 47.9008
100.3330 47.9023
100.3388 47.9038
100.3446 47.9053
100.3505 47.9068
100.3563 47.9082
100.3622 47.9097
100.3680 47.9112
100.3739 47.9127
100.3797 47.9142
100.3855 47.9157
100.3914 47.9171
100.3972 47.9186
100.4031 47.9201
100.4089 47.9216
100.4148 47.9230
100.4206 47.9245
100.4264 47.9260
100.4323 47.9274
100.4381 47.9289
100.4440 47.9304
100.4498 47.9319
100.4557 47.9333
100.4615 47.9348
100.4673 47.9363
100.4732 47.9377
100.4790 47.9392
100.4849 47.9407
100.4907 47.9421
100.4966 47.9436
100.5024 47.9450
100.5082 47.9465
100.5141 47.9480
100.5199 47.9494
100.5258 47.9509
100.5316 47.9523
100.5375 47.9538
100.5433 47.9552
100.5491 47.9567
100.5550 47.9581
100.5608 47.9596
100.5667 47.9610
100.5725 47.9625
100.5784 47.9639
100.5842 47.9654
100.5900 47.9668
100.5959 47.9683
100.6017 47.9697
100.6076 47.9712
100.6134 47.9726
100.6193 47.9740
100.6251 47.9755
100.6309 47.9769
100.6368 47.9784
100.6426 47.9798
100.6485 47.9812
100.6543 47.9827
100.6602 47.9841
100.6660 47.9856
100.6718 47.9870
100.6777 47.9884
100.6835 47.9898
100.6894 47.9913
100.6952 47.9927
100.7011 47.9941
100.7069 47.9956
100.7127 47.9970
100.7186 47.9984
100.7244 47.9998
100.7303 48.0013
100.7361 48.0027
100.7420 48.0041
100.7478 48.0055
100.7536 48.0070
100.7595 48.0084
100.7653 48.0098
100.7712 48.0112
100.7770 48.0126
100.7829 48.0140
100.7887 48.0155
100.7945 48.0169
100.8004 48.0183
100.8062 48.0197
100.8121 48.0211
100.8179 48.0225
100.8237 48.0239
100.8296 48.0253
100.8354 48.0267
100.8413 48.0282
100.8471 48.0296
100.8530 48.0310
100.8588 48.0324
100.8646 48.0338
100.8705 48.0352
100.8763 48.0366
100.8822 48.0380
100.8880 48.0394
100.8939 48.0408
100.8997 48.0422
100.9055 48.0436
100.9114 48.0450
100.9172 48.0464
100.9231 48.0478
100.9289 48.0491
100.9348 48.0505
100.9406 48.0519
100.9464 48.0533
100.9523 48.0547
100.9581 48.0561
100.9640 48.0575
100.9698 48.0589
100.9756 48.0603
100.9815 48.0616
100.9873 48.0630
100.9932 48.0644
100.9990 48.0658
101.0049 48.0672
101.0107 48.0686
101.0165 48.0699
101.0224 48.0713
101.0282 48.0727
101.0341 48.0741
101.0399 48.0754
101.0458 48.0768
101.0516 48.0782
101.0574 48.0796
101.0633 48.0809
101.0691 48.0823
101.0750 48.0837
101.0808 48.0850
101.0866 48.0864
101.0925 48.0878
101.0983 48.0891
101.1042 48.0905
101.1100 48.0919
101.1159 48.0932
101.1217 48.0946
101.1275 48.0960
101.1334 48.0973
101.1392 48.0987
101.1451 48.1000
101.1509 48.1014
101.1567 48.1028
101.1626 48.1041
101.1684 48.1055
101.1743 48.1068
101.1801 48.1082
101.1860 48.1095
101.1918 48.1109
101.1976 48.1122
101.2035 48.1136
101.2093 48.1149
101.2152 48.1163
101.2210 48.1176
101.2268 48.1190
101.2327 48.1203
101.2385 48.1217
101.2444 48.1230
101.2502 48.1244
101.2561 48.1257
101.2619 48.1270
101.2677 48.1284
101.2736 48.1297
101.2794 48.1311
101.2853 48.1324
101.2911 48.1337
101.2969 48.1351
101.3028 48.1364
101.3086 48.1377
101.3145 48.1391
101.3203 48.1404
101.3262 48.1417
101.3320 48.1431
101.3378 48.1444
101.3437 48.1457
101.3495 48.1470
101.3554 48.1484
101.3612 48.1497
101.3670 48.1510
101.3729 48.1523
101.3787 48.1537
101.3846 48.1550
101.3904 48.1563
101.3962 48.1576
101.4021 48.1590
101.4079 48.1603
101.4138 48.1616
101.4196 48.1629
101.4255 48.1642
101.4313 48.1655
101.4371 48.1669
101.4430 48.1682
101.4488 48.1695
101.4547 48.1708
101.4605 48.1721
101.4663 48.1734
101.4722 48.1747
101.4780 48.1760
101.4839 48.1773
101.4897 48.1786
101.4955 48.1799
101.5014 48.1812
101.5072 48.1826
101.5131 48.1839
101.5189 48.1852
101.5248 48.1865
101.5306 48.1878
101.5364 48.1891
101.5423 48.1904
101.5481 48.1917
101.5540 48.1929
101.5598 48.1942
101.5656 48.1955
101.5715 48.1968
101.5773 48.1981
101.5832 48.1994
101.5890 48.2007
101.5948 48.2020
101.6007 48.2033
101.6065 48.2046
101.6124 48.2059
101.6182 48.2071
101.6241 48.2084
101.6299 48.2097
101.6357 48.2110
101.6416 48.2123
101.6474 48.2136
101.6533 48.2148
101.6591 48.2161
101.6649 48.2174
101.6708 48.2187
101.6766 48.2200
101.6825 48.2212
101.6883 48.2225
101.6941 48.2238
101.7000 48.2251
101.7058 48.2263
101.7117 48.2276
101.7175 48.2289
101.7234 48.2302
101.7292 48.2314
101.7350 48.2327
101.7409 48.2340
101.7467 48.2352
101.7526 48.2365
101.7584 48.2378
101.7642 48.2390
101.7701 48.2403
101.7759 48.2416
101.7818 48.2428
101.7876 48.2441
101.7934 48.2453
101.7993 48.2466
101.8051 48.2479
101.8110 48.2491
101.8168 48.2504
101.8226 48.2516
101.8285 48.2529
101.8343 48.2541
101.8402 48.2554
101.8460 48.2566
101.8519 48.2579
101.8577 48.2591
101.8635 48.2604
101.8694 48.2616
101.8752 48.2629
101.8811 48.2641
101.8869 48.2654
101.8927 48.2666
101.8986 48.2679
101.9044 48.2691
101.9103 48.2704
101.9161 48.2716
101.9219 48.2728
101.9278 48.2741
101.9336 48.2753
101.9395 48.2766
101.9453 48.2778
101.9511 48.2790
101.9570 48.2803
101.9628 48.2815
101.9687 48.2827
101.9745 48.2840
101.9804 48.2852
101.9862 48.2864
101.9920 48.2877
101.9979 48.2889
102.0037 48.2901
102.0096 48.2913
102.0154 48.2926
102.0212 48.2938
102.0271 48.2950
102.0329 48.2963
102.0388 48.2975
102.0446 48.2987
102.0504 48.2999
102.0563 48.3011
102.0621 48.3024
102.0680 48.3036
102.0738 48.3048
102.0796 48.3060
102.0855 48.3072
102.0913 48.3084
102.0972 48.3097
102.1030 48.3109
102.1088 48.3121
102.1147 48.3133
102.1205 48.3145
102.1264 48.3157
102.1322 48.3169
102.1380 48.3181
102.1439 48.3194
102.1497 48.3206
102.1556 48.3218
102.1614 48.3230
102.1673 48.3242
102.1731 48.3254
102.1789 48.3266
102.1848 48.3278
102.1906 48.3290
102.1965 48.3302
102.2023 48.3314
102.2081 48.3326
102.2140 48.3338
102.2198 48.3350
102.2257 48.3362
102.2315 48.3374
102.2373 48.3386
102.2432 48.3398
102.2490 48.3409
102.2549 48.3421
102.2607 48.3433
102.2665 48.3445
102.2724 48.3457
102.2782 48.3469
102.2841 48.3481
102.2899 48.3493
102.2957 48.3505
102.3016 48.3516
102.3074 48.3528
102.3133 48.3540
102.3191 48.3552
102.3249 48.3564
102.3308 48.3576
102.3366 48.3587
102.3425 48.3599
102.3483 48.3611
102.3541 48.3623
102.3600 48.3634
102.3658 48.3646
102.3717 48.3658
102.3775 48.3670
102.3833 48.3681
102.3892 48.3693
102.3950 48.3705
102.4009 48.3716
102.4067 48.3728
102.4125 48.3740
102.4184 48.3752
102.4242 48.3763
102.4301 48.3775
102.4359 48.3787
102.4417 48.3798
102.4476 48.3810
102.4534 48.3821
102.4592 48.3833
102.4651 48.3845
102.4709 48.3856
102.4768 48.3868
102.4826 48.3879
102.4884 48.3891
102.4943 48.3903
102.5001 48.3914
102.5060 48.3926
102.5118 48.3937
102.5176 48.3949
102.5235 48.3960
102.5293 48.3972
102.5352 48.3983
102.5410 48.3995
102.5468 48.4006
102.5527 48.4018
102.5585 48.4029
102.5644 48.4041
102.5702 48.4052
102.5760 48.4064
102.5819 48.4075
102.5877 48.4086
102.5936 48.4098
102.5994 48.4109
102.6052 48.4121
102.6111 48.4132
102.6169 48.4143
102.6227 48.4155
102.6286 48.4166
102.6344 48.4178
102.6403 48.4189
102.6461 48.4200
102.6519 48.4212
102.6578 48.4223
102.6636 48.4234
102.6695 48.4246
102.6753 48.4257
102.6811 48.4268
102.6870 48.4279
102.6928 48.4291
102.6987 48.4302
102.7045 48.4313
102.7103 48.4325
102.7162 48.4336
102.7220 48.4347
102.7278 48.4358
102.7337 48.4369
102.7395 48.4381
102.7454 48.4392
102.7512 48.4403
102.7570 48.4414
102.7629 48.4425
102.7687 48.4437
102.7746 48.4448
102.7804 48.4459
102.7862 48.4470
102.7921 48.4481
102.7979 48.4492
102.8038 48.4503
102.8096 48.4515
102.8154 48.4526
102.8213 48.4537
102.8271 48.4548
102.8329 48.4559
102.8388 48.4570
102.8446 48.4581
102.8505 48.4592
102.8563 48.4603
102.8621 48.4614
102.8680 48.4625
102.8738 48.4636
102.8797 48.4647
102.8855 48.4658
102.8913 48.4669
102.8972 48.4680
102.9030 48.4691
102.9088 48.4702
102.9147 48.4713
102.9205 48.4724
102.9264 48.4735
102.9322 48.4746
102.9380 48.4757
102.9439 48.4768
102.9497 48.4779
102.9556 48.4790
102.9614 48.4801
102.9672 48.4811
102.9731 48.4822
102.9789 48.4833
102.9848 48.4844
102.9906 48.4855
102.9964 48.4866
103.0023 48.4877
103.0081 48.4887
103.0139 48.4898
103.0198 48.4909
103.0256 48.4920
103.0315 48.4931
103.0373 48.4941
103.0431 48.4952
103.0490 48.4963
103.0548 48.4974
103.0607 48.4985
103.0665 48.4995
103.0723 48.5006
103.0782 48.5017
103.0840 48.5027
103.0898 48.5038
103.0957 48.5049
103.1015 48.5060
103.1074 48.5070
103.1132 48.5081
103.1190 48.5092
103.1249 48.5102
103.1307 48.5113
103.1366 48.5124
103.1424 48.5134
103.1482 48.5145
103.1541 48.5156
103.1599 48.5166
103.1657 48.5177
103.1716 48.5187
103.1774 48.5198
103.1833 48.5209
103.1891 48.5219
103.1949 48.5230
103.2008 48.5240
103.2066 48.5251
103.2125 48.5261
103.2183 48.5272
103.2241 48.5282
103.2300 48.5293
103.2358 48.5303
103.2416 48.5314
103.2475 48.5324
103.2533 48.5335
103.2592 48.5345
103.2650 48.5356
103.2708 48.5366
103.2767 48.5377
103.2825 48.5387
103.2883 48.5398
103.2942 48.5408
103.3000 48.5419
103.3059 48.5429
103.3117 48.5439
103.3175 48.5450
103.3234 48.5460
103.3292 48.5471
103.3351 48.5481
103.3409 48.5491
103.3467 48.5502
103.3526 48.5512
103.3584 48.5522
103.3642 48.5533
103.3701 48.5543
103.3759 48.5553
103.3818 48.5564
103.3876 48.5574
103.3934 48.5584
103.3993 48.5594
103.4051 48.5605
103.4109 48.5615
103.4168 48.5625
103.4226 48.5636
103.4285 48.5646
103.4343 48.5656
103.4401 48.5666
103.4460 48.5676
103.4518 48.5687
103.4576 48.5697
103.4635 48.5707
103.4693 48.5717
103.4752 48.5727
103.4810 48.5738
103.4868 48.5748
103.4927 48.5758
103.4985 48.5768
103.5044 48.5778
103.5102 48.5788
103.5160 48.5799
103.5219 48.5809
103.5277 48.5819
103.5335 48.5829
103.5394 48.5839
103.5452 48.5849
103.5511 48.5859
103.5569 48.5869
103.5627 48.5879
103.5686 48.5889
103.5744 48.5899
103.5802 48.5909
103.5861 48.5919
103.5919 48.5929
103.5978 48.5939
103.6036 48.5949
103.6094 48.5959
103.6153 48.5969
103.6211 48.5979
103.6269 48.5989
103.6328 48.5999
103.6386 48.6009
103.6444 48.6019
103.6503 48.6029
103.6561 48.6039
103.6620 48.6049
103.6678 48.6059
103.6736 48.6069
103.6795 48.6079
103.6853 48.6089
103.6911 48.6099
103.6970 48.6108
103.7028 48.6118
103.7087 48.6128
103.7145 48.6138
103.7203 48.6148
103.7262 48.6158
103.7320 48.6168
103.7378 48.6177
103.7437 48.6187
103.7495 48.6197
103.7554 48.6207
103.7612 48.6217
103.7670 48.6226
103.7729 48.6236
103.7787 48.6246
103.7845 48.6256
103.7904 48.6265
103.7962 48.6275
103.8020 48.6285
103.8079 48.6295
103.8137 48.6304
103.8196 48.6314
103.8254 48.6324
103.8312 48.6333
103.8371 48.6343
103.8429 48.6353
103.8487 48.6363
103.8546 48.6372
103.8604 48.6382
103.8663 48.6391
103.8721 48.6401
103.8779 48.6411
103.8838 48.6420
103.8896 48.6430
103.8954 48.6440
103.9013 48.6449
103.9071 48.6459
103.9129 48.6468
103.9188 48.6478
103.9246 48.6488
103.9304 48.6497
103.9363 48.6507
103.9421 48.6516
103.9480 48.6526
103.9538 48.6535
103.9596 48.6545
103.9655 48.6554
103.9713 48.6564
103.9771 48.6573
103.9830 48.6583
103.9888 48.6592
103.9946 48.6602
104.0005 48.6611
104.0063 48.6621
104.0122 48.6630
104.0180 48.6640
104.0238 48.6649
104.0297 48.6658
104.0355 48.6668
104.0413 48.6677
104.0472 48.6687
104.0530 48.6696
104.0588 48.6706
104.0647 48.6715
104.0705 48.6724
104.0763 48.6734
104.0822 48.6743
104.0880 48.6752
104.0939 48.6762
104.0997 48.6771
104.1055 48.6780
104.1114 48.6790
104.1172 48.6799
104.1230 48.6808
104.1289 48.6818
104.1347 48.6827
104.1405 48.6836
104.1464 48.6846
104.1522 48.6855
104.1581 48.6864
104.1639 48.6873
104.1697 48.6883
104.1756 48.6892
104.1814 48.6901
104.1872 48.6910
104.1931 48.6919
104.1989 48.6929
104.2047 48.6938
104.2106 48.6947
104.2164 48.6956
104.2222 48.6965
104.2281 48.6975
104.2339 48.6984
104.2398 48.6993
104.2456 48.7002
104.2514 48.7011
104.2573 48.7020
104.2631 48.7029
104.2689 48.7039
104.2748 48.7048
104.2806 48.7057
104.2864 48.7066
104.2923 48.7075
104.2981 48.7084
104.3039 48.7093
104.3098 48.7102
104.3156 48.7111
104.3215 48.7120
104.3273 48.7129
104.3331 48.7138
104.3390 48.7147
104.3448 48.7156
104.3506 48.7165
104.3565 48.7174
104.3623 48.7183
104.3681 48.7192
104.3740 48.7201
104.3798 48.7210
104.3856 48.7219
104.3915 48.7228
104.3973 48.7237
104.4031 48.7246
104.4090 48.7255
104.4148 48.7264
104.4207 48.7273
104.4265 48.7282
104.4323 48.7291
104.4382 48.7300
104.4440 48.7309
104.4498 48.7317
104.4557 48.7326
104.4615 48.7335
104.4673 48.7344
104.4732 48.7353
104.4790 48.7362
104.4848 48.7371
104.4907 48.7379
104.4965 48.7388
104.5024 48.7397
104.5082 48.7406
104.5140 48.7415
104.5199 48.7423
104.5257 48.7432
104.5315 48.7441
104.5374 48.7450
104.5432 48.7458
104.5490 48.7467
104.5549 48.7476
104.5607 48.7485
104.5665 48.7493
104.5724 48.7502
104.5782 48.7511
104.5840 48.7520
104.5899 48.7528
104.5957 48.7537
104.6016 48.7546
104.6074 48.7554
104.6132 48.7563
104.6191 48.7572
104.6249 48.7580
104.6307 48.7589
104.6366 48.7598
104.6424 48.7606
104.6482 48.7615
104.6541 48.7624
104.6599 48.7632
104.6657 48.7641
104.6716 48.7649
104.6774 48.7658
104.6832 48.7667
104.6891 48.7675
104.6949 48.7684
104.7007 48.7692
104.7066 48.7701
104.7124 48.7709
104.7183 48.7718
104.7241 48.7726
104.7299 48.7735
104.7358 48.7743
104.7416 48.7752
104.7474 48.7760
104.7533 48.7769
104.7591 48.7777
104.7649 48.7786
104.7708 48.7794
104.7766 48.7803
104.7824 48.7811
104.7883 48.7820
104.7941 48.7828
104.7999 48.7837
104.8058 48.7845
104.8116 48.7854
104.8174 48.7862
104.8233 48.7870
104.8291 48.7879
104.8349 48.7887
104.8408 48.7896
104.8466 48.7904
104.8524 48.7912
104.8583 48.7921
104.8641 48.7929
104.8700 48.7937
104.8758 48.7946
104.8816 48.7954
104.8875 48.7962
104.8933 48.7971
104.8991 48.7979
104.9050 48.7987
104.9108 48.7996
104.9166 48.8004
104.9225 48.8012
104.9283 48.8020
104.9341 48.8029
104.9400 48.8037
104.9458 48.8045
104.9516 48.8053
104.9575 48.8062
104.9633 48.8070
104.9691 48.8078
104.9750 48.8086
104.9808 48.8095
104.9866 48.8103
104.9925 48.8111
104.9983 48.8119
105.0041 48.8127
105.0100 48.8135
105.0158 48.8144
105.0216 48.8152
105.0275 48.8160
105.0333 48.8168
105.0391 48.8176
105.0450 48.8184
105.0508 48.8192
105.0566 48.8201
105.0625 48.8209
105.0683 48.8217
105.0742 48.8225
105.0800 48.8233
105.0858 48.8241
105.0917 48.8249
105.0975 48.8257
105.1033 48.8265
105.1092 48.8273
105.1150 48.8281
105.1208 48.8289
105.1267 48.8297
105.1325 48.8305
105.1383 48.8313
105.1442 48.8321
105.1500 48.8329
105.1558 48.8337
105.1617 48.8345
105.1675 48.8353
105.1733 48.8361
105.1792 48.8369
105.1850 48.8377
105.1908 48.8385
105.1967 48.8393
105.2025 48.8401
105.2083 48.8409
105.2142 48.8417
105.2200 48.8425
105.2258 48.8433
105.2317 48.8441
105.2375 48.8449
105.2433 48.8456
105.2492 48.8464
105.2550 48.8472
105.2608 48.8480
105.2667 48.8488
105.2725 48.8496
105.2783 48.8504
105.2842 48.8511
105.2900 48.8519
105.2958 48.8527
105.3017 48.8535
105.3075 48.8543
105.3133 48.8551
105.3192 48.8558
105.3250 48.8566
105.3308 48.8574
105.3367 48.8582
105.3425 48.8589
105.3483 48.8597
105.3542 48.8605
105.3600 48.8613
105.3658 48.8620
105.3716 48.8628
105.3775 48.8636
105.3833 48.8644
105.3891 48.8651
105.3950 48.8659
105.4008 48.8667
105.4066 48.8674
105.4125 48.8682
105.4183 48.8690
105.4241 48.8697
105.4300 48.8705
105.4358 48.8713
105.4416 48.8720
105.4475 48.8728
105.4533 48.8736
105.4591 48.8743
105.4650 48.8751
105.4708 48.8758
105.4766 48.8766
105.4825 48.8774
105.4883 48.8781
105.4941 48.8789
105.5000 48.8796
105.5058 48.8804
105.5116 48.8811
105.5175 48.8819
105.5233 48.8827
105.5291 48.8834
105.5350 48.8842
105.5408 48.8849
105.5466 48.8857
105.5525 48.8864
105.5583 48.8872
105.5641 48.8879
105.5700 48.8887
105.5758 48.8894
105.5816 48.8902
105.5875 48.8909
105.5933 48.8917
105.5991 48.8924
105.6050 48.8931
105.6108 48.8939
105.6166 48.8946
105.6224 48.8954
105.6283 48.8961
105.6341 48.8969
105.6399 48.8976
105.6458 48.8983
105.6516 48.8991
105.6574 48.8998
105.6633 48.9006
105.6691 48.9013
105.6749 48.9020
105.6808 48.9028
105.6866 48.9035
105.6924 48.9042
105.6983 48.9050
105.7041 48.9057
105.7099 48.9064
105.7158 48.9072
105.7216 48.9079
105.7274 48.9086
105.7333 48.9094
105.7391 48.9101
105.7449 48.9108
105.7508 48.9115
105.7566 48.9123
105.7624 48.9130
105.7683 48.9137
105.7741 48.9144
105.7799 48.9152
105.7858 48.9159
105.7916 48.9166
105.7974 48.9173
105.8032 48.9181
105.8091 48.9188
105.8149 48.9195
105.8207 48.9202
105.8266 48.9209
105.8324 48.9217
105.8382 48.9224
105.8441 48.9231
105.8499 48.9238
105.8557 48.9245
105.8616 48.9252
105.8674 48.9259
105.8732 48.9267
105.8791 48.9274
105.8849 48.9281
105.8907 48.9288
105.8966 48.9295
105.9024 48.9302
105.9082 48.9309
105.9141 48.9316
105.9199 48.9323
105.9257 48.9331
105.9316 48.9338
105.9374 48.9345
105.9432 48.9352
105.9491 48.9359
105.9549 48.9366
105.9607 48.9373
105.9665 48.9380
105.9724 48.9387
105.9782 48.9394
105.9840 48.9401
105.9899 48.9408
105.9957 48.9415
106.0015 48.9422
106.0074 48.9429
106.0132 48.9436
106.0190 48.9443
106.0249 48.9450
106.0307 48.9457
106.0365 48.9464
106.0424 48.9471
106.0482 48.9477
106.0540 48.9484
106.0599 48.9491
106.0657 48.9498
106.0715 48.9505
106.0773 48.9512
106.0832 48.9519
106.0890 48.9526
106.0948 48.9533
106.1007 48.9540
106.1065 48.9546
106.1123 48.9553
106.1182 48.9560
106.1240 48.9567
106.1298 48.9574
106.1357 48.9581
106.1415 48.9587
106.1473 48.9594
106.1532 48.9601
106.1590 48.9608
106.1648 48.9615
106.1707 48.9621
106.1765 48.9628
106.1823 48.9635
106.1881 48.9642
106.1940 48.9649
106.1998 48.9655
106.2056 48.9662
106.2115 48.9669
106.2173 48.9675
106.2231 48.9682
106.2290 48.9689
106.2348 48.9696
106.2406 48.9702
106.2465 48.9709
106.2523 48.9716
106.2581 48.9722
106.2640 48.9729
106.2698 48.9736
106.2756 48.9742
106.2814 48.9749
106.2873 48.9756
106.2931 48.9762
106.2989 48.9769
106.3048 48.9776
106.3106 48.9782
106.3164 48.9789
106.3223 48.9796
106.3281 48.9802
106.3339 48.9809
106.3398 48.9815
106.3456 48.9822
106.3514 48.9829
106.3572 48.9835
106.3631 48.9842
106.3689 48.9848
106.3747 48.9855
106.3806 48.9861
106.3864 48.9868
106.3922 48.9875
106.3981 48.9881
106.4039 48.9888
106.4097 48.9894
106.4156 48.9901
106.4214 48.9907
106.4272 48.9914
106.4330 48.9920
106.4389 48.9927
106.4447 48.9933
106.4505 48.9940
106.4564 48.9946
106.4622 48.9952
106.4680 48.9959
106.4739 48.9965
106.4797 48.9972
106.4855 48.9978
106.4914 48.9985
106.4972 48.9991
106.5030 48.9998
106.5088 49.0004
106.5147 49.0010
106.5205 49.0017
106.5263 49.0023
106.5322 49.0030
106.5380 49.0036
106.5438 49.0042
106.5497 49.0049
106.5555 49.0055
106.5613 49.0061
106.5671 49.0068
106.5730 49.0074
106.5788 49.0080
106.5846 49.0087
106.5905 49.0093
106.5963 49.0099
106.6021 49.0106
106.6080 49.0112
106.6138 49.0118
106.6196 49.0124
106.6254 49.0131
106.6313 49.0137
106.6371 49.0143
106.6429 49.0150
106.6488 49.0156
106.6546 49.0162
106.6604 49.0168
106.6663 49.0175
106.6721 49.0181
106.6779 49.0187
106.6837 49.0193
106.6896 49.0199
106.6954 49.0206
106.7012 49.0212
106.7071 49.0218
106.7129 49.0224
106.7187 49.0230
106.7246 49.0237
106.7304 49.0243
106.7362 49.0249
106.7420 49.0255
106.7479 49.0261
106.7537 49.0267
106.7595 49.0273
106.7654 49.0280
106.7712 49.0286
106.7770 49.0292
106.7829 49.0298
106.7887 49.0304
106.7945 49.0310
106.8003 49.0316
106.8062 49.0322
106.8120 49.0328
106.8178 49.0334
106.8237 49.0340
106.8295 49.0347
106.8353 49.0353
106.8411 49.0359
106.8470 49.0365
106.8528 49.0371
106.8586 49.0377
106.8645 49.0383
106.8703 49.0389
106.8761 49.0395
106.8819 49.0401
106.8878 49.0407
106.8936 49.0413
106.8994 49.0419
106.9053 49.0425
106.9111 49.0431
106.9169 49.0437
106.9228 49.0443
106.9286 49.0449
106.9344 49.0455
106.9402 49.0460
106.9461 49.0466
106.9519 49.0472
106.9577 49.0478
106.9636 49.0484
106.9694 49.0490
106.9752 49.0496
106.9810 49.0502
106.9869 49.0508
106.9927 49.0514
106.9985 49.0519
107.0044 49.0525
107.0102 49.0531
107.0160 49.0537
107.0218 49.0543
107.0277 49.0549
107.0335 49.0555
107.0393 49.0560
107.0452 49.0566
107.0510 49.0572
107.0568 49.0578
107.0627 49.0584
107.0685 49.0590
107.0743 49.0595
107.0801 49.0601
107.0860 49.0607
107.0918 49.0613
107.0976 49.0618
107.1035 49.0624
107.1093 49.0630
107.1151 49.0636
107.1209 49.0641
107.1268 49.0647
107.1326 49.0653
107.1384 49.0659
107.1443 49.0664
107.1501 49.0670
107.1559 49.0676
107.1617 49.0682
107.1676 49.0687
107.1734 49.0693
107.1792 49.0699
107.1851 49.0704
107.1909 49.0710
107.1967 49.0716
107.2025 49.0721
107.2084 49.0727
107.2142 49.0733
107.2200 49.0738
107.2259 49.0744
107.2317 49.0749
107.2375 49.0755
107.2433 49.0761
107.2492 49.0766
107.2550 49.0772
107.2608 49.0778
107.2667 49.0783
107.2725 49.0789
107.2783 49.0794
107.2841 49.0800
107.2900 49.0805
107.2958 49.0811
107.3016 49.0817
107.3075 49.0822
107.3133 49.0828
107.3191 49.0833
107.3249 49.0839
107.3308 49.0844
107.3366 49.0850
107.3424 49.0855
107.3483 49.0861
107.3541 49.0866
107.3599 49.0872
107.3657 49.0877
107.3716 49.0883
107.3774 49.0888
107.3832 49.0894
107.3891 49.0899
107.3949 49.0905
107.4007 49.0910
107.4065 49.0916
107.4124 49.0921
107.4182 49.0926
107.4240 49.0932
107.4299 49.0937
107.4357 49.0943
107.4415 49.0948
107.4473 49.0954
107.4532 49.0959
107.4590 49.0964
107.4648 49.0970
107.4707 49.0975
107.4765 49.0981
107.4823 49.0986
107.4881 49.0991
107.4940 49.0997
107.4998 49.1002
107.5056 49.1007
107.5115 49.1013
107.5173 49.1018
107.5231 49.1023
107.5289 49.1029
107.5348 49.1034
107.5406 49.1039
107.5464 49.1045
107.5523 49.1050
107.5581 49.1055
107.5639 49.1061
107.5697 49.1066
107.5756 49.1071
107.5814 49.1076
107.5872 49.1082
107.5930 49.1087
107.5989 49.1092
107.6047 49.1097
107.6105 49.1103
107.6164 49.1108
107.6222 49.1113
107.6280 49.1118
107.6338 49.1124
107.6397 49.1129
107.6455 49.1134
107.6513 49.1139
107.6572 49.1144
107.6630 49.1150
107.6688 49.1155
107.6746 49.1160
107.6805 49.1165
107.6863 49.1170
107.6921 49.1175
107.6980 49.1181
107.7038 49.1186
107.7096 49.1191
107.7154 49.1196
107.7213 49.1201
107.7271 49.1206
107.7329 49.1211
107.7387 49.1216
107.7446 49.1222
107.7504 49.1227
107.7562 49.1232
107.7621 49.1237
107.7679 49.1242
107.7737 49.1247
107.7795 49.1252
107.7854 49.1257
107.7912 49.1262
107.7970 49.1267
107.8028 49.1272
107.8087 49.1277
107.8145 49.1282
107.8203 49.1287
107.8262 49.1293
107.8320 49.1298
107.8378 49.1303
107.8436 49.1308
107.8495 49.1313
107.8553 49.1318
107.8611 49.1323
107.8670 49.1328
107.8728 49.1333
107.8786 49.1338
107.8844 49.1342
107.8903 49.1347
107.8961 49.1352
107.9019 49.1357
107.9077 49.1362
107.9136 49.1367
107.9194 49.1372
107.9252 49.1377
107.9311 49.1382
107.9369 49.1387
107.9427 49.1392
107.9485 49.1397
107.9544 49.1402
107.9602 49.1407
107.9660 49.1411
107.9718 49.1416
107.9777 49.1421
107.9835 49.1426
107.9893 49.1431
107.9951 49.1436
108.0010 49.1441
108.0068 49.1446
108.0126 49.1450
108.0185 49.1455
108.0243 49.1460
108.0301 49.1465
108.0359 49.1470
108.0418 49.1475
108.0476 49.1479
108.0534 49.1484
108.0592 49.1489
108.0651 49.1494
108.0709 49.1499
108.0767 49.1503
108.0825 49.1508
108.0884 49.1513
108.0942 49.1518
108.1000 49.1522
108.1059 49.1527
108.1117 49.1532
108.1175 49.1537
108.1233 49.1541
108.1292 49.1546
108.1350 49.1551
108.1408 49.1556
108.1466 49.1560
108.1525 49.1565
108.1583 49.1570
108.1641 49.1574
108.1699 49.1579
108.1758 49.1584
108.1816 49.1588
108.1874 49.1593
108.1933 49.1598
108.1991 49.1602
108.2049 49.1607
108.2107 49.1612
108.2166 49.1616
108.2224 49.1621
108.2282 49.1626
108.2340 49.1630
108.2399 49.1635
108.2457 49.1640
108.2515 49.1644
108.2573 49.1649
108.2632 49.1653
108.2690 49.1658
108.2748 49.1663
108.2806 49.1667
108.2865 49.1672
108.2923 49.1676
108.2981 49.1681
108.3039 49.1686
108.3098 49.1690
108.3156 49.1695
108.3214 49.1699
108.3273 49.1704
108.3331 49.1708
108.3389 49.1713
108.3447 49.1717
108.3506 49.1722
108.3564 49.1726
108.3622 49.1731
108.3680 49.1735
108.3739 49.1740
108.3797 49.1744
108.3855 49.1749
108.3913 49.1753
108.3972 49.1758
108.4030 49.1762
108.4088 49.1767
108.4146 49.1771
108.4205 49.1776
108.4263 49.1780
108.4321 49.1785
108.4379 49.1789
108.4438 49.1793
108.4496 49.1798
108.4554 49.1802
108.4612 49.1807
108.4671 49.1811
108.4729 49.1816
108.4787 49.1820
108.4845 49.1824
108.4904 49.1829
108.4962 49.1833
108.5020 49.1838
108.5079 49.1842
108.5137 49.1846
108.5195 49.1851
108.5253 49.1855
108.5312 49.1859
108.5370 49.1864
108.5428 49.1868
108.5486 49.1872
108.5545 49.1877
108.5603 49.1881
108.5661 49.1885
108.5719 49.1890
108.5778 49.1894
108.5836 49.1898
108.5894 49.1903
108.5952 49.1907
108.6011 49.1911
108.6069 49.1915
108.6127 49.1920
108.6185 49.1924
108.6244 49.1928
108.6302 49.1933
108.6360 49.1937
108.6418 49.1941
108.6477 49.1945
108.6535 49.1950
108.6593 49.1954
108.6651 49.1958
108.6710 49.1962
108.6768 49.1967
108.6826 49.1971
108.6884 49.1975
108.6943 49.1979
108.7001 49.1983
108.7059 49.1988
108.7117 49.1992
108.7176 49.1996
108.7234 49.2000
108.7292 49.2004
108.7350 49.2008
108.7409 49.2013
108.7467 49.2017
108.7525 49.2021
108.7584 49.2025
108.7642 49.2029
108.7700 49.2033
108.7758 49.2037
108.7817 49.2042
108.7875 49.2046
108.7933 49.2050
108.7991 49.2054
108.8050 49.2058
108.8108 49.2062
108.8166 49.2066
108.8224 49.2070
108.8283 49.2074
108.8341 49.2079
108.8399 49.2083
108.8457 49.2087
108.8516 49.2091
108.8574 49.2095
108.8632 49.2099
108.8690 49.2103
108.8749 49.2107
108.8807 49.2111
108.8865 49.2115
108.8923 49.2119
108.8982 49.2123
108.9040 49.2127
108.9098 49.2131
108.9156 49.2135
108.9215 49.2139
108.9273 49.2143
108.9331 49.2147
108.9389 49.2151
108.9448 49.2155
108.9506 49.2159
108.9564 49.2163
108.9622 49.2167
108.9681 49.2171
108.9739 49.2175
108.9797 49.2179
108.9855 49.2183
108.9914 49.2187
108.9972 49.2191
109.0030 49.2195
109.0088 49.2199
109.0147 49.2202
109.0205 49.2206
109.0263 49.2210
109.0321 49.2214
109.0380 49.2218
109.0438 49.2222
109.0496 49.2226
109.0554 49.2230
109.0613 49.2234
109.0671 49.2238
109.0729 49.2241
109.0787 49.2245
109.0846 49.2249
109.0904 49.2253
109.0962 49.2257
109.1020 49.2261
109.1079 49.2264
109.1137 49.2268
109.1195 49.2272
109.1253 49.2276
109.1312 49.2280
109.1370 49.2284
109.1428 49.2287
109.1486 49.2291
109.1545 49.2295
109.1603 49.2299
109.1661 49.2303
109.1719 49.2306
109.1778 49.2310
109.1836 49.2314
109.1894 49.2318
109.1952 49.2321
109.2011 49.2325
109.2069 49.2329
109.2127 49.2333
109.2185 49.2337
109.2244 49.2340
109.2302 49.2344
109.2360 49.2348
109.2418 49.2351
109.2477 49.2355
109.2535 49.2359
109.2593 49.2363
109.2651 49.2366
109.2709 49.2370
109.2768 49.2374
109.2826 49.2377
109.2884 49.2381
109.2942 49.2385
109.3001 49.2388
109.3059 49.2392
109.3117 49.2396
109.3175 49.2399
109.3234 49.2403
109.3292 49.2407
109.3350 49.2410
109.3408 49.2414
109.3467 49.2418
109.3525 49.2421
109.3583 49.2425
109.3641 49.2429
109.3700 49.2432
109.3758 49.2436
109.3816 49.2439
109.3874 49.2443
109.3933 49.2447
109.3991 49.2450
109.4049 49.2454
109.4107 49.2457
109.4166 49.2461
109.4224 49.2464
109.4282 49.2468
109.4340 49.2472
109.4399 49.2475
109.4457 49.2479
109.4515 49.2482
109.4573 49.2486
109.4631 49.2489
109.4690 49.2493
109.4748 49.2496
109.4806 49.2500
109.4864 49.2503
109.4923 49.2507
109.4981 49.2510
109.5039 49.2514
109.5097 49.2517
109.5156 49.2521
109.5214 49.2524
109.5272 49.2528
109.5330 49.2531
109.5389 49.2535
109.5447 49.2538
109.5505 49.2542
109.5563 49.2545
109.5622 49.2549
109.5680 49.2552
109.5738 49.2556
109.5796 49.2559
109.5854 49.2563
109.5913 49.2566
109.5971 49.2569
109.6029 49.2573
109.6087 49.2576
109.6146 49.2580
109.6204 49.2583
109.6262 49.2586
109.6320 49.2590
109.6379 49.2593
109.6437 49.2597
109.6495 49.2600
109.6553 49.2603
109.6612 49.2607
109.6670 49.2610
109.6728 49.2614
109.6786 49.2617
109.6844 49.2620
109.6903 49.2624
109.6961 49.2627
109.7019 49.2630
109.7077 49.2634
109.7136 49.2637
109.7194 49.2640
109.7252 49.2644
109.7310 49.2647
109.7369 49.2650
109.7427 49.2654
109.7485 49.2657
109.7543 49.2660
109.7601 49.2663
109.7660 49.2667
109.7718 49.2670
109.7776 49.2673
109.7834 49.2677
109.7893 49.2680
109.7951 49.2683
109.8009 49.2686
109.8067 49.2690
109.8126 49.2693
109.8184 49.2696
109.8242 49.2699
109.8300 49.2703
109.8358 49.2706
109.8417 49.2709
109.8475 49.2712
109.8533 49.2716
109.8591 49.2719
109.8650 49.2722
109.8708 49.2725
109.8766 49.2728
109.8824 49.2732
109.8882 49.2735
109.8941 49.2738
109.8999 49.2741
109.9057 49.2744
109.9115 49.2747
109.9174 49.2751
109.9232 49.2754
109.9290 49.2757
109.9348 49.2760
109.9407 49.2763
109.9465 49.2766
109.9523 49.2770
109.9581 49.2773
109.9639 49.2776
109.9698 49.2779
109.9756 49.2782
109.9814 49.2785
109.9872 49.2788
109.9931 49.2791
109.9989 49.2795
110.0047 49.2798
110.0105 49.2801
110.0164 49.2804
110.0222 49.2807
110.0280 49.2810
110.0338 49.2813
110.0396 49.2816
110.0455 49.2819
110.0513 49.2822
110.0571 49.2825
110.0629 49.2828
110.0688 49.2831
110.0746 49.2835
110.0804 49.2838
110.0862 49.2841
110.0920 49.2844
110.0979 49.2847
110.1037 49.2850
110.1095 49.2853
110.1153 49.2856
110.1212 49.2859
110.1270 49.2862
110.1328 49.2865
110.1386 49.2868
110.1445 49.2871
110.1503 49.2874
110.1561 49.2877
110.1619 49.2880
110.1677 49.2883
110.1736 49.2886
110.1794 49.2889
110.1852 49.2892
110.1910 49.2895
110.1969 49.2898
110.2027 49.2900
110.2085 49.2903
110.2143 49.2906
110.2201 49.2909
110.2260 49.2912
110.2318 49.2915
110.2376 49.2918
110.2434 49.2921
110.2493 49.2924
110.2551 49.2927
110.2609 49.2930
110.2667 49.2933
110.2726 49.2936
110.2784 49.2938
110.2842 49.2941
110.2900 49.2944
110.2958 49.2947
110.3017 49.2950
110.3075 49.2953
110.3133 49.2956
110.3191 49.2959
110.3250 49.2961
110.3308 49.2964
110.3366 49.2967
110.3424 49.2970
110.3482 49.2973
110.3541 49.2976
110.3599 49.2978
110.3657 49.2981
110.3715 49.2984
110.3774 49.2987
110.3832 49.2990
110.3890 49.2993
110.3948 49.2995
110.4006 49.2998
110.4065 49.3001
110.4123 49.3004
110.4181 49.3007
110.4239 49.3009
110.4298 49.3012
110.4356 49.3015
110.4414 49.3018
110.4472 49.3020
110.4530 49.3023
110.4589 49.3026
110.4647 49.3029
110.4705 49.3031
110.4763 49.3034
110.4822 49.3037
110.4880 49.3040
110.4938 49.3042
110.4996 49.3045
110.5054 49.3048
110.5113 49.3051
110.5171 49.3053
110.5229 49.3056
110.5287 49.3059
110.5346 49.3061
110.5404 49.3064
110.5462 49.3067
110.5520 49.3069
110.5578 49.3072
110.5637 49.3075
110.5695 49.3078
110.5753 49.3080
110.5811 49.3083
110.5870 49.3086
110.5928 49.3088
110.5986 49.3091
110.6044 49.3093
110.6102 49.3096
110.6161 49.3099
110.6219 49.3101
110.6277 49.3104
110.6335 49.3107
110.6394 49.3109
110.6452 49.3112
110.6510 49.3115
110.6568 49.3117
110.6626 49.3120
110.6685 49.3122
110.6743 49.3125
110.6801 49.3128
110.6859 49.3130
110.6918 49.3133
110.6976 49.3135
110.7034 49.3138
110.7092 49.3141
110.7150 49.3143
110.7209 49.3146
110.7267 49.3148
110.7325 49.3151
110.7383 49.3153
110.7442 49.3156
110.7500 49.3158
110.7558 49.3161
110.7616 49.3164
110.7674 49.3166
110.7733 49.3169
110.7791 49.3171
110.7849 49.3174
110.7907 49.3176
110.7965 49.3179
110.8024 49.3181
110.8082 49.3184
110.8140 49.3186
110.8198 49.3189
110.8257 49.3191
110.8315 49.3194
110.8373 49.3196
110.8431 49.3199
110.8489 49.3201
110.8548 49.3204
110.8606 49.3206
110.8664 49.3209
110.8722 49.3211
110.8781 49.3213
110.8839 49.3216
110.8897 49.3218
110.8955 49.3221
110.9013 49.3223
110.9072 49.3226
110.9130 49.3228
110.9188 49.3231
110.9246 49.3233
110.9304 49.3235
110.9363 49.3238
110.9421 49.3240
110.9479 49.3243
110.9537 49.3245
110.9596 49.3247
110.9654 49.3250
110.9712 49.3252
110.9770 49.3255
110.9828 49.3257
110.9887 49.3259
110.9945 49.3262
111.0003 49.3264
111.0061 49.3267
111.0119 49.3269
111.0178 49.3271
111.0236 49.3274
111.0294 49.3276
111.0352 49.3278
111.0411 49.3281
111.0469 49.3283
111.0527 49.3285
111.0585 49.3288
111.0643 49.3290
111.0702 49.3292
111.0760 49.3295
111.0818 49.3297
111.0876 49.3299
111.0934 49.3302
111.0993 49.3304
111.1051 49.3306
111.1109 49.3309
111.1167 49.3311
111.1225 49.3313
111.1284 49.3315
111.1342 49.3318
111.1400 49.3320
111.1458 49.3322
111.1517 49.3324
111.1575 49.3327
111.1633 49.3329
111.1691 49.3331
111.1749 49.3334
111.1808 49.3336
111.1866 49.3338
111.1924 49.3340
111.1982 49.3343
111.2040 49.3345
111.2099 49.3347
111.2157 49.3349
111.2215 49.3351
111.2273 49.3354
111.2331 49.3356
111.2390 49.3358
111.2448 49.3360
111.2506 49.3363
111.2564 49.3365
111.2622 49.3367
111.2681 49.3369
111.2739 49.3371
111.2797 49.3374
111.2855 49.3376
111.2914 49.3378
111.2972 49.3380
111.3030 49.3382
111.3088 49.3384
111.3146 49.3387
111.3205 49.3389
111.3263 49.3391
111.3321 49.3393
111.3379 49.3395
111.3437 49.3397
111.3496 49.3399
111.3554 49.3402
111.3612 49.3404
111.3670 49.3406
111.3728 49.3408
111.3787 49.3410
111.3845 49.3412
111.3903 49.3414
111.3961 49.3416
111.4019 49.3419
111.4078 49.3421
111.4136 49.3423
111.4194 49.3425
111.4252 49.3427
111.4310 49.3429
111.4369 49.3431
111.4427 49.3433
111.4485 49.3435
111.4543 49.3437
111.4601 49.3439
111.4660 49.3441
111.4718 49.3444
111.4776 49.3446
111.4834 49.3448
111.4892 49.3450
111.4951 49.3452
111.5009 49.3454
111.5067 49.3456
111.5125 49.3458
111.5183 49.3460
111.5242 49.3462
111.5300 49.3464
111.5358 49.3466
111.5416 49.3468
111.5475 49.3470
111.5533 49.3472
111.5591 49.3474
111.5649 49.3476
111.5707 49.3478
111.5766 49.3480
111.5824 49.3482
111.5882 49.3484
111.5940 49.3486
111.5998 49.3488
111.6057 49.3490
111.6115 49.3492
111.6173 49.3494
111.6231 49.3496
111.6289 49.3498
111.6348 49.3500
111.6406 49.3502
111.6464 49.3504
111.6522 49.3506
111.6580 49.3508
111.6639 49.3510
111.6697 49.3512
111.6755 49.3513
111.6813 49.3515
111.6871 49.3517
111.6930 49.3519
111.6988 49.3521
111.7046 49.3523
111.7104 49.3525
111.7162 49.3527
111.7221 49.3529
111.7279 49.3531
111.7337 49.3533
111.7395 49.3534
111.7453 49.3536
111.7512 49.3538
111.7570 49.3540
111.7628 49.3542
111.7686 49.3544
111.7744 49.3546
111.7803 49.3548
111.7861 49.3550
111.7919 49.3551
111.7977 49.3553
111.8035 49.3555
111.8094 49.3557
111.8152 49.3559
111.8210 49.3561
111.8268 49.3562
111.8326 49.3564
111.8385 49.3566
111.8443 49.3568
111.8501 49.3570
111.8559 49.3572
111.8618 49.3573
111.8676 49.3575
111.8734 49.3577
111.8792 49.3579
111.8850 49.3581
111.8909 49.3583
111.8967 49.3584
111.9025 49.3586
111.9083 49.3588
111.9141 49.3590
111.9200 49.3592
111.9258 49.3593
111.9316 49.3595
111.9374 49.3597
111.9432 49.3599
111.9491 49.3600
111.9549 49.3602
111.9607 49.3604
111.9665 49.3606
111.9723 49.3607
111.9782 49.3609
111.9840 49.3611
111.9898 49.3613
111.9956 49.3614
112.0014 49.3616
112.0073 49.3618
112.0131 49.3620
112.0189 49.3621
112.0247 49.3623
112.0305 49.3625
112.0364 49.3627
112.0422 49.3628
112.0480 49.3630
112.0538 49.3632
112.0596 49.3633
112.0655 49.3635
112.0713 49.3637
112.0771 49.3638
112.0829 49.3640
112.0887 49.3642
112.0946 49.3644
112.1004 49.3645
112.1062 49.3647
112.1120 49.3649
112.1178 49.3650
112.1237 49.3652
112.1295 49.3654
112.1353 49.3655
112.1411 49.3657
112.1469 49.3659
112.1528 49.3660
112.1586 49.3662
112.1644 49.3664
112.1702 49.3665
112.1760 49.3667
112.1819 49.3668
112.1877 49.3670
112.1935 49.3672
112.1993 49.3673
112.2051 49.3675
112.2110 49.3677
112.2168 49.3678
112.2226 49.3680
112.2284 49.3681
112.2342 49.3683
112.2401 49.3685
112.2459 49.3686
112.2517 49.3688
112.2575 49.3689
112.2633 49.3691
112.2692 49.3693
112.2750 49.3694
112.2808 49.3696
112.2866 49.3697
112.2924 49.3699
112.2983 49.3700
112.3041 49.3702
112.3099 49.3704
112.3157 49.3705
112.3215 49.3707
112.3274 49.3708
112.3332 49.3710
112.3390 49.3711
112.3448 49.3713
112.3506 49.3714
112.3565 49.3716
112.3623 49.3718
112.3681 49.3719
112.3739 49.3721
112.3797 49.3722
112.3855 49.3724
112.3914 49.3725
112.3972 49.3727
112.4030 49.3728
112.4088 49.3730
112.4146 49.3731
112.4205 49.3733
112.4263 49.3734
112.4321 49.3736
112.4379 49.3737
112.4437 49.3739
112.4496 49.3740
112.4554 49.3742
112.4612 49.3743
112.4670 49.3745
112.4728 49.3746
112.4787 49.3748
112.4845 49.3749
112.4903 49.3750
112.4961 49.3752
112.5019 49.3753
112.5078 49.3755
112.5136 49.3756
112.5194 49.3758
112.5252 49.3759
112.5310 49.3761
112.5369 49.3762
112.5427 49.3764
112.5485 49.3765
112.5543 49.3766
112.5601 49.3768
112.5660 49.3769
112.5718 49.3771
112.5776 49.3772
112.5834 49.3773
112.5892 49.3775
112.5951 49.3776
112.6009 49.3778
112.6067 49.3779
112.6125 49.3781
112.6183 49.3782
112.6241 49.3783
112.6300 49.3785
112.6358 49.3786
112.6416 49.3787
112.6474 49.3789
112.6532 49.3790
112.6591 49.3792
112.6649 49.3793
112.6707 49.3794
112.6765 49.3796
112.6823 49.3797
112.6882 49.3798
112.6940 49.3800
112.6998 49.3801
112.7056 49.3803
112.7114 49.3804
112.7173 49.3805
112.7231 49.3807
112.7289 49.3808
112.7347 49.3809
112.7405 49.3811
112.7463 49.3812
112.7522 49.3813
112.7580 49.3815
112.7638 49.3816
112.7696 49.3817
112.7754 49.3819
112.7813 49.3820
112.7871 49.3821
112.7929 49.3822
112.7987 49.3824
112.8045 49.3825
112.8104 49.3826
112.8162 49.3828
112.8220 49.3829
112.8278 49.3830
112.8336 49.3832
112.8395 49.3833
112.8453 49.3834
112.8511 49.3835
112.8569 49.3837
112.8627 49.3838
112.8685 49.3839
112.8744 49.3840
112.8802 49.3842
112.8860 49.3843
112.8918 49.3844
112.8976 49.3845
112.9035 49.3847
112.9093 49.3848
112.9151 49.3849
112.9209 49.3850
112.9267 49.3852
112.9326 49.3853
112.9384 49.3854
112.9442 49.3855
112.9500 49.3857
112.9558 49.3858
112.9616 49.3859
112.9675 49.3860
112.9733 49.3862
112.9791 49.3863
112.9849 49.3864
112.9907 49.3865
112.9966 49.3866
113.0024 49.3868
113.0082 49.3869
113.0140 49.3870
113.0198 49.3871
113.0257 49.3872
113.0315 49.3874
113.0373 49.3875
113.0431 49.3876
113.0489 49.3877
113.0547 49.3878
113.0606 49.3879
113.0664 49.3881
113.0722 49.3882
113.0780 49.3883
113.0838 49.3884
113.0897 49.3885
113.0955 49.3886
113.1013 49.3888
113.1071 49.3889
113.1129 49.3890
113.1188 49.3891
113.1246 49.3892
113.1304 49.3893
113.1362 49.3894
113.1420 49.3896
113.1478 49.3897
113.1537 49.3898
113.1595 49.3899
113.1653 49.3900
113.1711 49.3901
113.1769 49.3902
113.1828 49.3903
113.1886 49.3905
113.1944 49.3906
113.2002 49.3907
113.2060 49.3908
113.2119 49.3909
113.2177 49.3910
113.2235 49.3911
113.2293 49.3912
113.2351 49.3913
113.2409 49.3914
113.2468 49.3916
113.2526 49.3917
113.2584 49.3918
113.2642 49.3919
113.2700 49.3920
113.2759 49.3921
113.2817 49.3922
113.2875 49.3923
113.2933 49.3924
113.2991 49.3925
113.3050 49.3926
113.3108 49.3927
113.3166 49.3928
113.3224 49.3929
113.3282 49.3931
113.3340 49.3932
113.3399 49.3933
113.3457 49.3934
113.3515 49.3935
113.3573 49.3936
113.3631 49.3937
113.3690 49.3938
113.3748 49.3939
113.3806 49.3940
113.3864 49.3941
113.3922 49.3942
113.3980 49.3943
113.4039 49.3944
113.4097 49.3945
113.4155 49.3946
113.4213 49.3947
113.4271 49.3948
113.4330 49.3949
113.4388 49.3950
113.4446 49.3951
113.4504 49.3952
113.4562 49.3953
113.4621 49.3954
113.4679 49.3955
113.4737 49.3956
113.4795 49.3957
113.4853 49.3958
113.4911 49.3959
113.4970 49.3960
113.5028 49.3961
113.5086 49.3962
113.5144 49.3963
113.5202 49.3964
113.5261 49.3965
113.5319 49.3966
113.5377 49.3967
113.5435 49.3968
113.5493 49.3968
113.5552 49.3969
113.5610 49.3970
113.5668 49.3971
113.5726 49.3972
113.5784 49.3973
113.5842 49.3974
113.5901 49.3975
113.5959 49.3976
113.6017 49.3977
113.6075 49.3978
113.6133 49.3979
113.6192 49.3980
113.6250 49.3981
113.6308 49.3982
113.6366 49.3982
113.6424 49.3983
113.6482 49.3984
113.6541 49.3985
113.6599 49.3986
113.6657 49.3987
113.6715 49.3988
113.6773 49.3989
113.6832 49.3990
113.6890 49.3991
113.6948 49.3991
113.7006 49.3992
113.7064 49.3993
113.7123 49.3994
113.7181 49.3995
113.7239 49.3996
113.7297 49.3997
113.7355 49.3998
113.7413 49.3998
113.7472 49.3999
113.7530 49.4000
113.7588 49.4001
113.7646 49.4002
113.7704 49.4003
113.7763 49.4004
113.7821 49.4004
113.7879 49.4005
113.7937 49.4006
113.7995 49.4007
113.8053 49.4008
113.8112 49.4009
113.8170 49.4010
113.8228 49.4010
113.8286 49.4011
113.8344 49.4012
113.8403 49.4013
113.8461 49.4014
113.8519 49.4015
113.8577 49.4015
113.8635 49.4016
113.8694 49.4017
113.8752 49.4018
113.8810 49.4019
113.8868 49.4019
113.8926 49.4020
113.8984 49.4021
113.9043 49.4022
113.9101 49.4023
113.9159 49.4023
113.9217 49.4024
113.9275 49.4025
113.9334 49.4026
113.9392 49.4027
113.9450 49.4027
113.9508 49.4028
113.9566 49.4029
113.9624 49.4030
113.9683 49.4031
113.9741 49.4031
113.9799 49.4032
113.9857 49.4033
113.9915 49.4034
113.9974 49.4034
114.0032 49.4035
114.0090 49.4036
114.0148 49.4037
114.0206 49.4037
114.0264 49.4038
114.0323 49.4039
114.0381 49.4040
114.0439 49.4040
114.0497 49.4041
114.0555 49.4042
114.0614 49.4043
114.0672 49.4043
114.0730 49.4044
114.0788 49.4045
114.0846 49.4046
114.0904 49.4046
114.0963 49.4047
114.1021 49.4048
114.1079 49.4049
114.1137 49.4049
114.1195 49.4050
114.1254 49.4051
114.1312 49.4051
114.1370 49.4052
114.1428 49.4053
114.1486 49.4054
114.1544 49.4054
114.1603 49.4055
114.1661 49.4056
114.1719 49.4056
114.1777 49.4057
114.1835 49.4058
114.1894 49.4059
114.1952 49.4059
114.2010 49.4060
114.2068 49.4061
114.2126 49.4061
114.2184 49.4062
114.2243 49.4063
114.2301 49.4063
114.2359 49.4064
114.2417 49.4065
114.2475 49.4065
114.2534 49.4066
114.2592 49.4067
114.2650 49.4067
114.2708 49.4068
114.2766 49.4069
114.2824 49.4069
114.2883 49.4070
114.2941 49.4071
114.2999 49.4071
114.3057 49.4072
114.3115 49.4073
114.3174 49.4073
114.3232 49.4074
114.3290 49.4075
114.3348 49.4075
114.3406 49.4076
114.3464 49.4076
114.3523 49.4077
114.3581 49.4078
114.3639 49.4078
114.3697 49.4079
114.3755 49.4080
114.3813 49.4080
114.3872 49.4081
114.3930 49.4082
114.3988 49.4082
114.4046 49.4083
114.4104 49.4083
114.4163 49.4084
114.4221 49.4085
114.4279 49.4085
114.4337 49.4086
114.4395 49.4086
114.4453 49.4087
114.4512 49.4088
114.4570 49.4088
114.4628 49.4089
114.4686 49.4089
114.4744 49.4090
114.4803 49.4091
114.4861 49.4091
114.4919 49.4092
114.4977 49.4092
114.5035 49.4093
114.5093 49.4094
114.5152 49.4094
114.5210 49.4095
114.5268 49.4095
114.5326 49.4096
114.5384 49.4096
114.5442 49.4097
114.5501 49.4098
114.5559 49.4098
114.5617 49.4099
114.5675 49.4099
114.5733 49.4100
114.5791 49.4100
114.5850 49.4101
114.5908 49.4101
114.5966 49.4102
114.6024 49.4103
114.6082 49.4103
114.6141 49.4104
114.6199 49.4104
114.6257 49.4105
114.6315 49.4105
114.6373 49.4106
114.6431 49.4106
114.6490 49.4107
114.6548 49.4107
114.6606 49.4108
114.6664 49.4108
114.6722 49.4109
114.6780 49.4110
114.6839 49.4110
114.6897 49.4111
114.6955 49.4111
114.7013 49.4112
114.7071 49.4112
114.7130 49.4113
114.7188 49.4113
114.7246 49.4114
114.7304 49.4114
114.7362 49.4115
114.7420 49.4115
114.7479 49.4116
114.7537 49.4116
114.7595 49.4117
114.7653 49.4117
114.7711 49.4118
114.7769 49.4118
114.7828 49.4119
114.7886 49.4119
114.7944 49.4120
114.8002 49.4120
114.8060 49.4121
114.8119 49.4121
114.8177 49.4122
114.8235 49.4122
114.8293 49.4123
114.8351 49.4123
114.8409 49.4124
114.8468 49.4124
114.8526 49.4124
114.8584 49.4125
114.8642 49.4125
114.8700 49.4126
114.8759 49.4126
114.8817 49.4127
114.8875 49.4127
114.8933 49.4128
114.8991 49.4128
114.9049 49.4129
114.9108 49.4129
114.9166 49.4130
114.9224 49.4130
114.9282 49.4130
114.9340 49.4131
114.9398 49.4131
114.9457 49.4132
114.9515 49.4132
114.9573 49.4133
114.9631 49.4133
114.9689 49.4134
114.9748 49.4134
114.9806 49.4134
114.9864 49.4135
114.9922 49.4135
114.9980 49.4136
115.0038 49.4136
115.0097 49.4137
115.0155 49.4137
115.0213 49.4137
115.0271 49.4138
115.0329 49.4138
115.0387 49.4139
115.0446 49.4139
115.0504 49.4139
115.0562 49.4140
115.0620 49.4140
115.0678 49.4141
115.0737 49.4141
115.0795 49.4142
115.0853 49.4142
115.0911 49.4142
115.0969 49.4143
115.1027 49.4143
115.1086 49.4144
115.1144 49.4144
115.1202 49.4144
115.1260 49.4145
115.1318 49.4145
115.1376 49.4145
115.1435 49.4146
115.1493 49.4146
115.1551 49.4147
115.1609 49.4147
115.1667 49.4147
115.1726 49.4148
115.1784 49.4148
115.1842 49.4149
115.1900 49.4149
115.1958 49.4149
115.2016 49.4150
115.2075 49.4150
115.2133 49.4150
115.2191 49.4151
115.2249 49.4151
115.2307 49.4151
115.2365 49.4152
115.2424 49.4152
115.2482 49.4153
115.2540 49.4153
115.2598 49.4153
115.2656 49.4154
115.2715 49.4154
115.2773 49.4154
115.2831 49.4155
115.2889 49.4155
115.2947 49.4155
115.3005 49.4156
115.3064 49.4156
115.3122 49.4156
115.3180 49.4157
115.3238 49.4157
115.3296 49.4157
115.3354 49.4158
115.3413 49.4158
115.3471 49.4158
115.3529 49.4159
115.3587 49.4159
115.3645 49.4159
115.3704 49.4160
115.3762 49.4160
115.3820 49.4160
115.3878 49.4161
115.3936 49.4161
115.3994 49.4161
115.4053 49.4162
115.4111 49.4162
115.4169 49.4162
115.4227 49.4163
115.4285 49.4163
115.4344 49.4163
115.4402 49.4164
115.4460 49.4164
115.4518 49.4164
115.4576 49.4164
115.4634 49.4165
115.4693 49.4165
115.4751 49.4165
115.4809 49.4166
115.4867 49.4166
115.4925 49.4166
115.4983 49.4167
115.5042 49.4167
115.5100 49.4167
115.5158 49.4167
115.5216 49.4168
115.5274 49.4168
115.5333 49.4168
115.5391 49.4169
115.5449 49.4169
115.5507 49.4169
115.5565 49.4169
115.5623 49.4170
115.5682 49.4170
115.5740 49.4170
115.5798 49.4171
115.5856 49.4171
115.5914 49.4171
115.5972 49.4171
115.6031 49.4172
115.6089 49.4172
115.6147 49.4172
115.6205 49.4172
115.6263 49.4173
115.6321 49.4173
115.6380 49.4173
115.6438 49.4173
115.6496 49.4174
115.6554 49.4174
115.6612 49.4174
115.6671 49.4175
115.6729 49.4175
115.6787 49.4175
115.6845 49.4175
115.6903 49.4176
115.6961 49.4176
115.7020 49.4176
115.7078 49.4176
115.7136 49.4177
115.7194 49.4177
115.7252 49.4177
115.7310 49.4177
115.7369 49.4177
115.7427 49.4178
115.7485 49.4178
115.7543 49.4178
115.7601 49.4178
115.7660 49.4179
115.7718 49.4179
115.7776 49.4179
115.7834 49.4179
115.7892 49.4180
115.7950 49.4180
115.8009 49.4180
115.8067 49.4180
115.8125 49.4181
115.8183 49.4181
115.8241 49.4181
115.8299 49.4181
115.8358 49.4181
115.8416 49.4182
115.8474 49.4182
115.8532 49.4182
115.8590 49.4182
115.8649 49.4182
115.8707 49.4183
115.8765 49.4183
115.8823 49.4183
115.8881 49.4183
115.8939 49.4184
115.8998 49.4184
115.9056 49.4184
115.9114 49.4184
115.9172 49.4184
115.9230 49.4185
115.9288 49.4185
115.9347 49.4185
115.9405 49.4185
115.9463 49.4185
115.9521 49.4186
115.9579 49.4186
115.9637 49.4186
115.9696 49.4186
115.9754 49.4186
115.9812 49.4187
115.9870 49.4187
115.9928 49.4187
115.9987 49.4187
116.0045 49.4187
116.0103 49.4187
116.0161 49.4188
116.0219 49.4188
116.0277 49.4188
116.0336 49.4188
116.0394 49.4188
116.0452 49.4189
116.0510 49.4189
116.0568 49.4189
116.0626 49.4189
116.0685 49.4189
116.0743 49.4189
116.0801 49.4190
116.0859 49.4190
116.0917 49.4190
116.0975 49.4190
116.1034 49.4190
116.1092 49.4190
116.1150 49.4191
116.1208 49.4191
116.1266 49.4191
116.1324 49.4191
116.1383 49.4191
116.1441 49.4191
116.1499 49.4192
116.1557 49.4192
116.1615 49.4192
116.1674 49.4192
116.1732 49.4192
116.1790 49.4192
116.1848 49.4192
116.1906 49.4193
116.1964 49.4193
116.2023 49.4193
116.2081 49.4193
116.2139 49.4193
116.2197 49.4193
116.2255 49.4194
116.2313 49.4194
116.2372 49.4194
116.2430 49.4194
116.2488 49.4194
116.2546 49.4194
116.2604 49.4194
116.2662 49.4195
116.2721 49.4195
116.2779 49.4195
116.2837 49.4195
116.2895 49.4195
116.2953 49.4195
116.3011 49.4195
116.3070 49.4195
116.3128 49.4196
116.3186 49.4196
116.3244 49.4196
116.3302 49.4196
116.3360 49.4196
116.3419 49.4196
116.3477 49.4196
116.3535 49.4197
116.3593 49.4197
116.3651 49.4197
116.3710 49.4197
116.3768 49.4197
116.3826 49.4197
116.3884 49.4197
116.3942 49.4197
116.4000 49.4197
116.4059 49.4198
116.4117 49.4198
116.4175 49.4198
116.4233 49.4198
116.4291 49.4198
116.4349 49.4198
116.4408 49.4198
116.4466 49.4198
116.4524 49.4199
116.4582 49.4199
116.4640 49.4199
116.4698 49.4199
116.4757 49.4199
116.4815 49.4199
116.4873 49.4199
116.4931 49.4199
116.4989 49.4199
116.5047 49.4199
116.5106 49.4200
116.5164 49.4200
116.5222 49.4200
116.5280 49.4200
116.5338 49.4200
116.5397 49.4200
116.5455 49.4200
116.5513 49.4200
116.5571 49.4200
116.5629 49.4200
116.5687 49.4201
116.5746 49.4201
116.5804 49.4201
116.5862 49.4201
116.5920 49.4201
116.5978 49.4201
116.6036 49.4201
116.6095 49.4201
116.6153 49.4201
116.6211 49.4201
116.6269 49.4201
116.6327 49.4202
116.6385 49.4202
116.6444 49.4202
116.6502 49.4202
116.6560 49.4202
116.6618 49.4202
116.6676 49.4202
116.6734 49.4202
116.6793 49.4202
116.6851 49.4202
116.6909 49.4202
116.6967 49.4202
116.7025 49.4202
116.7084 49.4203
116.7142 49.4203
116.7200 49.4203
116.7258 49.4203
116.7316 49.4203
116.7374 49.4203
116.7433 49.4203
116.7491 49.4203
116.7549 49.4203
116.7607 49.4203
116.7665 49.4203
116.7723 49.4203
116.7782 49.4203
116.7840 49.4203
116.7898 49.4204
116.7956 49.4204
116.8014 49.4204
116.8072 49.4204
116.8131 49.4204
116.8189 49.4204
116.8247 49.4204
116.8305 49.4204
116.8363 49.4204
116.8422 49.4204
116.8480 49.4204
116.8538 49.4204
116.8596 49.4204
116.8654 49.4204
116.8712 49.4204
116.8771 49.4204
116.8829 49.4205
116.8887 49.4205
116.8945 49.4205
116.9003 49.4205
116.9061 49.4205
116.9120 49.4205
116.9178 49.4205
116.9236 49.4205
116.9294 49.4205
116.9352 49.4205
116.9410 49.4205
116.9469 49.4205
116.9527 49.4205
116.9585 49.4205
116.9643 49.4205
116.9701 49.4205
116.9760 49.4205
116.9818 49.4205
116.9876 49.4205
116.9934 49.4205
116.9992 49.4206
117.0050 49.4206
117.0109 49.4206
117.0167 49.4206
117.0225 49.4206
117.0283 49.4206
117.0341 49.4206
117.0399 49.4206
117.0458 49.4206
117.0516 49.4206
117.0574 49.4206
117.0632 49.4206
117.0690 49.4206
117.0748 49.4206
117.0807 49.4206
117.0865 49.4206
117.0923 49.4206
117.0981 49.4206
117.1039 49.4206
117.1098 49.4206
117.1156 49.4206
117.1214 49.4206
117.1272 49.4206
117.1330 49.4206
117.1388 49.4206
117.1447 49.4206
117.1505 49.4207
117.1563 49.4207
117.1621 49.4207
117.1679 49.4207
117.1737 49.4207
117.1796 49.4207
117.1854 49.4207
117.1912 49.4207
117.1970 49.4207
117.2028 49.4207
117.2086 49.4207
117.2145 49.4207
117.2203 49.4207
117.2261 49.4207
117.2319 49.4207
117.2377 49.4207
117.2436 49.4207
117.2494 49.4207
117.2552 49.4207
117.2610 49.4207
117.2668 49.4207
117.2726 49.4207
117.2785 49.4207
117.2843 49.4207
117.2901 49.4207
117.2959 49.4207
117.3017 49.4207
117.3075 49.4207
117.3134 49.4207
117.3192 49.4207
117.3250 49.4207
117.3308 49.4207
117.3366 49.4207
117.3424 49.4207
117.3483 49.4207
117.3541 49.4207
117.3599 49.4207
117.3657 49.4207
117.3715 49.4207
117.3774 49.4207
117.3832 49.4207
117.3890 49.4207
117.3948 49.4207
117.4006 49.4207
117.4064 49.4208
117.4123 49.4208
117.4181 49.4208
117.4239 49.4208
117.4297 49.4208
117.4355 49.4208
117.4413 49.4208
117.4472 49.4208
117.4530 49.4208
117.4588 49.4208
117.4646 49.4208
117.4704 49.4208
117.4762 49.4208
117.4821 49.4208
117.4879 49.4208
117.4937 49.4208
117.4995 49.4208
117.5053 49.4208
117.5112 49.4208
117.5170 49.4208
117.5228 49.4208
117.5286 49.4208
117.5344 49.4208
117.5402 49.4208
117.5461 49.4208
117.5519 49.4208
117.5577 49.4208
117.5635 49.4208
117.5693 49.4208
117.5751 49.4208
117.5810 49.4208
117.5868 49.4208
117.5926 49.4208
117.5984 49.4208
117.6042 49.4208
117.6100 49.4208
117.6159 49.4208
117.6217 49.4208
117.6275 49.4208
117.6333 49.4208
117.6391 49.4208
117.6449 49.4208
117.6508 49.4208
117.6566 49.4208
117.6624 49.4208
117.6682 49.4208
117.6740 49.4208
117.6799 49.4208
117.6857 49.4208
117.6915 49.4208
117.6973 49.4208
117.7031 49.4208
117.7089 49.4208
117.7148 49.4208
117.7206 49.4208
117.7264 49.4208
117.7322 49.4208
117.7380 49.4208
117.7438 49.4208
117.7497 49.4208
117.7555 49.4208
117.7613 49.4208
117.7671 49.4208
117.7729 49.4208
117.7787 49.4208
117.7846 49.4208
117.7904 49.4208
117.7962 49.4208
117.8020 49.4208
117.8078 49.4208
117.8136 49.4208
117.8195 49.4208
117.8253 49.4208
117.8311 49.4208
117.8369 49.4208
117.8427 49.4208
117.8486 49.4208
117.8544 49.4208
117.8602 49.4208
117.8660 49.4208
117.8718 49.4208
117.8776 49.4208
117.8835 49.4208
117.8893 49.4208
117.8951 49.4208
117.9009 49.4208
117.9067 49.4208
117.9125 49.4208
117.9184 49.4208
117.9242 49.4208
117.9300 49.4208
117.9358 49.4208
117.9416 49.4208
117.9474 49.4208
117.9533 49.4208
117.9591 49.4208
117.9649 49.4208
117.9707 49.4208
117.9765 49.4208
117.9823 49.4208
117.9882 49.4208
117.9940 49.4208
117.9998 49.4208
118.0056 49.4208
118.0114 49.4208
118.0172 49.4208
118.0231 49.4208
118.0289 49.4208
118.0347 49.4208
118.0405 49.4208
118.0463 49.4208
118.0521 49.4208
118.0580 49.4208
118.0638 49.4208
118.0696 49.4208
118.0754 49.4208
118.0812 49.4208
118.0870 49.4208
118.0929 49.4208
118.0987 49.4208
118.1045 49.4208
118.1103 49.4208
118.1161 49.4208
118.1219 49.4208
118.1278 49.4208
118.1336 49.4208
118.1394 49.4208
118.1452 49.4208
118.1510 49.4208
118.1568 49.4208
118.1627 49.4208
118.1685 49.4208
118.1743 49.4208
118.1801 49.4208
118.1859 49.4208
118.1917 49.4208
118.1976 49.4208
118.2034 49.4208
118.2092 49.4208
118.2150 49.4208
118.2208 49.4208
118.2266 49.4208
118.2325 49.4208
118.2383 49.4208
118.2441 49.4208
118.2499 49.4208
118.2557 49.4208
118.2615 49.4208
118.2674 49.4208
118.2732 49.4208
118.2790 49.4208
118.2848 49.4208
118.2906 49.4208
118.2964 49.4208
118.3023 49.4208
118.3081 49.4208
118.3139 49.4208
118.3197 49.4208
118.3255 49.4208
118.3313 49.4208
118.3372 49.4208
118.3430 49.4208
118.3488 49.4208
118.3546 49.4208
118.3604 49.4208
118.3662 49.4208
118.3721 49.4208
118.3779 49.4208
118.3837 49.4208
118.3895 49.4208
118.3953 49.4208
118.4011 49.4208
118.4070 49.4208
118.4128 49.4208
118.4186 49.4208
118.4244 49.4208
118.4302 49.4208
118.4361 49.4208
118.4419 49.4208
118.4477 49.4208
118.4535 49.4208
118.4593 49.4208
118.4651 49.4208
118.4710 49.4208
118.4768 49.4208
118.4826 49.4208
118.4884 49.4208
118.4942 49.4208
118.5000 49.4208
118.5059 49.4208
118.5117 49.4208
118.5175 49.4208
118.5233 49.4208
118.5291 49.4208
118.5349 49.4208
118.5408 49.4208
118.5466 49.4208
118.5524 49.4208
118.5582 49.4208
118.5640 49.4208
118.5698 49.4208
118.5757 49.4208
118.5815 49.4208
118.5873 49.4208
118.5931 49.4208
118.5989 49.4208
118.6047 49.4208
118.6106 49.4208
118.6164 49.4208
118.6222 49.4208
118.6280 49.4208
118.6338 49.4208
118.6396 49.4208
118.6455 49.4208
118.6513 49.4208
118.6571 49.4208
118.6629 49.4208
118.6687 49.4208
118.6745 49.4208
118.6804 49.4208
118.6862 49.4208
118.6920 49.4208
118.6978 49.4208
118.7036 49.4208
118.7094 49.4208
118.7153 49.4208
118.7211 49.4208
118.7269 49.4208
118.7327 49.4208
118.7385 49.4208
118.7443 49.4208
118.7502 49.4208
118.7560 49.4208
118.7618 49.4208
118.7676 49.4208
118.7734 49.4208
118.7792 49.4208
118.7851 49.4208
118.7909 49.4208
118.7967 49.4208
118.8025 49.4208
118.8083 49.4208
118.8141 49.4208
118.8200 49.4208
118.8258 49.4208
118.8316 49.4208
118.8374 49.4208
118.8432 49.4208
118.8490 49.4208
118.8549 49.4208
118.8607 49.4208
118.8665 49.4208
118.8723 49.4208
118.8781 49.4208
118.8839 49.4208
118.8898 49.4208
118.8956 49.4208
118.9014 49.4208
118.9072 49.4208
118.9130 49.4208
118.9188 49.4208
118.9247 49.4208
118.9305 49.4208
118.9363 49.4208
118.9421 49.4208
118.9479 49.4208
118.9537 49.4208
118.9596 49.4208
118.9654 49.4208
118.9712 49.4208
118.9770 49.4208
118.9828 49.4208
118.9886 49.4208
118.9945 49.4208
119.0003 49.4208
119.0061 49.4208
119.0119 49.4208
119.0177 49.4208
119.0235 49.4208
119.0294 49.4208
119.0352 49.4208
119.0410 49.4208
119.0468 49.4208
119.0526 49.4208
119.0584 49.4208
119.0643 49.4208
119.0701 49.4208
119.0759 49.4208
119.0817 49.4208
119.0875 49.4208
119.0933 49.4208
119.0992 49.4208
119.1050 49.4208
119.1108 49.4208
119.1166 49.4208
119.1224 49.4208
119.1282 49.4208
119.1341 49.4208
119.1399 49.4208
119.1457 49.4208
119.1515 49.4208
119.1573 49.4208
119.1631 49.4208
119.1690 49.4208
119.1748 49.4208
119.1806 49.4208
119.1864 49.4208
119.1922 49.4208
119.1980 49.4208
119.2039 49.4208
119.2097 49.4208
119.2155 49.4208
119.2213 49.4208
119.2271 49.4208
119.2329 49.4208
119.2388 49.4208
119.2446 49.4208
119.2504 49.4208
119.2562 49.4208
119.2620 49.4208
119.2678 49.4208
119.2737 49.4208
119.2795 49.4208
119.2853 49.4208
119.2911 49.4208
119.2969 49.4208
119.3027 49.4208
119.3086 49.4208
119.3144 49.4208
119.3202 49.4208
119.3260 49.4208
119.3318 49.4208
119.3377 49.4208
119.3435 49.4208
119.3493 49.4208
119.3551 49.4208
119.3609 49.4208
119.3667 49.4208
119.3726 49.4208
119.3784 49.4208
119.3842 49.4208
119.3900 49.4208
119.3958 49.4208
119.4016 49.4208
119.4075 49.4208
119.4133 49.4208
119.4191 49.4208
119.4249 49.4208
119.4307 49.4208
119.4365 49.4208
119.4424 49.4208
119.4482 49.4208
119.4540 49.4208
119.4598 49.4208
119.4656 49.4208
119.4714 49.4208
119.4773 49.4208
119.4831 49.4208
119.4889 49.4208
119.4947 49.4208
119.5005 49.4208
119.5063 49.4208
119.5122 49.4208
119.5180 49.4208
119.5238 49.4208
119.5296 49.4208
119.5354 49.4208
119.5412 49.4208
119.5471 49.4208
119.5529 49.4208
119.5587 49.4208
119.5645 49.4208
119.5703 49.4208
119.5761 49.4208
119.5820 49.4208
119.5878 49.4208
119.5936 49.4208
119.5994 49.4208
119.6052 49.4208
119.6110 49.4208
119.6169 49.4208
119.6227 49.4208
119.6285 49.4208
119.6343 49.4208
119.6401 49.4208
119.6459 49.4208
119.6518 49.4208
119.6576 49.4208
119.6634 49.4208
119.6692 49.4208
119.6750 49.4208
119.6808 49.4208
119.6867 49.4208
119.6925 49.4208
119.6983 49.4208
119.7041 49.4208
119.7099 49.4208
119.7157 49.4208
119.7216 49.4208
119.7274 49.4208
119.7332 49.4208
119.7390 49.4208
119.7448 49.4208
119.7506 49.4208
119.7565 49.4208
119.7623 49.4208
119.7681 49.4208
119.7739 49.4208
119.7797 49.4208
119.7855 49.4208
119.7914 49.4208
119.7972 49.4208
119.8030 49.4208
119.8088 49.4208
119.8146 49.4208
119.8204 49.4208
119.8263 49.4208
119.8321 49.4208
119.8379 49.4208
119.8437 49.4208
119.8495 49.4208
119.8553 49.4208
119.8612 49.4208
119.8670 49.4208
119.8728 49.4208
119.8786 49.4208
119.8844 49.4208
119.8902 49.4208
119.8961 49.4208
119.9019 49.4208
119.9077 49.4208
119.9135 49.4208
119.9193 49.4208
119.9251 49.4208
119.9310 49.4208
119.9368 49.4208
119.9426 49.4208
119.9484 49.4208
119.9542 49.4208
119.9600 49.4208
119.9659 49.4208
119.9717 49.4208
119.9775 49.4208
119.9833 49.4208
119.9891 49.4208
119.9949 49.4208
120.0008 49.4208
120.0066 49.4208
120.0124 49.4208
120.0182 49.4208
120.0240 49.4208
120.0298 49.4208
120.0357 49.4208
120.0415 49.4208
120.0473 49.4208
120.0531 49.4208
120.0589 49.4208
120.0647 49.4208
120.0706 49.4208
120.0764 49.4208
120.0822 49.4208
120.0880 49.4208
120.0938 49.4208
120.0996 49.4208
120.1055 49.4208
120.1113 49.4208
120.1171 49.4208
120.1229 49.4208
120.1287 49.4208
120.1345 49.4208
120.1404 49.4208
120.1462 49.4208
120.1520 49.4208
120.1578 49.4208
120.1636 49.4208
120.1694 49.4208
120.1753 49.4208
120.1811 49.4208
120.1869 49.4208
120.1927 49.4208
120.1985 49.4208
120.2043 49.4208
120.2102 49.4208
120.2160 49.4208
120.2218 49.4208
120.2276 49.4208
120.2334 49.4208
120.2392 49.4208
120.2451 49.4208
120.2509 49.4208
120.2567 49.4208
120.2625 49.4208
120.2683 49.4208
120.2742 49.4208
120.2800 49.4208
120.2858 49.4208
120.2916 49.4208
120.2974 49.4208
120.3032 49.4208
120.3091 49.4208
120.3149 49.4208
120.3207 49.4208
120.3265 49.4208
120.3323 49.4208
120.3381 49.4208
120.3440 49.4208
120.3498 49.4208
120.3556 49.4208
120.3614 49.4208
120.3672 49.4208
120.3730 49.4208
120.3789 49.4208
120.3847 49.4208
120.3905 49.4208
120.3963 49.4208
120.4021 49.4208
120.4079 49.4208
120.4138 49.4208
120.4196 49.4208
120.4254 49.4208
120.4312 49.4208
120.4370 49.4208
120.4428 49.4208
120.4487 49.4208
120.4545 49.4208
120.4603 49.4208
120.4661 49.4208
120.4719 49.4208
120.4777 49.4208
120.4836 49.4208
120.4894 49.4208
120.4952 49.4208
120.5010 49.4208
120.5068 49.4208
120.5126 49.4208
120.5185 49.4208
120.5243 49.4208
120.5301 49.4208
120.5359 49.4208
120.5417 49.4208
120.5475 49.4208
120.5534 49.4208
120.5592 49.4208
120.5650 49.4208
120.5708 49.4208
120.5766 49.4208
120.5824 49.4208
120.5883 49.4208
120.5941 49.4208
120.5999 49.4208
120.6057 49.4208
120.6115 49.4208
120.6173 49.4208
120.6232 49.4208
120.6290 49.4208
120.6348 49.4208
120.6406 49.4208
120.6464 49.4208
120.6522 49.4208
120.6581 49.4208
120.6639 49.4208
120.6697 49.4208
120.6755 49.4208
120.6813 49.4208
120.6871 49.4208
120.6930 49.4208
120.6988 49.4208
120.7046 49.4208
120.7104 49.4208
120.7162 49.4208
120.7220 49.4208
120.7279 49.4208
120.7337 49.4208
120.7395 49.4208
120.7453 49.4208
120.7511 49.4208
120.7569 49.4208
120.7628 49.4208
120.7686 49.4208
120.7744 49.4208
120.7802 49.4208
120.7860 49.4208
120.7918 49.4208
120.7977 49.4208
120.8035 49.4208
120.8093 49.4208
120.8151 49.4208
120.8209 49.4208
120.8267 49.4208
120.8326 49.4208
120.8384 49.4208
120.8442 49.4208
120.8500 49.4208
120.8558 49.4208
120.8616 49.4208
120.8675 49.4208
120.8733 49.4208
120.8791 49.4208
120.8849 49.4208
120.8907 49.4208
120.8965 49.4208
120.9024 49.4208
120.9082 49.4208
120.9140 49.4208
120.9198 49.4208
120.9256 49.4208
120.9314 49.4208
120.9373 49.4208
120.9431 49.4208
120.9489 49.4208
120.9547 49.4208
120.9605 49.4208
120.9663 49.4208
120.9722 49.4208
120.9780 49.4208
120.9838 49.4208
120.9896 49.4208
120.9954 49.4208
121.0012 49.4208
121.0071 49.4208
121.0129 49.4208
121.0187 49.4208
121.0245 49.4208
121.0303 49.4208
121.0361 49.4208
121.0420 49.4208
121.0478 49.4208
121.0536 49.4208
121.0594 49.4208
121.0652 49.4208
121.0710 49.4208
121.0769 49.4208
121.0827 49.4208
121.0885 49.4208
121.0943 49.4208
121.1001 49.4208
121.1059 49.4208
121.1118 49.4208
121.1176 49.4208
121.1234 49.4208
121.1292 49.4208
121.1350 49.4208
121.1408 49.4208
121.1467 49.4208
121.1525 49.4208
121.1583 49.4208
121.1641 49.4208
121.1699 49.4208
121.1757 49.4208
121.1816 49.4208
121.1874 49.4208
121.1932 49.4208
121.1990 49.4208
121.2048 49.4208
121.2107 49.4208
121.2165 49.4208
121.2223 49.4208
121.2281 49.4208
121.2339 49.4208
121.2397 49.4208
121.2456 49.4208
121.2514 49.4208
121.2572 49.4208
121.2630 49.4208
121.2688 49.4208
121.2746 49.4208
121.2805 49.4208
121.2863 49.4208
121.2921 49.4208
121.2979 49.4208
121.3037 49.4208
121.3095 49.4208
121.3154 49.4208
121.3212 49.4208
121.3270 49.4208
121.3328 49.4208
121.3386 49.4208
121.3444 49.4208
121.3503 49.4208
121.3561 49.4208
121.3619 49.4208
121.3677 49.4208
121.3735 49.4208
121.3793 49.4208
121.3852 49.4208
121.3910 49.4208
121.3968 49.4208
121.4026 49.4208
121.4084 49.4208
121.4142 49.4208
121.4201 49.4208
121.4259 49.4208
121.4317 49.4208
121.4375 49.4208
121.4433 49.4208
121.4491 49.4208
121.4550 49.4208
121.4608 49.4208
121.4666 49.4208
121.4724 49.4208
121.4782 49.4208
121.4840 49.4208
121.4899 49.4208
121.4957 49.4208
121.5015 49.4208
121.5073 49.4208
121.5131 49.4208
121.5189 49.4208
121.5248 49.4208
121.5306 49.4208
121.5364 49.4208
121.5422 49.4208
121.5480 49.4208
121.5538 49.4208
121.5597 49.4208
121.5655 49.4208
121.5713 49.4208
121.5771 49.4208
121.5829 49.4208
121.5887 49.4208
121.5946 49.4208
121.6004 49.4208
121.6062 49.4208
121.6120 49.4208
121.6178 49.4208
121.6236 49.4208
121.6295 49.4208
121.6353 49.4208
121.6411 49.4208
121.6469 49.4208
121.6527 49.4208
121.6585 49.4208
121.6644 49.4208
121.6702 49.4208
121.6760 49.4208
121.6818 49.4208
121.6876 49.4208
121.6934 49.4208
121.6993 49.4208
121.7051 49.4208
121.7109 49.4208
121.7167 49.4208
121.7225 49.4208
121.7283 49.4208
121.7342 49.4208
121.7400 49.4208
121.7458 49.4208
121.7516 49.4208
121.7574 49.4208
121.7632 49.4208
121.7691 49.4208
121.7749 49.4208
121.7807 49.4208
121.7865 49.4208
121.7923 49.4208
121.7981 49.4208
121.8040 49.4208
121.8098 49.4208
121.8156 49.4208
121.8214 49.4208
121.8272 49.4208
121.8330 49.4208
121.8389 49.4208
121.8447 49.4208
121.8505 49.4208
121.8563 49.4208
121.8621 49.4208
121.8679 49.4208
121.8738 49.4208
121.8796 49.4208
121.8854 49.4208
121.8912 49.4208
121.8970 49.4208
121.9028 49.4208
121.9087 49.4208
121.9145 49.4208
121.9203 49.4208
121.9261 49.4208
121.9319 49.4208
121.9377 49.4208
121.9436 49.4208
121.9494 49.4208
121.9552 49.4208
121.9610 49.4208
121.9668 49.4208
121.9726 49.4208
121.9785 49.4208
121.9843 49.4208
121.9901 49.4208
121.9959 49.4208
122.0017 49.4208
122.0075 49.4208
122.0134 49.4208
122.0192 49.4208
122.0250 49.4208
122.0308 49.4208
122.0366 49.4208
122.0424 49.4208
122.0483 49.4208
122.0541 49.4208
122.0599 49.4208
122.0657 49.4208
122.0715 49.4208
122.0773 49.4208
122.0832 49.4208
122.0890 49.4208
122.0948 49.4208
122.1006 49.4208
122.1064 49.4208
122.1123 49.4208
122.1181 49.4208
122.1239 49.4208
122.1297 49.4208
122.1355 49.4208
122.1413 49.4208
122.1472 49.4208
122.1530 49.4208
122.1588 49.4208
122.1646 49.4208
122.1704 49.4208
122.1762 49.4208
122.1821 49.4208
122.1879 49.4208
122.1937 49.4208
122.1995 49.4208
122.2053 49.4208
122.2111 49.4208
122.2170 49.4208
122.2228 49.4208
122.2286 49.4208
122.2344 49.4208
122.2402 49.4208
122.2460 49.4208
122.2519 49.4208
122.2577 49.4208
122.2635 49.4208
122.2693 49.4208
122.2751 49.4208
122.2809 49.4208
122.2868 49.4208
122.2926 49.4208
122.2984 49.4208
122.3042 49.4208
122.3100 49.4208
122.3158 49.4208
122.3217 49.4208
122.3275 49.4208
122.3333 49.4208
122.3391 49.4208
122.3449 49.4208
122.3507 49.4208
122.3566 49.4208
122.3624 49.4208
122.3682 49.4208
122.3740 49.4208
122.3798 49.4208
122.3856 49.4208
122.3915 49.4208
122.3973 49.4208
122.4031 49.4208
122.4089 49.4208
122.4147 49.4208
122.4205 49.4208
122.4264 49.4208
122.4322 49.4208
122.4380 49.4208
122.4438 49.4208
122.4496 49.4208
122.4554 49.4208
122.4613 49.4208
122.4671 49.4208
122.4729 49.4208
122.4787 49.4208
122.4845 49.4208
122.4903 49.4208
122.4962 49.4208
122.5020 49.4208
122.5078 49.4208
122.5136 49.4208
122.5194 49.4208
122.5252 49.4208
122.5311 49.4208
122.5369 49.4208
122.5427 49.4208
122.5485 49.4208
122.5543 49.4208
122.5601 49.4208
122.5660 49.4208
122.5718 49.4208
122.5776 49.4208
122.5834 49.4208
122.5892 49.4208
122.5950 49.4208
122.6009 49.4208
122.6067 49.4208
122.6125 49.4208
122.6183 49.4208
122.6241 49.4208
122.6299 49.4208
122.6358 49.4208
122.6416 49.4208
122.6474 49.4208
122.6532 49.4208
122.6590 49.4208
122.6648 49.4208
122.6707 49.4208
122.6765 49.4208
122.6823 49.4208
122.6881 49.4208
122.6939 49.4208
122.6997 49.4208
122.7056 49.4208
122.7114 49.4208
122.7172 49.4208
122.7230 49.4208
122.7288 49.4208
122.7346 49.4208
122.7405 49.4208
122.7463 49.4208
122.7521 49.4208
122.7579 49.4208
122.7637 49.4208
122.7695 49.4208
122.7754 49.4208
122.7812 49.4208
122.7870 49.4208
122.7928 49.4208
122.7986 49.4208
122.8044 49.4208
122.8103 49.4208
122.8161 49.4208
122.8219 49.4208
122.8277 49.4208
122.8335 49.4208
122.8393 49.4208
122.8452 49.4208
122.8510 49.4208
122.8568 49.4208
122.8626 49.4208
122.8684 49.4208
122.8742 49.4208
122.8801 49.4208
122.8859 49.4208
122.8917 49.4208
122.8975 49.4208
122.9033 49.4208
122.9091 49.4208
122.9150 49.4208
122.9208 49.4208
122.9266 49.4208
122.9324 49.4208
122.9382 49.4208
122.9440 49.4208
122.9499 49.4208
122.9557 49.4208
122.9615 49.4208
122.9673 49.4208
122.9731 49.4208
122.9789 49.4208
122.9848 49.4208
122.9906 49.4208
122.9964 49.4208
123.0022 49.4208
123.0080 49.4208
123.0138 49.4208
123.0197 49.4208
123.0255 49.4208
123.0313 49.4208
123.0371 49.4208
123.0429 49.4208
123.0488 49.4208
123.0546 49.4208
123.0604 49.4208
123.0662 49.4208
123.0720 49.4208
123.0778 49.4208
123.0837 49.4208
123.0895 49.4208
123.0953 49.4208
123.1011 49.4208
123.1069 49.4208
123.1127 49.4208
123.1186 49.4208
123.1244 49.4208
123.1302 49.4208
123.1360 49.4208
123.1418 49.4208
123.1476 49.4208
123.1535 49.4208
123.1593 49.4208
123.1651 49.4208
123.1709 49.4208
123.1767 49.4208
123.1825 49.4208
123.1884 49.4208
123.1942 49.4208
123.2000 49.4208
123.2058 49.4208
123.2116 49.4208
123.2174 49.4208
123.2233 49.4208
123.2291 49.4208
123.2349 49.4208
123.2407 49.4208
123.2465 49.4208
123.2523 49.4208
123.2582 49.4208
123.2640 49.4208
123.2698 49.4208
123.2756 49.4208
123.2814 49.4208
123.2872 49.4208
123.2931 49.4208
123.2989 49.4208
123.3047 49.4208
123.3105 49.4208
123.3163 49.4208
123.3221 49.4208
123.3280 49.4208
123.3338 49.4208
123.3396 49.4208
123.3454 49.4208
123.3512 49.4208
123.3570 49.4208
123.3629 49.4208
123.3687 49.4208
123.3745 49.4208
123.3803 49.4208
123.3861 49.4208
123.3919 49.4208
123.3978 49.4208
123.4036 49.4208
123.4094 49.4208
123.4152 49.4208
123.4210 49.4208
123.4268 49.4208
123.4327 49.4208
123.4385 49.4208
123.4443 49.4208
123.4501 49.4208
123.4559 49.4208
123.4617 49.4208
123.4676 49.4208
123.4734 49.4208
123.4792 49.4208
123.4850 49.4208
123.4908 49.4208
123.4966 49.4208
123.5025 49.4208
123.5083 49.4208
123.5141 49.4208
123.5199 49.4208
123.5257 49.4208
123.5315 49.4208
123.5374 49.4208
123.5432 49.4208
123.5490 49.4208
123.5548 49.4208
123.5606 49.4208
123.5664 49.4208
123.5723 49.4208
123.5781 49.4208
123.5839 49.4208
123.5897 49.4208
123.5955 49.4208
123.6013 49.4208
123.6072 49.4208
123.6130 49.4208
123.6188 49.4208
123.6246 49.4208
123.6304 49.4208
123.6362 49.4208
123.6421 49.4208
123.6479 49.4208
123.6537 49.4208
123.6595 49.4208
123.6653 49.4208
123.6711 49.4208
123.6770 49.4208
123.6828 49.4208
123.6886 49.4208
123.6944 49.4208
123.7002 49.4208
123.7060 49.4208
123.7119 49.4208
123.7177 49.4208
123.7235 49.4208
123.7293 49.4208
123.7351 49.4208
123.7409 49.4208
123.7468 49.4208
123.7526 49.4208
123.7584 49.4208
123.7642 49.4208
123.7700 49.4208
123.7758 49.4208
123.7817 49.4208
123.7875 49.4208
123.7933 49.4208
123.7991 49.4208
123.8049 49.4208
123.8107 49.4208
123.8166 49.4208
123.8224 49.4208
123.8282 49.4208
123.8340 49.4208
123.8398 49.4208
123.8456 49.4208
123.8515 49.4208
123.8573 49.4208
123.8631 49.4208
123.8689 49.4208
123.8747 49.4208
123.8805 49.4208
123.8864 49.4208
123.8922 49.4208
123.8980 49.4208
123.9038 49.4208
123.9096 49.4208
123.9154 49.4208
123.9213 49.4208
123.9271 49.4208
123.9329 49.4208
123.9387 49.4208
123.9445 49.4208
123.9503 49.4208
123.9562 49.4208
123.9620 49.4208
123.9678 49.4208
123.9736 49.4208
123.9794 49.4208
123.9853 49.4208
123.9911 49.4208
123.9969 49.4208
124.0027 49.4208
124.0085 49.4208
124.0143 49.4208
124.0202 49.4208
124.0260 49.4208
124.0318 49.4208
124.0376 49.4208
124.0434 49.4208
124.0492 49.4208
124.0551 49.4208
124.0609 49.4208
124.0667 49.4208
124.0725 49.4208
124.0783 49.4208
124.0841 49.4208
124.0900 49.4208
124.0958 49.4208
124.1016 49.4208
124.1074 49.4208
124.1132 49.4208
124.1190 49.4208
124.1249 49.4208
124.1307 49.4208
124.1365 49.4208
124.1423 49.4208
124.1481 49.4208
124.1539 49.4208
124.1598 49.4208
124.1656 49.4208
124.1714 49.4208
124.1772 49.4208
124.1830 49.4208
124.1888 49.4208
124.1947 49.4208
124.2005 49.4208
124.2063 49.4208
124.2121 49.4208
124.2179 49.4208
124.2237 49.4208
124.2296 49.4208
124.2354 49.4208
124.2412 49.4208
124.2470 49.4208
124.2528 49.4208
124.2586 49.4208
124.2645 49.4208
124.2703 49.4208
124.2761 49.4208
124.2819 49.4208
124.2877 49.4208
124.2935 49.4208
124.2994 49.4208
124.3052 49.4208
124.3110 49.4208
124.3168 49.4208
124.3226 49.4208
124.3284 49.4208
124.3343 49.4208
124.3401 49.4208
124.3459 49.4208
124.3517 49.4208
124.3575 49.4208
124.3633 49.4208
124.3692 49.4208
124.3750 49.4208
124.3808 49.4208
124.3866 49.4208
124.3924 49.4208
124.3982 49.4208
124.4041 49.4208
124.4099 49.4208
124.4157 49.4208
124.4215 49.4208
124.4273 49.4208
124.4331 49.4208
124.4390 49.4208
124.4448 49.4208
124.4506 49.4208
124.4564 49.4208
124.4622 49.4208
124.4680 49.4208
124.4739 49.4208
124.4797 49.4208
124.4855 49.4208
124.4913 49.4208
124.4971 49.4208
124.5029 49.4208
124.5088 49.4208
124.5146 49.4208
124.5204 49.4208
124.5262 49.4208
124.5320 49.4208
124.5378 49.4208
124.5437 49.4208
124.5495 49.4208
124.5553 49.4208
124.5611 49.4208
124.5669 49.4208
124.5727 49.4208
124.5786 49.4208
124.5844 49.4208
124.5902 49.4208
124.5960 49.4208
124.6018 49.4208
124.6076 49.4208
124.6135 49.4208
124.6193 49.4208
124.6251 49.4208
124.6309 49.4208
124.6367 49.4208
124.6425 49.4208
124.6484 49.4208
124.6542 49.4208
124.6600 49.4208
124.6658 49.4208
124.6716 49.4208
124.6774 49.4208
124.6833 49.4208
124.6891 49.4208
124.6949 49.4208
124.7007 49.4208
124.7065 49.4208
124.7123 49.4208
124.7182 49.4208
124.7240 49.4208
124.7298 49.4208
124.7356 49.4208
124.7414 49.4208
124.7472 49.4208
124.7531 49.4208
124.7589 49.4208
124.7647 49.4208
124.7705 49.4208
124.7763 49.4208
124.7821 49.4208
124.7880 49.4208
124.7938 49.4208
124.7996 49.4208
124.8054 49.4208
124.8112 49.4208
124.8170 49.4208
124.8229 49.4208
124.8287 49.4208
124.8345 49.4208
124.8403 49.4208
124.8461 49.4208
124.8519 49.4208
124.8578 49.4208
124.8636 49.4208
124.8694 49.4208
124.8752 49.4208
124.8810 49.4208
124.8869 49.4208
124.8927 49.4208
124.8985 49.4208
124.9043 49.4208
124.9101 49.4208
124.9159 49.4208
124.9218 49.4208
124.9276 49.4208
124.9334 49.4208
124.9392 49.4208
124.9450 49.4208
124.9508 49.4208
124.9567 49.4208
124.9625 49.4208
124.9683 49.4208
124.9741 49.4208
124.9799 49.4208
124.9857 49.4208
124.9916 49.4208
124.9974 49.4208
125.0032 49.4208
125.0090 49.4208
125.0148 49.4208
125.0206 49.4208
125.0265 49.4208
125.0323 49.4208
125.0381 49.4208
125.0439 49.4208
125.0497 49.4208
125.0555 49.4208
125.0614 49.4208
125.0672 49.4208
125.0730 49.4208
125.0788 49.4208
125.0846 49.4208
125.0904 49.4208
125.0963 49.4208
125.1021 49.4208
125.1079 49.4208
125.1137 49.4208
125.1195 49.4208
125.1253 49.4208
125.1312 49.4208
125.1370 49.4208
125.1428 49.4208
125.1486 49.4208
125.1544 49.4208
125.1602 49.4208
125.1661 49.4208
125.1719 49.4208
125.1777 49.4208
125.1835 49.4208
125.1893 49.4208
125.1951 49.4208
125.2010 49.4208
125.2068 49.4208
125.2126 49.4208
125.2184 49.4208
125.2242 49.4208
125.2300 49.4208
125.2359 49.4208
125.2417 49.4208
125.2475 49.4208
125.2533 49.4208
125.2591 49.4208
125.2649 49.4208
125.2708 49.4208
125.2766 49.4208
125.2824 49.4208
125.2882 49.4208
125.2940 49.4208
125.2998 49.4208
125.3057 49.4208
125.3115 49.4208
125.3173 49.4208
125.3231 49.4208
125.3289 49.4208
125.3347 49.4208
125.3406 49.4208
125.3464 49.4208
125.3522 49.4208
125.3580 49.4208
125.3638 49.4208
125.3696 49.4208
125.3755 49.4208
125.3813 49.4208
125.3871 49.4208
125.3929 49.4208
125.3987 49.4208
125.4045 49.4208
125.4104 49.4208
125.4162 49.4208
125.4220 49.4208
125.4278 49.4208
125.4336 49.4208
125.4394 49.4208
125.4453 49.4208
125.4511 49.4208
125.4569 49.4208
125.4627 49.4208
125.4685 49.4208
125.4743 49.4208
125.4802 49.4208
125.4860 49.4208
125.4918 49.4208
125.4976 49.4208
125.5034 49.4208
125.5092 49.4208
125.5151 49.4208
125.5209 49.4208
125.5267 49.4208
125.5325 49.4208
125.5383 49.4208
125.5441 49.4208
125.5500 49.4208
125.5558 49.4208
125.5616 49.4208
125.5674 49.4208
125.5732 49.4208
125.5790 49.4208
125.5849 49.4208
125.5907 49.4208
125.5965 49.4208
125.6023 49.4208
125.6081 49.4208
125.6139 49.4208
125.6198 49.4208
125.6256 49.4208
125.6314 49.4208
125.6372 49.4208
125.6430 49.4208
125.6488 49.4208
125.6547 49.4208
125.6605 49.4208
125.6663 49.4208
125.6721 49.4208
125.6779 49.4208
125.6837 49.4208
125.6896 49.4208
125.6954 49.4208
125.7012 49.4208
125.7070 49.4208
125.7128 49.4208
125.7186 49.4208
125.7245 49.4208
125.7303 49.4208
125.7361 49.4208
125.7419 49.4208
125.7477 49.4208
125.7535 49.4208
125.7594 49.4208
125.7652 49.4208
125.7710 49.4208
125.7768 49.4208
125.7826 49.4208
125.7884 49.4208
125.7943 49.4208
125.8001 49.4208
125.8059 49.4208
125.8117 49.4208
125.8175 49.4208
125.8234 49.4208
125.8292 49.4208
125.8350 49.4208
125.8408 49.4208
125.8466 49.4208
125.8524 49.4208
125.8583 49.4208
125.8641 49.4208
125.8699 49.4208
125.8757 49.4208
125.8815 49.4208
125.8873 49.4208
125.8932 49.4208
125.8990 49.4208
125.9048 49.4208
125.9106 49.4208
125.9164 49.4208
125.9222 49.4208
125.9281 49.4208
125.9339 49.4208
125.9397 49.4208
125.9455 49.4208
125.9513 49.4208
125.9571 49.4208
125.9630 49.4208
125.9688 49.4208
125.9746 49.4208
125.9804 49.4208
125.9862 49.4208
125.9920 49.4208
125.9979 49.4208
126.0037 49.4208
126.0095 49.4208
126.0153 49.4208
126.0211 49.4208
126.0269 49.4208
126.0328 49.4208
126.0386 49.4208
126.0444 49.4208
126.0502 49.4208
126.0560 49.4208
126.0618 49.4208
126.0677 49.4208
126.0735 49.4208
126.0793 49.4208
126.0851 49.4208
126.0909 49.4208
126.0967 49.4208
126.1026 49.4208
126.1084 49.4208
126.1142 49.4208
126.1200 49.4208
126.1258 49.4208
126.1316 49.4208
126.1375 49.4208
126.1433 49.4208
126.1491 49.4208
126.1549 49.4208
126.1607 49.4208
126.1665 49.4208
126.1724 49.4208
126.1782 49.4208
126.1840 49.4208
126.1898 49.4208
126.1956 49.4208
126.2014 49.4208
126.2073 49.4208
126.2131 49.4208
126.2189 49.4208
126.2247 49.4208
126.2305 49.4208
126.2363 49.4208
126.2422 49.4208
126.2480 49.4208
126.2538 49.4208
126.2596 49.4208
126.2654 49.4208
126.2712 49.4208
126.2771 49.4208
126.2829 49.4208
126.2887 49.4208
126.2945 49.4208
126.3003 49.4208
126.3061 49.4208
126.3120 49.4208
126.3178 49.4208
126.3236 49.4208
126.3294 49.4208
126.3352 49.4208
126.3410 49.4208
126.3469 49.4208
126.3527 49.4208
126.3585 49.4208
126.3643 49.4208
126.3701 49.4208
126.3759 49.4208
126.3818 49.4208
126.3876 49.4208
126.3934 49.4208
126.3992 49.4208
126.4050 49.4208
126.4108 49.4208
126.4167 49.4208
126.4225 49.4208
126.4283 49.4208
126.4341 49.4208
126.4399 49.4208
126.4457 49.4208
126.4516 49.4208
126.4574 49.4208
126.4632 49.4208
126.4690 49.4208
126.4748 49.4208
126.4806 49.4208
126.4865 49.4208
126.4923 49.4208
126.4981 49.4208
126.5039 49.4208
126.5097 49.4208
126.5155 49.4208
126.5214 49.4208
126.5272 49.4208
126.5330 49.4208
126.5388 49.4208
126.5446 49.4208
126.5504 49.4208
126.5563 49.4208
126.5621 49.4208
126.5679 49.4208
126.5737 49.4208
126.5795 49.4208
126.5853 49.4208
126.5912 49.4208
126.5970 49.4208
126.6028 49.4208
126.6086 49.4208
126.6144 49.4208
126.6202 49.4208
126.6261 49.4208
126.6319 49.4208
126.6377 49.4208
126.6435 49.4208
126.6493 49.4208
126.6551 49.4208
126.6610 49.4208
126.6668 49.4208
126.6726 49.4208
126.6784 49.4208
126.6842 49.4208
126.6900 49.4208
126.6959 49.4208
126.7017 49.4208
126.7075 49.4208
126.7133 49.4208
126.7191 49.4208
126.7250 49.4208
126.7308 49.4208
126.7366 49.4208
126.7424 49.4208
126.7482 49.4208
126.7540 49.4208
126.7599 49.4208
126.7657 49.4208
126.7715 49.4208
126.7773 49.4208
126.7831 49.4208
126.7889 49.4208
126.7948 49.4208
126.8006 49.4208
126.8064 49.4208
126.8122 49.4208
126.8180 49.4208
126.8238 49.4208
126.8297 49.4208
126.8355 49.4208
126.8413 49.4208
126.8471 49.4208
126.8529 49.4208
126.8587 49.4208
126.8646 49.4208
126.8704 49.4208
126.8762 49.4208
126.8820 49.4208
126.8878 49.4208
126.8936 49.4208
126.8995 49.4208
126.9053 49.4208
126.9111 49.4208
126.9169 49.4208
126.9227 49.4208
126.9285 49.4208
126.9344 49.4208
126.9402 49.4208
126.9460 49.4208
126.9518 49.4208
126.9576 49.4208
126.9634 49.4208
126.9693 49.4208
126.9751 49.4208
126.9809 49.4208
126.9867 49.4208
126.9925 49.4208
126.9983 49.4208
127.0042 49.4208
127.0100 49.4208
127.0158 49.4208
127.0216 49.4208
127.0274 49.4208
127.0332 49.4208
127.0391 49.4208
127.0449 49.4208
127.0507 49.4208
127.0565 49.4208
127.0623 49.4208
127.0681 49.4208
127.0740 49.4208
127.0798 49.4208
127.0856 49.4208
127.0914 49.4208
127.0972 49.4208
127.1030 49.4208
127.1089 49.4208
127.1147 49.4208
127.1205 49.4208
127.1263 49.4208
127.1321 49.4208
127.1379 49.4208
127.1438 49.4208
127.1496 49.4208
127.1554 49.4208
127.1612 49.4208
127.1670 49.4208
127.1728 49.4208
127.1787 49.4208
127.1845 49.4208
127.1903 49.4208
127.1961 49.4208
127.2019 49.4208
127.2077 49.4208
127.2136 49.4208
127.2194 49.4208
127.2252 49.4208
127.2310 49.4208
127.2368 49.4208
127.2426 49.4208
127.2485 49.4208
127.2543 49.4208
127.2601 49.4208
127.2659 49.4208
127.2717 49.4208
127.2775 49.4208
127.2834 49.4208
127.2892 49.4208
127.2950 49.4208
127.3008 49.4208
127.3066 49.4208
127.3124 49.4208
127.3183 49.4208
127.3241 49.4208
127.3299 49.4208
127.3357 49.4208
127.3415 49.4208
127.3473 49.4208
127.3532 49.4208
127.3590 49.4208
127.3648 49.4208
127.3706 49.4208
127.3764 49.4208
127.3822 49.4208
127.3881 49.4208
127.3939 49.4208
127.3997 49.4208
127.4055 49.4208
127.4113 49.4208
127.4171 49.4208
127.4230 49.4208
127.4288 49.4208
127.4346 49.4208
127.4404 49.4208
127.4462 49.4208
127.4520 49.4208
127.4579 49.4208
127.4637 49.4208
127.4695 49.4208
127.4753 49.4208
127.4811 49.4208
127.4869 49.4208
127.4928 49.4208
127.4986 49.4208
127.5044 49.4208
127.5102 49.4208
127.5160 49.4208
127.5218 49.4208
127.5277 49.4208
127.5335 49.4208
127.5393 49.4208
127.5451 49.4208
127.5509 49.4208
127.5567 49.4208
127.5626 49.4208
127.5684 49.4208
127.5742 49.4208
127.5800 49.4208
127.5858 49.4208
127.5916 49.4208
127.5975 49.4208
127.6033 49.4208
127.6091 49.4208
127.6149 49.4208
127.6207 49.4208
127.6265 49.4208
127.6324 49.4208
127.6382 49.4208
127.6440 49.4208
127.6498 49.4208
127.6556 49.4208
127.6615 49.4208
127.6673 49.4208
127.6731 49.4208
127.6789 49.4208
127.6847 49.4208
127.6905 49.4208
127.6964 49.4208
127.7022 49.4208
127.7080 49.4208
127.7138 49.4208
127.7196 49.4208
127.7254 49.4208
127.7313 49.4208
127.7371 49.4208
127.7429 49.4208
127.7487 49.4208
127.7545 49.4208
127.7603 49.4208
127.7662 49.4208
127.7720 49.4208
127.7778 49.4208
127.7836 49.4208
127.7894 49.4208
127.7952 49.4208
127.8011 49.4208
127.8069 49.4208
127.8127 49.4208
127.8185 49.4208
127.8243 49.4208
127.8301 49.4208
127.8360 49.4208
127.8418 49.4208
127.8476 49.4208
127.8534 49.4208
127.8592 49.4208
127.8650 49.4208
127.8709 49.4208
127.8767 49.4208
127.8825 49.4208
127.8883 49.4208
127.8941 49.4208
127.8999 49.4208
127.9058 49.4208
127.9116 49.4208
127.9174 49.4208
127.9232 49.4208
127.9290 49.4208
127.9348 49.4208
127.9407 49.4208
127.9465 49.4208
127.9523 49.4208
127.9581 49.4208
127.9639 49.4208
127.9697 49.4208
127.9756 49.4208
127.9814 49.4208
127.9872 49.4208
127.9930 49.4208
127.9988 49.4208
128.0046 49.4208
128.0105 49.4208
128.0163 49.4208
128.0221 49.4208
128.0279 49.4208
128.0337 49.4208
128.0395 49.4208
128.0454 49.4208
128.0512 49.4208
128.0570 49.4208
128.0628 49.4208
128.0686 49.4208
128.0744 49.4208
128.0803 49.4208
128.0861 49.4208
128.0919 49.4208
128.0977 49.4208
128.1035 49.4208
128.1093 49.4208
128.1152 49.4208
128.1210 49.4208
128.1268 49.4208
128.1326 49.4208
128.1384 49.4208
128.1442 49.4208
128.1501 49.4208
128.1559 49.4208
128.1617 49.4208
128.1675 49.4208
128.1733 49.4208
128.1791 49.4208
128.1850 49.4208
128.1908 49.4208
128.1966 49.4208
128.2024 49.4208
128.2082 49.4208
128.2140 49.4208
128.2199 49.4208
128.2257 49.4208
128.2315 49.4208
128.2373 49.4208
128.2431 49.4208
128.2489 49.4208
128.2548 49.4208
128.2606 49.4208
128.2664 49.4208
128.2722 49.4208
128.2780 49.4208
128.2838 49.4208
128.2897 49.4208
128.2955 49.4208
128.3013 49.4208
128.3071 49.4208
128.3129 49.4208
128.3187 49.4208
128.3246 49.4208
128.3304 49.4208
128.3362 49.4208
128.3420 49.4208
128.3478 49.4208
128.3536 49.4208
128.3595 49.4208
128.3653 49.4208
128.3711 49.4208
128.3769 49.4208
128.3827 49.4208
128.3885 49.4208
128.3944 49.4208
128.4002 49.4208
128.4060 49.4208
128.4118 49.4208
128.4176 49.4208
128.4234 49.4208
128.4293 49.4208
128.4351 49.4208
128.4409 49.4208
128.4467 49.4208
128.4525 49.4208
128.4583 49.4208
128.4642 49.4208
128.4700 49.4208
128.4758 49.4208
128.4816 49.4208
128.4874 49.4208
128.4932 49.4208
128.4991 49.4208
128.5049 49.4208
128.5107 49.4208
128.5165 49.4208
128.5223 49.4208
128.5281 49.4208
128.5340 49.4208
128.5398 49.4208
128.5456 49.4208
128.5514 49.4208
128.5572 49.4208
128.5630 49.4208
128.5689 49.4208
128.5747 49.4208
128.5805 49.4208
128.5863 49.4208
128.5921 49.4208
128.5980 49.4208
128.6038 49.4208
128.6096 49.4208
128.6154 49.4208
128.6212 49.4208
128.6270 49.4208
128.6329 49.4208
128.6387 49.4208
128.6445 49.4208
128.6503 49.4208
128.6561 49.4208
128.6619 49.4208
128.6678 49.4208
128.6736 49.4208
128.6794 49.4208
128.6852 49.4208
128.6910 49.4208
128.6968 49.4208
128.7027 49.4208
128.7085 49.4208
128.7143 49.4208
128.7201 49.4208
128.7259 49.4208
128.7317 49.4208
128.7376 49.4208
128.7434 49.4208
128.7492 49.4208
128.7550 49.4208
128.7608 49.4208
128.7666 49.4208
128.7725 49.4208
128.7783 49.4208
128.7841 49.4208
128.7899 49.4208
128.7957 49.4208
128.8015 49.4208
128.8074 49.4208
128.8132 49.4208
128.8190 49.4208
128.8248 49.4208
128.8306 49.4208
128.8364 49.4208
128.8423 49.4208
128.8481 49.4208
128.8539 49.4208
128.8597 49.4208
128.8655 49.4208
128.8713 49.4208
128.8772 49.4208
128.8830 49.4208
128.8888 49.4208
128.8946 49.4208
128.9004 49.4208
128.9062 49.4208
128.9121 49.4208
128.9179 49.4208
128.9237 49.4208
128.9295 49.4208
128.9353 49.4208
128.9411 49.4208
128.9470 49.4208
128.9528 49.4208
128.9586 49.4208
128.9644 49.4208
128.9702 49.4208
128.9760 49.4208
128.9819 49.4208
128.9877 49.4208
128.9935 49.4208
128.9993 49.4208
129.0051 49.4208
129.0109 49.4208
129.0168 49.4208
129.0226 49.4208
129.0284 49.4208
129.0342 49.4208
129.0400 49.4208
129.0458 49.4208
129.0517 49.4208
129.0575 49.4208
129.0633 49.4208
129.0691 49.4208
129.0749 49.4208
129.0807 49.4208
129.0866 49.4208
129.0924 49.4208
129.0982 49.4208
129.1040 49.4208
129.1098 49.4208
129.1156 49.4208
129.1215 49.4208
129.1273 49.4208
129.1331 49.4208
129.1389 49.4208
129.1447 49.4208
129.1505 49.4208
129.1564 49.4208
129.1622 49.4208
129.1680 49.4208
129.1738 49.4208
129.1796 49.4208
129.1854 49.4208
129.1913 49.4208
129.1971 49.4208
129.2029 49.4208
129.2087 49.4208
129.2145 49.4208
129.2203 49.4208
129.2262 49.4208
129.2320 49.4208
129.2378 49.4208
129.2436 49.4208
129.2494 49.4208
129.2552 49.4208
129.2611 49.4208
129.2669 49.4208
129.2727 49.4208
129.2785 49.4208
129.2843 49.4208
129.2901 49.4208
129.2960 49.4208
129.3018 49.4208
129.3076 49.4208
129.3134 49.4208
129.3192 49.4208
129.3250 49.4208
129.3309 49.4208
129.3367 49.4208
129.3425 49.4208
129.3483 49.4208
129.3541 49.4208
129.3599 49.4208
129.3658 49.4208
129.3716 49.4208
129.3774 49.4208
129.3832 49.4208
129.3890 49.4208
129.3948 49.4208
129.4007 49.4208
129.4065 49.4208
129.4123 49.4208
129.4181 49.4208
129.4239 49.4208
129.4297 49.4208
129.4356 49.4208
129.4414 49.4208
129.4472 49.4208
129.4530 49.4208
129.4588 49.4208
129.4646 49.4208
129.4705 49.4208
129.4763 49.4208
129.4821 49.4208
129.4879 49.4208
129.4937 49.4208
129.4996 49.4208
129.5054 49.4208
129.5112 49.4208
129.5170 49.4208
129.5228 49.4208
129.5286 49.4208
129.5345 49.4208
129.5403 49.4208
129.5461 49.4208
129.5519 49.4208
129.5577 49.4208
129.5635 49.4208
129.5694 49.4208
129.5752 49.4208
129.5810 49.4208
129.5868 49.4208
129.5926 49.4208
129.5984 49.4208
129.6043 49.4208
129.6101 49.4208
129.6159 49.4208
129.6217 49.4208
129.6275 49.4208
129.6333 49.4208
129.6392 49.4208
129.6450 49.4208
129.6508 49.4208
129.6566 49.4208
129.6624 49.4208
129.6682 49.4208
129.6741 49.4208
129.6799 49.4208
129.6857 49.4208
129.6915 49.4208
129.6973 49.4208
129.7031 49.4208
129.7090 49.4208
129.7148 49.4208
129.7206 49.4208
129.7264 49.4208
129.7322 49.4208
129.7380 49.4208
129.7439 49.4208
129.7497 49.4208
129.7555 49.4208
129.7613 49.4208
129.7671 49.4208
129.7729 49.4208
129.7788 49.4208
129.7846 49.4208
129.7904 49.4208
129.7962 49.4208
129.8020 49.4208
129.8078 49.4208
129.8137 49.4208
129.8195 49.4208
129.8253 49.4208
129.8311 49.4208
129.8369 49.4208
129.8427 49.4208
129.8486 49.4208
129.8544 49.4208
129.8602 49.4208
129.8660 49.4208
129.8718 49.4208
129.8776 49.4208
129.8835 49.4208
129.8893 49.4208
129.8951 49.4208
129.9009 49.4208
129.9067 49.4208
129.9125 49.4208
129.9184 49.4208
129.9242 49.4208
129.9300 49.4208
129.9358 49.4208
129.9416 49.4208
129.9474 49.4208
129.9533 49.4208
129.9591 49.4208
129.9649 49.4208
129.9707 49.4208
129.9765 49.4208
129.9823 49.4208
129.9882 49.4208
129.9940 49.4208
129.9998 49.4208
130.0056 49.4208
130.0114 49.4208
130.0172 49.4208
130.0231 49.4208
130.0289 49.4208
130.0347 49.4208
130.0405 49.4208
130.0463 49.4208
130.0521 49.4208
130.0580 49.4208
130.0638 49.4208
130.0696 49.4208
130.0754 49.4208
130.0812 49.4208
130.0870 49.4208
130.0929 49.4208
130.0987 49.4208
130.1045 49.4208
130.1103 49.4208
130.1161 49.4208
130.1219 49.4208
130.1278 49.4208
130.1336 49.4208
130.1394 49.4208
130.1452 49.4208
130.1510 49.4208
130.1568 49.4208
130.1627 49.4208
130.1685 49.4208
130.1743 49.4208
130.1801 49.4208
130.1859 49.4208
130.1917 49.4208
130.1976 49.4208
130.2034 49.4208
130.2092 49.4208
130.2150 49.4208
130.2208 49.4208
130.2266 49.4208
130.2325 49.4208
130.2383 49.4208
130.2441 49.4208
130.2499 49.4208
130.2557 49.4208
130.2615 49.4208
130.2674 49.4208
130.2732 49.4208
130.2790 49.4208
130.2848 49.4208
130.2906 49.4208
130.2964 49.4208
130.3023 49.4208
130.3081 49.4208
130.3139 49.4208
130.3197 49.4208
130.3255 49.4208
130.3313 49.4208
130.3372 49.4208
130.3430 49.4208
130.3488 49.4208
130.3546 49.4208
130.3604 49.4208
130.3662 49.4208
130.3721 49.4208
130.3779 49.4208
130.3837 49.4208
130.3895 49.4208
130.3953 49.4208
130.4011 49.4208
130.4070 49.4208
130.4128 49.4208
130.4186 49.4208
130.4244 49.4208
130.4302 49.4208
130.4361 49.4208
130.4419 49.4208
130.4477 49.4208
130.4535 49.4208
130.4593 49.4208
130.4651 49.4208
130.4710 49.4208
130.4768 49.4208
130.4826 49.4208
130.4884 49.4208
130.4942 49.4208
130.5000 49.4208
130.5059 49.4208
130.5117 49.4208
130.5175 49.4208
130.5233 49.4208
130.5291 49.4208
130.5349 49.4208
130.5408 49.4208
130.5466 49.4208
130.5524 49.4208
130.5582 49.4208
130.5640 49.4208
130.5698 49.4208
130.5757 49.4208
130.5815 49.4208
130.5873 49.4208
130.5931 49.4208
130.5989 49.4208
130.6047 49.4208
130.6106 49.4208
130.6164 49.4208
130.6222 49.4208
130.6280 49.4208
130.6338 49.4208
130.6396 49.4208
130.6455 49.4208
130.6513 49.4208
130.6571 49.4208
130.6629 49.4208
130.6687 49.4208
130.6745 49.4208
130.6804 49.4208
130.6862 49.4208
130.6920 49.4208
130.6978 49.4208
130.7036 49.4208
130.7094 49.4208
130.7153 49.4208
130.7211 49.4208
130.7269 49.4208
130.7327 49.4208
130.7385 49.4208
130.7443 49.4208
130.7502 49.4208
130.7560 49.4208
130.7618 49.4208
130.7676 49.4208
130.7734 49.4208
130.7792 49.4208
130.7851 49.4208
130.7909 49.4208
130.7967 49.4208
130.8025 49.4208
130.8083 49.4208
130.8141 49.4208
130.8200 49.4208
130.8258 49.4208
130.8316 49.4208
130.8374 49.4208
130.8432 49.4208
130.8490 49.4208
130.8549 49.4208
130.8607 49.4208
130.8665 49.4208
130.8723 49.4208
130.8781 49.4208
130.8839 49.4208
130.8898 49.4208
130.8956 49.4208
130.9014 49.4208
130.9072 49.4208
130.9130 49.4208
130.9188 49.4208
130.9247 49.4208
130.9305 49.4208
130.9363 49.4208
130.9421 49.4208
130.9479 49.4208
130.9537 49.4208
130.9596 49.4208
130.9654 49.4208
130.9712 49.4208
130.9770 49.4208
130.9828 49.4208
130.9886 49.4208
130.9945 49.4208
131.0003 49.4208
131.0061 49.4208
131.0119 49.4208
131.0177 49.4208
131.0235 49.4208
131.0294 49.4208
131.0352 49.4208
131.0410 49.4208
131.0468 49.4208
131.0526 49.4208
131.0584 49.4208
131.0643 49.4208
131.0701 49.4208
131.0759 49.4208
131.0817 49.4208
131.0875 49.4208
131.0933 49.4208
131.0992 49.4208
131.1050 49.4208
131.1108 49.4208
131.1166 49.4208
131.1224 49.4208
131.1282 49.4208
131.1341 49.4208
131.1399 49.4208
131.1457 49.4208
131.1515 49.4208
131.1573 49.4208
131.1631 49.4208
131.1690 49.4208
131.1748 49.4208
131.1806 49.4208
131.1864 49.4208
131.1922 49.4208
131.1980 49.4208
131.2039 49.4208
131.2097 49.4208
131.2155 49.4208
131.2213 49.4208
131.2271 49.4208
131.2329 49.4208
131.2388 49.4208
131.2446 49.4208
131.2504 49.4208
131.2562 49.4208
131.2620 49.4208
131.2678 49.4208
131.2737 49.4208
131.2795 49.4208
131.2853 49.4208
131.2911 49.4208
131.2969 49.4208
131.3027 49.4208
131.3086 49.4208
131.3144 49.4208
131.3202 49.4208
131.3260 49.4208
131.3318 49.4208
131.3377 49.4208
131.3435 49.4208
131.3493 49.4208
131.3551 49.4208
131.3609 49.4208
131.3667 49.4208
131.3726 49.4208
131.3784 49.4208
131.3842 49.4208
131.3900 49.4208
131.3958 49.4208
131.4016 49.4208
131.4075 49.4208
131.4133 49.4208
131.4191 49.4208
131.4249 49.4208
131.4307 49.4208
131.4365 49.4208
131.4424 49.4208
131.4482 49.4208
131.4540 49.4208
131.4598 49.4208
131.4656 49.4208
131.4714 49.4208
131.4773 49.4208
131.4831 49.4208
131.4889 49.4208
131.4947 49.4208
131.5005 49.4208
131.5063 49.4208
131.5122 49.4208
131.5180 49.4208
131.5238 49.4208
131.5296 49.4208
131.5354 49.4208
131.5412 49.4208
131.5471 49.4208
131.5529 49.4208
131.5587 49.4208
131.5645 49.4208
131.5703 49.4208
131.5761 49.4208
131.5820 49.4208
131.5878 49.4208
131.5936 49.4208
131.5994 49.4208
131.6052 49.4208
131.6110 49.4208
131.6169 49.4208
131.6227 49.4208
131.6285 49.4208
131.6343 49.4208
131.6401 49.4208
131.6459 49.4208
131.6518 49.4208
131.6576 49.4208
131.6634 49.4208
131.6692 49.4208
131.6750 49.4208
131.6808 49.4208
131.6867 49.4208
131.6925 49.4208
131.6983 49.4208
131.7041 49.4208
131.7099 49.4208
131.7157 49.4208
131.7216 49.4208
131.7274 49.4208
131.7332 49.4208
131.7390 49.4208
131.7448 49.4208
131.7506 49.4208
131.7565 49.4208
131.7623 49.4208
131.7681 49.4208
131.7739 49.4208
131.7797 49.4208
131.7855 49.4208
131.7914 49.4208
131.7972 49.4208
131.8030 49.4208
131.8088 49.4208
131.8146 49.4208
131.8204 49.4208
131.8263 49.4208
131.8321 49.4208
131.8379 49.4208
131.8437 49.4208
131.8495 49.4208
131.8553 49.4208
131.8612 49.4208
131.8670 49.4208
131.8728 49.4208
131.8786 49.4208
131.8844 49.4208
131.8902 49.4208
131.8961 49.4208
131.9019 49.4208
131.9077 49.4208
131.9135 49.4208
131.9193 49.4208
131.9251 49.4208
131.9310 49.4208
131.9368 49.4208
131.9426 49.4208
131.9484 49.4208
131.9542 49.4208
131.9600 49.4208
131.9659 49.4208
131.9717 49.4208
131.9775 49.4208
131.9833 49.4208
131.9891 49.4208
131.9949 49.4208
132.0008 49.4208
132.0066 49.4208
132.0124 49.4208
132.0182 49.4208
132.0240 49.4208
132.0298 49.4208
132.0357 49.4208
132.0415 49.4208
132.0473 49.4208
132.0531 49.4208
132.0589 49.4208
132.0647 49.4208
132.0706 49.4208
132.0764 49.4208
132.0822 49.4208
132.0880 49.4208
132.0938 49.4208
132.0996 49.4208
132.1055 49.4208
132.1113 49.4208
132.1171 49.4208
132.1229 49.4208
132.1287 49.4208
132.1345 49.4208
132.1404 49.4208
132.1462 49.4208
132.1520 49.4208
132.1578 49.4208
132.1636 49.4208
132.1694 49.4208
132.1753 49.4208
132.1811 49.4208
132.1869 49.4208
132.1927 49.4208
132.1985 49.4208
132.2043 49.4208
132.2102 49.4208
132.2160 49.4208
132.2218 49.4208
132.2276 49.4208
132.2334 49.4208
132.2392 49.4208
132.2451 49.4208
132.2509 49.4208
132.2567 49.4208
132.2625 49.4208
132.2683 49.4208
132.2742 49.4208
132.2800 49.4208
132.2858 49.4208
132.2916 49.4208
132.2974 49.4208
132.3032 49.4208
132.3091 49.4208
132.3149 49.4208
132.3207 49.4208
132.3265 49.4208
132.3323 49.4208
132.3381 49.4208
132.3440 49.4208
132.3498 49.4208
132.3556 49.4208
132.3614 49.4208
132.3672 49.4208
132.3730 49.4208
132.3789 49.4208
132.3847 49.4208
132.3905 49.4208
132.3963 49.4208
132.4021 49.4208
132.4079 49.4208
132.4138 49.4208
132.4196 49.4208
132.4254 49.4208
132.4312 49.4208
132.4370 49.4208
132.4428 49.4208
132.4487 49.4208
132.4545 49.4208
132.4603 49.4208
132.4661 49.4208
132.4719 49.4208
132.4777 49.4208
132.4836 49.4208
132.4894 49.4208
132.4952 49.4208
132.5010 49.4208
132.5068 49.4208
132.5126 49.4208
132.5185 49.4208
132.5243 49.4208
132.5301 49.4208
132.5359 49.4208
132.5417 49.4208
132.5475 49.4208
132.5534 49.4208
132.5592 49.4208
132.5650 49.4208
132.5708 49.4208
132.5766 49.4208
132.5824 49.4208
132.5883 49.4208
132.5941 49.4208
132.5999 49.4208
132.6057 49.4208
132.6115 49.4208
132.6173 49.4208
132.6232 49.4208
132.6290 49.4208
132.6348 49.4208
132.6406 49.4208
132.6464 49.4208
132.6522 49.4208
132.6581 49.4208
132.6639 49.4208
132.6697 49.4208
132.6755 49.4208
132.6813 49.4208
132.6871 49.4208
132.6930 49.4208
132.6988 49.4208
132.7046 49.4208
132.7104 49.4208
132.7162 49.4208
132.7220 49.4208
132.7279 49.4208
132.7337 49.4208
132.7395 49.4208
132.7453 49.4208
132.7511 49.4208
132.7569 49.4208
132.7628 49.4208
132.7686 49.4208
132.7744 49.4208
132.7802 49.4208
132.7860 49.4208
132.7918 49.4208
132.7977 49.4208
132.8035 49.4208
132.8093 49.4208
132.8151 49.4208
132.8209 49.4208
132.8267 49.4208
132.8326 49.4208
132.8384 49.4208
132.8442 49.4208
132.8500 49.4208
132.8558 49.4208
132.8616 49.4208
132.8675 49.4208
132.8733 49.4208
132.8791 49.4208
132.8849 49.4208
132.8907 49.4208
132.8965 49.4208
132.9024 49.4208
132.9082 49.4208
132.9140 49.4208
132.9198 49.4208
132.9256 49.4208
132.9314 49.4208
132.9373 49.4208
132.9431 49.4208
132.9489 49.4208
132.9547 49.4208
132.9605 49.4208
132.9663 49.4208
132.9722 49.4208
132.9780 49.4208
132.9838 49.4208
132.9896 49.4208
132.9954 49.4208
133.0012 49.4208
133.0071 49.4208
133.0129 49.4208
133.0187 49.4208
133.0245 49.4208
133.0303 49.4208
133.0361 49.4208
133.0420 49.4208
133.0478 49.4208
133.0536 49.4208
133.0594 49.4208
133.0652 49.4208
133.0710 49.4208
133.0769 49.4208
133.0827 49.4208
133.0885 49.4208
133.0943 49.4208
133.1001 49.4208
133.1059 49.4208
133.1118 49.4208
133.1176 49.4208
133.1234 49.4208
133.1292 49.4208
133.1350 49.4208
133.1408 49.4208
133.1467 49.4208
133.1525 49.4208
133.1583 49.4208
133.1641 49.4208
133.1699 49.4208
133.1757 49.4208
133.1816 49.4208
133.1874 49.4208
133.1932 49.4208
133.1990 49.4208
133.2048 49.4208
133.2107 49.4208
133.2165 49.4208
133.2223 49.4208
133.2281 49.4208
133.2339 49.4208
133.2397 49.4208
133.2456 49.4208
133.2514 49.4208
133.2572 49.4208
133.2630 49.4208
133.2688 49.4208
133.2746 49.4208
133.2805 49.4208
133.2863 49.4208
133.2921 49.4208
133.2979 49.4208
133.3037 49.4208
133.3095 49.4208
133.3154 49.4208
133.3212 49.4208
133.3270 49.4208
133.3328 49.4208
133.3386 49.4208
133.3444 49.4208
133.3503 49.4208
133.3561 49.4208
133.3619 49.4208
133.3677 49.4208
133.3735 49.4208
133.3793 49.4208
133.3852 49.4208
133.3910 49.4208
133.3968 49.4208
133.4026 49.4208
133.4084 49.4208
133.4142 49.4208
133.4201 49.4208
133.4259 49.4208
133.4317 49.4208
133.4375 49.4208
133.4433 49.4208
133.4491 49.4208
133.4550 49.4208
133.4608 49.4208
133.4666 49.4208
133.4724 49.4208
133.4782 49.4208
133.4840 49.4208
133.4899 49.4208
133.4957 49.4208
133.5015 49.4208
133.5073 49.4208
133.5131 49.4208
133.5189 49.4208
133.5248 49.4208
133.5306 49.4208
133.5364 49.4208
133.5422 49.4208
133.5480 49.4208
133.5538 49.4208
133.5597 49.4208
133.5655 49.4208
133.5713 49.4208
133.5771 49.4208
133.5829 49.4208
133.5887 49.4208
133.5946 49.4208
133.6004 49.4208
133.6062 49.4208
133.6120 49.4208
133.6178 49.4208
133.6236 49.4208
133.6295 49.4208
133.6353 49.4208
133.6411 49.4208
133.6469 49.4208
133.6527 49.4208
133.6585 49.4208
133.6644 49.4208
133.6702 49.4208
133.6760 49.4208
133.6818 49.4208
133.6876 49.4208
133.6934 49.4208
133.6993 49.4208
133.7051 49.4208
133.7109 49.4208
133.7167 49.4208
133.7225 49.4208
133.7283 49.4208
133.7342 49.4208
133.7400 49.4208
133.7458 49.4208
133.7516 49.4208
133.7574 49.4208
133.7632 49.4208
133.7691 49.4208
133.7749 49.4208
133.7807 49.4208
133.7865 49.4208
133.7923 49.4208
133.7981 49.4208
133.8040 49.4208
133.8098 49.4208
133.8156 49.4208
133.8214 49.4208
133.8272 49.4208
133.8330 49.4208
133.8389 49.4208
133.8447 49.4208
133.8505 49.4208
133.8563 49.4208
133.8621 49.4208
133.8679 49.4208
133.8738 49.4208
133.8796 49.4208
133.8854 49.4208
133.8912 49.4208
133.8970 49.4208
133.9028 49.4208
133.9087 49.4208
133.9145 49.4208
133.9203 49.4208
133.9261 49.4208
133.9319 49.4208
133.9377 49.4208
133.9436 49.4208
133.9494 49.4208
133.9552 49.4208
133.9610 49.4208
133.9668 49.4208
133.9726 49.4208
133.9785 49.4208
133.9843 49.4208
133.9901 49.4208
133.9959 49.4208
134.0017 49.4208
134.0075 49.4208
134.0134 49.4208
134.0192 49.4208
134.0250 49.4208
134.0308 49.4208
134.0366 49.4208
134.0424 49.4208
134.0483 49.4208
134.0541 49.4208
134.0599 49.4208
134.0657 49.4208
134.0715 49.4208
134.0773 49.4208
134.0832 49.4208
134.0890 49.4208
134.0948 49.4208
134.1006 49.4208
134.1064 49.4208
134.1123 49.4208
134.1181 49.4208
134.1239 49.4208
134.1297 49.4208
134.1355 49.4208
134.1413 49.4208
134.1472 49.4208
134.1530 49.4208
134.1588 49.4208
134.1646 49.4208
134.1704 49.4208
134.1762 49.4208
134.1821 49.4208
134.1879 49.4208
134.1937 49.4208
134.1995 49.4208
134.2053 49.4208
134.2111 49.4208
134.2170 49.4208
134.2228 49.4208
134.2286 49.4208
134.2344 49.4208
134.2402 49.4208
134.2460 49.4208
134.2519 49.4208
134.2577 49.4208
134.2635 49.4208
134.2693 49.4208
134.2751 49.4208
134.2809 49.4208
134.2868 49.4208
134.2926 49.4208
134.2984 49.4208
134.3042 49.4208
134.3100 49.4208
134.3158 49.4208
134.3217 49.4208
134.3275 49.4208
134.3333 49.4208
134.3391 49.4208
134.3449 49.4208
134.3507 49.4208
134.3566 49.4208
134.3624 49.4208
134.3682 49.4208
134.3740 49.4208
134.3798 49.4208
134.3856 49.4208
134.3915 49.4208
134.3973 49.4208
134.4031 49.4208
134.4089 49.4208
134.4147 49.4208
134.4205 49.4208
134.4264 49.4208
134.4322 49.4208
134.4380 49.4208
134.4438 49.4208
134.4496 49.4208
134.4554 49.4208
134.4613 49.4208
134.4671 49.4208
134.4729 49.4208
134.4787 49.4208
134.4845 49.4208
134.4903 49.4208
134.4962 49.4208
134.5020 49.4208
134.5078 49.4208
134.5136 49.4208
134.5194 49.4208
134.5252 49.4208
134.5311 49.4208
134.5369 49.4208
134.5427 49.4208
134.5485 49.4208
134.5543 49.4208
134.5601 49.4208
134.5660 49.4208
134.5718 49.4208
134.5776 49.4208
134.5834 49.4208
134.5892 49.4208
134.5950 49.4208
134.6009 49.4208
134.6067 49.4208
134.6125 49.4208
134.6183 49.4208
134.6241 49.4208
134.6299 49.4208
134.6358 49.4208
134.6416 49.4208
134.6474 49.4208
134.6532 49.4208
134.6590 49.4208
134.6648 49.4208
134.6707 49.4208
134.6765 49.4208
134.6823 49.4208
134.6881 49.4208
134.6939 49.4208
134.6997 49.4208
134.7056 49.4208
134.7114 49.4208
134.7172 49.4208
134.7230 49.4208
134.7288 49.4208
134.7346 49.4208
134.7405 49.4208
134.7463 49.4208
134.7521 49.4208
134.7579 49.4208
134.7637 49.4208
134.7695 49.4208
134.7754 49.4208
134.7812 49.4208
134.7870 49.4208
134.7928 49.4208
134.7986 49.4208
134.8044 49.4208
134.8103 49.4208
134.8161 49.4208
134.8219 49.4208
134.8277 49.4208
134.8335 49.4208
134.8393 49.4208
134.8452 49.4208
134.8510 49.4208
134.8568 49.4208
134.8626 49.4208
134.8684 49.4208
134.8742 49.4208
134.8801 49.4208
134.8859 49.4208
134.8917 49.4208
134.8975 49.4208
134.9033 49.4208
134.9091 49.4208
134.9150 49.4208
134.9208 49.4208
134.9266 49.4208
134.9324 49.4208
134.9382 49.4208
134.9440 49.4208
134.9499 49.4208
134.9557 49.4208
134.9615 49.4208
134.9673 49.4208
134.9731 49.4208
134.9789 49.4208
134.9848 49.4208
134.9906 49.4208
134.9964 49.4208
135.0022 49.4208
135.0080 49.4208
135.0138 49.4208
135.0197 49.4208
135.0255 49.4208
135.0313 49.4208
135.0371 49.4208
135.0429 49.4208
135.0488 49.4208
135.0546 49.4208
135.0604 49.4208
135.0662 49.4208
135.0720 49.4208
135.0778 49.4208
135.0837 49.4208
135.0895 49.4208
135.0953 49.4208
135.1011 49.4208
135.1069 49.4208
135.1127 49.4208
135.1186 49.4208
135.1244 49.4208
135.1302 49.4208
135.1360 49.4208
135.1418 49.4208
135.1476 49.4208
135.1535 49.4208
135.1593 49.4208
135.1651 49.4208
135.1709 49.4208
135.1767 49.4208
135.1825 49.4208
135.1884 49.4208
135.1942 49.4208
135.2000 49.4208
135.2058 49.4208
135.2116 49.4208
135.2174 49.4208
135.2233 49.4208
135.2291 49.4208
135.2349 49.4208
135.2407 49.4208
135.2465 49.4208
135.2523 49.4208
135.2582 49.4208
135.2640 49.4208
135.2698 49.4208
135.2756 49.4208
135.2814 49.4208
135.2872 49.4208
135.2931 49.4208
135.2989 49.4208
135.3047 49.4208
135.3105 49.4208
135.3163 49.4208
135.3221 49.4208
135.3280 49.4208
135.3338 49.4208
135.3396 49.4208
135.3454 49.4208
135.3512 49.4208
135.3570 49.4208
135.3629 49.4208
135.3687 49.4208
135.3745 49.4208
135.3803 49.4208
135.3861 49.4208
135.3919 49.4208
135.3978 49.4208
135.4036 49.4208
135.4094 49.4208
135.4152 49.4208
135.4210 49.4208
135.4268 49.4208
135.4327 49.4208
135.4385 49.4208
135.4443 49.4208
135.4501 49.4208
135.4559 49.4208
135.4617 49.4208
135.4676 49.4208
135.4734 49.4208
135.4792 49.4208
135.4850 49.4208
135.4908 49.4208
135.4966 49.4208
135.5025 49.4208
135.5083 49.4208
135.5141 49.4208
135.5199 49.4208
135.5257 49.4208
135.5315 49.4208
135.5374 49.4208
135.5432 49.4208
135.5490 49.4208
135.5548 49.4208
135.5606 49.4208
135.5664 49.4208
135.5723 49.4208
135.5781 49.4208
135.5839 49.4208
135.5897 49.4208
135.5955 49.4208
135.6013 49.4208
135.6072 49.4208
135.6130 49.4208
135.6188 49.4208
135.6246 49.4208
135.6304 49.4208
135.6362 49.4208
135.6421 49.4208
135.6479 49.4208
135.6537 49.4208
135.6595 49.4208
135.6653 49.4208
135.6711 49.4208
135.6770 49.4208
135.6828 49.4208
135.6886 49.4208
135.6944 49.4208
135.7002 49.4208
135.7060 49.4208
135.7119 49.4208
135.7177 49.4208
135.7235 49.4208
135.7293 49.4208
135.7351 49.4208
135.7409 49.4208
135.7468 49.4208
135.7526 49.4208
135.7584 49.4208
135.7642 49.4208
135.7700 49.4208
135.7758 49.4208
135.7817 49.4208
135.7875 49.4208
135.7933 49.4208
135.7991 49.4208
135.8049 49.4208
135.8107 49.4208
135.8166 49.4208
135.8224 49.4208
135.8282 49.4208
135.8340 49.4208
135.8398 49.4208
135.8456 49.4208
135.8515 49.4208
135.8573 49.4208
135.8631 49.4208
135.8689 49.4208
135.8747 49.4208
135.8805 49.4208
135.8864 49.4208
135.8922 49.4208
135.8980 49.4208
135.9038 49.4208
135.9096 49.4208
135.9154 49.4208
135.9213 49.4208
135.9271 49.4208
135.9329 49.4208
135.9387 49.4208
135.9445 49.4208
135.9503 49.4208
135.9562 49.4208
135.9620 49.4208
135.9678 49.4208
135.9736 49.4208
135.9794 49.4208
135.9853 49.4208
135.9911 49.4208
135.9969 49.4208
136.0027 49.4208
136.0085 49.4208
136.0143 49.4208
136.0202 49.4208
136.0260 49.4208
136.0318 49.4208
136.0376 49.4208
136.0434 49.4208
136.0492 49.4208
136.0551 49.4208
136.0609 49.4208
136.0667 49.4208
136.0725 49.4208
136.0783 49.4208
136.0841 49.4208
136.0900 49.4208
136.0958 49.4208
136.1016 49.4208
136.1074 49.4208
136.1132 49.4208
136.1190 49.4208
136.1249 49.4208
136.1307 49.4208
136.1365 49.4208
136.1423 49.4208
136.1481 49.4208
136.1539 49.4208
136.1598 49.4208
136.1656 49.4208
136.1714 49.4208
136.1772 49.4208
136.1830 49.4208
136.1888 49.4208
136.1947 49.4208
136.2005 49.4208
136.2063 49.4208
136.2121 49.4208
136.2179 49.4208
136.2237 49.4208
136.2296 49.4208
136.2354 49.4208
136.2412 49.4208
136.2470 49.4208
136.2528 49.4208
136.2586 49.4208
136.2645 49.4208
136.2703 49.4208
136.2761 49.4208
136.2819 49.4208
136.2877 49.4208
136.2935 49.4208
136.2994 49.4208
136.3052 49.4208
136.3110 49.4208
136.3168 49.4208
136.3226 49.4208
136.3284 49.4208
136.3343 49.4208
136.3401 49.4208
136.3459 49.4208
136.3517 49.4208
136.3575 49.4208
136.3633 49.4208
136.3692 49.4208
136.3750 49.4208
136.3808 49.4208
136.3866 49.4208
136.3924 49.4208
136.3982 49.4208
136.4041 49.4208
136.4099 49.4208
136.4157 49.4208
136.4215 49.4208
136.4273 49.4208
136.4331 49.4208
136.4390 49.4208
136.4448 49.4208
136.4506 49.4208
136.4564 49.4208
136.4622 49.4208
136.4680 49.4208
136.4739 49.4208
136.4797 49.4208
136.4855 49.4208
136.4913 49.4208
136.4971 49.4208
136.5029 49.4208
136.5088 49.4208
136.5146 49.4208
136.5204 49.4208
136.5262 49.4208
136.5320 49.4208
136.5378 49.4208
136.5437 49.4208
136.5495 49.4208
136.5553 49.4208
136.5611 49.4208
136.5669 49.4208
136.5727 49.4208
136.5786 49.4208
136.5844 49.4208
136.5902 49.4208
136.5960 49.4208
136.6018 49.4208
136.6076 49.4208
136.6135 49.4208
136.6193 49.4208
136.6251 49.4208
136.6309 49.4208
136.6367 49.4208
136.6425 49.4208
136.6484 49.4208
136.6542 49.4208
136.6600 49.4208
136.6658 49.4208
136.6716 49.4208
136.6774 49.4208
136.6833 49.4208
136.6891 49.4208
136.6949 49.4208
136.7007 49.4208
136.7065 49.4208
136.7123 49.4208
136.7182 49.4208
136.7240 49.4208
136.7298 49.4208
136.7356 49.4208
136.7414 49.4208
136.7472 49.4208
136.7531 49.4208
136.7589 49.4208
136.7647 49.4208
136.7705 49.4208
136.7763 49.4208
136.7821 49.4208
136.7880 49.4208
136.7938 49.4208
136.7996 49.4208
136.8054 49.4208
136.8112 49.4208
136.8170 49.4208
136.8229 49.4208
136.8287 49.4208
136.8345 49.4208
136.8403 49.4208
136.8461 49.4208
136.8519 49.4208
136.8578 49.4208
136.8636 49.4208
136.8694 49.4208
136.8752 49.4208
136.8810 49.4208
136.8869 49.4208
136.8927 49.4208
136.8985 49.4208
136.9043 49.4208
136.9101 49.4208
136.9159 49.4208
136.9218 49.4208
136.9276 49.4208
136.9334 49.4208
136.9392 49.4208
136.9450 49.4208
136.9508 49.4208
136.9567 49.4208
136.9625 49.4208
136.9683 49.4208
136.9741 49.4208
136.9799 49.4208
136.9857 49.4208
136.9916 49.4208
136.9974 49.4208
137.0032 49.4208
137.0090 49.4208
137.0148 49.4208
137.0206 49.4208
137.0265 49.4208
137.0323 49.4208
137.0381 49.4208
137.0439 49.4208
137.0497 49.4208
137.0555 49.4208
137.0614 49.4208
137.0672 49.4208
137.0730 49.4208
137.0788 49.4208
137.0846 49.4208
137.0904 49.4208
137.0963 49.4208
137.1021 49.4208
137.1079 49.4208
137.1137 49.4208
137.1195 49.4208
137.1253 49.4208
137.1312 49.4208
137.1370 49.4208
137.1428 49.4208
137.1486 49.4208
137.1544 49.4208
137.1602 49.4208
137.1661 49.4208
137.1719 49.4208
137.1777 49.4208
137.1835 49.4208
137.1893 49.4208
137.1951 49.4208
137.2010 49.4208
137.2068 49.4208
137.2126 49.4208
137.2184 49.4208
137.2242 49.4208
137.2300 49.4208
137.2359 49.4208
137.2417 49.4208
137.2475 49.4208
137.2533 49.4208
137.2591 49.4208
137.2649 49.4208
137.2708 49.4208
137.2766 49.4208
137.2824 49.4208
137.2882 49.4208
137.2940 49.4208
137.2998 49.4208
137.3057 49.4208
137.3115 49.4208
137.3173 49.4208
137.3231 49.4208
137.3289 49.4208
137.3347 49.4208
137.3406 49.4208
137.3464 49.4208
137.3522 49.4208
137.3580 49.4208
137.3638 49.4208
137.3696 49.4208
137.3755 49.4208
137.3813 49.4208
137.3871 49.4208
137.3929 49.4208
137.3987 49.4208
137.4045 49.4208
137.4104 49.4208
137.4162 49.4208
137.4220 49.4208
137.4278 49.4208
137.4336 49.4208
137.4394 49.4208
137.4453 49.4208
137.4511 49.4208
137.4569 49.4208
137.4627 49.4208
137.4685 49.4208
137.4743 49.4208
137.4802 49.4208
137.4860 49.4208
137.4918 49.4208
137.4976 49.4208
137.5034 49.4208
137.5092 49.4208
137.5151 49.4208
137.5209 49.4208
137.5267 49.4208
137.5325 49.4208
137.5383 49.4208
137.5441 49.4208
137.5500 49.4208
137.5558 49.4208
137.5616 49.4208
137.5674 49.4208
137.5732 49.4208
137.5790 49.4208
137.5849 49.4208
137.5907 49.4208
137.5965 49.4208
137.6023 49.4208
137.6081 49.4208
137.6139 49.4208
137.6198 49.4208
137.6256 49.4208
137.6314 49.4208
137.6372 49.4208
137.6430 49.4208
137.6488 49.4208
137.6547 49.4208
137.6605 49.4208
137.6663 49.4208
137.6721 49.4208
137.6779 49.4208
137.6837 49.4208
137.6896 49.4208
137.6954 49.4208
137.7012 49.4208
137.7070 49.4208
137.7128 49.4208
137.7186 49.4208
137.7245 49.4208
137.7303 49.4208
137.7361 49.4208
137.7419 49.4208
137.7477 49.4208
137.7535 49.4208
137.7594 49.4208
137.7652 49.4208
137.7710 49.4208
137.7768 49.4208
137.7826 49.4208
137.7884 49.4208
137.7943 49.4208
137.8001 49.4208
137.8059 49.4208
137.8117 49.4208
137.8175 49.4208
137.8234 49.4208
137.8292 49.4208
137.8350 49.4208
137.8408 49.4208
137.8466 49.4208
137.8524 49.4208
137.8583 49.4208
137.8641 49.4208
137.8699 49.4208
137.8757 49.4208
137.8815 49.4208
137.8873 49.4208
137.8932 49.4208
137.8990 49.4208
137.9048 49.4208
137.9106 49.4208
137.9164 49.4208
137.9222 49.4208
137.9281 49.4208
137.9339 49.4208
137.9397 49.4208
137.9455 49.4208
137.9513 49.4208
137.9571 49.4208
137.9630 49.4208
137.9688 49.4208
137.9746 49.4208
137.9804 49.4208
137.9862 49.4208
137.9920 49.4208
137.9979 49.4208
138.0037 49.4208
138.0095 49.4208
138.0153 49.4208
138.0211 49.4208
138.0269 49.4208
138.0328 49.4208
138.0386 49.4208
138.0444 49.4208
138.0502 49.4208
138.0560 49.4208
138.0618 49.4208
138.0677 49.4208
138.0735 49.4208
138.0793 49.4208
138.0851 49.4208
138.0909 49.4208
138.0967 49.4208
138.1026 49.4208
138.1084 49.4208
138.1142 49.4208
138.1200 49.4208
138.1258 49.4208
138.1316 49.4208
138.1375 49.4208
138.1433 49.4208
138.1491 49.4208
138.1549 49.4208
138.1607 49.4208
138.1665 49.4208
138.1724 49.4208
138.1782 49.4208
138.1840 49.4208
138.1898 49.4208
138.1956 49.4208
138.2014 49.4208
138.2073 49.4208
138.2131 49.4208
138.2189 49.4208
138.2247 49.4208
138.2305 49.4208
138.2363 49.4208
138.2422 49.4208
138.2480 49.4208
138.2538 49.4208
138.2596 49.4208
138.2654 49.4208
138.2712 49.4208
138.2771 49.4208
138.2829 49.4208
138.2887 49.4208
138.2945 49.4208
138.3003 49.4208
138.3061 49.4208
138.3120 49.4208
138.3178 49.4208
138.3236 49.4208
138.3294 49.4208
138.3352 49.4208
138.3410 49.4208
138.3469 49.4208
138.3527 49.4208
138.3585 49.4208
138.3643 49.4208
138.3701 49.4208
138.3759 49.4208
138.3818 49.4208
138.3876 49.4208
138.3934 49.4208
138.3992 49.4208
138.4050 49.4208
138.4108 49.4208
138.4167 49.4208
138.4225 49.4208
138.4283 49.4208
138.4341 49.4208
138.4399 49.4208
138.4457 49.4208
138.4516 49.4208
138.4574 49.4208
138.4632 49.4208
138.4690 49.4208
138.4748 49.4208
138.4806 49.4208
138.4865 49.4208
138.4923 49.4208
138.4981 49.4208
138.5039 49.4208
138.5097 49.4208
138.5155 49.4208
138.5214 49.4208
138.5272 49.4208
138.5330 49.4208
138.5388 49.4208
138.5446 49.4208
138.5504 49.4208
138.5563 49.4208
138.5621 49.4208
138.5679 49.4208
138.5737 49.4208
138.5795 49.4208
138.5853 49.4208
138.5912 49.4208
138.5970 49.4208
138.6028 49.4208
138.6086 49.4208
138.6144 49.4208
138.6202 49.4208
138.6261 49.4208
138.6319 49.4208
138.6377 49.4208
138.6435 49.4208
138.6493 49.4208
138.6551 49.4208
138.6610 49.4208
138.6668 49.4208
138.6726 49.4208
138.6784 49.4208
138.6842 49.4208
138.6900 49.4208
138.6959 49.4208
138.7017 49.4208
138.7075 49.4208
138.7133 49.4208
138.7191 49.4208
138.7250 49.4208
138.7308 49.4208
138.7366 49.4208
138.7424 49.4208
138.7482 49.4208
138.7540 49.4208
138.7599 49.4208
138.7657 49.4208
138.7715 49.4208
138.7773 49.4208
138.7831 49.4208
138.7889 49.4208
138.7948 49.4208
138.8006 49.4208
138.8064 49.4208
138.8122 49.4208
138.8180 49.4208
138.8238 49.4208
138.8297 49.4208
138.8355 49.4208
138.8413 49.4208
138.8471 49.4208
138.8529 49.4208
138.8587 49.4208
138.8646 49.4208
138.8704 49.4208
138.8762 49.4208
138.8820 49.4208
138.8878 49.4208
138.8936 49.4208
138.8995 49.4208
138.9053 49.4208
138.9111 49.4208
138.9169 49.4208
138.9227 49.4208
138.9285 49.4208
138.9344 49.4208
138.9402 49.4208
138.9460 49.4208
138.9518 49.4208
138.9576 49.4208
138.9634 49.4208
138.9693 49.4208
138.9751 49.4208
138.9809 49.4208
138.9867 49.4208
138.9925 49.4208
138.9983 49.4208
139.0042 49.4208
139.0100 49.4208
139.0158 49.4208
139.0216 49.4208
139.0274 49.4208
139.0332 49.4208
139.0391 49.4208
139.0449 49.4208
139.0507 49.4208
139.0565 49.4208
139.0623 49.4208
139.0681 49.4208
139.0740 49.4208
139.0798 49.4208
139.0856 49.4208
139.0914 49.4208
139.0972 49.4208
139.1030 49.4208
139.1089 49.4208
139.1147 49.4208
139.1205 49.4208
139.1263 49.4208
139.1321 49.4208
139.1379 49.4208
139.1438 49.4208
139.1496 49.4208
139.1554 49.4208
139.1612 49.4208
139.1670 49.4208
139.1728 49.4208
139.1787 49.4208
139.1845 49.4208
139.1903 49.4208
139.1961 49.4208
139.2019 49.4208
139.2077 49.4208
139.2136 49.4208
139.2194 49.4208
139.2252 49.4208
139.2310 49.4208
139.2368 49.4208
139.2426 49.4208
139.2485 49.4208
139.2543 49.4208
139.2601 49.4208
139.2659 49.4208
139.2717 49.4208
139.2775 49.4208
139.2834 49.4208
139.2892 49.4208
139.2950 49.4208
139.3008 49.4208
139.3066 49.4208
139.3124 49.4208
139.3183 49.4208
139.3241 49.4208
139.3299 49.4208
139.3357 49.4208
139.3415 49.4208
139.3473 49.4208
139.3532 49.4208
139.3590 49.4208
139.3648 49.4208
139.3706 49.4208
139.3764 49.4208
139.3822 49.4208
139.3881 49.4208
139.3939 49.4208
139.3997 49.4208
139.4055 49.4208
139.4113 49.4208
139.4171 49.4208
139.4230 49.4208
139.4288 49.4208
139.4346 49.4208
139.4404 49.4208
139.4462 49.4208
139.4520 49.4208
139.4579 49.4208
139.4637 49.4208
139.4695 49.4208
139.4753 49.4208
139.4811 49.4208
139.4869 49.4208
139.4928 49.4208
139.4986 49.4208
139.5044 49.4208
139.5102 49.4208
139.5160 49.4208
139.5218 49.4208
139.5277 49.4208
139.5335 49.4208
139.5393 49.4208
139.5451 49.4208
139.5509 49.4208
139.5567 49.4208
139.5626 49.4208
139.5684 49.4208
139.5742 49.4208
139.5800 49.4208
139.5858 49.4208
139.5916 49.4208
139.5975 49.4208
139.6033 49.4208
139.6091 49.4208
139.6149 49.4208
139.6207 49.4208
139.6265 49.4208
139.6324 49.4208
139.6382 49.4208
139.6440 49.4208
139.6498 49.4208
139.6556 49.4208
139.6615 49.4208
139.6673 49.4208
139.6731 49.4208
139.6789 49.4208
139.6847 49.4208
139.6905 49.4208
139.6964 49.4208
139.7022 49.4208
139.7080 49.4208
139.7138 49.4208
139.7196 49.4208
139.7254 49.4208
139.7313 49.4208
139.7371 49.4208
139.7429 49.4208
139.7487 49.4208
139.7545 49.4208
139.7603 49.4208
139.7662 49.4208
139.7720 49.4208
139.7778 49.4208
139.7836 49.4208
139.7894 49.4208
139.7952 49.4208
139.8011 49.4208
139.8069 49.4208
139.8127 49.4208
139.8185 49.4208
139.8243 49.4208
139.8301 49.4208
139.8360 49.4208
139.8418 49.4208
139.8476 49.4208
139.8534 49.4208
139.8592 49.4208
139.8650 49.4208
139.8709 49.4208
139.8767 49.4208
139.8825 49.4208
139.8883 49.4208
139.8941 49.4208
139.8999 49.4208
139.9058 49.4208
139.9116 49.4208
139.9174 49.4208
139.9232 49.4208
139.9290 49.4208
139.9348 49.4208
139.9407 49.4208
139.9465 49.4208
139.9523 49.4208
139.9581 49.4208
139.9639 49.4208
139.9697 49.4208
139.9756 49.4208
139.9814 49.4208
139.9872 49.4208
139.9930 49.4208
139.9988 49.4208
140.0046 49.4208
140.0105 49.4208
140.0163 49.4208
140.0221 49.4208
140.0279 49.4208
140.0337 49.4208
140.0395 49.4208
140.0454 49.4208
140.0512 49.4208
140.0570 49.4208
140.0628 49.4208
140.0686 49.4208
140.0744 49.4208
140.0803 49.4208
140.0861 49.4208
140.0919 49.4208
140.0977 49.4208
140.1035 49.4208
140.1093 49.4208
140.1152 49.4208
140.1210 49.4208
140.1268 49.4208
140.1326 49.4208
140.1384 49.4208
140.1442 49.4208
140.1501 49.4208
140.1559 49.4208
140.1617 49.4208
140.1675 49.4208
140.1733 49.4208
140.1791 49.4208
140.1850 49.4208
140.1908 49.4208
140.1966 49.4208
140.2024 49.4208
140.2082 49.4208
140.2140 49.4208
140.2199 49.4208
140.2257 49.4208
140.2315 49.4208
140.2373 49.4208
140.2431 49.4208
140.2489 49.4208
140.2548 49.4208
140.2606 49.4208
140.2664 49.4208
140.2722 49.4208
140.2780 49.4208
140.2838 49.4208
140.2897 49.4208
140.2955 49.4208
140.3013 49.4208
140.3071 49.4208
140.3129 49.4208
140.3187 49.4208
140.3246 49.4208
140.3304 49.4208
140.3362 49.4208
140.3420 49.4208
140.3478 49.4208
140.3536 49.4208
140.3595 49.4208
140.3653 49.4208
140.3711 49.4208
140.3769 49.4208
140.3827 49.4208
140.3885 49.4208
140.3944 49.4208
140.4002 49.4208
140.4060 49.4208
140.4118 49.4208
140.4176 49.4208
140.4234 49.4208
140.4293 49.4208
140.4351 49.4208
140.4409 49.4208
140.4467 49.4208
140.4525 49.4208
140.4583 49.4208
140.4642 49.4208
140.4700 49.4208
140.4758 49.4208
140.4816 49.4208
140.4874 49.4208
140.4932 49.4208
140.4991 49.4208
140.5049 49.4208
140.5107 49.4208
140.5165 49.4208
140.5223 49.4208
140.5281 49.4208
140.5340 49.4208
140.5398 49.4208
140.5456 49.4208
140.5514 49.4208
140.5572 49.4208
140.5630 49.4208
140.5689 49.4208
140.5747 49.4208
140.5805 49.4208
140.5863 49.4208
140.5921 49.4208
140.5980 49.4208
140.6038 49.4208
140.6096 49.4208
140.6154 49.4208
140.6212 49.4208
140.6270 49.4208
140.6329 49.4208
140.6387 49.4208
140.6445 49.4208
140.6503 49.4208
140.6561 49.4208
140.6619 49.4208
140.6678 49.4208
140.6736 49.4208
140.6794 49.4208
140.6852 49.4208
140.6910 49.4208
140.6968 49.4208
140.7027 49.4208
140.7085 49.4208
140.7143 49.4208
140.7201 49.4208
140.7259 49.4208
140.7317 49.4208
140.7376 49.4208
140.7434 49.4208
140.7492 49.4208
140.7550 49.4208
140.7608 49.4208
140.7666 49.4208
140.7725 49.4208
140.7783 49.4208
140.7841 49.4208
140.7899 49.4208
140.7957 49.4208
140.8015 49.4208
140.8074 49.4208
140.8132 49.4208
140.8190 49.4208
140.8248 49.4208
140.8306 49.4208
140.8364 49.4208
140.8423 49.4208
140.8481 49.4208
140.8539 49.4208
140.8597 49.4208
140.8655 49.4208
140.8713 49.4208
140.8772 49.4208
140.8830 49.4208
140.8888 49.4208
140.8946 49.4208
140.9004 49.4208
140.9062 49.4208
140.9121 49.4208
140.9179 49.4208
140.9237 49.4208
140.9295 49.4208
140.9353 49.4208
140.9411 49.4208
140.9470 49.4208
140.9528 49.4208
140.9586 49.4208
140.9644 49.4208
140.9702 49.4208
140.9760 49.4208
140.9819 49.4208
140.9877 49.4208
140.9935 49.4208
140.9993 49.4208
141.0051 49.4208
141.0109 49.4208
141.0168 49.4208
141.0226 49.4208
141.0284 49.4208
141.0342 49.4208
141.0400 49.4208
141.0458 49.4208
141.0517 49.4208
141.0575 49.4208
141.0633 49.4208
141.0691 49.4208
141.0749 49.4208
141.0807 49.4208
141.0866 49.4208
141.0924 49.4208
141.0982 49.4208
141.1040 49.4208
141.1098 49.4208
141.1156 49.4208
141.1215 49.4208
141.1273 49.4208
141.1331 49.4208
141.1389 49.4208
141.1447 49.4208
141.1505 49.4208
141.1564 49.4208
141.1622 49.4208
141.1680 49.4208
141.1738 49.4208
141.1796 49.4208
141.1854 49.4208
141.1913 49.4208
141.1971 49.4208
141.2029 49.4208
141.2087 49.4208
141.2145 49.4208
141.2203 49.4208
141.2262 49.4208
141.2320 49.4208
141.2378 49.4208
141.2436 49.4208
141.2494 49.4208
141.2552 49.4208
141.2611 49.4208
141.2669 49.4208
141.2727 49.4208
141.2785 49.4208
141.2843 49.4208
141.2901 49.4208
141.2960 49.4208
141.3018 49.4208
141.3076 49.4208
141.3134 49.4208
141.3192 49.4208
141.3250 49.4208
141.3309 49.4208
141.3367 49.4208
141.3425 49.4208
141.3483 49.4208
141.3541 49.4208
141.3599 49.4208
141.3658 49.4208
141.3716 49.4208
141.3774 49.4208
141.3832 49.4208
141.3890 49.4208
141.3948 49.4208
141.4007 49.4208
141.4065 49.4208
141.4123 49.4208
141.4181 49.4208
141.4239 49.4208
141.4297 49.4208
141.4356 49.4208
141.4414 49.4208
141.4472 49.4208
141.4530 49.4208
141.4588 49.4208
141.4646 49.4208
141.4705 49.4208
141.4763 49.4208
141.4821 49.4208
141.4879 49.4208
141.4937 49.4208
141.4996 49.4208
141.5054 49.4208
141.5112 49.4208
141.5170 49.4208
141.5228 49.4208
141.5286 49.4208
141.5345 49.4208
141.5403 49.4208
141.5461 49.4208
141.5519 49.4208
141.5577 49.4208
141.5635 49.4208
141.5694 49.4208
141.5752 49.4208
141.5810 49.4208
141.5868 49.4208
141.5926 49.4208
141.5984 49.4208
141.6043 49.4208
141.6101 49.4208
141.6159 49.4208
141.6217 49.4208
141.6275 49.4208
141.6333 49.4208
141.6392 49.4208
141.6450 49.4208
141.6508 49.4208
141.6566 49.4208
141.6624 49.4208
141.6682 49.4208
141.6741 49.4208
141.6799 49.4208
141.6857 49.4208
141.6915 49.4208
141.6973 49.4208
141.7031 49.4208
141.7090 49.4208
141.7148 49.4208
141.7206 49.4208
141.7264 49.4208
141.7322 49.4208
141.7380 49.4208
141.7439 49.4208
141.7497 49.4208
141.7555 49.4208
141.7613 49.4208
141.7671 49.4208
141.7729 49.4208
141.7788 49.4208
141.7846 49.4208
141.7904 49.4208
141.7962 49.4208
141.8020 49.4208
141.8078 49.4208
141.8137 49.4208
141.8195 49.4208
141.8253 49.4208
141.8311 49.4208
141.8369 49.4208
141.8427 49.4208
141.8486 49.4208
141.8544 49.4208
141.8602 49.4208
141.8660 49.4208
141.8718 49.4208
141.8776 49.4208
141.8835 49.4208
141.8893 49.4208
141.8951 49.4208
141.9009 49.4208
141.9067 49.4208
141.9125 49.4208
141.9184 49.4208
141.9242 49.4208
141.9300 49.4208
141.9358 49.4208
141.9416 49.4208
141.9474 49.4208
141.9533 49.4208
141.9591 49.4208
141.9649 49.4208
141.9707 49.4208
141.9765 49.4208
141.9823 49.4208
141.9882 49.4208
141.9940 49.4208
141.9998 49.4208
142.0056 49.4208
142.0114 49.4208
142.0172 49.4208
142.0231 49.4208
142.0289 49.4208
142.0347 49.4208
142.0405 49.4208
142.0463 49.4208
142.0521 49.4208
142.0580 49.4208
142.0638 49.4208
142.0696 49.4208
142.0754 49.4208
142.0812 49.4208
142.0870 49.4208
142.0929 49.4208
142.0987 49.4208
142.1045 49.4208
142.1103 49.4208
142.1161 49.4208
142.1219 49.4208
142.1278 49.4208
142.1336 49.4208
142.1394 49.4208
142.1452 49.4208
142.1510 49.4208
142.1568 49.4208
142.1627 49.4208
142.1685 49.4208
142.1743 49.4208
142.1801 49.4208
142.1859 49.4208
142.1917 49.4208
142.1976 49.4208
142.2034 49.4208
142.2092 49.4208
142.2150 49.4208
142.2208 49.4208
142.2266 49.4208
142.2325 49.4208
142.2383 49.4208
142.2441 49.4208
142.2499 49.4208
142.2557 49.4208
142.2615 49.4208
142.2674 49.4208
142.2732 49.4208
142.2790 49.4208
142.2848 49.4208
142.2906 49.4208
142.2964 49.4208
142.3023 49.4208
142.3081 49.4208
142.3139 49.4208
142.3197 49.4208
142.3255 49.4208
142.3313 49.4208
142.3372 49.4208
142.3430 49.4208
142.3488 49.4208
142.3546 49.4208
142.3604 49.4208
142.3662 49.4208
142.3721 49.4208
142.3779 49.4208
142.3837 49.4208
142.3895 49.4208
142.3953 49.4208
142.4011 49.4208
142.4070 49.4208
142.4128 49.4208
142.4186 49.4208
142.4244 49.4208
142.4302 49.4208
142.4361 49.4208
142.4419 49.4208
142.4477 49.4208
142.4535 49.4208
142.4593 49.4208
142.4651 49.4208
142.4710 49.4208
142.4768 49.4208
142.4826 49.4208
142.4884 49.4208
142.4942 49.4208
142.5000 49.4208
142.5059 49.4208
142.5117 49.4208
142.5175 49.4208
142.5233 49.4208
142.5291 49.4208
142.5349 49.4208
142.5408 49.4208
142.5466 49.4208
142.5524 49.4208
142.5582 49.4208
142.5640 49.4208
142.5698 49.4208
142.5757 49.4208
142.5815 49.4208
142.5873 49.4208
142.5931 49.4208
142.5989 49.4208
142.6047 49.4208
142.6106 49.4208
142.6164 49.4208
142.6222 49.4208
142.6280 49.4208
142.6338 49.4208
142.6396 49.4208
142.6455 49.4208
142.6513 49.4208
142.6571 49.4208
142.6629 49.4208
142.6687 49.4208
142.6745 49.4208
142.6804 49.4208
142.6862 49.4208
142.6920 49.4208
142.6978 49.4208
142.7036 49.4208
142.7094 49.4208
142.7153 49.4208
142.7211 49.4208
142.7269 49.4208
142.7327 49.4208
142.7385 49.4208
142.7443 49.4208
142.7502 49.4208
142.7560 49.4208
142.7618 49.4208
142.7676 49.4208
142.7734 49.4208
142.7792 49.4208
142.7851 49.4208
142.7909 49.4208
142.7967 49.4208
142.8025 49.4208
142.8083 49.4208
142.8141 49.4208
142.8200 49.4208
142.8258 49.4208
142.8316 49.4208
142.8374 49.4208
142.8432 49.4208
142.8490 49.4208
142.8549 49.4208
142.8607 49.4208
142.8665 49.4208
142.8723 49.4208
142.8781 49.4208
142.8839 49.4208
142.8898 49.4208
142.8956 49.4208
142.9014 49.4208
142.9072 49.4208
142.9130 49.4208
142.9188 49.4208
142.9247 49.4208
142.9305 49.4208
142.9363 49.4208
142.9421 49.4208
142.9479 49.4208
142.9537 49.4208
142.9596 49.4208
142.9654 49.4208
142.9712 49.4208
142.9770 49.4208
142.9828 49.4208
142.9886 49.4208
142.9945 49.4208
143.0003 49.4208
143.0061 49.4208
143.0119 49.4208
143.0177 49.4208
143.0235 49.4208
143.0294 49.4208
143.0352 49.4208
143.0410 49.4208
143.0468 49.4208
143.0526 49.4208
143.0584 49.4208
143.0643 49.4208
143.0701 49.4208
143.0759 49.4208
143.0817 49.4208
143.0875 49.4208
143.0933 49.4208
143.0992 49.4208
143.1050 49.4208
143.1108 49.4208
143.1166 49.4208
143.1224 49.4208
143.1282 49.4208
143.1341 49.4208
143.1399 49.4208
143.1457 49.4208
143.1515 49.4208
143.1573 49.4208
143.1631 49.4208
143.1690 49.4208
143.1748 49.4208
143.1806 49.4208
143.1864 49.4208
143.1922 49.4208
143.1980 49.4208
143.2039 49.4208
143.2097 49.4208
143.2155 49.4208
143.2213 49.4208
143.2271 49.4208
143.2329 49.4208
143.2388 49.4208
143.2446 49.4208
143.2504 49.4208
143.2562 49.4208
143.2620 49.4208
143.2678 49.4208
143.2737 49.4208
143.2795 49.4208
143.2853 49.4208
143.2911 49.4208
143.2969 49.4208
143.3027 49.4208
143.3086 49.4208
143.3144 49.4208
143.3202 49.4208
143.3260 49.4208
143.3318 49.4208
143.3377 49.4208
143.3435 49.4208
143.3493 49.4208
143.3551 49.4208
143.3609 49.4208
143.3667 49.4208
143.3726 49.4208
143.3784 49.4208
143.3842 49.4208
143.3900 49.4208
143.3958 49.4208
143.4016 49.4208
143.4075 49.4208
143.4133 49.4208
143.4191 49.4208
143.4249 49.4208
143.4307 49.4208
143.4365 49.4208
143.4424 49.4208
143.4482 49.4208
143.4540 49.4208
143.4598 49.4208
143.4656 49.4208
143.4714 49.4208
143.4773 49.4208
143.4831 49.4208
143.4889 49.4208
143.4947 49.4208
143.5005 49.4208
143.5063 49.4208
143.5122 49.4208
143.5180 49.4208
143.5238 49.4208
143.5296 49.4208
143.5354 49.4208
143.5412 49.4208
143.5471 49.4208
143.5529 49.4208
143.5587 49.4208
143.5645 49.4208
143.5703 49.4208
143.5761 49.4208
143.5820 49.4208
143.5878 49.4208
143.5936 49.4208
143.5994 49.4208
143.6052 49.4208
143.6110 49.4208
143.6169 49.4208
143.6227 49.4208
143.6285 49.4208
143.6343 49.4208
143.6401 49.4208
143.6459 49.4208
143.6518 49.4208
143.6576 49.4208
143.6634 49.4208
143.6692 49.4208
143.6750 49.4208
143.6808 49.4208
143.6867 49.4208
143.6925 49.4208
143.6983 49.4208
143.7041 49.4208
143.7099 49.4208
143.7157 49.4208
143.7216 49.4208
143.7274 49.4208
143.7332 49.4208
143.7390 49.4208
143.7448 49.4208
143.7506 49.4208
143.7565 49.4208
143.7623 49.4208
143.7681 49.4208
143.7739 49.4208
143.7797 49.4208
143.7855 49.4208
143.7914 49.4208
143.7972 49.4208
143.8030 49.4208
143.8088 49.4208
143.8146 49.4208
143.8204 49.4208
143.8263 49.4208
143.8321 49.4208
143.8379 49.4208
143.8437 49.4208
143.8495 49.4208
143.8553 49.4208
143.8612 49.4208
143.8670 49.4208
143.8728 49.4208
143.8786 49.4208
143.8844 49.4208
143.8902 49.4208
143.8961 49.4208
143.9019 49.4208
143.9077 49.4208
143.9135 49.4208
143.9193 49.4208
143.9251 49.4208
143.9310 49.4208
143.9368 49.4208
143.9426 49.4208
143.9484 49.4208
143.9542 49.4208
143.9600 49.4208
143.9659 49.4208
143.9717 49.4208
143.9775 49.4208
143.9833 49.4208
143.9891 49.4208
143.9949 49.4208
144.0008 49.4208
144.0066 49.4208
144.0124 49.4208
144.0182 49.4208
144.0240 49.4208
144.0298 49.4208
144.0357 49.4208
144.0415 49.4208
144.0473 49.4208
144.0531 49.4208
144.0589 49.4208
144.0647 49.4208
144.0706 49.4208
144.0764 49.4208
144.0822 49.4208
144.0880 49.4208
144.0938 49.4208
144.0996 49.4208
144.1055 49.4208
144.1113 49.4208
144.1171 49.4208
144.1229 49.4208
144.1287 49.4208
144.1345 49.4208
144.1404 49.4208
144.1462 49.4208
144.1520 49.4208
144.1578 49.4208
144.1636 49.4208
144.1694 49.4208
144.1753 49.4208
144.1811 49.4208
144.1869 49.4208
144.1927 49.4208
144.1985 49.4208
144.2043 49.4208
144.2102 49.4208
144.2160 49.4208
144.2218 49.4208
144.2276 49.4208
144.2334 49.4208
144.2392 49.4208
144.2451 49.4208
144.2509 49.4208
144.2567 49.4208
144.2625 49.4208
144.2683 49.4208
144.2742 49.4208
144.2800 49.4208
144.2858 49.4208
144.2916 49.4208
144.2974 49.4208
144.3032 49.4208
144.3091 49.4208
144.3149 49.4208
144.3207 49.4208
144.3265 49.4208
144.3323 49.4208
144.3381 49.4208
144.3440 49.4208
144.3498 49.4208
144.3556 49.4208
144.3614 49.4208
144.3672 49.4208
144.3730 49.4208
144.3789 49.4208
144.3847 49.4208
144.3905 49.4208
144.3963 49.4208
144.4021 49.4208
144.4079 49.4208
144.4138 49.4208
144.4196 49.4208
144.4254 49.4208
144.4312 49.4208
144.4370 49.4208
144.4428 49.4208
144.4487 49.4208
144.4545 49.4208
144.4603 49.4208
144.4661 49.4208
144.4719 49.4208
144.4777 49.4208
144.4836 49.4208
144.4894 49.4208
144.4952 49.4208
144.5010 49.4208
144.5068 49.4208
144.5126 49.4208
144.5185 49.4208
144.5243 49.4208
144.5301 49.4208
144.5359 49.4208
144.5417 49.4208
144.5475 49.4208
144.5534 49.4208
144.5592 49.4208
144.5650 49.4208
144.5708 49.4208
144.5766 49.4208
144.5824 49.4208
144.5883 49.4208
144.5941 49.4208
144.5999 49.4208
144.6057 49.4208
144.6115 49.4208
144.6173 49.4208
144.6232 49.4208
144.6290 49.4208
144.6348 49.4208
144.6406 49.4208
144.6464 49.4208
144.6522 49.4208
144.6581 49.4208
144.6639 49.4208
144.6697 49.4208
144.6755 49.4208
144.6813 49.4208
144.6871 49.4208
144.6930 49.4208
144.6988 49.4208
144.7046 49.4208
144.7104 49.4208
144.7162 49.4208
144.7220 49.4208
144.7279 49.4208
144.7337 49.4208
144.7395 49.4208
144.7453 49.4208
144.7511 49.4208
144.7569 49.4208
144.7628 49.4208
144.7686 49.4208
144.7744 49.4208
144.7802 49.4208
144.7860 49.4208
144.7918 49.4208
144.7977 49.4208
144.8035 49.4208
144.8093 49.4208
144.8151 49.4208
144.8209 49.4208
144.8267 49.4208
144.8326 49.4208
144.8384 49.4208
144.8442 49.4208
144.8500 49.4208
144.8558 49.4208
144.8616 49.4208
144.8675 49.4208
144.8733 49.4208
144.8791 49.4208
144.8849 49.4208
144.8907 49.4208
144.8965 49.4208
144.9024 49.4208
144.9082 49.4208
144.9140 49.4208
144.9198 49.4208
144.9256 49.4208
144.9314 49.4208
144.9373 49.4208
144.9431 49.4208
144.9489 49.4208
144.9547 49.4208
144.9605 49.4208
144.9663 49.4208
144.9722 49.4208
144.9780 49.4208
144.9838 49.4208
144.9896 49.4208
144.9954 49.4208
145.0012 49.4208
145.0071 49.4208
145.0129 49.4208
145.0187 49.4208
145.0245 49.4208
145.0303 49.4208
145.0361 49.4208
145.0420 49.4208
145.0478 49.4208
145.0536 49.4208
145.0594 49.4208
145.0652 49.4208
145.0710 49.4208
145.0769 49.4208
145.0827 49.4208
145.0885 49.4208
145.0943 49.4208
145.1001 49.4208
145.1059 49.4208
145.1118 49.4208
145.1176 49.4208
145.1234 49.4208
145.1292 49.4208
145.1350 49.4208
145.1408 49.4208
145.1467 49.4208
145.1525 49.4208
145.1583 49.4208
145.1641 49.4208
145.1699 49.4208
145.1757 49.4208
145.1816 49.4208
145.1874 49.4208
145.1932 49.4208
145.1990 49.4208
145.2048 49.4208
145.2107 49.4208
145.2165 49.4208
145.2223 49.4208
145.2281 49.4208
145.2339 49.4208
145.2397 49.4208
145.2456 49.4208
145.2514 49.4208
145.2572 49.4208
145.2630 49.4208
145.2688 49.4208
145.2746 49.4208
145.2805 49.4208
145.2863 49.4208
145.2921 49.4208
145.2979 49.4208
145.3037 49.4208
145.3095 49.4208
145.3154 49.4208
145.3212 49.4208
145.3270 49.4208
145.3328 49.4208
145.3386 49.4208
145.3444 49.4208
145.3503 49.4208
145.3561 49.4208
145.3619 49.4208
145.3677 49.4208
145.3735 49.4208
145.3793 49.4208
145.3852 49.4208
145.3910 49.4208
145.3968 49.4208
145.4026 49.4208
145.4084 49.4208
145.4142 49.4208
145.4201 49.4208
145.4259 49.4208
145.4317 49.4208
145.4375 49.4208
145.4433 49.4208
145.4491 49.4208
145.4550 49.4208
145.4608 49.4208
145.4666 49.4208
145.4724 49.4208
145.4782 49.4208
145.4840 49.4208
145.4899 49.4208
145.4957 49.4208
145.5015 49.4208
145.5073 49.4208
145.5131 49.4208
145.5189 49.4208
145.5248 49.4208
145.5306 49.4208
145.5364 49.4208
145.5422 49.4208
145.5480 49.4208
145.5538 49.4208
145.5597 49.4208
145.5655 49.4208
145.5713 49.4208
145.5771 49.4208
145.5829 49.4208
145.5887 49.4208
145.5946 49.4208
145.6004 49.4208
145.6062 49.4208
145.6120 49.4208
145.6178 49.4208
145.6236 49.4208
145.6295 49.4208
145.6353 49.4208
145.6411 49.4208
145.6469 49.4208
145.6527 49.4208
145.6585 49.4208
145.6644 49.4208
145.6702 49.4208
145.6760 49.4208
145.6818 49.4208
145.6876 49.4208
145.6934 49.4208
145.6993 49.4208
145.7051 49.4208
145.7109 49.4208
145.7167 49.4208
145.7225 49.4208
145.7283 49.4208
145.7342 49.4208
145.7400 49.4208
145.7458 49.4208
145.7516 49.4208
145.7574 49.4208
145.7632 49.4208
145.7691 49.4208
145.7749 49.4208
145.7807 49.4208
145.7865 49.4208
145.7923 49.4208
145.7981 49.4208
145.8040 49.4208
145.8098 49.4208
145.8156 49.4208
145.8214 49.4208
145.8272 49.4208
145.8330 49.4208
145.8389 49.4208
145.8447 49.4208
145.8505 49.4208
145.8563 49.4208
145.8621 49.4208
145.8679 49.4208
145.8738 49.4208
145.8796 49.4208
145.8854 49.4208
145.8912 49.4208
145.8970 49.4208
145.9028 49.4208
145.9087 49.4208
145.9145 49.4208
145.9203 49.4208
145.9261 49.4208
145.9319 49.4208
145.9377 49.4208
145.9436 49.4208
145.9494 49.4208
145.9552 49.4208
145.9610 49.4208
145.9668 49.4208
145.9726 49.4208
145.9785 49.4208
145.9843 49.4208
145.9901 49.4208
145.9959 49.4208
146.0017 49.4208
146.0075 49.4208
146.0134 49.4208
146.0192 49.4208
146.0250 49.4208
146.0308 49.4208
146.0366 49.4208
146.0424 49.4208
146.0483 49.4208
146.0541 49.4208
146.0599 49.4208
146.0657 49.4208
146.0715 49.4208
146.0773 49.4208
146.0832 49.4208
146.0890 49.4208
146.0948 49.4208
146.1006 49.4208
146.1064 49.4208
146.1123 49.4208
146.1181 49.4208
146.1239 49.4208
146.1297 49.4208
146.1355 49.4208
146.1413 49.4208
146.1472 49.4208
146.1530 49.4208
146.1588 49.4208
146.1646 49.4208
146.1704 49.4208
146.1762 49.4208
146.1821 49.4208
146.1879 49.4208
146.1937 49.4208
146.1995 49.4208
146.2053 49.4208
146.2111 49.4208
146.2170 49.4208
146.2228 49.4208
146.2286 49.4208
146.2344 49.4208
146.2402 49.4208
146.2460 49.4208
146.2519 49.4208
146.2577 49.4208
146.2635 49.4208
146.2693 49.4208
146.2751 49.4208
146.2809 49.4208
146.2868 49.4208
146.2926 49.4208
146.2984 49.4208
146.3042 49.4208
146.3100 49.4208
146.3158 49.4208
146.3217 49.4208
146.3275 49.4208
146.3333 49.4208
146.3391 49.4208
146.3449 49.4208
146.3507 49.4208
146.3566 49.4208
146.3624 49.4208
146.3682 49.4208
146.3740 49.4208
146.3798 49.4208
146.3856 49.4208
146.3915 49.4208
146.3973 49.4208
146.4031 49.4208
146.4089 49.4208
146.4147 49.4208
146.4205 49.4208
146.4264 49.4208
146.4322 49.4208
146.4380 49.4208
146.4438 49.4208
146.4496 49.4208
146.4554 49.4208
146.4613 49.4208
146.4671 49.4208
146.4729 49.4208
146.4787 49.4208
146.4845 49.4208
146.4903 49.4208
146.4962 49.4208
146.5020 49.4208
146.5078 49.4208
146.5136 49.4208
146.5194 49.4208
146.5252 49.4208
146.5311 49.4208
146.5369 49.4208
146.5427 49.4208
146.5485 49.4208
146.5543 49.4208
146.5601 49.4208
146.5660 49.4208
146.5718 49.4208
146.5776 49.4208
146.5834 49.4208
146.5892 49.4208
146.5950 49.4208
146.6009 49.4208
146.6067 49.4208
146.6125 49.4208
146.6183 49.4208
146.6241 49.4208
146.6299 49.4208
146.6358 49.4208
146.6416 49.4208
146.6474 49.4208
146.6532 49.4208
146.6590 49.4208
146.6648 49.4208
146.6707 49.4208
146.6765 49.4208
146.6823 49.4208
146.6881 49.4208
146.6939 49.4208
146.6997 49.4208
146.7056 49.4208
146.7114 49.4208
146.7172 49.4208
146.7230 49.4208
146.7288 49.4208
146.7346 49.4208
146.7405 49.4208
146.7463 49.4208
146.7521 49.4208
146.7579 49.4208
146.7637 49.4208
146.7695 49.4208
146.7754 49.4208
146.7812 49.4208
146.7870 49.4208
146.7928 49.4208
146.7986 49.4208
146.8044 49.4208
146.8103 49.4208
146.8161 49.4208
146.8219 49.4208
146.8277 49.4208
146.8335 49.4208
146.8393 49.4208
146.8452 49.4208
146.8510 49.4208
146.8568 49.4208
146.8626 49.4208
146.8684 49.4208
146.8742 49.4208
146.8801 49.4208
146.8859 49.4208
146.8917 49.4208
146.8975 49.4208
146.9033 49.4208
146.9091 49.4208
146.9150 49.4208
146.9208 49.4208
146.9266 49.4208
146.9324 49.4208
146.9382 49.4208
146.9440 49.4208
146.9499 49.4208
146.9557 49.4208
146.9615 49.4208
146.9673 49.4208
146.9731 49.4208
146.9789 49.4208
146.9848 49.4208
146.9906 49.4208
146.9964 49.4208
147.0022 49.4208
147.0080 49.4208
147.0138 49.4208
147.0197 49.4208
147.0255 49.4208
147.0313 49.4208
147.0371 49.4208
147.0429 49.4208
147.0488 49.4208
147.0546 49.4208
147.0604 49.4208
147.0662 49.4208
147.0720 49.4208
147.0778 49.4208
147.0837 49.4208
147.0895 49.4208
147.0953 49.4208
147.1011 49.4208
147.1069 49.4208
147.1127 49.4208
147.1186 49.4208
147.1244 49.4208
147.1302 49.4208
147.1360 49.4208
147.1418 49.4208
147.1476 49.4208
147.1535 49.4208
147.1593 49.4208
147.1651 49.4208
147.1709 49.4208
147.1767 49.4208
147.1825 49.4208
147.1884 49.4208
147.1942 49.4208
147.2000 49.4208
147.2058 49.4208
147.2116 49.4208
147.2174 49.4208
147.2233 49.4208
147.2291 49.4208
147.2349 49.4208
147.2407 49.4208
147.2465 49.4208
147.2523 49.4208
147.2582 49.4208
147.2640 49.4208
147.2698 49.4208
147.2756 49.4208
147.2814 49.4208
147.2872 49.4208
147.2931 49.4208
147.2989 49.4208
147.3047 49.4208
147.3105 49.4208
147.3163 49.4208
147.3221 49.4208
147.3280 49.4208
147.3338 49.4208
147.3396 49.4208
147.3454 49.4208
147.3512 49.4208
147.3570 49.4208
147.3629 49.4208
147.3687 49.4208
147.3745 49.4208
147.3803 49.4208
147.3861 49.4208
147.3919 49.4208
147.3978 49.4208
147.4036 49.4208
147.4094 49.4208
147.4152 49.4208
147.4210 49.4208
147.4268 49.4208
147.4327 49.4208
147.4385 49.4208
147.4443 49.4208
147.4501 49.4208
147.4559 49.4208
147.4617 49.4208
147.4676 49.4208
147.4734 49.4208
147.4792 49.4208
147.4850 49.4208
147.4908 49.4208
147.4966 49.4208
147.5025 49.4208
147.5083 49.4208
147.5141 49.4208
147.5199 49.4208
147.5257 49.4208
147.5315 49.4208
147.5374 49.4208
147.5432 49.4208
147.5490 49.4208
147.5548 49.4208
147.5606 49.4208
147.5664 49.4208
147.5723 49.4208
147.5781 49.4208
147.5839 49.4208
147.5897 49.4208
147.5955 49.4208
147.6013 49.4208
147.6072 49.4208
147.6130 49.4208
147.6188 49.4208
147.6246 49.4208
147.6304 49.4208
147.6362 49.4208
147.6421 49.4208
147.6479 49.4208
147.6537 49.4208
147.6595 49.4208
147.6653 49.4208
147.6711 49.4208
147.6770 49.4208
147.6828 49.4208
147.6886 49.4208
147.6944 49.4208
147.7002 49.4208
147.7060 49.4208
147.7119 49.4208
147.7177 49.4208
147.7235 49.4208
147.7293 49.4208
147.7351 49.4208
147.7409 49.4208
147.7468 49.4208
147.7526 49.4208
147.7584 49.4208
147.7642 49.4208
147.7700 49.4208
147.7758 49.4208
147.7817 49.4208
147.7875 49.4208
147.7933 49.4208
147.7991 49.4208
147.8049 49.4208
147.8107 49.4208
147.8166 49.4208
147.8224 49.4208
147.8282 49.4208
147.8340 49.4208
147.8398 49.4208
147.8456 49.4208
147.8515 49.4208
147.8573 49.4208
147.8631 49.4208
147.8689 49.4208
147.8747 49.4208
147.8805 49.4208
147.8864 49.4208
147.8922 49.4208
147.8980 49.4208
147.9038 49.4208
147.9096 49.4208
147.9154 49.4208
147.9213 49.4208
147.9271 49.4208
147.9329 49.4208
147.9387 49.4208
147.9445 49.4208
147.9503 49.4208
147.9562 49.4208
147.9620 49.4208
147.9678 49.4208
147.9736 49.4208
147.9794 49.4208
147.9853 49.4208
147.9911 49.4208
147.9969 49.4208
148.0027 49.4208
148.0085 49.4208
148.0143 49.4208
148.0202 49.4208
148.0260 49.4208
148.0318 49.4208
148.0376 49.4208
148.0434 49.4208
148.0492 49.4208
148.0551 49.4208
148.0609 49.4208
148.0667 49.4208
148.0725 49.4208
148.0783 49.4208
148.0841 49.4208
148.0900 49.4208
148.0958 49.4208
148.1016 49.4208
148.1074 49.4208
148.1132 49.4208
148.1190 49.4208
148.1249 49.4208
148.1307 49.4208
148.1365 49.4208
148.1423 49.4208
148.1481 49.4208
148.1539 49.4208
148.1598 49.4208
148.1656 49.4208
148.1714 49.4208
148.1772 49.4208
148.1830 49.4208
148.1888 49.4208
148.1947 49.4208
148.2005 49.4208
148.2063 49.4208
148.2121 49.4208
148.2179 49.4208
148.2237 49.4208
148.2296 49.4208
148.2354 49.4208
148.2412 49.4208
148.2470 49.4208
148.2528 49.4208
148.2586 49.4208
148.2645 49.4208
148.2703 49.4208
148.2761 49.4208
148.2819 49.4208
148.2877 49.4208
148.2935 49.4208
148.2994 49.4208
148.3052 49.4208
148.3110 49.4208
148.3168 49.4208
148.3226 49.4208
148.3284 49.4208
148.3343 49.4208
148.3401 49.4208
148.3459 49.4208
148.3517 49.4208
148.3575 49.4208
148.3633 49.4208
148.3692 49.4208
148.3750 49.4208
148.3808 49.4208
148.3866 49.4208
148.3924 49.4208
148.3982 49.4208
148.4041 49.4208
148.4099 49.4208
148.4157 49.4208
148.4215 49.4208
148.4273 49.4208
148.4331 49.4208
148.4390 49.4208
148.4448 49.4208
148.4506 49.4208
148.4564 49.4208
148.4622 49.4208
148.4680 49.4208
148.4739 49.4208
148.4797 49.4208
148.4855 49.4208
148.4913 49.4208
148.4971 49.4208
148.5029 49.4208
148.5088 49.4208
148.5146 49.4208
148.5204 49.4208
148.5262 49.4208
148.5320 49.4208
148.5378 49.4208
148.5437 49.4208
148.5495 49.4208
148.5553 49.4208
148.5611 49.4208
148.5669 49.4208
148.5727 49.4208
148.5786 49.4208
148.5844 49.4208
148.5902 49.4208
148.5960 49.4208
148.6018 49.4208
148.6076 49.4208
148.6135 49.4208
148.6193 49.4208
148.6251 49.4208
148.6309 49.4208
148.6367 49.4208
148.6425 49.4208
148.6484 49.4208
148.6542 49.4208
148.6600 49.4208
148.6658 49.4208
148.6716 49.4208
148.6774 49.4208
148.6833 49.4208
148.6891 49.4208
148.6949 49.4208
148.7007 49.4208
148.7065 49.4208
148.7123 49.4208
148.7182 49.4208
148.7240 49.4208
148.7298 49.4208
148.7356 49.4208
148.7414 49.4208
148.7472 49.4208
148.7531 49.4208
148.7589 49.4208
148.7647 49.4208
148.7705 49.4208
148.7763 49.4208
148.7821 49.4208
148.7880 49.4208
148.7938 49.4208
148.7996 49.4208
148.8054 49.4208
148.8112 49.4208
148.8170 49.4208
148.8229 49.4208
148.8287 49.4208
148.8345 49.4208
148.8403 49.4208
148.8461 49.4208
148.8519 49.4208
148.8578 49.4208
148.8636 49.4208
148.8694 49.4208
148.8752 49.4208
148.8810 49.4208
148.8869 49.4208
148.8927 49.4208
148.8985 49.4208
148.9043 49.4208
148.9101 49.4208
148.9159 49.4208
148.9218 49.4208
148.9276 49.4208
148.9334 49.4208
148.9392 49.4208
148.9450 49.4208
148.9508 49.4208
148.9567 49.4208
148.9625 49.4208
148.9683 49.4208
148.9741 49.4208
148.9799 49.4208
148.9857 49.4208
148.9916 49.4208
148.9974 49.4208
149.0032 49.4208
149.0090 49.4208
149.0148 49.4208
149.0206 49.4208
149.0265 49.4208
149.0323 49.4208
149.0381 49.4208
149.0439 49.4208
149.0497 49.4208
149.0555 49.4208
149.0614 49.4208
149.0672 49.4208
149.0730 49.4208
149.0788 49.4208
149.0846 49.4208
149.0904 49.4208
149.0963 49.4208
149.1021 49.4208
149.1079 49.4208
149.1137 49.4208
149.1195 49.4208
149.1253 49.4208
149.1312 49.4208
149.1370 49.4208
149.1428 49.4208
149.1486 49.4208
149.1544 49.4208
149.1602 49.4208
149.1661 49.4208
149.1719 49.4208
149.1777 49.4208
149.1835 49.4208
149.1893 49.4208
149.1951 49.4208
149.2010 49.4208
149.2068 49.4208
149.2126 49.4208
149.2184 49.4208
149.2242 49.4208
149.2300 49.4208
149.2359 49.4208
149.2417 49.4208
149.2475 49.4208
149.2533 49.4208
149.2591 49.4208
149.2649 49.4208
149.2708 49.4208
149.2766 49.4208
149.2824 49.4208
149.2882 49.4208
149.2940 49.4208
149.2998 49.4208
149.3057 49.4208
149.3115 49.4208
149.3173 49.4208
149.3231 49.4208
149.3289 49.4208
149.3347 49.4208
149.3406 49.4208
149.3464 49.4208
149.3522 49.4208
149.3580 49.4208
149.3638 49.4208
149.3696 49.4208
149.3755 49.4208
149.3813 49.4208
149.3871 49.4208
149.3929 49.4208
149.3987 49.4208
149.4045 49.4208
149.4104 49.4208
149.4162 49.4208
149.4220 49.4208
149.4278 49.4208
149.4336 49.4208
149.4394 49.4208
149.4453 49.4208
149.4511 49.4208
149.4569 49.4208
149.4627 49.4208
149.4685 49.4208
149.4743 49.4208
149.4802 49.4208
149.4860 49.4208
149.4918 49.4208
149.4976 49.4208
149.5034 49.4208
149.5092 49.4208
149.5151 49.4208
149.5209 49.4208
149.5267 49.4208
149.5325 49.4208
149.5383 49.4208
149.5441 49.4208
149.5500 49.4208
149.5558 49.4208
149.5616 49.4208
149.5674 49.4208
149.5732 49.4208
149.5790 49.4208
149.5849 49.4208
149.5907 49.4208
149.5965 49.4208
149.6023 49.4208
149.6081 49.4208
149.6139 49.4208
149.6198 49.4208
149.6256 49.4208
149.6314 49.4208
149.6372 49.4208
149.6430 49.4208
149.6488 49.4208
149.6547 49.4208
149.6605 49.4208
149.6663 49.4208
149.6721 49.4208
149.6779 49.4208
149.6837 49.4208
149.6896 49.4208
149.6954 49.4208
149.7012 49.4208
149.7070 49.4208
149.7128 49.4208
149.7186 49.4208
149.7245 49.4208
149.7303 49.4208
149.7361 49.4208
149.7419 49.4208
149.7477 49.4208
149.7535 49.4208
149.7594 49.4208
149.7652 49.4208
149.7710 49.4208
149.7768 49.4208
149.7826 49.4208
149.7884 49.4208
149.7943 49.4208
149.8001 49.4208
149.8059 49.4208
149.8117 49.4208
149.8175 49.4208
149.8234 49.4208
149.8292 49.4208
149.8350 49.4208
149.8408 49.4208
149.8466 49.4208
149.8524 49.4208
149.8583 49.4208
149.8641 49.4208
149.8699 49.4208
149.8757 49.4208
149.8815 49.4208
149.8873 49.4208
149.8932 49.4208
149.8990 49.4208
149.9048 49.4208
149.9106 49.4208
149.9164 49.4208
149.9222 49.4208
149.9281 49.4208
149.9339 49.4208
149.9397 49.4208
149.9455 49.4208
149.9513 49.4208
149.9571 49.4208
149.9630 49.4208
149.9688 49.4208
149.9746 49.4208
149.9804 49.4208
149.9862 49.4208
149.9920 49.4208
149.9979 49.4208
150.0037 49.4208
150.0095 49.4208
150.0153 49.4208
150.0211 49.4208
150.0269 49.4208
150.0328 49.4208
150.0386 49.4208
150.0444 49.4208
150.0502 49.4208
150.0560 49.4208
150.0618 49.4208
150.0677 49.4208
150.0735 49.4208
150.0793 49.4208
150.0851 49.4208
150.0909 49.4208
150.0967 49.4208
150.1026 49.4208
150.1084 49.4208
150.1142 49.4208
150.1200 49.4208
150.1258 49.4208
150.1316 49.4208
150.1375 49.4208
150.1433 49.4208
150.1491 49.4208
150.1549 49.4208
150.1607 49.4208
150.1665 49.4208
150.1724 49.4208
150.1782 49.4208
150.1840 49.4208
150.1898 49.4208
150.1956 49.4208
150.2014 49.4208
150.2073 49.4208
150.2131 49.4208
150.2189 49.4208
150.2247 49.4208
150.2305 49.4208
150.2363 49.4208
150.2422 49.4208
150.2480 49.4208
150.2538 49.4208
150.2596 49.4208
150.2654 49.4208
150.2712 49.4208
150.2771 49.4208
150.2829 49.4208
150.2887 49.4208
150.2945 49.4208
150.3003 49.4208
150.3061 49.4208
150.3120 49.4208
150.3178 49.4208
150.3236 49.4208
150.3294 49.4208
150.3352 49.4208
150.3410 49.4208
150.3469 49.4208
150.3527 49.4208
150.3585 49.4208
150.3643 49.4208
150.3701 49.4208
150.3759 49.4208
150.3818 49.4208
150.3876 49.4208
150.3934 49.4208
150.3992 49.4208
150.4050 49.4208
150.4108 49.4208
150.4167 49.4208
150.4225 49.4208
150.4283 49.4208
150.4341 49.4208
150.4399 49.4208
150.4457 49.4208
150.4516 49.4208
150.4574 49.4208
150.4632 49.4208
150.4690 49.4208
150.4748 49.4208
150.4806 49.4208
150.4865 49.4208
150.4923 49.4208
150.4981 49.4208
150.5039 49.4208
150.5097 49.4208
150.5155 49.4208
150.5214 49.4208
150.5272 49.4208
150.5330 49.4208
150.5388 49.4208
150.5446 49.4208
150.5504 49.4208
150.5563 49.4208
150.5621 49.4208
150.5679 49.4208
150.5737 49.4208
150.5795 49.4208
150.5853 49.4208
150.5912 49.4208
150.5970 49.4208
150.6028 49.4208
150.6086 49.4208
150.6144 49.4208
150.6202 49.4208
150.6261 49.4208
150.6319 49.4208
150.6377 49.4208
150.6435 49.4208
150.6493 49.4208
150.6551 49.4208
150.6610 49.4208
150.6668 49.4208
150.6726 49.4208
150.6784 49.4208
150.6842 49.4208
150.6900 49.4208
150.6959 49.4208
150.7017 49.4208
150.7075 49.4208
150.7133 49.4208
150.7191 49.4208
150.7250 49.4208
150.7308 49.4208
150.7366 49.4208
150.7424 49.4208
150.7482 49.4208
150.7540 49.4208
150.7599 49.4208
150.7657 49.4208
150.7715 49.4208
150.7773 49.4208
150.7831 49.4208
150.7889 49.4208
150.7948 49.4208
150.8006 49.4208
150.8064 49.4208
150.8122 49.4208
150.8180 49.4208
150.8238 49.4208
150.8297 49.4208
150.8355 49.4208
150.8413 49.4208
150.8471 49.4208
150.8529 49.4208
150.8587 49.4208
150.8646 49.4208
150.8704 49.4208
150.8762 49.4208
150.8820 49.4208
150.8878 49.4208
150.8936 49.4208
150.8995 49.4208
150.9053 49.4208
150.9111 49.4208
150.9169 49.4208
150.9227 49.4208
150.9285 49.4208
150.9344 49.4208
150.9402 49.4208
150.9460 49.4208
150.9518 49.4208
150.9576 49.4208
150.9634 49.4208
150.9693 49.4208
150.9751 49.4208
150.9809 49.4208
150.9867 49.4208
150.9925 49.4208
150.9983 49.4208
151.0042 49.4208
151.0100 49.4208
151.0158 49.4208
151.0216 49.4208
151.0274 49.4208
151.0332 49.4208
151.0391 49.4208
151.0449 49.4208
151.0507 49.4208
151.0565 49.4208
151.0623 49.4208
151.0681 49.4208
151.0740 49.4208
151.0798 49.4208
151.0856 49.4208
151.0914 49.4208
151.0972 49.4208
151.1030 49.4208
151.1089 49.4208
151.1147 49.4208
151.1205 49.4208
151.1263 49.4208
151.1321 49.4208
151.1379 49.4208
151.1438 49.4208
151.1496 49.4208
151.1554 49.4208
151.1612 49.4208
151.1670 49.4208
151.1728 49.4208
151.1787 49.4208
151.1845 49.4208
151.1903 49.4208
151.1961 49.4208
151.2019 49.4208
151.2077 49.4208
151.2136 49.4208
151.2194 49.4208
151.2252 49.4208
151.2310 49.4208
151.2368 49.4208
151.2426 49.4208
151.2485 49.4208
151.2543 49.4208
151.2601 49.4208
151.2659 49.4208
151.2717 49.4208
151.2775 49.4208
151.2834 49.4208
151.2892 49.4208
151.2950 49.4208
151.3008 49.4208
151.3066 49.4208
151.3124 49.4208
151.3183 49.4208
151.3241 49.4208
151.3299 49.4208
151.3357 49.4208
151.3415 49.4208
151.3473 49.4208
151.3532 49.4208
151.3590 49.4208
151.3648 49.4208
151.3706 49.4208
151.3764 49.4208
151.3822 49.4208
151.3881 49.4208
151.3939 49.4208
151.3997 49.4208
151.4055 49.4208
151.4113 49.4208
151.4171 49.4208
151.4230 49.4208
151.4288 49.4208
151.4346 49.4208
151.4404 49.4208
151.4462 49.4208
151.4520 49.4208
151.4579 49.4208
151.4637 49.4208
151.4695 49.4208
151.4753 49.4208
151.4811 49.4208
151.4869 49.4208
151.4928 49.4208
151.4986 49.4208
151.5044 49.4208
151.5102 49.4208
151.5160 49.4208
151.5218 49.4208
151.5277 49.4208
151.5335 49.4208
151.5393 49.4208
151.5451 49.4208
151.5509 49.4208
151.5567 49.4208
151.5626 49.4208
151.5684 49.4208
151.5742 49.4208
151.5800 49.4208
151.5858 49.4208
151.5916 49.4208
151.5975 49.4208
151.6033 49.4208
151.6091 49.4208
151.6149 49.4208
151.6207 49.4208
151.6265 49.4208
151.6324 49.4208
151.6382 49.4208
151.6440 49.4208
151.6498 49.4208
151.6556 49.4208
151.6615 49.4208
151.6673 49.4208
151.6731 49.4208
151.6789 49.4208
151.6847 49.4208
151.6905 49.4208
151.6964 49.4208
151.7022 49.4208
151.7080 49.4208
151.7138 49.4208
151.7196 49.4208
151.7254 49.4208
151.7313 49.4208
151.7371 49.4208
151.7429 49.4208
151.7487 49.4208
151.7545 49.4208
151.7603 49.4208
151.7662 49.4208
151.7720 49.4208
151.7778 49.4208
151.7836 49.4208
151.7894 49.4208
151.7952 49.4208
151.8011 49.4208
151.8069 49.4208
151.8127 49.4208
151.8185 49.4208
151.8243 49.4208
151.8301 49.4208
151.8360 49.4208
151.8418 49.4208
151.8476 49.4208
151.8534 49.4208
151.8592 49.4208
151.8650 49.4208
151.8709 49.4208
151.8767 49.4208
151.8825 49.4208
151.8883 49.4208
151.8941 49.4208
151.8999 49.4208
151.9058 49.4208
151.9116 49.4208
151.9174 49.4208
151.9232 49.4208
151.9290 49.4208
151.9348 49.4208
151.9407 49.4208
151.9465 49.4208
151.9523 49.4208
151.9581 49.4208
151.9639 49.4208
151.9697 49.4208
151.9756 49.4208
151.9814 49.4208
151.9872 49.4208
151.9930 49.4208
151.9988 49.4208
152.0046 49.4208
152.0105 49.4208
152.0163 49.4208
152.0221 49.4208
152.0279 49.4208
152.0337 49.4208
152.0395 49.4208
152.0454 49.4208
152.0512 49.4208
152.0570 49.4208
152.0628 49.4208
152.0686 49.4208
152.0744 49.4208
152.0803 49.4208
152.0861 49.4208
152.0919 49.4208
152.0977 49.4208
152.1035 49.4208
152.1093 49.4208
152.1152 49.4208
152.1210 49.4208
152.1268 49.4208
152.1326 49.4208
152.1384 49.4208
152.1442 49.4208
152.1501 49.4208
152.1559 49.4208
152.1617 49.4208
152.1675 49.4208
152.1733 49.4208
152.1791 49.4208
152.1850 49.4208
152.1908 49.4208
152.1966 49.4208
152.2024 49.4208
152.2082 49.4208
152.2140 49.4208
152.2199 49.4208
152.2257 49.4208
152.2315 49.4208
152.2373 49.4208
152.2431 49.4208
152.2489 49.4208
152.2548 49.4208
152.2606 49.4208
152.2664 49.4208
152.2722 49.4208
152.2780 49.4208
152.2838 49.4208
152.2897 49.4208
152.2955 49.4208
152.3013 49.4208
152.3071 49.4208
152.3129 49.4208
152.3187 49.4208
152.3246 49.4208
152.3304 49.4208
152.3362 49.4208
152.3420 49.4208
152.3478 49.4208
152.3536 49.4208
152.3595 49.4208
152.3653 49.4208
152.3711 49.4208
152.3769 49.4208
152.3827 49.4208
152.3885 49.4208
152.3944 49.4208
152.4002 49.4208
152.4060 49.4208
152.4118 49.4208
152.4176 49.4208
152.4234 49.4208
152.4293 49.4208
152.4351 49.4208
152.4409 49.4208
152.4467 49.4208
152.4525 49.4208
152.4583 49.4208
152.4642 49.4208
152.4700 49.4208
152.4758 49.4208
152.4816 49.4208
152.4874 49.4208
152.4932 49.4208
152.4991 49.4208
152.5049 49.4208
152.5107 49.4208
152.5165 49.4208
152.5223 49.4208
152.5281 49.4208
152.5340 49.4208
152.5398 49.4208
152.5456 49.4208
152.5514 49.4208
152.5572 49.4208
152.5630 49.4208
152.5689 49.4208
152.5747 49.4208
152.5805 49.4208
152.5863 49.4208
152.5921 49.4208
152.5980 49.4208
152.6038 49.4208
152.6096 49.4208
152.6154 49.4208
152.6212 49.4208
152.6270 49.4208
152.6329 49.4208
152.6387 49.4208
152.6445 49.4208
152.6503 49.4208
152.6561 49.4208
152.6619 49.4208
152.6678 49.4208
152.6736 49.4208
152.6794 49.4208
152.6852 49.4208
152.6910 49.4208
152.6968 49.4208
152.7027 49.4208
152.7085 49.4208
152.7143 49.4208
152.7201 49.4208
152.7259 49.4208
152.7317 49.4208
152.7376 49.4208
152.7434 49.4208
152.7492 49.4208
152.7550 49.4208
152.7608 49.4208
152.7666 49.4208
152.7725 49.4208
152.7783 49.4208
152.7841 49.4208
152.7899 49.4208
152.7957 49.4208
152.8015 49.4208
152.8074 49.4208
152.8132 49.4208
152.8190 49.4208
152.8248 49.4208
152.8306 49.4208
152.8364 49.4208
152.8423 49.4208
152.8481 49.4208
152.8539 49.4208
152.8597 49.4208
152.8655 49.4208
152.8713 49.4208
152.8772 49.4208
152.8830 49.4208
152.8888 49.4208
152.8946 49.4208
152.9004 49.4208
152.9062 49.4208
152.9121 49.4208
152.9179 49.4208
152.9237 49.4208
152.9295 49.4208
152.9353 49.4208
152.9411 49.4208
152.9470 49.4208
152.9528 49.4208
152.9586 49.4208
152.9644 49.4208
152.9702 49.4208
152.9760 49.4208
152.9819 49.4208
152.9877 49.4208
152.9935 49.4208
152.9993 49.4208
153.0051 49.4208
153.0109 49.4208
153.0168 49.4208
153.0226 49.4208
153.0284 49.4208
153.0342 49.4208
153.0400 49.4208
153.0458 49.4208
153.0517 49.4208
153.0575 49.4208
153.0633 49.4208
153.0691 49.4208
153.0749 49.4208
153.0807 49.4208
153.0866 49.4208
153.0924 49.4208
153.0982 49.4208
153.1040 49.4208
153.1098 49.4208
153.1156 49.4208
153.1215 49.4208
153.1273 49.4208
153.1331 49.4208
153.1389 49.4208
153.1447 49.4208
153.1505 49.4208
153.1564 49.4208
153.1622 49.4208
153.1680 49.4208
153.1738 49.4208
153.1796 49.4208
153.1854 49.4208
153.1913 49.4208
153.1971 49.4208
153.2029 49.4208
153.2087 49.4208
153.2145 49.4208
153.2203 49.4208
153.2262 49.4208
153.2320 49.4208
153.2378 49.4208
153.2436 49.4208
153.2494 49.4208
153.2552 49.4208
153.2611 49.4208
153.2669 49.4208
153.2727 49.4208
153.2785 49.4208
153.2843 49.4208
153.2901 49.4208
153.2960 49.4208
153.3018 49.4208
153.3076 49.4208
153.3134 49.4208
153.3192 49.4208
153.3250 49.4208
153.3309 49.4208
153.3367 49.4208
153.3425 49.4208
153.3483 49.4208
153.3541 49.4208
153.3599 49.4208
153.3658 49.4208
153.3716 49.4208
153.3774 49.4208
153.3832 49.4208
153.3890 49.4208
153.3948 49.4208
153.4007 49.4208
153.4065 49.4208
153.4123 49.4208
153.4181 49.4208
153.4239 49.4208
153.4297 49.4208
153.4356 49.4208
153.4414 49.4208
153.4472 49.4208
153.4530 49.4208
153.4588 49.4208
153.4646 49.4208
153.4705 49.4208
153.4763 49.4208
153.4821 49.4208
153.4879 49.4208
153.4937 49.4208
153.4996 49.4208
153.5054 49.4208
153.5112 49.4208
153.5170 49.4208
153.5228 49.4208
153.5286 49.4208
153.5345 49.4208
153.5403 49.4208
153.5461 49.4208
153.5519 49.4208
153.5577 49.4208
153.5635 49.4208
153.5694 49.4208
153.5752 49.4208
153.5810 49.4208
153.5868 49.4208
153.5926 49.4208
153.5984 49.4208
153.6043 49.4208
153.6101 49.4208
153.6159 49.4208
153.6217 49.4208
153.6275 49.4208
153.6333 49.4208
153.6392 49.4208
153.6450 49.4208
153.6508 49.4208
153.6566 49.4208
153.6624 49.4208
153.6682 49.4208
153.6741 49.4208
153.6799 49.4208
153.6857 49.4208
153.6915 49.4208
153.6973 49.4208
153.7031 49.4208
153.7090 49.4208
153.7148 49.4208
153.7206 49.4208
153.7264 49.4208
153.7322 49.4208
153.7380 49.4208
153.7439 49.4208
153.7497 49.4208
153.7555 49.4208
153.7613 49.4208
153.7671 49.4208
153.7729 49.4208
153.7788 49.4208
153.7846 49.4208
153.7904 49.4208
153.7962 49.4208
153.8020 49.4208
153.8078 49.4208
153.8137 49.4208
153.8195 49.4208
153.8253 49.4208
153.8311 49.4208
153.8369 49.4208
153.8427 49.4208
153.8486 49.4208
153.8544 49.4208
153.8602 49.4208
153.8660 49.4208
153.8718 49.4208
153.8776 49.4208
153.8835 49.4208
153.8893 49.4208
153.8951 49.4208
153.9009 49.4208
153.9067 49.4208
153.9125 49.4208
153.9184 49.4208
153.9242 49.4208
153.9300 49.4208
153.9358 49.4208
153.9416 49.4208
153.9474 49.4208
153.9533 49.4208
153.9591 49.4208
153.9649 49.4208
153.9707 49.4208
153.9765 49.4208
153.9823 49.4208
153.9882 49.4208
153.9940 49.4208
153.9998 49.4208
154.0056 49.4208
154.0114 49.4208
154.0172 49.4208
154.0231 49.4208
154.0289 49.4208
154.0347 49.4208
154.0405 49.4208
154.0463 49.4208
154.0521 49.4208
154.0580 49.4208
154.0638 49.4208
154.0696 49.4208
154.0754 49.4208
154.0812 49.4208
154.0870 49.4208
154.0929 49.4208
154.0987 49.4208
154.1045 49.4208
154.1103 49.4208
154.1161 49.4208
154.1219 49.4208
154.1278 49.4208
154.1336 49.4208
154.1394 49.4208
154.1452 49.4208
154.1510 49.4208
154.1568 49.4208
154.1627 49.4208
154.1685 49.4208
154.1743 49.4208
154.1801 49.4208
154.1859 49.4208
154.1917 49.4208
154.1976 49.4208
154.2034 49.4208
154.2092 49.4208
154.2150 49.4208
154.2208 49.4208
154.2266 49.4208
154.2325 49.4208
154.2383 49.4208
154.2441 49.4208
154.2499 49.4208
154.2557 49.4208
154.2615 49.4208
154.2674 49.4208
154.2732 49.4208
154.2790 49.4208
154.2848 49.4208
154.2906 49.4208
154.2964 49.4208
154.3023 49.4208
154.3081 49.4208
154.3139 49.4208
154.3197 49.4208
154.3255 49.4208
154.3313 49.4208
154.3372 49.4208
154.3430 49.4208
154.3488 49.4208
154.3546 49.4208
154.3604 49.4208
154.3662 49.4208
154.3721 49.4208
154.3779 49.4208
154.3837 49.4208
154.3895 49.4208
154.3953 49.4208
154.4011 49.4208
154.4070 49.4208
154.4128 49.4208
154.4186 49.4208
154.4244 49.4208
154.4302 49.4208
154.4361 49.4208
154.4419 49.4208
154.4477 49.4208
154.4535 49.4208
154.4593 49.4208
154.4651 49.4208
154.4710 49.4208
154.4768 49.4208
154.4826 49.4208
154.4884 49.4208
154.4942 49.4208
154.5000 49.4208
154.5059 49.4208
154.5117 49.4208
154.5175 49.4208
154.5233 49.4208
154.5291 49.4208
154.5349 49.4208
154.5408 49.4208
154.5466 49.4208
154.5524 49.4208
154.5582 49.4208
154.5640 49.4208
154.5698 49.4208
154.5757 49.4208
154.5815 49.4208
154.5873 49.4208
154.5931 49.4208
154.5989 49.4208
154.6047 49.4208
154.6106 49.4208
154.6164 49.4208
154.6222 49.4208
154.6280 49.4208
154.6338 49.4208
154.6396 49.4208
154.6455 49.4208
154.6513 49.4208
154.6571 49.4208
154.6629 49.4208
154.6687 49.4208
154.6745 49.4208
154.6804 49.4208
154.6862 49.4208
154.6920 49.4208
154.6978 49.4208
154.7036 49.4208
154.7094 49.4208
154.7153 49.4208
154.7211 49.4208
154.7269 49.4208
154.7327 49.4208
154.7385 49.4208
154.7443 49.4208
154.7502 49.4208
154.7560 49.4208
154.7618 49.4208
154.7676 49.4208
154.7734 49.4208
154.7792 49.4208
154.7851 49.4208
154.7909 49.4208
154.7967 49.4208
154.8025 49.4208
154.8083 49.4208
154.8141 49.4208
154.8200 49.4208
154.8258 49.4208
154.8316 49.4208
154.8374 49.4208
154.8432 49.4208
154.8490 49.4208
154.8549 49.4208
154.8607 49.4208
154.8665 49.4208
154.8723 49.4208
154.8781 49.4208
154.8839 49.4208
154.8898 49.4208
154.8956 49.4208
154.9014 49.4208
154.9072 49.4208
154.9130 49.4208
154.9188 49.4208
154.9247 49.4208
154.9305 49.4208
154.9363 49.4208
154.9421 49.4208
154.9479 49.4208
154.9537 49.4208
154.9596 49.4208
154.9654 49.4208
154.9712 49.4208
154.9770 49.4208
154.9828 49.4208
154.9886 49.4208
154.9945 49.4208
155.0003 49.4208
155.0061 49.4208
155.0119 49.4208
155.0177 49.4208
155.0235 49.4208
155.0294 49.4208
155.0352 49.4208
155.0410 49.4208
155.0468 49.4208
155.0526 49.4208
155.0584 49.4208
155.0643 49.4208
155.0701 49.4208
155.0759 49.4208
155.0817 49.4208
155.0875 49.4208
155.0933 49.4208
155.0992 49.4208
155.1050 49.4208
155.1108 49.4208
155.1166 49.4208
155.1224 49.4208
155.1282 49.4208
155.1341 49.4208
155.1399 49.4208
155.1457 49.4208
155.1515 49.4208
155.1573 49.4208
155.1631 49.4208
155.1690 49.4208
155.1748 49.4208
155.1806 49.4208
155.1864 49.4208
155.1922 49.4208
155.1980 49.4208
155.2039 49.4208
155.2097 49.4208
155.2155 49.4208
155.2213 49.4208
155.2271 49.4208
155.2329 49.4208
155.2388 49.4208
155.2446 49.4208
155.2504 49.4208
155.2562 49.4208
155.2620 49.4208
155.2678 49.4208
155.2737 49.4208
155.2795 49.4208
155.2853 49.4208
155.2911 49.4208
155.2969 49.4208
155.3027 49.4208
155.3086 49.4208
155.3144 49.4208
155.3202 49.4208
155.3260 49.4208
155.3318 49.4208
155.3377 49.4208
155.3435 49.4208
155.3493 49.4208
155.3551 49.4208
155.3609 49.4208
155.3667 49.4208
155.3726 49.4208
155.3784 49.4208
155.3842 49.4208
155.3900 49.4208
155.3958 49.4208
155.4016 49.4208
155.4075 49.4208
155.4133 49.4208
155.4191 49.4208
155.4249 49.4208
155.4307 49.4208
155.4365 49.4208
155.4424 49.4208
155.4482 49.4208
155.4540 49.4208
155.4598 49.4208
155.4656 49.4208
155.4714 49.4208
155.4773 49.4208
155.4831 49.4208
155.4889 49.4208
155.4947 49.4208
155.5005 49.4208
155.5063 49.4208
155.5122 49.4208
155.5180 49.4208
155.5238 49.4208
155.5296 49.4208
155.5354 49.4208
155.5412 49.4208
155.5471 49.4208
155.5529 49.4208
155.5587 49.4208
155.5645 49.4208
155.5703 49.4208
155.5761 49.4208
155.5820 49.4208
155.5878 49.4208
155.5936 49.4208
155.5994 49.4208
155.6052 49.4208
155.6110 49.4208
155.6169 49.4208
155.6227 49.4208
155.6285 49.4208
155.6343 49.4208
155.6401 49.4208
155.6459 49.4208
155.6518 49.4208
155.6576 49.4208
155.6634 49.4208
155.6692 49.4208
155.6750 49.4208
155.6808 49.4208
155.6867 49.4208
155.6925 49.4208
155.6983 49.4208
155.7041 49.4208
155.7099 49.4208
155.7157 49.4208
155.7216 49.4208
155.7274 49.4208
155.7332 49.4208
155.7390 49.4208
155.7448 49.4208
155.7506 49.4208
155.7565 49.4208
155.7623 49.4208
155.7681 49.4208
155.7739 49.4208
155.7797 49.4208
155.7855 49.4208
155.7914 49.4208
155.7972 49.4208
155.8030 49.4208
155.8088 49.4208
155.8146 49.4208
155.8204 49.4208
155.8263 49.4208
155.8321 49.4208
155.8379 49.4208
155.8437 49.4208
155.8495 49.4208
155.8553 49.4208
155.8612 49.4208
155.8670 49.4208
155.8728 49.4208
155.8786 49.4208
155.8844 49.4208
155.8902 49.4208
155.8961 49.4208
155.9019 49.4208
155.9077 49.4208
155.9135 49.4208
155.9193 49.4208
155.9251 49.4208
155.9310 49.4208
155.9368 49.4208
155.9426 49.4208
155.9484 49.4208
155.9542 49.4208
155.9600 49.4208
155.9659 49.4208
155.9717 49.4208
155.9775 49.4208
155.9833 49.4208
155.9891 49.4208
155.9949 49.4208
156.0008 49.4208
156.0066 49.4208
156.0124 49.4208
156.0182 49.4208
156.0240 49.4208
156.0298 49.4208
156.0357 49.4208
156.0415 49.4208
156.0473 49.4208
156.0531 49.4208
156.0589 49.4208
156.0647 49.4208
156.0706 49.4208
156.0764 49.4208
156.0822 49.4208
156.0880 49.4208
156.0938 49.4208
156.0996 49.4208
156.1055 49.4208
156.1113 49.4208
156.1171 49.4208
156.1229 49.4208
156.1287 49.4208
156.1345 49.4208
156.1404 49.4208
156.1462 49.4208
156.1520 49.4208
156.1578 49.4208
156.1636 49.4208
156.1694 49.4208
156.1753 49.4208
156.1811 49.4208
156.1869 49.4208
156.1927 49.4208
156.1985 49.4208
156.2043 49.4208
156.2102 49.4208
156.2160 49.4208
156.2218 49.4208
156.2276 49.4208
156.2334 49.4208
156.2392 49.4208
156.2451 49.4208
156.2509 49.4208
156.2567 49.4208
156.2625 49.4208
156.2683 49.4208
156.2742 49.4208
156.2800 49.4208
156.2858 49.4208
156.2916 49.4208
156.2974 49.4208
156.3032 49.4208
156.3091 49.4208
156.3149 49.4208
156.3207 49.4208
156.3265 49.4208
156.3323 49.4208
156.3381 49.4208
156.3440 49.4208
156.3498 49.4208
156.3556 49.4208
156.3614 49.4208
156.3672 49.4208
156.3730 49.4208
156.3789 49.4208
156.3847 49.4208
156.3905 49.4208
156.3963 49.4208
156.4021 49.4208
156.4079 49.4208
156.4138 49.4208
156.4196 49.4208
156.4254 49.4208
156.4312 49.4208
156.4370 49.4208
156.4428 49.4208
156.4487 49.4208
156.4545 49.4208
156.4603 49.4208
156.4661 49.4208
156.4719 49.4208
156.4777 49.4208
156.4836 49.4208
156.4894 49.4208
156.4952 49.4208
156.5010 49.4208
156.5068 49.4208
156.5126 49.4208
156.5185 49.4208
156.5243 49.4208
156.5301 49.4208
156.5359 49.4208
156.5417 49.4208
156.5475 49.4208
156.5534 49.4208
156.5592 49.4208
156.5650 49.4208
156.5708 49.4208
156.5766 49.4208
156.5824 49.4208
156.5883 49.4208
156.5941 49.4208
156.5999 49.4208
156.6057 49.4208
156.6115 49.4208
156.6173 49.4208
156.6232 49.4208
156.6290 49.4208
156.6348 49.4208
156.6406 49.4208
156.6464 49.4208
156.6522 49.4208
156.6581 49.4208
156.6639 49.4208
156.6697 49.4208
156.6755 49.4208
156.6813 49.4208
156.6871 49.4208
156.6930 49.4208
156.6988 49.4208
156.7046 49.4208
156.7104 49.4208
156.7162 49.4208
156.7220 49.4208
156.7279 49.4208
156.7337 49.4208
156.7395 49.4208
156.7453 49.4208
156.7511 49.4208
156.7569 49.4208
156.7628 49.4208
156.7686 49.4208
156.7744 49.4208
156.7802 49.4208
156.7860 49.4208
156.7918 49.4208
156.7977 49.4208
156.8035 49.4208
156.8093 49.4208
156.8151 49.4208
156.8209 49.4208
156.8267 49.4208
156.8326 49.4208
156.8384 49.4208
156.8442 49.4208
156.8500 49.4208
156.8558 49.4208
156.8616 49.4208
156.8675 49.4208
156.8733 49.4208
156.8791 49.4208
156.8849 49.4208
156.8907 49.4208
156.8965 49.4208
156.9024 49.4208
156.9082 49.4208
156.9140 49.4208
156.9198 49.4208
156.9256 49.4208
156.9314 49.4208
156.9373 49.4208
156.9431 49.4208
156.9489 49.4208
156.9547 49.4208
156.9605 49.4208
156.9663 49.4208
156.9722 49.4208
156.9780 49.4208
156.9838 49.4208
156.9896 49.4208
156.9954 49.4208
157.0012 49.4208
157.0071 49.4208
157.0129 49.4208
157.0187 49.4208
157.0245 49.4208
157.0303 49.4208
157.0361 49.4208
157.0420 49.4208
157.0478 49.4208
157.0536 49.4208
157.0594 49.4208
157.0652 49.4208
157.0710 49.4208
157.0769 49.4208
157.0827 49.4208
157.0885 49.4208
157.0943 49.4208
157.1001 49.4208
157.1059 49.4208
157.1118 49.4208
157.1176 49.4208
157.1234 49.4208
157.1292 49.4208
157.1350 49.4208
157.1408 49.4208
157.1467 49.4208
157.1525 49.4208
157.1583 49.4208
157.1641 49.4208
157.1699 49.4208
157.1757 49.4208
157.1816 49.4208
157.1874 49.4208
157.1932 49.4208
157.1990 49.4208
157.2048 49.4208
157.2107 49.4208
157.2165 49.4208
157.2223 49.4208
157.2281 49.4208
157.2339 49.4208
157.2397 49.4208
157.2456 49.4208
157.2514 49.4208
157.2572 49.4208
157.2630 49.4208
157.2688 49.4208
157.2746 49.4208
157.2805 49.4208
157.2863 49.4208
157.2921 49.4208
157.2979 49.4208
157.3037 49.4208
157.3095 49.4208
157.3154 49.4208
157.3212 49.4208
157.3270 49.4208
157.3328 49.4208
157.3386 49.4208
157.3444 49.4208
157.3503 49.4208
157.3561 49.4208
157.3619 49.4208
157.3677 49.4208
157.3735 49.4208
157.3793 49.4208
157.3852 49.4208
157.3910 49.4208
157.3968 49.4208
157.4026 49.4208
157.4084 49.4208
157.4142 49.4208
157.4201 49.4208
157.4259 49.4208
157.4317 49.4208
157.4375 49.4208
157.4433 49.4208
157.4491 49.4208
157.4550 49.4208
157.4608 49.4208
157.4666 49.4208
157.4724 49.4208
157.4782 49.4208
157.4840 49.4208
157.4899 49.4208
157.4957 49.4208
157.5015 49.4208
157.5073 49.4208
157.5131 49.4208
157.5189 49.4208
157.5248 49.4208
157.5306 49.4208
157.5364 49.4208
157.5422 49.4208
157.5480 49.4208
157.5538 49.4208
157.5597 49.4208
157.5655 49.4208
157.5713 49.4208
157.5771 49.4208
157.5829 49.4208
157.5887 49.4208
157.5946 49.4208
157.6004 49.4208
157.6062 49.4208
157.6120 49.4208
157.6178 49.4208
157.6236 49.4208
157.6295 49.4208
157.6353 49.4208
157.6411 49.4208
157.6469 49.4208
157.6527 49.4208
157.6585 49.4208
157.6644 49.4208
157.6702 49.4208
157.6760 49.4208
157.6818 49.4208
157.6876 49.4208
157.6934 49.4208
157.6993 49.4208
157.7051 49.4208
157.7109 49.4208
157.7167 49.4208
157.7225 49.4208
157.7283 49.4208
157.7342 49.4208
157.7400 49.4208
157.7458 49.4208
157.7516 49.4208
157.7574 49.4208
157.7632 49.4208
157.7691 49.4208
157.7749 49.4208
157.7807 49.4208
157.7865 49.4208
157.7923 49.4208
157.7981 49.4208
157.8040 49.4208
157.8098 49.4208
157.8156 49.4208
157.8214 49.4208
157.8272 49.4208
157.8330 49.4208
157.8389 49.4208
157.8447 49.4208
157.8505 49.4208
157.8563 49.4208
157.8621 49.4208
157.8679 49.4208
157.8738 49.4208
157.8796 49.4208
157.8854 49.4208
157.8912 49.4208
157.8970 49.4208
157.9028 49.4208
157.9087 49.4208
157.9145 49.4208
157.9203 49.4208
157.9261 49.4208
157.9319 49.4208
157.9377 49.4208
157.9436 49.4208
157.9494 49.4208
157.9552 49.4208
157.9610 49.4208
157.9668 49.4208
157.9726 49.4208
157.9785 49.4208
157.9843 49.4208
157.9901 49.4208
157.9959 49.4208
158.0017 49.4208
158.0075 49.4208
158.0134 49.4208
158.0192 49.4208
158.0250 49.4208
158.0308 49.4208
158.0366 49.4208
158.0424 49.4208
158.0483 49.4208
158.0541 49.4208
158.0599 49.4208
158.0657 49.4208
158.0715 49.4208
158.0773 49.4208
158.0832 49.4208
158.0890 49.4208
158.0948 49.4208
158.1006 49.4208
158.1064 49.4208
158.1123 49.4208
158.1181 49.4208
158.1239 49.4208
158.1297 49.4208
158.1355 49.4208
158.1413 49.4208
158.1472 49.4208
158.1530 49.4208
158.1588 49.4208
158.1646 49.4208
158.1704 49.4208
158.1762 49.4208
158.1821 49.4208
158.1879 49.4208
158.1937 49.4208
158.1995 49.4208
158.2053 49.4208
158.2111 49.4208
158.2170 49.4208
158.2228 49.4208
158.2286 49.4208
158.2344 49.4208
158.2402 49.4208
158.2460 49.4208
158.2519 49.4208
158.2577 49.4208
158.2635 49.4208
158.2693 49.4208
158.2751 49.4208
158.2809 49.4208
158.2868 49.4208
158.2926 49.4208
158.2984 49.4208
158.3042 49.4208
158.3100 49.4208
158.3158 49.4208
158.3217 49.4208
158.3275 49.4208
158.3333 49.4208
158.3391 49.4208
158.3449 49.4208
158.3507 49.4208
158.3566 49.4208
158.3624 49.4208
158.3682 49.4208
158.3740 49.4208
158.3798 49.4208
158.3856 49.4208
158.3915 49.4208
158.3973 49.4208
158.4031 49.4208
158.4089 49.4208
158.4147 49.4208
158.4205 49.4208
158.4264 49.4208
158.4322 49.4208
158.4380 49.4208
158.4438 49.4208
158.4496 49.4208
158.4554 49.4208
158.4613 49.4208
158.4671 49.4208
158.4729 49.4208
158.4787 49.4208
158.4845 49.4208
158.4903 49.4208
158.4962 49.4208
158.5020 49.4208
158.5078 49.4208
158.5136 49.4208
158.5194 49.4208
158.5252 49.4208
158.5311 49.4208
158.5369 49.4208
158.5427 49.4208
158.5485 49.4208
158.5543 49.4208
158.5601 49.4208
158.5660 49.4208
158.5718 49.4208
158.5776 49.4208
158.5834 49.4208
158.5892 49.4208
158.5950 49.4208
158.6009 49.4208
158.6067 49.4208
158.6125 49.4208
158.6183 49.4208
158.6241 49.4208
158.6299 49.4208
158.6358 49.4208
158.6416 49.4208
158.6474 49.4208
158.6532 49.4208
158.6590 49.4208
158.6648 49.4208
158.6707 49.4208
158.6765 49.4208
158.6823 49.4208
158.6881 49.4208
158.6939 49.4208
158.6997 49.4208
158.7056 49.4208
158.7114 49.4208
158.7172 49.4208
158.7230 49.4208
158.7288 49.4208
158.7346 49.4208
158.7405 49.4208
158.7463 49.4208
158.7521 49.4208
158.7579 49.4208
158.7637 49.4208
158.7695 49.4208
158.7754 49.4208
158.7812 49.4208
158.7870 49.4208
158.7928 49.4208
158.7986 49.4208
158.8044 49.4208
158.8103 49.4208
158.8161 49.4208
158.8219 49.4208
158.8277 49.4208
158.8335 49.4208
158.8393 49.4208
158.8452 49.4208
158.8510 49.4208
158.8568 49.4208
158.8626 49.4208
158.8684 49.4208
158.8742 49.4208
158.8801 49.4208
158.8859 49.4208
158.8917 49.4208
158.8975 49.4208
158.9033 49.4208
158.9091 49.4208
158.9150 49.4208
158.9208 49.4208
158.9266 49.4208
158.9324 49.4208
158.9382 49.4208
158.9440 49.4208
158.9499 49.4208
158.9557 49.4208
158.9615 49.4208
158.9673 49.4208
158.9731 49.4208
158.9789 49.4208
158.9848 49.4208
158.9906 49.4208
158.9964 49.4208
159.0022 49.4208
159.0080 49.4208
159.0138 49.4208
159.0197 49.4208
159.0255 49.4208
159.0313 49.4208
159.0371 49.4208
159.0429 49.4208
159.0488 49.4208
159.0546 49.4208
159.0604 49.4208
159.0662 49.4208
159.0720 49.4208
159.0778 49.4208
159.0837 49.4208
159.0895 49.4208
159.0953 49.4208
159.1011 49.4208
159.1069 49.4208
159.1127 49.4208
159.1186 49.4208
159.1244 49.4208
159.1302 49.4208
159.1360 49.4208
159.1418 49.4208
159.1476 49.4208
159.1535 49.4208
159.1593 49.4208
159.1651 49.4208
159.1709 49.4208
159.1767 49.4208
159.1825 49.4208
159.1884 49.4208
159.1942 49.4208
159.2000 49.4208
159.2058 49.4208
159.2116 49.4208
159.2174 49.4208
159.2233 49.4208
159.2291 49.4208
159.2349 49.4208
159.2407 49.4208
159.2465 49.4208
159.2523 49.4208
159.2582 49.4208
159.2640 49.4208
159.2698 49.4208
159.2756 49.4208
159.2814 49.4208
159.2872 49.4208
159.2931 49.4208
159.2989 49.4208
159.3047 49.4208
159.3105 49.4208
159.3163 49.4208
159.3221 49.4208
159.3280 49.4208
159.3338 49.4208
159.3396 49.4208
159.3454 49.4208
159.3512 49.4208
159.3570 49.4208
159.3629 49.4208
159.3687 49.4208
159.3745 49.4208
159.3803 49.4208
159.3861 49.4208
159.3919 49.4208
159.3978 49.4208
159.4036 49.4208
159.4094 49.4208
159.4152 49.4208
159.4210 49.4208
159.4268 49.4208
159.4327 49.4208
159.4385 49.4208
159.4443 49.4208
159.4501 49.4208
159.4559 49.4208
159.4617 49.4208
159.4676 49.4208
159.4734 49.4208
159.4792 49.4208
159.4850 49.4208
159.4908 49.4208
159.4966 49.4208
159.5025 49.4208
159.5083 49.4208
159.5141 49.4208
159.5199 49.4208
159.5257 49.4208
159.5315 49.4208
159.5374 49.4208
159.5432 49.4208
159.5490 49.4208
159.5548 49.4208
159.5606 49.4208
159.5664 49.4208
159.5723 49.4208
159.5781 49.4208
159.5839 49.4208
159.5897 49.4208
159.5955 49.4208
159.6013 49.4208
159.6072 49.4208
159.6130 49.4208
159.6188 49.4208
159.6246 49.4208
159.6304 49.4208
159.6362 49.4208
159.6421 49.4208
159.6479 49.4208
159.6537 49.4208
159.6595 49.4208
159.6653 49.4208
159.6711 49.4208
159.6770 49.4208
159.6828 49.4208
159.6886 49.4208
159.6944 49.4208
159.7002 49.4208
159.7060 49.4208
159.7119 49.4208
159.7177 49.4208
159.7235 49.4208
159.7293 49.4208
159.7351 49.4208
159.7409 49.4208
159.7468 49.4208
159.7526 49.4208
159.7584 49.4208
159.7642 49.4208
159.7700 49.4208
159.7758 49.4208
159.7817 49.4208
159.7875 49.4208
159.7933 49.4208
159.7991 49.4208
159.8049 49.4208
159.8107 49.4208
159.8166 49.4208
159.8224 49.4208
159.8282 49.4208
159.8340 49.4208
159.8398 49.4208
159.8456 49.4208
159.8515 49.4208
159.8573 49.4208
159.8631 49.4208
159.8689 49.4208
159.8747 49.4208
159.8805 49.4208
159.8864 49.4208
159.8922 49.4208
159.8980 49.4208
159.9038 49.4208
159.9096 49.4208
159.9154 49.4208
159.9213 49.4208
159.9271 49.4208
159.9329 49.4208
159.9387 49.4208
159.9445 49.4208
159.9503 49.4208
159.9562 49.4208
159.9620 49.4208
159.9678 49.4208
159.9736 49.4208
159.9794 49.4208
159.9853 49.4208
159.9911 49.4208
159.9969 49.4208
160.0027 49.4208
160.0085 49.4208
160.0143 49.4208
160.0202 49.4208
160.0260 49.4208
160.0318 49.4208
160.0376 49.4208
160.0434 49.4208
160.0492 49.4208
160.0551 49.4208
160.0609 49.4208
160.0667 49.4208
160.0725 49.4208
160.0783 49.4208
160.0841 49.4208
160.0900 49.4208
160.0958 49.4208
160.1016 49.4208
160.1074 49.4208
160.1132 49.4208
160.1190 49.4208
160.1249 49.4208
160.1307 49.4208
160.1365 49.4208
160.1423 49.4208
160.1481 49.4208
160.1539 49.4208
160.1598 49.4208
160.1656 49.4208
160.1714 49.4208
160.1772 49.4208
160.1830 49.4208
160.1888 49.4208
160.1947 49.4208
160.2005 49.4208
160.2063 49.4208
160.2121 49.4208
160.2179 49.4208
160.2237 49.4208
160.2296 49.4208
160.2354 49.4208
160.2412 49.4208
160.2470 49.4208
160.2528 49.4208
160.2586 49.4208
160.2645 49.4208
160.2703 49.4208
160.2761 49.4208
160.2819 49.4208
160.2877 49.4208
160.2935 49.4208
160.2994 49.4208
160.3052 49.4208
160.3110 49.4208
160.3168 49.4208
160.3226 49.4208
160.3284 49.4208
160.3343 49.4208
160.3401 49.4208
160.3459 49.4208
160.3517 49.4208
160.3575 49.4208
160.3633 49.4208
160.3692 49.4208
160.3750 49.4208
160.3808 49.4208
160.3866 49.4208
160.3924 49.4208
160.3982 49.4208
160.4041 49.4208
160.4099 49.4208
160.4157 49.4208
160.4215 49.4208
160.4273 49.4208
160.4331 49.4208
160.4390 49.4208
160.4448 49.4208
160.4506 49.4208
160.4564 49.4208
160.4622 49.4208
160.4680 49.4208
160.4739 49.4208
160.4797 49.4208
160.4855 49.4208
160.4913 49.4208
160.4971 49.4208
160.5029 49.4208
160.5088 49.4208
160.5146 49.4208
160.5204 49.4208
160.5262 49.4208
160.5320 49.4208
160.5378 49.4208
160.5437 49.4208
160.5495 49.4208
160.5553 49.4208
160.5611 49.4208
160.5669 49.4208
160.5727 49.4208
160.5786 49.4208
160.5844 49.4208
160.5902 49.4208
160.5960 49.4208
160.6018 49.4208
160.6076 49.4208
160.6135 49.4208
160.6193 49.4208
160.6251 49.4208
160.6309 49.4208
160.6367 49.4208
160.6425 49.4208
160.6484 49.4208
160.6542 49.4208
160.6600 49.4208
160.6658 49.4208
160.6716 49.4208
160.6774 49.4208
160.6833 49.4208
160.6891 49.4208
160.6949 49.4208
160.7007 49.4208
160.7065 49.4208
160.7123 49.4208
160.7182 49.4208
160.7240 49.4208
160.7298 49.4208
160.7356 49.4208
160.7414 49.4208
160.7472 49.4208
160.7531 49.4208
160.7589 49.4208
160.7647 49.4208
160.7705 49.4208
160.7763 49.4208
160.7821 49.4208
160.7880 49.4208
160.7938 49.4208
160.7996 49.4208
160.8054 49.4208
160.8112 49.4208
160.8170 49.4208
160.8229 49.4208
160.8287 49.4208
160.8345 49.4208
160.8403 49.4208
160.8461 49.4208
160.8519 49.4208
160.8578 49.4208
160.8636 49.4208
160.8694 49.4208
160.8752 49.4208
160.8810 49.4208
160.8869 49.4208
160.8927 49.4208
160.8985 49.4208
160.9043 49.4208
160.9101 49.4208
160.9159 49.4208
160.9218 49.4208
160.9276 49.4208
160.9334 49.4208
160.9392 49.4208
160.9450 49.4208
160.9508 49.4208
160.9567 49.4208
160.9625 49.4208
160.9683 49.4208
160.9741 49.4208
160.9799 49.4208
160.9857 49.4208
160.9916 49.4208
160.9974 49.4208
161.0032 49.4208
161.0090 49.4208
161.0148 49.4208
161.0206 49.4208
161.0265 49.4208
161.0323 49.4208
161.0381 49.4208
161.0439 49.4208
161.0497 49.4208
161.0555 49.4208
161.0614 49.4208
161.0672 49.4208
161.0730 49.4208
161.0788 49.4208
161.0846 49.4208
161.0904 49.4208
161.0963 49.4208
161.1021 49.4208
161.1079 49.4208
161.1137 49.4208
161.1195 49.4208
161.1253 49.4208
161.1312 49.4208
161.1370 49.4208
161.1428 49.4208
161.1486 49.4208
161.1544 49.4208
161.1602 49.4208
161.1661 49.4208
161.1719 49.4208
161.1777 49.4208
161.1835 49.4208
161.1893 49.4208
161.1951 49.4208
161.2010 49.4208
161.2068 49.4208
161.2126 49.4208
161.2184 49.4208
161.2242 49.4208
161.2300 49.4208
161.2359 49.4208
161.2417 49.4208
161.2475 49.4208
161.2533 49.4208
161.2591 49.4208
161.2649 49.4208
161.2708 49.4208
161.2766 49.4208
161.2824 49.4208
161.2882 49.4208
161.2940 49.4208
161.2998 49.4208
161.3057 49.4208
161.3115 49.4208
161.3173 49.4208
161.3231 49.4208
161.3289 49.4208
161.3347 49.4208
161.3406 49.4208
161.3464 49.4208
161.3522 49.4208
161.3580 49.4208
161.3638 49.4208
161.3696 49.4208
161.3755 49.4208
161.3813 49.4208
161.3871 49.4208
161.3929 49.4208
161.3987 49.4208
161.4045 49.4208
161.4104 49.4208
161.4162 49.4208
161.4220 49.4208
161.4278 49.4208
161.4336 49.4208
161.4394 49.4208
161.4453 49.4208
161.4511 49.4208
161.4569 49.4208
161.4627 49.4208
161.4685 49.4208
161.4743 49.4208
161.4802 49.4208
161.4860 49.4208
161.4918 49.4208
161.4976 49.4208
161.5034 49.4208
161.5092 49.4208
161.5151 49.4208
161.5209 49.4208
161.5267 49.4208
161.5325 49.4208
161.5383 49.4208
161.5441 49.4208
161.5500 49.4208
161.5558 49.4208
161.5616 49.4208
161.5674 49.4208
161.5732 49.4208
161.5790 49.4208
161.5849 49.4208
161.5907 49.4208
161.5965 49.4208
161.6023 49.4208
161.6081 49.4208
161.6139 49.4208
161.6198 49.4208
161.6256 49.4208
161.6314 49.4208
161.6372 49.4208
161.6430 49.4208
161.6488 49.4208
161.6547 49.4208
161.6605 49.4208
161.6663 49.4208
161.6721 49.4208
161.6779 49.4208
161.6837 49.4208
161.6896 49.4208
161.6954 49.4208
161.7012 49.4208
161.7070 49.4208
161.7128 49.4208
161.7186 49.4208
161.7245 49.4208
161.7303 49.4208
161.7361 49.4208
161.7419 49.4208
161.7477 49.4208
161.7535 49.4208
161.7594 49.4208
161.7652 49.4208
161.7710 49.4208
161.7768 49.4208
161.7826 49.4208
161.7884 49.4208
161.7943 49.4208
161.8001 49.4208
161.8059 49.4208
161.8117 49.4208
161.8175 49.4208
161.8234 49.4208
161.8292 49.4208
161.8350 49.4208
161.8408 49.4208
161.8466 49.4208
161.8524 49.4208
161.8583 49.4208
161.8641 49.4208
161.8699 49.4208
161.8757 49.4208
161.8815 49.4208
161.8873 49.4208
161.8932 49.4208
161.8990 49.4208
161.9048 49.4208
161.9106 49.4208
161.9164 49.4208
161.9222 49.4208
161.9281 49.4208
161.9339 49.4208
161.9397 49.4208
161.9455 49.4208
161.9513 49.4208
161.9571 49.4208
161.9630 49.4208
161.9688 49.4208
161.9746 49.4208
161.9804 49.4208
161.9862 49.4208
161.9920 49.4208
161.9979 49.4208
162.0037 49.4208
162.0095 49.4208
162.0153 49.4208
162.0211 49.4208
162.0269 49.4208
162.0328 49.4208
162.0386 49.4208
162.0444 49.4208
162.0502 49.4208
162.0560 49.4208
162.0618 49.4208
162.0677 49.4208
162.0735 49.4208
162.0793 49.4208
162.0851 49.4208
162.0909 49.4208
162.0967 49.4208
162.1026 49.4208
162.1084 49.4208
162.1142 49.4208
162.1200 49.4208
162.1258 49.4208
162.1316 49.4208
162.1375 49.4208
162.1433 49.4208
162.1491 49.4208
162.1549 49.4208
162.1607 49.4208
162.1665 49.4208
162.1724 49.4208
162.1782 49.4208
162.1840 49.4208
162.1898 49.4208
162.1956 49.4208
162.2014 49.4208
162.2073 49.4208
162.2131 49.4208
162.2189 49.4208
162.2247 49.4208
162.2305 49.4208
162.2363 49.4208
162.2422 49.4208
162.2480 49.4208
162.2538 49.4208
162.2596 49.4208
162.2654 49.4208
162.2712 49.4208
162.2771 49.4208
162.2829 49.4208
162.2887 49.4208
162.2945 49.4208
162.3003 49.4208
162.3061 49.4208
162.3120 49.4208
162.3178 49.4208
162.3236 49.4208
162.3294 49.4208
162.3352 49.4208
162.3410 49.4208
162.3469 49.4208
162.3527 49.4208
162.3585 49.4208
162.3643 49.4208
162.3701 49.4208
162.3759 49.4208
162.3818 49.4208
162.3876 49.4208
162.3934 49.4208
162.3992 49.4208
162.4050 49.4208
162.4108 49.4208
162.4167 49.4208
162.4225 49.4208
162.4283 49.4208
162.4341 49.4208
162.4399 49.4208
162.4457 49.4208
162.4516 49.4208
162.4574 49.4208
162.4632 49.4208
162.4690 49.4208
162.4748 49.4208
162.4806 49.4208
162.4865 49.4208
162.4923 49.4208
162.4981 49.4208
162.5039 49.4208
162.5097 49.4208
162.5155 49.4208
162.5214 49.4208
162.5272 49.4208
162.5330 49.4208
162.5388 49.4208
162.5446 49.4208
162.5504 49.4208
162.5563 49.4208
162.5621 49.4208
162.5679 49.4208
162.5737 49.4208
162.5795 49.4208
162.5853 49.4208
162.5912 49.4208
162.5970 49.4208
162.6028 49.4208
162.6086 49.4208
162.6144 49.4208
162.6202 49.4208
162.6261 49.4208
162.6319 49.4208
162.6377 49.4208
162.6435 49.4208
162.6493 49.4208
162.6551 49.4208
162.6610 49.4208
162.6668 49.4208
162.6726 49.4208
162.6784 49.4208
162.6842 49.4208
162.6900 49.4208
162.6959 49.4208
162.7017 49.4208
162.7075 49.4208
162.7133 49.4208
162.7191 49.4208
162.7250 49.4208
162.7308 49.4208
162.7366 49.4208
162.7424 49.4208
162.7482 49.4208
162.7540 49.4208
162.7599 49.4208
162.7657 49.4208
162.7715 49.4208
162.7773 49.4208
162.7831 49.4208
162.7889 49.4208
162.7948 49.4208
162.8006 49.4208
162.8064 49.4208
162.8122 49.4208
162.8180 49.4208
162.8238 49.4208
162.8297 49.4208
162.8355 49.4208
162.8413 49.4208
162.8471 49.4208
162.8529 49.4208
162.8587 49.4208
162.8646 49.4208
162.8704 49.4208
162.8762 49.4208
162.8820 49.4208
162.8878 49.4208
162.8936 49.4208
162.8995 49.4208
162.9053 49.4208
162.9111 49.4208
162.9169 49.4208
162.9227 49.4208
162.9285 49.4208
162.9344 49.4208
162.9402 49.4208
162.9460 49.4208
162.9518 49.4208
162.9576 49.4208
162.9634 49.4208
162.9693 49.4208
162.9751 49.4208
162.9809 49.4208
162.9867 49.4208
162.9925 49.4208
162.9983 49.4208
163.0042 49.4208
163.0100 49.4208
163.0158 49.4208
163.0216 49.4208
163.0274 49.4208
163.0332 49.4208
163.0391 49.4208
163.0449 49.4208
163.0507 49.4208
163.0565 49.4208
163.0623 49.4208
163.0681 49.4208
163.0740 49.4208
163.0798 49.4208
163.0856 49.4208
163.0914 49.4208
163.0972 49.4208
163.1030 49.4208
163.1089 49.4208
163.1147 49.4208
163.1205 49.4208
163.1263 49.4208
163.1321 49.4208
163.1379 49.4208
163.1438 49.4208
163.1496 49.4208
163.1554 49.4208
163.1612 49.4208
163.1670 49.4208
163.1728 49.4208
163.1787 49.4208
163.1845 49.4208
163.1903 49.4208
163.1961 49.4208
163.2019 49.4208
163.2077 49.4208
163.2136 49.4208
163.2194 49.4208
163.2252 49.4208
163.2310 49.4208
163.2368 49.4208
163.2426 49.4208
163.2485 49.4208
163.2543 49.4208
163.2601 49.4208
163.2659 49.4208
163.2717 49.4208
163.2775 49.4208
163.2834 49.4208
163.2892 49.4208
163.2950 49.4208
163.3008 49.4208
163.3066 49.4208
163.3124 49.4208
163.3183 49.4208
163.3241 49.4208
163.3299 49.4208
163.3357 49.4208
163.3415 49.4208
163.3473 49.4208
163.3532 49.4208
163.3590 49.4208
163.3648 49.4208
163.3706 49.4208
163.3764 49.4208
163.3822 49.4208
163.3881 49.4208
163.3939 49.4208
163.3997 49.4208
163.4055 49.4208
163.4113 49.4208
163.4171 49.4208
163.4230 49.4208
163.4288 49.4208
163.4346 49.4208
163.4404 49.4208
163.4462 49.4208
163.4520 49.4208
163.4579 49.4208
163.4637 49.4208
163.4695 49.4208
163.4753 49.4208
163.4811 49.4208
163.4869 49.4208
163.4928 49.4208
163.4986 49.4208
163.5044 49.4208
163.5102 49.4208
163.5160 49.4208
163.5218 49.4208
163.5277 49.4208
163.5335 49.4208
163.5393 49.4208
163.5451 49.4208
163.5509 49.4208
163.5567 49.4208
163.5626 49.4208
163.5684 49.4208
163.5742 49.4208
163.5800 49.4208
163.5858 49.4208
163.5916 49.4208
163.5975 49.4208
163.6033 49.4208
163.6091 49.4208
163.6149 49.4208
163.6207 49.4208
163.6265 49.4208
163.6324 49.4208
163.6382 49.4208
163.6440 49.4208
163.6498 49.4208
163.6556 49.4208
163.6615 49.4208
163.6673 49.4208
163.6731 49.4208
163.6789 49.4208
163.6847 49.4208
163.6905 49.4208
163.6964 49.4208
163.7022 49.4208
163.7080 49.4208
163.7138 49.4208
163.7196 49.4208
163.7254 49.4208
163.7313 49.4208
163.7371 49.4208
163.7429 49.4208
163.7487 49.4208
163.7545 49.4208
163.7603 49.4208
163.7662 49.4208
163.7720 49.4208
163.7778 49.4208
163.7836 49.4208
163.7894 49.4208
163.7952 49.4208
163.8011 49.4208
163.8069 49.4208
163.8127 49.4208
163.8185 49.4208
163.8243 49.4208
163.8301 49.4208
163.8360 49.4208
163.8418 49.4208
163.8476 49.4208
163.8534 49.4208
163.8592 49.4208
163.8650 49.4208
163.8709 49.4208
163.8767 49.4208
163.8825 49.4208
163.8883 49.4208
163.8941 49.4208
163.8999 49.4208
163.9058 49.4208
163.9116 49.4208
163.9174 49.4208
163.9232 49.4208
163.9290 49.4208
163.9348 49.4208
163.9407 49.4208
163.9465 49.4208
163.9523 49.4208
163.9581 49.4208
163.9639 49.4208
163.9697 49.4208
163.9756 49.4208
163.9814 49.4208
163.9872 49.4208
163.9930 49.4208
163.9988 49.4208
164.0046 49.4208
164.0105 49.4208
164.0163 49.4208
164.0221 49.4208
164.0279 49.4208
164.0337 49.4208
164.0395 49.4208
164.0454 49.4208
164.0512 49.4208
164.0570 49.4208
164.0628 49.4208
164.0686 49.4208
164.0744 49.4208
164.0803 49.4208
164.0861 49.4208
164.0919 49.4208
164.0977 49.4208
164.1035 49.4208
164.1093 49.4208
164.1152 49.4208
164.1210 49.4208
164.1268 49.4208
164.1326 49.4208
164.1384 49.4208
164.1442 49.4208
164.1501 49.4208
164.1559 49.4208
164.1617 49.4208
164.1675 49.4208
164.1733 49.4208
164.1791 49.4208
164.1850 49.4208
164.1908 49.4208
164.1966 49.4208
164.2024 49.4208
164.2082 49.4208
164.2140 49.4208
164.2199 49.4208
164.2257 49.4208
164.2315 49.4208
164.2373 49.4208
164.2431 49.4208
164.2489 49.4208
164.2548 49.4208
164.2606 49.4208
164.2664 49.4208
164.2722 49.4208
164.2780 49.4208
164.2838 49.4208
164.2897 49.4208
164.2955 49.4208
164.3013 49.4208
164.3071 49.4208
164.3129 49.4208
164.3187 49.4208
164.3246 49.4208
164.3304 49.4208
164.3362 49.4208
164.3420 49.4208
164.3478 49.4208
164.3536 49.4208
164.3595 49.4208
164.3653 49.4208
164.3711 49.4208
164.3769 49.4208
164.3827 49.4208
164.3885 49.4208
164.3944 49.4208
164.4002 49.4208
164.4060 49.4208
164.4118 49.4208
164.4176 49.4208
164.4234 49.4208
164.4293 49.4208
164.4351 49.4208
164.4409 49.4208
164.4467 49.4208
164.4525 49.4208
164.4583 49.4208
164.4642 49.4208
164.4700 49.4208
164.4758 49.4208
164.4816 49.4208
164.4874 49.4208
164.4932 49.4208
164.4991 49.4208
164.5049 49.4208
164.5107 49.4208
164.5165 49.4208
164.5223 49.4208
164.5281 49.4208
164.5340 49.4208
164.5398 49.4208
164.5456 49.4208
164.5514 49.4208
164.5572 49.4208
164.5630 49.4208
164.5689 49.4208
164.5747 49.4208
164.5805 49.4208
164.5863 49.4208
164.5921 49.4208
164.5980 49.4208
164.6038 49.4208
164.6096 49.4208
164.6154 49.4208
164.6212 49.4208
164.6270 49.4208
164.6329 49.4208
164.6387 49.4208
164.6445 49.4208
164.6503 49.4208
164.6561 49.4208
164.6619 49.4208
164.6678 49.4208
164.6736 49.4208
164.6794 49.4208
164.6852 49.4208
164.6910 49.4208
164.6968 49.4208
164.7027 49.4208
164.7085 49.4208
164.7143 49.4208
164.7201 49.4208
164.7259 49.4208
164.7317 49.4208
164.7376 49.4208
164.7434 49.4208
164.7492 49.4208
164.7550 49.4208
164.7608 49.4208
164.7666 49.4208
164.7725 49.4208
164.7783 49.4208
164.7841 49.4208
164.7899 49.4208
164.7957 49.4208
164.8015 49.4208
164.8074 49.4208
164.8132 49.4208
164.8190 49.4208
164.8248 49.4208
164.8306 49.4208
164.8364 49.4208
164.8423 49.4208
164.8481 49.4208
164.8539 49.4208
164.8597 49.4208
164.8655 49.4208
164.8713 49.4208
164.8772 49.4208
164.8830 49.4208
164.8888 49.4208
164.8946 49.4208
164.9004 49.4208
164.9062 49.4208
164.9121 49.4208
164.9179 49.4208
164.9237 49.4208
164.9295 49.4208
164.9353 49.4208
164.9411 49.4208
164.9470 49.4208
164.9528 49.4208
164.9586 49.4208
164.9644 49.4208
164.9702 49.4208
164.9760 49.4208
164.9819 49.4208
164.9877 49.4208
164.9935 49.4208
164.9993 49.4208
165.0051 49.4208
165.0109 49.4208
165.0168 49.4208
165.0226 49.4208
165.0284 49.4208
165.0342 49.4208
165.0400 49.4208
165.0458 49.4208
165.0517 49.4208
165.0575 49.4208
165.0633 49.4208
165.0691 49.4208
165.0749 49.4208
165.0807 49.4208
165.0866 49.4208
165.0924 49.4208
165.0982 49.4208
165.1040 49.4208
165.1098 49.4208
165.1156 49.4208
165.1215 49.4208
165.1273 49.4208
165.1331 49.4208
165.1389 49.4208
165.1447 49.4208
165.1505 49.4208
165.1564 49.4208
165.1622 49.4208
165.1680 49.4208
165.1738 49.4208
165.1796 49.4208
165.1854 49.4208
165.1913 49.4208
165.1971 49.4208
165.2029 49.4208
165.2087 49.4208
165.2145 49.4208
165.2203 49.4208
165.2262 49.4208
165.2320 49.4208
165.2378 49.4208
165.2436 49.4208
165.2494 49.4208
165.2552 49.4208
165.2611 49.4208
165.2669 49.4208
165.2727 49.4208
165.2785 49.4208
165.2843 49.4208
165.2901 49.4208
165.2960 49.4208
165.3018 49.4208
165.3076 49.4208
165.3134 49.4208
165.3192 49.4208
165.3250 49.4208
165.3309 49.4208
165.3367 49.4208
165.3425 49.4208
165.3483 49.4208
165.3541 49.4208
165.3599 49.4208
165.3658 49.4208
165.3716 49.4208
165.3774 49.4208
165.3832 49.4208
165.3890 49.4208
165.3948 49.4208
165.4007 49.4208
165.4065 49.4208
165.4123 49.4208
165.4181 49.4208
165.4239 49.4208
165.4297 49.4208
165.4356 49.4208
165.4414 49.4208
165.4472 49.4208
165.4530 49.4208
165.4588 49.4208
165.4646 49.4208
165.4705 49.4208
165.4763 49.4208
165.4821 49.4208
165.4879 49.4208
165.4937 49.4208
165.4996 49.4208
165.5054 49.4208
165.5112 49.4208
165.5170 49.4208
165.5228 49.4208
165.5286 49.4208
165.5345 49.4208
165.5403 49.4208
165.5461 49.4208
165.5519 49.4208
165.5577 49.4208
165.5635 49.4208
165.5694 49.4208
165.5752 49.4208
165.5810 49.4208
165.5868 49.4208
165.5926 49.4208
165.5984 49.4208
165.6043 49.4208
165.6101 49.4208
165.6159 49.4208
165.6217 49.4208
165.6275 49.4208
165.6333 49.4208
165.6392 49.4208
165.6450 49.4208
165.6508 49.4208
165.6566 49.4208
165.6624 49.4208
165.6682 49.4208
165.6741 49.4208
165.6799 49.4208
165.6857 49.4208
165.6915 49.4208
165.6973 49.4208
165.7031 49.4208
165.7090 49.4208
165.7148 49.4208
165.7206 49.4208
165.7264 49.4208
165.7322 49.4208
165.7380 49.4208
165.7439 49.4208
165.7497 49.4208
165.7555 49.4208
165.7613 49.4208
165.7671 49.4208
165.7729 49.4208
165.7788 49.4208
165.7846 49.4208
165.7904 49.4208
165.7962 49.4208
165.8020 49.4208
165.8078 49.4208
165.8137 49.4208
165.8195 49.4208
165.8253 49.4208
165.8311 49.4208
165.8369 49.4208
165.8427 49.4208
165.8486 49.4208
165.8544 49.4208
165.8602 49.4208
165.8660 49.4208
165.8718 49.4208
165.8776 49.4208
165.8835 49.4208
165.8893 49.4208
165.8951 49.4208
165.9009 49.4208
165.9067 49.4208
165.9125 49.4208
165.9184 49.4208
165.9242 49.4208
165.9300 49.4208
165.9358 49.4208
165.9416 49.4208
165.9474 49.4208
165.9533 49.4208
165.9591 49.4208
165.9649 49.4208
165.9707 49.4208
165.9765 49.4208
165.9823 49.4208
165.9882 49.4208
165.9940 49.4208
165.9998 49.4208
166.0056 49.4208
166.0114 49.4208
166.0172 49.4208
166.0231 49.4208
166.0289 49.4208
166.0347 49.4208
166.0405 49.4208
166.0463 49.4208
166.0521 49.4208
166.0580 49.4208
166.0638 49.4208
166.0696 49.4208
166.0754 49.4208
166.0812 49.4208
166.0870 49.4208
166.0929 49.4208
166.0987 49.4208
166.1045 49.4208
166.1103 49.4208
166.1161 49.4208
166.1219 49.4208
166.1278 49.4208
166.1336 49.4208
166.1394 49.4208
166.1452 49.4208
166.1510 49.4208
166.1568 49.4208
166.1627 49.4208
166.1685 49.4208
166.1743 49.4208
166.1801 49.4208
166.1859 49.4208
166.1917 49.4208
166.1976 49.4208
166.2034 49.4208
166.2092 49.4208
166.2150 49.4208
166.2208 49.4208
166.2266 49.4208
166.2325 49.4208
166.2383 49.4208
166.2441 49.4208
166.2499 49.4208
166.2557 49.4208
166.2615 49.4208
166.2674 49.4208
166.2732 49.4208
166.2790 49.4208
166.2848 49.4208
166.2906 49.4208
166.2964 49.4208
166.3023 49.4208
166.3081 49.4208
166.3139 49.4208
166.3197 49.4208
166.3255 49.4208
166.3313 49.4208
166.3372 49.4208
166.3430 49.4208
166.3488 49.4208
166.3546 49.4208
166.3604 49.4208
166.3662 49.4208
166.3721 49.4208
166.3779 49.4208
166.3837 49.4208
166.3895 49.4208
166.3953 49.4208
166.4011 49.4208
166.4070 49.4208
166.4128 49.4208
166.4186 49.4208
166.4244 49.4208
166.4302 49.4208
166.4361 49.4208
166.4419 49.4208
166.4477 49.4208
166.4535 49.4208
166.4593 49.4208
166.4651 49.4208
166.4710 49.4208
166.4768 49.4208
166.4826 49.4208
166.4884 49.4208
166.4942 49.4208
166.5000 49.4208
166.5059 49.4208
166.5117 49.4208
166.5175 49.4208
166.5233 49.4208
166.5291 49.4208
166.5349 49.4208
166.5408 49.4208
166.5466 49.4208
166.5524 49.4208
166.5582 49.4208
166.5640 49.4208
166.5698 49.4208
166.5757 49.4208
166.5815 49.4208
166.5873 49.4208
166.5931 49.4208
166.5989 49.4208
166.6047 49.4208
166.6106 49.4208
166.6164 49.4208
166.6222 49.4208
166.6280 49.4208
166.6338 49.4208
166.6396 49.4208
166.6455 49.4208
166.6513 49.4208
166.6571 49.4208
166.6629 49.4208
166.6687 49.4208
166.6745 49.4208
166.6804 49.4208
166.6862 49.4208
166.6920 49.4208
166.6978 49.4208
166.7036 49.4208
166.7094 49.4208
166.7153 49.4208
166.7211 49.4208
166.7269 49.4208
166.7327 49.4208
166.7385 49.4208
166.7443 49.4208
166.7502 49.4208
166.7560 49.4208
166.7618 49.4208
166.7676 49.4208
166.7734 49.4208
166.7792 49.4208
166.7851 49.4208
166.7909 49.4208
166.7967 49.4208
166.8025 49.4208
166.8083 49.4208
166.8141 49.4208
166.8200 49.4208
166.8258 49.4208
166.8316 49.4208
166.8374 49.4208
166.8432 49.4208
166.8490 49.4208
166.8549 49.4208
166.8607 49.4208
166.8665 49.4208
166.8723 49.4208
166.8781 49.4208
166.8839 49.4208
166.8898 49.4208
166.8956 49.4208
166.9014 49.4208
166.9072 49.4208
166.9130 49.4208
166.9188 49.4208
166.9247 49.4208
166.9305 49.4208
166.9363 49.4208
166.9421 49.4208
166.9479 49.4208
166.9537 49.4208
166.9596 49.4208
166.9654 49.4208
166.9712 49.4208
166.9770 49.4208
166.9828 49.4208
166.9886 49.4208
166.9945 49.4208
167.0003 49.4208
167.0061 49.4208
167.0119 49.4208
167.0177 49.4208
167.0235 49.4208
167.0294 49.4208
167.0352 49.4208
167.0410 49.4208
167.0468 49.4208
167.0526 49.4208
167.0584 49.4208
167.0643 49.4208
167.0701 49.4208
167.0759 49.4208
167.0817 49.4208
167.0875 49.4208
167.0933 49.4208
167.0992 49.4208
167.1050 49.4208
167.1108 49.4208
167.1166 49.4208
167.1224 49.4208
167.1282 49.4208
167.1341 49.4208
167.1399 49.4208
167.1457 49.4208
167.1515 49.4208
167.1573 49.4208
167.1631 49.4208
167.1690 49.4208
167.1748 49.4208
167.1806 49.4208
167.1864 49.4208
167.1922 49.4208
167.1980 49.4208
167.2039 49.4208
167.2097 49.4208
167.2155 49.4208
167.2213 49.4208
167.2271 49.4208
167.2329 49.4208
167.2388 49.4208
167.2446 49.4208
167.2504 49.4208
167.2562 49.4208
167.2620 49.4208
167.2678 49.4208
167.2737 49.4208
167.2795 49.4208
167.2853 49.4208
167.2911 49.4208
167.2969 49.4208
167.3027 49.4208
167.3086 49.4208
167.3144 49.4208
167.3202 49.4208
167.3260 49.4208
167.3318 49.4208
167.3377 49.4208
167.3435 49.4208
167.3493 49.4208
167.3551 49.4208
167.3609 49.4208
167.3667 49.4208
167.3726 49.4208
167.3784 49.4208
167.3842 49.4208
167.3900 49.4208
167.3958 49.4208
167.4016 49.4208
167.4075 49.4208
167.4133 49.4208
167.4191 49.4208
167.4249 49.4208
167.4307 49.4208
167.4365 49.4208
167.4424 49.4208
167.4482 49.4208
167.4540 49.4208
167.4598 49.4208
167.4656 49.4208
167.4714 49.4208
167.4773 49.4208
167.4831 49.4208
167.4889 49.4208
167.4947 49.4208
167.5005 49.4208
167.5063 49.4208
167.5122 49.4208
167.5180 49.4208
167.5238 49.4208
167.5296 49.4208
167.5354 49.4208
167.5412 49.4208
167.5471 49.4208
167.5529 49.4208
167.5587 49.4208
167.5645 49.4208
167.5703 49.4208
167.5761 49.4208
167.5820 49.4208
167.5878 49.4208
167.5936 49.4208
167.5994 49.4208
167.6052 49.4208
167.6110 49.4208
167.6169 49.4208
167.6227 49.4208
167.6285 49.4208
167.6343 49.4208
167.6401 49.4208
167.6459 49.4208
167.6518 49.4208
167.6576 49.4208
167.6634 49.4208
167.6692 49.4208
167.6750 49.4208
167.6808 49.4208
167.6867 49.4208
167.6925 49.4208
167.6983 49.4208
167.7041 49.4208
167.7099 49.4208
167.7157 49.4208
167.7216 49.4208
167.7274 49.4208
167.7332 49.4208
167.7390 49.4208
167.7448 49.4208
167.7506 49.4208
167.7565 49.4208
167.7623 49.4208
167.7681 49.4208
167.7739 49.4208
167.7797 49.4208
167.7855 49.4208
167.7914 49.4208
167.7972 49.4208
167.8030 49.4208
167.8088 49.4208
167.8146 49.4208
167.8204 49.4208
167.8263 49.4208
167.8321 49.4208
167.8379 49.4208
167.8437 49.4208
167.8495 49.4208
167.8553 49.4208
167.8612 49.4208
167.8670 49.4208
167.8728 49.4208
167.8786 49.4208
167.8844 49.4208
167.8902 49.4208
167.8961 49.4208
167.9019 49.4208
167.9077 49.4208
167.9135 49.4208
167.9193 49.4208
167.9251 49.4208
167.9310 49.4208
167.9368 49.4208
167.9426 49.4208
167.9484 49.4208
167.9542 49.4208
167.9600 49.4208
167.9659 49.4208
167.9717 49.4208
167.9775 49.4208
167.9833 49.4208
167.9891 49.4208
167.9949 49.4208
168.0008 49.4208
168.0066 49.4208
168.0124 49.4208
168.0182 49.4208
168.0240 49.4208
168.0298 49.4208
168.0357 49.4208
168.0415 49.4208
168.0473 49.4208
168.0531 49.4208
168.0589 49.4208
168.0647 49.4208
168.0706 49.4208
168.0764 49.4208
168.0822 49.4208
168.0880 49.4208
168.0938 49.4208
168.0996 49.4208
168.1055 49.4208
168.1113 49.4208
168.1171 49.4208
168.1229 49.4208
168.1287 49.4208
168.1345 49.4208
168.1404 49.4208
168.1462 49.4208
168.1520 49.4208
168.1578 49.4208
168.1636 49.4208
168.1694 49.4208
168.1753 49.4208
168.1811 49.4208
168.1869 49.4208
168.1927 49.4208
168.1985 49.4208
168.2043 49.4208
168.2102 49.4208
168.2160 49.4208
168.2218 49.4208
168.2276 49.4208
168.2334 49.4208
168.2392 49.4208
168.2451 49.4208
168.2509 49.4208
168.2567 49.4208
168.2625 49.4208
168.2683 49.4208
168.2742 49.4208
168.2800 49.4208
168.2858 49.4208
168.2916 49.4208
168.2974 49.4208
168.3032 49.4208
168.3091 49.4208
168.3149 49.4208
168.3207 49.4208
168.3265 49.4208
168.3323 49.4208
168.3381 49.4208
168.3440 49.4208
168.3498 49.4208
168.3556 49.4208
168.3614 49.4208
168.3672 49.4208
168.3730 49.4208
168.3789 49.4208
168.3847 49.4208
168.3905 49.4208
168.3963 49.4208
168.4021 49.4208
168.4079 49.4208
168.4138 49.4208
168.4196 49.4208
168.4254 49.4208
168.4312 49.4208
168.4370 49.4208
168.4428 49.4208
168.4487 49.4208
168.4545 49.4208
168.4603 49.4208
168.4661 49.4208
168.4719 49.4208
168.4777 49.4208
168.4836 49.4208
168.4894 49.4208
168.4952 49.4208
168.5010 49.4208
168.5068 49.4208
168.5126 49.4208
168.5185 49.4208
168.5243 49.4208
168.5301 49.4208
168.5359 49.4208
168.5417 49.4208
168.5475 49.4208
168.5534 49.4208
168.5592 49.4208
168.5650 49.4208
168.5708 49.4208
168.5766 49.4208
168.5824 49.4208
168.5883 49.4208
168.5941 49.4208
168.5999 49.4208
168.6057 49.4208
168.6115 49.4208
168.6173 49.4208
168.6232 49.4208
168.6290 49.4208
168.6348 49.4208
168.6406 49.4208
168.6464 49.4208
168.6522 49.4208
168.6581 49.4208
168.6639 49.4208
168.6697 49.4208
168.6755 49.4208
168.6813 49.4208
168.6871 49.4208
168.6930 49.4208
168.6988 49.4208
168.7046 49.4208
168.7104 49.4208
168.7162 49.4208
168.7220 49.4208
168.7279 49.4208
168.7337 49.4208
168.7395 49.4208
168.7453 49.4208
168.7511 49.4208
168.7569 49.4208
168.7628 49.4208
168.7686 49.4208
168.7744 49.4208
168.7802 49.4208
168.7860 49.4208
168.7918 49.4208
168.7977 49.4208
168.8035 49.4208
168.8093 49.4208
168.8151 49.4208
168.8209 49.4208
168.8267 49.4208
168.8326 49.4208
168.8384 49.4208
168.8442 49.4208
168.8500 49.4208
168.8558 49.4208
168.8616 49.4208
168.8675 49.4208
168.8733 49.4208
168.8791 49.4208
168.8849 49.4208
168.8907 49.4208
168.8965 49.4208
168.9024 49.4208
168.9082 49.4208
168.9140 49.4208
168.9198 49.4208
168.9256 49.4208
168.9314 49.4208
168.9373 49.4208
168.9431 49.4208
168.9489 49.4208
168.9547 49.4208
168.9605 49.4208
168.9663 49.4208
168.9722 49.4208
168.9780 49.4208
168.9838 49.4208
168.9896 49.4208
168.9954 49.4208
169.0012 49.4208
169.0071 49.4208
169.0129 49.4208
169.0187 49.4208
169.0245 49.4208
169.0303 49.4208
169.0361 49.4208
169.0420 49.4208
169.0478 49.4208
169.0536 49.4208
169.0594 49.4208
169.0652 49.4208
169.0710 49.4208
169.0769 49.4208
169.0827 49.4208
169.0885 49.4208
169.0943 49.4208
169.1001 49.4208
169.1059 49.4208
169.1118 49.4208
169.1176 49.4208
169.1234 49.4208
169.1292 49.4208
169.1350 49.4208
169.1408 49.4208
169.1467 49.4208
169.1525 49.4208
169.1583 49.4208
169.1641 49.4208
169.1699 49.4208
169.1757 49.4208
169.1816 49.4208
169.1874 49.4208
169.1932 49.4208
169.1990 49.4208
169.2048 49.4208
169.2107 49.4208
169.2165 49.4208
169.2223 49.4208
169.2281 49.4208
169.2339 49.4208
169.2397 49.4208
169.2456 49.4208
169.2514 49.4208
169.2572 49.4208
169.2630 49.4208
169.2688 49.4208
169.2746 49.4208
169.2805 49.4208
169.2863 49.4208
169.2921 49.4208
169.2979 49.4208
169.3037 49.4208
169.3095 49.4208
169.3154 49.4208
169.3212 49.4208
169.3270 49.4208
169.3328 49.4208
169.3386 49.4208
169.3444 49.4208
169.3503 49.4208
169.3561 49.4208
169.3619 49.4208
169.3677 49.4208
169.3735 49.4208
169.3793 49.4208
169.3852 49.4208
169.3910 49.4208
169.3968 49.4208
169.4026 49.4208
169.4084 49.4208
169.4142 49.4208
169.4201 49.4208
169.4259 49.4208
169.4317 49.4208
169.4375 49.4208
169.4433 49.4208
169.4491 49.4208
169.4550 49.4208
169.4608 49.4208
169.4666 49.4208
169.4724 49.4208
169.4782 49.4208
169.4840 49.4208
169.4899 49.4208
169.4957 49.4208
169.5015 49.4208
169.5073 49.4208
169.5131 49.4208
169.5189 49.4208
169.5248 49.4208
169.5306 49.4208
169.5364 49.4208
169.5422 49.4208
169.5480 49.4208
169.5538 49.4208
169.5597 49.4208
169.5655 49.4208
169.5713 49.4208
169.5771 49.4208
169.5829 49.4208
169.5887 49.4208
169.5946 49.4208
169.6004 49.4208
169.6062 49.4208
169.6120 49.4208
169.6178 49.4208
169.6236 49.4208
169.6295 49.4208
169.6353 49.4208
169.6411 49.4208
169.6469 49.4208
169.6527 49.4208
169.6585 49.4208
169.6644 49.4208
169.6702 49.4208
169.6760 49.4208
169.6818 49.4208
169.6876 49.4208
169.6934 49.4208
169.6993 49.4208
169.7051 49.4208
169.7109 49.4208
169.7167 49.4208
169.7225 49.4208
169.7283 49.4208
169.7342 49.4208
169.7400 49.4208
169.7458 49.4208
169.7516 49.4208
169.7574 49.4208
169.7632 49.4208
169.7691 49.4208
169.7749 49.4208
169.7807 49.4208
169.7865 49.4208
169.7923 49.4208
169.7981 49.4208
169.8040 49.4208
169.8098 49.4208
169.8156 49.4208
169.8214 49.4208
169.8272 49.4208
169.8330 49.4208
169.8389 49.4208
169.8447 49.4208
169.8505 49.4208
169.8563 49.4208
169.8621 49.4208
169.8679 49.4208
169.8738 49.4208
169.8796 49.4208
169.8854 49.4208
169.8912 49.4208
169.8970 49.4208
169.9028 49.4208
169.9087 49.4208
169.9145 49.4208
169.9203 49.4208
169.9261 49.4208
169.9319 49.4208
169.9377 49.4208
169.9436 49.4208
169.9494 49.4208
169.9552 49.4208
169.9610 49.4208
169.9668 49.4208
169.9726 49.4208
169.9785 49.4208
169.9843 49.4208
169.9901 49.4208
169.9959 49.4208
170.0017 49.4208
170.0075 49.4208
170.0134 49.4208
170.0192 49.4208
170.0250 49.4208
170.0308 49.4208
170.0366 49.4208
170.0424 49.4208
170.0483 49.4208
170.0541 49.4208
170.0599 49.4208
170.0657 49.4208
170.0715 49.4208
170.0773 49.4208
170.0832 49.4208
170.0890 49.4208
170.0948 49.4208
170.1006 49.4208
170.1064 49.4208
170.1123 49.4208
170.1181 49.4208
170.1239 49.4208
170.1297 49.4208
170.1355 49.4208
170.1413 49.4208
170.1472 49.4208
170.1530 49.4208
170.1588 49.4208
170.1646 49.4208
170.1704 49.4208
170.1762 49.4208
170.1821 49.4208
170.1879 49.4208
170.1937 49.4208
170.1995 49.4208
170.2053 49.4208
170.2111 49.4208
170.2170 49.4208
170.2228 49.4208
170.2286 49.4208
170.2344 49.4208
170.2402 49.4208
170.2460 49.4208
170.2519 49.4208
170.2577 49.4208
170.2635 49.4208
170.2693 49.4208
170.2751 49.4208
170.2809 49.4208
170.2868 49.4208
170.2926 49.4208
170.2984 49.4208
170.3042 49.4208
170.3100 49.4208
170.3158 49.4208
170.3217 49.4208
170.3275 49.4208
170.3333 49.4208
170.3391 49.4208
170.3449 49.4208
170.3507 49.4208
170.3566 49.4208
170.3624 49.4208
170.3682 49.4208
170.3740 49.4208
170.3798 49.4208
170.3856 49.4208
170.3915 49.4208
170.3973 49.4208
170.4031 49.4208
170.4089 49.4208
170.4147 49.4208
170.4205 49.4208
170.4264 49.4208
170.4322 49.4208
170.4380 49.4208
170.4438 49.4208
170.4496 49.4208
170.4554 49.4208
170.4613 49.4208
170.4671 49.4208
170.4729 49.4208
170.4787 49.4208
170.4845 49.4208
170.4903 49.4208
170.4962 49.4208
170.5020 49.4208
170.5078 49.4208
170.5136 49.4208
170.5194 49.4208
170.5252 49.4208
170.5311 49.4208
170.5369 49.4208
170.5427 49.4208
170.5485 49.4208
170.5543 49.4208
170.5601 49.4208
170.5660 49.4208
170.5718 49.4208
170.5776 49.4208
170.5834 49.4208
170.5892 49.4208
170.5950 49.4208
170.6009 49.4208
170.6067 49.4208
170.6125 49.4208
170.6183 49.4208
170.6241 49.4208
170.6299 49.4208
170.6358 49.4208
170.6416 49.4208
170.6474 49.4208
170.6532 49.4208
170.6590 49.4208
170.6648 49.4208
170.6707 49.4208
170.6765 49.4208
170.6823 49.4208
170.6881 49.4208
170.6939 49.4208
170.6997 49.4208
170.7056 49.4208
170.7114 49.4208
170.7172 49.4208
170.7230 49.4208
170.7288 49.4208
170.7346 49.4208
170.7405 49.4208
170.7463 49.4208
170.7521 49.4208
170.7579 49.4208
170.7637 49.4208
170.7695 49.4208
170.7754 49.4208
170.7812 49.4208
170.7870 49.4208
170.7928 49.4208
170.7986 49.4208
170.8044 49.4208
170.8103 49.4208
170.8161 49.4208
170.8219 49.4208
170.8277 49.4208
170.8335 49.4208
170.8393 49.4208
170.8452 49.4208
170.8510 49.4208
170.8568 49.4208
170.8626 49.4208
170.8684 49.4208
170.8742 49.4208
170.8801 49.4208
170.8859 49.4208
170.8917 49.4208
170.8975 49.4208
170.9033 49.4208
170.9091 49.4208
170.9150 49.4208
170.9208 49.4208
170.9266 49.4208
170.9324 49.4208
170.9382 49.4208
170.9440 49.4208
170.9499 49.4208
170.9557 49.4208
170.9615 49.4208
170.9673 49.4208
170.9731 49.4208
170.9789 49.4208
170.9848 49.4208
170.9906 49.4208
170.9964 49.4208
171.0022 49.4208
171.0080 49.4208
171.0138 49.4208
171.0197 49.4208
171.0255 49.4208
171.0313 49.4208
171.0371 49.4208
171.0429 49.4208
171.0488 49.4208
171.0546 49.4208
171.0604 49.4208
171.0662 49.4208
171.0720 49.4208
171.0778 49.4208
171.0837 49.4208
171.0895 49.4208
171.0953 49.4208
171.1011 49.4208
171.1069 49.4208
171.1127 49.4208
171.1186 49.4208
171.1244 49.4208
171.1302 49.4208
171.1360 49.4208
171.1418 49.4208
171.1476 49.4208
171.1535 49.4208
171.1593 49.4208
171.1651 49.4208
171.1709 49.4208
171.1767 49.4208
171.1825 49.4208
171.1884 49.4208
171.1942 49.4208
171.2000 49.4208
171.2058 49.4208
171.2116 49.4208
171.2174 49.4208
171.2233 49.4208
171.2291 49.4208
171.2349 49.4208
171.2407 49.4208
171.2465 49.4208
171.2523 49.4208
171.2582 49.4208
171.2640 49.4208
171.2698 49.4208
171.2756 49.4208
171.2814 49.4208
171.2872 49.4208
171.2931 49.4208
171.2989 49.4208
171.3047 49.4208
171.3105 49.4208
171.3163 49.4208
171.3221 49.4208
171.3280 49.4208
171.3338 49.4208
171.3396 49.4208
171.3454 49.4208
171.3512 49.4208
171.3570 49.4208
171.3629 49.4208
171.3687 49.4208
171.3745 49.4208
171.3803 49.4208
171.3861 49.4208
171.3919 49.4208
171.3978 49.4208
171.4036 49.4208
171.4094 49.4208
171.4152 49.4208
171.4210 49.4208
171.4268 49.4208
171.4327 49.4208
171.4385 49.4208
171.4443 49.4208
171.4501 49.4208
171.4559 49.4208
171.4617 49.4208
171.4676 49.4208
171.4734 49.4208
171.4792 49.4208
171.4850 49.4208
171.4908 49.4208
171.4966 49.4208
171.5025 49.4208
171.5083 49.4208
171.5141 49.4208
171.5199 49.4208
171.5257 49.4208
171.5315 49.4208
171.5374 49.4208
171.5432 49.4208
171.5490 49.4208
171.5548 49.4208
171.5606 49.4208
171.5664 49.4208
171.5723 49.4208
171.5781 49.4208
171.5839 49.4208
171.5897 49.4208
171.5955 49.4208
171.6013 49.4208
171.6072 49.4208
171.6130 49.4208
171.6188 49.4208
171.6246 49.4208
171.6304 49.4208
171.6362 49.4208
171.6421 49.4208
171.6479 49.4208
171.6537 49.4208
171.6595 49.4208
171.6653 49.4208
171.6711 49.4208
171.6770 49.4208
171.6828 49.4208
171.6886 49.4208
171.6944 49.4208
171.7002 49.4208
171.7060 49.4208
171.7119 49.4208
171.7177 49.4208
171.7235 49.4208
171.7293 49.4208
171.7351 49.4208
171.7409 49.4208
171.7468 49.4208
171.7526 49.4208
171.7584 49.4208
171.7642 49.4208
171.7700 49.4208
171.7758 49.4208
171.7817 49.4208
171.7875 49.4208
171.7933 49.4208
171.7991 49.4208
171.8049 49.4208
171.8107 49.4208
171.8166 49.4208
171.8224 49.4208
171.8282 49.4208
171.8340 49.4208
171.8398 49.4208
171.8456 49.4208
171.8515 49.4208
171.8573 49.4208
171.8631 49.4208
171.8689 49.4208
171.8747 49.4208
171.8805 49.4208
171.8864 49.4208
171.8922 49.4208
171.8980 49.4208
171.9038 49.4208
171.9096 49.4208
171.9154 49.4208
171.9213 49.4208
171.9271 49.4208
171.9329 49.4208
171.9387 49.4208
171.9445 49.4208
171.9503 49.4208
171.9562 49.4208
171.9620 49.4208
171.9678 49.4208
171.9736 49.4208
171.9794 49.4208
171.9853 49.4208
171.9911 49.4208
171.9969 49.4208
172.0027 49.4208
172.0085 49.4208
172.0143 49.4208
172.0202 49.4208
172.0260 49.4208
172.0318 49.4208
172.0376 49.4208
172.0434 49.4208
172.0492 49.4208
172.0551 49.4208
172.0609 49.4208
172.0667 49.4208
172.0725 49.4208
172.0783 49.4208
172.0841 49.4208
172.0900 49.4208
172.0958 49.4208
172.1016 49.4208
172.1074 49.4208
172.1132 49.4208
172.1190 49.4208
172.1249 49.4208
172.1307 49.4208
172.1365 49.4208
172.1423 49.4208
172.1481 49.4208
172.1539 49.4208
172.1598 49.4208
172.1656 49.4208
172.1714 49.4208
172.1772 49.4208
172.1830 49.4208
172.1888 49.4208
172.1947 49.4208
172.2005 49.4208
172.2063 49.4208
172.2121 49.4208
172.2179 49.4208
172.2237 49.4208
172.2296 49.4208
172.2354 49.4208
172.2412 49.4208
172.2470 49.4208
172.2528 49.4208
172.2586 49.4208
172.2645 49.4208
172.2703 49.4208
172.2761 49.4208
172.2819 49.4208
172.2877 49.4208
172.2935 49.4208
172.2994 49.4208
172.3052 49.4208
172.3110 49.4208
172.3168 49.4208
172.3226 49.4208
172.3284 49.4208
172.3343 49.4208
172.3401 49.4208
172.3459 49.4208
172.3517 49.4208
172.3575 49.4208
172.3633 49.4208
172.3692 49.4208
172.3750 49.4208
172.3808 49.4208
172.3866 49.4208
172.3924 49.4208
172.3982 49.4208
172.4041 49.4208
172.4099 49.4208
172.4157 49.4208
172.4215 49.4208
172.4273 49.4208
172.4331 49.4208
172.4390 49.4208
172.4448 49.4208
172.4506 49.4208
172.4564 49.4208
172.4622 49.4208
172.4680 49.4208
172.4739 49.4208
172.4797 49.4208
172.4855 49.4208
172.4913 49.4208
172.4971 49.4208
172.5029 49.4208
172.5088 49.4208
172.5146 49.4208
172.5204 49.4208
172.5262 49.4208
172.5320 49.4208
172.5378 49.4208
172.5437 49.4208
172.5495 49.4208
172.5553 49.4208
172.5611 49.4208
172.5669 49.4208
172.5727 49.4208
172.5786 49.4208
172.5844 49.4208
172.5902 49.4208
172.5960 49.4208
172.6018 49.4208
172.6076 49.4208
172.6135 49.4208
172.6193 49.4208
172.6251 49.4208
172.6309 49.4208
172.6367 49.4208
172.6425 49.4208
172.6484 49.4208
172.6542 49.4208
172.6600 49.4208
172.6658 49.4208
172.6716 49.4208
172.6774 49.4208
172.6833 49.4208
172.6891 49.4208
172.6949 49.4208
172.7007 49.4208
172.7065 49.4208
172.7123 49.4208
172.7182 49.4208
172.7240 49.4208
172.7298 49.4208
172.7356 49.4208
172.7414 49.4208
172.7472 49.4208
172.7531 49.4208
172.7589 49.4208
172.7647 49.4208
172.7705 49.4208
172.7763 49.4208
172.7821 49.4208
172.7880 49.4208
172.7938 49.4208
172.7996 49.4208
172.8054 49.4208
172.8112 49.4208
172.8170 49.4208
172.8229 49.4208
172.8287 49.4208
172.8345 49.4208
172.8403 49.4208
172.8461 49.4208
172.8519 49.4208
172.8578 49.4208
172.8636 49.4208
172.8694 49.4208
172.8752 49.4208
172.8810 49.4208
172.8869 49.4208
172.8927 49.4208
172.8985 49.4208
172.9043 49.4208
172.9101 49.4208
172.9159 49.4208
172.9218 49.4208
172.9276 49.4208
172.9334 49.4208
172.9392 49.4208
172.9450 49.4208
172.9508 49.4208
172.9567 49.4208
172.9625 49.4208
172.9683 49.4208
172.9741 49.4208
172.9799 49.4208
172.9857 49.4208
172.9916 49.4208
172.9974 49.4208
173.0032 49.4208
173.0090 49.4208
173.0148 49.4208
173.0206 49.4208
173.0265 49.4208
173.0323 49.4208
173.0381 49.4208
173.0439 49.4208
173.0497 49.4208
173.0555 49.4208
173.0614 49.4208
173.0672 49.4208
173.0730 49.4208
173.0788 49.4208
173.0846 49.4208
173.0904 49.4208
173.0963 49.4208
173.1021 49.4208
173.1079 49.4208
173.1137 49.4208
173.1195 49.4208
173.1253 49.4208
173.1312 49.4208
173.1370 49.4208
173.1428 49.4208
173.1486 49.4208
173.1544 49.4208
173.1602 49.4208
173.1661 49.4208
173.1719 49.4208
173.1777 49.4208
173.1835 49.4208
173.1893 49.4208
173.1951 49.4208
173.2010 49.4208
173.2068 49.4208
173.2126 49.4208
173.2184 49.4208
173.2242 49.4208
173.2300 49.4208
173.2359 49.4208
173.2417 49.4208
173.2475 49.4208
173.2533 49.4208
173.2591 49.4208
173.2649 49.4208
173.2708 49.4208
173.2766 49.4208
173.2824 49.4208
173.2882 49.4208
173.2940 49.4208
173.2998 49.4208
173.3057 49.4208
173.3115 49.4208
173.3173 49.4208
173.3231 49.4208
173.3289 49.4208
173.3347 49.4208
173.3406 49.4208
173.3464 49.4208
173.3522 49.4208
173.3580 49.4208
173.3638 49.4208
173.3696 49.4208
173.3755 49.4208
173.3813 49.4208
173.3871 49.4208
173.3929 49.4208
173.3987 49.4208
173.4045 49.4208
173.4104 49.4208
173.4162 49.4208
173.4220 49.4208
173.4278 49.4208
173.4336 49.4208
173.4394 49.4208
173.4453 49.4208
173.4511 49.4208
173.4569 49.4208
173.4627 49.4208
173.4685 49.4208
173.4743 49.4208
173.4802 49.4208
173.4860 49.4208
173.4918 49.4208
173.4976 49.4208
173.5034 49.4208
173.5092 49.4208
173.5151 49.4208
173.5209 49.4208
173.5267 49.4208
173.5325 49.4208
173.5383 49.4208
173.5441 49.4208
173.5500 49.4208
173.5558 49.4208
173.5616 49.4208
173.5674 49.4208
173.5732 49.4208
173.5790 49.4208
173.5849 49.4208
173.5907 49.4208
173.5965 49.4208
173.6023 49.4208
173.6081 49.4208
173.6139 49.4208
173.6198 49.4208
173.6256 49.4208
173.6314 49.4208
173.6372 49.4208
173.6430 49.4208
173.6488 49.4208
173.6547 49.4208
173.6605 49.4208
173.6663 49.4208
173.6721 49.4208
173.6779 49.4208
173.6837 49.4208
173.6896 49.4208
173.6954 49.4208
173.7012 49.4208
173.7070 49.4208
173.7128 49.4208
173.7186 49.4208
173.7245 49.4208
173.7303 49.4208
173.7361 49.4208
173.7419 49.4208
173.7477 49.4208
173.7535 49.4208
173.7594 49.4208
173.7652 49.4208
173.7710 49.4208
173.7768 49.4208
173.7826 49.4208
173.7884 49.4208
173.7943 49.4208
173.8001 49.4208
173.8059 49.4208
173.8117 49.4208
173.8175 49.4208
173.8234 49.4208
173.8292 49.4208
173.8350 49.4208
173.8408 49.4208
173.8466 49.4208
173.8524 49.4208
173.8583 49.4208
173.8641 49.4208
173.8699 49.4208
173.8757 49.4208
173.8815 49.4208
173.8873 49.4208
173.8932 49.4208
173.8990 49.4208
173.9048 49.4208
173.9106 49.4208
173.9164 49.4208
173.9222 49.4208
173.9281 49.4208
173.9339 49.4208
173.9397 49.4208
173.9455 49.4208
173.9513 49.4208
173.9571 49.4208
173.9630 49.4208
173.9688 49.4208
173.9746 49.4208
173.9804 49.4208
173.9862 49.4208
173.9920 49.4208
173.9979 49.4208
174.0037 49.4208
174.0095 49.4208
174.0153 49.4208
174.0211 49.4208
174.0269 49.4208
174.0328 49.4208
174.0386 49.4208
174.0444 49.4208
174.0502 49.4208
174.0560 49.4208
174.0618 49.4208
174.0677 49.4208
174.0735 49.4208
174.0793 49.4208
174.0851 49.4208
174.0909 49.4208
174.0967 49.4208
174.1026 49.4208
174.1084 49.4208
174.1142 49.4208
174.1200 49.4208
174.1258 49.4208
174.1316 49.4208
174.1375 49.4208
174.1433 49.4208
174.1491 49.4208
174.1549 49.4208
174.1607 49.4208
174.1665 49.4208
174.1724 49.4208
174.1782 49.4208
174.1840 49.4208
174.1898 49.4208
174.1956 49.4208
174.2014 49.4208
174.2073 49.4208
174.2131 49.4208
174.2189 49.4208
174.2247 49.4208
174.2305 49.4208
174.2363 49.4208
174.2422 49.4208
174.2480 49.4208
174.2538 49.4208
174.2596 49.4208
174.2654 49.4208
174.2712 49.4208
174.2771 49.4208
174.2829 49.4208
174.2887 49.4208
174.2945 49.4208
174.3003 49.4208
174.3061 49.4208
174.3120 49.4208
174.3178 49.4208
174.3236 49.4208
174.3294 49.4208
174.3352 49.4208
174.3410 49.4208
174.3469 49.4208
174.3527 49.4208
174.3585 49.4208
174.3643 49.4208
174.3701 49.4208
174.3759 49.4208
174.3818 49.4208
174.3876 49.4208
174.3934 49.4208
174.3992 49.4208
174.4050 49.4208
174.4108 49.4208
174.4167 49.4208
174.4225 49.4208
174.4283 49.4208
174.4341 49.4208
174.4399 49.4208
174.4457 49.4208
174.4516 49.4208
174.4574 49.4208
174.4632 49.4208
174.4690 49.4208
174.4748 49.4208
174.4806 49.4208
174.4865 49.4208
174.4923 49.4208
174.4981 49.4208
174.5039 49.4208
174.5097 49.4208
174.5155 49.4208
174.5214 49.4208
174.5272 49.4208
174.5330 49.4208
174.5388 49.4208
174.5446 49.4208
174.5504 49.4208
174.5563 49.4208
174.5621 49.4208
174.5679 49.4208
174.5737 49.4208
174.5795 49.4208
174.5853 49.4208
174.5912 49.4208
174.5970 49.4208
174.6028 49.4208
174.6086 49.4208
174.6144 49.4208
174.6202 49.4208
174.6261 49.4208
174.6319 49.4208
174.6377 49.4208
174.6435 49.4208
174.6493 49.4208
174.6551 49.4208
174.6610 49.4208
174.6668 49.4208
174.6726 49.4208
174.6784 49.4208
174.6842 49.4208
174.6900 49.4208
174.6959 49.4208
174.7017 49.4208
174.7075 49.4208
174.7133 49.4208
174.7191 49.4208
174.7250 49.4208
174.7308 49.4208
174.7366 49.4208
174.7424 49.4208
174.7482 49.4208
174.7540 49.4208
174.7599 49.4208
174.7657 49.4208
174.7715 49.4208
174.7773 49.4208
174.7831 49.4208
174.7889 49.4208
174.7948 49.4208
174.8006 49.4208
174.8064 49.4208
174.8122 49.4208
174.8180 49.4208
174.8238 49.4208
174.8297 49.4208
174.8355 49.4208
174.8413 49.4208
174.8471 49.4208
174.8529 49.4208
174.8587 49.4208
174.8646 49.4208
174.8704 49.4208
174.8762 49.4208
174.8820 49.4208
174.8878 49.4208
174.8936 49.4208
174.8995 49.4208
174.9053 49.4208
174.9111 49.4208
174.9169 49.4208
174.9227 49.4208
174.9285 49.4208
174.9344 49.4208
174.9402 49.4208
174.9460 49.4208
174.9518 49.4208
174.9576 49.4208
174.9634 49.4208
174.9693 49.4208
174.9751 49.4208
174.9809 49.4208
174.9867 49.4208
174.9925 49.4208
174.9983 49.4208
175.0042 49.4208
175.0100 49.4208
175.0158 49.4208
175.0216 49.4208
175.0274 49.4208
175.0332 49.4208
175.0391 49.4208
175.0449 49.4208
175.0507 49.4208
175.0565 49.4208
175.0623 49.4208
175.0681 49.4208
175.0740 49.4208
175.0798 49.4208
175.0856 49.4208
175.0914 49.4208
175.0972 49.4208
175.1030 49.4208
175.1089 49.4208
175.1147 49.4208
175.1205 49.4208
175.1263 49.4208
175.1321 49.4208
175.1379 49.4208
175.1438 49.4208
175.1496 49.4208
175.1554 49.4208
175.1612 49.4208
175.1670 49.4208
175.1728 49.4208
175.1787 49.4208
175.1845 49.4208
175.1903 49.4208
175.1961 49.4208
175.2019 49.4208
175.2077 49.4208
175.2136 49.4208
175.2194 49.4208
175.2252 49.4208
175.2310 49.4208
175.2368 49.4208
175.2426 49.4208
175.2485 49.4208
175.2543 49.4208
175.2601 49.4208
175.2659 49.4208
175.2717 49.4208
175.2775 49.4208
175.2834 49.4208
175.2892 49.4208
175.2950 49.4208
175.3008 49.4208
175.3066 49.4208
175.3124 49.4208
175.3183 49.4208
175.3241 49.4208
175.3299 49.4208
175.3357 49.4208
175.3415 49.4208
175.3473 49.4208
175.3532 49.4208
175.3590 49.4208
175.3648 49.4208
175.3706 49.4208
175.3764 49.4208
175.3822 49.4208
175.3881 49.4208
175.3939 49.4208
175.3997 49.4208
175.4055 49.4208
175.4113 49.4208
175.4171 49.4208
175.4230 49.4208
175.4288 49.4208
175.4346 49.4208
175.4404 49.4208
175.4462 49.4208
175.4520 49.4208
175.4579 49.4208
175.4637 49.4208
175.4695 49.4208
175.4753 49.4208
175.4811 49.4208
175.4869 49.4208
175.4928 49.4208
175.4986 49.4208
175.5044 49.4208
175.5102 49.4208
175.5160 49.4208
175.5218 49.4208
175.5277 49.4208
175.5335 49.4208
175.5393 49.4208
175.5451 49.4208
175.5509 49.4208
175.5567 49.4208
175.5626 49.4208
175.5684 49.4208
175.5742 49.4208
175.5800 49.4208
175.5858 49.4208
175.5916 49.4208
175.5975 49.4208
175.6033 49.4208
175.6091 49.4208
175.6149 49.4208
175.6207 49.4208
175.6265 49.4208
175.6324 49.4208
175.6382 49.4208
175.6440 49.4208
175.6498 49.4208
175.6556 49.4208
175.6615 49.4208
175.6673 49.4208
175.6731 49.4208
175.6789 49.4208
175.6847 49.4208
175.6905 49.4208
175.6964 49.4208
175.7022 49.4208
175.7080 49.4208
175.7138 49.4208
175.7196 49.4208
175.7254 49.4208
175.7313 49.4208
175.7371 49.4208
175.7429 49.4208
175.7487 49.4208
175.7545 49.4208
175.7603 49.4208
175.7662 49.4208
175.7720 49.4208
175.7778 49.4208
175.7836 49.4208
175.7894 49.4208
175.7952 49.4208
175.8011 49.4208
175.8069 49.4208
175.8127 49.4208
175.8185 49.4208
175.8243 49.4208
175.8301 49.4208
175.8360 49.4208
175.8418 49.4208
175.8476 49.4208
175.8534 49.4208
175.8592 49.4208
175.8650 49.4208
175.8709 49.4208
175.8767 49.4208
175.8825 49.4208
175.8883 49.4208
175.8941 49.4208
175.8999 49.4208
175.9058 49.4208
175.9116 49.4208
175.9174 49.4208
175.9232 49.4208
175.9290 49.4208
175.9348 49.4208
175.9407 49.4208
175.9465 49.4208
175.9523 49.4208
175.9581 49.4208
175.9639 49.4208
175.9697 49.4208
175.9756 49.4208
175.9814 49.4208
175.9872 49.4208
175.9930 49.4208
175.9988 49.4208
176.0046 49.4208
176.0105 49.4208
176.0163 49.4208
176.0221 49.4208
176.0279 49.4208
176.0337 49.4208
176.0395 49.4208
176.0454 49.4208
176.0512 49.4208
176.0570 49.4208
176.0628 49.4208
176.0686 49.4208
176.0744 49.4208
176.0803 49.4208
176.0861 49.4208
176.0919 49.4208
176.0977 49.4208
176.1035 49.4208
176.1093 49.4208
176.1152 49.4208
176.1210 49.4208
176.1268 49.4208
176.1326 49.4208
176.1384 49.4208
176.1442 49.4208
176.1501 49.4208
176.1559 49.4208
176.1617 49.4208
176.1675 49.4208
176.1733 49.4208
176.1791 49.4208
176.1850 49.4208
176.1908 49.4208
176.1966 49.4208
176.2024 49.4208
176.2082 49.4208
176.2140 49.4208
176.2199 49.4208
176.2257 49.4208
176.2315 49.4208
176.2373 49.4208
176.2431 49.4208
176.2489 49.4208
176.2548 49.4208
176.2606 49.4208
176.2664 49.4208
176.2722 49.4208
176.2780 49.4208
176.2838 49.4208
176.2897 49.4208
176.2955 49.4208
176.3013 49.4208
176.3071 49.4208
176.3129 49.4208
176.3187 49.4208
176.3246 49.4208
176.3304 49.4208
176.3362 49.4208
176.3420 49.4208
176.3478 49.4208
176.3536 49.4208
176.3595 49.4208
176.3653 49.4208
176.3711 49.4208
176.3769 49.4208
176.3827 49.4208
176.3885 49.4208
176.3944 49.4208
176.4002 49.4208
176.4060 49.4208
176.4118 49.4208
176.4176 49.4208
176.4234 49.4208
176.4293 49.4208
176.4351 49.4208
176.4409 49.4208
176.4467 49.4208
176.4525 49.4208
176.4583 49.4208
176.4642 49.4208
176.4700 49.4208
176.4758 49.4208
176.4816 49.4208
176.4874 49.4208
176.4932 49.4208
176.4991 49.4208
176.5049 49.4208
176.5107 49.4208
176.5165 49.4208
176.5223 49.4208
176.5281 49.4208
176.5340 49.4208
176.5398 49.4208
176.5456 49.4208
176.5514 49.4208
176.5572 49.4208
176.5630 49.4208
176.5689 49.4208
176.5747 49.4208
176.5805 49.4208
176.5863 49.4208
176.5921 49.4208
176.5980 49.4208
176.6038 49.4208
176.6096 49.4208
176.6154 49.4208
176.6212 49.4208
176.6270 49.4208
176.6329 49.4208
176.6387 49.4208
176.6445 49.4208
176.6503 49.4208
176.6561 49.4208
176.6619 49.4208
176.6678 49.4208
176.6736 49.4208
176.6794 49.4208
176.6852 49.4208
176.6910 49.4208
176.6968 49.4208
176.7027 49.4208
176.7085 49.4208
176.7143 49.4208
176.7201 49.4208
176.7259 49.4208
176.7317 49.4208
176.7376 49.4208
176.7434 49.4208
176.7492 49.4208
176.7550 49.4208
176.7608 49.4208
176.7666 49.4208
176.7725 49.4208
176.7783 49.4208
176.7841 49.4208
176.7899 49.4208
176.7957 49.4208
176.8015 49.4208
176.8074 49.4208
176.8132 49.4208
176.8190 49.4208
176.8248 49.4208
176.8306 49.4208
176.8364 49.4208
176.8423 49.4208
176.8481 49.4208
176.8539 49.4208
176.8597 49.4208
176.8655 49.4208
176.8713 49.4208
176.8772 49.4208
176.8830 49.4208
176.8888 49.4208
176.8946 49.4208
176.9004 49.4208
176.9062 49.4208
176.9121 49.4208
176.9179 49.4208
176.9237 49.4208
176.9295 49.4208
176.9353 49.4208
176.9411 49.4208
176.9470 49.4208
176.9528 49.4208
176.9586 49.4208
176.9644 49.4208
176.9702 49.4208
176.9760 49.4208
176.9819 49.4208
176.9877 49.4208
176.9935 49.4208
176.9993 49.4208
177.0051 49.4208
177.0109 49.4208
177.0168 49.4208
177.0226 49.4208
177.0284 49.4208
177.0342 49.4208
177.0400 49.4208
177.0458 49.4208
177.0517 49.4208
177.0575 49.4208
177.0633 49.4208
177.0691 49.4208
177.0749 49.4208
177.0807 49.4208
177.0866 49.4208
177.0924 49.4208
177.0982 49.4208
177.1040 49.4208
177.1098 49.4208
177.1156 49.4208
177.1215 49.4208
177.1273 49.4208
177.1331 49.4208
177.1389 49.4208
177.1447 49.4208
177.1505 49.4208
177.1564 49.4208
177.1622 49.4208
177.1680 49.4208
177.1738 49.4208
177.1796 49.4208
177.1854 49.4208
177.1913 49.4208
177.1971 49.4208
177.2029 49.4208
177.2087 49.4208
177.2145 49.4208
177.2203 49.4208
177.2262 49.4208
177.2320 49.4208
177.2378 49.4208
177.2436 49.4208
177.2494 49.4208
177.2552 49.4208
177.2611 49.4208
177.2669 49.4208
177.2727 49.4208
177.2785 49.4208
177.2843 49.4208
177.2901 49.4208
177.2960 49.4208
177.3018 49.4208
177.3076 49.4208
177.3134 49.4208
177.3192 49.4208
177.3250 49.4208
177.3309 49.4208
177.3367 49.4208
177.3425 49.4208
177.3483 49.4208
177.3541 49.4208
177.3599 49.4208
177.3658 49.4208
177.3716 49.4208
177.3774 49.4208
177.3832 49.4208
177.3890 49.4208
177.3948 49.4208
177.4007 49.4208
177.4065 49.4208
177.4123 49.4208
177.4181 49.4208
177.4239 49.4208
177.4297 49.4208
177.4356 49.4208
177.4414 49.4208
177.4472 49.4208
177.4530 49.4208
177.4588 49.4208
177.4646 49.4208
177.4705 49.4208
177.4763 49.4208
177.4821 49.4208
177.4879 49.4208
177.4937 49.4208
177.4996 49.4208
177.5054 49.4208
177.5112 49.4208
177.5170 49.4208
177.5228 49.4208
177.5286 49.4208
177.5345 49.4208
177.5403 49.4208
177.5461 49.4208
177.5519 49.4208
177.5577 49.4208
177.5635 49.4208
177.5694 49.4208
177.5752 49.4208
177.5810 49.4208
177.5868 49.4208
177.5926 49.4208
177.5984 49.4208
177.6043 49.4208
177.6101 49.4208
177.6159 49.4208
177.6217 49.4208
177.6275 49.4208
177.6333 49.4208
177.6392 49.4208
177.6450 49.4208
177.6508 49.4208
177.6566 49.4208
177.6624 49.4208
177.6682 49.4208
177.6741 49.4208
177.6799 49.4208
177.6857 49.4208
177.6915 49.4208
177.6973 49.4208
177.7031 49.4208
177.7090 49.4208
177.7148 49.4208
177.7206 49.4208
177.7264 49.4208
177.7322 49.4208
177.7380 49.4208
177.7439 49.4208
177.7497 49.4208
177.7555 49.4208
177.7613 49.4208
177.7671 49.4208
177.7729 49.4208
177.7788 49.4208
177.7846 49.4208
177.7904 49.4208
177.7962 49.4208
177.8020 49.4208
177.8078 49.4208
177.8137 49.4208
177.8195 49.4208
177.8253 49.4208
177.8311 49.4208
177.8369 49.4208
177.8427 49.4208
177.8486 49.4208
177.8544 49.4208
177.8602 49.4208
177.8660 49.4208
177.8718 49.4208
177.8776 49.4208
177.8835 49.4208
177.8893 49.4208
177.8951 49.4208
177.9009 49.4208
177.9067 49.4208
177.9125 49.4208
177.9184 49.4208
177.9242 49.4208
177.9300 49.4208
177.9358 49.4208
177.9416 49.4208
177.9474 49.4208
177.9533 49.4208
177.9591 49.4208
177.9649 49.4208
177.9707 49.4208
177.9765 49.4208
177.9823 49.4208
177.9882 49.4208
177.9940 49.4208
177.9998 49.4208
178.0056 49.4208
178.0114 49.4208
178.0172 49.4208
178.0231 49.4208
178.0289 49.4208
178.0347 49.4208
178.0405 49.4208
178.0463 49.4208
178.0521 49.4208
178.0580 49.4208
178.0638 49.4208
178.0696 49.4208
178.0754 49.4208
178.0812 49.4208
178.0870 49.4208
178.0929 49.4208
178.0987 49.4208
178.1045 49.4208
178.1103 49.4208
178.1161 49.4208
178.1219 49.4208
178.1278 49.4208
178.1336 49.4208
178.1394 49.4208
178.1452 49.4208
178.1510 49.4208
178.1568 49.4208
178.1627 49.4208
178.1685 49.4208
178.1743 49.4208
178.1801 49.4208
178.1859 49.4208
178.1917 49.4208
178.1976 49.4208
178.2034 49.4208
178.2092 49.4208
178.2150 49.4208
178.2208 49.4208
178.2266 49.4208
178.2325 49.4208
178.2383 49.4208
178.2441 49.4208
178.2499 49.4208
178.2557 49.4208
178.2615 49.4208
178.2674 49.4208
178.2732 49.4208
178.2790 49.4208
178.2848 49.4208
178.2906 49.4208
178.2964 49.4208
178.3023 49.4208
178.3081 49.4208
178.3139 49.4208
178.3197 49.4208
178.3255 49.4208
178.3313 49.4208
178.3372 49.4208
178.3430 49.4208
178.3488 49.4208
178.3546 49.4208
178.3604 49.4208
178.3662 49.4208
178.3721 49.4208
178.3779 49.4208
178.3837 49.4208
178.3895 49.4208
178.3953 49.4208
178.4011 49.4208
178.4070 49.4208
178.4128 49.4208
178.4186 49.4208
178.4244 49.4208
178.4302 49.4208
178.4361 49.4208
178.4419 49.4208
178.4477 49.4208
178.4535 49.4208
178.4593 49.4208
178.4651 49.4208
178.4710 49.4208
178.4768 49.4208
178.4826 49.4208
178.4884 49.4208
178.4942 49.4208
178.5000 49.4208
178.5059 49.4208
178.5117 49.4208
178.5175 49.4208
178.5233 49.4208
178.5291 49.4208
178.5349 49.4208
178.5408 49.4208
178.5466 49.4208
178.5524 49.4208
178.5582 49.4208
178.5640 49.4208
178.5698 49.4208
178.5757 49.4208
178.5815 49.4208
178.5873 49.4208
178.5931 49.4208
178.5989 49.4208
178.6047 49.4208
178.6106 49.4208
178.6164 49.4208
178.6222 49.4208
178.6280 49.4208
178.6338 49.4208
178.6396 49.4208
178.6455 49.4208
178.6513 49.4208
178.6571 49.4208
178.6629 49.4208
178.6687 49.4208
178.6745 49.4208
178.6804 49.4208
178.6862 49.4208
178.6920 49.4208
178.6978 49.4208
178.7036 49.4208
178.7094 49.4208
178.7153 49.4208
178.7211 49.4208
178.7269 49.4208
178.7327 49.4208
178.7385 49.4208
178.7443 49.4208
178.7502 49.4208
178.7560 49.4208
178.7618 49.4208
178.7676 49.4208
178.7734 49.4208
178.7792 49.4208
178.7851 49.4208
178.7909 49.4208
178.7967 49.4208
178.8025 49.4208
178.8083 49.4208
178.8141 49.4208
178.8200 49.4208
178.8258 49.4208
178.8316 49.4208
178.8374 49.4208
178.8432 49.4208
178.8490 49.4208
178.8549 49.4208
178.8607 49.4208
178.8665 49.4208
178.8723 49.4208
178.8781 49.4208
178.8839 49.4208
178.8898 49.4208
178.8956 49.4208
178.9014 49.4208
178.9072 49.4208
178.9130 49.4208
178.9188 49.4208
178.9247 49.4208
178.9305 49.4208
178.9363 49.4208
178.9421 49.4208
178.9479 49.4208
178.9537 49.4208
178.9596 49.4208
178.9654 49.4208
178.9712 49.4208
178.9770 49.4208
178.9828 49.4208
178.9886 49.4208
178.9945 49.4208
179.0003 49.4208
179.0061 49.4208
179.0119 49.4208
179.0177 49.4208
179.0235 49.4208
179.0294 49.4208
179.0352 49.4208
179.0410 49.4208
179.0468 49.4208
179.0526 49.4208
179.0584 49.4208
179.0643 49.4208
179.0701 49.4208
179.0759 49.4208
179.0817 49.4208
179.0875 49.4208
179.0933 49.4208
179.0992 49.4208
179.1050 49.4208
179.1108 49.4208
179.1166 49.4208
179.1224 49.4208
179.1282 49.4208
179.1341 49.4208
179.1399 49.4208
179.1457 49.4208
179.1515 49.4208
179.1573 49.4208
179.1631 49.4208
179.1690 49.4208
179.1748 49.4208
179.1806 49.4208
179.1864 49.4208
179.1922 49.4208
179.1980 49.4208
179.2039 49.4208
179.2097 49.4208
179.2155 49.4208
179.2213 49.4208
179.2271 49.4208
179.2329 49.4208
179.2388 49.4208
179.2446 49.4208
179.2504 49.4208
179.2562 49.4208
179.2620 49.4208
179.2678 49.4208
179.2737 49.4208
179.2795 49.4208
179.2853 49.4208
179.2911 49.4208
179.2969 49.4208
179.3027 49.4208
179.3086 49.4208
179.3144 49.4208
179.3202 49.4208
179.3260 49.4208
179.3318 49.4208
179.3377 49.4208
179.3435 49.4208
179.3493 49.4208
179.3551 49.4208
179.3609 49.4208
179.3667 49.4208
179.3726 49.4208
179.3784 49.4208
179.3842 49.4208
179.3900 49.4208
179.3958 49.4208
179.4016 49.4208
179.4075 49.4208
179.4133 49.4208
179.4191 49.4208
179.4249 49.4208
179.4307 49.4208
179.4365 49.4208
179.4424 49.4208
179.4482 49.4208
179.4540 49.4208
179.4598 49.4208
179.4656 49.4208
179.4714 49.4208
179.4773 49.4208
179.4831 49.4208
179.4889 49.4208
179.4947 49.4208
179.5005 49.4208
179.5063 49.4208
179.5122 49.4208
179.5180 49.4208
179.5238 49.4208
179.5296 49.4208
179.5354 49.4208
179.5412 49.4208
179.5471 49.4208
179.5529 49.4208
179.5587 49.4208
179.5645 49.4208
179.5703 49.4208
179.5761 49.4208
179.5820 49.4208
179.5878 49.4208
179.5936 49.4208
179.5994 49.4208
179.6052 49.4208
179.6110 49.4208
179.6169 49.4208
179.6227 49.4208
179.6285 49.4208
179.6343 49.4208
179.6401 49.4208
179.6459 49.4208
179.6518 49.4208
179.6576 49.4208
179.6634 49.4208
179.6692 49.4208
179.6750 49.4208
179.6808 49.4208
179.6867 49.4208
179.6925 49.4208
179.6983 49.4208
179.7041 49.4208
179.7099 49.4208
179.7157 49.4208
179.7216 49.4208
179.7274 49.4208
179.7332 49.4208
179.7390 49.4208
179.7448 49.4208
179.7506 49.4208
179.7565 49.4208
179.7623 49.4208
179.7681 49.4208
179.7739 49.4208
179.7797 49.4208
179.7855 49.4208
179.7914 49.4208
179.7972 49.4208
179.8030 49.4208
179.8088 49.4208
179.8146 49.4208
179.8204 49.4208
179.8263 49.4208
179.8321 49.4208
179.8379 49.4208
179.8437 49.4208
179.8495 49.4208
179.8553 49.4208
179.8612 49.4208
179.8670 49.4208
179.8728 49.4208
179.8786 49.4208
179.8844 49.4208
179.8902 49.4208
179.8961 49.4208
179.9019 49.4208
179.9077 49.4208
179.9135 49.4208
179.9193 49.4208
179.9251 49.4208
179.9310 49.4208
179.9368 49.4208
179.9426 49.4208
179.9484 49.4208
179.9542 49.4208
179.9600 49.4208
179.9659 49.4208
179.9717 49.4208
179.9775 49.4208
179.9833 49.4208
179.9891 49.4208
179.9949 49.4208
180.0008 49.4208
180.0066 49.4208
180.0124 49.4208
180.0182 49.4208
180.0240 49.4208
180.0298 49.4208
180.0357 49.4208
180.0415 49.4208
180.0473 49.4208
180.0531 49.4208
180.0589 49.4208
180.0647 49.4208
180.0706 49.4208
180.0764 49.4208
180.0822 49.4208
180.0880 49.4208
180.0938 49.4208
180.0996 49.4208
180.1055 49.4208
180.1113 49.4208
180.1171 49.4208
180.1229 49.4208
180.1287 49.4208
180.1345 49.4208
180.1404 49.4208
180.1462 49.4208
180.1520 49.4208
180.1578 49.4208
180.1636 49.4208
180.1694 49.4208
180.1753 49.4208
180.1811 49.4208
180.1869 49.4208
180.1927 49.4208
180.1985 49.4208
180.2043 49.4208
180.2102 49.4208
180.2160 49.4208
180.2218 49.4208
180.2276 49.4208
180.2334 49.4208
180.2392 49.4208
180.2451 49.4208
180.2509 49.4208
180.2567 49.4208
180.2625 49.4208
180.2683 49.4208
180.2742 49.4208
180.2800 49.4208
180.2858 49.4208
180.2916 49.4208
180.2974 49.4208
180.3032 49.4208
180.3091 49.4208
180.3149 49.4208
180.3207 49.4208
180.3265 49.4208
180.3323 49.4208
180.3381 49.4208
180.3440 49.4208
180.3498 49.4208
180.3556 49.4208
180.3614 49.4208
180.3672 49.4208
180.3730 49.4208
180.3789 49.4208
180.3847 49.4208
180.3905 49.4208
180.3963 49.4208
180.4021 49.4208
180.4079 49.4208
180.4138 49.4208
180.4196 49.4208
180.4254 49.4208
180.4312 49.4208
180.4370 49.4208
180.4428 49.4208
180.4487 49.4208
180.4545 49.4208
180.4603 49.4208
180.4661 49.4208
180.4719 49.4208
180.4777 49.4208
180.4836 49.4208
180.4894 49.4208
180.4952 49.4208
180.5010 49.4208
180.5068 49.4208
180.5126 49.4208
180.5185 49.4208
180.5243 49.4208
180.5301 49.4208
180.5359 49.4208
180.5417 49.4208
180.5475 49.4208
180.5534 49.4208
180.5592 49.4208
180.5650 49.4208
180.5708 49.4208
180.5766 49.4208
180.5824 49.4208
180.5883 49.4208
180.5941 49.4208
180.5999 49.4208
180.6057 49.4208
180.6115 49.4208
180.6173 49.4208
180.6232 49.4208
180.6290 49.4208
180.6348 49.4208
180.6406 49.4208
180.6464 49.4208
180.6522 49.4208
180.6581 49.4208
180.6639 49.4208
180.6697 49.4208
180.6755 49.4208
180.6813 49.4208
180.6871 49.4208
180.6930 49.4208
180.6988 49.4208
180.7046 49.4208
180.7104 49.4208
180.7162 49.4208
180.7220 49.4208
180.7279 49.4208
180.7337 49.4208
180.7395 49.4208
180.7453 49.4208
180.7511 49.4208
180.7569 49.4208
180.7628 49.4208
180.7686 49.4208
180.7744 49.4208
180.7802 49.4208
180.7860 49.4208
180.7918 49.4208
180.7977 49.4208
180.8035 49.4208
180.8093 49.4208
180.8151 49.4208
180.8209 49.4208
180.8267 49.4208
180.8326 49.4208
180.8384 49.4208
180.8442 49.4208
180.8500 49.4208
180.8558 49.4208
180.8616 49.4208
180.8675 49.4208
180.8733 49.4208
180.8791 49.4208
180.8849 49.4208
180.8907 49.4208
180.8965 49.4208
180.9024 49.4208
180.9082 49.4208
180.9140 49.4208
180.9198 49.4208
180.9256 49.4208
180.9314 49.4208
180.9373 49.4208
180.9431 49.4208
180.9489 49.4208
180.9547 49.4208
180.9605 49.4208
180.9663 49.4208
180.9722 49.4208
180.9780 49.4208
180.9838 49.4208
180.9896 49.4208
180.9954 49.4208
181.0012 49.4208
181.0071 49.4208
181.0129 49.4208
181.0187 49.4208
181.0245 49.4208
181.0303 49.4208
181.0361 49.4208
181.0420 49.4208
181.0478 49.4208
181.0536 49.4208
181.0594 49.4208
181.0652 49.4208
181.0710 49.4208
181.0769 49.4208
181.0827 49.4208
181.0885 49.4208
181.0943 49.4208
181.1001 49.4208
181.1059 49.4208
181.1118 49.4208
181.1176 49.4208
181.1234 49.4208
181.1292 49.4208
181.1350 49.4208
181.1408 49.4208
181.1467 49.4208
181.1525 49.4208
181.1583 49.4208
181.1641 49.4208
181.1699 49.4208
181.1757 49.4208
181.1816 49.4208
181.1874 49.4208
181.1932 49.4208
181.1990 49.4208
181.2048 49.4208
181.2107 49.4208
181.2165 49.4208
181.2223 49.4208
181.2281 49.4208
181.2339 49.4208
181.2397 49.4208
181.2456 49.4208
181.2514 49.4208
181.2572 49.4208
181.2630 49.4208
181.2688 49.4208
181.2746 49.4208
181.2805 49.4208
181.2863 49.4208
181.2921 49.4208
181.2979 49.4208
181.3037 49.4208
181.3095 49.4208
181.3154 49.4208
181.3212 49.4208
181.3270 49.4208
181.3328 49.4208
181.3386 49.4208
181.3444 49.4208
181.3503 49.4208
181.3561 49.4208
181.3619 49.4208
181.3677 49.4208
181.3735 49.4208
181.3793 49.4208
181.3852 49.4208
181.3910 49.4208
181.3968 49.4208
181.4026 49.4208
181.4084 49.4208
181.4142 49.4208
181.4201 49.4208
181.4259 49.4208
181.4317 49.4208
181.4375 49.4208
181.4433 49.4208
181.4491 49.4208
181.4550 49.4208
181.4608 49.4208
181.4666 49.4208
181.4724 49.4208
181.4782 49.4208
181.4840 49.4208
181.4899 49.4208
181.4957 49.4208
181.5015 49.4208
181.5073 49.4208
181.5131 49.4208
181.5189 49.4208
181.5248 49.4208
181.5306 49.4208
181.5364 49.4208
181.5422 49.4208
181.5480 49.4208
181.5538 49.4208
181.5597 49.4208
181.5655 49.4208
181.5713 49.4208
181.5771 49.4208
181.5829 49.4208
181.5887 49.4208
181.5946 49.4208
181.6004 49.4208
181.6062 49.4208
181.6120 49.4208
181.6178 49.4208
181.6236 49.4208
181.6295 49.4208
181.6353 49.4208
181.6411 49.4208
181.6469 49.4208
181.6527 49.4208
181.6585 49.4208
181.6644 49.4208
181.6702 49.4208
181.6760 49.4208
181.6818 49.4208
181.6876 49.4208
181.6934 49.4208
181.6993 49.4208
181.7051 49.4208
181.7109 49.4208
181.7167 49.4208
181.7225 49.4208
181.7283 49.4208
181.7342 49.4208
181.7400 49.4208
181.7458 49.4208
181.7516 49.4208
181.7574 49.4208
181.7632 49.4208
181.7691 49.4208
181.7749 49.4208
181.7807 49.4208
181.7865 49.4208
181.7923 49.4208
181.7981 49.4208
181.8040 49.4208
181.8098 49.4208
181.8156 49.4208
181.8214 49.4208
181.8272 49.4208
181.8330 49.4208
181.8389 49.4208
181.8447 49.4208
181.8505 49.4208
181.8563 49.4208
181.8621 49.4208
181.8679 49.4208
181.8738 49.4208
181.8796 49.4208
181.8854 49.4208
181.8912 49.4208
181.8970 49.4208
181.9028 49.4208
181.9087 49.4208
181.9145 49.4208
181.9203 49.4208
181.9261 49.4208
181.9319 49.4208
181.9377 49.4208
181.9436 49.4208
181.9494 49.4208
181.9552 49.4208
181.9610 49.4208
181.9668 49.4208
181.9726 49.4208
181.9785 49.4208
181.9843 49.4208
181.9901 49.4208
181.9959 49.4208
182.0017 49.4208
182.0075 49.4208
182.0134 49.4208
182.0192 49.4208
182.0250 49.4208
182.0308 49.4208
182.0366 49.4208
182.0424 49.4208
182.0483 49.4208
182.0541 49.4208
182.0599 49.4208
182.0657 49.4208
182.0715 49.4208
182.0773 49.4208
182.0832 49.4208
182.0890 49.4208
182.0948 49.4208
182.1006 49.4208
182.1064 49.4208
182.1123 49.4208
182.1181 49.4208
182.1239 49.4208
182.1297 49.4208
182.1355 49.4208
182.1413 49.4208
182.1472 49.4208
182.1530 49.4208
182.1588 49.4208
182.1646 49.4208
182.1704 49.4208
182.1762 49.4208
182.1821 49.4208
182.1879 49.4208
182.1937 49.4208
182.1995 49.4208
182.2053 49.4208
182.2111 49.4208
182.2170 49.4208
182.2228 49.4208
182.2286 49.4208
182.2344 49.4208
182.2402 49.4208
182.2460 49.4208
182.2519 49.4208
182.2577 49.4208
182.2635 49.4208
182.2693 49.4208
182.2751 49.4208
182.2809 49.4208
182.2868 49.4208
182.2926 49.4208
182.2984 49.4208
182.3042 49.4208
182.3100 49.4208
182.3158 49.4208
182.3217 49.4208
182.3275 49.4208
182.3333 49.4208
182.3391 49.4208
182.3449 49.4208
182.3507 49.4208
182.3566 49.4208
182.3624 49.4208
182.3682 49.4208
182.3740 49.4208
182.3798 49.4208
182.3856 49.4208
182.3915 49.4208
182.3973 49.4208
182.4031 49.4208
182.4089 49.4208
182.4147 49.4208
182.4205 49.4208
182.4264 49.4208
182.4322 49.4208
182.4380 49.4208
182.4438 49.4208
182.4496 49.4208
182.4554 49.4208
182.4613 49.4208
182.4671 49.4208
182.4729 49.4208
182.4787 49.4208
182.4845 49.4208
182.4903 49.4208
182.4962 49.4208
182.5020 49.4208
182.5078 49.4208
182.5136 49.4208
182.5194 49.4208
182.5252 49.4208
182.5311 49.4208
182.5369 49.4208
182.5427 49.4208
182.5485 49.4208
182.5543 49.4208
182.5601 49.4208
182.5660 49.4208
182.5718 49.4208
182.5776 49.4208
182.5834 49.4208
182.5892 49.4208
182.5950 49.4208
182.6009 49.4208
182.6067 49.4208
182.6125 49.4208
182.6183 49.4208
182.6241 49.4208
182.6299 49.4208
182.6358 49.4208
182.6416 49.4208
182.6474 49.4208
182.6532 49.4208
182.6590 49.4208
182.6648 49.4208
182.6707 49.4208
182.6765 49.4208
182.6823 49.4208
182.6881 49.4208
182.6939 49.4208
182.6997 49.4208
182.7056 49.4208
182.7114 49.4208
182.7172 49.4208
182.7230 49.4208
182.7288 49.4208
182.7346 49.4208
182.7405 49.4208
182.7463 49.4208
182.7521 49.4208
182.7579 49.4208
182.7637 49.4208
182.7695 49.4208
182.7754 49.4208
182.7812 49.4208
182.7870 49.4208
182.7928 49.4208
182.7986 49.4208
182.8044 49.4208
182.8103 49.4208
182.8161 49.4208
182.8219 49.4208
182.8277 49.4208
182.8335 49.4208
182.8393 49.4208
182.8452 49.4208
182.8510 49.4208
182.8568 49.4208
182.8626 49.4208
182.8684 49.4208
182.8742 49.4208
182.8801 49.4208
182.8859 49.4208
182.8917 49.4208
182.8975 49.4208
182.9033 49.4208
182.9091 49.4208
182.9150 49.4208
182.9208 49.4208
182.9266 49.4208
182.9324 49.4208
182.9382 49.4208
182.9440 49.4208
182.9499 49.4208
182.9557 49.4208
182.9615 49.4208
182.9673 49.4208
182.9731 49.4208
182.9789 49.4208
182.9848 49.4208
182.9906 49.4208
182.9964 49.4208
183.0022 49.4208
183.0080 49.4208
183.0138 49.4208
183.0197 49.4208
183.0255 49.4208
183.0313 49.4208
183.0371 49.4208
183.0429 49.4208
183.0488 49.4208
183.0546 49.4208
183.0604 49.4208
183.0662 49.4208
183.0720 49.4208
183.0778 49.4208
183.0837 49.4208
183.0895 49.4208
183.0953 49.4208
183.1011 49.4208
183.1069 49.4208
183.1127 49.4208
183.1186 49.4208
183.1244 49.4208
183.1302 49.4208
183.1360 49.4208
183.1418 49.4208
183.1476 49.4208
183.1535 49.4208
183.1593 49.4208
183.1651 49.4208
183.1709 49.4208
183.1767 49.4208
183.1825 49.4208
183.1884 49.4208
183.1942 49.4208
183.2000 49.4208
183.2058 49.4208
183.2116 49.4208
183.2174 49.4208
183.2233 49.4208
183.2291 49.4208
183.2349 49.4208
183.2407 49.4208
183.2465 49.4208
183.2523 49.4208
183.2582 49.4208
183.2640 49.4208
183.2698 49.4208
183.2756 49.4208
183.2814 49.4208
183.2872 49.4208
183.2931 49.4208
183.2989 49.4208
183.3047 49.4208
183.3105 49.4208
183.3163 49.4208
183.3221 49.4208
183.3280 49.4208
183.3338 49.4208
183.3396 49.4208
183.3454 49.4208
183.3512 49.4208
183.3570 49.4208
183.3629 49.4208
183.3687 49.4208
183.3745 49.4208
183.3803 49.4208
183.3861 49.4208
183.3919 49.4208
183.3978 49.4208
183.4036 49.4208
183.4094 49.4208
183.4152 49.4208
183.4210 49.4208
183.4268 49.4208
183.4327 49.4208
183.4385 49.4208
183.4443 49.4208
183.4501 49.4208
183.4559 49.4208
183.4617 49.4208
183.4676 49.4208
183.4734 49.4208
183.4792 49.4208
183.4850 49.4208
183.4908 49.4208
183.4966 49.4208
183.5025 49.4208
183.5083 49.4208
183.5141 49.4208
183.5199 49.4208
183.5257 49.4208
183.5315 49.4208
183.5374 49.4208
183.5432 49.4208
183.5490 49.4208
183.5548 49.4208
183.5606 49.4208
183.5664 49.4208
183.5723 49.4208
183.5781 49.4208
183.5839 49.4208
183.5897 49.4208
183.5955 49.4208
183.6013 49.4208
183.6072 49.4208
183.6130 49.4208
183.6188 49.4208
183.6246 49.4208
183.6304 49.4208
183.6362 49.4208
183.6421 49.4208
183.6479 49.4208
183.6537 49.4208
183.6595 49.4208
183.6653 49.4208
183.6711 49.4208
183.6770 49.4208
183.6828 49.4208
183.6886 49.4208
183.6944 49.4208
183.7002 49.4208
183.7060 49.4208
183.7119 49.4208
183.7177 49.4208
183.7235 49.4208
183.7293 49.4208
183.7351 49.4208
183.7409 49.4208
183.7468 49.4208
183.7526 49.4208
183.7584 49.4208
183.7642 49.4208
183.7700 49.4208
183.7758 49.4208
183.7817 49.4208
183.7875 49.4208
183.7933 49.4208
183.7991 49.4208
183.8049 49.4208
183.8107 49.4208
183.8166 49.4208
183.8224 49.4208
183.8282 49.4208
183.8340 49.4208
183.8398 49.4208
183.8456 49.4208
183.8515 49.4208
183.8573 49.4208
183.8631 49.4208
183.8689 49.4208
183.8747 49.4208
183.8805 49.4208
183.8864 49.4208
183.8922 49.4208
183.8980 49.4208
183.9038 49.4208
183.9096 49.4208
183.9154 49.4208
183.9213 49.4208
183.9271 49.4208
183.9329 49.4208
183.9387 49.4208
183.9445 49.4208
183.9503 49.4208
183.9562 49.4208
183.9620 49.4208
183.9678 49.4208
183.9736 49.4208
183.9794 49.4208
183.9853 49.4208
183.9911 49.4208
183.9969 49.4208
184.0027 49.4208
184.0085 49.4208
184.0143 49.4208
184.0202 49.4208
184.0260 49.4208
184.0318 49.4208
184.0376 49.4208
184.0434 49.4208
184.0492 49.4208
184.0551 49.4208
184.0609 49.4208
184.0667 49.4208
184.0725 49.4208
184.0783 49.4208
184.0841 49.4208
184.0900 49.4208
184.0958 49.4208
184.1016 49.4208
184.1074 49.4208
184.1132 49.4208
184.1190 49.4208
184.1249 49.4208
184.1307 49.4208
184.1365 49.4208
184.1423 49.4208
184.1481 49.4208
184.1539 49.4208
184.1598 49.4208
184.1656 49.4208
184.1714 49.4208
184.1772 49.4208
184.1830 49.4208
184.1888 49.4208
184.1947 49.4208
184.2005 49.4208
184.2063 49.4208
184.2121 49.4208
184.2179 49.4208
184.2237 49.4208
184.2296 49.4208
184.2354 49.4208
184.2412 49.4208
184.2470 49.4208
184.2528 49.4208
184.2586 49.4208
184.2645 49.4208
184.2703 49.4208
184.2761 49.4208
184.2819 49.4208
184.2877 49.4208
184.2935 49.4208
184.2994 49.4208
184.3052 49.4208
184.3110 49.4208
184.3168 49.4208
184.3226 49.4208
184.3284 49.4208
184.3343 49.4208
184.3401 49.4208
184.3459 49.4208
184.3517 49.4208
184.3575 49.4208
184.3633 49.4208
184.3692 49.4208
184.3750 49.4208
184.3808 49.4208
184.3866 49.4208
184.3924 49.4208
184.3982 49.4208
184.4041 49.4208
184.4099 49.4208
184.4157 49.4208
184.4215 49.4208
184.4273 49.4208
184.4331 49.4208
184.4390 49.4208
184.4448 49.4208
184.4506 49.4208
184.4564 49.4208
184.4622 49.4208
184.4680 49.4208
184.4739 49.4208
184.4797 49.4208
184.4855 49.4208
184.4913 49.4208
184.4971 49.4208
184.5029 49.4208
184.5088 49.4208
184.5146 49.4208
184.5204 49.4208
184.5262 49.4208
184.5320 49.4208
184.5378 49.4208
184.5437 49.4208
184.5495 49.4208
184.5553 49.4208
184.5611 49.4208
184.5669 49.4208
184.5727 49.4208
184.5786 49.4208
184.5844 49.4208
184.5902 49.4208
184.5960 49.4208
184.6018 49.4208
184.6076 49.4208
184.6135 49.4208
184.6193 49.4208
184.6251 49.4208
184.6309 49.4208
184.6367 49.4208
184.6425 49.4208
184.6484 49.4208
184.6542 49.4208
184.6600 49.4208
184.6658 49.4208
184.6716 49.4208
184.6774 49.4208
184.6833 49.4208
184.6891 49.4208
184.6949 49.4208
184.7007 49.4208
184.7065 49.4208
184.7123 49.4208
184.7182 49.4208
184.7240 49.4208
184.7298 49.4208
184.7356 49.4208
184.7414 49.4208
184.7472 49.4208
184.7531 49.4208
184.7589 49.4208
184.7647 49.4208
184.7705 49.4208
184.7763 49.4208
184.7821 49.4208
184.7880 49.4208
184.7938 49.4208
184.7996 49.4208
184.8054 49.4208
184.8112 49.4208
184.8170 49.4208
184.8229 49.4208
184.8287 49.4208
184.8345 49.4208
184.8403 49.4208
184.8461 49.4208
184.8519 49.4208
184.8578 49.4208
184.8636 49.4208
184.8694 49.4208
184.8752 49.4208
184.8810 49.4208
184.8869 49.4208
184.8927 49.4208
184.8985 49.4208
184.9043 49.4208
184.9101 49.4208
184.9159 49.4208
184.9218 49.4208
184.9276 49.4208
184.9334 49.4208
184.9392 49.4208
184.9450 49.4208
184.9508 49.4208
184.9567 49.4208
184.9625 49.4208
184.9683 49.4208
184.9741 49.4208
184.9799 49.4208
184.9857 49.4208
184.9916 49.4208
184.9974 49.4208
185.0032 49.4208
185.0090 49.4208
185.0148 49.4208
185.0206 49.4208
185.0265 49.4208
185.0323 49.4208
185.0381 49.4208
185.0439 49.4208
185.0497 49.4208
185.0555 49.4208
185.0614 49.4208
185.0672 49.4208
185.0730 49.4208
185.0788 49.4208
185.0846 49.4208
185.0904 49.4208
185.0963 49.4208
185.1021 49.4208
185.1079 49.4208
185.1137 49.4208
185.1195 49.4208
185.1253 49.4208
185.1312 49.4208
185.1370 49.4208
185.1428 49.4208
185.1486 49.4208
185.1544 49.4208
185.1602 49.4208
185.1661 49.4208
185.1719 49.4208
185.1777 49.4208
185.1835 49.4208
185.1893 49.4208
185.1951 49.4208
185.2010 49.4208
185.2068 49.4208
185.2126 49.4208
185.2184 49.4208
185.2242 49.4208
185.2300 49.4208
185.2359 49.4208
185.2417 49.4208
185.2475 49.4208
185.2533 49.4208
185.2591 49.4208
185.2649 49.4208
185.2708 49.4208
185.2766 49.4208
185.2824 49.4208
185.2882 49.4208
185.2940 49.4208
185.2998 49.4208
185.3057 49.4208
185.3115 49.4208
185.3173 49.4208
185.3231 49.4208
185.3289 49.4208
185.3347 49.4208
185.3406 49.4208
185.3464 49.4208
185.3522 49.4208
185.3580 49.4208
185.3638 49.4208
185.3696 49.4208
185.3755 49.4208
185.3813 49.4208
185.3871 49.4208
185.3929 49.4208
185.3987 49.4208
185.4045 49.4208
185.4104 49.4208
185.4162 49.4208
185.4220 49.4208
185.4278 49.4208
185.4336 49.4208
185.4394 49.4208
185.4453 49.4208
185.4511 49.4208
185.4569 49.4208
185.4627 49.4208
185.4685 49.4208
185.4743 49.4208
185.4802 49.4208
185.4860 49.4208
185.4918 49.4208
185.4976 49.4208
185.5034 49.4208
185.5092 49.4208
185.5151 49.4208
185.5209 49.4208
185.5267 49.4208
185.5325 49.4208
185.5383 49.4208
185.5441 49.4208
185.5500 49.4208
185.5558 49.4208
185.5616 49.4208
185.5674 49.4208
185.5732 49.4208
185.5790 49.4208
185.5849 49.4208
185.5907 49.4208
185.5965 49.4208
185.6023 49.4208
185.6081 49.4208
185.6139 49.4208
185.6198 49.4208
185.6256 49.4208
185.6314 49.4208
185.6372 49.4208
185.6430 49.4208
185.6488 49.4208
185.6547 49.4208
185.6605 49.4208
185.6663 49.4208
185.6721 49.4208
185.6779 49.4208
185.6837 49.4208
185.6896 49.4208
185.6954 49.4208
185.7012 49.4208
185.7070 49.4208
185.7128 49.4208
185.7186 49.4208
185.7245 49.4208
185.7303 49.4208
185.7361 49.4208
185.7419 49.4208
185.7477 49.4208
185.7535 49.4208
185.7594 49.4208
185.7652 49.4208
185.7710 49.4208
185.7768 49.4208
185.7826 49.4208
185.7884 49.4208
185.7943 49.4208
185.8001 49.4208
185.8059 49.4208
185.8117 49.4208
185.8175 49.4208
185.8234 49.4208
185.8292 49.4208
185.8350 49.4208
185.8408 49.4208
185.8466 49.4208
185.8524 49.4208
185.8583 49.4208
185.8641 49.4208
185.8699 49.4208
185.8757 49.4208
185.8815 49.4208
185.8873 49.4208
185.8932 49.4208
185.8990 49.4208
185.9048 49.4208
185.9106 49.4208
185.9164 49.4208
185.9222 49.4208
185.9281 49.4208
185.9339 49.4208
185.9397 49.4208
185.9455 49.4208
185.9513 49.4208
185.9571 49.4208
185.9630 49.4208
185.9688 49.4208
185.9746 49.4208
185.9804 49.4208
185.9862 49.4208
185.9920 49.4208
185.9979 49.4208
186.0037 49.4208
186.0095 49.4208
186.0153 49.4208
186.0211 49.4208
186.0269 49.4208
186.0328 49.4208
186.0386 49.4208
186.0444 49.4208
186.0502 49.4208
186.0560 49.4208
186.0618 49.4208
186.0677 49.4208
186.0735 49.4208
186.0793 49.4208
186.0851 49.4208
186.0909 49.4208
186.0967 49.4208
186.1026 49.4208
186.1084 49.4208
186.1142 49.4208
186.1200 49.4208
186.1258 49.4208
186.1316 49.4208
186.1375 49.4208
186.1433 49.4208
186.1491 49.4208
186.1549 49.4208
186.1607 49.4208
186.1665 49.4208
186.1724 49.4208
186.1782 49.4208
186.1840 49.4208
186.1898 49.4208
186.1956 49.4208
186.2014 49.4208
186.2073 49.4208
186.2131 49.4208
186.2189 49.4208
186.2247 49.4208
186.2305 49.4208
186.2363 49.4208
186.2422 49.4208
186.2480 49.4208
186.2538 49.4208
186.2596 49.4208
186.2654 49.4208
186.2712 49.4208
186.2771 49.4208
186.2829 49.4208
186.2887 49.4208
186.2945 49.4208
186.3003 49.4208
186.3061 49.4208
186.3120 49.4208
186.3178 49.4208
186.3236 49.4208
186.3294 49.4208
186.3352 49.4208
186.3410 49.4208
186.3469 49.4208
186.3527 49.4208
186.3585 49.4208
186.3643 49.4208
186.3701 49.4208
186.3759 49.4208
186.3818 49.4208
186.3876 49.4208
186.3934 49.4208
186.3992 49.4208
186.4050 49.4208
186.4108 49.4208
186.4167 49.4208
186.4225 49.4208
186.4283 49.4208
186.4341 49.4208
186.4399 49.4208
186.4457 49.4208
186.4516 49.4208
186.4574 49.4208
186.4632 49.4208
186.4690 49.4208
186.4748 49.4208
186.4806 49.4208
186.4865 49.4208
186.4923 49.4208
186.4981 49.4208
186.5039 49.4208
186.5097 49.4208
186.5155 49.4208
186.5214 49.4208
186.5272 49.4208
186.5330 49.4208
186.5388 49.4208
186.5446 49.4208
186.5504 49.4208
186.5563 49.4208
186.5621 49.4208
186.5679 49.4208
186.5737 49.4208
186.5795 49.4208
186.5853 49.4208
186.5912 49.4208
186.5970 49.4208
186.6028 49.4208
186.6086 49.4208
186.6144 49.4208
186.6202 49.4208
186.6261 49.4208
186.6319 49.4208
186.6377 49.4208
186.6435 49.4208
186.6493 49.4208
186.6551 49.4208
186.6610 49.4208
186.6668 49.4208
186.6726 49.4208
186.6784 49.4208
186.6842 49.4208
186.6900 49.4208
186.6959 49.4208
186.7017 49.4208
186.7075 49.4208
186.7133 49.4208
186.7191 49.4208
186.7250 49.4208
186.7308 49.4208
186.7366 49.4208
186.7424 49.4208
186.7482 49.4208
186.7540 49.4208
186.7599 49.4208
186.7657 49.4208
186.7715 49.4208
186.7773 49.4208
186.7831 49.4208
186.7889 49.4208
186.7948 49.4208
186.8006 49.4208
186.8064 49.4208
186.8122 49.4208
186.8180 49.4208
186.8238 49.4208
186.8297 49.4208
186.8355 49.4208
186.8413 49.4208
186.8471 49.4208
186.8529 49.4208
186.8587 49.4208
186.8646 49.4208
186.8704 49.4208
186.8762 49.4208
186.8820 49.4208
186.8878 49.4208
186.8936 49.4208
186.8995 49.4208
186.9053 49.4208
186.9111 49.4208
186.9169 49.4208
186.9227 49.4208
186.9285 49.4208
186.9344 49.4208
186.9402 49.4208
186.9460 49.4208
186.9518 49.4208
186.9576 49.4208
186.9634 49.4208
186.9693 49.4208
186.9751 49.4208
186.9809 49.4208
186.9867 49.4208
186.9925 49.4208
186.9983 49.4208
187.0042 49.4208
187.0100 49.4208
187.0158 49.4208
187.0216 49.4208
187.0274 49.4208
187.0332 49.4208
187.0391 49.4208
187.0449 49.4208
187.0507 49.4208
187.0565 49.4208
187.0623 49.4208
187.0681 49.4208
187.0740 49.4208
187.0798 49.4208
187.0856 49.4208
187.0914 49.4208
187.0972 49.4208
187.1030 49.4208
187.1089 49.4208
187.1147 49.4208
187.1205 49.4208
187.1263 49.4208
187.1321 49.4208
187.1379 49.4208
187.1438 49.4208
187.1496 49.4208
187.1554 49.4208
187.1612 49.4208
187.1670 49.4208
187.1728 49.4208
187.1787 49.4208
187.1845 49.4208
187.1903 49.4208
187.1961 49.4208
187.2019 49.4208
187.2077 49.4208
187.2136 49.4208
187.2194 49.4208
187.2252 49.4208
187.2310 49.4208
187.2368 49.4208
187.2426 49.4208
187.2485 49.4208
187.2543 49.4208
187.2601 49.4208
187.2659 49.4208
187.2717 49.4208
187.2775 49.4208
187.2834 49.4208
187.2892 49.4208
187.2950 49.4208
187.3008 49.4208
187.3066 49.4208
187.3124 49.4208
187.3183 49.4208
187.3241 49.4208
187.3299 49.4208
187.3357 49.4208
187.3415 49.4208
187.3473 49.4208
187.3532 49.4208
187.3590 49.4208
187.3648 49.4208
187.3706 49.4208
187.3764 49.4208
187.3822 49.4208
187.3881 49.4208
187.3939 49.4208
187.3997 49.4208
187.4055 49.4208
187.4113 49.4208
187.4171 49.4208
187.4230 49.4208
187.4288 49.4208
187.4346 49.4208
187.4404 49.4208
187.4462 49.4208
187.4520 49.4208
187.4579 49.4208
187.4637 49.4208
187.4695 49.4208
187.4753 49.4208
187.4811 49.4208
187.4869 49.4208
187.4928 49.4208
187.4986 49.4208
187.5044 49.4208
187.5102 49.4208
187.5160 49.4208
187.5218 49.4208
187.5277 49.4208
187.5335 49.4208
187.5393 49.4208
187.5451 49.4208
187.5509 49.4208
187.5567 49.4208
187.5626 49.4208
187.5684 49.4208
187.5742 49.4208
187.5800 49.4208
187.5858 49.4208
187.5916 49.4208
187.5975 49.4208
187.6033 49.4208
187.6091 49.4208
187.6149 49.4208
187.6207 49.4208
187.6265 49.4208
187.6324 49.4208
187.6382 49.4208
187.6440 49.4208
187.6498 49.4208
187.6556 49.4208
187.6615 49.4208
187.6673 49.4208
187.6731 49.4208
187.6789 49.4208
187.6847 49.4208
187.6905 49.4208
187.6964 49.4208
187.7022 49.4208
187.7080 49.4208
187.7138 49.4208
187.7196 49.4208
187.7254 49.4208
187.7313 49.4208
187.7371 49.4208
187.7429 49.4208
187.7487 49.4208
187.7545 49.4208
187.7603 49.4208
187.7662 49.4208
187.7720 49.4208
187.7778 49.4208
187.7836 49.4208
187.7894 49.4208
187.7952 49.4208
187.8011 49.4208
187.8069 49.4208
187.8127 49.4208
187.8185 49.4208
187.8243 49.4208
187.8301 49.4208
187.8360 49.4208
187.8418 49.4208
187.8476 49.4208
187.8534 49.4208
187.8592 49.4208
187.8650 49.4208
187.8709 49.4208
187.8767 49.4208
187.8825 49.4208
187.8883 49.4208
187.8941 49.4208
187.8999 49.4208
187.9058 49.4208
187.9116 49.4208
187.9174 49.4208
187.9232 49.4208
187.9290 49.4208
187.9348 49.4208
187.9407 49.4208
187.9465 49.4208
187.9523 49.4208
187.9581 49.4208
187.9639 49.4208
187.9697 49.4208
187.9756 49.4208
187.9814 49.4208
187.9872 49.4208
187.9930 49.4208
187.9988 49.4208
188.0046 49.4208
188.0105 49.4208
188.0163 49.4208
188.0221 49.4208
188.0279 49.4208
188.0337 49.4208
188.0395 49.4208
188.0454 49.4208
188.0512 49.4208
188.0570 49.4208
188.0628 49.4208
188.0686 49.4208
188.0744 49.4208
188.0803 49.4208
188.0861 49.4208
188.0919 49.4208
188.0977 49.4208
188.1035 49.4208
188.1093 49.4208
188.1152 49.4208
188.1210 49.4208
188.1268 49.4208
188.1326 49.4208
188.1384 49.4208
188.1442 49.4208
188.1501 49.4208
188.1559 49.4208
188.1617 49.4208
188.1675 49.4208
188.1733 49.4208
188.1791 49.4208
188.1850 49.4208
188.1908 49.4208
188.1966 49.4208
188.2024 49.4208
188.2082 49.4208
188.2140 49.4208
188.2199 49.4208
188.2257 49.4208
188.2315 49.4208
188.2373 49.4208
188.2431 49.4208
188.2489 49.4208
188.2548 49.4208
188.2606 49.4208
188.2664 49.4208
188.2722 49.4208
188.2780 49.4208
188.2838 49.4208
188.2897 49.4208
188.2955 49.4208
188.3013 49.4208
188.3071 49.4208
188.3129 49.4208
188.3187 49.4208
188.3246 49.4208
188.3304 49.4208
188.3362 49.4208
188.3420 49.4208
188.3478 49.4208
188.3536 49.4208
188.3595 49.4208
188.3653 49.4208
188.3711 49.4208
188.3769 49.4208
188.3827 49.4208
188.3885 49.4208
188.3944 49.4208
188.4002 49.4208
188.4060 49.4208
188.4118 49.4208
188.4176 49.4208
188.4234 49.4208
188.4293 49.4208
188.4351 49.4208
188.4409 49.4208
188.4467 49.4208
188.4525 49.4208
188.4583 49.4208
188.4642 49.4208
188.4700 49.4208
188.4758 49.4208
188.4816 49.4208
188.4874 49.4208
188.4932 49.4208
188.4991 49.4208
188.5049 49.4208
188.5107 49.4208
188.5165 49.4208
188.5223 49.4208
188.5281 49.4208
188.5340 49.4208
188.5398 49.4208
188.5456 49.4208
188.5514 49.4208
188.5572 49.4208
188.5630 49.4208
188.5689 49.4208
188.5747 49.4208
188.5805 49.4208
188.5863 49.4208
188.5921 49.4208
188.5980 49.4208
188.6038 49.4208
188.6096 49.4208
188.6154 49.4208
188.6212 49.4208
188.6270 49.4208
188.6329 49.4208
188.6387 49.4208
188.6445 49.4208
188.6503 49.4208
188.6561 49.4208
188.6619 49.4208
188.6678 49.4208
188.6736 49.4208
188.6794 49.4208
188.6852 49.4208
188.6910 49.4208
188.6968 49.4208
188.7027 49.4208
188.7085 49.4208
188.7143 49.4208
188.7201 49.4208
188.7259 49.4208
188.7317 49.4208
188.7376 49.4208
188.7434 49.4208
188.7492 49.4208
188.7550 49.4208
188.7608 49.4208
188.7666 49.4208
188.7725 49.4208
188.7783 49.4208
188.7841 49.4208
188.7899 49.4208
188.7957 49.4208
188.8015 49.4208
188.8074 49.4208
188.8132 49.4208
188.8190 49.4208
188.8248 49.4208
188.8306 49.4208
188.8364 49.4208
188.8423 49.4208
188.8481 49.4208
188.8539 49.4208
188.8597 49.4208
188.8655 49.4208
188.8713 49.4208
188.8772 49.4208
188.8830 49.4208
188.8888 49.4208
188.8946 49.4208
188.9004 49.4208
188.9062 49.4208
188.9121 49.4208
188.9179 49.4208
188.9237 49.4208
188.9295 49.4208
188.9353 49.4208
188.9411 49.4208
188.9470 49.4208
188.9528 49.4208
188.9586 49.4208
188.9644 49.4208
188.9702 49.4208
188.9760 49.4208
188.9819 49.4208
188.9877 49.4208
188.9935 49.4208
188.9993 49.4208
189.0051 49.4208
189.0109 49.4208
189.0168 49.4208
189.0226 49.4208
189.0284 49.4208
189.0342 49.4208
189.0400 49.4208
189.0458 49.4208
189.0517 49.4208
189.0575 49.4208
189.0633 49.4208
189.0691 49.4208
189.0749 49.4208
189.0807 49.4208
189.0866 49.4208
189.0924 49.4208
189.0982 49.4208
189.1040 49.4208
189.1098 49.4208
189.1156 49.4208
189.1215 49.4208
189.1273 49.4208
189.1331 49.4208
189.1389 49.4208
189.1447 49.4208
189.1505 49.4208
189.1564 49.4208
189.1622 49.4208
189.1680 49.4208
189.1738 49.4208
189.1796 49.4208
189.1854 49.4208
189.1913 49.4208
189.1971 49.4208
189.2029 49.4208
189.2087 49.4208
189.2145 49.4208
189.2203 49.4208
189.2262 49.4208
189.2320 49.4208
189.2378 49.4208
189.2436 49.4208
189.2494 49.4208
189.2552 49.4208
189.2611 49.4208
189.2669 49.4208
189.2727 49.4208
189.2785 49.4208
189.2843 49.4208
189.2901 49.4208
189.2960 49.4208
189.3018 49.4208
189.3076 49.4208
189.3134 49.4208
189.3192 49.4208
189.3250 49.4208
189.3309 49.4208
189.3367 49.4208
189.3425 49.4208
189.3483 49.4208
189.3541 49.4208
189.3599 49.4208
189.3658 49.4208
189.3716 49.4208
189.3774 49.4208
189.3832 49.4208
189.3890 49.4208
189.3948 49.4208
189.4007 49.4208
189.4065 49.4208
189.4123 49.4208
189.4181 49.4208
189.4239 49.4208
189.4297 49.4208
189.4356 49.4208
189.4414 49.4208
189.4472 49.4208
189.4530 49.4208
189.4588 49.4208
189.4646 49.4208
189.4705 49.4208
189.4763 49.4208
189.4821 49.4208
189.4879 49.4208
189.4937 49.4208
189.4996 49.4208
189.5054 49.4208
189.5112 49.4208
189.5170 49.4208
189.5228 49.4208
189.5286 49.4208
189.5345 49.4208
189.5403 49.4208
189.5461 49.4208
189.5519 49.4208
189.5577 49.4208
189.5635 49.4208
189.5694 49.4208
189.5752 49.4208
189.5810 49.4208
189.5868 49.4208
189.5926 49.4208
189.5984 49.4208
189.6043 49.4208
189.6101 49.4208
189.6159 49.4208
189.6217 49.4208
189.6275 49.4208
189.6333 49.4208
189.6392 49.4208
189.6450 49.4208
189.6508 49.4208
189.6566 49.4208
189.6624 49.4208
189.6682 49.4208
189.6741 49.4208
189.6799 49.4208
189.6857 49.4208
189.6915 49.4208
189.6973 49.4208
189.7031 49.4208
189.7090 49.4208
189.7148 49.4208
189.7206 49.4208
189.7264 49.4208
189.7322 49.4208
189.7380 49.4208
189.7439 49.4208
189.7497 49.4208
189.7555 49.4208
189.7613 49.4208
189.7671 49.4208
189.7729 49.4208
189.7788 49.4208
189.7846 49.4208
189.7904 49.4208
189.7962 49.4208
189.8020 49.4208
189.8078 49.4208
189.8137 49.4208
189.8195 49.4208
189.8253 49.4208
189.8311 49.4208
189.8369 49.4208
189.8427 49.4208
189.8486 49.4208
189.8544 49.4208
189.8602 49.4208
189.8660 49.4208
189.8718 49.4208
189.8776 49.4208
189.8835 49.4208
189.8893 49.4208
189.8951 49.4208
189.9009 49.4208
189.9067 49.4208
189.9125 49.4208
189.9184 49.4208
189.9242 49.4208
189.9300 49.4208
189.9358 49.4208
189.9416 49.4208
189.9474 49.4208
189.9533 49.4208
189.9591 49.4208
189.9649 49.4208
189.9707 49.4208
189.9765 49.4208
189.9823 49.4208
189.9882 49.4208
189.9940 49.4208
189.9998 49.4208
190.0056 49.4208
190.0114 49.4208
190.0172 49.4208
190.0231 49.4208
190.0289 49.4208
190.0347 49.4208
190.0405 49.4208
190.0463 49.4208
190.0521 49.4208
190.0580 49.4208
190.0638 49.4208
190.0696 49.4208
190.0754 49.4208
190.0812 49.4208
190.0870 49.4208
190.0929 49.4208
190.0987 49.4208
190.1045 49.4208
190.1103 49.4208
190.1161 49.4208
190.1219 49.4208
190.1278 49.4208
190.1336 49.4208
190.1394 49.4208
190.1452 49.4208
190.1510 49.4208
190.1568 49.4208
190.1627 49.4208
190.1685 49.4208
190.1743 49.4208
190.1801 49.4208
190.1859 49.4208
190.1917 49.4208
190.1976 49.4208
190.2034 49.4208
190.2092 49.4208
190.2150 49.4208
190.2208 49.4208
190.2266 49.4208
190.2325 49.4208
190.2383 49.4208
190.2441 49.4208
190.2499 49.4208
190.2557 49.4208
190.2615 49.4208
190.2674 49.4208
190.2732 49.4208
190.2790 49.4208
190.2848 49.4208
190.2906 49.4208
190.2964 49.4208
190.3023 49.4208
190.3081 49.4208
190.3139 49.4208
190.3197 49.4208
190.3255 49.4208
190.3313 49.4208
190.3372 49.4208
190.3430 49.4208
190.3488 49.4208
190.3546 49.4208
190.3604 49.4208
190.3662 49.4208
190.3721 49.4208
190.3779 49.4208
190.3837 49.4208
190.3895 49.4208
190.3953 49.4208
190.4011 49.4208
190.4070 49.4208
190.4128 49.4208
190.4186 49.4208
190.4244 49.4208
190.4302 49.4208
190.4361 49.4208
190.4419 49.4208
190.4477 49.4208
190.4535 49.4208
190.4593 49.4208
190.4651 49.4208
190.4710 49.4208
190.4768 49.4208
190.4826 49.4208
190.4884 49.4208
190.4942 49.4208
190.5000 49.4208
190.5059 49.4208
190.5117 49.4208
190.5175 49.4208
190.5233 49.4208
190.5291 49.4208
190.5349 49.4208
190.5408 49.4208
190.5466 49.4208
190.5524 49.4208
190.5582 49.4208
190.5640 49.4208
190.5698 49.4208
190.5757 49.4208
190.5815 49.4208
190.5873 49.4208
190.5931 49.4208
190.5989 49.4208
190.6047 49.4208
190.6106 49.4208
190.6164 49.4208
190.6222 49.4208
190.6280 49.4208
190.6338 49.4208
190.6396 49.4208
190.6455 49.4208
190.6513 49.4208
190.6571 49.4208
190.6629 49.4208
190.6687 49.4208
190.6745 49.4208
190.6804 49.4208
190.6862 49.4208
190.6920 49.4208
190.6978 49.4208
190.7036 49.4208
190.7094 49.4208
190.7153 49.4208
190.7211 49.4208
190.7269 49.4208
190.7327 49.4208
190.7385 49.4208
190.7443 49.4208
190.7502 49.4208
190.7560 49.4208
190.7618 49.4208
190.7676 49.4208
190.7734 49.4208
190.7792 49.4208
190.7851 49.4208
190.7909 49.4208
190.7967 49.4208
190.8025 49.4208
190.8083 49.4208
190.8141 49.4208
190.8200 49.4208
190.8258 49.4208
190.8316 49.4208
190.8374 49.4208
190.8432 49.4208
190.8490 49.4208
190.8549 49.4208
190.8607 49.4208
190.8665 49.4208
190.8723 49.4208
190.8781 49.4208
190.8839 49.4208
190.8898 49.4208
190.8956 49.4208
190.9014 49.4208
190.9072 49.4208
190.9130 49.4208
190.9188 49.4208
190.9247 49.4208
190.9305 49.4208
190.9363 49.4208
190.9421 49.4208
190.9479 49.4208
190.9537 49.4208
190.9596 49.4208
190.9654 49.4208
190.9712 49.4208
190.9770 49.4208
190.9828 49.4208
190.9886 49.4208
190.9945 49.4208
191.0003 49.4208
191.0061 49.4208
191.0119 49.4208
191.0177 49.4208
191.0235 49.4208
191.0294 49.4208
191.0352 49.4208
191.0410 49.4208
191.0468 49.4208
191.0526 49.4208
191.0584 49.4208
191.0643 49.4208
191.0701 49.4208
191.0759 49.4208
191.0817 49.4208
191.0875 49.4208
191.0933 49.4208
191.0992 49.4208
191.1050 49.4208
191.1108 49.4208
191.1166 49.4208
191.1224 49.4208
191.1282 49.4208
191.1341 49.4208
191.1399 49.4208
191.1457 49.4208
191.1515 49.4208
191.1573 49.4208
191.1631 49.4208
191.1690 49.4208
191.1748 49.4208
191.1806 49.4208
191.1864 49.4208
191.1922 49.4208
191.1980 49.4208
191.2039 49.4208
191.2097 49.4208
191.2155 49.4208
191.2213 49.4208
191.2271 49.4208
191.2329 49.4208
191.2388 49.4208
191.2446 49.4208
191.2504 49.4208
191.2562 49.4208
191.2620 49.4208
191.2678 49.4208
191.2737 49.4208
191.2795 49.4208
191.2853 49.4208
191.2911 49.4208
191.2969 49.4208
191.3027 49.4208
191.3086 49.4208
191.3144 49.4208
191.3202 49.4208
191.3260 49.4208
191.3318 49.4208
191.3377 49.4208
191.3435 49.4208
191.3493 49.4208
191.3551 49.4208
191.3609 49.4208
191.3667 49.4208
191.3726 49.4208
191.3784 49.4208
191.3842 49.4208
191.3900 49.4208
191.3958 49.4208
191.4016 49.4208
191.4075 49.4208
191.4133 49.4208
191.4191 49.4208
191.4249 49.4208
191.4307 49.4208
191.4365 49.4208
191.4424 49.4208
191.4482 49.4208
191.4540 49.4208
191.4598 49.4208
191.4656 49.4208
191.4714 49.4208
191.4773 49.4208
191.4831 49.4208
191.4889 49.4208
191.4947 49.4208
191.5005 49.4208
191.5063 49.4208
191.5122 49.4208
191.5180 49.4208
191.5238 49.4208
191.5296 49.4208
191.5354 49.4208
191.5412 49.4208
191.5471 49.4208
191.5529 49.4208
191.5587 49.4208
191.5645 49.4208
191.5703 49.4208
191.5761 49.4208
191.5820 49.4208
191.5878 49.4208
191.5936 49.4208
191.5994 49.4208
191.6052 49.4208
191.6110 49.4208
191.6169 49.4208
191.6227 49.4208
191.6285 49.4208
191.6343 49.4208
191.6401 49.4208
191.6459 49.4208
191.6518 49.4208
191.6576 49.4208
191.6634 49.4208
191.6692 49.4208
191.6750 49.4208
191.6808 49.4208
191.6867 49.4208
191.6925 49.4208
191.6983 49.4208
191.7041 49.4208
191.7099 49.4208
191.7157 49.4208
191.7216 49.4208
191.7274 49.4208
191.7332 49.4208
191.7390 49.4208
191.7448 49.4208
191.7506 49.4208
191.7565 49.4208
191.7623 49.4208
191.7681 49.4208
191.7739 49.4208
191.7797 49.4208
191.7855 49.4208
191.7914 49.4208
191.7972 49.4208
191.8030 49.4208
191.8088 49.4208
191.8146 49.4208
191.8204 49.4208
191.8263 49.4208
191.8321 49.4208
191.8379 49.4208
191.8437 49.4208
191.8495 49.4208
191.8553 49.4208
191.8612 49.4208
191.8670 49.4208
191.8728 49.4208
191.8786 49.4208
191.8844 49.4208
191.8902 49.4208
191.8961 49.4208
191.9019 49.4208
191.9077 49.4208
191.9135 49.4208
191.9193 49.4208
191.9251 49.4208
191.9310 49.4208
191.9368 49.4208
191.9426 49.4208
191.9484 49.4208
191.9542 49.4208
191.9600 49.4208
191.9659 49.4208
191.9717 49.4208
191.9775 49.4208
191.9833 49.4208
191.9891 49.4208
191.9949 49.4208
192.0008 49.4208
192.0066 49.4208
192.0124 49.4208
192.0182 49.4208
192.0240 49.4208
192.0298 49.4208
192.0357 49.4208
192.0415 49.4208
192.0473 49.4208
192.0531 49.4208
192.0589 49.4208
192.0647 49.4208
192.0706 49.4208
192.0764 49.4208
192.0822 49.4208
192.0880 49.4208
192.0938 49.4208
192.0996 49.4208
192.1055 49.4208
192.1113 49.4208
192.1171 49.4208
192.1229 49.4208
192.1287 49.4208
192.1345 49.4208
192.1404 49.4208
192.1462 49.4208
192.1520 49.4208
192.1578 49.4208
192.1636 49.4208
192.1694 49.4208
192.1753 49.4208
192.1811 49.4208
192.1869 49.4208
192.1927 49.4208
192.1985 49.4208
192.2043 49.4208
192.2102 49.4208
192.2160 49.4208
192.2218 49.4208
192.2276 49.4208
192.2334 49.4208
192.2392 49.4208
192.2451 49.4208
192.2509 49.4208
192.2567 49.4208
192.2625 49.4208
192.2683 49.4208
192.2742 49.4208
192.2800 49.4208
192.2858 49.4208
192.2916 49.4208
192.2974 49.4208
192.3032 49.4208
192.3091 49.4208
192.3149 49.4208
192.3207 49.4208
192.3265 49.4208
192.3323 49.4208
192.3381 49.4208
192.3440 49.4208
192.3498 49.4208
192.3556 49.4208
192.3614 49.4208
192.3672 49.4208
192.3730 49.4208
192.3789 49.4208
192.3847 49.4208
192.3905 49.4208
192.3963 49.4208
192.4021 49.4208
192.4079 49.4208
192.4138 49.4208
192.4196 49.4208
192.4254 49.4208
192.4312 49.4208
192.4370 49.4208
192.4428 49.4208
192.4487 49.4208
192.4545 49.4208
192.4603 49.4208
192.4661 49.4208
192.4719 49.4208
192.4777 49.4208
192.4836 49.4208
192.4894 49.4208
192.4952 49.4208
192.5010 49.4208
192.5068 49.4208
192.5126 49.4208
192.5185 49.4208
192.5243 49.4208
192.5301 49.4208
192.5359 49.4208
192.5417 49.4208
192.5475 49.4208
192.5534 49.4208
192.5592 49.4208
192.5650 49.4208
192.5708 49.4208
192.5766 49.4208
192.5824 49.4208
192.5883 49.4208
192.5941 49.4208
192.5999 49.4208
192.6057 49.4208
192.6115 49.4208
192.6173 49.4208
192.6232 49.4208
192.6290 49.4208
192.6348 49.4208
192.6406 49.4208
192.6464 49.4208
192.6522 49.4208
192.6581 49.4208
192.6639 49.4208
192.6697 49.4208
192.6755 49.4208
192.6813 49.4208
192.6871 49.4208
192.6930 49.4208
192.6988 49.4208
192.7046 49.4208
192.7104 49.4208
192.7162 49.4208
192.7220 49.4208
192.7279 49.4208
192.7337 49.4208
192.7395 49.4208
192.7453 49.4208
192.7511 49.4208
192.7569 49.4208
192.7628 49.4208
192.7686 49.4208
192.7744 49.4208
192.7802 49.4208
192.7860 49.4208
192.7918 49.4208
192.7977 49.4208
192.8035 49.4208
192.8093 49.4208
192.8151 49.4208
192.8209 49.4208
192.8267 49.4208
192.8326 49.4208
192.8384 49.4208
192.8442 49.4208
192.8500 49.4208
192.8558 49.4208
192.8616 49.4208
192.8675 49.4208
192.8733 49.4208
192.8791 49.4208
192.8849 49.4208
192.8907 49.4208
192.8965 49.4208
192.9024 49.4208
192.9082 49.4208
192.9140 49.4208
192.9198 49.4208
192.9256 49.4208
192.9314 49.4208
192.9373 49.4208
192.9431 49.4208
192.9489 49.4208
192.9547 49.4208
192.9605 49.4208
192.9663 49.4208
192.9722 49.4208
192.9780 49.4208
192.9838 49.4208
192.9896 49.4208
192.9954 49.4208
193.0012 49.4208
193.0071 49.4208
193.0129 49.4208
193.0187 49.4208
193.0245 49.4208
193.0303 49.4208
193.0361 49.4208
193.0420 49.4208
193.0478 49.4208
193.0536 49.4208
193.0594 49.4208
193.0652 49.4208
193.0710 49.4208
193.0769 49.4208
193.0827 49.4208
193.0885 49.4208
193.0943 49.4208
193.1001 49.4208
193.1059 49.4208
193.1118 49.4208
193.1176 49.4208
193.1234 49.4208
193.1292 49.4208
193.1350 49.4208
193.1408 49.4208
193.1467 49.4208
193.1525 49.4208
193.1583 49.4208
193.1641 49.4208
193.1699 49.4208
193.1757 49.4208
193.1816 49.4208
193.1874 49.4208
193.1932 49.4208
193.1990 49.4208
193.2048 49.4208
193.2107 49.4208
193.2165 49.4208
193.2223 49.4208
193.2281 49.4208
193.2339 49.4208
193.2397 49.4208
193.2456 49.4208
193.2514 49.4208
193.2572 49.4208
193.2630 49.4208
193.2688 49.4208
193.2746 49.4208
193.2805 49.4208
193.2863 49.4208
193.2921 49.4208
193.2979 49.4208
193.3037 49.4208
193.3095 49.4208
193.3154 49.4208
193.3212 49.4208
193.3270 49.4208
193.3328 49.4208
193.3386 49.4208
193.3444 49.4208
193.3503 49.4208
193.3561 49.4208
193.3619 49.4208
193.3677 49.4208
193.3735 49.4208
193.3793 49.4208
193.3852 49.4208
193.3910 49.4208
193.3968 49.4208
193.4026 49.4208
193.4084 49.4208
193.4142 49.4208
193.4201 49.4208
193.4259 49.4208
193.4317 49.4208
193.4375 49.4208
193.4433 49.4208
193.4491 49.4208
193.4550 49.4208
193.4608 49.4208
193.4666 49.4208
193.4724 49.4208
193.4782 49.4208
193.4840 49.4208
193.4899 49.4208
193.4957 49.4208
193.5015 49.4208
193.5073 49.4208
193.5131 49.4208
193.5189 49.4208
193.5248 49.4208
193.5306 49.4208
193.5364 49.4208
193.5422 49.4208
193.5480 49.4208
193.5538 49.4208
193.5597 49.4208
193.5655 49.4208
193.5713 49.4208
193.5771 49.4208
193.5829 49.4208
193.5887 49.4208
193.5946 49.4208
193.6004 49.4208
193.6062 49.4208
193.6120 49.4208
193.6178 49.4208
193.6236 49.4208
193.6295 49.4208
193.6353 49.4208
193.6411 49.4208
193.6469 49.4208
193.6527 49.4208
193.6585 49.4208
193.6644 49.4208
193.6702 49.4208
193.6760 49.4208
193.6818 49.4208
193.6876 49.4208
193.6934 49.4208
193.6993 49.4208
193.7051 49.4208
193.7109 49.4208
193.7167 49.4208
193.7225 49.4208
193.7283 49.4208
193.7342 49.4208
193.7400 49.4208
193.7458 49.4208
193.7516 49.4208
193.7574 49.4208
193.7632 49.4208
193.7691 49.4208
193.7749 49.4208
193.7807 49.4208
193.7865 49.4208
193.7923 49.4208
193.7981 49.4208
193.8040 49.4208
193.8098 49.4208
193.8156 49.4208
193.8214 49.4208
193.8272 49.4208
193.8330 49.4208
193.8389 49.4208
193.8447 49.4208
193.8505 49.4208
193.8563 49.4208
193.8621 49.4208
193.8679 49.4208
193.8738 49.4208
193.8796 49.4208
193.8854 49.4208
193.8912 49.4208
193.8970 49.4208
193.9028 49.4208
193.9087 49.4208
193.9145 49.4208
193.9203 49.4208
193.9261 49.4208
193.9319 49.4208
193.9377 49.4208
193.9436 49.4208
193.9494 49.4208
193.9552 49.4208
193.9610 49.4208
193.9668 49.4208
193.9726 49.4208
193.9785 49.4208
193.9843 49.4208
193.9901 49.4208
193.9959 49.4208
194.0017 49.4208
194.0075 49.4208
194.0134 49.4208
194.0192 49.4208
194.0250 49.4208
194.0308 49.4208
194.0366 49.4208
194.0424 49.4208
194.0483 49.4208
194.0541 49.4208
194.0599 49.4208
194.0657 49.4208
194.0715 49.4208
194.0773 49.4208
194.0832 49.4208
194.0890 49.4208
194.0948 49.4208
194.1006 49.4208
194.1064 49.4208
194.1123 49.4208
194.1181 49.4208
194.1239 49.4208
194.1297 49.4208
194.1355 49.4208
194.1413 49.4208
194.1472 49.4208
194.1530 49.4208
194.1588 49.4208
194.1646 49.4208
194.1704 49.4208
194.1762 49.4208
194.1821 49.4208
194.1879 49.4208
194.1937 49.4208
194.1995 49.4208
194.2053 49.4208
194.2111 49.4208
194.2170 49.4208
194.2228 49.4208
194.2286 49.4208
194.2344 49.4208
194.2402 49.4208
194.2460 49.4208
194.2519 49.4208
194.2577 49.4208
194.2635 49.4208
194.2693 49.4208
194.2751 49.4208
194.2809 49.4208
194.2868 49.4208
194.2926 49.4208
194.2984 49.4208
194.3042 49.4208
194.3100 49.4208
194.3158 49.4208
194.3217 49.4208
194.3275 49.4208
194.3333 49.4208
194.3391 49.4208
194.3449 49.4208
194.3507 49.4208
194.3566 49.4208
194.3624 49.4208
194.3682 49.4208
194.3740 49.4208
194.3798 49.4208
194.3856 49.4208
194.3915 49.4208
194.3973 49.4208
194.4031 49.4208
194.4089 49.4208
194.4147 49.4208
194.4205 49.4208
194.4264 49.4208
194.4322 49.4208
194.4380 49.4208
194.4438 49.4208
194.4496 49.4208
194.4554 49.4208
194.4613 49.4208
194.4671 49.4208
194.4729 49.4208
194.4787 49.4208
194.4845 49.4208
194.4903 49.4208
194.4962 49.4208
194.5020 49.4208
194.5078 49.4208
194.5136 49.4208
194.5194 49.4208
194.5252 49.4208
194.5311 49.4208
194.5369 49.4208
194.5427 49.4208
194.5485 49.4208
194.5543 49.4208
194.5601 49.4208
194.5660 49.4208
194.5718 49.4208
194.5776 49.4208
194.5834 49.4208
194.5892 49.4208
194.5950 49.4208
194.6009 49.4208
194.6067 49.4208
194.6125 49.4208
194.6183 49.4208
194.6241 49.4208
194.6299 49.4208
194.6358 49.4208
194.6416 49.4208
194.6474 49.4208
194.6532 49.4208
194.6590 49.4208
194.6648 49.4208
194.6707 49.4208
194.6765 49.4208
194.6823 49.4208
194.6881 49.4208
194.6939 49.4208
194.6997 49.4208
194.7056 49.4208
194.7114 49.4208
194.7172 49.4208
194.7230 49.4208
194.7288 49.4208
194.7346 49.4208
194.7405 49.4208
194.7463 49.4208
194.7521 49.4208
194.7579 49.4208
194.7637 49.4208
194.7695 49.4208
194.7754 49.4208
194.7812 49.4208
194.7870 49.4208
194.7928 49.4208
194.7986 49.4208
194.8044 49.4208
194.8103 49.4208
194.8161 49.4208
194.8219 49.4208
194.8277 49.4208
194.8335 49.4208
194.8393 49.4208
194.8452 49.4208
194.8510 49.4208
194.8568 49.4208
194.8626 49.4208
194.8684 49.4208
194.8742 49.4208
194.8801 49.4208
194.8859 49.4208
194.8917 49.4208
194.8975 49.4208
194.9033 49.4208
194.9091 49.4208
194.9150 49.4208
194.9208 49.4208
194.9266 49.4208
194.9324 49.4208
194.9382 49.4208
194.9440 49.4208
194.9499 49.4208
194.9557 49.4208
194.9615 49.4208
194.9673 49.4208
194.9731 49.4208
194.9789 49.4208
194.9848 49.4208
194.9906 49.4208
194.9964 49.4208
195.0022 49.4208
195.0080 49.4208
195.0138 49.4208
195.0197 49.4208
195.0255 49.4208
195.0313 49.4208
195.0371 49.4208
195.0429 49.4208
195.0488 49.4208
195.0546 49.4208
195.0604 49.4208
195.0662 49.4208
195.0720 49.4208
195.0778 49.4208
195.0837 49.4208
195.0895 49.4208
195.0953 49.4208
195.1011 49.4208
195.1069 49.4208
195.1127 49.4208
195.1186 49.4208
195.1244 49.4208
195.1302 49.4208
195.1360 49.4208
195.1418 49.4208
195.1476 49.4208
195.1535 49.4208
195.1593 49.4208
195.1651 49.4208
195.1709 49.4208
195.1767 49.4208
195.1825 49.4208
195.1884 49.4208
195.1942 49.4208
195.2000 49.4208
195.2058 49.4208
195.2116 49.4208
195.2174 49.4208
195.2233 49.4208
195.2291 49.4208
195.2349 49.4208
195.2407 49.4208
195.2465 49.4208
195.2523 49.4208
195.2582 49.4208
195.2640 49.4208
195.2698 49.4208
195.2756 49.4208
195.2814 49.4208
195.2872 49.4208
195.2931 49.4208
195.2989 49.4208
195.3047 49.4208
195.3105 49.4208
195.3163 49.4208
195.3221 49.4208
195.3280 49.4208
195.3338 49.4208
195.3396 49.4208
195.3454 49.4208
195.3512 49.4208
195.3570 49.4208
195.3629 49.4208
195.3687 49.4208
195.3745 49.4208
195.3803 49.4208
195.3861 49.4208
195.3919 49.4208
195.3978 49.4208
195.4036 49.4208
195.4094 49.4208
195.4152 49.4208
195.4210 49.4208
195.4268 49.4208
195.4327 49.4208
195.4385 49.4208
195.4443 49.4208
195.4501 49.4208
195.4559 49.4208
195.4617 49.4208
195.4676 49.4208
195.4734 49.4208
195.4792 49.4208
195.4850 49.4208
195.4908 49.4208
195.4966 49.4208
195.5025 49.4208
195.5083 49.4208
195.5141 49.4208
195.5199 49.4208
195.5257 49.4208
195.5315 49.4208
195.5374 49.4208
195.5432 49.4208
195.5490 49.4208
195.5548 49.4208
195.5606 49.4208
195.5664 49.4208
195.5723 49.4208
195.5781 49.4208
195.5839 49.4208
195.5897 49.4208
195.5955 49.4208
195.6013 49.4208
195.6072 49.4208
195.6130 49.4208
195.6188 49.4208
195.6246 49.4208
195.6304 49.4208
195.6362 49.4208
195.6421 49.4208
195.6479 49.4208
195.6537 49.4208
195.6595 49.4208
195.6653 49.4208
195.6711 49.4208
195.6770 49.4208
195.6828 49.4208
195.6886 49.4208
195.6944 49.4208
195.7002 49.4208
195.7060 49.4208
195.7119 49.4208
195.7177 49.4208
195.7235 49.4208
195.7293 49.4208
195.7351 49.4208
195.7409 49.4208
195.7468 49.4208
195.7526 49.4208
195.7584 49.4208
195.7642 49.4208
195.7700 49.4208
195.7758 49.4208
195.7817 49.4208
195.7875 49.4208
195.7933 49.4208
195.7991 49.4208
195.8049 49.4208
195.8107 49.4208
195.8166 49.4208
195.8224 49.4208
195.8282 49.4208
195.8340 49.4208
195.8398 49.4208
195.8456 49.4208
195.8515 49.4208
195.8573 49.4208
195.8631 49.4208
195.8689 49.4208
195.8747 49.4208
195.8805 49.4208
195.8864 49.4208
195.8922 49.4208
195.8980 49.4208
195.9038 49.4208
195.9096 49.4208
195.9154 49.4208
195.9213 49.4208
195.9271 49.4208
195.9329 49.4208
195.9387 49.4208
195.9445 49.4208
195.9503 49.4208
195.9562 49.4208
195.9620 49.4208
195.9678 49.4208
195.9736 49.4208
195.9794 49.4208
195.9853 49.4208
195.9911 49.4208
195.9969 49.4208
196.0027 49.4208
196.0085 49.4208
196.0143 49.4208
196.0202 49.4208
196.0260 49.4208
196.0318 49.4208
196.0376 49.4208
196.0434 49.4208
196.0492 49.4208
196.0551 49.4208
196.0609 49.4208
196.0667 49.4208
196.0725 49.4208
196.0783 49.4208
196.0841 49.4208
196.0900 49.4208
196.0958 49.4208
196.1016 49.4208
196.1074 49.4208
196.1132 49.4208
196.1190 49.4208
196.1249 49.4208
196.1307 49.4208
196.1365 49.4208
196.1423 49.4208
196.1481 49.4208
196.1539 49.4208
196.1598 49.4208
196.1656 49.4208
196.1714 49.4208
196.1772 49.4208
196.1830 49.4208
196.1888 49.4208
196.1947 49.4208
196.2005 49.4208
196.2063 49.4208
196.2121 49.4208
196.2179 49.4208
196.2237 49.4208
196.2296 49.4208
196.2354 49.4208
196.2412 49.4208
196.2470 49.4208
196.2528 49.4208
196.2586 49.4208
196.2645 49.4208
196.2703 49.4208
196.2761 49.4208
196.2819 49.4208
196.2877 49.4208
196.2935 49.4208
196.2994 49.4208
196.3052 49.4208
196.3110 49.4208
196.3168 49.4208
196.3226 49.4208
196.3284 49.4208
196.3343 49.4208
196.3401 49.4208
196.3459 49.4208
196.3517 49.4208
196.3575 49.4208
196.3633 49.4208
196.3692 49.4208
196.3750 49.4208
196.3808 49.4208
196.3866 49.4208
196.3924 49.4208
196.3982 49.4208
196.4041 49.4208
196.4099 49.4208
196.4157 49.4208
196.4215 49.4208
196.4273 49.4208
196.4331 49.4208
196.4390 49.4208
196.4448 49.4208
196.4506 49.4208
196.4564 49.4208
196.4622 49.4208
196.4680 49.4208
196.4739 49.4208
196.4797 49.4208
196.4855 49.4208
196.4913 49.4208
196.4971 49.4208
196.5029 49.4208
196.5088 49.4208
196.5146 49.4208
196.5204 49.4208
196.5262 49.4208
196.5320 49.4208
196.5378 49.4208
196.5437 49.4208
196.5495 49.4208
196.5553 49.4208
196.5611 49.4208
196.5669 49.4208
196.5727 49.4208
196.5786 49.4208
196.5844 49.4208
196.5902 49.4208
196.5960 49.4208
196.6018 49.4208
196.6076 49.4208
196.6135 49.4208
196.6193 49.4208
196.6251 49.4208
196.6309 49.4208
196.6367 49.4208
196.6425 49.4208
196.6484 49.4208
196.6542 49.4208
196.6600 49.4208
196.6658 49.4208
196.6716 49.4208
196.6774 49.4208
196.6833 49.4208
196.6891 49.4208
196.6949 49.4208
196.7007 49.4208
196.7065 49.4208
196.7123 49.4208
196.7182 49.4208
196.7240 49.4208
196.7298 49.4208
196.7356 49.4208
196.7414 49.4208
196.7472 49.4208
196.7531 49.4208
196.7589 49.4208
196.7647 49.4208
196.7705 49.4208
196.7763 49.4208
196.7821 49.4208
196.7880 49.4208
196.7938 49.4208
196.7996 49.4208
196.8054 49.4208
196.8112 49.4208
196.8170 49.4208
196.8229 49.4208
196.8287 49.4208
196.8345 49.4208
196.8403 49.4208
196.8461 49.4208
196.8519 49.4208
196.8578 49.4208
196.8636 49.4208
196.8694 49.4208
196.8752 49.4208
196.8810 49.4208
196.8869 49.4208
196.8927 49.4208
196.8985 49.4208
196.9043 49.4208
196.9101 49.4208
196.9159 49.4208
196.9218 49.4208
196.9276 49.4208
196.9334 49.4208
196.9392 49.4208
196.9450 49.4208
196.9508 49.4208
196.9567 49.4208
196.9625 49.4208
196.9683 49.4208
196.9741 49.4208
196.9799 49.4208
196.9857 49.4208
196.9916 49.4208
196.9974 49.4208
197.0032 49.4208
197.0090 49.4208
197.0148 49.4208
197.0206 49.4208
197.0265 49.4208
197.0323 49.4208
197.0381 49.4208
197.0439 49.4208
197.0497 49.4208
197.0555 49.4208
197.0614 49.4208
197.0672 49.4208
197.0730 49.4208
197.0788 49.4208
197.0846 49.4208
197.0904 49.4208
197.0963 49.4208
197.1021 49.4208
197.1079 49.4208
197.1137 49.4208
197.1195 49.4208
197.1253 49.4208
197.1312 49.4208
197.1370 49.4208
197.1428 49.4208
197.1486 49.4208
197.1544 49.4208
197.1602 49.4208
197.1661 49.4208
197.1719 49.4208
197.1777 49.4208
197.1835 49.4208
197.1893 49.4208
197.1951 49.4208
197.2010 49.4208
197.2068 49.4208
197.2126 49.4208
197.2184 49.4208
197.2242 49.4208
197.2300 49.4208
197.2359 49.4208
197.2417 49.4208
197.2475 49.4208
197.2533 49.4208
197.2591 49.4208
197.2649 49.4208
197.2708 49.4208
197.2766 49.4208
197.2824 49.4208
197.2882 49.4208
197.2940 49.4208
197.2998 49.4208
197.3057 49.4208
197.3115 49.4208
197.3173 49.4208
197.3231 49.4208
197.3289 49.4208
197.3347 49.4208
197.3406 49.4208
197.3464 49.4208
197.3522 49.4208
197.3580 49.4208
197.3638 49.4208
197.3696 49.4208
197.3755 49.4208
197.3813 49.4208
197.3871 49.4208
197.3929 49.4208
197.3987 49.4208
197.4045 49.4208
197.4104 49.4208
197.4162 49.4208
197.4220 49.4208
197.4278 49.4208
197.4336 49.4208
197.4394 49.4208
197.4453 49.4208
197.4511 49.4208
197.4569 49.4208
197.4627 49.4208
197.4685 49.4208
197.4743 49.4208
197.4802 49.4208
197.4860 49.4208
197.4918 49.4208
197.4976 49.4208
197.5034 49.4208
197.5092 49.4208
197.5151 49.4208
197.5209 49.4208
197.5267 49.4208
197.5325 49.4208
197.5383 49.4208
197.5441 49.4208
197.5500 49.4208
197.5558 49.4208
197.5616 49.4208
197.5674 49.4208
197.5732 49.4208
197.5790 49.4208
197.5849 49.4208
197.5907 49.4208
197.5965 49.4208
197.6023 49.4208
197.6081 49.4208
197.6139 49.4208
197.6198 49.4208
197.6256 49.4208
197.6314 49.4208
197.6372 49.4208
197.6430 49.4208
197.6488 49.4208
197.6547 49.4208
197.6605 49.4208
197.6663 49.4208
197.6721 49.4208
197.6779 49.4208
197.6837 49.4208
197.6896 49.4208
197.6954 49.4208
197.7012 49.4208
197.7070 49.4208
197.7128 49.4208
197.7186 49.4208
197.7245 49.4208
197.7303 49.4208
197.7361 49.4208
197.7419 49.4208
197.7477 49.4208
197.7535 49.4208
197.7594 49.4208
197.7652 49.4208
197.7710 49.4208
197.7768 49.4208
197.7826 49.4208
197.7884 49.4208
197.7943 49.4208
197.8001 49.4208
197.8059 49.4208
197.8117 49.4208
197.8175 49.4208
197.8234 49.4208
197.8292 49.4208
197.8350 49.4208
197.8408 49.4208
197.8466 49.4208
197.8524 49.4208
197.8583 49.4208
197.8641 49.4208
197.8699 49.4208
197.8757 49.4208
197.8815 49.4208
197.8873 49.4208
197.8932 49.4208
197.8990 49.4208
197.9048 49.4208
197.9106 49.4208
197.9164 49.4208
197.9222 49.4208
197.9281 49.4208
197.9339 49.4208
197.9397 49.4208
197.9455 49.4208
197.9513 49.4208
197.9571 49.4208
197.9630 49.4208
197.9688 49.4208
197.9746 49.4208
197.9804 49.4208
197.9862 49.4208
197.9920 49.4208
197.9979 49.4208
198.0037 49.4208
198.0095 49.4208
198.0153 49.4208
198.0211 49.4208
198.0269 49.4208
198.0328 49.4208
198.0386 49.4208
198.0444 49.4208
198.0502 49.4208
198.0560 49.4208
198.0618 49.4208
198.0677 49.4208
198.0735 49.4208
198.0793 49.4208
198.0851 49.4208
198.0909 49.4208
198.0967 49.4208
198.1026 49.4208
198.1084 49.4208
198.1142 49.4208
198.1200 49.4208
198.1258 49.4208
198.1316 49.4208
198.1375 49.4208
198.1433 49.4208
198.1491 49.4208
198.1549 49.4208
198.1607 49.4208
198.1665 49.4208
198.1724 49.4208
198.1782 49.4208
198.1840 49.4208
198.1898 49.4208
198.1956 49.4208
198.2014 49.4208
198.2073 49.4208
198.2131 49.4208
198.2189 49.4208
198.2247 49.4208
198.2305 49.4208
198.2363 49.4208
198.2422 49.4208
198.2480 49.4208
198.2538 49.4208
198.2596 49.4208
198.2654 49.4208
198.2712 49.4208
198.2771 49.4208
198.2829 49.4208
198.2887 49.4208
198.2945 49.4208
198.3003 49.4208
198.3061 49.4208
198.3120 49.4208
198.3178 49.4208
198.3236 49.4208
198.3294 49.4208
198.3352 49.4208
198.3410 49.4208
198.3469 49.4208
198.3527 49.4208
198.3585 49.4208
198.3643 49.4208
198.3701 49.4208
198.3759 49.4208
198.3818 49.4208
198.3876 49.4208
198.3934 49.4208
198.3992 49.4208
198.4050 49.4208
198.4108 49.4208
198.4167 49.4208
198.4225 49.4208
198.4283 49.4208
198.4341 49.4208
198.4399 49.4208
198.4457 49.4208
198.4516 49.4208
198.4574 49.4208
198.4632 49.4208
198.4690 49.4208
198.4748 49.4208
198.4806 49.4208
198.4865 49.4208
198.4923 49.4208
198.4981 49.4208
198.5039 49.4208
198.5097 49.4208
198.5155 49.4208
198.5214 49.4208
198.5272 49.4208
198.5330 49.4208
198.5388 49.4208
198.5446 49.4208
198.5504 49.4208
198.5563 49.4208
198.5621 49.4208
198.5679 49.4208
198.5737 49.4208
198.5795 49.4208
198.5853 49.4208
198.5912 49.4208
198.5970 49.4208
198.6028 49.4208
198.6086 49.4208
198.6144 49.4208
198.6202 49.4208
198.6261 49.4208
198.6319 49.4208
198.6377 49.4208
198.6435 49.4208
198.6493 49.4208
198.6551 49.4208
198.6610 49.4208
198.6668 49.4208
198.6726 49.4208
198.6784 49.4208
198.6842 49.4208
198.6900 49.4208
198.6959 49.4208
198.7017 49.4208
198.7075 49.4208
198.7133 49.4208
198.7191 49.4208
198.7250 49.4208
198.7308 49.4208
198.7366 49.4208
198.7424 49.4208
198.7482 49.4208
198.7540 49.4208
198.7599 49.4208
198.7657 49.4208
198.7715 49.4208
198.7773 49.4208
198.7831 49.4208
198.7889 49.4208
198.7948 49.4208
198.8006 49.4208
198.8064 49.4208
198.8122 49.4208
198.8180 49.4208
198.8238 49.4208
198.8297 49.4208
198.8355 49.4208
198.8413 49.4208
198.8471 49.4208
198.8529 49.4208
198.8587 49.4208
198.8646 49.4208
198.8704 49.4208
198.8762 49.4208
198.8820 49.4208
198.8878 49.4208
198.8936 49.4208
198.8995 49.4208
198.9053 49.4208
198.9111 49.4208
198.9169 49.4208
198.9227 49.4208
198.9285 49.4208
198.9344 49.4208
198.9402 49.4208
198.9460 49.4208
198.9518 49.4208
198.9576 49.4208
198.9634 49.4208
198.9693 49.4208
198.9751 49.4208
198.9809 49.4208
198.9867 49.4208
198.9925 49.4208
198.9983 49.4208
199.0042 49.4208
199.0100 49.4208
199.0158 49.4208
199.0216 49.4208
199.0274 49.4208
199.0332 49.4208
199.0391 49.4208
199.0449 49.4208
199.0507 49.4208
199.0565 49.4208
199.0623 49.4208
199.0681 49.4208
199.0740 49.4208
199.0798 49.4208
199.0856 49.4208
199.0914 49.4208
199.0972 49.4208
199.1030 49.4208
199.1089 49.4208
199.1147 49.4208
199.1205 49.4208
199.1263 49.4208
199.1321 49.4208
199.1379 49.4208
199.1438 49.4208
199.1496 49.4208
199.1554 49.4208
199.1612 49.4208
199.1670 49.4208
199.1728 49.4208
199.1787 49.4208
199.1845 49.4208
199.1903 49.4208
199.1961 49.4208
199.2019 49.4208
199.2077 49.4208
199.2136 49.4208
199.2194 49.4208
199.2252 49.4208
199.2310 49.4208
199.2368 49.4208
199.2426 49.4208
199.2485 49.4208
199.2543 49.4208
199.2601 49.4208
199.2659 49.4208
199.2717 49.4208
199.2775 49.4208
199.2834 49.4208
199.2892 49.4208
199.2950 49.4208
199.3008 49.4208
199.3066 49.4208
199.3124 49.4208
199.3183 49.4208
199.3241 49.4208
199.3299 49.4208
199.3357 49.4208
199.3415 49.4208
199.3473 49.4208
199.3532 49.4208
199.3590 49.4208
199.3648 49.4208
199.3706 49.4208
199.3764 49.4208
199.3822 49.4208
199.3881 49.4208
199.3939 49.4208
199.3997 49.4208
199.4055 49.4208
199.4113 49.4208
199.4171 49.4208
199.4230 49.4208
199.4288 49.4208
199.4346 49.4208
199.4404 49.4208
199.4462 49.4208
199.4520 49.4208
199.4579 49.4208
199.4637 49.4208
199.4695 49.4208
199.4753 49.4208
199.4811 49.4208
199.4869 49.4208
199.4928 49.4208
199.4986 49.4208
199.5044 49.4208
199.5102 49.4208
199.5160 49.4208
199.5218 49.4208
199.5277 49.4208
199.5335 49.4208
199.5393 49.4208
199.5451 49.4208
199.5509 49.4208
199.5567 49.4208
199.5626 49.4208
199.5684 49.4208
199.5742 49.4208
199.5800 49.4208
199.5858 49.4208
199.5916 49.4208
199.5975 49.4208
199.6033 49.4208
199.6091 49.4208
199.6149 49.4208
199.6207 49.4208
199.6265 49.4208
199.6324 49.4208
199.6382 49.4208
199.6440 49.4208
199.6498 49.4208
199.6556 49.4208
199.6615 49.4208
199.6673 49.4208
199.6731 49.4208
199.6789 49.4208
199.6847 49.4208
199.6905 49.4208
199.6964 49.4208
199.7022 49.4208
199.7080 49.4208
199.7138 49.4208
199.7196 49.4208
199.7254 49.4208
199.7313 49.4208
199.7371 49.4208
199.7429 49.4208
199.7487 49.4208
199.7545 49.4208
199.7603 49.4208
199.7662 49.4208
199.7720 49.4208
199.7778 49.4208
199.7836 49.4208
199.7894 49.4208
199.7952 49.4208
199.8011 49.4208
199.8069 49.4208
199.8127 49.4208
199.8185 49.4208
199.8243 49.4208
199.8301 49.4208
199.8360 49.4208
199.8418 49.4208
199.8476 49.4208
199.8534 49.4208
199.8592 49.4208
199.8650 49.4208
199.8709 49.4208
199.8767 49.4208
199.8825 49.4208
199.8883 49.4208
199.8941 49.4208
199.8999 49.4208
199.9058 49.4208
199.9116 49.4208
199.9174 49.4208
199.9232 49.4208
199.9290 49.4208
199.9348 49.4208
199.9407 49.4208
199.9465 49.4208
199.9523 49.4208
199.9581 49.4208
199.9639 49.4208
199.9697 49.4208
199.9756 49.4208
199.9814 49.4208
199.9872 49.4208
199.9930 49.4208
199.9988 49.4208
200.0046 49.4208
200.0105 49.4208
200.0163 49.4208
200.0221 49.4208
200.0279 49.4208
200.0337 49.4208
200.0395 49.4208
200.0454 49.4208
200.0512 49.4208
200.0570 49.4208
200.0628 49.4208
200.0686 49.4208
200.0744 49.4208
200.0803 49.4208
200.0861 49.4208
200.0919 49.4208
200.0977 49.4208
200.1035 49.4208
200.1093 49.4208
200.1152 49.4208
200.1210 49.4208
200.1268 49.4208
200.1326 49.4208
200.1384 49.4208
200.1442 49.4208
200.1501 49.4208
200.1559 49.4208
200.1617 49.4208
200.1675 49.4208
200.1733 49.4208
200.1791 49.4208
200.1850 49.4208
200.1908 49.4208
200.1966 49.4208
200.2024 49.4208
200.2082 49.4208
200.2140 49.4208
200.2199 49.4208
200.2257 49.4208
200.2315 49.4208
200.2373 49.4208
200.2431 49.4208
200.2489 49.4208
200.2548 49.4208
200.2606 49.4208
200.2664 49.4208
200.2722 49.4208
200.2780 49.4208
200.2838 49.4208
200.2897 49.4208
200.2955 49.4208
200.3013 49.4208
200.3071 49.4208
200.3129 49.4208
200.3187 49.4208
200.3246 49.4208
200.3304 49.4208
200.3362 49.4208
200.3420 49.4208
200.3478 49.4208
200.3536 49.4208
200.3595 49.4208
200.3653 49.4208
200.3711 49.4208
200.3769 49.4208
200.3827 49.4208
200.3885 49.4208
200.3944 49.4208
200.4002 49.4208
200.4060 49.4208
200.4118 49.4208
200.4176 49.4208
200.4234 49.4208
200.4293 49.4208
200.4351 49.4208
200.4409 49.4208
200.4467 49.4208
200.4525 49.4208
200.4583 49.4208
200.4642 49.4208
200.4700 49.4208
200.4758 49.4208
200.4816 49.4208
200.4874 49.4208
200.4932 49.4208
200.4991 49.4208
200.5049 49.4208
200.5107 49.4208
200.5165 49.4208
200.5223 49.4208
200.5281 49.4208
200.5340 49.4208
200.5398 49.4208
200.5456 49.4208
200.5514 49.4208
200.5572 49.4208
200.5630 49.4208
200.5689 49.4208
200.5747 49.4208
200.5805 49.4208
200.5863 49.4208
200.5921 49.4208
200.5980 49.4208
200.6038 49.4208
200.6096 49.4208
200.6154 49.4208
200.6212 49.4208
200.6270 49.4208
200.6329 49.4208
200.6387 49.4208
200.6445 49.4208
200.6503 49.4208
200.6561 49.4208
200.6619 49.4208
200.6678 49.4208
200.6736 49.4208
200.6794 49.4208
200.6852 49.4208
200.6910 49.4208
200.6968 49.4208
200.7027 49.4208
200.7085 49.4208
200.7143 49.4208
200.7201 49.4208
200.7259 49.4208
200.7317 49.4208
200.7376 49.4208
200.7434 49.4208
200.7492 49.4208
200.7550 49.4208
200.7608 49.4208
200.7666 49.4208
200.7725 49.4208
200.7783 49.4208
200.7841 49.4208
200.7899 49.4208
200.7957 49.4208
200.8015 49.4208
200.8074 49.4208
200.8132 49.4208
200.8190 49.4208
200.8248 49.4208
200.8306 49.4208
200.8364 49.4208
200.8423 49.4208
200.8481 49.4208
200.8539 49.4208
200.8597 49.4208
200.8655 49.4208
200.8713 49.4208
200.8772 49.4208
200.8830 49.4208
200.8888 49.4208
200.8946 49.4208
200.9004 49.4208
200.9062 49.4208
200.9121 49.4208
200.9179 49.4208
200.9237 49.4208
200.9295 49.4208
200.9353 49.4208
200.9411 49.4208
200.9470 49.4208
200.9528 49.4208
200.9586 49.4208
200.9644 49.4208
200.9702 49.4208
200.9760 49.4208
200.9819 49.4208
200.9877 49.4208
200.9935 49.4208
200.9993 49.4208
201.0051 49.4208
201.0109 49.4208
201.0168 49.4208
201.0226 49.4208
201.0284 49.4208
201.0342 49.4208
201.0400 49.4208
201.0458 49.4208
201.0517 49.4208
201.0575 49.4208
201.0633 49.4208
201.0691 49.4208
201.0749 49.4208
201.0807 49.4208
201.0866 49.4208
201.0924 49.4208
201.0982 49.4208
201.1040 49.4208
201.1098 49.4208
201.1156 49.4208
201.1215 49.4208
201.1273 49.4208
201.1331 49.4208
201.1389 49.4208
201.1447 49.4208
201.1505 49.4208
201.1564 49.4208
201.1622 49.4208
201.1680 49.4208
201.1738 49.4208
201.1796 49.4208
201.1854 49.4208
201.1913 49.4208
201.1971 49.4208
201.2029 49.4208
201.2087 49.4208
201.2145 49.4208
201.2203 49.4208
201.2262 49.4208
201.2320 49.4208
201.2378 49.4208
201.2436 49.4208
201.2494 49.4208
201.2552 49.4208
201.2611 49.4208
201.2669 49.4208
201.2727 49.4208
201.2785 49.4208
201.2843 49.4208
201.2901 49.4208
201.2960 49.4208
201.3018 49.4208
201.3076 49.4208
201.3134 49.4208
201.3192 49.4208
201.3250 49.4208
201.3309 49.4208
201.3367 49.4208
201.3425 49.4208
201.3483 49.4208
201.3541 49.4208
201.3599 49.4208
201.3658 49.4208
201.3716 49.4208
201.3774 49.4208
201.3832 49.4208
201.3890 49.4208
201.3948 49.4208
201.4007 49.4208
201.4065 49.4208
201.4123 49.4208
201.4181 49.4208
201.4239 49.4208
201.4297 49.4208
201.4356 49.4208
201.4414 49.4208
201.4472 49.4208
201.4530 49.4208
201.4588 49.4208
201.4646 49.4208
201.4705 49.4208
201.4763 49.4208
201.4821 49.4208
201.4879 49.4208
201.4937 49.4208
201.4996 49.4208
201.5054 49.4208
201.5112 49.4208
201.5170 49.4208
201.5228 49.4208
201.5286 49.4208
201.5345 49.4208
201.5403 49.4208
201.5461 49.4208
201.5519 49.4208
201.5577 49.4208
201.5635 49.4208
201.5694 49.4208
201.5752 49.4208
201.5810 49.4208
201.5868 49.4208
201.5926 49.4208
201.5984 49.4208
201.6043 49.4208
201.6101 49.4208
201.6159 49.4208
201.6217 49.4208
201.6275 49.4208
201.6333 49.4208
201.6392 49.4208
201.6450 49.4208
201.6508 49.4208
201.6566 49.4208
201.6624 49.4208
201.6682 49.4208
201.6741 49.4208
201.6799 49.4208
201.6857 49.4208
201.6915 49.4208
201.6973 49.4208
201.7031 49.4208
201.7090 49.4208
201.7148 49.4208
201.7206 49.4208
201.7264 49.4208
201.7322 49.4208
201.7380 49.4208
201.7439 49.4208
201.7497 49.4208
201.7555 49.4208
201.7613 49.4208
201.7671 49.4208
201.7729 49.4208
201.7788 49.4208
201.7846 49.4208
201.7904 49.4208
201.7962 49.4208
201.8020 49.4208
201.8078 49.4208
201.8137 49.4208
201.8195 49.4208
201.8253 49.4208
201.8311 49.4208
201.8369 49.4208
201.8427 49.4208
201.8486 49.4208
201.8544 49.4208
201.8602 49.4208
201.8660 49.4208
201.8718 49.4208
201.8776 49.4208
201.8835 49.4208
201.8893 49.4208
201.8951 49.4208
201.9009 49.4208
201.9067 49.4208
201.9125 49.4208
201.9184 49.4208
201.9242 49.4208
201.9300 49.4208
201.9358 49.4208
201.9416 49.4208
201.9474 49.4208
201.9533 49.4208
201.9591 49.4208
201.9649 49.4208
201.9707 49.4208
201.9765 49.4208
201.9823 49.4208
201.9882 49.4208
201.9940 49.4208
201.9998 49.4208
202.0056 49.4208
202.0114 49.4208
202.0172 49.4208
202.0231 49.4208
202.0289 49.4208
202.0347 49.4208
202.0405 49.4208
202.0463 49.4208
202.0521 49.4208
202.0580 49.4208
202.0638 49.4208
202.0696 49.4208
202.0754 49.4208
202.0812 49.4208
202.0870 49.4208
202.0929 49.4208
202.0987 49.4208
202.1045 49.4208
202.1103 49.4208
202.1161 49.4208
202.1219 49.4208
202.1278 49.4208
202.1336 49.4208
202.1394 49.4208
202.1452 49.4208
202.1510 49.4208
202.1568 49.4208
202.1627 49.4208
202.1685 49.4208
202.1743 49.4208
202.1801 49.4208
202.1859 49.4208
202.1917 49.4208
202.1976 49.4208
202.2034 49.4208
202.2092 49.4208
202.2150 49.4208
202.2208 49.4208
202.2266 49.4208
202.2325 49.4208
202.2383 49.4208
202.2441 49.4208
202.2499 49.4208
202.2557 49.4208
202.2615 49.4208
202.2674 49.4208
202.2732 49.4208
202.2790 49.4208
202.2848 49.4208
202.2906 49.4208
202.2964 49.4208
202.3023 49.4208
202.3081 49.4208
202.3139 49.4208
202.3197 49.4208
202.3255 49.4208
202.3313 49.4208
202.3372 49.4208
202.3430 49.4208
202.3488 49.4208
202.3546 49.4208
202.3604 49.4208
202.3662 49.4208
202.3721 49.4208
202.3779 49.4208
202.3837 49.4208
202.3895 49.4208
202.3953 49.4208
202.4011 49.4208
202.4070 49.4208
202.4128 49.4208
202.4186 49.4208
202.4244 49.4208
202.4302 49.4208
202.4361 49.4208
202.4419 49.4208
202.4477 49.4208
202.4535 49.4208
202.4593 49.4208
202.4651 49.4208
202.4710 49.4208
202.4768 49.4208
202.4826 49.4208
202.4884 49.4208
202.4942 49.4208
202.5000 49.4208
202.5059 49.4208
202.5117 49.4208
202.5175 49.4208
202.5233 49.4208
202.5291 49.4208
202.5349 49.4208
202.5408 49.4208
202.5466 49.4208
202.5524 49.4208
202.5582 49.4208
202.5640 49.4208
202.5698 49.4208
202.5757 49.4208
202.5815 49.4208
202.5873 49.4208
202.5931 49.4208
202.5989 49.4208
202.6047 49.4208
202.6106 49.4208
202.6164 49.4208
202.6222 49.4208
202.6280 49.4208
202.6338 49.4208
202.6396 49.4208
202.6455 49.4208
202.6513 49.4208
202.6571 49.4208
202.6629 49.4208
202.6687 49.4208
202.6745 49.4208
202.6804 49.4208
202.6862 49.4208
202.6920 49.4208
202.6978 49.4208
202.7036 49.4208
202.7094 49.4208
202.7153 49.4208
202.7211 49.4208
202.7269 49.4208
202.7327 49.4208
202.7385 49.4208
202.7443 49.4208
202.7502 49.4208
202.7560 49.4208
202.7618 49.4208
202.7676 49.4208
202.7734 49.4208
202.7792 49.4208
202.7851 49.4208
202.7909 49.4208
202.7967 49.4208
202.8025 49.4208
202.8083 49.4208
202.8141 49.4208
202.8200 49.4208
202.8258 49.4208
202.8316 49.4208
202.8374 49.4208
202.8432 49.4208
202.8490 49.4208
202.8549 49.4208
202.8607 49.4208
202.8665 49.4208
202.8723 49.4208
202.8781 49.4208
202.8839 49.4208
202.8898 49.4208
202.8956 49.4208
202.9014 49.4208
202.9072 49.4208
202.9130 49.4208
202.9188 49.4208
202.9247 49.4208
202.9305 49.4208
202.9363 49.4208
202.9421 49.4208
202.9479 49.4208
202.9537 49.4208
202.9596 49.4208
202.9654 49.4208
202.9712 49.4208
202.9770 49.4208
202.9828 49.4208
202.9886 49.4208
202.9945 49.4208
203.0003 49.4208
203.0061 49.4208
203.0119 49.4208
203.0177 49.4208
203.0235 49.4208
203.0294 49.4208
203.0352 49.4208
203.0410 49.4208
203.0468 49.4208
203.0526 49.4208
203.0584 49.4208
203.0643 49.4208
203.0701 49.4208
203.0759 49.4208
203.0817 49.4208
203.0875 49.4208
203.0933 49.4208
203.0992 49.4208
203.1050 49.4208
203.1108 49.4208
203.1166 49.4208
203.1224 49.4208
203.1282 49.4208
203.1341 49.4208
203.1399 49.4208
203.1457 49.4208
203.1515 49.4208
203.1573 49.4208
203.1631 49.4208
203.1690 49.4208
203.1748 49.4208
203.1806 49.4208
203.1864 49.4208
203.1922 49.4208
203.1980 49.4208
203.2039 49.4208
203.2097 49.4208
203.2155 49.4208
203.2213 49.4208
203.2271 49.4208
203.2329 49.4208
203.2388 49.4208
203.2446 49.4208
203.2504 49.4208
203.2562 49.4208
203.2620 49.4208
203.2678 49.4208
203.2737 49.4208
203.2795 49.4208
203.2853 49.4208
203.2911 49.4208
203.2969 49.4208
203.3027 49.4208
203.3086 49.4208
203.3144 49.4208
203.3202 49.4208
203.3260 49.4208
203.3318 49.4208
203.3377 49.4208
203.3435 49.4208
203.3493 49.4208
203.3551 49.4208
203.3609 49.4208
203.3667 49.4208
203.3726 49.4208
203.3784 49.4208
203.3842 49.4208
203.3900 49.4208
203.3958 49.4208
203.4016 49.4208
203.4075 49.4208
203.4133 49.4208
203.4191 49.4208
203.4249 49.4208
203.4307 49.4208
203.4365 49.4208
203.4424 49.4208
203.4482 49.4208
203.4540 49.4208
203.4598 49.4208
203.4656 49.4208
203.4714 49.4208
203.4773 49.4208
203.4831 49.4208
203.4889 49.4208
203.4947 49.4208
203.5005 49.4208
203.5063 49.4208
203.5122 49.4208
203.5180 49.4208
203.5238 49.4208
203.5296 49.4208
203.5354 49.4208
203.5412 49.4208
203.5471 49.4208
203.5529 49.4208
203.5587 49.4208
203.5645 49.4208
203.5703 49.4208
203.5761 49.4208
203.5820 49.4208
203.5878 49.4208
203.5936 49.4208
203.5994 49.4208
203.6052 49.4208
203.6110 49.4208
203.6169 49.4208
203.6227 49.4208
203.6285 49.4208
203.6343 49.4208
203.6401 49.4208
203.6459 49.4208
203.6518 49.4208
203.6576 49.4208
203.6634 49.4208
203.6692 49.4208
203.6750 49.4208
203.6808 49.4208
203.6867 49.4208
203.6925 49.4208
203.6983 49.4208
203.7041 49.4208
203.7099 49.4208
203.7157 49.4208
203.7216 49.4208
203.7274 49.4208
203.7332 49.4208
203.7390 49.4208
203.7448 49.4208
203.7506 49.4208
203.7565 49.4208
203.7623 49.4208
203.7681 49.4208
203.7739 49.4208
203.7797 49.4208
203.7855 49.4208
203.7914 49.4208
203.7972 49.4208
203.8030 49.4208
203.8088 49.4208
203.8146 49.4208
203.8204 49.4208
203.8263 49.4208
203.8321 49.4208
203.8379 49.4208
203.8437 49.4208
203.8495 49.4208
203.8553 49.4208
203.8612 49.4208
203.8670 49.4208
203.8728 49.4208
203.8786 49.4208
203.8844 49.4208
203.8902 49.4208
203.8961 49.4208
203.9019 49.4208
203.9077 49.4208
203.9135 49.4208
203.9193 49.4208
203.9251 49.4208
203.9310 49.4208
203.9368 49.4208
203.9426 49.4208
203.9484 49.4208
203.9542 49.4208
203.9600 49.4208
203.9659 49.4208
203.9717 49.4208
203.9775 49.4208
203.9833 49.4208
203.9891 49.4208
203.9949 49.4208
204.0008 49.4208
204.0066 49.4208
204.0124 49.4208
204.0182 49.4208
204.0240 49.4208
204.0298 49.4208
204.0357 49.4208
204.0415 49.4208
204.0473 49.4208
204.0531 49.4208
204.0589 49.4208
204.0647 49.4208
204.0706 49.4208
204.0764 49.4208
204.0822 49.4208
204.0880 49.4208
204.0938 49.4208
204.0996 49.4208
204.1055 49.4208
204.1113 49.4208
204.1171 49.4208
204.1229 49.4208
204.1287 49.4208
204.1345 49.4208
204.1404 49.4208
204.1462 49.4208
204.1520 49.4208
204.1578 49.4208
204.1636 49.4208
204.1694 49.4208
204.1753 49.4208
204.1811 49.4208
204.1869 49.4208
204.1927 49.4208
204.1985 49.4208
204.2043 49.4208
204.2102 49.4208
204.2160 49.4208
204.2218 49.4208
204.2276 49.4208
204.2334 49.4208
204.2392 49.4208
204.2451 49.4208
204.2509 49.4208
204.2567 49.4208
204.2625 49.4208
204.2683 49.4208
204.2742 49.4208
204.2800 49.4208
204.2858 49.4208
204.2916 49.4208
204.2974 49.4208
204.3032 49.4208
204.3091 49.4208
204.3149 49.4208
204.3207 49.4208
204.3265 49.4208
204.3323 49.4208
204.3381 49.4208
204.3440 49.4208
204.3498 49.4208
204.3556 49.4208
204.3614 49.4208
204.3672 49.4208
204.3730 49.4208
204.3789 49.4208
204.3847 49.4208
204.3905 49.4208
204.3963 49.4208
204.4021 49.4208
204.4079 49.4208
204.4138 49.4208
204.4196 49.4208
204.4254 49.4208
204.4312 49.4208
204.4370 49.4208
204.4428 49.4208
204.4487 49.4208
204.4545 49.4208
204.4603 49.4208
204.4661 49.4208
204.4719 49.4208
204.4777 49.4208
204.4836 49.4208
204.4894 49.4208
204.4952 49.4208
204.5010 49.4208
204.5068 49.4208
204.5126 49.4208
204.5185 49.4208
204.5243 49.4208
204.5301 49.4208
204.5359 49.4208
204.5417 49.4208
204.5475 49.4208
204.5534 49.4208
204.5592 49.4208
204.5650 49.4208
204.5708 49.4208
204.5766 49.4208
204.5824 49.4208
204.5883 49.4208
204.5941 49.4208
204.5999 49.4208
204.6057 49.4208
204.6115 49.4208
204.6173 49.4208
204.6232 49.4208
204.6290 49.4208
204.6348 49.4208
204.6406 49.4208
204.6464 49.4208
204.6522 49.4208
204.6581 49.4208
204.6639 49.4208
204.6697 49.4208
204.6755 49.4208
204.6813 49.4208
204.6871 49.4208
204.6930 49.4208
204.6988 49.4208
204.7046 49.4208
204.7104 49.4208
204.7162 49.4208
204.7220 49.4208
204.7279 49.4208
204.7337 49.4208
204.7395 49.4208
204.7453 49.4208
204.7511 49.4208
204.7569 49.4208
204.7628 49.4208
204.7686 49.4208
204.7744 49.4208
204.7802 49.4208
204.7860 49.4208
204.7918 49.4208
204.7977 49.4208
204.8035 49.4208
204.8093 49.4208
204.8151 49.4208
204.8209 49.4208
204.8267 49.4208
204.8326 49.4208
204.8384 49.4208
204.8442 49.4208
204.8500 49.4208
204.8558 49.4208
204.8616 49.4208
204.8675 49.4208
204.8733 49.4208
204.8791 49.4208
204.8849 49.4208
204.8907 49.4208
204.8965 49.4208
204.9024 49.4208
204.9082 49.4208
204.9140 49.4208
204.9198 49.4208
204.9256 49.4208
204.9314 49.4208
204.9373 49.4208
204.9431 49.4208
204.9489 49.4208
204.9547 49.4208
204.9605 49.4208
204.9663 49.4208
204.9722 49.4208
204.9780 49.4208
204.9838 49.4208
204.9896 49.4208
204.9954 49.4208
205.0012 49.4208
205.0071 49.4208
205.0129 49.4208
205.0187 49.4208
205.0245 49.4208
205.0303 49.4208
205.0361 49.4208
205.0420 49.4208
205.0478 49.4208
205.0536 49.4208
205.0594 49.4208
205.0652 49.4208
205.0710 49.4208
205.0769 49.4208
205.0827 49.4208
205.0885 49.4208
205.0943 49.4208
205.1001 49.4208
205.1059 49.4208
205.1118 49.4208
205.1176 49.4208
205.1234 49.4208
205.1292 49.4208
205.1350 49.4208
205.1408 49.4208
205.1467 49.4208
205.1525 49.4208
205.1583 49.4208
205.1641 49.4208
205.1699 49.4208
205.1757 49.4208
205.1816 49.4208
205.1874 49.4208
205.1932 49.4208
205.1990 49.4208
205.2048 49.4208
205.2107 49.4208
205.2165 49.4208
205.2223 49.4208
205.2281 49.4208
205.2339 49.4208
205.2397 49.4208
205.2456 49.4208
205.2514 49.4208
205.2572 49.4208
205.2630 49.4208
205.2688 49.4208
205.2746 49.4208
205.2805 49.4208
205.2863 49.4208
205.2921 49.4208
205.2979 49.4208
205.3037 49.4208
205.3095 49.4208
205.3154 49.4208
205.3212 49.4208
205.3270 49.4208
205.3328 49.4208
205.3386 49.4208
205.3444 49.4208
205.3503 49.4208
205.3561 49.4208
205.3619 49.4208
205.3677 49.4208
205.3735 49.4208
205.3793 49.4208
205.3852 49.4208
205.3910 49.4208
205.3968 49.4208
205.4026 49.4208
205.4084 49.4208
205.4142 49.4208
205.4201 49.4208
205.4259 49.4208
205.4317 49.4208
205.4375 49.4208
205.4433 49.4208
205.4491 49.4208
205.4550 49.4208
205.4608 49.4208
205.4666 49.4208
205.4724 49.4208
205.4782 49.4208
205.4840 49.4208
205.4899 49.4208
205.4957 49.4208
205.5015 49.4208
205.5073 49.4208
205.5131 49.4208
205.5189 49.4208
205.5248 49.4208
205.5306 49.4208
205.5364 49.4208
205.5422 49.4208
205.5480 49.4208
205.5538 49.4208
205.5597 49.4208
205.5655 49.4208
205.5713 49.4208
205.5771 49.4208
205.5829 49.4208
205.5887 49.4208
205.5946 49.4208
205.6004 49.4208
205.6062 49.4208
205.6120 49.4208
205.6178 49.4208
205.6236 49.4208
205.6295 49.4208
205.6353 49.4208
205.6411 49.4208
205.6469 49.4208
205.6527 49.4208
205.6585 49.4208
205.6644 49.4208
205.6702 49.4208
205.6760 49.4208
205.6818 49.4208
205.6876 49.4208
205.6934 49.4208
205.6993 49.4208
205.7051 49.4208
205.7109 49.4208
205.7167 49.4208
205.7225 49.4208
205.7283 49.4208
205.7342 49.4208
205.7400 49.4208
205.7458 49.4208
205.7516 49.4208
205.7574 49.4208
205.7632 49.4208
205.7691 49.4208
205.7749 49.4208
205.7807 49.4208
205.7865 49.4208
205.7923 49.4208
205.7981 49.4208
205.8040 49.4208
205.8098 49.4208
205.8156 49.4208
205.8214 49.4208
205.8272 49.4208
205.8330 49.4208
205.8389 49.4208
205.8447 49.4208
205.8505 49.4208
205.8563 49.4208
205.8621 49.4208
205.8679 49.4208
205.8738 49.4208
205.8796 49.4208
205.8854 49.4208
205.8912 49.4208
205.8970 49.4208
205.9028 49.4208
205.9087 49.4208
205.9145 49.4208
205.9203 49.4208
205.9261 49.4208
205.9319 49.4208
205.9377 49.4208
205.9436 49.4208
205.9494 49.4208
205.9552 49.4208
205.9610 49.4208
205.9668 49.4208
205.9726 49.4208
205.9785 49.4208
205.9843 49.4208
205.9901 49.4208
205.9959 49.4208
206.0017 49.4208
206.0075 49.4208
206.0134 49.4208
206.0192 49.4208
206.0250 49.4208
206.0308 49.4208
206.0366 49.4208
206.0424 49.4208
206.0483 49.4208
206.0541 49.4208
206.0599 49.4208
206.0657 49.4208
206.0715 49.4208
206.0773 49.4208
206.0832 49.4208
206.0890 49.4208
206.0948 49.4208
206.1006 49.4208
206.1064 49.4208
206.1123 49.4208
206.1181 49.4208
206.1239 49.4208
206.1297 49.4208
206.1355 49.4208
206.1413 49.4208
206.1472 49.4208
206.1530 49.4208
206.1588 49.4208
206.1646 49.4208
206.1704 49.4208
206.1762 49.4208
206.1821 49.4208
206.1879 49.4208
206.1937 49.4208
206.1995 49.4208
206.2053 49.4208
206.2111 49.4208
206.2170 49.4208
206.2228 49.4208
206.2286 49.4208
206.2344 49.4208
206.2402 49.4208
206.2460 49.4208
206.2519 49.4208
206.2577 49.4208
206.2635 49.4208
206.2693 49.4208
206.2751 49.4208
206.2809 49.4208
206.2868 49.4208
206.2926 49.4208
206.2984 49.4208
206.3042 49.4208
206.3100 49.4208
206.3158 49.4208
206.3217 49.4208
206.3275 49.4208
206.3333 49.4208
206.3391 49.4208
206.3449 49.4208
206.3507 49.4208
206.3566 49.4208
206.3624 49.4208
206.3682 49.4208
206.3740 49.4208
206.3798 49.4208
206.3856 49.4208
206.3915 49.4208
206.3973 49.4208
206.4031 49.4208
206.4089 49.4208
206.4147 49.4208
206.4205 49.4208
206.4264 49.4208
206.4322 49.4208
206.4380 49.4208
206.4438 49.4208
206.4496 49.4208
206.4554 49.4208
206.4613 49.4208
206.4671 49.4208
206.4729 49.4208
206.4787 49.4208
206.4845 49.4208
206.4903 49.4208
206.4962 49.4208
206.5020 49.4208
206.5078 49.4208
206.5136 49.4208
206.5194 49.4208
206.5252 49.4208
206.5311 49.4208
206.5369 49.4208
206.5427 49.4208
206.5485 49.4208
206.5543 49.4208
206.5601 49.4208
206.5660 49.4208
206.5718 49.4208
206.5776 49.4208
206.5834 49.4208
206.5892 49.4208
206.5950 49.4208
206.6009 49.4208
206.6067 49.4208
206.6125 49.4208
206.6183 49.4208
206.6241 49.4208
206.6299 49.4208
206.6358 49.4208
206.6416 49.4208
206.6474 49.4208
206.6532 49.4208
206.6590 49.4208
206.6648 49.4208
206.6707 49.4208
206.6765 49.4208
206.6823 49.4208
206.6881 49.4208
206.6939 49.4208
206.6997 49.4208
206.7056 49.4208
206.7114 49.4208
206.7172 49.4208
206.7230 49.4208
206.7288 49.4208
206.7346 49.4208
206.7405 49.4208
206.7463 49.4208
206.7521 49.4208
206.7579 49.4208
206.7637 49.4208
206.7695 49.4208
206.7754 49.4208
206.7812 49.4208
206.7870 49.4208
206.7928 49.4208
206.7986 49.4208
206.8044 49.4208
206.8103 49.4208
206.8161 49.4208
206.8219 49.4208
206.8277 49.4208
206.8335 49.4208
206.8393 49.4208
206.8452 49.4208
206.8510 49.4208
206.8568 49.4208
206.8626 49.4208
206.8684 49.4208
206.8742 49.4208
206.8801 49.4208
206.8859 49.4208
206.8917 49.4208
206.8975 49.4208
206.9033 49.4208
206.9091 49.4208
206.9150 49.4208
206.9208 49.4208
206.9266 49.4208
206.9324 49.4208
206.9382 49.4208
206.9440 49.4208
206.9499 49.4208
206.9557 49.4208
206.9615 49.4208
206.9673 49.4208
206.9731 49.4208
206.9789 49.4208
206.9848 49.4208
206.9906 49.4208
206.9964 49.4208
207.0022 49.4208
207.0080 49.4208
207.0138 49.4208
207.0197 49.4208
207.0255 49.4208
207.0313 49.4208
207.0371 49.4208
207.0429 49.4208
207.0488 49.4208
207.0546 49.4208
207.0604 49.4208
207.0662 49.4208
207.0720 49.4208
207.0778 49.4208
207.0837 49.4208
207.0895 49.4208
207.0953 49.4208
207.1011 49.4208
207.1069 49.4208
207.1127 49.4208
207.1186 49.4208
207.1244 49.4208
207.1302 49.4208
207.1360 49.4208
207.1418 49.4208
207.1476 49.4208
207.1535 49.4208
207.1593 49.4208
207.1651 49.4208
207.1709 49.4208
207.1767 49.4208
207.1825 49.4208
207.1884 49.4208
207.1942 49.4208
207.2000 49.4208
207.2058 49.4208
207.2116 49.4208
207.2174 49.4208
207.2233 49.4208
207.2291 49.4208
207.2349 49.4208
207.2407 49.4208
207.2465 49.4208
207.2523 49.4208
207.2582 49.4208
207.2640 49.4208
207.2698 49.4208
207.2756 49.4208
207.2814 49.4208
207.2872 49.4208
207.2931 49.4208
207.2989 49.4208
207.3047 49.4208
207.3105 49.4208
207.3163 49.4208
207.3221 49.4208
207.3280 49.4208
207.3338 49.4208
207.3396 49.4208
207.3454 49.4208
207.3512 49.4208
207.3570 49.4208
207.3629 49.4208
207.3687 49.4208
207.3745 49.4208
207.3803 49.4208
207.3861 49.4208
207.3919 49.4208
207.3978 49.4208
207.4036 49.4208
207.4094 49.4208
207.4152 49.4208
207.4210 49.4208
207.4268 49.4208
207.4327 49.4208
207.4385 49.4208
207.4443 49.4208
207.4501 49.4208
207.4559 49.4208
207.4617 49.4208
207.4676 49.4208
207.4734 49.4208
207.4792 49.4208
207.4850 49.4208
207.4908 49.4208
207.4966 49.4208
207.5025 49.4208
207.5083 49.4208
207.5141 49.4208
207.5199 49.4208
207.5257 49.4208
207.5315 49.4208
207.5374 49.4208
207.5432 49.4208
207.5490 49.4208
207.5548 49.4208
207.5606 49.4208
207.5664 49.4208
207.5723 49.4208
207.5781 49.4208
207.5839 49.4208
207.5897 49.4208
207.5955 49.4208
207.6013 49.4208
207.6072 49.4208
207.6130 49.4208
207.6188 49.4208
207.6246 49.4208
207.6304 49.4208
207.6362 49.4208
207.6421 49.4208
207.6479 49.4208
207.6537 49.4208
207.6595 49.4208
207.6653 49.4208
207.6711 49.4208
207.6770 49.4208
207.6828 49.4208
207.6886 49.4208
207.6944 49.4208
207.7002 49.4208
207.7060 49.4208
207.7119 49.4208
207.7177 49.4208
207.7235 49.4208
207.7293 49.4208
207.7351 49.4208
207.7409 49.4208
207.7468 49.4208
207.7526 49.4208
207.7584 49.4208
207.7642 49.4208
207.7700 49.4208
207.7758 49.4208
207.7817 49.4208
207.7875 49.4208
207.7933 49.4208
207.7991 49.4208
207.8049 49.4208
207.8107 49.4208
207.8166 49.4208
207.8224 49.4208
207.8282 49.4208
207.8340 49.4208
207.8398 49.4208
207.8456 49.4208
207.8515 49.4208
207.8573 49.4208
207.8631 49.4208
207.8689 49.4208
207.8747 49.4208
207.8805 49.4208
207.8864 49.4208
207.8922 49.4208
207.8980 49.4208
207.9038 49.4208
207.9096 49.4208
207.9154 49.4208
207.9213 49.4208
207.9271 49.4208
207.9329 49.4208
207.9387 49.4208
207.9445 49.4208
207.9503 49.4208
207.9562 49.4208
207.9620 49.4208
207.9678 49.4208
207.9736 49.4208
207.9794 49.4208
207.9853 49.4208
207.9911 49.4208
207.9969 49.4208
208.0027 49.4208
208.0085 49.4208
208.0143 49.4208
208.0202 49.4208
208.0260 49.4208
208.0318 49.4208
208.0376 49.4208
208.0434 49.4208
208.0492 49.4208
208.0551 49.4208
208.0609 49.4208
208.0667 49.4208
208.0725 49.4208
208.0783 49.4208
208.0841 49.4208
208.0900 49.4208
208.0958 49.4208
208.1016 49.4208
208.1074 49.4208
208.1132 49.4208
208.1190 49.4208
208.1249 49.4208
208.1307 49.4208
208.1365 49.4208
208.1423 49.4208
208.1481 49.4208
208.1539 49.4208
208.1598 49.4208
208.1656 49.4208
208.1714 49.4208
208.1772 49.4208
208.1830 49.4208
208.1888 49.4208
208.1947 49.4208
208.2005 49.4208
208.2063 49.4208
208.2121 49.4208
208.2179 49.4208
208.2237 49.4208
208.2296 49.4208
208.2354 49.4208
208.2412 49.4208
208.2470 49.4208
208.2528 49.4208
208.2586 49.4208
208.2645 49.4208
208.2703 49.4208
208.2761 49.4208
208.2819 49.4208
208.2877 49.4208
208.2935 49.4208
208.2994 49.4208
208.3052 49.4208
208.3110 49.4208
208.3168 49.4208
208.3226 49.4208
208.3284 49.4208
208.3343 49.4208
208.3401 49.4208
208.3459 49.4208
208.3517 49.4208
208.3575 49.4208
208.3633 49.4208
208.3692 49.4208
208.3750 49.4208
208.3808 49.4208
208.3866 49.4208
208.3924 49.4208
208.3982 49.4208
208.4041 49.4208
208.4099 49.4208
208.4157 49.4208
208.4215 49.4208
208.4273 49.4208
208.4331 49.4208
208.4390 49.4208
208.4448 49.4208
208.4506 49.4208
208.4564 49.4208
208.4622 49.4208
208.4680 49.4208
208.4739 49.4208
208.4797 49.4208
208.4855 49.4208
208.4913 49.4208
208.4971 49.4208
208.5029 49.4208
208.5088 49.4208
208.5146 49.4208
208.5204 49.4208
208.5262 49.4208
208.5320 49.4208
208.5378 49.4208
208.5437 49.4208
208.5495 49.4208
208.5553 49.4208
208.5611 49.4208
208.5669 49.4208
208.5727 49.4208
208.5786 49.4208
208.5844 49.4208
208.5902 49.4208
208.5960 49.4208
208.6018 49.4208
208.6076 49.4208
208.6135 49.4208
208.6193 49.4208
208.6251 49.4208
208.6309 49.4208
208.6367 49.4208
208.6425 49.4208
208.6484 49.4208
208.6542 49.4208
208.6600 49.4208
208.6658 49.4208
208.6716 49.4208
208.6774 49.4208
208.6833 49.4208
208.6891 49.4208
208.6949 49.4208
208.7007 49.4208
208.7065 49.4208
208.7123 49.4208
208.7182 49.4208
208.7240 49.4208
208.7298 49.4208
208.7356 49.4208
208.7414 49.4208
208.7472 49.4208
208.7531 49.4208
208.7589 49.4208
208.7647 49.4208
208.7705 49.4208
208.7763 49.4208
208.7821 49.4208
208.7880 49.4208
208.7938 49.4208
208.7996 49.4208
208.8054 49.4208
208.8112 49.4208
208.8170 49.4208
208.8229 49.4208
208.8287 49.4208
208.8345 49.4208
208.8403 49.4208
208.8461 49.4208
208.8519 49.4208
208.8578 49.4208
208.8636 49.4208
208.8694 49.4208
208.8752 49.4208
208.8810 49.4208
208.8869 49.4208
208.8927 49.4208
208.8985 49.4208
208.9043 49.4208
208.9101 49.4208
208.9159 49.4208
208.9218 49.4208
208.9276 49.4208
208.9334 49.4208
208.9392 49.4208
208.9450 49.4208
208.9508 49.4208
208.9567 49.4208
208.9625 49.4208
208.9683 49.4208
208.9741 49.4208
208.9799 49.4208
208.9857 49.4208
208.9916 49.4208
208.9974 49.4208
209.0032 49.4208
209.0090 49.4208
209.0148 49.4208
209.0206 49.4208
209.0265 49.4208
209.0323 49.4208
209.0381 49.4208
209.0439 49.4208
209.0497 49.4208
209.0555 49.4208
209.0614 49.4208
209.0672 49.4208
209.0730 49.4208
209.0788 49.4208
209.0846 49.4208
209.0904 49.4208
209.0963 49.4208
209.1021 49.4208
209.1079 49.4208
209.1137 49.4208
209.1195 49.4208
209.1253 49.4208
209.1312 49.4208
209.1370 49.4208
209.1428 49.4208
209.1486 49.4208
209.1544 49.4208
209.1602 49.4208
209.1661 49.4208
209.1719 49.4208
209.1777 49.4208
209.1835 49.4208
209.1893 49.4208
209.1951 49.4208
209.2010 49.4208
209.2068 49.4208
209.2126 49.4208
209.2184 49.4208
209.2242 49.4208
209.2300 49.4208
209.2359 49.4208
209.2417 49.4208
209.2475 49.4208
209.2533 49.4208
209.2591 49.4208
209.2649 49.4208
209.2708 49.4208
209.2766 49.4208
209.2824 49.4208
209.2882 49.4208
209.2940 49.4208
209.2998 49.4208
209.3057 49.4208
209.3115 49.4208
209.3173 49.4208
209.3231 49.4208
209.3289 49.4208
209.3347 49.4208
209.3406 49.4208
209.3464 49.4208
209.3522 49.4208
209.3580 49.4208
209.3638 49.4208
209.3696 49.4208
209.3755 49.4208
209.3813 49.4208
209.3871 49.4208
209.3929 49.4208
209.3987 49.4208
209.4045 49.4208
209.4104 49.4208
209.4162 49.4208
209.4220 49.4208
209.4278 49.4208
209.4336 49.4208
209.4394 49.4208
209.4453 49.4208
209.4511 49.4208
209.4569 49.4208
209.4627 49.4208
209.4685 49.4208
209.4743 49.4208
209.4802 49.4208
209.4860 49.4208
209.4918 49.4208
209.4976 49.4208
209.5034 49.4208
209.5092 49.4208
209.5151 49.4208
209.5209 49.4208
209.5267 49.4208
209.5325 49.4208
209.5383 49.4208
209.5441 49.4208
209.5500 49.4208
209.5558 49.4208
209.5616 49.4208
209.5674 49.4208
209.5732 49.4208
209.5790 49.4208
209.5849 49.4208
209.5907 49.4208
209.5965 49.4208
209.6023 49.4208
209.6081 49.4208
209.6139 49.4208
209.6198 49.4208
209.6256 49.4208
209.6314 49.4208
209.6372 49.4208
209.6430 49.4208
209.6488 49.4208
209.6547 49.4208
209.6605 49.4208
209.6663 49.4208
209.6721 49.4208
209.6779 49.4208
209.6837 49.4208
209.6896 49.4208
209.6954 49.4208
209.7012 49.4208
209.7070 49.4208
209.7128 49.4208
209.7186 49.4208
209.7245 49.4208
209.7303 49.4208
209.7361 49.4208
209.7419 49.4208
209.7477 49.4208
209.7535 49.4208
209.7594 49.4208
209.7652 49.4208
209.7710 49.4208
209.7768 49.4208
209.7826 49.4208
209.7884 49.4208
209.7943 49.4208
209.8001 49.4208
209.8059 49.4208
209.8117 49.4208
209.8175 49.4208
209.8234 49.4208
209.8292 49.4208
209.8350 49.4208
209.8408 49.4208
209.8466 49.4208
209.8524 49.4208
209.8583 49.4208
209.8641 49.4208
209.8699 49.4208
209.8757 49.4208
209.8815 49.4208
209.8873 49.4208
209.8932 49.4208
209.8990 49.4208
209.9048 49.4208
209.9106 49.4208
209.9164 49.4208
209.9222 49.4208
209.9281 49.4208
209.9339 49.4208
209.9397 49.4208
209.9455 49.4208
209.9513 49.4208
209.9571 49.4208
209.9630 49.4208
209.9688 49.4208
209.9746 49.4208
209.9804 49.4208
209.9862 49.4208
209.9920 49.4208
209.9979 49.4208
210.0037 49.4208
210.0095 49.4208
210.0153 49.4208
210.0211 49.4208
210.0269 49.4208
210.0328 49.4208
210.0386 49.4208
210.0444 49.4208
210.0502 49.4208
210.0560 49.4208
210.0618 49.4208
210.0677 49.4208
210.0735 49.4208
210.0793 49.4208
210.0851 49.4208
210.0909 49.4208
210.0967 49.4208
210.1026 49.4208
210.1084 49.4208
210.1142 49.4208
210.1200 49.4208
210.1258 49.4208
210.1316 49.4208
210.1375 49.4208
210.1433 49.4208
210.1491 49.4208
210.1549 49.4208
210.1607 49.4208
210.1665 49.4208
210.1724 49.4208
210.1782 49.4208
210.1840 49.4208
210.1898 49.4208
210.1956 49.4208
210.2014 49.4208
210.2073 49.4208
210.2131 49.4208
210.2189 49.4208
210.2247 49.4208
210.2305 49.4208
210.2363 49.4208
210.2422 49.4208
210.2480 49.4208
210.2538 49.4208
210.2596 49.4208
210.2654 49.4208
210.2712 49.4208
210.2771 49.4208
210.2829 49.4208
210.2887 49.4208
210.2945 49.4208
210.3003 49.4208
210.3061 49.4208
210.3120 49.4208
210.3178 49.4208
210.3236 49.4208
210.3294 49.4208
210.3352 49.4208
210.3410 49.4208
210.3469 49.4208
210.3527 49.4208
210.3585 49.4208
210.3643 49.4208
210.3701 49.4208
210.3759 49.4208
210.3818 49.4208
210.3876 49.4208
210.3934 49.4208
210.3992 49.4208
210.4050 49.4208
210.4108 49.4208
210.4167 49.4208
210.4225 49.4208
210.4283 49.4208
210.4341 49.4208
210.4399 49.4208
210.4457 49.4208
210.4516 49.4208
210.4574 49.4208
210.4632 49.4208
210.4690 49.4208
210.4748 49.4208
210.4806 49.4208
210.4865 49.4208
210.4923 49.4208
210.4981 49.4208
210.5039 49.4208
210.5097 49.4208
210.5155 49.4208
210.5214 49.4208
210.5272 49.4208
210.5330 49.4208
210.5388 49.4208
210.5446 49.4208
210.5504 49.4208
210.5563 49.4208
210.5621 49.4208
210.5679 49.4208
210.5737 49.4208
210.5795 49.4208
210.5853 49.4208
210.5912 49.4208
210.5970 49.4208
210.6028 49.4208
210.6086 49.4208
210.6144 49.4208
210.6202 49.4208
210.6261 49.4208
210.6319 49.4208
210.6377 49.4208
210.6435 49.4208
210.6493 49.4208
210.6551 49.4208
210.6610 49.4208
210.6668 49.4208
210.6726 49.4208
210.6784 49.4208
210.6842 49.4208
210.6900 49.4208
210.6959 49.4208
210.7017 49.4208
210.7075 49.4208
210.7133 49.4208
210.7191 49.4208
210.7250 49.4208
210.7308 49.4208
210.7366 49.4208
210.7424 49.4208
210.7482 49.4208
210.7540 49.4208
210.7599 49.4208
210.7657 49.4208
210.7715 49.4208
210.7773 49.4208
210.7831 49.4208
210.7889 49.4208
210.7948 49.4208
210.8006 49.4208
210.8064 49.4208
210.8122 49.4208
210.8180 49.4208
210.8238 49.4208
210.8297 49.4208
210.8355 49.4208
210.8413 49.4208
210.8471 49.4208
210.8529 49.4208
210.8587 49.4208
210.8646 49.4208
210.8704 49.4208
210.8762 49.4208
210.8820 49.4208
210.8878 49.4208
210.8936 49.4208
210.8995 49.4208
210.9053 49.4208
210.9111 49.4208
210.9169 49.4208
210.9227 49.4208
210.9285 49.4208
210.9344 49.4208
210.9402 49.4208
210.9460 49.4208
210.9518 49.4208
210.9576 49.4208
210.9634 49.4208
210.9693 49.4208
210.9751 49.4208
210.9809 49.4208
210.9867 49.4208
210.9925 49.4208
210.9983 49.4208
211.0042 49.4208
211.0100 49.4208
211.0158 49.4208
211.0216 49.4208
211.0274 49.4208
211.0332 49.4208
211.0391 49.4208
211.0449 49.4208
211.0507 49.4208
211.0565 49.4208
211.0623 49.4208
211.0681 49.4208
211.0740 49.4208
211.0798 49.4208
211.0856 49.4208
211.0914 49.4208
211.0972 49.4208
211.1030 49.4208
211.1089 49.4208
211.1147 49.4208
211.1205 49.4208
211.1263 49.4208
211.1321 49.4208
211.1379 49.4208
211.1438 49.4208
211.1496 49.4208
211.1554 49.4208
211.1612 49.4208
211.1670 49.4208
211.1728 49.4208
211.1787 49.4208
211.1845 49.4208
211.1903 49.4208
211.1961 49.4208
211.2019 49.4208
211.2077 49.4208
211.2136 49.4208
211.2194 49.4208
211.2252 49.4208
211.2310 49.4208
211.2368 49.4208
211.2426 49.4208
211.2485 49.4208
211.2543 49.4208
211.2601 49.4208
211.2659 49.4208
211.2717 49.4208
211.2775 49.4208
211.2834 49.4208
211.2892 49.4208
211.2950 49.4208
211.3008 49.4208
211.3066 49.4208
211.3124 49.4208
211.3183 49.4208
211.3241 49.4208
211.3299 49.4208
211.3357 49.4208
211.3415 49.4208
211.3473 49.4208
211.3532 49.4208
211.3590 49.4208
211.3648 49.4208
211.3706 49.4208
211.3764 49.4208
211.3822 49.4208
211.3881 49.4208
211.3939 49.4208
211.3997 49.4208
211.4055 49.4208
211.4113 49.4208
211.4171 49.4208
211.4230 49.4208
211.4288 49.4208
211.4346 49.4208
211.4404 49.4208
211.4462 49.4208
211.4520 49.4208
211.4579 49.4208
211.4637 49.4208
211.4695 49.4208
211.4753 49.4208
211.4811 49.4208
211.4869 49.4208
211.4928 49.4208
211.4986 49.4208
211.5044 49.4208
211.5102 49.4208
211.5160 49.4208
211.5218 49.4208
211.5277 49.4208
211.5335 49.4208
211.5393 49.4208
211.5451 49.4208
211.5509 49.4208
211.5567 49.4208
211.5626 49.4208
211.5684 49.4208
211.5742 49.4208
211.5800 49.4208
211.5858 49.4208
211.5916 49.4208
211.5975 49.4208
211.6033 49.4208
211.6091 49.4208
211.6149 49.4208
211.6207 49.4208
211.6265 49.4208
211.6324 49.4208
211.6382 49.4208
211.6440 49.4208
211.6498 49.4208
211.6556 49.4208
211.6615 49.4208
211.6673 49.4208
211.6731 49.4208
211.6789 49.4208
211.6847 49.4208
211.6905 49.4208
211.6964 49.4208
211.7022 49.4208
211.7080 49.4208
211.7138 49.4208
211.7196 49.4208
211.7254 49.4208
211.7313 49.4208
211.7371 49.4208
211.7429 49.4208
211.7487 49.4208
211.7545 49.4208
211.7603 49.4208
211.7662 49.4208
211.7720 49.4208
211.7778 49.4208
211.7836 49.4208
211.7894 49.4208
211.7952 49.4208
211.8011 49.4208
211.8069 49.4208
211.8127 49.4208
211.8185 49.4208
211.8243 49.4208
211.8301 49.4208
211.8360 49.4208
211.8418 49.4208
211.8476 49.4208
211.8534 49.4208
211.8592 49.4208
211.8650 49.4208
211.8709 49.4208
211.8767 49.4208
211.8825 49.4208
211.8883 49.4208
211.8941 49.4208
211.8999 49.4208
211.9058 49.4208
211.9116 49.4208
211.9174 49.4208
211.9232 49.4208
211.9290 49.4208
211.9348 49.4208
211.9407 49.4208
211.9465 49.4208
211.9523 49.4208
211.9581 49.4208
211.9639 49.4208
211.9697 49.4208
211.9756 49.4208
211.9814 49.4208
211.9872 49.4208
211.9930 49.4208
211.9988 49.4208
212.0046 49.4208
212.0105 49.4208
212.0163 49.4208
212.0221 49.4208
212.0279 49.4208
212.0337 49.4208
212.0395 49.4208
212.0454 49.4208
212.0512 49.4208
212.0570 49.4208
212.0628 49.4208
212.0686 49.4208
212.0744 49.4208
212.0803 49.4208
212.0861 49.4208
212.0919 49.4208
212.0977 49.4208
212.1035 49.4208
212.1093 49.4208
212.1152 49.4208
212.1210 49.4208
212.1268 49.4208
212.1326 49.4208
212.1384 49.4208
212.1442 49.4208
212.1501 49.4208
212.1559 49.4208
212.1617 49.4208
212.1675 49.4208
212.1733 49.4208
212.1791 49.4208
212.1850 49.4208
212.1908 49.4208
212.1966 49.4208
212.2024 49.4208
212.2082 49.4208
212.2140 49.4208
212.2199 49.4208
212.2257 49.4208
212.2315 49.4208
212.2373 49.4208
212.2431 49.4208
212.2489 49.4208
212.2548 49.4208
212.2606 49.4208
212.2664 49.4208
212.2722 49.4208
212.2780 49.4208
212.2838 49.4208
212.2897 49.4208
212.2955 49.4208
212.3013 49.4208
212.3071 49.4208
212.3129 49.4208
212.3187 49.4208
212.3246 49.4208
212.3304 49.4208
212.3362 49.4208
212.3420 49.4208
212.3478 49.4208
212.3536 49.4208
212.3595 49.4208
212.3653 49.4208
212.3711 49.4208
212.3769 49.4208
212.3827 49.4208
212.3885 49.4208
212.3944 49.4208
212.4002 49.4208
212.4060 49.4208
212.4118 49.4208
212.4176 49.4208
212.4234 49.4208
212.4293 49.4208
212.4351 49.4208
212.4409 49.4208
212.4467 49.4208
212.4525 49.4208
212.4583 49.4208
212.4642 49.4208
212.4700 49.4208
212.4758 49.4208
212.4816 49.4208
212.4874 49.4208
212.4932 49.4208
212.4991 49.4208
212.5049 49.4208
212.5107 49.4208
212.5165 49.4208
212.5223 49.4208
212.5281 49.4208
212.5340 49.4208
212.5398 49.4208
212.5456 49.4208
212.5514 49.4208
212.5572 49.4208
212.5630 49.4208
212.5689 49.4208
212.5747 49.4208
212.5805 49.4208
212.5863 49.4208
212.5921 49.4208
212.5980 49.4208
212.6038 49.4208
212.6096 49.4208
212.6154 49.4208
212.6212 49.4208
212.6270 49.4208
212.6329 49.4208
212.6387 49.4208
212.6445 49.4208
212.6503 49.4208
212.6561 49.4208
212.6619 49.4208
212.6678 49.4208
212.6736 49.4208
212.6794 49.4208
212.6852 49.4208
212.6910 49.4208
212.6968 49.4208
212.7027 49.4208
212.7085 49.4208
212.7143 49.4208
212.7201 49.4208
212.7259 49.4208
212.7317 49.4208
212.7376 49.4208
212.7434 49.4208
212.7492 49.4208
212.7550 49.4208
212.7608 49.4208
212.7666 49.4208
212.7725 49.4208
212.7783 49.4208
212.7841 49.4208
212.7899 49.4208
212.7957 49.4208
212.8015 49.4208
212.8074 49.4208
212.8132 49.4208
212.8190 49.4208
212.8248 49.4208
212.8306 49.4208
212.8364 49.4208
212.8423 49.4208
212.8481 49.4208
212.8539 49.4208
212.8597 49.4208
212.8655 49.4208
212.8713 49.4208
212.8772 49.4208
212.8830 49.4208
212.8888 49.4208
212.8946 49.4208
212.9004 49.4208
212.9062 49.4208
212.9121 49.4208
212.9179 49.4208
212.9237 49.4208
212.9295 49.4208
212.9353 49.4208
212.9411 49.4208
212.9470 49.4208
212.9528 49.4208
212.9586 49.4208
212.9644 49.4208
212.9702 49.4208
212.9760 49.4208
212.9819 49.4208
212.9877 49.4208
212.9935 49.4208
212.9993 49.4208
213.0051 49.4208
213.0109 49.4208
213.0168 49.4208
213.0226 49.4208
213.0284 49.4208
213.0342 49.4208
213.0400 49.4208
213.0458 49.4208
213.0517 49.4208
213.0575 49.4208
213.0633 49.4208
213.0691 49.4208
213.0749 49.4208
213.0807 49.4208
213.0866 49.4208
213.0924 49.4208
213.0982 49.4208
213.1040 49.4208
213.1098 49.4208
213.1156 49.4208
213.1215 49.4208
213.1273 49.4208
213.1331 49.4208
213.1389 49.4208
213.1447 49.4208
213.1505 49.4208
213.1564 49.4208
213.1622 49.4208
213.1680 49.4208
213.1738 49.4208
213.1796 49.4208
213.1854 49.4208
213.1913 49.4208
213.1971 49.4208
213.2029 49.4208
213.2087 49.4208
213.2145 49.4208
213.2203 49.4208
213.2262 49.4208
213.2320 49.4208
213.2378 49.4208
213.2436 49.4208
213.2494 49.4208
213.2552 49.4208
213.2611 49.4208
213.2669 49.4208
213.2727 49.4208
213.2785 49.4208
213.2843 49.4208
213.2901 49.4208
213.2960 49.4208
213.3018 49.4208
213.3076 49.4208
213.3134 49.4208
213.3192 49.4208
213.3250 49.4208
213.3309 49.4208
213.3367 49.4208
213.3425 49.4208
213.3483 49.4208
213.3541 49.4208
213.3599 49.4208
213.3658 49.4208
213.3716 49.4208
213.3774 49.4208
213.3832 49.4208
213.3890 49.4208
213.3948 49.4208
213.4007 49.4208
213.4065 49.4208
213.4123 49.4208
213.4181 49.4208
213.4239 49.4208
213.4297 49.4208
213.4356 49.4208
213.4414 49.4208
213.4472 49.4208
213.4530 49.4208
213.4588 49.4208
213.4646 49.4208
213.4705 49.4208
213.4763 49.4208
213.4821 49.4208
213.4879 49.4208
213.4937 49.4208
213.4996 49.4208
213.5054 49.4208
213.5112 49.4208
213.5170 49.4208
213.5228 49.4208
213.5286 49.4208
213.5345 49.4208
213.5403 49.4208
213.5461 49.4208
213.5519 49.4208
213.5577 49.4208
213.5635 49.4208
213.5694 49.4208
213.5752 49.4208
213.5810 49.4208
213.5868 49.4208
213.5926 49.4208
213.5984 49.4208
213.6043 49.4208
213.6101 49.4208
213.6159 49.4208
213.6217 49.4208
213.6275 49.4208
213.6333 49.4208
213.6392 49.4208
213.6450 49.4208
213.6508 49.4208
213.6566 49.4208
213.6624 49.4208
213.6682 49.4208
213.6741 49.4208
213.6799 49.4208
213.6857 49.4208
213.6915 49.4208
213.6973 49.4208
213.7031 49.4208
213.7090 49.4208
213.7148 49.4208
213.7206 49.4208
213.7264 49.4208
213.7322 49.4208
213.7380 49.4208
213.7439 49.4208
213.7497 49.4208
213.7555 49.4208
213.7613 49.4208
213.7671 49.4208
213.7729 49.4208
213.7788 49.4208
213.7846 49.4208
213.7904 49.4208
213.7962 49.4208
213.8020 49.4208
213.8078 49.4208
213.8137 49.4208
213.8195 49.4208
213.8253 49.4208
213.8311 49.4208
213.8369 49.4208
213.8427 49.4208
213.8486 49.4208
213.8544 49.4208
213.8602 49.4208
213.8660 49.4208
213.8718 49.4208
213.8776 49.4208
213.8835 49.4208
213.8893 49.4208
213.8951 49.4208
213.9009 49.4208
213.9067 49.4208
213.9125 49.4208
213.9184 49.4208
213.9242 49.4208
213.9300 49.4208
213.9358 49.4208
213.9416 49.4208
213.9474 49.4208
213.9533 49.4208
213.9591 49.4208
213.9649 49.4208
213.9707 49.4208
213.9765 49.4208
213.9823 49.4208
213.9882 49.4208
213.9940 49.4208
213.9998 49.4208
214.0056 49.4208
214.0114 49.4208
214.0172 49.4208
214.0231 49.4208
214.0289 49.4208
214.0347 49.4208
214.0405 49.4208
214.0463 49.4208
214.0521 49.4208
214.0580 49.4208
214.0638 49.4208
214.0696 49.4208
214.0754 49.4208
214.0812 49.4208
214.0870 49.4208
214.0929 49.4208
214.0987 49.4208
214.1045 49.4208
214.1103 49.4208
214.1161 49.4208
214.1219 49.4208
214.1278 49.4208
214.1336 49.4208
214.1394 49.4208
214.1452 49.4208
214.1510 49.4208
214.1568 49.4208
214.1627 49.4208
214.1685 49.4208
214.1743 49.4208
214.1801 49.4208
214.1859 49.4208
214.1917 49.4208
214.1976 49.4208
214.2034 49.4208
214.2092 49.4208
214.2150 49.4208
214.2208 49.4208
214.2266 49.4208
214.2325 49.4208
214.2383 49.4208
214.2441 49.4208
214.2499 49.4208
214.2557 49.4208
214.2615 49.4208
214.2674 49.4208
214.2732 49.4208
214.2790 49.4208
214.2848 49.4208
214.2906 49.4208
214.2964 49.4208
214.3023 49.4208
214.3081 49.4208
214.3139 49.4208
214.3197 49.4208
214.3255 49.4208
214.3313 49.4208
214.3372 49.4208
214.3430 49.4208
214.3488 49.4208
214.3546 49.4208
214.3604 49.4208
214.3662 49.4208
214.3721 49.4208
214.3779 49.4208
214.3837 49.4208
214.3895 49.4208
214.3953 49.4208
214.4011 49.4208
214.4070 49.4208
214.4128 49.4208
214.4186 49.4208
214.4244 49.4208
214.4302 49.4208
214.4361 49.4208
214.4419 49.4208
214.4477 49.4208
214.4535 49.4208
214.4593 49.4208
214.4651 49.4208
214.4710 49.4208
214.4768 49.4208
214.4826 49.4208
214.4884 49.4208
214.4942 49.4208
214.5000 49.4208
214.5059 49.4208
214.5117 49.4208
214.5175 49.4208
214.5233 49.4208
214.5291 49.4208
214.5349 49.4208
214.5408 49.4208
214.5466 49.4208
214.5524 49.4208
214.5582 49.4208
214.5640 49.4208
214.5698 49.4208
214.5757 49.4208
214.5815 49.4208
214.5873 49.4208
214.5931 49.4208
214.5989 49.4208
214.6047 49.4208
214.6106 49.4208
214.6164 49.4208
214.6222 49.4208
214.6280 49.4208
214.6338 49.4208
214.6396 49.4208
214.6455 49.4208
214.6513 49.4208
214.6571 49.4208
214.6629 49.4208
214.6687 49.4208
214.6745 49.4208
214.6804 49.4208
214.6862 49.4208
214.6920 49.4208
214.6978 49.4208
214.7036 49.4208
214.7094 49.4208
214.7153 49.4208
214.7211 49.4208
214.7269 49.4208
214.7327 49.4208
214.7385 49.4208
214.7443 49.4208
214.7502 49.4208
214.7560 49.4208
214.7618 49.4208
214.7676 49.4208
214.7734 49.4208
214.7792 49.4208
214.7851 49.4208
214.7909 49.4208
214.7967 49.4208
214.8025 49.4208
214.8083 49.4208
214.8141 49.4208
214.8200 49.4208
214.8258 49.4208
214.8316 49.4208
214.8374 49.4208
214.8432 49.4208
214.8490 49.4208
214.8549 49.4208
214.8607 49.4208
214.8665 49.4208
214.8723 49.4208
214.8781 49.4208
214.8839 49.4208
214.8898 49.4208
214.8956 49.4208
214.9014 49.4208
214.9072 49.4208
214.9130 49.4208
214.9188 49.4208
214.9247 49.4208
214.9305 49.4208
214.9363 49.4208
214.9421 49.4208
214.9479 49.4208
214.9537 49.4208
214.9596 49.4208
214.9654 49.4208
214.9712 49.4208
214.9770 49.4208
214.9828 49.4208
214.9886 49.4208
214.9945 49.4208
215.0003 49.4208
215.0061 49.4208
215.0119 49.4208
215.0177 49.4208
215.0235 49.4208
215.0294 49.4208
215.0352 49.4208
215.0410 49.4208
215.0468 49.4208
215.0526 49.4208
215.0584 49.4208
215.0643 49.4208
215.0701 49.4208
215.0759 49.4208
215.0817 49.4208
215.0875 49.4208
215.0933 49.4208
215.0992 49.4208
215.1050 49.4208
215.1108 49.4208
215.1166 49.4208
215.1224 49.4208
215.1282 49.4208
215.1341 49.4208
215.1399 49.4208
215.1457 49.4208
215.1515 49.4208
215.1573 49.4208
215.1631 49.4208
215.1690 49.4208
215.1748 49.4208
215.1806 49.4208
215.1864 49.4208
215.1922 49.4208
215.1980 49.4208
215.2039 49.4208
215.2097 49.4208
215.2155 49.4208
215.2213 49.4208
215.2271 49.4208
215.2329 49.4208
215.2388 49.4208
215.2446 49.4208
215.2504 49.4208
215.2562 49.4208
215.2620 49.4208
215.2678 49.4208
215.2737 49.4208
215.2795 49.4208
215.2853 49.4208
215.2911 49.4208
215.2969 49.4208
215.3027 49.4208
215.3086 49.4208
215.3144 49.4208
215.3202 49.4208
215.3260 49.4208
215.3318 49.4208
215.3377 49.4208
215.3435 49.4208
215.3493 49.4208
215.3551 49.4208
215.3609 49.4208
215.3667 49.4208
215.3726 49.4208
215.3784 49.4208
215.3842 49.4208
215.3900 49.4208
215.3958 49.4208
215.4016 49.4208
215.4075 49.4208
215.4133 49.4208
215.4191 49.4208
215.4249 49.4208
215.4307 49.4208
215.4365 49.4208
215.4424 49.4208
215.4482 49.4208
215.4540 49.4208
215.4598 49.4208
215.4656 49.4208
215.4714 49.4208
215.4773 49.4208
215.4831 49.4208
215.4889 49.4208
215.4947 49.4208
215.5005 49.4208
215.5063 49.4208
215.5122 49.4208
215.5180 49.4208
215.5238 49.4208
215.5296 49.4208
215.5354 49.4208
215.5412 49.4208
215.5471 49.4208
215.5529 49.4208
215.5587 49.4208
215.5645 49.4208
215.5703 49.4208
215.5761 49.4208
215.5820 49.4208
215.5878 49.4208
215.5936 49.4208
215.5994 49.4208
215.6052 49.4208
215.6110 49.4208
215.6169 49.4208
215.6227 49.4208
215.6285 49.4208
215.6343 49.4208
215.6401 49.4208
215.6459 49.4208
215.6518 49.4208
215.6576 49.4208
215.6634 49.4208
215.6692 49.4208
215.6750 49.4208
215.6808 49.4208
215.6867 49.4208
215.6925 49.4208
215.6983 49.4208
215.7041 49.4208
215.7099 49.4208
215.7157 49.4208
215.7216 49.4208
215.7274 49.4208
215.7332 49.4208
215.7390 49.4208
215.7448 49.4208
215.7506 49.4208
215.7565 49.4208
215.7623 49.4208
215.7681 49.4208
215.7739 49.4208
215.7797 49.4208
215.7855 49.4208
215.7914 49.4208
215.7972 49.4208
215.8030 49.4208
215.8088 49.4208
215.8146 49.4208
215.8204 49.4208
215.8263 49.4208
215.8321 49.4208
215.8379 49.4208
215.8437 49.4208
215.8495 49.4208
215.8553 49.4208
215.8612 49.4208
215.8670 49.4208
215.8728 49.4208
215.8786 49.4208
215.8844 49.4208
215.8902 49.4208
215.8961 49.4208
215.9019 49.4208
215.9077 49.4208
215.9135 49.4208
215.9193 49.4208
215.9251 49.4208
215.9310 49.4208
215.9368 49.4208
215.9426 49.4208
215.9484 49.4208
215.9542 49.4208
215.9600 49.4208
215.9659 49.4208
215.9717 49.4208
215.9775 49.4208
215.9833 49.4208
215.9891 49.4208
215.9949 49.4208
216.0008 49.4208
216.0066 49.4208
216.0124 49.4208
216.0182 49.4208
216.0240 49.4208
216.0298 49.4208
216.0357 49.4208
216.0415 49.4208
216.0473 49.4208
216.0531 49.4208
216.0589 49.4208
216.0647 49.4208
216.0706 49.4208
216.0764 49.4208
216.0822 49.4208
216.0880 49.4208
216.0938 49.4208
216.0996 49.4208
216.1055 49.4208
216.1113 49.4208
216.1171 49.4208
216.1229 49.4208
216.1287 49.4208
216.1345 49.4208
216.1404 49.4208
216.1462 49.4208
216.1520 49.4208
216.1578 49.4208
216.1636 49.4208
216.1694 49.4208
216.1753 49.4208
216.1811 49.4208
216.1869 49.4208
216.1927 49.4208
216.1985 49.4208
216.2043 49.4208
216.2102 49.4208
216.2160 49.4208
216.2218 49.4208
216.2276 49.4208
216.2334 49.4208
216.2392 49.4208
216.2451 49.4208
216.2509 49.4208
216.2567 49.4208
216.2625 49.4208
216.2683 49.4208
216.2742 49.4208
216.2800 49.4208
216.2858 49.4208
216.2916 49.4208
216.2974 49.4208
216.3032 49.4208
216.3091 49.4208
216.3149 49.4208
216.3207 49.4208
216.3265 49.4208
216.3323 49.4208
216.3381 49.4208
216.3440 49.4208
216.3498 49.4208
216.3556 49.4208
216.3614 49.4208
216.3672 49.4208
216.3730 49.4208
216.3789 49.4208
216.3847 49.4208
216.3905 49.4208
216.3963 49.4208
216.4021 49.4208
216.4079 49.4208
216.4138 49.4208
216.4196 49.4208
216.4254 49.4208
216.4312 49.4208
216.4370 49.4208
216.4428 49.4208
216.4487 49.4208
216.4545 49.4208
216.4603 49.4208
216.4661 49.4208
216.4719 49.4208
216.4777 49.4208
216.4836 49.4208
216.4894 49.4208
216.4952 49.4208
216.5010 49.4208
216.5068 49.4208
216.5126 49.4208
216.5185 49.4208
216.5243 49.4208
216.5301 49.4208
216.5359 49.4208
216.5417 49.4208
216.5475 49.4208
216.5534 49.4208
216.5592 49.4208
216.5650 49.4208
216.5708 49.4208
216.5766 49.4208
216.5824 49.4208
216.5883 49.4208
216.5941 49.4208
216.5999 49.4208
216.6057 49.4208
216.6115 49.4208
216.6173 49.4208
216.6232 49.4208
216.6290 49.4208
216.6348 49.4208
216.6406 49.4208
216.6464 49.4208
216.6522 49.4208
216.6581 49.4208
216.6639 49.4208
216.6697 49.4208
216.6755 49.4208
216.6813 49.4208
216.6871 49.4208
216.6930 49.4208
216.6988 49.4208
216.7046 49.4208
216.7104 49.4208
216.7162 49.4208
216.7220 49.4208
216.7279 49.4208
216.7337 49.4208
216.7395 49.4208
216.7453 49.4208
216.7511 49.4208
216.7569 49.4208
216.7628 49.4208
216.7686 49.4208
216.7744 49.4208
216.7802 49.4208
216.7860 49.4208
216.7918 49.4208
216.7977 49.4208
216.8035 49.4208
216.8093 49.4208
216.8151 49.4208
216.8209 49.4208
216.8267 49.4208
216.8326 49.4208
216.8384 49.4208
216.8442 49.4208
216.8500 49.4208
216.8558 49.4208
216.8616 49.4208
216.8675 49.4208
216.8733 49.4208
216.8791 49.4208
216.8849 49.4208
216.8907 49.4208
216.8965 49.4208
216.9024 49.4208
216.9082 49.4208
216.9140 49.4208
216.9198 49.4208
216.9256 49.4208
216.9314 49.4208
216.9373 49.4208
216.9431 49.4208
216.9489 49.4208
216.9547 49.4208
216.9605 49.4208
216.9663 49.4208
216.9722 49.4208
216.9780 49.4208
216.9838 49.4208
216.9896 49.4208
216.9954 49.4208
217.0012 49.4208
217.0071 49.4208
217.0129 49.4208
217.0187 49.4208
217.0245 49.4208
217.0303 49.4208
217.0361 49.4208
217.0420 49.4208
217.0478 49.4208
217.0536 49.4208
217.0594 49.4208
217.0652 49.4208
217.0710 49.4208
217.0769 49.4208
217.0827 49.4208
217.0885 49.4208
217.0943 49.4208
217.1001 49.4208
217.1059 49.4208
217.1118 49.4208
217.1176 49.4208
217.1234 49.4208
217.1292 49.4208
217.1350 49.4208
217.1408 49.4208
217.1467 49.4208
217.1525 49.4208
217.1583 49.4208
217.1641 49.4208
217.1699 49.4208
217.1757 49.4208
217.1816 49.4208
217.1874 49.4208
217.1932 49.4208
217.1990 49.4208
217.2048 49.4208
217.2107 49.4208
217.2165 49.4208
217.2223 49.4208
217.2281 49.4208
217.2339 49.4208
217.2397 49.4208
217.2456 49.4208
217.2514 49.4208
217.2572 49.4208
217.2630 49.4208
217.2688 49.4208
217.2746 49.4208
217.2805 49.4208
217.2863 49.4208
217.2921 49.4208
217.2979 49.4208
217.3037 49.4208
217.3095 49.4208
217.3154 49.4208
217.3212 49.4208
217.3270 49.4208
217.3328 49.4208
217.3386 49.4208
217.3444 49.4208
217.3503 49.4208
217.3561 49.4208
217.3619 49.4208
217.3677 49.4208
217.3735 49.4208
217.3793 49.4208
217.3852 49.4208
217.3910 49.4208
217.3968 49.4208
217.4026 49.4208
217.4084 49.4208
217.4142 49.4208
217.4201 49.4208
217.4259 49.4208
217.4317 49.4208
217.4375 49.4208
217.4433 49.4208
217.4491 49.4208
217.4550 49.4208
217.4608 49.4208
217.4666 49.4208
217.4724 49.4208
217.4782 49.4208
217.4840 49.4208
217.4899 49.4208
217.4957 49.4208
217.5015 49.4208
217.5073 49.4208
217.5131 49.4208
217.5189 49.4208
217.5248 49.4208
217.5306 49.4208
217.5364 49.4208
217.5422 49.4208
217.5480 49.4208
217.5538 49.4208
217.5597 49.4208
217.5655 49.4208
217.5713 49.4208
217.5771 49.4208
217.5829 49.4208
217.5887 49.4208
217.5946 49.4208
217.6004 49.4208
217.6062 49.4208
217.6120 49.4208
217.6178 49.4208
217.6236 49.4208
217.6295 49.4208
217.6353 49.4208
217.6411 49.4208
217.6469 49.4208
217.6527 49.4208
217.6585 49.4208
217.6644 49.4208
217.6702 49.4208
217.6760 49.4208
217.6818 49.4208
217.6876 49.4208
217.6934 49.4208
217.6993 49.4208
217.7051 49.4208
217.7109 49.4208
217.7167 49.4208
217.7225 49.4208
217.7283 49.4208
217.7342 49.4208
217.7400 49.4208
217.7458 49.4208
217.7516 49.4208
217.7574 49.4208
217.7632 49.4208
217.7691 49.4208
217.7749 49.4208
217.7807 49.4208
217.7865 49.4208
217.7923 49.4208
217.7981 49.4208
217.8040 49.4208
217.8098 49.4208
217.8156 49.4208
217.8214 49.4208
217.8272 49.4208
217.8330 49.4208
217.8389 49.4208
217.8447 49.4208
217.8505 49.4208
217.8563 49.4208
217.8621 49.4208
217.8679 49.4208
217.8738 49.4208
217.8796 49.4208
217.8854 49.4208
217.8912 49.4208
217.8970 49.4208
217.9028 49.4208
217.9087 49.4208
217.9145 49.4208
217.9203 49.4208
217.9261 49.4208
217.9319 49.4208
217.9377 49.4208
217.9436 49.4208
217.9494 49.4208
217.9552 49.4208
217.9610 49.4208
217.9668 49.4208
217.9726 49.4208
217.9785 49.4208
217.9843 49.4208
217.9901 49.4208
217.9959 49.4208
218.0017 49.4208
218.0075 49.4208
218.0134 49.4208
218.0192 49.4208
218.0250 49.4208
218.0308 49.4208
218.0366 49.4208
218.0424 49.4208
218.0483 49.4208
218.0541 49.4208
218.0599 49.4208
218.0657 49.4208
218.0715 49.4208
218.0773 49.4208
218.0832 49.4208
218.0890 49.4208
218.0948 49.4208
218.1006 49.4208
218.1064 49.4208
218.1123 49.4208
218.1181 49.4208
218.1239 49.4208
218.1297 49.4208
218.1355 49.4208
218.1413 49.4208
218.1472 49.4208
218.1530 49.4208
218.1588 49.4208
218.1646 49.4208
218.1704 49.4208
218.1762 49.4208
218.1821 49.4208
218.1879 49.4208
218.1937 49.4208
218.1995 49.4208
218.2053 49.4208
218.2111 49.4208
218.2170 49.4208
218.2228 49.4208
218.2286 49.4208
218.2344 49.4208
218.2402 49.4208
218.2460 49.4208
218.2519 49.4208
218.2577 49.4208
218.2635 49.4208
218.2693 49.4208
218.2751 49.4208
218.2809 49.4208
218.2868 49.4208
218.2926 49.4208
218.2984 49.4208
218.3042 49.4208
218.3100 49.4208
218.3158 49.4208
218.3217 49.4208
218.3275 49.4208
218.3333 49.4208
218.3391 49.4208
218.3449 49.4208
218.3507 49.4208
218.3566 49.4208
218.3624 49.4208
218.3682 49.4208
218.3740 49.4208
218.3798 49.4208
218.3856 49.4208
218.3915 49.4208
218.3973 49.4208
218.4031 49.4208
218.4089 49.4208
218.4147 49.4208
218.4205 49.4208
218.4264 49.4208
218.4322 49.4208
218.4380 49.4208
218.4438 49.4208
218.4496 49.4208
218.4554 49.4208
218.4613 49.4208
218.4671 49.4208
218.4729 49.4208
218.4787 49.4208
218.4845 49.4208
218.4903 49.4208
218.4962 49.4208
218.5020 49.4208
218.5078 49.4208
218.5136 49.4208
218.5194 49.4208
218.5252 49.4208
218.5311 49.4208
218.5369 49.4208
218.5427 49.4208
218.5485 49.4208
218.5543 49.4208
218.5601 49.4208
218.5660 49.4208
218.5718 49.4208
218.5776 49.4208
218.5834 49.4208
218.5892 49.4208
218.5950 49.4208
218.6009 49.4208
218.6067 49.4208
218.6125 49.4208
218.6183 49.4208
218.6241 49.4208
218.6299 49.4208
218.6358 49.4208
218.6416 49.4208
218.6474 49.4208
218.6532 49.4208
218.6590 49.4208
218.6648 49.4208
218.6707 49.4208
218.6765 49.4208
218.6823 49.4208
218.6881 49.4208
218.6939 49.4208
218.6997 49.4208
218.7056 49.4208
218.7114 49.4208
218.7172 49.4208
218.7230 49.4208
218.7288 49.4208
218.7346 49.4208
218.7405 49.4208
218.7463 49.4208
218.7521 49.4208
218.7579 49.4208
218.7637 49.4208
218.7695 49.4208
218.7754 49.4208
218.7812 49.4208
218.7870 49.4208
218.7928 49.4208
218.7986 49.4208
218.8044 49.4208
218.8103 49.4208
218.8161 49.4208
218.8219 49.4208
218.8277 49.4208
218.8335 49.4208
218.8393 49.4208
218.8452 49.4208
218.8510 49.4208
218.8568 49.4208
218.8626 49.4208
218.8684 49.4208
218.8742 49.4208
218.8801 49.4208
218.8859 49.4208
218.8917 49.4208
218.8975 49.4208
218.9033 49.4208
218.9091 49.4208
218.9150 49.4208
218.9208 49.4208
218.9266 49.4208
218.9324 49.4208
218.9382 49.4208
218.9440 49.4208
218.9499 49.4208
218.9557 49.4208
218.9615 49.4208
218.9673 49.4208
218.9731 49.4208
218.9789 49.4208
218.9848 49.4208
218.9906 49.4208
218.9964 49.4208
219.0022 49.4208
219.0080 49.4208
219.0138 49.4208
219.0197 49.4208
219.0255 49.4208
219.0313 49.4208
219.0371 49.4208
219.0429 49.4208
219.0488 49.4208
219.0546 49.4208
219.0604 49.4208
219.0662 49.4208
219.0720 49.4208
219.0778 49.4208
219.0837 49.4208
219.0895 49.4208
219.0953 49.4208
219.1011 49.4208
219.1069 49.4208
219.1127 49.4208
219.1186 49.4208
219.1244 49.4208
219.1302 49.4208
219.1360 49.4208
219.1418 49.4208
219.1476 49.4208
219.1535 49.4208
219.1593 49.4208
219.1651 49.4208
219.1709 49.4208
219.1767 49.4208
219.1825 49.4208
219.1884 49.4208
219.1942 49.4208
219.2000 49.4208
219.2058 49.4208
219.2116 49.4208
219.2174 49.4208
219.2233 49.4208
219.2291 49.4208
219.2349 49.4208
219.2407 49.4208
219.2465 49.4208
219.2523 49.4208
219.2582 49.4208
219.2640 49.4208
219.2698 49.4208
219.2756 49.4208
219.2814 49.4208
219.2872 49.4208
219.2931 49.4208
219.2989 49.4208
219.3047 49.4208
219.3105 49.4208
219.3163 49.4208
219.3221 49.4208
219.3280 49.4208
219.3338 49.4208
219.3396 49.4208
219.3454 49.4208
219.3512 49.4208
219.3570 49.4208
219.3629 49.4208
219.3687 49.4208
219.3745 49.4208
219.3803 49.4208
219.3861 49.4208
219.3919 49.4208
219.3978 49.4208
219.4036 49.4208
219.4094 49.4208
219.4152 49.4208
219.4210 49.4208
219.4268 49.4208
219.4327 49.4208
219.4385 49.4208
219.4443 49.4208
219.4501 49.4208
219.4559 49.4208
219.4617 49.4208
219.4676 49.4208
219.4734 49.4208
219.4792 49.4208
219.4850 49.4208
219.4908 49.4208
219.4966 49.4208
219.5025 49.4208
219.5083 49.4208
219.5141 49.4208
219.5199 49.4208
219.5257 49.4208
219.5315 49.4208
219.5374 49.4208
219.5432 49.4208
219.5490 49.4208
219.5548 49.4208
219.5606 49.4208
219.5664 49.4208
219.5723 49.4208
219.5781 49.4208
219.5839 49.4208
219.5897 49.4208
219.5955 49.4208
219.6013 49.4208
219.6072 49.4208
219.6130 49.4208
219.6188 49.4208
219.6246 49.4208
219.6304 49.4208
219.6362 49.4208
219.6421 49.4208
219.6479 49.4208
219.6537 49.4208
219.6595 49.4208
219.6653 49.4208
219.6711 49.4208
219.6770 49.4208
219.6828 49.4208
219.6886 49.4208
219.6944 49.4208
219.7002 49.4208
219.7060 49.4208
219.7119 49.4208
219.7177 49.4208
219.7235 49.4208
219.7293 49.4208
219.7351 49.4208
219.7409 49.4208
219.7468 49.4208
219.7526 49.4208
219.7584 49.4208
219.7642 49.4208
219.7700 49.4208
219.7758 49.4208
219.7817 49.4208
219.7875 49.4208
219.7933 49.4208
219.7991 49.4208
219.8049 49.4208
219.8107 49.4208
219.8166 49.4208
219.8224 49.4208
219.8282 49.4208
219.8340 49.4208
219.8398 49.4208
219.8456 49.4208
219.8515 49.4208
219.8573 49.4208
219.8631 49.4208
219.8689 49.4208
219.8747 49.4208
219.8805 49.4208
219.8864 49.4208
219.8922 49.4208
219.8980 49.4208
219.9038 49.4208
219.9096 49.4208
219.9154 49.4208
219.9213 49.4208
219.9271 49.4208
219.9329 49.4208
219.9387 49.4208
219.9445 49.4208
219.9503 49.4208
219.9562 49.4208
219.9620 49.4208
219.9678 49.4208
219.9736 49.4208
219.9794 49.4208
219.9853 49.4208
219.9911 49.4208
219.9969 49.4208
220.0027 49.4208
220.0085 49.4208
220.0143 49.4208
220.0202 49.4208
220.0260 49.4208
220.0318 49.4208
220.0376 49.4208
220.0434 49.4208
220.0492 49.4208
220.0551 49.4208
220.0609 49.4208
220.0667 49.4208
220.0725 49.4208
220.0783 49.4208
220.0841 49.4208
220.0900 49.4208
220.0958 49.4208
220.1016 49.4208
220.1074 49.4208
220.1132 49.4208
220.1190 49.4208
220.1249 49.4208
220.1307 49.4208
220.1365 49.4208
220.1423 49.4208
220.1481 49.4208
220.1539 49.4208
220.1598 49.4208
220.1656 49.4208
220.1714 49.4208
220.1772 49.4208
220.1830 49.4208
220.1888 49.4208
220.1947 49.4208
220.2005 49.4208
220.2063 49.4208
220.2121 49.4208
220.2179 49.4208
220.2237 49.4208
220.2296 49.4208
220.2354 49.4208
220.2412 49.4208
220.2470 49.4208
220.2528 49.4208
220.2586 49.4208
220.2645 49.4208
220.2703 49.4208
220.2761 49.4208
220.2819 49.4208
220.2877 49.4208
220.2935 49.4208
220.2994 49.4208
220.3052 49.4208
220.3110 49.4208
220.3168 49.4208
220.3226 49.4208
220.3284 49.4208
220.3343 49.4208
220.3401 49.4208
220.3459 49.4208
220.3517 49.4208
220.3575 49.4208
220.3633 49.4208
220.3692 49.4208
220.3750 49.4208
220.3808 49.4208
220.3866 49.4208
220.3924 49.4208
220.3982 49.4208
220.4041 49.4208
220.4099 49.4208
220.4157 49.4208
220.4215 49.4208
220.4273 49.4208
220.4331 49.4208
220.4390 49.4208
220.4448 49.4208
220.4506 49.4208
220.4564 49.4208
220.4622 49.4208
220.4680 49.4208
220.4739 49.4208
220.4797 49.4208
220.4855 49.4208
220.4913 49.4208
220.4971 49.4208
220.5029 49.4208
220.5088 49.4208
220.5146 49.4208
220.5204 49.4208
220.5262 49.4208
220.5320 49.4208
220.5378 49.4208
220.5437 49.4208
220.5495 49.4208
220.5553 49.4208
220.5611 49.4208
220.5669 49.4208
220.5727 49.4208
220.5786 49.4208
220.5844 49.4208
220.5902 49.4208
220.5960 49.4208
220.6018 49.4208
220.6076 49.4208
220.6135 49.4208
220.6193 49.4208
220.6251 49.4208
220.6309 49.4208
220.6367 49.4208
220.6425 49.4208
220.6484 49.4208
220.6542 49.4208
220.6600 49.4208
220.6658 49.4208
220.6716 49.4208
220.6774 49.4208
220.6833 49.4208
220.6891 49.4208
220.6949 49.4208
220.7007 49.4208
220.7065 49.4208
220.7123 49.4208
220.7182 49.4208
220.7240 49.4208
220.7298 49.4208
220.7356 49.4208
220.7414 49.4208
220.7472 49.4208
220.7531 49.4208
220.7589 49.4208
220.7647 49.4208
220.7705 49.4208
220.7763 49.4208
220.7821 49.4208
220.7880 49.4208
220.7938 49.4208
220.7996 49.4208
220.8054 49.4208
220.8112 49.4208
220.8170 49.4208
220.8229 49.4208
220.8287 49.4208
220.8345 49.4208
220.8403 49.4208
220.8461 49.4208
220.8519 49.4208
220.8578 49.4208
220.8636 49.4208
220.8694 49.4208
220.8752 49.4208
220.8810 49.4208
220.8869 49.4208
220.8927 49.4208
220.8985 49.4208
220.9043 49.4208
220.9101 49.4208
220.9159 49.4208
220.9218 49.4208
220.9276 49.4208
220.9334 49.4208
220.9392 49.4208
220.9450 49.4208
220.9508 49.4208
220.9567 49.4208
220.9625 49.4208
220.9683 49.4208
220.9741 49.4208
220.9799 49.4208
220.9857 49.4208
220.9916 49.4208
220.9974 49.4208
221.0032 49.4208
221.0090 49.4208
221.0148 49.4208
221.0206 49.4208
221.0265 49.4208
221.0323 49.4208
221.0381 49.4208
221.0439 49.4208
221.0497 49.4208
221.0555 49.4208
221.0614 49.4208
221.0672 49.4208
221.0730 49.4208
221.0788 49.4208
221.0846 49.4208
221.0904 49.4208
221.0963 49.4208
221.1021 49.4208
221.1079 49.4208
221.1137 49.4208
221.1195 49.4208
221.1253 49.4208
221.1312 49.4208
221.1370 49.4208
221.1428 49.4208
221.1486 49.4208
221.1544 49.4208
221.1602 49.4208
221.1661 49.4208
221.1719 49.4208
221.1777 49.4208
221.1835 49.4208
221.1893 49.4208
221.1951 49.4208
221.2010 49.4208
221.2068 49.4208
221.2126 49.4208
221.2184 49.4208
221.2242 49.4208
221.2300 49.4208
221.2359 49.4208
221.2417 49.4208
221.2475 49.4208
221.2533 49.4208
221.2591 49.4208
221.2649 49.4208
221.2708 49.4208
221.2766 49.4208
221.2824 49.4208
221.2882 49.4208
221.2940 49.4208
221.2998 49.4208
221.3057 49.4208
221.3115 49.4208
221.3173 49.4208
221.3231 49.4208
221.3289 49.4208
221.3347 49.4208
221.3406 49.4208
221.3464 49.4208
221.3522 49.4208
221.3580 49.4208
221.3638 49.4208
221.3696 49.4208
221.3755 49.4208
221.3813 49.4208
221.3871 49.4208
221.3929 49.4208
221.3987 49.4208
221.4045 49.4208
221.4104 49.4208
221.4162 49.4208
221.4220 49.4208
221.4278 49.4208
221.4336 49.4208
221.4394 49.4208
221.4453 49.4208
221.4511 49.4208
221.4569 49.4208
221.4627 49.4208
221.4685 49.4208
221.4743 49.4208
221.4802 49.4208
221.4860 49.4208
221.4918 49.4208
221.4976 49.4208
221.5034 49.4208
221.5092 49.4208
221.5151 49.4208
221.5209 49.4208
221.5267 49.4208
221.5325 49.4208
221.5383 49.4208
221.5441 49.4208
221.5500 49.4208
221.5558 49.4208
221.5616 49.4208
221.5674 49.4208
221.5732 49.4208
221.5790 49.4208
221.5849 49.4208
221.5907 49.4208
221.5965 49.4208
221.6023 49.4208
221.6081 49.4208
221.6139 49.4208
221.6198 49.4208
221.6256 49.4208
221.6314 49.4208
221.6372 49.4208
221.6430 49.4208
221.6488 49.4208
221.6547 49.4208
221.6605 49.4208
221.6663 49.4208
221.6721 49.4208
221.6779 49.4208
221.6837 49.4208
221.6896 49.4208
221.6954 49.4208
221.7012 49.4208
221.7070 49.4208
221.7128 49.4208
221.7186 49.4208
221.7245 49.4208
221.7303 49.4208
221.7361 49.4208
221.7419 49.4208
221.7477 49.4208
221.7535 49.4208
221.7594 49.4208
221.7652 49.4208
221.7710 49.4208
221.7768 49.4208
221.7826 49.4208
221.7884 49.4208
221.7943 49.4208
221.8001 49.4208
221.8059 49.4208
221.8117 49.4208
221.8175 49.4208
221.8234 49.4208
221.8292 49.4208
221.8350 49.4208
221.8408 49.4208
221.8466 49.4208
221.8524 49.4208
221.8583 49.4208
221.8641 49.4208
221.8699 49.4208
221.8757 49.4208
221.8815 49.4208
221.8873 49.4208
221.8932 49.4208
221.8990 49.4208
221.9048 49.4208
221.9106 49.4208
221.9164 49.4208
221.9222 49.4208
221.9281 49.4208
221.9339 49.4208
221.9397 49.4208
221.9455 49.4208
221.9513 49.4208
221.9571 49.4208
221.9630 49.4208
221.9688 49.4208
221.9746 49.4208
221.9804 49.4208
221.9862 49.4208
221.9920 49.4208
221.9979 49.4208
222.0037 49.4208
222.0095 49.4208
222.0153 49.4208
222.0211 49.4208
222.0269 49.4208
222.0328 49.4208
222.0386 49.4208
222.0444 49.4208
222.0502 49.4208
222.0560 49.4208
222.0618 49.4208
222.0677 49.4208
222.0735 49.4208
222.0793 49.4208
222.0851 49.4208
222.0909 49.4208
222.0967 49.4208
222.1026 49.4208
222.1084 49.4208
222.1142 49.4208
222.1200 49.4208
222.1258 49.4208
222.1316 49.4208
222.1375 49.4208
222.1433 49.4208
222.1491 49.4208
222.1549 49.4208
222.1607 49.4208
222.1665 49.4208
222.1724 49.4208
222.1782 49.4208
222.1840 49.4208
222.1898 49.4208
222.1956 49.4208
222.2014 49.4208
222.2073 49.4208
222.2131 49.4208
222.2189 49.4208
222.2247 49.4208
222.2305 49.4208
222.2363 49.4208
222.2422 49.4208
222.2480 49.4208
222.2538 49.4208
222.2596 49.4208
222.2654 49.4208
222.2712 49.4208
222.2771 49.4208
222.2829 49.4208
222.2887 49.4208
222.2945 49.4208
222.3003 49.4208
222.3061 49.4208
222.3120 49.4208
222.3178 49.4208
222.3236 49.4208
222.3294 49.4208
222.3352 49.4208
222.3410 49.4208
222.3469 49.4208
222.3527 49.4208
222.3585 49.4208
222.3643 49.4208
222.3701 49.4208
222.3759 49.4208
222.3818 49.4208
222.3876 49.4208
222.3934 49.4208
222.3992 49.4208
222.4050 49.4208
222.4108 49.4208
222.4167 49.4208
222.4225 49.4208
222.4283 49.4208
222.4341 49.4208
222.4399 49.4208
222.4457 49.4208
222.4516 49.4208
222.4574 49.4208
222.4632 49.4208
222.4690 49.4208
222.4748 49.4208
222.4806 49.4208
222.4865 49.4208
222.4923 49.4208
222.4981 49.4208
222.5039 49.4208
222.5097 49.4208
222.5155 49.4208
222.5214 49.4208
222.5272 49.4208
222.5330 49.4208
222.5388 49.4208
222.5446 49.4208
222.5504 49.4208
222.5563 49.4208
222.5621 49.4208
222.5679 49.4208
222.5737 49.4208
222.5795 49.4208
222.5853 49.4208
222.5912 49.4208
222.5970 49.4208
222.6028 49.4208
222.6086 49.4208
222.6144 49.4208
222.6202 49.4208
222.6261 49.4208
222.6319 49.4208
222.6377 49.4208
222.6435 49.4208
222.6493 49.4208
222.6551 49.4208
222.6610 49.4208
222.6668 49.4208
222.6726 49.4208
222.6784 49.4208
222.6842 49.4208
222.6900 49.4208
222.6959 49.4208
222.7017 49.4208
222.7075 49.4208
222.7133 49.4208
222.7191 49.4208
222.7250 49.4208
222.7308 49.4208
222.7366 49.4208
222.7424 49.4208
222.7482 49.4208
222.7540 49.4208
222.7599 49.4208
222.7657 49.4208
222.7715 49.4208
222.7773 49.4208
222.7831 49.4208
222.7889 49.4208
222.7948 49.4208
222.8006 49.4208
222.8064 49.4208
222.8122 49.4208
222.8180 49.4208
222.8238 49.4208
222.8297 49.4208
222.8355 49.4208
222.8413 49.4208
222.8471 49.4208
222.8529 49.4208
222.8587 49.4208
222.8646 49.4208
222.8704 49.4208
222.8762 49.4208
222.8820 49.4208
222.8878 49.4208
222.8936 49.4208
222.8995 49.4208
222.9053 49.4208
222.9111 49.4208
222.9169 49.4208
222.9227 49.4208
222.9285 49.4208
222.9344 49.4208
222.9402 49.4208
222.9460 49.4208
222.9518 49.4208
222.9576 49.4208
222.9634 49.4208
222.9693 49.4208
222.9751 49.4208
222.9809 49.4208
222.9867 49.4208
222.9925 49.4208
222.9983 49.4208
223.0042 49.4208
223.0100 49.4208
223.0158 49.4208
223.0216 49.4208
223.0274 49.4208
223.0332 49.4208
223.0391 49.4208
223.0449 49.4208
223.0507 49.4208
223.0565 49.4208
223.0623 49.4208
223.0681 49.4208
223.0740 49.4208
223.0798 49.4208
223.0856 49.4208
223.0914 49.4208
223.0972 49.4208
223.1030 49.4208
223.1089 49.4208
223.1147 49.4208
223.1205 49.4208
223.1263 49.4208
223.1321 49.4208
223.1379 49.4208
223.1438 49.4208
223.1496 49.4208
223.1554 49.4208
223.1612 49.4208
223.1670 49.4208
223.1728 49.4208
223.1787 49.4208
223.1845 49.4208
223.1903 49.4208
223.1961 49.4208
223.2019 49.4208
223.2077 49.4208
223.2136 49.4208
223.2194 49.4208
223.2252 49.4208
223.2310 49.4208
223.2368 49.4208
223.2426 49.4208
223.2485 49.4208
223.2543 49.4208
223.2601 49.4208
223.2659 49.4208
223.2717 49.4208
223.2775 49.4208
223.2834 49.4208
223.2892 49.4208
223.2950 49.4208
223.3008 49.4208
223.3066 49.4208
223.3124 49.4208
223.3183 49.4208
223.3241 49.4208
223.3299 49.4208
223.3357 49.4208
223.3415 49.4208
223.3473 49.4208
223.3532 49.4208
223.3590 49.4208
223.3648 49.4208
223.3706 49.4208
223.3764 49.4208
223.3822 49.4208
223.3881 49.4208
223.3939 49.4208
223.3997 49.4208
223.4055 49.4208
223.4113 49.4208
223.4171 49.4208
223.4230 49.4208
223.4288 49.4208
223.4346 49.4208
223.4404 49.4208
223.4462 49.4208
223.4520 49.4208
223.4579 49.4208
223.4637 49.4208
223.4695 49.4208
223.4753 49.4208
223.4811 49.4208
223.4869 49.4208
223.4928 49.4208
223.4986 49.4208
223.5044 49.4208
223.5102 49.4208
223.5160 49.4208
223.5218 49.4208
223.5277 49.4208
223.5335 49.4208
223.5393 49.4208
223.5451 49.4208
223.5509 49.4208
223.5567 49.4208
223.5626 49.4208
223.5684 49.4208
223.5742 49.4208
223.5800 49.4208
223.5858 49.4208
223.5916 49.4208
223.5975 49.4208
223.6033 49.4208
223.6091 49.4208
223.6149 49.4208
223.6207 49.4208
223.6265 49.4208
223.6324 49.4208
223.6382 49.4208
223.6440 49.4208
223.6498 49.4208
223.6556 49.4208
223.6615 49.4208
223.6673 49.4208
223.6731 49.4208
223.6789 49.4208
223.6847 49.4208
223.6905 49.4208
223.6964 49.4208
223.7022 49.4208
223.7080 49.4208
223.7138 49.4208
223.7196 49.4208
223.7254 49.4208
223.7313 49.4208
223.7371 49.4208
223.7429 49.4208
223.7487 49.4208
223.7545 49.4208
223.7603 49.4208
223.7662 49.4208
223.7720 49.4208
223.7778 49.4208
223.7836 49.4208
223.7894 49.4208
223.7952 49.4208
223.8011 49.4208
223.8069 49.4208
223.8127 49.4208
223.8185 49.4208
223.8243 49.4208
223.8301 49.4208
223.8360 49.4208
223.8418 49.4208
223.8476 49.4208
223.8534 49.4208
223.8592 49.4208
223.8650 49.4208
223.8709 49.4208
223.8767 49.4208
223.8825 49.4208
223.8883 49.4208
223.8941 49.4208
223.8999 49.4208
223.9058 49.4208
223.9116 49.4208
223.9174 49.4208
223.9232 49.4208
223.9290 49.4208
223.9348 49.4208
223.9407 49.4208
223.9465 49.4208
223.9523 49.4208
223.9581 49.4208
223.9639 49.4208
223.9697 49.4208
223.9756 49.4208
223.9814 49.4208
223.9872 49.4208
223.9930 49.4208
223.9988 49.4208
224.0046 49.4208
224.0105 49.4208
224.0163 49.4208
224.0221 49.4208
224.0279 49.4208
224.0337 49.4208
224.0395 49.4208
224.0454 49.4208
224.0512 49.4208
224.0570 49.4208
224.0628 49.4208
224.0686 49.4208
224.0744 49.4208
224.0803 49.4208
224.0861 49.4208
224.0919 49.4208
224.0977 49.4208
224.1035 49.4208
224.1093 49.4208
224.1152 49.4208
224.1210 49.4208
224.1268 49.4208
224.1326 49.4208
224.1384 49.4208
224.1442 49.4208
224.1501 49.4208
224.1559 49.4208
224.1617 49.4208
224.1675 49.4208
224.1733 49.4208
224.1791 49.4208
224.1850 49.4208
224.1908 49.4208
224.1966 49.4208
224.2024 49.4208
224.2082 49.4208
224.2140 49.4208
224.2199 49.4208
224.2257 49.4208
224.2315 49.4208
224.2373 49.4208
224.2431 49.4208
224.2489 49.4208
224.2548 49.4208
224.2606 49.4208
224.2664 49.4208
224.2722 49.4208
224.2780 49.4208
224.2838 49.4208
224.2897 49.4208
224.2955 49.4208
224.3013 49.4208
224.3071 49.4208
224.3129 49.4208
224.3187 49.4208
224.3246 49.4208
224.3304 49.4208
224.3362 49.4208
224.3420 49.4208
224.3478 49.4208
224.3536 49.4208
224.3595 49.4208
224.3653 49.4208
224.3711 49.4208
224.3769 49.4208
224.3827 49.4208
224.3885 49.4208
224.3944 49.4208
224.4002 49.4208
224.4060 49.4208
224.4118 49.4208
224.4176 49.4208
224.4234 49.4208
224.4293 49.4208
224.4351 49.4208
224.4409 49.4208
224.4467 49.4208
224.4525 49.4208
224.4583 49.4208
224.4642 49.4208
224.4700 49.4208
224.4758 49.4208
224.4816 49.4208
224.4874 49.4208
224.4932 49.4208
224.4991 49.4208
224.5049 49.4208
224.5107 49.4208
224.5165 49.4208
224.5223 49.4208
224.5281 49.4208
224.5340 49.4208
224.5398 49.4208
224.5456 49.4208
224.5514 49.4208
224.5572 49.4208
224.5630 49.4208
224.5689 49.4208
224.5747 49.4208
224.5805 49.4208
224.5863 49.4208
224.5921 49.4208
224.5980 49.4208
224.6038 49.4208
224.6096 49.4208
224.6154 49.4208
224.6212 49.4208
224.6270 49.4208
224.6329 49.4208
224.6387 49.4208
224.6445 49.4208
224.6503 49.4208
224.6561 49.4208
224.6619 49.4208
224.6678 49.4208
224.6736 49.4208
224.6794 49.4208
224.6852 49.4208
224.6910 49.4208
224.6968 49.4208
224.7027 49.4208
224.7085 49.4208
224.7143 49.4208
224.7201 49.4208
224.7259 49.4208
224.7317 49.4208
224.7376 49.4208
224.7434 49.4208
224.7492 49.4208
224.7550 49.4208
224.7608 49.4208
224.7666 49.4208
224.7725 49.4208
224.7783 49.4208
224.7841 49.4208
224.7899 49.4208
224.7957 49.4208
224.8015 49.4208
224.8074 49.4208
224.8132 49.4208
224.8190 49.4208
224.8248 49.4208
224.8306 49.4208
224.8364 49.4208
224.8423 49.4208
224.8481 49.4208
224.8539 49.4208
224.8597 49.4208
224.8655 49.4208
224.8713 49.4208
224.8772 49.4208
224.8830 49.4208
224.8888 49.4208
224.8946 49.4208
224.9004 49.4208
224.9062 49.4208
224.9121 49.4208
224.9179 49.4208
224.9237 49.4208
224.9295 49.4208
224.9353 49.4208
224.9411 49.4208
224.9470 49.4208
224.9528 49.4208
224.9586 49.4208
224.9644 49.4208
224.9702 49.4208
224.9760 49.4208
224.9819 49.4208
224.9877 49.4208
224.9935 49.4208
224.9993 49.4208
225.0051 49.4208
225.0109 49.4208
225.0168 49.4208
225.0226 49.4208
225.0284 49.4208
225.0342 49.4208
225.0400 49.4208
225.0458 49.4208
225.0517 49.4208
225.0575 49.4208
225.0633 49.4208
225.0691 49.4208
225.0749 49.4208
225.0807 49.4208
225.0866 49.4208
225.0924 49.4208
225.0982 49.4208
225.1040 49.4208
225.1098 49.4208
225.1156 49.4208
225.1215 49.4208
225.1273 49.4208
225.1331 49.4208
225.1389 49.4208
225.1447 49.4208
225.1505 49.4208
225.1564 49.4208
225.1622 49.4208
225.1680 49.4208
225.1738 49.4208
225.1796 49.4208
225.1854 49.4208
225.1913 49.4208
225.1971 49.4208
225.2029 49.4208
225.2087 49.4208
225.2145 49.4208
225.2203 49.4208
225.2262 49.4208
225.2320 49.4208
225.2378 49.4208
225.2436 49.4208
225.2494 49.4208
225.2552 49.4208
225.2611 49.4208
225.2669 49.4208
225.2727 49.4208
225.2785 49.4208
225.2843 49.4208
225.2901 49.4208
225.2960 49.4208
225.3018 49.4208
225.3076 49.4208
225.3134 49.4208
225.3192 49.4208
225.3250 49.4208
225.3309 49.4208
225.3367 49.4208
225.3425 49.4208
225.3483 49.4208
225.3541 49.4208
225.3599 49.4208
225.3658 49.4208
225.3716 49.4208
225.3774 49.4208
225.3832 49.4208
225.3890 49.4208
225.3948 49.4208
225.4007 49.4208
225.4065 49.4208
225.4123 49.4208
225.4181 49.4208
225.4239 49.4208
225.4297 49.4208
225.4356 49.4208
225.4414 49.4208
225.4472 49.4208
225.4530 49.4208
225.4588 49.4208
225.4646 49.4208
225.4705 49.4208
225.4763 49.4208
225.4821 49.4208
225.4879 49.4208
225.4937 49.4208
225.4996 49.4208
225.5054 49.4208
225.5112 49.4208
225.5170 49.4208
225.5228 49.4208
225.5286 49.4208
225.5345 49.4208
225.5403 49.4208
225.5461 49.4208
225.5519 49.4208
225.5577 49.4208
225.5635 49.4208
225.5694 49.4208
225.5752 49.4208
225.5810 49.4208
225.5868 49.4208
225.5926 49.4208
225.5984 49.4208
225.6043 49.4208
225.6101 49.4208
225.6159 49.4208
225.6217 49.4208
225.6275 49.4208
225.6333 49.4208
225.6392 49.4208
225.6450 49.4208
225.6508 49.4208
225.6566 49.4208
225.6624 49.4208
225.6682 49.4208
225.6741 49.4208
225.6799 49.4208
225.6857 49.4208
225.6915 49.4208
225.6973 49.4208
225.7031 49.4208
225.7090 49.4208
225.7148 49.4208
225.7206 49.4208
225.7264 49.4208
225.7322 49.4208
225.7380 49.4208
225.7439 49.4208
225.7497 49.4208
225.7555 49.4208
225.7613 49.4208
225.7671 49.4208
225.7729 49.4208
225.7788 49.4208
225.7846 49.4208
225.7904 49.4208
225.7962 49.4208
225.8020 49.4208
225.8078 49.4208
225.8137 49.4208
225.8195 49.4208
225.8253 49.4208
225.8311 49.4208
225.8369 49.4208
225.8427 49.4208
225.8486 49.4208
225.8544 49.4208
225.8602 49.4208
225.8660 49.4208
225.8718 49.4208
225.8776 49.4208
225.8835 49.4208
225.8893 49.4208
225.8951 49.4208
225.9009 49.4208
225.9067 49.4208
225.9125 49.4208
225.9184 49.4208
225.9242 49.4208
225.9300 49.4208
225.9358 49.4208
225.9416 49.4208
225.9474 49.4208
225.9533 49.4208
225.9591 49.4208
225.9649 49.4208
225.9707 49.4208
225.9765 49.4208
225.9823 49.4208
225.9882 49.4208
225.9940 49.4208
225.9998 49.4208
226.0056 49.4208
226.0114 49.4208
226.0172 49.4208
226.0231 49.4208
226.0289 49.4208
226.0347 49.4208
226.0405 49.4208
226.0463 49.4208
226.0521 49.4208
226.0580 49.4208
226.0638 49.4208
226.0696 49.4208
226.0754 49.4208
226.0812 49.4208
226.0870 49.4208
226.0929 49.4208
226.0987 49.4208
226.1045 49.4208
226.1103 49.4208
226.1161 49.4208
226.1219 49.4208
226.1278 49.4208
226.1336 49.4208
226.1394 49.4208
226.1452 49.4208
226.1510 49.4208
226.1568 49.4208
226.1627 49.4208
226.1685 49.4208
226.1743 49.4208
226.1801 49.4208
226.1859 49.4208
226.1917 49.4208
226.1976 49.4208
226.2034 49.4208
226.2092 49.4208
226.2150 49.4208
226.2208 49.4208
226.2266 49.4208
226.2325 49.4208
226.2383 49.4208
226.2441 49.4208
226.2499 49.4208
226.2557 49.4208
226.2615 49.4208
226.2674 49.4208
226.2732 49.4208
226.2790 49.4208
226.2848 49.4208
226.2906 49.4208
226.2964 49.4208
226.3023 49.4208
226.3081 49.4208
226.3139 49.4208
226.3197 49.4208
226.3255 49.4208
226.3313 49.4208
226.3372 49.4208
226.3430 49.4208
226.3488 49.4208
226.3546 49.4208
226.3604 49.4208
226.3662 49.4208
226.3721 49.4208
226.3779 49.4208
226.3837 49.4208
226.3895 49.4208
226.3953 49.4208
226.4011 49.4208
226.4070 49.4208
226.4128 49.4208
226.4186 49.4208
226.4244 49.4208
226.4302 49.4208
226.4361 49.4208
226.4419 49.4208
226.4477 49.4208
226.4535 49.4208
226.4593 49.4208
226.4651 49.4208
226.4710 49.4208
226.4768 49.4208
226.4826 49.4208
226.4884 49.4208
226.4942 49.4208
226.5000 49.4208
226.5059 49.4208
226.5117 49.4208
226.5175 49.4208
226.5233 49.4208
226.5291 49.4208
226.5349 49.4208
226.5408 49.4208
226.5466 49.4208
226.5524 49.4208
226.5582 49.4208
226.5640 49.4208
226.5698 49.4208
226.5757 49.4208
226.5815 49.4208
226.5873 49.4208
226.5931 49.4208
226.5989 49.4208
226.6047 49.4208
226.6106 49.4208
226.6164 49.4208
226.6222 49.4208
226.6280 49.4208
226.6338 49.4208
226.6396 49.4208
226.6455 49.4208
226.6513 49.4208
226.6571 49.4208
226.6629 49.4208
226.6687 49.4208
226.6745 49.4208
226.6804 49.4208
226.6862 49.4208
226.6920 49.4208
226.6978 49.4208
226.7036 49.4208
226.7094 49.4208
226.7153 49.4208
226.7211 49.4208
226.7269 49.4208
226.7327 49.4208
226.7385 49.4208
226.7443 49.4208
226.7502 49.4208
226.7560 49.4208
226.7618 49.4208
226.7676 49.4208
226.7734 49.4208
226.7792 49.4208
226.7851 49.4208
226.7909 49.4208
226.7967 49.4208
226.8025 49.4208
226.8083 49.4208
226.8141 49.4208
226.8200 49.4208
226.8258 49.4208
226.8316 49.4208
226.8374 49.4208
226.8432 49.4208
226.8490 49.4208
226.8549 49.4208
226.8607 49.4208
226.8665 49.4208
226.8723 49.4208
226.8781 49.4208
226.8839 49.4208
226.8898 49.4208
226.8956 49.4208
226.9014 49.4208
226.9072 49.4208
226.9130 49.4208
226.9188 49.4208
226.9247 49.4208
226.9305 49.4208
226.9363 49.4208
226.9421 49.4208
226.9479 49.4208
226.9537 49.4208
226.9596 49.4208
226.9654 49.4208
226.9712 49.4208
226.9770 49.4208
226.9828 49.4208
226.9886 49.4208
226.9945 49.4208
227.0003 49.4208
227.0061 49.4208
227.0119 49.4208
227.0177 49.4208
227.0235 49.4208
227.0294 49.4208
227.0352 49.4208
227.0410 49.4208
227.0468 49.4208
227.0526 49.4208
227.0584 49.4208
227.0643 49.4208
227.0701 49.4208
227.0759 49.4208
227.0817 49.4208
227.0875 49.4208
227.0933 49.4208
227.0992 49.4208
227.1050 49.4208
227.1108 49.4208
227.1166 49.4208
227.1224 49.4208
227.1282 49.4208
227.1341 49.4208
227.1399 49.4208
227.1457 49.4208
227.1515 49.4208
227.1573 49.4208
227.1631 49.4208
227.1690 49.4208
227.1748 49.4208
227.1806 49.4208
227.1864 49.4208
227.1922 49.4208
227.1980 49.4208
227.2039 49.4208
227.2097 49.4208
227.2155 49.4208
227.2213 49.4208
227.2271 49.4208
227.2329 49.4208
227.2388 49.4208
227.2446 49.4208
227.2504 49.4208
227.2562 49.4208
227.2620 49.4208
227.2678 49.4208
227.2737 49.4208
227.2795 49.4208
227.2853 49.4208
227.2911 49.4208
227.2969 49.4208
227.3027 49.4208
227.3086 49.4208
227.3144 49.4208
227.3202 49.4208
227.3260 49.4208
227.3318 49.4208
227.3377 49.4208
227.3435 49.4208
227.3493 49.4208
227.3551 49.4208
227.3609 49.4208
227.3667 49.4208
227.3726 49.4208
227.3784 49.4208
227.3842 49.4208
227.3900 49.4208
227.3958 49.4208
227.4016 49.4208
227.4075 49.4208
227.4133 49.4208
227.4191 49.4208
227.4249 49.4208
227.4307 49.4208
227.4365 49.4208
227.4424 49.4208
227.4482 49.4208
227.4540 49.4208
227.4598 49.4208
227.4656 49.4208
227.4714 49.4208
227.4773 49.4208
227.4831 49.4208
227.4889 49.4208
227.4947 49.4208
227.5005 49.4208
227.5063 49.4208
227.5122 49.4208
227.5180 49.4208
227.5238 49.4208
227.5296 49.4208
227.5354 49.4208
227.5412 49.4208
227.5471 49.4208
227.5529 49.4208
227.5587 49.4208
227.5645 49.4208
227.5703 49.4208
227.5761 49.4208
227.5820 49.4208
227.5878 49.4208
227.5936 49.4208
227.5994 49.4208
227.6052 49.4208
227.6110 49.4208
227.6169 49.4208
227.6227 49.4208
227.6285 49.4208
227.6343 49.4208
227.6401 49.4208
227.6459 49.4208
227.6518 49.4208
227.6576 49.4208
227.6634 49.4208
227.6692 49.4208
227.6750 49.4208
227.6808 49.4208
227.6867 49.4208
227.6925 49.4208
227.6983 49.4208
227.7041 49.4208
227.7099 49.4208
227.7157 49.4208
227.7216 49.4208
227.7274 49.4208
227.7332 49.4208
227.7390 49.4208
227.7448 49.4208
227.7506 49.4208
227.7565 49.4208
227.7623 49.4208
227.7681 49.4208
227.7739 49.4208
227.7797 49.4208
227.7855 49.4208
227.7914 49.4208
227.7972 49.4208
227.8030 49.4208
227.8088 49.4208
227.8146 49.4208
227.8204 49.4208
227.8263 49.4208
227.8321 49.4208
227.8379 49.4208
227.8437 49.4208
227.8495 49.4208
227.8553 49.4208
227.8612 49.4208
227.8670 49.4208
227.8728 49.4208
227.8786 49.4208
227.8844 49.4208
227.8902 49.4208
227.8961 49.4208
227.9019 49.4208
227.9077 49.4208
227.9135 49.4208
227.9193 49.4208
227.9251 49.4208
227.9310 49.4208
227.9368 49.4208
227.9426 49.4208
227.9484 49.4208
227.9542 49.4208
227.9600 49.4208
227.9659 49.4208
227.9717 49.4208
227.9775 49.4208
227.9833 49.4208
227.9891 49.4208
227.9949 49.4208
228.0008 49.4208
228.0066 49.4208
228.0124 49.4208
228.0182 49.4208
228.0240 49.4208
228.0298 49.4208
228.0357 49.4208
228.0415 49.4208
228.0473 49.4208
228.0531 49.4208
228.0589 49.4208
228.0647 49.4208
228.0706 49.4208
228.0764 49.4208
228.0822 49.4208
228.0880 49.4208
228.0938 49.4208
228.0996 49.4208
228.1055 49.4208
228.1113 49.4208
228.1171 49.4208
228.1229 49.4208
228.1287 49.4208
228.1345 49.4208
228.1404 49.4208
228.1462 49.4208
228.1520 49.4208
228.1578 49.4208
228.1636 49.4208
228.1694 49.4208
228.1753 49.4208
228.1811 49.4208
228.1869 49.4208
228.1927 49.4208
228.1985 49.4208
228.2043 49.4208
228.2102 49.4208
228.2160 49.4208
228.2218 49.4208
228.2276 49.4208
228.2334 49.4208
228.2392 49.4208
228.2451 49.4208
228.2509 49.4208
228.2567 49.4208
228.2625 49.4208
228.2683 49.4208
228.2742 49.4208
228.2800 49.4208
228.2858 49.4208
228.2916 49.4208
228.2974 49.4208
228.3032 49.4208
228.3091 49.4208
228.3149 49.4208
228.3207 49.4208
228.3265 49.4208
228.3323 49.4208
228.3381 49.4208
228.3440 49.4208
228.3498 49.4208
228.3556 49.4208
228.3614 49.4208
228.3672 49.4208
228.3730 49.4208
228.3789 49.4208
228.3847 49.4208
228.3905 49.4208
228.3963 49.4208
228.4021 49.4208
228.4079 49.4208
228.4138 49.4208
228.4196 49.4208
228.4254 49.4208
228.4312 49.4208
228.4370 49.4208
228.4428 49.4208
228.4487 49.4208
228.4545 49.4208
228.4603 49.4208
228.4661 49.4208
228.4719 49.4208
228.4777 49.4208
228.4836 49.4208
228.4894 49.4208
228.4952 49.4208
228.5010 49.4208
228.5068 49.4208
228.5126 49.4208
228.5185 49.4208
228.5243 49.4208
228.5301 49.4208
228.5359 49.4208
228.5417 49.4208
228.5475 49.4208
228.5534 49.4208
228.5592 49.4208
228.5650 49.4208
228.5708 49.4208
228.5766 49.4208
228.5824 49.4208
228.5883 49.4208
228.5941 49.4208
228.5999 49.4208
228.6057 49.4208
228.6115 49.4208
228.6173 49.4208
228.6232 49.4208
228.6290 49.4208
228.6348 49.4208
228.6406 49.4208
228.6464 49.4208
228.6522 49.4208
228.6581 49.4208
228.6639 49.4208
228.6697 49.4208
228.6755 49.4208
228.6813 49.4208
228.6871 49.4208
228.6930 49.4208
228.6988 49.4208
228.7046 49.4208
228.7104 49.4208
228.7162 49.4208
228.7220 49.4208
228.7279 49.4208
228.7337 49.4208
228.7395 49.4208
228.7453 49.4208
228.7511 49.4208
228.7569 49.4208
228.7628 49.4208
228.7686 49.4208
228.7744 49.4208
228.7802 49.4208
228.7860 49.4208
228.7918 49.4208
228.7977 49.4208
228.8035 49.4208
228.8093 49.4208
228.8151 49.4208
228.8209 49.4208
228.8267 49.4208
228.8326 49.4208
228.8384 49.4208
228.8442 49.4208
228.8500 49.4208
228.8558 49.4208
228.8616 49.4208
228.8675 49.4208
228.8733 49.4208
228.8791 49.4208
228.8849 49.4208
228.8907 49.4208
228.8965 49.4208
228.9024 49.4208
228.9082 49.4208
228.9140 49.4208
228.9198 49.4208
228.9256 49.4208
228.9314 49.4208
228.9373 49.4208
228.9431 49.4208
228.9489 49.4208
228.9547 49.4208
228.9605 49.4208
228.9663 49.4208
228.9722 49.4208
228.9780 49.4208
228.9838 49.4208
228.9896 49.4208
228.9954 49.4208
229.0012 49.4208
229.0071 49.4208
229.0129 49.4208
229.0187 49.4208
229.0245 49.4208
229.0303 49.4208
229.0361 49.4208
229.0420 49.4208
229.0478 49.4208
229.0536 49.4208
229.0594 49.4208
229.0652 49.4208
229.0710 49.4208
229.0769 49.4208
229.0827 49.4208
229.0885 49.4208
229.0943 49.4208
229.1001 49.4208
229.1059 49.4208
229.1118 49.4208
229.1176 49.4208
229.1234 49.4208
229.1292 49.4208
229.1350 49.4208
229.1408 49.4208
229.1467 49.4208
229.1525 49.4208
229.1583 49.4208
229.1641 49.4208
229.1699 49.4208
229.1757 49.4208
229.1816 49.4208
229.1874 49.4208
229.1932 49.4208
229.1990 49.4208
229.2048 49.4208
229.2107 49.4208
229.2165 49.4208
229.2223 49.4208
229.2281 49.4208
229.2339 49.4208
229.2397 49.4208
229.2456 49.4208
229.2514 49.4208
229.2572 49.4208
229.2630 49.4208
229.2688 49.4208
229.2746 49.4208
229.2805 49.4208
229.2863 49.4208
229.2921 49.4208
229.2979 49.4208
229.3037 49.4208
229.3095 49.4208
229.3154 49.4208
229.3212 49.4208
229.3270 49.4208
229.3328 49.4208
229.3386 49.4208
229.3444 49.4208
229.3503 49.4208
229.3561 49.4208
229.3619 49.4208
229.3677 49.4208
229.3735 49.4208
229.3793 49.4208
229.3852 49.4208
229.3910 49.4208
229.3968 49.4208
229.4026 49.4208
229.4084 49.4208
229.4142 49.4208
229.4201 49.4208
229.4259 49.4208
229.4317 49.4208
229.4375 49.4208
229.4433 49.4208
229.4491 49.4208
229.4550 49.4208
229.4608 49.4208
229.4666 49.4208
229.4724 49.4208
229.4782 49.4208
229.4840 49.4208
229.4899 49.4208
229.4957 49.4208
229.5015 49.4208
229.5073 49.4208
229.5131 49.4208
229.5189 49.4208
229.5248 49.4208
229.5306 49.4208
229.5364 49.4208
229.5422 49.4208
229.5480 49.4208
229.5538 49.4208
229.5597 49.4208
229.5655 49.4208
229.5713 49.4208
229.5771 49.4208
229.5829 49.4208
229.5887 49.4208
229.5946 49.4208
229.6004 49.4208
229.6062 49.4208
229.6120 49.4208
229.6178 49.4208
229.6236 49.4208
229.6295 49.4208
229.6353 49.4208
229.6411 49.4208
229.6469 49.4208
229.6527 49.4208
229.6585 49.4208
229.6644 49.4208
229.6702 49.4208
229.6760 49.4208
229.6818 49.4208
229.6876 49.4208
229.6934 49.4208
229.6993 49.4208
229.7051 49.4208
229.7109 49.4208
229.7167 49.4208
229.7225 49.4208
229.7283 49.4208
229.7342 49.4208
229.7400 49.4208
229.7458 49.4208
229.7516 49.4208
229.7574 49.4208
229.7632 49.4208
229.7691 49.4208
229.7749 49.4208
229.7807 49.4208
229.7865 49.4208
229.7923 49.4208
229.7981 49.4208
229.8040 49.4208
229.8098 49.4208
229.8156 49.4208
229.8214 49.4208
229.8272 49.4208
229.8330 49.4208
229.8389 49.4208
229.8447 49.4208
229.8505 49.4208
229.8563 49.4208
229.8621 49.4208
229.8679 49.4208
229.8738 49.4208
229.8796 49.4208
229.8854 49.4208
229.8912 49.4208
229.8970 49.4208
229.9028 49.4208
229.9087 49.4208
229.9145 49.4208
229.9203 49.4208
229.9261 49.4208
229.9319 49.4208
229.9377 49.4208
229.9436 49.4208
229.9494 49.4208
229.9552 49.4208
229.9610 49.4208
229.9668 49.4208
229.9726 49.4208
229.9785 49.4208
229.9843 49.4208
229.9901 49.4208
229.9959 49.4208
230.0017 49.4208
230.0075 49.4208
230.0134 49.4208
230.0192 49.4208
230.0250 49.4208
230.0308 49.4208
230.0366 49.4208
230.0424 49.4208
230.0483 49.4208
230.0541 49.4208
230.0599 49.4208
230.0657 49.4208
230.0715 49.4208
230.0773 49.4208
230.0832 49.4208
230.0890 49.4208
230.0948 49.4208
230.1006 49.4208
230.1064 49.4208
230.1123 49.4208
230.1181 49.4208
230.1239 49.4208
230.1297 49.4208
230.1355 49.4208
230.1413 49.4208
230.1472 49.4208
230.1530 49.4208
230.1588 49.4208
230.1646 49.4208
230.1704 49.4208
230.1762 49.4208
230.1821 49.4208
230.1879 49.4208
230.1937 49.4208
230.1995 49.4208
230.2053 49.4208
230.2111 49.4208
230.2170 49.4208
230.2228 49.4208
230.2286 49.4208
230.2344 49.4208
230.2402 49.4208
230.2460 49.4208
230.2519 49.4208
230.2577 49.4208
230.2635 49.4208
230.2693 49.4208
230.2751 49.4208
230.2809 49.4208
230.2868 49.4208
230.2926 49.4208
230.2984 49.4208
230.3042 49.4208
230.3100 49.4208
230.3158 49.4208
230.3217 49.4208
230.3275 49.4208
230.3333 49.4208
230.3391 49.4208
230.3449 49.4208
230.3507 49.4208
230.3566 49.4208
230.3624 49.4208
230.3682 49.4208
230.3740 49.4208
230.3798 49.4208
230.3856 49.4208
230.3915 49.4208
230.3973 49.4208
230.4031 49.4208
230.4089 49.4208
230.4147 49.4208
230.4205 49.4208
230.4264 49.4208
230.4322 49.4208
230.4380 49.4208
230.4438 49.4208
230.4496 49.4208
230.4554 49.4208
230.4613 49.4208
230.4671 49.4208
230.4729 49.4208
230.4787 49.4208
230.4845 49.4208
230.4903 49.4208
230.4962 49.4208
230.5020 49.4208
230.5078 49.4208
230.5136 49.4208
230.5194 49.4208
230.5252 49.4208
230.5311 49.4208
230.5369 49.4208
230.5427 49.4208
230.5485 49.4208
230.5543 49.4208
230.5601 49.4208
230.5660 49.4208
230.5718 49.4208
230.5776 49.4208
230.5834 49.4208
230.5892 49.4208
230.5950 49.4208
230.6009 49.4208
230.6067 49.4208
230.6125 49.4208
230.6183 49.4208
230.6241 49.4208
230.6299 49.4208
230.6358 49.4208
230.6416 49.4208
230.6474 49.4208
230.6532 49.4208
230.6590 49.4208
230.6648 49.4208
230.6707 49.4208
230.6765 49.4208
230.6823 49.4208
230.6881 49.4208
230.6939 49.4208
230.6997 49.4208
230.7056 49.4208
230.7114 49.4208
230.7172 49.4208
230.7230 49.4208
230.7288 49.4208
230.7346 49.4208
230.7405 49.4208
230.7463 49.4208
230.7521 49.4208
230.7579 49.4208
230.7637 49.4208
230.7695 49.4208
230.7754 49.4208
230.7812 49.4208
230.7870 49.4208
230.7928 49.4208
230.7986 49.4208
230.8044 49.4208
230.8103 49.4208
230.8161 49.4208
230.8219 49.4208
230.8277 49.4208
230.8335 49.4208
230.8393 49.4208
230.8452 49.4208
230.8510 49.4208
230.8568 49.4208
230.8626 49.4208
230.8684 49.4208
230.8742 49.4208
230.8801 49.4208
230.8859 49.4208
230.8917 49.4208
230.8975 49.4208
230.9033 49.4208
230.9091 49.4208
230.9150 49.4208
230.9208 49.4208
230.9266 49.4208
230.9324 49.4208
230.9382 49.4208
230.9440 49.4208
230.9499 49.4208
230.9557 49.4208
230.9615 49.4208
230.9673 49.4208
230.9731 49.4208
230.9789 49.4208
230.9848 49.4208
230.9906 49.4208
230.9964 49.4208
231.0022 49.4208
231.0080 49.4208
231.0138 49.4208
231.0197 49.4208
231.0255 49.4208
231.0313 49.4208
231.0371 49.4208
231.0429 49.4208
231.0488 49.4208
231.0546 49.4208
231.0604 49.4208
231.0662 49.4208
231.0720 49.4208
231.0778 49.4208
231.0837 49.4208
231.0895 49.4208
231.0953 49.4208
231.1011 49.4208
231.1069 49.4208
231.1127 49.4208
231.1186 49.4208
231.1244 49.4208
231.1302 49.4208
231.1360 49.4208
231.1418 49.4208
231.1476 49.4208
231.1535 49.4208
231.1593 49.4208
231.1651 49.4208
231.1709 49.4208
231.1767 49.4208
231.1825 49.4208
231.1884 49.4208
231.1942 49.4208
231.2000 49.4208
231.2058 49.4208
231.2116 49.4208
231.2174 49.4208
231.2233 49.4208
231.2291 49.4208
231.2349 49.4208
231.2407 49.4208
231.2465 49.4208
231.2523 49.4208
231.2582 49.4208
231.2640 49.4208
231.2698 49.4208
231.2756 49.4208
231.2814 49.4208
231.2872 49.4208
231.2931 49.4208
231.2989 49.4208
231.3047 49.4208
231.3105 49.4208
231.3163 49.4208
231.3221 49.4208
231.3280 49.4208
231.3338 49.4208
231.3396 49.4208
231.3454 49.4208
231.3512 49.4208
231.3570 49.4208
231.3629 49.4208
231.3687 49.4208
231.3745 49.4208
231.3803 49.4208
231.3861 49.4208
231.3919 49.4208
231.3978 49.4208
231.4036 49.4208
231.4094 49.4208
231.4152 49.4208
231.4210 49.4208
231.4268 49.4208
231.4327 49.4208
231.4385 49.4208
231.4443 49.4208
231.4501 49.4208
231.4559 49.4208
231.4617 49.4208
231.4676 49.4208
231.4734 49.4208
231.4792 49.4208
231.4850 49.4208
231.4908 49.4208
231.4966 49.4208
231.5025 49.4208
231.5083 49.4208
231.5141 49.4208
231.5199 49.4208
231.5257 49.4208
231.5315 49.4208
231.5374 49.4208
231.5432 49.4208
231.5490 49.4208
231.5548 49.4208
231.5606 49.4208
231.5664 49.4208
231.5723 49.4208
231.5781 49.4208
231.5839 49.4208
231.5897 49.4208
231.5955 49.4208
231.6013 49.4208
231.6072 49.4208
231.6130 49.4208
231.6188 49.4208
231.6246 49.4208
231.6304 49.4208
231.6362 49.4208
231.6421 49.4208
231.6479 49.4208
231.6537 49.4208
231.6595 49.4208
231.6653 49.4208
231.6711 49.4208
231.6770 49.4208
231.6828 49.4208
231.6886 49.4208
231.6944 49.4208
231.7002 49.4208
231.7060 49.4208
231.7119 49.4208
231.7177 49.4208
231.7235 49.4208
231.7293 49.4208
231.7351 49.4208
231.7409 49.4208
231.7468 49.4208
231.7526 49.4208
231.7584 49.4208
231.7642 49.4208
231.7700 49.4208
231.7758 49.4208
231.7817 49.4208
231.7875 49.4208
231.7933 49.4208
231.7991 49.4208
231.8049 49.4208
231.8107 49.4208
231.8166 49.4208
231.8224 49.4208
231.8282 49.4208
231.8340 49.4208
231.8398 49.4208
231.8456 49.4208
231.8515 49.4208
231.8573 49.4208
231.8631 49.4208
231.8689 49.4208
231.8747 49.4208
231.8805 49.4208
231.8864 49.4208
231.8922 49.4208
231.8980 49.4208
231.9038 49.4208
231.9096 49.4208
231.9154 49.4208
231.9213 49.4208
231.9271 49.4208
231.9329 49.4208
231.9387 49.4208
231.9445 49.4208
231.9503 49.4208
231.9562 49.4208
231.9620 49.4208
231.9678 49.4208
231.9736 49.4208
231.9794 49.4208
231.9853 49.4208
231.9911 49.4208
231.9969 49.4208
232.0027 49.4208
232.0085 49.4208
232.0143 49.4208
232.0202 49.4208
232.0260 49.4208
232.0318 49.4208
232.0376 49.4208
232.0434 49.4208
232.0492 49.4208
232.0551 49.4208
232.0609 49.4208
232.0667 49.4208
232.0725 49.4208
232.0783 49.4208
232.0841 49.4208
232.0900 49.4208
232.0958 49.4208
232.1016 49.4208
232.1074 49.4208
232.1132 49.4208
232.1190 49.4208
232.1249 49.4208
232.1307 49.4208
232.1365 49.4208
232.1423 49.4208
232.1481 49.4208
232.1539 49.4208
232.1598 49.4208
232.1656 49.4208
232.1714 49.4208
232.1772 49.4208
232.1830 49.4208
232.1888 49.4208
232.1947 49.4208
232.2005 49.4208
232.2063 49.4208
232.2121 49.4208
232.2179 49.4208
232.2237 49.4208
232.2296 49.4208
232.2354 49.4208
232.2412 49.4208
232.2470 49.4208
232.2528 49.4208
232.2586 49.4208
232.2645 49.4208
232.2703 49.4208
232.2761 49.4208
232.2819 49.4208
232.2877 49.4208
232.2935 49.4208
232.2994 49.4208
232.3052 49.4208
232.3110 49.4208
232.3168 49.4208
232.3226 49.4208
232.3284 49.4208
232.3343 49.4208
232.3401 49.4208
232.3459 49.4208
232.3517 49.4208
232.3575 49.4208
232.3633 49.4208
232.3692 49.4208
232.3750 49.4208
232.3808 49.4208
232.3866 49.4208
232.3924 49.4208
232.3982 49.4208
232.4041 49.4208
232.4099 49.4208
232.4157 49.4208
232.4215 49.4208
232.4273 49.4208
232.4331 49.4208
232.4390 49.4208
232.4448 49.4208
232.4506 49.4208
232.4564 49.4208
232.4622 49.4208
232.4680 49.4208
232.4739 49.4208
232.4797 49.4208
232.4855 49.4208
232.4913 49.4208
232.4971 49.4208
232.5029 49.4208
232.5088 49.4208
232.5146 49.4208
232.5204 49.4208
232.5262 49.4208
232.5320 49.4208
232.5378 49.4208
232.5437 49.4208
232.5495 49.4208
232.5553 49.4208
232.5611 49.4208
232.5669 49.4208
232.5727 49.4208
232.5786 49.4208
232.5844 49.4208
232.5902 49.4208
232.5960 49.4208
232.6018 49.4208
232.6076 49.4208
232.6135 49.4208
232.6193 49.4208
232.6251 49.4208
232.6309 49.4208
232.6367 49.4208
232.6425 49.4208
232.6484 49.4208
232.6542 49.4208
232.6600 49.4208
232.6658 49.4208
232.6716 49.4208
232.6774 49.4208
232.6833 49.4208
232.6891 49.4208
232.6949 49.4208
232.7007 49.4208
232.7065 49.4208
232.7123 49.4208
232.7182 49.4208
232.7240 49.4208
232.7298 49.4208
232.7356 49.4208
232.7414 49.4208
232.7472 49.4208
232.7531 49.4208
232.7589 49.4208
232.7647 49.4208
232.7705 49.4208
232.7763 49.4208
232.7821 49.4208
232.7880 49.4208
232.7938 49.4208
232.7996 49.4208
232.8054 49.4208
232.8112 49.4208
232.8170 49.4208
232.8229 49.4208
232.8287 49.4208
232.8345 49.4208
232.8403 49.4208
232.8461 49.4208
232.8519 49.4208
232.8578 49.4208
232.8636 49.4208
232.8694 49.4208
232.8752 49.4208
232.8810 49.4208
232.8869 49.4208
232.8927 49.4208
232.8985 49.4208
232.9043 49.4208
232.9101 49.4208
232.9159 49.4208
232.9218 49.4208
232.9276 49.4208
232.9334 49.4208
232.9392 49.4208
232.9450 49.4208
232.9508 49.4208
232.9567 49.4208
232.9625 49.4208
232.9683 49.4208
232.9741 49.4208
232.9799 49.4208
232.9857 49.4208
232.9916 49.4208
232.9974 49.4208
233.0032 49.4208
233.0090 49.4208
233.0148 49.4208
233.0206 49.4208
233.0265 49.4208
233.0323 49.4208
233.0381 49.4208
233.0439 49.4208
233.0497 49.4208
233.0555 49.4208
233.0614 49.4208
233.0672 49.4208
233.0730 49.4208
233.0788 49.4208
233.0846 49.4208
233.0904 49.4208
233.0963 49.4208
233.1021 49.4208
233.1079 49.4208
233.1137 49.4208
233.1195 49.4208
233.1253 49.4208
233.1312 49.4208
233.1370 49.4208
233.1428 49.4208
233.1486 49.4208
233.1544 49.4208
233.1602 49.4208
233.1661 49.4208
233.1719 49.4208
233.1777 49.4208
233.1835 49.4208
233.1893 49.4208
233.1951 49.4208
233.2010 49.4208
233.2068 49.4208
233.2126 49.4208
233.2184 49.4208
233.2242 49.4208
233.2300 49.4208
233.2359 49.4208
233.2417 49.4208
233.2475 49.4208
233.2533 49.4208
233.2591 49.4208
233.2649 49.4208
233.2708 49.4208
233.2766 49.4208
233.2824 49.4208
233.2882 49.4208
233.2940 49.4208
233.2998 49.4208
233.3057 49.4208
233.3115 49.4208
233.3173 49.4208
233.3231 49.4208
233.3289 49.4208
233.3347 49.4208
233.3406 49.4208
233.3464 49.4208
233.3522 49.4208
233.3580 49.4208
233.3638 49.4208
233.3696 49.4208
233.3755 49.4208
233.3813 49.4208
233.3871 49.4208
233.3929 49.4208
233.3987 49.4208
233.4045 49.4208
233.4104 49.4208
233.4162 49.4208
233.4220 49.4208
233.4278 49.4208
233.4336 49.4208
233.4394 49.4208
233.4453 49.4208
233.4511 49.4208
233.4569 49.4208
233.4627 49.4208
233.4685 49.4208
233.4743 49.4208
233.4802 49.4208
233.4860 49.4208
233.4918 49.4208
233.4976 49.4208
233.5034 49.4208
233.5092 49.4208
233.5151 49.4208
233.5209 49.4208
233.5267 49.4208
233.5325 49.4208
233.5383 49.4208
233.5441 49.4208
233.5500 49.4208
233.5558 49.4208
233.5616 49.4208
233.5674 49.4208
233.5732 49.4208
233.5790 49.4208
233.5849 49.4208
233.5907 49.4208
233.5965 49.4208
233.6023 49.4208
233.6081 49.4208
233.6139 49.4208
233.6198 49.4208
233.6256 49.4208
233.6314 49.4208
233.6372 49.4208
233.6430 49.4208
233.6488 49.4208
233.6547 49.4208
233.6605 49.4208
233.6663 49.4208
233.6721 49.4208
233.6779 49.4208
233.6837 49.4208
233.6896 49.4208
233.6954 49.4208
233.7012 49.4208
233.7070 49.4208
233.7128 49.4208
233.7186 49.4208
233.7245 49.4208
233.7303 49.4208
233.7361 49.4208
233.7419 49.4208
233.7477 49.4208
233.7535 49.4208
233.7594 49.4208
233.7652 49.4208
233.7710 49.4208
233.7768 49.4208
233.7826 49.4208
233.7884 49.4208
233.7943 49.4208
233.8001 49.4208
233.8059 49.4208
233.8117 49.4208
233.8175 49.4208
233.8234 49.4208
233.8292 49.4208
233.8350 49.4208
233.8408 49.4208
233.8466 49.4208
233.8524 49.4208
233.8583 49.4208
233.8641 49.4208
233.8699 49.4208
233.8757 49.4208
233.8815 49.4208
233.8873 49.4208
233.8932 49.4208
233.8990 49.4208
233.9048 49.4208
233.9106 49.4208
233.9164 49.4208
233.9222 49.4208
233.9281 49.4208
233.9339 49.4208
233.9397 49.4208
233.9455 49.4208
233.9513 49.4208
233.9571 49.4208
233.9630 49.4208
233.9688 49.4208
233.9746 49.4208
233.9804 49.4208
233.9862 49.4208
233.9920 49.4208
233.9979 49.4208
234.0037 49.4208
234.0095 49.4208
234.0153 49.4208
234.0211 49.4208
234.0269 49.4208
234.0328 49.4208
234.0386 49.4208
234.0444 49.4208
234.0502 49.4208
234.0560 49.4208
234.0618 49.4208
234.0677 49.4208
234.0735 49.4208
234.0793 49.4208
234.0851 49.4208
234.0909 49.4208
234.0967 49.4208
234.1026 49.4208
234.1084 49.4208
234.1142 49.4208
234.1200 49.4208
234.1258 49.4208
234.1316 49.4208
234.1375 49.4208
234.1433 49.4208
234.1491 49.4208
234.1549 49.4208
234.1607 49.4208
234.1665 49.4208
234.1724 49.4208
234.1782 49.4208
234.1840 49.4208
234.1898 49.4208
234.1956 49.4208
234.2014 49.4208
234.2073 49.4208
234.2131 49.4208
234.2189 49.4208
234.2247 49.4208
234.2305 49.4208
234.2363 49.4208
234.2422 49.4208
234.2480 49.4208
234.2538 49.4208
234.2596 49.4208
234.2654 49.4208
234.2712 49.4208
234.2771 49.4208
234.2829 49.4208
234.2887 49.4208
234.2945 49.4208
234.3003 49.4208
234.3061 49.4208
234.3120 49.4208
234.3178 49.4208
234.3236 49.4208
234.3294 49.4208
234.3352 49.4208
234.3410 49.4208
234.3469 49.4208
234.3527 49.4208
234.3585 49.4208
234.3643 49.4208
234.3701 49.4208
234.3759 49.4208
234.3818 49.4208
234.3876 49.4208
234.3934 49.4208
234.3992 49.4208
234.4050 49.4208
234.4108 49.4208
234.4167 49.4208
234.4225 49.4208
234.4283 49.4208
234.4341 49.4208
234.4399 49.4208
234.4457 49.4208
234.4516 49.4208
234.4574 49.4208
234.4632 49.4208
234.4690 49.4208
234.4748 49.4208
234.4806 49.4208
234.4865 49.4208
234.4923 49.4208
234.4981 49.4208
234.5039 49.4208
234.5097 49.4208
234.5155 49.4208
234.5214 49.4208
234.5272 49.4208
234.5330 49.4208
234.5388 49.4208
234.5446 49.4208
234.5504 49.4208
234.5563 49.4208
234.5621 49.4208
234.5679 49.4208
234.5737 49.4208
234.5795 49.4208
234.5853 49.4208
234.5912 49.4208
234.5970 49.4208
234.6028 49.4208
234.6086 49.4208
234.6144 49.4208
234.6202 49.4208
234.6261 49.4208
234.6319 49.4208
234.6377 49.4208
234.6435 49.4208
234.6493 49.4208
234.6551 49.4208
234.6610 49.4208
234.6668 49.4208
234.6726 49.4208
234.6784 49.4208
234.6842 49.4208
234.6900 49.4208
234.6959 49.4208
234.7017 49.4208
234.7075 49.4208
234.7133 49.4208
234.7191 49.4208
234.7250 49.4208
234.7308 49.4208
234.7366 49.4208
234.7424 49.4208
234.7482 49.4208
234.7540 49.4208
234.7599 49.4208
234.7657 49.4208
234.7715 49.4208
234.7773 49.4208
234.7831 49.4208
234.7889 49.4208
234.7948 49.4208
234.8006 49.4208
234.8064 49.4208
234.8122 49.4208
234.8180 49.4208
234.8238 49.4208
234.8297 49.4208
234.8355 49.4208
234.8413 49.4208
234.8471 49.4208
234.8529 49.4208
234.8587 49.4208
234.8646 49.4208
234.8704 49.4208
234.8762 49.4208
234.8820 49.4208
234.8878 49.4208
234.8936 49.4208
234.8995 49.4208
234.9053 49.4208
234.9111 49.4208
234.9169 49.4208
234.9227 49.4208
234.9285 49.4208
234.9344 49.4208
234.9402 49.4208
234.9460 49.4208
234.9518 49.4208
234.9576 49.4208
234.9634 49.4208
234.9693 49.4208
234.9751 49.4208
234.9809 49.4208
234.9867 49.4208
234.9925 49.4208
234.9983 49.4208
235.0042 49.4208
235.0100 49.4208
235.0158 49.4208
235.0216 49.4208
235.0274 49.4208
235.0332 49.4208
235.0391 49.4208
235.0449 49.4208
235.0507 49.4208
235.0565 49.4208
235.0623 49.4208
235.0681 49.4208
235.0740 49.4208
235.0798 49.4208
235.0856 49.4208
235.0914 49.4208
235.0972 49.4208
235.1030 49.4208
235.1089 49.4208
235.1147 49.4208
235.1205 49.4208
235.1263 49.4208
235.1321 49.4208
235.1379 49.4208
235.1438 49.4208
235.1496 49.4208
235.1554 49.4208
235.1612 49.4208
235.1670 49.4208
235.1728 49.4208
235.1787 49.4208
235.1845 49.4208
235.1903 49.4208
235.1961 49.4208
235.2019 49.4208
235.2077 49.4208
235.2136 49.4208
235.2194 49.4208
235.2252 49.4208
235.2310 49.4208
235.2368 49.4208
235.2426 49.4208
235.2485 49.4208
235.2543 49.4208
235.2601 49.4208
235.2659 49.4208
235.2717 49.4208
235.2775 49.4208
235.2834 49.4208
235.2892 49.4208
235.2950 49.4208
235.3008 49.4208
235.3066 49.4208
235.3124 49.4208
235.3183 49.4208
235.3241 49.4208
235.3299 49.4208
235.3357 49.4208
235.3415 49.4208
235.3473 49.4208
235.3532 49.4208
235.3590 49.4208
235.3648 49.4208
235.3706 49.4208
235.3764 49.4208
235.3822 49.4208
235.3881 49.4208
235.3939 49.4208
235.3997 49.4208
235.4055 49.4208
235.4113 49.4208
235.4171 49.4208
235.4230 49.4208
235.4288 49.4208
235.4346 49.4208
235.4404 49.4208
235.4462 49.4208
235.4520 49.4208
235.4579 49.4208
235.4637 49.4208
235.4695 49.4208
235.4753 49.4208
235.4811 49.4208
235.4869 49.4208
235.4928 49.4208
235.4986 49.4208
235.5044 49.4208
235.5102 49.4208
235.5160 49.4208
235.5218 49.4208
235.5277 49.4208
235.5335 49.4208
235.5393 49.4208
235.5451 49.4208
235.5509 49.4208
235.5567 49.4208
235.5626 49.4208
235.5684 49.4208
235.5742 49.4208
235.5800 49.4208
235.5858 49.4208
235.5916 49.4208
235.5975 49.4208
235.6033 49.4208
235.6091 49.4208
235.6149 49.4208
235.6207 49.4208
235.6265 49.4208
235.6324 49.4208
235.6382 49.4208
235.6440 49.4208
235.6498 49.4208
235.6556 49.4208
235.6615 49.4208
235.6673 49.4208
235.6731 49.4208
235.6789 49.4208
235.6847 49.4208
235.6905 49.4208
235.6964 49.4208
235.7022 49.4208
235.7080 49.4208
235.7138 49.4208
235.7196 49.4208
235.7254 49.4208
235.7313 49.4208
235.7371 49.4208
235.7429 49.4208
235.7487 49.4208
235.7545 49.4208
235.7603 49.4208
235.7662 49.4208
235.7720 49.4208
235.7778 49.4208
235.7836 49.4208
235.7894 49.4208
235.7952 49.4208
235.8011 49.4208
235.8069 49.4208
235.8127 49.4208
235.8185 49.4208
235.8243 49.4208
235.8301 49.4208
235.8360 49.4208
235.8418 49.4208
235.8476 49.4208
235.8534 49.4208
235.8592 49.4208
235.8650 49.4208
235.8709 49.4208
235.8767 49.4208
235.8825 49.4208
235.8883 49.4208
235.8941 49.4208
235.8999 49.4208
235.9058 49.4208
235.9116 49.4208
235.9174 49.4208
235.9232 49.4208
235.9290 49.4208
235.9348 49.4208
235.9407 49.4208
235.9465 49.4208
235.9523 49.4208
235.9581 49.4208
235.9639 49.4208
235.9697 49.4208
235.9756 49.4208
235.9814 49.4208
235.9872 49.4208
235.9930 49.4208
235.9988 49.4208
236.0046 49.4208
236.0105 49.4208
236.0163 49.4208
236.0221 49.4208
236.0279 49.4208
236.0337 49.4208
236.0395 49.4208
236.0454 49.4208
236.0512 49.4208
236.0570 49.4208
236.0628 49.4208
236.0686 49.4208
236.0744 49.4208
236.0803 49.4208
236.0861 49.4208
236.0919 49.4208
236.0977 49.4208
236.1035 49.4208
236.1093 49.4208
236.1152 49.4208
236.1210 49.4208
236.1268 49.4208
236.1326 49.4208
236.1384 49.4208
236.1442 49.4208
236.1501 49.4208
236.1559 49.4208
236.1617 49.4208
236.1675 49.4208
236.1733 49.4208
236.1791 49.4208
236.1850 49.4208
236.1908 49.4208
236.1966 49.4208
236.2024 49.4208
236.2082 49.4208
236.2140 49.4208
236.2199 49.4208
236.2257 49.4208
236.2315 49.4208
236.2373 49.4208
236.2431 49.4208
236.2489 49.4208
236.2548 49.4208
236.2606 49.4208
236.2664 49.4208
236.2722 49.4208
236.2780 49.4208
236.2838 49.4208
236.2897 49.4208
236.2955 49.4208
236.3013 49.4208
236.3071 49.4208
236.3129 49.4208
236.3187 49.4208
236.3246 49.4208
236.3304 49.4208
236.3362 49.4208
236.3420 49.4208
236.3478 49.4208
236.3536 49.4208
236.3595 49.4208
236.3653 49.4208
236.3711 49.4208
236.3769 49.4208
236.3827 49.4208
236.3885 49.4208
236.3944 49.4208
236.4002 49.4208
236.4060 49.4208
236.4118 49.4208
236.4176 49.4208
236.4234 49.4208
236.4293 49.4208
236.4351 49.4208
236.4409 49.4208
236.4467 49.4208
236.4525 49.4208
236.4583 49.4208
236.4642 49.4208
236.4700 49.4208
236.4758 49.4208
236.4816 49.4208
236.4874 49.4208
236.4932 49.4208
236.4991 49.4208
236.5049 49.4208
236.5107 49.4208
236.5165 49.4208
236.5223 49.4208
236.5281 49.4208
236.5340 49.4208
236.5398 49.4208
236.5456 49.4208
236.5514 49.4208
236.5572 49.4208
236.5630 49.4208
236.5689 49.4208
236.5747 49.4208
236.5805 49.4208
236.5863 49.4208
236.5921 49.4208
236.5980 49.4208
236.6038 49.4208
236.6096 49.4208
236.6154 49.4208
236.6212 49.4208
236.6270 49.4208
236.6329 49.4208
236.6387 49.4208
236.6445 49.4208
236.6503 49.4208
236.6561 49.4208
236.6619 49.4208
236.6678 49.4208
236.6736 49.4208
236.6794 49.4208
236.6852 49.4208
236.6910 49.4208
236.6968 49.4208
236.7027 49.4208
236.7085 49.4208
236.7143 49.4208
236.7201 49.4208
236.7259 49.4208
236.7317 49.4208
236.7376 49.4208
236.7434 49.4208
236.7492 49.4208
236.7550 49.4208
236.7608 49.4208
236.7666 49.4208
236.7725 49.4208
236.7783 49.4208
236.7841 49.4208
236.7899 49.4208
236.7957 49.4208
236.8015 49.4208
236.8074 49.4208
236.8132 49.4208
236.8190 49.4208
236.8248 49.4208
236.8306 49.4208
236.8364 49.4208
236.8423 49.4208
236.8481 49.4208
236.8539 49.4208
236.8597 49.4208
236.8655 49.4208
236.8713 49.4208
236.8772 49.4208
236.8830 49.4208
236.8888 49.4208
236.8946 49.4208
236.9004 49.4208
236.9062 49.4208
236.9121 49.4208
236.9179 49.4208
236.9237 49.4208
236.9295 49.4208
236.9353 49.4208
236.9411 49.4208
236.9470 49.4208
236.9528 49.4208
236.9586 49.4208
236.9644 49.4208
236.9702 49.4208
236.9760 49.4208
236.9819 49.4208
236.9877 49.4208
236.9935 49.4208
236.9993 49.4208
237.0051 49.4208
237.0109 49.4208
237.0168 49.4208
237.0226 49.4208
237.0284 49.4208
237.0342 49.4208
237.0400 49.4208
237.0458 49.4208
237.0517 49.4208
237.0575 49.4208
237.0633 49.4208
237.0691 49.4208
237.0749 49.4208
237.0807 49.4208
237.0866 49.4208
237.0924 49.4208
237.0982 49.4208
237.1040 49.4208
237.1098 49.4208
237.1156 49.4208
237.1215 49.4208
237.1273 49.4208
237.1331 49.4208
237.1389 49.4208
237.1447 49.4208
237.1505 49.4208
237.1564 49.4208
237.1622 49.4208
237.1680 49.4208
237.1738 49.4208
237.1796 49.4208
237.1854 49.4208
237.1913 49.4208
237.1971 49.4208
237.2029 49.4208
237.2087 49.4208
237.2145 49.4208
237.2203 49.4208
237.2262 49.4208
237.2320 49.4208
237.2378 49.4208
237.2436 49.4208
237.2494 49.4208
237.2552 49.4208
237.2611 49.4208
237.2669 49.4208
237.2727 49.4208
237.2785 49.4208
237.2843 49.4208
237.2901 49.4208
237.2960 49.4208
237.3018 49.4208
237.3076 49.4208
237.3134 49.4208
237.3192 49.4208
237.3250 49.4208
237.3309 49.4208
237.3367 49.4208
237.3425 49.4208
237.3483 49.4208
237.3541 49.4208
237.3599 49.4208
237.3658 49.4208
237.3716 49.4208
237.3774 49.4208
237.3832 49.4208
237.3890 49.4208
237.3948 49.4208
237.4007 49.4208
237.4065 49.4208
237.4123 49.4208
237.4181 49.4208
237.4239 49.4208
237.4297 49.4208
237.4356 49.4208
237.4414 49.4208
237.4472 49.4208
237.4530 49.4208
237.4588 49.4208
237.4646 49.4208
237.4705 49.4208
237.4763 49.4208
237.4821 49.4208
237.4879 49.4208
237.4937 49.4208
237.4996 49.4208
237.5054 49.4208
237.5112 49.4208
237.5170 49.4208
237.5228 49.4208
237.5286 49.4208
237.5345 49.4208
237.5403 49.4208
237.5461 49.4208
237.5519 49.4208
237.5577 49.4208
237.5635 49.4208
237.5694 49.4208
237.5752 49.4208
237.5810 49.4208
237.5868 49.4208
237.5926 49.4208
237.5984 49.4208
237.6043 49.4208
237.6101 49.4208
237.6159 49.4208
237.6217 49.4208
237.6275 49.4208
237.6333 49.4208
237.6392 49.4208
237.6450 49.4208
237.6508 49.4208
237.6566 49.4208
237.6624 49.4208
237.6682 49.4208
237.6741 49.4208
237.6799 49.4208
237.6857 49.4208
237.6915 49.4208
237.6973 49.4208
237.7031 49.4208
237.7090 49.4208
237.7148 49.4208
237.7206 49.4208
237.7264 49.4208
237.7322 49.4208
237.7380 49.4208
237.7439 49.4208
237.7497 49.4208
237.7555 49.4208
237.7613 49.4208
237.7671 49.4208
237.7729 49.4208
237.7788 49.4208
237.7846 49.4208
237.7904 49.4208
237.7962 49.4208
237.8020 49.4208
237.8078 49.4208
237.8137 49.4208
237.8195 49.4208
237.8253 49.4208
237.8311 49.4208
237.8369 49.4208
237.8427 49.4208
237.8486 49.4208
237.8544 49.4208
237.8602 49.4208
237.8660 49.4208
237.8718 49.4208
237.8776 49.4208
237.8835 49.4208
237.8893 49.4208
237.8951 49.4208
237.9009 49.4208
237.9067 49.4208
237.9125 49.4208
237.9184 49.4208
237.9242 49.4208
237.9300 49.4208
237.9358 49.4208
237.9416 49.4208
237.9474 49.4208
237.9533 49.4208
237.9533 49.4208
237.9591 49.4208
237.9649 49.4208
237.9707 49.4208
237.9765 49.4208
237.9823 49.4208
237.9882 49.4208
237.9940 49.4208
237.9998 49.4208
238.0056 49.4208
238.0114 49.4208
238.0172 49.4208
238.0231 49.4208
238.0289 49.4208
238.0347 49.4208
238.0405 49.4208
238.0463 49.4208
238.0521 49.4208
238.0580 49.4208
238.0638 49.4208
238.0696 49.4208
238.0754 49.4208
238.0812 49.4208
238.0871 49.4208
238.0929 49.4208
238.0987 49.4208
238.1045 49.4208
238.1103 49.4208
238.1161 49.4208
238.1220 49.4208
238.1278 49.4208
238.1336 49.4208
238.1394 49.4208
238.1452 49.4208
238.1510 49.4208
238.1569 49.4208
238.1627 49.4208
238.1685 49.4208
238.1743 49.4208
238.1801 49.4208
238.1859 49.4208
238.1918 49.4208
238.1976 49.4208
238.2034 49.4208
238.2092 49.4208
238.2150 49.4208
238.2208 49.4208
238.2267 49.4208
238.2325 49.4208
238.2383 49.4208
238.2441 49.4208
238.2499 49.4208
238.2557 49.4208
238.2616 49.4208
238.2674 49.4208
238.2732 49.4208
238.2790 49.4208
238.2848 49.4208
238.2907 49.4208
238.2965 49.4208
238.3023 49.4208
238.3081 49.4208
238.3139 49.4208
238.3197 49.4208
238.3256 49.4208
238.3314 49.4208
238.3372 49.4208
238.3430 49.4208
238.3488 49.4208
238.3546 49.4208
238.3605 49.4208
238.3663 49.4208
238.3721 49.4208
238.3779 49.4208
238.3837 49.4208
238.3895 49.4208
238.3954 49.4208
238.4012 49.4208
238.4070 49.4208
238.4128 49.4208
238.4186 49.4208
238.4244 49.4208
238.4303 49.4208
238.4361 49.4208
238.4419 49.4208
238.4477 49.4208
238.4535 49.4208
238.4594 49.4208
238.4652 49.4208
238.4710 49.4208
238.4768 49.4208
238.4826 49.4208
238.4884 49.4208
238.4943 49.4208
238.5001 49.4208
238.5059 49.4207
238.5117 49.4207
238.5175 49.4207
238.5233 49.4207
238.5292 49.4207
238.5350 49.4207
238.5408 49.4207
238.5466 49.4207
238.5524 49.4207
238.5582 49.4207
238.5641 49.4207
238.5699 49.4207
238.5757 49.4207
238.5815 49.4207
238.5873 49.4207
238.5932 49.4207
238.5990 49.4207
238.6048 49.4207
238.6106 49.4207
238.6164 49.4207
238.6222 49.4207
238.6281 49.4207
238.6339 49.4207
238.6397 49.4207
238.6455 49.4207
238.6513 49.4207
238.6571 49.4207
238.6630 49.4207
238.6688 49.4207
238.6746 49.4207
238.6804 49.4207
238.6862 49.4207
238.6920 49.4207
238.6979 49.4207
238.7037 49.4207
238.7095 49.4207
238.7153 49.4207
238.7211 49.4207
238.7270 49.4207
238.7328 49.4207
238.7386 49.4207
238.7444 49.4207
238.7502 49.4207
238.7560 49.4207
238.7619 49.4206
238.7677 49.4206
238.7735 49.4206
238.7793 49.4206
238.7851 49.4206
238.7909 49.4206
238.7968 49.4206
238.8026 49.4206
238.8084 49.4206
238.8142 49.4206
238.8200 49.4206
238.8258 49.4206
238.8317 49.4206
238.8375 49.4206
238.8433 49.4206
238.8491 49.4206
238.8549 49.4206
238.8608 49.4206
238.8666 49.4206
238.8724 49.4206
238.8782 49.4206
238.8840 49.4206
238.8898 49.4206
238.8957 49.4206
238.9015 49.4206
238.9073 49.4206
238.9131 49.4205
238.9189 49.4205
238.9247 49.4205
238.9306 49.4205
238.9364 49.4205
238.9422 49.4205
238.9480 49.4205
238.9538 49.4205
238.9596 49.4205
238.9655 49.4205
238.9713 49.4205
238.9771 49.4205
238.9829 49.4205
238.9887 49.4205
238.9946 49.4205
239.0004 49.4205
239.0062 49.4205
239.0120 49.4205
239.0178 49.4205
239.0236 49.4205
239.0295 49.4204
239.0353 49.4204
239.0411 49.4204
239.0469 49.4204
239.0527 49.4204
239.0585 49.4204
239.0644 49.4204
239.0702 49.4204
239.0760 49.4204
239.0818 49.4204
239.0876 49.4204
239.0934 49.4204
239.0993 49.4204
239.1051 49.4204
239.1109 49.4204
239.1167 49.4204
239.1225 49.4203
239.1283 49.4203
239.1342 49.4203
239.1400 49.4203
239.1458 49.4203
239.1516 49.4203
239.1574 49.4203
239.1633 49.4203
239.1691 49.4203
239.1749 49.4203
239.1807 49.4203
239.1865 49.4203
239.1923 49.4203
239.1982 49.4203
239.2040 49.4202
239.2098 49.4202
239.2156 49.4202
239.2214 49.4202
239.2272 49.4202
239.2331 49.4202
239.2389 49.4202
239.2447 49.4202
239.2505 49.4202
239.2563 49.4202
239.2621 49.4202
239.2680 49.4202
239.2738 49.4202
239.2796 49.4201
239.2854 49.4201
239.2912 49.4201
239.2971 49.4201
239.3029 49.4201
239.3087 49.4201
239.3145 49.4201
239.3203 49.4201
239.3261 49.4201
239.3320 49.4201
239.3378 49.4201
239.3436 49.4200
239.3494 49.4200
239.3552 49.4200
239.3610 49.4200
239.3669 49.4200
239.3727 49.4200
239.3785 49.4200
239.3843 49.4200
239.3901 49.4200
239.3959 49.4200
239.4018 49.4199
239.4076 49.4199
239.4134 49.4199
239.4192 49.4199
239.4250 49.4199
239.4308 49.4199
239.4367 49.4199
239.4425 49.4199
239.4483 49.4199
239.4541 49.4199
239.4599 49.4198
239.4658 49.4198
239.4716 49.4198
239.4774 49.4198
239.4832 49.4198
239.4890 49.4198
239.4948 49.4198
239.5007 49.4198
239.5065 49.4197
239.5123 49.4197
239.5181 49.4197
239.5239 49.4197
239.5297 49.4197
239.5356 49.4197
239.5414 49.4197
239.5472 49.4197
239.5530 49.4197
239.5588 49.4196
239.5646 49.4196
239.5705 49.4196
239.5763 49.4196
239.5821 49.4196
239.5879 49.4196
239.5937 49.4196
239.5995 49.4195
239.6054 49.4195
239.6112 49.4195
239.6170 49.4195
239.6228 49.4195
239.6286 49.4195
239.6344 49.4195
239.6403 49.4195
239.6461 49.4194
239.6519 49.4194
239.6577 49.4194
239.6635 49.4194
239.6694 49.4194
239.6752 49.4194
239.6810 49.4194
239.6868 49.4193
239.6926 49.4193
239.6984 49.4193
239.7043 49.4193
239.7101 49.4193
239.7159 49.4193
239.7217 49.4193
239.7275 49.4192
239.7333 49.4192
239.7392 49.4192
239.7450 49.4192
239.7508 49.4192
239.7566 49.4192
239.7624 49.4191
239.7682 49.4191
239.7741 49.4191
239.7799 49.4191
239.7857 49.4191
239.7915 49.4191
239.7973 49.4190
239.8031 49.4190
239.8090 49.4190
239.8148 49.4190
239.8206 49.4190
239.8264 49.4190
239.8322 49.4189
239.8380 49.4189
239.8439 49.4189
239.8497 49.4189
239.8555 49.4189
239.8613 49.4189
239.8671 49.4188
239.8730 49.4188
239.8788 49.4188
239.8846 49.4188
239.8904 49.4188
239.8962 49.4187
239.9020 49.4187
239.9079 49.4187
239.9137 49.4187
239.9195 49.4187
239.9253 49.4187
239.9311 49.4186
239.9369 49.4186
239.9428 49.4186
239.9486 49.4186
239.9544 49.4186
239.9602 49.4185
239.9660 49.4185
239.9718 49.4185
239.9777 49.4185
239.9835 49.4185
239.9893 49.4184
239.9951 49.4184
240.0009 49.4184
240.0068 49.4184
240.0126 49.4184
240.0184 49.4183
240.0242 49.4183
240.0300 49.4183
240.0358 49.4183
240.0417 49.4182
240.0475 49.4182
240.0533 49.4182
240.0591 49.4182
240.0649 49.4182
240.0707 49.4181
240.0766 49.4181
240.0824 49.4181
240.0882 49.4181
240.0940 49.4181
240.0998 49.4180
240.1056 49.4180
240.1115 49.4180
240.1173 49.4180
240.1231 49.4179
240.1289 49.4179
240.1347 49.4179
240.1406 49.4179
240.1464 49.4178
240.1522 49.4178
240.1580 49.4178
240.1638 49.4178
240.1696 49.4178
240.1755 49.4177
240.1813 49.4177
240.1871 49.4177
240.1929 49.4177
240.1987 49.4176
240.2045 49.4176
240.2104 49.4176
240.2162 49.4176
240.2220 49.4175
240.2278 49.4175
240.2336 49.4175
240.2395 49.4175
240.2453 49.4174
240.2511 49.4174
240.2569 49.4174
240.2627 49.4174
240.2685 49.4173
240.2744 49.4173
240.2802 49.4173
240.2860 49.4172
240.2918 49.4172
240.2976 49.4172
240.3034 49.4172
240.3093 49.4171
240.3151 49.4171
240.3209 49.4171
240.3267 49.4171
240.3325 49.4170
240.3383 49.4170
240.3442 49.4170
240.3500 49.4169
240.3558 49.4169
240.3616 49.4169
240.3674 49.4169
240.3733 49.4168
240.3791 49.4168
240.3849 49.4168
240.3907 49.4167
240.3965 49.4167
240.4023 49.4167
240.4082 49.4167
240.4140 49.4166
240.4198 49.4166
240.4256 49.4166
240.4314 49.4165
240.4372 49.4165
240.4431 49.4165
240.4489 49.4165
240.4547 49.4164
240.4605 49.4164
240.4663 49.4164
240.4722 49.4163
240.4780 49.4163
240.4838 49.4163
240.4896 49.4162
240.4954 49.4162
240.5012 49.4162
240.5071 49.4161
240.5129 49.4161
240.5187 49.4161
240.5245 49.4160
240.5303 49.4160
240.5361 49.4160
240.5420 49.4159
240.5478 49.4159
240.5536 49.4159
240.5594 49.4158
240.5652 49.4158
240.5711 49.4158
240.5769 49.4157
240.5827 49.4157
240.5885 49.4157
240.5943 49.4156
240.6001 49.4156
240.6060 49.4156
240.6118 49.4155
240.6176 49.4155
240.6234 49.4155
240.6292 49.4154
240.6350 49.4154
240.6409 49.4154
240.6467 49.4153
240.6525 49.4153
240.6583 49.4153
240.6641 49.4152
240.6700 49.4152
240.6758 49.4152
240.6816 49.4151
240.6874 49.4151
240.6932 49.4150
240.6990 49.4150
240.7049 49.4150
240.7107 49.4149
240.7165 49.4149
240.7223 49.4149
240.7281 49.4148
240.7339 49.4148
240.7398 49.4147
240.7456 49.4147
240.7514 49.4147
240.7572 49.4146
240.7630 49.4146
240.7689 49.4146
240.7747 49.4145
240.7805 49.4145
240.7863 49.4144
240.7921 49.4144
240.7979 49.4144
240.8038 49.4143
240.8096 49.4143
240.8154 49.4142
240.8212 49.4142
240.8270 49.4142
240.8329 49.4141
240.8387 49.4141
240.8445 49.4140
240.8503 49.4140
240.8561 49.4140
240.8619 49.4139
240.8678 49.4139
240.8736 49.4138
240.8794 49.4138
240.8852 49.4137
240.8910 49.4137
240.8968 49.4137
240.9027 49.4136
240.9085 49.4136
240.9143 49.4135
240.9201 49.4135
240.9259 49.4135
240.9318 49.4134
240.9376 49.4134
240.9434 49.4133
240.9492 49.4133
240.9550 49.4132
240.9608 49.4132
240.9667 49.4131
240.9725 49.4131
240.9783 49.4131
240.9841 49.4130
240.9899 49.4130
240.9957 49.4129
241.0016 49.4129
241.0074 49.4128
241.0132 49.4128
241.0190 49.4127
241.0248 49.4127
241.0307 49.4126
241.0365 49.4126
241.0423 49.4126
241.0481 49.4125
241.0539 49.4125
241.0597 49.4124
241.0656 49.4124
241.0714 49.4123
241.0772 49.4123
241.0830 49.4122
241.0888 49.4122
241.0946 49.4121
241.1005 49.4121
241.1063 49.4120
241.1121 49.4120
241.1179 49.4119
241.1237 49.4119
241.1296 49.4118
241.1354 49.4118
241.1412 49.4117
241.1470 49.4117
241.1528 49.4116
241.1586 49.4116
241.1645 49.4115
241.1703 49.4115
241.1761 49.4114
241.1819 49.4114
241.1877 49.4113
241.1935 49.4113
241.1994 49.4112
241.2052 49.4112
241.2110 49.4111
241.2168 49.4111
241.2226 49.4110
241.2285 49.4110
241.2343 49.4109
241.2401 49.4109
241.2459 49.4108
241.2517 49.4108
241.2575 49.4107
241.2634 49.4107
241.2692 49.4106
241.2750 49.4106
241.2808 49.4105
241.2866 49.4104
241.2924 49.4104
241.2983 49.4103
241.3041 49.4103
241.3099 49.4102
241.3157 49.4102
241.3215 49.4101
241.3274 49.4101
241.3332 49.4100
241.3390 49.4099
241.3448 49.4099
241.3506 49.4098
241.3564 49.4098
241.3623 49.4097
241.3681 49.4097
241.3739 49.4096
241.3797 49.4096
241.3855 49.4095
241.3913 49.4094
241.3972 49.4094
241.4030 49.4093
241.4088 49.4093
241.4146 49.4092
241.4204 49.4091
241.4263 49.4091
241.4321 49.4090
241.4379 49.4090
241.4437 49.4089
241.4495 49.4088
241.4553 49.4088
241.4612 49.4087
241.4670 49.4087
241.4728 49.4086
241.4786 49.4085
241.4844 49.4085
241.4902 49.4084
241.4961 49.4084
241.5019 49.4083
241.5077 49.4082
241.5135 49.4082
241.5193 49.4081
241.5252 49.4081
241.5310 49.4080
241.5368 49.4079
241.5426 49.4079
241.5484 49.4078
241.5542 49.4077
241.5601 49.4077
241.5659 49.4076
241.5717 49.4076
241.5775 49.4075
241.5833 49.4074
241.5891 49.4074
241.5950 49.4073
241.6008 49.4072
241.6066 49.4072
241.6124 49.4071
241.6182 49.4070
241.6241 49.4070
241.6299 49.4069
241.6357 49.4068
241.6415 49.4068
241.6473 49.4067
241.6531 49.4066
241.6590 49.4066
241.6648 49.4065
241.6706 49.4064
241.6764 49.4064
241.6822 49.4063
241.6881 49.4062
241.6939 49.4062
241.6997 49.4061
241.7055 49.4060
241.7113 49.4060
241.7171 49.4059
241.7230 49.4058
241.7288 49.4058
241.7346 49.4057
241.7404 49.4056
241.7462 49.4055
241.7521 49.4055
241.7579 49.4054
241.7637 49.4053
241.7695 49.4053
241.7753 49.4052
241.7811 49.4051
241.7870 49.4050
241.7928 49.4050
241.7986 49.4049
241.8044 49.4048
241.8102 49.4048
241.8161 49.4047
241.8219 49.4046
241.8277 49.4045
241.8335 49.4045
241.8393 49.4044
241.8451 49.4043
241.8510 49.4042
241.8568 49.4042
241.8626 49.4041
241.8684 49.4040
241.8742 49.4039
241.8801 49.4039
241.8859 49.4038
241.8917 49.4037
241.8975 49.4036
241.9033 49.4036
241.9091 49.4035
241.9150 49.4034
241.9208 49.4033
241.9266 49.4033
241.9324 49.4032
241.9382 49.4031
241.9441 49.4030
241.9499 49.4030
241.9557 49.4029
241.9615 49.4028
241.9673 49.4027
241.9731 49.4026
241.9790 49.4026
241.9848 49.4025
241.9906 49.4024
241.9964 49.4023
242.0022 49.4022
242.0081 49.4022
242.0139 49.4021
242.0197 49.4020
242.0255 49.4019
242.0313 49.4018
242.0371 49.4018
242.0430 49.4017
242.0488 49.4016
242.0546 49.4015
242.0604 49.4014
242.0662 49.4014
242.0721 49.4013
242.0779 49.4012
242.0837 49.4011
242.0895 49.4010
242.0953 49.4009
242.1011 49.4009
242.1070 49.4008
242.1128 49.4007
242.1186 49.4006
242.1244 49.4005
242.1302 49.4004
242.1361 49.4003
242.1419 49.4003
242.1477 49.4002
242.1535 49.4001
242.1593 49.4000
242.1652 49.3999
242.1710 49.3998
242.1768 49.3997
242.1826 49.3997
242.1884 49.3996
242.1942 49.3995
242.2001 49.3994
242.2059 49.3993
242.2117 49.3992
242.2175 49.3991
242.2233 49.3990
242.2292 49.3990
242.2350 49.3989
242.2408 49.3988
242.2466 49.3987
242.2524 49.3986
242.2582 49.3985
242.2641 49.3984
242.2699 49.3983
242.2757 49.3982
242.2815 49.3981
242.2873 49.3980
242.2932 49.3980
242.2990 49.3979
242.3048 49.3978
242.3106 49.3977
242.3164 49.3976
242.3223 49.3975
242.3281 49.3974
242.3339 49.3973
242.3397 49.3972
242.3455 49.3971
242.3513 49.3970
242.3572 49.3969
242.3630 49.3968
242.3688 49.3967
242.3746 49.3966
242.3804 49.3966
242.3863 49.3965
242.3921 49.3964
242.3979 49.3963
242.4037 49.3962
242.4095 49.3961
242.4153 49.3960
242.4212 49.3959
242.4270 49.3958
242.4328 49.3957
242.4386 49.3956
242.4444 49.3955
242.4503 49.3954
242.4561 49.3953
242.4619 49.3952
242.4677 49.3951
242.4735 49.3950
242.4794 49.3949
242.4852 49.3948
242.4910 49.3947
242.4968 49.3946
242.5026 49.3945
242.5084 49.3944
242.5143 49.3943
242.5201 49.3942
242.5259 49.3941
242.5317 49.3940
242.5375 49.3939
242.5434 49.3938
242.5492 49.3937
242.5550 49.3936
242.5608 49.3935
242.5666 49.3934
242.5725 49.3933
242.5783 49.3932
242.5841 49.3931
242.5899 49.3930
242.5957 49.3928
242.6015 49.3927
242.6074 49.3926
242.6132 49.3925
242.6190 49.3924
242.6248 49.3923
242.6306 49.3922
242.6365 49.3921
242.6423 49.3920
242.6481 49.3919
242.6539 49.3918
242.6597 49.3917
242.6655 49.3916
242.6714 49.3915
242.6772 49.3914
242.6830 49.3912
242.6888 49.3911
242.6946 49.3910
242.7005 49.3909
242.7063 49.3908
242.7121 49.3907
242.7179 49.3906
242.7237 49.3905
242.7296 49.3904
242.7354 49.3903
242.7412 49.3901
242.7470 49.3900
242.7528 49.3899
242.7586 49.3898
242.7645 49.3897
242.7703 49.3896
242.7761 49.3895
242.7819 49.3894
242.7877 49.3892
242.7936 49.3891
242.7994 49.3890
242.8052 49.3889
242.8110 49.3888
242.8168 49.3887
242.8227 49.3886
242.8285 49.3884
242.8343 49.3883
242.8401 49.3882
242.8459 49.3881
242.8517 49.3880
242.8576 49.3879
242.8634 49.3877
242.8692 49.3876
242.8750 49.3875
242.8808 49.3874
242.8867 49.3873
242.8925 49.3871
242.8983 49.3870
242.9041 49.3869
242.9099 49.3868
242.9158 49.3867
242.9216 49.3866
242.9274 49.3864
242.9332 49.3863
242.9390 49.3862
242.9448 49.3861
242.9507 49.3859
242.9565 49.3858
242.9623 49.3857
242.9681 49.3856
242.9739 49.3855
242.9798 49.3853
242.9856 49.3852
242.9914 49.3851
242.9972 49.3850
243.0030 49.3848
243.0089 49.3847
243.0147 49.3846
243.0205 49.3845
243.0263 49.3843
243.0321 49.3842
243.0379 49.3841
243.0438 49.3840
243.0496 49.3838
243.0554 49.3837
243.0612 49.3836
243.0670 49.3835
243.0729 49.3833
243.0787 49.3832
243.0845 49.3831
243.0903 49.3830
243.0961 49.3828
243.1020 49.3827
243.1078 49.3826
243.1136 49.3824
243.1194 49.3823
243.1252 49.3822
243.1310 49.3820
243.1369 49.3819
243.1427 49.3818
243.1485 49.3817
243.1543 49.3815
243.1601 49.3814
243.1660 49.3813
243.1718 49.3811
243.1776 49.3810
243.1834 49.3809
243.1892 49.3807
243.1951 49.3806
243.2009 49.3805
243.2067 49.3803
243.2125 49.3802
243.2183 49.3801
243.2242 49.3799
243.2300 49.3798
243.2358 49.3797
243.2416 49.3795
243.2474 49.3794
243.2532 49.3792
243.2591 49.3791
243.2649 49.3790
243.2707 49.3788
243.2765 49.3787
243.2823 49.3786
243.2882 49.3784
243.2940 49.3783
243.2998 49.3781
243.3056 49.3780
243.3114 49.3779
243.3173 49.3777
243.3231 49.3776
243.3289 49.3774
243.3347 49.3773
243.3405 49.3772
243.3464 49.3770
243.3522 49.3769
243.3580 49.3767
243.3638 49.3766
243.3696 49.3765
243.3755 49.3763
243.3813 49.3762
243.3871 49.3760
243.3929 49.3759
243.3987 49.3757
243.4045 49.3756
243.4104 49.3754
243.4162 49.3753
243.4220 49.3752
243.4278 49.3750
243.4336 49.3749
243.4395 49.3747
243.4453 49.3746
243.4511 49.3744
243.4569 49.3743
243.4627 49.3741
243.4686 49.3740
243.4744 49.3738
243.4802 49.3737
243.4860 49.3735
243.4918 49.3734
243.4977 49.3732
243.5035 49.3731
243.5093 49.3729
243.5151 49.3728
243.5209 49.3726
243.5268 49.3725
243.5326 49.3723
243.5384 49.3722
243.5442 49.3720
243.5500 49.3719
243.5559 49.3717
243.5617 49.3716
243.5675 49.3714
243.5733 49.3713
243.5791 49.3711
243.5850 49.3710
243.5908 49.3708
243.5966 49.3707
243.6024 49.3705
243.6082 49.3703
243.6141 49.3702
243.6199 49.3700
243.6257 49.3699
243.6315 49.3697
243.6373 49.3696
243.6432 49.3694
243.6490 49.3693
243.6548 49.3691
243.6606 49.3689
243.6664 49.3688
243.6723 49.3686
243.6781 49.3685
243.6839 49.3683
243.6897 49.3681
243.6955 49.3680
243.7014 49.3678
243.7072 49.3677
243.7130 49.3675
243.7188 49.3673
243.7246 49.3672
243.7305 49.3670
243.7363 49.3669
243.7421 49.3667
243.7479 49.3665
243.7537 49.3664
243.7596 49.3662
243.7654 49.3660
243.7712 49.3659
243.7770 49.3657
243.7828 49.3655
243.7887 49.3654
243.7945 49.3652
243.8003 49.3651
243.8061 49.3649
243.8119 49.3647
243.8178 49.3646
243.8236 49.3644
243.8294 49.3642
243.8352 49.3641
243.8410 49.3639
243.8469 49.3637
243.8527 49.3635
243.8585 49.3634
243.8643 49.3632
243.8701 49.3630
243.8760 49.3629
243.8818 49.3627
243.8876 49.3625
243.8934 49.3624
243.8992 49.3622
243.9051 49.3620
243.9109 49.3618
243.9167 49.3617
243.9225 49.3615
243.9283 49.3613
243.9342 49.3611
243.9400 49.3610
243.9458 49.3608
243.9516 49.3606
243.9574 49.3605
243.9633 49.3603
243.9691 49.3601
243.9749 49.3599
243.9807 49.3598
243.9865 49.3596
243.9924 49.3594
243.9982 49.3592
244.0040 49.3590
244.0098 49.3589
244.0156 49.3587
244.0215 49.3585
244.0273 49.3583
244.0331 49.3582
244.0389 49.3580
244.0447 49.3578
244.0506 49.3576
244.0564 49.3574
244.0622 49.3573
244.0680 49.3571
244.0738 49.3569
244.0797 49.3567
244.0855 49.3565
244.0913 49.3563
244.0971 49.3562
244.1029 49.3560
244.1088 49.3558
244.1146 49.3556
244.1204 49.3554
244.1262 49.3552
244.1320 49.3551
244.1379 49.3549
244.1437 49.3547
244.1495 49.3545
244.1553 49.3543
244.1611 49.3541
244.1670 49.3539
244.1728 49.3538
244.1786 49.3536
244.1844 49.3534
244.1902 49.3532
244.1961 49.3530
244.2019 49.3528
244.2077 49.3526
244.2135 49.3524
244.2193 49.3522
244.2252 49.3521
244.2310 49.3519
244.2368 49.3517
244.2426 49.3515
244.2484 49.3513
244.2543 49.3511
244.2601 49.3509
244.2659 49.3507
244.2717 49.3505
244.2775 49.3503
244.2834 49.3501
244.2892 49.3499
244.2950 49.3497
244.3008 49.3495
244.3067 49.3493
244.3125 49.3492
244.3183 49.3490
244.3241 49.3488
244.3299 49.3486
244.3358 49.3484
244.3416 49.3482
244.3474 49.3480
244.3532 49.3478
244.3590 49.3476
244.3649 49.3474
244.3707 49.3472
244.3765 49.3470
244.3823 49.3468
244.3881 49.3466
244.3940 49.3464
244.3998 49.3462
244.4056 49.3460
244.4114 49.3458
244.4172 49.3456
244.4231 49.3454
244.4289 49.3452
244.4347 49.3450
244.4405 49.3448
244.4463 49.3446
244.4522 49.3444
244.4580 49.3441
244.4638 49.3439
244.4696 49.3437
244.4754 49.3435
244.4813 49.3433
244.4871 49.3431
244.4929 49.3429
244.4987 49.3427
244.5045 49.3425
244.5104 49.3423
244.5162 49.3421
244.5220 49.3419
244.5278 49.3417
244.5336 49.3415
244.5395 49.3412
244.5453 49.3410
244.5511 49.3408
244.5569 49.3406
244.5628 49.3404
244.5686 49.3402
244.5744 49.3400
244.5802 49.3398
244.5860 49.3396
244.5919 49.3393
244.5977 49.3391
244.6035 49.3389
244.6093 49.3387
244.6151 49.3385
244.6210 49.3383
244.6268 49.3381
244.6326 49.3378
244.6384 49.3376
244.6442 49.3374
244.6501 49.3372
244.6559 49.3370
244.6617 49.3368
244.6675 49.3365
244.6733 49.3363
244.6792 49.3361
244.6850 49.3359
244.6908 49.3357
244.6966 49.3354
244.7024 49.3352
244.7083 49.3350
244.7141 49.3348
244.7199 49.3346
244.7257 49.3343
244.7315 49.3341
244.7374 49.3339
244.7432 49.3337
244.7490 49.3334
244.7548 49.3332
244.7607 49.3330
244.7665 49.3328
244.7723 49.3326
244.7781 49.3323
244.7839 49.3321
244.7898 49.3319
244.7956 49.3317
244.8014 49.3314
244.8072 49.3312
244.8130 49.3310
244.8189 49.3307
244.8247 49.3305
244.8305 49.3303
244.8363 49.3301
244.8421 49.3298
244.8480 49.3296
244.8538 49.3294
244.8596 49.3291
244.8654 49.3289
244.8713 49.3287
244.8771 49.3284
244.8829 49.3282
244.8887 49.3280
244.8945 49.3277
244.9004 49.3275
244.9062 49.3273
244.9120 49.3270
244.9178 49.3268
244.9236 49.3266
244.9295 49.3263
244.9353 49.3261
244.9411 49.3259
244.9469 49.3256
244.9528 49.3254
244.9586 49.3252
244.9644 49.3249
244.9702 49.3247
244.9760 49.3245
244.9819 49.3242
244.9877 49.3240
244.9935 49.3237
244.9993 49.3235
245.0051 49.3233
245.0110 49.3230
245.0168 49.3228
245.0226 49.3225
245.0284 49.3223
245.0343 49.3221
245.0401 49.3218
245.0459 49.3216
245.0517 49.3213
245.0575 49.3211
245.0634 49.3208
245.0692 49.3206
245.0750 49.3203
245.0808 49.3201
245.0866 49.3199
245.0925 49.3196
245.0983 49.3194
245.1041 49.3191
245.1099 49.3189
245.1158 49.3186
245.1216 49.3184
245.1274 49.3181
245.1332 49.3179
245.1390 49.3176
245.1449 49.3174
245.1507 49.3171
245.1565 49.3169
245.1623 49.3166
245.1682 49.3164
245.1740 49.3161
245.1798 49.3159
245.1856 49.3156
245.1914 49.3154
245.1973 49.3151
245.2031 49.3149
245.2089 49.3146
245.2147 49.3144
245.2205 49.3141
245.2264 49.3138
245.2322 49.3136
245.2380 49.3133
245.2438 49.3131
245.2497 49.3128
245.2555 49.3126
245.2613 49.3123
245.2671 49.3121
245.2729 49.3118
245.2788 49.3115
245.2846 49.3113
245.2904 49.3110
245.2962 49.3108
245.3021 49.3105
245.3079 49.3102
245.3137 49.3100
245.3195 49.3097
245.3253 49.3095
245.3312 49.3092
245.3370 49.3089
245.3428 49.3087
245.3486 49.3084
245.3545 49.3081
245.3603 49.3079
245.3661 49.3076
245.3719 49.3073
245.3777 49.3071
245.3836 49.3068
245.3894 49.3065
245.3952 49.3063
245.4010 49.3060
245.4069 49.3057
245.4127 49.3055
245.4185 49.3052
245.4243 49.3049
245.4301 49.3047
245.4360 49.3044
245.4418 49.3041
245.4476 49.3039
245.4534 49.3036
245.4593 49.3033
245.4651 49.3030
245.4709 49.3028
245.4767 49.3025
245.4825 49.3022
245.4884 49.3020
245.4942 49.3017
245.5000 49.3014
245.5058 49.3011
245.5117 49.3009
245.5175 49.3006
245.5233 49.3003
245.5291 49.3000
245.5349 49.2998
245.5408 49.2995
245.5466 49.2992
245.5524 49.2989
245.5582 49.2986
245.5641 49.2984
245.5699 49.2981
245.5757 49.2978
245.5815 49.2975
245.5873 49.2972
245.5932 49.2970
245.5990 49.2967
245.6048 49.2964
245.6106 49.2961
245.6165 49.2958
245.6223 49.2956
245.6281 49.2953
245.6339 49.2950
245.6398 49.2947
245.6456 49.2944
245.6514 49.2941
245.6572 49.2938
245.6630 49.2936
245.6689 49.2933
245.6747 49.2930
245.6805 49.2927
245.6863 49.2924
245.6922 49.2921
245.6980 49.2918
245.7038 49.2915
245.7096 49.2913
245.7154 49.2910
245.7213 49.2907
245.7271 49.2904
245.7329 49.2901
245.7387 49.2898
245.7446 49.2895
245.7504 49.2892
245.7562 49.2889
245.7620 49.2886
245.7678 49.2883
245.7737 49.2880
245.7795 49.2878
245.7853 49.2875
245.7911 49.2872
245.7970 49.2869
245.8028 49.2866
245.8086 49.2863
245.8144 49.2860
245.8203 49.2857
245.8261 49.2854
245.8319 49.2851
245.8377 49.2848
245.8435 49.2845
245.8494 49.2842
245.8552 49.2839
245.8610 49.2836
245.8668 49.2833
245.8727 49.2830
245.8785 49.2827
245.8843 49.2824
245.8901 49.2821
245.8960 49.2818
245.9018 49.2815
245.9076 49.2812
245.9134 49.2809
245.9192 49.2806
245.9251 49.2803
245.9309 49.2800
245.9367 49.2796
245.9425 49.2793
245.9484 49.2790
245.9542 49.2787
245.9600 49.2784
245.9658 49.2781
245.9716 49.2778
245.9775 49.2775
245.9833 49.2772
245.9891 49.2769
245.9949 49.2766
246.0008 49.2762
246.0066 49.2759
246.0124 49.2756
246.0182 49.2753
246.0241 49.2750
246.0299 49.2747
246.0357 49.2744
246.0415 49.2741
246.0473 49.2737
246.0532 49.2734
246.0590 49.2731
246.0648 49.2728
246.0706 49.2725
246.0765 49.2722
246.0823 49.2719
246.0881 49.2715
246.0939 49.2712
246.0998 49.2709
246.1056 49.2706
246.1114 49.2703
246.1172 49.2699
246.1230 49.2696
246.1289 49.2693
246.1347 49.2690
246.1405 49.2687
246.1463 49.2683
246.1522 49.2680
246.1580 49.2677
246.1638 49.2674
246.1696 49.2670
246.1755 49.2667
246.1813 49.2664
246.1871 49.2661
246.1929 49.2657
246.1987 49.2654
246.2046 49.2651
246.2104 49.2648
246.2162 49.2644
246.2220 49.2641
246.2279 49.2638
246.2337 49.2635
246.2395 49.2631
246.2453 49.2628
246.2512 49.2625
246.2570 49.2621
246.2628 49.2618
246.2686 49.2615
246.2744 49.2611
246.2803 49.2608
246.2861 49.2605
246.2919 49.2601
246.2977 49.2598
246.3036 49.2595
246.3094 49.2591
246.3152 49.2588
246.3210 49.2585
246.3269 49.2581
246.3327 49.2578
246.3385 49.2575
246.3443 49.2571
246.3502 49.2568
246.3560 49.2564
246.3618 49.2561
246.3676 49.2558
246.3734 49.2554
246.3793 49.2551
246.3851 49.2547
246.3909 49.2544
246.3967 49.2541
246.4026 49.2537
246.4084 49.2534
246.4142 49.2530
246.4200 49.2527
246.4259 49.2523
246.4317 49.2520
246.4375 49.2517
246.4433 49.2513
246.4492 49.2510
246.4550 49.2506
246.4608 49.2503
246.4666 49.2499
246.4725 49.2496
246.4783 49.2492
246.4841 49.2489
246.4899 49.2485
246.4957 49.2482
246.5016 49.2478
246.5074 49.2475
246.5132 49.2471
246.5190 49.2468
246.5249 49.2464
246.5307 49.2461
246.5365 49.2457
246.5423 49.2454
246.5482 49.2450
246.5540 49.2447
246.5598 49.2443
246.5656 49.2440
246.5715 49.2436
246.5773 49.2432
246.5831 49.2429
246.5889 49.2425
246.5948 49.2422
246.6006 49.2418
246.6064 49.2415
246.6122 49.2411
246.6181 49.2407
246.6239 49.2404
246.6297 49.2400
246.6355 49.2397
246.6414 49.2393
246.6472 49.2389
246.6530 49.2386
246.6588 49.2382
246.6647 49.2379
246.6705 49.2375
246.6763 49.2371
246.6821 49.2368
246.6879 49.2364
246.6938 49.2360
246.6996 49.2357
246.7054 49.2353
246.7112 49.2349
246.7171 49.2346
246.7229 49.2342
246.7287 49.2338
246.7345 49.2335
246.7404 49.2331
246.7462 49.2327
246.7520 49.2324
246.7578 49.2320
246.7637 49.2316
246.7695 49.2312
246.7753 49.2309
246.7811 49.2305
246.7870 49.2301
246.7928 49.2298
246.7986 49.2294
246.8044 49.2290
246.8103 49.2286
246.8161 49.2283
246.8219 49.2279
246.8277 49.2275
246.8336 49.2271
246.8394 49.2267
246.8452 49.2264
246.8510 49.2260
246.8569 49.2256
246.8627 49.2252
246.8685 49.2249
246.8743 49.2245
246.8802 49.2241
246.8860 49.2237
246.8918 49.2233
246.8976 49.2230
246.9035 49.2226
246.9093 49.2222
246.9151 49.2218
246.9209 49.2214
246.9268 49.2210
246.9326 49.2206
246.9384 49.2203
246.9442 49.2199
246.9501 49.2195
246.9559 49.2191
246.9617 49.2187
246.9675 49.2183
246.9734 49.2179
246.9792 49.2176
246.9850 49.2172
246.9908 49.2168
246.9967 49.2164
247.0025 49.2160
247.0083 49.2156
247.0141 49.2152
247.0200 49.2148
247.0258 49.2144
247.0316 49.2140
247.0374 49.2136
247.0433 49.2132
247.0491 49.2128
247.0549 49.2125
247.0607 49.2121
247.0666 49.2117
247.0724 49.2113
247.0782 49.2109
247.0840 49.2105
247.0899 49.2101
247.0957 49.2097
247.1015 49.2093
247.1074 49.2089
247.1132 49.2085
247.1190 49.2081
247.1248 49.2077
247.1307 49.2073
247.1365 49.2069
247.1423 49.2065
247.1481 49.2061
247.1540 49.2057
247.1598 49.2053
247.1656 49.2049
247.1714 49.2044
247.1773 49.2040
247.1831 49.2036
247.1889 49.2032
247.1947 49.2028
247.2006 49.2024
247.2064 49.2020
247.2122 49.2016
247.2180 49.2012
247.2239 49.2008
247.2297 49.2004
247.2355 49.2000
247.2413 49.1996
247.2472 49.1991
247.2530 49.1987
247.2588 49.1983
247.2646 49.1979
247.2705 49.1975
247.2763 49.1971
247.2821 49.1967
247.2879 49.1962
247.2938 49.1958
247.2996 49.1954
247.3054 49.1950
247.3112 49.1946
247.3171 49.1942
247.3229 49.1937
247.3287 49.1933
247.3345 49.1929
247.3404 49.1925
247.3462 49.1921
247.3520 49.1916
247.3579 49.1912
247.3637 49.1908
247.3695 49.1904
247.3753 49.1900
247.3812 49.1895
247.3870 49.1891
247.3928 49.1887
247.3986 49.1883
247.4045 49.1878
247.4103 49.1874
247.4161 49.1870
247.4219 49.1866
247.4278 49.1861
247.4336 49.1857
247.4394 49.1853
247.4452 49.1849
247.4511 49.1844
247.4569 49.1840
247.4627 49.1836
247.4685 49.1831
247.4744 49.1827
247.4802 49.1823
247.4860 49.1818
247.4918 49.1814
247.4977 49.1810
247.5035 49.1805
247.5093 49.1801
247.5152 49.1797
247.5210 49.1792
247.5268 49.1788
247.5326 49.1784
247.5385 49.1779
247.5443 49.1775
247.5501 49.1771
247.5559 49.1766
247.5618 49.1762
247.5676 49.1757
247.5734 49.1753
247.5792 49.1749
247.5851 49.1744
247.5909 49.1740
247.5967 49.1735
247.6025 49.1731
247.6084 49.1726
247.6142 49.1722
247.6200 49.1718
247.6258 49.1713
247.6317 49.1709
247.6375 49.1704
247.6433 49.1700
247.6491 49.1695
247.6550 49.1691
247.6608 49.1686
247.6666 49.1682
247.6725 49.1677
247.6783 49.1673
247.6841 49.1668
247.6899 49.1664
247.6958 49.1659
247.7016 49.1655
247.7074 49.1650
247.7132 49.1646
247.7191 49.1641
247.7249 49.1637
247.7307 49.1632
247.7365 49.1628
247.7424 49.1623
247.7482 49.1619
247.7540 49.1614
247.7598 49.1610
247.7657 49.1605
247.7715 49.1600
247.7773 49.1596
247.7832 49.1591
247.7890 49.1587
247.7948 49.1582
247.8006 49.1577
247.8065 49.1573
247.8123 49.1568
247.8181 49.1564
247.8239 49.1559
247.8298 49.1554
247.8356 49.1550
247.8414 49.1545
247.8472 49.1540
247.8531 49.1536
247.8589 49.1531
247.8647 49.1526
247.8706 49.1522
247.8764 49.1517
247.8822 49.1512
247.8880 49.1508
247.8939 49.1503
247.8997 49.1498
247.9055 49.1494
247.9113 49.1489
247.9172 49.1484
247.9230 49.1480
247.9288 49.1475
247.9346 49.1470
247.9405 49.1465
247.9463 49.1461
247.9521 49.1456
247.9580 49.1451
247.9638 49.1447
247.9696 49.1442
247.9754 49.1437
247.9813 49.1432
247.9871 49.1427
247.9929 49.1423
247.9987 49.1418
248.0046 49.1413
248.0104 49.1408
248.0162 49.1404
248.0221 49.1399
248.0279 49.1394
248.0337 49.1389
248.0395 49.1384
248.0454 49.1379
248.0512 49.1375
248.0570 49.1370
248.0628 49.1365
248.0687 49.1360
248.0745 49.1355
248.0803 49.1350
248.0862 49.1346
248.0920 49.1341
248.0978 49.1336
248.1036 49.1331
248.1095 49.1326
248.1153 49.1321
248.1211 49.1316
248.1270 49.1311
248.1328 49.1306
248.1386 49.1302
248.1444 49.1297
248.1503 49.1292
248.1561 49.1287
248.1619 49.1282
248.1677 49.1277
248.1736 49.1272
248.1794 49.1267
248.1852 49.1262
248.1911 49.1257
248.1969 49.1252
248.2027 49.1247
248.2085 49.1242
248.2144 49.1237
248.2202 49.1232
248.2260 49.1227
248.2319 49.1222
248.2377 49.1217
248.2435 49.1212
248.2493 49.1207
248.2552 49.1202
248.2610 49.1197
248.2668 49.1192
248.2726 49.1187
248.2785 49.1182
248.2843 49.1177
248.2901 49.1172
248.2960 49.1167
248.3018 49.1162
248.3076 49.1157
248.3134 49.1152
248.3193 49.1147
248.3251 49.1142
248.3309 49.1137
248.3368 49.1131
248.3426 49.1126
248.3484 49.1121
248.3542 49.1116
248.3601 49.1111
248.3659 49.1106
248.3717 49.1101
248.3776 49.1096
248.3834 49.1091
248.3892 49.1085
248.3950 49.1080
248.4009 49.1075
248.4067 49.1070
248.4125 49.1065
248.4184 49.1060
248.4242 49.1054
248.4300 49.1049
248.4358 49.1044
248.4417 49.1039
248.4475 49.1034
248.4533 49.1028
248.4592 49.1023
248.4650 49.1018
248.4708 49.1013
248.4766 49.1008
248.4825 49.1002
248.4883 49.0997
248.4941 49.0992
248.5000 49.0987
248.5058 49.0981
248.5116 49.0976
248.5174 49.0971
248.5233 49.0966
248.5291 49.0960
248.5349 49.0955
248.5408 49.0950
248.5466 49.0944
248.5524 49.0939
248.5582 49.0934
248.5641 49.0929
248.5699 49.0923
248.5757 49.0918
248.5816 49.0913
248.5874 49.0907
248.5932 49.0902
248.5990 49.0897
248.6049 49.0891
248.6107 49.0886
248.6165 49.0880
248.6224 49.0875
248.6282 49.0870
248.6340 49.0864
248.6398 49.0859
248.6457 49.0854
248.6515 49.0848
248.6573 49.0843
248.6632 49.0837
248.6690 49.0832
248.6748 49.0827
248.6806 49.0821
248.6865 49.0816
248.6923 49.0810
248.6981 49.0805
248.7040 49.0799
248.7098 49.0794
248.7156 49.0789
248.7215 49.0783
248.7273 49.0778
248.7331 49.0772
248.7389 49.0767
248.7448 49.0761
248.7506 49.0756
248.7564 49.0750
248.7623 49.0745
248.7681 49.0739
248.7739 49.0734
248.7797 49.0728
248.7856 49.0723
248.7914 49.0717
248.7972 49.0712
248.8031 49.0706
248.8089 49.0700
248.8147 49.0695
248.8205 49.0689
248.8264 49.0684
248.8322 49.0678
248.8380 49.0673
248.8439 49.0667
248.8497 49.0662
248.8555 49.0656
248.8614 49.0650
248.8672 49.0645
248.8730 49.0639
248.8788 49.0634
248.8847 49.0628
248.8905 49.0622
248.8963 49.0617
248.9022 49.0611
248.9080 49.0605
248.9138 49.0600
248.9196 49.0594
248.9255 49.0588
248.9313 49.0583
248.9371 49.0577
248.9430 49.0571
248.9488 49.0566
248.9546 49.0560
248.9605 49.0554
248.9663 49.0549
248.9721 49.0543
248.9779 49.0537
248.9838 49.0532
248.9896 49.0526
248.9954 49.0520
249.0013 49.0514
249.0071 49.0509
249.0129 49.0503
249.0187 49.0497
249.0246 49.0491
249.0304 49.0486
249.0362 49.0480
249.0421 49.0474
249.0479 49.0468
249.0537 49.0462
249.0596 49.0457
249.0654 49.0451
249.0712 49.0445
249.0770 49.0439
249.0829 49.0433
249.0887 49.0428
249.0945 49.0422
249.1004 49.0416
249.1062 49.0410
249.1120 49.0404
249.1179 49.0398
249.1237 49.0393
249.1295 49.0387
249.1353 49.0381
249.1412 49.0375
249.1470 49.0369
249.1528 49.0363
249.1587 49.0357
249.1645 49.0351
249.1703 49.0346
249.1761 49.0340
249.1820 49.0334
249.1878 49.0328
249.1936 49.0322
249.1995 49.0316
249.2053 49.0310
249.2111 49.0304
249.2170 49.0298
249.2228 49.0292
249.2286 49.0286
249.2344 49.0280
249.2403 49.0274
249.2461 49.0268
249.2519 49.0262
249.2578 49.0256
249.2636 49.0250
249.2694 49.0244
249.2753 49.0238
249.2811 49.0232
249.2869 49.0226
249.2927 49.0220
249.2986 49.0214
249.3044 49.0208
249.3102 49.0202
249.3161 49.0196
249.3219 49.0190
249.3277 49.0184
249.3336 49.0178
249.3394 49.0172
249.3452 49.0166
249.3511 49.0160
249.3569 49.0154
249.3627 49.0148
249.3685 49.0141
249.3744 49.0135
249.3802 49.0129
249.3860 49.0123
249.3919 49.0117
249.3977 49.0111
249.4035 49.0105
249.4094 49.0099
249.4152 49.0092
249.4210 49.0086
249.4268 49.0080
249.4327 49.0074
249.4385 49.0068
249.4443 49.0062
249.4502 49.0055
249.4560 49.0049
249.4618 49.0043
249.4677 49.0037
249.4735 49.0031
249.4793 49.0024
249.4852 49.0018
249.4910 49.0012
249.4968 49.0006
249.5026 48.9999
249.5085 48.9993
249.5143 48.9987
249.5201 48.9981
249.5260 48.9974
249.5318 48.9968
249.5376 48.9962
249.5435 48.9956
249.5493 48.9949
249.5551 48.9943
249.5610 48.9937
249.5668 48.9930
249.5726 48.9924
249.5785 48.9918
249.5843 48.9912
249.5901 48.9905
249.5959 48.9899
249.6018 48.9893
249.6076 48.9886
249.6134 48.9880
249.6193 48.9873
249.6251 48.9867
249.6309 48.9861
249.6368 48.9854
249.6426 48.9848
249.6484 48.9842
249.6543 48.9835
249.6601 48.9829
249.6659 48.9822
249.6718 48.9816
249.6776 48.9810
249.6834 48.9803
249.6893 48.9797
249.6951 48.9790
249.7009 48.9784
249.7067 48.9777
249.7126 48.9771
249.7184 48.9764
249.7242 48.9758
249.7301 48.9752
249.7359 48.9745
249.7417 48.9739
249.7476 48.9732
249.7534 48.9726
249.7592 48.9719
249.7651 48.9713
249.7709 48.9706
249.7767 48.9700
249.7826 48.9693
249.7884 48.9686
249.7942 48.9680
249.8001 48.9673
249.8059 48.9667
249.8117 48.9660
249.8176 48.9654
249.8234 48.9647
249.8292 48.9641
249.8350 48.9634
249.8409 48.9627
249.8467 48.9621
249.8525 48.9614
249.8584 48.9608
249.8642 48.9601
249.8700 48.9594
249.8759 48.9588
249.8817 48.9581
249.8875 48.9575
249.8934 48.9568
249.8992 48.9561
249.9050 48.9555
249.9109 48.9548
249.9167 48.9541
249.9225 48.9535
249.9284 48.9528
249.9342 48.9521
249.9400 48.9515
249.9459 48.9508
249.9517 48.9501
249.9575 48.9494
249.9634 48.9488
249.9692 48.9481
249.9750 48.9474
249.9809 48.9468
249.9867 48.9461
249.9925 48.9454
249.9984 48.9447
250.0042 48.9441
250.0100 48.9434
250.0158 48.9427
250.0217 48.9420
250.0275 48.9413
250.0333 48.9407
250.0392 48.9400
250.0450 48.9393
250.0508 48.9386
250.0567 48.9379
250.0625 48.9373
250.0683 48.9366
250.0742 48.9359
250.0800 48.9352
250.0858 48.9345
250.0917 48.9338
250.0975 48.9332
250.1033 48.9325
250.1092 48.9318
250.1150 48.9311
250.1208 48.9304
250.1267 48.9297
250.1325 48.9290
250.1383 48.9283
250.1442 48.9276
250.1500 48.9270
250.1558 48.9263
250.1617 48.9256
250.1675 48.9249
250.1733 48.9242
250.1792 48.9235
250.1850 48.9228
250.1908 48.9221
250.1967 48.9214
250.2025 48.9207
250.2083 48.9200
250.2142 48.9193
250.2200 48.9186
250.2258 48.9179
250.2317 48.9172
250.2375 48.9165
250.2433 48.9158
250.2492 48.9151
250.2550 48.9144
250.2608 48.9137
250.2667 48.9130
250.2725 48.9123
250.2783 48.9116
250.2842 48.9109
250.2900 48.9102
250.2958 48.9095
250.3017 48.9088
250.3075 48.9081
250.3133 48.9073
250.3192 48.9066
250.3250 48.9059
250.3308 48.9052
250.3367 48.9045
250.3425 48.9038
250.3483 48.9031
250.3542 48.9024
250.3600 48.9017
250.3658 48.9009
250.3717 48.9002
250.3775 48.8995
250.3833 48.8988
250.3892 48.8981
250.3950 48.8974
250.4008 48.8966
250.4067 48.8959
250.4125 48.8952
250.4183 48.8945
250.4242 48.8938
250.4300 48.8930
250.4358 48.8923
250.4417 48.8916
250.4475 48.8909
250.4533 48.8902
250.4592 48.8894
250.4650 48.8887
250.4708 48.8880
250.4767 48.8873
250.4825 48.8865
250.4883 48.8858
250.4942 48.8851
250.5000 48.8843
250.5058 48.8836
250.5117 48.8829
250.5175 48.8822
250.5233 48.8814
250.5292 48.8807
250.5350 48.8800
250.5408 48.8792
250.5467 48.8785
250.5525 48.8778
250.5583 48.8770
250.5642 48.8763
250.5700 48.8755
250.5758 48.8748
250.5817 48.8741
250.5875 48.8733
250.5933 48.8726
250.5992 48.8719
250.6050 48.8711
250.6108 48.8704
250.6167 48.8696
250.6225 48.8689
250.6283 48.8681
250.6342 48.8674
250.6400 48.8667
250.6458 48.8659
250.6517 48.8652
250.6575 48.8644
250.6633 48.8637
250.6692 48.8629
250.6750 48.8622
250.6808 48.8614
250.6867 48.8607
250.6925 48.8599
250.6983 48.8592
250.7042 48.8584
250.7100 48.8577
250.7158 48.8569
250.7217 48.8562
250.7275 48.8554
250.7333 48.8547
250.7392 48.8539
250.7450 48.8532
250.7508 48.8524
250.7567 48.8516
250.7625 48.8509
250.7684 48.8501
250.7742 48.8494
250.7800 48.8486
250.7859 48.8478
250.7917 48.8471
250.7975 48.8463
250.8034 48.8456
250.8092 48.8448
250.8150 48.8440
250.8209 48.8433
250.8267 48.8425
250.8325 48.8417
250.8384 48.8410
250.8442 48.8402
250.8500 48.8394
250.8559 48.8387
250.8617 48.8379
250.8675 48.8371
250.8734 48.8364
250.8792 48.8356
250.8850 48.8348
250.8909 48.8341
250.8967 48.8333
250.9025 48.8325
250.9084 48.8317
250.9142 48.8310
250.9200 48.8302
250.9259 48.8294
250.9317 48.8286
250.9376 48.8279
250.9434 48.8271
250.9492 48.8263
250.9551 48.8255
250.9609 48.8247
250.9667 48.8240
250.9726 48.8232
250.9784 48.8224
250.9842 48.8216
250.9901 48.8208
250.9959 48.8201
251.0017 48.8193
251.0076 48.8185
251.0134 48.8177
251.0192 48.8169
251.0251 48.8161
251.0309 48.8153
251.0367 48.8146
251.0426 48.8138
251.0484 48.8130
251.0543 48.8122
251.0601 48.8114
251.0659 48.8106
251.0718 48.8098
251.0776 48.8090
251.0834 48.8082
251.0893 48.8074
251.0951 48.8066
251.1009 48.8058
251.1068 48.8050
251.1126 48.8042
251.1184 48.8034
251.1243 48.8027
251.1301 48.8019
251.1360 48.8011
251.1418 48.8003
251.1476 48.7995
251.1535 48.7987
251.1593 48.7979
251.1651 48.7970
251.1710 48.7962
251.1768 48.7954
251.1826 48.7946
251.1885 48.7938
251.1943 48.7930
251.2001 48.7922
251.2060 48.7914
251.2118 48.7906
251.2177 48.7898
251.2235 48.7890
251.2293 48.7882
251.2352 48.7874
251.2410 48.7866
251.2468 48.7857
251.2527 48.7849
251.2585 48.7841
251.2643 48.7833
251.2702 48.7825
251.2760 48.7817
251.2819 48.7809
251.2877 48.7800
251.2935 48.7792
251.2994 48.7784
251.3052 48.7776
251.3110 48.7768
251.3169 48.7760
251.3227 48.7751
251.3285 48.7743
251.3344 48.7735
251.3402 48.7727
251.3460 48.7718
251.3519 48.7710
251.3577 48.7702
251.3636 48.7694
251.3694 48.7685
251.3752 48.7677
251.3811 48.7669
251.3869 48.7661
251.3927 48.7652
251.3986 48.7644
251.4044 48.7636
251.4103 48.7627
251.4161 48.7619
251.4219 48.7611
251.4278 48.7603
251.4336 48.7594
251.4394 48.7586
251.4453 48.7578
251.4511 48.7569
251.4569 48.7561
251.4628 48.7552
251.4686 48.7544
251.4745 48.7536
251.4803 48.7527
251.4861 48.7519
251.4920 48.7511
251.4978 48.7502
251.5036 48.7494
251.5095 48.7485
251.5153 48.7477
251.5211 48.7468
251.5270 48.7460
251.5328 48.7452
251.5387 48.7443
251.5445 48.7435
251.5503 48.7426
251.5562 48.7418
251.5620 48.7409
251.5678 48.7401
251.5737 48.7392
251.5795 48.7384
251.5854 48.7375
251.5912 48.7367
251.5970 48.7358
251.6029 48.7350
251.6087 48.7341
251.6145 48.7333
251.6204 48.7324
251.6262 48.7316
251.6321 48.7307
251.6379 48.7299
251.6437 48.7290
251.6496 48.7281
251.6554 48.7273
251.6612 48.7264
251.6671 48.7256
251.6729 48.7247
251.6787 48.7238
251.6846 48.7230
251.6904 48.7221
251.6963 48.7213
251.7021 48.7204
251.7079 48.7195
251.7138 48.7187
251.7196 48.7178
251.7254 48.7169
251.7313 48.7161
251.7371 48.7152
251.7430 48.7143
251.7488 48.7135
251.7546 48.7126
251.7605 48.7117
251.7663 48.7108
251.7721 48.7100
251.7780 48.7091
251.7838 48.7082
251.7897 48.7074
251.7955 48.7065
251.8013 48.7056
251.8072 48.7047
251.8130 48.7039
251.8188 48.7030
251.8247 48.7021
251.8305 48.7012
251.8364 48.7003
251.8422 48.6995
251.8480 48.6986
251.8539 48.6977
251.8597 48.6968
251.8655 48.6959
251.8714 48.6950
251.8772 48.6942
251.8831 48.6933
251.8889 48.6924
251.8947 48.6915
251.9006 48.6906
251.9064 48.6897
251.9122 48.6888
251.9181 48.6880
251.9239 48.6871
251.9298 48.6862
251.9356 48.6853
251.9414 48.6844
251.9473 48.6835
251.9531 48.6826
251.9590 48.6817
251.9648 48.6808
251.9706 48.6799
251.9765 48.6790
251.9823 48.6781
251.9881 48.6772
251.9940 48.6763
251.9998 48.6754
252.0057 48.6745
252.0115 48.6736
252.0173 48.6727
252.0232 48.6718
252.0290 48.6709
252.0348 48.6700
252.0407 48.6691
252.0465 48.6682
252.0524 48.6673
252.0582 48.6664
252.0640 48.6655
252.0699 48.6646
252.0757 48.6637
252.0815 48.6628
252.0874 48.6619
252.0932 48.6610
252.0991 48.6601
252.1049 48.6592
252.1107 48.6582
252.1166 48.6573
252.1224 48.6564
252.1283 48.6555
252.1341 48.6546
252.1399 48.6537
252.1458 48.6528
252.1516 48.6519
252.1574 48.6509
252.1633 48.6500
252.1691 48.6491
252.1750 48.6482
252.1808 48.6473
252.1866 48.6463
252.1925 48.6454
252.1983 48.6445
252.2041 48.6436
252.2100 48.6427
252.2158 48.6417
252.2217 48.6408
252.2275 48.6399
252.2333 48.6390
252.2392 48.6380
252.2450 48.6371
252.2509 48.6362
252.2567 48.6352
252.2625 48.6343
252.2684 48.6334
252.2742 48.6325
252.2800 48.6315
252.2859 48.6306
252.2917 48.6297
252.2976 48.6287
252.3034 48.6278
252.3092 48.6269
252.3151 48.6259
252.3209 48.6250
252.3268 48.6240
252.3326 48.6231
252.3384 48.6222
252.3443 48.6212
252.3501 48.6203
252.3560 48.6194
252.3618 48.6184
252.3676 48.6175
252.3735 48.6165
252.3793 48.6156
252.3851 48.6146
252.3910 48.6137
252.3968 48.6127
252.4027 48.6118
252.4085 48.6109
252.4143 48.6099
252.4202 48.6090
252.4260 48.6080
252.4319 48.6071
252.4377 48.6061
252.4435 48.6052
252.4494 48.6042
252.4552 48.6033
252.4611 48.6023
252.4669 48.6014
252.4727 48.6004
252.4786 48.5994
252.4844 48.5985
252.4903 48.5975
252.4961 48.5966
252.5019 48.5956
252.5078 48.5947
252.5136 48.5937
252.5195 48.5927
252.5253 48.5918
252.5311 48.5908
252.5370 48.5899
252.5428 48.5889
252.5487 48.5879
252.5545 48.5870
252.5603 48.5860
252.5662 48.5850
252.5720 48.5841
252.5779 48.5831
252.5837 48.5821
252.5895 48.5812
252.5954 48.5802
252.6012 48.5792
252.6071 48.5783
252.6129 48.5773
252.6187 48.5763
252.6246 48.5753
252.6304 48.5744
252.6363 48.5734
252.6421 48.5724
252.6479 48.5714
252.6538 48.5705
252.6596 48.5695
252.6655 48.5685
252.6713 48.5675
252.6771 48.5666
252.6830 48.5656
252.6888 48.5646
252.6947 48.5636
252.7005 48.5626
252.7063 48.5616
252.7122 48.5607
252.7180 48.5597
252.7239 48.5587
252.7297 48.5577
252.7355 48.5567
252.7414 48.5557
252.7472 48.5548
252.7531 48.5538
252.7589 48.5528
252.7647 48.5518
252.7706 48.5508
252.7764 48.5498
252.7823 48.5488
252.7881 48.5478
252.7939 48.5468
252.7998 48.5458
252.8056 48.5448
252.8115 48.5438
252.8173 48.5428
252.8232 48.5419
252.8290 48.5409
252.8348 48.5399
252.8407 48.5389
252.8465 48.5379
252.8524 48.5369
252.8582 48.5359
252.8640 48.5349
252.8699 48.5339
252.8757 48.5329
252.8816 48.5318
252.8874 48.5308
252.8932 48.5298
252.8991 48.5288
252.9049 48.5278
252.9108 48.5268
252.9166 48.5258
252.9224 48.5248
252.9283 48.5238
252.9341 48.5228
252.9400 48.5218
252.9458 48.5208
252.9517 48.5198
252.9575 48.5187
252.9633 48.5177
252.9692 48.5167
252.9750 48.5157
252.9809 48.5147
252.9867 48.5137
252.9925 48.5126
252.9984 48.5116
253.0042 48.5106
253.0101 48.5096
253.0159 48.5086
253.0217 48.5075
253.0276 48.5065
253.0334 48.5055
253.0393 48.5045
253.0451 48.5035
253.0510 48.5024
253.0568 48.5014
253.0626 48.5004
253.0685 48.4994
253.0743 48.4983
253.0802 48.4973
253.0860 48.4963
253.0918 48.4952
253.0977 48.4942
253.1035 48.4932
253.1094 48.4922
253.1152 48.4911
253.1211 48.4901
253.1269 48.4891
253.1327 48.4880
253.1386 48.4870
253.1444 48.4859
253.1503 48.4849
253.1561 48.4839
253.1619 48.4828
253.1678 48.4818
253.1736 48.4808
253.1795 48.4797
253.1853 48.4787
253.1912 48.4776
253.1970 48.4766
253.2028 48.4756
253.2087 48.4745
253.2145 48.4735
253.2204 48.4724
253.2262 48.4714
253.2320 48.4703
253.2379 48.4693
253.2437 48.4682
253.2496 48.4672
253.2554 48.4661
253.2613 48.4651
253.2671 48.4640
253.2729 48.4630
253.2788 48.4619
253.2846 48.4609
253.2905 48.4598
253.2963 48.4588
253.3022 48.4577
253.3080 48.4567
253.3138 48.4556
253.3197 48.4545
253.3255 48.4535
253.3314 48.4524
253.3372 48.4514
253.3430 48.4503
253.3489 48.4492
253.3547 48.4482
253.3606 48.4471
253.3664 48.4461
253.3723 48.4450
253.3781 48.4439
253.3839 48.4429
253.3898 48.4418
253.3956 48.4407
253.4015 48.4397
253.4073 48.4386
253.4132 48.4375
253.4190 48.4365
253.4248 48.4354
253.4307 48.4343
253.4365 48.4332
253.4424 48.4322
253.4482 48.4311
253.4541 48.4300
253.4599 48.4290
253.4657 48.4279
253.4716 48.4268
253.4774 48.4257
253.4833 48.4246
253.4891 48.4236
253.4949 48.4225
253.5008 48.4214
253.5066 48.4203
253.5125 48.4192
253.5183 48.4182
253.5242 48.4171
253.5300 48.4160
253.5358 48.4149
253.5417 48.4138
253.5475 48.4127
253.5534 48.4117
253.5592 48.4106
253.5651 48.4095
253.5709 48.4084
253.5767 48.4073
253.5826 48.4062
253.5884 48.4051
253.5943 48.4040
253.6001 48.4029
253.6060 48.4019
253.6118 48.4008
253.6176 48.3997
253.6235 48.3986
253.6293 48.3975
253.6352 48.3964
253.6410 48.3953
253.6469 48.3942
253.6527 48.3931
253.6585 48.3920
253.6644 48.3909
253.6702 48.3898
253.6761 48.3887
253.6819 48.3876
253.6878 48.3865
253.6936 48.3854
253.6994 48.3843
253.7053 48.3832
253.7111 48.3821
253.7170 48.3810
253.7228 48.3798
253.7287 48.3787
253.7345 48.3776
253.7403 48.3765
253.7462 48.3754
253.7520 48.3743
253.7579 48.3732
253.7637 48.3721
253.7696 48.3710
253.7754 48.3698
253.7812 48.3687
253.7871 48.3676
253.7929 48.3665
253.7988 48.3654
253.8046 48.3643
253.8105 48.3631
253.8163 48.3620
253.8222 48.3609
253.8280 48.3598
253.8338 48.3587
253.8397 48.3575
253.8455 48.3564
253.8514 48.3553
253.8572 48.3542
253.8631 48.3530
253.8689 48.3519
253.8747 48.3508
253.8806 48.3497
253.8864 48.3485
253.8923 48.3474
253.8981 48.3463
253.9040 48.3451
253.9098 48.3440
253.9157 48.3429
253.9215 48.3418
253.9273 48.3406
253.9332 48.3395
253.9390 48.3383
253.9449 48.3372
253.9507 48.3361
253.9566 48.3349
253.9624 48.3338
253.9682 48.3327
253.9741 48.3315
253.9799 48.3304
253.9858 48.3292
253.9916 48.3281
253.9975 48.3270
254.0033 48.3258
254.0092 48.3247
254.0150 48.3235
254.0208 48.3224
254.0267 48.3212
254.0325 48.3201
254.0384 48.3189
254.0442 48.3178
254.0501 48.3166
254.0559 48.3155
254.0618 48.3143
254.0676 48.3132
254.0734 48.3120
254.0793 48.3109
254.0851 48.3097
254.0910 48.3086
254.0968 48.3074
254.1027 48.3063
254.1085 48.3051
254.1144 48.3040
254.1202 48.3028
254.1261 48.3016
254.1319 48.3005
254.1377 48.2993
254.1436 48.2982
254.1494 48.2970
254.1553 48.2958
254.1611 48.2947
254.1670 48.2935
254.1728 48.2924
254.1787 48.2912
254.1845 48.2900
254.1903 48.2889
254.1962 48.2877
254.2020 48.2865
254.2079 48.2854
254.2137 48.2842
254.2196 48.2830
254.2254 48.2818
254.2313 48.2807
254.2371 48.2795
254.2430 48.2783
254.2488 48.2771
254.2546 48.2760
254.2605 48.2748
254.2663 48.2736
254.2722 48.2724
254.2780 48.2713
254.2839 48.2701
254.2897 48.2689
254.2956 48.2677
254.3014 48.2665
254.3073 48.2654
254.3131 48.2642
254.3189 48.2630
254.3248 48.2618
254.3306 48.2606
254.3365 48.2594
254.3423 48.2583
254.3482 48.2571
254.3540 48.2559
254.3599 48.2547
254.3657 48.2535
254.3716 48.2523
254.3774 48.2511
254.3832 48.2499
254.3891 48.2487
254.3949 48.2476
254.4008 48.2464
254.4066 48.2452
254.4125 48.2440
254.4183 48.2428
254.4242 48.2416
254.4300 48.2404
254.4359 48.2392
254.4417 48.2380
254.4476 48.2368
254.4534 48.2356
254.4592 48.2344
254.4651 48.2332
254.4709 48.2320
254.4768 48.2308
254.4826 48.2296
254.4885 48.2284
254.4943 48.2272
254.5002 48.2260
254.5060 48.2248
254.5119 48.2235
254.5177 48.2223
254.5235 48.2211
254.5294 48.2199
254.5352 48.2187
254.5411 48.2175
254.5469 48.2163
254.5528 48.2151
254.5586 48.2139
254.5645 48.2126
254.5703 48.2114
254.5762 48.2102
254.5820 48.2090
254.5879 48.2078
254.5937 48.2066
254.5995 48.2053
254.6054 48.2041
254.6112 48.2029
254.6171 48.2017
254.6229 48.2005
254.6288 48.1992
254.6346 48.1980
254.6405 48.1968
254.6463 48.1956
254.6522 48.1943
254.6580 48.1931
254.6639 48.1919
254.6697 48.1907
254.6756 48.1894
254.6814 48.1882
254.6872 48.1870
254.6931 48.1857
254.6989 48.1845
254.7048 48.1833
254.7106 48.1820
254.7165 48.1808
254.7223 48.1796
254.7282 48.1783
254.7340 48.1771
254.7399 48.1759
254.7457 48.1746
254.7516 48.1734
254.7574 48.1721
254.7633 48.1709
254.7691 48.1697
254.7749 48.1684
254.7808 48.1672
254.7866 48.1659
254.7925 48.1647
254.7983 48.1634
254.8042 48.1622
254.8100 48.1610
254.8159 48.1597
254.8217 48.1585
254.8276 48.1572
254.8334 48.1560
254.8393 48.1547
254.8451 48.1535
254.8510 48.1522
254.8568 48.1510
254.8626 48.1497
254.8685 48.1485
254.8743 48.1472
254.8802 48.1459
254.8860 48.1447
254.8919 48.1434
254.8977 48.1422
254.9036 48.1409
254.9094 48.1397
254.9153 48.1384
254.9211 48.1371
254.9270 48.1359
254.9328 48.1346
254.9387 48.1333
254.9445 48.1321
254.9504 48.1308
254.9562 48.1296
254.9620 48.1283
254.9679 48.1270
254.9737 48.1258
254.9796 48.1245
254.9854 48.1232
254.9913 48.1219
254.9971 48.1207
255.0030 48.1194
255.0088 48.1181
255.0147 48.1169
255.0205 48.1156
255.0264 48.1143
255.0322 48.1130
255.0381 48.1118
255.0439 48.1105
255.0498 48.1092
255.0556 48.1079
255.0614 48.1067
255.0673 48.1054
255.0731 48.1041
255.0790 48.1028
255.0848 48.1015
255.0907 48.1002
255.0965 48.0990
255.1024 48.0977
255.1082 48.0964
255.1141 48.0951
255.1199 48.0938
255.1258 48.0925
255.1316 48.0912
255.1375 48.0900
255.1433 48.0887
255.1492 48.0874
255.1550 48.0861
255.1609 48.0848
255.1667 48.0835
255.1726 48.0822
255.1784 48.0809
255.1842 48.0796
255.1901 48.0783
255.1959 48.0770
255.2018 48.0757
255.2076 48.0744
255.2135 48.0731
255.2193 48.0718
255.2252 48.0705
255.2310 48.0692
255.2369 48.0679
255.2427 48.0666
255.2486 48.0653
255.2544 48.0640
255.2603 48.0627
255.2661 48.0614
255.2720 48.0601
255.2778 48.0588
255.2837 48.0575
255.2895 48.0562
255.2954 48.0549
255.3012 48.0536
255.3071 48.0523
255.3129 48.0509
255.3188 48.0496
255.3246 48.0483
255.3305 48.0470
255.3363 48.0457
255.3421 48.0444
255.3480 48.0431
255.3538 48.0417
255.3597 48.0404
255.3655 48.0391
255.3714 48.0378
255.3772 48.0365
255.3831 48.0351
255.3889 48.0338
255.3948 48.0325
255.4006 48.0312
255.4065 48.0298
255.4123 48.0285
255.4182 48.0272
255.4240 48.0259
255.4299 48.0245
255.4357 48.0232
255.4416 48.0219
255.4474 48.0206
255.4533 48.0192
255.4591 48.0179
255.4650 48.0166
255.4708 48.0152
255.4767 48.0139
255.4825 48.0126
255.4884 48.0112
255.4942 48.0099
255.5001 48.0086
255.5059 48.0072
255.5118 48.0059
255.5176 48.0045
255.5235 48.0032
255.5293 48.0019
255.5352 48.0005
255.5410 47.9992
255.5469 47.9978
255.5527 47.9965
255.5586 47.9951
255.5644 47.9938
255.5703 47.9925
255.5761 47.9911
255.5820 47.9898
255.5878 47.9884
255.5937 47.9871
255.5995 47.9857
255.6054 47.9844
255.6112 47.9830
255.6171 47.9817
255.6229 47.9803
255.6288 47.9790
255.6346 47.9776
255.6405 47.9762
255.6463 47.9749
255.6522 47.9735
255.6580 47.9722
255.6639 47.9708
255.6697 47.9695
255.6756 47.9681
255.6814 47.9667
255.6873 47.9654
255.6931 47.9640
255.6990 47.9627
255.7048 47.9613
255.7107 47.9599
255.7165 47.9586
255.7224 47.9572
255.7282 47.9558
255.7341 47.9545
255.7399 47.9531
255.7458 47.9517
255.7516 47.9504
255.7575 47.9490
255.7633 47.9476
255.7692 47.9462
255.7750 47.9449
255.7809 47.9435
255.7867 47.9421
255.7926 47.9407
255.7984 47.9394
255.8043 47.9380
255.8101 47.9366
255.8160 47.9352
255.8218 47.9339
255.8277 47.9325
255.8335 47.9311
255.8394 47.9297
255.8452 47.9283
255.8511 47.9270
255.8569 47.9256
255.8628 47.9242
255.8686 47.9228
255.8745 47.9214
255.8803 47.9200
255.8862 47.9186
255.8920 47.9172
255.8979 47.9159
255.9037 47.9145
255.9096 47.9131
255.9154 47.9117
255.9213 47.9103
255.9271 47.9089
255.9330 47.9075
255.9388 47.9061
255.9447 47.9047
255.9505 47.9033
255.9564 47.9019
255.9622 47.9005
255.9681 47.8991
255.9739 47.8977
255.9798 47.8963
255.9856 47.8949
255.9915 47.8935
255.9973 47.8921
256.0032 47.8907
256.0090 47.8893
256.0149 47.8879
256.0207 47.8865
256.0266 47.8851
256.0324 47.8837
256.0383 47.8823
256.0441 47.8809
256.0500 47.8795
256.0558 47.8781
256.0617 47.8766
256.0675 47.8752
256.0734 47.8738
256.0792 47.8724
256.0851 47.8710
256.0910 47.8696
256.0968 47.8682
256.1027 47.8667
256.1085 47.8653
256.1144 47.8639
256.1202 47.8625
256.1261 47.8611
256.1319 47.8597
256.1378 47.8582
256.1436 47.8568
256.1495 47.8554
256.1553 47.8540
256.1612 47.8525
256.1670 47.8511
256.1729 47.8497
256.1787 47.8483
256.1846 47.8468
256.1904 47.8454
256.1963 47.8440
256.2021 47.8425
256.2080 47.8411
256.2138 47.8397
256.2197 47.8383
256.2255 47.8368
256.2314 47.8354
256.2372 47.8340
256.2431 47.8325
256.2489 47.8311
256.2548 47.8296
256.2606 47.8282
256.2665 47.8268
256.2723 47.8253
256.2782 47.8239
256.2840 47.8224
256.2899 47.8210
256.2957 47.8196
256.3016 47.8181
256.3075 47.8167
256.3133 47.8152
256.3192 47.8138
256.3250 47.8123
256.3309 47.8109
256.3367 47.8094
256.3426 47.8080
256.3484 47.8065
256.3543 47.8051
256.3601 47.8036
256.3660 47.8022
256.3718 47.8007
256.3777 47.7993
256.3835 47.7978
256.3894 47.7964
256.3952 47.7949
256.4011 47.7935
256.4069 47.7920
256.4128 47.7906
256.4186 47.7891
256.4245 47.7876
256.4303 47.7862
256.4362 47.7847
256.4420 47.7833
256.4479 47.7818
256.4537 47.7803
256.4596 47.7789
256.4654 47.7774
256.4713 47.7759
256.4772 47.7745
256.4830 47.7730
256.4889 47.7715
256.4947 47.7701
256.5006 47.7686
256.5064 47.7671
256.5123 47.7656
256.5181 47.7642
256.5240 47.7627
256.5298 47.7612
256.5357 47.7598
256.5415 47.7583
256.5474 47.7568
256.5532 47.7553
256.5591 47.7538
256.5649 47.7524
256.5708 47.7509
256.5766 47.7494
256.5825 47.7479
256.5883 47.7464
256.5942 47.7450
256.6000 47.7435
256.6059 47.7420
256.6118 47.7405
256.6176 47.7390
256.6235 47.7375
256.6293 47.7360
256.6352 47.7346
256.6410 47.7331
256.6469 47.7316
256.6527 47.7301
256.6586 47.7286
256.6644 47.7271
256.6703 47.7256
256.6761 47.7241
256.6820 47.7226
256.6878 47.7211
256.6937 47.7196
256.6995 47.7181
256.7054 47.7166
256.7113 47.7151
256.7171 47.7136
256.7230 47.7121
256.7288 47.7106
256.7347 47.7091
256.7405 47.7076
256.7464 47.7061
256.7522 47.7046
256.7581 47.7031
256.7639 47.7016
256.7698 47.7001
256.7756 47.6986
256.7815 47.6971
256.7873 47.6956
256.7932 47.6941
256.7990 47.6926
256.8049 47.6911
256.8108 47.6895
256.8166 47.6880
256.8225 47.6865
256.8283 47.6850
256.8342 47.6835
256.8400 47.6820
256.8459 47.6805
256.8517 47.6789
256.8576 47.6774
256.8634 47.6759
256.8693 47.6744
256.8751 47.6729
256.8810 47.6713
256.8869 47.6698
256.8927 47.6683
256.8986 47.6668
256.9044 47.6652
256.9103 47.6637
256.9161 47.6622
256.9220 47.6607
256.9278 47.6591
256.9337 47.6576
256.9395 47.6561
256.9454 47.6546
256.9512 47.6530
256.9571 47.6515
256.9630 47.6500
256.9688 47.6484
256.9747 47.6469
256.9805 47.6454
256.9864 47.6438
256.9922 47.6423
256.9981 47.6407
257.0039 47.6392
257.0098 47.6377
257.0156 47.6361
257.0215 47.6346
257.0274 47.6330
257.0332 47.6315
257.0391 47.6300
257.0449 47.6284
257.0508 47.6269
257.0566 47.6253
257.0625 47.6238
257.0683 47.6222
257.0742 47.6207
257.0800 47.6191
257.0859 47.6176
257.0918 47.6160
257.0976 47.6145
257.1035 47.6129
257.1093 47.6114
257.1152 47.6098
257.1210 47.6083
257.1269 47.6067
257.1327 47.6052
257.1386 47.6036
257.1444 47.6021
257.1503 47.6005
257.1562 47.5989
257.1620 47.5974
257.1679 47.5958
257.1737 47.5943
257.1796 47.5927
257.1854 47.5911
257.1913 47.5896
257.1971 47.5880
257.2030 47.5864
257.2088 47.5849
257.2147 47.5833
257.2206 47.5817
257.2264 47.5802
257.2323 47.5786
257.2381 47.5770
257.2440 47.5755
257.2498 47.5739
257.2557 47.5723
257.2615 47.5707
257.2674 47.5692
257.2733 47.5676
257.2791 47.5660
257.2850 47.5644
257.2908 47.5629
257.2967 47.5613
257.3025 47.5597
257.3084 47.5581
257.3142 47.5565
257.3201 47.5550
257.3260 47.5534
257.3318 47.5518
257.3377 47.5502
257.3435 47.5486
257.3494 47.5470
257.3552 47.5455
257.3611 47.5439
257.3669 47.5423
257.3728 47.5407
257.3787 47.5391
257.3845 47.5375
257.3904 47.5359
257.3962 47.5343
257.4021 47.5327
257.4079 47.5311
257.4138 47.5295
257.4196 47.5280
257.4255 47.5264
257.4314 47.5248
257.4372 47.5232
257.4431 47.5216
257.4489 47.5200
257.4548 47.5184
257.4606 47.5168
257.4665 47.5152
257.4723 47.5136
257.4782 47.5120
257.4841 47.5104
257.4899 47.5087
257.4958 47.5071
257.5016 47.5055
257.5075 47.5039
257.5133 47.5023
257.5192 47.5007
257.5250 47.4991
257.5309 47.4975
257.5368 47.4959
257.5426 47.4943
257.5485 47.4927
257.5543 47.4910
257.5602 47.4894
257.5660 47.4878
257.5719 47.4862
257.5778 47.4846
257.5836 47.4830
257.5895 47.4813
257.5953 47.4797
257.6012 47.4781
257.6070 47.4765
257.6129 47.4749
257.6187 47.4732
257.6246 47.4716
257.6305 47.4700
257.6363 47.4684
257.6422 47.4667
257.6480 47.4651
257.6539 47.4635
257.6597 47.4619
257.6656 47.4602
257.6714 47.4586
257.6773 47.4570
257.6832 47.4553
257.6890 47.4537
257.6949 47.4521
257.7007 47.4505
257.7066 47.4488
257.7124 47.4472
257.7183 47.4455
257.7242 47.4439
257.7300 47.4423
257.7359 47.4406
257.7417 47.4390
257.7476 47.4374
257.7534 47.4357
257.7593 47.4341
257.7652 47.4324
257.7710 47.4308
257.7769 47.4291
257.7827 47.4275
257.7886 47.4259
257.7944 47.4242
257.8003 47.4226
257.8061 47.4209
257.8120 47.4193
257.8179 47.4176
257.8237 47.4160
257.8296 47.4143
257.8354 47.4127
257.8413 47.4110
257.8471 47.4094
257.8530 47.4077
257.8589 47.4060
257.8647 47.4044
257.8706 47.4027
257.8764 47.4011
257.8823 47.3994
257.8881 47.3978
257.8940 47.3961
257.8999 47.3944
257.9057 47.3928
257.9116 47.3911
257.9174 47.3894
257.9233 47.3878
257.9291 47.3861
257.9350 47.3845
257.9408 47.3828
257.9467 47.3811
257.9526 47.3794
257.9584 47.3778
257.9643 47.3761
257.9701 47.3744
257.9760 47.3728
257.9818 47.3711
257.9877 47.3694
257.9936 47.3677
257.9994 47.3661
258.0053 47.3644
258.0111 47.3627
258.0170 47.3610
258.0228 47.3594
258.0287 47.3577
258.0346 47.3560
258.0404 47.3543
258.0463 47.3526
258.0521 47.3510
258.0580 47.3493
258.0639 47.3476
258.0697 47.3459
258.0756 47.3442
258.0814 47.3425
258.0873 47.3409
258.0931 47.3392
258.0990 47.3375
258.1049 47.3358
258.1107 47.3341
258.1166 47.3324
258.1224 47.3307
258.1283 47.3290
258.1341 47.3273
258.1400 47.3256
258.1459 47.3239
258.1517 47.3222
258.1576 47.3205
258.1634 47.3189
258.1693 47.3172
258.1751 47.3155
258.1810 47.3138
258.1869 47.3121
258.1927 47.3104
258.1986 47.3086
258.2044 47.3069
258.2103 47.3052
258.2162 47.3035
258.2220 47.3018
258.2279 47.3001
258.2337 47.2984
258.2396 47.2967
258.2454 47.2950
258.2513 47.2933
258.2572 47.2916
258.2630 47.2899
258.2689 47.2882
258.2747 47.2864
258.2806 47.2847
258.2865 47.2830
258.2923 47.2813
258.2982 47.2796
258.3040 47.2779
258.3099 47.2762
258.3157 47.2744
258.3216 47.2727
258.3275 47.2710
258.3333 47.2693
258.3392 47.2675
258.3450 47.2658
258.3509 47.2641
258.3568 47.2624
258.3626 47.2607
258.3685 47.2589
258.3743 47.2572
258.3802 47.2555
258.3861 47.2537
258.3919 47.2520
258.3978 47.2503
258.4036 47.2486
258.4095 47.2468
258.4154 47.2451
258.4212 47.2434
258.4271 47.2416
258.4329 47.2399
258.4388 47.2382
258.4446 47.2364
258.4505 47.2347
258.4564 47.2329
258.4622 47.2312
258.4681 47.2295
258.4739 47.2277
258.4798 47.2260
258.4857 47.2242
258.4915 47.2225
258.4974 47.2208
258.5032 47.2190
258.5091 47.2173
258.5150 47.2155
258.5208 47.2138
258.5267 47.2120
258.5325 47.2103
258.5384 47.2085
258.5443 47.2068
258.5501 47.2050
258.5560 47.2033
258.5618 47.2015
258.5677 47.1998
258.5736 47.1980
258.5794 47.1963
258.5853 47.1945
258.5911 47.1927
258.5970 47.1910
258.6029 47.1892
258.6087 47.1875
258.6146 47.1857
258.6204 47.1839
258.6263 47.1822
258.6322 47.1804
258.6380 47.1787
258.6439 47.1769
258.6497 47.1751
258.6556 47.1734
258.6615 47.1716
258.6673 47.1698
258.6732 47.1681
258.6790 47.1663
258.6849 47.1645
258.6908 47.1627
258.6966 47.1610
258.7025 47.1592
258.7083 47.1574
258.7142 47.1557
258.7201 47.1539
258.7259 47.1521
258.7318 47.1503
258.7376 47.1485
258.7435 47.1468
258.7494 47.1450
258.7552 47.1432
258.7611 47.1414
258.7669 47.1397
258.7728 47.1379
258.7787 47.1361
258.7845 47.1343
258.7904 47.1325
258.7962 47.1307
258.8021 47.1289
258.8080 47.1272
258.8138 47.1254
258.8197 47.1236
258.8255 47.1218
258.8314 47.1200
258.8373 47.1182
258.8431 47.1164
258.8490 47.1146
258.8548 47.1128
258.8607 47.1110
258.8666 47.1092
258.8724 47.1074
258.8783 47.1056
258.8841 47.1039
258.8900 47.1021
258.8959 47.1003
258.9017 47.0985
258.9076 47.0967
258.9134 47.0949
258.9193 47.0930
258.9252 47.0912
258.9310 47.0894
258.9369 47.0876
258.9428 47.0858
258.9486 47.0840
258.9545 47.0822
258.9603 47.0804
258.9662 47.0786
258.9721 47.0768
258.9779 47.0750
258.9838 47.0732
258.9896 47.0714
258.9955 47.0695
259.0014 47.0677
259.0072 47.0659
259.0131 47.0641
259.0189 47.0623
259.0248 47.0605
259.0307 47.0586
259.0365 47.0568
259.0424 47.0550
259.0483 47.0532
259.0541 47.0514
259.0600 47.0495
259.0658 47.0477
259.0717 47.0459
259.0776 47.0441
259.0834 47.0422
259.0893 47.0404
259.0951 47.0386
259.1010 47.0368
259.1069 47.0349
259.1127 47.0331
259.1186 47.0313
259.1244 47.0294
259.1303 47.0276
259.1362 47.0258
259.1420 47.0239
259.1479 47.0221
259.1538 47.0203
259.1596 47.0184
259.1655 47.0166
259.1713 47.0148
259.1772 47.0129
259.1831 47.0111
259.1889 47.0092
259.1948 47.0074
259.2006 47.0056
259.2065 47.0037
259.2124 47.0019
259.2182 47.0000
259.2241 46.9982
259.2299 46.9963
259.2358 46.9945
259.2417 46.9926
259.2475 46.9908
259.2534 46.9889
259.2593 46.9871
259.2651 46.9852
259.2710 46.9834
259.2768 46.9815
259.2827 46.9797
259.2886 46.9778
259.2944 46.9760
259.3003 46.9741
259.3061 46.9723
259.3120 46.9704
259.3179 46.9686
259.3237 46.9667
259.3296 46.9648
259.3355 46.9630
259.3413 46.9611
259.3472 46.9593
259.3530 46.9574
259.3589 46.9555
259.3648 46.9537
259.3706 46.9518
259.3765 46.9499
259.3824 46.9481
259.3882 46.9462
259.3941 46.9443
259.3999 46.9425
259.4058 46.9406
259.4117 46.9387
259.4175 46.9368
259.4234 46.9350
259.4292 46.9331
259.4351 46.9312
259.4410 46.9293
259.4468 46.9275
259.4527 46.9256
259.4586 46.9237
259.4644 46.9218
259.4703 46.9200
259.4761 46.9181
259.4820 46.9162
259.4879 46.9143
259.4937 46.9124
259.4996 46.9105
259.5055 46.9087
259.5113 46.9068
259.5172 46.9049
259.5230 46.9030
259.5289 46.9011
259.5348 46.8992
259.5406 46.8973
259.5465 46.8954
259.5524 46.8935
259.5582 46.8917
259.5641 46.8898
259.5699 46.8879
259.5758 46.8860
259.5817 46.8841
259.5875 46.8822
259.5934 46.8803
259.5993 46.8784
259.6051 46.8765
259.6110 46.8746
259.6169 46.8727
259.6227 46.8708
259.6286 46.8689
259.6344 46.8670
259.6403 46.8651
259.6462 46.8632
259.6520 46.8613
259.6579 46.8594
259.6638 46.8575
259.6696 46.8555
259.6755 46.8536
259.6813 46.8517
259.6872 46.8498
259.6931 46.8479
259.6989 46.8460
259.7048 46.8441
259.7107 46.8422
259.7165 46.8403
259.7224 46.8383
259.7283 46.8364
259.7341 46.8345
259.7400 46.8326
259.7458 46.8307
259.7517 46.8288
259.7576 46.8268
259.7634 46.8249
259.7693 46.8230
259.7752 46.8211
259.7810 46.8191
259.7869 46.8172
259.7928 46.8153
259.7986 46.8134
259.8045 46.8114
259.8104 46.8095
259.8162 46.8076
259.8221 46.8057
259.8279 46.8037
259.8338 46.8018
259.8397 46.7999
259.8455 46.7979
259.8514 46.7960
259.8573 46.7941
259.8631 46.7921
259.8690 46.7902
259.8749 46.7883
259.8807 46.7863
259.8866 46.7844
259.8925 46.7824
259.8983 46.7805
259.9042 46.7786
259.9100 46.7766
259.9159 46.7747
259.9218 46.7727
259.9276 46.7708
259.9335 46.7688
259.9394 46.7669
259.9452 46.7650
259.9511 46.7630
259.9570 46.7611
259.9628 46.7591
259.9687 46.7572
259.9746 46.7552
259.9804 46.7533
259.9863 46.7513
259.9921 46.7493
259.9980 46.7474
260.0039 46.7454
260.0097 46.7435
260.0156 46.7415
260.0215 46.7396
260.0273 46.7376
260.0332 46.7357
260.0391 46.7337
260.0449 46.7317
260.0508 46.7298
260.0567 46.7278
260.0625 46.7258
260.0684 46.7239
260.0743 46.7219
260.0801 46.7200
260.0860 46.7180
260.0919 46.7160
260.0977 46.7140
260.1036 46.7121
260.1094 46.7101
260.1153 46.7081
260.1212 46.7062
260.1270 46.7042
260.1329 46.7022
260.1388 46.7002
260.1446 46.6983
260.1505 46.6963
260.1564 46.6943
260.1622 46.6923
260.1681 46.6904
260.1740 46.6884
260.1798 46.6864
260.1857 46.6844
260.1916 46.6824
260.1974 46.6805
260.2033 46.6785
260.2092 46.6765
260.2150 46.6745
260.2209 46.6725
260.2268 46.6705
260.2326 46.6686
260.2385 46.6666
260.2443 46.6646
260.2502 46.6626
260.2561 46.6606
260.2619 46.6586
260.2678 46.6566
260.2737 46.6546
260.2795 46.6526
260.2854 46.6506
260.2913 46.6486
260.2971 46.6466
260.3030 46.6446
260.3089 46.6426
260.3147 46.6406
260.3206 46.6387
260.3265 46.6366
260.3323 46.6346
260.3382 46.6326
260.3441 46.6306
260.3499 46.6286
260.3558 46.6266
260.3617 46.6246
260.3675 46.6226
260.3734 46.6206
260.3793 46.6186
260.3851 46.6166
260.3910 46.6146
260.3969 46.6126
260.4027 46.6106
260.4086 46.6086
260.4145 46.6065
260.4203 46.6045
260.4262 46.6025
260.4321 46.6005
260.4379 46.5985
260.4438 46.5965
260.4497 46.5945
260.4555 46.5924
260.4614 46.5904
260.4673 46.5884
260.4731 46.5864
260.4790 46.5844
260.4849 46.5823
260.4907 46.5803
260.4966 46.5783
260.5024 46.5763
260.5083 46.5742
260.5142 46.5722
260.5200 46.5702
260.5259 46.5681
260.5318 46.5661
260.5376 46.5641
260.5435 46.5621
260.5494 46.5600
260.5552 46.5580
260.5611 46.5560
260.5670 46.5539
260.5728 46.5519
260.5787 46.5499
260.5846 46.5478
260.5904 46.5458
260.5963 46.5437
260.6022 46.5417
260.6080 46.5397
260.6139 46.5376
260.6198 46.5356
260.6256 46.5335
260.6315 46.5315
260.6374 46.5295
260.6432 46.5274
260.6491 46.5254
260.6550 46.5233
260.6608 46.5213
260.6667 46.5192
260.6726 46.5172
260.6784 46.5151
260.6843 46.5131
260.6902 46.5110
260.6960 46.5090
260.7019 46.5069
260.7078 46.5049
260.7136 46.5028
260.7195 46.5008
260.7254 46.4987
260.7312 46.4966
260.7371 46.4946
260.7430 46.4925
260.7488 46.4905
260.7547 46.4884
260.7606 46.4863
260.7664 46.4843
260.7723 46.4822
260.7782 46.4801
260.7840 46.4781
260.7899 46.4760
260.7958 46.4740
260.8016 46.4719
260.8075 46.4698
260.8134 46.4677
260.8192 46.4657
260.8251 46.4636
260.8310 46.4615
260.8368 46.4595
260.8427 46.4574
260.8486 46.4553
260.8544 46.4532
260.8603 46.4512
260.8662 46.4491
260.8721 46.4470
260.8779 46.4449
260.8838 46.4429
260.8897 46.4408
260.8955 46.4387
260.9014 46.4366
260.9073 46.4345
260.9131 46.4324
260.9190 46.4304
260.9249 46.4283
260.9307 46.4262
260.9366 46.4241
260.9425 46.4220
260.9483 46.4199
260.9542 46.4178
260.9601 46.4158
260.9659 46.4137
260.9718 46.4116
260.9777 46.4095
260.9835 46.4074
260.9894 46.4053
260.9953 46.4032
261.0011 46.4011
261.0070 46.3990
261.0129 46.3969
261.0187 46.3948
261.0246 46.3927
261.0305 46.3906
261.0364 46.3885
261.0422 46.3864
261.0481 46.3843
261.0540 46.3822
261.0598 46.3801
261.0657 46.3780
261.0716 46.3759
261.0774 46.3738
261.0833 46.3717
261.0892 46.3696
261.0950 46.3675
261.1009 46.3653
261.1068 46.3632
261.1126 46.3611
261.1185 46.3590
261.1244 46.3569
261.1303 46.3548
261.1361 46.3527
261.1420 46.3506
261.1479 46.3484
261.1537 46.3463
261.1596 46.3442
261.1655 46.3421
261.1713 46.3400
261.1772 46.3378
261.1831 46.3357
261.1889 46.3336
261.1948 46.3315
261.2007 46.3294
261.2065 46.3272
261.2124 46.3251
261.2183 46.3230
261.2242 46.3208
261.2300 46.3187
261.2359 46.3166
261.2418 46.3145
261.2476 46.3123
261.2535 46.3102
261.2594 46.3081
261.2652 46.3059
261.2711 46.3038
261.2770 46.3017
261.2828 46.2995
261.2887 46.2974
261.2946 46.2953
261.3005 46.2931
261.3063 46.2910
261.3122 46.2888
261.3181 46.2867
261.3239 46.2846
261.3298 46.2824
261.3357 46.2803
261.3415 46.2781
261.3474 46.2760
261.3533 46.2738
261.3592 46.2717
261.3650 46.2695
261.3709 46.2674
261.3768 46.2652
261.3826 46.2631
261.3885 46.2609
261.3944 46.2588
261.4002 46.2566
261.4061 46.2545
261.4120 46.2523
261.4179 46.2502
261.4237 46.2480
261.4296 46.2459
261.4355 46.2437
261.4413 46.2416
261.4472 46.2394
261.4531 46.2372
261.4589 46.2351
261.4648 46.2329
261.4707 46.2308
261.4766 46.2286
261.4824 46.2264
261.4883 46.2243
261.4942 46.2221
261.5000 46.2199
261.5059 46.2178
261.5118 46.2156
261.5176 46.2134
261.5235 46.2113
261.5294 46.2091
261.5353 46.2069
261.5411 46.2047
261.5470 46.2026
261.5529 46.2004
261.5587 46.1982
261.5646 46.1960
261.5705 46.1939
261.5764 46.1917
261.5822 46.1895
261.5881 46.1873
261.5940 46.1852
261.5998 46.1830
261.6057 46.1808
261.6116 46.1786
261.6174 46.1764
261.6233 46.1742
261.6292 46.1721
261.6351 46.1699
261.6409 46.1677
261.6468 46.1655
261.6527 46.1633
261.6585 46.1611
261.6644 46.1589
261.6703 46.1567
261.6762 46.1546
261.6820 46.1524
261.6879 46.1502
261.6938 46.1480
261.6996 46.1458
261.7055 46.1436
261.7114 46.1414
261.7173 46.1392
261.7231 46.1370
261.7290 46.1348
261.7349 46.1326
261.7407 46.1304
261.7466 46.1282
261.7525 46.1260
261.7583 46.1238
261.7642 46.1216
261.7701 46.1194
261.7760 46.1172
261.7818 46.1150
261.7877 46.1128
261.7936 46.1106
261.7994 46.1083
261.8053 46.1061
261.8112 46.1039
261.8171 46.1017
261.8229 46.0995
261.8288 46.0973
261.8347 46.0951
261.8405 46.0929
261.8464 46.0906
261.8523 46.0884
261.8582 46.0862
261.8640 46.0840
261.8699 46.0818
261.8758 46.0796
261.8816 46.0773
261.8875 46.0751
261.8934 46.0729
261.8993 46.0707
261.9051 46.0684
261.9110 46.0662
261.9169 46.0640
261.9227 46.0618
261.9286 46.0595
261.9345 46.0573
261.9404 46.0551
261.9462 46.0529
261.9521 46.0506
261.9580 46.0484
261.9638 46.0462
261.9697 46.0439
261.9756 46.0417
261.9815 46.0395
261.9873 46.0372
261.9932 46.0350
261.9991 46.0328
262.0050 46.0305
262.0108 46.0283
262.0167 46.0260
262.0226 46.0238
262.0284 46.0216
262.0343 46.0193
262.0402 46.0171
262.0461 46.0148
262.0519 46.0126
262.0578 46.0103
262.0637 46.0081
262.0695 46.0058
262.0754 46.0036
262.0813 46.0014
262.0872 45.9991
262.0930 45.9969
262.0989 45.9946
262.1048 45.9924
262.1106 45.9901
262.1165 45.9878
262.1224 45.9856
262.1283 45.9833
262.1341 45.9811
262.1400 45.9788
262.1459 45.9766
262.1518 45.9743
262.1576 45.9720
262.1635 45.9698
262.1694 45.9675
262.1752 45.9653
262.1811 45.9630
262.1870 45.9607
262.1929 45.9585
262.1987 45.9562
262.2046 45.9539
262.2105 45.9517
262.2163 45.9494
262.2222 45.9471
262.2281 45.9449
262.2340 45.9426
262.2398 45.9403
262.2457 45.9381
262.2516 45.9358
262.2575 45.9335
262.2633 45.9312
262.2692 45.9290
262.2751 45.9267
262.2809 45.9244
262.2868 45.9221
262.2927 45.9199
262.2986 45.9176
262.3044 45.9153
262.3103 45.9130
262.3162 45.9107
262.3221 45.9084
262.3279 45.9062
262.3338 45.9039
262.3397 45.9016
262.3456 45.8993
262.3514 45.8970
262.3573 45.8947
262.3632 45.8924
262.3690 45.8902
262.3749 45.8879
262.3808 45.8856
262.3867 45.8833
262.3925 45.8810
262.3984 45.8787
262.4043 45.8764
262.4102 45.8741
262.4160 45.8718
262.4219 45.8695
262.4278 45.8672
262.4337 45.8649
262.4395 45.8626
262.4454 45.8603
262.4513 45.8580
262.4571 45.8557
262.4630 45.8534
262.4689 45.8511
262.4748 45.8488
262.4806 45.8465
262.4865 45.8442
262.4924 45.8419
262.4983 45.8396
262.5041 45.8373
262.5100 45.8350
262.5159 45.8327
262.5218 45.8303
262.5276 45.8280
262.5335 45.8257
262.5394 45.8234
262.5453 45.8211
262.5511 45.8188
262.5570 45.8165
262.5629 45.8141
262.5688 45.8118
262.5746 45.8095
262.5805 45.8072
262.5864 45.8049
262.5923 45.8025
262.5981 45.8002
262.6040 45.7979
262.6099 45.7956
262.6158 45.7932
262.6216 45.7909
262.6275 45.7886
262.6334 45.7863
262.6393 45.7839
262.6451 45.7816
262.6510 45.7793
262.6569 45.7770
262.6628 45.7746
262.6686 45.7723
262.6745 45.7700
262.6804 45.7676
262.6863 45.7653
262.6921 45.7630
262.6980 45.7606
262.7039 45.7583
262.7098 45.7559
262.7156 45.7536
262.7215 45.7513
262.7274 45.7489
262.7333 45.7466
262.7391 45.7442
262.7450 45.7419
262.7509 45.7396
262.7568 45.7372
262.7626 45.7349
262.7685 45.7325
262.7744 45.7302
262.7803 45.7278
262.7861 45.7255
262.7920 45.7231
262.7979 45.7208
262.8038 45.7184
262.8096 45.7161
262.8155 45.7137
262.8214 45.7114
262.8273 45.7090
262.8331 45.7067
262.8390 45.7043
262.8449 45.7019
262.8508 45.6996
262.8566 45.6972
262.8625 45.6949
262.8684 45.6925
262.8743 45.6901
262.8801 45.6878
262.8860 45.6854
262.8919 45.6831
262.8978 45.6807
262.9036 45.6783
262.9095 45.6760
262.9154 45.6736
262.9213 45.6712
262.9271 45.6689
262.9330 45.6665
262.9389 45.6641
262.9448 45.6618
262.9507 45.6594
262.9565 45.6570
262.9624 45.6546
262.9683 45.6523
262.9742 45.6499
262.9800 45.6475
262.9859 45.6451
262.9918 45.6428
262.9977 45.6404
263.0035 45.6380
263.0094 45.6356
263.0153 45.6332
263.0212 45.6309
263.0270 45.6285
263.0329 45.6261
263.0388 45.6237
263.0447 45.6213
263.0505 45.6189
263.0564 45.6165
263.0623 45.6142
263.0682 45.6118
263.0741 45.6094
263.0799 45.6070
263.0858 45.6046
263.0917 45.6022
263.0976 45.5998
263.1034 45.5974
263.1093 45.5950
263.1152 45.5926
263.1211 45.5902
263.1269 45.5878
263.1328 45.5854
263.1387 45.5830
263.1446 45.5806
263.1505 45.5782
263.1563 45.5758
263.1622 45.5734
263.1681 45.5710
263.1740 45.5686
263.1798 45.5662
263.1857 45.5638
263.1916 45.5614
263.1975 45.5590
263.2033 45.5566
263.2092 45.5542
263.2151 45.5518
263.2210 45.5494
263.2269 45.5470
263.2327 45.5446
263.2386 45.5421
263.2445 45.5397
263.2504 45.5373
263.2562 45.5349
263.2621 45.5325
263.2680 45.5301
263.2739 45.5277
263.2797 45.5252
263.2856 45.5228
263.2915 45.5204
263.2974 45.5180
263.3033 45.5156
263.3091 45.5131
263.3150 45.5107
263.3209 45.5083
263.3268 45.5059
263.3326 45.5034
263.3385 45.5010
263.3444 45.4986
263.3503 45.4961
263.3561 45.4937
263.3620 45.4913
263.3679 45.4889
263.3738 45.4864
263.3797 45.4840
263.3855 45.4816
263.3914 45.4791
263.3973 45.4767
263.4032 45.4743
263.4090 45.4718
263.4149 45.4694
263.4208 45.4669
263.4267 45.4645
263.4326 45.4621
263.4384 45.4596
263.4443 45.4572
263.4502 45.4547
263.4561 45.4523
263.4619 45.4499
263.4678 45.4474
263.4737 45.4450
263.4796 45.4425
263.4855 45.4401
263.4913 45.4376
263.4972 45.4352
263.5031 45.4327
263.5090 45.4303
263.5148 45.4278
263.5207 45.4254
263.5266 45.4229
263.5325 45.4205
263.5384 45.4180
263.5442 45.4156
263.5501 45.4131
263.5560 45.4106
263.5619 45.4082
263.5677 45.4057
263.5736 45.4033
263.5795 45.4008
263.5854 45.3983
263.5913 45.3959
263.5971 45.3934
263.6030 45.3910
263.6089 45.3885
263.6148 45.3860
263.6206 45.3836
263.6265 45.3811
263.6324 45.3786
263.6383 45.3762
263.6442 45.3737
263.6500 45.3712
263.6559 45.3687
263.6618 45.3663
263.6677 45.3638
263.6736 45.3613
263.6794 45.3588
263.6853 45.3564
263.6912 45.3539
263.6971 45.3514
263.7029 45.3489
263.7088 45.3465
263.7147 45.3440
263.7206 45.3415
263.7265 45.3390
263.7323 45.3365
263.7382 45.3341
263.7441 45.3316
263.7500 45.3291
263.7559 45.3266
263.7617 45.3241
263.7676 45.3216
263.7735 45.3191
263.7794 45.3166
263.7853 45.3142
263.7911 45.3117
263.7970 45.3092
263.8029 45.3067
263.8088 45.3042
263.8147 45.3017
263.8205 45.2992
263.8264 45.2967
263.8323 45.2942
263.8382 45.2917
263.8441 45.2892
263.8499 45.2867
263.8558 45.2842
263.8617 45.2817
263.8676 45.2792
263.8734 45.2767
263.8793 45.2742
263.8852 45.2717
263.8911 45.2692
263.8970 45.2667
263.9028 45.2642
263.9087 45.2617
263.9146 45.2592
263.9205 45.2567
263.9264 45.2542
263.9322 45.2516
263.9381 45.2491
263.9440 45.2466
263.9499 45.2441
263.9558 45.2416
263.9617 45.2391
263.9675 45.2366
263.9734 45.2340
263.9793 45.2315
263.9852 45.2290
263.9911 45.2265
263.9969 45.2240
264.0028 45.2215
264.0087 45.2189
264.0146 45.2164
264.0205 45.2139
264.0263 45.2114
264.0322 45.2088
264.0381 45.2063
264.0440 45.2038
264.0499 45.2013
264.0557 45.1987
264.0616 45.1962
264.0675 45.1937
264.0734 45.1911
264.0793 45.1886
264.0851 45.1861
264.0910 45.1835
264.0969 45.1810
264.1028 45.1785
264.1087 45.1759
264.1145 45.1734
264.1204 45.1709
264.1263 45.1683
264.1322 45.1658
264.1381 45.1633
264.1440 45.1607
264.1498 45.1582
264.1557 45.1556
264.1616 45.1531
264.1675 45.1505
264.1734 45.1480
264.1792 45.1454
264.1851 45.1429
264.1910 45.1404
264.1969 45.1378
264.2028 45.1353
264.2086 45.1327
264.2145 45.1302
264.2204 45.1276
264.2263 45.1251
264.2322 45.1225
264.2381 45.1200
264.2439 45.1174
264.2498 45.1148
264.2557 45.1123
264.2616 45.1097
264.2675 45.1072
264.2733 45.1046
264.2792 45.1021
264.2851 45.0995
264.2910 45.0969
264.2969 45.0944
264.3028 45.0918
264.3086 45.0892
264.3145 45.0867
264.3204 45.0841
264.3263 45.0815
264.3322 45.0790
264.3380 45.0764
264.3439 45.0738
264.3498 45.0713
264.3557 45.0687
264.3616 45.0661
264.3675 45.0636
264.3733 45.0610
264.3792 45.0584
264.3851 45.0558
264.3910 45.0533
264.3969 45.0507
264.4028 45.0481
264.4086 45.0455
264.4145 45.0430
264.4204 45.0404
264.4263 45.0378
264.4322 45.0352
264.4380 45.0326
264.4439 45.0300
264.4498 45.0275
264.4557 45.0249
264.4616 45.0223
264.4675 45.0197
264.4733 45.0171
264.4792 45.0145
264.4851 45.0119
264.4910 45.0094
264.4969 45.0068
264.5028 45.0042
264.5086 45.0016
264.5145 44.9990
264.5204 44.9964
264.5263 44.9938
264.5322 44.9912
264.5381 44.9886
264.5439 44.9860
264.5498 44.9834
264.5557 44.9808
264.5616 44.9782
264.5675 44.9756
264.5734 44.9730
264.5792 44.9704
264.5851 44.9678
264.5910 44.9652
264.5969 44.9626
264.6028 44.9600
264.6086 44.9574
264.6145 44.9548
264.6204 44.9522
264.6263 44.9496
264.6322 44.9470
264.6381 44.9444
264.6439 44.9417
264.6498 44.9391
264.6557 44.9365
264.6616 44.9339
264.6675 44.9313
264.6734 44.9287
264.6792 44.9261
264.6851 44.9235
264.6910 44.9208
264.6969 44.9182
264.7028 44.9156
264.7087 44.9130
264.7145 44.9104
264.7204 44.9077
264.7263 44.9051
264.7322 44.9025
264.7381 44.8999
264.7440 44.8972
264.7499 44.8946
264.7557 44.8920
264.7616 44.8894
264.7675 44.8867
264.7734 44.8841
264.7793 44.8815
264.7852 44.8788
264.7910 44.8762
264.7969 44.8736
264.8028 44.8709
264.8087 44.8683
264.8146 44.8657
264.8205 44.8630
264.8263 44.8604
264.8322 44.8578
264.8381 44.8551
264.8440 44.8525
264.8499 44.8499
264.8558 44.8472
264.8616 44.8446
264.8675 44.8419
264.8734 44.8393
264.8793 44.8366
264.8852 44.8340
264.8911 44.8314
264.8969 44.8287
264.9028 44.8261
264.9087 44.8234
264.9146 44.8208
264.9205 44.8181
264.9264 44.8155
264.9323 44.8128
264.9381 44.8102
264.9440 44.8075
264.9499 44.8049
264.9558 44.8022
264.9617 44.7996
264.9676 44.7969
264.9734 44.7942
264.9793 44.7916
264.9852 44.7889
264.9911 44.7863
264.9970 44.7836
265.0029 44.7809
265.0087 44.7783
265.0146 44.7756
265.0205 44.7730
265.0264 44.7703
265.0323 44.7676
265.0382 44.7650
265.0441 44.7623
265.0499 44.7596
265.0558 44.7570
265.0617 44.7543
265.0676 44.7516
265.0735 44.7489
265.0794 44.7463
265.0853 44.7436
265.0911 44.7409
265.0970 44.7383
265.1029 44.7356
265.1088 44.7329
265.1147 44.7302
265.1206 44.7276
265.1264 44.7249
265.1323 44.7222
265.1382 44.7195
265.1441 44.7168
265.1500 44.7142
265.1559 44.7115
265.1618 44.7088
265.1676 44.7061
265.1735 44.7034
265.1794 44.7007
265.1853 44.6980
265.1912 44.6954
265.1971 44.6927
265.2030 44.6900
265.2088 44.6873
265.2147 44.6846
265.2206 44.6819
265.2265 44.6792
265.2324 44.6765
265.2383 44.6738
265.2442 44.6711
265.2500 44.6684
265.2559 44.6657
265.2618 44.6630
265.2677 44.6603
265.2736 44.6576
265.2795 44.6549
265.2854 44.6522
265.2913 44.6495
265.2971 44.6468
265.3030 44.6441
265.3089 44.6414
265.3148 44.6387
265.3207 44.6360
265.3266 44.6333
265.3325 44.6306
265.3383 44.6279
265.3442 44.6252
265.3501 44.6225
265.3560 44.6198
265.3619 44.6171
265.3678 44.6144
265.3737 44.6116
265.3795 44.6089
265.3854 44.6062
265.3913 44.6035
265.3972 44.6008
265.4031 44.5981
265.4090 44.5953
265.4149 44.5926
265.4208 44.5899
265.4266 44.5872
265.4325 44.5845
265.4384 44.5817
265.4443 44.5790
265.4502 44.5763
265.4561 44.5736
265.4620 44.5708
265.4679 44.5681
265.4737 44.5654
265.4796 44.5627
265.4855 44.5599
265.4914 44.5572
265.4973 44.5545
265.5032 44.5517
265.5091 44.5490
265.5150 44.5463
265.5208 44.5435
265.5267 44.5408
265.5326 44.5381
265.5385 44.5353
265.5444 44.5326
265.5503 44.5299
265.5562 44.5271
265.5621 44.5244
265.5679 44.5216
265.5738 44.5189
265.5797 44.5162
265.5856 44.5134
265.5915 44.5107
265.5974 44.5079
265.6033 44.5052
265.6092 44.5024
265.6150 44.4997
265.6209 44.4969
265.6268 44.4942
265.6327 44.4914
265.6386 44.4887
265.6445 44.4859
265.6504 44.4832
265.6563 44.4804
265.6622 44.4777
265.6680 44.4749
265.6739 44.4722
265.6798 44.4694
265.6857 44.4667
265.6916 44.4639
265.6975 44.4612
265.7034 44.4584
265.7093 44.4556
265.7152 44.4529
265.7210 44.4501
265.7269 44.4474
265.7328 44.4446
265.7387 44.4418
265.7446 44.4391
265.7505 44.4363
265.7564 44.4335
265.7623 44.4308
265.7682 44.4280
265.7740 44.4252
265.7799 44.4225
265.7858 44.4197
265.7917 44.4169
265.7976 44.4141
265.8035 44.4114
265.8094 44.4086
265.8153 44.4058
265.8212 44.4030
265.8270 44.4003
265.8329 44.3975
265.8388 44.3947
265.8447 44.3919
265.8506 44.3892
265.8565 44.3864
265.8624 44.3836
265.8683 44.3808
265.8742 44.3780
265.8800 44.3752
265.8859 44.3725
265.8918 44.3697
265.8977 44.3669
265.9036 44.3641
265.9095 44.3613
265.9154 44.3585
265.9213 44.3557
265.9272 44.3529
265.9331 44.3502
265.9389 44.3474
265.9448 44.3446
265.9507 44.3418
265.9566 44.3390
265.9625 44.3362
265.9684 44.3334
265.9743 44.3306
265.9802 44.3278
265.9861 44.3250
265.9919 44.3222
265.9978 44.3194
266.0037 44.3166
266.0096 44.3138
266.0155 44.3110
266.0214 44.3082
266.0273 44.3054
266.0332 44.3026
266.0391 44.2998
266.0450 44.2970
266.0508 44.2942
266.0567 44.2914
266.0626 44.2885
266.0685 44.2857
266.0744 44.2829
266.0803 44.2801
266.0862 44.2773
266.0921 44.2745
266.0980 44.2717
266.1039 44.2689
266.1098 44.2660
266.1156 44.2632
266.1215 44.2604
266.1274 44.2576
266.1333 44.2548
266.1392 44.2520
266.1451 44.2491
266.1510 44.2463
266.1569 44.2435
266.1628 44.2407
266.1687 44.2378
266.1745 44.2350
266.1804 44.2322
266.1863 44.2294
266.1922 44.2265
266.1981 44.2237
266.2040 44.2209
266.2099 44.2181
266.2158 44.2152
266.2217 44.2124
266.2276 44.2096
266.2335 44.2067
266.2393 44.2039
266.2452 44.2011
266.2511 44.1982
266.2570 44.1954
266.2629 44.1926
266.2688 44.1897
266.2747 44.1869
266.2806 44.1840
266.2865 44.1812
266.2924 44.1784
266.2983 44.1755
266.3041 44.1727
266.3100 44.1698
266.3159 44.1670
266.3218 44.1641
266.3277 44.1613
266.3336 44.1585
266.3395 44.1556
266.3454 44.1528
266.3513 44.1499
266.3572 44.1471
266.3631 44.1442
266.3689 44.1414
266.3748 44.1385
266.3807 44.1357
266.3866 44.1328
266.3925 44.1299
266.3984 44.1271
266.4043 44.1242
266.4102 44.1214
266.4161 44.1185
266.4220 44.1157
266.4279 44.1128
266.4338 44.1099
266.4396 44.1071
266.4455 44.1042
266.4514 44.1014
266.4573 44.0985
266.4632 44.0956
266.4691 44.0928
266.4750 44.0899
266.4809 44.0870
266.4868 44.0842
266.4927 44.0813
266.4986 44.0784
266.5045 44.0756
266.5103 44.0727
266.5162 44.0698
266.5221 44.0669
266.5280 44.0641
266.5339 44.0612
266.5398 44.0583
266.5457 44.0554
266.5516 44.0526
266.5575 44.0497
266.5634 44.0468
266.5693 44.0439
266.5752 44.0411
266.5811 44.0382
266.5870 44.0353
266.5928 44.0324
266.5987 44.0295
266.6046 44.0266
266.6105 44.0238
266.6164 44.0209
266.6223 44.0180
266.6282 44.0151
266.6341 44.0122
266.6400 44.0093
266.6459 44.0064
266.6518 44.0035
266.6577 44.0007
266.6636 43.9978
266.6695 43.9949
266.6753 43.9920
266.6812 43.9891
266.6871 43.9862
266.6930 43.9833
266.6989 43.9804
266.7048 43.9775
266.7107 43.9746
266.7166 43.9717
266.7225 43.9688
266.7284 43.9659
266.7343 43.9630
266.7402 43.9601
266.7461 43.9572
266.7520 43.9543
266.7579 43.9514
266.7638 43.9485
266.7696 43.9456
266.7755 43.9427
266.7814 43.9397
266.7873 43.9368
266.7932 43.9339
266.7991 43.9310
266.8050 43.9281
266.8109 43.9252
266.8168 43.9223
266.8227 43.9194
266.8286 43.9164
266.8345 43.9135
266.8404 43.9106
266.8463 43.9077
266.8522 43.9048
266.8581 43.9019
266.8640 43.8989
266.8699 43.8960
266.8757 43.8931
266.8816 43.8902
266.8875 43.8873
266.8934 43.8843
266.8993 43.8814
266.9052 43.8785
266.9111 43.8756
266.9170 43.8726
266.9229 43.8697
266.9288 43.8668
266.9347 43.8638
266.9406 43.8609
266.9465 43.8580
266.9524 43.8550
266.9583 43.8521
266.9642 43.8492
266.9701 43.8462
266.9760 43.8433
266.9819 43.8404
266.9878 43.8374
266.9936 43.8345
266.9995 43.8316
267.0054 43.8286
267.0113 43.8257
267.0172 43.8227
267.0231 43.8198
267.0290 43.8169
267.0349 43.8139
267.0408 43.8110
267.0467 43.8080
267.0526 43.8051
267.0585 43.8021
267.0644 43.7992
267.0703 43.7962
267.0762 43.7933
267.0821 43.7903
267.0880 43.7874
267.0939 43.7844
267.0998 43.7815
267.1057 43.7785
267.1116 43.7756
267.1175 43.7726
267.1234 43.7697
267.1292 43.7667
267.1351 43.7637
267.1410 43.7608
267.1469 43.7578
267.1528 43.7549
267.1587 43.7519
267.1646 43.7489
267.1705 43.7460
267.1764 43.7430
267.1823 43.7401
267.1882 43.7371
267.1941 43.7341
267.2000 43.7312
267.2059 43.7282
267.2118 43.7252
267.2177 43.7223
267.2236 43.7193
267.2295 43.7163
267.2354 43.7134
267.2413 43.7104
267.2472 43.7074
267.2531 43.7044
267.2590 43.7015
267.2649 43.6985
267.2708 43.6955
267.2767 43.6925
267.2826 43.6896
267.2885 43.6866
267.2944 43.6836
267.3002 43.6806
267.3061 43.6776
267.3120 43.6747
267.3179 43.6717
267.3238 43.6687
267.3297 43.6657
267.3356 43.6627
267.3415 43.6597
267.3474 43.6568
267.3533 43.6538
267.3592 43.6508
267.3651 43.6478
267.3710 43.6448
267.3769 43.6418
267.3828 43.6388
267.3887 43.6358
267.3946 43.6328
267.4005 43.6298
267.4064 43.6268
267.4123 43.6239
267.4182 43.6209
267.4241 43.6179
267.4300 43.6149
267.4359 43.6119
267.4418 43.6089
267.4477 43.6059
267.4536 43.6029
267.4595 43.5999
267.4654 43.5969
267.4713 43.5939
267.4772 43.5909
267.4831 43.5878
267.4890 43.5848
267.4949 43.5818
267.5008 43.5788
267.5067 43.5758
267.5126 43.5728
267.5185 43.5698
267.5244 43.5668
267.5303 43.5638
267.5362 43.5608
267.5421 43.5578
267.5479 43.5547
267.5538 43.5517
267.5597 43.5487
267.5656 43.5457
267.5715 43.5427
267.5774 43.5397
267.5833 43.5366
267.5892 43.5336
267.5951 43.5306
267.6010 43.5276
267.6069 43.5246
267.6128 43.5215
267.6187 43.5185
267.6246 43.5155
267.6305 43.5125
267.6364 43.5094
267.6423 43.5064
267.6482 43.5034
267.6541 43.5004
267.6600 43.4973
267.6659 43.4943
267.6718 43.4913
267.6777 43.4882
267.6836 43.4852
267.6895 43.4822
267.6954 43.4791
267.7013 43.4761
267.7072 43.4731
267.7131 43.4700
267.7190 43.4670
267.7249 43.4640
267.7308 43.4609
267.7367 43.4579
267.7426 43.4548
267.7485 43.4518
267.7544 43.4488
267.7603 43.4457
267.7662 43.4427
267.7721 43.4396
267.7780 43.4366
267.7839 43.4335
267.7898 43.4305
267.7957 43.4275
267.8016 43.4244
267.8075 43.4214
267.8134 43.4183
267.8193 43.4153
267.8252 43.4122
267.8311 43.4092
267.8370 43.4061
267.8429 43.4030
267.8488 43.4000
267.8547 43.3969
267.8606 43.3939
267.8665 43.3908
267.8724 43.3878
267.8783 43.3847
267.8842 43.3816
267.8901 43.3786
267.8960 43.3755
267.9019 43.3725
267.9078 43.3694
267.9137 43.3663
267.9196 43.3633
267.9255 43.3602
267.9314 43.3571
267.9373 43.3541
267.9432 43.3510
267.9491 43.3479
267.9550 43.3449
267.9609 43.3418
267.9668 43.3387
267.9727 43.3357
267.9786 43.3326
267.9845 43.3295
267.9904 43.3264
267.9963 43.3234
268.0022 43.3203
268.0081 43.3172
268.0140 43.3141
268.0199 43.3111
268.0258 43.3080
268.0317 43.3049
268.0376 43.3018
268.0435 43.2987
268.0494 43.2957
268.0553 43.2926
268.0612 43.2895
268.0671 43.2864
268.0730 43.2833
268.0789 43.2802
268.0848 43.2771
268.0907 43.2741
268.0966 43.2710
268.1025 43.2679
268.1084 43.2648
268.1143 43.2617
268.1202 43.2586
268.1261 43.2555
268.1320 43.2524
268.1379 43.2493
268.1438 43.2462
268.1497 43.2431
268.1556 43.2400
268.1615 43.2369
268.1674 43.2339
268.1733 43.2308
268.1792 43.2277
268.1851 43.2246
268.1910 43.2215
268.1970 43.2183
268.2029 43.2152
268.2088 43.2121
268.2147 43.2090
268.2206 43.2059
268.2265 43.2028
268.2324 43.1997
268.2383 43.1966
268.2442 43.1935
268.2501 43.1904
268.2560 43.1873
268.2619 43.1842
268.2678 43.1811
268.2737 43.1780
268.2796 43.1748
268.2855 43.1717
268.2914 43.1686
268.2973 43.1655
268.3032 43.1624
268.3091 43.1593
268.3150 43.1561
268.3209 43.1530
268.3268 43.1499
268.3327 43.1468
268.3386 43.1437
268.3445 43.1405
268.3504 43.1374
268.3563 43.1343
268.3622 43.1312
268.3681 43.1280
268.3740 43.1249
268.3799 43.1218
268.3858 43.1187
268.3917 43.1155
268.3977 43.1124
268.4036 43.1093
268.4095 43.1061
268.4154 43.1030
268.4213 43.0999
268.4272 43.0967
268.4331 43.0936
268.4390 43.0905
268.4449 43.0873
268.4508 43.0842
268.4567 43.0811
268.4626 43.0779
268.4685 43.0748
268.4744 43.0717
268.4803 43.0685
268.4862 43.0654
268.4921 43.0622
268.4980 43.0591
268.5039 43.0559
268.5098 43.0528
268.5157 43.0497
268.5216 43.0465
268.5275 43.0434
268.5334 43.0402
268.5394 43.0371
268.5453 43.0339
268.5512 43.0308
268.5571 43.0276
268.5630 43.0245
268.5689 43.0213
268.5748 43.0182
268.5807 43.0150
268.5866 43.0119
268.5925 43.0087
268.5984 43.0055
268.6043 43.0024
268.6102 42.9992
268.6161 42.9961
268.6220 42.9929
268.6279 42.9897
268.6338 42.9866
268.6397 42.9834
268.6456 42.9803
268.6515 42.9771
268.6574 42.9739
268.6634 42.9708
268.6693 42.9676
268.6752 42.9644
268.6811 42.9613
268.6870 42.9581
268.6929 42.9549
268.6988 42.9518
268.7047 42.9486
268.7106 42.9454
268.7165 42.9422
268.7224 42.9391
268.7283 42.9359
268.7342 42.9327
268.7401 42.9296
268.7460 42.9264
268.7519 42.9232
268.7578 42.9200
268.7638 42.9168
268.7697 42.9137
268.7756 42.9105
268.7815 42.9073
268.7874 42.9041
268.7933 42.9009
268.7992 42.8978
268.8051 42.8946
268.8110 42.8914
268.8169 42.8882
268.8228 42.8850
268.8287 42.8818
268.8346 42.8786
268.8405 42.8755
268.8464 42.8723
268.8523 42.8691
268.8582 42.8659
268.8642 42.8627
268.8701 42.8595
268.8760 42.8563
268.8819 42.8531
268.8878 42.8499
268.8937 42.8467
268.8996 42.8435
268.9055 42.8403
268.9114 42.8371
268.9173 42.8339
268.9232 42.8307
268.9291 42.8275
268.9350 42.8243
268.9409 42.8211
268.9468 42.8179
268.9528 42.8147
268.9587 42.8115
268.9646 42.8083
268.9705 42.8051
268.9764 42.8019
268.9823 42.7987
268.9882 42.7955
268.9941 42.7923
269.0000 42.7891
269.0059 42.7858
269.0118 42.7826
269.0177 42.7794
269.0236 42.7762
269.0295 42.7730
269.0355 42.7698
269.0414 42.7666
269.0473 42.7634
269.0532 42.7601
269.0591 42.7569
269.0650 42.7537
269.0709 42.7505
269.0768 42.7473
269.0827 42.7440
269.0886 42.7408
269.0945 42.7376
269.1004 42.7344
269.1063 42.7311
269.1123 42.7279
269.1182 42.7247
269.1241 42.7215
269.1300 42.7182
269.1359 42.7150
269.1418 42.7118
269.1477 42.7086
269.1536 42.7053
269.1595 42.7021
269.1654 42.6989
269.1713 42.6956
269.1772 42.6924
269.1831 42.6892
269.1891 42.6859
269.1950 42.6827
269.2009 42.6795
269.2068 42.6762
269.2127 42.6730
269.2186 42.6697
269.2245 42.6665
269.2304 42.6633
269.2363 42.6600
269.2422 42.6568
269.2481 42.6535
269.2540 42.6503
269.2600 42.6470
269.2659 42.6438
269.2718 42.6406
269.2777 42.6373
269.2836 42.6341
269.2895 42.6308
269.2954 42.6276
269.3013 42.6243
269.3072 42.6211
269.3131 42.6178
269.3190 42.6146
269.3250 42.6113
269.3309 42.6080
269.3368 42.6048
269.3427 42.6015
269.3486 42.5983
269.3545 42.5950
269.3604 42.5918
269.3663 42.5885
269.3722 42.5852
269.3781 42.5820
269.3841 42.5787
269.3900 42.5755
269.3959 42.5722
269.4018 42.5689
269.4077 42.5657
269.4136 42.5624
269.4195 42.5591
269.4254 42.5559
269.4313 42.5526
269.4372 42.5493
269.4432 42.5461
269.4491 42.5428
269.4550 42.5395
269.4609 42.5363
269.4668 42.5330
269.4727 42.5297
269.4786 42.5264
269.4845 42.5232
269.4904 42.5199
269.4963 42.5166
269.5023 42.5133
269.5082 42.5101
269.5141 42.5068
269.5200 42.5035
269.5259 42.5002
269.5318 42.4969
269.5377 42.4937
269.5436 42.4904
269.5495 42.4871
269.5555 42.4838
269.5614 42.4805
269.5673 42.4772
269.5732 42.4739
269.5791 42.4707
269.5850 42.4674
269.5909 42.4641
269.5968 42.4608
269.6027 42.4575
269.6087 42.4542
269.6146 42.4509
269.6205 42.4476
269.6264 42.4443
269.6323 42.4410
269.6382 42.4377
269.6441 42.4344
269.6500 42.4312
269.6560 42.4279
269.6619 42.4246
269.6678 42.4213
269.6737 42.4180
269.6796 42.4147
269.6855 42.4114
269.6914 42.4081
269.6973 42.4047
269.7032 42.4014
269.7092 42.3981
269.7151 42.3948
269.7210 42.3915
269.7269 42.3882
269.7328 42.3849
269.7387 42.3816
269.7446 42.3783
269.7505 42.3750
269.7565 42.3717
269.7624 42.3684
269.7683 42.3651
269.7742 42.3617
269.7801 42.3584
269.7860 42.3551
269.7919 42.3518
269.7979 42.3485
269.8038 42.3452
269.8097 42.3418
269.8156 42.3385
269.8215 42.3352
269.8274 42.3319
269.8333 42.3286
269.8392 42.3252
269.8452 42.3219
269.8511 42.3186
269.8570 42.3153
269.8629 42.3119
269.8688 42.3086
269.8747 42.3053
269.8806 42.3020
269.8866 42.2986
269.8925 42.2953
269.8984 42.2920
269.9043 42.2886
269.9102 42.2853
269.9161 42.2820
269.9220 42.2787
269.9279 42.2753
269.9339 42.2720
269.9398 42.2687
269.9457 42.2653
269.9516 42.2620
269.9575 42.2586
269.9634 42.2553
269.9693 42.2520
269.9753 42.2486
269.9812 42.2453
269.9871 42.2419
269.9930 42.2386
269.9989 42.2353
270.0048 42.2319
270.0107 42.2286
270.0167 42.2252
270.0226 42.2219
270.0285 42.2185
270.0344 42.2152
270.0403 42.2118
270.0462 42.2085
270.0522 42.2051
270.0581 42.2018
270.0640 42.1984
270.0699 42.1951
270.0758 42.1917
270.0817 42.1884
270.0876 42.1850
270.0936 42.1817
270.0995 42.1783
270.1054 42.1750
270.1113 42.1716
270.1172 42.1682
270.1231 42.1649
270.1290 42.1615
270.1350 42.1582
270.1409 42.1548
270.1468 42.1514
270.1527 42.1481
270.1586 42.1447
270.1645 42.1413
270.1705 42.1380
270.1764 42.1346
270.1823 42.1312
270.1882 42.1279
270.1941 42.1245
270.2000 42.1211
270.2060 42.1178
270.2119 42.1144
270.2178 42.1110
270.2237 42.1077
270.2296 42.1043
270.2355 42.1009
270.2414 42.0975
270.2474 42.0942
270.2533 42.0908
270.2592 42.0874
270.2651 42.0840
270.2710 42.0806
270.2769 42.0773
270.2829 42.0739
270.2888 42.0705
270.2947 42.0671
270.3006 42.0637
270.3065 42.0604
270.3124 42.0570
270.3184 42.0536
270.3243 42.0502
270.3302 42.0468
270.3361 42.0434
270.3420 42.0400
270.3479 42.0367
270.3539 42.0333
270.3598 42.0299
270.3657 42.0265
270.3716 42.0231
270.3775 42.0197
270.3834 42.0163
270.3894 42.0129
270.3953 42.0095
270.4012 42.0061
270.4071 42.0027
270.4130 41.9993
270.4189 41.9959
270.4249 41.9925
270.4308 41.9891
270.4367 41.9857
270.4426 41.9823
270.4485 41.9789
270.4545 41.9755
270.4604 41.9721
270.4663 41.9687
270.4722 41.9653
270.4781 41.9619
270.4840 41.9585
270.4900 41.9551
270.4959 41.9517
270.5018 41.9483
270.5077 41.9449
270.5136 41.9415
270.5195 41.9381
270.5255 41.9346
270.5314 41.9312
270.5373 41.9278
270.5432 41.9244
270.5491 41.9210
270.5551 41.9176
270.5610 41.9142
270.5669 41.9107
270.5728 41.9073
270.5787 41.9039
270.5846 41.9005
270.5906 41.8971
270.5965 41.8936
270.6024 41.8902
270.6083 41.8868
270.6142 41.8834
270.6202 41.8800
270.6261 41.8765
270.6320 41.8731
270.6379 41.8697
270.6438 41.8663
270.6497 41.8628
270.6557 41.8594
270.6616 41.8560
270.6675 41.8525
270.6734 41.8491
270.6793 41.8457
270.6853 41.8422
270.6912 41.8388
270.6971 41.8354
270.7030 41.8319
270.7089 41.8285
270.7149 41.8251
270.7208 41.8216
270.7267 41.8182
270.7326 41.8148
270.7385 41.8113
270.7445 41.8079
270.7504 41.8044
270.7563 41.8010
270.7622 41.7975
270.7681 41.7941
270.7741 41.7907
270.7800 41.7872
270.7859 41.7838
270.7918 41.7803
270.7977 41.7769
270.8037 41.7734
270.8096 41.7700
270.8155 41.7665
270.8214 41.7631
270.8273 41.7596
270.8333 41.7562
270.8392 41.7527
270.8451 41.7493
270.8510 41.7458
270.8569 41.7424
270.8629 41.7389
270.8688 41.7355
270.8747 41.7320
270.8806 41.7285
270.8865 41.7251
270.8925 41.7216
270.8984 41.7182
270.9043 41.7147
270.9102 41.7112
270.9162 41.7078
270.9221 41.7043
270.9280 41.7008
270.9339 41.6974
270.9398 41.6939
270.9458 41.6904
270.9517 41.6870
270.9576 41.6835
270.9635 41.6800
270.9694 41.6766
270.9754 41.6731
270.9813 41.6696
270.9872 41.6662
270.9931 41.6627
270.9991 41.6592
271.0050 41.6557
271.0109 41.6523
271.0168 41.6488
271.0227 41.6453
271.0287 41.6418
271.0346 41.6384
271.0405 41.6349
271.0464 41.6314
271.0524 41.6279
271.0583 41.6244
271.0642 41.6210
271.0701 41.6175
271.0760 41.6140
271.0820 41.6105
271.0879 41.6070
271.0938 41.6035
271.0997 41.6000
271.1057 41.5966
271.1116 41.5931
271.1175 41.5896
271.1234 41.5861
271.1294 41.5826
271.1353 41.5791
271.1412 41.5756
271.1471 41.5721
271.1530 41.5686
271.1590 41.5651
271.1649 41.5616
271.1708 41.5582
271.1767 41.5547
271.1827 41.5512
271.1886 41.5477
271.1945 41.5442
271.2004 41.5407
271.2064 41.5372
271.2123 41.5337
271.2182 41.5302
271.2241 41.5267
271.2301 41.5232
271.2360 41.5196
271.2419 41.5161
271.2478 41.5126
271.2537 41.5091
271.2597 41.5056
271.2656 41.5021
271.2715 41.4986
271.2774 41.4951
271.2834 41.4916
271.2893 41.4881
271.2952 41.4846
271.3011 41.4811
271.3071 41.4775
271.3130 41.4740
271.3189 41.4705
271.3248 41.4670
271.3308 41.4635
271.3367 41.4600
271.3426 41.4564
271.3485 41.4529
271.3545 41.4494
271.3604 41.4459
271.3663 41.4424
271.3722 41.4388
271.3782 41.4353
271.3841 41.4318
271.3900 41.4283
271.3959 41.4248
271.4019 41.4212
271.4078 41.4177
271.4137 41.4142
271.4196 41.4106
271.4256 41.4071
271.4315 41.4036
271.4374 41.4001
271.4433 41.3965
271.4493 41.3930
271.4552 41.3895
271.4611 41.3859
271.4671 41.3824
271.4730 41.3789
271.4789 41.3753
271.4848 41.3718
271.4908 41.3683
271.4967 41.3647
271.5026 41.3612
271.5085 41.3576
271.5145 41.3541
271.5204 41.3506
271.5263 41.3470
271.5322 41.3435
271.5382 41.3399
271.5441 41.3364
271.5500 41.3328
271.5559 41.3293
271.5619 41.3258
271.5678 41.3222
271.5737 41.3187
271.5797 41.3151
271.5856 41.3116
271.5915 41.3080
271.5974 41.3045
271.6034 41.3009
271.6093 41.2974
271.6152 41.2938
271.6211 41.2903
271.6271 41.2867
271.6330 41.2831
271.6389 41.2796
271.6449 41.2760
271.6508 41.2725
271.6567 41.2689
271.6626 41.2654
271.6686 41.2618
271.6745 41.2582
271.6804 41.2547
271.6863 41.2511
271.6923 41.2476
271.6982 41.2440
271.7041 41.2404
271.7101 41.2369
271.7160 41.2333
271.7219 41.2297
271.7278 41.2262
271.7338 41.2226
271.7397 41.2190
271.7456 41.2155
271.7516 41.2119
271.7575 41.2083
271.7634 41.2048
271.7693 41.2012
271.7753 41.1976
271.7812 41.1940
271.7871 41.1905
271.7930 41.1869
271.7990 41.1833
271.8049 41.1797
271.8108 41.1762
271.8168 41.1726
271.8227 41.1690
271.8286 41.1654
271.8345 41.1618
271.8405 41.1583
271.8464 41.1547
271.8523 41.1511
271.8583 41.1475
271.8642 41.1439
271.8701 41.1403
271.8761 41.1368
271.8820 41.1332
271.8879 41.1296
271.8938 41.1260
271.8998 41.1224
271.9057 41.1188
271.9116 41.1152
271.9176 41.1116
271.9235 41.1080
271.9294 41.1044
271.9353 41.1009
271.9413 41.0973
271.9472 41.0937
271.9531 41.0901
271.9591 41.0865
271.9650 41.0829
271.9709 41.0793
271.9769 41.0757
271.9828 41.0721
271.9887 41.0685
271.9946 41.0649
272.0006 41.0613
272.0065 41.0577
272.0124 41.0541
272.0184 41.0505
272.0243 41.0469
272.0302 41.0433
272.0362 41.0397
272.0421 41.0360
272.0480 41.0324
272.0539 41.0288
272.0599 41.0252
272.0658 41.0216
272.0717 41.0180
272.0777 41.0144
272.0836 41.0108
272.0895 41.0072
272.0955 41.0036
272.1014 40.9999
272.1073 40.9963
272.1132 40.9927
272.1192 40.9891
272.1251 40.9855
272.1310 40.9819
272.1370 40.9782
272.1429 40.9746
272.1488 40.9710
272.1548 40.9674
272.1607 40.9638
272.1666 40.9601
272.1726 40.9565
272.1785 40.9529
272.1844 40.9493
272.1904 40.9456
272.1963 40.9420
272.2022 40.9384
272.2082 40.9348
272.2141 40.9311
272.2200 40.9275
272.2260 40.9239
272.2319 40.9202
272.2378 40.9166
272.2437 40.9130
272.2497 40.9093
272.2556 40.9057
272.2615 40.9021
272.2675 40.8984
272.2734 40.8948
272.2793 40.8912
272.2853 40.8875
272.2912 40.8839
272.2971 40.8803
272.3031 40.8766
272.3090 40.8730
272.3149 40.8693
272.3209 40.8657
272.3268 40.8620
272.3327 40.8584
272.3387 40.8548
272.3446 40.8511
272.3505 40.8475
272.3565 40.8438
272.3624 40.8402
272.3683 40.8365
272.3743 40.8329
272.3802 40.8292
272.3861 40.8256
272.3921 40.8219
272.3980 40.8183
272.4039 40.8146
272.4099 40.8110
272.4158 40.8073
272.4217 40.8037
272.4277 40.8000
272.4336 40.7963
272.4396 40.7927
272.4455 40.7890
272.4514 40.7854
272.4574 40.7817
272.4633 40.7781
272.4692 40.7744
272.4752 40.7707
272.4811 40.7671
272.4870 40.7634
272.4930 40.7597
272.4989 40.7561
272.5048 40.7524
272.5108 40.7487
272.5167 40.7451
272.5226 40.7414
272.5286 40.7377
272.5345 40.7341
272.5404 40.7304
272.5464 40.7267
272.5523 40.7231
272.5583 40.7194
272.5642 40.7157
272.5701 40.7120
272.5761 40.7084
272.5820 40.7047
272.5879 40.7010
272.5939 40.6973
272.5998 40.6937
272.6057 40.6900
272.6117 40.6863
272.6176 40.6826
272.6235 40.6789
272.6295 40.6753
272.6354 40.6716
272.6414 40.6679
272.6473 40.6642
272.6532 40.6605
272.6592 40.6569
272.6651 40.6532
272.6710 40.6495
272.6770 40.6458
272.6829 40.6421
272.6888 40.6384
272.6948 40.6347
272.7007 40.6310
272.7067 40.6273
272.7126 40.6237
272.7185 40.6200
272.7245 40.6163
272.7304 40.6126
272.7363 40.6089
272.7423 40.6052
272.7482 40.6015
272.7542 40.5978
272.7601 40.5941
272.7660 40.5904
272.7720 40.5867
272.7779 40.5830
272.7838 40.5793
272.7898 40.5756
272.7957 40.5719
272.8017 40.5682
272.8076 40.5645
272.8135 40.5608
272.8195 40.5571
272.8254 40.5534
272.8313 40.5497
272.8373 40.5460
272.8432 40.5423
272.8492 40.5385
272.8551 40.5348
272.8610 40.5311
272.8670 40.5274
272.8729 40.5237
272.8789 40.5200
272.8848 40.5163
272.8907 40.5126
272.8967 40.5089
272.9026 40.5051
272.9086 40.5014
272.9145 40.4977
272.9204 40.4940
272.9264 40.4903
272.9323 40.4866
272.9382 40.4828
272.9442 40.4791
272.9501 40.4754
272.9561 40.4717
272.9620 40.4680
272.9679 40.4642
272.9739 40.4605
272.9798 40.4568
272.9858 40.4531
272.9917 40.4493
272.9976 40.4456
273.0036 40.4419
273.0095 40.4381
273.0155 40.4344
273.0214 40.4307
273.0273 40.4270
273.0333 40.4232
273.0392 40.4195
273.0452 40.4158
273.0511 40.4120
273.0570 40.4083
273.0630 40.4046
273.0689 40.4008
273.0749 40.3971
273.0808 40.3933
273.0867 40.3896
273.0927 40.3859
273.0986 40.3821
273.1046 40.3784
273.1105 40.3747
273.1164 40.3709
273.1224 40.3672
273.1283 40.3634
273.1343 40.3597
273.1402 40.3559
273.1462 40.3522
273.1521 40.3484
273.1580 40.3447
273.1640 40.3410
273.1699 40.3372
273.1759 40.3335
273.1818 40.3297
273.1877 40.3260
273.1937 40.3222
273.1996 40.3185
273.2056 40.3147
273.2115 40.3110
273.2174 40.3072
273.2234 40.3034
273.2293 40.2997
273.2353 40.2959
273.2412 40.2922
273.2472 40.2884
273.2531 40.2847
273.2590 40.2809
273.2650 40.2771
273.2709 40.2734
273.2769 40.2696
273.2828 40.2659
273.2888 40.2621
273.2947 40.2583
273.3006 40.2546
273.3066 40.2508
273.3125 40.2470
273.3185 40.2433
273.3244 40.2395
273.3304 40.2357
273.3363 40.2320
273.3422 40.2282
273.3482 40.2244
273.3541 40.2207
273.3601 40.2169
273.3660 40.2131
273.3719 40.2093
273.3779 40.2056
273.3838 40.2018
273.3898 40.1980
273.3957 40.1942
273.4017 40.1905
273.4076 40.1867
273.4136 40.1829
273.4195 40.1791
273.4254 40.1754
273.4314 40.1716
273.4373 40.1678
273.4433 40.1640
273.4492 40.1602
273.4552 40.1564
273.4611 40.1527
273.4670 40.1489
273.4730 40.1451
273.4789 40.1413
273.4849 40.1375
273.4908 40.1337
273.4968 40.1299
273.5027 40.1262
273.5087 40.1224
273.5146 40.1186
273.5205 40.1148
273.5265 40.1110
273.5324 40.1072
273.5384 40.1034
273.5443 40.0996
273.5503 40.0958
273.5562 40.0920
273.5622 40.0882
273.5681 40.0844
273.5740 40.0806
273.5800 40.0768
273.5859 40.0730
273.5919 40.0692
273.5978 40.0654
273.6038 40.0616
273.6097 40.0578
273.6157 40.0540
273.6216 40.0502
273.6276 40.0464
273.6335 40.0426
273.6394 40.0388
273.6454 40.0350
273.6513 40.0312
273.6573 40.0274
273.6632 40.0236
273.6692 40.0198
273.6751 40.0160
273.6811 40.0122
273.6870 40.0083
273.6930 40.0045
273.6989 40.0007
273.7049 39.9969
273.7108 39.9931
273.7167 39.9893
273.7227 39.9855
273.7286 39.9816
273.7346 39.9778
273.7405 39.9740
273.7465 39.9702
273.7524 39.9664
273.7584 39.9625
273.7643 39.9587
273.7703 39.9549
273.7762 39.9511
273.7822 39.9473
273.7881 39.9434
273.7941 39.9396
273.8000 39.9358
273.8060 39.9320
273.8119 39.9281
273.8179 39.9243
273.8238 39.9205
273.8298 39.9167
273.8357 39.9128
273.8416 39.9090
273.8476 39.9052
273.8535 39.9013
273.8595 39.8975
273.8654 39.8937
273.8714 39.8898
273.8773 39.8860
273.8833 39.8822
273.8892 39.8783
273.8952 39.8745
273.9011 39.8706
273.9071 39.8668
273.9130 39.8630
273.9190 39.8591
273.9249 39.8553
273.9309 39.8514
273.9368 39.8476
273.9428 39.8438
273.9487 39.8399
273.9547 39.8361
273.9606 39.8322
273.9666 39.8284
273.9725 39.8245
273.9785 39.8207
273.9844 39.8168
273.9904 39.8130
273.9963 39.8091
274.0023 39.8053
274.0082 39.8014
274.0142 39.7976
274.0201 39.7937
274.0261 39.7899
274.0320 39.7860
274.0380 39.7822
274.0439 39.7783
274.0499 39.7745
274.0558 39.7706
274.0618 39.7668
274.0677 39.7629
274.0737 39.7590
274.0796 39.7552
274.0856 39.7513
274.0915 39.7475
274.0975 39.7436
274.1034 39.7397
274.1094 39.7359
274.1153 39.7320
274.1213 39.7281
274.1272 39.7243
274.1332 39.7204
274.1391 39.7165
274.1451 39.7127
274.1510 39.7088
274.1570 39.7049
274.1630 39.7011
274.1689 39.6972
274.1749 39.6933
274.1808 39.6895
274.1868 39.6856
274.1927 39.6817
274.1987 39.6778
274.2046 39.6740
274.2106 39.6701
274.2165 39.6662
274.2225 39.6623
274.2284 39.6585
274.2344 39.6546
274.2403 39.6507
274.2463 39.6468
274.2522 39.6429
274.2582 39.6391
274.2641 39.6352
274.2701 39.6313
274.2760 39.6274
274.2820 39.6235
274.2880 39.6196
274.2939 39.6158
274.2999 39.6119
274.3058 39.6080
274.3118 39.6041
274.3177 39.6002
274.3237 39.5963
274.3296 39.5924
274.3356 39.5885
274.3415 39.5847
274.3475 39.5808
274.3534 39.5769
274.3594 39.5730
274.3654 39.5691
274.3713 39.5652
274.3773 39.5613
274.3832 39.5574
274.3892 39.5535
274.3951 39.5496
274.4011 39.5457
274.4070 39.5418
274.4130 39.5379
274.4189 39.5340
274.4249 39.5301
274.4309 39.5262
274.4368 39.5223
274.4428 39.5184
274.4487 39.5145
274.4547 39.5106
274.4606 39.5067
274.4666 39.5028
274.4725 39.4989
274.4785 39.4950
274.4844 39.4911
274.4904 39.4872
274.4964 39.4832
274.5023 39.4793
274.5083 39.4754
274.5142 39.4715
274.5202 39.4676
274.5261 39.4637
274.5321 39.4598
274.5380 39.4559
274.5440 39.4519
274.5500 39.4480
274.5559 39.4441
274.5619 39.4402
274.5678 39.4363
274.5738 39.4324
274.5797 39.4284
274.5857 39.4245
274.5917 39.4206
274.5976 39.4167
274.6036 39.4128
274.6095 39.4088
274.6155 39.4049
274.6214 39.4010
274.6274 39.3971
274.6333 39.3931
274.6393 39.3892
274.6453 39.3853
274.6512 39.3814
274.6572 39.3774
274.6631 39.3735
274.6691 39.3696
274.6750 39.3656
274.6810 39.3617
274.6870 39.3578
274.6929 39.3538
274.6989 39.3499
274.7048 39.3460
274.7108 39.3420
274.7167 39.3381
274.7227 39.3342
274.7287 39.3302
274.7346 39.3263
274.7406 39.3224
274.7465 39.3184
274.7525 39.3145
274.7585 39.3105
274.7644 39.3066
274.7704 39.3027
274.7763 39.2987
274.7823 39.2948
274.7882 39.2908
274.7942 39.2869
274.8002 39.2829
274.8061 39.2790
274.8121 39.2750
274.8180 39.2711
274.8240 39.2671
274.8300 39.2632
274.8359 39.2592
274.8419 39.2553
274.8478 39.2513
274.8538 39.2474
274.8597 39.2434
274.8657 39.2395
274.8717 39.2355
274.8776 39.2316
274.8836 39.2276
274.8895 39.2237
274.8955 39.2197
274.9015 39.2158
274.9074 39.2118
274.9134 39.2078
274.9193 39.2039
274.9253 39.1999
274.9313 39.1960
274.9372 39.1920
274.9432 39.1880
274.9491 39.1841
274.9551 39.1801
274.9611 39.1761
274.9670 39.1722
274.9730 39.1682
274.9789 39.1642
274.9849 39.1603
274.9909 39.1563
274.9968 39.1523
275.0028 39.1484
275.0087 39.1444
275.0147 39.1404
275.0207 39.1365
275.0266 39.1325
275.0326 39.1285
275.0386 39.1245
275.0445 39.1206
275.0505 39.1166
275.0564 39.1126
275.0624 39.1086
275.0684 39.1047
275.0743 39.1007
275.0803 39.0967
275.0862 39.0927
275.0922 39.0887
275.0982 39.0848
275.1041 39.0808
275.1101 39.0768
275.1161 39.0728
275.1220 39.0688
275.1280 39.0649
275.1339 39.0609
275.1399 39.0569
275.1459 39.0529
275.1518 39.0489
275.1578 39.0449
275.1638 39.0409
275.1697 39.0369
275.1757 39.0330
275.1817 39.0290
275.1876 39.0250
275.1936 39.0210
275.1995 39.0170
275.2055 39.0130
275.2115 39.0090
275.2174 39.0050
275.2234 39.0010
275.2294 38.9970
275.2353 38.9930
275.2413 38.9890
275.2473 38.9850
275.2532 38.9810
275.2592 38.9770
275.2651 38.9730
275.2711 38.9690
275.2771 38.9650
275.2830 38.9610
275.2890 38.9570
275.2950 38.9530
275.3009 38.9490
275.3069 38.9450
275.3129 38.9410
275.3188 38.9370
275.3248 38.9330
275.3308 38.9290
275.3367 38.9250
275.3427 38.9210
275.3487 38.9169
275.3546 38.9129
275.3606 38.9089
275.3666 38.9049
275.3725 38.9009
275.3785 38.8969
275.3845 38.8929
275.3904 38.8889
275.3964 38.8848
275.4023 38.8808
275.4083 38.8768
275.4143 38.8728
275.4202 38.8688
275.4262 38.8647
275.4322 38.8607
275.4381 38.8567
275.4441 38.8527
275.4501 38.8487
275.4560 38.8446
275.4620 38.8406
275.4680 38.8366
275.4739 38.8326
275.4799 38.8285
275.4859 38.8245
275.4919 38.8205
275.4978 38.8165
275.5038 38.8124
275.5098 38.8084
275.5157 38.8044
275.5217 38.8003
275.5277 38.7963
275.5336 38.7923
275.5396 38.7882
275.5456 38.7842
275.5515 38.7802
275.5575 38.7761
275.5635 38.7721
275.5694 38.7681
275.5754 38.7640
275.5814 38.7600
275.5873 38.7560
275.5933 38.7519
275.5993 38.7479
275.6052 38.7438
275.6112 38.7398
275.6172 38.7358
275.6231 38.7317
275.6291 38.7277
275.6351 38.7236
275.6411 38.7196
275.6470 38.7155
275.6530 38.7115
275.6590 38.7075
275.6649 38.7034
275.6709 38.6994
275.6769 38.6953
275.6828 38.6913
275.6888 38.6872
275.6948 38.6832
275.7008 38.6791
275.7067 38.6751
275.7127 38.6710
275.7187 38.6670
275.7246 38.6629
275.7306 38.6588
275.7366 38.6548
275.7425 38.6507
275.7485 38.6467
275.7545 38.6426
275.7605 38.6386
275.7664 38.6345
275.7724 38.6304
275.7784 38.6264
275.7843 38.6223
275.7903 38.6183
275.7963 38.6142
275.8023 38.6101
275.8082 38.6061
275.8142 38.6020
275.8202 38.5979
275.8261 38.5939
275.8321 38.5898
275.8381 38.5857
275.8441 38.5817
275.8500 38.5776
275.8560 38.5735
275.8620 38.5695
275.8679 38.5654
275.8739 38.5613
275.8799 38.5573
275.8859 38.5532
275.8918 38.5491
275.8978 38.5450
275.9038 38.5410
275.9097 38.5369
275.9157 38.5328
275.9217 38.5287
275.9277 38.5247
275.9336 38.5206
275.9396 38.5165
275.9456 38.5124
275.9516 38.5083
275.9575 38.5043
275.9635 38.5002
275.9695 38.4961
275.9754 38.4920
275.9814 38.4879
275.9874 38.4838
275.9934 38.4798
275.9993 38.4757
276.0053 38.4716
276.0113 38.4675
276.0173 38.4634
276.0232 38.4593
276.0292 38.4552
276.0352 38.4511
276.0412 38.4471
276.0471 38.4430
276.0531 38.4389
276.0591 38.4348
276.0651 38.4307
276.0710 38.4266
276.0770 38.4225
276.0830 38.4184
276.0890 38.4143
276.0949 38.4102
276.1009 38.4061
276.1069 38.4020
276.1129 38.3979
276.1188 38.3938
276.1248 38.3897
276.1308 38.3856
276.1368 38.3815
276.1427 38.3774
276.1487 38.3733
276.1547 38.3692
276.1607 38.3651
276.1666 38.3610
276.1726 38.3569
276.1786 38.3528
276.1846 38.3487
276.1905 38.3446
276.1965 38.3405
276.2025 38.3364
276.2085 38.3323
276.2144 38.3281
276.2204 38.3240
276.2264 38.3199
276.2324 38.3158
276.2383 38.3117
276.2443 38.3076
276.2503 38.3035
276.2563 38.2994
276.2622 38.2952
276.2682 38.2911
276.2742 38.2870
276.2802 38.2829
276.2862 38.2788
276.2921 38.2747
276.2981 38.2705
276.3041 38.2664
276.3101 38.2623
276.3160 38.2582
276.3220 38.2541
276.3280 38.2499
276.3340 38.2458
276.3400 38.2417
276.3459 38.2376
276.3519 38.2334
276.3579 38.2293
276.3639 38.2252
276.3698 38.2211
276.3758 38.2169
276.3818 38.2128
276.3878 38.2087
276.3938 38.2045
276.3997 38.2004
276.4057 38.1963
276.4117 38.1921
276.4177 38.1880
276.4236 38.1839
276.4296 38.1797
276.4356 38.1756
276.4416 38.1715
276.4476 38.1673
276.4535 38.1632
276.4595 38.1591
276.4655 38.1549
276.4715 38.1508
276.4775 38.1466
276.4834 38.1425
276.4894 38.1384
276.4954 38.1342
276.5014 38.1301
276.5074 38.1259
276.5133 38.1218
276.5193 38.1176
276.5253 38.1135
276.5313 38.1094
276.5373 38.1052
276.5432 38.1011
276.5492 38.0969
276.5552 38.0928
276.5612 38.0886
276.5672 38.0845
276.5732 38.0803
276.5791 38.0762
276.5851 38.0720
276.5911 38.0679
276.5971 38.0637
276.6031 38.0595
276.6090 38.0554
276.6150 38.0512
276.6210 38.0471
276.6270 38.0429
276.6330 38.0388
276.6390 38.0346
276.6449 38.0304
276.6509 38.0263
276.6569 38.0221
276.6629 38.0180
276.6689 38.0138
276.6748 38.0096
276.6808 38.0055
276.6868 38.0013
276.6928 37.9972
276.6988 37.9930
276.7048 37.9888
276.7107 37.9847
276.7167 37.9805
276.7227 37.9763
276.7287 37.9722
276.7347 37.9680
276.7407 37.9638
276.7466 37.9596
276.7526 37.9555
276.7586 37.9513
276.7646 37.9471
276.7706 37.9430
276.7766 37.9388
276.7825 37.9346
276.7885 37.9304
276.7945 37.9263
276.8005 37.9221
276.8065 37.9179
276.8125 37.9137
276.8185 37.9095
276.8244 37.9054
276.8304 37.9012
276.8364 37.8970
276.8424 37.8928
276.8484 37.8886
276.8544 37.8845
276.8604 37.8803
276.8663 37.8761
276.8723 37.8719
276.8783 37.8677
276.8843 37.8635
276.8903 37.8594
276.8963 37.8552
276.9023 37.8510
276.9082 37.8468
276.9142 37.8426
276.9202 37.8384
276.9262 37.8342
276.9322 37.8300
276.9382 37.8258
276.9442 37.8216
276.9501 37.8175
276.9561 37.8133
276.9621 37.8091
276.9681 37.8049
276.9741 37.8007
276.9801 37.7965
276.9861 37.7923
276.9921 37.7881
276.9980 37.7839
277.0040 37.7797
277.0100 37.7755
277.0160 37.7713
277.0220 37.7671
277.0280 37.7629
277.0340 37.7587
277.0400 37.7545
277.0459 37.7503
277.0519 37.7461
277.0579 37.7419
277.0639 37.7377
277.0699 37.7334
277.0759 37.7292
277.0819 37.7250
277.0879 37.7208
277.0939 37.7166
277.0998 37.7124
277.1058 37.7082
277.1118 37.7040
277.1178 37.6998
277.1238 37.6956
277.1298 37.6913
277.1358 37.6871
277.1418 37.6829
277.1478 37.6787
277.1537 37.6745
277.1597 37.6703
277.1657 37.6661
277.1717 37.6618
277.1777 37.6576
277.1837 37.6534
277.1897 37.6492
277.1957 37.6450
277.2017 37.6407
277.2077 37.6365
277.2136 37.6323
277.2196 37.6281
277.2256 37.6238
277.2316 37.6196
277.2376 37.6154
277.2436 37.6112
277.2496 37.6069
277.2556 37.6027
277.2616 37.5985
277.2676 37.5943
277.2736 37.5900
277.2795 37.5858
277.2855 37.5816
277.2915 37.5773
277.2975 37.5731
277.3035 37.5689
277.3095 37.5646
277.3155 37.5604
277.3215 37.5562
277.3275 37.5519
277.3335 37.5477
277.3395 37.5435
277.3455 37.5392
277.3515 37.5350
277.3574 37.5308
277.3634 37.5265
277.3694 37.5223
277.3754 37.5180
277.3814 37.5138
277.3874 37.5096
277.3934 37.5053
277.3994 37.5011
277.4054 37.4968
277.4114 37.4926
277.4174 37.4883
277.4234 37.4841
277.4294 37.4799
277.4354 37.4756
277.4414 37.4714
277.4473 37.4671
277.4533 37.4629
277.4593 37.4586
277.4653 37.4544
277.4713 37.4501
277.4773 37.4459
277.4833 37.4416
277.4893 37.4374
277.4953 37.4331
277.5013 37.4288
277.5073 37.4246
277.5133 37.4203
277.5193 37.4161
277.5253 37.4118
277.5313 37.4076
277.5373 37.4033
277.5433 37.3991
277.5493 37.3948
277.5552 37.3905
277.5612 37.3863
277.5672 37.3820
277.5732 37.3778
277.5792 37.3735
277.5852 37.3692
277.5912 37.3650
277.5972 37.3607
277.6032 37.3564
277.6092 37.3522
277.6152 37.3479
277.6212 37.3436
277.6272 37.3394
277.6332 37.3351
277.6392 37.3308
277.6452 37.3266
277.6512 37.3223
277.6572 37.3180
277.6632 37.3138
277.6692 37.3095
277.6752 37.3052
277.6812 37.3009
277.6872 37.2967
277.6932 37.2924
277.6992 37.2881
277.7052 37.2838
277.7112 37.2796
277.7172 37.2753
277.7231 37.2710
277.7291 37.2667
277.7351 37.2624
277.7411 37.2582
277.7471 37.2539
277.7531 37.2496
277.7591 37.2453
277.7651 37.2410
277.7711 37.2368
277.7771 37.2325
277.7831 37.2282
277.7891 37.2239
277.7951 37.2196
277.8011 37.2153
277.8071 37.2110
277.8131 37.2068
277.8191 37.2025
277.8251 37.1982
277.8311 37.1939
277.8371 37.1896
277.8431 37.1853
277.8491 37.1810
277.8551 37.1767
277.8611 37.1724
277.8671 37.1681
277.8731 37.1638
277.8791 37.1595
277.8851 37.1553
277.8911 37.1510
277.8971 37.1467
277.9031 37.1424
277.9091 37.1381
277.9151 37.1338
277.9211 37.1295
277.9271 37.1252
277.9331 37.1209
277.9391 37.1166
277.9451 37.1123
277.9511 37.1080
277.9571 37.1037
277.9631 37.0994
277.9691 37.0950
277.9751 37.0907
277.9811 37.0864
277.9871 37.0821
277.9931 37.0778
277.9991 37.0735
278.0051 37.0692
278.0112 37.0649
278.0172 37.0606
278.0232 37.0563
278.0292 37.0520
278.0352 37.0477
278.0412 37.0433
278.0472 37.0390
278.0532 37.0347
278.0592 37.0304
278.0652 37.0261
278.0712 37.0218
278.0772 37.0175
278.0832 37.0131
278.0892 37.0088
278.0952 37.0045
278.1012 37.0002
278.1072 36.9959
278.1132 36.9915
278.1192 36.9872
278.1252 36.9829
278.1312 36.9786
278.1372 36.9743
278.1432 36.9699
278.1492 36.9656
278.1552 36.9613
278.1612 36.9570
278.1673 36.9526
278.1733 36.9483
278.1793 36.9440
278.1853 36.9396
278.1913 36.9353
278.1973 36.9310
278.2033 36.9267
278.2093 36.9223
278.2153 36.9180
278.2213 36.9137
278.2273 36.9093
278.2333 36.9050
278.2393 36.9007
278.2453 36.8963
278.2513 36.8920
278.2573 36.8877
278.2633 36.8833
278.2694 36.8790
278.2754 36.8746
278.2814 36.8703
278.2874 36.8660
278.2934 36.8616
278.2994 36.8573
278.3054 36.8530
278.3114 36.8486
278.3174 36.8443
278.3234 36.8399
278.3294 36.8356
278.3354 36.8312
278.3414 36.8269
278.3475 36.8225
278.3535 36.8182
278.3595 36.8139
278.3655 36.8095
278.3715 36.8052
278.3775 36.8008
278.3835 36.7965
278.3895 36.7921
278.3955 36.7878
278.4015 36.7834
278.4075 36.7791
278.4135 36.7747
278.4196 36.7704
278.4256 36.7660
278.4316 36.7616
278.4376 36.7573
278.4436 36.7529
278.4496 36.7486
278.4556 36.7442
278.4616 36.7399
278.4676 36.7355
278.4736 36.7311
278.4797 36.7268
278.4857 36.7224
278.4917 36.7181
278.4977 36.7137
278.5037 36.7093
278.5097 36.7050
278.5157 36.7006
278.5217 36.6963
278.5277 36.6919
278.5338 36.6875
278.5398 36.6832
278.5458 36.6788
278.5518 36.6744
278.5578 36.6701
278.5638 36.6657
278.5698 36.6613
278.5758 36.6570
278.5818 36.6526
278.5879 36.6482
278.5939 36.6438
278.5999 36.6395
278.6059 36.6351
278.6119 36.6307
278.6179 36.6263
278.6239 36.6220
278.6299 36.6176
278.6360 36.6132
278.6420 36.6088
278.6480 36.6045
278.6540 36.6001
278.6600 36.5957
278.6660 36.5913
278.6720 36.5870
278.6781 36.5826
278.6841 36.5782
278.6901 36.5738
278.6961 36.5694
278.7021 36.5650
278.7081 36.5607
278.7141 36.5563
278.7202 36.5519
278.7262 36.5475
278.7322 36.5431
278.7382 36.5387
278.7442 36.5343
278.7502 36.5300
278.7562 36.5256
278.7623 36.5212
278.7683 36.5168
278.7743 36.5124
278.7803 36.5080
278.7863 36.5036
278.7923 36.4992
278.7983 36.4948
278.8044 36.4904
278.8104 36.4860
278.8164 36.4817
278.8224 36.4773
278.8284 36.4729
278.8344 36.4685
278.8405 36.4641
278.8465 36.4597
278.8525 36.4553
278.8585 36.4509
278.8645 36.4465
278.8705 36.4421
278.8766 36.4377
278.8826 36.4333
278.8886 36.4289
278.8946 36.4245
278.9006 36.4201
278.9066 36.4157
278.9127 36.4113
278.9187 36.4068
278.9247 36.4024
278.9307 36.3980
278.9367 36.3936
278.9427 36.3892
278.9488 36.3848
278.9548 36.3804
278.9608 36.3760
278.9668 36.3716
278.9728 36.3672
278.9789 36.3628
278.9849 36.3583
278.9909 36.3539
278.9969 36.3495
279.0029 36.3451
279.0089 36.3407
279.0150 36.3363
279.0210 36.3319
279.0270 36.3274
279.0330 36.3230
279.0390 36.3186
279.0451 36.3142
279.0511 36.3098
279.0571 36.3054
279.0631 36.3009
279.0691 36.2965
279.0752 36.2921
279.0812 36.2877
279.0872 36.2832
279.0932 36.2788
279.0992 36.2744
279.1053 36.2700
279.1113 36.2656
279.1173 36.2611
279.1233 36.2567
279.1293 36.2523
279.1354 36.2478
279.1414 36.2434
279.1474 36.2390
279.1534 36.2346
279.1595 36.2301
279.1655 36.2257
279.1715 36.2213
279.1775 36.2168
279.1835 36.2124
279.1896 36.2080
279.1956 36.2035
279.2016 36.1991
279.2076 36.1947
279.2137 36.1902
279.2197 36.1858
279.2257 36.1814
279.2317 36.1769
279.2377 36.1725
279.2438 36.1680
279.2498 36.1636
279.2558 36.1592
279.2618 36.1547
279.2679 36.1503
279.2739 36.1458
279.2799 36.1414
279.2859 36.1370
279.2920 36.1325
279.2980 36.1281
279.3040 36.1236
279.3100 36.1192
279.3160 36.1147
279.3221 36.1103
279.3281 36.1058
279.3341 36.1014
279.3401 36.0969
279.3462 36.0925
279.3522 36.0880
279.3582 36.0836
279.3642 36.0791
279.3703 36.0747
279.3763 36.0702
279.3823 36.0658
279.3883 36.0613
279.3944 36.0569
279.4004 36.0524
279.4064 36.0480
279.4125 36.0435
279.4185 36.0390
279.4245 36.0346
279.4305 36.0301
279.4366 36.0257
279.4426 36.0212
279.4486 36.0168
279.4546 36.0123
279.4607 36.0078
279.4667 36.0034
279.4727 35.9989
279.4787 35.9944
279.4848 35.9900
279.4908 35.9855
279.4968 35.9811
279.5029 35.9766
279.5089 35.9721
279.5149 35.9677
279.5209 35.9632
279.5270 35.9587
279.5330 35.9542
279.5390 35.9498
279.5451 35.9453
279.5511 35.9408
279.5571 35.9364
279.5631 35.9319
279.5692 35.9274
279.5752 35.9230
279.5812 35.9185
279.5873 35.9140
279.5933 35.9095
279.5993 35.9051
279.6054 35.9006
279.6114 35.8961
279.6174 35.8916
279.6234 35.8871
279.6295 35.8827
279.6355 35.8782
279.6415 35.8737
279.6476 35.8692
279.6536 35.8647
279.6596 35.8603
279.6657 35.8558
279.6717 35.8513
279.6777 35.8468
279.6838 35.8423
279.6898 35.8378
279.6958 35.8334
279.7018 35.8289
279.7079 35.8244
279.7139 35.8199
279.7199 35.8154
279.7260 35.8109
279.7320 35.8064
279.7380 35.8020
279.7441 35.7975
279.7501 35.7930
279.7561 35.7885
279.7622 35.7840
279.7682 35.7795
279.7742 35.7750
279.7803 35.7705
279.7863 35.7660
279.7923 35.7615
279.7984 35.7570
279.8044 35.7525
279.8104 35.7480
279.8165 35.7435
279.8225 35.7390
279.8285 35.7345
279.8346 35.7300
279.8406 35.7255
279.8466 35.7210
279.8527 35.7165
279.8587 35.7120
279.8647 35.7075
279.8708 35.7030
279.8768 35.6985
279.8829 35.6940
279.8889 35.6895
279.8949 35.6850
279.9010 35.6805
279.9070 35.6760
279.9130 35.6715
279.9191 35.6670
279.9251 35.6625
279.9311 35.6580
279.9372 35.6535
279.9432 35.6489
279.9492 35.6444
279.9553 35.6399
279.9613 35.6354
279.9674 35.6309
279.9734 35.6264
279.9794 35.6219
279.9855 35.6174
279.9915 35.6128
279.9975 35.6083
280.0036 35.6038
280.0096 35.5993
280.0157 35.5948
280.0217 35.5903
280.0277 35.5857
280.0338 35.5812
280.0398 35.5767
280.0458 35.5722
280.0519 35.5677
280.0579 35.5631
280.0640 35.5586
280.0700 35.5541
280.0760 35.5496
280.0821 35.5450
280.0881 35.5405
280.0942 35.5360
280.1002 35.5315
280.1062 35.5269
280.1123 35.5224
280.1183 35.5179
280.1244 35.5134
280.1304 35.5088
280.1364 35.5043
280.1425 35.4998
280.1485 35.4952
280.1546 35.4907
280.1606 35.4862
280.1666 35.4816
280.1727 35.4771
280.1787 35.4726
280.1848 35.4680
280.1908 35.4635
280.1968 35.4590
280.2029 35.4544
280.2089 35.4499
280.2150 35.4454
280.2210 35.4408
280.2270 35.4363
280.2331 35.4318
280.2391 35.4272
280.2452 35.4227
280.2512 35.4181
280.2573 35.4136
280.2633 35.4091
280.2693 35.4045
280.2754 35.4000
280.2814 35.3954
280.2875 35.3909
280.2935 35.3863
280.2996 35.3818
280.3056 35.3772
280.3116 35.3727
280.3177 35.3681
280.3237 35.3636
280.3298 35.3591
280.3358 35.3545
280.3419 35.3500
280.3479 35.3454
280.3539 35.3409
280.3600 35.3363
280.3660 35.3318
280.3721 35.3272
280.3781 35.3226
280.3842 35.3181
280.3902 35.3135
280.3963 35.3090
280.4023 35.3044
280.4083 35.2999
280.4144 35.2953
280.4204 35.2908
280.4265 35.2862
280.4325 35.2816
280.4386 35.2771
280.4446 35.2725
280.4507 35.2680
280.4567 35.2634
280.4628 35.2588
280.4688 35.2543
280.4749 35.2497
280.4809 35.2452
280.4869 35.2406
280.4930 35.2360
280.4990 35.2315
280.5051 35.2269
280.5111 35.2223
280.5172 35.2178
280.5232 35.2132
280.5293 35.2086
280.5353 35.2041
280.5414 35.1995
280.5474 35.1949
280.5535 35.1904
280.5595 35.1858
280.5656 35.1812
280.5716 35.1766
280.5777 35.1721
280.5837 35.1675
280.5897 35.1629
280.5958 35.1583
280.6018 35.1538
280.6079 35.1492
280.6139 35.1446
280.6200 35.1400
280.6260 35.1355
280.6321 35.1309
280.6381 35.1263
280.6442 35.1217
280.6502 35.1172
280.6563 35.1126
280.6623 35.1080
280.6684 35.1034
280.6744 35.0988
280.6805 35.0942
280.6865 35.0897
280.6926 35.0851
280.6986 35.0805
280.7047 35.0759
280.7107 35.0713
280.7168 35.0667
280.7228 35.0622
280.7289 35.0576
280.7350 35.0530
280.7410 35.0484
280.7471 35.0438
280.7531 35.0392
280.7592 35.0346
280.7652 35.0300
280.7713 35.0254
280.7773 35.0208
280.7834 35.0163
280.7894 35.0117
280.7955 35.0071
280.8015 35.0025
280.8076 34.9979
280.8136 34.9933
280.8197 34.9887
280.8257 34.9841
280.8318 34.9795
280.8378 34.9749
280.8439 34.9703
280.8500 34.9657
280.8560 34.9611
280.8621 34.9565
280.8681 34.9519
280.8742 34.9473
280.8802 34.9427
280.8863 34.9381
280.8923 34.9335
280.8984 34.9289
280.9044 34.9243
280.9105 34.9197
280.9166 34.9151
280.9226 34.9105
280.9287 34.9059
280.9347 34.9012
280.9408 34.8966
280.9468 34.8920
280.9529 34.8874
280.9589 34.8828
280.9650 34.8782
280.9711 34.8736
280.9771 34.8690
280.9832 34.8644
280.9892 34.8598
280.9953 34.8551
281.0013 34.8505
281.0074 34.8459
281.0135 34.8413
281.0195 34.8367
281.0256 34.8321
281.0316 34.8275
281.0377 34.8228
281.0438 34.8182
281.0498 34.8136
281.0559 34.8090
281.0619 34.8044
281.0680 34.7997
281.0740 34.7951
281.0801 34.7905
281.0862 34.7859
281.0922 34.7813
281.0983 34.7766
281.1043 34.7720
281.1104 34.7674
281.1165 34.7628
281.1225 34.7581
281.1286 34.7535
281.1346 34.7489
281.1407 34.7443
281.1468 34.7396
281.1528 34.7350
281.1589 34.7304
281.1649 34.7257
281.1710 34.7211
281.1771 34.7165
281.1831 34.7119
281.1892 34.7072
281.1953 34.7026
281.2013 34.6980
281.2074 34.6933
281.2134 34.6887
281.2195 34.6841
281.2256 34.6794
281.2316 34.6748
281.2377 34.6701
281.2438 34.6655
281.2498 34.6609
281.2559 34.6562
281.2619 34.6516
281.2680 34.6470
281.2741 34.6423
281.2801 34.6377
281.2862 34.6330
281.2923 34.6284
281.2983 34.6238
281.3044 34.6191
281.3104 34.6145
281.3165 34.6098
281.3226 34.6052
281.3286 34.6005
281.3347 34.5959
281.3408 34.5912
281.3468 34.5866
281.3529 34.5819
281.3590 34.5773
281.3650 34.5727
281.3711 34.5680
281.3772 34.5634
281.3832 34.5587
281.3893 34.5541
281.3954 34.5494
281.4014 34.5448
281.4075 34.5401
281.4136 34.5354
281.4196 34.5308
281.4257 34.5261
281.4318 34.5215
281.4378 34.5168
281.4439 34.5122
281.4500 34.5075
281.4560 34.5029
281.4621 34.4982
281.4682 34.4935
281.4742 34.4889
281.4803 34.4842
281.4864 34.4796
281.4924 34.4749
281.4985 34.4702
281.5046 34.4656
281.5106 34.4609
281.5167 34.4563
281.5228 34.4516
281.5288 34.4469
281.5349 34.4423
281.5410 34.4376
281.5470 34.4329
281.5531 34.4283
281.5592 34.4236
281.5653 34.4189
281.5713 34.4143
281.5774 34.4096
281.5835 34.4049
281.5895 34.4003
281.5956 34.3956
281.6017 34.3909
281.6077 34.3863
281.6138 34.3816
281.6199 34.3769
281.6260 34.3722
281.6320 34.3676
281.6381 34.3629
281.6442 34.3582
281.6502 34.3535
281.6563 34.3489
281.6624 34.3442
281.6685 34.3395
281.6745 34.3348
281.6806 34.3302
281.6867 34.3255
281.6927 34.3208
281.6988 34.3161
281.7049 34.3114
281.7110 34.3068
281.7170 34.3021
281.7231 34.2974
281.7292 34.2927
281.7353 34.2880
281.7413 34.2834
281.7474 34.2787
281.7535 34.2740
281.7596 34.2693
281.7656 34.2646
281.7717 34.2599
281.7778 34.2552
281.7838 34.2506
281.7899 34.2459
281.7960 34.2412
281.8021 34.2365
281.8081 34.2318
281.8142 34.2271
281.8203 34.2224
281.8264 34.2177
281.8324 34.2130
281.8385 34.2084
281.8446 34.2037
281.8507 34.1990
281.8567 34.1943
281.8628 34.1896
281.8689 34.1849
281.8750 34.1802
281.8811 34.1755
281.8871 34.1708
281.8932 34.1661
281.8993 34.1614
281.9054 34.1567
281.9114 34.1520
281.9175 34.1473
281.9236 34.1426
281.9297 34.1379
281.9357 34.1332
281.9418 34.1285
281.9479 34.1238
281.9540 34.1191
281.9601 34.1144
281.9661 34.1097
281.9722 34.1050
281.9783 34.1003
281.9844 34.0956
281.9904 34.0909
281.9965 34.0862
282.0026 34.0815
282.0087 34.0768
282.0148 34.0720
282.0208 34.0673
282.0269 34.0626
282.0330 34.0579
282.0391 34.0532
282.0452 34.0485
282.0512 34.0438
282.0573 34.0391
282.0634 34.0344
282.0695 34.0296
282.0756 34.0249
282.0816 34.0202
282.0877 34.0155
282.0938 34.0108
282.0999 34.0061
282.1060 34.0014
282.1121 33.9966
282.1181 33.9919
282.1242 33.9872
282.1303 33.9825
282.1364 33.9778
282.1425 33.9730
282.1485 33.9683
282.1546 33.9636
282.1607 33.9589
282.1668 33.9542
282.1729 33.9494
282.1790 33.9447
282.1850 33.9400
282.1911 33.9353
282.1972 33.9305
282.2033 33.9258
282.2094 33.9211
282.2155 33.9164
282.2215 33.9116
282.2276 33.9069
282.2337 33.9022
282.2398 33.8975
282.2459 33.8927
282.2520 33.8880
282.2581 33.8833
282.2641 33.8785
282.2702 33.8738
282.2763 33.8691
282.2824 33.8643
282.2885 33.8596
282.2946 33.8549
282.3007 33.8501
282.3067 33.8454
282.3128 33.8407
282.3189 33.8359
282.3250 33.8312
282.3311 33.8265
282.3372 33.8217
282.3433 33.8170
282.3493 33.8122
282.3554 33.8075
282.3615 33.8028
282.3676 33.7980
282.3737 33.7933
282.3798 33.7885
282.3859 33.7838
282.3920 33.7791
282.3981 33.7743
282.4041 33.7696
282.4102 33.7648
282.4163 33.7601
282.4224 33.7553
282.4285 33.7506
282.4346 33.7458
282.4407 33.7411
282.4468 33.7364
282.4529 33.7316
282.4589 33.7269
282.4650 33.7221
282.4711 33.7174
282.4772 33.7126
282.4833 33.7079
282.4894 33.7031
282.4955 33.6984
282.5016 33.6936
282.5077 33.6888
282.5138 33.6841
282.5199 33.6793
282.5259 33.6746
282.5320 33.6698
282.5381 33.6651
282.5442 33.6603
282.5503 33.6556
282.5564 33.6508
282.5625 33.6460
282.5686 33.6413
282.5747 33.6365
282.5808 33.6318
282.5869 33.6270
282.5930 33.6222
282.5991 33.6175
282.6052 33.6127
282.6112 33.6080
282.6173 33.6032
282.6234 33.5984
282.6295 33.5937
282.6356 33.5889
282.6417 33.5841
282.6478 33.5794
282.6539 33.5746
282.6600 33.5698
282.6661 33.5651
282.6722 33.5603
282.6783 33.5555
282.6844 33.5508
282.6905 33.5460
282.6966 33.5412
282.7027 33.5365
282.7088 33.5317
282.7149 33.5269
282.7210 33.5222
282.7271 33.5174
282.7332 33.5126
282.7393 33.5078
282.7454 33.5031
282.7514 33.4983
282.7575 33.4935
282.7636 33.4887
282.7697 33.4840
282.7758 33.4792
282.7819 33.4744
282.7880 33.4696
282.7941 33.4649
282.8002 33.4601
282.8063 33.4553
282.8124 33.4505
282.8185 33.4457
282.8246 33.4410
282.8307 33.4362
282.8368 33.4314
282.8429 33.4266
282.8490 33.4218
282.8551 33.4170
282.8612 33.4123
282.8673 33.4075
282.8734 33.4027
282.8795 33.3979
282.8856 33.3931
282.8917 33.3883
282.8978 33.3835
282.9039 33.3788
282.9100 33.3740
282.9161 33.3692
282.9222 33.3644
282.9283 33.3596
282.9344 33.3548
282.9405 33.3500
282.9466 33.3452
282.9527 33.3404
282.9588 33.3356
282.9649 33.3308
282.9711 33.3261
282.9772 33.3213
282.9833 33.3165
282.9894 33.3117
282.9955 33.3069
283.0016 33.3021
283.0077 33.2973
283.0138 33.2925
283.0199 33.2877
283.0260 33.2829
283.0321 33.2781
283.0382 33.2733
283.0443 33.2685
283.0504 33.2637
283.0565 33.2589
283.0626 33.2541
283.0687 33.2493
283.0748 33.2445
283.0809 33.2397
283.0870 33.2349
283.0931 33.2301
283.0992 33.2253
283.1054 33.2205
283.1115 33.2157
283.1176 33.2108
283.1237 33.2060
283.1298 33.2012
283.1359 33.1964
283.1420 33.1916
283.1481 33.1868
283.1542 33.1820
283.1603 33.1772
283.1664 33.1724
283.1725 33.1676
283.1786 33.1628
283.1847 33.1579
283.1909 33.1531
283.1970 33.1483
283.2031 33.1435
283.2092 33.1387
283.2153 33.1339
283.2214 33.1291
283.2275 33.1242
283.2336 33.1194
283.2397 33.1146
283.2458 33.1098
283.2519 33.1050
283.2581 33.1002
283.2642 33.0953
283.2703 33.0905
283.2764 33.0857
283.2825 33.0809
283.2886 33.0761
283.2947 33.0712
283.3008 33.0664
283.3069 33.0616
283.3130 33.0568
283.3192 33.0519
283.3253 33.0471
283.3314 33.0423
283.3375 33.0375
283.3436 33.0326
283.3497 33.0278
283.3558 33.0230
283.3619 33.0182
283.3681 33.0133
283.3742 33.0085
283.3803 33.0037
283.3864 32.9989
283.3925 32.9940
283.3986 32.9892
283.4047 32.9844
283.4108 32.9795
283.4170 32.9747
283.4231 32.9699
283.4292 32.9650
283.4353 32.9602
283.4414 32.9554
283.4475 32.9505
283.4536 32.9457
283.4598 32.9409
283.4659 32.9360
283.4720 32.9312
283.4781 32.9264
283.4842 32.9215
283.4903 32.9167
283.4965 32.9118
283.5026 32.9070
283.5087 32.9022
283.5148 32.8973
283.5209 32.8925
283.5270 32.8876
283.5331 32.8828
283.5393 32.8780
283.5454 32.8731
283.5515 32.8683
283.5576 32.8634
283.5637 32.8586
283.5699 32.8537
283.5760 32.8489
283.5821 32.8441
283.5882 32.8392
283.5943 32.8344
283.6004 32.8295
283.6066 32.8247
283.6127 32.8198
283.6188 32.8150
283.6249 32.8101
283.6310 32.8053
283.6372 32.8004
283.6433 32.7956
283.6494 32.7907
283.6555 32.7859
283.6616 32.7810
283.6678 32.7762
283.6739 32.7713
283.6800 32.7665
283.6861 32.7616
283.6922 32.7567
283.6984 32.7519
283.7045 32.7470
283.7106 32.7422
283.7167 32.7373
283.7229 32.7325
283.7290 32.7276
283.7351 32.7227
283.7412 32.7179
283.7473 32.7130
283.7535 32.7082
283.7596 32.7033
283.7657 32.6984
283.7718 32.6936
283.7780 32.6887
283.7841 32.6839
283.7902 32.6790
283.7963 32.6741
283.8025 32.6693
283.8086 32.6644
283.8147 32.6595
283.8208 32.6547
283.8270 32.6498
283.8331 32.6449
283.8392 32.6401
283.8453 32.6352
283.8515 32.6303
283.8576 32.6255
283.8637 32.6206
283.8698 32.6157
283.8760 32.6109
283.8821 32.6060
283.8882 32.6011
283.8943 32.5962
283.9005 32.5914
283.9066 32.5865
283.9127 32.5816
283.9189 32.5767
283.9250 32.5719
283.9311 32.5670
283.9372 32.5621
283.9434 32.5572
283.9495 32.5524
283.9556 32.5475
283.9617 32.5426
283.9679 32.5377
283.9740 32.5329
283.9801 32.5280
283.9863 32.5231
283.9924 32.5182
283.9985 32.5133
284.0047 32.5085
284.0108 32.5036
284.0169 32.4987
284.0230 32.4938
284.0292 32.4889
284.0353 32.4840
284.0414 32.4792
284.0476 32.4743
284.0537 32.4694
284.0598 32.4645
284.0660 32.4596
284.0721 32.4547
284.0782 32.4498
284.0844 32.4450
284.0905 32.4401
284.0966 32.4352
284.1028 32.4303
284.1089 32.4254
284.1150 32.4205
284.1212 32.4156
284.1273 32.4107
284.1334 32.4058
284.1396 32.4010
284.1457 32.3961
284.1518 32.3912
284.1580 32.3863
284.1641 32.3814
284.1702 32.3765
284.1764 32.3716
284.1825 32.3667
284.1886 32.3618
284.1948 32.3569
284.2009 32.3520
284.2070 32.3471
284.2132 32.3422
284.2193 32.3373
284.2254 32.3324
284.2316 32.3275
284.2377 32.3226
284.2439 32.3177
284.2500 32.3128
284.2561 32.3079
284.2623 32.3030
284.2684 32.2981
284.2745 32.2932
284.2807 32.2883
284.2868 32.2834
284.2930 32.2785
284.2991 32.2736
284.3052 32.2687
284.3114 32.2638
284.3175 32.2589
284.3237 32.2540
284.3298 32.2491
284.3359 32.2441
284.3421 32.2392
284.3482 32.2343
284.3543 32.2294
284.3605 32.2245
284.3666 32.2196
284.3728 32.2147
284.3789 32.2098
284.3850 32.2049
284.3912 32.1999
284.3973 32.1950
284.4035 32.1901
284.4096 32.1852
284.4158 32.1803
284.4219 32.1754
284.4280 32.1705
284.4342 32.1655
284.4403 32.1606
284.4465 32.1557
284.4526 32.1508
284.4588 32.1459
284.4649 32.1410
284.4710 32.1360
284.4772 32.1311
284.4833 32.1262
284.4895 32.1213
284.4956 32.1164
284.5018 32.1114
284.5079 32.1065
284.5140 32.1016
284.5202 32.0967
284.5263 32.0918
284.5325 32.0868
284.5386 32.0819
284.5448 32.0770
284.5509 32.0721
284.5571 32.0671
284.5632 32.0622
284.5693 32.0573
284.5755 32.0524
284.5816 32.0474
284.5878 32.0425
284.5939 32.0376
284.6001 32.0326
284.6062 32.0277
284.6124 32.0228
284.6185 32.0178
284.6247 32.0129
284.6308 32.0080
284.6370 32.0031
284.6431 31.9981
284.6493 31.9932
284.6554 31.9883
284.6616 31.9833
284.6677 31.9784
284.6739 31.9735
284.6800 31.9685
284.6862 31.9636
284.6923 31.9586
284.6985 31.9537
284.7046 31.9488
284.7108 31.9438
284.7169 31.9389
284.7231 31.9340
284.7292 31.9290
284.7354 31.9241
284.7415 31.9191
284.7477 31.9142
284.7538 31.9093
284.7600 31.9043
284.7661 31.8994
284.7723 31.8944
284.7784 31.8895
284.7846 31.8845
284.7907 31.8796
284.7969 31.8747
284.8030 31.8697
284.8092 31.8648
284.8153 31.8598
284.8215 31.8549
284.8276 31.8499
284.8338 31.8450
284.8399 31.8400
284.8461 31.8351
284.8522 31.8301
284.8584 31.8252
284.8646 31.8202
284.8707 31.8153
284.8769 31.8103
284.8830 31.8054
284.8892 31.8004
284.8953 31.7955
284.9015 31.7905
284.9076 31.7856
284.9138 31.7806
284.9199 31.7757
284.9261 31.7707
284.9323 31.7658
284.9384 31.7608
284.9446 31.7559
284.9507 31.7509
284.9569 31.7459
284.9630 31.7410
284.9692 31.7360
284.9754 31.7311
284.9815 31.7261
284.9877 31.7212
284.9938 31.7162
285.0000 31.7112
285.0061 31.7063
285.0123 31.7013
285.0185 31.6964
285.0246 31.6914
285.0308 31.6864
285.0369 31.6815
285.0431 31.6765
285.0493 31.6715
285.0554 31.6666
285.0616 31.6616
285.0677 31.6566
285.0739 31.6517
285.0801 31.6467
285.0862 31.6417
285.0924 31.6368
285.0985 31.6318
285.1047 31.6268
285.1109 31.6219
285.1170 31.6169
285.1232 31.6119
285.1294 31.6070
285.1355 31.6020
285.1417 31.5970
285.1478 31.5921
285.1540 31.5871
285.1602 31.5821
285.1663 31.5771
285.1725 31.5722
285.1787 31.5672
285.1848 31.5622
285.1910 31.5572
285.1972 31.5523
285.2033 31.5473
285.2095 31.5423
285.2157 31.5373
285.2218 31.5324
285.2280 31.5274
285.2341 31.5224
285.2403 31.5174
285.2465 31.5124
285.2526 31.5075
285.2588 31.5025
285.2650 31.4975
285.2711 31.4925
285.2773 31.4875
285.2835 31.4826
285.2896 31.4776
285.2958 31.4726
285.3020 31.4676
285.3082 31.4626
285.3143 31.4576
285.3205 31.4527
285.3267 31.4477
285.3328 31.4427
285.3390 31.4377
285.3452 31.4327
285.3513 31.4277
285.3575 31.4227
285.3637 31.4178
285.3698 31.4128
285.3760 31.4078
285.3822 31.4028
285.3884 31.3978
285.3945 31.3928
285.4007 31.3878
285.4069 31.3828
285.4130 31.3778
285.4192 31.3728
285.4254 31.3678
285.4316 31.3629
285.4377 31.3579
285.4439 31.3529
285.4501 31.3479
285.4562 31.3429
285.4624 31.3379
285.4686 31.3329
285.4748 31.3279
285.4809 31.3229
285.4871 31.3179
285.4933 31.3129
285.4995 31.3079
285.5056 31.3029
285.5118 31.2979
285.5180 31.2929
285.5242 31.2879
285.5303 31.2829
285.5365 31.2779
285.5427 31.2729
285.5489 31.2679
285.5550 31.2629
285.5612 31.2579
285.5674 31.2529
285.5736 31.2479
285.5797 31.2429
285.5859 31.2379
285.5921 31.2329
285.5983 31.2279
285.6044 31.2229
285.6106 31.2179
285.6168 31.2128
285.6230 31.2078
285.6292 31.2028
285.6353 31.1978
285.6415 31.1928
285.6477 31.1878
285.6539 31.1828
285.6600 31.1778
285.6662 31.1728
285.6724 31.1678
285.6786 31.1627
285.6848 31.1577
285.6909 31.1527
285.6971 31.1477
285.7033 31.1427
285.7095 31.1377
285.7157 31.1327
285.7219 31.1277
285.7280 31.1226
285.7342 31.1176
285.7404 31.1126
285.7466 31.1076
285.7528 31.1026
285.7589 31.0976
285.7651 31.0925
285.7713 31.0875
285.7775 31.0825
285.7837 31.0775
285.7899 31.0725
285.7960 31.0674
285.8022 31.0624
285.8084 31.0574
285.8146 31.0524
285.8208 31.0474
285.8270 31.0423
285.8331 31.0373
285.8393 31.0323
285.8455 31.0273
285.8517 31.0222
285.8579 31.0172
285.8641 31.0122
285.8703 31.0072
285.8764 31.0021
285.8826 30.9971
285.8888 30.9921
285.8950 30.9871
285.9012 30.9820
285.9074 30.9770
285.9136 30.9720
285.9198 30.9669
285.9259 30.9619
285.9321 30.9569
285.9383 30.9519
285.9445 30.9468
285.9507 30.9418
285.9569 30.9368
285.9631 30.9317
285.9693 30.9267
285.9754 30.9217
285.9816 30.9166
285.9878 30.9116
285.9940 30.9066
286.0002 30.9015
286.0064 30.8965
286.0126 30.8915
286.0188 30.8864
286.0250 30.8814
286.0312 30.8763
286.0374 30.8713
286.0435 30.8663
286.0497 30.8612
286.0559 30.8562
286.0621 30.8512
286.0683 30.8461
286.0745 30.8411
286.0807 30.8360
286.0869 30.8310
286.0931 30.8260
286.0993 30.8209
286.1055 30.8159
286.1117 30.8108
286.1179 30.8058
286.1241 30.8007
286.1302 30.7957
286.1364 30.7906
286.1426 30.7856
286.1488 30.7806
286.1550 30.7755
286.1612 30.7705
286.1674 30.7654
286.1736 30.7604
286.1798 30.7553
286.1860 30.7503
286.1922 30.7452
286.1984 30.7402
286.2046 30.7351
286.2108 30.7301
286.2170 30.7250
286.2232 30.7200
286.2294 30.7149
286.2356 30.7099
286.2418 30.7048
286.2480 30.6998
286.2542 30.6947
286.2604 30.6897
286.2666 30.6846
286.2728 30.6796
286.2790 30.6745
286.2852 30.6694
286.2914 30.6644
286.2976 30.6593
286.3038 30.6543
286.3100 30.6492
286.3162 30.6442
286.3224 30.6391
286.3286 30.6341
286.3348 30.6290
286.3410 30.6239
286.3472 30.6189
286.3534 30.6138
286.3596 30.6088
286.3658 30.6037
286.3720 30.5986
286.3782 30.5936
286.3844 30.5885
286.3906 30.5834
286.3968 30.5784
286.4030 30.5733
286.4092 30.5683
286.4154 30.5632
286.4216 30.5581
286.4278 30.5531
286.4340 30.5480
286.4402 30.5429
286.4464 30.5379
286.4526 30.5328
286.4588 30.5277
286.4650 30.5227
286.4712 30.5176
286.4774 30.5125
286.4837 30.5075
286.4899 30.5024
286.4961 30.4973
286.5023 30.4923
286.5085 30.4872
286.5147 30.4821
286.5209 30.4770
286.5271 30.4720
286.5333 30.4669
286.5395 30.4618
286.5457 30.4567
286.5519 30.4517
286.5581 30.4466
286.5643 30.4415
286.5706 30.4364
286.5768 30.4314
286.5830 30.4263
286.5892 30.4212
286.5954 30.4161
286.6016 30.4111
286.6078 30.4060
286.6140 30.4009
286.6202 30.3958
286.6264 30.3908
286.6327 30.3857
286.6389 30.3806
286.6451 30.3755
286.6513 30.3704
286.6575 30.3654
286.6637 30.3603
286.6699 30.3552
286.6761 30.3501
286.6824 30.3450
286.6886 30.3399
286.6948 30.3349
286.7010 30.3298
286.7072 30.3247
286.7134 30.3196
286.7196 30.3145
286.7259 30.3094
286.7321 30.3043
286.7383 30.2993
286.7445 30.2942
286.7507 30.2891
286.7569 30.2840
286.7631 30.2789
286.7694 30.2738
286.7756 30.2687
286.7818 30.2636
286.7880 30.2586
286.7942 30.2535
286.8004 30.2484
286.8067 30.2433
286.8129 30.2382
286.8191 30.2331
286.8253 30.2280
286.8315 30.2229
286.8378 30.2178
286.8440 30.2127
286.8502 30.2076
286.8564 30.2025
286.8626 30.1974
286.8689 30.1923
286.8751 30.1872
286.8813 30.1821
286.8875 30.1771
286.8937 30.1720
286.9000 30.1669
286.9062 30.1618
286.9124 30.1567
286.9186 30.1516
286.9248 30.1465
286.9311 30.1414
286.9373 30.1363
286.9435 30.1312
286.9497 30.1261
286.9560 30.1210
286.9622 30.1159
286.9684 30.1108
286.9746 30.1057
286.9808 30.1005
286.9871 30.0954
286.9933 30.0903
286.9995 30.0852
287.0057 30.0801
287.0120 30.0750
287.0182 30.0699
287.0244 30.0648
287.0306 30.0597
287.0369 30.0546
287.0431 30.0495
287.0493 30.0444
287.0555 30.0393
287.0618 30.0342
287.0680 30.0291
287.0742 30.0240
287.0805 30.0188
287.0867 30.0137
287.0929 30.0086
287.0991 30.0035
287.1054 29.9984
287.1116 29.9933
287.1178 29.9882
287.1241 29.9831
287.1303 29.9779
287.1365 29.9728
287.1427 29.9677
287.1490 29.9626
287.1552 29.9575
287.1614 29.9524
287.1677 29.9473
287.1739 29.9421
287.1801 29.9370
287.1864 29.9319
287.1926 29.9268
287.1988 29.9217
287.2050 29.9166
287.2113 29.9114
287.2175 29.9063
287.2237 29.9012
287.2300 29.8961
287.2362 29.8910
287.2424 29.8858
287.2487 29.8807
287.2549 29.8756
287.2611 29.8705
287.2674 29.8654
287.2736 29.8602
287.2798 29.8551
287.2861 29.8500
287.2923 29.8449
287.2986 29.8397
287.3048 29.8346
287.3110 29.8295
287.3173 29.8244
287.3235 29.8192
287.3297 29.8141
287.3360 29.8090
287.3422 29.8039
287.3484 29.7987
287.3547 29.7936
287.3609 29.7885
287.3672 29.7833
287.3734 29.7782
287.3796 29.7731
287.3859 29.7680
287.3921 29.7628
287.3983 29.7577
287.4046 29.7526
287.4108 29.7474
287.4171 29.7423
287.4233 29.7372
287.4295 29.7320
287.4358 29.7269
287.4420 29.7218
287.4483 29.7166
287.4545 29.7115
287.4607 29.7064
287.4670 29.7012
287.4732 29.6961
287.4795 29.6910
287.4857 29.6858
287.4920 29.6807
287.4982 29.6756
287.5044 29.6704
287.5107 29.6653
287.5169 29.6601
287.5232 29.6550
287.5294 29.6499
287.5357 29.6447
287.5419 29.6396
287.5481 29.6344
287.5544 29.6293
287.5606 29.6242
287.5669 29.6190
287.5731 29.6139
287.5794 29.6087
287.5856 29.6036
287.5919 29.5985
287.5981 29.5933
287.6044 29.5882
287.6106 29.5830
287.6169 29.5779
287.6231 29.5727
287.6293 29.5676
287.6356 29.5624
287.6418 29.5573
287.6481 29.5522
287.6543 29.5470
287.6606 29.5419
287.6668 29.5367
287.6731 29.5316
287.6793 29.5264
287.6856 29.5213
287.6918 29.5161
287.6981 29.5110
287.7043 29.5058
287.7106 29.5007
287.7168 29.4955
287.7231 29.4904
287.7293 29.4852
287.7356 29.4801
287.7418 29.4749
287.7481 29.4698
287.7543 29.4646
287.7606 29.4594
287.7668 29.4543
287.7731 29.4491
287.7793 29.4440
287.7856 29.4388
287.7919 29.4337
287.7981 29.4285
287.8044 29.4234
287.8106 29.4182
287.8169 29.4131
287.8231 29.4079
287.8294 29.4027
287.8356 29.3976
287.8419 29.3924
287.8481 29.3873
287.8544 29.3821
287.8607 29.3769
287.8669 29.3718
287.8732 29.3666
287.8794 29.3615
287.8857 29.3563
287.8919 29.3511
287.8982 29.3460
287.9045 29.3408
287.9107 29.3357
287.9170 29.3305
287.9232 29.3253
287.9295 29.3202
287.9357 29.3150
287.9420 29.3098
287.9483 29.3047
287.9545 29.2995
287.9608 29.2943
287.9670 29.2892
287.9733 29.2840
287.9796 29.2788
287.9858 29.2737
287.9921 29.2685
287.9983 29.2633
288.0046 29.2582
288.0109 29.2530
288.0171 29.2478
288.0234 29.2427
288.0297 29.2375
288.0359 29.2323
288.0422 29.2271
288.0484 29.2220
288.0547 29.2168
288.0610 29.2116
288.0672 29.2065
288.0735 29.2013
288.0798 29.1961
288.0860 29.1909
288.0923 29.1858
288.0986 29.1806
288.1048 29.1754
288.1111 29.1702
288.1174 29.1651
288.1236 29.1599
288.1299 29.1547
288.1362 29.1495
288.1424 29.1444
288.1487 29.1392
288.1550 29.1340
288.1612 29.1288
288.1675 29.1236
288.1738 29.1185
288.1800 29.1133
288.1863 29.1081
288.1926 29.1029
288.1988 29.0977
288.2051 29.0926
288.2114 29.0874
288.2177 29.0822
288.2239 29.0770
288.2302 29.0718
288.2365 29.0667
288.2427 29.0615
288.2490 29.0563
288.2553 29.0511
288.2615 29.0459
288.2678 29.0407
288.2741 29.0356
288.2804 29.0304
288.2866 29.0252
288.2929 29.0200
288.2992 29.0148
288.3055 29.0096
288.3117 29.0044
288.3180 28.9992
288.3243 28.9941
288.3306 28.9889
288.3368 28.9837
288.3431 28.9785
288.3494 28.9733
288.3557 28.9681
288.3619 28.9629
288.3682 28.9577
288.3745 28.9525
288.3808 28.9473
288.3870 28.9422
288.3933 28.9370
288.3996 28.9318
288.4059 28.9266
288.4121 28.9214
288.4184 28.9162
288.4247 28.9110
288.4310 28.9058
288.4373 28.9006
288.4435 28.8954
288.4498 28.8902
288.4561 28.8850
288.4624 28.8798
288.4687 28.8746
288.4749 28.8694
288.4812 28.8642
288.4875 28.8590
288.4938 28.8538
288.5001 28.8486
288.5063 28.8434
288.5126 28.8382
288.5189 28.8330
288.5252 28.8278
288.5315 28.8226
288.5378 28.8174
288.5440 28.8122
288.5503 28.8070
288.5566 28.8018
288.5629 28.7966
288.5692 28.7914
288.5755 28.7862
288.5818 28.7810
288.5880 28.7758
288.5943 28.7706
288.6006 28.7654
288.6069 28.7602
288.6132 28.7550
288.6195 28.7498
288.6258 28.7446
288.6320 28.7394
288.6383 28.7342
288.6446 28.7290
288.6509 28.7238
288.6572 28.7186
288.6635 28.7133
288.6698 28.7081
288.6761 28.7029
288.6823 28.6977
288.6886 28.6925
288.6949 28.6873
288.7012 28.6821
288.7075 28.6769
288.7138 28.6717
288.7201 28.6665
288.7264 28.6612
288.7327 28.6560
288.7390 28.6508
288.7452 28.6456
288.7515 28.6404
288.7578 28.6352
288.7641 28.6300
288.7704 28.6248
288.7767 28.6195
288.7830 28.6143
288.7893 28.6091
288.7956 28.6039
288.8019 28.5987
288.8082 28.5935
288.8145 28.5882
288.8208 28.5830
288.8271 28.5778
288.8334 28.5726
288.8397 28.5674
288.8459 28.5622
288.8522 28.5569
288.8585 28.5517
288.8648 28.5465
288.8711 28.5413
288.8774 28.5361
288.8837 28.5308
288.8900 28.5256
288.8963 28.5204
288.9026 28.5152
288.9089 28.5100
288.9152 28.5047
288.9215 28.4995
288.9278 28.4943
288.9341 28.4891
288.9404 28.4838
288.9467 28.4786
288.9530 28.4734
288.9593 28.4682
288.9656 28.4629
288.9719 28.4577
288.9782 28.4525
288.9845 28.4473
288.9908 28.4420
288.9971 28.4368
289.0034 28.4316
289.0097 28.4264
289.0160 28.4211
289.0223 28.4159
289.0286 28.4107
289.0349 28.4054
289.0412 28.4002
289.0475 28.3950
289.0539 28.3898
289.0602 28.3845
289.0665 28.3793
289.0728 28.3741
289.0791 28.3688
289.0854 28.3636
289.0917 28.3584
289.0980 28.3531
289.1043 28.3479
289.1106 28.3427
289.1169 28.3374
289.1232 28.3322
289.1295 28.3270
289.1358 28.3217
289.1421 28.3165
289.1484 28.3113
289.1548 28.3060
289.1611 28.3008
289.1674 28.2956
289.1737 28.2903
289.1800 28.2851
289.1863 28.2798
289.1926 28.2746
289.1989 28.2694
289.2052 28.2641
289.2115 28.2589
289.2179 28.2537
289.2242 28.2484
289.2305 28.2432
289.2368 28.2379
289.2431 28.2327
289.2494 28.2275
289.2557 28.2222
289.2620 28.2170
289.2684 28.2117
289.2747 28.2065
289.2810 28.2012
289.2873 28.1960
289.2936 28.1908
289.2999 28.1855
289.3062 28.1803
289.3126 28.1750
289.3189 28.1698
289.3252 28.1645
289.3315 28.1593
289.3378 28.1540
289.3441 28.1488
289.3505 28.1436
289.3568 28.1383
289.3631 28.1331
289.3694 28.1278
289.3757 28.1226
289.3820 28.1173
289.3884 28.1121
289.3947 28.1068
289.4010 28.1016
289.4073 28.0963
289.4136 28.0911
289.4200 28.0858
289.4263 28.0806
289.4326 28.0753
289.4389 28.0701
289.4452 28.0648
289.4516 28.0596
289.4579 28.0543
289.4642 28.0491
289.4705 28.0438
289.4768 28.0386
289.4832 28.0333
289.4895 28.0281
289.4958 28.0228
289.5021 28.0176
289.5085 28.0123
289.5148 28.0070
289.5211 28.0018
289.5274 27.9965
289.5338 27.9913
289.5401 27.9860
289.5464 27.9808
289.5527 27.9755
289.5591 27.9702
289.5654 27.9650
289.5717 27.9597
289.5780 27.9545
289.5844 27.9492
289.5907 27.9440
289.5970 27.9387
289.6033 27.9334
289.6097 27.9282
289.6160 27.9229
289.6223 27.9177
289.6287 27.9124
289.6350 27.9071
289.6413 27.9019
289.6477 27.8966
289.6540 27.8914
289.6603 27.8861
289.6666 27.8808
289.6730 27.8756
289.6793 27.8703
289.6856 27.8650
289.6920 27.8598
289.6983 27.8545
289.7046 27.8492
289.7110 27.8440
289.7173 27.8387
289.7236 27.8334
289.7300 27.8282
289.7363 27.8229
289.7426 27.8176
289.7490 27.8124
289.7553 27.8071
289.7616 27.8018
289.7680 27.7966
289.7743 27.7913
289.7806 27.7860
289.7870 27.7808
289.7933 27.7755
289.7997 27.7702
289.8060 27.7650
289.8123 27.7597
289.8187 27.7544
289.8250 27.7491
289.8313 27.7439
289.8377 27.7386
289.8440 27.7333
289.8504 27.7281
289.8567 27.7228
289.8630 27.7175
289.8694 27.7122
289.8757 27.7070
289.8821 27.7017
289.8884 27.6964
289.8947 27.6911
289.9011 27.6859
289.9074 27.6806
289.9138 27.6753
289.9201 27.6700
289.9265 27.6648
289.9328 27.6595
289.9391 27.6542
289.9455 27.6489
289.9518 27.6437
289.9582 27.6384
289.9645 27.6331
289.9709 27.6278
289.9772 27.6225
289.9836 27.6173
289.9899 27.6120
289.9962 27.6067
290.0026 27.6014
290.0089 27.5961
290.0153 27.5909
290.0216 27.5856
290.0280 27.5803
290.0343 27.5750
290.0407 27.5697
290.0470 27.5645
290.0534 27.5592
290.0597 27.5539
290.0661 27.5486
290.0724 27.5433
290.0788 27.5380
290.0851 27.5328
290.0915 27.5275
290.0978 27.5222
290.1042 27.5169
290.1105 27.5116
290.1169 27.5063
290.1232 27.5010
290.1296 27.4958
290.1359 27.4905
290.1423 27.4852
290.1486 27.4799
290.1550 27.4746
290.1613 27.4693
290.1677 27.4640
290.1740 27.4587
290.1804 27.4534
290.1868 27.4482
290.1931 27.4429
290.1995 27.4376
290.2058 27.4323
290.2122 27.4270
290.2185 27.4217
290.2249 27.4164
290.2312 27.4111
290.2376 27.4058
290.2440 27.4005
290.2503 27.3953
290.2567 27.3900
290.2630 27.3847
290.2694 27.3794
290.2758 27.3741
290.2821 27.3688
290.2885 27.3635
290.2948 27.3582
290.3012 27.3529
290.3076 27.3476
290.3139 27.3423
290.3203 27.3370
290.3266 27.3317
290.3330 27.3264
290.3394 27.3211
290.3457 27.3158
290.3521 27.3105
290.3584 27.3052
290.3648 27.2999
290.3712 27.2946
290.3775 27.2893
290.3839 27.2840
290.3903 27.2787
290.3966 27.2734
290.4030 27.2681
290.4094 27.2628
290.4157 27.2575
290.4221 27.2522
290.4285 27.2469
290.4348 27.2416
290.4412 27.2363
290.4476 27.2310
290.4539 27.2257
290.4603 27.2204
290.4667 27.2151
290.4730 27.2098
290.4794 27.2045
290.4858 27.1992
290.4921 27.1939
290.4985 27.1886
290.5049 27.1833
290.5112 27.1780
290.5176 27.1727
290.5240 27.1674
290.5303 27.1621
290.5367 27.1568
290.5431 27.1515
290.5495 27.1462
290.5558 27.1409
290.5622 27.1356
290.5686 27.1302
290.5749 27.1249
290.5813 27.1196
290.5877 27.1143
290.5941 27.1090
290.6004 27.1037
290.6068 27.0984
290.6132 27.0931
290.6196 27.0878
290.6259 27.0825
290.6323 27.0772
290.6387 27.0718
290.6451 27.0665
290.6514 27.0612
290.6578 27.0559
290.6642 27.0506
290.6706 27.0453
290.6770 27.0400
290.6833 27.0347
290.6897 27.0294
290.6961 27.0240
290.7025 27.0187
290.7088 27.0134
290.7152 27.0081
290.7216 27.0028
290.7280 26.9975
290.7344 26.9922
290.7407 26.9868
290.7471 26.9815
290.7535 26.9762
290.7599 26.9709
290.7663 26.9656
290.7727 26.9603
290.7790 26.9549
290.7854 26.9496
290.7918 26.9443
290.7982 26.9390
290.8046 26.9337
290.8109 26.9284
290.8173 26.9230
290.8237 26.9177
290.8301 26.9124
290.8365 26.9071
290.8429 26.9018
290.8493 26.8964
290.8556 26.8911
290.8620 26.8858
290.8684 26.8805
290.8748 26.8752
290.8812 26.8698
290.8876 26.8645
290.8940 26.8592
290.9004 26.8539
290.9067 26.8485
290.9131 26.8432
290.9195 26.8379
290.9259 26.8326
290.9323 26.8273
290.9387 26.8219
290.9451 26.8166
290.9515 26.8113
290.9579 26.8060
290.9643 26.8006
290.9706 26.7953
290.9770 26.7900
290.9834 26.7847
290.9898 26.7793
290.9962 26.7740
291.0026 26.7687
291.0090 26.7633
291.0154 26.7580
291.0218 26.7527
291.0282 26.7474
291.0346 26.7420
291.0410 26.7367
291.0474 26.7314
291.0538 26.7260
291.0602 26.7207
291.0666 26.7154
291.0730 26.7101
291.0794 26.7047
291.0858 26.6994
291.0921 26.6941
291.0985 26.6887
291.1049 26.6834
291.1113 26.6781
291.1177 26.6727
291.1241 26.6674
291.1305 26.6621
291.1369 26.6567
291.1433 26.6514
291.1497 26.6461
291.1561 26.6407
291.1625 26.6354
291.1689 26.6301
291.1753 26.6247
291.1818 26.6194
291.1882 26.6141
291.1946 26.6087
291.2010 26.6034
291.2074 26.5981
291.2138 26.5927
291.2202 26.5874
291.2266 26.5821
291.2330 26.5767
291.2394 26.5714
291.2458 26.5660
291.2522 26.5607
291.2586 26.5554
291.2650 26.5500
291.2714 26.5447
291.2778 26.5393
291.2842 26.5340
291.2906 26.5287
291.2970 26.5233
291.3035 26.5180
291.3099 26.5126
291.3163 26.5073
291.3227 26.5020
291.3291 26.4966
291.3355 26.4913
291.3419 26.4859
291.3483 26.4806
291.3547 26.4753
291.3611 26.4699
291.3676 26.4646
291.3740 26.4592
291.3804 26.4539
291.3868 26.4485
291.3932 26.4432
291.3996 26.4379
291.4060 26.4325
291.4125 26.4272
291.4189 26.4218
291.4253 26.4165
291.4317 26.4111
291.4381 26.4058
291.4445 26.4004
291.4509 26.3951
291.4574 26.3897
291.4638 26.3844
291.4702 26.3791
291.4766 26.3737
291.4830 26.3684
291.4894 26.3630
291.4959 26.3577
291.5023 26.3523
291.5087 26.3470
291.5151 26.3416
291.5215 26.3363
291.5280 26.3309
291.5344 26.3256
291.5408 26.3202
291.5472 26.3149
291.5536 26.3095
291.5601 26.3042
291.5665 26.2988
291.5729 26.2935
291.5793 26.2881
291.5858 26.2828
291.5922 26.2774
291.5986 26.2721
291.6050 26.2667
291.6115 26.2613
291.6179 26.2560
291.6243 26.2506
291.6307 26.2453
291.6372 26.2399
291.6436 26.2346
291.6500 26.2292
291.6564 26.2239
291.6629 26.2185
291.6693 26.2132
291.6757 26.2078
291.6821 26.2025
291.6886 26.1971
291.6950 26.1917
291.7014 26.1864
291.7079 26.1810
291.7143 26.1757
291.7207 26.1703
291.7271 26.1650
291.7336 26.1596
291.7400 26.1542
291.7464 26.1489
291.7529 26.1435
291.7593 26.1382
291.7657 26.1328
291.7722 26.1274
291.7786 26.1221
291.7850 26.1167
291.7915 26.1114
291.7979 26.1060
291.8043 26.1006
291.8108 26.0953
291.8172 26.0899
291.8236 26.0846
291.8301 26.0792
291.8365 26.0738
291.8429 26.0685
291.8494 26.0631
291.8558 26.0578
291.8623 26.0524
291.8687 26.0470
291.8751 26.0417
291.8816 26.0363
291.8880 26.0309
291.8944 26.0256
291.9009 26.0202
291.9073 26.0148
291.9138 26.0095
291.9202 26.0041
291.9266 25.9987
291.9331 25.9934
291.9395 25.9880
291.9460 25.9826
291.9524 25.9773
291.9589 25.9719
291.9653 25.9665
291.9717 25.9612
291.9782 25.9558
291.9846 25.9504
291.9911 25.9451
291.9975 25.9397
292.0040 25.9343
292.0104 25.9290
292.0169 25.9236
292.0233 25.9182
292.0297 25.9129
292.0362 25.9075
292.0426 25.9021
292.0491 25.8968
292.0555 25.8914
292.0620 25.8860
292.0684 25.8806
292.0749 25.8753
292.0813 25.8699
292.0878 25.8645
292.0942 25.8592
292.1007 25.8538
292.1071 25.8484
292.1136 25.8430
292.1200 25.8377
292.1265 25.8323
292.1329 25.8269
292.1394 25.8216
292.1458 25.8162
292.1523 25.8108
292.1587 25.8054
292.1652 25.8001
292.1716 25.7947
292.1781 25.7893
292.1846 25.7839
292.1910 25.7786
292.1975 25.7732
292.2039 25.7678
292.2104 25.7624
292.2168 25.7571
292.2233 25.7517
292.2297 25.7463
292.2362 25.7409
292.2427 25.7356
292.2491 25.7302
292.2556 25.7248
292.2620 25.7194
292.2685 25.7140
292.2749 25.7087
292.2814 25.7033
292.2879 25.6979
292.2943 25.6925
292.3008 25.6872
292.3072 25.6818
292.3137 25.6764
292.3202 25.6710
292.3266 25.6656
292.3331 25.6603
292.3396 25.6549
292.3460 25.6495
292.3525 25.6441
292.3589 25.6387
292.3654 25.6334
292.3719 25.6280
292.3783 25.6226
292.3848 25.6172
292.3913 25.6118
292.3977 25.6064
292.4042 25.6011
292.4107 25.5957
292.4171 25.5903
292.4236 25.5849
292.4301 25.5795
292.4365 25.5741
292.4430 25.5688
292.4495 25.5634
292.4559 25.5580
292.4624 25.5526
292.4689 25.5472
292.4754 25.5418
292.4818 25.5364
292.4883 25.5311
292.4948 25.5257
292.5012 25.5203
292.5077 25.5149
292.5142 25.5095
292.5207 25.5041
292.5271 25.4987
292.5336 25.4934
292.5401 25.4880
292.5465 25.4826
292.5530 25.4772
292.5595 25.4718
292.5660 25.4664
292.5724 25.4610
292.5789 25.4556
292.5854 25.4503
292.5919 25.4449
292.5983 25.4395
292.6048 25.4341
292.6113 25.4287
292.6178 25.4233
292.6243 25.4179
292.6307 25.4125
292.6372 25.4071
292.6437 25.4017
292.6502 25.3963
292.6567 25.3910
292.6631 25.3856
292.6696 25.3802
292.6761 25.3748
292.6826 25.3694
292.6891 25.3640
292.6955 25.3586
292.7020 25.3532
292.7085 25.3478
292.7150 25.3424
292.7215 25.3370
292.7280 25.3316
292.7344 25.3262
292.7409 25.3208
292.7474 25.3155
292.7539 25.3101
292.7604 25.3047
292.7669 25.2993
292.7734 25.2939
292.7798 25.2885
292.7863 25.2831
292.7928 25.2777
292.7993 25.2723
292.8058 25.2669
292.8123 25.2615
292.8188 25.2561
292.8253 25.2507
292.8318 25.2453
292.8382 25.2399
292.8447 25.2345
292.8512 25.2291
292.8577 25.2237
292.8642 25.2183
292.8707 25.2129
292.8772 25.2075
292.8837 25.2021
292.8902 25.1967
292.8967 25.1913
292.9032 25.1859
292.9097 25.1805
292.9162 25.1751
292.9227 25.1697
292.9292 25.1643
292.9356 25.1589
292.9421 25.1535
292.9486 25.1481
292.9551 25.1427
292.9616 25.1373
292.9681 25.1319
292.9746 25.1265
292.9811 25.1211
292.9876 25.1157
292.9941 25.1103
293.0006 25.1049
293.0071 25.0995
293.0136 25.0941
293.0201 25.0887
293.0266 25.0833
293.0331 25.0779
293.0396 25.0725
293.0461 25.0671
293.0526 25.0617
293.0591 25.0563
293.0656 25.0508
293.0721 25.0454
293.0787 25.0400
293.0852 25.0346
293.0917 25.0292
293.0982 25.0238
293.1047 25.0184
293.1112 25.0130
293.1177 25.0076
293.1242 25.0022
293.1307 24.9968
293.1372 24.9914
293.1437 24.9860
293.1502 24.9806
293.1567 24.9752
293.1632 24.9697
293.1698 24.9643
293.1763 24.9589
293.1828 24.9535
293.1893 24.9481
293.1958 24.9427
293.2023 24.9373
293.2088 24.9319
293.2153 24.9265
293.2218 24.9211
293.2284 24.9157
293.2349 24.9102
293.2414 24.9048
293.2479 24.8994
293.2544 24.8940
293.2609 24.8886
293.2674 24.8832
293.2740 24.8778
293.2805 24.8724
293.2870 24.8670
293.2935 24.8615
293.3000 24.8561
293.3065 24.8507
293.3131 24.8453
293.3196 24.8399
293.3261 24.8345
293.3326 24.8291
293.3391 24.8237
293.3456 24.8182
293.3522 24.8128
293.3587 24.8074
293.3652 24.8020
293.3717 24.7966
293.3783 24.7912
293.3848 24.7858
293.3913 24.7803
293.3978 24.7749
293.4043 24.7695
293.4109 24.7641
293.4174 24.7587
293.4239 24.7533
293.4304 24.7478
293.4370 24.7424
293.4435 24.7370
293.4500 24.7316
293.4565 24.7262
293.4631 24.7208
293.4696 24.7153
293.4761 24.7099
293.4826 24.7045
293.4892 24.6991
293.4957 24.6937
293.5022 24.6883
293.5088 24.6828
293.5153 24.6774
293.5218 24.6720
293.5283 24.6666
293.5349 24.6612
293.5414 24.6557
293.5479 24.6503
293.5545 24.6449
293.5610 24.6395
293.5675 24.6341
293.5741 24.6286
293.5806 24.6232
293.5871 24.6178
293.5937 24.6124
293.6002 24.6070
293.6067 24.6015
293.6133 24.5961
293.6198 24.5907
293.6263 24.5853
293.6329 24.5799
293.6394 24.5744
293.6460 24.5690
293.6525 24.5636
293.6590 24.5582
293.6656 24.5527
293.6721 24.5473
293.6787 24.5419
293.6852 24.5365
293.6917 24.5310
293.6983 24.5256
293.7048 24.5202
293.7114 24.5148
293.7179 24.5094
293.7244 24.5039
293.7310 24.4985
293.7375 24.4931
293.7441 24.4877
293.7506 24.4822
293.7572 24.4768
293.7637 24.4714
293.7702 24.4660
293.7768 24.4605
293.7833 24.4551
293.7899 24.4497
293.7964 24.4443
293.8030 24.4388
293.8095 24.4334
293.8161 24.4280
293.8226 24.4225
293.8292 24.4171
293.8357 24.4117
293.8423 24.4063
293.8488 24.4008
293.8554 24.3954
293.8619 24.3900
293.8685 24.3846
293.8750 24.3791
293.8816 24.3737
293.8881 24.3683
293.8947 24.3628
293.9012 24.3574
293.9078 24.3520
293.9143 24.3466
293.9209 24.3411
293.9274 24.3357
293.9340 24.3303
293.9405 24.3248
293.9471 24.3194
293.9536 24.3140
293.9602 24.3085
293.9668 24.3031
293.9733 24.2977
293.9799 24.2923
293.9864 24.2868
293.9930 24.2814
293.9995 24.2760
294.0061 24.2705
294.0127 24.2651
294.0192 24.2597
294.0258 24.2542
294.0323 24.2488
294.0389 24.2434
294.0455 24.2379
294.0520 24.2325
294.0586 24.2271
294.0651 24.2216
294.0717 24.2162
294.0783 24.2108
294.0848 24.2053
294.0914 24.1999
294.0980 24.1945
294.1045 24.1890
294.1111 24.1836
294.1177 24.1782
294.1242 24.1727
294.1308 24.1673
294.1374 24.1619
294.1439 24.1564
294.1505 24.1510
294.1571 24.1456
294.1636 24.1401
294.1702 24.1347
294.1768 24.1292
294.1833 24.1238
294.1899 24.1184
294.1965 24.1129
294.2031 24.1075
294.2096 24.1021
294.2162 24.0966
294.2228 24.0912
294.2293 24.0857
294.2359 24.0803
294.2425 24.0749
294.2491 24.0694
294.2556 24.0640
294.2622 24.0586
294.2688 24.0531
294.2754 24.0477
294.2819 24.0422
294.2885 24.0368
294.2951 24.0314
294.3017 24.0259
294.3082 24.0205
294.3148 24.0151
294.3214 24.0096
294.3280 24.0042
294.3346 23.9987
294.3411 23.9933
294.3477 23.9879
294.3543 23.9824
294.3609 23.9770
294.3675 23.9715
294.3740 23.9661
294.3806 23.9606
294.3872 23.9552
294.3938 23.9498
294.4004 23.9443
294.4070 23.9389
294.4135 23.9334
294.4201 23.9280
294.4267 23.9226
294.4333 23.9171
294.4399 23.9117
294.4465 23.9062
294.4531 23.9008
294.4596 23.8953
294.4662 23.8899
294.4728 23.8845
294.4794 23.8790
294.4860 23.8736
294.4926 23.8681
294.4992 23.8627
294.5058 23.8572
294.5124 23.8518
294.5189 23.8464
294.5255 23.8409
294.5321 23.8355
294.5387 23.8300
294.5453 23.8246
294.5519 23.8191
294.5585 23.8137
294.5651 23.8082
294.5717 23.8028
294.5783 23.7973
294.5849 23.7919
294.5915 23.7865
294.5981 23.7810
294.6047 23.7756
294.6113 23.7701
294.6179 23.7647
294.6245 23.7592
294.6311 23.7538
294.6377 23.7483
294.6443 23.7429
294.6509 23.7374
294.6575 23.7320
294.6641 23.7265
294.6707 23.7211
294.6773 23.7156
294.6839 23.7102
294.6905 23.7048
294.6971 23.6993
294.7037 23.6939
294.7103 23.6884
294.7169 23.6830
294.7235 23.6775
294.7301 23.6721
294.7367 23.6666
294.7433 23.6612
294.7499 23.6557
294.7565 23.6503
294.7631 23.6448
294.7697 23.6394
294.7763 23.6339
294.7829 23.6285
294.7895 23.6230
294.7961 23.6176
294.8028 23.6121
294.8094 23.6067
294.8160 23.6012
294.8226 23.5958
294.8292 23.5903
294.8358 23.5849
294.8424 23.5794
294.8490 23.5740
294.8556 23.5685
294.8623 23.5631
294.8689 23.5576
294.8755 23.5522
294.8821 23.5467
294.8887 23.5413
294.8953 23.5358
294.9019 23.5304
294.9086 23.5249
294.9152 23.5194
294.9218 23.5140
294.9284 23.5085
294.9350 23.5031
294.9416 23.4976
294.9483 23.4922
294.9549 23.4867
294.9615 23.4813
294.9681 23.4758
294.9747 23.4704
294.9814 23.4649
294.9880 23.4595
294.9946 23.4540
295.0012 23.4486
295.0078 23.4431
295.0145 23.4376
295.0211 23.4322
295.0277 23.4267
295.0343 23.4213
295.0410 23.4158
295.0476 23.4104
295.0542 23.4049
295.0608 23.3995
295.0675 23.3940
295.0741 23.3885
295.0807 23.3831
295.0874 23.3776
295.0940 23.3722
295.1006 23.3667
295.1072 23.3613
295.1139 23.3558
295.1205 23.3504
295.1271 23.3449
295.1338 23.3394
295.1404 23.3340
295.1470 23.3285
295.1537 23.3231
295.1603 23.3176
295.1669 23.3122
295.1735 23.3067
295.1802 23.3012
295.1868 23.2958
295.1935 23.2903
295.2001 23.2849
295.2067 23.2794
295.2134 23.2740
295.2200 23.2685
295.2266 23.2630
295.2333 23.2576
295.2399 23.2521
295.2465 23.2467
295.2532 23.2412
295.2598 23.2357
295.2665 23.2303
295.2731 23.2248
295.2797 23.2194
295.2864 23.2139
295.2930 23.2085
295.2997 23.2030
295.3063 23.1975
295.3129 23.1921
295.3196 23.1866
295.3262 23.1812
295.3329 23.1757
295.3395 23.1702
295.3462 23.1648
295.3528 23.1593
295.3595 23.1539
295.3661 23.1484
295.3727 23.1429
295.3794 23.1375
295.3860 23.1320
295.3927 23.1265
295.3993 23.1211
295.4060 23.1156
295.4126 23.1102
295.4193 23.1047
295.4259 23.0992
295.4326 23.0938
295.4392 23.0883
295.4459 23.0829
295.4525 23.0774
295.4592 23.0719
295.4658 23.0665
295.4725 23.0610
295.4791 23.0555
295.4858 23.0501
295.4925 23.0446
295.4991 23.0392
295.5058 23.0337
295.5124 23.0282
295.5191 23.0228
295.5257 23.0173
295.5324 23.0118
295.5390 23.0064
295.5457 23.0009
295.5524 22.9955
295.5590 22.9900
295.5657 22.9845
295.5723 22.9791
295.5790 22.9736
295.5857 22.9681
295.5923 22.9627
295.5990 22.9572
295.6056 22.9517
295.6123 22.9463
295.6190 22.9408
295.6256 22.9354
295.6323 22.9299
295.6390 22.9244
295.6456 22.9190
295.6523 22.9135
295.6590 22.9080
295.6656 22.9026
295.6723 22.8971
295.6790 22.8916
295.6856 22.8862
295.6923 22.8807
295.6990 22.8752
295.7056 22.8698
295.7123 22.8643
295.7190 22.8588
295.7256 22.8534
295.7323 22.8479
295.7390 22.8424
295.7456 22.8370
295.7523 22.8315
295.7590 22.8260
295.7657 22.8206
295.7723 22.8151
295.7790 22.8096
295.7857 22.8042
295.7924 22.7987
295.7990 22.7932
295.8057 22.7878
295.8124 22.7823
295.8191 22.7768
295.8257 22.7714
295.8324 22.7659
295.8391 22.7604
295.8458 22.7550
295.8525 22.7495
295.8591 22.7440
295.8658 22.7386
295.8725 22.7331
295.8792 22.7276
295.8859 22.7221
295.8925 22.7167
295.8992 22.7112
295.9059 22.7057
295.9126 22.7003
295.9193 22.6948
295.9260 22.6893
295.9326 22.6839
295.9393 22.6784
295.9460 22.6729
295.9527 22.6675
295.9594 22.6620
295.9661 22.6565
295.9728 22.6510
295.9794 22.6456
295.9861 22.6401
295.9928 22.6346
295.9995 22.6292
296.0062 22.6237
296.0129 22.6182
296.0196 22.6128
296.0263 22.6073
296.0330 22.6018
296.0397 22.5963
296.0463 22.5909
296.0530 22.5854
296.0597 22.5799
296.0664 22.5745
296.0731 22.5690
296.0798 22.5635
296.0865 22.5580
296.0932 22.5526
296.0999 22.5471
296.1066 22.5416
296.1133 22.5362
296.1200 22.5307
296.1267 22.5252
296.1334 22.5197
296.1401 22.5143
296.1468 22.5088
296.1535 22.5033
296.1602 22.4979
296.1669 22.4924
296.1736 22.4869
296.1803 22.4814
296.1870 22.4760
296.1937 22.4705
296.2004 22.4650
296.2071 22.4596
296.2138 22.4541
296.2205 22.4486
296.2272 22.4431
296.2339 22.4377
296.2406 22.4322
296.2473 22.4267
296.2540 22.4212
296.2608 22.4158
296.2675 22.4103
296.2742 22.4048
296.2809 22.3993
296.2876 22.3939
296.2943 22.3884
296.3010 22.3829
296.3077 22.3775
296.3144 22.3720
296.3211 22.3665
296.3279 22.3610
296.3346 22.3556
296.3413 22.3501
296.3480 22.3446
296.3547 22.3391
296.3614 22.3337
296.3681 22.3282
296.3749 22.3227
296.3816 22.3172
296.3883 22.3118
296.3950 22.3063
296.4017 22.3008
296.4084 22.2953
296.4152 22.2899
296.4219 22.2844
296.4286 22.2789
296.4353 22.2734
296.4420 22.2680
296.4488 22.2625
296.4555 22.2570
296.4622 22.2515
296.4689 22.2461
296.4757 22.2406
296.4824 22.2351
296.4891 22.2296
296.4958 22.2242
296.5025 22.2187
296.5093 22.2132
296.5160 22.2077
296.5227 22.2023
296.5295 22.1968
296.5362 22.1913
296.5429 22.1858
296.5496 22.1804
296.5564 22.1749
296.5631 22.1694
296.5698 22.1639
296.5766 22.1584
296.5833 22.1530
296.5900 22.1475
296.5967 22.1420
296.6035 22.1365
296.6102 22.1311
296.6169 22.1256
296.6237 22.1201
296.6304 22.1146
296.6371 22.1092
296.6439 22.1037
296.6506 22.0982
296.6574 22.0927
296.6641 22.0872
296.6708 22.0818
296.6776 22.0763
296.6843 22.0708
296.6910 22.0653
296.6978 22.0599
296.7045 22.0544
296.7113 22.0489
296.7180 22.0434
296.7247 22.0380
296.7315 22.0325
296.7382 22.0270
296.7450 22.0215
296.7517 22.0160
296.7584 22.0106
296.7652 22.0051
296.7719 21.9996
296.7787 21.9941
296.7854 21.9886
296.7922 21.9832
296.7989 21.9777
296.8057 21.9722
296.8124 21.9667
296.8192 21.9613
296.8259 21.9558
296.8327 21.9503
296.8394 21.9448
296.8462 21.9393
296.8529 21.9339
296.8597 21.9284
296.8664 21.9229
296.8732 21.9174
296.8799 21.9120
296.8867 21.9065
296.8934 21.9010
296.9002 21.8955
296.9069 21.8900
296.9137 21.8846
296.9204 21.8791
296.9272 21.8736
296.9339 21.8681
296.9407 21.8626
296.9475 21.8572
296.9542 21.8517
296.9610 21.8462
296.9677 21.8407
296.9745 21.8352
296.9812 21.8298
296.9880 21.8243
296.9948 21.8188
297.0015 21.8133
297.0083 21.8078
297.0151 21.8024
297.0218 21.7969
297.0286 21.7914
297.0353 21.7859
297.0421 21.7804
297.0489 21.7750
297.0556 21.7695
297.0624 21.7640
297.0692 21.7585
297.0759 21.7530
297.0827 21.7476
297.0895 21.7421
297.0962 21.7366
297.1030 21.7311
297.1098 21.7256
297.1165 21.7202
297.1233 21.7147
297.1301 21.7092
297.1368 21.7037
297.1436 21.6982
297.1504 21.6928
297.1572 21.6873
297.1639 21.6818
297.1707 21.6763
297.1775 21.6708
297.1843 21.6654
297.1910 21.6599
297.1978 21.6544
297.2046 21.6489
297.2114 21.6434
297.2181 21.6380
297.2249 21.6325
297.2317 21.6270
297.2385 21.6215
297.2453 21.6160
297.2520 21.6106
297.2588 21.6051
297.2656 21.5996
297.2724 21.5941
297.2792 21.5886
297.2859 21.5832
297.2927 21.5777
297.2995 21.5722
297.3063 21.5667
297.3131 21.5612
297.3199 21.5557
297.3266 21.5503
297.3334 21.5448
297.3402 21.5393
297.3470 21.5338
297.3538 21.5283
297.3606 21.5229
297.3674 21.5174
297.3742 21.5119
297.3809 21.5064
297.3877 21.5009
297.3945 21.4954
297.4013 21.4900
297.4081 21.4845
297.4149 21.4790
297.4217 21.4735
297.4285 21.4680
297.4353 21.4626
297.4421 21.4571
297.4489 21.4516
297.4557 21.4461
297.4625 21.4406
297.4692 21.4351
297.4760 21.4297
297.4828 21.4242
297.4896 21.4187
297.4964 21.4132
297.5032 21.4077
297.5100 21.4023
297.5168 21.3968
297.5236 21.3913
297.5304 21.3858
297.5372 21.3803
297.5440 21.3748
297.5508 21.3694
297.5576 21.3639
297.5644 21.3584
297.5713 21.3529
297.5781 21.3474
297.5849 21.3420
297.5917 21.3365
297.5985 21.3310
297.6053 21.3255
297.6121 21.3200
297.6189 21.3145
297.6257 21.3091
297.6325 21.3036
297.6393 21.2981
297.6461 21.2926
297.6529 21.2871
297.6597 21.2816
297.6666 21.2762
297.6734 21.2707
297.6802 21.2652
297.6870 21.2597
297.6938 21.2542
297.7006 21.2487
297.7074 21.2433
297.7143 21.2378
297.7211 21.2323
297.7279 21.2268
297.7347 21.2213
297.7415 21.2159
297.7483 21.2104
297.7552 21.2049
297.7620 21.1994
297.7688 21.1939
297.7756 21.1884
297.7824 21.1830
297.7893 21.1775
297.7961 21.1720
297.8029 21.1665
297.8097 21.1610
297.8165 21.1555
297.8234 21.1501
297.8302 21.1446
297.8370 21.1391
297.8438 21.1336
297.8507 21.1281
297.8575 21.1226
297.8643 21.1172
297.8711 21.1117
297.8780 21.1062
297.8848 21.1007
297.8916 21.0952
297.8985 21.0897
297.9053 21.0843
297.9121 21.0788
297.9189 21.0733
297.9258 21.0678
297.9326 21.0623
297.9394 21.0568
297.9463 21.0514
297.9531 21.0459
297.9599 21.0404
297.9668 21.0349
297.9736 21.0294
297.9804 21.0240
297.9873 21.0185
297.9941 21.0130
298.0010 21.0075
298.0078 21.0020
298.0146 20.9965
298.0215 20.9911
298.0283 20.9856
298.0351 20.9801
298.0420 20.9746
298.0488 20.9691
298.0557 20.9636
298.0625 20.9582
298.0694 20.9527
298.0762 20.9472
298.0830 20.9417
298.0899 20.9362
298.0967 20.9307
298.1036 20.9253
298.1104 20.9198
298.1173 20.9143
298.1241 20.9088
298.1310 20.9033
298.1378 20.8978
298.1447 20.8924
298.1515 20.8869
298.1584 20.8814
298.1652 20.8759
298.1721 20.8704
298.1789 20.8649
298.1858 20.8595
298.1926 20.8540
298.1995 20.8485
298.2063 20.8430
298.2132 20.8375
298.2200 20.8321
298.2269 20.8266
298.2337 20.8211
298.2406 20.8156
298.2474 20.8101
298.2543 20.8046
298.2612 20.7992
298.2680 20.7937
298.2749 20.7882
298.2817 20.7827
298.2886 20.7772
298.2955 20.7717
298.3023 20.7663
298.3092 20.7608
298.3160 20.7553
298.3229 20.7498
298.3298 20.7443
298.3366 20.7388
298.3435 20.7334
298.3504 20.7279
298.3572 20.7224
298.3641 20.7169
298.3710 20.7114
298.3778 20.7060
298.3847 20.7005
298.3916 20.6950
298.3984 20.6895
298.4053 20.6840
298.4122 20.6785
298.4190 20.6731
298.4259 20.6676
298.4328 20.6621
298.4397 20.6566
298.4465 20.6511
298.4534 20.6456
298.4603 20.6402
298.4671 20.6347
298.4740 20.6292
298.4809 20.6237
298.4878 20.6182
298.4946 20.6128
298.5015 20.6073
298.5084 20.6018
298.5153 20.5963
298.5222 20.5908
298.5290 20.5853
298.5359 20.5799
298.5428 20.5744
298.5497 20.5689
298.5566 20.5634
298.5634 20.5579
298.5703 20.5525
298.5772 20.5470
298.5841 20.5415
298.5910 20.5360
298.5979 20.5305
298.6047 20.5250
298.6116 20.5196
298.6185 20.5141
298.6254 20.5086
298.6323 20.5031
298.6392 20.4976
298.6461 20.4922
298.6529 20.4867
298.6598 20.4812
298.6667 20.4757
298.6736 20.4702
298.6805 20.4648
298.6874 20.4593
298.6943 20.4538
298.7012 20.4483
298.7081 20.4428
298.7150 20.4373
298.7219 20.4319
298.7288 20.4264
298.7357 20.4209
298.7426 20.4154
298.7494 20.4099
298.7563 20.4045
298.7632 20.3990
298.7701 20.3935
298.7770 20.3880
298.7839 20.3825
298.7908 20.3771
298.7977 20.3716
298.8046 20.3661
298.8115 20.3606
298.8184 20.3551
298.8253 20.3497
298.8323 20.3442
298.8392 20.3387
298.8461 20.3332
298.8530 20.3277
298.8599 20.3223
298.8668 20.3168
298.8737 20.3113
298.8806 20.3058
298.8875 20.3003
298.8944 20.2949
298.9013 20.2894
298.9082 20.2839
298.9151 20.2784
298.9220 20.2729
298.9290 20.2675
298.9359 20.2620
298.9428 20.2565
298.9497 20.2510
298.9566 20.2455
298.9635 20.2401
298.9704 20.2346
298.9774 20.2291
298.9843 20.2236
298.9912 20.2181
298.9981 20.2127
299.0050 20.2072
299.0119 20.2017
299.0189 20.1962
299.0258 20.1907
299.0327 20.1853
299.0396 20.1798
299.0465 20.1743
299.0535 20.1688
299.0604 20.1633
299.0673 20.1579
299.0742 20.1524
299.0812 20.1469
299.0881 20.1414
299.0950 20.1359
299.1019 20.1305
299.1089 20.1250
299.1158 20.1195
299.1227 20.1140
299.1296 20.1085
299.1366 20.1031
299.1435 20.0976
299.1504 20.0921
299.1574 20.0866
299.1643 20.0812
299.1712 20.0757
299.1782 20.0702
299.1851 20.0647
299.1920 20.0592
299.1990 20.0538
299.2059 20.0483
299.2128 20.0428
299.2198 20.0373
299.2267 20.0319
299.2336 20.0264
299.2406 20.0209
299.2475 20.0154
299.2544 20.0099
299.2614 20.0045
299.2683 19.9990
299.2753 19.9935
299.2822 19.9880
299.2891 19.9826
299.2961 19.9771
299.3030 19.9716
299.3100 19.9661
299.3169 19.9606
299.3239 19.9552
299.3308 19.9497
299.3378 19.9442
299.3447 19.9387
299.3516 19.9333
299.3586 19.9278
299.3655 19.9223
299.3725 19.9168
299.3794 19.9114
299.3864 19.9059
299.3933 19.9004
299.4003 19.8949
299.4072 19.8894
299.4142 19.8840
299.4211 19.8785
299.4281 19.8730
299.4351 19.8675
299.4420 19.8621
299.4490 19.8566
299.4559 19.8511
299.4629 19.8456
299.4698 19.8402
299.4768 19.8347
299.4837 19.8292
299.4907 19.8237
299.4977 19.8183
299.5046 19.8128
299.5116 19.8073
299.5185 19.8018
299.5255 19.7964
299.5325 19.7909
299.5394 19.7854
299.5464 19.7799
299.5534 19.7745
299.5603 19.7690
299.5673 19.7635
299.5742 19.7580
299.5812 19.7526
299.5882 19.7471
299.5951 19.7416
299.6021 19.7361
299.6091 19.7307
299.6161 19.7252
299.6230 19.7197
299.6300 19.7142
299.6370 19.7088
299.6439 19.7033
299.6509 19.6978
299.6579 19.6923
299.6649 19.6869
299.6718 19.6814
299.6788 19.6759
299.6858 19.6704
299.6928 19.6650
299.6997 19.6595
299.7067 19.6540
299.7137 19.6485
299.7207 19.6431
299.7276 19.6376
299.7346 19.6321
299.7416 19.6267
299.7486 19.6212
299.7556 19.6157
299.7625 19.6102
299.7695 19.6048
299.7765 19.5993
299.7835 19.5938
299.7905 19.5883
299.7975 19.5829
299.8044 19.5774
299.8114 19.5719
299.8184 19.5665
299.8254 19.5610
299.8324 19.5555
299.8394 19.5500
299.8464 19.5446
299.8534 19.5391
299.8603 19.5336
299.8673 19.5281
299.8743 19.5227
299.8813 19.5172
299.8883 19.5117
299.8953 19.5063
299.9023 19.5008
299.9093 19.4953
299.9163 19.4898
299.9233 19.4844
299.9303 19.4789
299.9373 19.4734
299.9443 19.4680
299.9513 19.4625
299.9583 19.4570
299.9653 19.4516
299.9723 19.4461
299.9793 19.4406
299.9863 19.4351
299.9933 19.4297
300.0003 19.4242
300.0073 19.4187
300.0143 19.4133
300.0213 19.4078
300.0283 19.4023
300.0353 19.3969
300.0423 19.3914
300.0493 19.3859
300.0563 19.3804
300.0633 19.3750
300.0703 19.3695
300.0773 19.3640
300.0843 19.3586
300.0914 19.3531
300.0984 19.3476
300.1054 19.3422
300.1124 19.3367
300.1194 19.3312
300.1264 19.3258
300.1334 19.3203
300.1404 19.3148
300.1475 19.3094
300.1545 19.3039
300.1615 19.2984
300.1685 19.2930
300.1755 19.2875
300.1825 19.2820
300.1896 19.2765
300.1966 19.2711
300.2036 19.2656
300.2106 19.2601
300.2176 19.2547
300.2247 19.2492
300.2317 19.2437
300.2387 19.2383
300.2457 19.2328
300.2528 19.2273
300.2598 19.2219
300.2668 19.2164
300.2738 19.2109
300.2809 19.2055
300.2879 19.2000
300.2949 19.1946
300.3019 19.1891
300.3090 19.1836
300.3160 19.1782
300.3230 19.1727
300.3301 19.1672
300.3371 19.1618
300.3441 19.1563
300.3512 19.1508
300.3582 19.1454
300.3652 19.1399
300.3723 19.1344
300.3793 19.1290
300.3863 19.1235
300.3934 19.1180
300.4004 19.1126
300.4074 19.1071
300.4145 19.1016
300.4215 19.0962
300.4286 19.0907
300.4356 19.0853
300.4426 19.0798
300.4497 19.0743
300.4567 19.0689
300.4638 19.0634
300.4708 19.0579
300.4778 19.0525
300.4849 19.0470
300.4919 19.0416
300.4990 19.0361
300.5060 19.0306
300.5131 19.0252
300.5201 19.0197
300.5272 19.0142
300.5342 19.0088
300.5413 19.0033
300.5483 18.9979
300.5554 18.9924
300.5624 18.9869
300.5695 18.9815
300.5765 18.9760
300.5836 18.9705
300.5906 18.9651
300.5977 18.9596
300.6047 18.9542
300.6118 18.9487
300.6189 18.9432
300.6259 18.9378
300.6330 18.9323
300.6400 18.9269
300.6471 18.9214
300.6542 18.9159
300.6612 18.9105
300.6683 18.9050
300.6753 18.8996
300.6824 18.8941
300.6895 18.8886
300.6965 18.8832
300.7036 18.8777
300.7107 18.8723
300.7177 18.8668
300.7248 18.8613
300.7318 18.8559
300.7389 18.8504
300.7460 18.8450
300.7531 18.8395
300.7601 18.8340
300.7672 18.8286
300.7743 18.8231
300.7813 18.8177
300.7884 18.8122
300.7955 18.8068
300.8026 18.8013
300.8096 18.7958
300.8167 18.7904
300.8238 18.7849
300.8308 18.7795
300.8379 18.7740
300.8450 18.7686
300.8521 18.7631
300.8592 18.7576
300.8662 18.7522
300.8733 18.7467
300.8804 18.7413
300.8875 18.7358
300.8946 18.7304
300.9016 18.7249
300.9087 18.7195
300.9158 18.7140
300.9229 18.7085
300.9300 18.7031
300.9371 18.6976
300.9441 18.6922
300.9512 18.6867
300.9583 18.6813
300.9654 18.6758
300.9725 18.6704
300.9796 18.6649
300.9867 18.6594
300.9938 18.6540
301.0009 18.6485
301.0079 18.6431
301.0150 18.6376
301.0221 18.6322
301.0292 18.6267
301.0363 18.6213
301.0434 18.6158
301.0505 18.6104
301.0576 18.6049
301.0647 18.5995
301.0718 18.5940
301.0789 18.5886
301.0860 18.5831
301.0931 18.5776
301.1002 18.5722
301.1073 18.5667
301.1144 18.5613
301.1215 18.5558
301.1286 18.5504
301.1357 18.5449
301.1428 18.5395
301.1499 18.5340
301.1570 18.5286
301.1641 18.5231
301.1712 18.5177
301.1783 18.5122
301.1855 18.5068
301.1926 18.5013
301.1997 18.4959
301.2068 18.4904
301.2139 18.4850
301.2210 18.4795
301.2281 18.4741
301.2352 18.4686
301.2423 18.4632
301.2495 18.4577
301.2566 18.4523
301.2637 18.4468
301.2708 18.4414
301.2779 18.4359
301.2850 18.4305
301.2922 18.4250
301.2993 18.4196
301.3064 18.4141
301.3135 18.4087
301.3206 18.4033
301.3278 18.3978
301.3349 18.3924
301.3420 18.3869
301.3491 18.3815
301.3562 18.3760
301.3634 18.3706
301.3705 18.3651
301.3776 18.3597
301.3847 18.3542
301.3919 18.3488
301.3990 18.3433
301.4061 18.3379
301.4133 18.3324
301.4204 18.3270
301.4275 18.3216
301.4346 18.3161
301.4418 18.3107
301.4489 18.3052
301.4560 18.2998
301.4632 18.2943
301.4703 18.2889
301.4774 18.2834
301.4846 18.2780
301.4917 18.2726
301.4989 18.2671
301.5060 18.2617
301.5131 18.2562
301.5203 18.2508
301.5274 18.2453
301.5346 18.2399
301.5417 18.2345
301.5488 18.2290
301.5560 18.2236
301.5631 18.2181
301.5703 18.2127
301.5774 18.2072
301.5846 18.2018
301.5917 18.1964
301.5988 18.1909
301.6060 18.1855
301.6131 18.1800
301.6203 18.1746
301.6274 18.1692
301.6346 18.1637
301.6417 18.1583
301.6489 18.1528
301.6560 18.1474
301.6632 18.1419
301.6703 18.1365
301.6775 18.1311
301.6847 18.1256
301.6918 18.1202
301.6990 18.1148
301.7061 18.1093
301.7133 18.1039
301.7204 18.0984
301.7276 18.0930
301.7347 18.0876
301.7419 18.0821
301.7491 18.0767
301.7562 18.0712
301.7634 18.0658
301.7706 18.0604
301.7777 18.0549
301.7849 18.0495
301.7920 18.0441
301.7992 18.0386
301.8064 18.0332
301.8135 18.0277
301.8207 18.0223
301.8279 18.0169
301.8350 18.0114
301.8422 18.0060
301.8494 18.0006
301.8566 17.9951
301.8637 17.9897
301.8709 17.9843
301.8781 17.9788
301.8852 17.9734
301.8924 17.9680
301.8996 17.9625
301.9068 17.9571
301.9139 17.9517
301.9211 17.9462
301.9283 17.9408
301.9355 17.9354
301.9427 17.9299
301.9498 17.9245
301.9570 17.9191
301.9642 17.9136
301.9714 17.9082
301.9786 17.9028
301.9857 17.8973
301.9929 17.8919
302.0001 17.8865
302.0073 17.8810
302.0145 17.8756
302.0217 17.8702
302.0288 17.8647
302.0360 17.8593
302.0432 17.8539
302.0504 17.8484
302.0576 17.8430
302.0648 17.8376
302.0720 17.8322
302.0792 17.8267
302.0864 17.8213
302.0936 17.8159
302.1008 17.8104
302.1079 17.8050
302.1151 17.7996
302.1223 17.7942
302.1295 17.7887
302.1367 17.7833
302.1439 17.7779
302.1511 17.7724
302.1583 17.7670
302.1655 17.7616
302.1727 17.7562
302.1799 17.7507
302.1871 17.7453
302.1943 17.7399
302.2015 17.7345
302.2087 17.7290
302.2159 17.7236
302.2231 17.7182
302.2304 17.7127
302.2376 17.7073
302.2448 17.7019
302.2520 17.6965
302.2592 17.6910
302.2664 17.6856
302.2736 17.6802
302.2808 17.6748
302.2880 17.6694
302.2952 17.6639
302.3024 17.6585
302.3097 17.6531
302.3169 17.6477
302.3241 17.6422
302.3313 17.6368
302.3385 17.6314
302.3457 17.6260
302.3530 17.6205
302.3602 17.6151
302.3674 17.6097
302.3746 17.6043
302.3818 17.5989
302.3891 17.5934
302.3963 17.5880
302.4035 17.5826
302.4107 17.5772
302.4180 17.5717
302.4252 17.5663
302.4324 17.5609
302.4396 17.5555
302.4469 17.5501
302.4541 17.5446
302.4613 17.5392
302.4685 17.5338
302.4758 17.5284
302.4830 17.5230
302.4902 17.5176
302.4975 17.5121
302.5047 17.5067
302.5119 17.5013
302.5192 17.4959
302.5264 17.4905
302.5336 17.4850
302.5409 17.4796
302.5481 17.4742
302.5553 17.4688
302.5626 17.4634
302.5698 17.4580
302.5771 17.4525
302.5843 17.4471
302.5915 17.4417
302.5988 17.4363
302.6060 17.4309
302.6133 17.4255
302.6205 17.4201
302.6278 17.4146
302.6350 17.4092
302.6422 17.4038
302.6495 17.3984
302.6567 17.3930
302.6640 17.3876
302.6712 17.3822
302.6785 17.3767
302.6857 17.3713
302.6930 17.3659
302.7002 17.3605
302.7075 17.3551
302.7147 17.3497
302.7220 17.3443
302.7293 17.3389
302.7365 17.3334
302.7438 17.3280
302.7510 17.3226
302.7583 17.3172
302.7655 17.3118
302.7728 17.3064
302.7801 17.3010
302.7873 17.2956
302.7946 17.2902
302.8018 17.2847
302.8091 17.2793
302.8164 17.2739
302.8236 17.2685
302.8309 17.2631
302.8382 17.2577
302.8454 17.2523
302.8527 17.2469
302.8600 17.2415
302.8672 17.2361
302.8745 17.2307
302.8818 17.2253
302.8890 17.2199
302.8963 17.2144
302.9036 17.2090
302.9108 17.2036
302.9181 17.1982
302.9254 17.1928
302.9327 17.1874
302.9399 17.1820
302.9472 17.1766
302.9545 17.1712
302.9618 17.1658
302.9691 17.1604
302.9763 17.1550
302.9836 17.1496
302.9909 17.1442
302.9982 17.1388
303.0055 17.1334
303.0127 17.1280
303.0200 17.1226
303.0273 17.1172
303.0346 17.1118
303.0419 17.1064
303.0492 17.1010
303.0564 17.0956
303.0637 17.0902
303.0710 17.0848
303.0783 17.0794
303.0856 17.0740
303.0929 17.0686
303.1002 17.0631
303.1075 17.0577
303.1148 17.0524
303.1221 17.0470
303.1294 17.0416
303.1367 17.0362
303.1439 17.0308
303.1512 17.0254
303.1585 17.0200
303.1658 17.0146
303.1731 17.0092
303.1804 17.0038
303.1877 16.9984
303.1950 16.9930
303.2023 16.9876
303.2096 16.9822
303.2169 16.9768
303.2242 16.9714
303.2315 16.9660
303.2389 16.9606
303.2462 16.9552
303.2535 16.9498
303.2608 16.9444
303.2681 16.9390
303.2754 16.9336
303.2827 16.9282
303.2900 16.9228
303.2973 16.9174
303.3046 16.9120
303.3119 16.9066
303.3193 16.9013
303.3266 16.8959
303.3339 16.8905
303.3412 16.8851
303.3485 16.8797
303.3558 16.8743
303.3631 16.8689
303.3705 16.8635
303.3778 16.8581
303.3851 16.8527
303.3924 16.8473
303.3997 16.8419
303.4071 16.8366
303.4144 16.8312
303.4217 16.8258
303.4290 16.8204
303.4364 16.8150
303.4437 16.8096
303.4510 16.8042
303.4583 16.7988
303.4657 16.7934
303.4730 16.7881
303.4803 16.7827
303.4877 16.7773
303.4950 16.7719
303.5023 16.7665
303.5097 16.7611
303.5170 16.7557
303.5243 16.7503
303.5317 16.7450
303.5390 16.7396
303.5463 16.7342
303.5537 16.7288
303.5610 16.7234
303.5683 16.7180
303.5757 16.7126
303.5830 16.7073
303.5904 16.7019
303.5977 16.6965
303.6050 16.6911
303.6124 16.6857
303.6197 16.6803
303.6271 16.6750
303.6344 16.6696
303.6418 16.6642
303.6491 16.6588
303.6564 16.6534
303.6638 16.6481
303.6711 16.6427
303.6785 16.6373
303.6858 16.6319
303.6932 16.6265
303.7005 16.6212
303.7079 16.6158
303.7153 16.6104
303.7226 16.6050
303.7300 16.5996
303.7373 16.5943
303.7447 16.5889
303.7520 16.5835
303.7594 16.5781
303.7667 16.5727
303.7741 16.5674
303.7815 16.5620
303.7888 16.5566
303.7962 16.5512
303.8035 16.5459
303.8109 16.5405
303.8183 16.5351
303.8256 16.5297
303.8330 16.5244
303.8404 16.5190
303.8477 16.5136
303.8551 16.5082
303.8625 16.5029
303.8698 16.4975
303.8772 16.4921
303.8846 16.4867
303.8919 16.4814
303.8993 16.4760
303.9067 16.4706
303.9141 16.4653
303.9214 16.4599
303.9288 16.4545
303.9362 16.4491
303.9436 16.4438
303.9509 16.4384
303.9583 16.4330
303.9657 16.4277
303.9731 16.4223
303.9805 16.4169
303.9878 16.4115
303.9952 16.4062
304.0026 16.4008
304.0100 16.3954
304.0174 16.3901
304.0247 16.3847
304.0321 16.3793
304.0395 16.3740
304.0469 16.3686
304.0543 16.3632
304.0617 16.3579
304.0691 16.3525
304.0765 16.3471
304.0839 16.3418
304.0912 16.3364
304.0986 16.3310
304.1060 16.3257
304.1134 16.3203
304.1208 16.3149
304.1282 16.3096
304.1356 16.3042
304.1430 16.2989
304.1504 16.2935
304.1578 16.2881
304.1652 16.2828
304.1726 16.2774
304.1800 16.2720
304.1874 16.2667
304.1948 16.2613
304.2022 16.2560
304.2096 16.2506
304.2170 16.2452
304.2244 16.2399
304.2318 16.2345
304.2392 16.2292
304.2466 16.2238
304.2540 16.2184
304.2615 16.2131
304.2689 16.2077
304.2763 16.2024
304.2837 16.1970
304.2911 16.1916
304.2985 16.1863
304.3059 16.1809
304.3133 16.1756
304.3208 16.1702
304.3282 16.1649
304.3356 16.1595
304.3430 16.1541
304.3504 16.1488
304.3578 16.1434
304.3653 16.1381
304.3727 16.1327
304.3801 16.1274
304.3875 16.1220
304.3949 16.1167
304.4024 16.1113
304.4098 16.1060
304.4172 16.1006
304.4246 16.0953
304.4321 16.0899
304.4395 16.0845
304.4469 16.0792
304.4544 16.0738
304.4618 16.0685
304.4692 16.0631
304.4767 16.0578
304.4841 16.0524
304.4915 16.0471
304.4990 16.0417
304.5064 16.0364
304.5138 16.0310
304.5213 16.0257
304.5287 16.0203
304.5361 16.0150
304.5436 16.0097
304.5510 16.0043
304.5585 15.9990
304.5659 15.9936
304.5733 15.9883
304.5808 15.9829
304.5882 15.9776
304.5957 15.9722
304.6031 15.9669
304.6106 15.9615
304.6180 15.9562
304.6254 15.9508
304.6329 15.9455
304.6403 15.9402
304.6478 15.9348
304.6552 15.9295
304.6627 15.9241
304.6701 15.9188
304.6776 15.9134
304.6851 15.9081
304.6925 15.9028
304.7000 15.8974
304.7074 15.8921
304.7149 15.8867
304.7223 15.8814
304.7298 15.8761
304.7372 15.8707
304.7447 15.8654
304.7522 15.8600
304.7596 15.8547
304.7671 15.8494
304.7746 15.8440
304.7820 15.8387
304.7895 15.8333
304.7969 15.8280
304.8044 15.8227
304.8119 15.8173
304.8193 15.8120
304.8268 15.8067
304.8343 15.8013
304.8418 15.7960
304.8492 15.7907
304.8567 15.7853
304.8642 15.7800
304.8716 15.7746
304.8791 15.7693
304.8866 15.7640
304.8941 15.7586
304.9015 15.7533
304.9090 15.7480
304.9165 15.7427
304.9240 15.7373
304.9315 15.7320
304.9389 15.7267
304.9464 15.7213
304.9539 15.7160
304.9614 15.7107
304.9689 15.7053
304.9763 15.7000
304.9838 15.6947
304.9913 15.6893
304.9988 15.6840
305.0063 15.6787
305.0138 15.6734
305.0213 15.6680
305.0288 15.6627
305.0363 15.6574
305.0437 15.6520
305.0512 15.6467
305.0587 15.6414
305.0662 15.6361
305.0737 15.6307
305.0812 15.6254
305.0887 15.6201
305.0962 15.6148
305.1037 15.6094
305.1112 15.6041
305.1187 15.5988
305.1262 15.5935
305.1337 15.5882
305.1412 15.5828
305.1487 15.5775
305.1562 15.5722
305.1637 15.5669
305.1712 15.5615
305.1787 15.5562
305.1862 15.5509
305.1937 15.5456
305.2012 15.5403
305.2088 15.5349
305.2163 15.5296
305.2238 15.5243
305.2313 15.5190
305.2388 15.5137
305.2463 15.5083
305.2538 15.5030
305.2613 15.4977
305.2689 15.4924
305.2764 15.4871
305.2839 15.4818
305.2914 15.4764
305.2989 15.4711
305.3064 15.4658
305.3140 15.4605
305.3215 15.4552
305.3290 15.4499
305.3365 15.4446
305.3441 15.4392
305.3516 15.4339
305.3591 15.4286
305.3666 15.4233
305.3742 15.4180
305.3817 15.4127
305.3892 15.4074
305.3967 15.4021
305.4043 15.3968
305.4118 15.3914
305.4193 15.3861
305.4269 15.3808
305.4344 15.3755
305.4419 15.3702
305.4495 15.3649
305.4570 15.3596
305.4645 15.3543
305.4721 15.3490
305.4796 15.3437
305.4872 15.3384
305.4947 15.3330
305.5022 15.3277
305.5098 15.3224
305.5173 15.3171
305.5249 15.3118
305.5324 15.3065
305.5399 15.3012
305.5475 15.2959
305.5550 15.2906
305.5626 15.2853
305.5701 15.2800
305.5777 15.2747
305.5852 15.2694
305.5928 15.2641
305.6003 15.2588
305.6079 15.2535
305.6154 15.2482
305.6230 15.2429
305.6305 15.2376
305.6381 15.2323
305.6457 15.2270
305.6532 15.2217
305.6608 15.2164
305.6683 15.2111
305.6759 15.2058
305.6834 15.2005
305.6910 15.1952
305.6986 15.1899
305.7061 15.1846
305.7137 15.1793
305.7213 15.1740
305.7288 15.1687
305.7364 15.1634
305.7440 15.1581
305.7515 15.1528
305.7591 15.1475
305.7667 15.1422
305.7742 15.1370
305.7818 15.1317
305.7894 15.1264
305.7969 15.1211
305.8045 15.1158
305.8121 15.1105
305.8197 15.1052
305.8272 15.0999
305.8348 15.0946
305.8424 15.0893
305.8500 15.0840
305.8576 15.0787
305.8651 15.0735
305.8727 15.0682
305.8803 15.0629
305.8879 15.0576
305.8955 15.0523
305.9030 15.0470
305.9106 15.0417
305.9182 15.0364
305.9258 15.0312
305.9334 15.0259
305.9410 15.0206
305.9486 15.0153
305.9562 15.0100
305.9637 15.0047
305.9713 14.9995
305.9789 14.9942
305.9865 14.9889
305.9941 14.9836
306.0017 14.9783
306.0093 14.9730
306.0169 14.9678
306.0245 14.9625
306.0321 14.9572
306.0397 14.9519
306.0473 14.9466
306.0549 14.9414
306.0625 14.9361
306.0701 14.9308
306.0777 14.9255
306.0853 14.9202
306.0929 14.9150
306.1005 14.9097
306.1081 14.9044
306.1157 14.8991
306.1233 14.8938
306.1309 14.8886
306.1386 14.8833
306.1462 14.8780
306.1538 14.8727
306.1614 14.8675
306.1690 14.8622
306.1766 14.8569
306.1842 14.8516
306.1918 14.8464
306.1995 14.8411
306.2071 14.8358
306.2147 14.8306
306.2223 14.8253
306.2299 14.8200
306.2376 14.8147
306.2452 14.8095
306.2528 14.8042
306.2604 14.7989
306.2681 14.7937
306.2757 14.7884
306.2833 14.7831
306.2909 14.7779
306.2986 14.7726
306.3062 14.7673
306.3138 14.7621
306.3214 14.7568
306.3291 14.7515
306.3367 14.7463
306.3443 14.7410
306.3520 14.7357
306.3596 14.7305
306.3672 14.7252
306.3749 14.7199
306.3825 14.7147
306.3902 14.7094
306.3978 14.7041
306.4054 14.6989
306.4131 14.6936
306.4207 14.6884
306.4284 14.6831
306.4360 14.6778
306.4436 14.6726
306.4513 14.6673
306.4589 14.6621
306.4666 14.6568
306.4742 14.6515
306.4819 14.6463
306.4895 14.6410
306.4972 14.6358
306.5048 14.6305
306.5125 14.6252
306.5201 14.6200
306.5278 14.6147
306.5354 14.6095
306.5431 14.6042
306.5507 14.5990
306.5584 14.5937
306.5661 14.5885
306.5737 14.5832
306.5814 14.5780
306.5890 14.5727
306.5967 14.5674
306.6044 14.5622
306.6120 14.5569
306.6197 14.5517
306.6273 14.5464
306.6350 14.5412
306.6427 14.5359
306.6503 14.5307
306.6580 14.5254
306.6657 14.5202
306.6733 14.5149
306.6810 14.5097
306.6887 14.5044
306.6964 14.4992
306.7040 14.4940
306.7117 14.4887
306.7194 14.4835
306.7271 14.4782
306.7347 14.4730
306.7424 14.4677
306.7501 14.4625
306.7578 14.4572
306.7654 14.4520
306.7731 14.4468
306.7808 14.4415
306.7885 14.4363
306.7962 14.4310
306.8039 14.4258
306.8115 14.4205
306.8192 14.4153
306.8269 14.4101
306.8346 14.4048
306.8423 14.3996
306.8500 14.3943
306.8577 14.3891
306.8654 14.3839
306.8730 14.3786
306.8807 14.3734
306.8884 14.3682
306.8961 14.3629
306.9038 14.3577
306.9115 14.3524
306.9192 14.3472
306.9269 14.3420
306.9346 14.3367
306.9423 14.3315
306.9500 14.3263
306.9577 14.3210
306.9654 14.3158
306.9731 14.3106
306.9808 14.3053
306.9885 14.3001
306.9962 14.2949
307.0039 14.2896
307.0116 14.2844
307.0194 14.2792
307.0271 14.2740
307.0348 14.2687
307.0425 14.2635
307.0502 14.2583
307.0579 14.2530
307.0656 14.2478
307.0733 14.2426
307.0810 14.2374
307.0888 14.2321
307.0965 14.2269
307.1042 14.2217
307.1119 14.2165
307.1196 14.2112
307.1274 14.2060
307.1351 14.2008
307.1428 14.1956
307.1505 14.1903
307.1582 14.1851
307.1660 14.1799
307.1737 14.1747
307.1814 14.1694
307.1891 14.1642
307.1969 14.1590
307.2046 14.1538
307.2123 14.1486
307.2201 14.1434
307.2278 14.1381
307.2355 14.1329
307.2433 14.1277
307.2510 14.1225
307.2587 14.1173
307.2665 14.1120
307.2742 14.1068
307.2819 14.1016
307.2897 14.0964
307.2974 14.0912
307.3052 14.0860
307.3129 14.0808
307.3206 14.0755
307.3284 14.0703
307.3361 14.0651
307.3439 14.0599
307.3516 14.0547
307.3594 14.0495
307.3671 14.0443
307.3749 14.0391
307.3826 14.0339
307.3904 14.0286
307.3981 14.0234
307.4059 14.0182
307.4136 14.0130
307.4214 14.0078
307.4291 14.0026
307.4369 13.9974
307.4446 13.9922
307.4524 13.9870
307.4602 13.9818
307.4679 13.9766
307.4757 13.9714
307.4834 13.9662
307.4912 13.9610
307.4990 13.9558
307.5067 13.9506
307.5145 13.9454
307.5222 13.9402
307.5300 13.9349
307.5378 13.9297
307.5455 13.9245
307.5533 13.9193
307.5611 13.9141
307.5689 13.9089
307.5766 13.9037
307.5844 13.8986
307.5922 13.8934
307.5999 13.8882
307.6077 13.8830
307.6155 13.8778
307.6233 13.8726
307.6310 13.8674
307.6388 13.8622
307.6466 13.8570
307.6544 13.8518
307.6622 13.8466
307.6699 13.8414
307.6777 13.8362
307.6855 13.8310
307.6933 13.8258
307.7011 13.8206
307.7089 13.8154
307.7167 13.8102
307.7244 13.8051
307.7322 13.7999
307.7400 13.7947
307.7478 13.7895
307.7556 13.7843
307.7634 13.7791
307.7712 13.7739
307.7790 13.7687
307.7868 13.7636
307.7946 13.7584
307.8024 13.7532
307.8102 13.7480
307.8180 13.7428
307.8258 13.7376
307.8336 13.7324
307.8414 13.7273
307.8492 13.7221
307.8570 13.7169
307.8648 13.7117
307.8726 13.7065
307.8804 13.7013
307.8882 13.6962
307.8960 13.6910
307.9038 13.6858
307.9116 13.6806
307.9194 13.6755
307.9273 13.6703
307.9351 13.6651
307.9429 13.6599
307.9507 13.6547
307.9585 13.6496
307.9663 13.6444
307.9741 13.6392
307.9820 13.6340
307.9898 13.6289
307.9976 13.6237
308.0054 13.6185
308.0132 13.6133
308.0211 13.6082
308.0289 13.6030
308.0367 13.5978
308.0445 13.5927
308.0524 13.5875
308.0602 13.5823
308.0680 13.5771
308.0758 13.5720
308.0837 13.5668
308.0915 13.5616
308.0993 13.5565
308.1072 13.5513
308.1150 13.5461
308.1228 13.5410
308.1307 13.5358
308.1385 13.5306
308.1463 13.5255
308.1542 13.5203
308.1620 13.5151
308.1699 13.5100
308.1777 13.5048
308.1855 13.4996
308.1934 13.4945
308.2012 13.4893
308.2091 13.4842
308.2169 13.4790
308.2248 13.4738
308.2326 13.4687
308.2405 13.4635
308.2483 13.4584
308.2562 13.4532
308.2640 13.4480
308.2719 13.4429
308.2797 13.4377
308.2876 13.4326
308.2954 13.4274
308.3033 13.4223
308.3111 13.4171
308.3190 13.4120
308.3268 13.4068
308.3347 13.4016
308.3426 13.3965
308.3504 13.3913
308.3583 13.3862
308.3661 13.3810
308.3740 13.3759
308.3819 13.3707
308.3897 13.3656
308.3976 13.3604
308.4055 13.3553
308.4133 13.3501
308.4212 13.3450
308.4291 13.3398
308.4369 13.3347
308.4448 13.3295
308.4527 13.3244
308.4606 13.3192
308.4684 13.3141
308.4763 13.3090
308.4842 13.3038
308.4921 13.2987
308.4999 13.2935
308.5078 13.2884
308.5157 13.2832
308.5236 13.2781
308.5315 13.2730
308.5393 13.2678
308.5472 13.2627
308.5551 13.2575
308.5630 13.2524
308.5709 13.2473
308.5788 13.2421
308.5867 13.2370
308.5946 13.2318
308.6024 13.2267
308.6103 13.2216
308.6182 13.2164
308.6261 13.2113
308.6340 13.2062
308.6419 13.2010
308.6498 13.1959
308.6577 13.1908
308.6656 13.1856
308.6735 13.1805
308.6814 13.1754
308.6893 13.1702
308.6972 13.1651
308.7051 13.1600
308.7130 13.1548
308.7209 13.1497
308.7288 13.1446
308.7367 13.1394
308.7446 13.1343
308.7525 13.1292
308.7604 13.1241
308.7683 13.1189
308.7763 13.1138
308.7842 13.1087
308.7921 13.1036
308.8000 13.0984
308.8079 13.0933
308.8158 13.0882
308.8237 13.0831
308.8317 13.0779
308.8396 13.0728
308.8475 13.0677
308.8554 13.0626
308.8633 13.0575
308.8712 13.0523
308.8792 13.0472
308.8871 13.0421
308.8950 13.0370
308.9029 13.0319
308.9109 13.0267
308.9188 13.0216
308.9267 13.0165
308.9347 13.0114
308.9426 13.0063
308.9505 13.0012
308.9584 12.9960
308.9664 12.9909
308.9743 12.9858
308.9822 12.9807
308.9902 12.9756
308.9981 12.9705
309.0061 12.9654
309.0140 12.9603
309.0219 12.9551
309.0299 12.9500
309.0378 12.9449
309.0458 12.9398
309.0537 12.9347
309.0616 12.9296
309.0696 12.9245
309.0775 12.9194
309.0855 12.9143
309.0934 12.9092
309.1014 12.9041
309.1093 12.8990
309.1173 12.8939
309.1252 12.8888
309.1332 12.8837
309.1411 12.8786
309.1491 12.8734
309.1570 12.8683
309.1650 12.8632
309.1730 12.8581
309.1809 12.8530
309.1889 12.8479
309.1968 12.8428
309.2048 12.8377
309.2128 12.8327
309.2207 12.8276
309.2287 12.8225
309.2366 12.8174
309.2446 12.8123
309.2526 12.8072
309.2605 12.8021
309.2685 12.7970
309.2765 12.7919
309.2845 12.7868
309.2924 12.7817
309.3004 12.7766
309.3084 12.7715
309.3163 12.7664
309.3243 12.7613
309.3323 12.7562
309.3403 12.7512
309.3483 12.7461
309.3562 12.7410
309.3642 12.7359
309.3722 12.7308
309.3802 12.7257
309.3882 12.7206
309.3961 12.7155
309.4041 12.7105
309.4121 12.7054
309.4201 12.7003
309.4281 12.6952
309.4361 12.6901
309.4441 12.6850
309.4520 12.6800
309.4600 12.6749
309.4680 12.6698
309.4760 12.6647
309.4840 12.6596
309.4920 12.6546
309.5000 12.6495
309.5080 12.6444
309.5160 12.6393
309.5240 12.6342
309.5320 12.6292
309.5400 12.6241
309.5480 12.6190
309.5560 12.6139
309.5640 12.6089
309.5720 12.6038
309.5800 12.5987
309.5880 12.5936
309.5960 12.5886
309.6040 12.5835
309.6120 12.5784
309.6201 12.5734
309.6281 12.5683
309.6361 12.5632
309.6441 12.5581
309.6521 12.5531
309.6601 12.5480
309.6681 12.5429
309.6762 12.5379
309.6842 12.5328
309.6922 12.5277
309.7002 12.5227
309.7082 12.5176
309.7163 12.5126
309.7243 12.5075
309.7323 12.5024
309.7403 12.4974
309.7483 12.4923
309.7564 12.4872
309.7644 12.4822
309.7724 12.4771
309.7805 12.4721
309.7885 12.4670
309.7965 12.4619
309.8046 12.4569
309.8126 12.4518
309.8206 12.4468
309.8287 12.4417
309.8367 12.4367
309.8447 12.4316
309.8528 12.4265
309.8608 12.4215
309.8688 12.4164
309.8769 12.4114
309.8849 12.4063
309.8930 12.4013
309.9010 12.3962
309.9091 12.3912
309.9171 12.3861
309.9252 12.3811
309.9332 12.3760
309.9412 12.3710
309.9493 12.3659
309.9573 12.3609
309.9654 12.3558
309.9735 12.3508
309.9815 12.3457
309.9896 12.3407
309.9976 12.3357
310.0057 12.3306
310.0137 12.3256
310.0218 12.3205
310.0298 12.3155
310.0379 12.3104
310.0460 12.3054
310.0540 12.3004
310.0621 12.2953
310.0702 12.2903
310.0782 12.2852
310.0863 12.2802
310.0944 12.2752
310.1024 12.2701
310.1105 12.2651
310.1186 12.2600
310.1266 12.2550
310.1347 12.2500
310.1428 12.2449
310.1508 12.2399
310.1589 12.2349
310.1670 12.2298
310.1751 12.2248
310.1832 12.2198
310.1912 12.2147
310.1993 12.2097
310.2074 12.2047
310.2155 12.1997
310.2236 12.1946
310.2316 12.1896
310.2397 12.1846
310.2478 12.1795
310.2559 12.1745
310.2640 12.1695
310.2721 12.1645
310.2802 12.1594
310.2883 12.1544
310.2963 12.1494
310.3044 12.1444
310.3125 12.1393
310.3206 12.1343
310.3287 12.1293
310.3368 12.1243
310.3449 12.1193
310.3530 12.1142
310.3611 12.1092
310.3692 12.1042
310.3773 12.0992
310.3854 12.0942
310.3935 12.0892
310.4016 12.0841
310.4097 12.0791
310.4178 12.0741
310.4259 12.0691
310.4340 12.0641
310.4422 12.0591
310.4503 12.0540
310.4584 12.0490
310.4665 12.0440
310.4746 12.0390
310.4827 12.0340
310.4908 12.0290
310.4989 12.0240
310.5071 12.0190
310.5152 12.0140
310.5233 12.0090
310.5314 12.0040
310.5395 11.9989
310.5477 11.9939
310.5558 11.9889
310.5639 11.9839
310.5720 11.9789
310.5802 11.9739
310.5883 11.9689
310.5964 11.9639
310.6045 11.9589
310.6127 11.9539
310.6208 11.9489
310.6289 11.9439
310.6371 11.9389
310.6452 11.9339
310.6533 11.9289
310.6615 11.9239
310.6696 11.9189
310.6777 11.9139
310.6859 11.9089
310.6940 11.9039
310.7022 11.8989
310.7103 11.8939
310.7184 11.8890
310.7266 11.8840
310.7347 11.8790
310.7429 11.8740
310.7510 11.8690
310.7592 11.8640
310.7673 11.8590
310.7755 11.8540
310.7836 11.8490
310.7918 11.8440
310.7999 11.8390
310.8081 11.8341
310.8162 11.8291
310.8244 11.8241
310.8325 11.8191
310.8407 11.8141
310.8489 11.8091
310.8570 11.8042
310.8652 11.7992
310.8733 11.7942
310.8815 11.7892
310.8897 11.7842
310.8978 11.7792
310.9060 11.7743
310.9142 11.7693
310.9223 11.7643
310.9305 11.7593
310.9387 11.7544
310.9468 11.7494
310.9550 11.7444
310.9632 11.7394
310.9714 11.7345
310.9795 11.7295
310.9877 11.7245
310.9959 11.7195
311.0041 11.7146
311.0122 11.7096
311.0204 11.7046
311.0286 11.6996
311.0368 11.6947
311.0450 11.6897
311.0531 11.6847
311.0613 11.6798
311.0695 11.6748
311.0777 11.6698
311.0859 11.6649
311.0941 11.6599
311.1023 11.6549
311.1104 11.6500
311.1186 11.6450
311.1268 11.6400
311.1350 11.6351
311.1432 11.6301
311.1514 11.6252
311.1596 11.6202
311.1678 11.6152
311.1760 11.6103
311.1842 11.6053
311.1924 11.6004
311.2006 11.5954
311.2088 11.5904
311.2170 11.5855
311.2252 11.5805
311.2334 11.5756
311.2416 11.5706
311.2498 11.5657
311.2580 11.5607
311.2663 11.5558
311.2745 11.5508
311.2827 11.5459
311.2909 11.5409
311.2991 11.5360
311.3073 11.5310
311.3155 11.5261
311.3237 11.5211
311.3320 11.5162
311.3402 11.5112
311.3484 11.5063
311.3566 11.5013
311.3648 11.4964
311.3731 11.4914
311.3813 11.4865
311.3895 11.4815
311.3977 11.4766
311.4060 11.4717
311.4142 11.4667
311.4224 11.4618
311.4306 11.4568
311.4389 11.4519
311.4471 11.4470
311.4553 11.4420
311.4636 11.4371
311.4718 11.4321
311.4800 11.4272
311.4883 11.4223
311.4965 11.4173
311.5048 11.4124
311.5130 11.4075
311.5212 11.4025
311.5295 11.3976
311.5377 11.3927
311.5460 11.3877
311.5542 11.3828
311.5624 11.3779
311.5707 11.3730
311.5789 11.3680
311.5872 11.3631
311.5954 11.3582
311.6037 11.3532
311.6119 11.3483
311.6202 11.3434
311.6284 11.3385
311.6367 11.3335
311.6450 11.3286
311.6532 11.3237
311.6615 11.3188
311.6697 11.3138
311.6780 11.3089
311.6863 11.3040
311.6945 11.2991
311.7028 11.2942
311.7110 11.2892
311.7193 11.2843
311.7276 11.2794
311.7358 11.2745
311.7441 11.2696
311.7524 11.2647
311.7606 11.2597
311.7689 11.2548
311.7772 11.2499
311.7855 11.2450
311.7937 11.2401
311.8020 11.2352
311.8103 11.2303
311.8186 11.2254
311.8268 11.2205
311.8351 11.2155
311.8434 11.2106
311.8517 11.2057
311.8600 11.2008
311.8682 11.1959
311.8765 11.1910
311.8848 11.1861
311.8931 11.1812
311.9014 11.1763
311.9097 11.1714
311.9180 11.1665
311.9263 11.1616
311.9345 11.1567
311.9428 11.1518
311.9511 11.1469
311.9594 11.1420
311.9677 11.1371
311.9760 11.1322
311.9843 11.1273
311.9926 11.1224
312.0009 11.1175
312.0092 11.1126
312.0175 11.1077
312.0258 11.1028
312.0341 11.0979
312.0424 11.0930
312.0507 11.0881
312.0590 11.0832
312.0673 11.0784
312.0757 11.0735
312.0840 11.0686
312.0923 11.0637
312.1006 11.0588
312.1089 11.0539
312.1172 11.0490
312.1255 11.0441
312.1338 11.0393
312.1422 11.0344
312.1505 11.0295
312.1588 11.0246
312.1671 11.0197
312.1754 11.0148
312.1838 11.0100
312.1921 11.0051
312.2004 11.0002
312.2087 10.9953
312.2171 10.9904
312.2254 10.9856
312.2337 10.9807
312.2420 10.9758
312.2504 10.9709
312.2587 10.9660
312.2670 10.9612
312.2754 10.9563
312.2837 10.9514
312.2920 10.9466
312.3004 10.9417
312.3087 10.9368
312.3171 10.9319
312.3254 10.9271
312.3337 10.9222
312.3421 10.9173
312.3504 10.9125
312.3588 10.9076
312.3671 10.9027
312.3754 10.8979
312.3838 10.8930
312.3921 10.8881
312.4005 10.8833
312.4088 10.8784
312.4172 10.8735
312.4255 10.8687
312.4339 10.8638
312.4423 10.8590
312.4506 10.8541
312.4590 10.8492
312.4673 10.8444
312.4757 10.8395
312.4840 10.8347
312.4924 10.8298
312.5008 10.8249
312.5091 10.8201
312.5175 10.8152
312.5259 10.8104
312.5342 10.8055
312.5426 10.8007
312.5510 10.7958
312.5593 10.7910
312.5677 10.7861
312.5761 10.7813
312.5844 10.7764
312.5928 10.7716
312.6012 10.7667
312.6096 10.7619
312.6179 10.7570
312.6263 10.7522
312.6347 10.7473
312.6431 10.7425
312.6514 10.7377
312.6598 10.7328
312.6682 10.7280
312.6766 10.7231
312.6850 10.7183
312.6934 10.7134
312.7017 10.7086
312.7101 10.7038
312.7185 10.6989
312.7269 10.6941
312.7353 10.6893
312.7437 10.6844
312.7521 10.6796
312.7605 10.6747
312.7689 10.6699
312.7773 10.6651
312.7857 10.6602
312.7941 10.6554
312.8025 10.6506
312.8109 10.6457
312.8193 10.6409
312.8277 10.6361
312.8361 10.6313
312.8445 10.6264
312.8529 10.6216
312.8613 10.6168
312.8697 10.6120
312.8781 10.6071
312.8865 10.6023
312.8949 10.5975
312.9033 10.5927
312.9117 10.5878
312.9202 10.5830
312.9286 10.5782
312.9370 10.5734
312.9454 10.5685
312.9538 10.5637
312.9622 10.5589
312.9707 10.5541
312.9791 10.5493
312.9875 10.5445
312.9959 10.5396
313.0043 10.5348
313.0128 10.5300
313.0212 10.5252
313.0296 10.5204
313.0381 10.5156
313.0465 10.5108
313.0549 10.5060
313.0633 10.5011
313.0718 10.4963
313.0802 10.4915
313.0886 10.4867
313.0971 10.4819
313.1055 10.4771
313.1140 10.4723
313.1224 10.4675
313.1308 10.4627
313.1393 10.4579
313.1477 10.4531
313.1562 10.4483
313.1646 10.4435
313.1730 10.4387
313.1815 10.4339
313.1899 10.4291
313.1984 10.4243
313.2068 10.4195
313.2153 10.4147
313.2237 10.4099
313.2322 10.4051
313.2406 10.4003
313.2491 10.3955
313.2576 10.3907
313.2660 10.3859
313.2745 10.3811
313.2829 10.3763
313.2914 10.3715
313.2998 10.3668
313.3083 10.3620
313.3168 10.3572
313.3252 10.3524
313.3337 10.3476
313.3422 10.3428
313.3506 10.3380
313.3591 10.3332
313.3676 10.3285
313.3760 10.3237
313.3845 10.3189
313.3930 10.3141
313.4015 10.3093
313.4099 10.3045
313.4184 10.2998
313.4269 10.2950
313.4354 10.2902
313.4438 10.2854
313.4523 10.2807
313.4608 10.2759
313.4693 10.2711
313.4778 10.2663
313.4863 10.2616
313.4947 10.2568
313.5032 10.2520
313.5117 10.2472
313.5202 10.2425
313.5287 10.2377
313.5372 10.2329
313.5457 10.2282
313.5542 10.2234
313.5627 10.2186
313.5712 10.2138
313.5796 10.2091
313.5881 10.2043
313.5966 10.1996
313.6051 10.1948
313.6136 10.1900
313.6221 10.1853
313.6306 10.1805
313.6391 10.1757
313.6477 10.1710
313.6562 10.1662
313.6647 10.1615
313.6732 10.1567
313.6817 10.1519
313.6902 10.1472
313.6987 10.1424
313.7072 10.1377
313.7157 10.1329
313.7242 10.1282
313.7328 10.1234
313.7413 10.1187
313.7498 10.1139
313.7583 10.1092
313.7668 10.1044
313.7753 10.0997
313.7839 10.0949
313.7924 10.0902
313.8009 10.0854
313.8094 10.0807
313.8180 10.0759
313.8265 10.0712
313.8350 10.0664
313.8435 10.0617
313.8521 10.0569
313.8606 10.0522
313.8691 10.0475
313.8777 10.0427
313.8862 10.0380
313.8947 10.0332
313.9033 10.0285
313.9118 10.0238
313.9203 10.0190
313.9289 10.0143
313.9374 10.0096
313.9460 10.0048
313.9545 10.0001
313.9631 9.9954
313.9716 9.9906
313.9801 9.9859
313.9887 9.9812
313.9972 9.9764
314.0058 9.9717
314.0143 9.9670
314.0229 9.9622
314.0314 9.9575
314.0400 9.9528
314.0486 9.9481
314.0571 9.9433
314.0657 9.9386
314.0742 9.9339
314.0828 9.9292
314.0913 9.9244
314.0999 9.9197
314.1085 9.9150
314.1170 9.9103
314.1256 9.9056
314.1342 9.9008
314.1427 9.8961
314.1513 9.8914
314.1599 9.8867
314.1684 9.8820
314.1770 9.8773
314.1856 9.8725
314.1941 9.8678
314.2027 9.8631
314.2113 9.8584
314.2199 9.8537
314.2284 9.8490
314.2370 9.8443
314.2456 9.8396
314.2542 9.8349
314.2628 9.8302
314.2713 9.8255
314.2799 9.8207
314.2885 9.8160
314.2971 9.8113
314.3057 9.8066
314.3143 9.8019
314.3229 9.7972
314.3315 9.7925
314.3400 9.7878
314.3486 9.7831
314.3572 9.7784
314.3658 9.7737
314.3744 9.7690
314.3830 9.7643
314.3916 9.7596
314.4002 9.7549
314.4088 9.7503
314.4174 9.7456
314.4260 9.7409
314.4346 9.7362
314.4432 9.7315
314.4518 9.7268
314.4604 9.7221
314.4690 9.7174
314.4777 9.7127
314.4863 9.7080
314.4949 9.7034
314.5035 9.6987
314.5121 9.6940
314.5207 9.6893
314.5293 9.6846
314.5379 9.6799
314.5466 9.6753
314.5552 9.6706
314.5638 9.6659
314.5724 9.6612
314.5810 9.6565
314.5897 9.6519
314.5983 9.6472
314.6069 9.6425
314.6155 9.6378
314.6242 9.6331
314.6328 9.6285
314.6414 9.6238
314.6500 9.6191
314.6587 9.6145
314.6673 9.6098
314.6759 9.6051
314.6846 9.6004
314.6932 9.5958
314.7019 9.5911
314.7105 9.5864
314.7191 9.5818
314.7278 9.5771
314.7364 9.5724
314.7451 9.5678
314.7537 9.5631
314.7623 9.5585
314.7710 9.5538
314.7796 9.5491
314.7883 9.5445
314.7969 9.5398
314.8056 9.5352
314.8142 9.5305
314.8229 9.5258
314.8315 9.5212
314.8402 9.5165
314.8488 9.5119
314.8575 9.5072
314.8662 9.5026
314.8748 9.4979
314.8835 9.4933
314.8921 9.4886
314.9008 9.4840
314.9095 9.4793
314.9181 9.4747
314.9268 9.4700
314.9355 9.4654
314.9441 9.4607
314.9528 9.4561
314.9615 9.4514
314.9701 9.4468
314.9788 9.4421
314.9875 9.4375
314.9961 9.4329
315.0048 9.4282
315.0135 9.4236
315.0222 9.4189
315.0309 9.4143
315.0395 9.4097
315.0482 9.4050
315.0569 9.4004
315.0656 9.3958
315.0743 9.3911
315.0829 9.3865
315.0916 9.3819
315.1003 9.3772
315.1090 9.3726
315.1177 9.3680
315.1264 9.3633
315.1351 9.3587
315.1438 9.3541
315.1525 9.3494
315.1612 9.3448
315.1699 9.3402
315.1785 9.3356
315.1872 9.3309
315.1959 9.3263
315.2046 9.3217
315.2133 9.3171
315.2220 9.3125
315.2308 9.3078
315.2395 9.3032
315.2482 9.2986
315.2569 9.2940
315.2656 9.2894
315.2743 9.2847
315.2830 9.2801
315.2917 9.2755
315.3004 9.2709
315.3091 9.2663
315.3178 9.2617
315.3266 9.2571
315.3353 9.2525
315.3440 9.2479
315.3527 9.2432
315.3614 9.2386
315.3702 9.2340
315.3789 9.2294
315.3876 9.2248
315.3963 9.2202
315.4050 9.2156
315.4138 9.2110
315.4225 9.2064
315.4312 9.2018
315.4400 9.1972
315.4487 9.1926
315.4574 9.1880
315.4662 9.1834
315.4749 9.1788
315.4836 9.1742
315.4924 9.1696
315.5011 9.1650
315.5098 9.1604
315.5186 9.1558
315.5273 9.1512
315.5361 9.1466
315.5448 9.1421
315.5535 9.1375
315.5623 9.1329
315.5710 9.1283
315.5798 9.1237
315.5885 9.1191
315.5973 9.1145
315.6060 9.1099
315.6148 9.1054
315.6235 9.1008
315.6323 9.0962
315.6410 9.0916
315.6498 9.0870
315.6586 9.0824
315.6673 9.0779
315.6761 9.0733
315.6848 9.0687
315.6936 9.0641
315.7024 9.0596
315.7111 9.0550
315.7199 9.0504
315.7287 9.0458
315.7374 9.0413
315.7462 9.0367
315.7550 9.0321
315.7637 9.0275
315.7725 9.0230
315.7813 9.0184
315.7900 9.0138
315.7988 9.0093
315.8076 9.0047
315.8164 9.0001
315.8252 8.9956
315.8339 8.9910
315.8427 8.9864
315.8515 8.9819
315.8603 8.9773
315.8691 8.9728
315.8778 8.9682
315.8866 8.9636
315.8954 8.9591
315.9042 8.9545
315.9130 8.9500
315.9218 8.9454
315.9306 8.9409
315.9394 8.9363
315.9482 8.9318
315.9570 8.9272
315.9658 8.9226
315.9746 8.9181
315.9833 8.9135
315.9921 8.9090
316.0009 8.9045
316.0098 8.8999
316.0186 8.8954
316.0274 8.8908
316.0362 8.8863
316.0450 8.8817
316.0538 8.8772
316.0626 8.8726
316.0714 8.8681
316.0802 8.8636
316.0890 8.8590
316.0978 8.8545
316.1066 8.8499
316.1155 8.8454
316.1243 8.8409
316.1331 8.8363
316.1419 8.8318
316.1507 8.8273
316.1595 8.8227
316.1684 8.8182
316.1772 8.8137
316.1860 8.8091
316.1948 8.8046
316.2037 8.8001
316.2125 8.7955
316.2213 8.7910
316.2301 8.7865
316.2390 8.7820
316.2478 8.7774
316.2566 8.7729
316.2655 8.7684
316.2743 8.7639
316.2831 8.7593
316.2920 8.7548
316.3008 8.7503
316.3097 8.7458
316.3185 8.7413
316.3273 8.7368
316.3362 8.7322
316.3450 8.7277
316.3539 8.7232
316.3627 8.7187
316.3716 8.7142
316.3804 8.7097
316.3893 8.7052
316.3981 8.7006
316.4070 8.6961
316.4158 8.6916
316.4247 8.6871
316.4335 8.6826
316.4424 8.6781
316.4512 8.6736
316.4601 8.6691
316.4690 8.6646
316.4778 8.6601
316.4867 8.6556
316.4955 8.6511
316.5044 8.6466
316.5133 8.6421
316.5221 8.6376
316.5310 8.6331
316.5399 8.6286
316.5487 8.6241
316.5576 8.6196
316.5665 8.6151
316.5754 8.6106
316.5842 8.6061
316.5931 8.6016
316.6020 8.5971
316.6109 8.5927
316.6197 8.5882
316.6286 8.5837
316.6375 8.5792
316.6464 8.5747
316.6553 8.5702
316.6642 8.5657
316.6730 8.5612
316.6819 8.5568
316.6908 8.5523
316.6997 8.5478
316.7086 8.5433
316.7175 8.5388
316.7264 8.5344
316.7353 8.5299
316.7442 8.5254
316.7531 8.5209
316.7619 8.5165
316.7708 8.5120
316.7797 8.5075
316.7886 8.5030
316.7975 8.4986
316.8064 8.4941
316.8154 8.4896
316.8243 8.4852
316.8332 8.4807
316.8421 8.4762
316.8510 8.4718
316.8599 8.4673
316.8688 8.4628
316.8777 8.4584
316.8866 8.4539
316.8955 8.4494
316.9044 8.4450
316.9134 8.4405
316.9223 8.4360
316.9312 8.4316
316.9401 8.4271
316.9490 8.4227
316.9580 8.4182
316.9669 8.4138
316.9758 8.4093
316.9847 8.4049
316.9936 8.4004
317.0026 8.3960
317.0115 8.3915
317.0204 8.3871
317.0294 8.3826
317.0383 8.3782
317.0472 8.3737
317.0562 8.3693
317.0651 8.3648
317.0740 8.3604
317.0830 8.3559
317.0919 8.3515
317.1008 8.3470
317.1098 8.3426
317.1187 8.3382
317.1277 8.3337
317.1366 8.3293
317.1456 8.3248
317.1545 8.3204
317.1634 8.3160
317.1724 8.3115
317.1813 8.3071
317.1903 8.3027
317.1992 8.2982
317.2082 8.2938
317.2172 8.2894
317.2261 8.2849
317.2351 8.2805
317.2440 8.2761
317.2530 8.2717
317.2619 8.2672
317.2709 8.2628
317.2799 8.2584
317.2888 8.2540
317.2978 8.2495
317.3068 8.2451
317.3157 8.2407
317.3247 8.2363
317.3337 8.2319
317.3426 8.2274
317.3516 8.2230
317.3606 8.2186
317.3695 8.2142
317.3785 8.2098
317.3875 8.2054
317.3965 8.2009
317.4054 8.1965
317.4144 8.1921
317.4234 8.1877
317.4324 8.1833
317.4414 8.1789
317.4503 8.1745
317.4593 8.1701
317.4683 8.1657
317.4773 8.1613
317.4863 8.1569
317.4953 8.1525
317.5043 8.1481
317.5133 8.1437
317.5223 8.1393
317.5312 8.1349
317.5402 8.1305
317.5492 8.1261
317.5582 8.1217
317.5672 8.1173
317.5762 8.1129
317.5852 8.1085
317.5942 8.1041
317.6032 8.0997
317.6122 8.0953
317.6212 8.0909
317.6302 8.0865
317.6393 8.0821
317.6483 8.0777
317.6573 8.0734
317.6663 8.0690
317.6753 8.0646
317.6843 8.0602
317.6933 8.0558
317.7023 8.0514
317.7113 8.0471
317.7204 8.0427
317.7294 8.0383
317.7384 8.0339
317.7474 8.0295
317.7564 8.0252
317.7655 8.0208
317.7745 8.0164
317.7835 8.0120
317.7925 8.0077
317.8016 8.0033
317.8106 7.9989
317.8196 7.9945
317.8287 7.9902
317.8377 7.9858
317.8467 7.9814
317.8558 7.9771
317.8648 7.9727
317.8738 7.9683
317.8829 7.9640
317.8919 7.9596
317.9009 7.9553
317.9100 7.9509
317.9190 7.9465
317.9281 7.9422
317.9371 7.9378
317.9462 7.9335
317.9552 7.9291
317.9643 7.9247
317.9733 7.9204
317.9824 7.9160
317.9914 7.9117
318.0005 7.9073
318.0095 7.9030
318.0186 7.8986
318.0276 7.8943
318.0367 7.8899
318.0457 7.8856
318.0548 7.8812
318.0639 7.8769
318.0729 7.8725
318.0820 7.8682
318.0910 7.8638
318.1001 7.8595
318.1092 7.8552
318.1182 7.8508
318.1273 7.8465
318.1364 7.8421
318.1454 7.8378
318.1545 7.8335
318.1636 7.8291
318.1727 7.8248
318.1817 7.8205
318.1908 7.8161
318.1999 7.8118
318.2090 7.8075
318.2180 7.8031
318.2271 7.7988
318.2362 7.7945
318.2453 7.7902
318.2544 7.7858
318.2635 7.7815
318.2725 7.7772
318.2816 7.7729
318.2907 7.7685
318.2998 7.7642
318.3089 7.7599
318.3180 7.7556
318.3271 7.7512
318.3362 7.7469
318.3453 7.7426
318.3544 7.7383
318.3635 7.7340
318.3726 7.7297
318.3817 7.7254
318.3908 7.7210
318.3999 7.7167
318.4090 7.7124
318.4181 7.7081
318.4272 7.7038
318.4363 7.6995
318.4454 7.6952
318.4545 7.6909
318.4636 7.6866
318.4727 7.6823
318.4818 7.6780
318.4910 7.6737
318.5001 7.6694
318.5092 7.6651
318.5183 7.6608
318.5274 7.6565
318.5365 7.6522
318.5457 7.6479
318.5548 7.6436
318.5639 7.6393
318.5730 7.6350
318.5822 7.6307
318.5913 7.6264
318.6004 7.6221
318.6095 7.6178
318.6187 7.6135
318.6278 7.6092
318.6369 7.6050
318.6461 7.6007
318.6552 7.5964
318.6643 7.5921
318.6735 7.5878
318.6826 7.5835
318.6918 7.5792
318.7009 7.5750
318.7100 7.5707
318.7192 7.5664
318.7283 7.5621
318.7375 7.5579
318.7466 7.5536
318.7558 7.5493
318.7649 7.5450
318.7741 7.5408
318.7832 7.5365
318.7924 7.5322
318.8015 7.5279
318.8107 7.5237
318.8198 7.5194
318.8290 7.5151
318.8381 7.5109
318.8473 7.5066
318.8564 7.5023
318.8656 7.4981
318.8748 7.4938
318.8839 7.4896
318.8931 7.4853
318.9023 7.4810
318.9114 7.4768
318.9206 7.4725
318.9298 7.4683
318.9389 7.4640
318.9481 7.4597
318.9573 7.4555
318.9665 7.4512
318.9756 7.4470
318.9848 7.4427
318.9940 7.4385
319.0032 7.4342
319.0123 7.4300
319.0215 7.4257
319.0307 7.4215
319.0399 7.4172
319.0491 7.4130
319.0582 7.4088
319.0674 7.4045
319.0766 7.4003
319.0858 7.3960
319.0950 7.3918
319.1042 7.3876
319.1134 7.3833
319.1226 7.3791
319.1318 7.3748
319.1410 7.3706
319.1502 7.3664
319.1594 7.3621
319.1685 7.3579
319.1777 7.3537
319.1870 7.3494
319.1962 7.3452
319.2054 7.3410
319.2146 7.3368
319.2238 7.3325
319.2330 7.3283
319.2422 7.3241
319.2514 7.3199
319.2606 7.3156
319.2698 7.3114
319.2790 7.3072
319.2882 7.3030
319.2974 7.2988
319.3067 7.2945
319.3159 7.2903
319.3251 7.2861
319.3343 7.2819
319.3435 7.2777
319.3528 7.2735
319.3620 7.2693
319.3712 7.2650
319.3804 7.2608
319.3897 7.2566
319.3989 7.2524
319.4081 7.2482
319.4173 7.2440
319.4266 7.2398
319.4358 7.2356
319.4450 7.2314
319.4543 7.2272
319.4635 7.2230
319.4727 7.2188
319.4820 7.2146
319.4912 7.2104
319.5005 7.2062
319.5097 7.2020
319.5189 7.1978
319.5282 7.1936
319.5374 7.1894
319.5467 7.1852
319.5559 7.1810
319.5652 7.1768
319.5744 7.1726
319.5837 7.1685
319.5929 7.1643
319.6022 7.1601
319.6114 7.1559
319.6207 7.1517
319.6299 7.1475
319.6392 7.1433
319.6484 7.1392
319.6577 7.1350
319.6670 7.1308
319.6762 7.1266
319.6855 7.1225
319.6948 7.1183
319.7040 7.1141
319.7133 7.1099
319.7226 7.1057
319.7318 7.1016
319.7411 7.0974
319.7504 7.0932
319.7596 7.0891
319.7689 7.0849
319.7782 7.0807
319.7875 7.0766
319.7967 7.0724
319.8060 7.0682
319.8153 7.0641
319.8246 7.0599
319.8338 7.0557
319.8431 7.0516
319.8524 7.0474
319.8617 7.0433
319.8710 7.0391
319.8803 7.0349
319.8896 7.0308
319.8988 7.0266
319.9081 7.0225
319.9174 7.0183
319.9267 7.0142
319.9360 7.0100
319.9453 7.0059
319.9546 7.0017
319.9639 6.9976
319.9732 6.9934
319.9825 6.9893
319.9918 6.9851
320.0011 6.9810
320.0104 6.9769
320.0197 6.9727
320.0290 6.9686
320.0383 6.9644
320.0476 6.9603
320.0569 6.9562
320.0662 6.9520
320.0756 6.9479
320.0849 6.9437
320.0942 6.9396
320.1035 6.9355
320.1128 6.9313
320.1221 6.9272
320.1314 6.9231
320.1408 6.9190
320.1501 6.9148
320.1594 6.9107
320.1687 6.9066
320.1781 6.9024
320.1874 6.8983
320.1967 6.8942
320.2060 6.8901
320.2154 6.8860
320.2247 6.8818
320.2340 6.8777
320.2434 6.8736
320.2527 6.8695
320.2620 6.8654
320.2714 6.8613
320.2807 6.8571
320.2900 6.8530
320.2994 6.8489
320.3087 6.8448
320.3180 6.8407
320.3274 6.8366
320.3367 6.8325
320.3461 6.8284
320.3554 6.8243
320.3648 6.8202
320.3741 6.8161
320.3835 6.8119
320.3928 6.8078
320.4022 6.8037
320.4115 6.7996
320.4209 6.7955
320.4302 6.7914
320.4396 6.7874
320.4489 6.7833
320.4583 6.7792
320.4677 6.7751
320.4770 6.7710
320.4864 6.7669
320.4957 6.7628
320.5051 6.7587
320.5145 6.7546
320.5238 6.7505
320.5332 6.7464
320.5426 6.7424
320.5519 6.7383
320.5613 6.7342
320.5707 6.7301
320.5801 6.7260
320.5894 6.7219
320.5988 6.7179
320.6082 6.7138
320.6176 6.7097
320.6269 6.7056
320.6363 6.7016
320.6457 6.6975
320.6551 6.6934
320.6645 6.6893
320.6739 6.6853
320.6832 6.6812
320.6926 6.6771
320.7020 6.6730
320.7114 6.6690
320.7208 6.6649
320.7302 6.6609
320.7396 6.6568
320.7490 6.6527
320.7584 6.6487
320.7678 6.6446
320.7772 6.6405
320.7866 6.6365
320.7960 6.6324
320.8054 6.6284
320.8148 6.6243
320.8242 6.6203
320.8336 6.6162
320.8430 6.6121
320.8524 6.6081
320.8618 6.6040
320.8712 6.6000
320.8806 6.5959
320.8900 6.5919
320.8994 6.5878
320.9088 6.5838
320.9183 6.5798
320.9277 6.5757
320.9371 6.5717
320.9465 6.5676
320.9559 6.5636
320.9653 6.5595
320.9748 6.5555
320.9842 6.5515
320.9936 6.5474
321.0030 6.5434
321.0125 6.5394
321.0219 6.5353
321.0313 6.5313
321.0408 6.5273
321.0502 6.5232
321.0596 6.5192
321.0690 6.5152
321.0785 6.5112
321.0879 6.5071
321.0974 6.5031
321.1068 6.4991
321.1162 6.4951
321.1257 6.4910
321.1351 6.4870
321.1446 6.4830
321.1540 6.4790
321.1634 6.4750
321.1729 6.4709
321.1823 6.4669
321.1918 6.4629
321.2012 6.4589
321.2107 6.4549
321.2201 6.4509
321.2296 6.4469
321.2390 6.4428
321.2485 6.4388
321.2580 6.4348
321.2674 6.4308
321.2769 6.4268
321.2863 6.4228
321.2958 6.4188
321.3052 6.4148
321.3147 6.4108
321.3242 6.4068
321.3336 6.4028
321.3431 6.3988
321.3526 6.3948
321.3620 6.3908
321.3715 6.3868
321.3810 6.3828
321.3905 6.3788
321.3999 6.3748
321.4094 6.3709
321.4189 6.3669
321.4284 6.3629
321.4378 6.3589
321.4473 6.3549
321.4568 6.3509
321.4663 6.3469
321.4758 6.3429
321.4852 6.3390
321.4947 6.3350
321.5042 6.3310
321.5137 6.3270
321.5232 6.3230
321.5327 6.3191
321.5422 6.3151
321.5517 6.3111
321.5612 6.3071
321.5707 6.3032
321.5801 6.2992
321.5896 6.2952
321.5991 6.2913
321.6086 6.2873
321.6181 6.2833
321.6276 6.2794
321.6371 6.2754
321.6466 6.2714
321.6562 6.2675
321.6657 6.2635
321.6752 6.2595
321.6847 6.2556
321.6942 6.2516
321.7037 6.2477
321.7132 6.2437
321.7227 6.2397
321.7322 6.2358
321.7417 6.2318
321.7513 6.2279
321.7608 6.2239
321.7703 6.2200
321.7798 6.2160
321.7893 6.2121
321.7989 6.2081
321.8084 6.2042
321.8179 6.2002
321.8274 6.1963
321.8370 6.1924
321.8465 6.1884
321.8560 6.1845
321.8655 6.1805
321.8751 6.1766
321.8846 6.1727
321.8941 6.1687
321.9037 6.1648
321.9132 6.1608
321.9227 6.1569
321.9323 6.1530
321.9418 6.1490
321.9514 6.1451
321.9609 6.1412
321.9704 6.1373
321.9800 6.1333
321.9895 6.1294
321.9991 6.1255
322.0086 6.1216
322.0182 6.1176
322.0277 6.1137
322.0373 6.1098
322.0468 6.1059
322.0564 6.1019
322.0659 6.0980
322.0755 6.0941
322.0851 6.0902
322.0946 6.0863
322.1042 6.0824
322.1137 6.0785
322.1233 6.0745
322.1328 6.0706
322.1424 6.0667
322.1520 6.0628
322.1615 6.0589
322.1711 6.0550
322.1807 6.0511
322.1902 6.0472
322.1998 6.0433
322.2094 6.0394
322.2190 6.0355
322.2285 6.0316
322.2381 6.0277
322.2477 6.0238
322.2573 6.0199
322.2668 6.0160
322.2764 6.0121
322.2860 6.0082
322.2956 6.0043
322.3052 6.0004
322.3148 5.9965
322.3243 5.9927
322.3339 5.9888
322.3435 5.9849
322.3531 5.9810
322.3627 5.9771
322.3723 5.9732
322.3819 5.9693
322.3915 5.9655
322.4011 5.9616
322.4107 5.9577
322.4203 5.9538
322.4298 5.9499
322.4394 5.9461
322.4490 5.9422
322.4586 5.9383
322.4683 5.9345
322.4779 5.9306
322.4875 5.9267
322.4971 5.9228
322.5067 5.9190
322.5163 5.9151
322.5259 5.9112
322.5355 5.9074
322.5451 5.9035
322.5547 5.8996
322.5643 5.8958
322.5740 5.8919
322.5836 5.8881
322.5932 5.8842
322.6028 5.8804
322.6124 5.8765
322.6220 5.8726
322.6317 5.8688
322.6413 5.8649
322.6509 5.8611
322.6605 5.8572
322.6702 5.8534
322.6798 5.8495
322.6894 5.8457
322.6991 5.8418
322.7087 5.8380
322.7183 5.8341
322.7280 5.8303
322.7376 5.8265
322.7472 5.8226
322.7569 5.8188
322.7665 5.8149
322.7761 5.8111
322.7858 5.8073
322.7954 5.8034
322.8051 5.7996
322.8147 5.7958
322.8244 5.7919
322.8340 5.7881
322.8436 5.7843
322.8533 5.7804
322.8629 5.7766
322.8726 5.7728
322.8822 5.7690
322.8919 5.7651
322.9016 5.7613
322.9112 5.7575
322.9209 5.7537
322.9305 5.7499
322.9402 5.7460
322.9498 5.7422
322.9595 5.7384
322.9692 5.7346
322.9788 5.7308
322.9885 5.7270
322.9982 5.7231
323.0078 5.7193
323.0175 5.7155
323.0272 5.7117
323.0368 5.7079
323.0465 5.7041
323.0562 5.7003
323.0658 5.6965
323.0755 5.6927
323.0852 5.6889
323.0949 5.6851
323.1046 5.6813
323.1142 5.6775
323.1239 5.6737
323.1336 5.6699
323.1433 5.6661
323.1530 5.6623
323.1626 5.6585
323.1723 5.6547
323.1820 5.6509
323.1917 5.6471
323.2014 5.6433
323.2111 5.6396
323.2208 5.6358
323.2305 5.6320
323.2402 5.6282
323.2499 5.6244
323.2596 5.6206
323.2693 5.6169
323.2790 5.6131
323.2887 5.6093
323.2984 5.6055
323.3081 5.6017
323.3178 5.5980
323.3275 5.5942
323.3372 5.5904
323.3469 5.5866
323.3566 5.5829
323.3663 5.5791
323.3760 5.5753
323.3857 5.5716
323.3954 5.5678
323.4051 5.5640
323.4149 5.5603
323.4246 5.5565
323.4343 5.5527
323.4440 5.5490
323.4537 5.5452
323.4635 5.5415
323.4732 5.5377
323.4829 5.5339
323.4926 5.5302
323.5024 5.5264
323.5121 5.5227
323.5218 5.5189
323.5315 5.5152
323.5413 5.5114
323.5510 5.5077
323.5607 5.5039
323.5705 5.5002
323.5802 5.4964
323.5899 5.4927
323.5997 5.4890
323.6094 5.4852
323.6191 5.4815
323.6289 5.4777
323.6386 5.4740
323.6484 5.4703
323.6581 5.4665
323.6679 5.4628
323.6776 5.4590
323.6873 5.4553
323.6971 5.4516
323.7068 5.4478
323.7166 5.4441
323.7263 5.4404
323.7361 5.4367
323.7459 5.4329
323.7556 5.4292
323.7654 5.4255
323.7751 5.4218
323.7849 5.4180
323.7946 5.4143
323.8044 5.4106
323.8142 5.4069
323.8239 5.4032
323.8337 5.3994
323.8435 5.3957
323.8532 5.3920
323.8630 5.3883
323.8728 5.3846
323.8825 5.3809
323.8923 5.3772
323.9021 5.3735
323.9118 5.3698
323.9216 5.3661
323.9314 5.3623
323.9412 5.3586
323.9510 5.3549
323.9607 5.3512
323.9705 5.3475
323.9803 5.3438
323.9901 5.3401
323.9999 5.3364
324.0096 5.3328
324.0194 5.3291
324.0292 5.3254
324.0390 5.3217
324.0488 5.3180
324.0586 5.3143
324.0684 5.3106
324.0782 5.3069
324.0880 5.3032
324.0978 5.2995
324.1076 5.2959
324.1174 5.2922
324.1271 5.2885
324.1369 5.2848
324.1467 5.2811
324.1566 5.2775
324.1664 5.2738
324.1762 5.2701
324.1860 5.2664
324.1958 5.2627
324.2056 5.2591
324.2154 5.2554
324.2252 5.2517
324.2350 5.2481
324.2448 5.2444
324.2546 5.2407
324.2644 5.2371
324.2743 5.2334
324.2841 5.2297
324.2939 5.2261
324.3037 5.2224
324.3135 5.2187
324.3234 5.2151
324.3332 5.2114
324.3430 5.2078
324.3528 5.2041
324.3627 5.2005
324.3725 5.1968
324.3823 5.1932
324.3921 5.1895
324.4020 5.1859
324.4118 5.1822
324.4216 5.1786
324.4315 5.1749
324.4413 5.1713
324.4511 5.1676
324.4610 5.1640
324.4708 5.1603
324.4807 5.1567
324.4905 5.1531
324.5003 5.1494
324.5102 5.1458
324.5200 5.1421
324.5299 5.1385
324.5397 5.1349
324.5496 5.1312
324.5594 5.1276
324.5693 5.1240
324.5791 5.1203
324.5890 5.1167
324.5988 5.1131
324.6087 5.1095
324.6185 5.1058
324.6284 5.1022
324.6382 5.0986
324.6481 5.0950
324.6580 5.0914
324.6678 5.0877
324.6777 5.0841
324.6875 5.0805
324.6974 5.0769
324.7073 5.0733
324.7171 5.0697
324.7270 5.0660
324.7369 5.0624
324.7467 5.0588
324.7566 5.0552
324.7665 5.0516
324.7764 5.0480
324.7862 5.0444
324.7961 5.0408
324.8060 5.0372
324.8159 5.0336
324.8257 5.0300
324.8356 5.0264
324.8455 5.0228
324.8554 5.0192
324.8653 5.0156
324.8752 5.0120
324.8850 5.0084
324.8949 5.0048
324.9048 5.0012
324.9147 4.9976
324.9246 4.9940
324.9345 4.9905
324.9444 4.9869
324.9543 4.9833
324.9642 4.9797
324.9741 4.9761
324.9840 4.9725
324.9939 4.9690
325.0038 4.9654
325.0137 4.9618
325.0236 4.9582
325.0335 4.9546
325.0434 4.9511
325.0533 4.9475
325.0632 4.9439
325.0731 4.9404
325.0830 4.9368
325.0929 4.9332
325.1028 4.9296
325.1127 4.9261
325.1226 4.9225
325.1326 4.9190
325.1425 4.9154
325.1524 4.9118
325.1623 4.9083
325.1722 4.9047
325.1821 4.9012
325.1921 4.8976
325.2020 4.8940
325.2119 4.8905
325.2218 4.8869
325.2318 4.8834
325.2417 4.8798
325.2516 4.8763
325.2615 4.8727
325.2715 4.8692
325.2814 4.8656
325.2913 4.8621
325.3013 4.8585
325.3112 4.8550
325.3211 4.8515
325.3311 4.8479
325.3410 4.8444
325.3510 4.8408
325.3609 4.8373
325.3708 4.8338
325.3808 4.8302
325.3907 4.8267
325.4007 4.8232
325.4106 4.8196
325.4206 4.8161
325.4305 4.8126
325.4405 4.8090
325.4504 4.8055
325.4604 4.8020
325.4703 4.7985
325.4803 4.7949
325.4902 4.7914
325.5002 4.7879
325.5101 4.7844
325.5201 4.7809
325.5300 4.7773
325.5400 4.7738
325.5500 4.7703
325.5599 4.7668
325.5699 4.7633
325.5799 4.7598
325.5898 4.7563
325.5998 4.7528
325.6098 4.7493
325.6197 4.7457
325.6297 4.7422
325.6397 4.7387
325.6496 4.7352
325.6596 4.7317
325.6696 4.7282
325.6796 4.7247
325.6895 4.7212
325.6995 4.7177
325.7095 4.7142
325.7195 4.7107
325.7295 4.7073
325.7394 4.7038
325.7494 4.7003
325.7594 4.6968
325.7694 4.6933
325.7794 4.6898
325.7894 4.6863
325.7994 4.6828
325.8094 4.6794
325.8193 4.6759
325.8293 4.6724
325.8393 4.6689
325.8493 4.6654
325.8593 4.6620
325.8693 4.6585
325.8793 4.6550
325.8893 4.6515
325.8993 4.6481
325.9093 4.6446
325.9193 4.6411
325.9293 4.6376
325.9393 4.6342
325.9493 4.6307
325.9593 4.6272
325.9694 4.6238
325.9794 4.6203
325.9894 4.6168
325.9994 4.6134
326.0094 4.6099
326.0194 4.6065
326.0294 4.6030
326.0394 4.5996
326.0495 4.5961
326.0595 4.5926
326.0695 4.5892
326.0795 4.5857
326.0895 4.5823
326.0996 4.5788
326.1096 4.5754
326.1196 4.5719
326.1296 4.5685
326.1397 4.5651
326.1497 4.5616
326.1597 4.5582
326.1698 4.5547
326.1798 4.5513
326.1898 4.5479
326.1999 4.5444
326.2099 4.5410
326.2199 4.5375
326.2300 4.5341
326.2400 4.5307
326.2500 4.5272
326.2601 4.5238
326.2701 4.5204
326.2802 4.5170
326.2902 4.5135
326.3003 4.5101
326.3103 4.5067
326.3204 4.5033
326.3304 4.4998
326.3405 4.4964
326.3505 4.4930
326.3606 4.4896
326.3706 4.4862
326.3807 4.4828
326.3907 4.4793
326.4008 4.4759
326.4108 4.4725
326.4209 4.4691
326.4310 4.4657
326.4410 4.4623
326.4511 4.4589
326.4611 4.4555
326.4712 4.4521
326.4813 4.4487
326.4913 4.4453
326.5014 4.4419
326.5115 4.4385
326.5215 4.4351
326.5316 4.4317
326.5417 4.4283
326.5518 4.4249
326.5618 4.4215
326.5719 4.4181
326.5820 4.4147
326.5921 4.4113
326.6021 4.4079
326.6122 4.4045
326.6223 4.4011
326.6324 4.3978
326.6425 4.3944
326.6525 4.3910
326.6626 4.3876
326.6727 4.3842
326.6828 4.3809
326.6929 4.3775
326.7030 4.3741
326.7131 4.3707
326.7232 4.3673
326.7333 4.3640
326.7434 4.3606
326.7534 4.3572
326.7635 4.3539
326.7736 4.3505
326.7837 4.3471
326.7938 4.3438
326.8039 4.3404
326.8140 4.3370
326.8241 4.3337
326.8342 4.3303
326.8444 4.3270
326.8545 4.3236
326.8646 4.3202
326.8747 4.3169
326.8848 4.3135
326.8949 4.3102
326.9050 4.3068
326.9151 4.3035
326.9252 4.3001
326.9354 4.2968
326.9455 4.2934
326.9556 4.2901
326.9657 4.2867
326.9758 4.2834
326.9859 4.2800
326.9961 4.2767
327.0062 4.2734
327.0163 4.2700
327.0264 4.2667
327.0366 4.2634
327.0467 4.2600
327.0568 4.2567
327.0669 4.2534
327.0771 4.2500
327.0872 4.2467
327.0973 4.2434
327.1075 4.2400
327.1176 4.2367
327.1277 4.2334
327.1379 4.2301
327.1480 4.2267
327.1582 4.2234
327.1683 4.2201
327.1784 4.2168
327.1886 4.2135
327.1987 4.2101
327.2089 4.2068
327.2190 4.2035
327.2292 4.2002
327.2393 4.1969
327.2495 4.1936
327.2596 4.1903
327.2698 4.1870
327.2799 4.1836
327.2901 4.1803
327.3002 4.1770
327.3104 4.1737
327.3205 4.1704
327.3307 4.1671
327.3409 4.1638
327.3510 4.1605
327.3612 4.1572
327.3713 4.1539
327.3815 4.1506
327.3917 4.1474
327.4018 4.1441
327.4120 4.1408
327.4222 4.1375
327.4323 4.1342
327.4425 4.1309
327.4527 4.1276
327.4628 4.1243
327.4730 4.1211
327.4832 4.1178
327.4934 4.1145
327.5035 4.1112
327.5137 4.1079
327.5239 4.1047
327.5341 4.1014
327.5443 4.0981
327.5544 4.0948
327.5646 4.0916
327.5748 4.0883
327.5850 4.0850
327.5952 4.0817
327.6054 4.0785
327.6156 4.0752
327.6257 4.0720
327.6359 4.0687
327.6461 4.0654
327.6563 4.0622
327.6665 4.0589
327.6767 4.0556
327.6869 4.0524
327.6971 4.0491
327.7073 4.0459
327.7175 4.0426
327.7277 4.0394
327.7379 4.0361
327.7481 4.0329
327.7583 4.0296
327.7685 4.0264
327.7787 4.0231
327.7889 4.0199
327.7991 4.0166
327.8093 4.0134
327.8195 4.0102
327.8298 4.0069
327.8400 4.0037
327.8502 4.0004
327.8604 3.9972
327.8706 3.9940
327.8808 3.9907
327.8910 3.9875
327.9013 3.9843
327.9115 3.9810
327.9217 3.9778
327.9319 3.9746
327.9422 3.9714
327.9524 3.9681
327.9626 3.9649
327.9728 3.9617
327.9831 3.9585
327.9933 3.9552
328.0035 3.9520
328.0137 3.9488
328.0240 3.9456
328.0342 3.9424
328.0444 3.9392
328.0547 3.9360
328.0649 3.9327
328.0752 3.9295
328.0854 3.9263
328.0956 3.9231
328.1059 3.9199
328.1161 3.9167
328.1264 3.9135
328.1366 3.9103
328.1468 3.9071
328.1571 3.9039
328.1673 3.9007
328.1776 3.8975
328.1878 3.8943
328.1981 3.8911
328.2083 3.8879
328.2186 3.8847
328.2288 3.8815
328.2391 3.8783
328.2493 3.8752
328.2596 3.8720
328.2699 3.8688
328.2801 3.8656
328.2904 3.8624
328.3006 3.8592
328.3109 3.8561
328.3212 3.8529
328.3314 3.8497
328.3417 3.8465
328.3520 3.8433
328.3622 3.8402
328.3725 3.8370
328.3828 3.8338
328.3930 3.8307
328.4033 3.8275
328.4136 3.8243
328.4239 3.8211
328.4341 3.8180
328.4444 3.8148
328.4547 3.8117
328.4650 3.8085
328.4752 3.8053
328.4855 3.8022
328.4958 3.7990
328.5061 3.7959
328.5164 3.7927
328.5266 3.7895
328.5369 3.7864
328.5472 3.7832
328.5575 3.7801
328.5678 3.7769
328.5781 3.7738
328.5884 3.7706
328.5987 3.7675
328.6090 3.7644
328.6193 3.7612
328.6296 3.7581
328.6398 3.7549
328.6501 3.7518
328.6604 3.7487
328.6707 3.7455
328.6810 3.7424
328.6913 3.7392
328.7016 3.7361
328.7119 3.7330
328.7223 3.7299
328.7326 3.7267
328.7429 3.7236
328.7532 3.7205
328.7635 3.7173
328.7738 3.7142
328.7841 3.7111
328.7944 3.7080
328.8047 3.7049
328.8150 3.7017
328.8254 3.6986
328.8357 3.6955
328.8460 3.6924
328.8563 3.6893
328.8666 3.6862
328.8770 3.6830
328.8873 3.6799
328.8976 3.6768
328.9079 3.6737
328.9182 3.6706
328.9286 3.6675
328.9389 3.6644
328.9492 3.6613
328.9596 3.6582
328.9699 3.6551
328.9802 3.6520
328.9905 3.6489
329.0009 3.6458
329.0112 3.6427
329.0216 3.6396
329.0319 3.6365
329.0422 3.6334
329.0526 3.6303
329.0629 3.6273
329.0732 3.6242
329.0836 3.6211
329.0939 3.6180
329.1043 3.6149
329.1146 3.6118
329.1250 3.6088
329.1353 3.6057
329.1457 3.6026
329.1560 3.5995
329.1664 3.5964
329.1767 3.5934
329.1871 3.5903
329.1974 3.5872
329.2078 3.5842
329.2181 3.5811
329.2285 3.5780
329.2388 3.5750
329.2492 3.5719
329.2596 3.5688
329.2699 3.5658
329.2803 3.5627
329.2906 3.5596
329.3010 3.5566
329.3114 3.5535
329.3217 3.5505
329.3321 3.5474
329.3425 3.5444
329.3528 3.5413
329.3632 3.5382
329.3736 3.5352
329.3840 3.5322
329.3943 3.5291
329.4047 3.5261
329.4151 3.5230
329.4255 3.5200
329.4358 3.5169
329.4462 3.5139
329.4566 3.5108
329.4670 3.5078
329.4774 3.5048
329.4877 3.5017
329.4981 3.4987
329.5085 3.4957
329.5189 3.4926
329.5293 3.4896
329.5397 3.4866
329.5501 3.4835
329.5604 3.4805
329.5708 3.4775
329.5812 3.4745
329.5916 3.4714
329.6020 3.4684
329.6124 3.4654
329.6228 3.4624
329.6332 3.4594
329.6436 3.4563
329.6540 3.4533
329.6644 3.4503
329.6748 3.4473
329.6852 3.4443
329.6956 3.4413
329.7060 3.4383
329.7164 3.4353
329.7268 3.4323
329.7372 3.4293
329.7476 3.4263
329.7581 3.4233
329.7685 3.4202
329.7789 3.4172
329.7893 3.4143
329.7997 3.4113
329.8101 3.4083
329.8205 3.4053
329.8310 3.4023
329.8414 3.3993
329.8518 3.3963
329.8622 3.3933
329.8726 3.3903
329.8831 3.3873
329.8935 3.3843
329.9039 3.3814
329.9143 3.3784
329.9248 3.3754
329.9352 3.3724
329.9456 3.3694
329.9560 3.3664
329.9665 3.3635
329.9769 3.3605
329.9873 3.3575
329.9978 3.3546
330.0082 3.3516
330.0186 3.3486
330.0291 3.3456
330.0395 3.3427
330.0499 3.3397
330.0604 3.3367
330.0708 3.3338
330.0813 3.3308
330.0917 3.3279
330.1022 3.3249
330.1126 3.3219
330.1231 3.3190
330.1335 3.3160
330.1439 3.3131
330.1544 3.3101
330.1648 3.3072
330.1753 3.3042
330.1857 3.3013
330.1962 3.2983
330.2067 3.2954
330.2171 3.2924
330.2276 3.2895
330.2380 3.2865
330.2485 3.2836
330.2589 3.2807
330.2694 3.2777
330.2799 3.2748
330.2903 3.2718
330.3008 3.2689
330.3113 3.2660
330.3217 3.2630
330.3322 3.2601
330.3427 3.2572
330.3531 3.2543
330.3636 3.2513
330.3741 3.2484
330.3845 3.2455
330.3950 3.2426
330.4055 3.2396
330.4160 3.2367
330.4264 3.2338
330.4369 3.2309
330.4474 3.2280
330.4579 3.2250
330.4683 3.2221
330.4788 3.2192
330.4893 3.2163
330.4998 3.2134
330.5103 3.2105
330.5208 3.2076
330.5312 3.2047
330.5417 3.2018
330.5522 3.1989
330.5627 3.1960
330.5732 3.1931
330.5837 3.1902
330.5942 3.1873
330.6047 3.1844
330.6152 3.1815
330.6257 3.1786
330.6362 3.1757
330.6467 3.1728
330.6572 3.1699
330.6677 3.1670
330.6782 3.1641
330.6887 3.1612
330.6992 3.1583
330.7097 3.1555
330.7202 3.1526
330.7307 3.1497
330.7412 3.1468
330.7517 3.1439
330.7622 3.1411
330.7727 3.1382
330.7832 3.1353
330.7937 3.1324
330.8042 3.1296
330.8147 3.1267
330.8253 3.1238
330.8358 3.1210
330.8463 3.1181
330.8568 3.1152
330.8673 3.1124
330.8778 3.1095
330.8884 3.1066
330.8989 3.1038
330.9094 3.1009
330.9199 3.0981
330.9305 3.0952
330.9410 3.0923
330.9515 3.0895
330.9620 3.0866
330.9726 3.0838
330.9831 3.0809
330.9936 3.0781
331.0042 3.0752
331.0147 3.0724
331.0252 3.0696
331.0358 3.0667
331.0463 3.0639
331.0568 3.0610
331.0674 3.0582
331.0779 3.0553
331.0884 3.0525
331.0990 3.0497
331.1095 3.0468
331.1201 3.0440
331.1306 3.0412
331.1412 3.0383
331.1517 3.0355
331.1623 3.0327
331.1728 3.0299
331.1833 3.0270
331.1939 3.0242
331.2044 3.0214
331.2150 3.0186
331.2256 3.0158
331.2361 3.0129
331.2467 3.0101
331.2572 3.0073
331.2678 3.0045
331.2783 3.0017
331.2889 2.9989
331.2994 2.9961
331.3100 2.9932
331.3206 2.9904
331.3311 2.9876
331.3417 2.9848
331.3523 2.9820
331.3628 2.9792
331.3734 2.9764
331.3840 2.9736
331.3945 2.9708
331.4051 2.9680
331.4157 2.9652
331.4262 2.9624
331.4368 2.9596
331.4474 2.9568
331.4580 2.9541
331.4685 2.9513
331.4791 2.9485
331.4897 2.9457
331.5003 2.9429
331.5108 2.9401
331.5214 2.9373
331.5320 2.9346
331.5426 2.9318
331.5532 2.9290
331.5638 2.9262
331.5743 2.9234
331.5849 2.9207
331.5955 2.9179
331.6061 2.9151
331.6167 2.9124
331.6273 2.9096
331.6379 2.9068
331.6485 2.9041
331.6591 2.9013
331.6697 2.8985
331.6802 2.8958
331.6908 2.8930
331.7014 2.8902
331.7120 2.8875
331.7226 2.8847
331.7332 2.8820
331.7438 2.8792
331.7544 2.8765
331.7650 2.8737
331.7756 2.8710
331.7863 2.8682
331.7969 2.8655
331.8075 2.8627
331.8181 2.8600
331.8287 2.8572
331.8393 2.8545
331.8499 2.8517
331.8605 2.8490
331.8711 2.8463
331.8817 2.8435
331.8924 2.8408
331.9030 2.8381
331.9136 2.8353
331.9242 2.8326
331.9348 2.8299
331.9454 2.8271
331.9561 2.8244
331.9667 2.8217
331.9773 2.8189
331.9879 2.8162
331.9986 2.8135
332.0092 2.8108
332.0198 2.8081
332.0304 2.8053
332.0411 2.8026
332.0517 2.7999
332.0623 2.7972
332.0730 2.7945
332.0836 2.7918
332.0942 2.7891
332.1049 2.7863
332.1155 2.7836
332.1261 2.7809
332.1368 2.7782
332.1474 2.7755
332.1580 2.7728
332.1687 2.7701
332.1793 2.7674
332.1900 2.7647
332.2006 2.7620
332.2113 2.7593
332.2219 2.7566
332.2325 2.7539
332.2432 2.7512
332.2538 2.7486
332.2645 2.7459
332.2751 2.7432
332.2858 2.7405
332.2964 2.7378
332.3071 2.7351
332.3177 2.7324
332.3284 2.7298
332.3391 2.7271
332.3497 2.7244
332.3604 2.7217
332.3710 2.7190
332.3817 2.7164
332.3923 2.7137
332.4030 2.7110
332.4137 2.7084
332.4243 2.7057
332.4350 2.7030
332.4457 2.7004
332.4563 2.6977
332.4670 2.6950
332.4777 2.6924
332.4883 2.6897
332.4990 2.6870
332.5097 2.6844
332.5203 2.6817
332.5310 2.6791
332.5417 2.6764
332.5524 2.6738
332.5630 2.6711
332.5737 2.6685
332.5844 2.6658
332.5951 2.6632
332.6058 2.6605
332.6164 2.6579
332.6271 2.6552
332.6378 2.6526
332.6485 2.6499
332.6592 2.6473
332.6699 2.6447
332.6805 2.6420
332.6912 2.6394
332.7019 2.6368
332.7126 2.6341
332.7233 2.6315
332.7340 2.6289
332.7447 2.6262
332.7554 2.6236
332.7661 2.6210
332.7768 2.6184
332.7875 2.6157
332.7981 2.6131
332.8088 2.6105
332.8195 2.6079
332.8302 2.6052
332.8409 2.6026
332.8516 2.6000
332.8623 2.5974
332.8730 2.5948
332.8838 2.5922
332.8945 2.5896
332.9052 2.5870
332.9159 2.5844
332.9266 2.5817
332.9373 2.5791
332.9480 2.5765
332.9587 2.5739
332.9694 2.5713
332.9801 2.5687
332.9908 2.5661
333.0016 2.5635
333.0123 2.5609
333.0230 2.5584
333.0337 2.5558
333.0444 2.5532
333.0551 2.5506
333.0659 2.5480
333.0766 2.5454
333.0873 2.5428
333.0980 2.5402
333.1088 2.5376
333.1195 2.5351
333.1302 2.5325
333.1409 2.5299
333.1517 2.5273
333.1624 2.5248
333.1731 2.5222
333.1838 2.5196
333.1946 2.5170
333.2053 2.5145
333.2160 2.5119
333.2268 2.5093
333.2375 2.5068
333.2483 2.5042
333.2590 2.5016
333.2697 2.4991
333.2805 2.4965
333.2912 2.4939
333.3019 2.4914
333.3127 2.4888
333.3234 2.4863
333.3342 2.4837
333.3449 2.4812
333.3557 2.4786
333.3664 2.4761
333.3772 2.4735
333.3879 2.4710
333.3987 2.4684
333.4094 2.4659
333.4202 2.4633
333.4309 2.4608
333.4417 2.4582
333.4524 2.4557
333.4632 2.4532
333.4739 2.4506
333.4847 2.4481
333.4954 2.4456
333.5062 2.4430
333.5170 2.4405
333.5277 2.4380
333.5385 2.4354
333.5492 2.4329
333.5600 2.4304
333.5708 2.4278
333.5815 2.4253
333.5923 2.4228
333.6031 2.4203
333.6138 2.4178
333.6246 2.4152
333.6354 2.4127
333.6461 2.4102
333.6569 2.4077
333.6677 2.4052
333.6785 2.4027
333.6892 2.4002
333.7000 2.3977
333.7108 2.3951
333.7216 2.3926
333.7323 2.3901
333.7431 2.3876
333.7539 2.3851
333.7647 2.3826
333.7755 2.3801
333.7862 2.3776
333.7970 2.3751
333.8078 2.3726
333.8186 2.3701
333.8294 2.3677
333.8402 2.3652
333.8509 2.3627
333.8617 2.3602
333.8725 2.3577
333.8833 2.3552
333.8941 2.3527
333.9049 2.3502
333.9157 2.3478
333.9265 2.3453
333.9373 2.3428
333.9481 2.3403
333.9589 2.3379
333.9697 2.3354
333.9805 2.3329
333.9913 2.3304
334.0021 2.3280
334.0129 2.3255
334.0237 2.3230
334.0345 2.3206
334.0453 2.3181
334.0561 2.3156
334.0669 2.3132
334.0777 2.3107
334.0885 2.3082
334.0993 2.3058
334.1101 2.3033
334.1209 2.3009
334.1317 2.2984
334.1426 2.2960
334.1534 2.2935
334.1642 2.2911
334.1750 2.2886
334.1858 2.2862
334.1966 2.2837
334.2074 2.2813
334.2183 2.2788
334.2291 2.2764
334.2399 2.2740
334.2507 2.2715
334.2615 2.2691
334.2724 2.2666
334.2832 2.2642
334.2940 2.2618
334.3048 2.2593
334.3157 2.2569
334.3265 2.2545
334.3373 2.2520
334.3482 2.2496
334.3590 2.2472
334.3698 2.2448
334.3807 2.2423
334.3915 2.2399
334.4023 2.2375
334.4132 2.2351
334.4240 2.2327
334.4348 2.2303
334.4457 2.2278
334.4565 2.2254
334.4673 2.2230
334.4782 2.2206
334.4890 2.2182
334.4999 2.2158
334.5107 2.2134
334.5215 2.2110
334.5324 2.2086
334.5432 2.2062
334.5541 2.2038
334.5649 2.2014
334.5758 2.1990
334.5866 2.1966
334.5975 2.1942
334.6083 2.1918
334.6192 2.1894
334.6300 2.1870
334.6409 2.1846
334.6517 2.1822
334.6626 2.1798
334.6734 2.1774
334.6843 2.1751
334.6952 2.1727
334.7060 2.1703
334.7169 2.1679
334.7277 2.1655
334.7386 2.1632
334.7495 2.1608
334.7603 2.1584
334.7712 2.1560
334.7821 2.1537
334.7929 2.1513
334.8038 2.1489
334.8147 2.1465
334.8255 2.1442
334.8364 2.1418
334.8473 2.1394
334.8581 2.1371
334.8690 2.1347
334.8799 2.1324
334.8907 2.1300
334.9016 2.1276
334.9125 2.1253
334.9234 2.1229
334.9342 2.1206
334.9451 2.1182
334.9560 2.1159
334.9669 2.1135
334.9778 2.1112
334.9886 2.1088
334.9995 2.1065
335.0104 2.1041
335.0213 2.1018
335.0322 2.0995
335.0431 2.0971
335.0540 2.0948
335.0648 2.0925
335.0757 2.0901
335.0866 2.0878
335.0975 2.0854
335.1084 2.0831
335.1193 2.0808
335.1302 2.0785
335.1411 2.0761
335.1520 2.0738
335.1629 2.0715
335.1738 2.0692
335.1847 2.0668
335.1956 2.0645
335.2065 2.0622
335.2174 2.0599
335.2283 2.0576
335.2392 2.0552
335.2501 2.0529
335.2610 2.0506
335.2719 2.0483
335.2828 2.0460
335.2937 2.0437
335.3046 2.0414
335.3155 2.0391
335.3264 2.0368
335.3373 2.0345
335.3482 2.0322
335.3591 2.0299
335.3700 2.0276
335.3809 2.0253
335.3919 2.0230
335.4028 2.0207
335.4137 2.0184
335.4246 2.0161
335.4355 2.0138
335.4464 2.0115
335.4574 2.0092
335.4683 2.0070
335.4792 2.0047
335.4901 2.0024
335.5010 2.0001
335.5120 1.9978
335.5229 1.9955
335.5338 1.9933
335.5447 1.9910
335.5557 1.9887
335.5666 1.9864
335.5775 1.9842
335.5884 1.9819
335.5994 1.9796
335.6103 1.9774
335.6212 1.9751
335.6322 1.9728
335.6431 1.9706
335.6540 1.9683
335.6650 1.9660
335.6759 1.9638
335.6868 1.9615
335.6978 1.9593
335.7087 1.9570
335.7196 1.9548
335.7306 1.9525
335.7415 1.9502
335.7525 1.9480
335.7634 1.9457
335.7743 1.9435
335.7853 1.9413
335.7962 1.9390
335.8072 1.9368
335.8181 1.9345
335.8291 1.9323
335.8400 1.9300
335.8510 1.9278
335.8619 1.9256
335.8729 1.9233
335.8838 1.9211
335.8948 1.9189
335.9057 1.9166
335.9167 1.9144
335.9276 1.9122
335.9386 1.9100
335.9495 1.9077
335.9605 1.9055
335.9715 1.9033
335.9824 1.9011
335.9934 1.8988
336.0043 1.8966
336.0153 1.8944
336.0263 1.8922
336.0372 1.8900
336.0482 1.8878
336.0591 1.8855
336.0701 1.8833
336.0811 1.8811
336.0920 1.8789
336.1030 1.8767
336.1140 1.8745
336.1250 1.8723
336.1359 1.8701
336.1469 1.8679
336.1579 1.8657
336.1688 1.8635
336.1798 1.8613
336.1908 1.8591
336.2018 1.8569
336.2127 1.8547
336.2237 1.8525
336.2347 1.8503
336.2457 1.8482
336.2566 1.8460
336.2676 1.8438
336.2786 1.8416
336.2896 1.8394
336.3006 1.8372
336.3116 1.8351
336.3225 1.8329
336.3335 1.8307
336.3445 1.8285
336.3555 1.8263
336.3665 1.8242
336.3775 1.8220
336.3885 1.8198
336.3994 1.8177
336.4104 1.8155
336.4214 1.8133
336.4324 1.8112
336.4434 1.8090
336.4544 1.8068
336.4654 1.8047
336.4764 1.8025
336.4874 1.8004
336.4984 1.7982
336.5094 1.7961
336.5204 1.7939
336.5314 1.7917
336.5424 1.7896
336.5534 1.7874
336.5644 1.7853
336.5754 1.7831
336.5864 1.7810
336.5974 1.7789
336.6084 1.7767
336.6194 1.7746
336.6304 1.7724
336.6414 1.7703
336.6524 1.7682
336.6634 1.7660
336.6745 1.7639
336.6855 1.7618
336.6965 1.7596
336.7075 1.7575
336.7185 1.7554
336.7295 1.7532
336.7405 1.7511
336.7515 1.7490
336.7626 1.7469
336.7736 1.7447
336.7846 1.7426
336.7956 1.7405
336.8066 1.7384
336.8177 1.7363
336.8287 1.7342
336.8397 1.7320
336.8507 1.7299
336.8617 1.7278
336.8728 1.7257
336.8838 1.7236
336.8948 1.7215
336.9058 1.7194
336.9169 1.7173
336.9279 1.7152
336.9389 1.7131
336.9500 1.7110
336.9610 1.7089
336.9720 1.7068
336.9831 1.7047
336.9941 1.7026
337.0051 1.7005
337.0162 1.6984
337.0272 1.6963
337.0382 1.6942
337.0493 1.6921
337.0603 1.6901
337.0713 1.6880
337.0824 1.6859
337.0934 1.6838
337.1045 1.6817
337.1155 1.6796
337.1265 1.6776
337.1376 1.6755
337.1486 1.6734
337.1597 1.6713
337.1707 1.6693
337.1818 1.6672
337.1928 1.6651
337.2039 1.6631
337.2149 1.6610
337.2260 1.6589
337.2370 1.6569
337.2481 1.6548
337.2591 1.6527
337.2702 1.6507
337.2812 1.6486
337.2923 1.6466
337.3033 1.6445
337.3144 1.6425
337.3254 1.6404
337.3365 1.6383
337.3476 1.6363
337.3586 1.6342
337.3697 1.6322
337.3807 1.6302
337.3918 1.6281
337.4029 1.6261
337.4139 1.6240
337.4250 1.6220
337.4361 1.6199
337.4471 1.6179
337.4582 1.6159
337.4692 1.6138
337.4803 1.6118
337.4914 1.6098
337.5025 1.6077
337.5135 1.6057
337.5246 1.6037
337.5357 1.6017
337.5467 1.5996
337.5578 1.5976
337.5689 1.5956
337.5800 1.5936
337.5910 1.5915
337.6021 1.5895
337.6132 1.5875
337.6243 1.5855
337.6353 1.5835
337.6464 1.5815
337.6575 1.5795
337.6686 1.5774
337.6797 1.5754
337.6907 1.5734
337.7018 1.5714
337.7129 1.5694
337.7240 1.5674
337.7351 1.5654
337.7462 1.5634
337.7572 1.5614
337.7683 1.5594
337.7794 1.5574
337.7905 1.5554
337.8016 1.5534
337.8127 1.5514
337.8238 1.5494
337.8349 1.5475
337.8460 1.5455
337.8571 1.5435
337.8682 1.5415
337.8792 1.5395
337.8903 1.5375
337.9014 1.5355
337.9125 1.5336
337.9236 1.5316
337.9347 1.5296
337.9458 1.5276
337.9569 1.5257
337.9680 1.5237
337.9791 1.5217
337.9902 1.5198
338.0013 1.5178
338.0124 1.5158
338.0235 1.5138
338.0347 1.5119
338.0458 1.5099
338.0569 1.5080
338.0680 1.5060
338.0791 1.5040
338.0902 1.5021
338.1013 1.5001
338.1124 1.4982
338.1235 1.4962
338.1346 1.4943
338.1457 1.4923
338.1569 1.4904
338.1680 1.4884
338.1791 1.4865
338.1902 1.4845
338.2013 1.4826
338.2124 1.4806
338.2236 1.4787
338.2347 1.4768
338.2458 1.4748
338.2569 1.4729
338.2680 1.4710
338.2792 1.4690
338.2903 1.4671
338.3014 1.4652
338.3125 1.4632
338.3236 1.4613
338.3348 1.4594
338.3459 1.4574
338.3570 1.4555
338.3681 1.4536
338.3793 1.4517
338.3904 1.4498
338.4015 1.4478
338.4127 1.4459
338.4238 1.4440
338.4349 1.4421
338.4461 1.4402
338.4572 1.4383
338.4683 1.4363
338.4795 1.4344
338.4906 1.4325
338.5017 1.4306
338.5129 1.4287
338.5240 1.4268
338.5351 1.4249
338.5463 1.4230
338.5574 1.4211
338.5686 1.4192
338.5797 1.4173
338.5908 1.4154
338.6020 1.4135
338.6131 1.4116
338.6243 1.4097
338.6354 1.4079
338.6466 1.4060
338.6577 1.4041
338.6689 1.4022
338.6800 1.4003
338.6912 1.3984
338.7023 1.3965
338.7135 1.3947
338.7246 1.3928
338.7358 1.3909
338.7469 1.3890
338.7581 1.3872
338.7692 1.3853
338.7804 1.3834
338.7915 1.3815
338.8027 1.3797
338.8138 1.3778
338.8250 1.3759
338.8361 1.3741
338.8473 1.3722
338.8585 1.3704
338.8696 1.3685
338.8808 1.3666
338.8919 1.3648
338.9031 1.3629
338.9143 1.3611
338.9254 1.3592
338.9366 1.3574
338.9478 1.3555
338.9589 1.3537
338.9701 1.3518
338.9813 1.3500
338.9924 1.3481
339.0036 1.3463
339.0148 1.3444
339.0259 1.3426
339.0371 1.3407
339.0483 1.3389
339.0594 1.3371
339.0706 1.3352
339.0818 1.3334
339.0930 1.3316
339.1041 1.3297
339.1153 1.3279
339.1265 1.3261
339.1377 1.3243
339.1488 1.3224
339.1600 1.3206
339.1712 1.3188
339.1824 1.3170
339.1936 1.3151
339.2047 1.3133
339.2159 1.3115
339.2271 1.3097
339.2383 1.3079
339.2495 1.3061
339.2607 1.3042
339.2718 1.3024
339.2830 1.3006
339.2942 1.2988
339.3054 1.2970
339.3166 1.2952
339.3278 1.2934
339.3390 1.2916
339.3502 1.2898
339.3613 1.2880
339.3725 1.2862
339.3837 1.2844
339.3949 1.2826
339.4061 1.2808
339.4173 1.2790
339.4285 1.2772
339.4397 1.2754
339.4509 1.2736
339.4621 1.2719
339.4733 1.2701
339.4845 1.2683
339.4957 1.2665
339.5069 1.2647
339.5181 1.2629
339.5293 1.2612
339.5405 1.2594
339.5517 1.2576
339.5629 1.2558
339.5741 1.2541
339.5853 1.2523
339.5965 1.2505
339.6077 1.2487
339.6189 1.2470
339.6301 1.2452
339.6413 1.2434
339.6525 1.2417
339.6637 1.2399
339.6750 1.2382
339.6862 1.2364
339.6974 1.2346
339.7086 1.2329
339.7198 1.2311
339.7310 1.2294
339.7422 1.2276
339.7534 1.2259
339.7647 1.2241
339.7759 1.2224
339.7871 1.2206
339.7983 1.2189
339.8095 1.2171
339.8207 1.2154
339.8320 1.2136
339.8432 1.2119
339.8544 1.2102
339.8656 1.2084
339.8768 1.2067
339.8881 1.2050
339.8993 1.2032
339.9105 1.2015
339.9217 1.1998
339.9330 1.1980
339.9442 1.1963
339.9554 1.1946
339.9666 1.1928
339.9779 1.1911
339.9891 1.1894
340.0003 1.1877
340.0115 1.1860
340.0228 1.1842
340.0340 1.1825
340.0452 1.1808
340.0565 1.1791
340.0677 1.1774
340.0789 1.1757
340.0902 1.1740
340.1014 1.1722
340.1126 1.1705
340.1239 1.1688
340.1351 1.1671
340.1464 1.1654
340.1576 1.1637
340.1688 1.1620
340.1801 1.1603
340.1913 1.1586
340.2025 1.1569
340.2138 1.1552
340.2250 1.1535
340.2363 1.1519
340.2475 1.1502
340.2588 1.1485
340.2700 1.1468
340.2812 1.1451
340.2925 1.1434
340.3037 1.1417
340.3150 1.1400
340.3262 1.1384
340.3375 1.1367
340.3487 1.1350
340.3600 1.1333
340.3712 1.1316
340.3825 1.1300
340.3937 1.1283
340.4050 1.1266
340.4162 1.1250
340.4275 1.1233
340.4387 1.1216
340.4500 1.1200
340.4613 1.1183
340.4725 1.1166
340.4838 1.1150
340.4950 1.1133
340.5063 1.1116
340.5175 1.1100
340.5288 1.1083
340.5401 1.1067
340.5513 1.1050
340.5626 1.1034
340.5738 1.1017
340.5851 1.1001
340.5964 1.0984
340.6076 1.0968
340.6189 1.0951
340.6302 1.0935
340.6414 1.0918
340.6527 1.0902
340.6640 1.0886
340.6752 1.0869
340.6865 1.0853
340.6978 1.0836
340.7090 1.0820
340.7203 1.0804
340.7316 1.0787
340.7428 1.0771
340.7541 1.0755
340.7654 1.0739
340.7767 1.0722
340.7879 1.0706
340.7992 1.0690
340.8105 1.0674
340.8218 1.0657
340.8330 1.0641
340.8443 1.0625
340.8556 1.0609
340.8669 1.0593
340.8782 1.0577
340.8894 1.0560
340.9007 1.0544
340.9120 1.0528
340.9233 1.0512
340.9346 1.0496
340.9458 1.0480
340.9571 1.0464
340.9684 1.0448
340.9797 1.0432
340.9910 1.0416
341.0023 1.0400
341.0135 1.0384
341.0248 1.0368
341.0361 1.0352
341.0474 1.0336
341.0587 1.0320
341.0700 1.0304
341.0813 1.0288
341.0926 1.0272
341.1039 1.0257
341.1151 1.0241
341.1264 1.0225
341.1377 1.0209
341.1490 1.0193
341.1603 1.0177
341.1716 1.0162
341.1829 1.0146
341.1942 1.0130
341.2055 1.0114
341.2168 1.0099
341.2281 1.0083
341.2394 1.0067
341.2507 1.0052
341.2620 1.0036
341.2733 1.0020
341.2846 1.0005
341.2959 0.9989
341.3072 0.9973
341.3185 0.9958
341.3298 0.9942
341.3411 0.9927
341.3524 0.9911
341.3637 0.9895
341.3750 0.9880
341.3863 0.9864
341.3976 0.9849
341.4089 0.9833
341.4202 0.9818
341.4315 0.9802
341.4429 0.9787
341.4542 0.9772
341.4655 0.9756
341.4768 0.9741
341.4881 0.9725
341.4994 0.9710
341.5107 0.9695
341.5220 0.9679
341.5334 0.9664
341.5447 0.9648
341.5560 0.9633
341.5673 0.9618
341.5786 0.9603
341.5899 0.9587
341.6012 0.9572
341.6126 0.9557
341.6239 0.9542
341.6352 0.9526
341.6465 0.9511
341.6578 0.9496
341.6692 0.9481
341.6805 0.9466
341.6918 0.9450
341.7031 0.9435
341.7144 0.9420
341.7258 0.9405
341.7371 0.9390
341.7484 0.9375
341.7597 0.9360
341.7711 0.9345
341.7824 0.9330
341.7937 0.9315
341.8051 0.9300
341.8164 0.9285
341.8277 0.9270
341.8390 0.9255
341.8504 0.9240
341.8617 0.9225
341.8730 0.9210
341.8844 0.9195
341.8957 0.9180
341.9070 0.9165
341.9184 0.9150
341.9297 0.9135
341.9410 0.9120
341.9524 0.9106
341.9637 0.9091
341.9750 0.9076
341.9864 0.9061
341.9977 0.9046
342.0091 0.9032
342.0204 0.9017
342.0317 0.9002
342.0431 0.8987
342.0544 0.8973
342.0657 0.8958
342.0771 0.8943
342.0884 0.8929
342.0998 0.8914
342.1111 0.8899
342.1225 0.8885
342.1338 0.8870
342.1452 0.8855
342.1565 0.8841
342.1678 0.8826
342.1792 0.8812
342.1905 0.8797
342.2019 0.8782
342.2132 0.8768
342.2246 0.8753
342.2359 0.8739
342.2473 0.8724
342.2586 0.8710
342.2700 0.8695
342.2813 0.8681
342.2927 0.8667
342.3040 0.8652
342.3154 0.8638
342.3267 0.8623
342.3381 0.8609
342.3495 0.8595
342.3608 0.8580
342.3722 0.8566
342.3835 0.8552
342.3949 0.8537
342.4062 0.8523
342.4176 0.8509
342.4290 0.8494
342.4403 0.8480
342.4517 0.8466
342.4630 0.8452
342.4744 0.8437
342.4858 0.8423
342.4971 0.8409
342.5085 0.8395
342.5198 0.8381
342.5312 0.8367
342.5426 0.8352
342.5539 0.8338
342.5653 0.8324
342.5767 0.8310
342.5880 0.8296
342.5994 0.8282
342.6108 0.8268
342.6221 0.8254
342.6335 0.8240
342.6449 0.8226
342.6562 0.8212
342.6676 0.8198
342.6790 0.8184
342.6904 0.8170
342.7017 0.8156
342.7131 0.8142
342.7245 0.8128
342.7358 0.8114
342.7472 0.8100
342.7586 0.8086
342.7700 0.8072
342.7813 0.8059
342.7927 0.8045
342.8041 0.8031
342.8155 0.8017
342.8268 0.8003
342.8382 0.7990
342.8496 0.7976
342.8610 0.7962
342.8724 0.7948
342.8837 0.7935
342.8951 0.7921
342.9065 0.7907
342.9179 0.7893
342.9293 0.7880
342.9407 0.7866
342.9520 0.7852
342.9634 0.7839
342.9748 0.7825
342.9862 0.7812
342.9976 0.7798
343.0090 0.7784
343.0203 0.7771
343.0317 0.7757
343.0431 0.7744
343.0545 0.7730
343.0659 0.7717
343.0773 0.7703
343.0887 0.7690
343.1001 0.7676
343.1115 0.7663
343.1229 0.7649
343.1342 0.7636
343.1456 0.7622
343.1570 0.7609
343.1684 0.7596
343.1798 0.7582
343.1912 0.7569
343.2026 0.7555
343.2140 0.7542
343.2254 0.7529
343.2368 0.7515
343.2482 0.7502
343.2596 0.7489
343.2710 0.7476
343.2824 0.7462
343.2938 0.7449
343.3052 0.7436
343.3166 0.7423
343.3280 0.7409
343.3394 0.7396
343.3508 0.7383
343.3622 0.7370
343.3736 0.7357
343.3850 0.7344
343.3964 0.7330
343.4078 0.7317
343.4192 0.7304
343.4306 0.7291
343.4420 0.7278
343.4534 0.7265
343.4648 0.7252
343.4762 0.7239
343.4876 0.7226
343.4990 0.7213
343.5105 0.7200
343.5219 0.7187
343.5333 0.7174
343.5447 0.7161
343.5561 0.7148
343.5675 0.7135
343.5789 0.7122
343.5903 0.7109
343.6017 0.7096
343.6132 0.7083
343.6246 0.7071
343.6360 0.7058
343.6474 0.7045
343.6588 0.7032
343.6702 0.7019
343.6816 0.7006
343.6931 0.6994
343.7045 0.6981
343.7159 0.6968
343.7273 0.6955
343.7387 0.6943
343.7501 0.6930
343.7616 0.6917
343.7730 0.6905
343.7844 0.6892
343.7958 0.6879
343.8072 0.6867
343.8187 0.6854
343.8301 0.6841
343.8415 0.6829
343.8529 0.6816
343.8644 0.6804
343.8758 0.6791
343.8872 0.6778
343.8986 0.6766
343.9101 0.6753
343.9215 0.6741
343.9329 0.6728
343.9443 0.6716
343.9558 0.6703
343.9672 0.6691
343.9786 0.6678
343.9901 0.6666
344.0015 0.6654
344.0129 0.6641
344.0243 0.6629
344.0358 0.6616
344.0472 0.6604
344.0586 0.6592
344.0701 0.6579
344.0815 0.6567
344.0929 0.6555
344.1044 0.6542
344.1158 0.6530
344.1272 0.6518
344.1387 0.6505
344.1501 0.6493
344.1615 0.6481
344.1730 0.6469
344.1844 0.6457
344.1959 0.6444
344.2073 0.6432
344.2187 0.6420
344.2302 0.6408
344.2416 0.6396
344.2530 0.6384
344.2645 0.6371
344.2759 0.6359
344.2874 0.6347
344.2988 0.6335
344.3103 0.6323
344.3217 0.6311
344.3331 0.6299
344.3446 0.6287
344.3560 0.6275
344.3675 0.6263
344.3789 0.6251
344.3904 0.6239
344.4018 0.6227
344.4132 0.6215
344.4247 0.6203
344.4361 0.6191
344.4476 0.6179
344.4590 0.6167
344.4705 0.6156
344.4819 0.6144
344.4934 0.6132
344.5048 0.6120
344.5163 0.6108
344.5277 0.6096
344.5392 0.6085
344.5506 0.6073
344.5621 0.6061
344.5735 0.6049
344.5850 0.6037
344.5965 0.6026
344.6079 0.6014
344.6194 0.6002
344.6308 0.5991
344.6423 0.5979
344.6537 0.5967
344.6652 0.5956
344.6766 0.5944
344.6881 0.5932
344.6996 0.5921
344.7110 0.5909
344.7225 0.5897
344.7339 0.5886
344.7454 0.5874
344.7568 0.5863
344.7683 0.5851
344.7798 0.5840
344.7912 0.5828
344.8027 0.5817
344.8142 0.5805
344.8256 0.5794
344.8371 0.5782
344.8485 0.5771
344.8600 0.5759
344.8715 0.5748
344.8829 0.5736
344.8944 0.5725
344.9059 0.5714
344.9173 0.5702
344.9288 0.5691
344.9403 0.5680
344.9517 0.5668
344.9632 0.5657
344.9747 0.5646
344.9861 0.5634
344.9976 0.5623
345.0091 0.5612
345.0205 0.5601
345.0320 0.5589
345.0435 0.5578
345.0550 0.5567
345.0664 0.5556
345.0779 0.5545
345.0894 0.5533
345.1008 0.5522
345.1123 0.5511
345.1238 0.5500
345.1353 0.5489
345.1467 0.5478
345.1582 0.5467
345.1697 0.5455
345.1812 0.5444
345.1926 0.5433
345.2041 0.5422
345.2156 0.5411
345.2271 0.5400
345.2386 0.5389
345.2500 0.5378
345.2615 0.5367
345.2730 0.5356
345.2845 0.5345
345.2959 0.5334
345.3074 0.5323
345.3189 0.5313
345.3304 0.5302
345.3419 0.5291
345.3534 0.5280
345.3648 0.5269
345.3763 0.5258
345.3878 0.5247
345.3993 0.5236
345.4108 0.5226
345.4223 0.5215
345.4337 0.5204
345.4452 0.5193
345.4567 0.5183
345.4682 0.5172
345.4797 0.5161
345.4912 0.5150
345.5027 0.5140
345.5141 0.5129
345.5256 0.5118
345.5371 0.5108
345.5486 0.5097
345.5601 0.5086
345.5716 0.5076
345.5831 0.5065
345.5946 0.5054
345.6061 0.5044
345.6176 0.5033
345.6290 0.5023
345.6405 0.5012
345.6520 0.5002
345.6635 0.4991
345.6750 0.4980
345.6865 0.4970
345.6980 0.4959
345.7095 0.4949
345.7210 0.4939
345.7325 0.4928
345.7440 0.4918
345.7555 0.4907
345.7670 0.4897
345.7785 0.4886
345.7900 0.4876
345.8015 0.4866
345.8130 0.4855
345.8245 0.4845
345.8360 0.4835
345.8475 0.4824
345.8590 0.4814
345.8705 0.4804
345.8820 0.4793
345.8935 0.4783
345.9050 0.4773
345.9165 0.4763
345.9280 0.4752
345.9395 0.4742
345.9510 0.4732
345.9625 0.4722
345.9740 0.4712
345.9855 0.4701
345.9970 0.4691
346.0085 0.4681
346.0200 0.4671
346.0315 0.4661
346.0430 0.4651
346.0545 0.4641
346.0660 0.4631
346.0775 0.4620
346.0890 0.4610
346.1006 0.4600
346.1121 0.4590
346.1236 0.4580
346.1351 0.4570
346.1466 0.4560
346.1581 0.4550
346.1696 0.4540
346.1811 0.4530
346.1926 0.4520
346.2041 0.4511
346.2157 0.4501
346.2272 0.4491
346.2387 0.4481
346.2502 0.4471
346.2617 0.4461
346.2732 0.4451
346.2847 0.4441
346.2962 0.4432
346.3078 0.4422
346.3193 0.4412
346.3308 0.4402
346.3423 0.4392
346.3538 0.4383
346.3653 0.4373
346.3769 0.4363
346.3884 0.4353
346.3999 0.4344
346.4114 0.4334
346.4229 0.4324
346.4345 0.4315
346.4460 0.4305
346.4575 0.4295
346.4690 0.4286
346.4805 0.4276
346.4920 0.4266
346.5036 0.4257
346.5151 0.4247
346.5266 0.4238
346.5381 0.4228
346.5497 0.4219
346.5612 0.4209
346.5727 0.4199
346.5842 0.4190
346.5958 0.4180
346.6073 0.4171
346.6188 0.4161
346.6303 0.4152
346.6418 0.4143
346.6534 0.4133
346.6649 0.4124
346.6764 0.4114
346.6880 0.4105
346.6995 0.4096
346.7110 0.4086
346.7225 0.4077
346.7341 0.4067
346.7456 0.4058
346.7571 0.4049
346.7687 0.4039
346.7802 0.4030
346.7917 0.4021
346.8032 0.4012
346.8148 0.4002
346.8263 0.3993
346.8378 0.3984
346.8494 0.3975
346.8609 0.3965
346.8724 0.3956
346.8840 0.3947
346.8955 0.3938
346.9070 0.3929
346.9186 0.3920
346.9301 0.3910
346.9416 0.3901
346.9532 0.3892
346.9647 0.3883
346.9762 0.3874
346.9878 0.3865
346.9993 0.3856
347.0108 0.3847
347.0224 0.3838
347.0339 0.3829
347.0455 0.3820
347.0570 0.3811
347.0685 0.3802
347.0801 0.3793
347.0916 0.3784
347.1031 0.3775
347.1147 0.3766
347.1262 0.3757
347.1378 0.3748
347.1493 0.3739
347.1609 0.3730
347.1724 0.3721
347.1839 0.3713
347.1955 0.3704
347.2070 0.3695
347.2186 0.3686
347.2301 0.3677
347.2416 0.3668
347.2532 0.3660
347.2647 0.3651
347.2763 0.3642
347.2878 0.3633
347.2994 0.3625
347.3109 0.3616
347.3225 0.3607
347.3340 0.3599
347.3456 0.3590
347.3571 0.3581
347.3686 0.3572
347.3802 0.3564
347.3917 0.3555
347.4033 0.3547
347.4148 0.3538
347.4264 0.3529
347.4379 0.3521
347.4495 0.3512
347.4610 0.3504
347.4726 0.3495
347.4841 0.3487
347.4957 0.3478
347.5072 0.3469
347.5188 0.3461
347.5303 0.3452
347.5419 0.3444
347.5534 0.3436
347.5650 0.3427
347.5765 0.3419
347.5881 0.3410
347.5997 0.3402
347.6112 0.3393
347.6228 0.3385
347.6343 0.3377
347.6459 0.3368
347.6574 0.3360
347.6690 0.3352
347.6805 0.3343
347.6921 0.3335
347.7036 0.3327
347.7152 0.3318
347.7268 0.3310
347.7383 0.3302
347.7499 0.3293
347.7614 0.3285
347.7730 0.3277
347.7846 0.3269
347.7961 0.3260
347.8077 0.3252
347.8192 0.3244
347.8308 0.3236
347.8423 0.3228
347.8539 0.3220
347.8655 0.3211
347.8770 0.3203
347.8886 0.3195
347.9002 0.3187
347.9117 0.3179
347.9233 0.3171
347.9348 0.3163
347.9464 0.3155
347.9580 0.3147
347.9695 0.3139
347.9811 0.3131
347.9927 0.3123
348.0042 0.3115
348.0158 0.3107
348.0273 0.3099
348.0389 0.3091
348.0505 0.3083
348.0620 0.3075
348.0736 0.3067
348.0852 0.3059
348.0967 0.3051
348.1083 0.3043
348.1199 0.3035
348.1314 0.3028
348.1430 0.3020
348.1546 0.3012
348.1662 0.3004
348.1777 0.2996
348.1893 0.2988
348.2009 0.2981
348.2124 0.2973
348.2240 0.2965
348.2356 0.2957
348.2471 0.2950
348.2587 0.2942
348.2703 0.2934
348.2819 0.2927
348.2934 0.2919
348.3050 0.2911
348.3166 0.2903
348.3281 0.2896
348.3397 0.2888
348.3513 0.2881
348.3629 0.2873
348.3744 0.2865
348.3860 0.2858
348.3976 0.2850
348.4092 0.2843
348.4207 0.2835
348.4323 0.2827
348.4439 0.2820
348.4555 0.2812
348.4670 0.2805
348.4786 0.2797
348.4902 0.2790
348.5018 0.2782
348.5133 0.2775
348.5249 0.2767
348.5365 0.2760
348.5481 0.2753
348.5596 0.2745
348.5712 0.2738
348.5828 0.2730
348.5944 0.2723
348.6060 0.2716
348.6175 0.2708
348.6291 0.2701
348.6407 0.2694
348.6523 0.2686
348.6639 0.2679
348.6754 0.2672
348.6870 0.2664
348.6986 0.2657
348.7102 0.2650
348.7218 0.2643
348.7333 0.2635
348.7449 0.2628
348.7565 0.2621
348.7681 0.2614
348.7797 0.2606
348.7913 0.2599
348.8028 0.2592
348.8144 0.2585
348.8260 0.2578
348.8376 0.2571
348.8492 0.2564
348.8608 0.2556
348.8724 0.2549
348.8839 0.2542
348.8955 0.2535
348.9071 0.2528
348.9187 0.2521
348.9303 0.2514
348.9419 0.2507
348.9535 0.2500
348.9650 0.2493
348.9766 0.2486
348.9882 0.2479
348.9998 0.2472
349.0114 0.2465
349.0230 0.2458
349.0346 0.2451
349.0462 0.2444
349.0578 0.2437
349.0693 0.2430
349.0809 0.2423
349.0925 0.2417
349.1041 0.2410
349.1157 0.2403
349.1273 0.2396
349.1389 0.2389
349.1505 0.2382
349.1621 0.2376
349.1737 0.2369
349.1853 0.2362
349.1968 0.2355
349.2084 0.2348
349.2200 0.2342
349.2316 0.2335
349.2432 0.2328
349.2548 0.2322
349.2664 0.2315
349.2780 0.2308
349.2896 0.2301
349.3012 0.2295
349.3128 0.2288
349.3244 0.2281
349.3360 0.2275
349.3476 0.2268
349.3592 0.2262
349.3708 0.2255
349.3824 0.2248
349.3940 0.2242
349.4055 0.2235
349.4171 0.2229
349.4287 0.2222
349.4403 0.2216
349.4519 0.2209
349.4635 0.2203
349.4751 0.2196
349.4867 0.2190
349.4983 0.2183
349.5099 0.2177
349.5215 0.2170
349.5331 0.2164
349.5447 0.2157
349.5563 0.2151
349.5679 0.2145
349.5795 0.2138
349.5911 0.2132
349.6027 0.2125
349.6143 0.2119
349.6259 0.2113
349.6375 0.2106
349.6491 0.2100
349.6607 0.2094
349.6723 0.2087
349.6839 0.2081
349.6955 0.2075
349.7072 0.2069
349.7188 0.2062
349.7304 0.2056
349.7420 0.2050
349.7536 0.2044
349.7652 0.2037
349.7768 0.2031
349.7884 0.2025
349.8000 0.2019
349.8116 0.2013
349.8232 0.2006
349.8348 0.2000
349.8464 0.1994
349.8580 0.1988
349.8696 0.1982
349.8812 0.1976
349.8928 0.1970
349.9044 0.1964
349.9160 0.1958
349.9277 0.1952
349.9393 0.1945
349.9509 0.1939
349.9625 0.1933
349.9741 0.1927
349.9857 0.1921
349.9973 0.1915
350.0089 0.1909
350.0205 0.1904
350.0321 0.1898
350.0437 0.1892
350.0554 0.1886
350.0670 0.1880
350.0786 0.1874
350.0902 0.1868
350.1018 0.1862
350.1134 0.1856
350.1250 0.1850
350.1366 0.1844
350.1482 0.1839
350.1599 0.1833
350.1715 0.1827
350.1831 0.1821
350.1947 0.1815
350.2063 0.1810
350.2179 0.1804
350.2295 0.1798
350.2411 0.1792
350.2528 0.1787
350.2644 0.1781
350.2760 0.1775
350.2876 0.1769
350.2992 0.1764
350.3108 0.1758
350.3224 0.1752
350.3341 0.1747
350.3457 0.1741
350.3573 0.1735
350.3689 0.1730
350.3805 0.1724
350.3921 0.1718
350.4037 0.1713
350.4154 0.1707
350.4270 0.1702
350.4386 0.1696
350.4502 0.1691
350.4618 0.1685
350.4734 0.1679
350.4851 0.1674
350.4967 0.1668
350.5083 0.1663
350.5199 0.1657
350.5315 0.1652
350.5432 0.1647
350.5548 0.1641
350.5664 0.1636
350.5780 0.1630
350.5896 0.1625
350.6013 0.1619
350.6129 0.1614
350.6245 0.1609
350.6361 0.1603
350.6477 0.1598
350.6594 0.1592
350.6710 0.1587
350.6826 0.1582
350.6942 0.1576
350.7058 0.1571
350.7175 0.1566
350.7291 0.1560
350.7407 0.1555
350.7523 0.1550
350.7639 0.1545
350.7756 0.1539
350.7872 0.1534
350.7988 0.1529
350.8104 0.1524
350.8221 0.1518
350.8337 0.1513
350.8453 0.1508
350.8569 0.1503
350.8686 0.1498
350.8802 0.1493
350.8918 0.1487
350.9034 0.1482
350.9151 0.1477
350.9267 0.1472
350.9383 0.1467
350.9499 0.1462
350.9616 0.1457
350.9732 0.1452
350.9848 0.1447
350.9964 0.1442
351.0081 0.1437
351.0197 0.1432
351.0313 0.1427
351.0429 0.1422
351.0546 0.1417
351.0662 0.1412
351.0778 0.1407
351.0894 0.1402
351.1011 0.1397
351.1127 0.1392
351.1243 0.1387
351.1360 0.1382
351.1476 0.1377
351.1592 0.1372
351.1708 0.1367
351.1825 0.1362
351.1941 0.1357
351.2057 0.1353
351.2174 0.1348
351.2290 0.1343
351.2406 0.1338
351.2522 0.1333
351.2639 0.1328
351.2755 0.1324
351.2871 0.1319
351.2988 0.1314
351.3104 0.1309
351.3220 0.1305
351.3337 0.1300
351.3453 0.1295
351.3569 0.1290
351.3686 0.1286
351.3802 0.1281
351.3918 0.1276
351.4035 0.1272
351.4151 0.1267
351.4267 0.1262
351.4383 0.1258
351.4500 0.1253
351.4616 0.1248
351.4732 0.1244
351.4849 0.1239
351.4965 0.1234
351.5081 0.1230
351.5198 0.1225
351.5314 0.1221
351.5430 0.1216
351.5547 0.1212
351.5663 0.1207
351.5780 0.1203
351.5896 0.1198
351.6012 0.1194
351.6129 0.1189
351.6245 0.1185
351.6361 0.1180
351.6478 0.1176
351.6594 0.1171
351.6710 0.1167
351.6827 0.1162
351.6943 0.1158
351.7059 0.1153
351.7176 0.1149
351.7292 0.1145
351.7408 0.1140
351.7525 0.1136
351.7641 0.1132
351.7758 0.1127
351.7874 0.1123
351.7990 0.1119
351.8107 0.1114
351.8223 0.1110
351.8339 0.1106
351.8456 0.1101
351.8572 0.1097
351.8689 0.1093
351.8805 0.1089
351.8921 0.1084
351.9038 0.1080
351.9154 0.1076
351.9271 0.1072
351.9387 0.1067
351.9503 0.1063
351.9620 0.1059
351.9736 0.1055
351.9853 0.1051
351.9969 0.1047
352.0085 0.1042
352.0202 0.1038
352.0318 0.1034
352.0435 0.1030
352.0551 0.1026
352.0667 0.1022
352.0784 0.1018
352.0900 0.1014
352.1017 0.1010
352.1133 0.1005
352.1249 0.1001
352.1366 0.0997
352.1482 0.0993
352.1599 0.0989
352.1715 0.0985
352.1832 0.0981
352.1948 0.0977
352.2064 0.0973
352.2181 0.0969
352.2297 0.0965
352.2414 0.0961
352.2530 0.0958
352.2647 0.0954
352.2763 0.0950
352.2879 0.0946
352.2996 0.0942
352.3112 0.0938
352.3229 0.0934
352.3345 0.0930
352.3462 0.0926
352.3578 0.0923
352.3695 0.0919
352.3811 0.0915
352.3927 0.0911
352.4044 0.0907
352.4160 0.0903
352.4277 0.0900
352.4393 0.0896
352.4510 0.0892
352.4626 0.0888
352.4743 0.0885
352.4859 0.0881
352.4976 0.0877
352.5092 0.0873
352.5208 0.0870
352.5325 0.0866
352.5441 0.0862
352.5558 0.0859
352.5674 0.0855
352.5791 0.0851
352.5907 0.0848
352.6024 0.0844
352.6140 0.0840
352.6257 0.0837
352.6373 0.0833
352.6490 0.0829
352.6606 0.0826
352.6723 0.0822
352.6839 0.0819
352.6956 0.0815
352.7072 0.0812
352.7189 0.0808
352.7305 0.0804
352.7422 0.0801
352.7538 0.0797
352.7655 0.0794
352.7771 0.0790
352.7888 0.0787
352.8004 0.0783
352.8121 0.0780
352.8237 0.0776
352.8353 0.0773
352.8470 0.0770
352.8586 0.0766
352.8703 0.0763
352.8820 0.0759
352.8936 0.0756
352.9053 0.0752
352.9169 0.0749
352.9286 0.0746
352.9402 0.0742
352.9519 0.0739
352.9635 0.0736
352.9752 0.0732
352.9868 0.0729
352.9985 0.0726
353.0101 0.0722
353.0218 0.0719
353.0334 0.0716
353.0451 0.0712
353.0567 0.0709
353.0684 0.0706
353.0800 0.0703
353.0917 0.0699
353.1033 0.0696
353.1150 0.0693
353.1266 0.0690
353.1383 0.0686
353.1499 0.0683
353.1616 0.0680
353.1732 0.0677
353.1849 0.0674
353.1966 0.0670
353.2082 0.0667
353.2199 0.0664
353.2315 0.0661
353.2432 0.0658
353.2548 0.0655
353.2665 0.0652
353.2781 0.0648
353.2898 0.0645
353.3014 0.0642
353.3131 0.0639
353.3247 0.0636
353.3364 0.0633
353.3481 0.0630
353.3597 0.0627
353.3714 0.0624
353.3830 0.0621
353.3947 0.0618
353.4063 0.0615
353.4180 0.0612
353.4296 0.0609
353.4413 0.0606
353.4530 0.0603
353.4646 0.0600
353.4763 0.0597
353.4879 0.0594
353.4996 0.0591
353.5112 0.0588
353.5229 0.0585
353.5345 0.0582
353.5462 0.0580
353.5579 0.0577
353.5695 0.0574
353.5812 0.0571
353.5928 0.0568
353.6045 0.0565
353.6161 0.0562
353.6278 0.0560
353.6395 0.0557
353.6511 0.0554
353.6628 0.0551
353.6744 0.0548
353.6861 0.0545
353.6977 0.0543
353.7094 0.0540
353.7211 0.0537
353.7327 0.0534
353.7444 0.0532
353.7560 0.0529
353.7677 0.0526
353.7793 0.0523
353.7910 0.0521
353.8027 0.0518
353.8143 0.0515
353.8260 0.0513
353.8376 0.0510
353.8493 0.0507
353.8610 0.0505
353.8726 0.0502
353.8843 0.0499
353.8959 0.0497
353.9076 0.0494
353.9193 0.0491
353.9309 0.0489
353.9426 0.0486
353.9542 0.0484
353.9659 0.0481
353.9775 0.0479
353.9892 0.0476
354.0009 0.0473
354.0125 0.0471
354.0242 0.0468
354.0358 0.0466
354.0475 0.0463
354.0592 0.0461
354.0708 0.0458
354.0825 0.0456
354.0941 0.0453
354.1058 0.0451
354.1175 0.0448
354.1291 0.0446
354.1408 0.0443
354.1525 0.0441
354.1641 0.0438
354.1758 0.0436
354.1874 0.0434
354.1991 0.0431
354.2108 0.0429
354.2224 0.0426
354.2341 0.0424
354.2457 0.0422
354.2574 0.0419
354.2691 0.0417
354.2807 0.0415
354.2924 0.0412
354.3041 0.0410
354.3157 0.0408
354.3274 0.0405
354.3390 0.0403
354.3507 0.0401
354.3624 0.0398
354.3740 0.0396
354.3857 0.0394
354.3974 0.0391
354.4090 0.0389
354.4207 0.0387
354.4323 0.0385
354.4440 0.0382
354.4557 0.0380
354.4673 0.0378
354.4790 0.0376
354.4907 0.0374
354.5023 0.0371
354.5140 0.0369
354.5257 0.0367
354.5373 0.0365
354.5490 0.0363
354.5606 0.0361
354.5723 0.0358
354.5840 0.0356
354.5956 0.0354
354.6073 0.0352
354.6190 0.0350
354.6306 0.0348
354.6423 0.0346
354.6540 0.0344
354.6656 0.0341
354.6773 0.0339
354.6889 0.0337
354.7006 0.0335
354.7123 0.0333
354.7239 0.0331
354.7356 0.0329
354.7473 0.0327
354.7589 0.0325
354.7706 0.0323
354.7823 0.0321
354.7939 0.0319
354.8056 0.0317
354.8173 0.0315
354.8289 0.0313
354.8406 0.0311
354.8523 0.0309
354.8639 0.0307
354.8756 0.0305
354.8873 0.0303
354.8989 0.0301
354.9106 0.0299
354.9223 0.0297
354.9339 0.0296
354.9456 0.0294
354.9573 0.0292
354.9689 0.0290
354.9806 0.0288
354.9923 0.0286
355.0039 0.0284
355.0156 0.0282
355.0273 0.0281
355.0389 0.0279
355.0506 0.0277
355.0623 0.0275
355.0739 0.0273
355.0856 0.0271
355.0973 0.0270
355.1089 0.0268
355.1206 0.0266
355.1323 0.0264
355.1439 0.0263
355.1556 0.0261
355.1673 0.0259
355.1789 0.0257
355.1906 0.0256
355.2023 0.0254
355.2139 0.0252
355.2256 0.0250
355.2373 0.0249
355.2489 0.0247
355.2606 0.0245
355.2723 0.0244
355.2839 0.0242
355.2956 0.0240
355.3073 0.0238
355.3189 0.0237
355.3306 0.0235
355.3423 0.0234
355.3539 0.0232
355.3656 0.0230
355.3773 0.0229
355.3889 0.0227
355.4006 0.0225
355.4123 0.0224
355.4240 0.0222
355.4356 0.0221
355.4473 0.0219
355.4590 0.0217
355.4706 0.0216
355.4823 0.0214
355.4940 0.0213
355.5056 0.0211
355.5173 0.0210
355.5290 0.0208
355.5406 0.0207
355.5523 0.0205
355.5640 0.0204
355.5756 0.0202
355.5873 0.0201
355.5990 0.0199
355.6107 0.0198
355.6223 0.0196
355.6340 0.0195
355.6457 0.0193
355.6573 0.0192
355.6690 0.0190
355.6807 0.0189
355.6923 0.0187
355.7040 0.0186
355.7157 0.0185
355.7273 0.0183
355.7390 0.0182
355.7507 0.0180
355.7624 0.0179
355.7740 0.0178
355.7857 0.0176
355.7974 0.0175
355.8090 0.0173
355.8207 0.0172
355.8324 0.0171
355.8440 0.0169
355.8557 0.0168
355.8674 0.0167
355.8791 0.0165
355.8907 0.0164
355.9024 0.0163
355.9141 0.0161
355.9257 0.0160
355.9374 0.0159
355.9491 0.0158
355.9607 0.0156
355.9724 0.0155
355.9841 0.0154
355.9958 0.0152
356.0074 0.0151
356.0191 0.0150
356.0308 0.0149
356.0424 0.0147
356.0541 0.0146
356.0658 0.0145
356.0775 0.0144
356.0891 0.0143
356.1008 0.0141
356.1125 0.0140
356.1241 0.0139
356.1358 0.0138
356.1475 0.0137
356.1591 0.0135
356.1708 0.0134
356.1825 0.0133
356.1942 0.0132
356.2058 0.0131
356.2175 0.0130
356.2292 0.0129
356.2408 0.0127
356.2525 0.0126
356.2642 0.0125
356.2759 0.0124
356.2875 0.0123
356.2992 0.0122
356.3109 0.0121
356.3225 0.0120
356.3342 0.0119
356.3459 0.0118
356.3576 0.0117
356.3692 0.0115
356.3809 0.0114
356.3926 0.0113
356.4042 0.0112
356.4159 0.0111
356.4276 0.0110
356.4393 0.0109
356.4509 0.0108
356.4626 0.0107
356.4743 0.0106
356.4859 0.0105
356.4976 0.0104
356.5093 0.0103
356.5210 0.0102
356.5326 0.0101
356.5443 0.0100
356.5560 0.0099
356.5677 0.0098
356.5793 0.0098
356.5910 0.0097
356.6027 0.0096
356.6143 0.0095
356.6260 0.0094
356.6377 0.0093
356.6494 0.0092
356.6610 0.0091
356.6727 0.0090
356.6844 0.0089
356.6961 0.0088
356.7077 0.0087
356.7194 0.0087
356.7311 0.0086
356.7427 0.0085
356.7544 0.0084
356.7661 0.0083
356.7778 0.0082
356.7894 0.0081
356.8011 0.0081
356.8128 0.0080
356.8245 0.0079
356.8361 0.0078
356.8478 0.0077
356.8595 0.0076
356.8711 0.0076
356.8828 0.0075
356.8945 0.0074
356.9062 0.0073
356.9178 0.0072
356.9295 0.0072
356.9412 0.0071
356.9529 0.0070
356.9645 0.0069
356.9762 0.0069
356.9879 0.0068
356.9996 0.0067
357.0112 0.0066
357.0229 0.0066
357.0346 0.0065
357.0462 0.0064
357.0579 0.0063
357.0696 0.0063
357.0813 0.0062
357.0929 0.0061
357.1046 0.0061
357.1163 0.0060
357.1280 0.0059
357.1396 0.0059
357.1513 0.0058
357.1630 0.0057
357.1747 0.0057
357.1863 0.0056
357.1980 0.0055
357.2097 0.0055
357.2214 0.0054
357.2330 0.0053
357.2447 0.0053
357.2564 0.0052
357.2680 0.0051
357.2797 0.0051
357.2914 0.0050
357.3031 0.0049
357.3147 0.0049
357.3264 0.0048
357.3381 0.0048
357.3498 0.0047
357.3614 0.0046
357.3731 0.0046
357.3848 0.0045
357.3965 0.0045
357.4081 0.0044
357.4198 0.0044
357.4315 0.0043
357.4432 0.0042
357.4548 0.0042
357.4665 0.0041
357.4782 0.0041
357.4899 0.0040
357.5015 0.0040
357.5132 0.0039
357.5249 0.0039
357.5366 0.0038
357.5482 0.0038
357.5599 0.0037
357.5716 0.0037
357.5832 0.0036
357.5949 0.0036
357.6066 0.0035
357.6183 0.0035
357.6299 0.0034
357.6416 0.0034
357.6533 0.0033
357.6650 0.0033
357.6766 0.0032
357.6883 0.0032
357.7000 0.0031
357.7117 0.0031
357.7233 0.0030
357.7350 0.0030
357.7467 0.0029
357.7584 0.0029
357.7700 0.0029
357.7817 0.0028
357.7934 0.0028
357.8051 0.0027
357.8167 0.0027
357.8284 0.0027
357.8401 0.0026
357.8518 0.0026
357.8634 0.0025
357.8751 0.0025
357.8868 0.0024
357.8985 0.0024
357.9101 0.0024
357.9218 0.0023
357.9335 0.0023
357.9452 0.0023
357.9568 0.0022
357.9685 0.0022
357.9802 0.0021
357.9919 0.0021
358.0035 0.0021
358.0152 0.0020
358.0269 0.0020
358.0385 0.0020
358.0502 0.0019
358.0619 0.0019
358.0736 0.0019
358.0852 0.0018
358.0969 0.0018
358.1086 0.0018
358.1203 0.0017
358.1319 0.0017
358.1436 0.0017
358.1553 0.0017
358.1670 0.0016
358.1786 0.0016
358.1903 0.0016
358.2020 0.0015
358.2137 0.0015
358.2253 0.0015
358.2370 0.0015
358.2487 0.0014
358.2604 0.0014
358.2720 0.0014
358.2837 0.0013
358.2954 0.0013
358.3071 0.0013
358.3187 0.0013
358.3304 0.0012
358.3421 0.0012
358.3538 0.0012
358.3654 0.0012
358.3771 0.0011
358.3888 0.0011
358.4005 0.0011
358.4121 0.0011
358.4238 0.0011
358.4355 0.0010
358.4472 0.0010
358.4588 0.0010
358.4705 0.0010
358.4822 0.0009
358.4939 0.0009
358.5055 0.0009
358.5172 0.0009
358.5289 0.0009
358.5406 0.0008
358.5522 0.0008
358.5639 0.0008
358.5756 0.0008
358.5873 0.0008
358.5989 0.0008
358.6106 0.0007
358.6223 0.0007
358.6340 0.0007
358.6456 0.0007
358.6573 0.0007
358.6690 0.0007
358.6807 0.0006
358.6923 0.0006
358.7040 0.0006
358.7157 0.0006
358.7274 0.0006
358.7390 0.0006
358.7507 0.0005
358.7624 0.0005
358.7741 0.0005
358.7857 0.0005
358.7974 0.0005
358.8091 0.0005
358.8208 0.0005
358.8324 0.0005
358.8441 0.0004
358.8558 0.0004
358.8675 0.0004
358.8791 0.0004
358.8908 0.0004
358.9025 0.0004
358.9142 0.0004
358.9258 0.0004
358.9375 0.0003
358.9492 0.0003
358.9609 0.0003
358.9725 0.0003
358.9842 0.0003
358.9959 0.0003
359.0076 0.0003
359.0192 0.0003
359.0309 0.0003
359.0426 0.0003
359.0543 0.0003
359.0660 0.0002
359.0776 0.0002
359.0893 0.0002
359.1010 0.0002
359.1127 0.0002
359.1243 0.0002
359.1360 0.0002
359.1477 0.0002
359.1594 0.0002
359.1710 0.0002
359.1827 0.0002
359.1944 0.0002
359.2061 0.0002
359.2177 0.0002
359.2294 0.0001
359.2411 0.0001
359.2528 0.0001
359.2644 0.0001
359.2761 0.0001
359.2878 0.0001
359.2995 0.0001
359.3111 0.0001
359.3228 0.0001
359.3345 0.0001
359.3462 0.0001
359.3578 0.0001
359.3695 0.0001
359.3812 0.0001
359.3929 0.0001
359.4045 0.0001
359.4162 0.0001
359.4279 0.0001
359.4396 0.0001
359.4512 0.0001
359.4629 0.0001
359.4746 0.0001
359.4863 0.0001
359.4979 0.0001
359.5096 0.0001
359.5213 0.0000
359.5330 0.0000
359.5446 0.0000
359.5563 0.0000
359.5680 0.0000
359.5797 0.0000
359.5913 0.0000
359.6030 0.0000
359.6147 0.0000
359.6264 0.0000
359.6380 0.0000
359.6497 0.0000
359.6614 0.0000
359.6731 0.0000
359.6847 0.0000
359.6964 0.0000
359.7081 0.0000
359.7198 0.0000
359.7314 0.0000
359.7431 0.0000
359.7548 0.0000
359.7665 0.0000
359.7781 0.0000
359.7898 0.0000
359.8015 0.0000
359.8132 0.0000
359.8248 0.0000
359.8365 0.0000
359.8482 0.0000
359.8599 0.0000
359.8715 0.0000
359.8832 0.0000
359.8949 0.0000
359.9066 0.0000
359.9182 0.0000
359.9299 0.0000
359.9416 0.0000
359.9533 0.0000
359.9649 0.0000
359.9766 0.0000
359.9883 0.0000
360.0000 0.0000
360.0000 0.0000
