0.0000 0.0000
0.0117 0.0000
0.0234 0.0000
0.0350 0.0000
0.0467 0.0000
0.0584 0.0000
0.0701 0.0000
0.0817 0.0000
0.0934 0.0000
0.1051 0.0000
0.1168 0.0000
0.1284 0.0000
0.1401 0.0000
0.1518 0.0000
0.1635 0.0000
0.1751 0.0000
0.1868 0.0000
0.1985 0.0000
0.2102 0.0000
0.2218 0.0000
0.2335 0.0000
0.2452 0.0000
0.2569 0.0000
0.2685 0.0000
0.2802 0.0000
0.2919 0.0000
0.3036 0.0000
0.3152 0.0000
0.3269 0.0000
0.3386 0.0000
0.3503 0.0000
0.3619 0.0000
0.3736 0.0000
0.3853 0.0000
0.3969 0.0000
0.4086 0.0000
0.4203 0.0000
0.4320 0.0000
0.4436 0.0000
0.4553 0.0000
0.4670 0.0000
0.4787 0.0000
0.4903 0.0000
0.5020 0.0000
0.5137 0.0000
0.5254 0.0000
0.5370 0.0000
0.5487 0.0000
0.5604 0.0000
0.5721 0.0000
0.5837 0.0000
0.5954 0.0000
0.6071 0.0000
0.6188 0.0000
0.6304 0.0000
0.6421 0.0000
0.6538 0.0000
0.6655 0.0000
0.6771 0.0000
0.6888 0.0000
0.7005 0.0000
0.7122 0.0000
0.7238 0.0000
0.7355 0.0000
0.7472 0.0000
0.7589 0.0000
0.7705 0.0000
0.7822 0.0000
0.7939 0.0000
0.8055 0.0000
0.8172 0.0000
0.8289 0.0000
0.8406 0.0000
0.8522 0.0000
0.8639 0.0000
0.8756 0.0000
0.8873 0.0000
0.8989 0.0000
0.9106 0.0000
0.9223 0.0000
0.9340 0.0000
0.9456 0.0000
0.9573 0.0000
0.9690 0.0000
0.9807 0.0000
0.9923 0.0000
1.0040 0.0000
1.0157 0.0000
1.0274 0.0000
1.0390 0.0000
1.0507 0.0000
1.0624 0.0000
1.0741 0.0000
1.0857 0.0000
1.0974 0.0000
1.1091 0.0000
1.1208 0.0000
1.1324 0.0000
1.1441 0.0000
1.1558 0.0000
1.1675 0.0000
1.1791 0.0000
1.1908 0.0000
1.2025 0.0000
1.2141 0.0000
1.2258 0.0000
1.2375 0.0000
1.2492 0.0000
1.2608 0.0000
1.2725 0.0000
1.2842 0.0000
1.2959 0.0000
1.3075 0.0000
1.3192 0.0000
1.3309 0.0000
1.3426 0.0000
1.3542 0.0000
1.3659 0.0000
1.3776 0.0000
1.3893 0.0000
1.4009 0.0000
1.4126 0.0000
1.4243 0.0000
1.4360 0.0000
1.4476 0.0000
1.4593 0.0000
1.4710 0.0000
1.4827 0.0000
1.4943 0.0000
1.5060 0.0000
1.5177 0.0000
1.5294 0.0000
1.5410 0.0000
1.5527 0.0000
1.5644 0.0000
1.5761 0.0000
1.5877 0.0000
1.5994 0.0000
1.6111 0.0000
1.6227 0.0000
1.6344 0.0000
1.6461 0.0000
1.6578 0.0000
1.6694 0.0000
1.6811 0.0000
1.6928 0.0000
1.7045 0.0000
1.7161 0.0000
1.7278 0.0000
1.7395 0.0000
1.7512 0.0000
1.7628 0.0000
1.7745 0.0000
1.7862 0.0000
1.7979 0.0000
1.8095 0.0000
1.8212 0.0000
1.8329 0.0000
1.8446 0.0000
1.8562 0.0000
1.8679 0.0000
1.8796 0.0000
1.8913 0.0000
1.9029 0.0000
1.9146 0.0000
1.9263 0.0000
1.9380 0.0000
1.9496 0.0000
1.9613 0.0000
1.9730 0.0000
1.9847 0.0000
1.9963 0.0000
2.0080 0.0000
2.0197 0.0000
2.0313 0.0000
2.0430 0.0000
2.0547 0.0000
2.0664 0.0000
2.0780 0.0000
2.0897 0.0000
2.1014 0.0000
2.1131 0.0000
2.1247 0.0000
2.1364 0.0000
2.1481 0.0000
2.1598 0.0000
2.1714 0.0000
2.1831 0.0000
2.1948 0.0000
2.2065 0.0000
2.2181 0.0000
2.2298 0.0000
2.2415 0.0000
2.2532 0.0000
2.2648 0.0000
2.2765 0.0000
2.2882 0.0000
2.2999 0.0000
2.3115 0.0000
2.3232 0.0000
2.3349 0.0000
2.3466 0.0000
2.3582 0.0000
2.3699 0.0000
2.3816 0.0000
2.3933 0.0000
2.4049 0.0000
2.4166 0.0000
2.4283 0.0000
2.4399 0.0000
2.4516 0.0000
2.4633 0.0000
2.4750 0.0000
2.4866 0.0000
2.4983 0.0000
2.5100 0.0000
2.5217 0.0000
2.5333 0.0000
2.5450 0.0000
2.5567 0.0000
2.5684 0.0000
2.5800 0.0000
2.5917 0.0000
2.6034 0.0000
2.6151 0.0000
2.6267 0.0000
2.6384 0.0000
2.6501 0.0000
2.6618 0.0000
2.6734 0.0000
2.6851 0.0000
2.6968 0.0000
2.7085 0.0000
2.7201 0.0000
2.7318 0.0000
2.7435 0.0000
2.7552 0.0000
2.7668 0.0000
2.7785 0.0000
2.7902 0.0000
2.8019 0.0000
2.8135 0.0000
2.8252 0.0000
2.8369 0.0000
2.8485 0.0000
2.8602 0.0000
2.8719 0.0000
2.8836 0.0000
2.8952 0.0000
2.9069 0.0000
2.9186 0.0000
2.9303 0.0000
2.9419 0.0000
2.9536 0.0000
2.9653 0.0000
2.9770 0.0000
2.9886 0.0000
3.0003 0.0000
3.0120 0.0000
3.0237 0.0000
3.0353 0.0000
3.0470 0.0000
3.0587 0.0000
3.0704 0.0000
3.0820 0.0000
3.0937 0.0000
3.1054 0.0000
3.1171 0.0000
3.1287 0.0000
3.1404 0.0000
3.1521 0.0000
3.1638 0.0000
3.1754 0.0000
3.1871 0.0000
3.1988 0.0000
3.2105 0.0000
3.2221 0.0000
3.2338 0.0000
3.2455 0.0000
3.2571 0.0000
3.2688 0.0000
3.2805 0.0000
3.2922 0.0000
3.3038 0.0000
3.3155 0.0000
3.3272 0.0000
3.3389 0.0000
3.3505 0.0000
3.3622 0.0000
3.3739 0.0000
3.3856 0.0000
3.3972 0.0000
3.4089 0.0000
3.4206 0.0000
3.4323 0.0000
3.4439 0.0000
3.4556 0.0000
3.4673 0.0000
3.4790 0.0000
3.4906 0.0000
3.5023 0.0000
3.5140 0.0000
3.5257 0.0000
3.5373 0.0000
3.5490 0.0000
3.5607 0.0000
3.5724 0.0000
3.5840 0.0000
3.5957 0.0000
3.6074 0.0000
3.6191 0.0000
3.6307 0.0000
3.6424 0.0000
3.6541 0.0000
3.6657 0.0000
3.6774 0.0000
3.6891 0.0000
3.7008 0.0000
3.7124 0.0000
3.7241 0.0000
3.7358 0.0000
3.7475 0.0000
3.7591 0.0000
3.7708 0.0000
3.7825 0.0000
3.7942 0.0000
3.8058 0.0000
3.8175 0.0000
3.8292 0.0000
3.8409 0.0000
3.8525 0.0000
3.8642 0.0000
3.8759 0.0000
3.8876 0.0000
3.8992 0.0000
3.9109 0.0000
3.9226 0.0000
3.9343 0.0000
3.9459 0.0000
3.9576 0.0000
3.9693 0.0000
3.9810 0.0000
3.9926 0.0000
4.0043 0.0000
4.0160 0.0000
4.0277 0.0000
4.0393 0.0000
4.0510 0.0000
4.0627 0.0000
4.0743 0.0000
4.0860 0.0000
4.0977 0.0000
4.1094 0.0000
4.1210 0.0000
4.1327 0.0000
4.1444 0.0000
4.1561 0.0000
4.1677 0.0000
4.1794 0.0000
4.1911 0.0000
4.2028 0.0000
4.2144 0.0000
4.2261 0.0000
4.2378 0.0000
4.2495 0.0000
4.2611 0.0000
4.2728 0.0000
4.2845 0.0000
4.2962 0.0000
4.3078 0.0000
4.3195 0.0000
4.3312 0.0000
4.3429 0.0000
4.3545 0.0000
4.3662 0.0000
4.3779 0.0000
4.3896 0.0000
4.4012 0.0000
4.4129 0.0000
4.4246 0.0000
4.4363 0.0000
4.4479 0.0000
4.4596 0.0000
4.4713 0.0000
4.4829 0.0000
4.4946 0.0000
4.5063 0.0000
4.5180 0.0000
4.5296 0.0000
4.5413 0.0000
4.5530 0.0000
4.5647 0.0000
4.5763 0.0000
4.5880 0.0000
4.5997 0.0000
4.6114 0.0000
4.6230 0.0000
4.6347 0.0000
4.6464 0.0000
4.6581 0.0000
4.6697 0.0000
4.6814 0.0000
4.6931 0.0000
4.7048 0.0000
4.7164 0.0000
4.7281 0.0000
4.7398 0.0000
4.7515 0.0000
4.7631 0.0000
4.7748 0.0000
4.7865 0.0000
4.7982 0.0000
4.8098 0.0000
4.8215 0.0000
4.8332 0.0000
4.8449 0.0000
4.8565 0.0000
4.8682 0.0000
4.8799 0.0000
4.8915 0.0000
4.9032 0.0000
4.9149 0.0000
4.9266 0.0000
4.9382 0.0000
4.9499 0.0000
4.9616 0.0000
4.9733 0.0000
4.9849 0.0000
4.9966 0.0000
5.0083 0.0000
5.0200 0.0000
5.0316 0.0000
5.0433 0.0000
5.0550 0.0000
5.0667 0.0000
5.0783 0.0000
5.0900 0.0000
5.1017 0.0000
5.1134 0.0000
5.1250 0.0000
5.1367 0.0000
5.1484 0.0000
5.1601 0.0000
5.1717 0.0000
5.1834 0.0000
5.1951 0.0000
5.2068 0.0000
5.2184 0.0000
5.2301 0.0000
5.2418 0.0000
5.2535 0.0000
5.2651 0.0000
5.2768 0.0000
5.2885 0.0000
5.3001 0.0000
5.3118 0.0000
5.3235 0.0000
5.3352 0.0000
5.3468 0.0000
5.3585 0.0000
5.3702 0.0000
5.3819 0.0000
5.3935 0.0000
5.4052 0.0000
5.4169 0.0000
5.4286 0.0000
5.4402 0.0000
5.4519 0.0000
5.4636 0.0000
5.4753 0.0000
5.4869 0.0000
5.4986 0.0000
5.5103 0.0000
5.5220 0.0000
5.5336 0.0000
5.5453 0.0000
5.5570 0.0000
5.5687 0.0000
5.5803 0.0000
5.5920 0.0000
5.6037 0.0000
5.6154 0.0000
5.6270 0.0000
5.6387 0.0000
5.6504 0.0000
5.6621 0.0000
5.6737 0.0000
5.6854 0.0000
5.6971 0.0000
5.7087 0.0000
5.7204 0.0000
5.7321 0.0000
5.7438 0.0000
5.7554 0.0000
5.7671 0.0000
5.7788 0.0000
5.7905 0.0000
5.8021 0.0000
5.8138 0.0000
5.8255 0.0000
5.8372 0.0000
5.8488 0.0000
5.8605 0.0000
5.8722 0.0000
5.8839 0.0000
5.8955 0.0000
5.9072 0.0000
5.9189 0.0000
5.9306 0.0000
5.9422 0.0000
5.9539 0.0000
5.9656 0.0000
5.9773 0.0000
5.9889 0.0000
6.0006 0.0000
6.0123 0.0000
6.0240 0.0000
6.0356 0.0000
6.0473 0.0000
6.0590 0.0000
6.0707 0.0000
6.0823 0.0000
6.0940 0.0000
6.1057 0.0000
6.1173 0.0000
6.1290 0.0000
6.1407 0.0000
6.1524 0.0000
6.1640 0.0000
6.1757 0.0000
6.1874 0.0000
6.1991 0.0000
6.2107 0.0000
6.2224 0.0000
6.2341 0.0000
6.2458 0.0000
6.2574 0.0000
6.2691 0.0000
6.2808 0.0000
6.2925 0.0000
6.3041 0.0000
6.3158 0.0000
6.3275 0.0000
6.3392 0.0000
6.3508 0.0000
6.3625 0.0000
6.3742 0.0000
6.3859 0.0000
6.3975 0.0000
6.4092 0.0000
6.4209 0.0000
6.4326 0.0000
6.4442 0.0000
6.4559 0.0000
6.4676 0.0000
6.4793 0.0000
6.4909 0.0000
6.5026 0.0000
6.5143 0.0000
6.5259 0.0000
6.5376 0.0000
6.5493 0.0000
6.5610 0.0000
6.5726 0.0000
6.5843 0.0000
6.5960 0.0000
6.6077 0.0000
6.6193 0.0000
6.6310 0.0000
6.6427 0.0000
6.6544 0.0000
6.6660 0.0000
6.6777 0.0000
6.6894 0.0000
6.7011 0.0000
6.7127 0.0000
6.7244 0.0000
6.7361 0.0000
6.7478 0.0000
6.7594 0.0000
6.7711 0.0000
6.7828 0.0000
6.7945 0.0000
6.8061 0.0000
6.8178 0.0000
6.8295 0.0000
6.8412 0.0000
6.8528 0.0000
6.8645 0.0000
6.8762 0.0000
6.8879 0.0000
6.8995 0.0000
6.9112 0.0000
6.9229 0.0000
6.9345 0.0000
6.9462 0.0000
6.9579 0.0000
6.9696 0.0000
6.9812 0.0000
6.9929 0.0000
7.0046 0.0000
7.0163 0.0000
7.0279 0.0000
7.0396 0.0000
7.0513 0.0000
7.0630 0.0000
7.0746 0.0000
7.0863 0.0000
7.0980 0.0000
7.1097 0.0000
7.1213 0.0000
7.1330 0.0000
7.1447 0.0000
7.1564 0.0000
7.1680 0.0000
7.1797 0.0000
7.1914 0.0000
7.2031 0.0000
7.2147 0.0000
7.2264 0.0000
7.2381 0.0000
7.2498 0.0000
7.2614 0.0000
7.2731 0.0000
7.2848 0.0000
7.2965 0.0000
7.3081 0.0000
7.3198 0.0000
7.3315 0.0000
7.3431 0.0000
7.3548 0.0000
7.3665 0.0000
7.3782 0.0000
7.3898 0.0000
7.4015 0.0000
7.4132 0.0000
7.4249 0.0000
7.4365 0.0000
7.4482 0.0000
7.4599 0.0000
7.4716 0.0000
7.4832 0.0000
7.4949 0.0000
7.5066 0.0000
7.5183 0.0000
7.5299 0.0000
7.5416 0.0000
7.5533 0.0000
7.5650 0.0000
7.5766 0.0000
7.5883 0.0000
7.6000 0.0000
7.6117 0.0000
7.6233 0.0000
7.6350 0.0000
7.6467 0.0000
7.6584 0.0000
7.6700 0.0000
7.6817 0.0000
7.6934 0.0000
7.7051 0.0000
7.7167 0.0000
7.7284 0.0000
7.7401 0.0000
7.7517 0.0000
7.7634 0.0000
7.7751 0.0000
7.7868 0.0000
7.7984 0.0000
7.8101 0.0000
7.8218 0.0000
7.8335 0.0000
7.8451 0.0000
7.8568 0.0000
7.8685 0.0000
7.8802 0.0000
7.8918 0.0000
7.9035 0.0000
7.9152 0.0000
7.9269 0.0000
7.9385 0.0000
7.9502 0.0000
7.9619 0.0000
7.9736 0.0000
7.9852 0.0000
7.9969 0.0000
8.0086 0.0000
8.0203 0.0000
8.0319 0.0000
8.0436 0.0000
8.0553 0.0000
8.0670 0.0000
8.0786 0.0000
8.0903 0.0000
8.1020 0.0000
8.1137 0.0000
8.1253 0.0000
8.1370 0.0000
8.1487 0.0000
8.1603 0.0000
8.1720 0.0000
8.1837 0.0000
8.1954 0.0000
8.2070 0.0000
8.2187 0.0000
8.2304 0.0000
8.2421 0.0000
8.2537 0.0000
8.2654 0.0000
8.2771 0.0000
8.2888 0.0000
8.3004 0.0000
8.3121 0.0000
8.3238 0.0000
8.3355 0.0000
8.3471 0.0000
8.3588 0.0000
8.3705 0.0000
8.3822 0.0000
8.3938 0.0000
8.4055 0.0000
8.4172 0.0000
8.4289 0.0000
8.4405 0.0000
8.4522 0.0000
8.4639 0.0000
8.4756 0.0000
8.4872 0.0000
8.4989 0.0000
8.5106 0.0000
8.5223 0.0000
8.5339 0.0000
8.5456 0.0000
8.5573 0.0000
8.5689 0.0000
8.5806 0.0000
8.5923 0.0000
8.6040 0.0000
8.6156 0.0000
8.6273 0.0000
8.6390 0.0000
8.6507 0.0000
8.6623 0.0000
8.6740 0.0000
8.6857 0.0000
8.6974 0.0000
8.7090 0.0000
8.7207 0.0000
8.7324 0.0000
8.7441 0.0000
8.7557 0.0000
8.7674 0.0000
8.7791 0.0000
8.7908 0.0000
8.8024 0.0000
8.8141 0.0000
8.8258 0.0000
8.8375 0.0000
8.8491 0.0000
8.8608 0.0000
8.8725 0.0000
8.8842 0.0000
8.8958 0.0000
8.9075 0.0000
8.9192 0.0000
8.9309 0.0000
8.9425 0.0000
8.9542 0.0000
8.9659 0.0000
8.9775 0.0000
8.9892 0.0000
9.0009 0.0000
9.0126 0.0000
9.0242 0.0000
9.0359 0.0000
9.0476 0.0000
9.0593 0.0000
9.0709 0.0000
9.0826 0.0000
9.0943 0.0000
9.1060 0.0000
9.1176 0.0000
9.1293 0.0000
9.1410 0.0000
9.1527 0.0000
9.1643 0.0000
9.1760 0.0000
9.1877 0.0000
9.1994 0.0000
9.2110 0.0000
9.2227 0.0000
9.2344 0.0000
9.2461 0.0000
9.2577 0.0000
9.2694 0.0000
9.2811 0.0000
9.2928 0.0000
9.3044 0.0000
9.3161 0.0000
9.3278 0.0000
9.3395 0.0000
9.3511 0.0000
9.3628 0.0000
9.3745 0.0000
9.3861 0.0000
9.3978 0.0000
9.4095 0.0000
9.4212 0.0000
9.4328 0.0000
9.4445 0.0000
9.4562 0.0000
9.4679 0.0000
9.4795 0.0000
9.4912 0.0000
9.5029 0.0000
9.5146 0.0000
9.5262 0.0000
9.5379 0.0000
9.5496 0.0000
9.5613 0.0000
9.5729 0.0000
9.5846 0.0000
9.5963 0.0000
9.6080 0.0000
9.6196 0.0000
9.6313 0.0000
9.6430 0.0000
9.6547 0.0000
9.6663 0.0000
9.6780 0.0000
9.6897 0.0000
9.7014 0.0000
9.7130 0.0000
9.7247 0.0000
9.7364 0.0000
9.7481 0.0000
9.7597 0.0000
9.7714 0.0000
9.7831 0.0000
9.7947 0.0000
9.8064 0.0000
9.8181 0.0000
9.8298 0.0000
9.8414 0.0000
9.8531 0.0000
9.8648 0.0000
9.8765 0.0000
9.8881 0.0000
9.8998 0.0000
9.9115 0.0000
9.9232 0.0000
9.9348 0.0000
9.9465 0.0000
9.9582 0.0000
9.9699 0.0000
9.9815 0.0000
9.9932 0.0000
10.0049 0.0000
10.0166 0.0000
10.0282 0.0000
10.0399 0.0000
10.0516 0.0000
10.0633 0.0000
10.0749 0.0000
10.0866 0.0000
10.0983 0.0000
10.1100 0.0000
10.1216 0.0000
10.1333 0.0000
10.1450 0.0000
10.1567 0.0000
10.1683 0.0000
10.1800 0.0000
10.1917 0.0000
10.2033 0.0000
10.2150 0.0000
10.2267 0.0000
10.2384 0.0000
10.2500 0.0000
10.2617 0.0000
10.2734 0.0000
10.2851 0.0000
10.2967 0.0000
10.3084 0.0000
10.3201 0.0000
10.3318 0.0000
10.3434 0.0000
10.3551 0.0000
10.3668 0.0000
10.3785 0.0000
10.3901 0.0000
10.4018 0.0000
10.4135 0.0000
10.4252 0.0000
10.4368 0.0000
10.4485 0.0000
10.4602 0.0000
10.4719 0.0000
10.4835 0.0000
10.4952 0.0000
10.5069 0.0000
10.5186 0.0000
10.5302 0.0000
10.5419 0.0000
10.5536 0.0000
10.5653 0.0000
10.5769 0.0000
10.5886 0.0000
10.6003 0.0000
10.6119 0.0000
10.6236 0.0000
10.6353 0.0000
10.6470 0.0000
10.6586 0.0000
10.6703 0.0000
10.6820 0.0000
10.6937 0.0000
10.7053 0.0000
10.7170 0.0000
10.7287 0.0000
10.7404 0.0000
10.7520 0.0000
10.7637 0.0000
10.7754 0.0000
10.7871 0.0000
10.7987 0.0000
10.8104 0.0000
10.8221 0.0000
10.8338 0.0000
10.8454 0.0000
10.8571 0.0000
10.8688 0.0000
10.8805 0.0000
10.8921 0.0000
10.9038 0.0000
10.9155 0.0000
10.9272 0.0000
10.9388 0.0000
10.9505 0.0000
10.9622 0.0000
10.9739 0.0000
10.9855 0.0000
10.9972 0.0000
11.0089 0.0000
11.0205 0.0000
11.0322 0.0000
11.0439 0.0000
11.0556 0.0000
11.0672 0.0000
11.0789 0.0000
11.0906 0.0000
11.1023 0.0000
11.1139 0.0000
11.1256 0.0000
11.1373 0.0000
11.1490 0.0000
11.1606 0.0000
11.1723 0.0000
11.1840 0.0000
11.1957 0.0000
11.2073 0.0000
11.2190 0.0000
11.2307 0.0000
11.2424 0.0000
11.2540 0.0000
11.2657 0.0000
11.2774 0.0000
11.2891 0.0000
11.3007 0.0000
11.3124 0.0000
11.3241 0.0000
11.3358 0.0000
11.3474 0.0000
11.3591 0.0000
11.3708 0.0000
11.3825 0.0000
11.3941 0.0000
11.4058 0.0000
11.4175 0.0000
11.4291 0.0000
11.4408 0.0000
11.4525 0.0000
11.4642 0.0000
11.4758 0.0000
11.4875 0.0000
11.4992 0.0000
11.5109 0.0000
11.5225 0.0000
11.5342 0.0000
11.5459 0.0000
11.5576 0.0000
11.5692 0.0000
11.5809 0.0000
11.5926 0.0000
11.6043 0.0000
11.6159 0.0000
11.6276 0.0000
11.6393 0.0000
11.6510 0.0000
11.6626 0.0000
11.6743 0.0000
11.6860 0.0000
11.6977 0.0000
11.7093 0.0000
11.7210 0.0000
11.7327 0.0000
11.7444 0.0000
11.7560 0.0000
11.7677 0.0000
11.7794 0.0000
11.7911 0.0000
11.8027 0.0000
11.8144 0.0000
11.8261 0.0000
11.8377 0.0000
11.8494 0.0000
11.8611 0.0000
11.8728 0.0000
11.8844 0.0000
11.8961 0.0000
11.9078 0.0000
11.9195 0.0000
11.9311 0.0000
11.9428 0.0000
11.9545 0.0000
11.9662 0.0000
11.9778 0.0000
11.9895 0.0000
12.0012 0.0000
12.0129 0.0000
12.0245 0.0000
12.0362 0.0000
12.0479 0.0000
12.0596 0.0000
12.0712 0.0000
12.0829 0.0000
12.0946 0.0000
12.1063 0.0000
12.1179 0.0000
12.1296 0.0000
12.1413 0.0000
12.1530 0.0000
12.1646 0.0000
12.1763 0.0000
12.1880 0.0000
12.1997 0.0000
12.2113 0.0000
12.2230 0.0000
12.2347 0.0000
12.2463 0.0000
12.2580 0.0000
12.2697 0.0000
12.2814 0.0000
12.2930 0.0000
12.3047 0.0000
12.3164 0.0000
12.3281 0.0000
12.3397 0.0000
12.3514 0.0000
12.3631 0.0000
12.3748 0.0000
12.3864 0.0000
12.3981 0.0000
12.4098 0.0000
12.4215 0.0000
12.4331 0.0000
12.4448 0.0000
12.4565 0.0000
12.4682 0.0000
12.4798 0.0000
12.4915 0.0000
12.5032 0.0000
12.5149 0.0000
12.5265 0.0000
12.5382 0.0000
12.5499 0.0000
12.5616 0.0000
12.5732 0.0000
12.5849 0.0000
12.5966 0.0000
12.6083 0.0000
12.6199 0.0000
12.6316 0.0000
12.6433 0.0000
12.6549 0.0000
12.6666 0.0000
12.6783 0.0000
12.6900 0.0000
12.7016 0.0000
12.7133 0.0000
12.7250 0.0000
12.7367 0.0000
12.7483 0.0000
12.7600 0.0000
12.7717 0.0000
12.7834 0.0000
12.7950 0.0000
12.8067 0.0000
12.8184 0.0000
12.8301 0.0000
12.8417 0.0000
12.8534 0.0000
12.8651 0.0000
12.8768 0.0000
12.8884 0.0000
12.9001 0.0000
12.9118 0.0000
12.9235 0.0000
12.9351 0.0000
12.9468 0.0000
12.9585 0.0000
12.9702 0.0000
12.9818 0.0000
12.9935 0.0000
13.0052 0.0000
13.0169 0.0000
13.0285 0.0000
13.0402 0.0000
13.0519 0.0000
13.0635 0.0000
13.0752 0.0000
13.0869 0.0000
13.0986 0.0000
13.1102 0.0000
13.1219 0.0000
13.1336 0.0000
13.1453 0.0000
13.1569 0.0000
13.1686 0.0000
13.1803 0.0000
13.1920 0.0000
13.2036 0.0000
13.2153 0.0000
13.2270 0.0000
13.2387 0.0000
13.2503 0.0000
13.2620 0.0000
13.2737 0.0000
13.2854 0.0000
13.2970 0.0000
13.3087 0.0000
13.3204 0.0000
13.3321 0.0000
13.3437 0.0000
13.3554 0.0000
13.3671 0.0000
13.3788 0.0000
13.3904 0.0000
13.4021 0.0000
13.4138 0.0000
13.4255 0.0000
13.4371 0.0000
13.4488 0.0000
13.4605 0.0000
13.4721 0.0000
13.4838 0.0000
13.4955 0.0000
13.5072 0.0000
13.5188 0.0000
13.5305 0.0000
13.5422 0.0000
13.5539 0.0000
13.5655 0.0000
13.5772 0.0000
13.5889 0.0000
13.6006 0.0000
13.6122 0.0000
13.6239 0.0000
13.6356 0.0000
13.6473 0.0000
13.6589 0.0000
13.6706 0.0000
13.6823 0.0000
13.6940 0.0000
13.7056 0.0000
13.7173 0.0000
13.7290 0.0000
13.7407 0.0000
13.7523 0.0000
13.7640 0.0000
13.7757 0.0000
13.7874 0.0000
13.7990 0.0000
13.8107 0.0000
13.8224 0.0000
13.8341 0.0000
13.8457 0.0000
13.8574 0.0000
13.8691 0.0000
13.8807 0.0000
13.8924 0.0000
13.9041 0.0000
13.9158 0.0000
13.9274 0.0000
13.9391 0.0000
13.9508 0.0000
13.9625 0.0000
13.9741 0.0000
13.9858 0.0000
13.9975 0.0000
14.0092 0.0000
14.0208 0.0000
14.0325 0.0000
14.0442 0.0000
14.0559 0.0000
14.0675 0.0000
14.0792 0.0000
14.0909 0.0000
14.1026 0.0000
14.1142 0.0000
14.1259 0.0000
14.1376 0.0000
14.1493 0.0000
14.1609 0.0000
14.1726 0.0000
14.1843 0.0000
14.1960 0.0000
14.2076 0.0000
14.2193 0.0000
14.2310 0.0000
14.2427 0.0000
14.2543 0.0000
14.2660 0.0000
14.2777 0.0000
14.2893 0.0000
14.3010 0.0000
14.3127 0.0000
14.3244 0.0000
14.3360 0.0000
14.3477 0.0000
14.3594 0.0000
14.3711 0.0000
14.3827 0.0000
14.3944 0.0000
14.4061 0.0000
14.4178 0.0000
14.4294 0.0000
14.4411 0.0000
14.4528 0.0000
14.4645 0.0000
14.4761 0.0000
14.4878 0.0000
14.4995 0.0000
14.5112 0.0000
14.5228 0.0000
14.5345 0.0000
14.5462 0.0000
14.5579 0.0000
14.5695 0.0000
14.5812 0.0000
14.5929 0.0000
14.6046 0.0000
14.6162 0.0000
14.6279 0.0000
14.6396 0.0000
14.6513 0.0000
14.6629 0.0000
14.6746 0.0000
14.6863 0.0000
14.6979 0.0000
14.7096 0.0000
14.7213 0.0000
14.7330 0.0000
14.7446 0.0000
14.7563 0.0000
14.7680 0.0000
14.7797 0.0000
14.7913 0.0000
14.8030 0.0000
14.8147 0.0000
14.8264 0.0000
14.8380 0.0000
14.8497 0.0000
14.8614 0.0000
14.8731 0.0000
14.8847 0.0000
14.8964 0.0000
14.9081 0.0000
14.9198 0.0000
14.9314 0.0000
14.9431 0.0000
14.9548 0.0000
14.9665 0.0000
14.9781 0.0000
14.9898 0.0000
15.0015 0.0000
15.0132 0.0000
15.0248 0.0000
15.0365 0.0000
15.0482 0.0000
15.0599 0.0000
15.0715 0.0000
15.0832 0.0000
15.0949 0.0000
15.1065 0.0000
15.1182 0.0000
15.1299 0.0000
15.1416 0.0000
15.1532 0.0000
15.1649 0.0000
15.1766 0.0000
15.1883 0.0000
15.1999 0.0000
15.2116 0.0000
15.2233 0.0000
15.2350 0.0000
15.2466 0.0000
15.2583 0.0000
15.2700 0.0000
15.2817 0.0000
15.2933 0.0000
15.3050 0.0000
15.3167 0.0000
15.3284 0.0000
15.3400 0.0000
15.3517 0.0000
15.3634 0.0000
15.3751 0.0000
15.3867 0.0000
15.3984 0.0000
15.4101 0.0000
15.4218 0.0000
15.4334 0.0000
15.4451 0.0000
15.4568 0.0000
15.4685 0.0000
15.4801 0.0000
15.4918 0.0000
15.5035 0.0000
15.5151 0.0000
15.5268 0.0000
15.5385 0.0000
15.5502 0.0000
15.5618 0.0000
15.5735 0.0000
15.5852 0.0000
15.5969 0.0000
15.6085 0.0000
15.6202 0.0000
15.6319 0.0000
15.6436 0.0000
15.6552 0.0000
15.6669 0.0000
15.6786 0.0000
15.6903 0.0000
15.7019 0.0000
15.7136 0.0000
15.7253 0.0000
15.7370 0.0000
15.7486 0.0000
15.7603 0.0000
15.7720 0.0000
15.7837 0.0000
15.7953 0.0000
15.8070 0.0000
15.8187 0.0000
15.8304 0.0000
15.8420 0.0000
15.8537 0.0000
15.8654 0.0000
15.8771 0.0000
15.8887 0.0000
15.9004 0.0000
15.9121 0.0000
15.9237 0.0000
15.9354 0.0000
15.9471 0.0000
15.9588 0.0000
15.9704 0.0000
15.9821 0.0000
15.9938 0.0000
16.0055 0.0000
16.0171 0.0000
16.0288 0.0000
16.0405 0.0000
16.0522 0.0000
16.0638 0.0000
16.0755 0.0000
16.0872 0.0000
16.0989 0.0000
16.1105 0.0000
16.1222 0.0000
16.1339 0.0000
16.1456 0.0000
16.1572 0.0000
16.1689 0.0000
16.1806 0.0000
16.1923 0.0000
16.2039 0.0000
16.2156 0.0000
16.2273 0.0000
16.2390 0.0000
16.2506 0.0000
16.2623 0.0000
16.2740 0.0000
16.2857 0.0000
16.2973 0.0000
16.3090 0.0000
16.3207 0.0000
16.3323 0.0000
16.3440 0.0000
16.3557 0.0000
16.3674 0.0000
16.3790 0.0000
16.3907 0.0000
16.4024 0.0000
16.4141 0.0000
16.4257 0.0000
16.4374 0.0000
16.4491 0.0000
16.4608 0.0000
16.4724 0.0000
16.4841 0.0000
16.4958 0.0000
16.5075 0.0000
16.5191 0.0000
16.5308 0.0000
16.5425 0.0000
16.5542 0.0000
16.5658 0.0000
16.5775 0.0000
16.5892 0.0000
16.6009 0.0000
16.6125 0.0000
16.6242 0.0000
16.6359 0.0000
16.6476 0.0000
16.6592 0.0000
16.6709 0.0000
16.6826 0.0000
16.6943 0.0000
16.7059 0.0000
16.7176 0.0000
16.7293 0.0000
16.7409 0.0000
16.7526 0.0000
16.7643 0.0000
16.7760 0.0000
16.7876 0.0000
16.7993 0.0000
16.8110 0.0000
16.8227 0.0000
16.8343 0.0000
16.8460 0.0000
16.8577 0.0000
16.8694 0.0000
16.8810 0.0000
16.8927 0.0000
16.9044 0.0000
16.9161 0.0000
16.9277 0.0000
16.9394 0.0000
16.9511 0.0000
16.9628 0.0000
16.9744 0.0000
16.9861 0.0000
16.9978 0.0000
17.0095 0.0000
17.0211 0.0000
17.0328 0.0000
17.0445 0.0000
17.0562 0.0000
17.0678 0.0000
17.0795 0.0000
17.0912 0.0000
17.1029 0.0000
17.1145 0.0000
17.1262 0.0000
17.1379 0.0000
17.1495 0.0000
17.1612 0.0000
17.1729 0.0000
17.1846 0.0000
17.1962 0.0000
17.2079 0.0000
17.2196 0.0000
17.2313 0.0000
17.2429 0.0000
17.2546 0.0000
17.2663 0.0000
17.2780 0.0000
17.2896 0.0000
17.3013 0.0000
17.3130 0.0000
17.3247 0.0000
17.3363 0.0000
17.3480 0.0000
17.3597 0.0000
17.3714 0.0000
17.3830 0.0000
17.3947 0.0000
17.4064 0.0000
17.4181 0.0000
17.4297 0.0000
17.4414 0.0000
17.4531 0.0000
17.4648 0.0000
17.4764 0.0000
17.4881 0.0000
17.4998 0.0000
17.5115 0.0000
17.5231 0.0000
17.5348 0.0000
17.5465 0.0000
17.5581 0.0000
17.5698 0.0000
17.5815 0.0000
17.5932 0.0000
17.6048 0.0000
17.6165 0.0000
17.6282 0.0000
17.6399 0.0000
17.6515 0.0000
17.6632 0.0000
17.6749 0.0000
17.6866 0.0000
17.6982 0.0000
17.7099 0.0000
17.7216 0.0000
17.7333 0.0000
17.7449 0.0000
17.7566 0.0000
17.7683 0.0000
17.7800 0.0000
17.7916 0.0000
17.8033 0.0000
17.8150 0.0000
17.8267 0.0000
17.8383 0.0000
17.8500 0.0000
17.8617 0.0000
17.8734 0.0000
17.8850 0.0000
17.8967 0.0000
17.9084 0.0000
17.9201 0.0000
17.9317 0.0000
17.9434 0.0000
17.9551 0.0000
17.9667 0.0000
17.9784 0.0000
17.9901 0.0000
18.0018 0.0000
18.0134 0.0000
18.0251 0.0000
18.0368 0.0000
18.0485 0.0000
18.0601 0.0000
18.0718 0.0000
18.0835 0.0000
18.0952 0.0000
18.1068 0.0000
18.1185 0.0000
18.1302 0.0000
18.1419 0.0000
18.1535 0.0000
18.1652 0.0000
18.1769 0.0000
18.1886 0.0000
18.2002 0.0000
18.2119 0.0000
18.2236 0.0000
18.2353 0.0000
18.2469 0.0000
18.2586 0.0000
18.2703 0.0000
18.2820 0.0000
18.2936 0.0000
18.3053 0.0000
18.3170 0.0000
18.3287 0.0000
18.3403 0.0000
18.3520 0.0000
18.3637 0.0000
18.3753 0.0000
18.3870 0.0000
18.3987 0.0000
18.4104 0.0000
18.4220 0.0000
18.4337 0.0000
18.4454 0.0000
18.4571 0.0000
18.4687 0.0000
18.4804 0.0000
18.4921 0.0000
18.5038 0.0000
18.5154 0.0000
18.5271 0.0000
18.5388 0.0000
18.5505 0.0000
18.5621 0.0000
18.5738 0.0000
18.5855 0.0000
18.5972 0.0000
18.6088 0.0000
18.6205 0.0000
18.6322 0.0000
18.6439 0.0000
18.6555 0.0000
18.6672 0.0000
18.6789 0.0000
18.6906 0.0000
18.7022 0.0000
18.7139 0.0000
18.7256 0.0000
18.7373 0.0000
18.7489 0.0000
18.7606 0.0000
18.7723 0.0000
18.7839 0.0000
18.7956 0.0000
18.8073 0.0000
18.8190 0.0000
18.8306 0.0000
18.8423 0.0000
18.8540 0.0000
18.8657 0.0000
18.8773 0.0000
18.8890 0.0000
18.9007 0.0000
18.9124 0.0000
18.9240 0.0000
18.9357 0.0000
18.9474 0.0000
18.9591 0.0000
18.9707 0.0000
18.9824 0.0000
18.9941 0.0000
19.0058 0.0000
19.0174 0.0000
19.0291 0.0000
19.0408 0.0000
19.0525 0.0000
19.0641 0.0000
19.0758 0.0000
19.0875 0.0000
19.0992 0.0000
19.1108 0.0000
19.1225 0.0000
19.1342 0.0000
19.1459 0.0000
19.1575 0.0000
19.1692 0.0000
19.1809 0.0000
19.1925 0.0000
19.2042 0.0000
19.2159 0.0000
19.2276 0.0000
19.2392 0.0000
19.2509 0.0000
19.2626 0.0000
19.2743 0.0000
19.2859 0.0000
19.2976 0.0000
19.3093 0.0000
19.3210 0.0000
19.3326 0.0000
19.3443 0.0000
19.3560 0.0000
19.3677 0.0000
19.3793 0.0000
19.3910 0.0000
19.4027 0.0000
19.4144 0.0000
19.4260 0.0000
19.4377 0.0000
19.4494 0.0000
19.4611 0.0000
19.4727 0.0000
19.4844 0.0000
19.4961 0.0000
19.5078 0.0000
19.5194 0.0000
19.5311 0.0000
19.5428 0.0000
19.5545 0.0000
19.5661 0.0000
19.5778 0.0000
19.5895 0.0000
19.6011 0.0000
19.6128 0.0000
19.6245 0.0000
19.6362 0.0000
19.6478 0.0000
19.6595 0.0000
19.6712 0.0000
19.6829 0.0000
19.6945 0.0000
19.7062 0.0000
19.7179 0.0000
19.7296 0.0000
19.7412 0.0000
19.7529 0.0000
19.7646 0.0000
19.7763 0.0000
19.7879 0.0000
19.7996 0.0000
19.8113 0.0000
19.8230 0.0000
19.8346 0.0000
19.8463 0.0000
19.8580 0.0000
19.8697 0.0000
19.8813 0.0000
19.8930 0.0000
19.9047 0.0000
19.9164 0.0000
19.9280 0.0000
19.9397 0.0000
19.9514 0.0000
19.9631 0.0000
19.9747 0.0000
19.9864 0.0000
19.9981 0.0000
20.0098 0.0000
20.0214 0.0000
20.0331 0.0000
20.0448 0.0000
20.0564 0.0000
20.0681 0.0000
20.0798 0.0000
20.0915 0.0000
20.1031 0.0000
20.1148 0.0000
20.1265 0.0000
20.1382 0.0000
20.1498 0.0000
20.1615 0.0000
20.1732 0.0000
20.1849 0.0000
20.1965 0.0000
20.2082 0.0000
20.2199 0.0000
20.2316 0.0000
20.2432 0.0000
20.2549 0.0000
20.2666 0.0000
20.2783 0.0000
20.2899 0.0000
20.3016 0.0000
20.3133 0.0000
20.3250 0.0000
20.3366 0.0000
20.3483 0.0000
20.3600 0.0000
20.3717 0.0000
20.3833 0.0000
20.3950 0.0000
20.4067 0.0000
20.4184 0.0000
20.4300 0.0000
20.4417 0.0000
20.4534 0.0000
20.4650 0.0000
20.4767 0.0000
20.4884 0.0000
20.5001 0.0000
20.5117 0.0000
20.5234 0.0000
20.5351 0.0000
20.5468 0.0000
20.5584 0.0000
20.5701 0.0000
20.5818 0.0000
20.5935 0.0000
20.6051 0.0000
20.6168 0.0000
20.6285 0.0000
20.6402 0.0000
20.6518 0.0000
20.6635 0.0000
20.6752 0.0000
20.6869 0.0000
20.6985 0.0000
20.7102 0.0000
20.7219 0.0000
20.7336 0.0000
20.7452 0.0000
20.7569 0.0000
20.7686 0.0000
20.7803 0.0000
20.7919 0.0000
20.8036 0.0000
20.8153 0.0000
20.8270 0.0000
20.8386 0.0000
20.8503 0.0000
20.8620 0.0000
20.8736 0.0000
20.8853 0.0000
20.8970 0.0000
20.9087 0.0000
20.9203 0.0000
20.9320 0.0000
20.9437 0.0000
20.9554 0.0000
20.9670 0.0000
20.9787 0.0000
20.9904 0.0000
21.0021 0.0000
21.0137 0.0000
21.0254 0.0000
21.0371 0.0000
21.0488 0.0000
21.0604 0.0000
21.0721 0.0000
21.0838 0.0000
21.0955 0.0000
21.1071 0.0000
21.1188 0.0000
21.1305 0.0000
21.1422 0.0000
21.1538 0.0000
21.1655 0.0000
21.1772 0.0000
21.1889 0.0000
21.2005 0.0000
21.2122 0.0000
21.2239 0.0000
21.2356 0.0000
21.2472 0.0000
21.2589 0.0000
21.2706 0.0000
21.2822 0.0000
21.2939 0.0000
21.3056 0.0000
21.3173 0.0000
21.3289 0.0000
21.3406 0.0000
21.3523 0.0000
21.3640 0.0000
21.3756 0.0000
21.3873 0.0000
21.3990 0.0000
21.4107 0.0000
21.4223 0.0000
21.4340 0.0000
21.4457 0.0000
21.4574 0.0000
21.4690 0.0000
21.4807 0.0000
21.4924 0.0000
21.5041 0.0000
21.5157 0.0000
21.5274 0.0000
21.5391 0.0000
21.5508 0.0000
21.5624 0.0000
21.5741 0.0000
21.5858 0.0000
21.5975 0.0000
21.6091 0.0000
21.6208 0.0000
21.6325 0.0000
21.6442 0.0000
21.6558 0.0000
21.6675 0.0000
21.6792 0.0000
21.6908 0.0000
21.7025 0.0000
21.7142 0.0000
21.7259 0.0000
21.7375 0.0000
21.7492 0.0000
21.7609 0.0000
21.7726 0.0000
21.7842 0.0000
21.7959 0.0000
21.8076 0.0000
21.8193 0.0000
21.8309 0.0000
21.8426 0.0000
21.8543 0.0000
21.8660 0.0000
21.8776 0.0000
21.8893 0.0000
21.9010 0.0000
21.9127 0.0000
21.9243 0.0000
21.9360 0.0000
21.9477 0.0000
21.9594 0.0000
21.9710 0.0000
21.9827 0.0000
21.9944 0.0000
22.0061 0.0000
22.0177 0.0000
22.0294 0.0000
22.0411 0.0000
22.0528 0.0000
22.0644 0.0000
22.0761 0.0000
22.0878 0.0000
22.0994 0.0000
22.1111 0.0000
22.1228 0.0000
22.1345 0.0000
22.1461 0.0000
22.1578 0.0000
22.1695 0.0000
22.1812 0.0000
22.1928 0.0000
22.2045 0.0000
22.2162 0.0000
22.2279 0.0000
22.2395 0.0000
22.2512 0.0000
22.2629 0.0000
22.2746 0.0000
22.2862 0.0000
22.2979 0.0000
22.3096 0.0000
22.3213 0.0000
22.3329 0.0000
22.3446 0.0000
22.3563 0.0000
22.3680 0.0000
22.3796 0.0000
22.3913 0.0000
22.4030 0.0000
22.4147 0.0000
22.4263 0.0000
22.4380 0.0000
22.4497 0.0000
22.4614 0.0000
22.4730 0.0000
22.4847 0.0000
22.4964 0.0000
22.5080 0.0000
22.5197 0.0000
22.5314 0.0000
22.5431 0.0000
22.5547 0.0000
22.5664 0.0000
22.5781 0.0000
22.5898 0.0000
22.6014 0.0000
22.6131 0.0000
22.6248 0.0000
22.6365 0.0000
22.6481 0.0000
22.6598 0.0000
22.6715 0.0000
22.6832 0.0000
22.6948 0.0000
22.7065 0.0000
22.7182 0.0000
22.7299 0.0000
22.7415 0.0000
22.7532 0.0000
22.7649 0.0000
22.7766 0.0000
22.7882 0.0000
22.7999 0.0000
22.8116 0.0000
22.8233 0.0000
22.8349 0.0000
22.8466 0.0000
22.8583 0.0000
22.8700 0.0000
22.8816 0.0000
22.8933 0.0000
22.9050 0.0000
22.9166 0.0000
22.9283 0.0000
22.9400 0.0000
22.9517 0.0000
22.9633 0.0000
22.9750 0.0000
22.9867 0.0000
22.9984 0.0000
23.0100 0.0000
23.0217 0.0000
23.0334 0.0000
23.0451 0.0000
23.0567 0.0000
23.0684 0.0000
23.0801 0.0000
23.0918 0.0000
23.1034 0.0000
23.1151 0.0000
23.1268 0.0000
23.1385 0.0000
23.1501 0.0000
23.1618 0.0000
23.1735 0.0000
23.1852 0.0000
23.1968 0.0000
23.2085 0.0000
23.2202 0.0000
23.2319 0.0000
23.2435 0.0000
23.2552 0.0000
23.2669 0.0000
23.2786 0.0000
23.2902 0.0000
23.3019 0.0000
23.3136 0.0000
23.3252 0.0000
23.3369 0.0000
23.3486 0.0000
23.3603 0.0000
23.3719 0.0000
23.3836 0.0000
23.3953 0.0000
23.4070 0.0000
23.4186 0.0000
23.4303 0.0000
23.4420 0.0000
23.4537 0.0000
23.4653 0.0000
23.4770 0.0000
23.4887 0.0000
23.5004 0.0000
23.5120 0.0000
23.5237 0.0000
23.5354 0.0000
23.5471 0.0000
23.5587 0.0000
23.5704 0.0000
23.5821 0.0000
23.5938 0.0000
23.6054 0.0000
23.6171 0.0000
23.6288 0.0000
23.6405 0.0000
23.6521 0.0000
23.6638 0.0000
23.6755 0.0000
23.6872 0.0000
23.6988 0.0000
23.7105 0.0000
23.7222 0.0000
23.7338 0.0000
23.7455 0.0000
23.7572 0.0000
23.7689 0.0000
23.7805 0.0000
23.7922 0.0000
23.8039 0.0000
23.8156 0.0000
23.8272 0.0000
23.8389 0.0000
23.8506 0.0000
23.8623 0.0000
23.8739 0.0000
23.8856 0.0000
23.8973 0.0000
23.9090 0.0000
23.9206 0.0000
23.9323 0.0000
23.9440 0.0000
23.9557 0.0000
23.9673 0.0000
23.9790 0.0000
23.9907 0.0000
24.0024 0.0000
24.0140 0.0000
24.0257 0.0000
24.0374 0.0000
24.0491 0.0000
24.0607 0.0000
24.0724 0.0000
24.0841 0.0000
24.0958 0.0000
24.1074 0.0000
24.1191 0.0000
24.1308 0.0000
24.1424 0.0000
24.1541 0.0000
24.1658 0.0000
24.1775 0.0000
24.1891 0.0000
24.2008 0.0000
24.2125 0.0000
24.2242 0.0000
24.2358 0.0000
24.2475 0.0000
24.2592 0.0000
24.2709 0.0000
24.2825 0.0000
24.2942 0.0000
24.3059 0.0000
24.3176 0.0000
24.3292 0.0000
24.3409 0.0000
24.3526 0.0000
24.3643 0.0000
24.3759 0.0000
24.3876 0.0000
24.3993 0.0000
24.4110 0.0000
24.4226 0.0000
24.4343 0.0000
24.4460 0.0000
24.4577 0.0000
24.4693 0.0000
24.4810 0.0000
24.4927 0.0000
24.5044 0.0000
24.5160 0.0000
24.5277 0.0000
24.5394 0.0000
24.5510 0.0000
24.5627 0.0000
24.5744 0.0000
24.5861 0.0000
24.5977 0.0000
24.6094 0.0000
24.6211 0.0000
24.6328 0.0000
24.6444 0.0000
24.6561 0.0000
24.6678 0.0000
24.6795 0.0000
24.6911 0.0000
24.7028 0.0000
24.7145 0.0000
24.7262 0.0000
24.7378 0.0000
24.7495 0.0000
24.7612 0.0000
24.7729 0.0000
24.7845 0.0000
24.7962 0.0000
24.8079 0.0000
24.8196 0.0000
24.8312 0.0000
24.8429 0.0000
24.8546 0.0000
24.8663 0.0000
24.8779 0.0000
24.8896 0.0000
24.9013 0.0000
24.9130 0.0000
24.9246 0.0000
24.9363 0.0000
24.9480 0.0000
24.9596 0.0000
24.9713 0.0000
24.9830 0.0000
24.9947 0.0000
25.0063 0.0000
25.0180 0.0000
25.0297 0.0000
25.0414 0.0000
25.0530 0.0000
25.0647 0.0000
25.0764 0.0000
25.0881 0.0000
25.0997 0.0000
25.1114 0.0000
25.1231 0.0000
25.1348 0.0000
25.1464 0.0000
25.1581 0.0000
25.1698 0.0000
25.1815 0.0000
25.1931 0.0000
25.2048 0.0000
25.2165 0.0000
25.2282 0.0000
25.2398 0.0000
25.2515 0.0000
25.2632 0.0000
25.2749 0.0000
25.2865 0.0000
25.2982 0.0000
25.3099 0.0000
25.3216 0.0000
25.3332 0.0000
25.3449 0.0000
25.3566 0.0000
25.3682 0.0000
25.3799 0.0000
25.3916 0.0000
25.4033 0.0000
25.4149 0.0000
25.4266 0.0000
25.4383 0.0000
25.4500 0.0000
25.4616 0.0000
25.4733 0.0000
25.4850 0.0000
25.4967 0.0000
25.5083 0.0000
25.5200 0.0000
25.5317 0.0000
25.5434 0.0000
25.5550 0.0000
25.5667 0.0000
25.5784 0.0000
25.5901 0.0000
25.6017 0.0000
25.6134 0.0000
25.6251 0.0000
25.6368 0.0000
25.6484 0.0000
25.6601 0.0000
25.6718 0.0000
25.6835 0.0000
25.6951 0.0000
25.7068 0.0000
25.7185 0.0000
25.7302 0.0000
25.7418 0.0000
25.7535 0.0000
25.7652 0.0000
25.7768 0.0000
25.7885 0.0000
25.8002 0.0000
25.8119 0.0000
25.8235 0.0000
25.8352 0.0000
25.8469 0.0000
25.8586 0.0000
25.8702 0.0000
25.8819 0.0000
25.8936 0.0000
25.9053 0.0000
25.9169 0.0000
25.9286 0.0000
25.9403 0.0000
25.9520 0.0000
25.9636 0.0000
25.9753 0.0000
25.9870 0.0000
25.9987 0.0000
26.0103 0.0000
26.0220 0.0000
26.0337 0.0000
26.0454 0.0000
26.0570 0.0000
26.0687 0.0000
26.0804 0.0000
26.0921 0.0000
26.1037 0.0000
26.1154 0.0000
26.1271 0.0000
26.1388 0.0000
26.1504 0.0000
26.1621 0.0000
26.1738 0.0000
26.1854 0.0000
26.1971 0.0000
26.2088 0.0000
26.2205 0.0000
26.2321 0.0000
26.2438 0.0000
26.2555 0.0000
26.2672 0.0000
26.2788 0.0000
26.2905 0.0000
26.3022 0.0000
26.3139 0.0000
26.3255 0.0000
26.3372 0.0000
26.3489 0.0000
26.3606 0.0000
26.3722 0.0000
26.3839 0.0000
26.3956 0.0000
26.4073 0.0000
26.4189 0.0000
26.4306 0.0000
26.4423 0.0000
26.4540 0.0000
26.4656 0.0000
26.4773 0.0000
26.4890 0.0000
26.5007 0.0000
26.5123 0.0000
26.5240 0.0000
26.5357 0.0000
26.5474 0.0000
26.5590 0.0000
26.5707 0.0000
26.5824 0.0000
26.5940 0.0000
26.6057 0.0000
26.6174 0.0000
26.6291 0.0000
26.6407 0.0000
26.6524 0.0000
26.6641 0.0000
26.6758 0.0000
26.6874 0.0000
26.6991 0.0000
26.7108 0.0000
26.7225 0.0000
26.7341 0.0000
26.7458 0.0000
26.7575 0.0000
26.7692 0.0000
26.7808 0.0000
26.7925 0.0000
26.8042 0.0000
26.8159 0.0000
26.8275 0.0000
26.8392 0.0000
26.8509 0.0000
26.8626 0.0000
26.8742 0.0000
26.8859 0.0000
26.8976 0.0000
26.9093 0.0000
26.9209 0.0000
26.9326 0.0000
26.9443 0.0000
26.9560 0.0000
26.9676 0.0000
26.9793 0.0000
26.9910 0.0000
27.0026 0.0000
27.0143 0.0000
27.0260 0.0000
27.0377 0.0000
27.0493 0.0000
27.0610 0.0000
27.0727 0.0000
27.0844 0.0000
27.0960 0.0000
27.1077 0.0000
27.1194 0.0000
27.1311 0.0000
27.1427 0.0000
27.1544 0.0000
27.1661 0.0000
27.1778 0.0000
27.1894 0.0000
27.2011 0.0000
27.2128 0.0000
27.2245 0.0000
27.2361 0.0000
27.2478 0.0000
27.2595 0.0000
27.2712 0.0000
27.2828 0.0000
27.2945 0.0000
27.3062 0.0000
27.3179 0.0000
27.3295 0.0000
27.3412 0.0000
27.3529 0.0000
27.3646 0.0000
27.3762 0.0000
27.3879 0.0000
27.3996 0.0000
27.4112 0.0000
27.4229 0.0000
27.4346 0.0000
27.4463 0.0000
27.4579 0.0000
27.4696 0.0000
27.4813 0.0000
27.4930 0.0000
27.5046 0.0000
27.5163 0.0000
27.5280 0.0000
27.5397 0.0000
27.5513 0.0000
27.5630 0.0000
27.5747 0.0000
27.5864 0.0000
27.5980 0.0000
27.6097 0.0000
27.6214 0.0000
27.6331 0.0000
27.6447 0.0000
27.6564 0.0000
27.6681 0.0000
27.6798 0.0000
27.6914 0.0000
27.7031 0.0000
27.7148 0.0000
27.7265 0.0000
27.7381 0.0000
27.7498 0.0000
27.7615 0.0000
27.7732 0.0000
27.7848 0.0000
27.7965 0.0000
27.8082 0.0000
27.8198 0.0000
27.8315 0.0000
27.8432 0.0000
27.8549 0.0000
27.8665 0.0000
27.8782 0.0000
27.8899 0.0000
27.9016 0.0000
27.9132 0.0000
27.9249 0.0000
27.9366 0.0000
27.9483 0.0000
27.9599 0.0000
27.9716 0.0000
27.9833 0.0000
27.9950 0.0000
28.0066 0.0000
28.0183 0.0000
28.0300 0.0000
28.0417 0.0000
28.0533 0.0000
28.0650 0.0000
28.0767 0.0000
28.0884 0.0000
28.1000 0.0000
28.1117 0.0000
28.1234 0.0000
28.1351 0.0000
28.1467 0.0000
28.1584 0.0000
28.1701 0.0000
28.1818 0.0000
28.1934 0.0000
28.2051 0.0000
28.2168 0.0000
28.2284 0.0000
28.2401 0.0000
28.2518 0.0000
28.2635 0.0000
28.2751 0.0000
28.2868 0.0000
28.2985 0.0000
28.3102 0.0000
28.3218 0.0000
28.3335 0.0000
28.3452 0.0000
28.3569 0.0000
28.3685 0.0000
28.3802 0.0000
28.3919 0.0000
28.4036 0.0000
28.4152 0.0000
28.4269 0.0000
28.4386 0.0000
28.4503 0.0000
28.4619 0.0000
28.4736 0.0000
28.4853 0.0000
28.4970 0.0000
28.5086 0.0000
28.5203 0.0000
28.5320 0.0000
28.5437 0.0000
28.5553 0.0000
28.5670 0.0000
28.5787 0.0000
28.5904 0.0000
28.6020 0.0000
28.6137 0.0000
28.6254 0.0000
28.6370 0.0000
28.6487 0.0000
28.6604 0.0000
28.6721 0.0000
28.6837 0.0000
28.6954 0.0000
28.7071 0.0000
28.7188 0.0000
28.7304 0.0000
28.7421 0.0000
28.7538 0.0000
28.7655 0.0000
28.7771 0.0000
28.7888 0.0000
28.8005 0.0000
28.8122 0.0000
28.8238 0.0000
28.8355 0.0000
28.8472 0.0000
28.8589 0.0000
28.8705 0.0000
28.8822 0.0000
28.8939 0.0000
28.9056 0.0000
28.9172 0.0000
28.9289 0.0000
28.9406 0.0000
28.9523 0.0000
28.9639 0.0000
28.9756 0.0000
28.9873 0.0000
28.9990 0.0000
29.0106 0.0000
29.0223 0.0000
29.0340 0.0000
29.0456 0.0000
29.0573 0.0000
29.0690 0.0000
29.0807 0.0000
29.0923 0.0000
29.1040 0.0000
29.1157 0.0000
29.1274 0.0000
29.1390 0.0000
29.1507 0.0000
29.1624 0.0000
29.1741 0.0000
29.1857 0.0000
29.1974 0.0000
29.2091 0.0000
29.2208 0.0000
29.2324 0.0000
29.2441 0.0000
29.2558 0.0000
29.2675 0.0000
29.2791 0.0000
29.2908 0.0000
29.3025 0.0000
29.3142 0.0000
29.3258 0.0000
29.3375 0.0000
29.3492 0.0000
29.3609 0.0000
29.3725 0.0000
29.3842 0.0000
29.3959 0.0000
29.4076 0.0000
29.4192 0.0000
29.4309 0.0000
29.4426 0.0000
29.4542 0.0000
29.4659 0.0000
29.4776 0.0000
29.4893 0.0000
29.5009 0.0000
29.5126 0.0000
29.5243 0.0000
29.5360 0.0000
29.5476 0.0000
29.5593 0.0000
29.5710 0.0000
29.5827 0.0000
29.5943 0.0000
29.6060 0.0000
29.6177 0.0000
29.6294 0.0000
29.6410 0.0000
29.6527 0.0000
29.6644 0.0000
29.6761 0.0000
29.6877 0.0000
29.6994 0.0000
29.7111 0.0000
29.7228 0.0000
29.7344 0.0000
29.7461 0.0000
29.7578 0.0000
29.7695 0.0000
29.7811 0.0000
29.7928 0.0000
29.8045 0.0000
29.8162 0.0000
29.8278 0.0000
29.8395 0.0000
29.8512 0.0000
29.8628 0.0000
29.8745 0.0000
29.8862 0.0000
29.8979 0.0000
29.9095 0.0000
29.9212 0.0000
29.9329 0.0000
29.9446 0.0000
29.9562 0.0000
29.9679 0.0000
29.9796 0.0000
29.9913 0.0000
30.0029 0.0000
30.0146 0.0000
30.0263 0.0000
30.0380 0.0000
30.0496 0.0000
30.0613 0.0000
30.0730 0.0000
30.0847 0.0000
30.0963 0.0000
30.1080 0.0000
30.1197 0.0000
30.1314 0.0000
30.1430 0.0000
30.1547 0.0000
30.1664 0.0000
30.1781 0.0000
30.1897 0.0000
30.2014 0.0000
30.2131 0.0000
30.2248 0.0000
30.2364 0.0000
30.2481 0.0000
30.2598 0.0000
30.2714 0.0000
30.2831 0.0000
30.2948 0.0000
30.3065 0.0000
30.3181 0.0000
30.3298 0.0000
30.3415 0.0000
30.3532 0.0000
30.3648 0.0000
30.3765 0.0000
30.3882 0.0000
30.3999 0.0000
30.4115 0.0000
30.4232 0.0000
30.4349 0.0000
30.4466 0.0000
30.4582 0.0000
30.4699 0.0000
30.4816 0.0000
30.4933 0.0000
30.5049 0.0000
30.5166 0.0000
30.5283 0.0000
30.5400 0.0000
30.5516 0.0000
30.5633 0.0000
30.5750 0.0000
30.5867 0.0000
30.5983 0.0000
30.6100 0.0000
30.6217 0.0000
30.6334 0.0000
30.6450 0.0000
30.6567 0.0000
30.6684 0.0000
30.6800 0.0000
30.6917 0.0000
30.7034 0.0000
30.7151 0.0000
30.7267 0.0000
30.7384 0.0000
30.7501 0.0000
30.7618 0.0000
30.7734 0.0000
30.7851 0.0000
30.7968 0.0000
30.8085 0.0000
30.8201 0.0000
30.8318 0.0000
30.8435 0.0000
30.8552 0.0000
30.8668 0.0000
30.8785 0.0000
30.8902 0.0000
30.9019 0.0000
30.9135 0.0000
30.9252 0.0000
30.9369 0.0000
30.9486 0.0000
30.9602 0.0000
30.9719 0.0000
30.9836 0.0000
30.9953 0.0000
31.0069 0.0000
31.0186 0.0000
31.0303 0.0000
31.0420 0.0000
31.0536 0.0000
31.0653 0.0000
31.0770 0.0000
31.0886 0.0000
31.1003 0.0000
31.1120 0.0000
31.1237 0.0000
31.1353 0.0000
31.1470 0.0000
31.1587 0.0000
31.1704 0.0000
31.1820 0.0000
31.1937 0.0000
31.2054 0.0000
31.2171 0.0000
31.2287 0.0000
31.2404 0.0000
31.2521 0.0000
31.2638 0.0000
31.2754 0.0000
31.2871 0.0000
31.2988 0.0000
31.3105 0.0000
31.3221 0.0000
31.3338 0.0000
31.3455 0.0000
31.3572 0.0000
31.3688 0.0000
31.3805 0.0000
31.3922 0.0000
31.4039 0.0000
31.4155 0.0000
31.4272 0.0000
31.4389 0.0000
31.4506 0.0000
31.4622 0.0000
31.4739 0.0000
31.4856 0.0000
31.4972 0.0000
31.5089 0.0000
31.5206 0.0000
31.5323 0.0000
31.5439 0.0000
31.5556 0.0000
31.5673 0.0000
31.5790 0.0000
31.5906 0.0000
31.6023 0.0000
31.6140 0.0000
31.6257 0.0000
31.6373 0.0000
31.6490 0.0000
31.6607 0.0000
31.6724 0.0000
31.6840 0.0000
31.6957 0.0000
31.7074 0.0000
31.7191 0.0000
31.7307 0.0000
31.7424 0.0000
31.7541 0.0000
31.7658 0.0000
31.7774 0.0000
31.7891 0.0000
31.8008 0.0000
31.8125 0.0000
31.8241 0.0000
31.8358 0.0000
31.8475 0.0000
31.8592 0.0000
31.8708 0.0000
31.8825 0.0000
31.8942 0.0000
31.9058 0.0000
31.9175 0.0000
31.9292 0.0000
31.9409 0.0000
31.9525 0.0000
31.9642 0.0000
31.9759 0.0000
31.9876 0.0000
31.9992 0.0000
32.0109 0.0000
32.0226 0.0000
32.0343 0.0000
32.0459 0.0000
32.0576 0.0000
32.0693 0.0000
32.0810 0.0000
32.0926 0.0000
32.1043 0.0000
32.1160 0.0000
32.1277 0.0000
32.1393 0.0000
32.1510 0.0000
32.1627 0.0000
32.1744 0.0000
32.1860 0.0000
32.1977 0.0000
32.2094 0.0000
32.2211 0.0000
32.2327 0.0000
32.2444 0.0000
32.2561 0.0000
32.2678 0.0000
32.2794 0.0000
32.2911 0.0000
32.3028 0.0000
32.3144 0.0000
32.3261 0.0000
32.3378 0.0000
32.3495 0.0000
32.3611 0.0000
32.3728 0.0000
32.3845 0.0000
32.3962 0.0000
32.4078 0.0000
32.4195 0.0000
32.4312 0.0000
32.4429 0.0000
32.4545 0.0000
32.4662 0.0000
32.4779 0.0000
32.4896 0.0000
32.5012 0.0000
32.5129 0.0000
32.5246 0.0000
32.5363 0.0000
32.5479 0.0000
32.5596 0.0000
32.5713 0.0000
32.5830 0.0000
32.5946 0.0000
32.6063 0.0000
32.6180 0.0000
32.6297 0.0000
32.6413 0.0000
32.6530 0.0000
32.6647 0.0000
32.6764 0.0000
32.6880 0.0000
32.6997 0.0000
32.7114 0.0000
32.7230 0.0000
32.7347 0.0000
32.7464 0.0000
32.7581 0.0000
32.7697 0.0000
32.7814 0.0000
32.7931 0.0000
32.8048 0.0000
32.8164 0.0000
32.8281 0.0000
32.8398 0.0000
32.8515 0.0000
32.8631 0.0000
32.8748 0.0000
32.8865 0.0000
32.8982 0.0000
32.9098 0.0000
32.9215 0.0000
32.9332 0.0000
32.9449 0.0000
32.9565 0.0000
32.9682 0.0000
32.9799 0.0000
32.9916 0.0000
33.0032 0.0000
33.0149 0.0000
33.0266 0.0000
33.0383 0.0000
33.0499 0.0000
33.0616 0.0000
33.0733 0.0000
33.0850 0.0000
33.0966 0.0000
33.1083 0.0000
33.1200 0.0000
33.1316 0.0000
33.1433 0.0000
33.1550 0.0000
33.1667 0.0000
33.1783 0.0000
33.1900 0.0000
33.2017 0.0000
33.2134 0.0000
33.2250 0.0000
33.2367 0.0000
33.2484 0.0000
33.2601 0.0000
33.2717 0.0000
33.2834 0.0000
33.2951 0.0000
33.3068 0.0000
33.3184 0.0000
33.3301 0.0000
33.3418 0.0000
33.3535 0.0000
33.3651 0.0000
33.3768 0.0000
33.3885 0.0000
33.4002 0.0000
33.4118 0.0000
33.4235 0.0000
33.4352 0.0000
33.4469 0.0000
33.4585 0.0000
33.4702 0.0000
33.4819 0.0000
33.4936 0.0000
33.5052 0.0000
33.5169 0.0000
33.5286 0.0000
33.5402 0.0000
33.5519 0.0000
33.5636 0.0000
33.5753 0.0000
33.5869 0.0000
33.5986 0.0000
33.6103 0.0000
33.6220 0.0000
33.6336 0.0000
33.6453 0.0000
33.6570 0.0000
33.6687 0.0000
33.6803 0.0000
33.6920 0.0000
33.7037 0.0000
33.7154 0.0000
33.7270 0.0000
33.7387 0.0000
33.7504 0.0000
33.7621 0.0000
33.7737 0.0000
33.7854 0.0000
33.7971 0.0000
33.8088 0.0000
33.8204 0.0000
33.8321 0.0000
33.8438 0.0000
33.8555 0.0000
33.8671 0.0000
33.8788 0.0000
33.8905 0.0000
33.9022 0.0000
33.9138 0.0000
33.9255 0.0000
33.9372 0.0000
33.9488 0.0000
33.9605 0.0000
33.9722 0.0000
33.9839 0.0000
33.9955 0.0000
34.0072 0.0000
34.0189 0.0000
34.0306 0.0000
34.0422 0.0000
34.0539 0.0000
34.0656 0.0000
34.0773 0.0000
34.0889 0.0000
34.1006 0.0000
34.1123 0.0000
34.1240 0.0000
34.1356 0.0000
34.1473 0.0000
34.1590 0.0000
34.1707 0.0000
34.1823 0.0000
34.1940 0.0000
34.2057 0.0000
34.2174 0.0000
34.2290 0.0000
34.2407 0.0000
34.2524 0.0000
34.2641 0.0000
34.2757 0.0000
34.2874 0.0000
34.2991 0.0000
34.3108 0.0000
34.3224 0.0000
34.3341 0.0000
34.3458 0.0000
34.3574 0.0000
34.3691 0.0000
34.3808 0.0000
34.3925 0.0000
34.4041 0.0000
34.4158 0.0000
34.4275 0.0000
34.4392 0.0000
34.4508 0.0000
34.4625 0.0000
34.4742 0.0000
34.4859 0.0000
34.4975 0.0000
34.5092 0.0000
34.5209 0.0000
34.5326 0.0000
34.5442 0.0000
34.5559 0.0000
34.5676 0.0000
34.5793 0.0000
34.5909 0.0000
34.6026 0.0000
34.6143 0.0000
34.6260 0.0000
34.6376 0.0000
34.6493 0.0000
34.6610 0.0000
34.6727 0.0000
34.6843 0.0000
34.6960 0.0000
34.7077 0.0000
34.7194 0.0000
34.7310 0.0000
34.7427 0.0000
34.7544 0.0000
34.7660 0.0000
34.7777 0.0000
34.7894 0.0000
34.8011 0.0000
34.8127 0.0000
34.8244 0.0000
34.8361 0.0000
34.8478 0.0000
34.8594 0.0000
34.8711 0.0000
34.8828 0.0000
34.8945 0.0000
34.9061 0.0000
34.9178 0.0000
34.9295 0.0000
34.9412 0.0000
34.9528 0.0000
34.9645 0.0000
34.9762 0.0000
34.9879 0.0000
34.9995 0.0000
35.0112 0.0000
35.0229 0.0000
35.0346 0.0000
35.0462 0.0000
35.0579 0.0000
35.0696 0.0000
35.0813 0.0000
35.0929 0.0000
35.1046 0.0000
35.1163 0.0000
35.1280 0.0000
35.1396 0.0000
35.1513 0.0000
35.1630 0.0000
35.1746 0.0000
35.1863 0.0000
35.1980 0.0000
35.2097 0.0000
35.2213 0.0000
35.2330 0.0000
35.2447 0.0000
35.2564 0.0000
35.2680 0.0000
35.2797 0.0000
35.2914 0.0000
35.3031 0.0000
35.3147 0.0000
35.3264 0.0000
35.3381 0.0000
35.3498 0.0000
35.3614 0.0000
35.3731 0.0000
35.3848 0.0000
35.3965 0.0000
35.4081 0.0000
35.4198 0.0000
35.4315 0.0000
35.4432 0.0000
35.4548 0.0000
35.4665 0.0000
35.4782 0.0000
35.4899 0.0000
35.5015 0.0000
35.5132 0.0000
35.5249 0.0000
35.5366 0.0000
35.5482 0.0000
35.5599 0.0000
35.5716 0.0000
35.5832 0.0000
35.5949 0.0000
35.6066 0.0000
35.6183 0.0000
35.6299 0.0000
35.6416 0.0000
35.6533 0.0000
35.6650 0.0000
35.6766 0.0000
35.6883 0.0000
35.7000 0.0000
35.7117 0.0000
35.7233 0.0000
35.7350 0.0000
35.7467 0.0000
35.7584 0.0000
35.7700 0.0000
35.7817 0.0000
35.7934 0.0000
35.8051 0.0000
35.8167 0.0000
35.8284 0.0000
35.8401 0.0000
35.8518 0.0000
35.8634 0.0000
35.8751 0.0000
35.8868 0.0000
35.8985 0.0000
35.9101 0.0000
35.9218 0.0000
35.9335 0.0000
35.9452 0.0000
35.9568 0.0000
35.9685 0.0000
35.9802 0.0000
35.9918 0.0000
36.0035 0.0000
36.0152 0.0000
36.0269 0.0000
36.0385 0.0000
36.0502 0.0000
36.0619 0.0000
36.0736 0.0000
36.0852 0.0000
36.0969 0.0000
36.1086 0.0000
36.1203 0.0000
36.1319 0.0000
36.1436 0.0000
36.1553 0.0000
36.1670 0.0000
36.1786 0.0000
36.1903 0.0000
36.2020 0.0000
36.2137 0.0000
36.2253 0.0000
36.2370 0.0000
36.2487 0.0000
36.2604 0.0000
36.2720 0.0000
36.2837 0.0000
36.2954 0.0000
36.3071 0.0000
36.3187 0.0000
36.3304 0.0000
36.3421 0.0000
36.3538 0.0000
36.3654 0.0000
36.3771 0.0000
36.3888 0.0000
36.4004 0.0000
36.4121 0.0000
36.4238 0.0000
36.4355 0.0000
36.4471 0.0000
36.4588 0.0000
36.4705 0.0000
36.4822 0.0000
36.4938 0.0000
36.5055 0.0000
36.5172 0.0000
36.5289 0.0000
36.5405 0.0000
36.5522 0.0000
36.5639 0.0000
36.5756 0.0000
36.5872 0.0000
36.5989 0.0000
36.6106 0.0000
36.6223 0.0000
36.6339 0.0000
36.6456 0.0000
36.6573 0.0000
36.6690 0.0000
36.6806 0.0000
36.6923 0.0000
36.7040 0.0000
36.7157 0.0000
36.7273 0.0000
36.7390 0.0000
36.7507 0.0000
36.7624 0.0000
36.7740 0.0000
36.7857 0.0000
36.7974 0.0000
36.8090 0.0000
36.8207 0.0000
36.8324 0.0000
36.8441 0.0000
36.8557 0.0000
36.8674 0.0000
36.8791 0.0000
36.8908 0.0000
36.9024 0.0000
36.9141 0.0000
36.9258 0.0000
36.9375 0.0000
36.9491 0.0000
36.9608 0.0000
36.9725 0.0000
36.9842 0.0000
36.9958 0.0000
37.0075 0.0000
37.0192 0.0000
37.0309 0.0000
37.0425 0.0000
37.0542 0.0000
37.0659 0.0000
37.0776 0.0000
37.0892 0.0000
37.1009 0.0000
37.1126 0.0000
37.1243 0.0000
37.1359 0.0000
37.1476 0.0000
37.1593 0.0000
37.1710 0.0000
37.1826 0.0000
37.1943 0.0000
37.2060 0.0000
37.2176 0.0000
37.2293 0.0000
37.2410 0.0000
37.2527 0.0000
37.2643 0.0000
37.2760 0.0000
37.2877 0.0000
37.2994 0.0000
37.3110 0.0000
37.3227 0.0000
37.3344 0.0000
37.3461 0.0000
37.3577 0.0000
37.3694 0.0000
37.3811 0.0000
37.3928 0.0000
37.4044 0.0000
37.4161 0.0000
37.4278 0.0000
37.4395 0.0000
37.4511 0.0000
37.4628 0.0000
37.4745 0.0000
37.4862 0.0000
37.4978 0.0000
37.5095 0.0000
37.5212 0.0000
37.5329 0.0000
37.5445 0.0000
37.5562 0.0000
37.5679 0.0000
37.5796 0.0000
37.5912 0.0000
37.6029 0.0000
37.6146 0.0000
37.6262 0.0000
37.6379 0.0000
37.6496 0.0000
37.6613 0.0000
37.6729 0.0000
37.6846 0.0000
37.6963 0.0000
37.7080 0.0000
37.7196 0.0000
37.7313 0.0000
37.7430 0.0000
37.7547 0.0000
37.7663 0.0000
37.7780 0.0000
37.7897 0.0000
37.8014 0.0000
37.8130 0.0000
37.8247 0.0000
37.8364 0.0000
37.8481 0.0000
37.8597 0.0000
37.8714 0.0000
37.8831 0.0000
37.8948 0.0000
37.9064 0.0000
37.9181 0.0000
37.9298 0.0000
37.9415 0.0000
37.9531 0.0000
37.9648 0.0000
37.9765 0.0000
37.9882 0.0000
37.9998 0.0000
38.0115 0.0000
38.0232 0.0000
38.0348 0.0000
38.0465 0.0000
38.0582 0.0000
38.0699 0.0000
38.0815 0.0000
38.0932 0.0000
38.1049 0.0000
38.1166 0.0000
38.1282 0.0000
38.1399 0.0000
38.1516 0.0000
38.1633 0.0000
38.1749 0.0000
38.1866 0.0000
38.1983 0.0000
38.2100 0.0000
38.2216 0.0000
38.2333 0.0000
38.2450 0.0000
38.2567 0.0000
38.2683 0.0000
38.2800 0.0000
38.2917 0.0000
38.3034 0.0000
38.3150 0.0000
38.3267 0.0000
38.3384 0.0000
38.3501 0.0000
38.3617 0.0000
38.3734 0.0000
38.3851 0.0000
38.3968 0.0000
38.4084 0.0000
38.4201 0.0000
38.4318 0.0000
38.4434 0.0000
38.4551 0.0000
38.4668 0.0000
38.4785 0.0000
38.4901 0.0000
38.5018 0.0000
38.5135 0.0000
38.5252 0.0000
38.5368 0.0000
38.5485 0.0000
38.5602 0.0000
38.5719 0.0000
38.5835 0.0000
38.5952 0.0000
38.6069 0.0000
38.6186 0.0000
38.6302 0.0000
38.6419 0.0000
38.6536 0.0000
38.6653 0.0000
38.6769 0.0000
38.6886 0.0000
38.7003 0.0000
38.7120 0.0000
38.7236 0.0000
38.7353 0.0000
38.7470 0.0000
38.7587 0.0000
38.7703 0.0000
38.7820 0.0000
38.7937 0.0000
38.8054 0.0000
38.8170 0.0000
38.8287 0.0000
38.8404 0.0000
38.8520 0.0000
38.8637 0.0000
38.8754 0.0000
38.8871 0.0000
38.8987 0.0000
38.9104 0.0000
38.9221 0.0000
38.9338 0.0000
38.9454 0.0000
38.9571 0.0000
38.9688 0.0000
38.9805 0.0000
38.9921 0.0000
39.0038 0.0000
39.0155 0.0000
39.0272 0.0000
39.0388 0.0000
39.0505 0.0000
39.0622 0.0000
39.0739 0.0000
39.0855 0.0000
39.0972 0.0000
39.1089 0.0000
39.1206 0.0000
39.1322 0.0000
39.1439 0.0000
39.1556 0.0000
39.1673 0.0000
39.1789 0.0000
39.1906 0.0000
39.2023 0.0000
39.2140 0.0000
39.2256 0.0000
39.2373 0.0000
39.2490 0.0000
39.2606 0.0000
39.2723 0.0000
39.2840 0.0000
39.2957 0.0000
39.3073 0.0000
39.3190 0.0000
39.3307 0.0000
39.3424 0.0000
39.3540 0.0000
39.3657 0.0000
39.3774 0.0000
39.3891 0.0000
39.4007 0.0000
39.4124 0.0000
39.4241 0.0000
39.4358 0.0000
39.4474 0.0000
39.4591 0.0000
39.4708 0.0000
39.4825 0.0000
39.4941 0.0000
39.5058 0.0000
39.5175 0.0000
39.5292 0.0000
39.5408 0.0000
39.5525 0.0000
39.5642 0.0000
39.5759 0.0000
39.5875 0.0000
39.5992 0.0000
39.6109 0.0000
39.6226 0.0000
39.6342 0.0000
39.6459 0.0000
39.6576 0.0000
39.6692 0.0000
39.6809 0.0000
39.6926 0.0000
39.7043 0.0000
39.7159 0.0000
39.7276 0.0000
39.7393 0.0000
39.7510 0.0000
39.7626 0.0000
39.7743 0.0000
39.7860 0.0000
39.7977 0.0000
39.8093 0.0000
39.8210 0.0000
39.8327 0.0000
39.8444 0.0000
39.8560 0.0000
39.8677 0.0000
39.8794 0.0000
39.8911 0.0000
39.9027 0.0000
39.9144 0.0000
39.9261 0.0000
39.9378 0.0000
39.9494 0.0000
39.9611 0.0000
39.9728 0.0000
39.9845 0.0000
39.9961 0.0000
40.0078 0.0000
40.0195 0.0000
40.0312 0.0000
40.0428 0.0000
40.0545 0.0000
40.0662 0.0000
40.0779 0.0000
40.0895 0.0000
40.1012 0.0000
40.1129 0.0000
40.1245 0.0000
40.1362 0.0000
40.1479 0.0000
40.1596 0.0000
40.1712 0.0000
40.1829 0.0000
40.1946 0.0000
40.2063 0.0000
40.2179 0.0000
40.2296 0.0000
40.2413 0.0000
40.2530 0.0000
40.2646 0.0000
40.2763 0.0000
40.2880 0.0000
40.2997 0.0000
40.3113 0.0000
40.3230 0.0000
40.3347 0.0000
40.3464 0.0000
40.3580 0.0000
40.3697 0.0000
40.3814 0.0000
40.3931 0.0000
40.4047 0.0000
40.4164 0.0000
40.4281 0.0000
40.4398 0.0000
40.4514 0.0000
40.4631 0.0000
40.4748 0.0000
40.4865 0.0000
40.4981 0.0000
40.5098 0.0000
40.5215 0.0000
40.5331 0.0000
40.5448 0.0000
40.5565 0.0000
40.5682 0.0000
40.5798 0.0000
40.5915 0.0000
40.6032 0.0000
40.6149 0.0000
40.6265 0.0000
40.6382 0.0000
40.6499 0.0000
40.6616 0.0000
40.6732 0.0000
40.6849 0.0000
40.6966 0.0000
40.7083 0.0000
40.7199 0.0000
40.7316 0.0000
40.7433 0.0000
40.7550 0.0000
40.7666 0.0000
40.7783 0.0000
40.7900 0.0000
40.8017 0.0000
40.8133 0.0000
40.8250 0.0000
40.8367 0.0000
40.8484 0.0000
40.8600 0.0000
40.8717 0.0000
40.8834 0.0000
40.8951 0.0000
40.9067 0.0000
40.9184 0.0000
40.9301 0.0000
40.9417 0.0000
40.9534 0.0000
40.9651 0.0000
40.9768 0.0000
40.9884 0.0000
41.0001 0.0000
41.0118 0.0000
41.0235 0.0000
41.0351 0.0000
41.0468 0.0000
41.0585 0.0000
41.0702 0.0000
41.0818 0.0000
41.0935 0.0000
41.1052 0.0000
41.1169 0.0000
41.1285 0.0000
41.1402 0.0000
41.1519 0.0000
41.1636 0.0000
41.1752 0.0000
41.1869 0.0000
41.1986 0.0000
41.2103 0.0000
41.2219 0.0000
41.2336 0.0000
41.2453 0.0000
41.2570 0.0000
41.2686 0.0000
41.2803 0.0000
41.2920 0.0000
41.3037 0.0000
41.3153 0.0000
41.3270 0.0000
41.3387 0.0000
41.3503 0.0000
41.3620 0.0000
41.3737 0.0000
41.3854 0.0000
41.3970 0.0000
41.4087 0.0000
41.4204 0.0000
41.4321 0.0000
41.4437 0.0000
41.4554 0.0000
41.4671 0.0000
41.4788 0.0000
41.4904 0.0000
41.5021 0.0000
41.5138 0.0000
41.5255 0.0000
41.5371 0.0000
41.5488 0.0000
41.5605 0.0000
41.5722 0.0000
41.5838 0.0000
41.5955 0.0000
41.6072 0.0000
41.6189 0.0000
41.6305 0.0000
41.6422 0.0000
41.6539 0.0000
41.6656 0.0000
41.6772 0.0000
41.6889 0.0000
41.7006 0.0000
41.7123 0.0000
41.7239 0.0000
41.7356 0.0000
41.7473 0.0000
41.7589 0.0000
41.7706 0.0000
41.7823 0.0000
41.7940 0.0000
41.8056 0.0000
41.8173 0.0000
41.8290 0.0000
41.8407 0.0000
41.8523 0.0000
41.8640 0.0000
41.8757 0.0000
41.8874 0.0000
41.8990 0.0000
41.9107 0.0000
41.9224 0.0000
41.9341 0.0000
41.9457 0.0000
41.9574 0.0000
41.9691 0.0000
41.9808 0.0000
41.9924 0.0000
42.0041 0.0000
42.0158 0.0000
42.0275 0.0000
42.0391 0.0000
42.0508 0.0000
42.0625 0.0000
42.0742 0.0000
42.0858 0.0000
42.0975 0.0000
42.1092 0.0000
42.1209 0.0000
42.1325 0.0000
42.1442 0.0000
42.1559 0.0000
42.1675 0.0000
42.1792 0.0000
42.1909 0.0000
42.2026 0.0000
42.2142 0.0000
42.2259 0.0000
42.2376 0.0000
42.2493 0.0000
42.2609 0.0000
42.2726 0.0000
42.2843 0.0000
42.2960 0.0000
42.3076 0.0000
42.3193 0.0000
42.3310 0.0000
42.3427 0.0000
42.3543 0.0000
42.3660 0.0000
42.3777 0.0000
42.3894 0.0000
42.4010 0.0000
42.4127 0.0000
42.4244 0.0000
42.4361 0.0000
42.4477 0.0000
42.4594 0.0000
42.4711 0.0000
42.4828 0.0000
42.4944 0.0000
42.5061 0.0000
42.5178 0.0000
42.5295 0.0000
42.5411 0.0000
42.5528 0.0000
42.5645 0.0000
42.5761 0.0000
42.5878 0.0000
42.5995 0.0000
42.6112 0.0000
42.6228 0.0000
42.6345 0.0000
42.6462 0.0000
42.6579 0.0000
42.6695 0.0000
42.6812 0.0000
42.6929 0.0000
42.7046 0.0000
42.7162 0.0000
42.7279 0.0000
42.7396 0.0000
42.7513 0.0000
42.7629 0.0000
42.7746 0.0000
42.7863 0.0000
42.7980 0.0000
42.8096 0.0000
42.8213 0.0000
42.8330 0.0000
42.8447 0.0000
42.8563 0.0000
42.8680 0.0000
42.8797 0.0000
42.8914 0.0000
42.9030 0.0000
42.9147 0.0000
42.9264 0.0000
42.9381 0.0000
42.9497 0.0000
42.9614 0.0000
42.9731 0.0000
42.9847 0.0000
42.9964 0.0000
43.0081 0.0000
43.0198 0.0000
43.0314 0.0000
43.0431 0.0000
43.0548 0.0000
43.0665 0.0000
43.0781 0.0000
43.0898 0.0000
43.1015 0.0000
43.1132 0.0000
43.1248 0.0000
43.1365 0.0000
43.1482 0.0000
43.1599 0.0000
43.1715 0.0000
43.1832 0.0000
43.1949 0.0000
43.2066 0.0000
43.2182 0.0000
43.2299 0.0000
43.2416 0.0000
43.2533 0.0000
43.2649 0.0000
43.2766 0.0000
43.2883 0.0000
43.3000 0.0000
43.3116 0.0000
43.3233 0.0000
43.3350 0.0000
43.3467 0.0000
43.3583 0.0000
43.3700 0.0000
43.3817 0.0000
43.3933 0.0000
43.4050 0.0000
43.4167 0.0000
43.4284 0.0000
43.4400 0.0000
43.4517 0.0000
43.4634 0.0000
43.4751 0.0000
43.4867 0.0000
43.4984 0.0000
43.5101 0.0000
43.5218 0.0000
43.5334 0.0000
43.5451 0.0000
43.5568 0.0000
43.5685 0.0000
43.5801 0.0000
43.5918 0.0000
43.6035 0.0000
43.6152 0.0000
43.6268 0.0000
43.6385 0.0000
43.6502 0.0000
43.6619 0.0000
43.6735 0.0000
43.6852 0.0000
43.6969 0.0000
43.7086 0.0000
43.7202 0.0000
43.7319 0.0000
43.7436 0.0000
43.7553 0.0000
43.7669 0.0000
43.7786 0.0000
43.7903 0.0000
43.8019 0.0000
43.8136 0.0000
43.8253 0.0000
43.8370 0.0000
43.8486 0.0000
43.8603 0.0000
43.8720 0.0000
43.8837 0.0000
43.8953 0.0000
43.9070 0.0000
43.9187 0.0000
43.9304 0.0000
43.9420 0.0000
43.9537 0.0000
43.9654 0.0000
43.9771 0.0000
43.9887 0.0000
44.0004 0.0000
44.0121 0.0000
44.0238 0.0000
44.0354 0.0000
44.0471 0.0000
44.0588 0.0000
44.0705 0.0000
44.0821 0.0000
44.0938 0.0000
44.1055 0.0000
44.1172 0.0000
44.1288 0.0000
44.1405 0.0000
44.1522 0.0000
44.1639 0.0000
44.1755 0.0000
44.1872 0.0000
44.1989 0.0000
44.2105 0.0000
44.2222 0.0000
44.2339 0.0000
44.2456 0.0000
44.2572 0.0000
44.2689 0.0000
44.2806 0.0000
44.2923 0.0000
44.3039 0.0000
44.3156 0.0000
44.3273 0.0000
44.3390 0.0000
44.3506 0.0000
44.3623 0.0000
44.3740 0.0000
44.3857 0.0000
44.3973 0.0000
44.4090 0.0000
44.4207 0.0000
44.4324 0.0000
44.4440 0.0000
44.4557 0.0000
44.4674 0.0000
44.4791 0.0000
44.4907 0.0000
44.5024 0.0000
44.5141 0.0000
44.5258 0.0000
44.5374 0.0000
44.5491 0.0000
44.5608 0.0000
44.5725 0.0000
44.5841 0.0000
44.5958 0.0000
44.6075 0.0000
44.6191 0.0000
44.6308 0.0000
44.6425 0.0000
44.6542 0.0000
44.6658 0.0000
44.6775 0.0000
44.6892 0.0000
44.7009 0.0000
44.7125 0.0000
44.7242 0.0000
44.7359 0.0000
44.7476 0.0000
44.7592 0.0000
44.7709 0.0000
44.7826 0.0000
44.7943 0.0000
44.8059 0.0000
44.8176 0.0000
44.8293 0.0000
44.8410 0.0000
44.8526 0.0000
44.8643 0.0000
44.8760 0.0000
44.8877 0.0000
44.8993 0.0000
44.9110 0.0000
44.9227 0.0000
44.9344 0.0000
44.9460 0.0000
44.9577 0.0000
44.9694 0.0000
44.9811 0.0000
44.9927 0.0000
45.0044 0.0000
45.0161 0.0000
45.0277 0.0000
45.0394 0.0000
45.0511 0.0000
45.0628 0.0000
45.0744 0.0000
45.0861 0.0000
45.0978 0.0000
45.1095 0.0000
45.1211 0.0000
45.1328 0.0000
45.1445 0.0000
45.1562 0.0000
45.1678 0.0000
45.1795 0.0000
45.1912 0.0000
45.2029 0.0000
45.2145 0.0000
45.2262 0.0000
45.2379 0.0000
45.2496 0.0000
45.2612 0.0000
45.2729 0.0000
45.2846 0.0000
45.2963 0.0000
45.3079 0.0000
45.3196 0.0000
45.3313 0.0000
45.3430 0.0000
45.3546 0.0000
45.3663 0.0000
45.3780 0.0000
45.3897 0.0000
45.4013 0.0000
45.4130 0.0000
45.4247 0.0000
45.4363 0.0000
45.4480 0.0000
45.4597 0.0000
45.4714 0.0000
45.4830 0.0000
45.4947 0.0000
45.5064 0.0000
45.5181 0.0000
45.5297 0.0000
45.5414 0.0000
45.5531 0.0000
45.5648 0.0000
45.5764 0.0000
45.5881 0.0000
45.5998 0.0000
45.6115 0.0000
45.6231 0.0000
45.6348 0.0000
45.6465 0.0000
45.6582 0.0000
45.6698 0.0000
45.6815 0.0000
45.6932 0.0000
45.7049 0.0000
45.7165 0.0000
45.7282 0.0000
45.7399 0.0000
45.7516 0.0000
45.7632 0.0000
45.7749 0.0000
45.7866 0.0000
45.7983 0.0000
45.8099 0.0000
45.8216 0.0000
45.8333 0.0000
45.8449 0.0000
45.8566 0.0000
45.8683 0.0000
45.8800 0.0000
45.8916 0.0000
45.9033 0.0000
45.9150 0.0000
45.9267 0.0000
45.9383 0.0000
45.9500 0.0000
45.9617 0.0000
45.9734 0.0000
45.9850 0.0000
45.9967 0.0000
46.0084 0.0000
46.0201 0.0000
46.0317 0.0000
46.0434 0.0000
46.0551 0.0000
46.0668 0.0000
46.0784 0.0000
46.0901 0.0000
46.1018 0.0000
46.1135 0.0000
46.1251 0.0000
46.1368 0.0000
46.1485 0.0000
46.1602 0.0000
46.1718 0.0000
46.1835 0.0000
46.1952 0.0000
46.2069 0.0000
46.2185 0.0000
46.2302 0.0000
46.2419 0.0000
46.2535 0.0000
46.2652 0.0000
46.2769 0.0000
46.2886 0.0000
46.3002 0.0000
46.3119 0.0000
46.3236 0.0000
46.3353 0.0000
46.3469 0.0000
46.3586 0.0000
46.3703 0.0000
46.3820 0.0000
46.3936 0.0000
46.4053 0.0000
46.4170 0.0000
46.4287 0.0000
46.4403 0.0000
46.4520 0.0000
46.4637 0.0000
46.4754 0.0000
46.4870 0.0000
46.4987 0.0000
46.5104 0.0000
46.5221 0.0000
46.5337 0.0000
46.5454 0.0000
46.5571 0.0000
46.5688 0.0000
46.5804 0.0000
46.5921 0.0000
46.6038 0.0000
46.6155 0.0000
46.6271 0.0000
46.6388 0.0000
46.6505 0.0000
46.6621 0.0000
46.6738 0.0000
46.6855 0.0000
46.6972 0.0000
46.7088 0.0000
46.7205 0.0000
46.7322 0.0000
46.7439 0.0000
46.7555 0.0000
46.7672 0.0000
46.7789 0.0000
46.7906 0.0000
46.8022 0.0000
46.8139 0.0000
46.8256 0.0000
46.8373 0.0000
46.8489 0.0000
46.8606 0.0000
46.8723 0.0000
46.8840 0.0000
46.8956 0.0000
46.9073 0.0000
46.9190 0.0000
46.9307 0.0000
46.9423 0.0000
46.9540 0.0000
46.9657 0.0000
46.9774 0.0000
46.9890 0.0000
47.0007 0.0000
47.0124 0.0000
47.0241 0.0000
47.0357 0.0000
47.0474 0.0000
47.0591 0.0000
47.0707 0.0000
47.0824 0.0000
47.0941 0.0000
47.1058 0.0000
47.1174 0.0000
47.1291 0.0000
47.1408 0.0000
47.1525 0.0000
47.1641 0.0000
47.1758 0.0000
47.1875 0.0000
47.1992 0.0000
47.2108 0.0000
47.2225 0.0000
47.2342 0.0000
47.2459 0.0000
47.2575 0.0000
47.2692 0.0000
47.2809 0.0000
47.2926 0.0000
47.3042 0.0000
47.3159 0.0000
47.3276 0.0000
47.3393 0.0000
47.3509 0.0000
47.3626 0.0000
47.3743 0.0000
47.3860 0.0000
47.3976 0.0000
47.4093 0.0000
47.4210 0.0000
47.4327 0.0000
47.4443 0.0000
47.4560 0.0000
47.4677 0.0000
47.4793 0.0000
47.4910 0.0000
47.5027 0.0000
47.5144 0.0000
47.5260 0.0000
47.5377 0.0000
47.5494 0.0000
47.5611 0.0000
47.5727 0.0000
47.5844 0.0000
47.5961 0.0000
47.6078 0.0000
47.6194 0.0000
47.6311 0.0000
47.6428 0.0000
47.6545 0.0000
47.6661 0.0000
47.6778 0.0000
47.6895 0.0000
47.7012 0.0000
47.7128 0.0000
47.7245 0.0000
47.7362 0.0000
47.7479 0.0000
47.7595 0.0000
47.7712 0.0000
47.7829 0.0000
47.7946 0.0000
47.8062 0.0000
47.8179 0.0000
47.8296 0.0000
47.8413 0.0000
47.8529 0.0000
47.8646 0.0000
47.8763 0.0000
47.8879 0.0000
47.8996 0.0000
47.9113 0.0000
47.9230 0.0000
47.9346 0.0000
47.9463 0.0000
47.9580 0.0000
47.9697 0.0000
47.9813 0.0000
47.9930 0.0000
48.0047 0.0000
48.0164 0.0000
48.0280 0.0000
48.0397 0.0000
48.0514 0.0000
48.0631 0.0000
48.0747 0.0000
48.0864 0.0000
48.0981 0.0000
48.1098 0.0000
48.1214 0.0000
48.1331 0.0000
48.1448 0.0000
48.1565 0.0000
48.1681 0.0000
48.1798 0.0000
48.1915 0.0000
48.2032 0.0000
48.2148 0.0000
48.2265 0.0000
48.2382 0.0000
48.2499 0.0000
48.2615 0.0000
48.2732 0.0000
48.2849 0.0000
48.2965 0.0000
48.3082 0.0000
48.3199 0.0000
48.3316 0.0000
48.3432 0.0000
48.3549 0.0000
48.3666 0.0000
48.3783 0.0000
48.3899 0.0000
48.4016 0.0000
48.4133 0.0000
48.4250 0.0000
48.4366 0.0000
48.4483 0.0000
48.4600 0.0000
48.4717 0.0000
48.4833 0.0000
48.4950 0.0000
48.5067 0.0000
48.5184 0.0000
48.5300 0.0000
48.5417 0.0000
48.5534 0.0000
48.5651 0.0000
48.5767 0.0000
48.5884 0.0000
48.6001 0.0000
48.6118 0.0000
48.6234 0.0000
48.6351 0.0000
48.6468 0.0000
48.6585 0.0000
48.6701 0.0000
48.6818 0.0000
48.6935 0.0000
48.7051 0.0000
48.7168 0.0000
48.7285 0.0000
48.7402 0.0000
48.7518 0.0000
48.7635 0.0000
48.7752 0.0000
48.7869 0.0000
48.7985 0.0000
48.8102 0.0000
48.8219 0.0000
48.8336 0.0000
48.8452 0.0000
48.8569 0.0000
48.8686 0.0000
48.8803 0.0000
48.8919 0.0000
48.9036 0.0000
48.9153 0.0000
48.9270 0.0000
48.9386 0.0000
48.9503 0.0000
48.9620 0.0000
48.9737 0.0000
48.9853 0.0000
48.9970 0.0000
49.0087 0.0000
49.0204 0.0000
49.0320 0.0000
49.0437 0.0000
49.0554 0.0000
49.0671 0.0000
49.0787 0.0000
49.0904 0.0000
49.1021 0.0000
49.1137 0.0000
49.1254 0.0000
49.1371 0.0000
49.1488 0.0000
49.1604 0.0000
49.1721 0.0000
49.1838 0.0000
49.1955 0.0000
49.2071 0.0000
49.2188 0.0000
49.2305 0.0000
49.2422 0.0000
49.2538 0.0000
49.2655 0.0000
49.2772 0.0000
49.2889 0.0000
49.3005 0.0000
49.3122 0.0000
49.3239 0.0000
49.3356 0.0000
49.3472 0.0000
49.3589 0.0000
49.3706 0.0000
49.3823 0.0000
49.3939 0.0000
49.4056 0.0000
49.4173 0.0000
49.4290 0.0000
49.4406 0.0000
49.4523 0.0000
49.4640 0.0000
49.4757 0.0000
49.4873 0.0000
49.4990 0.0000
49.5107 0.0000
49.5223 0.0000
49.5340 0.0000
49.5457 0.0000
49.5574 0.0000
49.5690 0.0000
49.5807 0.0000
49.5924 0.0000
49.6041 0.0000
49.6157 0.0000
49.6274 0.0000
49.6391 0.0000
49.6508 0.0000
49.6624 0.0000
49.6741 0.0000
49.6858 0.0000
49.6975 0.0000
49.7091 0.0000
49.7208 0.0000
49.7325 0.0000
49.7442 0.0000
49.7558 0.0000
49.7675 0.0000
49.7792 0.0000
49.7909 0.0000
49.8025 0.0000
49.8142 0.0000
49.8259 0.0000
49.8376 0.0000
49.8492 0.0000
49.8609 0.0000
49.8726 0.0000
49.8843 0.0000
49.8959 0.0000
49.9076 0.0000
49.9193 0.0000
49.9309 0.0000
49.9426 0.0000
49.9543 0.0000
49.9660 0.0000
49.9776 0.0000
49.9893 0.0000
50.0010 0.0000
50.0127 0.0000
50.0243 0.0000
50.0360 0.0000
50.0477 0.0000
50.0594 0.0000
50.0710 0.0000
50.0827 0.0000
50.0944 0.0000
50.1061 0.0000
50.1177 0.0000
50.1294 0.0000
50.1411 0.0000
50.1528 0.0000
50.1644 0.0000
50.1761 0.0000
50.1878 0.0000
50.1995 0.0000
50.2111 0.0000
50.2228 0.0000
50.2345 0.0000
50.2462 0.0000
50.2578 0.0000
50.2695 0.0000
50.2812 0.0000
50.2929 0.0000
50.3045 0.0000
50.3162 0.0000
50.3279 0.0000
50.3395 0.0000
50.3512 0.0000
50.3629 0.0000
50.3746 0.0000
50.3862 0.0000
50.3979 0.0000
50.4096 0.0000
50.4213 0.0000
50.4329 0.0000
50.4446 0.0000
50.4563 0.0000
50.4680 0.0000
50.4796 0.0000
50.4913 0.0000
50.5030 0.0000
50.5147 0.0000
50.5263 0.0000
50.5380 0.0000
50.5497 0.0000
50.5614 0.0000
50.5730 0.0000
50.5847 0.0000
50.5964 0.0000
50.6081 0.0000
50.6197 0.0000
50.6314 0.0000
50.6431 0.0000
50.6548 0.0000
50.6664 0.0000
50.6781 0.0000
50.6898 0.0000
50.7015 0.0000
50.7131 0.0000
50.7248 0.0000
50.7365 0.0000
50.7481 0.0000
50.7598 0.0000
50.7715 0.0000
50.7832 0.0000
50.7948 0.0000
50.8065 0.0000
50.8182 0.0000
50.8299 0.0000
50.8415 0.0000
50.8532 0.0000
50.8649 0.0000
50.8766 0.0000
50.8882 0.0000
50.8999 0.0000
50.9116 0.0000
50.9233 0.0000
50.9349 0.0000
50.9466 0.0000
50.9583 0.0000
50.9700 0.0000
50.9816 0.0000
50.9933 0.0000
51.0050 0.0000
51.0167 0.0000
51.0283 0.0000
51.0400 0.0000
51.0517 0.0000
51.0634 0.0000
51.0750 0.0000
51.0867 0.0000
51.0984 0.0000
51.1101 0.0000
51.1217 0.0000
51.1334 0.0000
51.1451 0.0000
51.1567 0.0000
51.1684 0.0000
51.1801 0.0000
51.1918 0.0000
51.2034 0.0000
51.2151 0.0000
51.2268 0.0000
51.2385 0.0000
51.2501 0.0000
51.2618 0.0000
51.2735 0.0000
51.2852 0.0000
51.2968 0.0000
51.3085 0.0000
51.3202 0.0000
51.3319 0.0000
51.3435 0.0000
51.3552 0.0000
51.3669 0.0000
51.3786 0.0000
51.3902 0.0000
51.4019 0.0000
51.4136 0.0000
51.4253 0.0000
51.4369 0.0000
51.4486 0.0000
51.4603 0.0000
51.4720 0.0000
51.4836 0.0000
51.4953 0.0000
51.5070 0.0000
51.5187 0.0000
51.5303 0.0000
51.5420 0.0000
51.5537 0.0000
51.5653 0.0000
51.5770 0.0000
51.5887 0.0000
51.6004 0.0000
51.6120 0.0000
51.6237 0.0000
51.6354 0.0000
51.6471 0.0000
51.6587 0.0000
51.6704 0.0000
51.6821 0.0000
51.6938 0.0000
51.7054 0.0000
51.7171 0.0000
51.7288 0.0000
51.7405 0.0000
51.7521 0.0000
51.7638 0.0000
51.7755 0.0000
51.7872 0.0000
51.7988 0.0000
51.8105 0.0000
51.8222 0.0000
51.8339 0.0000
51.8455 0.0000
51.8572 0.0000
51.8689 0.0000
51.8806 0.0000
51.8922 0.0000
51.9039 0.0000
51.9156 0.0000
51.9273 0.0000
51.9389 0.0000
51.9506 0.0000
51.9623 0.0000
51.9739 0.0000
51.9856 0.0000
51.9973 0.0000
52.0090 0.0000
52.0206 0.0000
52.0323 0.0000
52.0440 0.0000
52.0557 0.0000
52.0673 0.0000
52.0790 0.0000
52.0907 0.0000
52.1024 0.0000
52.1140 0.0000
52.1257 0.0000
52.1374 0.0000
52.1491 0.0000
52.1607 0.0000
52.1724 0.0000
52.1841 0.0000
52.1958 0.0000
52.2074 0.0000
52.2191 0.0000
52.2308 0.0000
52.2425 0.0000
52.2541 0.0000
52.2658 0.0000
52.2775 0.0000
52.2892 0.0000
52.3008 0.0000
52.3125 0.0000
52.3242 0.0000
52.3359 0.0000
52.3475 0.0000
52.3592 0.0000
52.3709 0.0000
52.3825 0.0000
52.3942 0.0000
52.4059 0.0000
52.4176 0.0000
52.4292 0.0000
52.4409 0.0000
52.4526 0.0000
52.4643 0.0000
52.4759 0.0000
52.4876 0.0000
52.4993 0.0000
52.5110 0.0000
52.5226 0.0000
52.5343 0.0000
52.5460 0.0000
52.5577 0.0000
52.5693 0.0000
52.5810 0.0000
52.5927 0.0000
52.6044 0.0000
52.6160 0.0000
52.6277 0.0000
52.6394 0.0000
52.6511 0.0000
52.6627 0.0000
52.6744 0.0000
52.6861 0.0000
52.6978 0.0000
52.7094 0.0000
52.7211 0.0000
52.7328 0.0000
52.7445 0.0000
52.7561 0.0000
52.7678 0.0000
52.7795 0.0000
52.7911 0.0000
52.8028 0.0000
52.8145 0.0000
52.8262 0.0000
52.8378 0.0000
52.8495 0.0000
52.8612 0.0000
52.8729 0.0000
52.8845 0.0000
52.8962 0.0000
52.9079 0.0000
52.9196 0.0000
52.9312 0.0000
52.9429 0.0000
52.9546 0.0000
52.9663 0.0000
52.9779 0.0000
52.9896 0.0000
53.0013 0.0000
53.0130 0.0000
53.0246 0.0000
53.0363 0.0000
53.0480 0.0000
53.0597 0.0000
53.0713 0.0000
53.0830 0.0000
53.0947 0.0000
53.1064 0.0000
53.1180 0.0000
53.1297 0.0000
53.1414 0.0000
53.1531 0.0000
53.1647 0.0000
53.1764 0.0000
53.1881 0.0000
53.1997 0.0000
53.2114 0.0000
53.2231 0.0000
53.2348 0.0000
53.2464 0.0000
53.2581 0.0000
53.2698 0.0000
53.2815 0.0000
53.2931 0.0000
53.3048 0.0000
53.3165 0.0000
53.3282 0.0000
53.3398 0.0000
53.3515 0.0000
53.3632 0.0000
53.3749 0.0000
53.3865 0.0000
53.3982 0.0000
53.4099 0.0000
53.4216 0.0000
53.4332 0.0000
53.4449 0.0000
53.4566 0.0000
53.4683 0.0000
53.4799 0.0000
53.4916 0.0000
53.5033 0.0000
53.5150 0.0000
53.5266 0.0000
53.5383 0.0000
53.5500 0.0000
53.5617 0.0000
53.5733 0.0000
53.5850 0.0000
53.5967 0.0000
53.6083 0.0000
53.6200 0.0000
53.6317 0.0000
53.6434 0.0000
53.6550 0.0000
53.6667 0.0000
53.6784 0.0000
53.6901 0.0000
53.7017 0.0000
53.7134 0.0000
53.7251 0.0000
53.7368 0.0000
53.7484 0.0000
53.7601 0.0000
53.7718 0.0000
53.7835 0.0000
53.7951 0.0000
53.8068 0.0000
53.8185 0.0000
53.8302 0.0000
53.8418 0.0000
53.8535 0.0000
53.8652 0.0000
53.8769 0.0000
53.8885 0.0000
53.9002 0.0000
53.9119 0.0000
53.9236 0.0000
53.9352 0.0000
53.9469 0.0000
53.9586 0.0000
53.9703 0.0000
53.9819 0.0000
53.9936 0.0000
54.0053 0.0000
54.0169 0.0000
54.0286 0.0000
54.0403 0.0000
54.0520 0.0000
54.0636 0.0000
54.0753 0.0000
54.0870 0.0000
54.0987 0.0000
54.1103 0.0000
54.1220 0.0000
54.1337 0.0000
54.1454 0.0000
54.1570 0.0000
54.1687 0.0000
54.1804 0.0000
54.1921 0.0000
54.2037 0.0000
54.2154 0.0000
54.2271 0.0000
54.2388 0.0000
54.2504 0.0000
54.2621 0.0000
54.2738 0.0000
54.2855 0.0000
54.2971 0.0000
54.3088 0.0000
54.3205 0.0000
54.3322 0.0000
54.3438 0.0000
54.3555 0.0000
54.3672 0.0000
54.3789 0.0000
54.3905 0.0000
54.4022 0.0000
54.4139 0.0000
54.4255 0.0000
54.4372 0.0000
54.4489 0.0000
54.4606 0.0000
54.4722 0.0000
54.4839 0.0000
54.4956 0.0000
54.5073 0.0000
54.5189 0.0000
54.5306 0.0000
54.5423 0.0000
54.5540 0.0000
54.5656 0.0000
54.5773 0.0000
54.5890 0.0000
54.6007 0.0000
54.6123 0.0000
54.6240 0.0000
54.6357 0.0000
54.6474 0.0000
54.6590 0.0000
54.6707 0.0000
54.6824 0.0000
54.6941 0.0000
54.7057 0.0000
54.7174 0.0000
54.7291 0.0000
54.7408 0.0000
54.7524 0.0000
54.7641 0.0000
54.7758 0.0000
54.7875 0.0000
54.7991 0.0000
54.8108 0.0000
54.8225 0.0000
54.8341 0.0000
54.8458 0.0000
54.8575 0.0000
54.8692 0.0000
54.8808 0.0000
54.8925 0.0000
54.9042 0.0000
54.9159 0.0000
54.9275 0.0000
54.9392 0.0000
54.9509 0.0000
54.9626 0.0000
54.9742 0.0000
54.9859 0.0000
54.9976 0.0000
55.0093 0.0000
55.0209 0.0000
55.0326 0.0000
55.0443 0.0000
55.0560 0.0000
55.0676 0.0000
55.0793 0.0000
55.0910 0.0000
55.1027 0.0000
55.1143 0.0000
55.1260 0.0000
55.1377 0.0000
55.1494 0.0000
55.1610 0.0000
55.1727 0.0000
55.1844 0.0000
55.1961 0.0000
55.2077 0.0000
55.2194 0.0000
55.2311 0.0000
55.2427 0.0000
55.2544 0.0000
55.2661 0.0000
55.2778 0.0000
55.2894 0.0000
55.3011 0.0000
55.3128 0.0000
55.3245 0.0000
55.3361 0.0000
55.3478 0.0000
55.3595 0.0000
55.3712 0.0000
55.3828 0.0000
55.3945 0.0000
55.4062 0.0000
55.4179 0.0000
55.4295 0.0000
55.4412 0.0000
55.4529 0.0000
55.4646 0.0000
55.4762 0.0000
55.4879 0.0000
55.4996 0.0000
55.5113 0.0000
55.5229 0.0000
55.5346 0.0000
55.5463 0.0000
55.5580 0.0000
55.5696 0.0000
55.5813 0.0000
55.5930 0.0000
55.6047 0.0000
55.6163 0.0000
55.6280 0.0000
55.6397 0.0000
55.6513 0.0000
55.6630 0.0000
55.6747 0.0000
55.6864 0.0000
55.6980 0.0000
55.7097 0.0000
55.7214 0.0000
55.7331 0.0000
55.7447 0.0000
55.7564 0.0000
55.7681 0.0000
55.7798 0.0000
55.7914 0.0000
55.8031 0.0000
55.8148 0.0000
55.8265 0.0000
55.8381 0.0000
55.8498 0.0000
55.8615 0.0000
55.8732 0.0000
55.8848 0.0000
55.8965 0.0000
55.9082 0.0000
55.9199 0.0000
55.9315 0.0000
55.9432 0.0000
55.9549 0.0000
55.9666 0.0000
55.9782 0.0000
55.9899 0.0000
56.0016 0.0000
56.0133 0.0000
56.0249 0.0000
56.0366 0.0000
56.0483 0.0000
56.0599 0.0000
56.0716 0.0000
56.0833 0.0000
56.0950 0.0000
56.1066 0.0000
56.1183 0.0000
56.1300 0.0000
56.1417 0.0000
56.1533 0.0000
56.1650 0.0000
56.1767 0.0000
56.1884 0.0000
56.2000 0.0000
56.2117 0.0000
56.2234 0.0000
56.2351 0.0000
56.2467 0.0000
56.2584 0.0000
56.2701 0.0000
56.2818 0.0000
56.2934 0.0000
56.3051 0.0000
56.3168 0.0000
56.3285 0.0000
56.3401 0.0000
56.3518 0.0000
56.3635 0.0000
56.3752 0.0000
56.3868 0.0000
56.3985 0.0000
56.4102 0.0000
56.4219 0.0000
56.4335 0.0000
56.4452 0.0000
56.4569 0.0000
56.4685 0.0000
56.4802 0.0000
56.4919 0.0000
56.5036 0.0000
56.5152 0.0000
56.5269 0.0000
56.5386 0.0000
56.5503 0.0000
56.5619 0.0000
56.5736 0.0000
56.5853 0.0000
56.5970 0.0000
56.6086 0.0000
56.6203 0.0000
56.6320 0.0000
56.6437 0.0000
56.6553 0.0000
56.6670 0.0000
56.6787 0.0000
56.6904 0.0000
56.7020 0.0000
56.7137 0.0000
56.7254 0.0000
56.7371 0.0000
56.7487 0.0000
56.7604 0.0000
56.7721 0.0000
56.7838 0.0000
56.7954 0.0000
56.8071 0.0000
56.8188 0.0000
56.8305 0.0000
56.8421 0.0000
56.8538 0.0000
56.8655 0.0000
56.8771 0.0000
56.8888 0.0000
56.9005 0.0000
56.9122 0.0000
56.9238 0.0000
56.9355 0.0000
56.9472 0.0000
56.9589 0.0000
56.9705 0.0000
56.9822 0.0000
56.9939 0.0000
57.0056 0.0000
57.0172 0.0000
57.0289 0.0000
57.0406 0.0000
57.0523 0.0000
57.0639 0.0000
57.0756 0.0000
57.0873 0.0000
57.0990 0.0000
57.1106 0.0000
57.1223 0.0000
57.1340 0.0000
57.1457 0.0000
57.1573 0.0000
57.1690 0.0000
57.1807 0.0000
57.1924 0.0000
57.2040 0.0000
57.2157 0.0000
57.2274 0.0000
57.2391 0.0000
57.2507 0.0000
57.2624 0.0000
57.2741 0.0000
57.2857 0.0000
57.2974 0.0000
57.3091 0.0000
57.3208 0.0000
57.3324 0.0000
57.3441 0.0000
57.3558 0.0000
57.3675 0.0000
57.3791 0.0000
57.3908 0.0000
57.4025 0.0000
57.4142 0.0000
57.4258 0.0000
57.4375 0.0000
57.4492 0.0000
57.4609 0.0000
57.4725 0.0000
57.4842 0.0000
57.4959 0.0000
57.5076 0.0000
57.5192 0.0000
57.5309 0.0000
57.5426 0.0000
57.5543 0.0000
57.5659 0.0000
57.5776 0.0000
57.5893 0.0000
57.6010 0.0000
57.6126 0.0000
57.6243 0.0000
57.6360 0.0000
57.6477 0.0000
57.6593 0.0000
57.6710 0.0000
57.6827 0.0000
57.6943 0.0000
57.7060 0.0000
57.7177 0.0000
57.7294 0.0000
57.7410 0.0000
57.7527 0.0000
57.7644 0.0000
57.7761 0.0000
57.7877 0.0000
57.7994 0.0000
57.8111 0.0000
57.8228 0.0000
57.8344 0.0000
57.8461 0.0000
57.8578 0.0000
57.8695 0.0000
57.8811 0.0000
57.8928 0.0000
57.9045 0.0000
57.9162 0.0000
57.9278 0.0000
57.9395 0.0000
57.9512 0.0000
57.9629 0.0000
57.9745 0.0000
57.9862 0.0000
57.9979 0.0000
58.0096 0.0000
58.0212 0.0000
58.0329 0.0000
58.0446 0.0000
58.0563 0.0000
58.0679 0.0000
58.0796 0.0000
58.0913 0.0000
58.1029 0.0000
58.1146 0.0000
58.1263 0.0000
58.1380 0.0000
58.1496 0.0000
58.1613 0.0000
58.1730 0.0000
58.1847 0.0000
58.1963 0.0000
58.2080 0.0000
58.2197 0.0000
58.2314 0.0000
58.2430 0.0000
58.2547 0.0000
58.2664 0.0000
58.2781 0.0000
58.2897 0.0000
58.3014 0.0000
58.3131 0.0000
58.3248 0.0000
58.3364 0.0000
58.3481 0.0000
58.3598 0.0000
58.3715 0.0000
58.3831 0.0000
58.3948 0.0000
58.4065 0.0000
58.4182 0.0000
58.4298 0.0000
58.4415 0.0000
58.4532 0.0000
58.4649 0.0000
58.4765 0.0000
58.4882 0.0000
58.4999 0.0000
58.5115 0.0000
58.5232 0.0000
58.5349 0.0000
58.5466 0.0000
58.5582 0.0000
58.5699 0.0000
58.5816 0.0000
58.5933 0.0000
58.6049 0.0000
58.6166 0.0000
58.6283 0.0000
58.6400 0.0000
58.6516 0.0000
58.6633 0.0000
58.6750 0.0000
58.6867 0.0000
58.6983 0.0000
58.7100 0.0000
58.7217 0.0000
58.7334 0.0000
58.7450 0.0000
58.7567 0.0000
58.7684 0.0000
58.7801 0.0000
58.7917 0.0000
58.8034 0.0000
58.8151 0.0000
58.8268 0.0000
58.8384 0.0000
58.8501 0.0000
58.8618 0.0000
58.8735 0.0000
58.8851 0.0000
58.8968 0.0000
58.9085 0.0000
58.9201 0.0000
58.9318 0.0000
58.9435 0.0000
58.9552 0.0000
58.9668 0.0000
58.9785 0.0000
58.9902 0.0000
59.0019 0.0000
59.0135 0.0000
59.0252 0.0000
59.0369 0.0000
59.0486 0.0000
59.0602 0.0000
59.0719 0.0000
59.0836 0.0000
59.0953 0.0000
59.1069 0.0000
59.1186 0.0000
59.1303 0.0000
59.1420 0.0000
59.1536 0.0000
59.1653 0.0000
59.1770 0.0000
59.1887 0.0000
59.2003 0.0000
59.2120 0.0000
59.2237 0.0000
59.2354 0.0000
59.2470 0.0000
59.2587 0.0000
59.2704 0.0000
59.2821 0.0000
59.2937 0.0000
59.3054 0.0000
59.3171 0.0000
59.3287 0.0000
59.3404 0.0000
59.3521 0.0000
59.3638 0.0000
59.3754 0.0000
59.3871 0.0000
59.3988 0.0000
59.4105 0.0000
59.4221 0.0000
59.4338 0.0000
59.4455 0.0000
59.4572 0.0000
59.4688 0.0000
59.4805 0.0000
59.4922 0.0000
59.5039 0.0000
59.5155 0.0000
59.5272 0.0000
59.5389 0.0000
59.5506 0.0000
59.5622 0.0000
59.5739 0.0000
59.5856 0.0000
59.5973 0.0000
59.6089 0.0000
59.6206 0.0000
59.6323 0.0000
59.6440 0.0000
59.6556 0.0000
59.6673 0.0000
59.6790 0.0000
59.6907 0.0000
59.7023 0.0000
59.7140 0.0000
59.7257 0.0000
59.7373 0.0000
59.7490 0.0000
59.7607 0.0000
59.7724 0.0000
59.7840 0.0000
59.7957 0.0000
59.8074 0.0000
59.8191 0.0000
59.8307 0.0000
59.8424 0.0000
59.8541 0.0000
59.8658 0.0000
59.8774 0.0000
59.8891 0.0000
59.9008 0.0000
59.9125 0.0000
59.9241 0.0000
59.9358 0.0000
59.9475 0.0000
59.9592 0.0000
59.9708 0.0000
59.9825 0.0000
59.9942 0.0000
60.0059 0.0000
60.0175 0.0000
60.0292 0.0000
60.0409 0.0000
60.0526 0.0000
60.0642 0.0000
60.0759 0.0000
60.0876 0.0000
60.0993 0.0000
60.1109 0.0000
60.1226 0.0000
60.1343 0.0000
60.1460 0.0000
60.1576 0.0000
60.1693 0.0000
60.1810 0.0000
60.1926 0.0000
60.2043 0.0000
60.2160 0.0000
60.2277 0.0000
60.2393 0.0000
60.2510 0.0000
60.2627 0.0000
60.2744 0.0000
60.2860 0.0000
60.2977 0.0000
60.3094 0.0000
60.3211 0.0000
60.3327 0.0000
60.3444 0.0000
60.3561 0.0000
60.3678 0.0000
60.3794 0.0000
60.3911 0.0000
60.4028 0.0000
60.4145 0.0000
60.4261 0.0000
60.4378 0.0000
60.4495 0.0000
60.4612 0.0000
60.4728 0.0000
60.4845 0.0000
60.4962 0.0000
60.5079 0.0000
60.5195 0.0000
60.5312 0.0000
60.5429 0.0000
60.5546 0.0000
60.5662 0.0000
60.5779 0.0000
60.5896 0.0000
60.6012 0.0000
60.6129 0.0000
60.6246 0.0000
60.6363 0.0000
60.6479 0.0000
60.6596 0.0000
60.6713 0.0000
60.6830 0.0000
60.6946 0.0000
60.7063 0.0000
60.7180 0.0000
60.7297 0.0000
60.7413 0.0000
60.7530 0.0000
60.7647 0.0000
60.7764 0.0000
60.7880 0.0000
60.7997 0.0000
60.8114 0.0000
60.8231 0.0000
60.8347 0.0000
60.8464 0.0000
60.8581 0.0000
60.8698 0.0000
60.8814 0.0000
60.8931 0.0000
60.9048 0.0000
60.9165 0.0000
60.9281 0.0000
60.9398 0.0000
60.9515 0.0000
60.9632 0.0000
60.9748 0.0000
60.9865 0.0000
60.9982 0.0000
61.0098 0.0000
61.0215 0.0000
61.0332 0.0000
61.0449 0.0000
61.0565 0.0000
61.0682 0.0000
61.0799 0.0000
61.0916 0.0000
61.1032 0.0000
61.1149 0.0000
61.1266 0.0000
61.1383 0.0000
61.1499 0.0000
61.1616 0.0000
61.1733 0.0000
61.1850 0.0000
61.1966 0.0000
61.2083 0.0000
61.2200 0.0000
61.2317 0.0000
61.2433 0.0000
61.2550 0.0000
61.2667 0.0000
61.2784 0.0000
61.2900 0.0000
61.3017 0.0000
61.3134 0.0000
61.3251 0.0000
61.3367 0.0000
61.3484 0.0000
61.3601 0.0000
61.3718 0.0000
61.3834 0.0000
61.3951 0.0000
61.4068 0.0000
61.4184 0.0000
61.4301 0.0000
61.4418 0.0000
61.4535 0.0000
61.4651 0.0000
61.4768 0.0000
61.4885 0.0000
61.5002 0.0000
61.5118 0.0000
61.5235 0.0000
61.5352 0.0000
61.5469 0.0000
61.5585 0.0000
61.5702 0.0000
61.5819 0.0000
61.5936 0.0000
61.6052 0.0000
61.6169 0.0000
61.6286 0.0000
61.6403 0.0000
61.6519 0.0000
61.6636 0.0000
61.6753 0.0000
61.6870 0.0000
61.6986 0.0000
61.7103 0.0000
61.7220 0.0000
61.7337 0.0000
61.7453 0.0000
61.7570 0.0000
61.7687 0.0000
61.7804 0.0000
61.7920 0.0000
61.8037 0.0000
61.8154 0.0000
61.8270 0.0000
61.8387 0.0000
61.8504 0.0000
61.8621 0.0000
61.8737 0.0000
61.8854 0.0000
61.8971 0.0000
61.9088 0.0000
61.9204 0.0000
61.9321 0.0000
61.9438 0.0000
61.9555 0.0000
61.9671 0.0000
61.9788 0.0000
61.9905 0.0000
62.0022 0.0000
62.0138 0.0000
62.0255 0.0000
62.0372 0.0000
62.0489 0.0000
62.0605 0.0000
62.0722 0.0000
62.0839 0.0000
62.0956 0.0000
62.1072 0.0000
62.1189 0.0000
62.1306 0.0000
62.1423 0.0000
62.1539 0.0000
62.1656 0.0000
62.1773 0.0000
62.1890 0.0000
62.2006 0.0000
62.2123 0.0000
62.2240 0.0000
62.2356 0.0000
62.2473 0.0000
62.2590 0.0000
62.2707 0.0000
62.2823 0.0000
62.2940 0.0000
62.3057 0.0000
62.3174 0.0000
62.3290 0.0000
62.3407 0.0000
62.3524 0.0000
62.3641 0.0000
62.3757 0.0000
62.3874 0.0000
62.3991 0.0000
62.4108 0.0000
62.4224 0.0000
62.4341 0.0000
62.4458 0.0000
62.4575 0.0000
62.4691 0.0000
62.4808 0.0000
62.4925 0.0000
62.5042 0.0000
62.5158 0.0000
62.5275 0.0000
62.5392 0.0000
62.5509 0.0000
62.5625 0.0000
62.5742 0.0000
62.5859 0.0000
62.5976 0.0000
62.6092 0.0000
62.6209 0.0000
62.6326 0.0000
62.6442 0.0000
62.6559 0.0000
62.6676 0.0000
62.6793 0.0000
62.6909 0.0000
62.7026 0.0000
62.7143 0.0000
62.7260 0.0000
62.7376 0.0000
62.7493 0.0000
62.7610 0.0000
62.7727 0.0000
62.7843 0.0000
62.7960 0.0000
62.8077 0.0000
62.8194 0.0000
62.8310 0.0000
62.8427 0.0000
62.8544 0.0000
62.8661 0.0000
62.8777 0.0000
62.8894 0.0000
62.9011 0.0000
62.9128 0.0000
62.9244 0.0000
62.9361 0.0000
62.9478 0.0000
62.9595 0.0000
62.9711 0.0000
62.9828 0.0000
62.9945 0.0000
63.0062 0.0000
63.0178 0.0000
63.0295 0.0000
63.0412 0.0000
63.0528 0.0000
63.0645 0.0000
63.0762 0.0000
63.0879 0.0000
63.0995 0.0000
63.1112 0.0000
63.1229 0.0000
63.1346 0.0000
63.1462 0.0000
63.1579 0.0000
63.1696 0.0000
63.1813 0.0000
63.1929 0.0000
63.2046 0.0000
63.2163 0.0000
63.2280 0.0000
63.2396 0.0000
63.2513 0.0000
63.2630 0.0000
63.2747 0.0000
63.2863 0.0000
63.2980 0.0000
63.3097 0.0000
63.3214 0.0000
63.3330 0.0000
63.3447 0.0000
63.3564 0.0000
63.3681 0.0000
63.3797 0.0000
63.3914 0.0000
63.4031 0.0000
63.4148 0.0000
63.4264 0.0000
63.4381 0.0000
63.4498 0.0000
63.4614 0.0000
63.4731 0.0000
63.4848 0.0000
63.4965 0.0000
63.5081 0.0000
63.5198 0.0000
63.5315 0.0000
63.5432 0.0000
63.5548 0.0000
63.5665 0.0000
63.5782 0.0000
63.5899 0.0000
63.6015 0.0000
63.6132 0.0000
63.6249 0.0000
63.6366 0.0000
63.6482 0.0000
63.6599 0.0000
63.6716 0.0000
63.6833 0.0000
63.6949 0.0000
63.7066 0.0000
63.7183 0.0000
63.7300 0.0000
63.7416 0.0000
63.7533 0.0000
63.7650 0.0000
63.7767 0.0000
63.7883 0.0000
63.8000 0.0000
63.8117 0.0000
63.8234 0.0000
63.8350 0.0000
63.8467 0.0000
63.8584 0.0000
63.8700 0.0000
63.8817 0.0000
63.8934 0.0000
63.9051 0.0000
63.9167 0.0000
63.9284 0.0000
63.9401 0.0000
63.9518 0.0000
63.9634 0.0000
63.9751 0.0000
63.9868 0.0000
63.9985 0.0000
64.0101 0.0000
64.0218 0.0000
64.0335 0.0000
64.0452 0.0000
64.0568 0.0000
64.0685 0.0000
64.0802 0.0000
64.0919 0.0000
64.1035 0.0000
64.1152 0.0000
64.1269 0.0000
64.1386 0.0000
64.1502 0.0000
64.1619 0.0000
64.1736 0.0000
64.1853 0.0000
64.1969 0.0000
64.2086 0.0000
64.2203 0.0000
64.2320 0.0000
64.2436 0.0000
64.2553 0.0000
64.2670 0.0000
64.2786 0.0000
64.2903 0.0000
64.3020 0.0000
64.3137 0.0000
64.3253 0.0000
64.3370 0.0000
64.3487 0.0000
64.3604 0.0000
64.3720 0.0000
64.3837 0.0000
64.3954 0.0000
64.4071 0.0000
64.4187 0.0000
64.4304 0.0000
64.4421 0.0000
64.4538 0.0000
64.4654 0.0000
64.4771 0.0000
64.4888 0.0000
64.5005 0.0000
64.5121 0.0000
64.5238 0.0000
64.5355 0.0000
64.5472 0.0000
64.5588 0.0000
64.5705 0.0000
64.5822 0.0000
64.5939 0.0000
64.6055 0.0000
64.6172 0.0000
64.6289 0.0000
64.6406 0.0000
64.6522 0.0000
64.6639 0.0000
64.6756 0.0000
64.6872 0.0000
64.6989 0.0000
64.7106 0.0000
64.7223 0.0000
64.7339 0.0000
64.7456 0.0000
64.7573 0.0000
64.7690 0.0000
64.7806 0.0000
64.7923 0.0000
64.8040 0.0000
64.8157 0.0000
64.8273 0.0000
64.8390 0.0000
64.8507 0.0000
64.8624 0.0000
64.8740 0.0000
64.8857 0.0000
64.8974 0.0000
64.9091 0.0000
64.9207 0.0000
64.9324 0.0000
64.9441 0.0000
64.9558 0.0000
64.9674 0.0000
64.9791 0.0000
64.9908 0.0000
65.0025 0.0000
65.0141 0.0000
65.0258 0.0000
65.0375 0.0000
65.0492 0.0000
65.0608 0.0000
65.0725 0.0000
65.0842 0.0000
65.0958 0.0000
65.1075 0.0000
65.1192 0.0000
65.1309 0.0000
65.1425 0.0000
65.1542 0.0000
65.1659 0.0000
65.1776 0.0000
65.1892 0.0000
65.2009 0.0000
65.2126 0.0000
65.2243 0.0000
65.2359 0.0000
65.2476 0.0000
65.2593 0.0000
65.2710 0.0000
65.2826 0.0000
65.2943 0.0000
65.3060 0.0000
65.3177 0.0000
65.3293 0.0000
65.3410 0.0000
65.3527 0.0000
65.3644 0.0000
65.3760 0.0000
65.3877 0.0000
65.3994 0.0000
65.4111 0.0000
65.4227 0.0000
65.4344 0.0000
65.4461 0.0000
65.4578 0.0000
65.4694 0.0000
65.4811 0.0000
65.4928 0.0000
65.5044 0.0000
65.5161 0.0000
65.5278 0.0000
65.5395 0.0000
65.5511 0.0000
65.5628 0.0000
65.5745 0.0000
65.5862 0.0000
65.5978 0.0000
65.6095 0.0000
65.6212 0.0000
65.6329 0.0000
65.6445 0.0000
65.6562 0.0000
65.6679 0.0000
65.6796 0.0000
65.6912 0.0000
65.7029 0.0000
65.7146 0.0000
65.7263 0.0000
65.7379 0.0000
65.7496 0.0000
65.7613 0.0000
65.7730 0.0000
65.7846 0.0000
65.7963 0.0000
65.8080 0.0000
65.8197 0.0000
65.8313 0.0000
65.8430 0.0000
65.8547 0.0000
65.8664 0.0000
65.8780 0.0000
65.8897 0.0000
65.9014 0.0000
65.9130 0.0000
65.9247 0.0000
65.9364 0.0000
65.9481 0.0000
65.9597 0.0000
65.9714 0.0000
65.9831 0.0000
65.9948 0.0000
66.0064 0.0000
66.0181 0.0000
66.0298 0.0000
66.0415 0.0000
66.0531 0.0000
66.0648 0.0000
66.0765 0.0000
66.0882 0.0000
66.0998 0.0000
66.1115 0.0000
66.1232 0.0000
66.1349 0.0000
66.1465 0.0000
66.1582 0.0000
66.1699 0.0000
66.1816 0.0000
66.1932 0.0000
66.2049 0.0000
66.2166 0.0000
66.2283 0.0000
66.2399 0.0000
66.2516 0.0000
66.2633 0.0000
66.2750 0.0000
66.2866 0.0000
66.2983 0.0000
66.3100 0.0000
66.3216 0.0000
66.3333 0.0000
66.3450 0.0000
66.3567 0.0000
66.3683 0.0000
66.3800 0.0000
66.3917 0.0000
66.4034 0.0000
66.4150 0.0000
66.4267 0.0000
66.4384 0.0000
66.4501 0.0000
66.4617 0.0000
66.4734 0.0000
66.4851 0.0000
66.4968 0.0000
66.5084 0.0000
66.5201 0.0000
66.5318 0.0000
66.5435 0.0000
66.5551 0.0000
66.5668 0.0000
66.5785 0.0000
66.5902 0.0000
66.6018 0.0000
66.6135 0.0000
66.6252 0.0000
66.6369 0.0000
66.6485 0.0000
66.6602 0.0000
66.6719 0.0000
66.6836 0.0000
66.6952 0.0000
66.7069 0.0000
66.7186 0.0000
66.7302 0.0000
66.7419 0.0000
66.7536 0.0000
66.7653 0.0000
66.7769 0.0000
66.7886 0.0000
66.8003 0.0000
66.8120 0.0000
66.8236 0.0000
66.8353 0.0000
66.8470 0.0000
66.8587 0.0000
66.8703 0.0000
66.8820 0.0000
66.8937 0.0000
66.9054 0.0000
66.9170 0.0000
66.9287 0.0000
66.9404 0.0000
66.9521 0.0000
66.9637 0.0000
66.9754 0.0000
66.9871 0.0000
66.9988 0.0000
67.0104 0.0000
67.0221 0.0000
67.0338 0.0000
67.0455 0.0000
67.0571 0.0000
67.0688 0.0000
67.0805 0.0000
67.0922 0.0000
67.1038 0.0000
67.1155 0.0000
67.1272 0.0000
67.1388 0.0000
67.1505 0.0000
67.1622 0.0000
67.1739 0.0000
67.1855 0.0000
67.1972 0.0000
67.2089 0.0000
67.2206 0.0000
67.2322 0.0000
67.2439 0.0000
67.2556 0.0000
67.2673 0.0000
67.2789 0.0000
67.2906 0.0000
67.3023 0.0000
67.3140 0.0000
67.3256 0.0000
67.3373 0.0000
67.3490 0.0000
67.3607 0.0000
67.3723 0.0000
67.3840 0.0000
67.3957 0.0000
67.4074 0.0000
67.4190 0.0000
67.4307 0.0000
67.4424 0.0000
67.4541 0.0000
67.4657 0.0000
67.4774 0.0000
67.4891 0.0000
67.5008 0.0000
67.5124 0.0000
67.5241 0.0000
67.5358 0.0000
67.5474 0.0000
67.5591 0.0000
67.5708 0.0000
67.5825 0.0000
67.5941 0.0000
67.6058 0.0000
67.6175 0.0000
67.6292 0.0000
67.6408 0.0000
67.6525 0.0000
67.6642 0.0000
67.6759 0.0000
67.6875 0.0000
67.6992 0.0000
67.7109 0.0000
67.7226 0.0000
67.7342 0.0000
67.7459 0.0000
67.7576 0.0000
67.7693 0.0000
67.7809 0.0000
67.7926 0.0000
67.8043 0.0000
67.8160 0.0000
67.8276 0.0000
67.8393 0.0000
67.8510 0.0000
67.8627 0.0000
67.8743 0.0000
67.8860 0.0000
67.8977 0.0000
67.9094 0.0000
67.9210 0.0000
67.9327 0.0000
67.9444 0.0000
67.9560 0.0000
67.9677 0.0000
67.9794 0.0000
67.9911 0.0000
68.0027 0.0000
68.0144 0.0000
68.0261 0.0000
68.0378 0.0000
68.0494 0.0000
68.0611 0.0000
68.0728 0.0000
68.0845 0.0000
68.0961 0.0000
68.1078 0.0000
68.1195 0.0000
68.1312 0.0000
68.1428 0.0000
68.1545 0.0000
68.1662 0.0000
68.1779 0.0000
68.1895 0.0000
68.2012 0.0000
68.2129 0.0000
68.2246 0.0000
68.2362 0.0000
68.2479 0.0000
68.2596 0.0000
68.2713 0.0000
68.2829 0.0000
68.2946 0.0000
68.3063 0.0000
68.3180 0.0000
68.3296 0.0000
68.3413 0.0000
68.3530 0.0000
68.3646 0.0000
68.3763 0.0000
68.3880 0.0000
68.3997 0.0000
68.4113 0.0000
68.4230 0.0000
68.4347 0.0000
68.4464 0.0000
68.4580 0.0000
68.4697 0.0000
68.4814 0.0000
68.4931 0.0000
68.5047 0.0000
68.5164 0.0000
68.5281 0.0000
68.5398 0.0000
68.5514 0.0000
68.5631 0.0000
68.5748 0.0000
68.5865 0.0000
68.5981 0.0000
68.6098 0.0000
68.6215 0.0000
68.6332 0.0000
68.6448 0.0000
68.6565 0.0000
68.6682 0.0000
68.6799 0.0000
68.6915 0.0000
68.7032 0.0000
68.7149 0.0000
68.7266 0.0000
68.7382 0.0000
68.7499 0.0000
68.7616 0.0000
68.7732 0.0000
68.7849 0.0000
68.7966 0.0000
68.8083 0.0000
68.8199 0.0000
68.8316 0.0000
68.8433 0.0000
68.8550 0.0000
68.8666 0.0000
68.8783 0.0000
68.8900 0.0000
68.9017 0.0000
68.9133 0.0000
68.9250 0.0000
68.9367 0.0000
68.9484 0.0000
68.9600 0.0000
68.9717 0.0000
68.9834 0.0000
68.9951 0.0000
69.0067 0.0000
69.0184 0.0000
69.0301 0.0000
69.0418 0.0000
69.0534 0.0000
69.0651 0.0000
69.0768 0.0000
69.0885 0.0000
69.1001 0.0000
69.1118 0.0000
69.1235 0.0000
69.1352 0.0000
69.1468 0.0000
69.1585 0.0000
69.1702 0.0000
69.1818 0.0000
69.1935 0.0000
69.2052 0.0000
69.2169 0.0000
69.2285 0.0000
69.2402 0.0000
69.2519 0.0000
69.2636 0.0000
69.2752 0.0000
69.2869 0.0000
69.2986 0.0000
69.3103 0.0000
69.3219 0.0000
69.3336 0.0000
69.3453 0.0000
69.3570 0.0000
69.3686 0.0000
69.3803 0.0000
69.3920 0.0000
69.4037 0.0000
69.4153 0.0000
69.4270 0.0000
69.4387 0.0000
69.4504 0.0000
69.4620 0.0000
69.4737 0.0000
69.4854 0.0000
69.4971 0.0000
69.5087 0.0000
69.5204 0.0000
69.5321 0.0000
69.5438 0.0000
69.5554 0.0000
69.5671 0.0000
69.5788 0.0000
69.5904 0.0000
69.6021 0.0000
69.6138 0.0000
69.6255 0.0000
69.6371 0.0000
69.6488 0.0000
69.6605 0.0000
69.6722 0.0000
69.6838 0.0000
69.6955 0.0000
69.7072 0.0000
69.7189 0.0000
69.7305 0.0000
69.7422 0.0000
69.7539 0.0000
69.7656 0.0000
69.7772 0.0000
69.7889 0.0000
69.8006 0.0000
69.8123 0.0000
69.8239 0.0000
69.8356 0.0000
69.8473 0.0000
69.8590 0.0000
69.8706 0.0000
69.8823 0.0000
69.8940 0.0000
69.9057 0.0000
69.9173 0.0000
69.9290 0.0000
69.9407 0.0000
69.9524 0.0000
69.9640 0.0000
69.9757 0.0000
69.9874 0.0000
69.9990 0.0000
70.0107 0.0000
70.0224 0.0000
70.0341 0.0000
70.0457 0.0000
70.0574 0.0000
70.0691 0.0000
70.0808 0.0000
70.0924 0.0000
70.1041 0.0000
70.1158 0.0000
70.1275 0.0000
70.1391 0.0000
70.1508 0.0000
70.1625 0.0000
70.1742 0.0000
70.1858 0.0000
70.1975 0.0000
70.2092 0.0000
70.2209 0.0000
70.2325 0.0000
70.2442 0.0000
70.2559 0.0000
70.2676 0.0000
70.2792 0.0000
70.2909 0.0000
70.3026 0.0000
70.3143 0.0000
70.3259 0.0000
70.3376 0.0000
70.3493 0.0000
70.3610 0.0000
70.3726 0.0000
70.3843 0.0000
70.3960 0.0000
70.4076 0.0000
70.4193 0.0000
70.4310 0.0000
70.4427 0.0000
70.4543 0.0000
70.4660 0.0000
70.4777 0.0000
70.4894 0.0000
70.5010 0.0000
70.5127 0.0000
70.5244 0.0000
70.5361 0.0000
70.5477 0.0000
70.5594 0.0000
70.5711 0.0000
70.5828 0.0000
70.5944 0.0000
70.6061 0.0000
70.6178 0.0000
70.6295 0.0000
70.6411 0.0000
70.6528 0.0000
70.6645 0.0000
70.6762 0.0000
70.6878 0.0000
70.6995 0.0000
70.7112 0.0000
70.7229 0.0000
70.7345 0.0000
70.7462 0.0000
70.7579 0.0000
70.7696 0.0000
70.7812 0.0000
70.7929 0.0000
70.8046 0.0000
70.8162 0.0000
70.8279 0.0000
70.8396 0.0000
70.8513 0.0000
70.8629 0.0000
70.8746 0.0000
70.8863 0.0000
70.8980 0.0000
70.9096 0.0000
70.9213 0.0000
70.9330 0.0000
70.9447 0.0000
70.9563 0.0000
70.9680 0.0000
70.9797 0.0000
70.9914 0.0000
71.0030 0.0000
71.0147 0.0000
71.0264 0.0000
71.0381 0.0000
71.0497 0.0000
71.0614 0.0000
71.0731 0.0000
71.0848 0.0000
71.0964 0.0000
71.1081 0.0000
71.1198 0.0000
71.1315 0.0000
71.1431 0.0000
71.1548 0.0000
71.1665 0.0000
71.1782 0.0000
71.1898 0.0000
71.2015 0.0000
71.2132 0.0000
71.2248 0.0000
71.2365 0.0000
71.2482 0.0000
71.2599 0.0000
71.2715 0.0000
71.2832 0.0000
71.2949 0.0000
71.3066 0.0000
71.3182 0.0000
71.3299 0.0000
71.3416 0.0000
71.3533 0.0000
71.3649 0.0000
71.3766 0.0000
71.3883 0.0000
71.4000 0.0000
71.4116 0.0000
71.4233 0.0000
71.4350 0.0000
71.4467 0.0000
71.4583 0.0000
71.4700 0.0000
71.4817 0.0000
71.4934 0.0000
71.5050 0.0000
71.5167 0.0000
71.5284 0.0000
71.5401 0.0000
71.5517 0.0000
71.5634 0.0000
71.5751 0.0000
71.5868 0.0000
71.5984 0.0000
71.6101 0.0000
71.6218 0.0000
71.6334 0.0000
71.6451 0.0000
71.6568 0.0000
71.6685 0.0000
71.6801 0.0000
71.6918 0.0000
71.7035 0.0000
71.7152 0.0000
71.7268 0.0000
71.7385 0.0000
71.7502 0.0000
71.7619 0.0000
71.7735 0.0000
71.7852 0.0000
71.7969 0.0000
71.8086 0.0000
71.8202 0.0000
71.8319 0.0000
71.8436 0.0000
71.8553 0.0000
71.8669 0.0000
71.8786 0.0000
71.8903 0.0000
71.9020 0.0000
71.9136 0.0000
71.9253 0.0000
71.9370 0.0000
71.9487 0.0000
71.9603 0.0000
71.9720 0.0000
71.9837 0.0000
71.9954 0.0000
72.0070 0.0000
72.0187 0.0000
72.0304 0.0000
72.0420 0.0000
72.0537 0.0000
72.0654 0.0000
72.0771 0.0000
72.0887 0.0000
72.1004 0.0000
72.1121 0.0000
72.1238 0.0000
72.1354 0.0000
72.1471 0.0000
72.1588 0.0000
72.1705 0.0000
72.1821 0.0000
72.1938 0.0000
72.2055 0.0000
72.2172 0.0000
72.2288 0.0000
72.2405 0.0000
72.2522 0.0000
72.2639 0.0000
72.2755 0.0000
72.2872 0.0000
72.2989 0.0000
72.3106 0.0000
72.3222 0.0000
72.3339 0.0000
72.3456 0.0000
72.3573 0.0000
72.3689 0.0000
72.3806 0.0000
72.3923 0.0000
72.4040 0.0000
72.4156 0.0000
72.4273 0.0000
72.4390 0.0000
72.4506 0.0000
72.4623 0.0000
72.4740 0.0000
72.4857 0.0000
72.4973 0.0000
72.5090 0.0000
72.5207 0.0000
72.5324 0.0000
72.5440 0.0000
72.5557 0.0000
72.5674 0.0000
72.5791 0.0000
72.5907 0.0000
72.6024 0.0000
72.6141 0.0000
72.6258 0.0000
72.6374 0.0000
72.6491 0.0000
72.6608 0.0000
72.6725 0.0000
72.6841 0.0000
72.6958 0.0000
72.7075 0.0000
72.7192 0.0000
72.7308 0.0000
72.7425 0.0000
72.7542 0.0000
72.7659 0.0000
72.7775 0.0000
72.7892 0.0000
72.8009 0.0000
72.8126 0.0000
72.8242 0.0000
72.8359 0.0000
72.8476 0.0000
72.8592 0.0000
72.8709 0.0000
72.8826 0.0000
72.8943 0.0000
72.9059 0.0000
72.9176 0.0000
72.9293 0.0000
72.9410 0.0000
72.9526 0.0000
72.9643 0.0000
72.9760 0.0000
72.9877 0.0000
72.9993 0.0000
73.0110 0.0000
73.0227 0.0000
73.0344 0.0000
73.0460 0.0000
73.0577 0.0000
73.0694 0.0000
73.0811 0.0000
73.0927 0.0000
73.1044 0.0000
73.1161 0.0000
73.1278 0.0000
73.1394 0.0000
73.1511 0.0000
73.1628 0.0000
73.1745 0.0000
73.1861 0.0000
73.1978 0.0000
73.2095 0.0000
73.2212 0.0000
73.2328 0.0000
73.2445 0.0000
73.2562 0.0000
73.2678 0.0000
73.2795 0.0000
73.2912 0.0000
73.3029 0.0000
73.3145 0.0000
73.3262 0.0000
73.3379 0.0000
73.3496 0.0000
73.3612 0.0000
73.3729 0.0000
73.3846 0.0000
73.3963 0.0000
73.4079 0.0000
73.4196 0.0000
73.4313 0.0000
73.4430 0.0000
73.4546 0.0000
73.4663 0.0000
73.4780 0.0000
73.4897 0.0000
73.5013 0.0000
73.5130 0.0000
73.5247 0.0000
73.5364 0.0000
73.5480 0.0000
73.5597 0.0000
73.5714 0.0000
73.5831 0.0000
73.5947 0.0000
73.6064 0.0000
73.6181 0.0000
73.6298 0.0000
73.6414 0.0000
73.6531 0.0000
73.6648 0.0000
73.6764 0.0000
73.6881 0.0000
73.6998 0.0000
73.7115 0.0000
73.7231 0.0000
73.7348 0.0000
73.7465 0.0000
73.7582 0.0000
73.7698 0.0000
73.7815 0.0000
73.7932 0.0000
73.8049 0.0000
73.8165 0.0000
73.8282 0.0000
73.8399 0.0000
73.8516 0.0000
73.8632 0.0000
73.8749 0.0000
73.8866 0.0000
73.8983 0.0000
73.9099 0.0000
73.9216 0.0000
73.9333 0.0000
73.9450 0.0000
73.9566 0.0000
73.9683 0.0000
73.9800 0.0000
73.9917 0.0000
74.0033 0.0000
74.0150 0.0000
74.0267 0.0000
74.0384 0.0000
74.0500 0.0000
74.0617 0.0000
74.0734 0.0000
74.0850 0.0000
74.0967 0.0000
74.1084 0.0000
74.1201 0.0000
74.1317 0.0000
74.1434 0.0000
74.1551 0.0000
74.1668 0.0000
74.1784 0.0000
74.1901 0.0000
74.2018 0.0000
74.2135 0.0000
74.2251 0.0000
74.2368 0.0000
74.2485 0.0000
74.2602 0.0000
74.2718 0.0000
74.2835 0.0000
74.2952 0.0000
74.3069 0.0000
74.3185 0.0000
74.3302 0.0000
74.3419 0.0000
74.3536 0.0000
74.3652 0.0000
74.3769 0.0000
74.3886 0.0000
74.4003 0.0000
74.4119 0.0000
74.4236 0.0000
74.4353 0.0000
74.4470 0.0000
74.4586 0.0000
74.4703 0.0000
74.4820 0.0000
74.4936 0.0000
74.5053 0.0000
74.5170 0.0000
74.5287 0.0000
74.5403 0.0000
74.5520 0.0000
74.5637 0.0000
74.5754 0.0000
74.5870 0.0000
74.5987 0.0000
74.6104 0.0000
74.6221 0.0000
74.6337 0.0000
74.6454 0.0000
74.6571 0.0000
74.6688 0.0000
74.6804 0.0000
74.6921 0.0000
74.7038 0.0000
74.7155 0.0000
74.7271 0.0000
74.7388 0.0000
74.7505 0.0000
74.7622 0.0000
74.7738 0.0000
74.7855 0.0000
74.7972 0.0000
74.8089 0.0000
74.8205 0.0000
74.8322 0.0000
74.8439 0.0000
74.8556 0.0000
74.8672 0.0000
74.8789 0.0000
74.8906 0.0000
74.9022 0.0000
74.9139 0.0000
74.9256 0.0000
74.9373 0.0000
74.9489 0.0000
74.9606 0.0000
74.9723 0.0000
74.9840 0.0000
74.9956 0.0000
75.0073 0.0000
75.0190 0.0000
75.0307 0.0000
75.0423 0.0000
75.0540 0.0000
75.0657 0.0000
75.0774 0.0000
75.0890 0.0000
75.1007 0.0000
75.1124 0.0000
75.1241 0.0000
75.1357 0.0000
75.1474 0.0000
75.1591 0.0000
75.1708 0.0000
75.1824 0.0000
75.1941 0.0000
75.2058 0.0000
75.2175 0.0000
75.2291 0.0000
75.2408 0.0000
75.2525 0.0000
75.2642 0.0000
75.2758 0.0000
75.2875 0.0000
75.2992 0.0000
75.3108 0.0000
75.3225 0.0000
75.3342 0.0000
75.3459 0.0000
75.3575 0.0000
75.3692 0.0000
75.3809 0.0000
75.3926 0.0000
75.4042 0.0000
75.4159 0.0000
75.4276 0.0000
75.4393 0.0000
75.4509 0.0000
75.4626 0.0000
75.4743 0.0000
75.4860 0.0000
75.4976 0.0000
75.5093 0.0000
75.5210 0.0000
75.5327 0.0000
75.5443 0.0000
75.5560 0.0000
75.5677 0.0000
75.5794 0.0000
75.5910 0.0000
75.6027 0.0000
75.6144 0.0000
75.6261 0.0000
75.6377 0.0000
75.6494 0.0000
75.6611 0.0000
75.6728 0.0000
75.6844 0.0000
75.6961 0.0000
75.7078 0.0000
75.7194 0.0000
75.7311 0.0000
75.7428 0.0000
75.7545 0.0000
75.7661 0.0000
75.7778 0.0000
75.7895 0.0000
75.8012 0.0000
75.8128 0.0000
75.8245 0.0000
75.8362 0.0000
75.8479 0.0000
75.8595 0.0000
75.8712 0.0000
75.8829 0.0000
75.8946 0.0000
75.9062 0.0000
75.9179 0.0000
75.9296 0.0000
75.9413 0.0000
75.9529 0.0000
75.9646 0.0000
75.9763 0.0000
75.9880 0.0000
75.9996 0.0000
76.0113 0.0000
76.0230 0.0000
76.0347 0.0000
76.0463 0.0000
76.0580 0.0000
76.0697 0.0000
76.0814 0.0000
76.0930 0.0000
76.1047 0.0000
76.1164 0.0000
76.1280 0.0000
76.1397 0.0000
76.1514 0.0000
76.1631 0.0000
76.1747 0.0000
76.1864 0.0000
76.1981 0.0000
76.2098 0.0000
76.2214 0.0000
76.2331 0.0000
76.2448 0.0000
76.2565 0.0000
76.2681 0.0000
76.2798 0.0000
76.2915 0.0000
76.3032 0.0000
76.3148 0.0000
76.3265 0.0000
76.3382 0.0000
76.3499 0.0000
76.3615 0.0000
76.3732 0.0000
76.3849 0.0000
76.3966 0.0000
76.4082 0.0000
76.4199 0.0000
76.4316 0.0000
76.4433 0.0000
76.4549 0.0000
76.4666 0.0000
76.4783 0.0000
76.4900 0.0000
76.5016 0.0000
76.5133 0.0000
76.5250 0.0000
76.5366 0.0000
76.5483 0.0000
76.5600 0.0000
76.5717 0.0000
76.5833 0.0000
76.5950 0.0000
76.6067 0.0000
76.6184 0.0000
76.6300 0.0000
76.6417 0.0000
76.6534 0.0000
76.6651 0.0000
76.6767 0.0000
76.6884 0.0000
76.7001 0.0000
76.7118 0.0000
76.7234 0.0000
76.7351 0.0000
76.7468 0.0000
76.7585 0.0000
76.7701 0.0000
76.7818 0.0000
76.7935 0.0000
76.8052 0.0000
76.8168 0.0000
76.8285 0.0000
76.8402 0.0000
76.8519 0.0000
76.8635 0.0000
76.8752 0.0000
76.8869 0.0000
76.8986 0.0000
76.9102 0.0000
76.9219 0.0000
76.9336 0.0000
76.9452 0.0000
76.9569 0.0000
76.9686 0.0000
76.9803 0.0000
76.9919 0.0000
77.0036 0.0000
77.0153 0.0000
77.0270 0.0000
77.0386 0.0000
77.0503 0.0000
77.0620 0.0000
77.0737 0.0000
77.0853 0.0000
77.0970 0.0000
77.1087 0.0000
77.1204 0.0000
77.1320 0.0000
77.1437 0.0000
77.1554 0.0000
77.1671 0.0000
77.1787 0.0000
77.1904 0.0000
77.2021 0.0000
77.2138 0.0000
77.2254 0.0000
77.2371 0.0000
77.2488 0.0000
77.2605 0.0000
77.2721 0.0000
77.2838 0.0000
77.2955 0.0000
77.3072 0.0000
77.3188 0.0000
77.3305 0.0000
77.3422 0.0000
77.3538 0.0000
77.3655 0.0000
77.3772 0.0000
77.3889 0.0000
77.4005 0.0000
77.4122 0.0000
77.4239 0.0000
77.4356 0.0000
77.4472 0.0000
77.4589 0.0000
77.4706 0.0000
77.4823 0.0000
77.4939 0.0000
77.5056 0.0000
77.5173 0.0000
77.5290 0.0000
77.5406 0.0000
77.5523 0.0000
77.5640 0.0000
77.5757 0.0000
77.5873 0.0000
77.5990 0.0000
77.6107 0.0000
77.6224 0.0000
77.6340 0.0000
77.6457 0.0000
77.6574 0.0000
77.6691 0.0000
77.6807 0.0000
77.6924 0.0000
77.7041 0.0000
77.7158 0.0000
77.7274 0.0000
77.7391 0.0000
77.7508 0.0000
77.7624 0.0000
77.7741 0.0000
77.7858 0.0000
77.7975 0.0000
77.8091 0.0000
77.8208 0.0000
77.8325 0.0000
77.8442 0.0000
77.8558 0.0000
77.8675 0.0000
77.8792 0.0000
77.8909 0.0000
77.9025 0.0000
77.9142 0.0000
77.9259 0.0000
77.9376 0.0000
77.9492 0.0000
77.9609 0.0000
77.9726 0.0000
77.9843 0.0000
77.9959 0.0000
78.0076 0.0000
78.0193 0.0000
78.0310 0.0000
78.0426 0.0000
78.0543 0.0000
78.0660 0.0000
78.0777 0.0000
78.0893 0.0000
78.1010 0.0000
78.1127 0.0000
78.1244 0.0000
78.1360 0.0000
78.1477 0.0000
78.1594 0.0000
78.1710 0.0000
78.1827 0.0000
78.1944 0.0000
78.2061 0.0000
78.2177 0.0000
78.2294 0.0000
78.2411 0.0000
78.2528 0.0000
78.2644 0.0000
78.2761 0.0000
78.2878 0.0000
78.2995 0.0000
78.3111 0.0000
78.3228 0.0000
78.3345 0.0000
78.3462 0.0000
78.3578 0.0000
78.3695 0.0000
78.3812 0.0000
78.3929 0.0000
78.4045 0.0000
78.4162 0.0000
78.4279 0.0000
78.4396 0.0000
78.4512 0.0000
78.4629 0.0000
78.4746 0.0000
78.4863 0.0000
78.4979 0.0000
78.5096 0.0000
78.5213 0.0000
78.5330 0.0000
78.5446 0.0000
78.5563 0.0000
78.5680 0.0000
78.5796 0.0000
78.5913 0.0000
78.6030 0.0000
78.6147 0.0000
78.6263 0.0000
78.6380 0.0000
78.6497 0.0000
78.6614 0.0000
78.6730 0.0000
78.6847 0.0000
78.6964 0.0000
78.7081 0.0000
78.7197 0.0000
78.7314 0.0000
78.7431 0.0000
78.7548 0.0000
78.7664 0.0000
78.7781 0.0000
78.7898 0.0000
78.8015 0.0000
78.8131 0.0000
78.8248 0.0000
78.8365 0.0000
78.8482 0.0000
78.8598 0.0000
78.8715 0.0000
78.8832 0.0000
78.8949 0.0000
78.9065 0.0000
78.9182 0.0000
78.9299 0.0000
78.9416 0.0000
78.9532 0.0000
78.9649 0.0000
78.9766 0.0000
78.9882 0.0000
78.9999 0.0000
79.0116 0.0000
79.0233 0.0000
79.0349 0.0000
79.0466 0.0000
79.0583 0.0000
79.0700 0.0000
79.0816 0.0000
79.0933 0.0000
79.1050 0.0000
79.1167 0.0000
79.1283 0.0000
79.1400 0.0000
79.1517 0.0000
79.1634 0.0000
79.1750 0.0000
79.1867 0.0000
79.1984 0.0000
79.2101 0.0000
79.2217 0.0000
79.2334 0.0000
79.2451 0.0000
79.2568 0.0000
79.2684 0.0000
79.2801 0.0000
79.2918 0.0000
79.3035 0.0000
79.3151 0.0000
79.3268 0.0000
79.3385 0.0000
79.3502 0.0000
79.3618 0.0000
79.3735 0.0000
79.3852 0.0000
79.3968 0.0000
79.4085 0.0000
79.4202 0.0000
79.4319 0.0000
79.4435 0.0000
79.4552 0.0000
79.4669 0.0000
79.4786 0.0000
79.4902 0.0000
79.5019 0.0000
79.5136 0.0000
79.5253 0.0000
79.5369 0.0000
79.5486 0.0000
79.5603 0.0000
79.5720 0.0000
79.5836 0.0000
79.5953 0.0000
79.6070 0.0000
79.6187 0.0000
79.6303 0.0000
79.6420 0.0000
79.6537 0.0000
79.6654 0.0000
79.6770 0.0000
79.6887 0.0000
79.7004 0.0000
79.7121 0.0000
79.7237 0.0000
79.7354 0.0000
79.7471 0.0000
79.7588 0.0000
79.7704 0.0000
79.7821 0.0000
79.7938 0.0000
79.8054 0.0000
79.8171 0.0000
79.8288 0.0000
79.8405 0.0000
79.8521 0.0000
79.8638 0.0000
79.8755 0.0000
79.8872 0.0000
79.8988 0.0000
79.9105 0.0000
79.9222 0.0000
79.9339 0.0000
79.9455 0.0000
79.9572 0.0000
79.9689 0.0000
79.9806 0.0000
79.9922 0.0000
80.0039 0.0000
80.0156 0.0000
80.0273 0.0000
80.0389 0.0000
80.0506 0.0000
80.0623 0.0000
80.0740 0.0000
80.0856 0.0000
80.0973 0.0000
80.1090 0.0000
80.1207 0.0000
80.1323 0.0000
80.1440 0.0000
80.1557 0.0000
80.1674 0.0000
80.1790 0.0000
80.1907 0.0000
80.2024 0.0000
80.2141 0.0000
80.2257 0.0000
80.2374 0.0000
80.2491 0.0000
80.2607 0.0000
80.2724 0.0000
80.2841 0.0000
80.2958 0.0000
80.3074 0.0000
80.3191 0.0000
80.3308 0.0000
80.3425 0.0000
80.3541 0.0000
80.3658 0.0000
80.3775 0.0000
80.3892 0.0000
80.4008 0.0000
80.4125 0.0000
80.4242 0.0000
80.4359 0.0000
80.4475 0.0000
80.4592 0.0000
80.4709 0.0000
80.4826 0.0000
80.4942 0.0000
80.5059 0.0000
80.5176 0.0000
80.5293 0.0000
80.5409 0.0000
80.5526 0.0000
80.5643 0.0000
80.5760 0.0000
80.5876 0.0000
80.5993 0.0000
80.6110 0.0000
80.6227 0.0000
80.6343 0.0000
80.6460 0.0000
80.6577 0.0000
80.6693 0.0000
80.6810 0.0000
80.6927 0.0000
80.7044 0.0000
80.7160 0.0000
80.7277 0.0000
80.7394 0.0000
80.7511 0.0000
80.7627 0.0000
80.7744 0.0000
80.7861 0.0000
80.7978 0.0000
80.8094 0.0000
80.8211 0.0000
80.8328 0.0000
80.8445 0.0000
80.8561 0.0000
80.8678 0.0000
80.8795 0.0000
80.8912 0.0000
80.9028 0.0000
80.9145 0.0000
80.9262 0.0000
80.9379 0.0000
80.9495 0.0000
80.9612 0.0000
80.9729 0.0000
80.9846 0.0000
80.9962 0.0000
81.0079 0.0000
81.0196 0.0000
81.0313 0.0000
81.0429 0.0000
81.0546 0.0000
81.0663 0.0000
81.0779 0.0000
81.0896 0.0000
81.1013 0.0000
81.1130 0.0000
81.1246 0.0000
81.1363 0.0000
81.1480 0.0000
81.1597 0.0000
81.1713 0.0000
81.1830 0.0000
81.1947 0.0000
81.2064 0.0000
81.2180 0.0000
81.2297 0.0000
81.2414 0.0000
81.2531 0.0000
81.2647 0.0000
81.2764 0.0000
81.2881 0.0000
81.2998 0.0000
81.3114 0.0000
81.3231 0.0000
81.3348 0.0000
81.3465 0.0000
81.3581 0.0000
81.3698 0.0000
81.3815 0.0000
81.3932 0.0000
81.4048 0.0000
81.4165 0.0000
81.4282 0.0000
81.4399 0.0000
81.4515 0.0000
81.4632 0.0000
81.4749 0.0000
81.4865 0.0000
81.4982 0.0000
81.5099 0.0000
81.5216 0.0000
81.5332 0.0000
81.5449 0.0000
81.5566 0.0000
81.5683 0.0000
81.5799 0.0000
81.5916 0.0000
81.6033 0.0000
81.6150 0.0000
81.6266 0.0000
81.6383 0.0000
81.6500 0.0000
81.6617 0.0000
81.6733 0.0000
81.6850 0.0000
81.6967 0.0000
81.7084 0.0000
81.7200 0.0000
81.7317 0.0000
81.7434 0.0000
81.7551 0.0000
81.7667 0.0000
81.7784 0.0000
81.7901 0.0000
81.8018 0.0000
81.8134 0.0000
81.8251 0.0000
81.8368 0.0000
81.8485 0.0000
81.8601 0.0000
81.8718 0.0000
81.8835 0.0000
81.8951 0.0000
81.9068 0.0000
81.9185 0.0000
81.9302 0.0000
81.9418 0.0000
81.9535 0.0000
81.9652 0.0000
81.9769 0.0000
81.9885 0.0000
82.0002 0.0000
82.0119 0.0000
82.0236 0.0000
82.0352 0.0000
82.0469 0.0000
82.0586 0.0000
82.0703 0.0000
82.0819 0.0000
82.0936 0.0000
82.1053 0.0000
82.1170 0.0000
82.1286 0.0000
82.1403 0.0000
82.1520 0.0000
82.1637 0.0000
82.1753 0.0000
82.1870 0.0000
82.1987 0.0000
82.2104 0.0000
82.2220 0.0000
82.2337 0.0000
82.2454 0.0000
82.2571 0.0000
82.2687 0.0000
82.2804 0.0000
82.2921 0.0000
82.3037 0.0000
82.3154 0.0000
82.3271 0.0000
82.3388 0.0000
82.3504 0.0000
82.3621 0.0000
82.3738 0.0000
82.3855 0.0000
82.3971 0.0000
82.4088 0.0000
82.4205 0.0000
82.4322 0.0000
82.4438 0.0000
82.4555 0.0000
82.4672 0.0000
82.4789 0.0000
82.4905 0.0000
82.5022 0.0000
82.5139 0.0000
82.5256 0.0000
82.5372 0.0000
82.5489 0.0000
82.5606 0.0000
82.5723 0.0000
82.5839 0.0000
82.5956 0.0000
82.6073 0.0000
82.6190 0.0000
82.6306 0.0000
82.6423 0.0000
82.6540 0.0000
82.6657 0.0000
82.6773 0.0000
82.6890 0.0000
82.7007 0.0000
82.7123 0.0000
82.7240 0.0000
82.7357 0.0000
82.7474 0.0000
82.7590 0.0000
82.7707 0.0000
82.7824 0.0000
82.7941 0.0000
82.8057 0.0000
82.8174 0.0000
82.8291 0.0000
82.8408 0.0000
82.8524 0.0000
82.8641 0.0000
82.8758 0.0000
82.8875 0.0000
82.8991 0.0000
82.9108 0.0000
82.9225 0.0000
82.9342 0.0000
82.9458 0.0000
82.9575 0.0000
82.9692 0.0000
82.9809 0.0000
82.9925 0.0000
83.0042 0.0000
83.0159 0.0000
83.0276 0.0000
83.0392 0.0000
83.0509 0.0000
83.0626 0.0000
83.0743 0.0000
83.0859 0.0000
83.0976 0.0000
83.1093 0.0000
83.1209 0.0000
83.1326 0.0000
83.1443 0.0000
83.1560 0.0000
83.1676 0.0000
83.1793 0.0000
83.1910 0.0000
83.2027 0.0000
83.2143 0.0000
83.2260 0.0000
83.2377 0.0000
83.2494 0.0000
83.2610 0.0000
83.2727 0.0000
83.2844 0.0000
83.2961 0.0000
83.3077 0.0000
83.3194 0.0000
83.3311 0.0000
83.3428 0.0000
83.3544 0.0000
83.3661 0.0000
83.3778 0.0000
83.3895 0.0000
83.4011 0.0000
83.4128 0.0000
83.4245 0.0000
83.4362 0.0000
83.4478 0.0000
83.4595 0.0000
83.4712 0.0000
83.4829 0.0000
83.4945 0.0000
83.5062 0.0000
83.5179 0.0000
83.5295 0.0000
83.5412 0.0000
83.5529 0.0000
83.5646 0.0000
83.5762 0.0000
83.5879 0.0000
83.5996 0.0000
83.6113 0.0000
83.6229 0.0000
83.6346 0.0000
83.6463 0.0000
83.6580 0.0000
83.6696 0.0000
83.6813 0.0000
83.6930 0.0000
83.7047 0.0000
83.7163 0.0000
83.7280 0.0000
83.7397 0.0000
83.7514 0.0000
83.7630 0.0000
83.7747 0.0000
83.7864 0.0000
83.7981 0.0000
83.8097 0.0000
83.8214 0.0000
83.8331 0.0000
83.8448 0.0000
83.8564 0.0000
83.8681 0.0000
83.8798 0.0000
83.8915 0.0000
83.9031 0.0000
83.9148 0.0000
83.9265 0.0000
83.9381 0.0000
83.9498 0.0000
83.9615 0.0000
83.9732 0.0000
83.9848 0.0000
83.9965 0.0000
84.0082 0.0000
84.0199 0.0000
84.0315 0.0000
84.0432 0.0000
84.0549 0.0000
84.0666 0.0000
84.0782 0.0000
84.0899 0.0000
84.1016 0.0000
84.1133 0.0000
84.1249 0.0000
84.1366 0.0000
84.1483 0.0000
84.1600 0.0000
84.1716 0.0000
84.1833 0.0000
84.1950 0.0000
84.2067 0.0000
84.2183 0.0000
84.2300 0.0000
84.2417 0.0000
84.2534 0.0000
84.2650 0.0000
84.2767 0.0000
84.2884 0.0000
84.3001 0.0000
84.3117 0.0000
84.3234 0.0000
84.3351 0.0000
84.3467 0.0000
84.3584 0.0000
84.3701 0.0000
84.3818 0.0000
84.3934 0.0000
84.4051 0.0000
84.4168 0.0000
84.4285 0.0000
84.4401 0.0000
84.4518 0.0000
84.4635 0.0000
84.4752 0.0000
84.4868 0.0000
84.4985 0.0000
84.5102 0.0000
84.5219 0.0000
84.5335 0.0000
84.5452 0.0000
84.5569 0.0000
84.5686 0.0000
84.5802 0.0000
84.5919 0.0000
84.6036 0.0000
84.6153 0.0000
84.6269 0.0000
84.6386 0.0000
84.6503 0.0000
84.6620 0.0000
84.6736 0.0000
84.6853 0.0000
84.6970 0.0000
84.7087 0.0000
84.7203 0.0000
84.7320 0.0000
84.7437 0.0000
84.7553 0.0000
84.7670 0.0000
84.7787 0.0000
84.7904 0.0000
84.8020 0.0000
84.8137 0.0000
84.8254 0.0000
84.8371 0.0000
84.8487 0.0000
84.8604 0.0000
84.8721 0.0000
84.8838 0.0000
84.8954 0.0000
84.9071 0.0000
84.9188 0.0000
84.9305 0.0000
84.9421 0.0000
84.9538 0.0000
84.9655 0.0000
84.9772 0.0000
84.9888 0.0000
85.0005 0.0000
85.0122 0.0000
85.0239 0.0000
85.0355 0.0000
85.0472 0.0000
85.0589 0.0000
85.0706 0.0000
85.0822 0.0000
85.0939 0.0000
85.1056 0.0000
85.1173 0.0000
85.1289 0.0000
85.1406 0.0000
85.1523 0.0000
85.1639 0.0000
85.1756 0.0000
85.1873 0.0000
85.1990 0.0000
85.2106 0.0000
85.2223 0.0000
85.2340 0.0000
85.2457 0.0000
85.2573 0.0000
85.2690 0.0000
85.2807 0.0000
85.2924 0.0000
85.3040 0.0000
85.3157 0.0000
85.3274 0.0000
85.3391 0.0000
85.3507 0.0000
85.3624 0.0000
85.3741 0.0000
85.3858 0.0000
85.3974 0.0000
85.4091 0.0000
85.4208 0.0000
85.4325 0.0000
85.4441 0.0000
85.4558 0.0000
85.4675 0.0000
85.4792 0.0000
85.4908 0.0000
85.5025 0.0000
85.5142 0.0000
85.5259 0.0000
85.5375 0.0000
85.5492 0.0000
85.5609 0.0000
85.5725 0.0000
85.5842 0.0000
85.5959 0.0000
85.6076 0.0000
85.6192 0.0000
85.6309 0.0000
85.6426 0.0000
85.6543 0.0000
85.6659 0.0000
85.6776 0.0000
85.6893 0.0000
85.7010 0.0000
85.7126 0.0000
85.7243 0.0000
85.7360 0.0000
85.7477 0.0000
85.7593 0.0000
85.7710 0.0000
85.7827 0.0000
85.7944 0.0000
85.8060 0.0000
85.8177 0.0000
85.8294 0.0000
85.8411 0.0000
85.8527 0.0000
85.8644 0.0000
85.8761 0.0000
85.8878 0.0000
85.8994 0.0000
85.9111 0.0000
85.9228 0.0000
85.9345 0.0000
85.9461 0.0000
85.9578 0.0000
85.9695 0.0000
85.9811 0.0000
85.9928 0.0000
86.0045 0.0000
86.0162 0.0000
86.0278 0.0000
86.0395 0.0000
86.0512 0.0000
86.0629 0.0000
86.0745 0.0000
86.0862 0.0000
86.0979 0.0000
86.1096 0.0000
86.1212 0.0000
86.1329 0.0000
86.1446 0.0000
86.1563 0.0000
86.1679 0.0000
86.1796 0.0000
86.1913 0.0000
86.2030 0.0000
86.2146 0.0000
86.2263 0.0000
86.2380 0.0000
86.2497 0.0000
86.2613 0.0000
86.2730 0.0000
86.2847 0.0000
86.2964 0.0000
86.3080 0.0000
86.3197 0.0000
86.3314 0.0000
86.3431 0.0000
86.3547 0.0000
86.3664 0.0000
86.3781 0.0000
86.3897 0.0000
86.4014 0.0000
86.4131 0.0000
86.4248 0.0000
86.4364 0.0000
86.4481 0.0000
86.4598 0.0000
86.4715 0.0000
86.4831 0.0000
86.4948 0.0000
86.5065 0.0000
86.5182 0.0000
86.5298 0.0000
86.5415 0.0000
86.5532 0.0000
86.5649 0.0000
86.5765 0.0000
86.5882 0.0000
86.5999 0.0000
86.6116 0.0000
86.6232 0.0000
86.6349 0.0000
86.6466 0.0000
86.6583 0.0000
86.6699 0.0000
86.6816 0.0000
86.6933 0.0000
86.7050 0.0000
86.7166 0.0000
86.7283 0.0000
86.7400 0.0000
86.7517 0.0000
86.7633 0.0000
86.7750 0.0000
86.7867 0.0000
86.7983 0.0000
86.8100 0.0000
86.8217 0.0000
86.8334 0.0000
86.8450 0.0000
86.8567 0.0000
86.8684 0.0000
86.8801 0.0000
86.8917 0.0000
86.9034 0.0000
86.9151 0.0000
86.9268 0.0000
86.9384 0.0000
86.9501 0.0000
86.9618 0.0000
86.9735 0.0000
86.9851 0.0000
86.9968 0.0000
87.0085 0.0000
87.0202 0.0000
87.0318 0.0000
87.0435 0.0000
87.0552 0.0000
87.0669 0.0000
87.0785 0.0000
87.0902 0.0000
87.1019 0.0000
87.1136 0.0000
87.1252 0.0000
87.1369 0.0000
87.1486 0.0000
87.1603 0.0000
87.1719 0.0000
87.1836 0.0000
87.1953 0.0000
87.2069 0.0000
87.2186 0.0000
87.2303 0.0000
87.2420 0.0000
87.2536 0.0000
87.2653 0.0000
87.2770 0.0000
87.2887 0.0000
87.3003 0.0000
87.3120 0.0000
87.3237 0.0000
87.3354 0.0000
87.3470 0.0000
87.3587 0.0000
87.3704 0.0000
87.3821 0.0000
87.3937 0.0000
87.4054 0.0000
87.4171 0.0000
87.4288 0.0000
87.4404 0.0000
87.4521 0.0000
87.4638 0.0000
87.4755 0.0000
87.4871 0.0000
87.4988 0.0000
87.5105 0.0000
87.5222 0.0000
87.5338 0.0000
87.5455 0.0000
87.5572 0.0000
87.5689 0.0000
87.5805 0.0000
87.5922 0.0000
87.6039 0.0000
87.6155 0.0000
87.6272 0.0000
87.6389 0.0000
87.6506 0.0000
87.6622 0.0000
87.6739 0.0000
87.6856 0.0000
87.6973 0.0000
87.7089 0.0000
87.7206 0.0000
87.7323 0.0000
87.7440 0.0000
87.7556 0.0000
87.7673 0.0000
87.7790 0.0000
87.7907 0.0000
87.8023 0.0000
87.8140 0.0000
87.8257 0.0000
87.8374 0.0000
87.8490 0.0000
87.8607 0.0000
87.8724 0.0000
87.8841 0.0000
87.8957 0.0000
87.9074 0.0000
87.9191 0.0000
87.9308 0.0000
87.9424 0.0000
87.9541 0.0000
87.9658 0.0000
87.9775 0.0000
87.9891 0.0000
88.0008 0.0000
88.0125 0.0000
88.0241 0.0000
88.0358 0.0000
88.0475 0.0000
88.0592 0.0000
88.0708 0.0000
88.0825 0.0000
88.0942 0.0000
88.1059 0.0000
88.1175 0.0000
88.1292 0.0000
88.1409 0.0000
88.1526 0.0000
88.1642 0.0000
88.1759 0.0000
88.1876 0.0000
88.1993 0.0000
88.2109 0.0000
88.2226 0.0000
88.2343 0.0000
88.2460 0.0000
88.2576 0.0000
88.2693 0.0000
88.2810 0.0000
88.2927 0.0000
88.3043 0.0000
88.3160 0.0000
88.3277 0.0000
88.3394 0.0000
88.3510 0.0000
88.3627 0.0000
88.3744 0.0000
88.3861 0.0000
88.3977 0.0000
88.4094 0.0000
88.4211 0.0000
88.4327 0.0000
88.4444 0.0000
88.4561 0.0000
88.4678 0.0000
88.4794 0.0000
88.4911 0.0000
88.5028 0.0000
88.5145 0.0000
88.5261 0.0000
88.5378 0.0000
88.5495 0.0000
88.5612 0.0000
88.5728 0.0000
88.5845 0.0000
88.5962 0.0000
88.6079 0.0000
88.6195 0.0000
88.6312 0.0000
88.6429 0.0000
88.6546 0.0000
88.6662 0.0000
88.6779 0.0000
88.6896 0.0000
88.7013 0.0000
88.7129 0.0000
88.7246 0.0000
88.7363 0.0000
88.7480 0.0000
88.7596 0.0000
88.7713 0.0000
88.7830 0.0000
88.7947 0.0000
88.8063 0.0000
88.8180 0.0000
88.8297 0.0000
88.8413 0.0000
88.8530 0.0000
88.8647 0.0000
88.8764 0.0000
88.8880 0.0000
88.8997 0.0000
88.9114 0.0000
88.9231 0.0000
88.9347 0.0000
88.9464 0.0000
88.9581 0.0000
88.9698 0.0000
88.9814 0.0000
88.9931 0.0000
89.0048 0.0000
89.0165 0.0000
89.0281 0.0000
89.0398 0.0000
89.0515 0.0000
89.0632 0.0000
89.0748 0.0000
89.0865 0.0000
89.0982 0.0000
89.1099 0.0000
89.1215 0.0000
89.1332 0.0000
89.1449 0.0000
89.1566 0.0000
89.1682 0.0000
89.1799 0.0000
89.1916 0.0000
89.2033 0.0000
89.2149 0.0000
89.2266 0.0000
89.2383 0.0000
89.2499 0.0000
89.2616 0.0000
89.2733 0.0000
89.2850 0.0000
89.2966 0.0000
89.3083 0.0000
89.3200 0.0000
89.3317 0.0000
89.3433 0.0000
89.3550 0.0000
89.3667 0.0000
89.3784 0.0000
89.3900 0.0000
89.4017 0.0000
89.4134 0.0000
89.4251 0.0000
89.4367 0.0000
89.4484 0.0000
89.4601 0.0000
89.4718 0.0000
89.4834 0.0000
89.4951 0.0000
89.5068 0.0000
89.5185 0.0000
89.5301 0.0000
89.5418 0.0000
89.5535 0.0000
89.5652 0.0000
89.5768 0.0000
89.5885 0.0000
89.6002 0.0000
89.6119 0.0000
89.6235 0.0000
89.6352 0.0000
89.6469 0.0000
89.6585 0.0000
89.6702 0.0000
89.6819 0.0000
89.6936 0.0000
89.7052 0.0000
89.7169 0.0000
89.7286 0.0000
89.7403 0.0000
89.7519 0.0000
89.7636 0.0000
89.7753 0.0000
89.7870 0.0000
89.7986 0.0000
89.8103 0.0000
89.8220 0.0000
89.8337 0.0000
89.8453 0.0000
89.8570 0.0000
89.8687 0.0000
89.8804 0.0000
89.8920 0.0000
89.9037 0.0000
89.9154 0.0000
89.9271 0.0000
89.9387 0.0000
89.9504 0.0000
89.9621 0.0000
89.9738 0.0000
89.9854 0.0000
89.9971 0.0000
90.0088 0.0000
90.0205 0.0000
90.0321 0.0000
90.0438 0.0000
90.0555 0.0000
90.0671 0.0000
90.0788 0.0000
90.0905 0.0000
90.1022 0.0000
90.1138 0.0000
90.1255 0.0000
90.1372 0.0000
90.1489 0.0000
90.1605 0.0000
90.1722 0.0000
90.1839 0.0000
90.1956 0.0000
90.2072 0.0000
90.2189 0.0000
90.2306 0.0000
90.2423 0.0000
90.2539 0.0000
90.2656 0.0000
90.2773 0.0000
90.2890 0.0000
90.3006 0.0000
90.3123 0.0000
90.3240 0.0000
90.3357 0.0000
90.3473 0.0000
90.3590 0.0000
90.3707 0.0000
90.3824 0.0000
90.3940 0.0000
90.4057 0.0000
90.4174 0.0000
90.4291 0.0000
90.4407 0.0000
90.4524 0.0000
90.4641 0.0000
90.4757 0.0000
90.4874 0.0000
90.4991 0.0000
90.5108 0.0000
90.5224 0.0000
90.5341 0.0000
90.5458 0.0000
90.5575 0.0000
90.5691 0.0000
90.5808 0.0000
90.5925 0.0000
90.6042 0.0000
90.6158 0.0000
90.6275 0.0000
90.6392 0.0000
90.6509 0.0000
90.6625 0.0000
90.6742 0.0000
90.6859 0.0000
90.6976 0.0000
90.7092 0.0000
90.7209 0.0000
90.7326 0.0000
90.7443 0.0000
90.7559 0.0000
90.7676 0.0000
90.7793 0.0000
90.7910 0.0000
90.8026 0.0000
90.8143 0.0000
90.8260 0.0000
90.8377 0.0000
90.8493 0.0000
90.8610 0.0000
90.8727 0.0000
90.8843 0.0000
90.8960 0.0000
90.9077 0.0000
90.9194 0.0000
90.9310 0.0000
90.9427 0.0000
90.9544 0.0000
90.9661 0.0000
90.9777 0.0000
90.9894 0.0000
91.0011 0.0000
91.0128 0.0000
91.0244 0.0000
91.0361 0.0000
91.0478 0.0000
91.0595 0.0000
91.0711 0.0000
91.0828 0.0000
91.0945 0.0000
91.1062 0.0000
91.1178 0.0000
91.1295 0.0000
91.1412 0.0000
91.1529 0.0000
91.1645 0.0000
91.1762 0.0000
91.1879 0.0000
91.1996 0.0000
91.2112 0.0000
91.2229 0.0000
91.2346 0.0000
91.2463 0.0000
91.2579 0.0000
91.2696 0.0000
91.2813 0.0000
91.2929 0.0000
91.3046 0.0000
91.3163 0.0000
91.3280 0.0000
91.3396 0.0000
91.3513 0.0000
91.3630 0.0000
91.3747 0.0000
91.3863 0.0000
91.3980 0.0000
91.4097 0.0000
91.4214 0.0000
91.4330 0.0000
91.4447 0.0000
91.4564 0.0000
91.4681 0.0000
91.4797 0.0000
91.4914 0.0000
91.5031 0.0000
91.5148 0.0000
91.5264 0.0000
91.5381 0.0000
91.5498 0.0000
91.5615 0.0000
91.5731 0.0000
91.5848 0.0000
91.5965 0.0000
91.6082 0.0000
91.6198 0.0000
91.6315 0.0000
91.6432 0.0000
91.6549 0.0000
91.6665 0.0000
91.6782 0.0000
91.6899 0.0000
91.7015 0.0000
91.7132 0.0000
91.7249 0.0000
91.7366 0.0000
91.7482 0.0000
91.7599 0.0000
91.7716 0.0000
91.7833 0.0000
91.7949 0.0000
91.8066 0.0000
91.8183 0.0000
91.8300 0.0000
91.8416 0.0000
91.8533 0.0000
91.8650 0.0000
91.8767 0.0000
91.8883 0.0000
91.9000 0.0000
91.9117 0.0000
91.9234 0.0000
91.9350 0.0000
91.9467 0.0000
91.9584 0.0000
91.9701 0.0000
91.9817 0.0000
91.9934 0.0000
92.0051 0.0000
92.0168 0.0000
92.0284 0.0000
92.0401 0.0000
92.0518 0.0000
92.0635 0.0000
92.0751 0.0000
92.0868 0.0000
92.0985 0.0000
92.1101 0.0000
92.1218 0.0000
92.1335 0.0000
92.1452 0.0000
92.1568 0.0000
92.1685 0.0000
92.1802 0.0000
92.1919 0.0000
92.2035 0.0000
92.2152 0.0000
92.2269 0.0000
92.2386 0.0000
92.2502 0.0000
92.2619 0.0000
92.2736 0.0000
92.2853 0.0000
92.2969 0.0000
92.3086 0.0000
92.3203 0.0000
92.3320 0.0000
92.3436 0.0000
92.3553 0.0000
92.3670 0.0000
92.3787 0.0000
92.3903 0.0000
92.4020 0.0000
92.4137 0.0000
92.4254 0.0000
92.4370 0.0000
92.4487 0.0000
92.4604 0.0000
92.4721 0.0000
92.4837 0.0000
92.4954 0.0000
92.5071 0.0000
92.5187 0.0000
92.5304 0.0000
92.5421 0.0000
92.5538 0.0000
92.5654 0.0000
92.5771 0.0000
92.5888 0.0000
92.6005 0.0000
92.6121 0.0000
92.6238 0.0000
92.6355 0.0000
92.6472 0.0000
92.6588 0.0000
92.6705 0.0000
92.6822 0.0000
92.6939 0.0000
92.7055 0.0000
92.7172 0.0000
92.7289 0.0000
92.7406 0.0000
92.7522 0.0000
92.7639 0.0000
92.7756 0.0000
92.7873 0.0000
92.7989 0.0000
92.8106 0.0000
92.8223 0.0000
92.8340 0.0000
92.8456 0.0000
92.8573 0.0000
92.8690 0.0000
92.8807 0.0000
92.8923 0.0000
92.9040 0.0000
92.9157 0.0000
92.9273 0.0000
92.9390 0.0000
92.9507 0.0000
92.9624 0.0000
92.9740 0.0000
92.9857 0.0000
92.9974 0.0000
93.0091 0.0000
93.0207 0.0000
93.0324 0.0000
93.0441 0.0000
93.0558 0.0000
93.0674 0.0000
93.0791 0.0000
93.0908 0.0000
93.1025 0.0000
93.1141 0.0000
93.1258 0.0000
93.1375 0.0000
93.1492 0.0000
93.1608 0.0000
93.1725 0.0000
93.1842 0.0000
93.1959 0.0000
93.2075 0.0000
93.2192 0.0000
93.2309 0.0000
93.2426 0.0000
93.2542 0.0000
93.2659 0.0000
93.2776 0.0000
93.2893 0.0000
93.3009 0.0000
93.3126 0.0000
93.3243 0.0000
93.3359 0.0000
93.3476 0.0000
93.3593 0.0000
93.3710 0.0000
93.3826 0.0000
93.3943 0.0000
93.4060 0.0000
93.4177 0.0000
93.4293 0.0000
93.4410 0.0000
93.4527 0.0000
93.4644 0.0000
93.4760 0.0000
93.4877 0.0000
93.4994 0.0000
93.5111 0.0000
93.5227 0.0000
93.5344 0.0000
93.5461 0.0000
93.5578 0.0000
93.5694 0.0000
93.5811 0.0000
93.5928 0.0000
93.6045 0.0000
93.6161 0.0000
93.6278 0.0000
93.6395 0.0000
93.6512 0.0000
93.6628 0.0000
93.6745 0.0000
93.6862 0.0000
93.6979 0.0000
93.7095 0.0000
93.7212 0.0000
93.7329 0.0000
93.7445 0.0000
93.7562 0.0000
93.7679 0.0000
93.7796 0.0000
93.7912 0.0000
93.8029 0.0000
93.8146 0.0000
93.8263 0.0000
93.8379 0.0000
93.8496 0.0000
93.8613 0.0000
93.8730 0.0000
93.8846 0.0000
93.8963 0.0000
93.9080 0.0000
93.9197 0.0000
93.9313 0.0000
93.9430 0.0000
93.9547 0.0000
93.9664 0.0000
93.9780 0.0000
93.9897 0.0000
94.0014 0.0000
94.0131 0.0000
94.0247 0.0000
94.0364 0.0000
94.0481 0.0000
94.0598 0.0000
94.0714 0.0000
94.0831 0.0000
94.0948 0.0000
94.1065 0.0000
94.1181 0.0000
94.1298 0.0000
94.1415 0.0000
94.1531 0.0000
94.1648 0.0000
94.1765 0.0000
94.1882 0.0000
94.1998 0.0000
94.2115 0.0000
94.2232 0.0000
94.2349 0.0000
94.2465 0.0000
94.2582 0.0000
94.2699 0.0000
94.2816 0.0000
94.2932 0.0000
94.3049 0.0000
94.3166 0.0000
94.3283 0.0000
94.3399 0.0000
94.3516 0.0000
94.3633 0.0000
94.3750 0.0000
94.3866 0.0000
94.3983 0.0000
94.4100 0.0000
94.4217 0.0000
94.4333 0.0000
94.4450 0.0000
94.4567 0.0000
94.4684 0.0000
94.4800 0.0000
94.4917 0.0000
94.5034 0.0000
94.5151 0.0000
94.5267 0.0000
94.5384 0.0000
94.5501 0.0000
94.5617 0.0000
94.5734 0.0000
94.5851 0.0000
94.5968 0.0000
94.6084 0.0000
94.6201 0.0000
94.6318 0.0000
94.6435 0.0000
94.6551 0.0000
94.6668 0.0000
94.6785 0.0000
94.6902 0.0000
94.7018 0.0000
94.7135 0.0000
94.7252 0.0000
94.7369 0.0000
94.7485 0.0000
94.7602 0.0000
94.7719 0.0000
94.7836 0.0000
94.7952 0.0000
94.8069 0.0000
94.8186 0.0000
94.8303 0.0000
94.8419 0.0000
94.8536 0.0000
94.8653 0.0000
94.8770 0.0000
94.8886 0.0000
94.9003 0.0000
94.9120 0.0000
94.9237 0.0000
94.9353 0.0000
94.9470 0.0000
94.9587 0.0000
94.9703 0.0000
94.9820 0.0000
94.9937 0.0000
95.0054 0.0000
95.0170 0.0000
95.0287 0.0000
95.0404 0.0000
95.0521 0.0000
95.0637 0.0000
95.0754 0.0000
95.0871 0.0000
95.0988 0.0000
95.1104 0.0000
95.1221 0.0000
95.1338 0.0000
95.1455 0.0000
95.1571 0.0000
95.1688 0.0000
95.1805 0.0000
95.1922 0.0000
95.2038 0.0000
95.2155 0.0000
95.2272 0.0000
95.2389 0.0000
95.2505 0.0000
95.2622 0.0000
95.2739 0.0000
95.2856 0.0000
95.2972 0.0000
95.3089 0.0000
95.3206 0.0000
95.3323 0.0000
95.3439 0.0000
95.3556 0.0000
95.3673 0.0000
95.3789 0.0000
95.3906 0.0000
95.4023 0.0000
95.4140 0.0000
95.4256 0.0000
95.4373 0.0000
95.4490 0.0000
95.4607 0.0000
95.4723 0.0000
95.4840 0.0000
95.4957 0.0000
95.5074 0.0000
95.5190 0.0000
95.5307 0.0000
95.5424 0.0000
95.5541 0.0000
95.5657 0.0000
95.5774 0.0000
95.5891 0.0000
95.6008 0.0000
95.6124 0.0000
95.6241 0.0000
95.6358 0.0000
95.6475 0.0000
95.6591 0.0000
95.6708 0.0000
95.6825 0.0000
95.6942 0.0000
95.7058 0.0000
95.7175 0.0000
95.7292 0.0000
95.7409 0.0000
95.7525 0.0000
95.7642 0.0000
95.7759 0.0000
95.7875 0.0000
95.7992 0.0000
95.8109 0.0000
95.8226 0.0000
95.8342 0.0000
95.8459 0.0000
95.8576 0.0000
95.8693 0.0000
95.8809 0.0000
95.8926 0.0000
95.9043 0.0000
95.9160 0.0000
95.9276 0.0000
95.9393 0.0000
95.9510 0.0000
95.9627 0.0000
95.9743 0.0000
95.9860 0.0000
95.9977 0.0000
96.0094 0.0000
96.0210 0.0000
96.0327 0.0000
96.0444 0.0000
96.0561 0.0000
96.0677 0.0000
96.0794 0.0000
96.0911 0.0000
96.1028 0.0000
96.1144 0.0000
96.1261 0.0000
96.1378 0.0000
96.1495 0.0000
96.1611 0.0000
96.1728 0.0000
96.1845 0.0000
96.1961 0.0000
96.2078 0.0000
96.2195 0.0000
96.2312 0.0000
96.2428 0.0000
96.2545 0.0000
96.2662 0.0000
96.2779 0.0000
96.2895 0.0000
96.3012 0.0000
96.3129 0.0000
96.3246 0.0000
96.3362 0.0000
96.3479 0.0000
96.3596 0.0000
96.3713 0.0000
96.3829 0.0000
96.3946 0.0000
96.4063 0.0000
96.4180 0.0000
96.4296 0.0000
96.4413 0.0000
96.4530 0.0000
96.4647 0.0000
96.4763 0.0000
96.4880 0.0000
96.4997 0.0000
96.5114 0.0000
96.5230 0.0000
96.5347 0.0000
96.5464 0.0000
96.5581 0.0000
96.5697 0.0000
96.5814 0.0000
96.5931 0.0000
96.6047 0.0000
96.6164 0.0000
96.6281 0.0000
96.6398 0.0000
96.6514 0.0000
96.6631 0.0000
96.6748 0.0000
96.6865 0.0000
96.6981 0.0000
96.7098 0.0000
96.7215 0.0000
96.7332 0.0000
96.7448 0.0000
96.7565 0.0000
96.7682 0.0000
96.7799 0.0000
96.7915 0.0000
96.8032 0.0000
96.8149 0.0000
96.8266 0.0000
96.8382 0.0000
96.8499 0.0000
96.8616 0.0000
96.8733 0.0000
96.8849 0.0000
96.8966 0.0000
96.9083 0.0000
96.9200 0.0000
96.9316 0.0000
96.9433 0.0000
96.9550 0.0000
96.9667 0.0000
96.9783 0.0000
96.9900 0.0000
97.0017 0.0000
97.0133 0.0000
97.0250 0.0000
97.0367 0.0000
97.0484 0.0000
97.0600 0.0000
97.0717 0.0000
97.0834 0.0000
97.0951 0.0000
97.1067 0.0000
97.1184 0.0000
97.1301 0.0000
97.1418 0.0000
97.1534 0.0000
97.1651 0.0000
97.1768 0.0000
97.1885 0.0000
97.2001 0.0000
97.2118 0.0000
97.2235 0.0000
97.2352 0.0000
97.2468 0.0000
97.2585 0.0000
97.2702 0.0000
97.2819 0.0000
97.2935 0.0000
97.3052 0.0000
97.3169 0.0000
97.3286 0.0000
97.3402 0.0000
97.3519 0.0000
97.3636 0.0000
97.3753 0.0000
97.3869 0.0000
97.3986 0.0000
97.4103 0.0000
97.4219 0.0000
97.4336 0.0000
97.4453 0.0000
97.4570 0.0000
97.4686 0.0000
97.4803 0.0000
97.4920 0.0000
97.5037 0.0000
97.5153 0.0000
97.5270 0.0000
97.5387 0.0000
97.5504 0.0000
97.5620 0.0000
97.5737 0.0000
97.5854 0.0000
97.5971 0.0000
97.6087 0.0000
97.6204 0.0000
97.6321 0.0000
97.6438 0.0000
97.6554 0.0000
97.6671 0.0000
97.6788 0.0000
97.6905 0.0000
97.7021 0.0000
97.7138 0.0000
97.7255 0.0000
97.7372 0.0000
97.7488 0.0000
97.7605 0.0000
97.7722 0.0000
97.7839 0.0000
97.7955 0.0000
97.8072 0.0000
97.8189 0.0000
97.8305 0.0000
97.8422 0.0000
97.8539 0.0000
97.8656 0.0000
97.8772 0.0000
97.8889 0.0000
97.9006 0.0000
97.9123 0.0000
97.9239 0.0000
97.9356 0.0000
97.9473 0.0000
97.9590 0.0000
97.9706 0.0000
97.9823 0.0000
97.9940 0.0000
98.0057 0.0000
98.0173 0.0000
98.0290 0.0000
98.0407 0.0000
98.0524 0.0000
98.0640 0.0000
98.0757 0.0000
98.0874 0.0000
98.0991 0.0000
98.1107 0.0000
98.1224 0.0000
98.1341 0.0000
98.1458 0.0000
98.1574 0.0000
98.1691 0.0000
98.1808 0.0000
98.1925 0.0000
98.2041 0.0000
98.2158 0.0000
98.2275 0.0000
98.2391 0.0000
98.2508 0.0000
98.2625 0.0000
98.2742 0.0000
98.2858 0.0000
98.2975 0.0000
98.3092 0.0000
98.3209 0.0000
98.3325 0.0000
98.3442 0.0000
98.3559 0.0000
98.3676 0.0000
98.3792 0.0000
98.3909 0.0000
98.4026 0.0000
98.4143 0.0000
98.4259 0.0000
98.4376 0.0000
98.4493 0.0000
98.4610 0.0000
98.4726 0.0000
98.4843 0.0000
98.4960 0.0000
98.5077 0.0000
98.5193 0.0000
98.5310 0.0000
98.5427 0.0000
98.5544 0.0000
98.5660 0.0000
98.5777 0.0000
98.5894 0.0000
98.6011 0.0000
98.6127 0.0000
98.6244 0.0000
98.6361 0.0000
98.6477 0.0000
98.6594 0.0000
98.6711 0.0000
98.6828 0.0000
98.6944 0.0000
98.7061 0.0000
98.7178 0.0000
98.7295 0.0000
98.7411 0.0000
98.7528 0.0000
98.7645 0.0000
98.7762 0.0000
98.7878 0.0000
98.7995 0.0000
98.8112 0.0000
98.8229 0.0000
98.8345 0.0000
98.8462 0.0000
98.8579 0.0000
98.8696 0.0000
98.8812 0.0000
98.8929 0.0000
98.9046 0.0000
98.9163 0.0000
98.9279 0.0000
98.9396 0.0000
98.9513 0.0000
98.9630 0.0000
98.9746 0.0000
98.9863 0.0000
98.9980 0.0000
99.0097 0.0000
99.0213 0.0000
99.0330 0.0000
99.0447 0.0000
99.0563 0.0000
99.0680 0.0000
99.0797 0.0000
99.0914 0.0000
99.1030 0.0000
99.1147 0.0000
99.1264 0.0000
99.1381 0.0000
99.1497 0.0000
99.1614 0.0000
99.1731 0.0000
99.1848 0.0000
99.1964 0.0000
99.2081 0.0000
99.2198 0.0000
99.2315 0.0000
99.2431 0.0000
99.2548 0.0000
99.2665 0.0000
99.2782 0.0000
99.2898 0.0000
99.3015 0.0000
99.3132 0.0000
99.3249 0.0000
99.3365 0.0000
99.3482 0.0000
99.3599 0.0000
99.3716 0.0000
99.3832 0.0000
99.3949 0.0000
99.4066 0.0000
99.4183 0.0000
99.4299 0.0000
99.4416 0.0000
99.4533 0.0000
99.4649 0.0000
99.4766 0.0000
99.4883 0.0000
99.5000 0.0000
99.5116 0.0000
99.5233 0.0000
99.5350 0.0000
99.5467 0.0000
99.5583 0.0000
99.5700 0.0000
99.5817 0.0000
99.5934 0.0000
99.6050 0.0000
99.6167 0.0000
99.6284 0.0000
99.6401 0.0000
99.6517 0.0000
99.6634 0.0000
99.6751 0.0000
99.6868 0.0000
99.6984 0.0000
99.7101 0.0000
99.7218 0.0000
99.7335 0.0000
99.7451 0.0000
99.7568 0.0000
99.7685 0.0000
99.7802 0.0000
99.7918 0.0000
99.8035 0.0000
99.8152 0.0000
99.8269 0.0000
99.8385 0.0000
99.8502 0.0000
99.8619 0.0000
99.8735 0.0000
99.8852 0.0000
99.8969 0.0000
99.9086 0.0000
99.9202 0.0000
99.9319 0.0000
99.9436 0.0000
99.9553 0.0000
99.9669 0.0000
99.9786 0.0000
99.9903 0.0000
100.0020 0.0000
100.0136 0.0000
100.0253 0.0000
100.0370 0.0000
100.0487 0.0000
100.0603 0.0000
100.0720 0.0000
100.0837 0.0000
100.0954 0.0000
100.1070 0.0000
100.1187 0.0000
100.1304 0.0000
100.1421 0.0000
100.1537 0.0000
100.1654 0.0000
100.1771 0.0000
100.1888 0.0000
100.2004 0.0000
100.2121 0.0000
100.2238 0.0000
100.2355 0.0000
100.2471 0.0000
100.2588 0.0000
100.2705 0.0000
100.2822 0.0000
100.2938 0.0000
100.3055 0.0000
100.3172 0.0000
100.3288 0.0000
100.3405 0.0000
100.3522 0.0000
100.3639 0.0000
100.3755 0.0000
100.3872 0.0000
100.3989 0.0000
100.4106 0.0000
100.4222 0.0000
100.4339 0.0000
100.4456 0.0000
100.4573 0.0000
100.4689 0.0000
100.4806 0.0000
100.4923 0.0000
100.5040 0.0000
100.5156 0.0000
100.5273 0.0000
100.5390 0.0000
100.5507 0.0000
100.5623 0.0000
100.5740 0.0000
100.5857 0.0000
100.5974 0.0000
100.6090 0.0000
100.6207 0.0000
100.6324 0.0000
100.6441 0.0000
100.6557 0.0000
100.6674 0.0000
100.6791 0.0000
100.6908 0.0000
100.7024 0.0000
100.7141 0.0000
100.7258 0.0000
100.7374 0.0000
100.7491 0.0000
100.7608 0.0000
100.7725 0.0000
100.7841 0.0000
100.7958 0.0000
100.8075 0.0000
100.8192 0.0000
100.8308 0.0000
100.8425 0.0000
100.8542 0.0000
100.8659 0.0000
100.8775 0.0000
100.8892 0.0000
100.9009 0.0000
100.9126 0.0000
100.9242 0.0000
100.9359 0.0000
100.9476 0.0000
100.9593 0.0000
100.9709 0.0000
100.9826 0.0000
100.9943 0.0000
101.0060 0.0000
101.0176 0.0000
101.0293 0.0000
101.0410 0.0000
101.0527 0.0000
101.0643 0.0000
101.0760 0.0000
101.0877 0.0000
101.0994 0.0000
101.1110 0.0000
101.1227 0.0000
101.1344 0.0000
101.1460 0.0000
101.1577 0.0000
101.1694 0.0000
101.1811 0.0000
101.1927 0.0000
101.2044 0.0000
101.2161 0.0000
101.2278 0.0000
101.2394 0.0000
101.2511 0.0000
101.2628 0.0000
101.2745 0.0000
101.2861 0.0000
101.2978 0.0000
101.3095 0.0000
101.3212 0.0000
101.3328 0.0000
101.3445 0.0000
101.3562 0.0000
101.3679 0.0000
101.3795 0.0000
101.3912 0.0000
101.4029 0.0000
101.4146 0.0000
101.4262 0.0000
101.4379 0.0000
101.4496 0.0000
101.4613 0.0000
101.4729 0.0000
101.4846 0.0000
101.4963 0.0000
101.5080 0.0000
101.5196 0.0000
101.5313 0.0000
101.5430 0.0000
101.5546 0.0000
101.5663 0.0000
101.5780 0.0000
101.5897 0.0000
101.6013 0.0000
101.6130 0.0000
101.6247 0.0000
101.6364 0.0000
101.6480 0.0000
101.6597 0.0000
101.6714 0.0000
101.6831 0.0000
101.6947 0.0000
101.7064 0.0000
101.7181 0.0000
101.7298 0.0000
101.7414 0.0000
101.7531 0.0000
101.7648 0.0000
101.7765 0.0000
101.7881 0.0000
101.7998 0.0000
101.8115 0.0000
101.8232 0.0000
101.8348 0.0000
101.8465 0.0000
101.8582 0.0000
101.8699 0.0000
101.8815 0.0000
101.8932 0.0000
101.9049 0.0000
101.9166 0.0000
101.9282 0.0000
101.9399 0.0000
101.9516 0.0000
101.9632 0.0000
101.9749 0.0000
101.9866 0.0000
101.9983 0.0000
102.0099 0.0000
102.0216 0.0000
102.0333 0.0000
102.0450 0.0000
102.0566 0.0000
102.0683 0.0000
102.0800 0.0000
102.0917 0.0000
102.1033 0.0000
102.1150 0.0000
102.1267 0.0000
102.1384 0.0000
102.1500 0.0000
102.1617 0.0000
102.1734 0.0000
102.1851 0.0000
102.1967 0.0000
102.2084 0.0000
102.2201 0.0000
102.2318 0.0000
102.2434 0.0000
102.2551 0.0000
102.2668 0.0000
102.2785 0.0000
102.2901 0.0000
102.3018 0.0000
102.3135 0.0000
102.3252 0.0000
102.3368 0.0000
102.3485 0.0000
102.3602 0.0000
102.3718 0.0000
102.3835 0.0000
102.3952 0.0000
102.4069 0.0000
102.4185 0.0000
102.4302 0.0000
102.4419 0.0000
102.4536 0.0000
102.4652 0.0000
102.4769 0.0000
102.4886 0.0000
102.5003 0.0000
102.5119 0.0000
102.5236 0.0000
102.5353 0.0000
102.5470 0.0000
102.5586 0.0000
102.5703 0.0000
102.5820 0.0000
102.5937 0.0000
102.6053 0.0000
102.6170 0.0000
102.6287 0.0000
102.6404 0.0000
102.6520 0.0000
102.6637 0.0000
102.6754 0.0000
102.6871 0.0000
102.6987 0.0000
102.7104 0.0000
102.7221 0.0000
102.7338 0.0000
102.7454 0.0000
102.7571 0.0000
102.7688 0.0000
102.7804 0.0000
102.7921 0.0000
102.8038 0.0000
102.8155 0.0000
102.8271 0.0000
102.8388 0.0000
102.8505 0.0000
102.8622 0.0000
102.8738 0.0000
102.8855 0.0000
102.8972 0.0000
102.9089 0.0000
102.9205 0.0000
102.9322 0.0000
102.9439 0.0000
102.9556 0.0000
102.9672 0.0000
102.9789 0.0000
102.9906 0.0000
103.0023 0.0000
103.0139 0.0000
103.0256 0.0000
103.0373 0.0000
103.0490 0.0000
103.0606 0.0000
103.0723 0.0000
103.0840 0.0000
103.0957 0.0000
103.1073 0.0000
103.1190 0.0000
103.1307 0.0000
103.1424 0.0000
103.1540 0.0000
103.1657 0.0000
103.1774 0.0000
103.1890 0.0000
103.2007 0.0000
103.2124 0.0000
103.2241 0.0000
103.2357 0.0000
103.2474 0.0000
103.2591 0.0000
103.2708 0.0000
103.2824 0.0000
103.2941 0.0000
103.3058 0.0000
103.3175 0.0000
103.3291 0.0000
103.3408 0.0000
103.3525 0.0000
103.3642 0.0000
103.3758 0.0000
103.3875 0.0000
103.3992 0.0000
103.4109 0.0000
103.4225 0.0000
103.4342 0.0000
103.4459 0.0000
103.4576 0.0000
103.4692 0.0000
103.4809 0.0000
103.4926 0.0000
103.5043 0.0000
103.5159 0.0000
103.5276 0.0000
103.5393 0.0000
103.5510 0.0000
103.5626 0.0000
103.5743 0.0000
103.5860 0.0000
103.5976 0.0000
103.6093 0.0000
103.6210 0.0000
103.6327 0.0000
103.6443 0.0000
103.6560 0.0000
103.6677 0.0000
103.6794 0.0000
103.6910 0.0000
103.7027 0.0000
103.7144 0.0000
103.7261 0.0000
103.7377 0.0000
103.7494 0.0000
103.7611 0.0000
103.7728 0.0000
103.7844 0.0000
103.7961 0.0000
103.8078 0.0000
103.8195 0.0000
103.8311 0.0000
103.8428 0.0000
103.8545 0.0000
103.8662 0.0000
103.8778 0.0000
103.8895 0.0000
103.9012 0.0000
103.9129 0.0000
103.9245 0.0000
103.9362 0.0000
103.9479 0.0000
103.9596 0.0000
103.9712 0.0000
103.9829 0.0000
103.9946 0.0000
104.0062 0.0000
104.0179 0.0000
104.0296 0.0000
104.0413 0.0000
104.0529 0.0000
104.0646 0.0000
104.0763 0.0000
104.0880 0.0000
104.0996 0.0000
104.1113 0.0000
104.1230 0.0000
104.1347 0.0000
104.1463 0.0000
104.1580 0.0000
104.1697 0.0000
104.1814 0.0000
104.1930 0.0000
104.2047 0.0000
104.2164 0.0000
104.2281 0.0000
104.2397 0.0000
104.2514 0.0000
104.2631 0.0000
104.2748 0.0000
104.2864 0.0000
104.2981 0.0000
104.3098 0.0000
104.3215 0.0000
104.3331 0.0000
104.3448 0.0000
104.3565 0.0000
104.3682 0.0000
104.3798 0.0000
104.3915 0.0000
104.4032 0.0000
104.4148 0.0000
104.4265 0.0000
104.4382 0.0000
104.4499 0.0000
104.4615 0.0000
104.4732 0.0000
104.4849 0.0000
104.4966 0.0000
104.5082 0.0000
104.5199 0.0000
104.5316 0.0000
104.5433 0.0000
104.5549 0.0000
104.5666 0.0000
104.5783 0.0000
104.5900 0.0000
104.6016 0.0000
104.6133 0.0000
104.6250 0.0000
104.6367 0.0000
104.6483 0.0000
104.6600 0.0000
104.6717 0.0000
104.6834 0.0000
104.6950 0.0000
104.7067 0.0000
104.7184 0.0000
104.7301 0.0000
104.7417 0.0000
104.7534 0.0000
104.7651 0.0000
104.7768 0.0000
104.7884 0.0000
104.8001 0.0000
104.8118 0.0000
104.8234 0.0000
104.8351 0.0000
104.8468 0.0000
104.8585 0.0000
104.8701 0.0000
104.8818 0.0000
104.8935 0.0000
104.9052 0.0000
104.9168 0.0000
104.9285 0.0000
104.9402 0.0000
104.9519 0.0000
104.9635 0.0000
104.9752 0.0000
104.9869 0.0000
104.9986 0.0000
105.0102 0.0000
105.0219 0.0000
105.0336 0.0000
105.0453 0.0000
105.0569 0.0000
105.0686 0.0000
105.0803 0.0000
105.0920 0.0000
105.1036 0.0000
105.1153 0.0000
105.1270 0.0000
105.1387 0.0000
105.1503 0.0000
105.1620 0.0000
105.1737 0.0000
105.1854 0.0000
105.1970 0.0000
105.2087 0.0000
105.2204 0.0000
105.2320 0.0000
105.2437 0.0000
105.2554 0.0000
105.2671 0.0000
105.2787 0.0000
105.2904 0.0000
105.3021 0.0000
105.3138 0.0000
105.3254 0.0000
105.3371 0.0000
105.3488 0.0000
105.3605 0.0000
105.3721 0.0000
105.3838 0.0000
105.3955 0.0000
105.4072 0.0000
105.4188 0.0000
105.4305 0.0000
105.4422 0.0000
105.4539 0.0000
105.4655 0.0000
105.4772 0.0000
105.4889 0.0000
105.5006 0.0000
105.5122 0.0000
105.5239 0.0000
105.5356 0.0000
105.5473 0.0000
105.5589 0.0000
105.5706 0.0000
105.5823 0.0000
105.5940 0.0000
105.6056 0.0000
105.6173 0.0000
105.6290 0.0000
105.6406 0.0000
105.6523 0.0000
105.6640 0.0000
105.6757 0.0000
105.6873 0.0000
105.6990 0.0000
105.7107 0.0000
105.7224 0.0000
105.7340 0.0000
105.7457 0.0000
105.7574 0.0000
105.7691 0.0000
105.7807 0.0000
105.7924 0.0000
105.8041 0.0000
105.8158 0.0000
105.8274 0.0000
105.8391 0.0000
105.8508 0.0000
105.8625 0.0000
105.8741 0.0000
105.8858 0.0000
105.8975 0.0000
105.9092 0.0000
105.9208 0.0000
105.9325 0.0000
105.9442 0.0000
105.9559 0.0000
105.9675 0.0000
105.9792 0.0000
105.9909 0.0000
106.0026 0.0000
106.0142 0.0000
106.0259 0.0000
106.0376 0.0000
106.0492 0.0000
106.0609 0.0000
106.0726 0.0000
106.0843 0.0000
106.0959 0.0000
106.1076 0.0000
106.1193 0.0000
106.1310 0.0000
106.1426 0.0000
106.1543 0.0000
106.1660 0.0000
106.1777 0.0000
106.1893 0.0000
106.2010 0.0000
106.2127 0.0000
106.2244 0.0000
106.2360 0.0000
106.2477 0.0000
106.2594 0.0000
106.2711 0.0000
106.2827 0.0000
106.2944 0.0000
106.3061 0.0000
106.3178 0.0000
106.3294 0.0000
106.3411 0.0000
106.3528 0.0000
106.3645 0.0000
106.3761 0.0000
106.3878 0.0000
106.3995 0.0000
106.4112 0.0000
106.4228 0.0000
106.4345 0.0000
106.4462 0.0000
106.4578 0.0000
106.4695 0.0000
106.4812 0.0000
106.4929 0.0000
106.5045 0.0000
106.5162 0.0000
106.5279 0.0000
106.5396 0.0000
106.5512 0.0000
106.5629 0.0000
106.5746 0.0000
106.5863 0.0000
106.5979 0.0000
106.6096 0.0000
106.6213 0.0000
106.6330 0.0000
106.6446 0.0000
106.6563 0.0000
106.6680 0.0000
106.6797 0.0000
106.6913 0.0000
106.7030 0.0000
106.7147 0.0000
106.7264 0.0000
106.7380 0.0000
106.7497 0.0000
106.7614 0.0000
106.7731 0.0000
106.7847 0.0000
106.7964 0.0000
106.8081 0.0000
106.8198 0.0000
106.8314 0.0000
106.8431 0.0000
106.8548 0.0000
106.8664 0.0000
106.8781 0.0000
106.8898 0.0000
106.9015 0.0000
106.9131 0.0000
106.9248 0.0000
106.9365 0.0000
106.9482 0.0000
106.9598 0.0000
106.9715 0.0000
106.9832 0.0000
106.9949 0.0000
107.0065 0.0000
107.0182 0.0000
107.0299 0.0000
107.0416 0.0000
107.0532 0.0000
107.0649 0.0000
107.0766 0.0000
107.0883 0.0000
107.0999 0.0000
107.1116 0.0000
107.1233 0.0000
107.1350 0.0000
107.1466 0.0000
107.1583 0.0000
107.1700 0.0000
107.1817 0.0000
107.1933 0.0000
107.2050 0.0000
107.2167 0.0000
107.2284 0.0000
107.2400 0.0000
107.2517 0.0000
107.2634 0.0000
107.2750 0.0000
107.2867 0.0000
107.2984 0.0000
107.3101 0.0000
107.3217 0.0000
107.3334 0.0000
107.3451 0.0000
107.3568 0.0000
107.3684 0.0000
107.3801 0.0000
107.3918 0.0000
107.4035 0.0000
107.4151 0.0000
107.4268 0.0000
107.4385 0.0000
107.4502 0.0000
107.4618 0.0000
107.4735 0.0000
107.4852 0.0000
107.4969 0.0000
107.5085 0.0000
107.5202 0.0000
107.5319 0.0000
107.5436 0.0000
107.5552 0.0000
107.5669 0.0000
107.5786 0.0000
107.5903 0.0000
107.6019 0.0000
107.6136 0.0000
107.6253 0.0000
107.6370 0.0000
107.6486 0.0000
107.6603 0.0000
107.6720 0.0000
107.6836 0.0000
107.6953 0.0000
107.7070 0.0000
107.7187 0.0000
107.7303 0.0000
107.7420 0.0000
107.7537 0.0000
107.7654 0.0000
107.7770 0.0000
107.7887 0.0000
107.8004 0.0000
107.8121 0.0000
107.8237 0.0000
107.8354 0.0000
107.8471 0.0000
107.8588 0.0000
107.8704 0.0000
107.8821 0.0000
107.8938 0.0000
107.9055 0.0000
107.9171 0.0000
107.9288 0.0000
107.9405 0.0000
107.9522 0.0000
107.9638 0.0000
107.9755 0.0000
107.9872 0.0000
107.9989 0.0000
108.0105 0.0000
108.0222 0.0000
108.0339 0.0000
108.0456 0.0000
108.0572 0.0000
108.0689 0.0000
108.0806 0.0000
108.0922 0.0000
108.1039 0.0000
108.1156 0.0000
108.1273 0.0000
108.1389 0.0000
108.1506 0.0000
108.1623 0.0000
108.1740 0.0000
108.1856 0.0000
108.1973 0.0000
108.2090 0.0000
108.2207 0.0000
108.2323 0.0000
108.2440 0.0000
108.2557 0.0000
108.2674 0.0000
108.2790 0.0000
108.2907 0.0000
108.3024 0.0000
108.3141 0.0000
108.3257 0.0000
108.3374 0.0000
108.3491 0.0000
108.3608 0.0000
108.3724 0.0000
108.3841 0.0000
108.3958 0.0000
108.4075 0.0000
108.4191 0.0000
108.4308 0.0000
108.4425 0.0000
108.4542 0.0000
108.4658 0.0000
108.4775 0.0000
108.4892 0.0000
108.5008 0.0000
108.5125 0.0000
108.5242 0.0000
108.5359 0.0000
108.5475 0.0000
108.5592 0.0000
108.5709 0.0000
108.5826 0.0000
108.5942 0.0000
108.6059 0.0000
108.6176 0.0000
108.6293 0.0000
108.6409 0.0000
108.6526 0.0000
108.6643 0.0000
108.6760 0.0000
108.6876 0.0000
108.6993 0.0000
108.7110 0.0000
108.7227 0.0000
108.7343 0.0000
108.7460 0.0000
108.7577 0.0000
108.7694 0.0000
108.7810 0.0000
108.7927 0.0000
108.8044 0.0000
108.8161 0.0000
108.8277 0.0000
108.8394 0.0000
108.8511 0.0000
108.8628 0.0000
108.8744 0.0000
108.8861 0.0000
108.8978 0.0000
108.9094 0.0000
108.9211 0.0000
108.9328 0.0000
108.9445 0.0000
108.9561 0.0000
108.9678 0.0000
108.9795 0.0000
108.9912 0.0000
109.0028 0.0000
109.0145 0.0000
109.0262 0.0000
109.0379 0.0000
109.0495 0.0000
109.0612 0.0000
109.0729 0.0000
109.0846 0.0000
109.0962 0.0000
109.1079 0.0000
109.1196 0.0000
109.1313 0.0000
109.1429 0.0000
109.1546 0.0000
109.1663 0.0000
109.1780 0.0000
109.1896 0.0000
109.2013 0.0000
109.2130 0.0000
109.2247 0.0000
109.2363 0.0000
109.2480 0.0000
109.2597 0.0000
109.2714 0.0000
109.2830 0.0000
109.2947 0.0000
109.3064 0.0000
109.3180 0.0000
109.3297 0.0000
109.3414 0.0000
109.3531 0.0000
109.3647 0.0000
109.3764 0.0000
109.3881 0.0000
109.3998 0.0000
109.4114 0.0000
109.4231 0.0000
109.4348 0.0000
109.4465 0.0000
109.4581 0.0000
109.4698 0.0000
109.4815 0.0000
109.4932 0.0000
109.5048 0.0000
109.5165 0.0000
109.5282 0.0000
109.5399 0.0000
109.5515 0.0000
109.5632 0.0000
109.5749 0.0000
109.5866 0.0000
109.5982 0.0000
109.6099 0.0000
109.6216 0.0000
109.6333 0.0000
109.6449 0.0000
109.6566 0.0000
109.6683 0.0000
109.6800 0.0000
109.6916 0.0000
109.7033 0.0000
109.7150 0.0000
109.7266 0.0000
109.7383 0.0000
109.7500 0.0000
109.7617 0.0000
109.7733 0.0000
109.7850 0.0000
109.7967 0.0000
109.8084 0.0000
109.8200 0.0000
109.8317 0.0000
109.8434 0.0000
109.8551 0.0000
109.8667 0.0000
109.8784 0.0000
109.8901 0.0000
109.9018 0.0000
109.9134 0.0000
109.9251 0.0000
109.9368 0.0000
109.9485 0.0000
109.9601 0.0000
109.9718 0.0000
109.9835 0.0000
109.9952 0.0000
110.0068 0.0000
110.0185 0.0000
110.0302 0.0000
110.0419 0.0000
110.0535 0.0000
110.0652 0.0000
110.0769 0.0000
110.0886 0.0000
110.1002 0.0000
110.1119 0.0000
110.1236 0.0000
110.1352 0.0000
110.1469 0.0000
110.1586 0.0000
110.1703 0.0000
110.1819 0.0000
110.1936 0.0000
110.2053 0.0000
110.2170 0.0000
110.2286 0.0000
110.2403 0.0000
110.2520 0.0000
110.2637 0.0000
110.2753 0.0000
110.2870 0.0000
110.2987 0.0000
110.3104 0.0000
110.3220 0.0000
110.3337 0.0000
110.3454 0.0000
110.3571 0.0000
110.3687 0.0000
110.3804 0.0000
110.3921 0.0000
110.4038 0.0000
110.4154 0.0000
110.4271 0.0000
110.4388 0.0000
110.4505 0.0000
110.4621 0.0000
110.4738 0.0000
110.4855 0.0000
110.4972 0.0000
110.5088 0.0000
110.5205 0.0000
110.5322 0.0000
110.5438 0.0000
110.5555 0.0000
110.5672 0.0000
110.5789 0.0000
110.5905 0.0000
110.6022 0.0000
110.6139 0.0000
110.6256 0.0000
110.6372 0.0000
110.6489 0.0000
110.6606 0.0000
110.6723 0.0000
110.6839 0.0000
110.6956 0.0000
110.7073 0.0000
110.7190 0.0000
110.7306 0.0000
110.7423 0.0000
110.7540 0.0000
110.7657 0.0000
110.7773 0.0000
110.7890 0.0000
110.8007 0.0000
110.8124 0.0000
110.8240 0.0000
110.8357 0.0000
110.8474 0.0000
110.8591 0.0000
110.8707 0.0000
110.8824 0.0000
110.8941 0.0000
110.9058 0.0000
110.9174 0.0000
110.9291 0.0000
110.9408 0.0000
110.9524 0.0000
110.9641 0.0000
110.9758 0.0000
110.9875 0.0000
110.9991 0.0000
111.0108 0.0000
111.0225 0.0000
111.0342 0.0000
111.0458 0.0000
111.0575 0.0000
111.0692 0.0000
111.0809 0.0000
111.0925 0.0000
111.1042 0.0000
111.1159 0.0000
111.1276 0.0000
111.1392 0.0000
111.1509 0.0000
111.1626 0.0000
111.1743 0.0000
111.1859 0.0000
111.1976 0.0000
111.2093 0.0000
111.2210 0.0000
111.2326 0.0000
111.2443 0.0000
111.2560 0.0000
111.2677 0.0000
111.2793 0.0000
111.2910 0.0000
111.3027 0.0000
111.3144 0.0000
111.3260 0.0000
111.3377 0.0000
111.3494 0.0000
111.3610 0.0000
111.3727 0.0000
111.3844 0.0000
111.3961 0.0000
111.4077 0.0000
111.4194 0.0000
111.4311 0.0000
111.4428 0.0000
111.4544 0.0000
111.4661 0.0000
111.4778 0.0000
111.4895 0.0000
111.5011 0.0000
111.5128 0.0000
111.5245 0.0000
111.5362 0.0000
111.5478 0.0000
111.5595 0.0000
111.5712 0.0000
111.5829 0.0000
111.5945 0.0000
111.6062 0.0000
111.6179 0.0000
111.6296 0.0000
111.6412 0.0000
111.6529 0.0000
111.6646 0.0000
111.6763 0.0000
111.6879 0.0000
111.6996 0.0000
111.7113 0.0000
111.7230 0.0000
111.7346 0.0000
111.7463 0.0000
111.7580 0.0000
111.7696 0.0000
111.7813 0.0000
111.7930 0.0000
111.8047 0.0000
111.8163 0.0000
111.8280 0.0000
111.8397 0.0000
111.8514 0.0000
111.8630 0.0000
111.8747 0.0000
111.8864 0.0000
111.8981 0.0000
111.9097 0.0000
111.9214 0.0000
111.9331 0.0000
111.9448 0.0000
111.9564 0.0000
111.9681 0.0000
111.9798 0.0000
111.9915 0.0000
112.0031 0.0000
112.0148 0.0000
112.0265 0.0000
112.0382 0.0000
112.0498 0.0000
112.0615 0.0000
112.0732 0.0000
112.0849 0.0000
112.0965 0.0000
112.1082 0.0000
112.1199 0.0000
112.1316 0.0000
112.1432 0.0000
112.1549 0.0000
112.1666 0.0000
112.1782 0.0000
112.1899 0.0000
112.2016 0.0000
112.2133 0.0000
112.2249 0.0000
112.2366 0.0000
112.2483 0.0000
112.2600 0.0000
112.2716 0.0000
112.2833 0.0000
112.2950 0.0000
112.3067 0.0000
112.3183 0.0000
112.3300 0.0000
112.3417 0.0000
112.3534 0.0000
112.3650 0.0000
112.3767 0.0000
112.3884 0.0000
112.4001 0.0000
112.4117 0.0000
112.4234 0.0000
112.4351 0.0000
112.4468 0.0000
112.4584 0.0000
112.4701 0.0000
112.4818 0.0000
112.4935 0.0000
112.5051 0.0000
112.5168 0.0000
112.5285 0.0000
112.5402 0.0000
112.5518 0.0000
112.5635 0.0000
112.5752 0.0000
112.5868 0.0000
112.5985 0.0000
112.6102 0.0000
112.6219 0.0000
112.6335 0.0000
112.6452 0.0000
112.6569 0.0000
112.6686 0.0000
112.6802 0.0000
112.6919 0.0000
112.7036 0.0000
112.7153 0.0000
112.7269 0.0000
112.7386 0.0000
112.7503 0.0000
112.7620 0.0000
112.7736 0.0000
112.7853 0.0000
112.7970 0.0000
112.8087 0.0000
112.8203 0.0000
112.8320 0.0000
112.8437 0.0000
112.8554 0.0000
112.8670 0.0000
112.8787 0.0000
112.8904 0.0000
112.9021 0.0000
112.9137 0.0000
112.9254 0.0000
112.9371 0.0000
112.9488 0.0000
112.9604 0.0000
112.9721 0.0000
112.9838 0.0000
112.9954 0.0000
113.0071 0.0000
113.0188 0.0000
113.0305 0.0000
113.0421 0.0000
113.0538 0.0000
113.0655 0.0000
113.0772 0.0000
113.0888 0.0000
113.1005 0.0000
113.1122 0.0000
113.1239 0.0000
113.1355 0.0000
113.1472 0.0000
113.1589 0.0000
113.1706 0.0000
113.1822 0.0000
113.1939 0.0000
113.2056 0.0000
113.2173 0.0000
113.2289 0.0000
113.2406 0.0000
113.2523 0.0000
113.2640 0.0000
113.2756 0.0000
113.2873 0.0000
113.2990 0.0000
113.3107 0.0000
113.3223 0.0000
113.3340 0.0000
113.3457 0.0000
113.3574 0.0000
113.3690 0.0000
113.3807 0.0000
113.3924 0.0000
113.4040 0.0000
113.4157 0.0000
113.4274 0.0000
113.4391 0.0000
113.4507 0.0000
113.4624 0.0000
113.4741 0.0000
113.4858 0.0000
113.4974 0.0000
113.5091 0.0000
113.5208 0.0000
113.5325 0.0000
113.5441 0.0000
113.5558 0.0000
113.5675 0.0000
113.5792 0.0000
113.5908 0.0000
113.6025 0.0000
113.6142 0.0000
113.6259 0.0000
113.6375 0.0000
113.6492 0.0000
113.6609 0.0000
113.6726 0.0000
113.6842 0.0000
113.6959 0.0000
113.7076 0.0000
113.7193 0.0000
113.7309 0.0000
113.7426 0.0000
113.7543 0.0000
113.7660 0.0000
113.7776 0.0000
113.7893 0.0000
113.8010 0.0000
113.8126 0.0000
113.8243 0.0000
113.8360 0.0000
113.8477 0.0000
113.8593 0.0000
113.8710 0.0000
113.8827 0.0000
113.8944 0.0000
113.9060 0.0000
113.9177 0.0000
113.9294 0.0000
113.9411 0.0000
113.9527 0.0000
113.9644 0.0000
113.9761 0.0000
113.9878 0.0000
113.9994 0.0000
114.0111 0.0000
114.0228 0.0000
114.0345 0.0000
114.0461 0.0000
114.0578 0.0000
114.0695 0.0000
114.0812 0.0000
114.0928 0.0000
114.1045 0.0000
114.1162 0.0000
114.1279 0.0000
114.1395 0.0000
114.1512 0.0000
114.1629 0.0000
114.1746 0.0000
114.1862 0.0000
114.1979 0.0000
114.2096 0.0000
114.2212 0.0000
114.2329 0.0000
114.2446 0.0000
114.2563 0.0000
114.2679 0.0000
114.2796 0.0000
114.2913 0.0000
114.3030 0.0000
114.3146 0.0000
114.3263 0.0000
114.3380 0.0000
114.3497 0.0000
114.3613 0.0000
114.3730 0.0000
114.3847 0.0000
114.3964 0.0000
114.4080 0.0000
114.4197 0.0000
114.4314 0.0000
114.4431 0.0000
114.4547 0.0000
114.4664 0.0000
114.4781 0.0000
114.4898 0.0000
114.5014 0.0000
114.5131 0.0000
114.5248 0.0000
114.5365 0.0000
114.5481 0.0000
114.5598 0.0000
114.5715 0.0000
114.5832 0.0000
114.5948 0.0000
114.6065 0.0000
114.6182 0.0000
114.6298 0.0000
114.6415 0.0000
114.6532 0.0000
114.6649 0.0000
114.6765 0.0000
114.6882 0.0000
114.6999 0.0000
114.7116 0.0000
114.7232 0.0000
114.7349 0.0000
114.7466 0.0000
114.7583 0.0000
114.7699 0.0000
114.7816 0.0000
114.7933 0.0000
114.8050 0.0000
114.8166 0.0000
114.8283 0.0000
114.8400 0.0000
114.8517 0.0000
114.8633 0.0000
114.8750 0.0000
114.8867 0.0000
114.8984 0.0000
114.9100 0.0000
114.9217 0.0000
114.9334 0.0000
114.9451 0.0000
114.9567 0.0000
114.9684 0.0000
114.9801 0.0000
114.9918 0.0000
115.0034 0.0000
115.0151 0.0000
115.0268 0.0000
115.0384 0.0000
115.0501 0.0000
115.0618 0.0000
115.0735 0.0000
115.0851 0.0000
115.0968 0.0000
115.1085 0.0000
115.1202 0.0000
115.1318 0.0000
115.1435 0.0000
115.1552 0.0000
115.1669 0.0000
115.1785 0.0000
115.1902 0.0000
115.2019 0.0000
115.2136 0.0000
115.2252 0.0000
115.2369 0.0000
115.2486 0.0000
115.2603 0.0000
115.2719 0.0000
115.2836 0.0000
115.2953 0.0000
115.3070 0.0000
115.3186 0.0000
115.3303 0.0000
115.3420 0.0000
115.3537 0.0000
115.3653 0.0000
115.3770 0.0000
115.3887 0.0000
115.4004 0.0000
115.4120 0.0000
115.4237 0.0000
115.4354 0.0000
115.4470 0.0000
115.4587 0.0000
115.4704 0.0000
115.4821 0.0000
115.4937 0.0000
115.5054 0.0000
115.5171 0.0000
115.5288 0.0000
115.5404 0.0000
115.5521 0.0000
115.5638 0.0000
115.5755 0.0000
115.5871 0.0000
115.5988 0.0000
115.6105 0.0000
115.6222 0.0000
115.6338 0.0000
115.6455 0.0000
115.6572 0.0000
115.6689 0.0000
115.6805 0.0000
115.6922 0.0000
115.7039 0.0000
115.7156 0.0000
115.7272 0.0000
115.7389 0.0000
115.7506 0.0000
115.7623 0.0000
115.7739 0.0000
115.7856 0.0000
115.7973 0.0000
115.8090 0.0000
115.8206 0.0000
115.8323 0.0000
115.8440 0.0000
115.8556 0.0000
115.8673 0.0000
115.8790 0.0000
115.8907 0.0000
115.9023 0.0000
115.9140 0.0000
115.9257 0.0000
115.9374 0.0000
115.9490 0.0000
115.9607 0.0000
115.9724 0.0000
115.9841 0.0000
115.9957 0.0000
116.0074 0.0000
116.0191 0.0000
116.0308 0.0000
116.0424 0.0000
116.0541 0.0000
116.0658 0.0000
116.0775 0.0000
116.0891 0.0000
116.1008 0.0000
116.1125 0.0000
116.1242 0.0000
116.1358 0.0000
116.1475 0.0000
116.1592 0.0000
116.1709 0.0000
116.1825 0.0000
116.1942 0.0000
116.2059 0.0000
116.2176 0.0000
116.2292 0.0000
116.2409 0.0000
116.2526 0.0000
116.2642 0.0000
116.2759 0.0000
116.2876 0.0000
116.2993 0.0000
116.3109 0.0000
116.3226 0.0000
116.3343 0.0000
116.3460 0.0000
116.3576 0.0000
116.3693 0.0000
116.3810 0.0000
116.3927 0.0000
116.4043 0.0000
116.4160 0.0000
116.4277 0.0000
116.4394 0.0000
116.4510 0.0000
116.4627 0.0000
116.4744 0.0000
116.4861 0.0000
116.4977 0.0000
116.5094 0.0000
116.5211 0.0000
116.5328 0.0000
116.5444 0.0000
116.5561 0.0000
116.5678 0.0000
116.5795 0.0000
116.5911 0.0000
116.6028 0.0000
116.6145 0.0000
116.6262 0.0000
116.6378 0.0000
116.6495 0.0000
116.6612 0.0000
116.6728 0.0000
116.6845 0.0000
116.6962 0.0000
116.7079 0.0000
116.7195 0.0000
116.7312 0.0000
116.7429 0.0000
116.7546 0.0000
116.7662 0.0000
116.7779 0.0000
116.7896 0.0000
116.8013 0.0000
116.8129 0.0000
116.8246 0.0000
116.8363 0.0000
116.8480 0.0000
116.8596 0.0000
116.8713 0.0000
116.8830 0.0000
116.8947 0.0000
116.9063 0.0000
116.9180 0.0000
116.9297 0.0000
116.9414 0.0000
116.9530 0.0000
116.9647 0.0000
116.9764 0.0000
116.9881 0.0000
116.9997 0.0000
117.0114 0.0000
117.0231 0.0000
117.0348 0.0000
117.0464 0.0000
117.0581 0.0000
117.0698 0.0000
117.0814 0.0000
117.0931 0.0000
117.1048 0.0000
117.1165 0.0000
117.1281 0.0000
117.1398 0.0000
117.1515 0.0000
117.1632 0.0000
117.1748 0.0000
117.1865 0.0000
117.1982 0.0000
117.2099 0.0000
117.2215 0.0000
117.2332 0.0000
117.2449 0.0000
117.2566 0.0000
117.2682 0.0000
117.2799 0.0000
117.2916 0.0000
117.3033 0.0000
117.3149 0.0000
117.3266 0.0000
117.3383 0.0000
117.3500 0.0000
117.3616 0.0000
117.3733 0.0000
117.3850 0.0000
117.3967 0.0000
117.4083 0.0000
117.4200 0.0000
117.4317 0.0000
117.4434 0.0000
117.4550 0.0000
117.4667 0.0000
117.4784 0.0000
117.4900 0.0000
117.5017 0.0000
117.5134 0.0000
117.5251 0.0000
117.5367 0.0000
117.5484 0.0000
117.5601 0.0000
117.5718 0.0000
117.5834 0.0000
117.5951 0.0000
117.6068 0.0000
117.6185 0.0000
117.6301 0.0000
117.6418 0.0000
117.6535 0.0000
117.6652 0.0000
117.6768 0.0000
117.6885 0.0000
117.7002 0.0000
117.7119 0.0000
117.7235 0.0000
117.7352 0.0000
117.7469 0.0000
117.7586 0.0000
117.7702 0.0000
117.7819 0.0000
117.7936 0.0000
117.8053 0.0000
117.8169 0.0000
117.8286 0.0000
117.8403 0.0000
117.8520 0.0000
117.8636 0.0000
117.8753 0.0000
117.8870 0.0000
117.8986 0.0000
117.9103 0.0000
117.9220 0.0000
117.9337 0.0000
117.9453 0.0000
117.9570 0.0000
117.9687 0.0000
117.9804 0.0000
117.9920 0.0000
118.0037 0.0000
118.0154 0.0000
118.0271 0.0000
118.0387 0.0000
118.0504 0.0000
118.0621 0.0000
118.0738 0.0000
118.0854 0.0000
118.0971 0.0000
118.1088 0.0000
118.1205 0.0000
118.1321 0.0000
118.1438 0.0000
118.1555 0.0000
118.1672 0.0000
118.1788 0.0000
118.1905 0.0000
118.2022 0.0000
118.2139 0.0000
118.2255 0.0000
118.2372 0.0000
118.2489 0.0000
118.2606 0.0000
118.2722 0.0000
118.2839 0.0000
118.2956 0.0000
118.3072 0.0000
118.3189 0.0000
118.3306 0.0000
118.3423 0.0000
118.3539 0.0000
118.3656 0.0000
118.3773 0.0000
118.3890 0.0000
118.4006 0.0000
118.4123 0.0000
118.4240 0.0000
118.4357 0.0000
118.4473 0.0000
118.4590 0.0000
118.4707 0.0000
118.4824 0.0000
118.4940 0.0000
118.5057 0.0000
118.5174 0.0000
118.5291 0.0000
118.5407 0.0000
118.5524 0.0000
118.5641 0.0000
118.5758 0.0000
118.5874 0.0000
118.5991 0.0000
118.6108 0.0000
118.6225 0.0000
118.6341 0.0000
118.6458 0.0000
118.6575 0.0000
118.6692 0.0000
118.6808 0.0000
118.6925 0.0000
118.7042 0.0000
118.7158 0.0000
118.7275 0.0000
118.7392 0.0000
118.7509 0.0000
118.7625 0.0000
118.7742 0.0000
118.7859 0.0000
118.7976 0.0000
118.8092 0.0000
118.8209 0.0000
118.8326 0.0000
118.8443 0.0000
118.8559 0.0000
118.8676 0.0000
118.8793 0.0000
118.8910 0.0000
118.9026 0.0000
118.9143 0.0000
118.9260 0.0000
118.9377 0.0000
118.9493 0.0000
118.9610 0.0000
118.9727 0.0000
118.9844 0.0000
118.9960 0.0000
119.0077 0.0000
119.0194 0.0000
119.0311 0.0000
119.0427 0.0000
119.0544 0.0000
119.0661 0.0000
119.0778 0.0000
119.0894 0.0000
119.1011 0.0000
119.1128 0.0000
119.1244 0.0000
119.1361 0.0000
119.1478 0.0000
119.1595 0.0000
119.1711 0.0000
119.1828 0.0000
119.1945 0.0000
119.2062 0.0000
119.2178 0.0000
119.2295 0.0000
119.2412 0.0000
119.2529 0.0000
119.2645 0.0000
119.2762 0.0000
119.2879 0.0000
119.2996 0.0000
119.3112 0.0000
119.3229 0.0000
119.3346 0.0000
119.3463 0.0000
119.3579 0.0000
119.3696 0.0000
119.3813 0.0000
119.3930 0.0000
119.4046 0.0000
119.4163 0.0000
119.4280 0.0000
119.4397 0.0000
119.4513 0.0000
119.4630 0.0000
119.4747 0.0000
119.4864 0.0000
119.4980 0.0000
119.5097 0.0000
119.5214 0.0000
119.5330 0.0000
119.5447 0.0000
119.5564 0.0000
119.5681 0.0000
119.5797 0.0000
119.5914 0.0000
119.6031 0.0000
119.6148 0.0000
119.6264 0.0000
119.6381 0.0000
119.6498 0.0000
119.6615 0.0000
119.6731 0.0000
119.6848 0.0000
119.6965 0.0000
119.7082 0.0000
119.7198 0.0000
119.7315 0.0000
119.7432 0.0000
119.7549 0.0000
119.7665 0.0000
119.7782 0.0000
119.7899 0.0000
119.8016 0.0000
119.8132 0.0000
119.8249 0.0000
119.8366 0.0000
119.8483 0.0000
119.8599 0.0000
119.8716 0.0000
119.8833 0.0000
119.8950 0.0000
119.9066 0.0000
119.9183 0.0000
119.9300 0.0000
119.9416 0.0000
119.9533 0.0000
119.9650 0.0000
119.9767 0.0000
119.9883 0.0000
120.0000 0.0000
120.0000 0.0000
120.0117 0.0000
120.0234 0.0000
120.0350 0.0000
120.0467 0.0000
120.0584 0.0000
120.0701 0.0000
120.0817 0.0000
120.0934 0.0000
120.1051 0.0000
120.1168 0.0000
120.1284 0.0000
120.1401 0.0000
120.1518 0.0000
120.1635 0.0000
120.1751 0.0000
120.1868 0.0000
120.1985 0.0000
120.2102 0.0000
120.2218 0.0000
120.2335 0.0000
120.2452 0.0000
120.2569 0.0000
120.2685 0.0000
120.2802 0.0000
120.2919 0.0000
120.3036 0.0000
120.3152 0.0000
120.3269 0.0000
120.3386 0.0000
120.3503 0.0000
120.3619 0.0000
120.3736 0.0000
120.3853 0.0001
120.3970 0.0001
120.4086 0.0001
120.4203 0.0001
120.4320 0.0001
120.4437 0.0001
120.4553 0.0001
120.4670 0.0001
120.4787 0.0001
120.4904 0.0001
120.5021 0.0001
120.5137 0.0001
120.5254 0.0001
120.5371 0.0001
120.5488 0.0001
120.5604 0.0001
120.5721 0.0001
120.5838 0.0001
120.5955 0.0001
120.6071 0.0001
120.6188 0.0001
120.6305 0.0001
120.6422 0.0001
120.6538 0.0001
120.6655 0.0001
120.6772 0.0001
120.6889 0.0001
120.7005 0.0001
120.7122 0.0001
120.7239 0.0001
120.7356 0.0001
120.7472 0.0002
120.7589 0.0002
120.7706 0.0002
120.7823 0.0002
120.7939 0.0002
120.8056 0.0002
120.8173 0.0002
120.8290 0.0002
120.8406 0.0002
120.8523 0.0002
120.8640 0.0002
120.8757 0.0002
120.8873 0.0002
120.8990 0.0002
120.9107 0.0002
120.9224 0.0003
120.9340 0.0003
120.9457 0.0003
120.9574 0.0003
120.9691 0.0003
120.9807 0.0003
120.9924 0.0003
121.0041 0.0003
121.0158 0.0003
121.0274 0.0003
121.0391 0.0003
121.0508 0.0004
121.0625 0.0004
121.0741 0.0004
121.0858 0.0004
121.0975 0.0004
121.1092 0.0004
121.1208 0.0004
121.1325 0.0004
121.1442 0.0004
121.1559 0.0005
121.1675 0.0005
121.1792 0.0005
121.1909 0.0005
121.2026 0.0005
121.2142 0.0005
121.2259 0.0005
121.2376 0.0005
121.2493 0.0006
121.2610 0.0006
121.2726 0.0006
121.2843 0.0006
121.2960 0.0006
121.3077 0.0006
121.3193 0.0007
121.3310 0.0007
121.3427 0.0007
121.3544 0.0007
121.3660 0.0007
121.3777 0.0007
121.3894 0.0008
121.4011 0.0008
121.4127 0.0008
121.4244 0.0008
121.4361 0.0008
121.4478 0.0008
121.4594 0.0009
121.4711 0.0009
121.4828 0.0009
121.4945 0.0009
121.5061 0.0009
121.5178 0.0010
121.5295 0.0010
121.5412 0.0010
121.5528 0.0010
121.5645 0.0010
121.5762 0.0011
121.5879 0.0011
121.5995 0.0011
121.6112 0.0011
121.6229 0.0012
121.6346 0.0012
121.6462 0.0012
121.6579 0.0012
121.6696 0.0013
121.6813 0.0013
121.6929 0.0013
121.7046 0.0013
121.7163 0.0014
121.7280 0.0014
121.7396 0.0014
121.7513 0.0014
121.7630 0.0015
121.7747 0.0015
121.7863 0.0015
121.7980 0.0016
121.8097 0.0016
121.8213 0.0016
121.8330 0.0016
121.8447 0.0017
121.8564 0.0017
121.8680 0.0017
121.8797 0.0018
121.8914 0.0018
121.9031 0.0018
121.9147 0.0019
121.9264 0.0019
121.9381 0.0019
121.9498 0.0020
121.9614 0.0020
121.9731 0.0020
121.9848 0.0021
121.9965 0.0021
122.0081 0.0021
122.0198 0.0022
122.0315 0.0022
122.0432 0.0022
122.0548 0.0023
122.0665 0.0023
122.0782 0.0024
122.0899 0.0024
122.1015 0.0024
122.1132 0.0025
122.1249 0.0025
122.1366 0.0025
122.1482 0.0026
122.1599 0.0026
122.1716 0.0027
122.1833 0.0027
122.1949 0.0028
122.2066 0.0028
122.2183 0.0028
122.2300 0.0029
122.2416 0.0029
122.2533 0.0030
122.2650 0.0030
122.2767 0.0031
122.2883 0.0031
122.3000 0.0031
122.3117 0.0032
122.3233 0.0032
122.3350 0.0033
122.3467 0.0033
122.3584 0.0034
122.3700 0.0034
122.3817 0.0035
122.3934 0.0035
122.4051 0.0036
122.4167 0.0036
122.4284 0.0037
122.4401 0.0037
122.4518 0.0038
122.4634 0.0038
122.4751 0.0039
122.4868 0.0039
122.4985 0.0040
122.5101 0.0040
122.5218 0.0041
122.5335 0.0042
122.5452 0.0042
122.5568 0.0043
122.5685 0.0043
122.5802 0.0044
122.5919 0.0044
122.6035 0.0045
122.6152 0.0045
122.6269 0.0046
122.6386 0.0047
122.6502 0.0047
122.6619 0.0048
122.6736 0.0048
122.6852 0.0049
122.6969 0.0050
122.7086 0.0050
122.7203 0.0051
122.7319 0.0052
122.7436 0.0052
122.7553 0.0053
122.7670 0.0053
122.7786 0.0054
122.7903 0.0055
122.8020 0.0055
122.8137 0.0056
122.8253 0.0057
122.8370 0.0057
122.8487 0.0058
122.8604 0.0059
122.8720 0.0059
122.8837 0.0060
122.8954 0.0061
122.9070 0.0061
122.9187 0.0062
122.9304 0.0063
122.9421 0.0064
122.9537 0.0064
122.9654 0.0065
122.9771 0.0066
122.9888 0.0067
123.0004 0.0067
123.0121 0.0068
123.0238 0.0069
123.0355 0.0070
123.0471 0.0070
123.0588 0.0071
123.0705 0.0072
123.0822 0.0073
123.0938 0.0073
123.1055 0.0074
123.1172 0.0075
123.1288 0.0076
123.1405 0.0077
123.1522 0.0077
123.1639 0.0078
123.1755 0.0079
123.1872 0.0080
123.1989 0.0081
123.2106 0.0082
123.2222 0.0082
123.2339 0.0083
123.2456 0.0084
123.2572 0.0085
123.2689 0.0086
123.2806 0.0087
123.2923 0.0088
123.3039 0.0089
123.3156 0.0089
123.3273 0.0090
123.3390 0.0091
123.3506 0.0092
123.3623 0.0093
123.3740 0.0094
123.3856 0.0095
123.3973 0.0096
123.4090 0.0097
123.4207 0.0098
123.4323 0.0099
123.4440 0.0100
123.4557 0.0101
123.4674 0.0102
123.4790 0.0102
123.4907 0.0103
123.5024 0.0104
123.5140 0.0105
123.5257 0.0106
123.5374 0.0107
123.5491 0.0108
123.5607 0.0109
123.5724 0.0110
123.5841 0.0112
123.5957 0.0113
123.6074 0.0114
123.6191 0.0115
123.6308 0.0116
123.6424 0.0117
123.6541 0.0118
123.6658 0.0119
123.6774 0.0120
123.6891 0.0121
123.7008 0.0122
123.7125 0.0123
123.7241 0.0124
123.7358 0.0125
123.7475 0.0127
123.7591 0.0128
123.7708 0.0129
123.7825 0.0130
123.7942 0.0131
123.8058 0.0132
123.8175 0.0133
123.8292 0.0134
123.8408 0.0136
123.8525 0.0137
123.8642 0.0138
123.8759 0.0139
123.8875 0.0140
123.8992 0.0142
123.9109 0.0143
123.9225 0.0144
123.9342 0.0145
123.9459 0.0146
123.9576 0.0148
123.9692 0.0149
123.9809 0.0150
123.9926 0.0151
124.0042 0.0153
124.0159 0.0154
124.0276 0.0155
124.0392 0.0156
124.0509 0.0158
124.0626 0.0159
124.0743 0.0160
124.0859 0.0162
124.0976 0.0163
124.1093 0.0164
124.1209 0.0166
124.1326 0.0167
124.1443 0.0168
124.1559 0.0170
124.1676 0.0171
124.1793 0.0172
124.1910 0.0174
124.2026 0.0175
124.2143 0.0176
124.2260 0.0178
124.2376 0.0179
124.2493 0.0180
124.2610 0.0182
124.2726 0.0183
124.2843 0.0185
124.2960 0.0186
124.3077 0.0188
124.3193 0.0189
124.3310 0.0190
124.3427 0.0192
124.3543 0.0193
124.3660 0.0195
124.3777 0.0196
124.3893 0.0198
124.4010 0.0199
124.4127 0.0201
124.4243 0.0202
124.4360 0.0204
124.4477 0.0205
124.4594 0.0207
124.4710 0.0208
124.4827 0.0210
124.4944 0.0211
124.5060 0.0213
124.5177 0.0214
124.5294 0.0216
124.5410 0.0218
124.5527 0.0219
124.5644 0.0221
124.5760 0.0222
124.5877 0.0224
124.5994 0.0226
124.6110 0.0227
124.6227 0.0229
124.6344 0.0230
124.6460 0.0232
124.6577 0.0234
124.6694 0.0235
124.6811 0.0237
124.6927 0.0239
124.7044 0.0240
124.7161 0.0242
124.7277 0.0244
124.7394 0.0245
124.7511 0.0247
124.7627 0.0249
124.7744 0.0251
124.7861 0.0252
124.7977 0.0254
124.8094 0.0256
124.8211 0.0257
124.8327 0.0259
124.8444 0.0261
124.8561 0.0263
124.8677 0.0264
124.8794 0.0266
124.8911 0.0268
124.9027 0.0270
124.9144 0.0272
124.9261 0.0273
124.9377 0.0275
124.9494 0.0277
124.9611 0.0279
124.9727 0.0281
124.9844 0.0283
124.9961 0.0284
125.0077 0.0286
125.0194 0.0288
125.0311 0.0290
125.0427 0.0292
125.0544 0.0294
125.0661 0.0296
125.0777 0.0298
125.0894 0.0300
125.1011 0.0302
125.1127 0.0303
125.1244 0.0305
125.1361 0.0307
125.1477 0.0309
125.1594 0.0311
125.1711 0.0313
125.1827 0.0315
125.1944 0.0317
125.2061 0.0319
125.2177 0.0321
125.2294 0.0323
125.2411 0.0325
125.2527 0.0327
125.2644 0.0329
125.2760 0.0331
125.2877 0.0333
125.2994 0.0335
125.3110 0.0337
125.3227 0.0340
125.3344 0.0342
125.3460 0.0344
125.3577 0.0346
125.3694 0.0348
125.3810 0.0350
125.3927 0.0352
125.4044 0.0354
125.4160 0.0356
125.4277 0.0359
125.4393 0.0361
125.4510 0.0363
125.4627 0.0365
125.4743 0.0367
125.4860 0.0369
125.4977 0.0372
125.5093 0.0374
125.5210 0.0376
125.5327 0.0378
125.5443 0.0380
125.5560 0.0383
125.5676 0.0385
125.5793 0.0387
125.5910 0.0389
125.6026 0.0392
125.6143 0.0394
125.6260 0.0396
125.6376 0.0398
125.6493 0.0401
125.6609 0.0403
125.6726 0.0405
125.6843 0.0408
125.6959 0.0410
125.7076 0.0412
125.7193 0.0415
125.7309 0.0417
125.7426 0.0419
125.7542 0.0422
125.7659 0.0424
125.7776 0.0427
125.7892 0.0429
125.8009 0.0431
125.8126 0.0434
125.8242 0.0436
125.8359 0.0439
125.8475 0.0441
125.8592 0.0444
125.8709 0.0446
125.8825 0.0448
125.8942 0.0451
125.9058 0.0453
125.9175 0.0456
125.9292 0.0458
125.9408 0.0461
125.9525 0.0463
125.9641 0.0466
125.9758 0.0468
125.9875 0.0471
125.9991 0.0474
126.0108 0.0476
126.0224 0.0479
126.0341 0.0481
126.0458 0.0484
126.0574 0.0486
126.0691 0.0489
126.0807 0.0492
126.0924 0.0494
126.1041 0.0497
126.1157 0.0500
126.1274 0.0502
126.1390 0.0505
126.1507 0.0507
126.1624 0.0510
126.1740 0.0513
126.1857 0.0516
126.1973 0.0518
126.2090 0.0521
126.2206 0.0524
126.2323 0.0526
126.2440 0.0529
126.2556 0.0532
126.2673 0.0535
126.2789 0.0537
126.2906 0.0540
126.3023 0.0543
126.3139 0.0546
126.3256 0.0548
126.3372 0.0551
126.3489 0.0554
126.3605 0.0557
126.3722 0.0560
126.3839 0.0563
126.3955 0.0565
126.4072 0.0568
126.4188 0.0571
126.4305 0.0574
126.4421 0.0577
126.4538 0.0580
126.4654 0.0583
126.4771 0.0586
126.4888 0.0588
126.5004 0.0591
126.5121 0.0594
126.5237 0.0597
126.5354 0.0600
126.5470 0.0603
126.5587 0.0606
126.5704 0.0609
126.5820 0.0612
126.5937 0.0615
126.6053 0.0618
126.6170 0.0621
126.6286 0.0624
126.6403 0.0627
126.6519 0.0630
126.6636 0.0633
126.6752 0.0636
126.6869 0.0639
126.6986 0.0642
126.7102 0.0646
126.7219 0.0649
126.7335 0.0652
126.7452 0.0655
126.7568 0.0658
126.7685 0.0661
126.7801 0.0664
126.7918 0.0667
126.8034 0.0671
126.8151 0.0674
126.8267 0.0677
126.8384 0.0680
126.8501 0.0683
126.8617 0.0687
126.8734 0.0690
126.8850 0.0693
126.8967 0.0696
126.9083 0.0699
126.9200 0.0703
126.9316 0.0706
126.9433 0.0709
126.9549 0.0713
126.9666 0.0716
126.9782 0.0719
126.9899 0.0722
127.0015 0.0726
127.0132 0.0729
127.0248 0.0732
127.0365 0.0736
127.0481 0.0739
127.0598 0.0742
127.0714 0.0746
127.0831 0.0749
127.0947 0.0753
127.1064 0.0756
127.1180 0.0759
127.1297 0.0763
127.1413 0.0766
127.1530 0.0770
127.1646 0.0773
127.1763 0.0777
127.1879 0.0780
127.1996 0.0784
127.2112 0.0787
127.2229 0.0791
127.2345 0.0794
127.2462 0.0798
127.2578 0.0801
127.2695 0.0805
127.2811 0.0808
127.2928 0.0812
127.3044 0.0815
127.3161 0.0819
127.3277 0.0822
127.3394 0.0826
127.3510 0.0830
127.3627 0.0833
127.3743 0.0837
127.3860 0.0840
127.3976 0.0844
127.4093 0.0848
127.4209 0.0851
127.4326 0.0855
127.4442 0.0859
127.4558 0.0862
127.4675 0.0866
127.4791 0.0870
127.4908 0.0874
127.5024 0.0877
127.5141 0.0881
127.5257 0.0885
127.5374 0.0888
127.5490 0.0892
127.5607 0.0896
127.5723 0.0900
127.5840 0.0904
127.5956 0.0907
127.6072 0.0911
127.6189 0.0915
127.6305 0.0919
127.6422 0.0923
127.6538 0.0927
127.6655 0.0930
127.6771 0.0934
127.6888 0.0938
127.7004 0.0942
127.7120 0.0946
127.7237 0.0950
127.7353 0.0954
127.7470 0.0958
127.7586 0.0962
127.7703 0.0966
127.7819 0.0970
127.7935 0.0974
127.8052 0.0978
127.8168 0.0982
127.8285 0.0986
127.8401 0.0990
127.8518 0.0994
127.8634 0.0998
127.8750 0.1002
127.8867 0.1006
127.8983 0.1010
127.9100 0.1014
127.9216 0.1018
127.9333 0.1022
127.9449 0.1026
127.9565 0.1030
127.9682 0.1034
127.9798 0.1038
127.9915 0.1043
128.0031 0.1047
128.0147 0.1051
128.0264 0.1055
128.0380 0.1059
128.0497 0.1063
128.0613 0.1068
128.0729 0.1072
128.0846 0.1076
128.0962 0.1080
128.1079 0.1084
128.1195 0.1089
128.1311 0.1093
128.1428 0.1097
128.1544 0.1102
128.1660 0.1106
128.1777 0.1110
128.1893 0.1114
128.2010 0.1119
128.2126 0.1123
128.2242 0.1127
128.2359 0.1132
128.2475 0.1136
128.2591 0.1140
128.2708 0.1145
128.2824 0.1149
128.2941 0.1154
128.3057 0.1158
128.3173 0.1163
128.3290 0.1167
128.3406 0.1171
128.3522 0.1176
128.3639 0.1180
128.3755 0.1185
128.3871 0.1189
128.3988 0.1194
128.4104 0.1198
128.4220 0.1203
128.4337 0.1207
128.4453 0.1212
128.4569 0.1216
128.4686 0.1221
128.4802 0.1225
128.4918 0.1230
128.5035 0.1235
128.5151 0.1239
128.5267 0.1244
128.5384 0.1248
128.5500 0.1253
128.5616 0.1258
128.5733 0.1262
128.5849 0.1267
128.5965 0.1272
128.6082 0.1276
128.6198 0.1281
128.6314 0.1286
128.6431 0.1291
128.6547 0.1295
128.6663 0.1300
128.6780 0.1305
128.6896 0.1309
128.7012 0.1314
128.7129 0.1319
128.7245 0.1324
128.7361 0.1329
128.7477 0.1333
128.7594 0.1338
128.7710 0.1343
128.7826 0.1348
128.7943 0.1353
128.8059 0.1358
128.8175 0.1362
128.8291 0.1367
128.8408 0.1372
128.8524 0.1377
128.8640 0.1382
128.8757 0.1387
128.8873 0.1392
128.8989 0.1397
128.9105 0.1402
128.9222 0.1407
128.9338 0.1412
128.9454 0.1417
128.9571 0.1422
128.9687 0.1427
128.9803 0.1432
128.9919 0.1437
129.0036 0.1442
129.0152 0.1447
129.0268 0.1452
129.0384 0.1457
129.0501 0.1462
129.0617 0.1467
129.0733 0.1472
129.0849 0.1477
129.0966 0.1482
129.1082 0.1488
129.1198 0.1493
129.1314 0.1498
129.1431 0.1503
129.1547 0.1508
129.1663 0.1513
129.1779 0.1519
129.1896 0.1524
129.2012 0.1529
129.2128 0.1534
129.2244 0.1540
129.2360 0.1545
129.2477 0.1550
129.2593 0.1555
129.2709 0.1561
129.2825 0.1566
129.2942 0.1571
129.3058 0.1577
129.3174 0.1582
129.3290 0.1587
129.3406 0.1593
129.3523 0.1598
129.3639 0.1603
129.3755 0.1609
129.3871 0.1614
129.3987 0.1619
129.4104 0.1625
129.4220 0.1630
129.4336 0.1636
129.4452 0.1641
129.4568 0.1647
129.4685 0.1652
129.4801 0.1658
129.4917 0.1663
129.5033 0.1669
129.5149 0.1674
129.5265 0.1680
129.5382 0.1685
129.5498 0.1691
129.5614 0.1696
129.5730 0.1702
129.5846 0.1707
129.5962 0.1713
129.6079 0.1719
129.6195 0.1724
129.6311 0.1730
129.6427 0.1736
129.6543 0.1741
129.6659 0.1747
129.6776 0.1752
129.6892 0.1758
129.7008 0.1764
129.7124 0.1770
129.7240 0.1775
129.7356 0.1781
129.7472 0.1787
129.7589 0.1792
129.7705 0.1798
129.7821 0.1804
129.7937 0.1810
129.8053 0.1816
129.8169 0.1821
129.8285 0.1827
129.8401 0.1833
129.8518 0.1839
129.8634 0.1845
129.8750 0.1850
129.8866 0.1856
129.8982 0.1862
129.9098 0.1868
129.9214 0.1874
129.9330 0.1880
129.9446 0.1886
129.9562 0.1892
129.9679 0.1898
129.9795 0.1904
129.9911 0.1910
130.0027 0.1916
130.0143 0.1922
130.0259 0.1928
130.0375 0.1934
130.0491 0.1940
130.0607 0.1946
130.0723 0.1952
130.0839 0.1958
130.0955 0.1964
130.1072 0.1970
130.1188 0.1976
130.1304 0.1982
130.1420 0.1988
130.1536 0.1994
130.1652 0.2000
130.1768 0.2007
130.1884 0.2013
130.2000 0.2019
130.2116 0.2025
130.2232 0.2031
130.2348 0.2038
130.2464 0.2044
130.2580 0.2050
130.2696 0.2056
130.2812 0.2062
130.2928 0.2069
130.3044 0.2075
130.3160 0.2081
130.3276 0.2088
130.3392 0.2094
130.3509 0.2100
130.3625 0.2106
130.3741 0.2113
130.3857 0.2119
130.3973 0.2126
130.4089 0.2132
130.4205 0.2138
130.4321 0.2145
130.4437 0.2151
130.4553 0.2158
130.4669 0.2164
130.4785 0.2170
130.4901 0.2177
130.5017 0.2183
130.5133 0.2190
130.5249 0.2196
130.5365 0.2203
130.5481 0.2209
130.5596 0.2216
130.5712 0.2222
130.5828 0.2229
130.5944 0.2235
130.6060 0.2242
130.6176 0.2249
130.6292 0.2255
130.6408 0.2262
130.6524 0.2268
130.6640 0.2275
130.6756 0.2282
130.6872 0.2288
130.6988 0.2295
130.7104 0.2302
130.7220 0.2308
130.7336 0.2315
130.7452 0.2322
130.7568 0.2328
130.7684 0.2335
130.7800 0.2342
130.7916 0.2349
130.8031 0.2355
130.8147 0.2362
130.8263 0.2369
130.8379 0.2376
130.8495 0.2383
130.8611 0.2389
130.8727 0.2396
130.8843 0.2403
130.8959 0.2410
130.9075 0.2417
130.9191 0.2424
130.9306 0.2431
130.9422 0.2437
130.9538 0.2444
130.9654 0.2451
130.9770 0.2458
130.9886 0.2465
131.0002 0.2472
131.0118 0.2479
131.0234 0.2486
131.0349 0.2493
131.0465 0.2500
131.0581 0.2507
131.0697 0.2514
131.0813 0.2521
131.0929 0.2528
131.1045 0.2535
131.1161 0.2542
131.1276 0.2549
131.1392 0.2557
131.1508 0.2564
131.1624 0.2571
131.1740 0.2578
131.1856 0.2585
131.1971 0.2592
131.2087 0.2599
131.2203 0.2607
131.2319 0.2614
131.2435 0.2621
131.2551 0.2628
131.2666 0.2635
131.2782 0.2643
131.2898 0.2650
131.3014 0.2657
131.3130 0.2664
131.3245 0.2672
131.3361 0.2679
131.3477 0.2686
131.3593 0.2694
131.3709 0.2701
131.3825 0.2708
131.3940 0.2716
131.4056 0.2723
131.4172 0.2731
131.4288 0.2738
131.4403 0.2745
131.4519 0.2753
131.4635 0.2760
131.4751 0.2768
131.4867 0.2775
131.4982 0.2783
131.5098 0.2790
131.5214 0.2798
131.5330 0.2805
131.5445 0.2813
131.5561 0.2820
131.5677 0.2828
131.5793 0.2835
131.5908 0.2843
131.6024 0.2850
131.6140 0.2858
131.6256 0.2865
131.6371 0.2873
131.6487 0.2881
131.6603 0.2888
131.6719 0.2896
131.6834 0.2904
131.6950 0.2911
131.7066 0.2919
131.7181 0.2927
131.7297 0.2934
131.7413 0.2942
131.7529 0.2950
131.7644 0.2958
131.7760 0.2965
131.7876 0.2973
131.7991 0.2981
131.8107 0.2989
131.8223 0.2996
131.8338 0.3004
131.8454 0.3012
131.8570 0.3020
131.8685 0.3028
131.8801 0.3036
131.8917 0.3044
131.9032 0.3051
131.9148 0.3059
131.9264 0.3067
131.9379 0.3075
131.9495 0.3083
131.9611 0.3091
131.9726 0.3099
131.9842 0.3107
131.9958 0.3115
132.0073 0.3123
132.0189 0.3131
132.0305 0.3139
132.0420 0.3147
132.0536 0.3155
132.0652 0.3163
132.0767 0.3171
132.0883 0.3179
132.0998 0.3187
132.1114 0.3195
132.1230 0.3204
132.1345 0.3212
132.1461 0.3220
132.1576 0.3228
132.1692 0.3236
132.1808 0.3244
132.1923 0.3252
132.2039 0.3261
132.2154 0.3269
132.2270 0.3277
132.2386 0.3285
132.2501 0.3294
132.2617 0.3302
132.2732 0.3310
132.2848 0.3318
132.2963 0.3327
132.3079 0.3335
132.3195 0.3343
132.3310 0.3352
132.3426 0.3360
132.3541 0.3368
132.3657 0.3377
132.3772 0.3385
132.3888 0.3394
132.4003 0.3402
132.4119 0.3410
132.4234 0.3419
132.4350 0.3427
132.4465 0.3436
132.4581 0.3444
132.4697 0.3453
132.4812 0.3461
132.4928 0.3470
132.5043 0.3478
132.5159 0.3487
132.5274 0.3495
132.5390 0.3504
132.5505 0.3512
132.5621 0.3521
132.5736 0.3530
132.5852 0.3538
132.5967 0.3547
132.6082 0.3555
132.6198 0.3564
132.6313 0.3573
132.6429 0.3581
132.6544 0.3590
132.6660 0.3599
132.6775 0.3607
132.6891 0.3616
132.7006 0.3625
132.7122 0.3634
132.7237 0.3642
132.7353 0.3651
132.7468 0.3660
132.7583 0.3669
132.7699 0.3677
132.7814 0.3686
132.7930 0.3695
132.8045 0.3704
132.8161 0.3713
132.8276 0.3722
132.8391 0.3731
132.8507 0.3739
132.8622 0.3748
132.8738 0.3757
132.8853 0.3766
132.8968 0.3775
132.9084 0.3784
132.9199 0.3793
132.9315 0.3802
132.9430 0.3811
132.9545 0.3820
132.9661 0.3829
132.9776 0.3838
132.9891 0.3847
133.0007 0.3856
133.0122 0.3865
133.0238 0.3874
133.0353 0.3883
133.0468 0.3892
133.0584 0.3901
133.0699 0.3911
133.0814 0.3920
133.0930 0.3929
133.1045 0.3938
133.1160 0.3947
133.1276 0.3956
133.1391 0.3966
133.1506 0.3975
133.1622 0.3984
133.1737 0.3993
133.1852 0.4003
133.1967 0.4012
133.2083 0.4021
133.2198 0.4030
133.2313 0.4040
133.2429 0.4049
133.2544 0.4058
133.2659 0.4068
133.2775 0.4077
133.2890 0.4086
133.3005 0.4096
133.3120 0.4105
133.3236 0.4114
133.3351 0.4124
133.3466 0.4133
133.3581 0.4143
133.3697 0.4152
133.3812 0.4162
133.3927 0.4171
133.4042 0.4181
133.4158 0.4190
133.4273 0.4200
133.4388 0.4209
133.4503 0.4219
133.4619 0.4228
133.4734 0.4238
133.4849 0.4247
133.4964 0.4257
133.5079 0.4267
133.5195 0.4276
133.5310 0.4286
133.5425 0.4295
133.5540 0.4305
133.5655 0.4315
133.5771 0.4324
133.5886 0.4334
133.6001 0.4344
133.6116 0.4354
133.6231 0.4363
133.6346 0.4373
133.6462 0.4383
133.6577 0.4393
133.6692 0.4402
133.6807 0.4412
133.6922 0.4422
133.7037 0.4432
133.7153 0.4442
133.7268 0.4451
133.7383 0.4461
133.7498 0.4471
133.7613 0.4481
133.7728 0.4491
133.7843 0.4501
133.7958 0.4511
133.8074 0.4521
133.8189 0.4531
133.8304 0.4541
133.8419 0.4550
133.8534 0.4560
133.8649 0.4570
133.8764 0.4580
133.8879 0.4590
133.8994 0.4601
133.9109 0.4611
133.9224 0.4621
133.9340 0.4631
133.9455 0.4641
133.9570 0.4651
133.9685 0.4661
133.9800 0.4671
133.9915 0.4681
134.0030 0.4691
134.0145 0.4702
134.0260 0.4712
134.0375 0.4722
134.0490 0.4732
134.0605 0.4742
134.0720 0.4753
134.0835 0.4763
134.0950 0.4773
134.1065 0.4783
134.1180 0.4794
134.1295 0.4804
134.1410 0.4814
134.1525 0.4824
134.1640 0.4835
134.1755 0.4845
134.1870 0.4855
134.1985 0.4866
134.2100 0.4876
134.2215 0.4887
134.2330 0.4897
134.2445 0.4907
134.2560 0.4918
134.2675 0.4928
134.2790 0.4939
134.2905 0.4949
134.3020 0.4960
134.3135 0.4970
134.3250 0.4981
134.3365 0.4991
134.3480 0.5002
134.3594 0.5012
134.3709 0.5023
134.3824 0.5033
134.3939 0.5044
134.4054 0.5055
134.4169 0.5065
134.4284 0.5076
134.4399 0.5086
134.4514 0.5097
134.4629 0.5108
134.4744 0.5118
134.4858 0.5129
134.4973 0.5140
134.5088 0.5150
134.5203 0.5161
134.5318 0.5172
134.5433 0.5183
134.5548 0.5193
134.5662 0.5204
134.5777 0.5215
134.5892 0.5226
134.6007 0.5237
134.6122 0.5247
134.6237 0.5258
134.6352 0.5269
134.6466 0.5280
134.6581 0.5291
134.6696 0.5302
134.6811 0.5313
134.6926 0.5324
134.7040 0.5335
134.7155 0.5345
134.7270 0.5356
134.7385 0.5367
134.7500 0.5378
134.7614 0.5389
134.7729 0.5400
134.7844 0.5411
134.7959 0.5422
134.8073 0.5433
134.8188 0.5445
134.8303 0.5456
134.8418 0.5467
134.8532 0.5478
134.8647 0.5489
134.8762 0.5500
134.8877 0.5511
134.8991 0.5522
134.9106 0.5534
134.9221 0.5545
134.9336 0.5556
134.9450 0.5567
134.9565 0.5578
134.9680 0.5590
134.9794 0.5601
134.9909 0.5612
135.0024 0.5623
135.0139 0.5635
135.0253 0.5646
135.0368 0.5657
135.0483 0.5668
135.0597 0.5680
135.0712 0.5691
135.0827 0.5703
135.0941 0.5714
135.1056 0.5725
135.1171 0.5737
135.1285 0.5748
135.1400 0.5760
135.1514 0.5771
135.1629 0.5782
135.1744 0.5794
135.1858 0.5805
135.1973 0.5817
135.2088 0.5828
135.2202 0.5840
135.2317 0.5851
135.2431 0.5863
135.2546 0.5874
135.2661 0.5886
135.2775 0.5898
135.2890 0.5909
135.3004 0.5921
135.3119 0.5932
135.3234 0.5944
135.3348 0.5956
135.3463 0.5967
135.3577 0.5979
135.3692 0.5991
135.3806 0.6002
135.3921 0.6014
135.4035 0.6026
135.4150 0.6038
135.4264 0.6049
135.4379 0.6061
135.4493 0.6073
135.4608 0.6085
135.4723 0.6096
135.4837 0.6108
135.4952 0.6120
135.5066 0.6132
135.5181 0.6144
135.5295 0.6156
135.5410 0.6168
135.5524 0.6179
135.5638 0.6191
135.5753 0.6203
135.5867 0.6215
135.5982 0.6227
135.6096 0.6239
135.6211 0.6251
135.6325 0.6263
135.6440 0.6275
135.6554 0.6287
135.6669 0.6299
135.6783 0.6311
135.6897 0.6323
135.7012 0.6335
135.7126 0.6347
135.7241 0.6360
135.7355 0.6372
135.7469 0.6384
135.7584 0.6396
135.7698 0.6408
135.7813 0.6420
135.7927 0.6432
135.8041 0.6445
135.8156 0.6457
135.8270 0.6469
135.8384 0.6481
135.8499 0.6493
135.8613 0.6506
135.8728 0.6518
135.8842 0.6530
135.8956 0.6543
135.9071 0.6555
135.9185 0.6567
135.9299 0.6579
135.9414 0.6592
135.9528 0.6604
135.9642 0.6617
135.9756 0.6629
135.9871 0.6641
135.9985 0.6654
136.0099 0.6666
136.0214 0.6679
136.0328 0.6691
136.0442 0.6704
136.0557 0.6716
136.0671 0.6728
136.0785 0.6741
136.0899 0.6754
136.1014 0.6766
136.1128 0.6779
136.1242 0.6791
136.1356 0.6804
136.1471 0.6816
136.1585 0.6829
136.1699 0.6841
136.1813 0.6854
136.1927 0.6867
136.2042 0.6879
136.2156 0.6892
136.2270 0.6905
136.2384 0.6917
136.2498 0.6930
136.2613 0.6943
136.2727 0.6956
136.2841 0.6968
136.2955 0.6981
136.3069 0.6994
136.3183 0.7007
136.3298 0.7019
136.3412 0.7032
136.3526 0.7045
136.3640 0.7058
136.3754 0.7071
136.3868 0.7084
136.3982 0.7097
136.4097 0.7109
136.4211 0.7122
136.4325 0.7135
136.4439 0.7148
136.4553 0.7161
136.4667 0.7174
136.4781 0.7187
136.4895 0.7200
136.5009 0.7213
136.5124 0.7226
136.5238 0.7239
136.5352 0.7252
136.5466 0.7265
136.5580 0.7278
136.5694 0.7291
136.5808 0.7304
136.5922 0.7317
136.6036 0.7331
136.6150 0.7344
136.6264 0.7357
136.6378 0.7370
136.6492 0.7383
136.6606 0.7396
136.6720 0.7410
136.6834 0.7423
136.6948 0.7436
136.7062 0.7449
136.7176 0.7462
136.7290 0.7476
136.7404 0.7489
136.7518 0.7502
136.7632 0.7516
136.7746 0.7529
136.7860 0.7542
136.7974 0.7556
136.8088 0.7569
136.8202 0.7582
136.8316 0.7596
136.8430 0.7609
136.8544 0.7623
136.8657 0.7636
136.8771 0.7649
136.8885 0.7663
136.8999 0.7676
136.9113 0.7690
136.9227 0.7703
136.9341 0.7717
136.9455 0.7730
136.9569 0.7744
136.9683 0.7757
136.9796 0.7771
136.9910 0.7785
137.0024 0.7798
137.0138 0.7812
137.0252 0.7825
137.0366 0.7839
137.0480 0.7853
137.0593 0.7866
137.0707 0.7880
137.0821 0.7894
137.0935 0.7907
137.1049 0.7921
137.1162 0.7935
137.1276 0.7948
137.1390 0.7962
137.1504 0.7976
137.1618 0.7990
137.1731 0.8004
137.1845 0.8017
137.1959 0.8031
137.2073 0.8045
137.2186 0.8059
137.2300 0.8073
137.2414 0.8087
137.2528 0.8100
137.2641 0.8114
137.2755 0.8128
137.2869 0.8142
137.2983 0.8156
137.3096 0.8170
137.3210 0.8184
137.3324 0.8198
137.3437 0.8212
137.3551 0.8226
137.3665 0.8240
137.3779 0.8254
137.3892 0.8268
137.4006 0.8282
137.4120 0.8296
137.4233 0.8310
137.4347 0.8324
137.4461 0.8338
137.4574 0.8353
137.4688 0.8367
137.4801 0.8381
137.4915 0.8395
137.5029 0.8409
137.5142 0.8423
137.5256 0.8438
137.5370 0.8452
137.5483 0.8466
137.5597 0.8480
137.5710 0.8495
137.5824 0.8509
137.5938 0.8523
137.6051 0.8537
137.6165 0.8552
137.6278 0.8566
137.6392 0.8580
137.6505 0.8595
137.6619 0.8609
137.6732 0.8624
137.6846 0.8638
137.6960 0.8652
137.7073 0.8667
137.7187 0.8681
137.7300 0.8696
137.7414 0.8710
137.7527 0.8725
137.7641 0.8739
137.7754 0.8754
137.7868 0.8768
137.7981 0.8783
137.8095 0.8797
137.8208 0.8812
137.8321 0.8826
137.8435 0.8841
137.8548 0.8855
137.8662 0.8870
137.8775 0.8885
137.8889 0.8899
137.9002 0.8914
137.9116 0.8929
137.9229 0.8943
137.9342 0.8958
137.9456 0.8973
137.9569 0.8987
137.9683 0.9002
137.9796 0.9017
137.9909 0.9032
138.0023 0.9047
138.0136 0.9061
138.0250 0.9076
138.0363 0.9091
138.0476 0.9106
138.0590 0.9121
138.0703 0.9135
138.0816 0.9150
138.0930 0.9165
138.1043 0.9180
138.1156 0.9195
138.1270 0.9210
138.1383 0.9225
138.1496 0.9240
138.1609 0.9255
138.1723 0.9270
138.1836 0.9285
138.1949 0.9300
138.2063 0.9315
138.2176 0.9330
138.2289 0.9345
138.2402 0.9360
138.2516 0.9375
138.2629 0.9390
138.2742 0.9405
138.2855 0.9420
138.2969 0.9435
138.3082 0.9451
138.3195 0.9466
138.3308 0.9481
138.3421 0.9496
138.3535 0.9511
138.3648 0.9526
138.3761 0.9542
138.3874 0.9557
138.3987 0.9572
138.4101 0.9587
138.4214 0.9603
138.4327 0.9618
138.4440 0.9633
138.4553 0.9649
138.4666 0.9664
138.4780 0.9679
138.4893 0.9695
138.5006 0.9710
138.5119 0.9725
138.5232 0.9741
138.5345 0.9756
138.5458 0.9772
138.5571 0.9787
138.5684 0.9803
138.5797 0.9818
138.5911 0.9834
138.6024 0.9849
138.6137 0.9865
138.6250 0.9880
138.6363 0.9896
138.6476 0.9911
138.6589 0.9927
138.6702 0.9942
138.6815 0.9958
138.6928 0.9974
138.7041 0.9989
138.7154 1.0005
138.7267 1.0020
138.7380 1.0036
138.7493 1.0052
138.7606 1.0067
138.7719 1.0083
138.7832 1.0099
138.7945 1.0115
138.8058 1.0130
138.8171 1.0146
138.8284 1.0162
138.8397 1.0178
138.8510 1.0193
138.8623 1.0209
138.8736 1.0225
138.8848 1.0241
138.8961 1.0257
138.9074 1.0273
138.9187 1.0289
138.9300 1.0304
138.9413 1.0320
138.9526 1.0336
138.9639 1.0352
138.9752 1.0368
138.9864 1.0384
138.9977 1.0400
139.0090 1.0416
139.0203 1.0432
139.0316 1.0448
139.0429 1.0464
139.0542 1.0480
139.0654 1.0496
139.0767 1.0512
139.0880 1.0528
139.0993 1.0545
139.1106 1.0561
139.1218 1.0577
139.1331 1.0593
139.1444 1.0609
139.1557 1.0625
139.1669 1.0641
139.1782 1.0658
139.1895 1.0674
139.2008 1.0690
139.2120 1.0706
139.2233 1.0723
139.2346 1.0739
139.2459 1.0755
139.2571 1.0771
139.2684 1.0788
139.2797 1.0804
139.2910 1.0820
139.3022 1.0837
139.3135 1.0853
139.3248 1.0869
139.3360 1.0886
139.3473 1.0902
139.3586 1.0919
139.3698 1.0935
139.3811 1.0951
139.3924 1.0968
139.4036 1.0984
139.4149 1.1001
139.4261 1.1017
139.4374 1.1034
139.4487 1.1050
139.4599 1.1067
139.4712 1.1083
139.4824 1.1100
139.4937 1.1117
139.5050 1.1133
139.5162 1.1150
139.5275 1.1166
139.5387 1.1183
139.5500 1.1200
139.5612 1.1216
139.5725 1.1233
139.5837 1.1250
139.5950 1.1266
139.6063 1.1283
139.6175 1.1300
139.6288 1.1317
139.6400 1.1333
139.6513 1.1350
139.6625 1.1367
139.6738 1.1384
139.6850 1.1401
139.6962 1.1417
139.7075 1.1434
139.7187 1.1451
139.7300 1.1468
139.7412 1.1485
139.7525 1.1502
139.7637 1.1519
139.7750 1.1536
139.7862 1.1553
139.7974 1.1569
139.8087 1.1586
139.8199 1.1603
139.8312 1.1620
139.8424 1.1637
139.8536 1.1654
139.8649 1.1671
139.8761 1.1689
139.8873 1.1706
139.8986 1.1723
139.9098 1.1740
139.9211 1.1757
139.9323 1.1774
139.9435 1.1791
139.9548 1.1808
139.9660 1.1825
139.9772 1.1843
139.9884 1.1860
139.9997 1.1877
140.0109 1.1894
140.0221 1.1911
140.0334 1.1929
140.0446 1.1946
140.0558 1.1963
140.0670 1.1980
140.0783 1.1998
140.0895 1.2015
140.1007 1.2032
140.1119 1.2050
140.1232 1.2067
140.1344 1.2084
140.1456 1.2102
140.1568 1.2119
140.1680 1.2137
140.1793 1.2154
140.1905 1.2171
140.2017 1.2189
140.2129 1.2206
140.2241 1.2224
140.2353 1.2241
140.2466 1.2259
140.2578 1.2276
140.2690 1.2294
140.2802 1.2311
140.2914 1.2329
140.3026 1.2347
140.3138 1.2364
140.3250 1.2382
140.3362 1.2399
140.3475 1.2417
140.3587 1.2435
140.3699 1.2452
140.3811 1.2470
140.3923 1.2488
140.4035 1.2505
140.4147 1.2523
140.4259 1.2541
140.4371 1.2558
140.4483 1.2576
140.4595 1.2594
140.4707 1.2612
140.4819 1.2630
140.4931 1.2647
140.5043 1.2665
140.5155 1.2683
140.5267 1.2701
140.5379 1.2719
140.5491 1.2737
140.5603 1.2754
140.5715 1.2772
140.5827 1.2790
140.5939 1.2808
140.6051 1.2826
140.6163 1.2844
140.6275 1.2862
140.6386 1.2880
140.6498 1.2898
140.6610 1.2916
140.6722 1.2934
140.6834 1.2952
140.6946 1.2970
140.7058 1.2988
140.7170 1.3006
140.7282 1.3024
140.7393 1.3043
140.7505 1.3061
140.7617 1.3079
140.7729 1.3097
140.7841 1.3115
140.7952 1.3133
140.8064 1.3152
140.8176 1.3170
140.8288 1.3188
140.8400 1.3206
140.8511 1.3224
140.8623 1.3243
140.8735 1.3261
140.8847 1.3279
140.8959 1.3298
140.9070 1.3316
140.9182 1.3334
140.9294 1.3353
140.9405 1.3371
140.9517 1.3389
140.9629 1.3408
140.9741 1.3426
140.9852 1.3444
140.9964 1.3463
141.0076 1.3481
141.0187 1.3500
141.0299 1.3518
141.0411 1.3537
141.0522 1.3555
141.0634 1.3574
141.0746 1.3592
141.0857 1.3611
141.0969 1.3629
141.1080 1.3648
141.1192 1.3667
141.1304 1.3685
141.1415 1.3704
141.1527 1.3722
141.1638 1.3741
141.1750 1.3760
141.1862 1.3778
141.1973 1.3797
141.2085 1.3816
141.2196 1.3834
141.2308 1.3853
141.2419 1.3872
141.2531 1.3891
141.2642 1.3909
141.2754 1.3928
141.2865 1.3947
141.2977 1.3966
141.3088 1.3984
141.3200 1.4003
141.3311 1.4022
141.3423 1.4041
141.3534 1.4060
141.3646 1.4079
141.3757 1.4098
141.3869 1.4117
141.3980 1.4135
141.4091 1.4154
141.4203 1.4173
141.4314 1.4192
141.4426 1.4211
141.4537 1.4230
141.4648 1.4249
141.4760 1.4268
141.4871 1.4287
141.4983 1.4306
141.5094 1.4326
141.5205 1.4345
141.5317 1.4364
141.5428 1.4383
141.5539 1.4402
141.5651 1.4421
141.5762 1.4440
141.5873 1.4459
141.5985 1.4479
141.6096 1.4498
141.6207 1.4517
141.6318 1.4536
141.6430 1.4555
141.6541 1.4575
141.6652 1.4594
141.6763 1.4613
141.6875 1.4632
141.6986 1.4652
141.7097 1.4671
141.7208 1.4690
141.7320 1.4710
141.7431 1.4729
141.7542 1.4748
141.7653 1.4768
141.7764 1.4787
141.7876 1.4807
141.7987 1.4826
141.8098 1.4845
141.8209 1.4865
141.8320 1.4884
141.8431 1.4904
141.8542 1.4923
141.8654 1.4943
141.8765 1.4962
141.8876 1.4982
141.8987 1.5001
141.9098 1.5021
141.9209 1.5041
141.9320 1.5060
141.9431 1.5080
141.9542 1.5099
141.9653 1.5119
141.9764 1.5139
141.9875 1.5158
141.9987 1.5178
142.0098 1.5198
142.0209 1.5217
142.0320 1.5237
142.0431 1.5257
142.0542 1.5277
142.0653 1.5296
142.0764 1.5316
142.0875 1.5336
142.0985 1.5356
142.1096 1.5375
142.1207 1.5395
142.1318 1.5415
142.1429 1.5435
142.1540 1.5455
142.1651 1.5475
142.1762 1.5495
142.1873 1.5515
142.1984 1.5534
142.2095 1.5554
142.2206 1.5574
142.2317 1.5594
142.2427 1.5614
142.2538 1.5634
142.2649 1.5654
142.2760 1.5674
142.2871 1.5694
142.2982 1.5714
142.3092 1.5734
142.3203 1.5755
142.3314 1.5775
142.3425 1.5795
142.3536 1.5815
142.3646 1.5835
142.3757 1.5855
142.3868 1.5875
142.3979 1.5895
142.4090 1.5916
142.4200 1.5936
142.4311 1.5956
142.4422 1.5976
142.4533 1.5996
142.4643 1.6017
142.4754 1.6037
142.4865 1.6057
142.4975 1.6078
142.5086 1.6098
142.5197 1.6118
142.5307 1.6139
142.5418 1.6159
142.5529 1.6179
142.5639 1.6200
142.5750 1.6220
142.5861 1.6240
142.5971 1.6261
142.6082 1.6281
142.6192 1.6302
142.6303 1.6322
142.6414 1.6343
142.6524 1.6363
142.6635 1.6384
142.6745 1.6404
142.6856 1.6425
142.6967 1.6445
142.7077 1.6466
142.7188 1.6486
142.7298 1.6507
142.7409 1.6528
142.7519 1.6548
142.7630 1.6569
142.7740 1.6589
142.7851 1.6610
142.7961 1.6631
142.8072 1.6651
142.8182 1.6672
142.8293 1.6693
142.8403 1.6714
142.8514 1.6734
142.8624 1.6755
142.8734 1.6776
142.8845 1.6797
142.8955 1.6817
142.9066 1.6838
142.9176 1.6859
142.9286 1.6880
142.9397 1.6901
142.9507 1.6922
142.9618 1.6942
142.9728 1.6963
142.9838 1.6984
142.9949 1.7005
143.0059 1.7026
143.0169 1.7047
143.0280 1.7068
143.0390 1.7089
143.0500 1.7110
143.0611 1.7131
143.0721 1.7152
143.0831 1.7173
143.0941 1.7194
143.1052 1.7215
143.1162 1.7236
143.1272 1.7257
143.1382 1.7278
143.1493 1.7299
143.1603 1.7321
143.1713 1.7342
143.1823 1.7363
143.1934 1.7384
143.2044 1.7405
143.2154 1.7426
143.2264 1.7448
143.2374 1.7469
143.2484 1.7490
143.2595 1.7511
143.2705 1.7533
143.2815 1.7554
143.2925 1.7575
143.3035 1.7596
143.3145 1.7618
143.3255 1.7639
143.3365 1.7660
143.3476 1.7682
143.3586 1.7703
143.3696 1.7725
143.3806 1.7746
143.3916 1.7767
143.4026 1.7789
143.4136 1.7810
143.4246 1.7832
143.4356 1.7853
143.4466 1.7875
143.4576 1.7896
143.4686 1.7918
143.4796 1.7939
143.4906 1.7961
143.5016 1.7982
143.5126 1.8004
143.5236 1.8025
143.5346 1.8047
143.5456 1.8069
143.5566 1.8090
143.5676 1.8112
143.5786 1.8133
143.5896 1.8155
143.6005 1.8177
143.6115 1.8199
143.6225 1.8220
143.6335 1.8242
143.6445 1.8264
143.6555 1.8285
143.6665 1.8307
143.6775 1.8329
143.6884 1.8351
143.6994 1.8373
143.7104 1.8394
143.7214 1.8416
143.7324 1.8438
143.7433 1.8460
143.7543 1.8482
143.7653 1.8504
143.7763 1.8526
143.7873 1.8547
143.7982 1.8569
143.8092 1.8591
143.8202 1.8613
143.8312 1.8635
143.8421 1.8657
143.8531 1.8679
143.8641 1.8701
143.8750 1.8723
143.8860 1.8745
143.8970 1.8767
143.9079 1.8789
143.9189 1.8811
143.9299 1.8834
143.9408 1.8856
143.9518 1.8878
143.9628 1.8900
143.9737 1.8922
143.9847 1.8944
143.9957 1.8966
144.0066 1.8989
144.0176 1.9011
144.0285 1.9033
144.0395 1.9055
144.0504 1.9077
144.0614 1.9100
144.0724 1.9122
144.0833 1.9144
144.0943 1.9167
144.1052 1.9189
144.1162 1.9211
144.1271 1.9233
144.1381 1.9256
144.1490 1.9278
144.1600 1.9301
144.1709 1.9323
144.1819 1.9345
144.1928 1.9368
144.2038 1.9390
144.2147 1.9413
144.2256 1.9435
144.2366 1.9458
144.2475 1.9480
144.2585 1.9503
144.2694 1.9525
144.2803 1.9548
144.2913 1.9570
144.3022 1.9593
144.3132 1.9615
144.3241 1.9638
144.3350 1.9661
144.3460 1.9683
144.3569 1.9706
144.3678 1.9728
144.3788 1.9751
144.3897 1.9774
144.4006 1.9796
144.4116 1.9819
144.4225 1.9842
144.4334 1.9865
144.4443 1.9887
144.4553 1.9910
144.4662 1.9933
144.4771 1.9956
144.4880 1.9978
144.4990 2.0001
144.5099 2.0024
144.5208 2.0047
144.5317 2.0070
144.5426 2.0093
144.5536 2.0115
144.5645 2.0138
144.5754 2.0161
144.5863 2.0184
144.5972 2.0207
144.6081 2.0230
144.6190 2.0253
144.6300 2.0276
144.6409 2.0299
144.6518 2.0322
144.6627 2.0345
144.6736 2.0368
144.6845 2.0391
144.6954 2.0414
144.7063 2.0437
144.7172 2.0460
144.7281 2.0483
144.7390 2.0506
144.7499 2.0530
144.7608 2.0553
144.7717 2.0576
144.7826 2.0599
144.7935 2.0622
144.8044 2.0645
144.8153 2.0669
144.8262 2.0692
144.8371 2.0715
144.8480 2.0738
144.8589 2.0761
144.8698 2.0785
144.8807 2.0808
144.8916 2.0831
144.9025 2.0855
144.9134 2.0878
144.9243 2.0901
144.9351 2.0925
144.9460 2.0948
144.9569 2.0971
144.9678 2.0995
144.9787 2.1018
144.9896 2.1042
145.0005 2.1065
145.0113 2.1089
145.0222 2.1112
145.0331 2.1135
145.0440 2.1159
145.0549 2.1182
145.0657 2.1206
145.0766 2.1230
145.0875 2.1253
145.0984 2.1277
145.1092 2.1300
145.1201 2.1324
145.1310 2.1347
145.1419 2.1371
145.1527 2.1395
145.1636 2.1418
145.1745 2.1442
145.1853 2.1466
145.1962 2.1489
145.2071 2.1513
145.2179 2.1537
145.2288 2.1560
145.2397 2.1584
145.2505 2.1608
145.2614 2.1632
145.2722 2.1655
145.2831 2.1679
145.2940 2.1703
145.3048 2.1727
145.3157 2.1751
145.3265 2.1775
145.3374 2.1798
145.3483 2.1822
145.3591 2.1846
145.3700 2.1870
145.3808 2.1894
145.3917 2.1918
145.4025 2.1942
145.4134 2.1966
145.4242 2.1990
145.4351 2.2014
145.4459 2.2038
145.4568 2.2062
145.4676 2.2086
145.4784 2.2110
145.4893 2.2134
145.5001 2.2158
145.5110 2.2182
145.5218 2.2206
145.5327 2.2230
145.5435 2.2254
145.5543 2.2279
145.5652 2.2303
145.5760 2.2327
145.5868 2.2351
145.5977 2.2375
145.6085 2.2399
145.6193 2.2424
145.6302 2.2448
145.6410 2.2472
145.6518 2.2496
145.6627 2.2521
145.6735 2.2545
145.6843 2.2569
145.6951 2.2594
145.7060 2.2618
145.7168 2.2642
145.7276 2.2667
145.7384 2.2691
145.7493 2.2715
145.7601 2.2740
145.7709 2.2764
145.7817 2.2789
145.7925 2.2813
145.8034 2.2837
145.8142 2.2862
145.8250 2.2886
145.8358 2.2911
145.8466 2.2935
145.8574 2.2960
145.8682 2.2984
145.8791 2.3009
145.8899 2.3033
145.9007 2.3058
145.9115 2.3083
145.9223 2.3107
145.9331 2.3132
145.9439 2.3156
145.9547 2.3181
145.9655 2.3206
145.9763 2.3230
145.9871 2.3255
145.9979 2.3280
146.0087 2.3305
146.0195 2.3329
146.0303 2.3354
146.0411 2.3379
146.0519 2.3403
146.0627 2.3428
146.0735 2.3453
146.0843 2.3478
146.0951 2.3503
146.1059 2.3527
146.1167 2.3552
146.1275 2.3577
146.1383 2.3602
146.1490 2.3627
146.1598 2.3652
146.1706 2.3677
146.1814 2.3702
146.1922 2.3727
146.2030 2.3752
146.2138 2.3777
146.2245 2.3801
146.2353 2.3826
146.2461 2.3851
146.2569 2.3877
146.2677 2.3902
146.2784 2.3927
146.2892 2.3952
146.3000 2.3977
146.3108 2.4002
146.3215 2.4027
146.3323 2.4052
146.3431 2.4077
146.3539 2.4102
146.3646 2.4127
146.3754 2.4153
146.3862 2.4178
146.3969 2.4203
146.4077 2.4228
146.4185 2.4253
146.4292 2.4279
146.4400 2.4304
146.4508 2.4329
146.4615 2.4354
146.4723 2.4380
146.4830 2.4405
146.4938 2.4430
146.5046 2.4456
146.5153 2.4481
146.5261 2.4506
146.5368 2.4532
146.5476 2.4557
146.5583 2.4583
146.5691 2.4608
146.5798 2.4633
146.5906 2.4659
146.6013 2.4684
146.6121 2.4710
146.6228 2.4735
146.6336 2.4761
146.6443 2.4786
146.6551 2.4812
146.6658 2.4837
146.6766 2.4863
146.6873 2.4888
146.6980 2.4914
146.7088 2.4940
146.7195 2.4965
146.7303 2.4991
146.7410 2.5016
146.7517 2.5042
146.7625 2.5068
146.7732 2.5093
146.7839 2.5119
146.7947 2.5145
146.8054 2.5170
146.8161 2.5196
146.8269 2.5222
146.8376 2.5248
146.8483 2.5273
146.8591 2.5299
146.8698 2.5325
146.8805 2.5351
146.8912 2.5377
146.9020 2.5402
146.9127 2.5428
146.9234 2.5454
146.9341 2.5480
146.9448 2.5506
146.9556 2.5532
146.9663 2.5558
146.9770 2.5584
146.9877 2.5610
146.9984 2.5636
147.0091 2.5662
147.0199 2.5688
147.0306 2.5714
147.0413 2.5740
147.0520 2.5766
147.0627 2.5792
147.0734 2.5818
147.0841 2.5844
147.0948 2.5870
147.1055 2.5896
147.1162 2.5922
147.1269 2.5948
147.1376 2.5974
147.1483 2.6000
147.1590 2.6026
147.1697 2.6053
147.1804 2.6079
147.1911 2.6105
147.2018 2.6131
147.2125 2.6157
147.2232 2.6184
147.2339 2.6210
147.2446 2.6236
147.2553 2.6263
147.2660 2.6289
147.2767 2.6315
147.2874 2.6341
147.2981 2.6368
147.3088 2.6394
147.3195 2.6420
147.3301 2.6447
147.3408 2.6473
147.3515 2.6500
147.3622 2.6526
147.3729 2.6552
147.3836 2.6579
147.3942 2.6605
147.4049 2.6632
147.4156 2.6658
147.4263 2.6685
147.4369 2.6711
147.4476 2.6738
147.4583 2.6764
147.4690 2.6791
147.4796 2.6817
147.4903 2.6844
147.5010 2.6871
147.5117 2.6897
147.5223 2.6924
147.5330 2.6950
147.5437 2.6977
147.5543 2.7004
147.5650 2.7030
147.5757 2.7057
147.5863 2.7084
147.5970 2.7110
147.6076 2.7137
147.6183 2.7164
147.6290 2.7191
147.6396 2.7217
147.6503 2.7244
147.6609 2.7271
147.6716 2.7298
147.6822 2.7325
147.6929 2.7351
147.7035 2.7378
147.7142 2.7405
147.7249 2.7432
147.7355 2.7459
147.7462 2.7486
147.7568 2.7513
147.7674 2.7540
147.7781 2.7567
147.7887 2.7593
147.7994 2.7620
147.8100 2.7647
147.8207 2.7674
147.8313 2.7701
147.8419 2.7728
147.8526 2.7755
147.8632 2.7782
147.8739 2.7810
147.8845 2.7837
147.8951 2.7864
147.9058 2.7891
147.9164 2.7918
147.9270 2.7945
147.9377 2.7972
147.9483 2.7999
147.9589 2.8026
147.9696 2.8054
147.9802 2.8081
147.9908 2.8108
148.0014 2.8135
148.0121 2.8162
148.0227 2.8190
148.0333 2.8217
148.0439 2.8244
148.0545 2.8271
148.0652 2.8299
148.0758 2.8326
148.0864 2.8353
148.0970 2.8381
148.1076 2.8408
148.1182 2.8435
148.1289 2.8463
148.1395 2.8490
148.1501 2.8518
148.1607 2.8545
148.1713 2.8572
148.1819 2.8600
148.1925 2.8627
148.2031 2.8655
148.2137 2.8682
148.2243 2.8710
148.2349 2.8737
148.2455 2.8765
148.2561 2.8792
148.2667 2.8820
148.2773 2.8847
148.2879 2.8875
148.2985 2.8903
148.3091 2.8930
148.3197 2.8958
148.3303 2.8985
148.3409 2.9013
148.3515 2.9041
148.3621 2.9068
148.3727 2.9096
148.3833 2.9124
148.3939 2.9151
148.4045 2.9179
148.4151 2.9207
148.4256 2.9235
148.4362 2.9262
148.4468 2.9290
148.4574 2.9318
148.4680 2.9346
148.4786 2.9374
148.4891 2.9401
148.4997 2.9429
148.5103 2.9457
148.5209 2.9485
148.5315 2.9513
148.5420 2.9541
148.5526 2.9569
148.5632 2.9597
148.5737 2.9624
148.5843 2.9652
148.5949 2.9680
148.6055 2.9708
148.6160 2.9736
148.6266 2.9764
148.6372 2.9792
148.6477 2.9820
148.6583 2.9848
148.6689 2.9876
148.6794 2.9905
148.6900 2.9933
148.7005 2.9961
148.7111 2.9989
148.7217 3.0017
148.7322 3.0045
148.7428 3.0073
148.7533 3.0101
148.7639 3.0130
148.7744 3.0158
148.7850 3.0186
148.7955 3.0214
148.8061 3.0242
148.8166 3.0271
148.8272 3.0299
148.8377 3.0327
148.8483 3.0355
148.8588 3.0384
148.8694 3.0412
148.8799 3.0440
148.8905 3.0469
148.9010 3.0497
148.9115 3.0525
148.9221 3.0554
148.9326 3.0582
148.9432 3.0610
148.9537 3.0639
148.9642 3.0667
148.9748 3.0696
148.9853 3.0724
148.9958 3.0753
149.0064 3.0781
149.0169 3.0810
149.0274 3.0838
149.0379 3.0867
149.0485 3.0895
149.0590 3.0924
149.0695 3.0952
149.0801 3.0981
149.0906 3.1009
149.1011 3.1038
149.1116 3.1067
149.1221 3.1095
149.1327 3.1124
149.1432 3.1152
149.1537 3.1181
149.1642 3.1210
149.1747 3.1238
149.1852 3.1267
149.1958 3.1296
149.2063 3.1325
149.2168 3.1353
149.2273 3.1382
149.2378 3.1411
149.2483 3.1440
149.2588 3.1468
149.2693 3.1497
149.2798 3.1526
149.2903 3.1555
149.3008 3.1584
149.3113 3.1612
149.3218 3.1641
149.3323 3.1670
149.3428 3.1699
149.3533 3.1728
149.3638 3.1757
149.3743 3.1786
149.3848 3.1815
149.3953 3.1844
149.4058 3.1873
149.4163 3.1902
149.4268 3.1931
149.4373 3.1960
149.4478 3.1989
149.4583 3.2018
149.4687 3.2047
149.4792 3.2076
149.4897 3.2105
149.5002 3.2134
149.5107 3.2163
149.5212 3.2192
149.5316 3.2221
149.5421 3.2251
149.5526 3.2280
149.5631 3.2309
149.5736 3.2338
149.5840 3.2367
149.5945 3.2396
149.6050 3.2426
149.6155 3.2455
149.6259 3.2484
149.6364 3.2513
149.6469 3.2543
149.6573 3.2572
149.6678 3.2601
149.6783 3.2631
149.6887 3.2660
149.6992 3.2689
149.7097 3.2719
149.7201 3.2748
149.7306 3.2777
149.7410 3.2807
149.7515 3.2836
149.7620 3.2866
149.7724 3.2895
149.7829 3.2924
149.7933 3.2954
149.8038 3.2983
149.8142 3.3013
149.8247 3.3042
149.8351 3.3072
149.8456 3.3101
149.8560 3.3131
149.8665 3.3160
149.8769 3.3190
149.8874 3.3220
149.8978 3.3249
149.9083 3.3279
149.9187 3.3308
149.9292 3.3338
149.9396 3.3368
149.9500 3.3397
149.9605 3.3427
149.9709 3.3457
149.9814 3.3486
149.9918 3.3516
150.0022 3.3546
150.0127 3.3575
150.0231 3.3605
150.0335 3.3635
150.0440 3.3665
150.0544 3.3694
150.0648 3.3724
150.0752 3.3754
150.0857 3.3784
150.0961 3.3814
150.1065 3.3844
150.1169 3.3873
150.1274 3.3903
150.1378 3.3933
150.1482 3.3963
150.1586 3.3993
150.1690 3.4023
150.1795 3.4053
150.1899 3.4083
150.2003 3.4113
150.2107 3.4143
150.2211 3.4173
150.2315 3.4203
150.2419 3.4233
150.2523 3.4263
150.2628 3.4293
150.2732 3.4323
150.2836 3.4353
150.2940 3.4383
150.3044 3.4413
150.3148 3.4443
150.3252 3.4473
150.3356 3.4503
150.3460 3.4534
150.3564 3.4564
150.3668 3.4594
150.3772 3.4624
150.3876 3.4654
150.3980 3.4684
150.4084 3.4715
150.4188 3.4745
150.4292 3.4775
150.4395 3.4805
150.4499 3.4836
150.4603 3.4866
150.4707 3.4896
150.4811 3.4927
150.4915 3.4957
150.5019 3.4987
150.5123 3.5018
150.5226 3.5048
150.5330 3.5078
150.5434 3.5109
150.5538 3.5139
150.5642 3.5169
150.5745 3.5200
150.5849 3.5230
150.5953 3.5261
150.6057 3.5291
150.6160 3.5322
150.6264 3.5352
150.6368 3.5383
150.6471 3.5413
150.6575 3.5444
150.6679 3.5474
150.6783 3.5505
150.6886 3.5535
150.6990 3.5566
150.7093 3.5597
150.7197 3.5627
150.7301 3.5658
150.7404 3.5688
150.7508 3.5719
150.7611 3.5750
150.7715 3.5780
150.7819 3.5811
150.7922 3.5842
150.8026 3.5872
150.8129 3.5903
150.8233 3.5934
150.8336 3.5965
150.8440 3.5995
150.8543 3.6026
150.8647 3.6057
150.8750 3.6088
150.8854 3.6119
150.8957 3.6149
150.9061 3.6180
150.9164 3.6211
150.9267 3.6242
150.9371 3.6273
150.9474 3.6304
150.9578 3.6335
150.9681 3.6365
150.9784 3.6396
150.9888 3.6427
150.9991 3.6458
151.0094 3.6489
151.0198 3.6520
151.0301 3.6551
151.0404 3.6582
151.0508 3.6613
151.0611 3.6644
151.0714 3.6675
151.0817 3.6706
151.0921 3.6737
151.1024 3.6768
151.1127 3.6800
151.1230 3.6831
151.1334 3.6862
151.1437 3.6893
151.1540 3.6924
151.1643 3.6955
151.1746 3.6986
151.1849 3.7018
151.1953 3.7049
151.2056 3.7080
151.2159 3.7111
151.2262 3.7142
151.2365 3.7174
151.2468 3.7205
151.2571 3.7236
151.2674 3.7267
151.2777 3.7299
151.2880 3.7330
151.2983 3.7361
151.3086 3.7393
151.3189 3.7424
151.3292 3.7455
151.3395 3.7487
151.3498 3.7518
151.3601 3.7549
151.3704 3.7581
151.3807 3.7612
151.3910 3.7644
151.4013 3.7675
151.4116 3.7707
151.4219 3.7738
151.4322 3.7770
151.4425 3.7801
151.4528 3.7833
151.4631 3.7864
151.4733 3.7896
151.4836 3.7927
151.4939 3.7959
151.5042 3.7990
151.5145 3.8022
151.5248 3.8053
151.5350 3.8085
151.5453 3.8117
151.5556 3.8148
151.5659 3.8180
151.5761 3.8212
151.5864 3.8243
151.5967 3.8275
151.6070 3.8307
151.6172 3.8338
151.6275 3.8370
151.6378 3.8402
151.6480 3.8434
151.6583 3.8465
151.6686 3.8497
151.6788 3.8529
151.6891 3.8561
151.6993 3.8593
151.7096 3.8624
151.7199 3.8656
151.7301 3.8688
151.7404 3.8720
151.7506 3.8752
151.7609 3.8784
151.7712 3.8816
151.7814 3.8847
151.7917 3.8879
151.8019 3.8911
151.8122 3.8943
151.8224 3.8975
151.8327 3.9007
151.8429 3.9039
151.8531 3.9071
151.8634 3.9103
151.8736 3.9135
151.8839 3.9167
151.8941 3.9199
151.9044 3.9231
151.9146 3.9263
151.9248 3.9296
151.9351 3.9328
151.9453 3.9360
151.9555 3.9392
151.9658 3.9424
151.9760 3.9456
151.9862 3.9488
151.9965 3.9520
152.0067 3.9553
152.0169 3.9585
152.0272 3.9617
152.0374 3.9649
152.0476 3.9682
152.0578 3.9714
152.0681 3.9746
152.0783 3.9778
152.0885 3.9811
152.0987 3.9843
152.1089 3.9875
152.1192 3.9908
152.1294 3.9940
152.1396 3.9972
152.1498 4.0005
152.1600 4.0037
152.1702 4.0069
152.1804 4.0102
152.1906 4.0134
152.2009 4.0167
152.2111 4.0199
152.2213 4.0231
152.2315 4.0264
152.2417 4.0296
152.2519 4.0329
152.2621 4.0361
152.2723 4.0394
152.2825 4.0426
152.2927 4.0459
152.3029 4.0492
152.3131 4.0524
152.3233 4.0557
152.3335 4.0589
152.3437 4.0622
152.3539 4.0654
152.3641 4.0687
152.3742 4.0720
152.3844 4.0752
152.3946 4.0785
152.4048 4.0818
152.4150 4.0850
152.4252 4.0883
152.4354 4.0916
152.4455 4.0948
152.4557 4.0981
152.4659 4.1014
152.4761 4.1047
152.4863 4.1079
152.4964 4.1112
152.5066 4.1145
152.5168 4.1178
152.5270 4.1211
152.5371 4.1244
152.5473 4.1276
152.5575 4.1309
152.5677 4.1342
152.5778 4.1375
152.5880 4.1408
152.5982 4.1441
152.6083 4.1474
152.6185 4.1507
152.6287 4.1540
152.6388 4.1573
152.6490 4.1606
152.6591 4.1639
152.6693 4.1672
152.6795 4.1705
152.6896 4.1738
152.6998 4.1771
152.7099 4.1804
152.7201 4.1837
152.7302 4.1870
152.7404 4.1903
152.7505 4.1936
152.7607 4.1969
152.7708 4.2002
152.7810 4.2035
152.7911 4.2068
152.8013 4.2102
152.8114 4.2135
152.8215 4.2168
152.8317 4.2201
152.8418 4.2234
152.8520 4.2268
152.8621 4.2301
152.8722 4.2334
152.8824 4.2367
152.8925 4.2401
152.9026 4.2434
152.9128 4.2467
152.9229 4.2500
152.9330 4.2534
152.9432 4.2567
152.9533 4.2600
152.9634 4.2634
152.9736 4.2667
152.9837 4.2700
152.9938 4.2734
153.0039 4.2767
153.0140 4.2801
153.0242 4.2834
153.0343 4.2868
153.0444 4.2901
153.0545 4.2934
153.0646 4.2968
153.0748 4.3001
153.0849 4.3035
153.0950 4.3068
153.1051 4.3102
153.1152 4.3135
153.1253 4.3169
153.1354 4.3203
153.1455 4.3236
153.1556 4.3270
153.1657 4.3303
153.1758 4.3337
153.1859 4.3371
153.1960 4.3404
153.2061 4.3438
153.2162 4.3471
153.2263 4.3505
153.2364 4.3539
153.2465 4.3573
153.2566 4.3606
153.2667 4.3640
153.2768 4.3674
153.2869 4.3707
153.2970 4.3741
153.3071 4.3775
153.3172 4.3809
153.3273 4.3842
153.3374 4.3876
153.3474 4.3910
153.3575 4.3944
153.3676 4.3978
153.3777 4.4012
153.3878 4.4045
153.3979 4.4079
153.4079 4.4113
153.4180 4.4147
153.4281 4.4181
153.4382 4.4215
153.4482 4.4249
153.4583 4.4283
153.4684 4.4317
153.4784 4.4351
153.4885 4.4385
153.4986 4.4419
153.5087 4.4453
153.5187 4.4487
153.5288 4.4521
153.5388 4.4555
153.5489 4.4589
153.5590 4.4623
153.5690 4.4657
153.5791 4.4691
153.5892 4.4725
153.5992 4.4759
153.6093 4.4794
153.6193 4.4828
153.6294 4.4862
153.6394 4.4896
153.6495 4.4930
153.6595 4.4964
153.6696 4.4999
153.6796 4.5033
153.6897 4.5067
153.6997 4.5101
153.7098 4.5136
153.7198 4.5170
153.7299 4.5204
153.7399 4.5238
153.7499 4.5273
153.7600 4.5307
153.7700 4.5341
153.7801 4.5376
153.7901 4.5410
153.8001 4.5444
153.8102 4.5479
153.8202 4.5513
153.8302 4.5547
153.8403 4.5582
153.8503 4.5616
153.8603 4.5651
153.8703 4.5685
153.8804 4.5720
153.8904 4.5754
153.9004 4.5789
153.9104 4.5823
153.9205 4.5858
153.9305 4.5892
153.9405 4.5927
153.9505 4.5961
153.9605 4.5996
153.9706 4.6030
153.9806 4.6065
153.9906 4.6099
154.0006 4.6134
154.0106 4.6169
154.0206 4.6203
154.0306 4.6238
154.0406 4.6273
154.0506 4.6307
154.0607 4.6342
154.0707 4.6377
154.0807 4.6411
154.0907 4.6446
154.1007 4.6481
154.1107 4.6515
154.1207 4.6550
154.1307 4.6585
154.1407 4.6620
154.1507 4.6654
154.1607 4.6689
154.1706 4.6724
154.1806 4.6759
154.1906 4.6794
154.2006 4.6829
154.2106 4.6863
154.2206 4.6898
154.2306 4.6933
154.2406 4.6968
154.2506 4.7003
154.2605 4.7038
154.2705 4.7073
154.2805 4.7108
154.2905 4.7143
154.3005 4.7178
154.3104 4.7213
154.3204 4.7248
154.3304 4.7283
154.3404 4.7318
154.3503 4.7353
154.3603 4.7388
154.3703 4.7423
154.3803 4.7458
154.3902 4.7493
154.4002 4.7528
154.4102 4.7563
154.4201 4.7598
154.4301 4.7633
154.4401 4.7668
154.4500 4.7703
154.4600 4.7739
154.4699 4.7774
154.4799 4.7809
154.4899 4.7844
154.4998 4.7879
154.5098 4.7914
154.5197 4.7950
154.5297 4.7985
154.5396 4.8020
154.5496 4.8055
154.5595 4.8091
154.5695 4.8126
154.5794 4.8161
154.5894 4.8196
154.5993 4.8232
154.6093 4.8267
154.6192 4.8302
154.6292 4.8338
154.6391 4.8373
154.6490 4.8409
154.6590 4.8444
154.6689 4.8479
154.6788 4.8515
154.6888 4.8550
154.6987 4.8586
154.7087 4.8621
154.7186 4.8656
154.7285 4.8692
154.7384 4.8727
154.7484 4.8763
154.7583 4.8798
154.7682 4.8834
154.7782 4.8869
154.7881 4.8905
154.7980 4.8941
154.8079 4.8976
154.8178 4.9012
154.8278 4.9047
154.8377 4.9083
154.8476 4.9118
154.8575 4.9154
154.8674 4.9190
154.8773 4.9225
154.8873 4.9261
154.8972 4.9297
154.9071 4.9332
154.9170 4.9368
154.9269 4.9404
154.9368 4.9439
154.9467 4.9475
154.9566 4.9511
154.9665 4.9547
154.9764 4.9582
154.9863 4.9618
154.9962 4.9654
155.0061 4.9690
155.0160 4.9726
155.0259 4.9761
155.0358 4.9797
155.0457 4.9833
155.0556 4.9869
155.0655 4.9905
155.0754 4.9941
155.0853 4.9977
155.0952 5.0012
155.1051 5.0048
155.1149 5.0084
155.1248 5.0120
155.1347 5.0156
155.1446 5.0192
155.1545 5.0228
155.1644 5.0264
155.1742 5.0300
155.1841 5.0336
155.1940 5.0372
155.2039 5.0408
155.2138 5.0444
155.2236 5.0480
155.2335 5.0516
155.2434 5.0552
155.2532 5.0588
155.2631 5.0625
155.2730 5.0661
155.2829 5.0697
155.2927 5.0733
155.3026 5.0769
155.3124 5.0805
155.3223 5.0841
155.3322 5.0878
155.3420 5.0914
155.3519 5.0950
155.3618 5.0986
155.3716 5.1022
155.3815 5.1059
155.3913 5.1095
155.4012 5.1131
155.4110 5.1167
155.4209 5.1204
155.4307 5.1240
155.4406 5.1276
155.4504 5.1313
155.4603 5.1349
155.4701 5.1385
155.4800 5.1422
155.4898 5.1458
155.4997 5.1494
155.5095 5.1531
155.5193 5.1567
155.5292 5.1604
155.5390 5.1640
155.5489 5.1676
155.5587 5.1713
155.5685 5.1749
155.5784 5.1786
155.5882 5.1822
155.5980 5.1859
155.6079 5.1895
155.6177 5.1932
155.6275 5.1968
155.6373 5.2005
155.6472 5.2041
155.6570 5.2078
155.6668 5.2114
155.6766 5.2151
155.6865 5.2188
155.6963 5.2224
155.7061 5.2261
155.7159 5.2297
155.7257 5.2334
155.7355 5.2371
155.7454 5.2407
155.7552 5.2444
155.7650 5.2481
155.7748 5.2517
155.7846 5.2554
155.7944 5.2591
155.8042 5.2628
155.8140 5.2664
155.8238 5.2701
155.8336 5.2738
155.8434 5.2775
155.8532 5.2811
155.8630 5.2848
155.8728 5.2885
155.8826 5.2922
155.8924 5.2959
155.9022 5.2996
155.9120 5.3032
155.9218 5.3069
155.9316 5.3106
155.9414 5.3143
155.9512 5.3180
155.9610 5.3217
155.9708 5.3254
155.9806 5.3291
155.9903 5.3328
156.0001 5.3365
156.0099 5.3402
156.0197 5.3439
156.0295 5.3476
156.0393 5.3513
156.0490 5.3550
156.0588 5.3587
156.0686 5.3624
156.0784 5.3661
156.0881 5.3698
156.0979 5.3735
156.1077 5.3772
156.1175 5.3809
156.1272 5.3846
156.1370 5.3883
156.1468 5.3920
156.1565 5.3958
156.1663 5.3995
156.1761 5.4032
156.1858 5.4069
156.1956 5.4106
156.2053 5.4143
156.2151 5.4181
156.2249 5.4218
156.2346 5.4255
156.2444 5.4292
156.2541 5.4330
156.2639 5.4367
156.2736 5.4404
156.2834 5.4441
156.2931 5.4479
156.3029 5.4516
156.3126 5.4553
156.3224 5.4591
156.3321 5.4628
156.3419 5.4665
156.3516 5.4703
156.3614 5.4740
156.3711 5.4777
156.3808 5.4815
156.3906 5.4852
156.4003 5.4890
156.4101 5.4927
156.4198 5.4965
156.4295 5.5002
156.4393 5.5039
156.4490 5.5077
156.4587 5.5114
156.4685 5.5152
156.4782 5.5189
156.4879 5.5227
156.4976 5.5265
156.5074 5.5302
156.5171 5.5340
156.5268 5.5377
156.5365 5.5415
156.5463 5.5452
156.5560 5.5490
156.5657 5.5528
156.5754 5.5565
156.5851 5.5603
156.5948 5.5640
156.6046 5.5678
156.6143 5.5716
156.6240 5.5753
156.6337 5.5791
156.6434 5.5829
156.6531 5.5867
156.6628 5.5904
156.6725 5.5942
156.6822 5.5980
156.6919 5.6018
156.7016 5.6055
156.7113 5.6093
156.7210 5.6131
156.7307 5.6169
156.7404 5.6206
156.7501 5.6244
156.7598 5.6282
156.7695 5.6320
156.7792 5.6358
156.7889 5.6396
156.7986 5.6434
156.8083 5.6471
156.8180 5.6509
156.8277 5.6547
156.8373 5.6585
156.8470 5.6623
156.8567 5.6661
156.8664 5.6699
156.8761 5.6737
156.8858 5.6775
156.8954 5.6813
156.9051 5.6851
156.9148 5.6889
156.9245 5.6927
156.9341 5.6965
156.9438 5.7003
156.9535 5.7041
156.9632 5.7079
156.9728 5.7117
156.9825 5.7155
156.9922 5.7194
157.0018 5.7232
157.0115 5.7270
157.0212 5.7308
157.0308 5.7346
157.0405 5.7384
157.0501 5.7422
157.0598 5.7461
157.0695 5.7499
157.0791 5.7537
157.0888 5.7575
157.0984 5.7613
157.1081 5.7652
157.1177 5.7690
157.1274 5.7728
157.1370 5.7766
157.1467 5.7805
157.1563 5.7843
157.1660 5.7881
157.1756 5.7920
157.1853 5.7958
157.1949 5.7996
157.2046 5.8035
157.2142 5.8073
157.2239 5.8111
157.2335 5.8150
157.2431 5.8188
157.2528 5.8226
157.2624 5.8265
157.2720 5.8303
157.2817 5.8342
157.2913 5.8380
157.3009 5.8419
157.3106 5.8457
157.3202 5.8495
157.3298 5.8534
157.3394 5.8572
157.3491 5.8611
157.3587 5.8650
157.3683 5.8688
157.3779 5.8727
157.3876 5.8765
157.3972 5.8804
157.4068 5.8842
157.4164 5.8881
157.4260 5.8919
157.4356 5.8958
157.4453 5.8997
157.4549 5.9035
157.4645 5.9074
157.4741 5.9113
157.4837 5.9151
157.4933 5.9190
157.5029 5.9229
157.5125 5.9267
157.5221 5.9306
157.5317 5.9345
157.5413 5.9383
157.5509 5.9422
157.5605 5.9461
157.5701 5.9500
157.5797 5.9538
157.5893 5.9577
157.5989 5.9616
157.6085 5.9655
157.6181 5.9694
157.6277 5.9732
157.6373 5.9771
157.6469 5.9810
157.6565 5.9849
157.6661 5.9888
157.6757 5.9927
157.6852 5.9966
157.6948 6.0005
157.7044 6.0043
157.7140 6.0082
157.7236 6.0121
157.7331 6.0160
157.7427 6.0199
157.7523 6.0238
157.7619 6.0277
157.7715 6.0316
157.7810 6.0355
157.7906 6.0394
157.8002 6.0433
157.8097 6.0472
157.8193 6.0511
157.8289 6.0550
157.8384 6.0589
157.8480 6.0628
157.8576 6.0667
157.8671 6.0707
157.8767 6.0746
157.8863 6.0785
157.8958 6.0824
157.9054 6.0863
157.9149 6.0902
157.9245 6.0941
157.9340 6.0980
157.9436 6.1020
157.9532 6.1059
157.9627 6.1098
157.9723 6.1137
157.9818 6.1176
157.9914 6.1216
158.0009 6.1255
158.0104 6.1294
158.0200 6.1333
158.0295 6.1373
158.0391 6.1412
158.0486 6.1451
158.0582 6.1491
158.0677 6.1530
158.0772 6.1569
158.0868 6.1609
158.0963 6.1648
158.1058 6.1687
158.1154 6.1727
158.1249 6.1766
158.1344 6.1805
158.1440 6.1845
158.1535 6.1884
158.1630 6.1924
158.1726 6.1963
158.1821 6.2003
158.1916 6.2042
158.2011 6.2081
158.2107 6.2121
158.2202 6.2160
158.2297 6.2200
158.2392 6.2239
158.2487 6.2279
158.2582 6.2319
158.2678 6.2358
158.2773 6.2398
158.2868 6.2437
158.2963 6.2477
158.3058 6.2516
158.3153 6.2556
158.3248 6.2596
158.3343 6.2635
158.3438 6.2675
158.3533 6.2714
158.3628 6.2754
158.3723 6.2794
158.3818 6.2833
158.3913 6.2873
158.4008 6.2913
158.4103 6.2952
158.4198 6.2992
158.4293 6.3032
158.4388 6.3072
158.4483 6.3111
158.4578 6.3151
158.4673 6.3191
158.4768 6.3231
158.4863 6.3270
158.4958 6.3310
158.5053 6.3350
158.5147 6.3390
158.5242 6.3430
158.5337 6.3469
158.5432 6.3509
158.5527 6.3549
158.5622 6.3589
158.5716 6.3629
158.5811 6.3669
158.5906 6.3709
158.6001 6.3749
158.6095 6.3789
158.6190 6.3828
158.6285 6.3868
158.6379 6.3908
158.6474 6.3948
158.6569 6.3988
158.6663 6.4028
158.6758 6.4068
158.6853 6.4108
158.6947 6.4148
158.7042 6.4188
158.7137 6.4228
158.7231 6.4268
158.7326 6.4308
158.7420 6.4348
158.7515 6.4389
158.7609 6.4429
158.7704 6.4469
158.7799 6.4509
158.7893 6.4549
158.7988 6.4589
158.8082 6.4629
158.8177 6.4669
158.8271 6.4710
158.8365 6.4750
158.8460 6.4790
158.8554 6.4830
158.8649 6.4870
158.8743 6.4910
158.8838 6.4951
158.8932 6.4991
158.9026 6.5031
158.9121 6.5071
158.9215 6.5112
158.9309 6.5152
158.9404 6.5192
158.9498 6.5233
158.9592 6.5273
158.9687 6.5313
158.9781 6.5354
158.9875 6.5394
158.9969 6.5434
159.0064 6.5475
159.0158 6.5515
159.0252 6.5555
159.0346 6.5596
159.0441 6.5636
159.0535 6.5676
159.0629 6.5717
159.0723 6.5757
159.0817 6.5798
159.0911 6.5838
159.1006 6.5879
159.1100 6.5919
159.1194 6.5960
159.1288 6.6000
159.1382 6.6041
159.1476 6.6081
159.1570 6.6122
159.1664 6.6162
159.1758 6.6203
159.1852 6.6243
159.1946 6.6284
159.2040 6.6324
159.2134 6.6365
159.2228 6.6406
159.2322 6.6446
159.2416 6.6487
159.2510 6.6527
159.2604 6.6568
159.2698 6.6609
159.2792 6.6649
159.2886 6.6690
159.2980 6.6731
159.3074 6.6771
159.3167 6.6812
159.3261 6.6853
159.3355 6.6893
159.3449 6.6934
159.3543 6.6975
159.3637 6.7016
159.3730 6.7056
159.3824 6.7097
159.3918 6.7138
159.4012 6.7179
159.4106 6.7220
159.4199 6.7260
159.4293 6.7301
159.4387 6.7342
159.4480 6.7383
159.4574 6.7424
159.4668 6.7465
159.4762 6.7505
159.4855 6.7546
159.4949 6.7587
159.5042 6.7628
159.5136 6.7669
159.5230 6.7710
159.5323 6.7751
159.5417 6.7792
159.5510 6.7833
159.5604 6.7874
159.5698 6.7915
159.5791 6.7956
159.5885 6.7997
159.5978 6.8038
159.6072 6.8079
159.6165 6.8120
159.6259 6.8161
159.6352 6.8202
159.6446 6.8243
159.6539 6.8284
159.6633 6.8325
159.6726 6.8366
159.6819 6.8407
159.6913 6.8448
159.7006 6.8489
159.7100 6.8530
159.7193 6.8572
159.7286 6.8613
159.7380 6.8654
159.7473 6.8695
159.7566 6.8736
159.7660 6.8777
159.7753 6.8819
159.7846 6.8860
159.7940 6.8901
159.8033 6.8942
159.8126 6.8983
159.8219 6.9025
159.8313 6.9066
159.8406 6.9107
159.8499 6.9148
159.8592 6.9190
159.8685 6.9231
159.8779 6.9272
159.8872 6.9314
159.8965 6.9355
159.9058 6.9396
159.9151 6.9438
159.9244 6.9479
159.9337 6.9520
159.9430 6.9562
159.9524 6.9603
159.9617 6.9644
159.9710 6.9686
159.9803 6.9727
159.9896 6.9769
159.9989 6.9810
160.0082 6.9852
160.0175 6.9893
160.0268 6.9934
160.0361 6.9976
160.0454 7.0017
160.0547 7.0059
160.0640 7.0100
160.0733 7.0142
160.0826 7.0183
160.0918 7.0225
160.1011 7.0267
160.1104 7.0308
160.1197 7.0350
160.1290 7.0391
160.1383 7.0433
160.1476 7.0474
160.1569 7.0516
160.1661 7.0558
160.1754 7.0599
160.1847 7.0641
160.1940 7.0682
160.2033 7.0724
160.2125 7.0766
160.2218 7.0807
160.2311 7.0849
160.2404 7.0891
160.2496 7.0933
160.2589 7.0974
160.2682 7.1016
160.2774 7.1058
160.2867 7.1099
160.2960 7.1141
160.3052 7.1183
160.3145 7.1225
160.3238 7.1266
160.3330 7.1308
160.3423 7.1350
160.3515 7.1392
160.3608 7.1434
160.3701 7.1475
160.3793 7.1517
160.3886 7.1559
160.3978 7.1601
160.4071 7.1643
160.4163 7.1685
160.4256 7.1727
160.4348 7.1769
160.4441 7.1810
160.4533 7.1852
160.4626 7.1894
160.4718 7.1936
160.4810 7.1978
160.4903 7.2020
160.4995 7.2062
160.5088 7.2104
160.5180 7.2146
160.5272 7.2188
160.5365 7.2230
160.5457 7.2272
160.5550 7.2314
160.5642 7.2356
160.5734 7.2398
160.5826 7.2440
160.5919 7.2482
160.6011 7.2524
160.6103 7.2566
160.6196 7.2608
160.6288 7.2651
160.6380 7.2693
160.6472 7.2735
160.6565 7.2777
160.6657 7.2819
160.6749 7.2861
160.6841 7.2903
160.6933 7.2946
160.7025 7.2988
160.7118 7.3030
160.7210 7.3072
160.7302 7.3114
160.7394 7.3157
160.7486 7.3199
160.7578 7.3241
160.7670 7.3283
160.7762 7.3326
160.7854 7.3368
160.7946 7.3410
160.8038 7.3452
160.8130 7.3495
160.8222 7.3537
160.8314 7.3579
160.8406 7.3622
160.8498 7.3664
160.8590 7.3706
160.8682 7.3749
160.8774 7.3791
160.8866 7.3833
160.8958 7.3876
160.9050 7.3918
160.9142 7.3960
160.9234 7.4003
160.9326 7.4045
160.9417 7.4088
160.9509 7.4130
160.9601 7.4173
160.9693 7.4215
160.9785 7.4258
160.9877 7.4300
160.9968 7.4343
161.0060 7.4385
161.0152 7.4428
161.0244 7.4470
161.0335 7.4513
161.0427 7.4555
161.0519 7.4598
161.0611 7.4640
161.0702 7.4683
161.0794 7.4725
161.0886 7.4768
161.0977 7.4810
161.1069 7.4853
161.1161 7.4896
161.1252 7.4938
161.1344 7.4981
161.1435 7.5024
161.1527 7.5066
161.1619 7.5109
161.1710 7.5152
161.1802 7.5194
161.1893 7.5237
161.1985 7.5280
161.2076 7.5322
161.2168 7.5365
161.2259 7.5408
161.2351 7.5450
161.2442 7.5493
161.2534 7.5536
161.2625 7.5579
161.2717 7.5621
161.2808 7.5664
161.2900 7.5707
161.2991 7.5750
161.3082 7.5793
161.3174 7.5835
161.3265 7.5878
161.3356 7.5921
161.3448 7.5964
161.3539 7.6007
161.3631 7.6050
161.3722 7.6093
161.3813 7.6135
161.3904 7.6178
161.3996 7.6221
161.4087 7.6264
161.4178 7.6307
161.4270 7.6350
161.4361 7.6393
161.4452 7.6436
161.4543 7.6479
161.4634 7.6522
161.4726 7.6565
161.4817 7.6608
161.4908 7.6651
161.4999 7.6694
161.5090 7.6737
161.5181 7.6780
161.5273 7.6823
161.5364 7.6866
161.5455 7.6909
161.5546 7.6952
161.5637 7.6995
161.5728 7.7038
161.5819 7.7081
161.5910 7.7124
161.6001 7.7167
161.6092 7.7211
161.6183 7.7254
161.6274 7.7297
161.6365 7.7340
161.6456 7.7383
161.6547 7.7426
161.6638 7.7469
161.6729 7.7513
161.6820 7.7556
161.6911 7.7599
161.7002 7.7642
161.7093 7.7685
161.7184 7.7729
161.7274 7.7772
161.7365 7.7815
161.7456 7.7858
161.7547 7.7902
161.7638 7.7945
161.7729 7.7988
161.7819 7.8032
161.7910 7.8075
161.8001 7.8118
161.8092 7.8162
161.8182 7.8205
161.8273 7.8248
161.8364 7.8292
161.8455 7.8335
161.8545 7.8378
161.8636 7.8422
161.8727 7.8465
161.8818 7.8508
161.8908 7.8552
161.8999 7.8595
161.9089 7.8639
161.9180 7.8682
161.9271 7.8726
161.9361 7.8769
161.9452 7.8812
161.9543 7.8856
161.9633 7.8899
161.9724 7.8943
161.9814 7.8986
161.9905 7.9030
161.9995 7.9073
162.0086 7.9117
162.0176 7.9160
162.0267 7.9204
162.0357 7.9248
162.0448 7.9291
162.0538 7.9335
162.0629 7.9378
162.0719 7.9422
162.0810 7.9465
162.0900 7.9509
162.0990 7.9553
162.1081 7.9596
162.1171 7.9640
162.1262 7.9684
162.1352 7.9727
162.1442 7.9771
162.1533 7.9815
162.1623 7.9858
162.1713 7.9902
162.1804 7.9946
162.1894 7.9989
162.1984 8.0033
162.2074 8.0077
162.2165 8.0121
162.2255 8.0164
162.2345 8.0208
162.2435 8.0252
162.2526 8.0296
162.2616 8.0339
162.2706 8.0383
162.2796 8.0427
162.2886 8.0471
162.2977 8.0515
162.3067 8.0558
162.3157 8.0602
162.3247 8.0646
162.3337 8.0690
162.3427 8.0734
162.3517 8.0778
162.3607 8.0821
162.3697 8.0865
162.3787 8.0909
162.3878 8.0953
162.3968 8.0997
162.4058 8.1041
162.4148 8.1085
162.4238 8.1129
162.4328 8.1173
162.4418 8.1217
162.4508 8.1261
162.4597 8.1305
162.4687 8.1349
162.4777 8.1393
162.4867 8.1437
162.4957 8.1481
162.5047 8.1525
162.5137 8.1569
162.5227 8.1613
162.5317 8.1657
162.5407 8.1701
162.5496 8.1745
162.5586 8.1789
162.5676 8.1833
162.5766 8.1877
162.5856 8.1921
162.5945 8.1965
162.6035 8.2010
162.6125 8.2054
162.6215 8.2098
162.6304 8.2142
162.6394 8.2186
162.6484 8.2230
162.6574 8.2275
162.6663 8.2319
162.6753 8.2363
162.6843 8.2407
162.6932 8.2451
162.7022 8.2496
162.7112 8.2540
162.7201 8.2584
162.7291 8.2628
162.7380 8.2672
162.7470 8.2717
162.7560 8.2761
162.7649 8.2805
162.7739 8.2850
162.7828 8.2894
162.7918 8.2938
162.8007 8.2983
162.8097 8.3027
162.8186 8.3071
162.8276 8.3116
162.8365 8.3160
162.8455 8.3204
162.8544 8.3249
162.8634 8.3293
162.8723 8.3337
162.8813 8.3382
162.8902 8.3426
162.8991 8.3471
162.9081 8.3515
162.9170 8.3559
162.9260 8.3604
162.9349 8.3648
162.9438 8.3693
162.9528 8.3737
162.9617 8.3782
162.9706 8.3826
162.9796 8.3871
162.9885 8.3915
162.9974 8.3960
163.0063 8.4004
163.0153 8.4049
163.0242 8.4093
163.0331 8.4138
163.0420 8.4182
163.0510 8.4227
163.0599 8.4272
163.0688 8.4316
163.0777 8.4361
163.0866 8.4405
163.0955 8.4450
163.1045 8.4494
163.1134 8.4539
163.1223 8.4584
163.1312 8.4628
163.1401 8.4673
163.1490 8.4718
163.1579 8.4762
163.1668 8.4807
163.1757 8.4852
163.1846 8.4896
163.1935 8.4941
163.2024 8.4986
163.2113 8.5031
163.2202 8.5075
163.2291 8.5120
163.2380 8.5165
163.2469 8.5209
163.2558 8.5254
163.2647 8.5299
163.2736 8.5344
163.2825 8.5389
163.2914 8.5433
163.3003 8.5478
163.3092 8.5523
163.3181 8.5568
163.3270 8.5613
163.3358 8.5657
163.3447 8.5702
163.3536 8.5747
163.3625 8.5792
163.3714 8.5837
163.3802 8.5882
163.3891 8.5927
163.3980 8.5972
163.4069 8.6017
163.4158 8.6061
163.4246 8.6106
163.4335 8.6151
163.4424 8.6196
163.4512 8.6241
163.4601 8.6286
163.4690 8.6331
163.4778 8.6376
163.4867 8.6421
163.4956 8.6466
163.5044 8.6511
163.5133 8.6556
163.5222 8.6601
163.5310 8.6646
163.5399 8.6691
163.5487 8.6736
163.5576 8.6781
163.5665 8.6826
163.5753 8.6871
163.5842 8.6916
163.5930 8.6962
163.6019 8.7007
163.6107 8.7052
163.6196 8.7097
163.6284 8.7142
163.6373 8.7187
163.6461 8.7232
163.6550 8.7277
163.6638 8.7323
163.6726 8.7368
163.6815 8.7413
163.6903 8.7458
163.6992 8.7503
163.7080 8.7548
163.7168 8.7594
163.7257 8.7639
163.7345 8.7684
163.7433 8.7729
163.7522 8.7775
163.7610 8.7820
163.7698 8.7865
163.7787 8.7910
163.7875 8.7956
163.7963 8.8001
163.8052 8.8046
163.8140 8.8091
163.8228 8.8137
163.8316 8.8182
163.8404 8.8227
163.8493 8.8273
163.8581 8.8318
163.8669 8.8363
163.8757 8.8409
163.8845 8.8454
163.8933 8.8500
163.9022 8.8545
163.9110 8.8590
163.9198 8.8636
163.9286 8.8681
163.9374 8.8727
163.9462 8.8772
163.9550 8.8817
163.9638 8.8863
163.9726 8.8908
163.9814 8.8954
163.9902 8.8999
163.9990 8.9045
164.0078 8.9090
164.0166 8.9136
164.0254 8.9181
164.0342 8.9227
164.0430 8.9272
164.0518 8.9318
164.0606 8.9363
164.0694 8.9409
164.0782 8.9454
164.0870 8.9500
164.0958 8.9545
164.1046 8.9591
164.1134 8.9637
164.1221 8.9682
164.1309 8.9728
164.1397 8.9773
164.1485 8.9819
164.1573 8.9865
164.1661 8.9910
164.1748 8.9956
164.1836 9.0002
164.1924 9.0047
164.2012 9.0093
164.2099 9.0139
164.2187 9.0184
164.2275 9.0230
164.2363 9.0276
164.2450 9.0321
164.2538 9.0367
164.2626 9.0413
164.2713 9.0458
164.2801 9.0504
164.2889 9.0550
164.2976 9.0596
164.3064 9.0641
164.3152 9.0687
164.3239 9.0733
164.3327 9.0779
164.3414 9.0825
164.3502 9.0870
164.3589 9.0916
164.3677 9.0962
164.3765 9.1008
164.3852 9.1054
164.3940 9.1100
164.4027 9.1145
164.4115 9.1191
164.4202 9.1237
164.4290 9.1283
164.4377 9.1329
164.4464 9.1375
164.4552 9.1421
164.4639 9.1467
164.4727 9.1513
164.4814 9.1558
164.4902 9.1604
164.4989 9.1650
164.5076 9.1696
164.5164 9.1742
164.5251 9.1788
164.5338 9.1834
164.5426 9.1880
164.5513 9.1926
164.5600 9.1972
164.5688 9.2018
164.5775 9.2064
164.5862 9.2110
164.5949 9.2156
164.6037 9.2202
164.6124 9.2248
164.6211 9.2294
164.6298 9.2340
164.6386 9.2387
164.6473 9.2433
164.6560 9.2479
164.6647 9.2525
164.6734 9.2571
164.6821 9.2617
164.6909 9.2663
164.6996 9.2709
164.7083 9.2755
164.7170 9.2802
164.7257 9.2848
164.7344 9.2894
164.7431 9.2940
164.7518 9.2986
164.7605 9.3032
164.7692 9.3079
164.7779 9.3125
164.7866 9.3171
164.7953 9.3217
164.8040 9.3263
164.8127 9.3310
164.8214 9.3356
164.8301 9.3402
164.8388 9.3448
164.8475 9.3495
164.8562 9.3541
164.8649 9.3587
164.8736 9.3633
164.8823 9.3680
164.8910 9.3726
164.8997 9.3772
164.9084 9.3819
164.9170 9.3865
164.9257 9.3911
164.9344 9.3958
164.9431 9.4004
164.9518 9.4050
164.9605 9.4097
164.9691 9.4143
164.9778 9.4190
164.9865 9.4236
164.9952 9.4282
165.0038 9.4329
165.0125 9.4375
165.0212 9.4422
165.0299 9.4468
165.0385 9.4514
165.0472 9.4561
165.0559 9.4607
165.0645 9.4654
165.0732 9.4700
165.0819 9.4747
165.0905 9.4793
165.0992 9.4840
165.1079 9.4886
165.1165 9.4933
165.1252 9.4979
165.1338 9.5026
165.1425 9.5072
165.1511 9.5119
165.1598 9.5165
165.1685 9.5212
165.1771 9.5259
165.1858 9.5305
165.1944 9.5352
165.2031 9.5398
165.2117 9.5445
165.2204 9.5491
165.2290 9.5538
165.2376 9.5585
165.2463 9.5631
165.2549 9.5678
165.2636 9.5725
165.2722 9.5771
165.2809 9.5818
165.2895 9.5865
165.2981 9.5911
165.3068 9.5958
165.3154 9.6005
165.3240 9.6051
165.3327 9.6098
165.3413 9.6145
165.3499 9.6191
165.3586 9.6238
165.3672 9.6285
165.3758 9.6332
165.3845 9.6378
165.3931 9.6425
165.4017 9.6472
165.4103 9.6519
165.4189 9.6565
165.4276 9.6612
165.4362 9.6659
165.4448 9.6706
165.4534 9.6753
165.4620 9.6800
165.4707 9.6846
165.4793 9.6893
165.4879 9.6940
165.4965 9.6987
165.5051 9.7034
165.5137 9.7081
165.5223 9.7127
165.5309 9.7174
165.5396 9.7221
165.5482 9.7268
165.5568 9.7315
165.5654 9.7362
165.5740 9.7409
165.5826 9.7456
165.5912 9.7503
165.5998 9.7550
165.6084 9.7597
165.6170 9.7644
165.6256 9.7691
165.6342 9.7737
165.6428 9.7784
165.6513 9.7831
165.6599 9.7878
165.6685 9.7925
165.6771 9.7972
165.6857 9.8019
165.6943 9.8067
165.7029 9.8114
165.7115 9.8161
165.7201 9.8208
165.7286 9.8255
165.7372 9.8302
165.7458 9.8349
165.7544 9.8396
165.7630 9.8443
165.7715 9.8490
165.7801 9.8537
165.7887 9.8584
165.7973 9.8631
165.8058 9.8679
165.8144 9.8726
165.8230 9.8773
165.8316 9.8820
165.8401 9.8867
165.8487 9.8914
165.8573 9.8961
165.8658 9.9009
165.8744 9.9056
165.8830 9.9103
165.8915 9.9150
165.9001 9.9197
165.9086 9.9245
165.9172 9.9292
165.9258 9.9339
165.9343 9.9386
165.9429 9.9434
165.9514 9.9481
165.9600 9.9528
165.9685 9.9575
165.9771 9.9623
165.9856 9.9670
165.9942 9.9717
166.0027 9.9764
166.0113 9.9812
166.0198 9.9859
166.0284 9.9906
166.0369 9.9954
166.0455 10.0001
166.0540 10.0048
166.0626 10.0096
166.0711 10.0143
166.0796 10.0190
166.0882 10.0238
166.0967 10.0285
166.1053 10.0333
166.1138 10.0380
166.1223 10.0427
166.1309 10.0475
166.1394 10.0522
166.1479 10.0570
166.1564 10.0617
166.1650 10.0664
166.1735 10.0712
166.1820 10.0759
166.1906 10.0807
166.1991 10.0854
166.2076 10.0902
166.2161 10.0949
166.2246 10.0997
166.2332 10.1044
166.2417 10.1092
166.2502 10.1139
166.2587 10.1187
166.2672 10.1234
166.2758 10.1282
166.2843 10.1329
166.2928 10.1377
166.3013 10.1424
166.3098 10.1472
166.3183 10.1520
166.3268 10.1567
166.3353 10.1615
166.3438 10.1662
166.3523 10.1710
166.3608 10.1758
166.3693 10.1805
166.3778 10.1853
166.3863 10.1900
166.3948 10.1948
166.4033 10.1996
166.4118 10.2043
166.4203 10.2091
166.4288 10.2139
166.4373 10.2186
166.4458 10.2234
166.4543 10.2282
166.4628 10.2329
166.4713 10.2377
166.4798 10.2425
166.4883 10.2472
166.4968 10.2520
166.5052 10.2568
166.5137 10.2616
166.5222 10.2663
166.5307 10.2711
166.5392 10.2759
166.5477 10.2807
166.5561 10.2854
166.5646 10.2902
166.5731 10.2950
166.5816 10.2998
166.5901 10.3046
166.5985 10.3093
166.6070 10.3141
166.6155 10.3189
166.6239 10.3237
166.6324 10.3285
166.6409 10.3333
166.6494 10.3380
166.6578 10.3428
166.6663 10.3476
166.6748 10.3524
166.6832 10.3572
166.6917 10.3620
166.7001 10.3668
166.7086 10.3716
166.7171 10.3764
166.7255 10.3811
166.7340 10.3859
166.7424 10.3907
166.7509 10.3955
166.7593 10.4003
166.7678 10.4051
166.7762 10.4099
166.7847 10.4147
166.7931 10.4195
166.8016 10.4243
166.8100 10.4291
166.8185 10.4339
166.8269 10.4387
166.8354 10.4435
166.8438 10.4483
166.8523 10.4531
166.8607 10.4579
166.8692 10.4627
166.8776 10.4675
166.8860 10.4723
166.8945 10.4771
166.9029 10.4819
166.9113 10.4867
166.9198 10.4915
166.9282 10.4964
166.9366 10.5012
166.9451 10.5060
166.9535 10.5108
166.9619 10.5156
166.9704 10.5204
166.9788 10.5252
166.9872 10.5300
166.9956 10.5348
167.0041 10.5397
167.0125 10.5445
167.0209 10.5493
167.0293 10.5541
167.0377 10.5589
167.0462 10.5637
167.0546 10.5686
167.0630 10.5734
167.0714 10.5782
167.0798 10.5830
167.0882 10.5878
167.0967 10.5927
167.1051 10.5975
167.1135 10.6023
167.1219 10.6071
167.1303 10.6120
167.1387 10.6168
167.1471 10.6216
167.1555 10.6264
167.1639 10.6313
167.1723 10.6361
167.1807 10.6409
167.1891 10.6458
167.1975 10.6506
167.2059 10.6554
167.2143 10.6603
167.2227 10.6651
167.2311 10.6699
167.2395 10.6748
167.2479 10.6796
167.2563 10.6844
167.2647 10.6893
167.2731 10.6941
167.2815 10.6989
167.2899 10.7038
167.2982 10.7086
167.3066 10.7135
167.3150 10.7183
167.3234 10.7231
167.3318 10.7280
167.3402 10.7328
167.3485 10.7377
167.3569 10.7425
167.3653 10.7474
167.3737 10.7522
167.3821 10.7570
167.3904 10.7619
167.3988 10.7667
167.4072 10.7716
167.4156 10.7764
167.4239 10.7813
167.4323 10.7861
167.4407 10.7910
167.4490 10.7958
167.4574 10.8007
167.4658 10.8055
167.4741 10.8104
167.4825 10.8153
167.4909 10.8201
167.4992 10.8250
167.5076 10.8298
167.5159 10.8347
167.5243 10.8395
167.5327 10.8444
167.5410 10.8493
167.5494 10.8541
167.5577 10.8590
167.5661 10.8638
167.5744 10.8687
167.5828 10.8736
167.5911 10.8784
167.5995 10.8833
167.6078 10.8881
167.6162 10.8930
167.6245 10.8979
167.6329 10.9027
167.6412 10.9076
167.6496 10.9125
167.6579 10.9173
167.6663 10.9222
167.6746 10.9271
167.6829 10.9320
167.6913 10.9368
167.6996 10.9417
167.7079 10.9466
167.7163 10.9514
167.7246 10.9563
167.7330 10.9612
167.7413 10.9661
167.7496 10.9709
167.7579 10.9758
167.7663 10.9807
167.7746 10.9856
167.7829 10.9905
167.7913 10.9953
167.7996 11.0002
167.8079 11.0051
167.8162 11.0100
167.8246 11.0149
167.8329 11.0197
167.8412 11.0246
167.8495 11.0295
167.8578 11.0344
167.8661 11.0393
167.8745 11.0442
167.8828 11.0490
167.8911 11.0539
167.8994 11.0588
167.9077 11.0637
167.9160 11.0686
167.9243 11.0735
167.9326 11.0784
167.9410 11.0833
167.9493 11.0882
167.9576 11.0930
167.9659 11.0979
167.9742 11.1028
167.9825 11.1077
167.9908 11.1126
167.9991 11.1175
168.0074 11.1224
168.0157 11.1273
168.0240 11.1322
168.0323 11.1371
168.0406 11.1420
168.0489 11.1469
168.0572 11.1518
168.0654 11.1567
168.0737 11.1616
168.0820 11.1665
168.0903 11.1714
168.0986 11.1763
168.1069 11.1812
168.1152 11.1861
168.1235 11.1910
168.1317 11.1959
168.1400 11.2008
168.1483 11.2057
168.1566 11.2107
168.1649 11.2156
168.1732 11.2205
168.1814 11.2254
168.1897 11.2303
168.1980 11.2352
168.2063 11.2401
168.2145 11.2450
168.2228 11.2499
168.2311 11.2549
168.2393 11.2598
168.2476 11.2647
168.2559 11.2696
168.2642 11.2745
168.2724 11.2794
168.2807 11.2843
168.2889 11.2893
168.2972 11.2942
168.3055 11.2991
168.3137 11.3040
168.3220 11.3089
168.3303 11.3139
168.3385 11.3188
168.3468 11.3237
168.3550 11.3286
168.3633 11.3336
168.3715 11.3385
168.3798 11.3434
168.3880 11.3483
168.3963 11.3533
168.4045 11.3582
168.4128 11.3631
168.4210 11.3680
168.4293 11.3730
168.4375 11.3779
168.4458 11.3828
168.4540 11.3878
168.4623 11.3927
168.4705 11.3976
168.4788 11.4026
168.4870 11.4075
168.4952 11.4124
168.5035 11.4174
168.5117 11.4223
168.5199 11.4272
168.5282 11.4322
168.5364 11.4371
168.5446 11.4420
168.5529 11.4470
168.5611 11.4519
168.5693 11.4569
168.5776 11.4618
168.5858 11.4667
168.5940 11.4717
168.6023 11.4766
168.6105 11.4816
168.6187 11.4865
168.6269 11.4915
168.6351 11.4964
168.6434 11.5013
168.6516 11.5063
168.6598 11.5112
168.6680 11.5162
168.6762 11.5211
168.6845 11.5261
168.6927 11.5310
168.7009 11.5360
168.7091 11.5409
168.7173 11.5459
168.7255 11.5508
168.7337 11.5558
168.7419 11.5607
168.7502 11.5657
168.7584 11.5706
168.7666 11.5756
168.7748 11.5806
168.7830 11.5855
168.7912 11.5905
168.7994 11.5954
168.8076 11.6004
168.8158 11.6053
168.8240 11.6103
168.8322 11.6153
168.8404 11.6202
168.8486 11.6252
168.8568 11.6301
168.8650 11.6351
168.8732 11.6401
168.8813 11.6450
168.8895 11.6500
168.8977 11.6550
168.9059 11.6599
168.9141 11.6649
168.9223 11.6699
168.9305 11.6748
168.9387 11.6798
168.9468 11.6848
168.9550 11.6897
168.9632 11.6947
168.9714 11.6997
168.9796 11.7046
168.9878 11.7096
168.9959 11.7146
169.0041 11.7195
169.0123 11.7245
169.0205 11.7295
169.0286 11.7345
169.0368 11.7394
169.0450 11.7444
169.0532 11.7494
169.0613 11.7544
169.0695 11.7593
169.0777 11.7643
169.0858 11.7693
169.0940 11.7743
169.1022 11.7793
169.1103 11.7842
169.1185 11.7892
169.1266 11.7942
169.1348 11.7992
169.1430 11.8042
169.1511 11.8092
169.1593 11.8141
169.1674 11.8191
169.1756 11.8241
169.1838 11.8291
169.1919 11.8341
169.2001 11.8391
169.2082 11.8441
169.2164 11.8490
169.2245 11.8540
169.2327 11.8590
169.2408 11.8640
169.2490 11.8690
169.2571 11.8740
169.2653 11.8790
169.2734 11.8840
169.2815 11.8890
169.2897 11.8940
169.2978 11.8990
169.3060 11.9040
169.3141 11.9089
169.3222 11.9139
169.3304 11.9189
169.3385 11.9239
169.3467 11.9289
169.3548 11.9339
169.3629 11.9389
169.3711 11.9439
169.3792 11.9489
169.3873 11.9539
169.3954 11.9589
169.4036 11.9639
169.4117 11.9689
169.4198 11.9739
169.4280 11.9789
169.4361 11.9839
169.4442 11.9890
169.4523 11.9940
169.4604 11.9990
169.4686 12.0040
169.4767 12.0090
169.4848 12.0140
169.4929 12.0190
169.5010 12.0240
169.5092 12.0290
169.5173 12.0340
169.5254 12.0390
169.5335 12.0440
169.5416 12.0491
169.5497 12.0541
169.5578 12.0591
169.5659 12.0641
169.5740 12.0691
169.5822 12.0741
169.5903 12.0791
169.5984 12.0842
169.6065 12.0892
169.6146 12.0942
169.6227 12.0992
169.6308 12.1042
169.6389 12.1092
169.6470 12.1143
169.6551 12.1193
169.6632 12.1243
169.6713 12.1293
169.6794 12.1343
169.6875 12.1394
169.6956 12.1444
169.7036 12.1494
169.7117 12.1544
169.7198 12.1595
169.7279 12.1645
169.7360 12.1695
169.7441 12.1745
169.7522 12.1796
169.7603 12.1846
169.7683 12.1896
169.7764 12.1946
169.7845 12.1997
169.7926 12.2047
169.8007 12.2097
169.8088 12.2148
169.8168 12.2198
169.8249 12.2248
169.8330 12.2299
169.8411 12.2349
169.8491 12.2399
169.8572 12.2450
169.8653 12.2500
169.8734 12.2550
169.8814 12.2601
169.8895 12.2651
169.8976 12.2701
169.9056 12.2752
169.9137 12.2802
169.9218 12.2853
169.9298 12.2903
169.9379 12.2953
169.9460 12.3004
169.9540 12.3054
169.9621 12.3105
169.9701 12.3155
169.9782 12.3205
169.9863 12.3256
169.9943 12.3306
170.0024 12.3357
170.0104 12.3407
170.0185 12.3458
170.0265 12.3508
170.0346 12.3559
170.0426 12.3609
170.0507 12.3659
170.0587 12.3710
170.0668 12.3760
170.0748 12.3811
170.0829 12.3861
170.0909 12.3912
170.0990 12.3962
170.1070 12.4013
170.1151 12.4063
170.1231 12.4114
170.1311 12.4165
170.1392 12.4215
170.1472 12.4266
170.1553 12.4316
170.1633 12.4367
170.1713 12.4417
170.1794 12.4468
170.1874 12.4518
170.1954 12.4569
170.2035 12.4620
170.2115 12.4670
170.2195 12.4721
170.2276 12.4771
170.2356 12.4822
170.2436 12.4873
170.2516 12.4923
170.2597 12.4974
170.2677 12.5024
170.2757 12.5075
170.2837 12.5126
170.2918 12.5176
170.2998 12.5227
170.3078 12.5278
170.3158 12.5328
170.3238 12.5379
170.3318 12.5430
170.3399 12.5480
170.3479 12.5531
170.3559 12.5582
170.3639 12.5632
170.3719 12.5683
170.3799 12.5734
170.3879 12.5784
170.3959 12.5835
170.4040 12.5886
170.4120 12.5937
170.4200 12.5987
170.4280 12.6038
170.4360 12.6089
170.4440 12.6140
170.4520 12.6190
170.4600 12.6241
170.4680 12.6292
170.4760 12.6343
170.4840 12.6393
170.4920 12.6444
170.5000 12.6495
170.5080 12.6546
170.5160 12.6597
170.5240 12.6647
170.5320 12.6698
170.5399 12.6749
170.5479 12.6800
170.5559 12.6851
170.5639 12.6901
170.5719 12.6952
170.5799 12.7003
170.5879 12.7054
170.5959 12.7105
170.6039 12.7156
170.6118 12.7206
170.6198 12.7257
170.6278 12.7308
170.6358 12.7359
170.6438 12.7410
170.6517 12.7461
170.6597 12.7512
170.6677 12.7563
170.6757 12.7614
170.6836 12.7664
170.6916 12.7715
170.6996 12.7766
170.7076 12.7817
170.7155 12.7868
170.7235 12.7919
170.7315 12.7970
170.7394 12.8021
170.7474 12.8072
170.7554 12.8123
170.7633 12.8174
170.7713 12.8225
170.7793 12.8276
170.7872 12.8327
170.7952 12.8378
170.8032 12.8429
170.8111 12.8480
170.8191 12.8531
170.8270 12.8582
170.8350 12.8633
170.8429 12.8684
170.8509 12.8735
170.8589 12.8786
170.8668 12.8837
170.8748 12.8888
170.8827 12.8939
170.8907 12.8990
170.8986 12.9041
170.9066 12.9092
170.9145 12.9143
170.9225 12.9194
170.9304 12.9245
170.9383 12.9296
170.9463 12.9347
170.9542 12.9398
170.9622 12.9449
170.9701 12.9501
170.9781 12.9552
170.9860 12.9603
170.9939 12.9654
171.0019 12.9705
171.0098 12.9756
171.0177 12.9807
171.0257 12.9858
171.0336 12.9909
171.0415 12.9961
171.0495 13.0012
171.0574 13.0063
171.0653 13.0114
171.0733 13.0165
171.0812 13.0216
171.0891 13.0268
171.0970 13.0319
171.1050 13.0370
171.1129 13.0421
171.1208 13.0472
171.1287 13.0524
171.1367 13.0575
171.1446 13.0626
171.1525 13.0677
171.1604 13.0728
171.1683 13.0780
171.1763 13.0831
171.1842 13.0882
171.1921 13.0933
171.2000 13.0985
171.2079 13.1036
171.2158 13.1087
171.2237 13.1138
171.2316 13.1190
171.2396 13.1241
171.2475 13.1292
171.2554 13.1343
171.2633 13.1395
171.2712 13.1446
171.2791 13.1497
171.2870 13.1549
171.2949 13.1600
171.3028 13.1651
171.3107 13.1702
171.3186 13.1754
171.3265 13.1805
171.3344 13.1856
171.3423 13.1908
171.3502 13.1959
171.3581 13.2010
171.3660 13.2062
171.3739 13.2113
171.3818 13.2164
171.3897 13.2216
171.3975 13.2267
171.4054 13.2319
171.4133 13.2370
171.4212 13.2421
171.4291 13.2473
171.4370 13.2524
171.4449 13.2576
171.4528 13.2627
171.4606 13.2678
171.4685 13.2730
171.4764 13.2781
171.4843 13.2833
171.4922 13.2884
171.5000 13.2935
171.5079 13.2987
171.5158 13.3038
171.5237 13.3090
171.5316 13.3141
171.5394 13.3193
171.5473 13.3244
171.5552 13.3296
171.5630 13.3347
171.5709 13.3399
171.5788 13.3450
171.5867 13.3501
171.5945 13.3553
171.6024 13.3604
171.6103 13.3656
171.6181 13.3707
171.6260 13.3759
171.6338 13.3811
171.6417 13.3862
171.6496 13.3914
171.6574 13.3965
171.6653 13.4017
171.6731 13.4068
171.6810 13.4120
171.6889 13.4171
171.6967 13.4223
171.7046 13.4274
171.7124 13.4326
171.7203 13.4377
171.7281 13.4429
171.7360 13.4481
171.7438 13.4532
171.7517 13.4584
171.7595 13.4635
171.7674 13.4687
171.7752 13.4739
171.7831 13.4790
171.7909 13.4842
171.7988 13.4893
171.8066 13.4945
171.8144 13.4997
171.8223 13.5048
171.8301 13.5100
171.8380 13.5152
171.8458 13.5203
171.8536 13.5255
171.8615 13.5307
171.8693 13.5358
171.8772 13.5410
171.8850 13.5461
171.8928 13.5513
171.9007 13.5565
171.9085 13.5617
171.9163 13.5668
171.9241 13.5720
171.9320 13.5772
171.9398 13.5823
171.9476 13.5875
171.9555 13.5927
171.9633 13.5978
171.9711 13.6030
171.9789 13.6082
171.9868 13.6134
171.9946 13.6185
172.0024 13.6237
172.0102 13.6289
172.0180 13.6341
172.0258 13.6392
172.0337 13.6444
172.0415 13.6496
172.0493 13.6548
172.0571 13.6599
172.0649 13.6651
172.0727 13.6703
172.0805 13.6755
172.0884 13.6806
172.0962 13.6858
172.1040 13.6910
172.1118 13.6962
172.1196 13.7014
172.1274 13.7065
172.1352 13.7117
172.1430 13.7169
172.1508 13.7221
172.1586 13.7273
172.1664 13.7325
172.1742 13.7376
172.1820 13.7428
172.1898 13.7480
172.1976 13.7532
172.2054 13.7584
172.2132 13.7636
172.2210 13.7688
172.2288 13.7739
172.2366 13.7791
172.2444 13.7843
172.2522 13.7895
172.2600 13.7947
172.2678 13.7999
172.2755 13.8051
172.2833 13.8103
172.2911 13.8155
172.2989 13.8206
172.3067 13.8258
172.3145 13.8310
172.3223 13.8362
172.3300 13.8414
172.3378 13.8466
172.3456 13.8518
172.3534 13.8570
172.3612 13.8622
172.3689 13.8674
172.3767 13.8726
172.3845 13.8778
172.3923 13.8830
172.4000 13.8882
172.4078 13.8934
172.4156 13.8986
172.4234 13.9038
172.4311 13.9090
172.4389 13.9142
172.4467 13.9194
172.4544 13.9246
172.4622 13.9298
172.4700 13.9350
172.4777 13.9402
172.4855 13.9454
172.4933 13.9506
172.5010 13.9558
172.5088 13.9610
172.5166 13.9662
172.5243 13.9714
172.5321 13.9766
172.5398 13.9818
172.5476 13.9870
172.5554 13.9922
172.5631 13.9974
172.5709 14.0026
172.5786 14.0078
172.5864 14.0130
172.5941 14.0182
172.6019 14.0235
172.6096 14.0287
172.6174 14.0339
172.6251 14.0391
172.6329 14.0443
172.6406 14.0495
172.6484 14.0547
172.6561 14.0599
172.6639 14.0651
172.6716 14.0703
172.6793 14.0756
172.6871 14.0808
172.6948 14.0860
172.7026 14.0912
172.7103 14.0964
172.7180 14.1016
172.7258 14.1068
172.7335 14.1121
172.7413 14.1173
172.7490 14.1225
172.7567 14.1277
172.7645 14.1329
172.7722 14.1381
172.7799 14.1434
172.7877 14.1486
172.7954 14.1538
172.8031 14.1590
172.8108 14.1642
172.8186 14.1695
172.8263 14.1747
172.8340 14.1799
172.8417 14.1851
172.8495 14.1904
172.8572 14.1956
172.8649 14.2008
172.8726 14.2060
172.8804 14.2112
172.8881 14.2165
172.8958 14.2217
172.9035 14.2269
172.9112 14.2321
172.9189 14.2374
172.9267 14.2426
172.9344 14.2478
172.9421 14.2531
172.9498 14.2583
172.9575 14.2635
172.9652 14.2687
172.9729 14.2740
172.9806 14.2792
172.9883 14.2844
172.9961 14.2897
173.0038 14.2949
173.0115 14.3001
173.0192 14.3054
173.0269 14.3106
173.0346 14.3158
173.0423 14.3211
173.0500 14.3263
173.0577 14.3315
173.0654 14.3368
173.0731 14.3420
173.0808 14.3472
173.0885 14.3525
173.0962 14.3577
173.1039 14.3629
173.1116 14.3682
173.1192 14.3734
173.1269 14.3786
173.1346 14.3839
173.1423 14.3891
173.1500 14.3944
173.1577 14.3996
173.1654 14.4048
173.1731 14.4101
173.1808 14.4153
173.1884 14.4206
173.1961 14.4258
173.2038 14.4310
173.2115 14.4363
173.2192 14.4415
173.2269 14.4468
173.2345 14.4520
173.2422 14.4573
173.2499 14.4625
173.2576 14.4677
173.2653 14.4730
173.2729 14.4782
173.2806 14.4835
173.2883 14.4887
173.2960 14.4940
173.3036 14.4992
173.3113 14.5045
173.3190 14.5097
173.3266 14.5150
173.3343 14.5202
173.3420 14.5255
173.3496 14.5307
173.3573 14.5360
173.3650 14.5412
173.3726 14.5465
173.3803 14.5517
173.3880 14.5570
173.3956 14.5622
173.4033 14.5675
173.4110 14.5727
173.4186 14.5780
173.4263 14.5832
173.4339 14.5885
173.4416 14.5937
173.4492 14.5990
173.4569 14.6042
173.4646 14.6095
173.4722 14.6148
173.4799 14.6200
173.4875 14.6253
173.4952 14.6305
173.5028 14.6358
173.5105 14.6410
173.5181 14.6463
173.5258 14.6516
173.5334 14.6568
173.5411 14.6621
173.5487 14.6673
173.5563 14.6726
173.5640 14.6779
173.5716 14.6831
173.5793 14.6884
173.5869 14.6936
173.5946 14.6989
173.6022 14.7042
173.6098 14.7094
173.6175 14.7147
173.6251 14.7200
173.6327 14.7252
173.6404 14.7305
173.6480 14.7357
173.6556 14.7410
173.6633 14.7463
173.6709 14.7515
173.6785 14.7568
173.6862 14.7621
173.6938 14.7673
173.7014 14.7726
173.7091 14.7779
173.7167 14.7831
173.7243 14.7884
173.7319 14.7937
173.7396 14.7990
173.7472 14.8042
173.7548 14.8095
173.7624 14.8148
173.7700 14.8200
173.7777 14.8253
173.7853 14.8306
173.7929 14.8358
173.8005 14.8411
173.8081 14.8464
173.8158 14.8517
173.8234 14.8569
173.8310 14.8622
173.8386 14.8675
173.8462 14.8728
173.8538 14.8780
173.8614 14.8833
173.8690 14.8886
173.8766 14.8939
173.8843 14.8991
173.8919 14.9044
173.8995 14.9097
173.9071 14.9150
173.9147 14.9203
173.9223 14.9255
173.9299 14.9308
173.9375 14.9361
173.9451 14.9414
173.9527 14.9466
173.9603 14.9519
173.9679 14.9572
173.9755 14.9625
173.9831 14.9678
173.9907 14.9731
173.9983 14.9783
174.0059 14.9836
174.0135 14.9889
174.0211 14.9942
174.0287 14.9995
174.0362 15.0048
174.0438 15.0100
174.0514 15.0153
174.0590 15.0206
174.0666 15.0259
174.0742 15.0312
174.0818 15.0365
174.0894 15.0418
174.0969 15.0470
174.1045 15.0523
174.1121 15.0576
174.1197 15.0629
174.1273 15.0682
174.1349 15.0735
174.1424 15.0788
174.1500 15.0841
174.1576 15.0893
174.1652 15.0946
174.1727 15.0999
174.1803 15.1052
174.1879 15.1105
174.1955 15.1158
174.2030 15.1211
174.2106 15.1264
174.2182 15.1317
174.2258 15.1370
174.2333 15.1423
174.2409 15.1476
174.2485 15.1529
174.2560 15.1581
174.2636 15.1634
174.2712 15.1687
174.2787 15.1740
174.2863 15.1793
174.2939 15.1846
174.3014 15.1899
174.3090 15.1952
174.3165 15.2005
174.3241 15.2058
174.3317 15.2111
174.3392 15.2164
174.3468 15.2217
174.3543 15.2270
174.3619 15.2323
174.3694 15.2376
174.3770 15.2429
174.3846 15.2482
174.3921 15.2535
174.3997 15.2588
174.4072 15.2641
174.4148 15.2694
174.4223 15.2747
174.4299 15.2800
174.4374 15.2853
174.4450 15.2906
174.4525 15.2959
174.4600 15.3012
174.4676 15.3065
174.4751 15.3118
174.4827 15.3171
174.4902 15.3225
174.4978 15.3278
174.5053 15.3331
174.5128 15.3384
174.5204 15.3437
174.5279 15.3490
174.5355 15.3543
174.5430 15.3596
174.5505 15.3649
174.5581 15.3702
174.5656 15.3755
174.5731 15.3808
174.5807 15.3861
174.5882 15.3915
174.5957 15.3968
174.6032 15.4021
174.6108 15.4074
174.6183 15.4127
174.6258 15.4180
174.6334 15.4233
174.6409 15.4286
174.6484 15.4340
174.6559 15.4393
174.6635 15.4446
174.6710 15.4499
174.6785 15.4552
174.6860 15.4605
174.6935 15.4658
174.7011 15.4712
174.7086 15.4765
174.7161 15.4818
174.7236 15.4871
174.7311 15.4924
174.7386 15.4977
174.7462 15.5030
174.7537 15.5084
174.7612 15.5137
174.7687 15.5190
174.7762 15.5243
174.7837 15.5296
174.7912 15.5350
174.7987 15.5403
174.8063 15.5456
174.8138 15.5509
174.8213 15.5562
174.8288 15.5616
174.8363 15.5669
174.8438 15.5722
174.8513 15.5775
174.8588 15.5828
174.8663 15.5882
174.8738 15.5935
174.8813 15.5988
174.8888 15.6041
174.8963 15.6095
174.9038 15.6148
174.9113 15.6201
174.9188 15.6254
174.9263 15.6308
174.9338 15.6361
174.9413 15.6414
174.9488 15.6467
174.9562 15.6521
174.9637 15.6574
174.9712 15.6627
174.9787 15.6680
174.9862 15.6734
174.9937 15.6787
175.0012 15.6840
175.0087 15.6894
175.0162 15.6947
175.0236 15.7000
175.0311 15.7053
175.0386 15.7107
175.0461 15.7160
175.0536 15.7213
175.0611 15.7267
175.0685 15.7320
175.0760 15.7373
175.0835 15.7427
175.0910 15.7480
175.0984 15.7533
175.1059 15.7587
175.1134 15.7640
175.1209 15.7693
175.1283 15.7747
175.1358 15.7800
175.1433 15.7853
175.1508 15.7907
175.1582 15.7960
175.1657 15.8013
175.1732 15.8067
175.1806 15.8120
175.1881 15.8173
175.1956 15.8227
175.2030 15.8280
175.2105 15.8334
175.2180 15.8387
175.2254 15.8440
175.2329 15.8494
175.2404 15.8547
175.2478 15.8601
175.2553 15.8654
175.2627 15.8707
175.2702 15.8761
175.2777 15.8814
175.2851 15.8868
175.2926 15.8921
175.3000 15.8974
175.3075 15.9028
175.3149 15.9081
175.3224 15.9135
175.3298 15.9188
175.3373 15.9241
175.3447 15.9295
175.3522 15.9348
175.3596 15.9402
175.3671 15.9455
175.3745 15.9509
175.3820 15.9562
175.3894 15.9616
175.3969 15.9669
175.4043 15.9722
175.4118 15.9776
175.4192 15.9829
175.4267 15.9883
175.4341 15.9936
175.4415 15.9990
175.4490 16.0043
175.4564 16.0097
175.4639 16.0150
175.4713 16.0204
175.4787 16.0257
175.4862 16.0311
175.4936 16.0364
175.5010 16.0418
175.5085 16.0471
175.5159 16.0525
175.5233 16.0578
175.5308 16.0632
175.5382 16.0685
175.5456 16.0739
175.5531 16.0792
175.5605 16.0846
175.5679 16.0899
175.5753 16.0953
175.5828 16.1006
175.5902 16.1060
175.5976 16.1113
175.6050 16.1167
175.6125 16.1220
175.6199 16.1274
175.6273 16.1327
175.6347 16.1381
175.6421 16.1435
175.6496 16.1488
175.6570 16.1542
175.6644 16.1595
175.6718 16.1649
175.6792 16.1702
175.6866 16.1756
175.6941 16.1809
175.7015 16.1863
175.7089 16.1917
175.7163 16.1970
175.7237 16.2024
175.7311 16.2077
175.7385 16.2131
175.7459 16.2185
175.7534 16.2238
175.7608 16.2292
175.7682 16.2345
175.7756 16.2399
175.7830 16.2453
175.7904 16.2506
175.7978 16.2560
175.8052 16.2613
175.8126 16.2667
175.8200 16.2721
175.8274 16.2774
175.8348 16.2828
175.8422 16.2881
175.8496 16.2935
175.8570 16.2989
175.8644 16.3042
175.8718 16.3096
175.8792 16.3150
175.8866 16.3203
175.8940 16.3257
175.9014 16.3311
175.9087 16.3364
175.9161 16.3418
175.9235 16.3472
175.9309 16.3525
175.9383 16.3579
175.9457 16.3633
175.9531 16.3686
175.9605 16.3740
175.9679 16.3794
175.9752 16.3847
175.9826 16.3901
175.9900 16.3955
175.9974 16.4008
176.0048 16.4062
176.0122 16.4116
176.0195 16.4169
176.0269 16.4223
176.0343 16.4277
176.0417 16.4330
176.0491 16.4384
176.0564 16.4438
176.0638 16.4492
176.0712 16.4545
176.0786 16.4599
176.0859 16.4653
176.0933 16.4706
176.1007 16.4760
176.1080 16.4814
176.1154 16.4868
176.1228 16.4921
176.1302 16.4975
176.1375 16.5029
176.1449 16.5083
176.1523 16.5136
176.1596 16.5190
176.1670 16.5244
176.1744 16.5298
176.1817 16.5351
176.1891 16.5405
176.1964 16.5459
176.2038 16.5513
176.2112 16.5566
176.2185 16.5620
176.2259 16.5674
176.2332 16.5728
176.2406 16.5781
176.2480 16.5835
176.2553 16.5889
176.2627 16.5943
176.2700 16.5997
176.2774 16.6050
176.2847 16.6104
176.2921 16.6158
176.2994 16.6212
176.3068 16.6266
176.3141 16.6319
176.3215 16.6373
176.3288 16.6427
176.3362 16.6481
176.3435 16.6535
176.3509 16.6588
176.3582 16.6642
176.3656 16.6696
176.3729 16.6750
176.3803 16.6804
176.3876 16.6857
176.3950 16.6911
176.4023 16.6965
176.4096 16.7019
176.4170 16.7073
176.4243 16.7127
176.4317 16.7181
176.4390 16.7234
176.4463 16.7288
176.4537 16.7342
176.4610 16.7396
176.4683 16.7450
176.4757 16.7504
176.4830 16.7557
176.4903 16.7611
176.4977 16.7665
176.5050 16.7719
176.5123 16.7773
176.5197 16.7827
176.5270 16.7881
176.5343 16.7935
176.5416 16.7988
176.5490 16.8042
176.5563 16.8096
176.5636 16.8150
176.5709 16.8204
176.5783 16.8258
176.5856 16.8312
176.5929 16.8366
176.6002 16.8420
176.6076 16.8474
176.6149 16.8527
176.6222 16.8581
176.6295 16.8635
176.6368 16.8689
176.6442 16.8743
176.6515 16.8797
176.6588 16.8851
176.6661 16.8905
176.6734 16.8959
176.6807 16.9013
176.6880 16.9067
176.6954 16.9121
176.7027 16.9174
176.7100 16.9228
176.7173 16.9282
176.7246 16.9336
176.7319 16.9390
176.7392 16.9444
176.7465 16.9498
176.7538 16.9552
176.7611 16.9606
176.7684 16.9660
176.7757 16.9714
176.7830 16.9768
176.7904 16.9822
176.7977 16.9876
176.8050 16.9930
176.8123 16.9984
176.8196 17.0038
176.8269 17.0092
176.8342 17.0146
176.8414 17.0200
176.8487 17.0254
176.8560 17.0308
176.8633 17.0362
176.8706 17.0416
176.8779 17.0470
176.8852 17.0524
176.8925 17.0578
176.8998 17.0632
176.9071 17.0686
176.9144 17.0740
176.9217 17.0794
176.9290 17.0848
176.9363 17.0902
176.9435 17.0956
176.9508 17.1010
176.9581 17.1064
176.9654 17.1118
176.9727 17.1172
176.9800 17.1226
176.9873 17.1280
176.9945 17.1334
177.0018 17.1388
177.0091 17.1442
177.0164 17.1496
177.0237 17.1550
177.0309 17.1604
177.0382 17.1658
177.0455 17.1712
177.0528 17.1766
177.0600 17.1820
177.0673 17.1874
177.0746 17.1928
177.0819 17.1982
177.0891 17.2036
177.0964 17.2091
177.1037 17.2145
177.1110 17.2199
177.1182 17.2253
177.1255 17.2307
177.1328 17.2361
177.1400 17.2415
177.1473 17.2469
177.1546 17.2523
177.1618 17.2577
177.1691 17.2631
177.1764 17.2685
177.1836 17.2739
177.1909 17.2794
177.1982 17.2848
177.2054 17.2902
177.2127 17.2956
177.2199 17.3010
177.2272 17.3064
177.2345 17.3118
177.2417 17.3172
177.2490 17.3226
177.2562 17.3280
177.2635 17.3335
177.2707 17.3389
177.2780 17.3443
177.2852 17.3497
177.2925 17.3551
177.2997 17.3605
177.3070 17.3659
177.3143 17.3713
177.3215 17.3768
177.3288 17.3822
177.3360 17.3876
177.3432 17.3930
177.3505 17.3984
177.3577 17.4038
177.3650 17.4092
177.3722 17.4147
177.3795 17.4201
177.3867 17.4255
177.3940 17.4309
177.4012 17.4363
177.4084 17.4417
177.4157 17.4471
177.4229 17.4526
177.4302 17.4580
177.4374 17.4634
177.4446 17.4688
177.4519 17.4742
177.4591 17.4796
177.4664 17.4851
177.4736 17.4905
177.4808 17.4959
177.4881 17.5013
177.4953 17.5067
177.5025 17.5122
177.5098 17.5176
177.5170 17.5230
177.5242 17.5284
177.5314 17.5338
177.5387 17.5392
177.5459 17.5447
177.5531 17.5501
177.5604 17.5555
177.5676 17.5609
177.5748 17.5663
177.5820 17.5718
177.5893 17.5772
177.5965 17.5826
177.6037 17.5880
177.6109 17.5935
177.6182 17.5989
177.6254 17.6043
177.6326 17.6097
177.6398 17.6151
177.6470 17.6206
177.6542 17.6260
177.6615 17.6314
177.6687 17.6368
177.6759 17.6423
177.6831 17.6477
177.6903 17.6531
177.6975 17.6585
177.7048 17.6639
177.7120 17.6694
177.7192 17.6748
177.7264 17.6802
177.7336 17.6856
177.7408 17.6911
177.7480 17.6965
177.7552 17.7019
177.7624 17.7073
177.7696 17.7128
177.7768 17.7182
177.7840 17.7236
177.7913 17.7290
177.7985 17.7345
177.8057 17.7399
177.8129 17.7453
177.8201 17.7508
177.8273 17.7562
177.8345 17.7616
177.8417 17.7670
177.8489 17.7725
177.8561 17.7779
177.8633 17.7833
177.8705 17.7887
177.8777 17.7942
177.8848 17.7996
177.8920 17.8050
177.8992 17.8105
177.9064 17.8159
177.9136 17.8213
177.9208 17.8267
177.9280 17.8322
177.9352 17.8376
177.9424 17.8430
177.9496 17.8485
177.9568 17.8539
177.9640 17.8593
177.9711 17.8648
177.9783 17.8702
177.9855 17.8756
177.9927 17.8811
177.9999 17.8865
178.0071 17.8919
178.0143 17.8973
178.0214 17.9028
178.0286 17.9082
178.0358 17.9136
178.0430 17.9191
178.0502 17.9245
178.0573 17.9299
178.0645 17.9354
178.0717 17.9408
178.0789 17.9462
178.0860 17.9517
178.0932 17.9571
178.1004 17.9625
178.1076 17.9680
178.1147 17.9734
178.1219 17.9788
178.1291 17.9843
178.1363 17.9897
178.1434 17.9952
178.1506 18.0006
178.1578 18.0060
178.1649 18.0115
178.1721 18.0169
178.1793 18.0223
178.1864 18.0278
178.1936 18.0332
178.2008 18.0386
178.2079 18.0441
178.2151 18.0495
178.2223 18.0549
178.2294 18.0604
178.2366 18.0658
178.2438 18.0713
178.2509 18.0767
178.2581 18.0821
178.2652 18.0876
178.2724 18.0930
178.2796 18.0985
178.2867 18.1039
178.2939 18.1093
178.3010 18.1148
178.3082 18.1202
178.3153 18.1256
178.3225 18.1311
178.3296 18.1365
178.3368 18.1420
178.3440 18.1474
178.3511 18.1528
178.3583 18.1583
178.3654 18.1637
178.3726 18.1692
178.3797 18.1746
178.3869 18.1800
178.3940 18.1855
178.4011 18.1909
178.4083 18.1964
178.4154 18.2018
178.4226 18.2073
178.4297 18.2127
178.4369 18.2181
178.4440 18.2236
178.4512 18.2290
178.4583 18.2345
178.4654 18.2399
178.4726 18.2454
178.4797 18.2508
178.4869 18.2562
178.4940 18.2617
178.5011 18.2671
178.5083 18.2726
178.5154 18.2780
178.5225 18.2835
178.5297 18.2889
178.5368 18.2943
178.5439 18.2998
178.5511 18.3052
178.5582 18.3107
178.5653 18.3161
178.5725 18.3216
178.5796 18.3270
178.5867 18.3325
178.5939 18.3379
178.6010 18.3434
178.6081 18.3488
178.6152 18.3542
178.6224 18.3597
178.6295 18.3651
178.6366 18.3706
178.6437 18.3760
178.6509 18.3815
178.6580 18.3869
178.6651 18.3924
178.6722 18.3978
178.6794 18.4033
178.6865 18.4087
178.6936 18.4142
178.7007 18.4196
178.7078 18.4251
178.7150 18.4305
178.7221 18.4360
178.7292 18.4414
178.7363 18.4469
178.7434 18.4523
178.7505 18.4578
178.7576 18.4632
178.7648 18.4687
178.7719 18.4741
178.7790 18.4795
178.7861 18.4850
178.7932 18.4904
178.8003 18.4959
178.8074 18.5013
178.8145 18.5068
178.8216 18.5122
178.8287 18.5177
178.8359 18.5232
178.8430 18.5286
178.8501 18.5341
178.8572 18.5395
178.8643 18.5450
178.8714 18.5504
178.8785 18.5559
178.8856 18.5613
178.8927 18.5668
178.8998 18.5722
178.9069 18.5777
178.9140 18.5831
178.9211 18.5886
178.9282 18.5940
178.9353 18.5995
178.9424 18.6049
178.9495 18.6104
178.9566 18.6158
178.9637 18.6213
178.9708 18.6267
178.9779 18.6322
178.9849 18.6376
178.9920 18.6431
178.9991 18.6486
179.0062 18.6540
179.0133 18.6595
179.0204 18.6649
179.0275 18.6704
179.0346 18.6758
179.0417 18.6813
179.0488 18.6867
179.0558 18.6922
179.0629 18.6976
179.0700 18.7031
179.0771 18.7086
179.0842 18.7140
179.0913 18.7195
179.0983 18.7249
179.1054 18.7304
179.1125 18.7358
179.1196 18.7413
179.1267 18.7467
179.1338 18.7522
179.1408 18.7577
179.1479 18.7631
179.1550 18.7686
179.1621 18.7740
179.1691 18.7795
179.1762 18.7849
179.1833 18.7904
179.1904 18.7959
179.1974 18.8013
179.2045 18.8068
179.2116 18.8122
179.2187 18.8177
179.2257 18.8232
179.2328 18.8286
179.2399 18.8341
179.2469 18.8395
179.2540 18.8450
179.2611 18.8504
179.2681 18.8559
179.2752 18.8614
179.2823 18.8668
179.2893 18.8723
179.2964 18.8777
179.3035 18.8832
179.3105 18.8887
179.3176 18.8941
179.3247 18.8996
179.3317 18.9050
179.3388 18.9105
179.3458 18.9160
179.3529 18.9214
179.3600 18.9269
179.3670 18.9323
179.3741 18.9378
179.3811 18.9433
179.3882 18.9487
179.3952 18.9542
179.4023 18.9596
179.4094 18.9651
179.4164 18.9706
179.4235 18.9760
179.4305 18.9815
179.4376 18.9869
179.4446 18.9924
179.4517 18.9979
179.4587 19.0033
179.4658 19.0088
179.4728 19.0143
179.4799 19.0197
179.4869 19.0252
179.4940 19.0306
179.5010 19.0361
179.5080 19.0416
179.5151 19.0470
179.5221 19.0525
179.5292 19.0580
179.5362 19.0634
179.5433 19.0689
179.5503 19.0743
179.5574 19.0798
179.5644 19.0853
179.5714 19.0907
179.5785 19.0962
179.5855 19.1017
179.5925 19.1071
179.5996 19.1126
179.6066 19.1181
179.6137 19.1235
179.6207 19.1290
179.6277 19.1345
179.6348 19.1399
179.6418 19.1454
179.6488 19.1508
179.6559 19.1563
179.6629 19.1618
179.6699 19.1672
179.6770 19.1727
179.6840 19.1782
179.6910 19.1836
179.6980 19.1891
179.7051 19.1946
179.7121 19.2000
179.7191 19.2055
179.7262 19.2110
179.7332 19.2164
179.7402 19.2219
179.7472 19.2274
179.7543 19.2328
179.7613 19.2383
179.7683 19.2438
179.7753 19.2492
179.7823 19.2547
179.7894 19.2602
179.7964 19.2656
179.8034 19.2711
179.8104 19.2766
179.8174 19.2820
179.8245 19.2875
179.8315 19.2930
179.8385 19.2984
179.8455 19.3039
179.8525 19.3094
179.8595 19.3148
179.8666 19.3203
179.8736 19.3258
179.8806 19.3312
179.8876 19.3367
179.8946 19.3422
179.9016 19.3476
179.9086 19.3531
179.9156 19.3586
179.9226 19.3641
179.9297 19.3695
179.9367 19.3750
179.9437 19.3805
179.9507 19.3859
179.9577 19.3914
179.9647 19.3969
179.9717 19.4023
179.9787 19.4078
179.9857 19.4133
179.9927 19.4187
179.9997 19.4242
180.0067 19.4297
180.0137 19.4352
180.0207 19.4406
180.0277 19.4461
180.0347 19.4516
180.0417 19.4570
180.0487 19.4625
180.0557 19.4680
180.0627 19.4735
180.0697 19.4789
180.0767 19.4844
180.0837 19.4899
180.0907 19.4953
180.0977 19.5008
180.1047 19.5063
180.1117 19.5118
180.1187 19.5172
180.1257 19.5227
180.1326 19.5282
180.1396 19.5336
180.1466 19.5391
180.1536 19.5446
180.1606 19.5501
180.1676 19.5555
180.1746 19.5610
180.1816 19.5665
180.1886 19.5719
180.1955 19.5774
180.2025 19.5829
180.2095 19.5884
180.2165 19.5938
180.2235 19.5993
180.2305 19.6048
180.2374 19.6102
180.2444 19.6157
180.2514 19.6212
180.2584 19.6267
180.2654 19.6321
180.2723 19.6376
180.2793 19.6431
180.2863 19.6486
180.2933 19.6540
180.3003 19.6595
180.3072 19.6650
180.3142 19.6705
180.3212 19.6759
180.3282 19.6814
180.3351 19.6869
180.3421 19.6924
180.3491 19.6978
180.3561 19.7033
180.3630 19.7088
180.3700 19.7142
180.3770 19.7197
180.3839 19.7252
180.3909 19.7307
180.3979 19.7361
180.4048 19.7416
180.4118 19.7471
180.4188 19.7526
180.4257 19.7580
180.4327 19.7635
180.4397 19.7690
180.4466 19.7745
180.4536 19.7799
180.4606 19.7854
180.4675 19.7909
180.4745 19.7964
180.4814 19.8018
180.4884 19.8073
180.4954 19.8128
180.5023 19.8183
180.5093 19.8237
180.5162 19.8292
180.5232 19.8347
180.5302 19.8402
180.5371 19.8457
180.5441 19.8511
180.5510 19.8566
180.5580 19.8621
180.5649 19.8676
180.5719 19.8730
180.5788 19.8785
180.5858 19.8840
180.5928 19.8895
180.5997 19.8949
180.6067 19.9004
180.6136 19.9059
180.6206 19.9114
180.6275 19.9168
180.6344 19.9223
180.6414 19.9278
180.6483 19.9333
180.6553 19.9388
180.6622 19.9442
180.6692 19.9497
180.6761 19.9552
180.6831 19.9607
180.6900 19.9661
180.6970 19.9716
180.7039 19.9771
180.7108 19.9826
180.7178 19.9880
180.7247 19.9935
180.7317 19.9990
180.7386 20.0045
180.7455 20.0100
180.7525 20.0154
180.7594 20.0209
180.7664 20.0264
180.7733 20.0319
180.7802 20.0373
180.7872 20.0428
180.7941 20.0483
180.8010 20.0538
180.8080 20.0593
180.8149 20.0647
180.8218 20.0702
180.8288 20.0757
180.8357 20.0812
180.8426 20.0867
180.8496 20.0921
180.8565 20.0976
180.8634 20.1031
180.8704 20.1086
180.8773 20.1140
180.8842 20.1195
180.8911 20.1250
180.8981 20.1305
180.9050 20.1360
180.9119 20.1414
180.9188 20.1469
180.9258 20.1524
180.9327 20.1579
180.9396 20.1634
180.9465 20.1688
180.9534 20.1743
180.9604 20.1798
180.9673 20.1853
180.9742 20.1908
180.9811 20.1962
180.9880 20.2017
180.9950 20.2072
181.0019 20.2127
181.0088 20.2182
181.0157 20.2236
181.0226 20.2291
181.0295 20.2346
181.0365 20.2401
181.0434 20.2455
181.0503 20.2510
181.0572 20.2565
181.0641 20.2620
181.0710 20.2675
181.0779 20.2729
181.0849 20.2784
181.0918 20.2839
181.0987 20.2894
181.1056 20.2949
181.1125 20.3003
181.1194 20.3058
181.1263 20.3113
181.1332 20.3168
181.1401 20.3223
181.1470 20.3277
181.1539 20.3332
181.1608 20.3387
181.1677 20.3442
181.1746 20.3497
181.1815 20.3552
181.1884 20.3606
181.1953 20.3661
181.2022 20.3716
181.2091 20.3771
181.2160 20.3826
181.2229 20.3880
181.2298 20.3935
181.2367 20.3990
181.2436 20.4045
181.2505 20.4100
181.2574 20.4154
181.2643 20.4209
181.2712 20.4264
181.2781 20.4319
181.2850 20.4374
181.2919 20.4428
181.2988 20.4483
181.3057 20.4538
181.3126 20.4593
181.3195 20.4648
181.3264 20.4703
181.3333 20.4757
181.3402 20.4812
181.3470 20.4867
181.3539 20.4922
181.3608 20.4977
181.3677 20.5031
181.3746 20.5086
181.3815 20.5141
181.3884 20.5196
181.3953 20.5251
181.4021 20.5305
181.4090 20.5360
181.4159 20.5415
181.4228 20.5470
181.4297 20.5525
181.4366 20.5580
181.4434 20.5634
181.4503 20.5689
181.4572 20.5744
181.4641 20.5799
181.4710 20.5854
181.4778 20.5908
181.4847 20.5963
181.4916 20.6018
181.4985 20.6073
181.5053 20.6128
181.5122 20.6183
181.5191 20.6237
181.5260 20.6292
181.5328 20.6347
181.5397 20.6402
181.5466 20.6457
181.5535 20.6511
181.5603 20.6566
181.5672 20.6621
181.5741 20.6676
181.5810 20.6731
181.5878 20.6786
181.5947 20.6840
181.6016 20.6895
181.6084 20.6950
181.6153 20.7005
181.6222 20.7060
181.6290 20.7115
181.6359 20.7169
181.6428 20.7224
181.6496 20.7279
181.6565 20.7334
181.6634 20.7389
181.6702 20.7443
181.6771 20.7498
181.6839 20.7553
181.6908 20.7608
181.6977 20.7663
181.7045 20.7718
181.7114 20.7772
181.7182 20.7827
181.7251 20.7882
181.7320 20.7937
181.7388 20.7992
181.7457 20.8047
181.7525 20.8101
181.7594 20.8156
181.7663 20.8211
181.7731 20.8266
181.7800 20.8321
181.7868 20.8376
181.7937 20.8430
181.8005 20.8485
181.8074 20.8540
181.8142 20.8595
181.8211 20.8650
181.8279 20.8704
181.8348 20.8759
181.8416 20.8814
181.8485 20.8869
181.8553 20.8924
181.8622 20.8979
181.8690 20.9033
181.8759 20.9088
181.8827 20.9143
181.8896 20.9198
181.8964 20.9253
181.9033 20.9308
181.9101 20.9362
181.9169 20.9417
181.9238 20.9472
181.9306 20.9527
181.9375 20.9582
181.9443 20.9637
181.9512 20.9691
181.9580 20.9746
181.9648 20.9801
181.9717 20.9856
181.9785 20.9911
181.9854 20.9966
181.9922 21.0020
181.9990 21.0075
182.0059 21.0130
182.0127 21.0185
182.0195 21.0240
182.0264 21.0295
182.0332 21.0349
182.0400 21.0404
182.0469 21.0459
182.0537 21.0514
182.0605 21.0569
182.0674 21.0623
182.0742 21.0678
182.0810 21.0733
182.0879 21.0788
182.0947 21.0843
182.1015 21.0898
182.1084 21.0952
182.1152 21.1007
182.1220 21.1062
182.1288 21.1117
182.1357 21.1172
182.1425 21.1227
182.1493 21.1281
182.1562 21.1336
182.1630 21.1391
182.1698 21.1446
182.1766 21.1501
182.1835 21.1556
182.1903 21.1610
182.1971 21.1665
182.2039 21.1720
182.2107 21.1775
182.2176 21.1830
182.2244 21.1885
182.2312 21.1939
182.2380 21.1994
182.2448 21.2049
182.2517 21.2104
182.2585 21.2159
182.2653 21.2214
182.2721 21.2268
182.2789 21.2323
182.2857 21.2378
182.2926 21.2433
182.2994 21.2488
182.3062 21.2542
182.3130 21.2597
182.3198 21.2652
182.3266 21.2707
182.3334 21.2762
182.3402 21.2817
182.3471 21.2871
182.3539 21.2926
182.3607 21.2981
182.3675 21.3036
182.3743 21.3091
182.3811 21.3146
182.3879 21.3200
182.3947 21.3255
182.4015 21.3310
182.4083 21.3365
182.4151 21.3420
182.4219 21.3474
182.4287 21.3529
182.4355 21.3584
182.4423 21.3639
182.4491 21.3694
182.4560 21.3749
182.4628 21.3803
182.4696 21.3858
182.4764 21.3913
182.4832 21.3968
182.4900 21.4023
182.4968 21.4078
182.5036 21.4132
182.5104 21.4187
182.5171 21.4242
182.5239 21.4297
182.5307 21.4352
182.5375 21.4406
182.5443 21.4461
182.5511 21.4516
182.5579 21.4571
182.5647 21.4626
182.5715 21.4681
182.5783 21.4735
182.5851 21.4790
182.5919 21.4845
182.5987 21.4900
182.6055 21.4955
182.6123 21.5009
182.6190 21.5064
182.6258 21.5119
182.6326 21.5174
182.6394 21.5229
182.6462 21.5284
182.6530 21.5338
182.6598 21.5393
182.6666 21.5448
182.6733 21.5503
182.6801 21.5558
182.6869 21.5612
182.6937 21.5667
182.7005 21.5722
182.7073 21.5777
182.7141 21.5832
182.7208 21.5886
182.7276 21.5941
182.7344 21.5996
182.7412 21.6051
182.7480 21.6106
182.7547 21.6161
182.7615 21.6215
182.7683 21.6270
182.7751 21.6325
182.7819 21.6380
182.7886 21.6435
182.7954 21.6489
182.8022 21.6544
182.8090 21.6599
182.8157 21.6654
182.8225 21.6709
182.8293 21.6763
182.8361 21.6818
182.8428 21.6873
182.8496 21.6928
182.8564 21.6983
182.8631 21.7037
182.8699 21.7092
182.8767 21.7147
182.8835 21.7202
182.8902 21.7257
182.8970 21.7311
182.9038 21.7366
182.9105 21.7421
182.9173 21.7476
182.9241 21.7531
182.9308 21.7585
182.9376 21.7640
182.9444 21.7695
182.9511 21.7750
182.9579 21.7805
182.9647 21.7859
182.9714 21.7914
182.9782 21.7969
182.9849 21.8024
182.9917 21.8079
182.9985 21.8133
183.0052 21.8188
183.0120 21.8243
183.0187 21.8298
183.0255 21.8353
183.0323 21.8407
183.0390 21.8462
183.0458 21.8517
183.0525 21.8572
183.0593 21.8627
183.0660 21.8681
183.0728 21.8736
183.0796 21.8791
183.0863 21.8846
183.0931 21.8901
183.0998 21.8955
183.1066 21.9010
183.1133 21.9065
183.1201 21.9120
183.1268 21.9174
183.1336 21.9229
183.1403 21.9284
183.1471 21.9339
183.1538 21.9394
183.1606 21.9448
183.1673 21.9503
183.1741 21.9558
183.1808 21.9613
183.1876 21.9668
183.1943 21.9722
183.2011 21.9777
183.2078 21.9832
183.2146 21.9887
183.2213 21.9941
183.2281 21.9996
183.2348 22.0051
183.2415 22.0106
183.2483 22.0161
183.2550 22.0215
183.2618 22.0270
183.2685 22.0325
183.2753 22.0380
183.2820 22.0434
183.2887 22.0489
183.2955 22.0544
183.3022 22.0599
183.3090 22.0654
183.3157 22.0708
183.3224 22.0763
183.3292 22.0818
183.3359 22.0873
183.3426 22.0927
183.3494 22.0982
183.3561 22.1037
183.3628 22.1092
183.3696 22.1147
183.3763 22.1201
183.3830 22.1256
183.3898 22.1311
183.3965 22.1366
183.4032 22.1420
183.4100 22.1475
183.4167 22.1530
183.4234 22.1585
183.4302 22.1639
183.4369 22.1694
183.4436 22.1749
183.4504 22.1804
183.4571 22.1858
183.4638 22.1913
183.4705 22.1968
183.4773 22.2023
183.4840 22.2077
183.4907 22.2132
183.4974 22.2187
183.5042 22.2242
183.5109 22.2297
183.5176 22.2351
183.5243 22.2406
183.5311 22.2461
183.5378 22.2516
183.5445 22.2570
183.5512 22.2625
183.5579 22.2680
183.5647 22.2735
183.5714 22.2789
183.5781 22.2844
183.5848 22.2899
183.5915 22.2954
183.5983 22.3008
183.6050 22.3063
183.6117 22.3118
183.6184 22.3173
183.6251 22.3227
183.6318 22.3282
183.6386 22.3337
183.6453 22.3392
183.6520 22.3446
183.6587 22.3501
183.6654 22.3556
183.6721 22.3610
183.6788 22.3665
183.6856 22.3720
183.6923 22.3775
183.6990 22.3829
183.7057 22.3884
183.7124 22.3939
183.7191 22.3994
183.7258 22.4048
183.7325 22.4103
183.7392 22.4158
183.7459 22.4213
183.7526 22.4267
183.7594 22.4322
183.7661 22.4377
183.7728 22.4432
183.7795 22.4486
183.7862 22.4541
183.7929 22.4596
183.7996 22.4650
183.8063 22.4705
183.8130 22.4760
183.8197 22.4815
183.8264 22.4869
183.8331 22.4924
183.8398 22.4979
183.8465 22.5033
183.8532 22.5088
183.8599 22.5143
183.8666 22.5198
183.8733 22.5252
183.8800 22.5307
183.8867 22.5362
183.8934 22.5417
183.9001 22.5471
183.9068 22.5526
183.9135 22.5581
183.9202 22.5635
183.9269 22.5690
183.9336 22.5745
183.9403 22.5800
183.9469 22.5854
183.9536 22.5909
183.9603 22.5964
183.9670 22.6018
183.9737 22.6073
183.9804 22.6128
183.9871 22.6182
183.9938 22.6237
184.0005 22.6292
184.0072 22.6347
184.0139 22.6401
184.0205 22.6456
184.0272 22.6511
184.0339 22.6565
184.0406 22.6620
184.0473 22.6675
184.0540 22.6729
184.0607 22.6784
184.0673 22.6839
184.0740 22.6894
184.0807 22.6948
184.0874 22.7003
184.0941 22.7058
184.1008 22.7112
184.1074 22.7167
184.1141 22.7222
184.1208 22.7276
184.1275 22.7331
184.1342 22.7386
184.1409 22.7440
184.1475 22.7495
184.1542 22.7550
184.1609 22.7604
184.1676 22.7659
184.1742 22.7714
184.1809 22.7768
184.1876 22.7823
184.1943 22.7878
184.2010 22.7932
184.2076 22.7987
184.2143 22.8042
184.2210 22.8097
184.2276 22.8151
184.2343 22.8206
184.2410 22.8261
184.2477 22.8315
184.2543 22.8370
184.2610 22.8425
184.2677 22.8479
184.2744 22.8534
184.2810 22.8589
184.2877 22.8643
184.2944 22.8698
184.3010 22.8752
184.3077 22.8807
184.3144 22.8862
184.3210 22.8916
184.3277 22.8971
184.3344 22.9026
184.3410 22.9080
184.3477 22.9135
184.3544 22.9190
184.3610 22.9244
184.3677 22.9299
184.3744 22.9354
184.3810 22.9408
184.3877 22.9463
184.3943 22.9518
184.4010 22.9572
184.4077 22.9627
184.4143 22.9682
184.4210 22.9736
184.4277 22.9791
184.4343 22.9845
184.4410 22.9900
184.4476 22.9955
184.4543 23.0009
184.4609 23.0064
184.4676 23.0119
184.4743 23.0173
184.4809 23.0228
184.4876 23.0283
184.4942 23.0337
184.5009 23.0392
184.5075 23.0446
184.5142 23.0501
184.5208 23.0556
184.5275 23.0610
184.5342 23.0665
184.5408 23.0720
184.5475 23.0774
184.5541 23.0829
184.5608 23.0883
184.5674 23.0938
184.5741 23.0993
184.5807 23.1047
184.5874 23.1102
184.5940 23.1156
184.6007 23.1211
184.6073 23.1266
184.6139 23.1320
184.6206 23.1375
184.6272 23.1429
184.6339 23.1484
184.6405 23.1539
184.6472 23.1593
184.6538 23.1648
184.6605 23.1703
184.6671 23.1757
184.6738 23.1812
184.6804 23.1866
184.6870 23.1921
184.6937 23.1976
184.7003 23.2030
184.7070 23.2085
184.7136 23.2139
184.7203 23.2194
184.7269 23.2248
184.7335 23.2303
184.7402 23.2358
184.7468 23.2412
184.7534 23.2467
184.7601 23.2521
184.7667 23.2576
184.7734 23.2631
184.7800 23.2685
184.7866 23.2740
184.7933 23.2794
184.7999 23.2849
184.8065 23.2903
184.8132 23.2958
184.8198 23.3013
184.8264 23.3067
184.8331 23.3122
184.8397 23.3176
184.8463 23.3231
184.8530 23.3285
184.8596 23.3340
184.8662 23.3395
184.8729 23.3449
184.8795 23.3504
184.8861 23.3558
184.8928 23.3613
184.8994 23.3667
184.9060 23.3722
184.9126 23.3777
184.9193 23.3831
184.9259 23.3886
184.9325 23.3940
184.9391 23.3995
184.9458 23.4049
184.9524 23.4104
184.9590 23.4158
184.9656 23.4213
184.9723 23.4268
184.9789 23.4322
184.9855 23.4377
184.9921 23.4431
184.9988 23.4486
185.0054 23.4540
185.0120 23.4595
185.0186 23.4649
185.0252 23.4704
185.0319 23.4758
185.0385 23.4813
185.0451 23.4867
185.0517 23.4922
185.0583 23.4977
185.0650 23.5031
185.0716 23.5086
185.0782 23.5140
185.0848 23.5195
185.0914 23.5249
185.0980 23.5304
185.1047 23.5358
185.1113 23.5413
185.1179 23.5467
185.1245 23.5522
185.1311 23.5576
185.1377 23.5631
185.1443 23.5685
185.1510 23.5740
185.1576 23.5794
185.1642 23.5849
185.1708 23.5903
185.1774 23.5958
185.1840 23.6012
185.1906 23.6067
185.1972 23.6121
185.2038 23.6176
185.2105 23.6230
185.2171 23.6285
185.2237 23.6339
185.2303 23.6394
185.2369 23.6448
185.2435 23.6503
185.2501 23.6557
185.2567 23.6612
185.2633 23.6666
185.2699 23.6721
185.2765 23.6775
185.2831 23.6830
185.2897 23.6884
185.2963 23.6939
185.3029 23.6993
185.3095 23.7048
185.3161 23.7102
185.3227 23.7157
185.3293 23.7211
185.3359 23.7266
185.3425 23.7320
185.3491 23.7375
185.3557 23.7429
185.3623 23.7484
185.3689 23.7538
185.3755 23.7592
185.3821 23.7647
185.3887 23.7701
185.3953 23.7756
185.4019 23.7810
185.4085 23.7865
185.4151 23.7919
185.4217 23.7974
185.4283 23.8028
185.4349 23.8083
185.4415 23.8137
185.4481 23.8191
185.4547 23.8246
185.4613 23.8300
185.4679 23.8355
185.4744 23.8409
185.4810 23.8464
185.4876 23.8518
185.4942 23.8573
185.5008 23.8627
185.5074 23.8681
185.5140 23.8736
185.5206 23.8790
185.5272 23.8845
185.5338 23.8899
185.5403 23.8954
185.5469 23.9008
185.5535 23.9062
185.5601 23.9117
185.5667 23.9171
185.5733 23.9226
185.5799 23.9280
185.5864 23.9335
185.5930 23.9389
185.5996 23.9443
185.6062 23.9498
185.6128 23.9552
185.6194 23.9607
185.6259 23.9661
185.6325 23.9715
185.6391 23.9770
185.6457 23.9824
185.6523 23.9879
185.6588 23.9933
185.6654 23.9987
185.6720 24.0042
185.6786 24.0096
185.6852 24.0151
185.6917 24.0205
185.6983 24.0259
185.7049 24.0314
185.7115 24.0368
185.7181 24.0423
185.7246 24.0477
185.7312 24.0531
185.7378 24.0586
185.7444 24.0640
185.7509 24.0695
185.7575 24.0749
185.7641 24.0803
185.7706 24.0858
185.7772 24.0912
185.7838 24.0966
185.7904 24.1021
185.7969 24.1075
185.8035 24.1130
185.8101 24.1184
185.8166 24.1238
185.8232 24.1293
185.8298 24.1347
185.8364 24.1401
185.8429 24.1456
185.8495 24.1510
185.8561 24.1564
185.8626 24.1619
185.8692 24.1673
185.8758 24.1727
185.8823 24.1782
185.8889 24.1836
185.8955 24.1890
185.9020 24.1945
185.9086 24.1999
185.9152 24.2053
185.9217 24.2108
185.9283 24.2162
185.9348 24.2216
185.9414 24.2271
185.9480 24.2325
185.9545 24.2379
185.9611 24.2434
185.9676 24.2488
185.9742 24.2542
185.9808 24.2597
185.9873 24.2651
185.9939 24.2705
186.0004 24.2760
186.0070 24.2814
186.0136 24.2868
186.0201 24.2923
186.0267 24.2977
186.0332 24.3031
186.0398 24.3086
186.0463 24.3140
186.0529 24.3194
186.0595 24.3249
186.0660 24.3303
186.0726 24.3357
186.0791 24.3411
186.0857 24.3466
186.0922 24.3520
186.0988 24.3574
186.1053 24.3629
186.1119 24.3683
186.1184 24.3737
186.1250 24.3791
186.1315 24.3846
186.1381 24.3900
186.1446 24.3954
186.1512 24.4009
186.1577 24.4063
186.1643 24.4117
186.1708 24.4171
186.1774 24.4226
186.1839 24.4280
186.1905 24.4334
186.1970 24.4388
186.2036 24.4443
186.2101 24.4497
186.2167 24.4551
186.2232 24.4605
186.2298 24.4660
186.2363 24.4714
186.2428 24.4768
186.2494 24.4822
186.2559 24.4877
186.2625 24.4931
186.2690 24.4985
186.2756 24.5039
186.2821 24.5094
186.2886 24.5148
186.2952 24.5202
186.3017 24.5256
186.3083 24.5311
186.3148 24.5365
186.3213 24.5419
186.3279 24.5473
186.3344 24.5528
186.3410 24.5582
186.3475 24.5636
186.3540 24.5690
186.3606 24.5744
186.3671 24.5799
186.3736 24.5853
186.3802 24.5907
186.3867 24.5961
186.3932 24.6016
186.3998 24.6070
186.4063 24.6124
186.4129 24.6178
186.4194 24.6232
186.4259 24.6287
186.4325 24.6341
186.4390 24.6395
186.4455 24.6449
186.4520 24.6503
186.4586 24.6558
186.4651 24.6612
186.4716 24.6666
186.4782 24.6720
186.4847 24.6774
186.4912 24.6829
186.4978 24.6883
186.5043 24.6937
186.5108 24.6991
186.5173 24.7045
186.5239 24.7099
186.5304 24.7154
186.5369 24.7208
186.5435 24.7262
186.5500 24.7316
186.5565 24.7370
186.5630 24.7424
186.5696 24.7479
186.5761 24.7533
186.5826 24.7587
186.5891 24.7641
186.5956 24.7695
186.6022 24.7749
186.6087 24.7804
186.6152 24.7858
186.6217 24.7912
186.6283 24.7966
186.6348 24.8020
186.6413 24.8074
186.6478 24.8128
186.6543 24.8183
186.6609 24.8237
186.6674 24.8291
186.6739 24.8345
186.6804 24.8399
186.6869 24.8453
186.6935 24.8507
186.7000 24.8561
186.7065 24.8616
186.7130 24.8670
186.7195 24.8724
186.7260 24.8778
186.7326 24.8832
186.7391 24.8886
186.7456 24.8940
186.7521 24.8994
186.7586 24.9049
186.7651 24.9103
186.7716 24.9157
186.7781 24.9211
186.7847 24.9265
186.7912 24.9319
186.7977 24.9373
186.8042 24.9427
186.8107 24.9481
186.8172 24.9535
186.8237 24.9589
186.8302 24.9644
186.8367 24.9698
186.8433 24.9752
186.8498 24.9806
186.8563 24.9860
186.8628 24.9914
186.8693 24.9968
186.8758 25.0022
186.8823 25.0076
186.8888 25.0130
186.8953 25.0184
186.9018 25.0238
186.9083 25.0292
186.9148 25.0346
186.9213 25.0401
186.9278 25.0455
186.9343 25.0509
186.9408 25.0563
186.9473 25.0617
186.9539 25.0671
186.9604 25.0725
186.9669 25.0779
186.9734 25.0833
186.9799 25.0887
186.9864 25.0941
186.9929 25.0995
186.9994 25.1049
187.0059 25.1103
187.0124 25.1157
187.0189 25.1211
187.0254 25.1265
187.0319 25.1319
187.0384 25.1373
187.0449 25.1427
187.0513 25.1481
187.0578 25.1535
187.0643 25.1589
187.0708 25.1643
187.0773 25.1697
187.0838 25.1751
187.0903 25.1805
187.0968 25.1859
187.1033 25.1913
187.1098 25.1967
187.1163 25.2021
187.1228 25.2075
187.1293 25.2129
187.1358 25.2183
187.1423 25.2237
187.1488 25.2291
187.1552 25.2345
187.1617 25.2399
187.1682 25.2453
187.1747 25.2507
187.1812 25.2561
187.1877 25.2615
187.1942 25.2669
187.2007 25.2723
187.2072 25.2777
187.2137 25.2831
187.2201 25.2885
187.2266 25.2939
187.2331 25.2993
187.2396 25.3047
187.2461 25.3101
187.2526 25.3155
187.2591 25.3209
187.2655 25.3263
187.2720 25.3317
187.2785 25.3370
187.2850 25.3424
187.2915 25.3478
187.2980 25.3532
187.3044 25.3586
187.3109 25.3640
187.3174 25.3694
187.3239 25.3748
187.3304 25.3802
187.3369 25.3856
187.3433 25.3910
187.3498 25.3964
187.3563 25.4018
187.3628 25.4071
187.3693 25.4125
187.3757 25.4179
187.3822 25.4233
187.3887 25.4287
187.3952 25.4341
187.4016 25.4395
187.4081 25.4449
187.4146 25.4503
187.4211 25.4557
187.4275 25.4610
187.4340 25.4664
187.4405 25.4718
187.4470 25.4772
187.4534 25.4826
187.4599 25.4880
187.4664 25.4934
187.4729 25.4988
187.4793 25.5041
187.4858 25.5095
187.4923 25.5149
187.4988 25.5203
187.5052 25.5257
187.5117 25.5311
187.5182 25.5365
187.5246 25.5419
187.5311 25.5472
187.5376 25.5526
187.5440 25.5580
187.5505 25.5634
187.5570 25.5688
187.5635 25.5742
187.5699 25.5795
187.5764 25.5849
187.5829 25.5903
187.5893 25.5957
187.5958 25.6011
187.6023 25.6065
187.6087 25.6118
187.6152 25.6172
187.6216 25.6226
187.6281 25.6280
187.6346 25.6334
187.6410 25.6387
187.6475 25.6441
187.6540 25.6495
187.6604 25.6549
187.6669 25.6603
187.6734 25.6657
187.6798 25.6710
187.6863 25.6764
187.6927 25.6818
187.6992 25.6872
187.7057 25.6925
187.7121 25.6979
187.7186 25.7033
187.7250 25.7087
187.7315 25.7141
187.7380 25.7194
187.7444 25.7248
187.7509 25.7302
187.7573 25.7356
187.7638 25.7409
187.7702 25.7463
187.7767 25.7517
187.7832 25.7571
187.7896 25.7625
187.7961 25.7678
187.8025 25.7732
187.8090 25.7786
187.8154 25.7840
187.8219 25.7893
187.8283 25.7947
187.8348 25.8001
187.8412 25.8055
187.8477 25.8108
187.8542 25.8162
187.8606 25.8216
187.8671 25.8269
187.8735 25.8323
187.8800 25.8377
187.8864 25.8431
187.8929 25.8484
187.8993 25.8538
187.9058 25.8592
187.9122 25.8646
187.9187 25.8699
187.9251 25.8753
187.9316 25.8807
187.9380 25.8860
187.9445 25.8914
187.9509 25.8968
187.9573 25.9021
187.9638 25.9075
187.9702 25.9129
187.9767 25.9183
187.9831 25.9236
187.9896 25.9290
187.9960 25.9344
188.0025 25.9397
188.0089 25.9451
188.0154 25.9505
188.0218 25.9558
188.0282 25.9612
188.0347 25.9666
188.0411 25.9719
188.0476 25.9773
188.0540 25.9827
188.0605 25.9880
188.0669 25.9934
188.0733 25.9988
188.0798 26.0041
188.0862 26.0095
188.0927 26.0149
188.0991 26.0202
188.1055 26.0256
188.1120 26.0310
188.1184 26.0363
188.1249 26.0417
188.1313 26.0470
188.1377 26.0524
188.1442 26.0578
188.1506 26.0631
188.1570 26.0685
188.1635 26.0739
188.1699 26.0792
188.1763 26.0846
188.1828 26.0899
188.1892 26.0953
188.1957 26.1007
188.2021 26.1060
188.2085 26.1114
188.2150 26.1167
188.2214 26.1221
188.2278 26.1275
188.2343 26.1328
188.2407 26.1382
188.2471 26.1435
188.2536 26.1489
188.2600 26.1543
188.2664 26.1596
188.2728 26.1650
188.2793 26.1703
188.2857 26.1757
188.2921 26.1810
188.2986 26.1864
188.3050 26.1918
188.3114 26.1971
188.3178 26.2025
188.3243 26.2078
188.3307 26.2132
188.3371 26.2185
188.3436 26.2239
188.3500 26.2292
188.3564 26.2346
188.3628 26.2400
188.3693 26.2453
188.3757 26.2507
188.3821 26.2560
188.3885 26.2614
188.3950 26.2667
188.4014 26.2721
188.4078 26.2774
188.4142 26.2828
188.4207 26.2881
188.4271 26.2935
188.4335 26.2988
188.4399 26.3042
188.4463 26.3095
188.4528 26.3149
188.4592 26.3202
188.4656 26.3256
188.4720 26.3309
188.4784 26.3363
188.4849 26.3416
188.4913 26.3470
188.4977 26.3523
188.5041 26.3577
188.5105 26.3630
188.5170 26.3684
188.5234 26.3737
188.5298 26.3791
188.5362 26.3844
188.5426 26.3898
188.5490 26.3951
188.5555 26.4005
188.5619 26.4058
188.5683 26.4111
188.5747 26.4165
188.5811 26.4218
188.5875 26.4272
188.5940 26.4325
188.6004 26.4379
188.6068 26.4432
188.6132 26.4486
188.6196 26.4539
188.6260 26.4592
188.6324 26.4646
188.6388 26.4699
188.6453 26.4753
188.6517 26.4806
188.6581 26.4860
188.6645 26.4913
188.6709 26.4966
188.6773 26.5020
188.6837 26.5073
188.6901 26.5127
188.6965 26.5180
188.7029 26.5233
188.7093 26.5287
188.7158 26.5340
188.7222 26.5394
188.7286 26.5447
188.7350 26.5500
188.7414 26.5554
188.7478 26.5607
188.7542 26.5661
188.7606 26.5714
188.7670 26.5767
188.7734 26.5821
188.7798 26.5874
188.7862 26.5927
188.7926 26.5981
188.7990 26.6034
188.8054 26.6088
188.8118 26.6141
188.8182 26.6194
188.8246 26.6248
188.8310 26.6301
188.8374 26.6354
188.8438 26.6408
188.8502 26.6461
188.8566 26.6514
188.8630 26.6568
188.8694 26.6621
188.8758 26.6674
188.8822 26.6728
188.8886 26.6781
188.8950 26.6834
188.9014 26.6888
188.9078 26.6941
188.9142 26.6994
188.9206 26.7047
188.9270 26.7101
188.9334 26.7154
188.9398 26.7207
188.9462 26.7261
188.9526 26.7314
188.9590 26.7367
188.9654 26.7421
188.9718 26.7474
188.9782 26.7527
188.9846 26.7580
188.9910 26.7634
188.9974 26.7687
189.0038 26.7740
189.0102 26.7793
189.0166 26.7847
189.0230 26.7900
189.0293 26.7953
189.0357 26.8006
189.0421 26.8060
189.0485 26.8113
189.0549 26.8166
189.0613 26.8219
189.0677 26.8273
189.0741 26.8326
189.0805 26.8379
189.0869 26.8432
189.0932 26.8486
189.0996 26.8539
189.1060 26.8592
189.1124 26.8645
189.1188 26.8699
189.1252 26.8752
189.1316 26.8805
189.1380 26.8858
189.1443 26.8911
189.1507 26.8965
189.1571 26.9018
189.1635 26.9071
189.1699 26.9124
189.1763 26.9177
189.1827 26.9231
189.1890 26.9284
189.1954 26.9337
189.2018 26.9390
189.2082 26.9443
189.2146 26.9496
189.2210 26.9550
189.2273 26.9603
189.2337 26.9656
189.2401 26.9709
189.2465 26.9762
189.2529 26.9815
189.2592 26.9869
189.2656 26.9922
189.2720 26.9975
189.2784 27.0028
189.2848 27.0081
189.2911 27.0134
189.2975 27.0187
189.3039 27.0241
189.3103 27.0294
189.3167 27.0347
189.3230 27.0400
189.3294 27.0453
189.3358 27.0506
189.3422 27.0559
189.3485 27.0612
189.3549 27.0666
189.3613 27.0719
189.3677 27.0772
189.3740 27.0825
189.3804 27.0878
189.3868 27.0931
189.3932 27.0984
189.3995 27.1037
189.4059 27.1090
189.4123 27.1143
189.4187 27.1196
189.4250 27.1250
189.4314 27.1303
189.4378 27.1356
189.4442 27.1409
189.4505 27.1462
189.4569 27.1515
189.4633 27.1568
189.4696 27.1621
189.4760 27.1674
189.4824 27.1727
189.4888 27.1780
189.4951 27.1833
189.5015 27.1886
189.5079 27.1939
189.5142 27.1992
189.5206 27.2045
189.5270 27.2098
189.5333 27.2151
189.5397 27.2204
189.5461 27.2258
189.5524 27.2311
189.5588 27.2364
189.5652 27.2417
189.5715 27.2470
189.5779 27.2523
189.5843 27.2576
189.5906 27.2629
189.5970 27.2682
189.6034 27.2735
189.6097 27.2788
189.6161 27.2841
189.6225 27.2894
189.6288 27.2947
189.6352 27.3000
189.6415 27.3053
189.6479 27.3105
189.6543 27.3158
189.6606 27.3211
189.6670 27.3264
189.6734 27.3317
189.6797 27.3370
189.6861 27.3423
189.6924 27.3476
189.6988 27.3529
189.7052 27.3582
189.7115 27.3635
189.7179 27.3688
189.7242 27.3741
189.7306 27.3794
189.7370 27.3847
189.7433 27.3900
189.7497 27.3953
189.7560 27.4006
189.7624 27.4059
189.7687 27.4111
189.7751 27.4164
189.7815 27.4217
189.7878 27.4270
189.7942 27.4323
189.8005 27.4376
189.8069 27.4429
189.8132 27.4482
189.8196 27.4535
189.8259 27.4588
189.8323 27.4640
189.8386 27.4693
189.8450 27.4746
189.8514 27.4799
189.8577 27.4852
189.8641 27.4905
189.8704 27.4958
189.8768 27.5011
189.8831 27.5063
189.8895 27.5116
189.8958 27.5169
189.9022 27.5222
189.9085 27.5275
189.9149 27.5328
189.9212 27.5381
189.9276 27.5433
189.9339 27.5486
189.9403 27.5539
189.9466 27.5592
189.9530 27.5645
189.9593 27.5698
189.9657 27.5750
189.9720 27.5803
189.9784 27.5856
189.9847 27.5909
189.9911 27.5962
189.9974 27.6014
190.0037 27.6067
190.0101 27.6120
190.0164 27.6173
190.0228 27.6226
190.0291 27.6278
190.0355 27.6331
190.0418 27.6384
190.0482 27.6437
190.0545 27.6489
190.0608 27.6542
190.0672 27.6595
190.0735 27.6648
190.0799 27.6701
190.0862 27.6753
190.0926 27.6806
190.0989 27.6859
190.1052 27.6912
190.1116 27.6964
190.1179 27.7017
190.1243 27.7070
190.1306 27.7123
190.1369 27.7175
190.1433 27.7228
190.1496 27.7281
190.1560 27.7333
190.1623 27.7386
190.1686 27.7439
190.1750 27.7492
190.1813 27.7544
190.1877 27.7597
190.1940 27.7650
190.2003 27.7702
190.2067 27.7755
190.2130 27.7808
190.2193 27.7861
190.2257 27.7913
190.2320 27.7966
190.2383 27.8019
190.2447 27.8071
190.2510 27.8124
190.2574 27.8177
190.2637 27.8229
190.2700 27.8282
190.2764 27.8335
190.2827 27.8387
190.2890 27.8440
190.2954 27.8493
190.3017 27.8545
190.3080 27.8598
190.3144 27.8651
190.3207 27.8703
190.3270 27.8756
190.3333 27.8808
190.3397 27.8861
190.3460 27.8914
190.3523 27.8966
190.3587 27.9019
190.3650 27.9072
190.3713 27.9124
190.3777 27.9177
190.3840 27.9229
190.3903 27.9282
190.3966 27.9335
190.4030 27.9387
190.4093 27.9440
190.4156 27.9492
190.4220 27.9545
190.4283 27.9598
190.4346 27.9650
190.4409 27.9703
190.4473 27.9755
190.4536 27.9808
190.4599 27.9860
190.4662 27.9913
190.4726 27.9965
190.4789 28.0018
190.4852 28.0071
190.4915 28.0123
190.4979 28.0176
190.5042 28.0228
190.5105 28.0281
190.5168 28.0333
190.5231 28.0386
190.5295 28.0438
190.5358 28.0491
190.5421 28.0543
190.5484 28.0596
190.5548 28.0648
190.5611 28.0701
190.5674 28.0753
190.5737 28.0806
190.5800 28.0858
190.5864 28.0911
190.5927 28.0963
190.5990 28.1016
190.6053 28.1068
190.6116 28.1121
190.6180 28.1173
190.6243 28.1226
190.6306 28.1278
190.6369 28.1331
190.6432 28.1383
190.6495 28.1436
190.6559 28.1488
190.6622 28.1541
190.6685 28.1593
190.6748 28.1646
190.6811 28.1698
190.6874 28.1750
190.6938 28.1803
190.7001 28.1855
190.7064 28.1908
190.7127 28.1960
190.7190 28.2013
190.7253 28.2065
190.7316 28.2117
190.7379 28.2170
190.7443 28.2222
190.7506 28.2275
190.7569 28.2327
190.7632 28.2379
190.7695 28.2432
190.7758 28.2484
190.7821 28.2537
190.7884 28.2589
190.7948 28.2641
190.8011 28.2694
190.8074 28.2746
190.8137 28.2799
190.8200 28.2851
190.8263 28.2903
190.8326 28.2956
190.8389 28.3008
190.8452 28.3060
190.8515 28.3113
190.8579 28.3165
190.8642 28.3217
190.8705 28.3270
190.8768 28.3322
190.8831 28.3374
190.8894 28.3427
190.8957 28.3479
190.9020 28.3531
190.9083 28.3584
190.9146 28.3636
190.9209 28.3688
190.9272 28.3741
190.9335 28.3793
190.9398 28.3845
190.9461 28.3898
190.9524 28.3950
190.9587 28.4002
190.9651 28.4055
190.9714 28.4107
190.9777 28.4159
190.9840 28.4211
190.9903 28.4264
190.9966 28.4316
191.0029 28.4368
191.0092 28.4421
191.0155 28.4473
191.0218 28.4525
191.0281 28.4577
191.0344 28.4630
191.0407 28.4682
191.0470 28.4734
191.0533 28.4786
191.0596 28.4839
191.0659 28.4891
191.0722 28.4943
191.0785 28.4995
191.0848 28.5047
191.0911 28.5100
191.0974 28.5152
191.1037 28.5204
191.1100 28.5256
191.1163 28.5309
191.1226 28.5361
191.1289 28.5413
191.1352 28.5465
191.1415 28.5517
191.1477 28.5570
191.1540 28.5622
191.1603 28.5674
191.1666 28.5726
191.1729 28.5778
191.1792 28.5830
191.1855 28.5883
191.1918 28.5935
191.1981 28.5987
191.2044 28.6039
191.2107 28.6091
191.2170 28.6143
191.2233 28.6196
191.2296 28.6248
191.2359 28.6300
191.2422 28.6352
191.2485 28.6404
191.2547 28.6456
191.2610 28.6508
191.2673 28.6561
191.2736 28.6613
191.2799 28.6665
191.2862 28.6717
191.2925 28.6769
191.2988 28.6821
191.3051 28.6873
191.3114 28.6925
191.3176 28.6977
191.3239 28.7029
191.3302 28.7082
191.3365 28.7134
191.3428 28.7186
191.3491 28.7238
191.3554 28.7290
191.3617 28.7342
191.3680 28.7394
191.3742 28.7446
191.3805 28.7498
191.3868 28.7550
191.3931 28.7602
191.3994 28.7654
191.4057 28.7706
191.4120 28.7758
191.4182 28.7810
191.4245 28.7862
191.4308 28.7914
191.4371 28.7966
191.4434 28.8019
191.4497 28.8071
191.4559 28.8123
191.4622 28.8175
191.4685 28.8227
191.4748 28.8279
191.4811 28.8331
191.4874 28.8383
191.4936 28.8435
191.4999 28.8487
191.5062 28.8539
191.5125 28.8591
191.5188 28.8642
191.5250 28.8694
191.5313 28.8746
191.5376 28.8798
191.5439 28.8850
191.5502 28.8902
191.5564 28.8954
191.5627 28.9006
191.5690 28.9058
191.5753 28.9110
191.5816 28.9162
191.5878 28.9214
191.5941 28.9266
191.6004 28.9318
191.6067 28.9370
191.6130 28.9422
191.6192 28.9474
191.6255 28.9526
191.6318 28.9577
191.6381 28.9629
191.6443 28.9681
191.6506 28.9733
191.6569 28.9785
191.6632 28.9837
191.6694 28.9889
191.6757 28.9941
191.6820 28.9993
191.6883 29.0044
191.6945 29.0096
191.7008 29.0148
191.7071 29.0200
191.7134 29.0252
191.7196 29.0304
191.7259 29.0356
191.7322 29.0408
191.7384 29.0459
191.7447 29.0511
191.7510 29.0563
191.7573 29.0615
191.7635 29.0667
191.7698 29.0719
191.7761 29.0770
191.7823 29.0822
191.7886 29.0874
191.7949 29.0926
191.8011 29.0978
191.8074 29.1029
191.8137 29.1081
191.8200 29.1133
191.8262 29.1185
191.8325 29.1237
191.8388 29.1288
191.8450 29.1340
191.8513 29.1392
191.8576 29.1444
191.8638 29.1496
191.8701 29.1547
191.8764 29.1599
191.8826 29.1651
191.8889 29.1703
191.8952 29.1754
191.9014 29.1806
191.9077 29.1858
191.9140 29.1910
191.9202 29.1961
191.9265 29.2013
191.9328 29.2065
191.9390 29.2116
191.9453 29.2168
191.9515 29.2220
191.9578 29.2272
191.9641 29.2323
191.9703 29.2375
191.9766 29.2427
191.9829 29.2478
191.9891 29.2530
191.9954 29.2582
192.0016 29.2634
192.0079 29.2685
192.0142 29.2737
192.0204 29.2789
192.0267 29.2840
192.0329 29.2892
192.0392 29.2944
192.0455 29.2995
192.0517 29.3047
192.0580 29.3098
192.0642 29.3150
192.0705 29.3202
192.0768 29.3253
192.0830 29.3305
192.0893 29.3357
192.0955 29.3408
192.1018 29.3460
192.1081 29.3512
192.1143 29.3563
192.1206 29.3615
192.1268 29.3666
192.1331 29.3718
192.1393 29.3770
192.1456 29.3821
192.1518 29.3873
192.1581 29.3924
192.1644 29.3976
192.1706 29.4028
192.1769 29.4079
192.1831 29.4131
192.1894 29.4182
192.1956 29.4234
192.2019 29.4285
192.2081 29.4337
192.2144 29.4388
192.2206 29.4440
192.2269 29.4492
192.2331 29.4543
192.2394 29.4595
192.2457 29.4646
192.2519 29.4698
192.2582 29.4749
192.2644 29.4801
192.2707 29.4852
192.2769 29.4904
192.2832 29.4955
192.2894 29.5007
192.2957 29.5058
192.3019 29.5110
192.3082 29.5161
192.3144 29.5213
192.3207 29.5264
192.3269 29.5316
192.3332 29.5367
192.3394 29.5419
192.3457 29.5470
192.3519 29.5522
192.3582 29.5573
192.3644 29.5625
192.3706 29.5676
192.3769 29.5728
192.3831 29.5779
192.3894 29.5830
192.3956 29.5882
192.4019 29.5933
192.4081 29.5985
192.4144 29.6036
192.4206 29.6088
192.4269 29.6139
192.4331 29.6190
192.4394 29.6242
192.4456 29.6293
192.4518 29.6345
192.4581 29.6396
192.4643 29.6447
192.4706 29.6499
192.4768 29.6550
192.4831 29.6602
192.4893 29.6653
192.4955 29.6704
192.5018 29.6756
192.5080 29.6807
192.5143 29.6858
192.5205 29.6910
192.5268 29.6961
192.5330 29.7013
192.5392 29.7064
192.5455 29.7115
192.5517 29.7167
192.5580 29.7218
192.5642 29.7269
192.5704 29.7321
192.5767 29.7372
192.5829 29.7423
192.5892 29.7475
192.5954 29.7526
192.6016 29.7577
192.6079 29.7628
192.6141 29.7680
192.6204 29.7731
192.6266 29.7782
192.6328 29.7834
192.6391 29.7885
192.6453 29.7936
192.6515 29.7987
192.6578 29.8039
192.6640 29.8090
192.6703 29.8141
192.6765 29.8193
192.6827 29.8244
192.6890 29.8295
192.6952 29.8346
192.7014 29.8398
192.7077 29.8449
192.7139 29.8500
192.7201 29.8551
192.7264 29.8603
192.7326 29.8654
192.7388 29.8705
192.7451 29.8756
192.7513 29.8807
192.7575 29.8859
192.7638 29.8910
192.7700 29.8961
192.7762 29.9012
192.7825 29.9063
192.7887 29.9115
192.7949 29.9166
192.8012 29.9217
192.8074 29.9268
192.8136 29.9319
192.8199 29.9370
192.8261 29.9422
192.8323 29.9473
192.8386 29.9524
192.8448 29.9575
192.8510 29.9626
192.8573 29.9677
192.8635 29.9729
192.8697 29.9780
192.8759 29.9831
192.8822 29.9882
192.8884 29.9933
192.8946 29.9984
192.9009 30.0035
192.9071 30.0086
192.9133 30.0137
192.9195 30.0189
192.9258 30.0240
192.9320 30.0291
192.9382 30.0342
192.9444 30.0393
192.9507 30.0444
192.9569 30.0495
192.9631 30.0546
192.9693 30.0597
192.9756 30.0648
192.9818 30.0699
192.9880 30.0750
192.9942 30.0801
193.0005 30.0853
193.0067 30.0904
193.0129 30.0955
193.0191 30.1006
193.0254 30.1057
193.0316 30.1108
193.0378 30.1159
193.0440 30.1210
193.0503 30.1261
193.0565 30.1312
193.0627 30.1363
193.0689 30.1414
193.0752 30.1465
193.0814 30.1516
193.0876 30.1567
193.0938 30.1618
193.1000 30.1669
193.1063 30.1720
193.1125 30.1771
193.1187 30.1822
193.1249 30.1873
193.1311 30.1924
193.1374 30.1975
193.1436 30.2025
193.1498 30.2076
193.1560 30.2127
193.1622 30.2178
193.1685 30.2229
193.1747 30.2280
193.1809 30.2331
193.1871 30.2382
193.1933 30.2433
193.1995 30.2484
193.2058 30.2535
193.2120 30.2586
193.2182 30.2637
193.2244 30.2687
193.2306 30.2738
193.2368 30.2789
193.2431 30.2840
193.2493 30.2891
193.2555 30.2942
193.2617 30.2993
193.2679 30.3044
193.2741 30.3095
193.2804 30.3145
193.2866 30.3196
193.2928 30.3247
193.2990 30.3298
193.3052 30.3349
193.3114 30.3400
193.3176 30.3450
193.3238 30.3501
193.3301 30.3552
193.3363 30.3603
193.3425 30.3654
193.3487 30.3705
193.3549 30.3755
193.3611 30.3806
193.3673 30.3857
193.3735 30.3908
193.3798 30.3959
193.3860 30.4009
193.3922 30.4060
193.3984 30.4111
193.4046 30.4162
193.4108 30.4212
193.4170 30.4263
193.4232 30.4314
193.4294 30.4365
193.4356 30.4415
193.4419 30.4466
193.4481 30.4517
193.4543 30.4568
193.4605 30.4618
193.4667 30.4669
193.4729 30.4720
193.4791 30.4771
193.4853 30.4821
193.4915 30.4872
193.4977 30.4923
193.5039 30.4973
193.5101 30.5024
193.5163 30.5075
193.5225 30.5125
193.5288 30.5176
193.5350 30.5227
193.5412 30.5277
193.5474 30.5328
193.5536 30.5379
193.5598 30.5429
193.5660 30.5480
193.5722 30.5531
193.5784 30.5581
193.5846 30.5632
193.5908 30.5683
193.5970 30.5733
193.6032 30.5784
193.6094 30.5835
193.6156 30.5885
193.6218 30.5936
193.6280 30.5986
193.6342 30.6037
193.6404 30.6088
193.6466 30.6138
193.6528 30.6189
193.6590 30.6240
193.6652 30.6290
193.6714 30.6341
193.6776 30.6391
193.6838 30.6442
193.6900 30.6492
193.6962 30.6543
193.7024 30.6594
193.7086 30.6644
193.7148 30.6695
193.7210 30.6745
193.7272 30.6796
193.7334 30.6846
193.7396 30.6897
193.7458 30.6947
193.7520 30.6998
193.7582 30.7048
193.7644 30.7099
193.7706 30.7149
193.7768 30.7200
193.7830 30.7250
193.7892 30.7301
193.7954 30.7351
193.8016 30.7402
193.8078 30.7452
193.8140 30.7503
193.8202 30.7553
193.8264 30.7604
193.8326 30.7654
193.8388 30.7705
193.8450 30.7755
193.8512 30.7806
193.8574 30.7856
193.8636 30.7907
193.8697 30.7957
193.8759 30.8008
193.8821 30.8058
193.8883 30.8108
193.8945 30.8159
193.9007 30.8209
193.9069 30.8260
193.9131 30.8310
193.9193 30.8361
193.9255 30.8411
193.9317 30.8461
193.9379 30.8512
193.9441 30.8562
193.9503 30.8612
193.9564 30.8663
193.9626 30.8713
193.9688 30.8764
193.9750 30.8814
193.9812 30.8864
193.9874 30.8915
193.9936 30.8965
193.9998 30.9015
194.0060 30.9066
194.0122 30.9116
194.0184 30.9166
194.0245 30.9217
194.0307 30.9267
194.0369 30.9317
194.0431 30.9368
194.0493 30.9418
194.0555 30.9468
194.0617 30.9519
194.0679 30.9569
194.0741 30.9619
194.0802 30.9670
194.0864 30.9720
194.0926 30.9770
194.0988 30.9820
194.1050 30.9871
194.1112 30.9921
194.1174 30.9971
194.1235 31.0022
194.1297 31.0072
194.1359 31.0122
194.1421 31.0172
194.1483 31.0223
194.1545 31.0273
194.1607 31.0323
194.1668 31.0373
194.1730 31.0424
194.1792 31.0474
194.1854 31.0524
194.1916 31.0574
194.1978 31.0624
194.2039 31.0675
194.2101 31.0725
194.2163 31.0775
194.2225 31.0825
194.2287 31.0875
194.2349 31.0926
194.2410 31.0976
194.2472 31.1026
194.2534 31.1076
194.2596 31.1126
194.2658 31.1176
194.2720 31.1227
194.2781 31.1277
194.2843 31.1327
194.2905 31.1377
194.2967 31.1427
194.3029 31.1477
194.3090 31.1527
194.3152 31.1578
194.3214 31.1628
194.3276 31.1678
194.3338 31.1728
194.3399 31.1778
194.3461 31.1828
194.3523 31.1878
194.3585 31.1928
194.3647 31.1978
194.3708 31.2028
194.3770 31.2079
194.3832 31.2129
194.3894 31.2179
194.3955 31.2229
194.4017 31.2279
194.4079 31.2329
194.4141 31.2379
194.4203 31.2429
194.4264 31.2479
194.4326 31.2529
194.4388 31.2579
194.4450 31.2629
194.4511 31.2679
194.4573 31.2729
194.4635 31.2779
194.4697 31.2829
194.4758 31.2879
194.4820 31.2929
194.4882 31.2979
194.4944 31.3029
194.5005 31.3079
194.5067 31.3129
194.5129 31.3179
194.5191 31.3229
194.5252 31.3279
194.5314 31.3329
194.5376 31.3379
194.5437 31.3429
194.5499 31.3479
194.5561 31.3529
194.5623 31.3579
194.5684 31.3629
194.5746 31.3679
194.5808 31.3729
194.5870 31.3778
194.5931 31.3828
194.5993 31.3878
194.6055 31.3928
194.6116 31.3978
194.6178 31.4028
194.6240 31.4078
194.6301 31.4128
194.6363 31.4178
194.6425 31.4228
194.6487 31.4277
194.6548 31.4327
194.6610 31.4377
194.6672 31.4427
194.6733 31.4477
194.6795 31.4527
194.6857 31.4577
194.6918 31.4626
194.6980 31.4676
194.7042 31.4726
194.7103 31.4776
194.7165 31.4826
194.7227 31.4876
194.7288 31.4925
194.7350 31.4975
194.7412 31.5025
194.7473 31.5075
194.7535 31.5125
194.7597 31.5174
194.7658 31.5224
194.7720 31.5274
194.7782 31.5324
194.7843 31.5374
194.7905 31.5423
194.7967 31.5473
194.8028 31.5523
194.8090 31.5573
194.8152 31.5622
194.8213 31.5672
194.8275 31.5722
194.8337 31.5772
194.8398 31.5821
194.8460 31.5871
194.8521 31.5921
194.8583 31.5970
194.8645 31.6020
194.8706 31.6070
194.8768 31.6120
194.8830 31.6169
194.8891 31.6219
194.8953 31.6269
194.9014 31.6318
194.9076 31.6368
194.9138 31.6418
194.9199 31.6467
194.9261 31.6517
194.9322 31.6567
194.9384 31.6616
194.9446 31.6666
194.9507 31.6716
194.9569 31.6765
194.9630 31.6815
194.9692 31.6864
194.9754 31.6914
194.9815 31.6964
194.9877 31.7013
194.9938 31.7063
195.0000 31.7113
195.0062 31.7162
195.0123 31.7212
195.0185 31.7261
195.0246 31.7311
195.0308 31.7360
195.0369 31.7410
195.0431 31.7460
195.0493 31.7509
195.0554 31.7559
195.0616 31.7608
195.0677 31.7658
195.0739 31.7707
195.0800 31.7757
195.0862 31.7806
195.0924 31.7856
195.0985 31.7906
195.1047 31.7955
195.1108 31.8005
195.1170 31.8054
195.1231 31.8104
195.1293 31.8153
195.1354 31.8203
195.1416 31.8252
195.1477 31.8302
195.1539 31.8351
195.1601 31.8401
195.1662 31.8450
195.1724 31.8499
195.1785 31.8549
195.1847 31.8598
195.1908 31.8648
195.1970 31.8697
195.2031 31.8747
195.2093 31.8796
195.2154 31.8846
195.2216 31.8895
195.2277 31.8945
195.2339 31.8994
195.2400 31.9043
195.2462 31.9093
195.2523 31.9142
195.2585 31.9192
195.2646 31.9241
195.2708 31.9290
195.2769 31.9340
195.2831 31.9389
195.2892 31.9439
195.2954 31.9488
195.3015 31.9537
195.3077 31.9587
195.3138 31.9636
195.3200 31.9685
195.3261 31.9735
195.3323 31.9784
195.3384 31.9833
195.3446 31.9883
195.3507 31.9932
195.3569 31.9981
195.3630 32.0031
195.3692 32.0080
195.3753 32.0129
195.3815 32.0179
195.3876 32.0228
195.3938 32.0277
195.3999 32.0327
195.4061 32.0376
195.4122 32.0425
195.4183 32.0474
195.4245 32.0524
195.4306 32.0573
195.4368 32.0622
195.4429 32.0671
195.4491 32.0721
195.4552 32.0770
195.4614 32.0819
195.4675 32.0868
195.4737 32.0918
195.4798 32.0967
195.4859 32.1016
195.4921 32.1065
195.4982 32.1115
195.5044 32.1164
195.5105 32.1213
195.5167 32.1262
195.5228 32.1311
195.5290 32.1361
195.5351 32.1410
195.5412 32.1459
195.5474 32.1508
195.5535 32.1557
195.5597 32.1606
195.5658 32.1656
195.5720 32.1705
195.5781 32.1754
195.5842 32.1803
195.5904 32.1852
195.5965 32.1901
195.6027 32.1951
195.6088 32.2000
195.6149 32.2049
195.6211 32.2098
195.6272 32.2147
195.6334 32.2196
195.6395 32.2245
195.6456 32.2294
195.6518 32.2343
195.6579 32.2393
195.6641 32.2442
195.6702 32.2491
195.6763 32.2540
195.6825 32.2589
195.6886 32.2638
195.6948 32.2687
195.7009 32.2736
195.7070 32.2785
195.7132 32.2834
195.7193 32.2883
195.7254 32.2932
195.7316 32.2981
195.7377 32.3030
195.7439 32.3079
195.7500 32.3128
195.7561 32.3177
195.7623 32.3226
195.7684 32.3275
195.7745 32.3324
195.7807 32.3373
195.7868 32.3422
195.7930 32.3471
195.7991 32.3520
195.8052 32.3569
195.8114 32.3618
195.8175 32.3667
195.8236 32.3716
195.8298 32.3765
195.8359 32.3814
195.8420 32.3863
195.8482 32.3912
195.8543 32.3961
195.8604 32.4010
195.8666 32.4059
195.8727 32.4108
195.8788 32.4156
195.8850 32.4205
195.8911 32.4254
195.8972 32.4303
195.9034 32.4352
195.9095 32.4401
195.9156 32.4450
195.9218 32.4499
195.9279 32.4548
195.9340 32.4596
195.9402 32.4645
195.9463 32.4694
195.9524 32.4743
195.9586 32.4792
195.9647 32.4841
195.9708 32.4889
195.9769 32.4938
195.9831 32.4987
195.9892 32.5036
195.9953 32.5085
196.0015 32.5134
196.0076 32.5182
196.0137 32.5231
196.0199 32.5280
196.0260 32.5329
196.0321 32.5378
196.0382 32.5426
196.0444 32.5475
196.0505 32.5524
196.0566 32.5573
196.0628 32.5621
196.0689 32.5670
196.0750 32.5719
196.0811 32.5768
196.0873 32.5816
196.0934 32.5865
196.0995 32.5914
196.1056 32.5963
196.1118 32.6011
196.1179 32.6060
196.1240 32.6109
196.1302 32.6157
196.1363 32.6206
196.1424 32.6255
196.1485 32.6304
196.1547 32.6352
196.1608 32.6401
196.1669 32.6450
196.1730 32.6498
196.1792 32.6547
196.1853 32.6596
196.1914 32.6644
196.1975 32.6693
196.2037 32.6741
196.2098 32.6790
196.2159 32.6839
196.2220 32.6887
196.2282 32.6936
196.2343 32.6985
196.2404 32.7033
196.2465 32.7082
196.2526 32.7130
196.2588 32.7179
196.2649 32.7228
196.2710 32.7276
196.2771 32.7325
196.2833 32.7373
196.2894 32.7422
196.2955 32.7471
196.3016 32.7519
196.3077 32.7568
196.3139 32.7616
196.3200 32.7665
196.3261 32.7713
196.3322 32.7762
196.3383 32.7810
196.3445 32.7859
196.3506 32.7907
196.3567 32.7956
196.3628 32.8004
196.3689 32.8053
196.3751 32.8101
196.3812 32.8150
196.3873 32.8198
196.3934 32.8247
196.3995 32.8295
196.4057 32.8344
196.4118 32.8392
196.4179 32.8441
196.4240 32.8489
196.4301 32.8538
196.4363 32.8586
196.4424 32.8635
196.4485 32.8683
196.4546 32.8731
196.4607 32.8780
196.4668 32.8828
196.4730 32.8877
196.4791 32.8925
196.4852 32.8973
196.4913 32.9022
196.4974 32.9070
196.5035 32.9119
196.5097 32.9167
196.5158 32.9215
196.5219 32.9264
196.5280 32.9312
196.5341 32.9360
196.5402 32.9409
196.5463 32.9457
196.5525 32.9506
196.5586 32.9554
196.5647 32.9602
196.5708 32.9651
196.5769 32.9699
196.5830 32.9747
196.5891 32.9796
196.5953 32.9844
196.6014 32.9892
196.6075 32.9940
196.6136 32.9989
196.6197 33.0037
196.6258 33.0085
196.6319 33.0134
196.6380 33.0182
196.6442 33.0230
196.6503 33.0278
196.6564 33.0327
196.6625 33.0375
196.6686 33.0423
196.6747 33.0471
196.6808 33.0520
196.6869 33.0568
196.6931 33.0616
196.6992 33.0664
196.7053 33.0713
196.7114 33.0761
196.7175 33.0809
196.7236 33.0857
196.7297 33.0905
196.7358 33.0954
196.7419 33.1002
196.7480 33.1050
196.7542 33.1098
196.7603 33.1146
196.7664 33.1194
196.7725 33.1243
196.7786 33.1291
196.7847 33.1339
196.7908 33.1387
196.7969 33.1435
196.8030 33.1483
196.8091 33.1531
196.8152 33.1580
196.8214 33.1628
196.8275 33.1676
196.8336 33.1724
196.8397 33.1772
196.8458 33.1820
196.8519 33.1868
196.8580 33.1916
196.8641 33.1964
196.8702 33.2012
196.8763 33.2061
196.8824 33.2109
196.8885 33.2157
196.8946 33.2205
196.9007 33.2253
196.9069 33.2301
196.9130 33.2349
196.9191 33.2397
196.9252 33.2445
196.9313 33.2493
196.9374 33.2541
196.9435 33.2589
196.9496 33.2637
196.9557 33.2685
196.9618 33.2733
196.9679 33.2781
196.9740 33.2829
196.9801 33.2877
196.9862 33.2925
196.9923 33.2973
196.9984 33.3021
197.0045 33.3069
197.0106 33.3117
197.0167 33.3165
197.0228 33.3213
197.0289 33.3261
197.0350 33.3309
197.0411 33.3357
197.0472 33.3404
197.0533 33.3452
197.0595 33.3500
197.0656 33.3548
197.0717 33.3596
197.0778 33.3644
197.0839 33.3692
197.0900 33.3740
197.0961 33.3788
197.1022 33.3836
197.1083 33.3883
197.1144 33.3931
197.1205 33.3979
197.1266 33.4027
197.1327 33.4075
197.1388 33.4123
197.1449 33.4171
197.1510 33.4218
197.1571 33.4266
197.1632 33.4314
197.1693 33.4362
197.1754 33.4410
197.1815 33.4457
197.1876 33.4505
197.1937 33.4553
197.1998 33.4601
197.2059 33.4649
197.2120 33.4696
197.2181 33.4744
197.2242 33.4792
197.2302 33.4840
197.2363 33.4888
197.2424 33.4935
197.2485 33.4983
197.2546 33.5031
197.2607 33.5079
197.2668 33.5126
197.2729 33.5174
197.2790 33.5222
197.2851 33.5269
197.2912 33.5317
197.2973 33.5365
197.3034 33.5413
197.3095 33.5460
197.3156 33.5508
197.3217 33.5556
197.3278 33.5603
197.3339 33.5651
197.3400 33.5699
197.3461 33.5746
197.3522 33.5794
197.3583 33.5842
197.3644 33.5889
197.3705 33.5937
197.3766 33.5985
197.3826 33.6032
197.3887 33.6080
197.3948 33.6127
197.4009 33.6175
197.4070 33.6223
197.4131 33.6270
197.4192 33.6318
197.4253 33.6365
197.4314 33.6413
197.4375 33.6461
197.4436 33.6508
197.4497 33.6556
197.4558 33.6603
197.4619 33.6651
197.4680 33.6698
197.4740 33.6746
197.4801 33.6794
197.4862 33.6841
197.4923 33.6889
197.4984 33.6936
197.5045 33.6984
197.5106 33.7031
197.5167 33.7079
197.5228 33.7126
197.5289 33.7174
197.5350 33.7221
197.5410 33.7269
197.5471 33.7316
197.5532 33.7364
197.5593 33.7411
197.5654 33.7459
197.5715 33.7506
197.5776 33.7554
197.5837 33.7601
197.5898 33.7648
197.5958 33.7696
197.6019 33.7743
197.6080 33.7791
197.6141 33.7838
197.6202 33.7886
197.6263 33.7933
197.6324 33.7980
197.6385 33.8028
197.6446 33.8075
197.6506 33.8123
197.6567 33.8170
197.6628 33.8217
197.6689 33.8265
197.6750 33.8312
197.6811 33.8359
197.6872 33.8407
197.6933 33.8454
197.6993 33.8502
197.7054 33.8549
197.7115 33.8596
197.7176 33.8644
197.7237 33.8691
197.7298 33.8738
197.7359 33.8786
197.7419 33.8833
197.7480 33.8880
197.7541 33.8927
197.7602 33.8975
197.7663 33.9022
197.7724 33.9069
197.7784 33.9117
197.7845 33.9164
197.7906 33.9211
197.7967 33.9258
197.8028 33.9306
197.8089 33.9353
197.8149 33.9400
197.8210 33.9447
197.8271 33.9495
197.8332 33.9542
197.8393 33.9589
197.8454 33.9636
197.8514 33.9683
197.8575 33.9731
197.8636 33.9778
197.8697 33.9825
197.8758 33.9872
197.8819 33.9919
197.8879 33.9967
197.8940 34.0014
197.9001 34.0061
197.9062 34.0108
197.9123 34.0155
197.9183 34.0202
197.9244 34.0249
197.9305 34.0297
197.9366 34.0344
197.9427 34.0391
197.9487 34.0438
197.9548 34.0485
197.9609 34.0532
197.9670 34.0579
197.9731 34.0626
197.9791 34.0674
197.9852 34.0721
197.9913 34.0768
197.9974 34.0815
198.0035 34.0862
198.0095 34.0909
198.0156 34.0956
198.0217 34.1003
198.0278 34.1050
198.0339 34.1097
198.0399 34.1144
198.0460 34.1191
198.0521 34.1238
198.0582 34.1285
198.0642 34.1332
198.0703 34.1379
198.0764 34.1426
198.0825 34.1473
198.0886 34.1520
198.0946 34.1567
198.1007 34.1614
198.1068 34.1661
198.1129 34.1708
198.1189 34.1755
198.1250 34.1802
198.1311 34.1849
198.1372 34.1896
198.1432 34.1943
198.1493 34.1990
198.1554 34.2037
198.1615 34.2084
198.1675 34.2131
198.1736 34.2178
198.1797 34.2224
198.1858 34.2271
198.1918 34.2318
198.1979 34.2365
198.2040 34.2412
198.2101 34.2459
198.2161 34.2506
198.2222 34.2553
198.2283 34.2600
198.2344 34.2646
198.2404 34.2693
198.2465 34.2740
198.2526 34.2787
198.2587 34.2834
198.2647 34.2881
198.2708 34.2927
198.2769 34.2974
198.2830 34.3021
198.2890 34.3068
198.2951 34.3115
198.3012 34.3161
198.3072 34.3208
198.3133 34.3255
198.3194 34.3302
198.3255 34.3349
198.3315 34.3395
198.3376 34.3442
198.3437 34.3489
198.3497 34.3536
198.3558 34.3582
198.3619 34.3629
198.3680 34.3676
198.3740 34.3723
198.3801 34.3769
198.3862 34.3816
198.3922 34.3863
198.3983 34.3909
198.4044 34.3956
198.4105 34.4003
198.4165 34.4050
198.4226 34.4096
198.4287 34.4143
198.4347 34.4190
198.4408 34.4236
198.4469 34.4283
198.4529 34.4330
198.4590 34.4376
198.4651 34.4423
198.4712 34.4470
198.4772 34.4516
198.4833 34.4563
198.4894 34.4609
198.4954 34.4656
198.5015 34.4703
198.5076 34.4749
198.5136 34.4796
198.5197 34.4842
198.5258 34.4889
198.5318 34.4936
198.5379 34.4982
198.5440 34.5029
198.5500 34.5075
198.5561 34.5122
198.5622 34.5168
198.5682 34.5215
198.5743 34.5262
198.5804 34.5308
198.5864 34.5355
198.5925 34.5401
198.5986 34.5448
198.6046 34.5494
198.6107 34.5541
198.6168 34.5587
198.6228 34.5634
198.6289 34.5680
198.6350 34.5727
198.6410 34.5773
198.6471 34.5820
198.6532 34.5866
198.6592 34.5913
198.6653 34.5959
198.6714 34.6006
198.6774 34.6052
198.6835 34.6098
198.6895 34.6145
198.6956 34.6191
198.7017 34.6238
198.7077 34.6284
198.7138 34.6331
198.7199 34.6377
198.7259 34.6423
198.7320 34.6470
198.7381 34.6516
198.7441 34.6563
198.7502 34.6609
198.7562 34.6655
198.7623 34.6702
198.7684 34.6748
198.7744 34.6794
198.7805 34.6841
198.7866 34.6887
198.7926 34.6933
198.7987 34.6980
198.8047 34.7026
198.8108 34.7072
198.8169 34.7119
198.8229 34.7165
198.8290 34.7211
198.8350 34.7258
198.8411 34.7304
198.8472 34.7350
198.8532 34.7396
198.8593 34.7443
198.8653 34.7489
198.8714 34.7535
198.8775 34.7582
198.8835 34.7628
198.8896 34.7674
198.8956 34.7720
198.9017 34.7767
198.9078 34.7813
198.9138 34.7859
198.9199 34.7905
198.9259 34.7951
198.9320 34.7998
198.9381 34.8044
198.9441 34.8090
198.9502 34.8136
198.9562 34.8182
198.9623 34.8229
198.9684 34.8275
198.9744 34.8321
198.9805 34.8367
198.9865 34.8413
198.9926 34.8459
198.9986 34.8505
199.0047 34.8552
199.0108 34.8598
199.0168 34.8644
199.0229 34.8690
199.0289 34.8736
199.0350 34.8782
199.0410 34.8828
199.0471 34.8874
199.0532 34.8921
199.0592 34.8967
199.0653 34.9013
199.0713 34.9059
199.0774 34.9105
199.0834 34.9151
199.0895 34.9197
199.0955 34.9243
199.1016 34.9289
199.1077 34.9335
199.1137 34.9381
199.1198 34.9427
199.1258 34.9473
199.1319 34.9519
199.1379 34.9565
199.1440 34.9611
199.1500 34.9657
199.1561 34.9703
199.1621 34.9749
199.1682 34.9795
199.1743 34.9841
199.1803 34.9887
199.1864 34.9933
199.1924 34.9979
199.1985 35.0025
199.2045 35.0071
199.2106 35.0117
199.2166 35.0163
199.2227 35.0209
199.2287 35.0255
199.2348 35.0300
199.2408 35.0346
199.2469 35.0392
199.2529 35.0438
199.2590 35.0484
199.2650 35.0530
199.2711 35.0576
199.2771 35.0622
199.2832 35.0668
199.2892 35.0713
199.2953 35.0759
199.3013 35.0805
199.3074 35.0851
199.3134 35.0897
199.3195 35.0943
199.3255 35.0988
199.3316 35.1034
199.3377 35.1080
199.3437 35.1126
199.3497 35.1172
199.3558 35.1217
199.3618 35.1263
199.3679 35.1309
199.3739 35.1355
199.3800 35.1401
199.3860 35.1446
199.3921 35.1492
199.3981 35.1538
199.4042 35.1584
199.4102 35.1629
199.4163 35.1675
199.4223 35.1721
199.4284 35.1767
199.4344 35.1812
199.4405 35.1858
199.4465 35.1904
199.4526 35.1949
199.4586 35.1995
199.4647 35.2041
199.4707 35.2086
199.4768 35.2132
199.4828 35.2178
199.4889 35.2223
199.4949 35.2269
199.5010 35.2315
199.5070 35.2360
199.5130 35.2406
199.5191 35.2452
199.5251 35.2497
199.5312 35.2543
199.5372 35.2589
199.5433 35.2634
199.5493 35.2680
199.5554 35.2725
199.5614 35.2771
199.5675 35.2817
199.5735 35.2862
199.5796 35.2908
199.5856 35.2953
199.5916 35.2999
199.5977 35.3044
199.6037 35.3090
199.6098 35.3136
199.6158 35.3181
199.6219 35.3227
199.6279 35.3272
199.6340 35.3318
199.6400 35.3363
199.6460 35.3409
199.6521 35.3454
199.6581 35.3500
199.6642 35.3545
199.6702 35.3591
199.6763 35.3636
199.6823 35.3682
199.6884 35.3727
199.6944 35.3773
199.7004 35.3818
199.7065 35.3864
199.7125 35.3909
199.7186 35.3954
199.7246 35.4000
199.7307 35.4045
199.7367 35.4091
199.7427 35.4136
199.7488 35.4182
199.7548 35.4227
199.7609 35.4272
199.7669 35.4318
199.7729 35.4363
199.7790 35.4408
199.7850 35.4454
199.7911 35.4499
199.7971 35.4545
199.8032 35.4590
199.8092 35.4635
199.8152 35.4681
199.8213 35.4726
199.8273 35.4771
199.8334 35.4817
199.8394 35.4862
199.8454 35.4907
199.8515 35.4953
199.8575 35.4998
199.8636 35.5043
199.8696 35.5089
199.8756 35.5134
199.8817 35.5179
199.8877 35.5224
199.8938 35.5270
199.8998 35.5315
199.9058 35.5360
199.9119 35.5405
199.9179 35.5451
199.9240 35.5496
199.9300 35.5541
199.9360 35.5586
199.9421 35.5632
199.9481 35.5677
199.9541 35.5722
199.9602 35.5767
199.9662 35.5812
199.9723 35.5858
199.9783 35.5903
199.9843 35.5948
199.9904 35.5993
199.9964 35.6038
200.0024 35.6083
200.0085 35.6129
200.0145 35.6174
200.0206 35.6219
200.0266 35.6264
200.0326 35.6309
200.0387 35.6354
200.0447 35.6399
200.0507 35.6445
200.0568 35.6490
200.0628 35.6535
200.0689 35.6580
200.0749 35.6625
200.0809 35.6670
200.0870 35.6715
200.0930 35.6760
200.0990 35.6805
200.1051 35.6850
200.1111 35.6895
200.1171 35.6940
200.1232 35.6985
200.1292 35.7030
200.1352 35.7075
200.1413 35.7120
200.1473 35.7166
200.1533 35.7211
200.1594 35.7256
200.1654 35.7301
200.1715 35.7346
200.1775 35.7391
200.1835 35.7435
200.1896 35.7480
200.1956 35.7525
200.2016 35.7570
200.2077 35.7615
200.2137 35.7660
200.2197 35.7705
200.2258 35.7750
200.2318 35.7795
200.2378 35.7840
200.2439 35.7885
200.2499 35.7930
200.2559 35.7975
200.2620 35.8020
200.2680 35.8065
200.2740 35.8109
200.2800 35.8154
200.2861 35.8199
200.2921 35.8244
200.2981 35.8289
200.3042 35.8334
200.3102 35.8379
200.3162 35.8424
200.3223 35.8468
200.3283 35.8513
200.3343 35.8558
200.3404 35.8603
200.3464 35.8648
200.3524 35.8692
200.3585 35.8737
200.3645 35.8782
200.3705 35.8827
200.3765 35.8872
200.3826 35.8916
200.3886 35.8961
200.3946 35.9006
200.4007 35.9051
200.4067 35.9095
200.4127 35.9140
200.4188 35.9185
200.4248 35.9230
200.4308 35.9274
200.4368 35.9319
200.4429 35.9364
200.4489 35.9409
200.4549 35.9453
200.4610 35.9498
200.4670 35.9543
200.4730 35.9587
200.4790 35.9632
200.4851 35.9677
200.4911 35.9721
200.4971 35.9766
200.5032 35.9811
200.5092 35.9855
200.5152 35.9900
200.5212 35.9945
200.5273 35.9989
200.5333 36.0034
200.5393 36.0078
200.5454 36.0123
200.5514 36.0168
200.5574 36.0212
200.5634 36.0257
200.5695 36.0301
200.5755 36.0346
200.5815 36.0391
200.5875 36.0435
200.5936 36.0480
200.5996 36.0524
200.6056 36.0569
200.6116 36.0613
200.6177 36.0658
200.6237 36.0703
200.6297 36.0747
200.6357 36.0792
200.6418 36.0836
200.6478 36.0881
200.6538 36.0925
200.6598 36.0970
200.6659 36.1014
200.6719 36.1059
200.6779 36.1103
200.6839 36.1147
200.6900 36.1192
200.6960 36.1236
200.7020 36.1281
200.7080 36.1325
200.7141 36.1370
200.7201 36.1414
200.7261 36.1459
200.7321 36.1503
200.7382 36.1547
200.7442 36.1592
200.7502 36.1636
200.7562 36.1681
200.7622 36.1725
200.7683 36.1769
200.7743 36.1814
200.7803 36.1858
200.7863 36.1902
200.7924 36.1947
200.7984 36.1991
200.8044 36.2036
200.8104 36.2080
200.8165 36.2124
200.8225 36.2169
200.8285 36.2213
200.8345 36.2257
200.8405 36.2301
200.8466 36.2346
200.8526 36.2390
200.8586 36.2434
200.8646 36.2479
200.8706 36.2523
200.8767 36.2567
200.8827 36.2611
200.8887 36.2656
200.8947 36.2700
200.9007 36.2744
200.9068 36.2788
200.9128 36.2833
200.9188 36.2877
200.9248 36.2921
200.9308 36.2965
200.9369 36.3010
200.9429 36.3054
200.9489 36.3098
200.9549 36.3142
200.9609 36.3186
200.9670 36.3230
200.9730 36.3275
200.9790 36.3319
200.9850 36.3363
200.9910 36.3407
200.9971 36.3451
201.0031 36.3495
201.0091 36.3540
201.0151 36.3584
201.0211 36.3628
201.0272 36.3672
201.0332 36.3716
201.0392 36.3760
201.0452 36.3804
201.0512 36.3848
201.0572 36.3892
201.0633 36.3936
201.0693 36.3981
201.0753 36.4025
201.0813 36.4069
201.0873 36.4113
201.0933 36.4157
201.0994 36.4201
201.1054 36.4245
201.1114 36.4289
201.1174 36.4333
201.1234 36.4377
201.1295 36.4421
201.1355 36.4465
201.1415 36.4509
201.1475 36.4553
201.1535 36.4597
201.1595 36.4641
201.1656 36.4685
201.1716 36.4729
201.1776 36.4773
201.1836 36.4817
201.1896 36.4861
201.1956 36.4905
201.2016 36.4949
201.2077 36.4992
201.2137 36.5036
201.2197 36.5080
201.2257 36.5124
201.2317 36.5168
201.2377 36.5212
201.2438 36.5256
201.2498 36.5300
201.2558 36.5344
201.2618 36.5388
201.2678 36.5431
201.2738 36.5475
201.2798 36.5519
201.2859 36.5563
201.2919 36.5607
201.2979 36.5651
201.3039 36.5694
201.3099 36.5738
201.3159 36.5782
201.3219 36.5826
201.3280 36.5870
201.3340 36.5913
201.3400 36.5957
201.3460 36.6001
201.3520 36.6045
201.3580 36.6089
201.3640 36.6132
201.3700 36.6176
201.3761 36.6220
201.3821 36.6264
201.3881 36.6307
201.3941 36.6351
201.4001 36.6395
201.4061 36.6439
201.4121 36.6482
201.4181 36.6526
201.4242 36.6570
201.4302 36.6613
201.4362 36.6657
201.4422 36.6701
201.4482 36.6744
201.4542 36.6788
201.4602 36.6832
201.4662 36.6875
201.4722 36.6919
201.4783 36.6963
201.4843 36.7006
201.4903 36.7050
201.4963 36.7094
201.5023 36.7137
201.5083 36.7181
201.5143 36.7224
201.5203 36.7268
201.5263 36.7312
201.5324 36.7355
201.5384 36.7399
201.5444 36.7442
201.5504 36.7486
201.5564 36.7530
201.5624 36.7573
201.5684 36.7617
201.5744 36.7660
201.5804 36.7704
201.5864 36.7747
201.5925 36.7791
201.5985 36.7834
201.6045 36.7878
201.6105 36.7921
201.6165 36.7965
201.6225 36.8008
201.6285 36.8052
201.6345 36.8095
201.6405 36.8139
201.6465 36.8182
201.6525 36.8226
201.6585 36.8269
201.6646 36.8313
201.6706 36.8356
201.6766 36.8399
201.6826 36.8443
201.6886 36.8486
201.6946 36.8530
201.7006 36.8573
201.7066 36.8616
201.7126 36.8660
201.7186 36.8703
201.7246 36.8747
201.7306 36.8790
201.7366 36.8833
201.7426 36.8877
201.7487 36.8920
201.7547 36.8963
201.7607 36.9007
201.7667 36.9050
201.7727 36.9093
201.7787 36.9137
201.7847 36.9180
201.7907 36.9223
201.7967 36.9267
201.8027 36.9310
201.8087 36.9353
201.8147 36.9397
201.8207 36.9440
201.8267 36.9483
201.8327 36.9526
201.8387 36.9570
201.8447 36.9613
201.8508 36.9656
201.8568 36.9699
201.8628 36.9743
201.8688 36.9786
201.8748 36.9829
201.8808 36.9872
201.8868 36.9916
201.8928 36.9959
201.8988 37.0002
201.9048 37.0045
201.9108 37.0088
201.9168 37.0132
201.9228 37.0175
201.9288 37.0218
201.9348 37.0261
201.9408 37.0304
201.9468 37.0347
201.9528 37.0390
201.9588 37.0434
201.9648 37.0477
201.9708 37.0520
201.9768 37.0563
201.9828 37.0606
201.9888 37.0649
201.9948 37.0692
202.0008 37.0735
202.0068 37.0778
202.0128 37.0821
202.0189 37.0865
202.0249 37.0908
202.0309 37.0951
202.0369 37.0994
202.0429 37.1037
202.0489 37.1080
202.0549 37.1123
202.0609 37.1166
202.0669 37.1209
202.0729 37.1252
202.0789 37.1295
202.0849 37.1338
202.0909 37.1381
202.0969 37.1424
202.1029 37.1467
202.1089 37.1510
202.1149 37.1553
202.1209 37.1596
202.1269 37.1639
202.1329 37.1682
202.1389 37.1724
202.1449 37.1767
202.1509 37.1810
202.1569 37.1853
202.1629 37.1896
202.1689 37.1939
202.1749 37.1982
202.1809 37.2025
202.1869 37.2068
202.1929 37.2111
202.1989 37.2153
202.2049 37.2196
202.2109 37.2239
202.2169 37.2282
202.2229 37.2325
202.2289 37.2368
202.2349 37.2411
202.2409 37.2453
202.2469 37.2496
202.2529 37.2539
202.2588 37.2582
202.2648 37.2625
202.2708 37.2667
202.2768 37.2710
202.2828 37.2753
202.2888 37.2796
202.2948 37.2839
202.3008 37.2881
202.3068 37.2924
202.3128 37.2967
202.3188 37.3009
202.3248 37.3052
202.3308 37.3095
202.3368 37.3138
202.3428 37.3180
202.3488 37.3223
202.3548 37.3266
202.3608 37.3308
202.3668 37.3351
202.3728 37.3394
202.3788 37.3437
202.3848 37.3479
202.3908 37.3522
202.3968 37.3565
202.4028 37.3607
202.4088 37.3650
202.4148 37.3692
202.4208 37.3735
202.4268 37.3778
202.4328 37.3820
202.4387 37.3863
202.4447 37.3906
202.4507 37.3948
202.4567 37.3991
202.4627 37.4033
202.4687 37.4076
202.4747 37.4118
202.4807 37.4161
202.4867 37.4204
202.4927 37.4246
202.4987 37.4289
202.5047 37.4331
202.5107 37.4374
202.5167 37.4416
202.5227 37.4459
202.5287 37.4501
202.5347 37.4544
202.5407 37.4586
202.5467 37.4629
202.5526 37.4671
202.5586 37.4714
202.5646 37.4756
202.5706 37.4799
202.5766 37.4841
202.5826 37.4884
202.5886 37.4926
202.5946 37.4968
202.6006 37.5011
202.6066 37.5053
202.6126 37.5096
202.6186 37.5138
202.6246 37.5181
202.6306 37.5223
202.6366 37.5265
202.6425 37.5308
202.6485 37.5350
202.6545 37.5393
202.6605 37.5435
202.6665 37.5477
202.6725 37.5520
202.6785 37.5562
202.6845 37.5604
202.6905 37.5647
202.6965 37.5689
202.7025 37.5731
202.7085 37.5774
202.7145 37.5816
202.7204 37.5858
202.7264 37.5901
202.7324 37.5943
202.7384 37.5985
202.7444 37.6027
202.7504 37.6070
202.7564 37.6112
202.7624 37.6154
202.7684 37.6196
202.7744 37.6239
202.7804 37.6281
202.7863 37.6323
202.7923 37.6365
202.7983 37.6408
202.8043 37.6450
202.8103 37.6492
202.8163 37.6534
202.8223 37.6576
202.8283 37.6619
202.8343 37.6661
202.8403 37.6703
202.8462 37.6745
202.8522 37.6787
202.8582 37.6829
202.8642 37.6872
202.8702 37.6914
202.8762 37.6956
202.8822 37.6998
202.8882 37.7040
202.8942 37.7082
202.9001 37.7124
202.9061 37.7166
202.9121 37.7208
202.9181 37.7251
202.9241 37.7293
202.9301 37.7335
202.9361 37.7377
202.9421 37.7419
202.9481 37.7461
202.9540 37.7503
202.9600 37.7545
202.9660 37.7587
202.9720 37.7629
202.9780 37.7671
202.9840 37.7713
202.9900 37.7755
202.9960 37.7797
203.0019 37.7839
203.0079 37.7881
203.0139 37.7923
203.0199 37.7965
203.0259 37.8007
203.0319 37.8049
203.0379 37.8091
203.0439 37.8133
203.0498 37.8175
203.0558 37.8217
203.0618 37.8259
203.0678 37.8300
203.0738 37.8342
203.0798 37.8384
203.0858 37.8426
203.0918 37.8468
203.0977 37.8510
203.1037 37.8552
203.1097 37.8594
203.1157 37.8636
203.1217 37.8677
203.1277 37.8719
203.1337 37.8761
203.1396 37.8803
203.1456 37.8845
203.1516 37.8887
203.1576 37.8928
203.1636 37.8970
203.1696 37.9012
203.1755 37.9054
203.1815 37.9096
203.1875 37.9137
203.1935 37.9179
203.1995 37.9221
203.2055 37.9263
203.2115 37.9304
203.2174 37.9346
203.2234 37.9388
203.2294 37.9430
203.2354 37.9471
203.2414 37.9513
203.2474 37.9555
203.2533 37.9597
203.2593 37.9638
203.2653 37.9680
203.2713 37.9722
203.2773 37.9763
203.2833 37.9805
203.2892 37.9847
203.2952 37.9888
203.3012 37.9930
203.3072 37.9972
203.3132 38.0013
203.3192 38.0055
203.3251 38.0097
203.3311 38.0138
203.3371 38.0180
203.3431 38.0221
203.3491 38.0263
203.3551 38.0305
203.3610 38.0346
203.3670 38.0388
203.3730 38.0429
203.3790 38.0471
203.3850 38.0513
203.3910 38.0554
203.3969 38.0596
203.4029 38.0637
203.4089 38.0679
203.4149 38.0720
203.4209 38.0762
203.4268 38.0803
203.4328 38.0845
203.4388 38.0886
203.4448 38.0928
203.4508 38.0969
203.4567 38.1011
203.4627 38.1052
203.4687 38.1094
203.4747 38.1135
203.4807 38.1177
203.4866 38.1218
203.4926 38.1259
203.4986 38.1301
203.5046 38.1342
203.5106 38.1384
203.5165 38.1425
203.5225 38.1467
203.5285 38.1508
203.5345 38.1549
203.5405 38.1591
203.5464 38.1632
203.5524 38.1673
203.5584 38.1715
203.5644 38.1756
203.5704 38.1798
203.5763 38.1839
203.5823 38.1880
203.5883 38.1922
203.5943 38.1963
203.6003 38.2004
203.6062 38.2046
203.6122 38.2087
203.6182 38.2128
203.6242 38.2169
203.6302 38.2211
203.6361 38.2252
203.6421 38.2293
203.6481 38.2334
203.6541 38.2376
203.6600 38.2417
203.6660 38.2458
203.6720 38.2499
203.6780 38.2541
203.6840 38.2582
203.6899 38.2623
203.6959 38.2664
203.7019 38.2706
203.7079 38.2747
203.7138 38.2788
203.7198 38.2829
203.7258 38.2870
203.7318 38.2911
203.7377 38.2953
203.7437 38.2994
203.7497 38.3035
203.7557 38.3076
203.7616 38.3117
203.7676 38.3158
203.7736 38.3199
203.7796 38.3241
203.7856 38.3282
203.7915 38.3323
203.7975 38.3364
203.8035 38.3405
203.8095 38.3446
203.8154 38.3487
203.8214 38.3528
203.8274 38.3569
203.8334 38.3610
203.8393 38.3651
203.8453 38.3692
203.8513 38.3733
203.8573 38.3774
203.8632 38.3815
203.8692 38.3856
203.8752 38.3897
203.8812 38.3938
203.8871 38.3979
203.8931 38.4020
203.8991 38.4061
203.9051 38.4102
203.9110 38.4143
203.9170 38.4184
203.9230 38.4225
203.9290 38.4266
203.9349 38.4307
203.9409 38.4348
203.9469 38.4389
203.9529 38.4430
203.9588 38.4471
203.9648 38.4512
203.9708 38.4553
203.9768 38.4593
203.9827 38.4634
203.9887 38.4675
203.9947 38.4716
204.0006 38.4757
204.0066 38.4798
204.0126 38.4839
204.0186 38.4879
204.0245 38.4920
204.0305 38.4961
204.0365 38.5002
204.0425 38.5043
204.0484 38.5084
204.0544 38.5124
204.0604 38.5165
204.0664 38.5206
204.0723 38.5247
204.0783 38.5287
204.0843 38.5328
204.0902 38.5369
204.0962 38.5410
204.1022 38.5450
204.1082 38.5491
204.1141 38.5532
204.1201 38.5573
204.1261 38.5613
204.1321 38.5654
204.1380 38.5695
204.1440 38.5736
204.1500 38.5776
204.1559 38.5817
204.1619 38.5858
204.1679 38.5898
204.1739 38.5939
204.1798 38.5980
204.1858 38.6020
204.1918 38.6061
204.1977 38.6101
204.2037 38.6142
204.2097 38.6183
204.2157 38.6223
204.2216 38.6264
204.2276 38.6305
204.2336 38.6345
204.2395 38.6386
204.2455 38.6426
204.2515 38.6467
204.2574 38.6507
204.2634 38.6548
204.2694 38.6589
204.2754 38.6629
204.2813 38.6670
204.2873 38.6710
204.2933 38.6751
204.2992 38.6791
204.3052 38.6832
204.3112 38.6872
204.3171 38.6913
204.3231 38.6953
204.3291 38.6994
204.3351 38.7034
204.3410 38.7075
204.3470 38.7115
204.3530 38.7156
204.3589 38.7196
204.3649 38.7236
204.3709 38.7277
204.3768 38.7317
204.3828 38.7358
204.3888 38.7398
204.3947 38.7439
204.4007 38.7479
204.4067 38.7519
204.4127 38.7560
204.4186 38.7600
204.4246 38.7641
204.4306 38.7681
204.4365 38.7721
204.4425 38.7762
204.4485 38.7802
204.4544 38.7842
204.4604 38.7883
204.4664 38.7923
204.4723 38.7963
204.4783 38.8004
204.4843 38.8044
204.4902 38.8084
204.4962 38.8124
204.5022 38.8165
204.5081 38.8205
204.5141 38.8245
204.5201 38.8286
204.5260 38.8326
204.5320 38.8366
204.5380 38.8406
204.5439 38.8447
204.5499 38.8487
204.5559 38.8527
204.5618 38.8567
204.5678 38.8607
204.5738 38.8648
204.5797 38.8688
204.5857 38.8728
204.5917 38.8768
204.5976 38.8808
204.6036 38.8849
204.6096 38.8889
204.6155 38.8929
204.6215 38.8969
204.6275 38.9009
204.6334 38.9049
204.6394 38.9089
204.6454 38.9129
204.6513 38.9170
204.6573 38.9210
204.6633 38.9250
204.6692 38.9290
204.6752 38.9330
204.6812 38.9370
204.6871 38.9410
204.6931 38.9450
204.6991 38.9490
204.7050 38.9530
204.7110 38.9570
204.7170 38.9610
204.7229 38.9650
204.7289 38.9690
204.7348 38.9730
204.7408 38.9770
204.7468 38.9810
204.7527 38.9850
204.7587 38.9890
204.7647 38.9930
204.7706 38.9970
204.7766 39.0010
204.7826 39.0050
204.7885 39.0090
204.7945 39.0130
204.8004 39.0170
204.8064 39.0210
204.8124 39.0250
204.8183 39.0290
204.8243 39.0330
204.8303 39.0370
204.8362 39.0410
204.8422 39.0449
204.8482 39.0489
204.8541 39.0529
204.8601 39.0569
204.8660 39.0609
204.8720 39.0649
204.8780 39.0689
204.8839 39.0728
204.8899 39.0768
204.8959 39.0808
204.9018 39.0848
204.9078 39.0888
204.9137 39.0927
204.9197 39.0967
204.9257 39.1007
204.9316 39.1047
204.9376 39.1087
204.9436 39.1126
204.9495 39.1166
204.9555 39.1206
204.9614 39.1246
204.9674 39.1285
204.9734 39.1325
204.9793 39.1365
204.9853 39.1404
204.9912 39.1444
204.9972 39.1484
205.0032 39.1524
205.0091 39.1563
205.0151 39.1603
205.0210 39.1643
205.0270 39.1682
205.0330 39.1722
205.0389 39.1762
205.0449 39.1801
205.0508 39.1841
205.0568 39.1881
205.0628 39.1920
205.0687 39.1960
205.0747 39.1999
205.0806 39.2039
205.0866 39.2079
205.0926 39.2118
205.0985 39.2158
205.1045 39.2197
205.1104 39.2237
205.1164 39.2276
205.1224 39.2316
205.1283 39.2356
205.1343 39.2395
205.1402 39.2435
205.1462 39.2474
205.1522 39.2514
205.1581 39.2553
205.1641 39.2593
205.1700 39.2632
205.1760 39.2672
205.1820 39.2711
205.1879 39.2751
205.1939 39.2790
205.1998 39.2829
205.2058 39.2869
205.2117 39.2908
205.2177 39.2948
205.2237 39.2987
205.2296 39.3027
205.2356 39.3066
205.2415 39.3106
205.2475 39.3145
205.2535 39.3184
205.2594 39.3224
205.2654 39.3263
205.2713 39.3302
205.2773 39.3342
205.2832 39.3381
205.2892 39.3421
205.2952 39.3460
205.3011 39.3499
205.3071 39.3539
205.3130 39.3578
205.3190 39.3617
205.3249 39.3657
205.3309 39.3696
205.3369 39.3735
205.3428 39.3774
205.3488 39.3814
205.3547 39.3853
205.3607 39.3892
205.3666 39.3932
205.3726 39.3971
205.3786 39.4010
205.3845 39.4049
205.3905 39.4088
205.3964 39.4128
205.4024 39.4167
205.4083 39.4206
205.4143 39.4245
205.4203 39.4285
205.4262 39.4324
205.4322 39.4363
205.4381 39.4402
205.4441 39.4441
205.4500 39.4480
205.4560 39.4520
205.4619 39.4559
205.4679 39.4598
205.4739 39.4637
205.4798 39.4676
205.4858 39.4715
205.4917 39.4754
205.4977 39.4794
205.5036 39.4833
205.5096 39.4872
205.5155 39.4911
205.5215 39.4950
205.5275 39.4989
205.5334 39.5028
205.5394 39.5067
205.5453 39.5106
205.5513 39.5145
205.5572 39.5184
205.5632 39.5223
205.5691 39.5262
205.5751 39.5301
205.5811 39.5340
205.5870 39.5379
205.5930 39.5418
205.5989 39.5457
205.6049 39.5496
205.6108 39.5535
205.6168 39.5574
205.6227 39.5613
205.6287 39.5652
205.6346 39.5691
205.6406 39.5730
205.6465 39.5769
205.6525 39.5808
205.6585 39.5847
205.6644 39.5886
205.6704 39.5925
205.6763 39.5963
205.6823 39.6002
205.6882 39.6041
205.6942 39.6080
205.7001 39.6119
205.7061 39.6158
205.7120 39.6197
205.7180 39.6236
205.7239 39.6274
205.7299 39.6313
205.7358 39.6352
205.7418 39.6391
205.7478 39.6430
205.7537 39.6468
205.7597 39.6507
205.7656 39.6546
205.7716 39.6585
205.7775 39.6624
205.7835 39.6662
205.7894 39.6701
205.7954 39.6740
205.8013 39.6779
205.8073 39.6817
205.8132 39.6856
205.8192 39.6895
205.8251 39.6933
205.8311 39.6972
205.8370 39.7011
205.8430 39.7050
205.8489 39.7088
205.8549 39.7127
205.8608 39.7166
205.8668 39.7204
205.8727 39.7243
205.8787 39.7282
205.8847 39.7320
205.8906 39.7359
205.8966 39.7398
205.9025 39.7436
205.9085 39.7475
205.9144 39.7513
205.9204 39.7552
205.9263 39.7591
205.9323 39.7629
205.9382 39.7668
205.9442 39.7706
205.9501 39.7745
205.9561 39.7783
205.9620 39.7822
205.9680 39.7861
205.9739 39.7899
205.9799 39.7938
205.9858 39.7976
205.9918 39.8015
205.9977 39.8053
206.0037 39.8092
206.0096 39.8130
206.0156 39.8169
206.0215 39.8207
206.0275 39.8246
206.0334 39.8284
206.0394 39.8322
206.0453 39.8361
206.0513 39.8399
206.0572 39.8438
206.0632 39.8476
206.0691 39.8515
206.0751 39.8553
206.0810 39.8591
206.0870 39.8630
206.0929 39.8668
206.0989 39.8707
206.1048 39.8745
206.1108 39.8783
206.1167 39.8822
206.1227 39.8860
206.1286 39.8898
206.1346 39.8937
206.1405 39.8975
206.1464 39.9013
206.1524 39.9052
206.1583 39.9090
206.1643 39.9128
206.1702 39.9167
206.1762 39.9205
206.1821 39.9243
206.1881 39.9282
206.1940 39.9320
206.2000 39.9358
206.2059 39.9396
206.2119 39.9435
206.2178 39.9473
206.2238 39.9511
206.2297 39.9549
206.2357 39.9587
206.2416 39.9626
206.2476 39.9664
206.2535 39.9702
206.2595 39.9740
206.2654 39.9778
206.2713 39.9817
206.2773 39.9855
206.2832 39.9893
206.2892 39.9931
206.2951 39.9969
206.3011 40.0007
206.3070 40.0045
206.3130 40.0084
206.3189 40.0122
206.3249 40.0160
206.3308 40.0198
206.3368 40.0236
206.3427 40.0274
206.3487 40.0312
206.3546 40.0350
206.3605 40.0388
206.3665 40.0426
206.3724 40.0464
206.3784 40.0502
206.3843 40.0541
206.3903 40.0579
206.3962 40.0617
206.4022 40.0655
206.4081 40.0693
206.4141 40.0731
206.4200 40.0769
206.4259 40.0807
206.4319 40.0845
206.4378 40.0882
206.4438 40.0920
206.4497 40.0958
206.4557 40.0996
206.4616 40.1034
206.4676 40.1072
206.4735 40.1110
206.4794 40.1148
206.4854 40.1186
206.4913 40.1224
206.4973 40.1262
206.5032 40.1300
206.5092 40.1338
206.5151 40.1375
206.5211 40.1413
206.5270 40.1451
206.5329 40.1489
206.5389 40.1527
206.5448 40.1565
206.5508 40.1602
206.5567 40.1640
206.5627 40.1678
206.5686 40.1716
206.5746 40.1754
206.5805 40.1792
206.5864 40.1829
206.5924 40.1867
206.5983 40.1905
206.6043 40.1943
206.6102 40.1980
206.6162 40.2018
206.6221 40.2056
206.6280 40.2094
206.6340 40.2131
206.6399 40.2169
206.6459 40.2207
206.6518 40.2244
206.6578 40.2282
206.6637 40.2320
206.6696 40.2358
206.6756 40.2395
206.6815 40.2433
206.6875 40.2471
206.6934 40.2508
206.6994 40.2546
206.7053 40.2583
206.7112 40.2621
206.7172 40.2659
206.7231 40.2696
206.7291 40.2734
206.7350 40.2772
206.7409 40.2809
206.7469 40.2847
206.7528 40.2884
206.7588 40.2922
206.7647 40.2959
206.7707 40.2997
206.7766 40.3035
206.7825 40.3072
206.7885 40.3110
206.7944 40.3147
206.8004 40.3185
206.8063 40.3222
206.8123 40.3260
206.8182 40.3297
206.8241 40.3335
206.8301 40.3372
206.8360 40.3410
206.8420 40.3447
206.8479 40.3485
206.8538 40.3522
206.8598 40.3560
206.8657 40.3597
206.8717 40.3634
206.8776 40.3672
206.8835 40.3709
206.8895 40.3747
206.8954 40.3784
206.9014 40.3822
206.9073 40.3859
206.9132 40.3896
206.9192 40.3934
206.9251 40.3971
206.9311 40.4008
206.9370 40.4046
206.9429 40.4083
206.9489 40.4120
206.9548 40.4158
206.9608 40.4195
206.9667 40.4232
206.9727 40.4270
206.9786 40.4307
206.9845 40.4344
206.9905 40.4382
206.9964 40.4419
207.0023 40.4456
207.0083 40.4493
207.0142 40.4531
207.0202 40.4568
207.0261 40.4605
207.0320 40.4642
207.0380 40.4680
207.0439 40.4717
207.0499 40.4754
207.0558 40.4791
207.0617 40.4829
207.0677 40.4866
207.0736 40.4903
207.0796 40.4940
207.0855 40.4977
207.0914 40.5014
207.0974 40.5052
207.1033 40.5089
207.1093 40.5126
207.1152 40.5163
207.1211 40.5200
207.1271 40.5237
207.1330 40.5274
207.1389 40.5311
207.1449 40.5349
207.1508 40.5386
207.1568 40.5423
207.1627 40.5460
207.1686 40.5497
207.1746 40.5534
207.1805 40.5571
207.1865 40.5608
207.1924 40.5645
207.1983 40.5682
207.2043 40.5719
207.2102 40.5756
207.2161 40.5793
207.2221 40.5830
207.2280 40.5867
207.2340 40.5904
207.2399 40.5941
207.2458 40.5978
207.2518 40.6015
207.2577 40.6052
207.2636 40.6089
207.2696 40.6126
207.2755 40.6163
207.2815 40.6200
207.2874 40.6237
207.2933 40.6274
207.2993 40.6311
207.3052 40.6347
207.3111 40.6384
207.3171 40.6421
207.3230 40.6458
207.3290 40.6495
207.3349 40.6532
207.3408 40.6569
207.3468 40.6606
207.3527 40.6642
207.3586 40.6679
207.3646 40.6716
207.3705 40.6753
207.3764 40.6790
207.3824 40.6826
207.3883 40.6863
207.3943 40.6900
207.4002 40.6937
207.4061 40.6974
207.4121 40.7010
207.4180 40.7047
207.4239 40.7084
207.4299 40.7121
207.4358 40.7157
207.4417 40.7194
207.4477 40.7231
207.4536 40.7267
207.4595 40.7304
207.4655 40.7341
207.4714 40.7378
207.4774 40.7414
207.4833 40.7451
207.4892 40.7488
207.4952 40.7524
207.5011 40.7561
207.5070 40.7598
207.5130 40.7634
207.5189 40.7671
207.5248 40.7707
207.5308 40.7744
207.5367 40.7781
207.5426 40.7817
207.5486 40.7854
207.5545 40.7890
207.5604 40.7927
207.5664 40.7964
207.5723 40.8000
207.5782 40.8037
207.5842 40.8073
207.5901 40.8110
207.5960 40.8146
207.6020 40.8183
207.6079 40.8219
207.6138 40.8256
207.6198 40.8292
207.6257 40.8329
207.6316 40.8365
207.6376 40.8402
207.6435 40.8438
207.6495 40.8475
207.6554 40.8511
207.6613 40.8548
207.6673 40.8584
207.6732 40.8621
207.6791 40.8657
207.6851 40.8693
207.6910 40.8730
207.6969 40.8766
207.7028 40.8803
207.7088 40.8839
207.7147 40.8875
207.7206 40.8912
207.7266 40.8948
207.7325 40.8985
207.7384 40.9021
207.7444 40.9057
207.7503 40.9094
207.7562 40.9130
207.7622 40.9166
207.7681 40.9203
207.7740 40.9239
207.7800 40.9275
207.7859 40.9311
207.7918 40.9348
207.7978 40.9384
207.8037 40.9420
207.8096 40.9457
207.8156 40.9493
207.8215 40.9529
207.8274 40.9565
207.8334 40.9602
207.8393 40.9638
207.8452 40.9674
207.8512 40.9710
207.8571 40.9746
207.8630 40.9783
207.8689 40.9819
207.8749 40.9855
207.8808 40.9891
207.8867 40.9927
207.8927 40.9963
207.8986 41.0000
207.9045 41.0036
207.9105 41.0072
207.9164 41.0108
207.9223 41.0144
207.9283 41.0180
207.9342 41.0216
207.9401 41.0252
207.9460 41.0289
207.9520 41.0325
207.9579 41.0361
207.9638 41.0397
207.9698 41.0433
207.9757 41.0469
207.9816 41.0505
207.9876 41.0541
207.9935 41.0577
207.9994 41.0613
208.0054 41.0649
208.0113 41.0685
208.0172 41.0721
208.0231 41.0757
208.0291 41.0793
208.0350 41.0829
208.0409 41.0865
208.0469 41.0901
208.0528 41.0937
208.0587 41.0973
208.0646 41.1009
208.0706 41.1045
208.0765 41.1081
208.0824 41.1116
208.0884 41.1152
208.0943 41.1188
208.1002 41.1224
208.1062 41.1260
208.1121 41.1296
208.1180 41.1332
208.1239 41.1368
208.1299 41.1404
208.1358 41.1439
208.1417 41.1475
208.1477 41.1511
208.1536 41.1547
208.1595 41.1583
208.1654 41.1619
208.1714 41.1654
208.1773 41.1690
208.1832 41.1726
208.1892 41.1762
208.1951 41.1797
208.2010 41.1833
208.2069 41.1869
208.2129 41.1905
208.2188 41.1940
208.2247 41.1976
208.2307 41.2012
208.2366 41.2048
208.2425 41.2083
208.2484 41.2119
208.2544 41.2155
208.2603 41.2190
208.2662 41.2226
208.2722 41.2262
208.2781 41.2298
208.2840 41.2333
208.2899 41.2369
208.2959 41.2404
208.3018 41.2440
208.3077 41.2476
208.3136 41.2511
208.3196 41.2547
208.3255 41.2583
208.3314 41.2618
208.3374 41.2654
208.3433 41.2689
208.3492 41.2725
208.3551 41.2761
208.3611 41.2796
208.3670 41.2832
208.3729 41.2867
208.3788 41.2903
208.3848 41.2938
208.3907 41.2974
208.3966 41.3009
208.4026 41.3045
208.4085 41.3080
208.4144 41.3116
208.4203 41.3151
208.4263 41.3187
208.4322 41.3222
208.4381 41.3258
208.4440 41.3293
208.4500 41.3329
208.4559 41.3364
208.4618 41.3400
208.4678 41.3435
208.4737 41.3470
208.4796 41.3506
208.4855 41.3541
208.4915 41.3577
208.4974 41.3612
208.5033 41.3647
208.5092 41.3683
208.5152 41.3718
208.5211 41.3753
208.5270 41.3789
208.5329 41.3824
208.5389 41.3859
208.5448 41.3895
208.5507 41.3930
208.5566 41.3965
208.5626 41.4001
208.5685 41.4036
208.5744 41.4071
208.5803 41.4107
208.5863 41.4142
208.5922 41.4177
208.5981 41.4212
208.6040 41.4248
208.6100 41.4283
208.6159 41.4318
208.6218 41.4353
208.6277 41.4389
208.6337 41.4424
208.6396 41.4459
208.6455 41.4494
208.6515 41.4529
208.6574 41.4565
208.6633 41.4600
208.6692 41.4635
208.6751 41.4670
208.6811 41.4705
208.6870 41.4740
208.6929 41.4776
208.6988 41.4811
208.7048 41.4846
208.7107 41.4881
208.7166 41.4916
208.7225 41.4951
208.7285 41.4986
208.7344 41.5021
208.7403 41.5056
208.7462 41.5092
208.7522 41.5127
208.7581 41.5162
208.7640 41.5197
208.7699 41.5232
208.7759 41.5267
208.7818 41.5302
208.7877 41.5337
208.7936 41.5372
208.7996 41.5407
208.8055 41.5442
208.8114 41.5477
208.8173 41.5512
208.8233 41.5547
208.8292 41.5582
208.8351 41.5617
208.8410 41.5652
208.8469 41.5687
208.8529 41.5721
208.8588 41.5756
208.8647 41.5791
208.8706 41.5826
208.8766 41.5861
208.8825 41.5896
208.8884 41.5931
208.8943 41.5966
208.9003 41.6001
208.9062 41.6036
208.9121 41.6070
208.9180 41.6105
208.9239 41.6140
208.9299 41.6175
208.9358 41.6210
208.9417 41.6245
208.9476 41.6279
208.9536 41.6314
208.9595 41.6349
208.9654 41.6384
208.9713 41.6419
208.9772 41.6453
208.9832 41.6488
208.9891 41.6523
208.9950 41.6558
209.0009 41.6592
209.0069 41.6627
209.0128 41.6662
209.0187 41.6696
209.0246 41.6731
209.0305 41.6766
209.0365 41.6801
209.0424 41.6835
209.0483 41.6870
209.0542 41.6905
209.0602 41.6939
209.0661 41.6974
209.0720 41.7009
209.0779 41.7043
209.0838 41.7078
209.0898 41.7113
209.0957 41.7147
209.1016 41.7182
209.1075 41.7216
209.1134 41.7251
209.1194 41.7286
209.1253 41.7320
209.1312 41.7355
209.1371 41.7389
209.1431 41.7424
209.1490 41.7458
209.1549 41.7493
209.1608 41.7527
209.1667 41.7562
209.1727 41.7596
209.1786 41.7631
209.1845 41.7665
209.1904 41.7700
209.1963 41.7734
209.2023 41.7769
209.2082 41.7803
209.2141 41.7838
209.2200 41.7872
209.2259 41.7907
209.2319 41.7941
209.2378 41.7976
209.2437 41.8010
209.2496 41.8044
209.2555 41.8079
209.2615 41.8113
209.2674 41.8148
209.2733 41.8182
209.2792 41.8216
209.2851 41.8251
209.2911 41.8285
209.2970 41.8320
209.3029 41.8354
209.3088 41.8388
209.3147 41.8423
209.3206 41.8457
209.3266 41.8491
209.3325 41.8526
209.3384 41.8560
209.3443 41.8594
209.3502 41.8628
209.3562 41.8663
209.3621 41.8697
209.3680 41.8731
209.3739 41.8765
209.3798 41.8800
209.3858 41.8834
209.3917 41.8868
209.3976 41.8902
209.4035 41.8937
209.4094 41.8971
209.4153 41.9005
209.4213 41.9039
209.4272 41.9073
209.4331 41.9108
209.4390 41.9142
209.4449 41.9176
209.4509 41.9210
209.4568 41.9244
209.4627 41.9278
209.4686 41.9312
209.4745 41.9347
209.4804 41.9381
209.4864 41.9415
209.4923 41.9449
209.4982 41.9483
209.5041 41.9517
209.5100 41.9551
209.5160 41.9585
209.5219 41.9619
209.5278 41.9653
209.5337 41.9687
209.5396 41.9721
209.5455 41.9755
209.5515 41.9790
209.5574 41.9824
209.5633 41.9858
209.5692 41.9892
209.5751 41.9926
209.5810 41.9960
209.5870 41.9993
209.5929 42.0027
209.5988 42.0061
209.6047 42.0095
209.6106 42.0129
209.6165 42.0163
209.6225 42.0197
209.6284 42.0231
209.6343 42.0265
209.6402 42.0299
209.6461 42.0333
209.6520 42.0367
209.6580 42.0401
209.6639 42.0434
209.6698 42.0468
209.6757 42.0502
209.6816 42.0536
209.6875 42.0570
209.6935 42.0604
209.6994 42.0638
209.7053 42.0671
209.7112 42.0705
209.7171 42.0739
209.7230 42.0773
209.7290 42.0807
209.7349 42.0840
209.7408 42.0874
209.7467 42.0908
209.7526 42.0942
209.7585 42.0975
209.7645 42.1009
209.7704 42.1043
209.7763 42.1077
209.7822 42.1110
209.7881 42.1144
209.7940 42.1178
209.8000 42.1212
209.8059 42.1245
209.8118 42.1279
209.8177 42.1313
209.8236 42.1346
209.8295 42.1380
209.8354 42.1414
209.8414 42.1447
209.8473 42.1481
209.8532 42.1515
209.8591 42.1548
209.8650 42.1582
209.8709 42.1615
209.8769 42.1649
209.8828 42.1683
209.8887 42.1716
209.8946 42.1750
209.9005 42.1783
209.9064 42.1817
209.9123 42.1850
209.9183 42.1884
209.9242 42.1917
209.9301 42.1951
209.9360 42.1985
209.9419 42.2018
209.9478 42.2052
209.9538 42.2085
209.9597 42.2119
209.9656 42.2152
209.9715 42.2185
209.9774 42.2219
209.9833 42.2252
209.9892 42.2286
209.9952 42.2319
210.0011 42.2353
210.0070 42.2386
210.0129 42.2420
210.0188 42.2453
210.0247 42.2486
210.0306 42.2520
210.0366 42.2553
210.0425 42.2587
210.0484 42.2620
210.0543 42.2653
210.0602 42.2687
210.0661 42.2720
210.0720 42.2753
210.0780 42.2787
210.0839 42.2820
210.0898 42.2853
210.0957 42.2887
210.1016 42.2920
210.1075 42.2953
210.1134 42.2987
210.1194 42.3020
210.1253 42.3053
210.1312 42.3086
210.1371 42.3120
210.1430 42.3153
210.1489 42.3186
210.1548 42.3219
210.1607 42.3253
210.1667 42.3286
210.1726 42.3319
210.1785 42.3352
210.1844 42.3385
210.1903 42.3419
210.1962 42.3452
210.2021 42.3485
210.2081 42.3518
210.2140 42.3551
210.2199 42.3584
210.2258 42.3618
210.2317 42.3651
210.2376 42.3684
210.2435 42.3717
210.2494 42.3750
210.2554 42.3783
210.2613 42.3816
210.2672 42.3849
210.2731 42.3882
210.2790 42.3915
210.2849 42.3949
210.2908 42.3982
210.2967 42.4015
210.3027 42.4048
210.3086 42.4081
210.3145 42.4114
210.3204 42.4147
210.3263 42.4180
210.3322 42.4213
210.3381 42.4246
210.3440 42.4279
210.3500 42.4312
210.3559 42.4345
210.3618 42.4378
210.3677 42.4411
210.3736 42.4443
210.3795 42.4476
210.3854 42.4509
210.3913 42.4542
210.3972 42.4575
210.4032 42.4608
210.4091 42.4641
210.4150 42.4674
210.4209 42.4707
210.4268 42.4740
210.4327 42.4773
210.4386 42.4805
210.4445 42.4838
210.4504 42.4871
210.4564 42.4904
210.4623 42.4937
210.4682 42.4970
210.4741 42.5002
210.4800 42.5035
210.4859 42.5068
210.4918 42.5101
210.4977 42.5133
210.5036 42.5166
210.5096 42.5199
210.5155 42.5232
210.5214 42.5265
210.5273 42.5297
210.5332 42.5330
210.5391 42.5363
210.5450 42.5395
210.5509 42.5428
210.5568 42.5461
210.5628 42.5494
210.5687 42.5526
210.5746 42.5559
210.5805 42.5592
210.5864 42.5624
210.5923 42.5657
210.5982 42.5690
210.6041 42.5722
210.6100 42.5755
210.6159 42.5787
210.6218 42.5820
210.6278 42.5853
210.6337 42.5885
210.6396 42.5918
210.6455 42.5950
210.6514 42.5983
210.6573 42.6016
210.6632 42.6048
210.6691 42.6081
210.6750 42.6113
210.6809 42.6146
210.6869 42.6178
210.6928 42.6211
210.6987 42.6243
210.7046 42.6276
210.7105 42.6308
210.7164 42.6341
210.7223 42.6373
210.7282 42.6406
210.7341 42.6438
210.7400 42.6471
210.7459 42.6503
210.7519 42.6535
210.7578 42.6568
210.7637 42.6600
210.7696 42.6633
210.7755 42.6665
210.7814 42.6698
210.7873 42.6730
210.7932 42.6762
210.7991 42.6795
210.8050 42.6827
210.8109 42.6859
210.8168 42.6892
210.8228 42.6924
210.8287 42.6956
210.8346 42.6989
210.8405 42.7021
210.8464 42.7053
210.8523 42.7086
210.8582 42.7118
210.8641 42.7150
210.8700 42.7183
210.8759 42.7215
210.8818 42.7247
210.8877 42.7279
210.8936 42.7312
210.8996 42.7344
210.9055 42.7376
210.9114 42.7408
210.9173 42.7441
210.9232 42.7473
210.9291 42.7505
210.9350 42.7537
210.9409 42.7569
210.9468 42.7602
210.9527 42.7634
210.9586 42.7666
210.9645 42.7698
210.9704 42.7730
210.9764 42.7762
210.9823 42.7794
210.9882 42.7827
210.9941 42.7859
211.0000 42.7891
211.0059 42.7923
211.0118 42.7955
211.0177 42.7987
211.0236 42.8019
211.0295 42.8051
211.0354 42.8083
211.0413 42.8115
211.0472 42.8147
211.0531 42.8179
211.0590 42.8211
211.0650 42.8243
211.0709 42.8275
211.0768 42.8307
211.0827 42.8339
211.0886 42.8371
211.0945 42.8403
211.1004 42.8435
211.1063 42.8467
211.1122 42.8499
211.1181 42.8531
211.1240 42.8563
211.1299 42.8595
211.1358 42.8627
211.1417 42.8659
211.1476 42.8691
211.1536 42.8723
211.1595 42.8755
211.1654 42.8787
211.1713 42.8818
211.1772 42.8850
211.1831 42.8882
211.1890 42.8914
211.1949 42.8946
211.2008 42.8978
211.2067 42.9010
211.2126 42.9041
211.2185 42.9073
211.2244 42.9105
211.2303 42.9137
211.2362 42.9169
211.2421 42.9200
211.2481 42.9232
211.2540 42.9264
211.2599 42.9296
211.2658 42.9327
211.2717 42.9359
211.2776 42.9391
211.2835 42.9423
211.2894 42.9454
211.2953 42.9486
211.3012 42.9518
211.3071 42.9549
211.3130 42.9581
211.3189 42.9613
211.3248 42.9645
211.3307 42.9676
211.3366 42.9708
211.3425 42.9740
211.3484 42.9771
211.3544 42.9803
211.3603 42.9834
211.3662 42.9866
211.3721 42.9898
211.3780 42.9929
211.3839 42.9961
211.3898 42.9992
211.3957 43.0024
211.4016 43.0056
211.4075 43.0087
211.4134 43.0119
211.4193 43.0150
211.4252 43.0182
211.4311 43.0213
211.4370 43.0245
211.4429 43.0276
211.4488 43.0308
211.4547 43.0339
211.4606 43.0371
211.4665 43.0402
211.4724 43.0434
211.4784 43.0465
211.4843 43.0497
211.4902 43.0528
211.4961 43.0560
211.5020 43.0591
211.5079 43.0622
211.5138 43.0654
211.5197 43.0685
211.5256 43.0717
211.5315 43.0748
211.5374 43.0779
211.5433 43.0811
211.5492 43.0842
211.5551 43.0874
211.5610 43.0905
211.5669 43.0936
211.5728 43.0968
211.5787 43.0999
211.5846 43.1030
211.5905 43.1062
211.5964 43.1093
211.6023 43.1124
211.6082 43.1156
211.6141 43.1187
211.6200 43.1218
211.6260 43.1249
211.6319 43.1281
211.6378 43.1312
211.6437 43.1343
211.6496 43.1374
211.6555 43.1406
211.6614 43.1437
211.6673 43.1468
211.6732 43.1499
211.6791 43.1530
211.6850 43.1562
211.6909 43.1593
211.6968 43.1624
211.7027 43.1655
211.7086 43.1686
211.7145 43.1717
211.7204 43.1749
211.7263 43.1780
211.7322 43.1811
211.7381 43.1842
211.7440 43.1873
211.7499 43.1904
211.7558 43.1935
211.7617 43.1966
211.7676 43.1997
211.7735 43.2028
211.7794 43.2060
211.7853 43.2091
211.7912 43.2122
211.7971 43.2153
211.8030 43.2184
211.8089 43.2215
211.8148 43.2246
211.8207 43.2277
211.8266 43.2308
211.8326 43.2339
211.8385 43.2370
211.8444 43.2401
211.8503 43.2432
211.8562 43.2463
211.8621 43.2494
211.8680 43.2524
211.8739 43.2555
211.8798 43.2586
211.8857 43.2617
211.8916 43.2648
211.8975 43.2679
211.9034 43.2710
211.9093 43.2741
211.9152 43.2772
211.9211 43.2803
211.9270 43.2833
211.9329 43.2864
211.9388 43.2895
211.9447 43.2926
211.9506 43.2957
211.9565 43.2988
211.9624 43.3018
211.9683 43.3049
211.9742 43.3080
211.9801 43.3111
211.9860 43.3142
211.9919 43.3172
211.9978 43.3203
212.0037 43.3234
212.0096 43.3265
212.0155 43.3295
212.0214 43.3326
212.0273 43.3357
212.0332 43.3387
212.0391 43.3418
212.0450 43.3449
212.0509 43.3480
212.0568 43.3510
212.0627 43.3541
212.0686 43.3572
212.0745 43.3602
212.0804 43.3633
212.0863 43.3664
212.0922 43.3694
212.0981 43.3725
212.1040 43.3755
212.1099 43.3786
212.1158 43.3817
212.1217 43.3847
212.1276 43.3878
212.1335 43.3908
212.1394 43.3939
212.1453 43.3970
212.1512 43.4000
212.1571 43.4031
212.1630 43.4061
212.1689 43.4092
212.1748 43.4122
212.1807 43.4153
212.1866 43.4183
212.1925 43.4214
212.1984 43.4244
212.2043 43.4275
212.2102 43.4305
212.2161 43.4336
212.2220 43.4366
212.2279 43.4397
212.2338 43.4427
212.2397 43.4457
212.2456 43.4488
212.2515 43.4518
212.2574 43.4549
212.2633 43.4579
212.2692 43.4609
212.2751 43.4640
212.2810 43.4670
212.2869 43.4701
212.2928 43.4731
212.2987 43.4761
212.3046 43.4792
212.3105 43.4822
212.3164 43.4852
212.3223 43.4883
212.3282 43.4913
212.3341 43.4943
212.3400 43.4973
212.3459 43.5004
212.3518 43.5034
212.3577 43.5064
212.3636 43.5095
212.3695 43.5125
212.3754 43.5155
212.3813 43.5185
212.3872 43.5216
212.3931 43.5246
212.3990 43.5276
212.4049 43.5306
212.4108 43.5336
212.4167 43.5367
212.4226 43.5397
212.4284 43.5427
212.4343 43.5457
212.4402 43.5487
212.4461 43.5517
212.4520 43.5548
212.4579 43.5578
212.4638 43.5608
212.4697 43.5638
212.4756 43.5668
212.4815 43.5698
212.4874 43.5728
212.4933 43.5758
212.4992 43.5788
212.5051 43.5819
212.5110 43.5849
212.5169 43.5879
212.5228 43.5909
212.5287 43.5939
212.5346 43.5969
212.5405 43.5999
212.5464 43.6029
212.5523 43.6059
212.5582 43.6089
212.5641 43.6119
212.5700 43.6149
212.5759 43.6179
212.5818 43.6209
212.5877 43.6239
212.5936 43.6269
212.5995 43.6299
212.6054 43.6329
212.6113 43.6358
212.6172 43.6388
212.6231 43.6418
212.6290 43.6448
212.6349 43.6478
212.6408 43.6508
212.6467 43.6538
212.6526 43.6568
212.6585 43.6598
212.6644 43.6627
212.6703 43.6657
212.6762 43.6687
212.6821 43.6717
212.6879 43.6747
212.6938 43.6777
212.6997 43.6806
212.7056 43.6836
212.7115 43.6866
212.7174 43.6896
212.7233 43.6926
212.7292 43.6955
212.7351 43.6985
212.7410 43.7015
212.7469 43.7045
212.7528 43.7074
212.7587 43.7104
212.7646 43.7134
212.7705 43.7163
212.7764 43.7193
212.7823 43.7223
212.7882 43.7252
212.7941 43.7282
212.8000 43.7312
212.8059 43.7341
212.8118 43.7371
212.8177 43.7401
212.8236 43.7430
212.8295 43.7460
212.8354 43.7490
212.8413 43.7519
212.8472 43.7549
212.8531 43.7578
212.8590 43.7608
212.8648 43.7638
212.8707 43.7667
212.8766 43.7697
212.8825 43.7726
212.8884 43.7756
212.8943 43.7785
212.9002 43.7815
212.9061 43.7844
212.9120 43.7874
212.9179 43.7904
212.9238 43.7933
212.9297 43.7962
212.9356 43.7992
212.9415 43.8021
212.9474 43.8051
212.9533 43.8080
212.9592 43.8110
212.9651 43.8139
212.9710 43.8169
212.9769 43.8198
212.9828 43.8228
212.9887 43.8257
212.9946 43.8286
213.0005 43.8316
213.0063 43.8345
213.0122 43.8375
213.0181 43.8404
213.0240 43.8433
213.0299 43.8463
213.0358 43.8492
213.0417 43.8521
213.0476 43.8551
213.0535 43.8580
213.0594 43.8609
213.0653 43.8639
213.0712 43.8668
213.0771 43.8697
213.0830 43.8726
213.0889 43.8756
213.0948 43.8785
213.1007 43.8814
213.1066 43.8843
213.1125 43.8873
213.1184 43.8902
213.1242 43.8931
213.1301 43.8960
213.1360 43.8990
213.1419 43.9019
213.1478 43.9048
213.1537 43.9077
213.1596 43.9106
213.1655 43.9135
213.1714 43.9165
213.1773 43.9194
213.1832 43.9223
213.1891 43.9252
213.1950 43.9281
213.2009 43.9310
213.2068 43.9339
213.2127 43.9369
213.2186 43.9398
213.2245 43.9427
213.2303 43.9456
213.2362 43.9485
213.2421 43.9514
213.2480 43.9543
213.2539 43.9572
213.2598 43.9601
213.2657 43.9630
213.2716 43.9659
213.2775 43.9688
213.2834 43.9717
213.2893 43.9746
213.2952 43.9775
213.3011 43.9804
213.3070 43.9833
213.3129 43.9862
213.3188 43.9891
213.3246 43.9920
213.3305 43.9949
213.3364 43.9978
213.3423 44.0007
213.3482 44.0036
213.3541 44.0064
213.3600 44.0093
213.3659 44.0122
213.3718 44.0151
213.3777 44.0180
213.3836 44.0209
213.3895 44.0238
213.3954 44.0267
213.4013 44.0295
213.4071 44.0324
213.4130 44.0353
213.4189 44.0382
213.4248 44.0411
213.4307 44.0440
213.4366 44.0468
213.4425 44.0497
213.4484 44.0526
213.4543 44.0555
213.4602 44.0583
213.4661 44.0612
213.4720 44.0641
213.4779 44.0670
213.4838 44.0698
213.4896 44.0727
213.4955 44.0756
213.5014 44.0784
213.5073 44.0813
213.5132 44.0842
213.5191 44.0871
213.5250 44.0899
213.5309 44.0928
213.5368 44.0956
213.5427 44.0985
213.5486 44.1014
213.5545 44.1042
213.5603 44.1071
213.5662 44.1100
213.5721 44.1128
213.5780 44.1157
213.5839 44.1185
213.5898 44.1214
213.5957 44.1243
213.6016 44.1271
213.6075 44.1300
213.6134 44.1328
213.6193 44.1357
213.6252 44.1385
213.6310 44.1414
213.6369 44.1442
213.6428 44.1471
213.6487 44.1499
213.6546 44.1528
213.6605 44.1556
213.6664 44.1585
213.6723 44.1613
213.6782 44.1642
213.6841 44.1670
213.6900 44.1699
213.6958 44.1727
213.7017 44.1755
213.7076 44.1784
213.7135 44.1812
213.7194 44.1841
213.7253 44.1869
213.7312 44.1897
213.7371 44.1926
213.7430 44.1954
213.7489 44.1982
213.7548 44.2011
213.7606 44.2039
213.7665 44.2068
213.7724 44.2096
213.7783 44.2124
213.7842 44.2152
213.7901 44.2181
213.7960 44.2209
213.8019 44.2237
213.8078 44.2266
213.8137 44.2294
213.8196 44.2322
213.8254 44.2350
213.8313 44.2379
213.8372 44.2407
213.8431 44.2435
213.8490 44.2463
213.8549 44.2492
213.8608 44.2520
213.8667 44.2548
213.8726 44.2576
213.8785 44.2604
213.8844 44.2632
213.8902 44.2661
213.8961 44.2689
213.9020 44.2717
213.9079 44.2745
213.9138 44.2773
213.9197 44.2801
213.9256 44.2829
213.9315 44.2858
213.9374 44.2886
213.9433 44.2914
213.9491 44.2942
213.9550 44.2970
213.9609 44.2998
213.9668 44.3026
213.9727 44.3054
213.9786 44.3082
213.9845 44.3110
213.9904 44.3138
213.9963 44.3166
214.0022 44.3194
214.0080 44.3222
214.0139 44.3250
214.0198 44.3278
214.0257 44.3306
214.0316 44.3334
214.0375 44.3362
214.0434 44.3390
214.0493 44.3418
214.0552 44.3446
214.0611 44.3474
214.0669 44.3502
214.0728 44.3530
214.0787 44.3558
214.0846 44.3585
214.0905 44.3613
214.0964 44.3641
214.1023 44.3669
214.1082 44.3697
214.1141 44.3725
214.1199 44.3753
214.1258 44.3780
214.1317 44.3808
214.1376 44.3836
214.1435 44.3864
214.1494 44.3892
214.1553 44.3919
214.1612 44.3947
214.1671 44.3975
214.1730 44.4003
214.1788 44.4031
214.1847 44.4058
214.1906 44.4086
214.1965 44.4114
214.2024 44.4142
214.2083 44.4169
214.2142 44.4197
214.2201 44.4225
214.2260 44.4252
214.2318 44.4280
214.2377 44.4308
214.2436 44.4335
214.2495 44.4363
214.2554 44.4391
214.2613 44.4418
214.2672 44.4446
214.2731 44.4474
214.2790 44.4501
214.2848 44.4529
214.2907 44.4557
214.2966 44.4584
214.3025 44.4612
214.3084 44.4639
214.3143 44.4667
214.3202 44.4694
214.3261 44.4722
214.3319 44.4750
214.3378 44.4777
214.3437 44.4805
214.3496 44.4832
214.3555 44.4860
214.3614 44.4887
214.3673 44.4915
214.3732 44.4942
214.3791 44.4970
214.3849 44.4997
214.3908 44.5025
214.3967 44.5052
214.4026 44.5079
214.4085 44.5107
214.4144 44.5134
214.4203 44.5162
214.4262 44.5189
214.4320 44.5217
214.4379 44.5244
214.4438 44.5271
214.4497 44.5299
214.4556 44.5326
214.4615 44.5354
214.4674 44.5381
214.4733 44.5408
214.4791 44.5436
214.4850 44.5463
214.4909 44.5490
214.4968 44.5518
214.5027 44.5545
214.5086 44.5572
214.5145 44.5600
214.5204 44.5627
214.5262 44.5654
214.5321 44.5681
214.5380 44.5709
214.5439 44.5736
214.5498 44.5763
214.5557 44.5790
214.5616 44.5818
214.5675 44.5845
214.5733 44.5872
214.5792 44.5899
214.5851 44.5926
214.5910 44.5954
214.5969 44.5981
214.6028 44.6008
214.6087 44.6035
214.6146 44.6062
214.6204 44.6089
214.6263 44.6117
214.6322 44.6144
214.6381 44.6171
214.6440 44.6198
214.6499 44.6225
214.6558 44.6252
214.6617 44.6279
214.6675 44.6306
214.6734 44.6333
214.6793 44.6360
214.6852 44.6387
214.6911 44.6415
214.6970 44.6442
214.7029 44.6469
214.7087 44.6496
214.7146 44.6523
214.7205 44.6550
214.7264 44.6577
214.7323 44.6604
214.7382 44.6631
214.7441 44.6658
214.7499 44.6685
214.7558 44.6712
214.7617 44.6738
214.7676 44.6765
214.7735 44.6792
214.7794 44.6819
214.7853 44.6846
214.7911 44.6873
214.7970 44.6900
214.8029 44.6927
214.8088 44.6954
214.8147 44.6981
214.8206 44.7007
214.8265 44.7034
214.8323 44.7061
214.8382 44.7088
214.8441 44.7115
214.8500 44.7142
214.8559 44.7169
214.8618 44.7195
214.8677 44.7222
214.8735 44.7249
214.8794 44.7276
214.8853 44.7302
214.8912 44.7329
214.8971 44.7356
214.9030 44.7383
214.9089 44.7409
214.9147 44.7436
214.9206 44.7463
214.9265 44.7490
214.9324 44.7516
214.9383 44.7543
214.9442 44.7570
214.9501 44.7596
214.9559 44.7623
214.9618 44.7650
214.9677 44.7676
214.9736 44.7703
214.9795 44.7730
214.9854 44.7756
214.9912 44.7783
214.9971 44.7810
215.0030 44.7836
215.0089 44.7863
215.0148 44.7889
215.0207 44.7916
215.0266 44.7943
215.0324 44.7969
215.0383 44.7996
215.0442 44.8022
215.0501 44.8049
215.0560 44.8075
215.0619 44.8102
215.0677 44.8128
215.0736 44.8155
215.0795 44.8181
215.0854 44.8208
215.0913 44.8234
215.0972 44.8261
215.1030 44.8287
215.1089 44.8314
215.1148 44.8340
215.1207 44.8367
215.1266 44.8393
215.1325 44.8420
215.1383 44.8446
215.1442 44.8472
215.1501 44.8499
215.1560 44.8525
215.1619 44.8552
215.1678 44.8578
215.1737 44.8604
215.1795 44.8631
215.1854 44.8657
215.1913 44.8683
215.1972 44.8710
215.2031 44.8736
215.2090 44.8762
215.2148 44.8789
215.2207 44.8815
215.2266 44.8841
215.2325 44.8868
215.2384 44.8894
215.2443 44.8920
215.2501 44.8946
215.2560 44.8973
215.2619 44.8999
215.2678 44.9025
215.2737 44.9051
215.2796 44.9078
215.2854 44.9104
215.2913 44.9130
215.2972 44.9156
215.3031 44.9182
215.3090 44.9209
215.3149 44.9235
215.3207 44.9261
215.3266 44.9287
215.3325 44.9313
215.3384 44.9339
215.3443 44.9365
215.3502 44.9392
215.3560 44.9418
215.3619 44.9444
215.3678 44.9470
215.3737 44.9496
215.3796 44.9522
215.3855 44.9548
215.3913 44.9574
215.3972 44.9600
215.4031 44.9626
215.4090 44.9652
215.4149 44.9678
215.4208 44.9704
215.4266 44.9730
215.4325 44.9756
215.4384 44.9782
215.4443 44.9808
215.4502 44.9834
215.4561 44.9860
215.4619 44.9886
215.4678 44.9912
215.4737 44.9938
215.4796 44.9964
215.4855 44.9990
215.4914 45.0016
215.4972 45.0042
215.5031 45.0068
215.5090 45.0094
215.5149 45.0120
215.5208 45.0146
215.5266 45.0171
215.5325 45.0197
215.5384 45.0223
215.5443 45.0249
215.5502 45.0275
215.5561 45.0301
215.5619 45.0326
215.5678 45.0352
215.5737 45.0378
215.5796 45.0404
215.5855 45.0430
215.5914 45.0455
215.5972 45.0481
215.6031 45.0507
215.6090 45.0533
215.6149 45.0559
215.6208 45.0584
215.6267 45.0610
215.6325 45.0636
215.6384 45.0661
215.6443 45.0687
215.6502 45.0713
215.6561 45.0739
215.6619 45.0764
215.6678 45.0790
215.6737 45.0816
215.6796 45.0841
215.6855 45.0867
215.6914 45.0893
215.6972 45.0918
215.7031 45.0944
215.7090 45.0969
215.7149 45.0995
215.7208 45.1021
215.7266 45.1046
215.7325 45.1072
215.7384 45.1097
215.7443 45.1123
215.7502 45.1149
215.7561 45.1174
215.7619 45.1200
215.7678 45.1225
215.7737 45.1251
215.7796 45.1276
215.7855 45.1302
215.7913 45.1327
215.7972 45.1353
215.8031 45.1378
215.8090 45.1404
215.8149 45.1429
215.8208 45.1455
215.8266 45.1480
215.8325 45.1506
215.8384 45.1531
215.8443 45.1556
215.8502 45.1582
215.8560 45.1607
215.8619 45.1633
215.8678 45.1658
215.8737 45.1683
215.8796 45.1709
215.8854 45.1734
215.8913 45.1760
215.8972 45.1785
215.9031 45.1810
215.9090 45.1836
215.9148 45.1861
215.9207 45.1886
215.9266 45.1912
215.9325 45.1937
215.9384 45.1962
215.9443 45.1987
215.9501 45.2013
215.9560 45.2038
215.9619 45.2063
215.9678 45.2089
215.9737 45.2114
215.9795 45.2139
215.9854 45.2164
215.9913 45.2189
215.9972 45.2215
216.0031 45.2240
216.0089 45.2265
216.0148 45.2290
216.0207 45.2315
216.0266 45.2341
216.0325 45.2366
216.0383 45.2391
216.0442 45.2416
216.0501 45.2441
216.0560 45.2466
216.0619 45.2491
216.0677 45.2517
216.0736 45.2542
216.0795 45.2567
216.0854 45.2592
216.0913 45.2617
216.0971 45.2642
216.1030 45.2667
216.1089 45.2692
216.1148 45.2717
216.1207 45.2742
216.1265 45.2767
216.1324 45.2792
216.1383 45.2817
216.1442 45.2842
216.1501 45.2867
216.1559 45.2892
216.1618 45.2917
216.1677 45.2942
216.1736 45.2967
216.1795 45.2992
216.1853 45.3017
216.1912 45.3042
216.1971 45.3067
216.2030 45.3092
216.2089 45.3117
216.2147 45.3142
216.2206 45.3167
216.2265 45.3192
216.2324 45.3216
216.2383 45.3241
216.2441 45.3266
216.2500 45.3291
216.2559 45.3316
216.2618 45.3341
216.2676 45.3366
216.2735 45.3390
216.2794 45.3415
216.2853 45.3440
216.2912 45.3465
216.2970 45.3490
216.3029 45.3514
216.3088 45.3539
216.3147 45.3564
216.3206 45.3589
216.3264 45.3613
216.3323 45.3638
216.3382 45.3663
216.3441 45.3688
216.3500 45.3712
216.3558 45.3737
216.3617 45.3762
216.3676 45.3786
216.3735 45.3811
216.3793 45.3836
216.3852 45.3860
216.3911 45.3885
216.3970 45.3910
216.4029 45.3934
216.4087 45.3959
216.4146 45.3984
216.4205 45.4008
216.4264 45.4033
216.4322 45.4057
216.4381 45.4082
216.4440 45.4107
216.4499 45.4131
216.4558 45.4156
216.4616 45.4180
216.4675 45.4205
216.4734 45.4229
216.4793 45.4254
216.4851 45.4278
216.4910 45.4303
216.4969 45.4327
216.5028 45.4352
216.5087 45.4376
216.5145 45.4401
216.5204 45.4425
216.5263 45.4450
216.5322 45.4474
216.5380 45.4499
216.5439 45.4523
216.5498 45.4548
216.5557 45.4572
216.5616 45.4596
216.5674 45.4621
216.5733 45.4645
216.5792 45.4670
216.5851 45.4694
216.5909 45.4718
216.5968 45.4743
216.6027 45.4767
216.6086 45.4791
216.6145 45.4816
216.6203 45.4840
216.6262 45.4864
216.6321 45.4889
216.6380 45.4913
216.6438 45.4937
216.6497 45.4962
216.6556 45.4986
216.6615 45.5010
216.6674 45.5034
216.6732 45.5059
216.6791 45.5083
216.6850 45.5107
216.6909 45.5131
216.6967 45.5156
216.7026 45.5180
216.7085 45.5204
216.7144 45.5228
216.7202 45.5252
216.7261 45.5277
216.7320 45.5301
216.7379 45.5325
216.7438 45.5349
216.7496 45.5373
216.7555 45.5397
216.7614 45.5422
216.7673 45.5446
216.7731 45.5470
216.7790 45.5494
216.7849 45.5518
216.7908 45.5542
216.7966 45.5566
216.8025 45.5590
216.8084 45.5614
216.8143 45.5638
216.8202 45.5662
216.8260 45.5687
216.8319 45.5711
216.8378 45.5735
216.8437 45.5759
216.8495 45.5783
216.8554 45.5807
216.8613 45.5831
216.8672 45.5855
216.8730 45.5879
216.8789 45.5903
216.8848 45.5926
216.8907 45.5950
216.8966 45.5974
216.9024 45.5998
216.9083 45.6022
216.9142 45.6046
216.9201 45.6070
216.9259 45.6094
216.9318 45.6118
216.9377 45.6142
216.9436 45.6166
216.9494 45.6189
216.9553 45.6213
216.9612 45.6237
216.9671 45.6261
216.9730 45.6285
216.9788 45.6309
216.9847 45.6333
216.9906 45.6356
216.9965 45.6380
217.0023 45.6404
217.0082 45.6428
217.0141 45.6451
217.0200 45.6475
217.0258 45.6499
217.0317 45.6523
217.0376 45.6547
217.0435 45.6570
217.0493 45.6594
217.0552 45.6618
217.0611 45.6641
217.0670 45.6665
217.0728 45.6689
217.0787 45.6712
217.0846 45.6736
217.0905 45.6760
217.0963 45.6783
217.1022 45.6807
217.1081 45.6831
217.1140 45.6854
217.1199 45.6878
217.1257 45.6902
217.1316 45.6925
217.1375 45.6949
217.1434 45.6972
217.1492 45.6996
217.1551 45.7020
217.1610 45.7043
217.1669 45.7067
217.1727 45.7090
217.1786 45.7114
217.1845 45.7137
217.1904 45.7161
217.1962 45.7184
217.2021 45.7208
217.2080 45.7231
217.2139 45.7255
217.2197 45.7278
217.2256 45.7302
217.2315 45.7325
217.2374 45.7349
217.2432 45.7372
217.2491 45.7396
217.2550 45.7419
217.2609 45.7443
217.2667 45.7466
217.2726 45.7489
217.2785 45.7513
217.2844 45.7536
217.2902 45.7560
217.2961 45.7583
217.3020 45.7606
217.3079 45.7630
217.3137 45.7653
217.3196 45.7676
217.3255 45.7700
217.3314 45.7723
217.3372 45.7746
217.3431 45.7770
217.3490 45.7793
217.3549 45.7816
217.3607 45.7840
217.3666 45.7863
217.3725 45.7886
217.3784 45.7909
217.3842 45.7933
217.3901 45.7956
217.3960 45.7979
217.4019 45.8002
217.4077 45.8026
217.4136 45.8049
217.4195 45.8072
217.4254 45.8095
217.4312 45.8118
217.4371 45.8142
217.4430 45.8165
217.4489 45.8188
217.4547 45.8211
217.4606 45.8234
217.4665 45.8257
217.4724 45.8280
217.4782 45.8304
217.4841 45.8327
217.4900 45.8350
217.4959 45.8373
217.5017 45.8396
217.5076 45.8419
217.5135 45.8442
217.5193 45.8465
217.5252 45.8488
217.5311 45.8511
217.5370 45.8534
217.5428 45.8557
217.5487 45.8580
217.5546 45.8603
217.5605 45.8626
217.5663 45.8649
217.5722 45.8672
217.5781 45.8695
217.5840 45.8718
217.5898 45.8741
217.5957 45.8764
217.6016 45.8787
217.6075 45.8810
217.6133 45.8833
217.6192 45.8856
217.6251 45.8879
217.6309 45.8902
217.6368 45.8925
217.6427 45.8948
217.6486 45.8970
217.6544 45.8993
217.6603 45.9016
217.6662 45.9039
217.6721 45.9062
217.6779 45.9085
217.6838 45.9107
217.6897 45.9130
217.6956 45.9153
217.7014 45.9176
217.7073 45.9199
217.7132 45.9221
217.7190 45.9244
217.7249 45.9267
217.7308 45.9290
217.7367 45.9313
217.7425 45.9335
217.7484 45.9358
217.7543 45.9381
217.7602 45.9403
217.7660 45.9426
217.7719 45.9449
217.7778 45.9472
217.7836 45.9494
217.7895 45.9517
217.7954 45.9540
217.8013 45.9562
217.8071 45.9585
217.8130 45.9608
217.8189 45.9630
217.8248 45.9653
217.8306 45.9675
217.8365 45.9698
217.8424 45.9721
217.8482 45.9743
217.8541 45.9766
217.8600 45.9788
217.8659 45.9811
217.8717 45.9834
217.8776 45.9856
217.8835 45.9879
217.8893 45.9901
217.8952 45.9924
217.9011 45.9946
217.9070 45.9969
217.9128 45.9991
217.9187 46.0014
217.9246 46.0036
217.9305 46.0059
217.9363 46.0081
217.9422 46.0104
217.9481 46.0126
217.9539 46.0148
217.9598 46.0171
217.9657 46.0193
217.9716 46.0216
217.9774 46.0238
217.9833 46.0261
217.9892 46.0283
217.9950 46.0305
218.0009 46.0328
218.0068 46.0350
218.0127 46.0372
218.0185 46.0395
218.0244 46.0417
218.0303 46.0439
218.0361 46.0462
218.0420 46.0484
218.0479 46.0506
218.0538 46.0529
218.0596 46.0551
218.0655 46.0573
218.0714 46.0596
218.0772 46.0618
218.0831 46.0640
218.0890 46.0662
218.0949 46.0685
218.1007 46.0707
218.1066 46.0729
218.1125 46.0751
218.1183 46.0774
218.1242 46.0796
218.1301 46.0818
218.1360 46.0840
218.1418 46.0862
218.1477 46.0884
218.1536 46.0907
218.1594 46.0929
218.1653 46.0951
218.1712 46.0973
218.1771 46.0995
218.1829 46.1017
218.1888 46.1039
218.1947 46.1062
218.2005 46.1084
218.2064 46.1106
218.2123 46.1128
218.2182 46.1150
218.2240 46.1172
218.2299 46.1194
218.2358 46.1216
218.2416 46.1238
218.2475 46.1260
218.2534 46.1282
218.2593 46.1304
218.2651 46.1326
218.2710 46.1348
218.2769 46.1370
218.2827 46.1392
218.2886 46.1414
218.2945 46.1436
218.3004 46.1458
218.3062 46.1480
218.3121 46.1502
218.3180 46.1524
218.3238 46.1546
218.3297 46.1568
218.3356 46.1590
218.3415 46.1611
218.3473 46.1633
218.3532 46.1655
218.3591 46.1677
218.3649 46.1699
218.3708 46.1721
218.3767 46.1743
218.3825 46.1764
218.3884 46.1786
218.3943 46.1808
218.4002 46.1830
218.4060 46.1852
218.4119 46.1874
218.4178 46.1895
218.4236 46.1917
218.4295 46.1939
218.4354 46.1961
218.4413 46.1982
218.4471 46.2004
218.4530 46.2026
218.4589 46.2048
218.4647 46.2069
218.4706 46.2091
218.4765 46.2113
218.4823 46.2134
218.4882 46.2156
218.4941 46.2178
218.5000 46.2199
218.5058 46.2221
218.5117 46.2243
218.5176 46.2264
218.5234 46.2286
218.5293 46.2308
218.5352 46.2329
218.5410 46.2351
218.5469 46.2373
218.5528 46.2394
218.5587 46.2416
218.5645 46.2437
218.5704 46.2459
218.5763 46.2480
218.5821 46.2502
218.5880 46.2524
218.5939 46.2545
218.5997 46.2567
218.6056 46.2588
218.6115 46.2610
218.6174 46.2631
218.6232 46.2653
218.6291 46.2674
218.6350 46.2696
218.6408 46.2717
218.6467 46.2739
218.6526 46.2760
218.6584 46.2781
218.6643 46.2803
218.6702 46.2824
218.6761 46.2846
218.6819 46.2867
218.6878 46.2889
218.6937 46.2910
218.6995 46.2931
218.7054 46.2953
218.7113 46.2974
218.7171 46.2995
218.7230 46.3017
218.7289 46.3038
218.7348 46.3060
218.7406 46.3081
218.7465 46.3102
218.7524 46.3123
218.7582 46.3145
218.7641 46.3166
218.7700 46.3187
218.7758 46.3209
218.7817 46.3230
218.7876 46.3251
218.7934 46.3272
218.7993 46.3294
218.8052 46.3315
218.8111 46.3336
218.8169 46.3357
218.8228 46.3379
218.8287 46.3400
218.8345 46.3421
218.8404 46.3442
218.8463 46.3463
218.8521 46.3485
218.8580 46.3506
218.8639 46.3527
218.8697 46.3548
218.8756 46.3569
218.8815 46.3590
218.8873 46.3611
218.8932 46.3633
218.8991 46.3654
218.9050 46.3675
218.9108 46.3696
218.9167 46.3717
218.9226 46.3738
218.9284 46.3759
218.9343 46.3780
218.9402 46.3801
218.9460 46.3822
218.9519 46.3843
218.9578 46.3864
218.9636 46.3885
218.9695 46.3906
218.9754 46.3927
218.9812 46.3948
218.9871 46.3969
218.9930 46.3990
218.9988 46.4011
219.0047 46.4032
219.0106 46.4053
219.0165 46.4074
219.0223 46.4095
219.0282 46.4116
219.0341 46.4137
219.0399 46.4158
219.0458 46.4179
219.0517 46.4199
219.0575 46.4220
219.0634 46.4241
219.0693 46.4262
219.0751 46.4283
219.0810 46.4304
219.0869 46.4325
219.0927 46.4345
219.0986 46.4366
219.1045 46.4387
219.1103 46.4408
219.1162 46.4429
219.1221 46.4450
219.1279 46.4470
219.1338 46.4491
219.1397 46.4512
219.1455 46.4533
219.1514 46.4553
219.1573 46.4574
219.1631 46.4595
219.1690 46.4616
219.1749 46.4636
219.1807 46.4657
219.1866 46.4678
219.1925 46.4698
219.1983 46.4719
219.2042 46.4740
219.2101 46.4760
219.2159 46.4781
219.2218 46.4802
219.2277 46.4822
219.2336 46.4843
219.2394 46.4864
219.2453 46.4884
219.2512 46.4905
219.2570 46.4925
219.2629 46.4946
219.2688 46.4967
219.2746 46.4987
219.2805 46.5008
219.2864 46.5028
219.2922 46.5049
219.2981 46.5069
219.3040 46.5090
219.3098 46.5110
219.3157 46.5131
219.3216 46.5151
219.3274 46.5172
219.3333 46.5192
219.3392 46.5213
219.3450 46.5233
219.3509 46.5254
219.3568 46.5274
219.3626 46.5295
219.3685 46.5315
219.3743 46.5336
219.3802 46.5356
219.3861 46.5376
219.3919 46.5397
219.3978 46.5417
219.4037 46.5438
219.4095 46.5458
219.4154 46.5478
219.4213 46.5499
219.4271 46.5519
219.4330 46.5539
219.4389 46.5560
219.4447 46.5580
219.4506 46.5600
219.4565 46.5621
219.4623 46.5641
219.4682 46.5661
219.4741 46.5682
219.4799 46.5702
219.4858 46.5722
219.4917 46.5742
219.4975 46.5763
219.5034 46.5783
219.5093 46.5803
219.5151 46.5823
219.5210 46.5844
219.5269 46.5864
219.5327 46.5884
219.5386 46.5904
219.5445 46.5925
219.5503 46.5945
219.5562 46.5965
219.5621 46.5985
219.5679 46.6005
219.5738 46.6025
219.5797 46.6046
219.5855 46.6066
219.5914 46.6086
219.5973 46.6106
219.6031 46.6126
219.6090 46.6146
219.6149 46.6166
219.6207 46.6186
219.6266 46.6206
219.6325 46.6226
219.6383 46.6246
219.6442 46.6267
219.6501 46.6287
219.6559 46.6307
219.6618 46.6327
219.6677 46.6347
219.6735 46.6367
219.6794 46.6387
219.6853 46.6407
219.6911 46.6427
219.6970 46.6447
219.7029 46.6467
219.7087 46.6487
219.7146 46.6507
219.7204 46.6526
219.7263 46.6546
219.7322 46.6566
219.7380 46.6586
219.7439 46.6606
219.7498 46.6626
219.7556 46.6646
219.7615 46.6666
219.7674 46.6686
219.7732 46.6706
219.7791 46.6725
219.7850 46.6745
219.7908 46.6765
219.7967 46.6785
219.8026 46.6805
219.8084 46.6825
219.8143 46.6844
219.8202 46.6864
219.8260 46.6884
219.8319 46.6904
219.8378 46.6924
219.8436 46.6943
219.8495 46.6963
219.8554 46.6983
219.8612 46.7003
219.8671 46.7022
219.8730 46.7042
219.8788 46.7062
219.8847 46.7082
219.8905 46.7101
219.8964 46.7121
219.9023 46.7141
219.9081 46.7160
219.9140 46.7180
219.9199 46.7200
219.9257 46.7219
219.9316 46.7239
219.9375 46.7259
219.9433 46.7278
219.9492 46.7298
219.9551 46.7317
219.9609 46.7337
219.9668 46.7357
219.9727 46.7376
219.9785 46.7396
219.9844 46.7415
219.9903 46.7435
219.9961 46.7455
220.0020 46.7474
220.0078 46.7494
220.0137 46.7513
220.0196 46.7533
220.0254 46.7552
220.0313 46.7572
220.0372 46.7591
220.0430 46.7611
220.0489 46.7630
220.0548 46.7650
220.0606 46.7669
220.0665 46.7689
220.0724 46.7708
220.0782 46.7727
220.0841 46.7747
220.0899 46.7766
220.0958 46.7786
220.1017 46.7805
220.1075 46.7825
220.1134 46.7844
220.1193 46.7863
220.1251 46.7883
220.1310 46.7902
220.1369 46.7921
220.1427 46.7941
220.1486 46.7960
220.1545 46.7979
220.1603 46.7999
220.1662 46.8018
220.1720 46.8037
220.1779 46.8057
220.1838 46.8076
220.1896 46.8095
220.1955 46.8115
220.2014 46.8134
220.2072 46.8153
220.2131 46.8172
220.2190 46.8192
220.2248 46.8211
220.2307 46.8230
220.2366 46.8249
220.2424 46.8268
220.2483 46.8288
220.2541 46.8307
220.2600 46.8326
220.2659 46.8345
220.2717 46.8364
220.2776 46.8384
220.2835 46.8403
220.2893 46.8422
220.2952 46.8441
220.3011 46.8460
220.3069 46.8479
220.3128 46.8498
220.3186 46.8517
220.3245 46.8537
220.3304 46.8556
220.3362 46.8575
220.3421 46.8594
220.3480 46.8613
220.3538 46.8632
220.3597 46.8651
220.3655 46.8670
220.3714 46.8689
220.3773 46.8708
220.3831 46.8727
220.3890 46.8746
220.3949 46.8765
220.4007 46.8784
220.4066 46.8803
220.4125 46.8822
220.4183 46.8841
220.4242 46.8860
220.4300 46.8879
220.4359 46.8898
220.4418 46.8917
220.4476 46.8936
220.4535 46.8955
220.4594 46.8973
220.4652 46.8992
220.4711 46.9011
220.4769 46.9030
220.4828 46.9049
220.4887 46.9068
220.4945 46.9087
220.5004 46.9106
220.5063 46.9124
220.5121 46.9143
220.5180 46.9162
220.5238 46.9181
220.5297 46.9200
220.5356 46.9218
220.5414 46.9237
220.5473 46.9256
220.5532 46.9275
220.5590 46.9294
220.5649 46.9312
220.5707 46.9331
220.5766 46.9350
220.5825 46.9369
220.5883 46.9387
220.5942 46.9406
220.6001 46.9425
220.6059 46.9443
220.6118 46.9462
220.6176 46.9481
220.6235 46.9499
220.6294 46.9518
220.6352 46.9537
220.6411 46.9555
220.6470 46.9574
220.6528 46.9593
220.6587 46.9611
220.6645 46.9630
220.6704 46.9649
220.6763 46.9667
220.6821 46.9686
220.6880 46.9704
220.6938 46.9723
220.6997 46.9741
220.7056 46.9760
220.7114 46.9779
220.7173 46.9797
220.7232 46.9816
220.7290 46.9834
220.7349 46.9853
220.7407 46.9871
220.7466 46.9890
220.7525 46.9908
220.7583 46.9927
220.7642 46.9945
220.7700 46.9964
220.7759 46.9982
220.7818 47.0000
220.7876 47.0019
220.7935 47.0037
220.7994 47.0056
220.8052 47.0074
220.8111 47.0093
220.8169 47.0111
220.8228 47.0129
220.8287 47.0148
220.8345 47.0166
220.8404 47.0185
220.8462 47.0203
220.8521 47.0221
220.8580 47.0240
220.8638 47.0258
220.8697 47.0276
220.8755 47.0295
220.8814 47.0313
220.8873 47.0331
220.8931 47.0350
220.8990 47.0368
220.9049 47.0386
220.9107 47.0404
220.9166 47.0423
220.9224 47.0441
220.9283 47.0459
220.9342 47.0477
220.9400 47.0496
220.9459 47.0514
220.9517 47.0532
220.9576 47.0550
220.9635 47.0568
220.9693 47.0587
220.9752 47.0605
220.9810 47.0623
220.9869 47.0641
220.9928 47.0659
220.9986 47.0677
221.0045 47.0696
221.0104 47.0714
221.0162 47.0732
221.0221 47.0750
221.0279 47.0768
221.0338 47.0786
221.0397 47.0804
221.0455 47.0822
221.0514 47.0840
221.0572 47.0858
221.0631 47.0877
221.0690 47.0895
221.0748 47.0913
221.0807 47.0931
221.0865 47.0949
221.0924 47.0967
221.0983 47.0985
221.1041 47.1003
221.1100 47.1021
221.1158 47.1039
221.1217 47.1057
221.1276 47.1075
221.1334 47.1093
221.1393 47.1111
221.1451 47.1128
221.1510 47.1146
221.1569 47.1164
221.1627 47.1182
221.1686 47.1200
221.1745 47.1218
221.1803 47.1236
221.1862 47.1254
221.1920 47.1272
221.1979 47.1290
221.2038 47.1307
221.2096 47.1325
221.2155 47.1343
221.2213 47.1361
221.2272 47.1379
221.2331 47.1397
221.2389 47.1414
221.2448 47.1432
221.2506 47.1450
221.2565 47.1468
221.2624 47.1486
221.2682 47.1503
221.2741 47.1521
221.2799 47.1539
221.2858 47.1557
221.2917 47.1574
221.2975 47.1592
221.3034 47.1610
221.3092 47.1628
221.3151 47.1645
221.3210 47.1663
221.3268 47.1681
221.3327 47.1698
221.3385 47.1716
221.3444 47.1734
221.3503 47.1751
221.3561 47.1769
221.3620 47.1787
221.3678 47.1804
221.3737 47.1822
221.3796 47.1840
221.3854 47.1857
221.3913 47.1875
221.3971 47.1892
221.4030 47.1910
221.4089 47.1928
221.4147 47.1945
221.4206 47.1963
221.4264 47.1980
221.4323 47.1998
221.4382 47.2015
221.4440 47.2033
221.4499 47.2050
221.4557 47.2068
221.4616 47.2085
221.4675 47.2103
221.4733 47.2120
221.4792 47.2138
221.4850 47.2155
221.4909 47.2173
221.4968 47.2190
221.5026 47.2208
221.5085 47.2225
221.5143 47.2243
221.5202 47.2260
221.5260 47.2277
221.5319 47.2295
221.5378 47.2312
221.5436 47.2330
221.5495 47.2347
221.5553 47.2364
221.5612 47.2382
221.5671 47.2399
221.5729 47.2416
221.5788 47.2434
221.5846 47.2451
221.5905 47.2468
221.5964 47.2486
221.6022 47.2503
221.6081 47.2520
221.6139 47.2538
221.6198 47.2555
221.6257 47.2572
221.6315 47.2589
221.6374 47.2607
221.6432 47.2624
221.6491 47.2641
221.6549 47.2658
221.6608 47.2676
221.6667 47.2693
221.6725 47.2710
221.6784 47.2727
221.6842 47.2744
221.6901 47.2762
221.6960 47.2779
221.7018 47.2796
221.7077 47.2813
221.7135 47.2830
221.7194 47.2847
221.7253 47.2865
221.7311 47.2882
221.7370 47.2899
221.7428 47.2916
221.7487 47.2933
221.7545 47.2950
221.7604 47.2967
221.7663 47.2984
221.7721 47.3001
221.7780 47.3018
221.7838 47.3036
221.7897 47.3053
221.7956 47.3070
221.8014 47.3087
221.8073 47.3104
221.8131 47.3121
221.8190 47.3138
221.8248 47.3155
221.8307 47.3172
221.8366 47.3189
221.8424 47.3206
221.8483 47.3223
221.8541 47.3240
221.8600 47.3257
221.8658 47.3273
221.8717 47.3290
221.8776 47.3307
221.8834 47.3324
221.8893 47.3341
221.8951 47.3358
221.9010 47.3375
221.9069 47.3392
221.9127 47.3409
221.9186 47.3426
221.9244 47.3442
221.9303 47.3459
221.9361 47.3476
221.9420 47.3493
221.9479 47.3510
221.9537 47.3527
221.9596 47.3543
221.9654 47.3560
221.9713 47.3577
221.9771 47.3594
221.9830 47.3611
221.9889 47.3627
221.9947 47.3644
222.0006 47.3661
222.0064 47.3678
222.0123 47.3694
222.0181 47.3711
222.0240 47.3728
222.0299 47.3745
222.0357 47.3761
222.0416 47.3778
222.0474 47.3795
222.0533 47.3811
222.0591 47.3828
222.0650 47.3845
222.0709 47.3861
222.0767 47.3878
222.0826 47.3895
222.0884 47.3911
222.0943 47.3928
222.1001 47.3944
222.1060 47.3961
222.1119 47.3978
222.1177 47.3994
222.1236 47.4011
222.1294 47.4027
222.1353 47.4044
222.1411 47.4061
222.1470 47.4077
222.1529 47.4094
222.1587 47.4110
222.1646 47.4127
222.1704 47.4143
222.1763 47.4160
222.1821 47.4176
222.1880 47.4193
222.1938 47.4209
222.1997 47.4226
222.2056 47.4242
222.2114 47.4259
222.2173 47.4275
222.2231 47.4292
222.2290 47.4308
222.2348 47.4324
222.2407 47.4341
222.2466 47.4357
222.2524 47.4374
222.2583 47.4390
222.2641 47.4406
222.2700 47.4423
222.2758 47.4439
222.2817 47.4456
222.2875 47.4472
222.2934 47.4488
222.2993 47.4505
222.3051 47.4521
222.3110 47.4537
222.3168 47.4554
222.3227 47.4570
222.3285 47.4586
222.3344 47.4603
222.3403 47.4619
222.3461 47.4635
222.3520 47.4651
222.3578 47.4668
222.3637 47.4684
222.3695 47.4700
222.3754 47.4716
222.3812 47.4733
222.3871 47.4749
222.3930 47.4765
222.3988 47.4781
222.4047 47.4797
222.4105 47.4814
222.4164 47.4830
222.4222 47.4846
222.4281 47.4862
222.4340 47.4878
222.4398 47.4894
222.4457 47.4911
222.4515 47.4927
222.4574 47.4943
222.4632 47.4959
222.4691 47.4975
222.4749 47.4991
222.4808 47.5007
222.4867 47.5023
222.4925 47.5039
222.4984 47.5056
222.5042 47.5072
222.5101 47.5088
222.5159 47.5104
222.5218 47.5120
222.5276 47.5136
222.5335 47.5152
222.5394 47.5168
222.5452 47.5184
222.5511 47.5200
222.5569 47.5216
222.5628 47.5232
222.5686 47.5248
222.5745 47.5264
222.5804 47.5280
222.5862 47.5296
222.5921 47.5312
222.5979 47.5328
222.6038 47.5343
222.6096 47.5359
222.6155 47.5375
222.6213 47.5391
222.6272 47.5407
222.6331 47.5423
222.6389 47.5439
222.6448 47.5455
222.6506 47.5471
222.6565 47.5486
222.6623 47.5502
222.6682 47.5518
222.6740 47.5534
222.6799 47.5550
222.6857 47.5566
222.6916 47.5581
222.6975 47.5597
222.7033 47.5613
222.7092 47.5629
222.7150 47.5645
222.7209 47.5660
222.7267 47.5676
222.7326 47.5692
222.7384 47.5708
222.7443 47.5723
222.7502 47.5739
222.7560 47.5755
222.7619 47.5770
222.7677 47.5786
222.7736 47.5802
222.7794 47.5817
222.7853 47.5833
222.7911 47.5849
222.7970 47.5864
222.8029 47.5880
222.8087 47.5896
222.8146 47.5911
222.8204 47.5927
222.8263 47.5943
222.8321 47.5958
222.8380 47.5974
222.8438 47.5990
222.8497 47.6005
222.8555 47.6021
222.8614 47.6036
222.8673 47.6052
222.8731 47.6067
222.8790 47.6083
222.8848 47.6098
222.8907 47.6114
222.8965 47.6130
222.9024 47.6145
222.9082 47.6161
222.9141 47.6176
222.9199 47.6192
222.9258 47.6207
222.9317 47.6223
222.9375 47.6238
222.9434 47.6253
222.9492 47.6269
222.9551 47.6284
222.9609 47.6300
222.9668 47.6315
222.9726 47.6331
222.9785 47.6346
222.9843 47.6361
222.9902 47.6377
222.9961 47.6392
223.0019 47.6408
223.0078 47.6423
223.0136 47.6438
223.0195 47.6454
223.0253 47.6469
223.0312 47.6484
223.0370 47.6500
223.0429 47.6515
223.0487 47.6530
223.0546 47.6546
223.0605 47.6561
223.0663 47.6576
223.0722 47.6592
223.0780 47.6607
223.0839 47.6622
223.0897 47.6637
223.0956 47.6653
223.1014 47.6668
223.1073 47.6683
223.1131 47.6698
223.1190 47.6714
223.1248 47.6729
223.1307 47.6744
223.1366 47.6759
223.1424 47.6774
223.1483 47.6790
223.1541 47.6805
223.1600 47.6820
223.1658 47.6835
223.1717 47.6850
223.1775 47.6865
223.1834 47.6881
223.1892 47.6896
223.1951 47.6911
223.2009 47.6926
223.2068 47.6941
223.2127 47.6956
223.2185 47.6971
223.2244 47.6986
223.2302 47.7001
223.2361 47.7016
223.2419 47.7031
223.2478 47.7046
223.2536 47.7062
223.2595 47.7077
223.2653 47.7092
223.2712 47.7107
223.2770 47.7122
223.2829 47.7137
223.2887 47.7152
223.2946 47.7167
223.3004 47.7182
223.3063 47.7197
223.3122 47.7211
223.3180 47.7226
223.3239 47.7241
223.3297 47.7256
223.3356 47.7271
223.3414 47.7286
223.3473 47.7301
223.3531 47.7316
223.3590 47.7331
223.3648 47.7346
223.3707 47.7361
223.3765 47.7376
223.3824 47.7390
223.3882 47.7405
223.3941 47.7420
223.3999 47.7435
223.4058 47.7450
223.4117 47.7465
223.4175 47.7479
223.4234 47.7494
223.4292 47.7509
223.4351 47.7524
223.4409 47.7539
223.4468 47.7553
223.4526 47.7568
223.4585 47.7583
223.4643 47.7598
223.4702 47.7612
223.4760 47.7627
223.4819 47.7642
223.4877 47.7657
223.4936 47.7671
223.4994 47.7686
223.5053 47.7701
223.5111 47.7715
223.5170 47.7730
223.5228 47.7745
223.5287 47.7759
223.5345 47.7774
223.5404 47.7789
223.5462 47.7803
223.5521 47.7818
223.5580 47.7833
223.5638 47.7847
223.5697 47.7862
223.5755 47.7877
223.5814 47.7891
223.5872 47.7906
223.5931 47.7920
223.5989 47.7935
223.6048 47.7949
223.6106 47.7964
223.6165 47.7979
223.6223 47.7993
223.6282 47.8008
223.6340 47.8022
223.6399 47.8037
223.6457 47.8051
223.6516 47.8066
223.6574 47.8080
223.6633 47.8095
223.6691 47.8109
223.6750 47.8124
223.6808 47.8138
223.6867 47.8152
223.6925 47.8167
223.6984 47.8181
223.7042 47.8196
223.7101 47.8210
223.7159 47.8225
223.7218 47.8239
223.7277 47.8253
223.7335 47.8268
223.7394 47.8282
223.7452 47.8297
223.7511 47.8311
223.7569 47.8325
223.7628 47.8340
223.7686 47.8354
223.7745 47.8368
223.7803 47.8383
223.7862 47.8397
223.7920 47.8411
223.7979 47.8426
223.8037 47.8440
223.8096 47.8454
223.8154 47.8469
223.8213 47.8483
223.8271 47.8497
223.8330 47.8511
223.8388 47.8526
223.8447 47.8540
223.8505 47.8554
223.8564 47.8568
223.8622 47.8582
223.8681 47.8597
223.8739 47.8611
223.8798 47.8625
223.8856 47.8639
223.8915 47.8653
223.8973 47.8668
223.9032 47.8682
223.9090 47.8696
223.9149 47.8710
223.9207 47.8724
223.9266 47.8738
223.9324 47.8753
223.9383 47.8767
223.9441 47.8781
223.9500 47.8795
223.9559 47.8809
223.9617 47.8823
223.9676 47.8837
223.9734 47.8851
223.9793 47.8865
223.9851 47.8879
223.9910 47.8893
223.9968 47.8907
224.0027 47.8921
224.0085 47.8935
224.0144 47.8949
224.0202 47.8963
224.0261 47.8977
224.0319 47.8991
224.0378 47.9005
224.0436 47.9019
224.0495 47.9033
224.0553 47.9047
224.0612 47.9061
224.0670 47.9075
224.0729 47.9089
224.0787 47.9103
224.0846 47.9117
224.0904 47.9131
224.0963 47.9145
224.1021 47.9159
224.1080 47.9173
224.1138 47.9187
224.1197 47.9200
224.1255 47.9214
224.1314 47.9228
224.1372 47.9242
224.1431 47.9256
224.1489 47.9270
224.1548 47.9284
224.1606 47.9297
224.1665 47.9311
224.1723 47.9325
224.1782 47.9339
224.1840 47.9353
224.1899 47.9366
224.1957 47.9380
224.2016 47.9394
224.2074 47.9408
224.2133 47.9421
224.2191 47.9435
224.2250 47.9449
224.2308 47.9463
224.2367 47.9476
224.2425 47.9490
224.2484 47.9504
224.2542 47.9517
224.2601 47.9531
224.2659 47.9545
224.2718 47.9558
224.2776 47.9572
224.2835 47.9586
224.2893 47.9599
224.2952 47.9613
224.3010 47.9627
224.3069 47.9640
224.3127 47.9654
224.3186 47.9668
224.3244 47.9681
224.3303 47.9695
224.3361 47.9708
224.3420 47.9722
224.3478 47.9736
224.3537 47.9749
224.3595 47.9763
224.3654 47.9776
224.3712 47.9790
224.3771 47.9803
224.3829 47.9817
224.3888 47.9830
224.3946 47.9844
224.4005 47.9857
224.4063 47.9871
224.4122 47.9884
224.4180 47.9898
224.4239 47.9911
224.4297 47.9925
224.4356 47.9938
224.4414 47.9952
224.4473 47.9965
224.4531 47.9979
224.4590 47.9992
224.4648 48.0005
224.4707 48.0019
224.4765 48.0032
224.4824 48.0046
224.4882 48.0059
224.4941 48.0072
224.4999 48.0086
224.5058 48.0099
224.5116 48.0112
224.5175 48.0126
224.5233 48.0139
224.5292 48.0152
224.5350 48.0166
224.5409 48.0179
224.5467 48.0192
224.5526 48.0206
224.5584 48.0219
224.5643 48.0232
224.5701 48.0246
224.5760 48.0259
224.5818 48.0272
224.5877 48.0285
224.5935 48.0299
224.5994 48.0312
224.6052 48.0325
224.6111 48.0338
224.6169 48.0352
224.6228 48.0365
224.6286 48.0378
224.6344 48.0391
224.6403 48.0404
224.6461 48.0418
224.6520 48.0431
224.6578 48.0444
224.6637 48.0457
224.6695 48.0470
224.6754 48.0483
224.6812 48.0496
224.6871 48.0510
224.6929 48.0523
224.6988 48.0536
224.7046 48.0549
224.7105 48.0562
224.7163 48.0575
224.7222 48.0588
224.7280 48.0601
224.7339 48.0614
224.7397 48.0627
224.7456 48.0640
224.7514 48.0653
224.7573 48.0666
224.7631 48.0680
224.7690 48.0693
224.7748 48.0706
224.7807 48.0719
224.7865 48.0732
224.7924 48.0745
224.7982 48.0758
224.8041 48.0770
224.8099 48.0783
224.8157 48.0796
224.8216 48.0809
224.8274 48.0822
224.8333 48.0835
224.8391 48.0848
224.8450 48.0861
224.8508 48.0874
224.8567 48.0887
224.8625 48.0900
224.8684 48.0913
224.8742 48.0926
224.8801 48.0938
224.8859 48.0951
224.8918 48.0964
224.8976 48.0977
224.9035 48.0990
224.9093 48.1003
224.9152 48.1015
224.9210 48.1028
224.9269 48.1041
224.9327 48.1054
224.9385 48.1067
224.9444 48.1079
224.9502 48.1092
224.9561 48.1105
224.9619 48.1118
224.9678 48.1131
224.9736 48.1143
224.9795 48.1156
224.9853 48.1169
224.9912 48.1182
224.9970 48.1194
225.0029 48.1207
225.0087 48.1220
225.0146 48.1232
225.0204 48.1245
225.0263 48.1258
225.0321 48.1270
225.0379 48.1283
225.0438 48.1296
225.0496 48.1308
225.0555 48.1321
225.0613 48.1334
225.0672 48.1346
225.0730 48.1359
225.0789 48.1372
225.0847 48.1384
225.0906 48.1397
225.0964 48.1409
225.1023 48.1422
225.1081 48.1434
225.1140 48.1447
225.1198 48.1460
225.1257 48.1472
225.1315 48.1485
225.1373 48.1497
225.1432 48.1510
225.1490 48.1522
225.1549 48.1535
225.1607 48.1547
225.1666 48.1560
225.1724 48.1572
225.1783 48.1585
225.1841 48.1597
225.1900 48.1610
225.1958 48.1622
225.2017 48.1635
225.2075 48.1647
225.2134 48.1660
225.2192 48.1672
225.2250 48.1684
225.2309 48.1697
225.2367 48.1709
225.2426 48.1722
225.2484 48.1734
225.2543 48.1746
225.2601 48.1759
225.2660 48.1771
225.2718 48.1783
225.2777 48.1796
225.2835 48.1808
225.2894 48.1821
225.2952 48.1833
225.3011 48.1845
225.3069 48.1857
225.3127 48.1870
225.3186 48.1882
225.3244 48.1894
225.3303 48.1907
225.3361 48.1919
225.3420 48.1931
225.3478 48.1944
225.3537 48.1956
225.3595 48.1968
225.3654 48.1980
225.3712 48.1992
225.3771 48.2005
225.3829 48.2017
225.3888 48.2029
225.3946 48.2041
225.4004 48.2054
225.4063 48.2066
225.4121 48.2078
225.4180 48.2090
225.4238 48.2102
225.4297 48.2114
225.4355 48.2127
225.4414 48.2139
225.4472 48.2151
225.4531 48.2163
225.4589 48.2175
225.4648 48.2187
225.4706 48.2199
225.4764 48.2211
225.4823 48.2224
225.4881 48.2236
225.4940 48.2248
225.4998 48.2260
225.5057 48.2272
225.5115 48.2284
225.5174 48.2296
225.5232 48.2308
225.5291 48.2320
225.5349 48.2332
225.5408 48.2344
225.5466 48.2356
225.5524 48.2368
225.5583 48.2380
225.5641 48.2392
225.5700 48.2404
225.5758 48.2416
225.5817 48.2428
225.5875 48.2440
225.5934 48.2452
225.5992 48.2464
225.6051 48.2476
225.6109 48.2488
225.6167 48.2500
225.6226 48.2511
225.6284 48.2523
225.6343 48.2535
225.6401 48.2547
225.6460 48.2559
225.6518 48.2571
225.6577 48.2583
225.6635 48.2595
225.6694 48.2607
225.6752 48.2618
225.6810 48.2630
225.6869 48.2642
225.6927 48.2654
225.6986 48.2666
225.7044 48.2677
225.7103 48.2689
225.7161 48.2701
225.7220 48.2713
225.7278 48.2725
225.7337 48.2736
225.7395 48.2748
225.7453 48.2760
225.7512 48.2772
225.7570 48.2783
225.7629 48.2795
225.7687 48.2807
225.7746 48.2819
225.7804 48.2830
225.7863 48.2842
225.7921 48.2854
225.7980 48.2865
225.8038 48.2877
225.8096 48.2889
225.8155 48.2900
225.8213 48.2912
225.8272 48.2924
225.8330 48.2935
225.8389 48.2947
225.8447 48.2959
225.8506 48.2970
225.8564 48.2982
225.8623 48.2993
225.8681 48.3005
225.8739 48.3017
225.8798 48.3028
225.8856 48.3040
225.8915 48.3051
225.8973 48.3063
225.9032 48.3074
225.9090 48.3086
225.9149 48.3098
225.9207 48.3109
225.9265 48.3121
225.9324 48.3132
225.9382 48.3144
225.9441 48.3155
225.9499 48.3167
225.9558 48.3178
225.9616 48.3190
225.9675 48.3201
225.9733 48.3213
225.9791 48.3224
225.9850 48.3235
225.9908 48.3247
225.9967 48.3258
226.0025 48.3270
226.0084 48.3281
226.0142 48.3293
226.0201 48.3304
226.0259 48.3315
226.0317 48.3327
226.0376 48.3338
226.0434 48.3350
226.0493 48.3361
226.0551 48.3372
226.0610 48.3384
226.0668 48.3395
226.0727 48.3406
226.0785 48.3418
226.0843 48.3429
226.0902 48.3440
226.0960 48.3452
226.1019 48.3463
226.1077 48.3474
226.1136 48.3486
226.1194 48.3497
226.1252 48.3508
226.1311 48.3519
226.1369 48.3531
226.1428 48.3542
226.1486 48.3553
226.1545 48.3564
226.1603 48.3576
226.1662 48.3587
226.1720 48.3598
226.1778 48.3609
226.1837 48.3620
226.1895 48.3632
226.1954 48.3643
226.2012 48.3654
226.2071 48.3665
226.2129 48.3676
226.2187 48.3687
226.2246 48.3699
226.2304 48.3710
226.2363 48.3721
226.2421 48.3732
226.2480 48.3743
226.2538 48.3754
226.2597 48.3765
226.2655 48.3776
226.2713 48.3788
226.2772 48.3799
226.2830 48.3810
226.2889 48.3821
226.2947 48.3832
226.3006 48.3843
226.3064 48.3854
226.3122 48.3865
226.3181 48.3876
226.3239 48.3887
226.3298 48.3898
226.3356 48.3909
226.3415 48.3920
226.3473 48.3931
226.3531 48.3942
226.3590 48.3953
226.3648 48.3964
226.3707 48.3975
226.3765 48.3986
226.3824 48.3997
226.3882 48.4008
226.3940 48.4019
226.3999 48.4030
226.4057 48.4041
226.4116 48.4051
226.4174 48.4062
226.4233 48.4073
226.4291 48.4084
226.4349 48.4095
226.4408 48.4106
226.4466 48.4117
226.4525 48.4128
226.4583 48.4138
226.4641 48.4149
226.4700 48.4160
226.4758 48.4171
226.4817 48.4182
226.4875 48.4193
226.4934 48.4203
226.4992 48.4214
226.5050 48.4225
226.5109 48.4236
226.5167 48.4247
226.5226 48.4257
226.5284 48.4268
226.5343 48.4279
226.5401 48.4290
226.5459 48.4300
226.5518 48.4311
226.5576 48.4322
226.5635 48.4333
226.5693 48.4343
226.5752 48.4354
226.5810 48.4365
226.5868 48.4375
226.5927 48.4386
226.5985 48.4397
226.6044 48.4408
226.6102 48.4418
226.6160 48.4429
226.6219 48.4439
226.6277 48.4450
226.6336 48.4461
226.6394 48.4471
226.6453 48.4482
226.6511 48.4493
226.6569 48.4503
226.6628 48.4514
226.6686 48.4524
226.6745 48.4535
226.6803 48.4546
226.6862 48.4556
226.6920 48.4567
226.6978 48.4577
226.7037 48.4588
226.7095 48.4598
226.7154 48.4609
226.7212 48.4619
226.7270 48.4630
226.7329 48.4641
226.7387 48.4651
226.7446 48.4662
226.7504 48.4672
226.7563 48.4682
226.7621 48.4693
226.7679 48.4703
226.7738 48.4714
226.7796 48.4724
226.7855 48.4735
226.7913 48.4745
226.7972 48.4756
226.8030 48.4766
226.8088 48.4777
226.8147 48.4787
226.8205 48.4797
226.8264 48.4808
226.8322 48.4818
226.8380 48.4829
226.8439 48.4839
226.8497 48.4849
226.8556 48.4860
226.8614 48.4870
226.8673 48.4880
226.8731 48.4891
226.8789 48.4901
226.8848 48.4911
226.8906 48.4922
226.8965 48.4932
226.9023 48.4942
226.9081 48.4953
226.9140 48.4963
226.9198 48.4973
226.9257 48.4983
226.9315 48.4994
226.9374 48.5004
226.9432 48.5014
226.9490 48.5025
226.9549 48.5035
226.9607 48.5045
226.9666 48.5055
226.9724 48.5065
226.9782 48.5076
226.9841 48.5086
226.9899 48.5096
226.9958 48.5106
227.0016 48.5116
227.0074 48.5127
227.0133 48.5137
227.0191 48.5147
227.0250 48.5157
227.0308 48.5167
227.0367 48.5177
227.0425 48.5188
227.0483 48.5198
227.0542 48.5208
227.0600 48.5218
227.0659 48.5228
227.0717 48.5238
227.0775 48.5248
227.0834 48.5258
227.0892 48.5268
227.0951 48.5278
227.1009 48.5289
227.1067 48.5299
227.1126 48.5309
227.1184 48.5319
227.1243 48.5329
227.1301 48.5339
227.1360 48.5349
227.1418 48.5359
227.1476 48.5369
227.1535 48.5379
227.1593 48.5389
227.1652 48.5399
227.1710 48.5409
227.1768 48.5419
227.1827 48.5429
227.1885 48.5439
227.1944 48.5449
227.2002 48.5459
227.2060 48.5468
227.2119 48.5478
227.2177 48.5488
227.2236 48.5498
227.2294 48.5508
227.2352 48.5518
227.2411 48.5528
227.2469 48.5538
227.2528 48.5548
227.2586 48.5558
227.2645 48.5567
227.2703 48.5577
227.2761 48.5587
227.2820 48.5597
227.2878 48.5607
227.2937 48.5617
227.2995 48.5626
227.3053 48.5636
227.3112 48.5646
227.3170 48.5656
227.3229 48.5666
227.3287 48.5676
227.3345 48.5685
227.3404 48.5695
227.3462 48.5705
227.3521 48.5715
227.3579 48.5724
227.3637 48.5734
227.3696 48.5744
227.3754 48.5754
227.3813 48.5763
227.3871 48.5773
227.3929 48.5783
227.3988 48.5792
227.4046 48.5802
227.4105 48.5812
227.4163 48.5821
227.4221 48.5831
227.4280 48.5841
227.4338 48.5851
227.4397 48.5860
227.4455 48.5870
227.4513 48.5879
227.4572 48.5889
227.4630 48.5899
227.4689 48.5908
227.4747 48.5918
227.4805 48.5928
227.4864 48.5937
227.4922 48.5947
227.4981 48.5956
227.5039 48.5966
227.5097 48.5975
227.5156 48.5985
227.5214 48.5995
227.5273 48.6004
227.5331 48.6014
227.5389 48.6023
227.5448 48.6033
227.5506 48.6042
227.5565 48.6052
227.5623 48.6061
227.5681 48.6071
227.5740 48.6080
227.5798 48.6090
227.5856 48.6099
227.5915 48.6109
227.5973 48.6118
227.6032 48.6128
227.6090 48.6137
227.6148 48.6147
227.6207 48.6156
227.6265 48.6165
227.6324 48.6175
227.6382 48.6184
227.6440 48.6194
227.6499 48.6203
227.6557 48.6212
227.6616 48.6222
227.6674 48.6231
227.6732 48.6241
227.6791 48.6250
227.6849 48.6259
227.6908 48.6269
227.6966 48.6278
227.7024 48.6287
227.7083 48.6297
227.7141 48.6306
227.7199 48.6315
227.7258 48.6325
227.7316 48.6334
227.7375 48.6343
227.7433 48.6353
227.7491 48.6362
227.7550 48.6371
227.7608 48.6380
227.7667 48.6390
227.7725 48.6399
227.7783 48.6408
227.7842 48.6417
227.7900 48.6427
227.7958 48.6436
227.8017 48.6445
227.8075 48.6454
227.8134 48.6464
227.8192 48.6473
227.8250 48.6482
227.8309 48.6491
227.8367 48.6500
227.8426 48.6510
227.8484 48.6519
227.8542 48.6528
227.8601 48.6537
227.8659 48.6546
227.8717 48.6555
227.8776 48.6564
227.8834 48.6574
227.8893 48.6583
227.8951 48.6592
227.9009 48.6601
227.9068 48.6610
227.9126 48.6619
227.9184 48.6628
227.9243 48.6637
227.9301 48.6646
227.9360 48.6655
227.9418 48.6664
227.9476 48.6673
227.9535 48.6683
227.9593 48.6692
227.9652 48.6701
227.9710 48.6710
227.9768 48.6719
227.9827 48.6728
227.9885 48.6737
227.9943 48.6746
228.0002 48.6755
228.0060 48.6764
228.0119 48.6773
228.0177 48.6782
228.0235 48.6791
228.0294 48.6799
228.0352 48.6808
228.0410 48.6817
228.0469 48.6826
228.0527 48.6835
228.0586 48.6844
228.0644 48.6853
228.0702 48.6862
228.0761 48.6871
228.0819 48.6880
228.0877 48.6889
228.0936 48.6898
228.0994 48.6906
228.1053 48.6915
228.1111 48.6924
228.1169 48.6933
228.1228 48.6942
228.1286 48.6951
228.1344 48.6959
228.1403 48.6968
228.1461 48.6977
228.1520 48.6986
228.1578 48.6995
228.1636 48.7004
228.1695 48.7012
228.1753 48.7021
228.1811 48.7030
228.1870 48.7039
228.1928 48.7047
228.1987 48.7056
228.2045 48.7065
228.2103 48.7074
228.2162 48.7082
228.2220 48.7091
228.2278 48.7100
228.2337 48.7109
228.2395 48.7117
228.2454 48.7126
228.2512 48.7135
228.2570 48.7143
228.2629 48.7152
228.2687 48.7161
228.2745 48.7169
228.2804 48.7178
228.2862 48.7187
228.2921 48.7195
228.2979 48.7204
228.3037 48.7213
228.3096 48.7221
228.3154 48.7230
228.3212 48.7239
228.3271 48.7247
228.3329 48.7256
228.3388 48.7264
228.3446 48.7273
228.3504 48.7282
228.3563 48.7290
228.3621 48.7299
228.3679 48.7307
228.3738 48.7316
228.3796 48.7324
228.3855 48.7333
228.3913 48.7341
228.3971 48.7350
228.4030 48.7358
228.4088 48.7367
228.4146 48.7376
228.4205 48.7384
228.4263 48.7393
228.4321 48.7401
228.4380 48.7409
228.4438 48.7418
228.4497 48.7426
228.4555 48.7435
228.4613 48.7443
228.4672 48.7452
228.4730 48.7460
228.4788 48.7469
228.4847 48.7477
228.4905 48.7486
228.4964 48.7494
228.5022 48.7502
228.5080 48.7511
228.5139 48.7519
228.5197 48.7528
228.5255 48.7536
228.5314 48.7544
228.5372 48.7553
228.5430 48.7561
228.5489 48.7569
228.5547 48.7578
228.5606 48.7586
228.5664 48.7594
228.5722 48.7603
228.5781 48.7611
228.5839 48.7619
228.5897 48.7628
228.5956 48.7636
228.6014 48.7644
228.6073 48.7653
228.6131 48.7661
228.6189 48.7669
228.6248 48.7677
228.6306 48.7686
228.6364 48.7694
228.6423 48.7702
228.6481 48.7710
228.6539 48.7719
228.6598 48.7727
228.6656 48.7735
228.6715 48.7743
228.6773 48.7752
228.6831 48.7760
228.6890 48.7768
228.6948 48.7776
228.7006 48.7784
228.7065 48.7792
228.7123 48.7801
228.7181 48.7809
228.7240 48.7817
228.7298 48.7825
228.7357 48.7833
228.7415 48.7841
228.7473 48.7849
228.7532 48.7858
228.7590 48.7866
228.7648 48.7874
228.7707 48.7882
228.7765 48.7890
228.7823 48.7898
228.7882 48.7906
228.7940 48.7914
228.7998 48.7922
228.8057 48.7930
228.8115 48.7938
228.8174 48.7947
228.8232 48.7955
228.8290 48.7963
228.8349 48.7971
228.8407 48.7979
228.8465 48.7987
228.8524 48.7995
228.8582 48.8003
228.8640 48.8011
228.8699 48.8019
228.8757 48.8027
228.8815 48.8035
228.8874 48.8043
228.8932 48.8051
228.8991 48.8059
228.9049 48.8067
228.9107 48.8074
228.9166 48.8082
228.9224 48.8090
228.9282 48.8098
228.9341 48.8106
228.9399 48.8114
228.9457 48.8122
228.9516 48.8130
228.9574 48.8138
228.9632 48.8146
228.9691 48.8154
228.9749 48.8161
228.9807 48.8169
228.9866 48.8177
228.9924 48.8185
228.9983 48.8193
229.0041 48.8201
229.0099 48.8209
229.0158 48.8216
229.0216 48.8224
229.0274 48.8232
229.0333 48.8240
229.0391 48.8248
229.0449 48.8255
229.0508 48.8263
229.0566 48.8271
229.0624 48.8279
229.0683 48.8287
229.0741 48.8294
229.0799 48.8302
229.0858 48.8310
229.0916 48.8318
229.0974 48.8325
229.1033 48.8333
229.1091 48.8341
229.1150 48.8348
229.1208 48.8356
229.1266 48.8364
229.1325 48.8372
229.1383 48.8379
229.1441 48.8387
229.1500 48.8395
229.1558 48.8402
229.1616 48.8410
229.1675 48.8418
229.1733 48.8425
229.1791 48.8433
229.1850 48.8441
229.1908 48.8448
229.1966 48.8456
229.2025 48.8463
229.2083 48.8471
229.2141 48.8479
229.2200 48.8486
229.2258 48.8494
229.2316 48.8501
229.2375 48.8509
229.2433 48.8517
229.2491 48.8524
229.2550 48.8532
229.2608 48.8539
229.2666 48.8547
229.2725 48.8554
229.2783 48.8562
229.2841 48.8569
229.2900 48.8577
229.2958 48.8584
229.3017 48.8592
229.3075 48.8600
229.3133 48.8607
229.3192 48.8614
229.3250 48.8622
229.3308 48.8629
229.3367 48.8637
229.3425 48.8644
229.3483 48.8652
229.3542 48.8659
229.3600 48.8667
229.3658 48.8674
229.3717 48.8682
229.3775 48.8689
229.3833 48.8696
229.3892 48.8704
229.3950 48.8711
229.4008 48.8719
229.4067 48.8726
229.4125 48.8733
229.4183 48.8741
229.4242 48.8748
229.4300 48.8756
229.4358 48.8763
229.4417 48.8770
229.4475 48.8778
229.4533 48.8785
229.4592 48.8792
229.4650 48.8800
229.4708 48.8807
229.4767 48.8814
229.4825 48.8822
229.4883 48.8829
229.4942 48.8836
229.5000 48.8844
229.5058 48.8851
229.5117 48.8858
229.5175 48.8865
229.5233 48.8873
229.5292 48.8880
229.5350 48.8887
229.5408 48.8894
229.5467 48.8902
229.5525 48.8909
229.5583 48.8916
229.5642 48.8923
229.5700 48.8931
229.5758 48.8938
229.5817 48.8945
229.5875 48.8952
229.5933 48.8959
229.5992 48.8967
229.6050 48.8974
229.6108 48.8981
229.6167 48.8988
229.6225 48.8995
229.6283 48.9002
229.6342 48.9010
229.6400 48.9017
229.6458 48.9024
229.6517 48.9031
229.6575 48.9038
229.6633 48.9045
229.6692 48.9052
229.6750 48.9059
229.6808 48.9067
229.6867 48.9074
229.6925 48.9081
229.6983 48.9088
229.7042 48.9095
229.7100 48.9102
229.7158 48.9109
229.7217 48.9116
229.7275 48.9123
229.7333 48.9130
229.7392 48.9137
229.7450 48.9144
229.7508 48.9151
229.7567 48.9158
229.7625 48.9165
229.7683 48.9172
229.7742 48.9179
229.7800 48.9186
229.7858 48.9193
229.7917 48.9200
229.7975 48.9207
229.8033 48.9214
229.8092 48.9221
229.8150 48.9228
229.8208 48.9235
229.8267 48.9242
229.8325 48.9249
229.8383 48.9256
229.8442 48.9263
229.8500 48.9270
229.8558 48.9277
229.8617 48.9284
229.8675 48.9290
229.8733 48.9297
229.8792 48.9304
229.8850 48.9311
229.8908 48.9318
229.8967 48.9325
229.9025 48.9332
229.9083 48.9339
229.9142 48.9345
229.9200 48.9352
229.9258 48.9359
229.9316 48.9366
229.9375 48.9373
229.9433 48.9380
229.9491 48.9386
229.9550 48.9393
229.9608 48.9400
229.9666 48.9407
229.9725 48.9414
229.9783 48.9420
229.9841 48.9427
229.9900 48.9434
229.9958 48.9441
230.0016 48.9447
230.0075 48.9454
230.0133 48.9461
230.0191 48.9468
230.0250 48.9474
230.0308 48.9481
230.0366 48.9488
230.0425 48.9495
230.0483 48.9501
230.0541 48.9508
230.0600 48.9515
230.0658 48.9521
230.0716 48.9528
230.0775 48.9535
230.0833 48.9541
230.0891 48.9548
230.0950 48.9555
230.1008 48.9561
230.1066 48.9568
230.1125 48.9575
230.1183 48.9581
230.1241 48.9588
230.1300 48.9595
230.1358 48.9601
230.1416 48.9608
230.1474 48.9614
230.1533 48.9621
230.1591 48.9628
230.1649 48.9634
230.1708 48.9641
230.1766 48.9647
230.1824 48.9654
230.1883 48.9660
230.1941 48.9667
230.1999 48.9674
230.2058 48.9680
230.2116 48.9687
230.2174 48.9693
230.2233 48.9700
230.2291 48.9706
230.2349 48.9713
230.2408 48.9719
230.2466 48.9726
230.2524 48.9732
230.2583 48.9739
230.2641 48.9745
230.2699 48.9752
230.2758 48.9758
230.2816 48.9765
230.2874 48.9771
230.2932 48.9778
230.2991 48.9784
230.3049 48.9790
230.3107 48.9797
230.3166 48.9803
230.3224 48.9810
230.3282 48.9816
230.3341 48.9823
230.3399 48.9829
230.3457 48.9835
230.3516 48.9842
230.3574 48.9848
230.3632 48.9855
230.3691 48.9861
230.3749 48.9867
230.3807 48.9874
230.3866 48.9880
230.3924 48.9886
230.3982 48.9893
230.4040 48.9899
230.4099 48.9905
230.4157 48.9912
230.4215 48.9918
230.4274 48.9924
230.4332 48.9931
230.4390 48.9937
230.4449 48.9943
230.4507 48.9950
230.4565 48.9956
230.4624 48.9962
230.4682 48.9968
230.4740 48.9975
230.4799 48.9981
230.4857 48.9987
230.4915 48.9993
230.4973 49.0000
230.5032 49.0006
230.5090 49.0012
230.5148 49.0018
230.5207 49.0025
230.5265 49.0031
230.5323 49.0037
230.5382 49.0043
230.5440 49.0049
230.5498 49.0056
230.5557 49.0062
230.5615 49.0068
230.5673 49.0074
230.5731 49.0080
230.5790 49.0086
230.5848 49.0093
230.5906 49.0099
230.5965 49.0105
230.6023 49.0111
230.6081 49.0117
230.6140 49.0123
230.6198 49.0129
230.6256 49.0135
230.6315 49.0142
230.6373 49.0148
230.6431 49.0154
230.6489 49.0160
230.6548 49.0166
230.6606 49.0172
230.6664 49.0178
230.6723 49.0184
230.6781 49.0190
230.6839 49.0196
230.6898 49.0202
230.6956 49.0208
230.7014 49.0214
230.7072 49.0220
230.7131 49.0226
230.7189 49.0232
230.7247 49.0239
230.7306 49.0245
230.7364 49.0251
230.7422 49.0257
230.7481 49.0262
230.7539 49.0268
230.7597 49.0274
230.7655 49.0280
230.7714 49.0286
230.7772 49.0292
230.7830 49.0298
230.7889 49.0304
230.7947 49.0310
230.8005 49.0316
230.8064 49.0322
230.8122 49.0328
230.8180 49.0334
230.8238 49.0340
230.8297 49.0346
230.8355 49.0352
230.8413 49.0358
230.8472 49.0363
230.8530 49.0369
230.8588 49.0375
230.8647 49.0381
230.8705 49.0387
230.8763 49.0393
230.8821 49.0399
230.8880 49.0404
230.8938 49.0410
230.8996 49.0416
230.9055 49.0422
230.9113 49.0428
230.9171 49.0434
230.9229 49.0439
230.9288 49.0445
230.9346 49.0451
230.9404 49.0457
230.9463 49.0463
230.9521 49.0468
230.9579 49.0474
230.9638 49.0480
230.9696 49.0486
230.9754 49.0492
230.9812 49.0497
230.9871 49.0503
230.9929 49.0509
230.9987 49.0514
231.0046 49.0520
231.0104 49.0526
231.0162 49.0532
231.0221 49.0537
231.0279 49.0543
231.0337 49.0549
231.0395 49.0555
231.0454 49.0560
231.0512 49.0566
231.0570 49.0572
231.0629 49.0577
231.0687 49.0583
231.0745 49.0589
231.0803 49.0594
231.0862 49.0600
231.0920 49.0606
231.0978 49.0611
231.1037 49.0617
231.1095 49.0622
231.1153 49.0628
231.1212 49.0634
231.1270 49.0639
231.1328 49.0645
231.1386 49.0651
231.1445 49.0656
231.1503 49.0662
231.1561 49.0667
231.1620 49.0673
231.1678 49.0678
231.1736 49.0684
231.1794 49.0690
231.1853 49.0695
231.1911 49.0701
231.1969 49.0706
231.2028 49.0712
231.2086 49.0717
231.2144 49.0723
231.2203 49.0728
231.2261 49.0734
231.2319 49.0739
231.2377 49.0745
231.2436 49.0750
231.2494 49.0756
231.2552 49.0761
231.2611 49.0767
231.2669 49.0772
231.2727 49.0778
231.2785 49.0783
231.2844 49.0789
231.2902 49.0794
231.2960 49.0800
231.3019 49.0805
231.3077 49.0810
231.3135 49.0816
231.3193 49.0821
231.3252 49.0827
231.3310 49.0832
231.3368 49.0838
231.3427 49.0843
231.3485 49.0848
231.3543 49.0854
231.3601 49.0859
231.3660 49.0865
231.3718 49.0870
231.3776 49.0875
231.3835 49.0881
231.3893 49.0886
231.3951 49.0891
231.4010 49.0897
231.4068 49.0902
231.4126 49.0907
231.4184 49.0913
231.4243 49.0918
231.4301 49.0923
231.4359 49.0929
231.4418 49.0934
231.4476 49.0939
231.4534 49.0945
231.4592 49.0950
231.4651 49.0955
231.4709 49.0960
231.4767 49.0966
231.4826 49.0971
231.4884 49.0976
231.4942 49.0982
231.5000 49.0987
231.5059 49.0992
231.5117 49.0997
231.5175 49.1003
231.5234 49.1008
231.5292 49.1013
231.5350 49.1018
231.5408 49.1023
231.5467 49.1029
231.5525 49.1034
231.5583 49.1039
231.5642 49.1044
231.5700 49.1049
231.5758 49.1055
231.5816 49.1060
231.5875 49.1065
231.5933 49.1070
231.5991 49.1075
231.6050 49.1080
231.6108 49.1086
231.6166 49.1091
231.6224 49.1096
231.6283 49.1101
231.6341 49.1106
231.6399 49.1111
231.6458 49.1116
231.6516 49.1121
231.6574 49.1127
231.6632 49.1132
231.6691 49.1137
231.6749 49.1142
231.6807 49.1147
231.6865 49.1152
231.6924 49.1157
231.6982 49.1162
231.7040 49.1167
231.7099 49.1172
231.7157 49.1177
231.7215 49.1182
231.7273 49.1187
231.7332 49.1192
231.7390 49.1197
231.7448 49.1202
231.7507 49.1207
231.7565 49.1212
231.7623 49.1217
231.7681 49.1222
231.7740 49.1227
231.7798 49.1232
231.7856 49.1237
231.7915 49.1242
231.7973 49.1247
231.8031 49.1252
231.8089 49.1257
231.8148 49.1262
231.8206 49.1267
231.8264 49.1272
231.8322 49.1277
231.8381 49.1282
231.8439 49.1287
231.8497 49.1292
231.8556 49.1297
231.8614 49.1302
231.8672 49.1307
231.8730 49.1312
231.8789 49.1316
231.8847 49.1321
231.8905 49.1326
231.8964 49.1331
231.9022 49.1336
231.9080 49.1341
231.9138 49.1346
231.9197 49.1351
231.9255 49.1355
231.9313 49.1360
231.9371 49.1365
231.9430 49.1370
231.9488 49.1375
231.9546 49.1380
231.9605 49.1384
231.9663 49.1389
231.9721 49.1394
231.9779 49.1399
231.9838 49.1404
231.9896 49.1408
231.9954 49.1413
232.0012 49.1418
232.0071 49.1423
232.0129 49.1428
232.0187 49.1432
232.0246 49.1437
232.0304 49.1442
232.0362 49.1447
232.0420 49.1451
232.0479 49.1456
232.0537 49.1461
232.0595 49.1466
232.0653 49.1470
232.0712 49.1475
232.0770 49.1480
232.0828 49.1485
232.0887 49.1489
232.0945 49.1494
232.1003 49.1499
232.1061 49.1503
232.1120 49.1508
232.1178 49.1513
232.1236 49.1517
232.1294 49.1522
232.1353 49.1527
232.1411 49.1531
232.1469 49.1536
232.1527 49.1541
232.1586 49.1545
232.1644 49.1550
232.1702 49.1555
232.1761 49.1559
232.1819 49.1564
232.1877 49.1568
232.1935 49.1573
232.1994 49.1578
232.2052 49.1582
232.2110 49.1587
232.2168 49.1591
232.2227 49.1596
232.2285 49.1601
232.2343 49.1605
232.2401 49.1610
232.2460 49.1614
232.2518 49.1619
232.2576 49.1623
232.2635 49.1628
232.2693 49.1632
232.2751 49.1637
232.2809 49.1642
232.2868 49.1646
232.2926 49.1651
232.2984 49.1655
232.3042 49.1660
232.3101 49.1664
232.3159 49.1669
232.3217 49.1673
232.3275 49.1678
232.3334 49.1682
232.3392 49.1687
232.3450 49.1691
232.3508 49.1696
232.3567 49.1700
232.3625 49.1704
232.3683 49.1709
232.3741 49.1713
232.3800 49.1718
232.3858 49.1722
232.3916 49.1727
232.3975 49.1731
232.4033 49.1736
232.4091 49.1740
232.4149 49.1744
232.4208 49.1749
232.4266 49.1753
232.4324 49.1758
232.4382 49.1762
232.4441 49.1766
232.4499 49.1771
232.4557 49.1775
232.4615 49.1779
232.4674 49.1784
232.4732 49.1788
232.4790 49.1793
232.4848 49.1797
232.4907 49.1801
232.4965 49.1806
232.5023 49.1810
232.5081 49.1814
232.5140 49.1819
232.5198 49.1823
232.5256 49.1827
232.5315 49.1832
232.5373 49.1836
232.5431 49.1840
232.5489 49.1844
232.5548 49.1849
232.5606 49.1853
232.5664 49.1857
232.5722 49.1862
232.5781 49.1866
232.5839 49.1870
232.5897 49.1874
232.5955 49.1879
232.6014 49.1883
232.6072 49.1887
232.6130 49.1891
232.6188 49.1896
232.6247 49.1900
232.6305 49.1904
232.6363 49.1908
232.6421 49.1912
232.6480 49.1917
232.6538 49.1921
232.6596 49.1925
232.6654 49.1929
232.6713 49.1933
232.6771 49.1938
232.6829 49.1942
232.6887 49.1946
232.6946 49.1950
232.7004 49.1954
232.7062 49.1958
232.7121 49.1963
232.7179 49.1967
232.7237 49.1971
232.7295 49.1975
232.7354 49.1979
232.7412 49.1983
232.7470 49.1987
232.7528 49.1992
232.7587 49.1996
232.7645 49.2000
232.7703 49.2004
232.7761 49.2008
232.7820 49.2012
232.7878 49.2016
232.7936 49.2020
232.7994 49.2024
232.8053 49.2028
232.8111 49.2032
232.8169 49.2037
232.8227 49.2041
232.8286 49.2045
232.8344 49.2049
232.8402 49.2053
232.8460 49.2057
232.8519 49.2061
232.8577 49.2065
232.8635 49.2069
232.8693 49.2073
232.8752 49.2077
232.8810 49.2081
232.8868 49.2085
232.8926 49.2089
232.8985 49.2093
232.9043 49.2097
232.9101 49.2101
232.9159 49.2105
232.9218 49.2109
232.9276 49.2113
232.9334 49.2117
232.9392 49.2121
232.9451 49.2125
232.9509 49.2129
232.9567 49.2133
232.9625 49.2137
232.9684 49.2140
232.9742 49.2144
232.9800 49.2148
232.9858 49.2152
232.9917 49.2156
232.9975 49.2160
233.0033 49.2164
233.0091 49.2168
233.0150 49.2172
233.0208 49.2176
233.0266 49.2180
233.0325 49.2183
233.0383 49.2187
233.0441 49.2191
233.0499 49.2195
233.0558 49.2199
233.0616 49.2203
233.0674 49.2207
233.0732 49.2211
233.0791 49.2214
233.0849 49.2218
233.0907 49.2222
233.0965 49.2226
233.1024 49.2230
233.1082 49.2233
233.1140 49.2237
233.1198 49.2241
233.1257 49.2245
233.1315 49.2249
233.1373 49.2253
233.1431 49.2256
233.1490 49.2260
233.1548 49.2264
233.1606 49.2268
233.1664 49.2271
233.1723 49.2275
233.1781 49.2279
233.1839 49.2283
233.1897 49.2286
233.1955 49.2290
233.2014 49.2294
233.2072 49.2298
233.2130 49.2301
233.2188 49.2305
233.2247 49.2309
233.2305 49.2313
233.2363 49.2316
233.2421 49.2320
233.2480 49.2324
233.2538 49.2327
233.2596 49.2331
233.2654 49.2335
233.2713 49.2338
233.2771 49.2342
233.2829 49.2346
233.2887 49.2350
233.2946 49.2353
233.3004 49.2357
233.3062 49.2361
233.3120 49.2364
233.3179 49.2368
233.3237 49.2371
233.3295 49.2375
233.3353 49.2379
233.3412 49.2382
233.3470 49.2386
233.3528 49.2390
233.3586 49.2393
233.3645 49.2397
233.3703 49.2400
233.3761 49.2404
233.3819 49.2408
233.3878 49.2411
233.3936 49.2415
233.3994 49.2418
233.4052 49.2422
233.4111 49.2426
233.4169 49.2429
233.4227 49.2433
233.4285 49.2436
233.4344 49.2440
233.4402 49.2443
233.4460 49.2447
233.4518 49.2450
233.4577 49.2454
233.4635 49.2457
233.4693 49.2461
233.4751 49.2465
233.4809 49.2468
233.4868 49.2472
233.4926 49.2475
233.4984 49.2479
233.5042 49.2482
233.5101 49.2486
233.5159 49.2489
233.5217 49.2493
233.5275 49.2496
233.5334 49.2499
233.5392 49.2503
233.5450 49.2506
233.5508 49.2510
233.5567 49.2513
233.5625 49.2517
233.5683 49.2520
233.5741 49.2524
233.5800 49.2527
233.5858 49.2531
233.5916 49.2534
233.5974 49.2537
233.6033 49.2541
233.6091 49.2544
233.6149 49.2548
233.6207 49.2551
233.6265 49.2554
233.6324 49.2558
233.6382 49.2561
233.6440 49.2565
233.6498 49.2568
233.6557 49.2571
233.6615 49.2575
233.6673 49.2578
233.6731 49.2581
233.6790 49.2585
233.6848 49.2588
233.6906 49.2592
233.6964 49.2595
233.7023 49.2598
233.7081 49.2602
233.7139 49.2605
233.7197 49.2608
233.7255 49.2612
233.7314 49.2615
233.7372 49.2618
233.7430 49.2621
233.7488 49.2625
233.7547 49.2628
233.7605 49.2631
233.7663 49.2635
233.7721 49.2638
233.7780 49.2641
233.7838 49.2645
233.7896 49.2648
233.7954 49.2651
233.8012 49.2654
233.8071 49.2658
233.8129 49.2661
233.8187 49.2664
233.8245 49.2667
233.8304 49.2671
233.8362 49.2674
233.8420 49.2677
233.8478 49.2680
233.8537 49.2684
233.8595 49.2687
233.8653 49.2690
233.8711 49.2693
233.8769 49.2696
233.8828 49.2700
233.8886 49.2703
233.8944 49.2706
233.9002 49.2709
233.9061 49.2712
233.9119 49.2716
233.9177 49.2719
233.9235 49.2722
233.9294 49.2725
233.9352 49.2728
233.9410 49.2731
233.9468 49.2734
233.9526 49.2738
233.9585 49.2741
233.9643 49.2744
233.9701 49.2747
233.9759 49.2750
233.9818 49.2753
233.9876 49.2756
233.9934 49.2760
233.9992 49.2763
234.0051 49.2766
234.0109 49.2769
234.0167 49.2772
234.0225 49.2775
234.0283 49.2778
234.0342 49.2781
234.0400 49.2784
234.0458 49.2787
234.0516 49.2790
234.0575 49.2794
234.0633 49.2797
234.0691 49.2800
234.0749 49.2803
234.0808 49.2806
234.0866 49.2809
234.0924 49.2812
234.0982 49.2815
234.1040 49.2818
234.1099 49.2821
234.1157 49.2824
234.1215 49.2827
234.1273 49.2830
234.1332 49.2833
234.1390 49.2836
234.1448 49.2839
234.1506 49.2842
234.1564 49.2845
234.1623 49.2848
234.1681 49.2851
234.1739 49.2854
234.1797 49.2857
234.1856 49.2860
234.1914 49.2863
234.1972 49.2866
234.2030 49.2869
234.2089 49.2872
234.2147 49.2875
234.2205 49.2878
234.2263 49.2881
234.2321 49.2884
234.2380 49.2887
234.2438 49.2889
234.2496 49.2892
234.2554 49.2895
234.2613 49.2898
234.2671 49.2901
234.2729 49.2904
234.2787 49.2907
234.2845 49.2910
234.2904 49.2913
234.2962 49.2916
234.3020 49.2919
234.3078 49.2921
234.3137 49.2924
234.3195 49.2927
234.3253 49.2930
234.3311 49.2933
234.3370 49.2936
234.3428 49.2939
234.3486 49.2941
234.3544 49.2944
234.3602 49.2947
234.3661 49.2950
234.3719 49.2953
234.3777 49.2956
234.3835 49.2959
234.3894 49.2961
234.3952 49.2964
234.4010 49.2967
234.4068 49.2970
234.4126 49.2973
234.4185 49.2975
234.4243 49.2978
234.4301 49.2981
234.4359 49.2984
234.4418 49.2987
234.4476 49.2989
234.4534 49.2992
234.4592 49.2995
234.4650 49.2998
234.4709 49.3000
234.4767 49.3003
234.4825 49.3006
234.4883 49.3009
234.4942 49.3011
234.5000 49.3014
234.5058 49.3017
234.5116 49.3020
234.5174 49.3022
234.5233 49.3025
234.5291 49.3028
234.5349 49.3031
234.5407 49.3033
234.5466 49.3036
234.5524 49.3039
234.5582 49.3041
234.5640 49.3044
234.5698 49.3047
234.5757 49.3050
234.5815 49.3052
234.5873 49.3055
234.5931 49.3058
234.5990 49.3060
234.6048 49.3063
234.6106 49.3066
234.6164 49.3068
234.6222 49.3071
234.6281 49.3074
234.6339 49.3076
234.6397 49.3079
234.6455 49.3082
234.6514 49.3084
234.6572 49.3087
234.6630 49.3089
234.6688 49.3092
234.6746 49.3095
234.6805 49.3097
234.6863 49.3100
234.6921 49.3103
234.6979 49.3105
234.7038 49.3108
234.7096 49.3110
234.7154 49.3113
234.7212 49.3116
234.7270 49.3118
234.7329 49.3121
234.7387 49.3123
234.7445 49.3126
234.7503 49.3128
234.7562 49.3131
234.7620 49.3134
234.7678 49.3136
234.7736 49.3139
234.7794 49.3141
234.7853 49.3144
234.7911 49.3146
234.7969 49.3149
234.8027 49.3151
234.8086 49.3154
234.8144 49.3156
234.8202 49.3159
234.8260 49.3161
234.8318 49.3164
234.8377 49.3166
234.8435 49.3169
234.8493 49.3171
234.8551 49.3174
234.8610 49.3176
234.8668 49.3179
234.8726 49.3181
234.8784 49.3184
234.8842 49.3186
234.8901 49.3189
234.8959 49.3191
234.9017 49.3194
234.9075 49.3196
234.9133 49.3199
234.9192 49.3201
234.9250 49.3204
234.9308 49.3206
234.9366 49.3209
234.9425 49.3211
234.9483 49.3213
234.9541 49.3216
234.9599 49.3218
234.9657 49.3221
234.9716 49.3223
234.9774 49.3226
234.9832 49.3228
234.9890 49.3230
234.9948 49.3233
235.0007 49.3235
235.0065 49.3238
235.0123 49.3240
235.0181 49.3242
235.0240 49.3245
235.0298 49.3247
235.0356 49.3249
235.0414 49.3252
235.0472 49.3254
235.0531 49.3257
235.0589 49.3259
235.0647 49.3261
235.0705 49.3264
235.0763 49.3266
235.0822 49.3268
235.0880 49.3271
235.0938 49.3273
235.0996 49.3275
235.1055 49.3278
235.1113 49.3280
235.1171 49.3282
235.1229 49.3285
235.1287 49.3287
235.1346 49.3289
235.1404 49.3292
235.1462 49.3294
235.1520 49.3296
235.1578 49.3298
235.1637 49.3301
235.1695 49.3303
235.1753 49.3305
235.1811 49.3308
235.1870 49.3310
235.1928 49.3312
235.1986 49.3314
235.2044 49.3317
235.2102 49.3319
235.2161 49.3321
235.2219 49.3323
235.2277 49.3326
235.2335 49.3328
235.2393 49.3330
235.2452 49.3332
235.2510 49.3335
235.2568 49.3337
235.2626 49.3339
235.2684 49.3341
235.2743 49.3344
235.2801 49.3346
235.2859 49.3348
235.2917 49.3350
235.2975 49.3352
235.3034 49.3355
235.3092 49.3357
235.3150 49.3359
235.3208 49.3361
235.3267 49.3363
235.3325 49.3366
235.3383 49.3368
235.3441 49.3370
235.3499 49.3372
235.3558 49.3374
235.3616 49.3376
235.3674 49.3379
235.3732 49.3381
235.3790 49.3383
235.3849 49.3385
235.3907 49.3387
235.3965 49.3389
235.4023 49.3391
235.4081 49.3394
235.4140 49.3396
235.4198 49.3398
235.4256 49.3400
235.4314 49.3402
235.4372 49.3404
235.4431 49.3406
235.4489 49.3408
235.4547 49.3411
235.4605 49.3413
235.4663 49.3415
235.4722 49.3417
235.4780 49.3419
235.4838 49.3421
235.4896 49.3423
235.4954 49.3425
235.5013 49.3427
235.5071 49.3429
235.5129 49.3431
235.5187 49.3433
235.5246 49.3435
235.5304 49.3438
235.5362 49.3440
235.5420 49.3442
235.5478 49.3444
235.5537 49.3446
235.5595 49.3448
235.5653 49.3450
235.5711 49.3452
235.5769 49.3454
235.5828 49.3456
235.5886 49.3458
235.5944 49.3460
235.6002 49.3462
235.6060 49.3464
235.6119 49.3466
235.6177 49.3468
235.6235 49.3470
235.6293 49.3472
235.6351 49.3474
235.6410 49.3476
235.6468 49.3478
235.6526 49.3480
235.6584 49.3482
235.6642 49.3484
235.6701 49.3486
235.6759 49.3488
235.6817 49.3490
235.6875 49.3492
235.6933 49.3494
235.6992 49.3496
235.7050 49.3498
235.7108 49.3500
235.7166 49.3501
235.7224 49.3503
235.7283 49.3505
235.7341 49.3507
235.7399 49.3509
235.7457 49.3511
235.7515 49.3513
235.7574 49.3515
235.7632 49.3517
235.7690 49.3519
235.7748 49.3521
235.7806 49.3523
235.7865 49.3524
235.7923 49.3526
235.7981 49.3528
235.8039 49.3530
235.8098 49.3532
235.8156 49.3534
235.8214 49.3536
235.8272 49.3538
235.8330 49.3540
235.8389 49.3541
235.8447 49.3543
235.8505 49.3545
235.8563 49.3547
235.8621 49.3549
235.8680 49.3551
235.8738 49.3553
235.8796 49.3554
235.8854 49.3556
235.8912 49.3558
235.8971 49.3560
235.9029 49.3562
235.9087 49.3564
235.9145 49.3565
235.9203 49.3567
235.9262 49.3569
235.9320 49.3571
235.9378 49.3573
235.9436 49.3574
235.9494 49.3576
235.9553 49.3578
235.9611 49.3580
235.9669 49.3582
235.9727 49.3583
235.9785 49.3585
235.9844 49.3587
235.9902 49.3589
235.9960 49.3591
236.0018 49.3592
236.0076 49.3594
236.0135 49.3596
236.0193 49.3598
236.0251 49.3599
236.0309 49.3601
236.0367 49.3603
236.0426 49.3605
236.0484 49.3606
236.0542 49.3608
236.0600 49.3610
236.0658 49.3612
236.0717 49.3613
236.0775 49.3615
236.0833 49.3617
236.0891 49.3619
236.0949 49.3620
236.1008 49.3622
236.1066 49.3624
236.1124 49.3625
236.1182 49.3627
236.1240 49.3629
236.1299 49.3631
236.1357 49.3632
236.1415 49.3634
236.1473 49.3636
236.1531 49.3637
236.1590 49.3639
236.1648 49.3641
236.1706 49.3642
236.1764 49.3644
236.1822 49.3646
236.1881 49.3647
236.1939 49.3649
236.1997 49.3651
236.2055 49.3652
236.2113 49.3654
236.2172 49.3656
236.2230 49.3657
236.2288 49.3659
236.2346 49.3661
236.2404 49.3662
236.2463 49.3664
236.2521 49.3665
236.2579 49.3667
236.2637 49.3669
236.2695 49.3670
236.2754 49.3672
236.2812 49.3674
236.2870 49.3675
236.2928 49.3677
236.2986 49.3678
236.3045 49.3680
236.3103 49.3682
236.3161 49.3683
236.3219 49.3685
236.3277 49.3686
236.3336 49.3688
236.3394 49.3690
236.3452 49.3691
236.3510 49.3693
236.3568 49.3694
236.3627 49.3696
236.3685 49.3697
236.3743 49.3699
236.3801 49.3701
236.3859 49.3702
236.3918 49.3704
236.3976 49.3705
236.4034 49.3707
236.4092 49.3708
236.4150 49.3710
236.4209 49.3711
236.4267 49.3713
236.4325 49.3714
236.4383 49.3716
236.4441 49.3718
236.4500 49.3719
236.4558 49.3721
236.4616 49.3722
236.4674 49.3724
236.4732 49.3725
236.4791 49.3727
236.4849 49.3728
236.4907 49.3730
236.4965 49.3731
236.5023 49.3733
236.5082 49.3734
236.5140 49.3736
236.5198 49.3737
236.5256 49.3739
236.5314 49.3740
236.5372 49.3742
236.5431 49.3743
236.5489 49.3744
236.5547 49.3746
236.5605 49.3747
236.5663 49.3749
236.5722 49.3750
236.5780 49.3752
236.5838 49.3753
236.5896 49.3755
236.5954 49.3756
236.6013 49.3758
236.6071 49.3759
236.6129 49.3760
236.6187 49.3762
236.6245 49.3763
236.6304 49.3765
236.6362 49.3766
236.6420 49.3768
236.6478 49.3769
236.6536 49.3770
236.6595 49.3772
236.6653 49.3773
236.6711 49.3775
236.6769 49.3776
236.6827 49.3777
236.6886 49.3779
236.6944 49.3780
236.7002 49.3782
236.7060 49.3783
236.7118 49.3784
236.7177 49.3786
236.7235 49.3787
236.7293 49.3789
236.7351 49.3790
236.7409 49.3791
236.7467 49.3793
236.7526 49.3794
236.7584 49.3795
236.7642 49.3797
236.7700 49.3798
236.7758 49.3799
236.7817 49.3801
236.7875 49.3802
236.7933 49.3803
236.7991 49.3805
236.8049 49.3806
236.8108 49.3807
236.8166 49.3809
236.8224 49.3810
236.8282 49.3811
236.8340 49.3813
236.8399 49.3814
236.8457 49.3815
236.8515 49.3817
236.8573 49.3818
236.8631 49.3819
236.8689 49.3821
236.8748 49.3822
236.8806 49.3823
236.8864 49.3825
236.8922 49.3826
236.8980 49.3827
236.9039 49.3828
236.9097 49.3830
236.9155 49.3831
236.9213 49.3832
236.9271 49.3834
236.9330 49.3835
236.9388 49.3836
236.9446 49.3837
236.9504 49.3839
236.9562 49.3840
236.9620 49.3841
236.9679 49.3842
236.9737 49.3844
236.9795 49.3845
236.9853 49.3846
236.9911 49.3847
236.9970 49.3849
237.0028 49.3850
237.0086 49.3851
237.0144 49.3852
237.0202 49.3854
237.0261 49.3855
237.0319 49.3856
237.0377 49.3857
237.0435 49.3858
237.0493 49.3860
237.0551 49.3861
237.0610 49.3862
237.0668 49.3863
237.0726 49.3864
237.0784 49.3866
237.0842 49.3867
237.0901 49.3868
237.0959 49.3869
237.1017 49.3870
237.1075 49.3872
237.1133 49.3873
237.1192 49.3874
237.1250 49.3875
237.1308 49.3876
237.1366 49.3878
237.1424 49.3879
237.1482 49.3880
237.1541 49.3881
237.1599 49.3882
237.1657 49.3883
237.1715 49.3885
237.1773 49.3886
237.1832 49.3887
237.1890 49.3888
237.1948 49.3889
237.2006 49.3890
237.2064 49.3891
237.2123 49.3893
237.2181 49.3894
237.2239 49.3895
237.2297 49.3896
237.2355 49.3897
237.2413 49.3898
237.2472 49.3899
237.2530 49.3900
237.2588 49.3902
237.2646 49.3903
237.2704 49.3904
237.2763 49.3905
237.2821 49.3906
237.2879 49.3907
237.2937 49.3908
237.2995 49.3909
237.3054 49.3910
237.3112 49.3912
237.3170 49.3913
237.3228 49.3914
237.3286 49.3915
237.3344 49.3916
237.3403 49.3917
237.3461 49.3918
237.3519 49.3919
237.3577 49.3920
237.3635 49.3921
237.3694 49.3922
237.3752 49.3923
237.3810 49.3924
237.3868 49.3925
237.3926 49.3927
237.3984 49.3928
237.4043 49.3929
237.4101 49.3930
237.4159 49.3931
237.4217 49.3932
237.4275 49.3933
237.4334 49.3934
237.4392 49.3935
237.4450 49.3936
237.4508 49.3937
237.4566 49.3938
237.4625 49.3939
237.4683 49.3940
237.4741 49.3941
237.4799 49.3942
237.4857 49.3943
237.4915 49.3944
237.4974 49.3945
237.5032 49.3946
237.5090 49.3947
237.5148 49.3948
237.5206 49.3949
237.5265 49.3950
237.5323 49.3951
237.5381 49.3952
237.5439 49.3953
237.5497 49.3954
237.5556 49.3955
237.5614 49.3956
237.5672 49.3957
237.5730 49.3958
237.5788 49.3959
237.5846 49.3960
237.5905 49.3961
237.5963 49.3962
237.6021 49.3963
237.6079 49.3964
237.6137 49.3965
237.6196 49.3966
237.6254 49.3967
237.6312 49.3968
237.6370 49.3969
237.6428 49.3969
237.6486 49.3970
237.6545 49.3971
237.6603 49.3972
237.6661 49.3973
237.6719 49.3974
237.6777 49.3975
237.6836 49.3976
237.6894 49.3977
237.6952 49.3978
237.7010 49.3979
237.7068 49.3980
237.7127 49.3981
237.7185 49.3982
237.7243 49.3982
237.7301 49.3983
237.7359 49.3984
237.7417 49.3985
237.7476 49.3986
237.7534 49.3987
237.7592 49.3988
237.7650 49.3989
237.7708 49.3990
237.7767 49.3991
237.7825 49.3991
237.7883 49.3992
237.7941 49.3993
237.7999 49.3994
237.8058 49.3995
237.8116 49.3996
237.8174 49.3997
237.8232 49.3998
237.8290 49.3998
237.8348 49.3999
237.8407 49.4000
237.8465 49.4001
237.8523 49.4002
237.8581 49.4003
237.8639 49.4004
237.8698 49.4004
237.8756 49.4005
237.8814 49.4006
237.8872 49.4007
237.8930 49.4008
237.8988 49.4009
237.9047 49.4010
237.9105 49.4010
237.9163 49.4011
237.9221 49.4012
237.9279 49.4013
237.9338 49.4014
237.9396 49.4015
237.9454 49.4015
237.9512 49.4016
237.9570 49.4017
237.9628 49.4018
237.9687 49.4019
237.9745 49.4019
237.9803 49.4020
237.9861 49.4021
237.9919 49.4022
237.9978 49.4023
238.0036 49.4023
238.0094 49.4024
238.0152 49.4025
238.0210 49.4026
238.0268 49.4027
238.0327 49.4027
238.0385 49.4028
238.0443 49.4029
238.0501 49.4030
238.0559 49.4030
238.0618 49.4031
238.0676 49.4032
238.0734 49.4033
238.0792 49.4034
238.0850 49.4034
238.0909 49.4035
238.0967 49.4036
238.1025 49.4037
238.1083 49.4037
238.1141 49.4038
238.1199 49.4039
238.1258 49.4040
238.1316 49.4040
238.1374 49.4041
238.1432 49.4042
238.1490 49.4043
238.1549 49.4043
238.1607 49.4044
238.1665 49.4045
238.1723 49.4046
238.1781 49.4046
238.1839 49.4047
238.1898 49.4048
238.1956 49.4048
238.2014 49.4049
238.2072 49.4050
238.2130 49.4051
238.2189 49.4051
238.2247 49.4052
238.2305 49.4053
238.2363 49.4053
238.2421 49.4054
238.2479 49.4055
238.2538 49.4056
238.2596 49.4056
238.2654 49.4057
238.2712 49.4058
238.2770 49.4058
238.2829 49.4059
238.2887 49.4060
238.2945 49.4060
238.3003 49.4061
238.3061 49.4062
238.3119 49.4063
238.3178 49.4063
238.3236 49.4064
238.3294 49.4065
238.3352 49.4065
238.3410 49.4066
238.3468 49.4067
238.3527 49.4067
238.3585 49.4068
238.3643 49.4069
238.3701 49.4069
238.3759 49.4070
238.3818 49.4071
238.3876 49.4071
238.3934 49.4072
238.3992 49.4072
238.4050 49.4073
238.4108 49.4074
238.4167 49.4074
238.4225 49.4075
238.4283 49.4076
238.4341 49.4076
238.4399 49.4077
238.4458 49.4078
238.4516 49.4078
238.4574 49.4079
238.4632 49.4079
238.4690 49.4080
238.4748 49.4081
238.4807 49.4081
238.4865 49.4082
238.4923 49.4083
238.4981 49.4083
238.5039 49.4084
238.5097 49.4084
238.5156 49.4085
238.5214 49.4086
238.5272 49.4086
238.5330 49.4087
238.5388 49.4087
238.5447 49.4088
238.5505 49.4089
238.5563 49.4089
238.5621 49.4090
238.5679 49.4090
238.5737 49.4091
238.5796 49.4092
238.5854 49.4092
238.5912 49.4093
238.5970 49.4093
238.6028 49.4094
238.6086 49.4095
238.6145 49.4095
238.6203 49.4096
238.6261 49.4096
238.6319 49.4097
238.6377 49.4097
238.6436 49.4098
238.6494 49.4099
238.6552 49.4099
238.6610 49.4100
238.6668 49.4100
238.6726 49.4101
238.6785 49.4101
238.6843 49.4102
238.6901 49.4102
238.6959 49.4103
238.7017 49.4104
238.7075 49.4104
238.7134 49.4105
238.7192 49.4105
238.7250 49.4106
238.7308 49.4106
238.7366 49.4107
238.7425 49.4107
238.7483 49.4108
238.7541 49.4108
238.7599 49.4109
238.7657 49.4109
238.7715 49.4110
238.7774 49.4110
238.7832 49.4111
238.7890 49.4111
238.7948 49.4112
238.8006 49.4113
238.8064 49.4113
238.8123 49.4114
238.8181 49.4114
238.8239 49.4115
238.8297 49.4115
238.8355 49.4116
238.8414 49.4116
238.8472 49.4117
238.8530 49.4117
238.8588 49.4118
238.8646 49.4118
238.8704 49.4119
238.8763 49.4119
238.8821 49.4120
238.8879 49.4120
238.8937 49.4120
238.8995 49.4121
238.9053 49.4121
238.9112 49.4122
238.9170 49.4122
238.9228 49.4123
238.9286 49.4123
238.9344 49.4124
238.9403 49.4124
238.9461 49.4125
238.9519 49.4125
238.9577 49.4126
238.9635 49.4126
238.9693 49.4127
238.9752 49.4127
238.9810 49.4128
238.9868 49.4128
238.9926 49.4128
238.9984 49.4129
239.0042 49.4129
239.0101 49.4130
239.0159 49.4130
239.0217 49.4131
239.0275 49.4131
239.0333 49.4132
239.0392 49.4132
239.0450 49.4133
239.0508 49.4133
239.0566 49.4133
239.0624 49.4134
239.0682 49.4134
239.0741 49.4135
239.0799 49.4135
239.0857 49.4136
239.0915 49.4136
239.0973 49.4136
239.1031 49.4137
239.1090 49.4137
239.1148 49.4138
239.1206 49.4138
239.1264 49.4138
239.1322 49.4139
239.1381 49.4139
239.1439 49.4140
239.1497 49.4140
239.1555 49.4141
239.1613 49.4141
239.1671 49.4141
239.1730 49.4142
239.1788 49.4142
239.1846 49.4143
239.1904 49.4143
239.1962 49.4143
239.2020 49.4144
239.2079 49.4144
239.2137 49.4145
239.2195 49.4145
239.2253 49.4145
239.2311 49.4146
239.2370 49.4146
239.2428 49.4146
239.2486 49.4147
239.2544 49.4147
239.2602 49.4148
239.2660 49.4148
239.2719 49.4148
239.2777 49.4149
239.2835 49.4149
239.2893 49.4150
239.2951 49.4150
239.3010 49.4150
239.3068 49.4151
239.3126 49.4151
239.3184 49.4151
239.3242 49.4152
239.3300 49.4152
239.3359 49.4152
239.3417 49.4153
239.3475 49.4153
239.3533 49.4153
239.3591 49.4154
239.3649 49.4154
239.3708 49.4155
239.3766 49.4155
239.3824 49.4155
239.3882 49.4156
239.3940 49.4156
239.3999 49.4156
239.4057 49.4157
239.4115 49.4157
239.4173 49.4157
239.4231 49.4158
239.4289 49.4158
239.4348 49.4158
239.4406 49.4159
239.4464 49.4159
239.4522 49.4159
239.4580 49.4160
239.4638 49.4160
239.4697 49.4160
239.4755 49.4161
239.4813 49.4161
239.4871 49.4161
239.4929 49.4162
239.4988 49.4162
239.5046 49.4162
239.5104 49.4163
239.5162 49.4163
239.5220 49.4163
239.5278 49.4163
239.5337 49.4164
239.5395 49.4164
239.5453 49.4164
239.5511 49.4165
239.5569 49.4165
239.5627 49.4165
239.5686 49.4166
239.5744 49.4166
239.5802 49.4166
239.5860 49.4166
239.5918 49.4167
239.5977 49.4167
239.6035 49.4167
239.6093 49.4168
239.6151 49.4168
239.6209 49.4168
239.6267 49.4169
239.6326 49.4169
239.6384 49.4169
239.6442 49.4169
239.6500 49.4170
239.6558 49.4170
239.6616 49.4170
239.6675 49.4170
239.6733 49.4171
239.6791 49.4171
239.6849 49.4171
239.6907 49.4172
239.6966 49.4172
239.7024 49.4172
239.7082 49.4172
239.7140 49.4173
239.7198 49.4173
239.7256 49.4173
239.7315 49.4173
239.7373 49.4174
239.7431 49.4174
239.7489 49.4174
239.7547 49.4174
239.7605 49.4175
239.7664 49.4175
239.7722 49.4175
239.7780 49.4175
239.7838 49.4176
239.7896 49.4176
239.7954 49.4176
239.8013 49.4176
239.8071 49.4177
239.8129 49.4177
239.8187 49.4177
239.8245 49.4177
239.8304 49.4178
239.8362 49.4178
239.8420 49.4178
239.8478 49.4178
239.8536 49.4179
239.8594 49.4179
239.8653 49.4179
239.8711 49.4179
239.8769 49.4180
239.8827 49.4180
239.8885 49.4180
239.8943 49.4180
239.9002 49.4180
239.9060 49.4181
239.9118 49.4181
239.9176 49.4181
239.9234 49.4181
239.9293 49.4182
239.9351 49.4182
239.9409 49.4182
239.9467 49.4182
239.9525 49.4182
239.9583 49.4183
239.9642 49.4183
239.9700 49.4183
239.9758 49.4183
239.9816 49.4184
239.9874 49.4184
239.9932 49.4184
239.9991 49.4184
240.0049 49.4184
240.0107 49.4185
240.0165 49.4185
240.0223 49.4185
240.0281 49.4185
240.0340 49.4185
240.0398 49.4186
240.0456 49.4186
240.0514 49.4186
240.0572 49.4186
240.0631 49.4186
240.0689 49.4187
240.0747 49.4187
240.0805 49.4187
240.0863 49.4187
240.0921 49.4187
240.0980 49.4187
240.1038 49.4188
240.1096 49.4188
240.1154 49.4188
240.1212 49.4188
240.1270 49.4188
240.1329 49.4189
240.1387 49.4189
240.1445 49.4189
240.1503 49.4189
240.1561 49.4189
240.1619 49.4189
240.1678 49.4190
240.1736 49.4190
240.1794 49.4190
240.1852 49.4190
240.1910 49.4190
240.1968 49.4190
240.2027 49.4191
240.2085 49.4191
240.2143 49.4191
240.2201 49.4191
240.2259 49.4191
240.2318 49.4191
240.2376 49.4192
240.2434 49.4192
240.2492 49.4192
240.2550 49.4192
240.2608 49.4192
240.2667 49.4192
240.2725 49.4193
240.2783 49.4193
240.2841 49.4193
240.2899 49.4193
240.2957 49.4193
240.3016 49.4193
240.3074 49.4193
240.3132 49.4194
240.3190 49.4194
240.3248 49.4194
240.3306 49.4194
240.3365 49.4194
240.3423 49.4194
240.3481 49.4194
240.3539 49.4195
240.3597 49.4195
240.3655 49.4195
240.3714 49.4195
240.3772 49.4195
240.3830 49.4195
240.3888 49.4195
240.3946 49.4196
240.4004 49.4196
240.4063 49.4196
240.4121 49.4196
240.4179 49.4196
240.4237 49.4196
240.4295 49.4196
240.4354 49.4196
240.4412 49.4197
240.4470 49.4197
240.4528 49.4197
240.4586 49.4197
240.4644 49.4197
240.4703 49.4197
240.4761 49.4197
240.4819 49.4197
240.4877 49.4198
240.4935 49.4198
240.4993 49.4198
240.5052 49.4198
240.5110 49.4198
240.5168 49.4198
240.5226 49.4198
240.5284 49.4198
240.5342 49.4198
240.5401 49.4199
240.5459 49.4199
240.5517 49.4199
240.5575 49.4199
240.5633 49.4199
240.5691 49.4199
240.5750 49.4199
240.5808 49.4199
240.5866 49.4199
240.5924 49.4200
240.5982 49.4200
240.6040 49.4200
240.6099 49.4200
240.6157 49.4200
240.6215 49.4200
240.6273 49.4200
240.6331 49.4200
240.6390 49.4200
240.6448 49.4200
240.6506 49.4201
240.6564 49.4201
240.6622 49.4201
240.6680 49.4201
240.6739 49.4201
240.6797 49.4201
240.6855 49.4201
240.6913 49.4201
240.6971 49.4201
240.7029 49.4201
240.7088 49.4201
240.7146 49.4202
240.7204 49.4202
240.7262 49.4202
240.7320 49.4202
240.7378 49.4202
240.7437 49.4202
240.7495 49.4202
240.7553 49.4202
240.7611 49.4202
240.7669 49.4202
240.7728 49.4202
240.7786 49.4202
240.7844 49.4203
240.7902 49.4203
240.7960 49.4203
240.8018 49.4203
240.8077 49.4203
240.8135 49.4203
240.8193 49.4203
240.8251 49.4203
240.8309 49.4203
240.8367 49.4203
240.8426 49.4203
240.8484 49.4203
240.8542 49.4203
240.8600 49.4203
240.8658 49.4204
240.8716 49.4204
240.8775 49.4204
240.8833 49.4204
240.8891 49.4204
240.8949 49.4204
240.9007 49.4204
240.9065 49.4204
240.9124 49.4204
240.9182 49.4204
240.9240 49.4204
240.9298 49.4204
240.9356 49.4204
240.9415 49.4204
240.9473 49.4204
240.9531 49.4204
240.9589 49.4205
240.9647 49.4205
240.9705 49.4205
240.9764 49.4205
240.9822 49.4205
240.9880 49.4205
240.9938 49.4205
240.9996 49.4205
241.0054 49.4205
241.0113 49.4205
241.0171 49.4205
241.0229 49.4205
241.0287 49.4205
241.0345 49.4205
241.0403 49.4205
241.0462 49.4205
241.0520 49.4205
241.0578 49.4205
241.0636 49.4205
241.0694 49.4206
241.0753 49.4206
241.0811 49.4206
241.0869 49.4206
241.0927 49.4206
241.0985 49.4206
241.1043 49.4206
241.1102 49.4206
241.1160 49.4206
241.1218 49.4206
241.1276 49.4206
241.1334 49.4206
241.1392 49.4206
241.1451 49.4206
241.1509 49.4206
241.1567 49.4206
241.1625 49.4206
241.1683 49.4206
241.1741 49.4206
241.1800 49.4206
241.1858 49.4206
241.1916 49.4206
241.1974 49.4206
241.2032 49.4206
241.2091 49.4206
241.2149 49.4207
241.2207 49.4207
241.2265 49.4207
241.2323 49.4207
241.2381 49.4207
241.2440 49.4207
241.2498 49.4207
241.2556 49.4207
241.2614 49.4207
241.2672 49.4207
241.2730 49.4207
241.2789 49.4207
241.2847 49.4207
241.2905 49.4207
241.2963 49.4207
241.3021 49.4207
241.3079 49.4207
241.3138 49.4207
241.3196 49.4207
241.3254 49.4207
241.3312 49.4207
241.3370 49.4207
241.3429 49.4207
241.3487 49.4207
241.3545 49.4207
241.3603 49.4207
241.3661 49.4207
241.3719 49.4207
241.3778 49.4207
241.3836 49.4207
241.3894 49.4207
241.3952 49.4207
241.4010 49.4207
241.4068 49.4207
241.4127 49.4207
241.4185 49.4207
241.4243 49.4207
241.4301 49.4207
241.4359 49.4207
241.4417 49.4208
241.4476 49.4208
241.4534 49.4208
241.4592 49.4208
241.4650 49.4208
241.4708 49.4208
241.4767 49.4208
241.4825 49.4208
241.4883 49.4208
241.4941 49.4208
241.4999 49.4208
241.5057 49.4208
241.5116 49.4208
241.5174 49.4208
241.5232 49.4208
241.5290 49.4208
241.5348 49.4208
241.5406 49.4208
241.5465 49.4208
241.5523 49.4208
241.5581 49.4208
241.5639 49.4208
241.5697 49.4208
241.5755 49.4208
241.5814 49.4208
241.5872 49.4208
241.5930 49.4208
241.5988 49.4208
241.6046 49.4208
241.6104 49.4208
241.6163 49.4208
241.6221 49.4208
241.6279 49.4208
241.6337 49.4208
241.6395 49.4208
241.6454 49.4208
241.6512 49.4208
241.6570 49.4208
241.6628 49.4208
241.6686 49.4208
241.6744 49.4208
241.6803 49.4208
241.6861 49.4208
241.6919 49.4208
241.6977 49.4208
241.7035 49.4208
241.7093 49.4208
241.7152 49.4208
241.7210 49.4208
241.7268 49.4208
241.7326 49.4208
241.7384 49.4208
241.7442 49.4208
241.7501 49.4208
241.7559 49.4208
241.7617 49.4208
241.7675 49.4208
241.7733 49.4208
241.7791 49.4208
241.7850 49.4208
241.7908 49.4208
241.7966 49.4208
241.8024 49.4208
241.8082 49.4208
241.8141 49.4208
241.8199 49.4208
241.8257 49.4208
241.8315 49.4208
241.8373 49.4208
241.8431 49.4208
241.8490 49.4208
241.8548 49.4208
241.8606 49.4208
241.8664 49.4208
241.8722 49.4208
241.8780 49.4208
241.8839 49.4208
241.8897 49.4208
241.8955 49.4208
241.9013 49.4208
241.9071 49.4208
241.9129 49.4208
241.9188 49.4208
241.9246 49.4208
241.9304 49.4208
241.9362 49.4208
241.9420 49.4208
241.9478 49.4208
241.9537 49.4208
241.9595 49.4208
241.9653 49.4208
241.9711 49.4208
241.9769 49.4208
241.9827 49.4208
241.9886 49.4208
241.9944 49.4208
242.0002 49.4208
242.0060 49.4208
242.0118 49.4208
242.0177 49.4208
242.0235 49.4208
242.0293 49.4208
242.0351 49.4208
242.0409 49.4208
242.0467 49.4208
242.0467 49.4208
242.0526 49.4208
242.0584 49.4208
242.0642 49.4208
242.0700 49.4208
242.0758 49.4208
242.0816 49.4208
242.0875 49.4208
242.0933 49.4208
242.0991 49.4208
242.1049 49.4208
242.1107 49.4208
242.1165 49.4208
242.1224 49.4208
242.1282 49.4208
242.1340 49.4208
242.1398 49.4208
242.1456 49.4208
242.1514 49.4208
242.1573 49.4208
242.1631 49.4208
242.1689 49.4208
242.1747 49.4208
242.1805 49.4208
242.1863 49.4208
242.1922 49.4208
242.1980 49.4208
242.2038 49.4208
242.2096 49.4208
242.2154 49.4208
242.2212 49.4208
242.2271 49.4208
242.2329 49.4208
242.2387 49.4208
242.2445 49.4208
242.2503 49.4208
242.2562 49.4208
242.2620 49.4208
242.2678 49.4208
242.2736 49.4208
242.2794 49.4208
242.2852 49.4208
242.2911 49.4208
242.2969 49.4208
242.3027 49.4208
242.3085 49.4208
242.3143 49.4208
242.3201 49.4208
242.3260 49.4208
242.3318 49.4208
242.3376 49.4208
242.3434 49.4208
242.3492 49.4208
242.3550 49.4208
242.3609 49.4208
242.3667 49.4208
242.3725 49.4208
242.3783 49.4208
242.3841 49.4208
242.3899 49.4208
242.3958 49.4208
242.4016 49.4208
242.4074 49.4208
242.4132 49.4208
242.4190 49.4208
242.4249 49.4208
242.4307 49.4208
242.4365 49.4208
242.4423 49.4208
242.4481 49.4208
242.4539 49.4208
242.4598 49.4208
242.4656 49.4208
242.4714 49.4208
242.4772 49.4208
242.4830 49.4208
242.4888 49.4208
242.4947 49.4208
242.5005 49.4208
242.5063 49.4208
242.5121 49.4208
242.5179 49.4208
242.5237 49.4208
242.5296 49.4208
242.5354 49.4208
242.5412 49.4208
242.5470 49.4208
242.5528 49.4208
242.5587 49.4208
242.5645 49.4208
242.5703 49.4208
242.5761 49.4208
242.5819 49.4208
242.5877 49.4208
242.5936 49.4208
242.5994 49.4208
242.6052 49.4208
242.6110 49.4208
242.6168 49.4208
242.6226 49.4208
242.6285 49.4208
242.6343 49.4208
242.6401 49.4208
242.6459 49.4208
242.6517 49.4208
242.6575 49.4207
242.6634 49.4207
242.6692 49.4207
242.6750 49.4207
242.6808 49.4207
242.6866 49.4207
242.6924 49.4207
242.6983 49.4207
242.7041 49.4207
242.7099 49.4207
242.7157 49.4207
242.7215 49.4207
242.7274 49.4207
242.7332 49.4207
242.7390 49.4207
242.7448 49.4207
242.7506 49.4207
242.7564 49.4207
242.7623 49.4207
242.7681 49.4207
242.7739 49.4207
242.7797 49.4207
242.7855 49.4207
242.7913 49.4207
242.7972 49.4207
242.8030 49.4207
242.8088 49.4207
242.8146 49.4207
242.8204 49.4207
242.8262 49.4207
242.8321 49.4207
242.8379 49.4207
242.8437 49.4207
242.8495 49.4207
242.8553 49.4207
242.8612 49.4207
242.8670 49.4207
242.8728 49.4207
242.8786 49.4207
242.8844 49.4206
242.8902 49.4206
242.8961 49.4206
242.9019 49.4206
242.9077 49.4206
242.9135 49.4206
242.9193 49.4206
242.9251 49.4206
242.9310 49.4206
242.9368 49.4206
242.9426 49.4206
242.9484 49.4206
242.9542 49.4206
242.9600 49.4206
242.9659 49.4206
242.9717 49.4206
242.9775 49.4206
242.9833 49.4206
242.9891 49.4206
242.9950 49.4206
243.0008 49.4206
243.0066 49.4206
243.0124 49.4206
243.0182 49.4206
243.0240 49.4206
243.0299 49.4205
243.0357 49.4205
243.0415 49.4205
243.0473 49.4205
243.0531 49.4205
243.0589 49.4205
243.0648 49.4205
243.0706 49.4205
243.0764 49.4205
243.0822 49.4205
243.0880 49.4205
243.0938 49.4205
243.0997 49.4205
243.1055 49.4205
243.1113 49.4205
243.1171 49.4205
243.1229 49.4205
243.1288 49.4205
243.1346 49.4205
243.1404 49.4204
243.1462 49.4204
243.1520 49.4204
243.1578 49.4204
243.1637 49.4204
243.1695 49.4204
243.1753 49.4204
243.1811 49.4204
243.1869 49.4204
243.1927 49.4204
243.1986 49.4204
243.2044 49.4204
243.2102 49.4204
243.2160 49.4204
243.2218 49.4204
243.2276 49.4204
243.2335 49.4203
243.2393 49.4203
243.2451 49.4203
243.2509 49.4203
243.2567 49.4203
243.2626 49.4203
243.2684 49.4203
243.2742 49.4203
243.2800 49.4203
243.2858 49.4203
243.2916 49.4203
243.2975 49.4203
243.3033 49.4203
243.3091 49.4203
243.3149 49.4202
243.3207 49.4202
243.3265 49.4202
243.3324 49.4202
243.3382 49.4202
243.3440 49.4202
243.3498 49.4202
243.3556 49.4202
243.3614 49.4202
243.3673 49.4202
243.3731 49.4202
243.3789 49.4202
243.3847 49.4201
243.3905 49.4201
243.3964 49.4201
243.4022 49.4201
243.4080 49.4201
243.4138 49.4201
243.4196 49.4201
243.4254 49.4201
243.4313 49.4201
243.4371 49.4201
243.4429 49.4201
243.4487 49.4200
243.4545 49.4200
243.4603 49.4200
243.4662 49.4200
243.4720 49.4200
243.4778 49.4200
243.4836 49.4200
243.4894 49.4200
243.4952 49.4200
243.5011 49.4200
243.5069 49.4199
243.5127 49.4199
243.5185 49.4199
243.5243 49.4199
243.5301 49.4199
243.5360 49.4199
243.5418 49.4199
243.5476 49.4199
243.5534 49.4199
243.5592 49.4198
243.5651 49.4198
243.5709 49.4198
243.5767 49.4198
243.5825 49.4198
243.5883 49.4198
243.5941 49.4198
243.6000 49.4198
243.6058 49.4198
243.6116 49.4197
243.6174 49.4197
243.6232 49.4197
243.6290 49.4197
243.6349 49.4197
243.6407 49.4197
243.6465 49.4197
243.6523 49.4197
243.6581 49.4196
243.6639 49.4196
243.6698 49.4196
243.6756 49.4196
243.6814 49.4196
243.6872 49.4196
243.6930 49.4196
243.6988 49.4196
243.7047 49.4195
243.7105 49.4195
243.7163 49.4195
243.7221 49.4195
243.7279 49.4195
243.7338 49.4195
243.7396 49.4195
243.7454 49.4194
243.7512 49.4194
243.7570 49.4194
243.7628 49.4194
243.7687 49.4194
243.7745 49.4194
243.7803 49.4194
243.7861 49.4193
243.7919 49.4193
243.7977 49.4193
243.8036 49.4193
243.8094 49.4193
243.8152 49.4193
243.8210 49.4193
243.8268 49.4192
243.8326 49.4192
243.8385 49.4192
243.8443 49.4192
243.8501 49.4192
243.8559 49.4192
243.8617 49.4191
243.8675 49.4191
243.8734 49.4191
243.8792 49.4191
243.8850 49.4191
243.8908 49.4191
243.8966 49.4190
243.9024 49.4190
243.9083 49.4190
243.9141 49.4190
243.9199 49.4190
243.9257 49.4190
243.9315 49.4189
243.9374 49.4189
243.9432 49.4189
243.9490 49.4189
243.9548 49.4189
243.9606 49.4189
243.9664 49.4188
243.9723 49.4188
243.9781 49.4188
243.9839 49.4188
243.9897 49.4188
243.9955 49.4187
244.0013 49.4187
244.0072 49.4187
244.0130 49.4187
244.0188 49.4187
244.0246 49.4186
244.0304 49.4186
244.0362 49.4186
244.0421 49.4186
244.0479 49.4186
244.0537 49.4186
244.0595 49.4185
244.0653 49.4185
244.0712 49.4185
244.0770 49.4185
244.0828 49.4185
244.0886 49.4184
244.0944 49.4184
244.1002 49.4184
244.1061 49.4184
244.1119 49.4183
244.1177 49.4183
244.1235 49.4183
244.1293 49.4183
244.1351 49.4183
244.1410 49.4182
244.1468 49.4182
244.1526 49.4182
244.1584 49.4182
244.1642 49.4182
244.1700 49.4181
244.1759 49.4181
244.1817 49.4181
244.1875 49.4181
244.1933 49.4180
244.1991 49.4180
244.2050 49.4180
244.2108 49.4180
244.2166 49.4180
244.2224 49.4179
244.2282 49.4179
244.2340 49.4179
244.2399 49.4179
244.2457 49.4178
244.2515 49.4178
244.2573 49.4178
244.2631 49.4178
244.2689 49.4177
244.2748 49.4177
244.2806 49.4177
244.2864 49.4177
244.2922 49.4176
244.2980 49.4176
244.3039 49.4176
244.3097 49.4176
244.3155 49.4175
244.3213 49.4175
244.3271 49.4175
244.3329 49.4175
244.3388 49.4174
244.3446 49.4174
244.3504 49.4174
244.3562 49.4174
244.3620 49.4173
244.3678 49.4173
244.3737 49.4173
244.3795 49.4173
244.3853 49.4172
244.3911 49.4172
244.3969 49.4172
244.4027 49.4172
244.4086 49.4171
244.4144 49.4171
244.4202 49.4171
244.4260 49.4170
244.4318 49.4170
244.4377 49.4170
244.4435 49.4170
244.4493 49.4169
244.4551 49.4169
244.4609 49.4169
244.4667 49.4168
244.4726 49.4168
244.4784 49.4168
244.4842 49.4168
244.4900 49.4167
244.4958 49.4167
244.5016 49.4167
244.5075 49.4166
244.5133 49.4166
244.5191 49.4166
244.5249 49.4166
244.5307 49.4165
244.5366 49.4165
244.5424 49.4165
244.5482 49.4164
244.5540 49.4164
244.5598 49.4164
244.5656 49.4163
244.5715 49.4163
244.5773 49.4163
244.5831 49.4162
244.5889 49.4162
244.5947 49.4162
244.6005 49.4162
244.6064 49.4161
244.6122 49.4161
244.6180 49.4161
244.6238 49.4160
244.6296 49.4160
244.6355 49.4160
244.6413 49.4159
244.6471 49.4159
244.6529 49.4159
244.6587 49.4158
244.6645 49.4158
244.6704 49.4158
244.6762 49.4157
244.6820 49.4157
244.6878 49.4157
244.6936 49.4156
244.6995 49.4156
244.7053 49.4156
244.7111 49.4155
244.7169 49.4155
244.7227 49.4154
244.7285 49.4154
244.7344 49.4154
244.7402 49.4153
244.7460 49.4153
244.7518 49.4153
244.7576 49.4152
244.7634 49.4152
244.7693 49.4152
244.7751 49.4151
244.7809 49.4151
244.7867 49.4151
244.7925 49.4150
244.7984 49.4150
244.8042 49.4149
244.8100 49.4149
244.8158 49.4149
244.8216 49.4148
244.8274 49.4148
244.8333 49.4148
244.8391 49.4147
244.8449 49.4147
244.8507 49.4146
244.8565 49.4146
244.8623 49.4146
244.8682 49.4145
244.8740 49.4145
244.8798 49.4144
244.8856 49.4144
244.8914 49.4144
244.8973 49.4143
244.9031 49.4143
244.9089 49.4142
244.9147 49.4142
244.9205 49.4142
244.9263 49.4141
244.9322 49.4141
244.9380 49.4140
244.9438 49.4140
244.9496 49.4140
244.9554 49.4139
244.9612 49.4139
244.9671 49.4138
244.9729 49.4138
244.9787 49.4138
244.9845 49.4137
244.9903 49.4137
244.9962 49.4136
245.0020 49.4136
245.0078 49.4135
245.0136 49.4135
245.0194 49.4135
245.0252 49.4134
245.0311 49.4134
245.0369 49.4133
245.0427 49.4133
245.0485 49.4132
245.0543 49.4132
245.0601 49.4132
245.0660 49.4131
245.0718 49.4131
245.0776 49.4130
245.0834 49.4130
245.0892 49.4129
245.0951 49.4129
245.1009 49.4128
245.1067 49.4128
245.1125 49.4127
245.1183 49.4127
245.1241 49.4127
245.1300 49.4126
245.1358 49.4126
245.1416 49.4125
245.1474 49.4125
245.1532 49.4124
245.1591 49.4124
245.1649 49.4123
245.1707 49.4123
245.1765 49.4122
245.1823 49.4122
245.1881 49.4121
245.1940 49.4121
245.1998 49.4120
245.2056 49.4120
245.2114 49.4119
245.2172 49.4119
245.2230 49.4118
245.2289 49.4118
245.2347 49.4117
245.2405 49.4117
245.2463 49.4116
245.2521 49.4116
245.2580 49.4115
245.2638 49.4115
245.2696 49.4114
245.2754 49.4114
245.2812 49.4113
245.2870 49.4113
245.2929 49.4112
245.2987 49.4112
245.3045 49.4111
245.3103 49.4111
245.3161 49.4110
245.3219 49.4110
245.3278 49.4109
245.3336 49.4109
245.3394 49.4108
245.3452 49.4108
245.3510 49.4107
245.3569 49.4107
245.3627 49.4106
245.3685 49.4105
245.3743 49.4105
245.3801 49.4104
245.3859 49.4104
245.3918 49.4103
245.3976 49.4103
245.4034 49.4102
245.4092 49.4102
245.4150 49.4101
245.4208 49.4101
245.4267 49.4100
245.4325 49.4099
245.4383 49.4099
245.4441 49.4098
245.4499 49.4098
245.4558 49.4097
245.4616 49.4097
245.4674 49.4096
245.4732 49.4095
245.4790 49.4095
245.4848 49.4094
245.4907 49.4094
245.4965 49.4093
245.5023 49.4093
245.5081 49.4092
245.5139 49.4091
245.5197 49.4091
245.5256 49.4090
245.5314 49.4090
245.5372 49.4089
245.5430 49.4088
245.5488 49.4088
245.5547 49.4087
245.5605 49.4087
245.5663 49.4086
245.5721 49.4085
245.5779 49.4085
245.5837 49.4084
245.5896 49.4084
245.5954 49.4083
245.6012 49.4082
245.6070 49.4082
245.6128 49.4081
245.6186 49.4080
245.6245 49.4080
245.6303 49.4079
245.6361 49.4079
245.6419 49.4078
245.6477 49.4077
245.6536 49.4077
245.6594 49.4076
245.6652 49.4075
245.6710 49.4075
245.6768 49.4074
245.6826 49.4073
245.6885 49.4073
245.6943 49.4072
245.7001 49.4071
245.7059 49.4071
245.7117 49.4070
245.7176 49.4070
245.7234 49.4069
245.7292 49.4068
245.7350 49.4068
245.7408 49.4067
245.7466 49.4066
245.7525 49.4066
245.7583 49.4065
245.7641 49.4064
245.7699 49.4064
245.7757 49.4063
245.7815 49.4062
245.7874 49.4061
245.7932 49.4061
245.7990 49.4060
245.8048 49.4059
245.8106 49.4059
245.8165 49.4058
245.8223 49.4057
245.8281 49.4057
245.8339 49.4056
245.8397 49.4055
245.8455 49.4054
245.8514 49.4054
245.8572 49.4053
245.8630 49.4052
245.8688 49.4052
245.8746 49.4051
245.8805 49.4050
245.8863 49.4049
245.8921 49.4049
245.8979 49.4048
245.9037 49.4047
245.9095 49.4047
245.9154 49.4046
245.9212 49.4045
245.9270 49.4044
245.9328 49.4044
245.9386 49.4043
245.9445 49.4042
245.9503 49.4041
245.9561 49.4041
245.9619 49.4040
245.9677 49.4039
245.9735 49.4038
245.9794 49.4038
245.9852 49.4037
245.9910 49.4036
245.9968 49.4035
246.0026 49.4035
246.0085 49.4034
246.0143 49.4033
246.0201 49.4032
246.0259 49.4032
246.0317 49.4031
246.0375 49.4030
246.0434 49.4029
246.0492 49.4028
246.0550 49.4028
246.0608 49.4027
246.0666 49.4026
246.0725 49.4025
246.0783 49.4024
246.0841 49.4024
246.0899 49.4023
246.0957 49.4022
246.1016 49.4021
246.1074 49.4020
246.1132 49.4020
246.1190 49.4019
246.1248 49.4018
246.1306 49.4017
246.1365 49.4016
246.1423 49.4016
246.1481 49.4015
246.1539 49.4014
246.1597 49.4013
246.1656 49.4012
246.1714 49.4011
246.1772 49.4011
246.1830 49.4010
246.1888 49.4009
246.1946 49.4008
246.2005 49.4007
246.2063 49.4006
246.2121 49.4006
246.2179 49.4005
246.2237 49.4004
246.2296 49.4003
246.2354 49.4002
246.2412 49.4001
246.2470 49.4000
246.2528 49.4000
246.2586 49.3999
246.2645 49.3998
246.2703 49.3997
246.2761 49.3996
246.2819 49.3995
246.2877 49.3994
246.2936 49.3993
246.2994 49.3993
246.3052 49.3992
246.3110 49.3991
246.3168 49.3990
246.3227 49.3989
246.3285 49.3988
246.3343 49.3987
246.3401 49.3986
246.3459 49.3985
246.3517 49.3984
246.3576 49.3984
246.3634 49.3983
246.3692 49.3982
246.3750 49.3981
246.3808 49.3980
246.3867 49.3979
246.3925 49.3978
246.3983 49.3977
246.4041 49.3976
246.4099 49.3975
246.4157 49.3974
246.4216 49.3973
246.4274 49.3972
246.4332 49.3971
246.4390 49.3971
246.4448 49.3970
246.4507 49.3969
246.4565 49.3968
246.4623 49.3967
246.4681 49.3966
246.4739 49.3965
246.4798 49.3964
246.4856 49.3963
246.4914 49.3962
246.4972 49.3961
246.5030 49.3960
246.5088 49.3959
246.5147 49.3958
246.5205 49.3957
246.5263 49.3956
246.5321 49.3955
246.5379 49.3954
246.5438 49.3953
246.5496 49.3952
246.5554 49.3951
246.5612 49.3950
246.5670 49.3949
246.5729 49.3948
246.5787 49.3947
246.5845 49.3946
246.5903 49.3945
246.5961 49.3944
246.6019 49.3943
246.6078 49.3942
246.6136 49.3941
246.6194 49.3940
246.6252 49.3939
246.6310 49.3938
246.6369 49.3937
246.6427 49.3936
246.6485 49.3935
246.6543 49.3934
246.6601 49.3933
246.6660 49.3932
246.6718 49.3931
246.6776 49.3930
246.6834 49.3929
246.6892 49.3928
246.6950 49.3926
246.7009 49.3925
246.7067 49.3924
246.7125 49.3923
246.7183 49.3922
246.7241 49.3921
246.7300 49.3920
246.7358 49.3919
246.7416 49.3918
246.7474 49.3917
246.7532 49.3916
246.7590 49.3915
246.7649 49.3914
246.7707 49.3912
246.7765 49.3911
246.7823 49.3910
246.7881 49.3909
246.7940 49.3908
246.7998 49.3907
246.8056 49.3906
246.8114 49.3905
246.8172 49.3904
246.8231 49.3903
246.8289 49.3901
246.8347 49.3900
246.8405 49.3899
246.8463 49.3898
246.8521 49.3897
246.8580 49.3896
246.8638 49.3895
246.8696 49.3893
246.8754 49.3892
246.8812 49.3891
246.8871 49.3890
246.8929 49.3889
246.8987 49.3888
246.9045 49.3887
246.9103 49.3885
246.9162 49.3884
246.9220 49.3883
246.9278 49.3882
246.9336 49.3881
246.9394 49.3880
246.9452 49.3878
246.9511 49.3877
246.9569 49.3876
246.9627 49.3875
246.9685 49.3874
246.9743 49.3873
246.9802 49.3871
246.9860 49.3870
246.9918 49.3869
246.9976 49.3868
247.0034 49.3867
247.0093 49.3865
247.0151 49.3864
247.0209 49.3863
247.0267 49.3862
247.0325 49.3860
247.0383 49.3859
247.0442 49.3858
247.0500 49.3857
247.0558 49.3856
247.0616 49.3854
247.0674 49.3853
247.0733 49.3852
247.0791 49.3851
247.0849 49.3849
247.0907 49.3848
247.0965 49.3847
247.1024 49.3846
247.1082 49.3844
247.1140 49.3843
247.1198 49.3842
247.1256 49.3841
247.1314 49.3839
247.1373 49.3838
247.1431 49.3837
247.1489 49.3836
247.1547 49.3834
247.1605 49.3833
247.1664 49.3832
247.1722 49.3830
247.1780 49.3829
247.1838 49.3828
247.1896 49.3827
247.1955 49.3825
247.2013 49.3824
247.2071 49.3823
247.2129 49.3821
247.2187 49.3820
247.2245 49.3819
247.2304 49.3817
247.2362 49.3816
247.2420 49.3815
247.2478 49.3813
247.2536 49.3812
247.2595 49.3811
247.2653 49.3809
247.2711 49.3808
247.2769 49.3807
247.2827 49.3805
247.2886 49.3804
247.2944 49.3803
247.3002 49.3801
247.3060 49.3800
247.3118 49.3799
247.3177 49.3797
247.3235 49.3796
247.3293 49.3795
247.3351 49.3793
247.3409 49.3792
247.3468 49.3790
247.3526 49.3789
247.3584 49.3788
247.3642 49.3786
247.3700 49.3785
247.3758 49.3783
247.3817 49.3782
247.3875 49.3781
247.3933 49.3779
247.3991 49.3778
247.4049 49.3776
247.4108 49.3775
247.4166 49.3774
247.4224 49.3772
247.4282 49.3771
247.4340 49.3769
247.4399 49.3768
247.4457 49.3767
247.4515 49.3765
247.4573 49.3764
247.4631 49.3762
247.4690 49.3761
247.4748 49.3759
247.4806 49.3758
247.4864 49.3756
247.4922 49.3755
247.4981 49.3754
247.5039 49.3752
247.5097 49.3751
247.5155 49.3749
247.5213 49.3748
247.5272 49.3746
247.5330 49.3745
247.5388 49.3743
247.5446 49.3742
247.5504 49.3740
247.5562 49.3739
247.5621 49.3737
247.5679 49.3736
247.5737 49.3734
247.5795 49.3733
247.5853 49.3731
247.5912 49.3730
247.5970 49.3728
247.6028 49.3727
247.6086 49.3725
247.6144 49.3724
247.6203 49.3722
247.6261 49.3721
247.6319 49.3719
247.6377 49.3718
247.6435 49.3716
247.6494 49.3715
247.6552 49.3713
247.6610 49.3712
247.6668 49.3710
247.6726 49.3708
247.6785 49.3707
247.6843 49.3705
247.6901 49.3704
247.6959 49.3702
247.7017 49.3701
247.7076 49.3699
247.7134 49.3697
247.7192 49.3696
247.7250 49.3694
247.7308 49.3693
247.7367 49.3691
247.7425 49.3690
247.7483 49.3688
247.7541 49.3686
247.7599 49.3685
247.7658 49.3683
247.7716 49.3682
247.7774 49.3680
247.7832 49.3678
247.7890 49.3677
247.7949 49.3675
247.8007 49.3673
247.8065 49.3672
247.8123 49.3670
247.8181 49.3669
247.8240 49.3667
247.8298 49.3665
247.8356 49.3664
247.8414 49.3662
247.8472 49.3660
247.8531 49.3659
247.8589 49.3657
247.8647 49.3655
247.8705 49.3654
247.8763 49.3652
247.8822 49.3650
247.8880 49.3649
247.8938 49.3647
247.8996 49.3645
247.9054 49.3644
247.9113 49.3642
247.9171 49.3640
247.9229 49.3639
247.9287 49.3637
247.9345 49.3635
247.9404 49.3634
247.9462 49.3632
247.9520 49.3630
247.9578 49.3628
247.9636 49.3627
247.9695 49.3625
247.9753 49.3623
247.9811 49.3622
247.9869 49.3620
247.9927 49.3618
247.9986 49.3616
248.0044 49.3615
248.0102 49.3613
248.0160 49.3611
248.0218 49.3609
248.0277 49.3608
248.0335 49.3606
248.0393 49.3604
248.0451 49.3602
248.0509 49.3601
248.0568 49.3599
248.0626 49.3597
248.0684 49.3595
248.0742 49.3593
248.0800 49.3592
248.0859 49.3590
248.0917 49.3588
248.0975 49.3586
248.1033 49.3585
248.1091 49.3583
248.1150 49.3581
248.1208 49.3579
248.1266 49.3577
248.1324 49.3575
248.1382 49.3574
248.1441 49.3572
248.1499 49.3570
248.1557 49.3568
248.1615 49.3566
248.1673 49.3565
248.1732 49.3563
248.1790 49.3561
248.1848 49.3559
248.1906 49.3557
248.1964 49.3555
248.2023 49.3553
248.2081 49.3552
248.2139 49.3550
248.2197 49.3548
248.2255 49.3546
248.2314 49.3544
248.2372 49.3542
248.2430 49.3540
248.2488 49.3538
248.2546 49.3537
248.2605 49.3535
248.2663 49.3533
248.2721 49.3531
248.2779 49.3529
248.2838 49.3527
248.2896 49.3525
248.2954 49.3523
248.3012 49.3521
248.3070 49.3519
248.3129 49.3517
248.3187 49.3516
248.3245 49.3514
248.3303 49.3512
248.3361 49.3510
248.3420 49.3508
248.3478 49.3506
248.3536 49.3504
248.3594 49.3502
248.3652 49.3500
248.3711 49.3498
248.3769 49.3496
248.3827 49.3494
248.3885 49.3492
248.3943 49.3490
248.4002 49.3488
248.4060 49.3486
248.4118 49.3484
248.4176 49.3482
248.4234 49.3480
248.4293 49.3478
248.4351 49.3476
248.4409 49.3474
248.4467 49.3472
248.4525 49.3470
248.4584 49.3468
248.4642 49.3466
248.4700 49.3464
248.4758 49.3462
248.4816 49.3460
248.4875 49.3458
248.4933 49.3456
248.4991 49.3454
248.5049 49.3452
248.5107 49.3450
248.5166 49.3448
248.5224 49.3446
248.5282 49.3444
248.5340 49.3442
248.5398 49.3440
248.5457 49.3438
248.5515 49.3435
248.5573 49.3433
248.5631 49.3431
248.5690 49.3429
248.5748 49.3427
248.5806 49.3425
248.5864 49.3423
248.5922 49.3421
248.5981 49.3419
248.6039 49.3417
248.6097 49.3415
248.6155 49.3412
248.6213 49.3410
248.6272 49.3408
248.6330 49.3406
248.6388 49.3404
248.6446 49.3402
248.6504 49.3400
248.6563 49.3397
248.6621 49.3395
248.6679 49.3393
248.6737 49.3391
248.6795 49.3389
248.6854 49.3387
248.6912 49.3385
248.6970 49.3382
248.7028 49.3380
248.7086 49.3378
248.7145 49.3376
248.7203 49.3374
248.7261 49.3371
248.7319 49.3369
248.7377 49.3367
248.7436 49.3365
248.7494 49.3363
248.7552 49.3360
248.7610 49.3358
248.7669 49.3356
248.7727 49.3354
248.7785 49.3352
248.7843 49.3349
248.7901 49.3347
248.7960 49.3345
248.8018 49.3343
248.8076 49.3340
248.8134 49.3338
248.8192 49.3336
248.8251 49.3334
248.8309 49.3331
248.8367 49.3329
248.8425 49.3327
248.8483 49.3325
248.8542 49.3322
248.8600 49.3320
248.8658 49.3318
248.8716 49.3316
248.8774 49.3313
248.8833 49.3311
248.8891 49.3309
248.8949 49.3306
248.9007 49.3304
248.9066 49.3302
248.9124 49.3299
248.9182 49.3297
248.9240 49.3295
248.9298 49.3293
248.9357 49.3290
248.9415 49.3288
248.9473 49.3286
248.9531 49.3283
248.9589 49.3281
248.9648 49.3278
248.9706 49.3276
248.9764 49.3274
248.9822 49.3271
248.9880 49.3269
248.9939 49.3267
248.9997 49.3264
249.0055 49.3262
249.0113 49.3260
249.0172 49.3257
249.0230 49.3255
249.0288 49.3252
249.0346 49.3250
249.0404 49.3248
249.0463 49.3245
249.0521 49.3243
249.0579 49.3240
249.0637 49.3238
249.0695 49.3236
249.0754 49.3233
249.0812 49.3231
249.0870 49.3228
249.0928 49.3226
249.0987 49.3223
249.1045 49.3221
249.1103 49.3219
249.1161 49.3216
249.1219 49.3214
249.1278 49.3211
249.1336 49.3209
249.1394 49.3206
249.1452 49.3204
249.1511 49.3201
249.1569 49.3199
249.1627 49.3196
249.1685 49.3194
249.1743 49.3191
249.1802 49.3189
249.1860 49.3186
249.1918 49.3184
249.1976 49.3181
249.2034 49.3179
249.2093 49.3176
249.2151 49.3174
249.2209 49.3171
249.2267 49.3169
249.2326 49.3166
249.2384 49.3164
249.2442 49.3161
249.2500 49.3159
249.2558 49.3156
249.2617 49.3154
249.2675 49.3151
249.2733 49.3148
249.2791 49.3146
249.2850 49.3143
249.2908 49.3141
249.2966 49.3138
249.3024 49.3136
249.3082 49.3133
249.3141 49.3130
249.3199 49.3128
249.3257 49.3125
249.3315 49.3123
249.3373 49.3120
249.3432 49.3117
249.3490 49.3115
249.3548 49.3112
249.3606 49.3109
249.3665 49.3107
249.3723 49.3104
249.3781 49.3102
249.3839 49.3099
249.3897 49.3096
249.3956 49.3094
249.4014 49.3091
249.4072 49.3088
249.4130 49.3086
249.4189 49.3083
249.4247 49.3080
249.4305 49.3078
249.4363 49.3075
249.4421 49.3072
249.4480 49.3070
249.4538 49.3067
249.4596 49.3064
249.4654 49.3062
249.4713 49.3059
249.4771 49.3056
249.4829 49.3053
249.4887 49.3051
249.4945 49.3048
249.5004 49.3045
249.5062 49.3043
249.5120 49.3040
249.5178 49.3037
249.5237 49.3034
249.5295 49.3032
249.5353 49.3029
249.5411 49.3026
249.5469 49.3023
249.5528 49.3021
249.5586 49.3018
249.5644 49.3015
249.5702 49.3012
249.5761 49.3009
249.5819 49.3007
249.5877 49.3004
249.5935 49.3001
249.5993 49.2998
249.6052 49.2996
249.6110 49.2993
249.6168 49.2990
249.6226 49.2987
249.6285 49.2984
249.6343 49.2981
249.6401 49.2979
249.6459 49.2976
249.6518 49.2973
249.6576 49.2970
249.6634 49.2967
249.6692 49.2964
249.6750 49.2962
249.6809 49.2959
249.6867 49.2956
249.6925 49.2953
249.6983 49.2950
249.7042 49.2947
249.7100 49.2944
249.7158 49.2941
249.7216 49.2939
249.7274 49.2936
249.7333 49.2933
249.7391 49.2930
249.7449 49.2927
249.7507 49.2924
249.7566 49.2921
249.7624 49.2918
249.7682 49.2915
249.7740 49.2912
249.7798 49.2909
249.7857 49.2907
249.7915 49.2904
249.7973 49.2901
249.8031 49.2898
249.8090 49.2895
249.8148 49.2892
249.8206 49.2889
249.8264 49.2886
249.8323 49.2883
249.8381 49.2880
249.8439 49.2877
249.8497 49.2874
249.8555 49.2871
249.8614 49.2868
249.8672 49.2865
249.8730 49.2862
249.8788 49.2859
249.8847 49.2856
249.8905 49.2853
249.8963 49.2850
249.9021 49.2847
249.9079 49.2844
249.9138 49.2841
249.9196 49.2838
249.9254 49.2835
249.9312 49.2832
249.9371 49.2829
249.9429 49.2826
249.9487 49.2822
249.9545 49.2819
249.9604 49.2816
249.9662 49.2813
249.9720 49.2810
249.9778 49.2807
249.9836 49.2804
249.9895 49.2801
249.9953 49.2798
250.0011 49.2795
250.0069 49.2792
250.0128 49.2789
250.0186 49.2785
250.0244 49.2782
250.0302 49.2779
250.0360 49.2776
250.0419 49.2773
250.0477 49.2770
250.0535 49.2767
250.0593 49.2763
250.0652 49.2760
250.0710 49.2757
250.0768 49.2754
250.0826 49.2751
250.0885 49.2748
250.0943 49.2744
250.1001 49.2741
250.1059 49.2738
250.1117 49.2735
250.1176 49.2732
250.1234 49.2729
250.1292 49.2725
250.1350 49.2722
250.1409 49.2719
250.1467 49.2716
250.1525 49.2712
250.1583 49.2709
250.1642 49.2706
250.1700 49.2703
250.1758 49.2700
250.1816 49.2696
250.1874 49.2693
250.1933 49.2690
250.1991 49.2687
250.2049 49.2683
250.2107 49.2680
250.2166 49.2677
250.2224 49.2673
250.2282 49.2670
250.2340 49.2667
250.2398 49.2664
250.2457 49.2660
250.2515 49.2657
250.2573 49.2654
250.2631 49.2650
250.2690 49.2647
250.2748 49.2644
250.2806 49.2640
250.2864 49.2637
250.2923 49.2634
250.2981 49.2630
250.3039 49.2627
250.3097 49.2624
250.3156 49.2620
250.3214 49.2617
250.3272 49.2614
250.3330 49.2610
250.3388 49.2607
250.3447 49.2604
250.3505 49.2600
250.3563 49.2597
250.3621 49.2593
250.3680 49.2590
250.3738 49.2587
250.3796 49.2583
250.3854 49.2580
250.3913 49.2576
250.3971 49.2573
250.4029 49.2570
250.4087 49.2566
250.4145 49.2563
250.4204 49.2559
250.4262 49.2556
250.4320 49.2552
250.4378 49.2549
250.4437 49.2545
250.4495 49.2542
250.4553 49.2539
250.4611 49.2535
250.4670 49.2532
250.4728 49.2528
250.4786 49.2525
250.4844 49.2521
250.4903 49.2518
250.4961 49.2514
250.5019 49.2511
250.5077 49.2507
250.5136 49.2504
250.5194 49.2500
250.5252 49.2497
250.5310 49.2493
250.5368 49.2490
250.5427 49.2486
250.5485 49.2482
250.5543 49.2479
250.5601 49.2475
250.5660 49.2472
250.5718 49.2468
250.5776 49.2465
250.5834 49.2461
250.5893 49.2457
250.5951 49.2454
250.6009 49.2450
250.6067 49.2447
250.6126 49.2443
250.6184 49.2440
250.6242 49.2436
250.6300 49.2432
250.6359 49.2429
250.6417 49.2425
250.6475 49.2421
250.6533 49.2418
250.6592 49.2414
250.6650 49.2411
250.6708 49.2407
250.6766 49.2403
250.6825 49.2400
250.6883 49.2396
250.6941 49.2392
250.6999 49.2389
250.7057 49.2385
250.7116 49.2381
250.7174 49.2378
250.7232 49.2374
250.7290 49.2370
250.7349 49.2366
250.7407 49.2363
250.7465 49.2359
250.7523 49.2355
250.7582 49.2352
250.7640 49.2348
250.7698 49.2344
250.7756 49.2340
250.7815 49.2337
250.7873 49.2333
250.7931 49.2329
250.7989 49.2325
250.8048 49.2322
250.8106 49.2318
250.8164 49.2314
250.8222 49.2310
250.8281 49.2307
250.8339 49.2303
250.8397 49.2299
250.8455 49.2295
250.8514 49.2291
250.8572 49.2288
250.8630 49.2284
250.8688 49.2280
250.8747 49.2276
250.8805 49.2272
250.8863 49.2269
250.8921 49.2265
250.8980 49.2261
250.9038 49.2257
250.9096 49.2253
250.9154 49.2249
250.9213 49.2245
250.9271 49.2242
250.9329 49.2238
250.9387 49.2234
250.9446 49.2230
250.9504 49.2226
250.9562 49.2222
250.9620 49.2218
250.9679 49.2214
250.9737 49.2210
250.9795 49.2207
250.9853 49.2203
250.9912 49.2199
250.9970 49.2195
251.0028 49.2191
251.0086 49.2187
251.0145 49.2183
251.0203 49.2179
251.0261 49.2175
251.0319 49.2171
251.0378 49.2167
251.0436 49.2163
251.0494 49.2159
251.0552 49.2155
251.0611 49.2151
251.0669 49.2147
251.0727 49.2143
251.0785 49.2139
251.0844 49.2135
251.0902 49.2131
251.0960 49.2127
251.1018 49.2123
251.1077 49.2119
251.1135 49.2115
251.1193 49.2111
251.1251 49.2107
251.1310 49.2103
251.1368 49.2099
251.1426 49.2095
251.1484 49.2091
251.1543 49.2087
251.1601 49.2083
251.1659 49.2079
251.1717 49.2075
251.1776 49.2071
251.1834 49.2066
251.1892 49.2062
251.1950 49.2058
251.2009 49.2054
251.2067 49.2050
251.2125 49.2046
251.2183 49.2042
251.2242 49.2038
251.2300 49.2034
251.2358 49.2029
251.2416 49.2025
251.2475 49.2021
251.2533 49.2017
251.2591 49.2013
251.2649 49.2009
251.2708 49.2004
251.2766 49.2000
251.2824 49.1996
251.2882 49.1992
251.2941 49.1988
251.2999 49.1984
251.3057 49.1979
251.3115 49.1975
251.3174 49.1971
251.3232 49.1967
251.3290 49.1962
251.3349 49.1958
251.3407 49.1954
251.3465 49.1950
251.3523 49.1946
251.3582 49.1941
251.3640 49.1937
251.3698 49.1933
251.3756 49.1928
251.3815 49.1924
251.3873 49.1920
251.3931 49.1916
251.3989 49.1911
251.4048 49.1907
251.4106 49.1903
251.4164 49.1898
251.4222 49.1894
251.4281 49.1890
251.4339 49.1886
251.4397 49.1881
251.4455 49.1877
251.4514 49.1873
251.4572 49.1868
251.4630 49.1864
251.4688 49.1860
251.4747 49.1855
251.4805 49.1851
251.4863 49.1846
251.4921 49.1842
251.4980 49.1838
251.5038 49.1833
251.5096 49.1829
251.5154 49.1825
251.5213 49.1820
251.5271 49.1816
251.5329 49.1811
251.5387 49.1807
251.5446 49.1803
251.5504 49.1798
251.5562 49.1794
251.5621 49.1789
251.5679 49.1785
251.5737 49.1780
251.5795 49.1776
251.5854 49.1771
251.5912 49.1767
251.5970 49.1762
251.6028 49.1758
251.6087 49.1754
251.6145 49.1749
251.6203 49.1745
251.6261 49.1740
251.6320 49.1736
251.6378 49.1731
251.6436 49.1727
251.6494 49.1722
251.6553 49.1718
251.6611 49.1713
251.6669 49.1708
251.6727 49.1704
251.6786 49.1699
251.6844 49.1695
251.6902 49.1690
251.6960 49.1686
251.7019 49.1681
251.7077 49.1677
251.7135 49.1672
251.7194 49.1667
251.7252 49.1663
251.7310 49.1658
251.7368 49.1654
251.7427 49.1649
251.7485 49.1644
251.7543 49.1640
251.7601 49.1635
251.7660 49.1631
251.7718 49.1626
251.7776 49.1621
251.7834 49.1617
251.7893 49.1612
251.7951 49.1607
251.8009 49.1603
251.8067 49.1598
251.8126 49.1593
251.8184 49.1589
251.8242 49.1584
251.8300 49.1579
251.8359 49.1575
251.8417 49.1570
251.8475 49.1565
251.8534 49.1560
251.8592 49.1556
251.8650 49.1551
251.8708 49.1546
251.8767 49.1542
251.8825 49.1537
251.8883 49.1532
251.8941 49.1527
251.9000 49.1523
251.9058 49.1518
251.9116 49.1513
251.9174 49.1508
251.9233 49.1503
251.9291 49.1499
251.9349 49.1494
251.9408 49.1489
251.9466 49.1484
251.9524 49.1480
251.9582 49.1475
251.9641 49.1470
251.9699 49.1465
251.9757 49.1460
251.9815 49.1455
251.9874 49.1451
251.9932 49.1446
251.9990 49.1441
252.0048 49.1436
252.0107 49.1431
252.0165 49.1426
252.0223 49.1421
252.0282 49.1417
252.0340 49.1412
252.0398 49.1407
252.0456 49.1402
252.0515 49.1397
252.0573 49.1392
252.0631 49.1387
252.0689 49.1382
252.0748 49.1377
252.0806 49.1372
252.0864 49.1367
252.0923 49.1362
252.0981 49.1358
252.1039 49.1353
252.1097 49.1348
252.1156 49.1343
252.1214 49.1338
252.1272 49.1333
252.1330 49.1328
252.1389 49.1323
252.1447 49.1318
252.1505 49.1313
252.1564 49.1308
252.1622 49.1303
252.1680 49.1298
252.1738 49.1293
252.1797 49.1288
252.1855 49.1283
252.1913 49.1278
252.1971 49.1273
252.2030 49.1267
252.2088 49.1262
252.2146 49.1257
252.2205 49.1252
252.2263 49.1247
252.2321 49.1242
252.2379 49.1237
252.2438 49.1232
252.2496 49.1227
252.2554 49.1222
252.2612 49.1217
252.2671 49.1212
252.2729 49.1206
252.2787 49.1201
252.2846 49.1196
252.2904 49.1191
252.2962 49.1186
252.3020 49.1181
252.3079 49.1176
252.3137 49.1170
252.3195 49.1165
252.3254 49.1160
252.3312 49.1155
252.3370 49.1150
252.3428 49.1145
252.3487 49.1139
252.3545 49.1134
252.3603 49.1129
252.3661 49.1124
252.3720 49.1118
252.3778 49.1113
252.3836 49.1108
252.3895 49.1103
252.3953 49.1098
252.4011 49.1092
252.4069 49.1087
252.4128 49.1082
252.4186 49.1077
252.4244 49.1071
252.4303 49.1066
252.4361 49.1061
252.4419 49.1055
252.4477 49.1050
252.4536 49.1045
252.4594 49.1039
252.4652 49.1034
252.4711 49.1029
252.4769 49.1024
252.4827 49.1018
252.4885 49.1013
252.4944 49.1008
252.5002 49.1002
252.5060 49.0997
252.5119 49.0991
252.5177 49.0986
252.5235 49.0981
252.5293 49.0975
252.5352 49.0970
252.5410 49.0965
252.5468 49.0959
252.5527 49.0954
252.5585 49.0948
252.5643 49.0943
252.5701 49.0938
252.5760 49.0932
252.5818 49.0927
252.5876 49.0921
252.5934 49.0916
252.5993 49.0910
252.6051 49.0905
252.6109 49.0899
252.6168 49.0894
252.6226 49.0888
252.6284 49.0883
252.6342 49.0878
252.6401 49.0872
252.6459 49.0867
252.6517 49.0861
252.6576 49.0856
252.6634 49.0850
252.6692 49.0844
252.6750 49.0839
252.6809 49.0833
252.6867 49.0828
252.6925 49.0822
252.6984 49.0817
252.7042 49.0811
252.7100 49.0806
252.7158 49.0800
252.7217 49.0794
252.7275 49.0789
252.7333 49.0783
252.7392 49.0778
252.7450 49.0772
252.7508 49.0767
252.7566 49.0761
252.7625 49.0755
252.7683 49.0750
252.7741 49.0744
252.7800 49.0738
252.7858 49.0733
252.7916 49.0727
252.7975 49.0721
252.8033 49.0716
252.8091 49.0710
252.8149 49.0704
252.8208 49.0699
252.8266 49.0693
252.8324 49.0687
252.8383 49.0682
252.8441 49.0676
252.8499 49.0670
252.8557 49.0665
252.8616 49.0659
252.8674 49.0653
252.8732 49.0647
252.8791 49.0642
252.8849 49.0636
252.8907 49.0630
252.8965 49.0624
252.9024 49.0619
252.9082 49.0613
252.9140 49.0607
252.9199 49.0601
252.9257 49.0595
252.9315 49.0590
252.9373 49.0584
252.9432 49.0578
252.9490 49.0572
252.9548 49.0566
252.9607 49.0561
252.9665 49.0555
252.9723 49.0549
252.9781 49.0543
252.9840 49.0537
252.9898 49.0531
252.9956 49.0526
253.0015 49.0520
253.0073 49.0514
253.0131 49.0508
253.0190 49.0502
253.0248 49.0496
253.0306 49.0490
253.0364 49.0484
253.0423 49.0478
253.0481 49.0472
253.0539 49.0467
253.0598 49.0461
253.0656 49.0455
253.0714 49.0449
253.0772 49.0443
253.0831 49.0437
253.0889 49.0431
253.0947 49.0425
253.1006 49.0419
253.1064 49.0413
253.1122 49.0407
253.1180 49.0401
253.1239 49.0395
253.1297 49.0389
253.1355 49.0383
253.1414 49.0377
253.1472 49.0371
253.1530 49.0365
253.1588 49.0359
253.1647 49.0353
253.1705 49.0347
253.1763 49.0341
253.1822 49.0335
253.1880 49.0329
253.1938 49.0322
253.1997 49.0316
253.2055 49.0310
253.2113 49.0304
253.2171 49.0298
253.2230 49.0292
253.2288 49.0286
253.2346 49.0280
253.2405 49.0274
253.2463 49.0267
253.2521 49.0261
253.2579 49.0255
253.2638 49.0249
253.2696 49.0243
253.2754 49.0237
253.2813 49.0231
253.2871 49.0224
253.2929 49.0218
253.2988 49.0212
253.3046 49.0206
253.3104 49.0200
253.3162 49.0193
253.3221 49.0187
253.3279 49.0181
253.3337 49.0175
253.3396 49.0168
253.3454 49.0162
253.3512 49.0156
253.3571 49.0150
253.3629 49.0143
253.3687 49.0137
253.3745 49.0131
253.3804 49.0125
253.3862 49.0118
253.3920 49.0112
253.3979 49.0106
253.4037 49.0099
253.4095 49.0093
253.4154 49.0087
253.4212 49.0081
253.4270 49.0074
253.4328 49.0068
253.4387 49.0061
253.4445 49.0055
253.4503 49.0049
253.4562 49.0042
253.4620 49.0036
253.4678 49.0030
253.4737 49.0023
253.4795 49.0017
253.4853 49.0011
253.4911 49.0004
253.4970 48.9998
253.5028 48.9991
253.5086 48.9985
253.5145 48.9978
253.5203 48.9972
253.5261 48.9966
253.5320 48.9959
253.5378 48.9953
253.5436 48.9946
253.5495 48.9940
253.5553 48.9933
253.5611 48.9927
253.5669 48.9920
253.5728 48.9914
253.5786 48.9907
253.5844 48.9901
253.5903 48.9894
253.5961 48.9888
253.6019 48.9881
253.6078 48.9875
253.6136 48.9868
253.6194 48.9862
253.6253 48.9855
253.6311 48.9848
253.6369 48.9842
253.6427 48.9835
253.6486 48.9829
253.6544 48.9822
253.6602 48.9816
253.6661 48.9809
253.6719 48.9802
253.6777 48.9796
253.6836 48.9789
253.6894 48.9783
253.6952 48.9776
253.7011 48.9769
253.7069 48.9763
253.7127 48.9756
253.7185 48.9749
253.7244 48.9743
253.7302 48.9736
253.7360 48.9729
253.7419 48.9723
253.7477 48.9716
253.7535 48.9709
253.7594 48.9703
253.7652 48.9696
253.7710 48.9689
253.7769 48.9682
253.7827 48.9676
253.7885 48.9669
253.7944 48.9662
253.8002 48.9655
253.8060 48.9649
253.8118 48.9642
253.8177 48.9635
253.8235 48.9628
253.8293 48.9622
253.8352 48.9615
253.8410 48.9608
253.8468 48.9601
253.8527 48.9594
253.8585 48.9588
253.8643 48.9581
253.8702 48.9574
253.8760 48.9567
253.8818 48.9560
253.8877 48.9553
253.8935 48.9547
253.8993 48.9540
253.9052 48.9533
253.9110 48.9526
253.9168 48.9519
253.9226 48.9512
253.9285 48.9505
253.9343 48.9498
253.9401 48.9491
253.9460 48.9485
253.9518 48.9478
253.9576 48.9471
253.9635 48.9464
253.9693 48.9457
253.9751 48.9450
253.9810 48.9443
253.9868 48.9436
253.9926 48.9429
253.9985 48.9422
254.0043 48.9415
254.0101 48.9408
254.0160 48.9401
254.0218 48.9394
254.0276 48.9387
254.0334 48.9380
254.0393 48.9373
254.0451 48.9366
254.0509 48.9359
254.0568 48.9352
254.0626 48.9345
254.0684 48.9338
254.0743 48.9331
254.0801 48.9324
254.0859 48.9317
254.0918 48.9309
254.0976 48.9302
254.1034 48.9295
254.1093 48.9288
254.1151 48.9281
254.1209 48.9274
254.1268 48.9267
254.1326 48.9260
254.1384 48.9253
254.1443 48.9245
254.1501 48.9238
254.1559 48.9231
254.1618 48.9224
254.1676 48.9217
254.1734 48.9210
254.1792 48.9202
254.1851 48.9195
254.1909 48.9188
254.1967 48.9181
254.2026 48.9174
254.2084 48.9166
254.2142 48.9159
254.2201 48.9152
254.2259 48.9145
254.2317 48.9137
254.2376 48.9130
254.2434 48.9123
254.2492 48.9116
254.2551 48.9108
254.2609 48.9101
254.2667 48.9094
254.2726 48.9086
254.2784 48.9079
254.2842 48.9072
254.2901 48.9065
254.2959 48.9057
254.3017 48.9050
254.3076 48.9043
254.3134 48.9035
254.3192 48.9028
254.3251 48.9020
254.3309 48.9013
254.3367 48.9006
254.3426 48.8998
254.3484 48.8991
254.3542 48.8984
254.3600 48.8976
254.3659 48.8969
254.3717 48.8961
254.3775 48.8954
254.3834 48.8947
254.3892 48.8939
254.3950 48.8932
254.4009 48.8924
254.4067 48.8917
254.4125 48.8909
254.4184 48.8902
254.4242 48.8894
254.4300 48.8887
254.4359 48.8879
254.4417 48.8872
254.4475 48.8864
254.4534 48.8857
254.4592 48.8849
254.4650 48.8842
254.4709 48.8834
254.4767 48.8827
254.4825 48.8819
254.4884 48.8812
254.4942 48.8804
254.5000 48.8797
254.5059 48.8789
254.5117 48.8781
254.5175 48.8774
254.5234 48.8766
254.5292 48.8759
254.5350 48.8751
254.5409 48.8743
254.5467 48.8736
254.5525 48.8728
254.5584 48.8720
254.5642 48.8713
254.5700 48.8705
254.5759 48.8698
254.5817 48.8690
254.5875 48.8682
254.5933 48.8674
254.5992 48.8667
254.6050 48.8659
254.6108 48.8651
254.6167 48.8644
254.6225 48.8636
254.6283 48.8628
254.6342 48.8621
254.6400 48.8613
254.6458 48.8605
254.6517 48.8597
254.6575 48.8590
254.6633 48.8582
254.6692 48.8574
254.6750 48.8566
254.6808 48.8558
254.6867 48.8551
254.6925 48.8543
254.6983 48.8535
254.7042 48.8527
254.7100 48.8519
254.7158 48.8512
254.7217 48.8504
254.7275 48.8496
254.7333 48.8488
254.7392 48.8480
254.7450 48.8472
254.7508 48.8464
254.7567 48.8457
254.7625 48.8449
254.7683 48.8441
254.7742 48.8433
254.7800 48.8425
254.7858 48.8417
254.7917 48.8409
254.7975 48.8401
254.8033 48.8393
254.8092 48.8385
254.8150 48.8377
254.8208 48.8369
254.8267 48.8362
254.8325 48.8354
254.8383 48.8346
254.8442 48.8338
254.8500 48.8330
254.8558 48.8322
254.8617 48.8314
254.8675 48.8306
254.8733 48.8298
254.8792 48.8290
254.8850 48.8282
254.8908 48.8273
254.8967 48.8265
254.9025 48.8257
254.9083 48.8249
254.9142 48.8241
254.9200 48.8233
254.9258 48.8225
254.9317 48.8217
254.9375 48.8209
254.9433 48.8201
254.9492 48.8193
254.9550 48.8185
254.9608 48.8176
254.9667 48.8168
254.9725 48.8160
254.9783 48.8152
254.9842 48.8144
254.9900 48.8136
254.9959 48.8127
255.0017 48.8119
255.0075 48.8111
255.0134 48.8103
255.0192 48.8095
255.0250 48.8086
255.0309 48.8078
255.0367 48.8070
255.0425 48.8062
255.0484 48.8054
255.0542 48.8045
255.0600 48.8037
255.0659 48.8029
255.0717 48.8021
255.0775 48.8012
255.0834 48.8004
255.0892 48.7996
255.0950 48.7987
255.1009 48.7979
255.1067 48.7971
255.1125 48.7962
255.1184 48.7954
255.1242 48.7946
255.1300 48.7937
255.1359 48.7929
255.1417 48.7921
255.1475 48.7912
255.1534 48.7904
255.1592 48.7896
255.1650 48.7887
255.1709 48.7879
255.1767 48.7871
255.1826 48.7862
255.1884 48.7854
255.1942 48.7845
255.2001 48.7837
255.2059 48.7828
255.2117 48.7820
255.2176 48.7812
255.2234 48.7803
255.2292 48.7795
255.2351 48.7786
255.2409 48.7778
255.2467 48.7769
255.2526 48.7761
255.2584 48.7752
255.2642 48.7744
255.2701 48.7735
255.2759 48.7727
255.2817 48.7718
255.2876 48.7710
255.2934 48.7701
255.2992 48.7692
255.3051 48.7684
255.3109 48.7675
255.3168 48.7667
255.3226 48.7658
255.3284 48.7650
255.3343 48.7641
255.3401 48.7632
255.3459 48.7624
255.3518 48.7615
255.3576 48.7606
255.3634 48.7598
255.3693 48.7589
255.3751 48.7581
255.3809 48.7572
255.3868 48.7563
255.3926 48.7555
255.3984 48.7546
255.4043 48.7537
255.4101 48.7528
255.4159 48.7520
255.4218 48.7511
255.4276 48.7502
255.4335 48.7494
255.4393 48.7485
255.4451 48.7476
255.4510 48.7467
255.4568 48.7459
255.4626 48.7450
255.4685 48.7441
255.4743 48.7432
255.4801 48.7424
255.4860 48.7415
255.4918 48.7406
255.4976 48.7397
255.5035 48.7388
255.5093 48.7380
255.5151 48.7371
255.5210 48.7362
255.5268 48.7353
255.5327 48.7344
255.5385 48.7335
255.5443 48.7326
255.5502 48.7318
255.5560 48.7309
255.5618 48.7300
255.5677 48.7291
255.5735 48.7282
255.5793 48.7273
255.5852 48.7264
255.5910 48.7255
255.5968 48.7246
255.6027 48.7237
255.6085 48.7228
255.6144 48.7219
255.6202 48.7210
255.6260 48.7202
255.6319 48.7193
255.6377 48.7184
255.6435 48.7175
255.6494 48.7166
255.6552 48.7157
255.6610 48.7148
255.6669 48.7139
255.6727 48.7129
255.6785 48.7120
255.6844 48.7111
255.6902 48.7102
255.6961 48.7093
255.7019 48.7084
255.7077 48.7075
255.7136 48.7066
255.7194 48.7057
255.7252 48.7048
255.7311 48.7039
255.7369 48.7030
255.7427 48.7020
255.7486 48.7011
255.7544 48.7002
255.7602 48.6993
255.7661 48.6984
255.7719 48.6975
255.7777 48.6966
255.7836 48.6956
255.7894 48.6947
255.7953 48.6938
255.8011 48.6929
255.8069 48.6920
255.8128 48.6910
255.8186 48.6901
255.8244 48.6892
255.8303 48.6883
255.8361 48.6873
255.8419 48.6864
255.8478 48.6855
255.8536 48.6846
255.8595 48.6836
255.8653 48.6827
255.8711 48.6818
255.8770 48.6809
255.8828 48.6799
255.8886 48.6790
255.8945 48.6781
255.9003 48.6771
255.9061 48.6762
255.9120 48.6753
255.9178 48.6743
255.9236 48.6734
255.9295 48.6724
255.9353 48.6715
255.9412 48.6706
255.9470 48.6696
255.9528 48.6687
255.9587 48.6678
255.9645 48.6668
255.9703 48.6659
255.9762 48.6649
255.9820 48.6640
255.9878 48.6630
255.9937 48.6621
255.9995 48.6611
256.0053 48.6602
256.0112 48.6592
256.0170 48.6583
256.0229 48.6574
256.0287 48.6564
256.0345 48.6554
256.0404 48.6545
256.0462 48.6535
256.0520 48.6526
256.0579 48.6516
256.0637 48.6507
256.0695 48.6497
256.0754 48.6488
256.0812 48.6478
256.0871 48.6469
256.0929 48.6459
256.0987 48.6449
256.1046 48.6440
256.1104 48.6430
256.1162 48.6421
256.1221 48.6411
256.1279 48.6401
256.1337 48.6392
256.1396 48.6382
256.1454 48.6372
256.1513 48.6363
256.1571 48.6353
256.1629 48.6343
256.1688 48.6334
256.1746 48.6324
256.1804 48.6314
256.1863 48.6305
256.1921 48.6295
256.1979 48.6285
256.2038 48.6275
256.2096 48.6266
256.2155 48.6256
256.2213 48.6246
256.2271 48.6236
256.2330 48.6227
256.2388 48.6217
256.2446 48.6207
256.2505 48.6197
256.2563 48.6187
256.2622 48.6178
256.2680 48.6168
256.2738 48.6158
256.2797 48.6148
256.2855 48.6138
256.2913 48.6128
256.2972 48.6118
256.3030 48.6109
256.3088 48.6099
256.3147 48.6089
256.3205 48.6079
256.3264 48.6069
256.3322 48.6059
256.3380 48.6049
256.3439 48.6039
256.3497 48.6029
256.3555 48.6019
256.3614 48.6009
256.3672 48.6000
256.3731 48.5990
256.3789 48.5980
256.3847 48.5970
256.3906 48.5960
256.3964 48.5950
256.4022 48.5940
256.4081 48.5930
256.4139 48.5920
256.4198 48.5910
256.4256 48.5899
256.4314 48.5889
256.4373 48.5879
256.4431 48.5869
256.4489 48.5859
256.4548 48.5849
256.4606 48.5839
256.4665 48.5829
256.4723 48.5819
256.4781 48.5809
256.4840 48.5799
256.4898 48.5789
256.4956 48.5778
256.5015 48.5768
256.5073 48.5758
256.5132 48.5748
256.5190 48.5738
256.5248 48.5728
256.5307 48.5717
256.5365 48.5707
256.5423 48.5697
256.5482 48.5687
256.5540 48.5677
256.5599 48.5666
256.5657 48.5656
256.5715 48.5646
256.5774 48.5636
256.5832 48.5625
256.5890 48.5615
256.5949 48.5605
256.6007 48.5595
256.6066 48.5584
256.6124 48.5574
256.6182 48.5564
256.6241 48.5553
256.6299 48.5543
256.6358 48.5533
256.6416 48.5522
256.6474 48.5512
256.6533 48.5502
256.6591 48.5491
256.6649 48.5481
256.6708 48.5471
256.6766 48.5460
256.6825 48.5450
256.6883 48.5440
256.6941 48.5429
256.7000 48.5419
256.7058 48.5408
256.7116 48.5398
256.7175 48.5387
256.7233 48.5377
256.7292 48.5367
256.7350 48.5356
256.7408 48.5346
256.7467 48.5335
256.7525 48.5325
256.7584 48.5314
256.7642 48.5304
256.7700 48.5293
256.7759 48.5283
256.7817 48.5272
256.7875 48.5262
256.7934 48.5251
256.7992 48.5240
256.8051 48.5230
256.8109 48.5219
256.8167 48.5209
256.8226 48.5198
256.8284 48.5188
256.8343 48.5177
256.8401 48.5166
256.8459 48.5156
256.8518 48.5145
256.8576 48.5134
256.8634 48.5124
256.8693 48.5113
256.8751 48.5103
256.8810 48.5092
256.8868 48.5081
256.8926 48.5070
256.8985 48.5060
256.9043 48.5049
256.9102 48.5038
256.9160 48.5028
256.9218 48.5017
256.9277 48.5006
256.9335 48.4995
256.9393 48.4985
256.9452 48.4974
256.9510 48.4963
256.9569 48.4952
256.9627 48.4942
256.9685 48.4931
256.9744 48.4920
256.9802 48.4909
256.9861 48.4898
256.9919 48.4888
256.9977 48.4877
257.0036 48.4866
257.0094 48.4855
257.0152 48.4844
257.0211 48.4833
257.0269 48.4823
257.0328 48.4812
257.0386 48.4801
257.0444 48.4790
257.0503 48.4779
257.0561 48.4768
257.0620 48.4757
257.0678 48.4746
257.0736 48.4735
257.0795 48.4724
257.0853 48.4713
257.0911 48.4702
257.0970 48.4691
257.1028 48.4680
257.1087 48.4669
257.1145 48.4658
257.1203 48.4647
257.1262 48.4636
257.1320 48.4625
257.1379 48.4614
257.1437 48.4603
257.1495 48.4592
257.1554 48.4581
257.1612 48.4570
257.1671 48.4559
257.1729 48.4548
257.1787 48.4537
257.1846 48.4526
257.1904 48.4515
257.1962 48.4504
257.2021 48.4493
257.2079 48.4481
257.2138 48.4470
257.2196 48.4459
257.2254 48.4448
257.2313 48.4437
257.2371 48.4426
257.2430 48.4414
257.2488 48.4403
257.2546 48.4392
257.2605 48.4381
257.2663 48.4370
257.2721 48.4358
257.2780 48.4347
257.2838 48.4336
257.2897 48.4325
257.2955 48.4313
257.3013 48.4302
257.3072 48.4291
257.3130 48.4280
257.3189 48.4268
257.3247 48.4257
257.3305 48.4246
257.3364 48.4234
257.3422 48.4223
257.3481 48.4212
257.3539 48.4200
257.3597 48.4189
257.3656 48.4178
257.3714 48.4166
257.3772 48.4155
257.3831 48.4144
257.3889 48.4132
257.3948 48.4121
257.4006 48.4109
257.4064 48.4098
257.4123 48.4087
257.4181 48.4075
257.4240 48.4064
257.4298 48.4052
257.4356 48.4041
257.4415 48.4029
257.4473 48.4018
257.4532 48.4006
257.4590 48.3995
257.4648 48.3983
257.4707 48.3972
257.4765 48.3960
257.4824 48.3949
257.4882 48.3937
257.4940 48.3926
257.4999 48.3914
257.5057 48.3903
257.5115 48.3891
257.5174 48.3880
257.5232 48.3868
257.5291 48.3856
257.5349 48.3845
257.5407 48.3833
257.5466 48.3822
257.5524 48.3810
257.5583 48.3798
257.5641 48.3787
257.5699 48.3775
257.5758 48.3763
257.5816 48.3752
257.5875 48.3740
257.5933 48.3728
257.5991 48.3717
257.6050 48.3705
257.6108 48.3693
257.6167 48.3682
257.6225 48.3670
257.6283 48.3658
257.6342 48.3646
257.6400 48.3635
257.6459 48.3623
257.6517 48.3611
257.6575 48.3599
257.6634 48.3587
257.6692 48.3576
257.6751 48.3564
257.6809 48.3552
257.6867 48.3540
257.6926 48.3528
257.6984 48.3517
257.7043 48.3505
257.7101 48.3493
257.7159 48.3481
257.7218 48.3469
257.7276 48.3457
257.7335 48.3445
257.7393 48.3433
257.7451 48.3422
257.7510 48.3410
257.7568 48.3398
257.7627 48.3386
257.7685 48.3374
257.7743 48.3362
257.7802 48.3350
257.7860 48.3338
257.7919 48.3326
257.7977 48.3314
257.8035 48.3302
257.8094 48.3290
257.8152 48.3278
257.8211 48.3266
257.8269 48.3254
257.8327 48.3242
257.8386 48.3230
257.8444 48.3218
257.8503 48.3206
257.8561 48.3194
257.8619 48.3182
257.8678 48.3170
257.8736 48.3157
257.8795 48.3145
257.8853 48.3133
257.8911 48.3121
257.8970 48.3109
257.9028 48.3097
257.9087 48.3085
257.9145 48.3072
257.9204 48.3060
257.9262 48.3048
257.9320 48.3036
257.9379 48.3024
257.9437 48.3012
257.9496 48.2999
257.9554 48.2987
257.9612 48.2975
257.9671 48.2963
257.9729 48.2950
257.9788 48.2938
257.9846 48.2926
257.9904 48.2914
257.9963 48.2901
258.0021 48.2889
258.0080 48.2877
258.0138 48.2864
258.0196 48.2852
258.0255 48.2840
258.0313 48.2828
258.0372 48.2815
258.0430 48.2803
258.0488 48.2790
258.0547 48.2778
258.0605 48.2766
258.0664 48.2753
258.0722 48.2741
258.0781 48.2729
258.0839 48.2716
258.0897 48.2704
258.0956 48.2691
258.1014 48.2679
258.1073 48.2666
258.1131 48.2654
258.1189 48.2642
258.1248 48.2629
258.1306 48.2617
258.1365 48.2604
258.1423 48.2592
258.1481 48.2579
258.1540 48.2567
258.1598 48.2554
258.1657 48.2542
258.1715 48.2529
258.1773 48.2516
258.1832 48.2504
258.1890 48.2491
258.1949 48.2479
258.2007 48.2466
258.2066 48.2454
258.2124 48.2441
258.2182 48.2428
258.2241 48.2416
258.2299 48.2403
258.2358 48.2390
258.2416 48.2378
258.2474 48.2365
258.2533 48.2352
258.2591 48.2340
258.2650 48.2327
258.2708 48.2314
258.2766 48.2302
258.2825 48.2289
258.2883 48.2276
258.2942 48.2264
258.3000 48.2251
258.3058 48.2238
258.3117 48.2225
258.3175 48.2213
258.3234 48.2200
258.3292 48.2187
258.3351 48.2174
258.3409 48.2161
258.3467 48.2149
258.3526 48.2136
258.3584 48.2123
258.3643 48.2110
258.3701 48.2097
258.3759 48.2085
258.3818 48.2072
258.3876 48.2059
258.3935 48.2046
258.3993 48.2033
258.4051 48.2020
258.4110 48.2007
258.4168 48.1994
258.4227 48.1981
258.4285 48.1968
258.4344 48.1956
258.4402 48.1943
258.4460 48.1930
258.4519 48.1917
258.4577 48.1904
258.4636 48.1891
258.4694 48.1878
258.4752 48.1865
258.4811 48.1852
258.4869 48.1839
258.4928 48.1826
258.4986 48.1813
258.5044 48.1800
258.5103 48.1787
258.5161 48.1773
258.5220 48.1760
258.5278 48.1747
258.5337 48.1734
258.5395 48.1721
258.5453 48.1708
258.5512 48.1695
258.5570 48.1682
258.5629 48.1669
258.5687 48.1656
258.5745 48.1642
258.5804 48.1629
258.5862 48.1616
258.5921 48.1603
258.5979 48.1590
258.6037 48.1577
258.6096 48.1563
258.6154 48.1550
258.6213 48.1537
258.6271 48.1524
258.6330 48.1510
258.6388 48.1497
258.6446 48.1484
258.6505 48.1471
258.6563 48.1457
258.6622 48.1444
258.6680 48.1431
258.6738 48.1417
258.6797 48.1404
258.6855 48.1391
258.6914 48.1378
258.6972 48.1364
258.7030 48.1351
258.7089 48.1337
258.7147 48.1324
258.7206 48.1311
258.7264 48.1297
258.7323 48.1284
258.7381 48.1271
258.7439 48.1257
258.7498 48.1244
258.7556 48.1230
258.7615 48.1217
258.7673 48.1203
258.7731 48.1190
258.7790 48.1176
258.7848 48.1163
258.7907 48.1150
258.7965 48.1136
258.8024 48.1123
258.8082 48.1109
258.8140 48.1095
258.8199 48.1082
258.8257 48.1068
258.8316 48.1055
258.8374 48.1041
258.8432 48.1028
258.8491 48.1014
258.8549 48.1001
258.8608 48.0987
258.8666 48.0973
258.8725 48.0960
258.8783 48.0946
258.8841 48.0933
258.8900 48.0919
258.8958 48.0905
258.9017 48.0892
258.9075 48.0878
258.9133 48.0864
258.9192 48.0851
258.9250 48.0837
258.9309 48.0823
258.9367 48.0809
258.9426 48.0796
258.9484 48.0782
258.9542 48.0768
258.9601 48.0755
258.9659 48.0741
258.9718 48.0727
258.9776 48.0713
258.9835 48.0699
258.9893 48.0686
258.9951 48.0672
259.0010 48.0658
259.0068 48.0644
259.0127 48.0630
259.0185 48.0617
259.0243 48.0603
259.0302 48.0589
259.0360 48.0575
259.0419 48.0561
259.0477 48.0547
259.0536 48.0533
259.0594 48.0519
259.0652 48.0506
259.0711 48.0492
259.0769 48.0478
259.0828 48.0464
259.0886 48.0450
259.0945 48.0436
259.1003 48.0422
259.1061 48.0408
259.1120 48.0394
259.1178 48.0380
259.1237 48.0366
259.1295 48.0352
259.1353 48.0338
259.1412 48.0324
259.1470 48.0310
259.1529 48.0296
259.1587 48.0282
259.1646 48.0268
259.1704 48.0254
259.1762 48.0239
259.1821 48.0225
259.1879 48.0211
259.1938 48.0197
259.1996 48.0183
259.2055 48.0169
259.2113 48.0155
259.2171 48.0141
259.2230 48.0126
259.2288 48.0112
259.2347 48.0098
259.2405 48.0084
259.2464 48.0070
259.2522 48.0056
259.2580 48.0041
259.2639 48.0027
259.2697 48.0013
259.2756 47.9999
259.2814 47.9984
259.2873 47.9970
259.2931 47.9956
259.2989 47.9942
259.3048 47.9927
259.3106 47.9913
259.3165 47.9899
259.3223 47.9884
259.3282 47.9870
259.3340 47.9856
259.3398 47.9841
259.3457 47.9827
259.3515 47.9813
259.3574 47.9798
259.3632 47.9784
259.3691 47.9769
259.3749 47.9755
259.3807 47.9741
259.3866 47.9726
259.3924 47.9712
259.3983 47.9697
259.4041 47.9683
259.4100 47.9668
259.4158 47.9654
259.4216 47.9640
259.4275 47.9625
259.4333 47.9611
259.4392 47.9596
259.4450 47.9582
259.4509 47.9567
259.4567 47.9553
259.4625 47.9538
259.4684 47.9523
259.4742 47.9509
259.4801 47.9494
259.4859 47.9480
259.4918 47.9465
259.4976 47.9451
259.5034 47.9436
259.5093 47.9421
259.5151 47.9407
259.5210 47.9392
259.5268 47.9377
259.5327 47.9363
259.5385 47.9348
259.5443 47.9333
259.5502 47.9319
259.5560 47.9304
259.5619 47.9289
259.5677 47.9275
259.5736 47.9260
259.5794 47.9245
259.5852 47.9230
259.5911 47.9216
259.5969 47.9201
259.6028 47.9186
259.6086 47.9171
259.6145 47.9157
259.6203 47.9142
259.6261 47.9127
259.6320 47.9112
259.6378 47.9097
259.6437 47.9083
259.6495 47.9068
259.6554 47.9053
259.6612 47.9038
259.6670 47.9023
259.6729 47.9008
259.6787 47.8993
259.6846 47.8979
259.6904 47.8964
259.6963 47.8949
259.7021 47.8934
259.7079 47.8919
259.7138 47.8904
259.7196 47.8889
259.7255 47.8874
259.7313 47.8859
259.7372 47.8844
259.7430 47.8829
259.7488 47.8814
259.7547 47.8799
259.7605 47.8784
259.7664 47.8769
259.7722 47.8754
259.7781 47.8739
259.7839 47.8724
259.7897 47.8709
259.7956 47.8694
259.8014 47.8679
259.8073 47.8664
259.8131 47.8649
259.8190 47.8633
259.8248 47.8618
259.8306 47.8603
259.8365 47.8588
259.8423 47.8573
259.8482 47.8558
259.8540 47.8543
259.8599 47.8527
259.8657 47.8512
259.8715 47.8497
259.8774 47.8482
259.8832 47.8467
259.8891 47.8451
259.8949 47.8436
259.9008 47.8421
259.9066 47.8406
259.9124 47.8390
259.9183 47.8375
259.9241 47.8360
259.9300 47.8345
259.9358 47.8329
259.9417 47.8314
259.9475 47.8299
259.9533 47.8283
259.9592 47.8268
259.9650 47.8253
259.9709 47.8237
259.9767 47.8222
259.9826 47.8207
259.9884 47.8191
259.9942 47.8176
260.0001 47.8160
260.0059 47.8145
260.0118 47.8129
260.0176 47.8114
260.0235 47.8099
260.0293 47.8083
260.0351 47.8068
260.0410 47.8052
260.0468 47.8037
260.0527 47.8021
260.0585 47.8006
260.0644 47.7990
260.0702 47.7975
260.0760 47.7959
260.0819 47.7944
260.0877 47.7928
260.0936 47.7913
260.0994 47.7897
260.1053 47.7881
260.1111 47.7866
260.1169 47.7850
260.1228 47.7835
260.1286 47.7819
260.1345 47.7803
260.1403 47.7788
260.1462 47.7772
260.1520 47.7756
260.1578 47.7741
260.1637 47.7725
260.1695 47.7709
260.1754 47.7694
260.1812 47.7678
260.1871 47.7662
260.1929 47.7647
260.1988 47.7631
260.2046 47.7615
260.2104 47.7599
260.2163 47.7584
260.2221 47.7568
260.2280 47.7552
260.2338 47.7536
260.2397 47.7521
260.2455 47.7505
260.2513 47.7489
260.2572 47.7473
260.2630 47.7457
260.2689 47.7441
260.2747 47.7426
260.2806 47.7410
260.2864 47.7394
260.2922 47.7378
260.2981 47.7362
260.3039 47.7346
260.3098 47.7330
260.3156 47.7314
260.3215 47.7298
260.3273 47.7282
260.3331 47.7267
260.3390 47.7251
260.3448 47.7235
260.3507 47.7219
260.3565 47.7203
260.3624 47.7187
260.3682 47.7171
260.3741 47.7155
260.3799 47.7139
260.3857 47.7123
260.3916 47.7106
260.3974 47.7090
260.4033 47.7074
260.4091 47.7058
260.4150 47.7042
260.4208 47.7026
260.4266 47.7010
260.4325 47.6994
260.4383 47.6978
260.4442 47.6962
260.4500 47.6945
260.4559 47.6929
260.4617 47.6913
260.4676 47.6897
260.4734 47.6881
260.4792 47.6865
260.4851 47.6848
260.4909 47.6832
260.4968 47.6816
260.5026 47.6800
260.5085 47.6783
260.5143 47.6767
260.5201 47.6751
260.5260 47.6735
260.5318 47.6718
260.5377 47.6702
260.5435 47.6686
260.5494 47.6670
260.5552 47.6653
260.5611 47.6637
260.5669 47.6621
260.5727 47.6604
260.5786 47.6588
260.5844 47.6571
260.5903 47.6555
260.5961 47.6539
260.6020 47.6522
260.6078 47.6506
260.6137 47.6489
260.6195 47.6473
260.6253 47.6457
260.6312 47.6440
260.6370 47.6424
260.6429 47.6407
260.6487 47.6391
260.6546 47.6374
260.6604 47.6358
260.6662 47.6341
260.6721 47.6325
260.6779 47.6308
260.6838 47.6292
260.6896 47.6275
260.6955 47.6259
260.7013 47.6242
260.7072 47.6226
260.7130 47.6209
260.7188 47.6192
260.7247 47.6176
260.7305 47.6159
260.7364 47.6143
260.7422 47.6126
260.7481 47.6109
260.7539 47.6093
260.7597 47.6076
260.7656 47.6059
260.7714 47.6043
260.7773 47.6026
260.7831 47.6009
260.7890 47.5992
260.7948 47.5976
260.8007 47.5959
260.8065 47.5942
260.8123 47.5926
260.8182 47.5909
260.8240 47.5892
260.8299 47.5875
260.8357 47.5858
260.8416 47.5842
260.8474 47.5825
260.8533 47.5808
260.8591 47.5791
260.8649 47.5774
260.8708 47.5758
260.8766 47.5741
260.8825 47.5724
260.8883 47.5707
260.8942 47.5690
260.9000 47.5673
260.9058 47.5656
260.9117 47.5639
260.9175 47.5622
260.9234 47.5605
260.9292 47.5589
260.9351 47.5572
260.9409 47.5555
260.9468 47.5538
260.9526 47.5521
260.9584 47.5504
260.9643 47.5487
260.9701 47.5470
260.9760 47.5453
260.9818 47.5436
260.9877 47.5419
260.9935 47.5402
260.9994 47.5384
261.0052 47.5367
261.0110 47.5350
261.0169 47.5333
261.0227 47.5316
261.0286 47.5299
261.0344 47.5282
261.0403 47.5265
261.0461 47.5248
261.0519 47.5230
261.0578 47.5213
261.0636 47.5196
261.0695 47.5179
261.0753 47.5162
261.0812 47.5145
261.0870 47.5127
261.0929 47.5110
261.0987 47.5093
261.1045 47.5076
261.1104 47.5058
261.1162 47.5041
261.1221 47.5024
261.1279 47.5007
261.1338 47.4989
261.1396 47.4972
261.1454 47.4955
261.1513 47.4937
261.1571 47.4920
261.1630 47.4903
261.1688 47.4885
261.1747 47.4868
261.1805 47.4851
261.1864 47.4833
261.1922 47.4816
261.1980 47.4798
261.2039 47.4781
261.2097 47.4764
261.2156 47.4746
261.2214 47.4729
261.2273 47.4711
261.2331 47.4694
261.2389 47.4676
261.2448 47.4659
261.2506 47.4641
261.2565 47.4624
261.2623 47.4606
261.2682 47.4589
261.2740 47.4571
261.2798 47.4554
261.2857 47.4536
261.2915 47.4519
261.2974 47.4501
261.3032 47.4484
261.3091 47.4466
261.3149 47.4448
261.3208 47.4431
261.3266 47.4413
261.3324 47.4396
261.3383 47.4378
261.3441 47.4360
261.3500 47.4343
261.3558 47.4325
261.3617 47.4307
261.3675 47.4290
261.3733 47.4272
261.3792 47.4254
261.3850 47.4236
261.3909 47.4219
261.3967 47.4201
261.4026 47.4183
261.4084 47.4166
261.4142 47.4148
261.4201 47.4130
261.4259 47.4112
261.4318 47.4094
261.4376 47.4077
261.4435 47.4059
261.4493 47.4041
261.4552 47.4023
261.4610 47.4005
261.4668 47.3987
261.4727 47.3970
261.4785 47.3952
261.4844 47.3934
261.4902 47.3916
261.4961 47.3898
261.5019 47.3880
261.5077 47.3862
261.5136 47.3844
261.5194 47.3826
261.5253 47.3808
261.5311 47.3790
261.5370 47.3772
261.5428 47.3754
261.5487 47.3736
261.5545 47.3718
261.5603 47.3700
261.5662 47.3682
261.5720 47.3664
261.5779 47.3646
261.5837 47.3628
261.5896 47.3610
261.5954 47.3592
261.6013 47.3574
261.6071 47.3556
261.6129 47.3538
261.6188 47.3520
261.6246 47.3501
261.6305 47.3483
261.6363 47.3465
261.6422 47.3447
261.6480 47.3429
261.6538 47.3411
261.6597 47.3392
261.6655 47.3374
261.6714 47.3356
261.6772 47.3338
261.6831 47.3320
261.6889 47.3301
261.6948 47.3283
261.7006 47.3265
261.7064 47.3247
261.7123 47.3228
261.7181 47.3210
261.7240 47.3192
261.7298 47.3173
261.7357 47.3155
261.7415 47.3137
261.7474 47.3118
261.7532 47.3100
261.7590 47.3082
261.7649 47.3063
261.7707 47.3045
261.7766 47.3027
261.7824 47.3008
261.7883 47.2990
261.7941 47.2971
261.8000 47.2953
261.8058 47.2934
261.8116 47.2916
261.8175 47.2898
261.8233 47.2879
261.8292 47.2861
261.8350 47.2842
261.8409 47.2824
261.8467 47.2805
261.8525 47.2787
261.8584 47.2768
261.8642 47.2749
261.8701 47.2731
261.8759 47.2712
261.8818 47.2694
261.8876 47.2675
261.8935 47.2657
261.8993 47.2638
261.9051 47.2619
261.9110 47.2601
261.9168 47.2582
261.9227 47.2563
261.9285 47.2545
261.9344 47.2526
261.9402 47.2507
261.9461 47.2489
261.9519 47.2470
261.9577 47.2451
261.9636 47.2433
261.9694 47.2414
261.9753 47.2395
261.9811 47.2376
261.9870 47.2358
261.9928 47.2339
261.9987 47.2320
262.0045 47.2301
262.0103 47.2283
262.0162 47.2264
262.0220 47.2245
262.0279 47.2226
262.0337 47.2207
262.0396 47.2188
262.0454 47.2170
262.0512 47.2151
262.0571 47.2132
262.0629 47.2113
262.0688 47.2094
262.0746 47.2075
262.0805 47.2056
262.0863 47.2037
262.0922 47.2018
262.0980 47.1999
262.1038 47.1980
262.1097 47.1961
262.1155 47.1942
262.1214 47.1923
262.1272 47.1904
262.1331 47.1885
262.1389 47.1866
262.1448 47.1847
262.1506 47.1828
262.1564 47.1809
262.1623 47.1790
262.1681 47.1771
262.1740 47.1752
262.1798 47.1733
262.1857 47.1714
262.1915 47.1695
262.1973 47.1676
262.2032 47.1657
262.2090 47.1637
262.2149 47.1618
262.2207 47.1599
262.2266 47.1580
262.2324 47.1561
262.2383 47.1542
262.2441 47.1522
262.2499 47.1503
262.2558 47.1484
262.2616 47.1465
262.2675 47.1445
262.2733 47.1426
262.2792 47.1407
262.2850 47.1388
262.2908 47.1368
262.2967 47.1349
262.3025 47.1330
262.3084 47.1310
262.3142 47.1291
262.3201 47.1272
262.3259 47.1252
262.3318 47.1233
262.3376 47.1214
262.3434 47.1194
262.3493 47.1175
262.3551 47.1155
262.3610 47.1136
262.3668 47.1117
262.3727 47.1097
262.3785 47.1078
262.3843 47.1058
262.3902 47.1039
262.3960 47.1019
262.4019 47.1000
262.4077 47.0980
262.4136 47.0961
262.4194 47.0941
262.4253 47.0922
262.4311 47.0902
262.4369 47.0883
262.4428 47.0863
262.4486 47.0844
262.4545 47.0824
262.4603 47.0805
262.4662 47.0785
262.4720 47.0765
262.4778 47.0746
262.4837 47.0726
262.4895 47.0706
262.4954 47.0687
262.5012 47.0667
262.5071 47.0647
262.5129 47.0628
262.5187 47.0608
262.5246 47.0588
262.5304 47.0569
262.5363 47.0549
262.5421 47.0529
262.5480 47.0509
262.5538 47.0490
262.5596 47.0470
262.5655 47.0450
262.5713 47.0430
262.5772 47.0411
262.5830 47.0391
262.5889 47.0371
262.5947 47.0351
262.6005 47.0331
262.6064 47.0312
262.6122 47.0292
262.6181 47.0272
262.6239 47.0252
262.6298 47.0232
262.6356 47.0212
262.6414 47.0192
262.6473 47.0172
262.6531 47.0152
262.6590 47.0132
262.6648 47.0113
262.6707 47.0093
262.6765 47.0073
262.6824 47.0053
262.6882 47.0033
262.6940 47.0013
262.6999 46.9993
262.7057 46.9973
262.7116 46.9953
262.7174 46.9933
262.7233 46.9912
262.7291 46.9892
262.7349 46.9872
262.7408 46.9852
262.7466 46.9832
262.7525 46.9812
262.7583 46.9792
262.7642 46.9772
262.7700 46.9752
262.7758 46.9732
262.7817 46.9711
262.7875 46.9691
262.7934 46.9671
262.7992 46.9651
262.8051 46.9631
262.8109 46.9610
262.8167 46.9590
262.8226 46.9570
262.8284 46.9550
262.8343 46.9530
262.8401 46.9509
262.8460 46.9489
262.8518 46.9469
262.8577 46.9448
262.8635 46.9428
262.8693 46.9408
262.8752 46.9388
262.8810 46.9367
262.8869 46.9347
262.8927 46.9326
262.8986 46.9306
262.9044 46.9286
262.9102 46.9265
262.9161 46.9245
262.9219 46.9225
262.9278 46.9204
262.9336 46.9184
262.9395 46.9163
262.9453 46.9143
262.9511 46.9122
262.9570 46.9102
262.9628 46.9081
262.9687 46.9061
262.9745 46.9040
262.9804 46.9020
262.9862 46.8999
262.9921 46.8979
262.9979 46.8958
263.0037 46.8938
263.0096 46.8917
263.0154 46.8897
263.0213 46.8876
263.0271 46.8855
263.0330 46.8835
263.0388 46.8814
263.0446 46.8794
263.0505 46.8773
263.0563 46.8752
263.0622 46.8732
263.0680 46.8711
263.0739 46.8690
263.0797 46.8670
263.0855 46.8649
263.0914 46.8628
263.0972 46.8608
263.1031 46.8587
263.1089 46.8566
263.1148 46.8545
263.1206 46.8525
263.1264 46.8504
263.1323 46.8483
263.1381 46.8462
263.1440 46.8441
263.1498 46.8421
263.1557 46.8400
263.1615 46.8379
263.1674 46.8358
263.1732 46.8337
263.1790 46.8316
263.1849 46.8296
263.1907 46.8275
263.1966 46.8254
263.2024 46.8233
263.2083 46.8212
263.2141 46.8191
263.2199 46.8170
263.2258 46.8149
263.2316 46.8128
263.2375 46.8107
263.2433 46.8086
263.2492 46.8065
263.2550 46.8044
263.2608 46.8023
263.2667 46.8002
263.2725 46.7981
263.2784 46.7960
263.2842 46.7939
263.2901 46.7918
263.2959 46.7897
263.3017 46.7876
263.3076 46.7855
263.3134 46.7834
263.3193 46.7812
263.3251 46.7791
263.3310 46.7770
263.3368 46.7749
263.3426 46.7728
263.3485 46.7707
263.3543 46.7686
263.3602 46.7664
263.3660 46.7643
263.3719 46.7622
263.3777 46.7601
263.3835 46.7580
263.3894 46.7558
263.3952 46.7537
263.4011 46.7516
263.4069 46.7494
263.4128 46.7473
263.4186 46.7452
263.4244 46.7431
263.4303 46.7409
263.4361 46.7388
263.4420 46.7367
263.4478 46.7345
263.4537 46.7324
263.4595 46.7303
263.4653 46.7281
263.4712 46.7260
263.4770 46.7238
263.4829 46.7217
263.4887 46.7196
263.4946 46.7174
263.5004 46.7153
263.5062 46.7131
263.5121 46.7110
263.5179 46.7088
263.5238 46.7067
263.5296 46.7045
263.5355 46.7024
263.5413 46.7002
263.5471 46.6981
263.5530 46.6959
263.5588 46.6938
263.5647 46.6916
263.5705 46.6895
263.5764 46.6873
263.5822 46.6851
263.5880 46.6830
263.5939 46.6808
263.5997 46.6787
263.6056 46.6765
263.6114 46.6743
263.6173 46.6722
263.6231 46.6700
263.6289 46.6678
263.6348 46.6657
263.6406 46.6635
263.6465 46.6613
263.6523 46.6591
263.6582 46.6570
263.6640 46.6548
263.6698 46.6526
263.6757 46.6504
263.6815 46.6483
263.6874 46.6461
263.6932 46.6439
263.6990 46.6417
263.7049 46.6396
263.7107 46.6374
263.7166 46.6352
263.7224 46.6330
263.7283 46.6308
263.7341 46.6286
263.7399 46.6264
263.7458 46.6243
263.7516 46.6221
263.7575 46.6199
263.7633 46.6177
263.7691 46.6155
263.7750 46.6133
263.7808 46.6111
263.7867 46.6089
263.7925 46.6067
263.7984 46.6045
263.8042 46.6023
263.8100 46.6001
263.8159 46.5979
263.8217 46.5957
263.8276 46.5935
263.8334 46.5913
263.8393 46.5891
263.8451 46.5869
263.8509 46.5847
263.8568 46.5825
263.8626 46.5803
263.8685 46.5780
263.8743 46.5758
263.8801 46.5736
263.8860 46.5714
263.8918 46.5692
263.8977 46.5670
263.9035 46.5648
263.9094 46.5625
263.9152 46.5603
263.9210 46.5581
263.9269 46.5559
263.9327 46.5537
263.9386 46.5514
263.9444 46.5492
263.9502 46.5470
263.9561 46.5448
263.9619 46.5425
263.9678 46.5403
263.9736 46.5381
263.9795 46.5358
263.9853 46.5336
263.9911 46.5314
263.9970 46.5291
264.0028 46.5269
264.0087 46.5247
264.0145 46.5224
264.0203 46.5202
264.0262 46.5180
264.0320 46.5157
264.0379 46.5135
264.0437 46.5112
264.0496 46.5090
264.0554 46.5067
264.0612 46.5045
264.0671 46.5022
264.0729 46.5000
264.0788 46.4977
264.0846 46.4955
264.0904 46.4932
264.0963 46.4910
264.1021 46.4887
264.1080 46.4865
264.1138 46.4842
264.1197 46.4820
264.1255 46.4797
264.1313 46.4775
264.1372 46.4752
264.1430 46.4729
264.1489 46.4707
264.1547 46.4684
264.1605 46.4661
264.1664 46.4639
264.1722 46.4616
264.1781 46.4593
264.1839 46.4571
264.1898 46.4548
264.1956 46.4525
264.2014 46.4503
264.2073 46.4480
264.2131 46.4457
264.2190 46.4434
264.2248 46.4412
264.2306 46.4389
264.2365 46.4366
264.2423 46.4343
264.2482 46.4321
264.2540 46.4298
264.2599 46.4275
264.2657 46.4252
264.2715 46.4229
264.2774 46.4206
264.2832 46.4183
264.2891 46.4161
264.2949 46.4138
264.3007 46.4115
264.3066 46.4092
264.3124 46.4069
264.3183 46.4046
264.3241 46.4023
264.3300 46.4000
264.3358 46.3977
264.3416 46.3954
264.3475 46.3931
264.3533 46.3908
264.3592 46.3885
264.3650 46.3862
264.3708 46.3839
264.3767 46.3816
264.3825 46.3793
264.3884 46.3770
264.3942 46.3747
264.4001 46.3724
264.4059 46.3701
264.4117 46.3678
264.4176 46.3655
264.4234 46.3631
264.4293 46.3608
264.4351 46.3585
264.4409 46.3562
264.4468 46.3539
264.4526 46.3516
264.4585 46.3492
264.4643 46.3469
264.4701 46.3446
264.4760 46.3423
264.4818 46.3400
264.4877 46.3376
264.4935 46.3353
264.4994 46.3330
264.5052 46.3307
264.5110 46.3283
264.5169 46.3260
264.5227 46.3237
264.5286 46.3213
264.5344 46.3190
264.5402 46.3167
264.5461 46.3143
264.5519 46.3120
264.5578 46.3097
264.5636 46.3073
264.5694 46.3050
264.5753 46.3026
264.5811 46.3003
264.5870 46.2980
264.5928 46.2956
264.5987 46.2933
264.6045 46.2909
264.6103 46.2886
264.6162 46.2862
264.6220 46.2839
264.6279 46.2815
264.6337 46.2792
264.6395 46.2768
264.6454 46.2745
264.6512 46.2721
264.6571 46.2698
264.6629 46.2674
264.6687 46.2651
264.6746 46.2627
264.6804 46.2603
264.6863 46.2580
264.6921 46.2556
264.6979 46.2532
264.7038 46.2509
264.7096 46.2485
264.7155 46.2462
264.7213 46.2438
264.7272 46.2414
264.7330 46.2390
264.7388 46.2367
264.7447 46.2343
264.7505 46.2319
264.7564 46.2296
264.7622 46.2272
264.7680 46.2248
264.7739 46.2224
264.7797 46.2201
264.7856 46.2177
264.7914 46.2153
264.7972 46.2129
264.8031 46.2105
264.8089 46.2081
264.8148 46.2058
264.8206 46.2034
264.8264 46.2010
264.8323 46.1986
264.8381 46.1962
264.8440 46.1938
264.8498 46.1914
264.8556 46.1890
264.8615 46.1867
264.8673 46.1843
264.8732 46.1819
264.8790 46.1795
264.8848 46.1771
264.8907 46.1747
264.8965 46.1723
264.9024 46.1699
264.9082 46.1675
264.9140 46.1651
264.9199 46.1627
264.9257 46.1603
264.9316 46.1579
264.9374 46.1554
264.9432 46.1530
264.9491 46.1506
264.9549 46.1482
264.9608 46.1458
264.9666 46.1434
264.9724 46.1410
264.9783 46.1386
264.9841 46.1362
264.9900 46.1337
264.9958 46.1313
265.0016 46.1289
265.0075 46.1265
265.0133 46.1241
265.0192 46.1216
265.0250 46.1192
265.0308 46.1168
265.0367 46.1144
265.0425 46.1119
265.0483 46.1095
265.0542 46.1071
265.0600 46.1047
265.0659 46.1022
265.0717 46.0998
265.0775 46.0974
265.0834 46.0949
265.0892 46.0925
265.0951 46.0901
265.1009 46.0876
265.1067 46.0852
265.1126 46.0827
265.1184 46.0803
265.1243 46.0779
265.1301 46.0754
265.1359 46.0730
265.1418 46.0705
265.1476 46.0681
265.1535 46.0656
265.1593 46.0632
265.1651 46.0607
265.1710 46.0583
265.1768 46.0558
265.1827 46.0534
265.1885 46.0509
265.1943 46.0485
265.2002 46.0460
265.2060 46.0436
265.2118 46.0411
265.2177 46.0386
265.2235 46.0362
265.2294 46.0337
265.2352 46.0313
265.2410 46.0288
265.2469 46.0263
265.2527 46.0239
265.2586 46.0214
265.2644 46.0189
265.2702 46.0165
265.2761 46.0140
265.2819 46.0115
265.2878 46.0091
265.2936 46.0066
265.2994 46.0041
265.3053 46.0016
265.3111 45.9992
265.3170 45.9967
265.3228 45.9942
265.3286 45.9917
265.3345 45.9892
265.3403 45.9868
265.3461 45.9843
265.3520 45.9818
265.3578 45.9793
265.3637 45.9768
265.3695 45.9743
265.3753 45.9718
265.3812 45.9694
265.3870 45.9669
265.3929 45.9644
265.3987 45.9619
265.4045 45.9594
265.4104 45.9569
265.4162 45.9544
265.4221 45.9519
265.4279 45.9494
265.4337 45.9469
265.4396 45.9444
265.4454 45.9419
265.4513 45.9394
265.4571 45.9369
265.4629 45.9344
265.4688 45.9319
265.4746 45.9294
265.4804 45.9269
265.4863 45.9244
265.4921 45.9218
265.4980 45.9193
265.5038 45.9168
265.5096 45.9143
265.5155 45.9118
265.5213 45.9093
265.5272 45.9068
265.5330 45.9042
265.5388 45.9017
265.5447 45.8992
265.5505 45.8967
265.5564 45.8942
265.5622 45.8916
265.5680 45.8891
265.5739 45.8866
265.5797 45.8841
265.5855 45.8815
265.5914 45.8790
265.5972 45.8765
265.6031 45.8740
265.6089 45.8714
265.6147 45.8689
265.6206 45.8664
265.6264 45.8638
265.6323 45.8613
265.6381 45.8587
265.6439 45.8562
265.6498 45.8537
265.6556 45.8511
265.6614 45.8486
265.6673 45.8460
265.6731 45.8435
265.6790 45.8410
265.6848 45.8384
265.6906 45.8359
265.6965 45.8333
265.7023 45.8308
265.7082 45.8282
265.7140 45.8257
265.7198 45.8231
265.7257 45.8206
265.7315 45.8180
265.7373 45.8155
265.7432 45.8129
265.7490 45.8103
265.7549 45.8078
265.7607 45.8052
265.7665 45.8027
265.7724 45.8001
265.7782 45.7975
265.7840 45.7950
265.7899 45.7924
265.7957 45.7898
265.8016 45.7873
265.8074 45.7847
265.8132 45.7821
265.8191 45.7796
265.8249 45.7770
265.8308 45.7744
265.8366 45.7718
265.8424 45.7693
265.8483 45.7667
265.8541 45.7641
265.8599 45.7615
265.8658 45.7590
265.8716 45.7564
265.8775 45.7538
265.8833 45.7512
265.8891 45.7486
265.8950 45.7460
265.9008 45.7435
265.9066 45.7409
265.9125 45.7383
265.9183 45.7357
265.9242 45.7331
265.9300 45.7305
265.9358 45.7279
265.9417 45.7253
265.9475 45.7227
265.9533 45.7201
265.9592 45.7175
265.9650 45.7149
265.9709 45.7123
265.9767 45.7097
265.9825 45.7071
265.9884 45.7045
265.9942 45.7019
266.0000 45.6993
266.0059 45.6967
266.0117 45.6941
266.0176 45.6915
266.0234 45.6889
266.0292 45.6863
266.0351 45.6837
266.0409 45.6811
266.0467 45.6785
266.0526 45.6758
266.0584 45.6732
266.0643 45.6706
266.0701 45.6680
266.0759 45.6654
266.0818 45.6628
266.0876 45.6601
266.0934 45.6575
266.0993 45.6549
266.1051 45.6523
266.1109 45.6496
266.1168 45.6470
266.1226 45.6444
266.1285 45.6418
266.1343 45.6391
266.1401 45.6365
266.1460 45.6339
266.1518 45.6312
266.1576 45.6286
266.1635 45.6260
266.1693 45.6233
266.1751 45.6207
266.1810 45.6181
266.1868 45.6154
266.1927 45.6128
266.1985 45.6101
266.2043 45.6075
266.2102 45.6048
266.2160 45.6022
266.2218 45.5996
266.2277 45.5969
266.2335 45.5943
266.2393 45.5916
266.2452 45.5890
266.2510 45.5863
266.2569 45.5837
266.2627 45.5810
266.2685 45.5784
266.2744 45.5757
266.2802 45.5730
266.2860 45.5704
266.2919 45.5677
266.2977 45.5651
266.3035 45.5624
266.3094 45.5597
266.3152 45.5571
266.3210 45.5544
266.3269 45.5518
266.3327 45.5491
266.3386 45.5464
266.3444 45.5437
266.3502 45.5411
266.3561 45.5384
266.3619 45.5357
266.3677 45.5331
266.3736 45.5304
266.3794 45.5277
266.3852 45.5250
266.3911 45.5224
266.3969 45.5197
266.4028 45.5170
266.4086 45.5143
266.4144 45.5116
266.4203 45.5090
266.4261 45.5063
266.4319 45.5036
266.4378 45.5009
266.4436 45.4982
266.4494 45.4955
266.4553 45.4928
266.4611 45.4901
266.4669 45.4875
266.4728 45.4848
266.4786 45.4821
266.4845 45.4794
266.4903 45.4767
266.4961 45.4740
266.5020 45.4713
266.5078 45.4686
266.5136 45.4659
266.5195 45.4632
266.5253 45.4605
266.5311 45.4578
266.5370 45.4551
266.5428 45.4524
266.5486 45.4497
266.5545 45.4469
266.5603 45.4442
266.5662 45.4415
266.5720 45.4388
266.5778 45.4361
266.5837 45.4334
266.5895 45.4307
266.5953 45.4280
266.6012 45.4252
266.6070 45.4225
266.6128 45.4198
266.6187 45.4171
266.6245 45.4144
266.6303 45.4116
266.6362 45.4089
266.6420 45.4062
266.6478 45.4035
266.6537 45.4007
266.6595 45.3980
266.6654 45.3953
266.6712 45.3926
266.6770 45.3898
266.6829 45.3871
266.6887 45.3844
266.6945 45.3816
266.7004 45.3789
266.7062 45.3762
266.7120 45.3734
266.7179 45.3707
266.7237 45.3679
266.7295 45.3652
266.7354 45.3625
266.7412 45.3597
266.7470 45.3570
266.7529 45.3542
266.7587 45.3515
266.7646 45.3487
266.7704 45.3460
266.7762 45.3432
266.7821 45.3405
266.7879 45.3377
266.7937 45.3350
266.7996 45.3322
266.8054 45.3295
266.8112 45.3267
266.8171 45.3240
266.8229 45.3212
266.8287 45.3184
266.8346 45.3157
266.8404 45.3129
266.8462 45.3102
266.8521 45.3074
266.8579 45.3046
266.8637 45.3019
266.8696 45.2991
266.8754 45.2963
266.8813 45.2936
266.8871 45.2908
266.8929 45.2880
266.8988 45.2852
266.9046 45.2825
266.9104 45.2797
266.9163 45.2769
266.9221 45.2741
266.9279 45.2714
266.9338 45.2686
266.9396 45.2658
266.9454 45.2630
266.9513 45.2602
266.9571 45.2575
266.9629 45.2547
266.9688 45.2519
266.9746 45.2491
266.9804 45.2463
266.9863 45.2435
266.9921 45.2407
266.9979 45.2379
267.0038 45.2351
267.0096 45.2324
267.0154 45.2296
267.0213 45.2268
267.0271 45.2240
267.0329 45.2212
267.0388 45.2184
267.0446 45.2156
267.0504 45.2128
267.0563 45.2100
267.0621 45.2072
267.0679 45.2044
267.0738 45.2016
267.0796 45.1988
267.0855 45.1959
267.0913 45.1931
267.0971 45.1903
267.1030 45.1875
267.1088 45.1847
267.1146 45.1819
267.1205 45.1791
267.1263 45.1763
267.1321 45.1734
267.1380 45.1706
267.1438 45.1678
267.1496 45.1650
267.1555 45.1622
267.1613 45.1594
267.1671 45.1565
267.1730 45.1537
267.1788 45.1509
267.1846 45.1481
267.1905 45.1452
267.1963 45.1424
267.2021 45.1396
267.2080 45.1367
267.2138 45.1339
267.2196 45.1311
267.2255 45.1282
267.2313 45.1254
267.2371 45.1226
267.2430 45.1197
267.2488 45.1169
267.2546 45.1141
267.2605 45.1112
267.2663 45.1084
267.2721 45.1055
267.2780 45.1027
267.2838 45.0998
267.2896 45.0970
267.2955 45.0942
267.3013 45.0913
267.3071 45.0885
267.3130 45.0856
267.3188 45.0828
267.3246 45.0799
267.3304 45.0771
267.3363 45.0742
267.3421 45.0713
267.3479 45.0685
267.3538 45.0656
267.3596 45.0628
267.3654 45.0599
267.3713 45.0571
267.3771 45.0542
267.3829 45.0513
267.3888 45.0485
267.3946 45.0456
267.4004 45.0427
267.4063 45.0399
267.4121 45.0370
267.4179 45.0341
267.4238 45.0313
267.4296 45.0284
267.4354 45.0255
267.4413 45.0226
267.4471 45.0198
267.4529 45.0169
267.4588 45.0140
267.4646 45.0111
267.4704 45.0083
267.4763 45.0054
267.4821 45.0025
267.4879 44.9996
267.4938 44.9967
267.4996 44.9938
267.5054 44.9910
267.5112 44.9881
267.5171 44.9852
267.5229 44.9823
267.5287 44.9794
267.5346 44.9765
267.5404 44.9736
267.5462 44.9707
267.5521 44.9678
267.5579 44.9649
267.5637 44.9620
267.5696 44.9591
267.5754 44.9562
267.5812 44.9533
267.5871 44.9504
267.5929 44.9475
267.5987 44.9446
267.6046 44.9417
267.6104 44.9388
267.6162 44.9359
267.6221 44.9330
267.6279 44.9301
267.6337 44.9272
267.6395 44.9243
267.6454 44.9214
267.6512 44.9185
267.6570 44.9155
267.6629 44.9126
267.6687 44.9097
267.6745 44.9068
267.6804 44.9039
267.6862 44.9010
267.6920 44.8980
267.6979 44.8951
267.7037 44.8922
267.7095 44.8893
267.7154 44.8863
267.7212 44.8834
267.7270 44.8805
267.7329 44.8776
267.7387 44.8746
267.7445 44.8717
267.7503 44.8688
267.7562 44.8658
267.7620 44.8629
267.7678 44.8600
267.7737 44.8570
267.7795 44.8541
267.7853 44.8512
267.7912 44.8482
267.7970 44.8453
267.8028 44.8423
267.8087 44.8394
267.8145 44.8365
267.8203 44.8335
267.8262 44.8306
267.8320 44.8276
267.8378 44.8247
267.8436 44.8217
267.8495 44.8188
267.8553 44.8158
267.8611 44.8129
267.8670 44.8099
267.8728 44.8070
267.8786 44.8040
267.8845 44.8010
267.8903 44.7981
267.8961 44.7951
267.9020 44.7922
267.9078 44.7892
267.9136 44.7862
267.9194 44.7833
267.9253 44.7803
267.9311 44.7773
267.9369 44.7744
267.9428 44.7714
267.9486 44.7684
267.9544 44.7655
267.9603 44.7625
267.9661 44.7595
267.9719 44.7566
267.9778 44.7536
267.9836 44.7506
267.9894 44.7476
267.9952 44.7447
268.0011 44.7417
268.0069 44.7387
268.0127 44.7357
268.0186 44.7327
268.0244 44.7298
268.0302 44.7268
268.0361 44.7238
268.0419 44.7208
268.0477 44.7178
268.0536 44.7148
268.0594 44.7118
268.0652 44.7088
268.0710 44.7059
268.0769 44.7029
268.0827 44.6999
268.0885 44.6969
268.0944 44.6939
268.1002 44.6909
268.1060 44.6879
268.1119 44.6849
268.1177 44.6819
268.1235 44.6789
268.1293 44.6759
268.1352 44.6729
268.1410 44.6699
268.1468 44.6669
268.1527 44.6639
268.1585 44.6608
268.1643 44.6578
268.1702 44.6548
268.1760 44.6518
268.1818 44.6488
268.1876 44.6458
268.1935 44.6428
268.1993 44.6398
268.2051 44.6367
268.2110 44.6337
268.2168 44.6307
268.2226 44.6277
268.2285 44.6247
268.2343 44.6216
268.2401 44.6186
268.2459 44.6156
268.2518 44.6126
268.2576 44.6095
268.2634 44.6065
268.2693 44.6035
268.2751 44.6005
268.2809 44.5974
268.2868 44.5944
268.2926 44.5914
268.2984 44.5883
268.3042 44.5853
268.3101 44.5823
268.3159 44.5792
268.3217 44.5762
268.3276 44.5731
268.3334 44.5701
268.3392 44.5671
268.3450 44.5640
268.3509 44.5610
268.3567 44.5579
268.3625 44.5549
268.3684 44.5518
268.3742 44.5488
268.3800 44.5457
268.3858 44.5427
268.3917 44.5396
268.3975 44.5366
268.4033 44.5335
268.4092 44.5305
268.4150 44.5274
268.4208 44.5244
268.4267 44.5213
268.4325 44.5183
268.4383 44.5152
268.4441 44.5121
268.4500 44.5091
268.4558 44.5060
268.4616 44.5029
268.4675 44.4999
268.4733 44.4968
268.4791 44.4937
268.4849 44.4907
268.4908 44.4876
268.4966 44.4845
268.5024 44.4815
268.5082 44.4784
268.5141 44.4753
268.5199 44.4722
268.5257 44.4692
268.5316 44.4661
268.5374 44.4630
268.5432 44.4599
268.5490 44.4569
268.5549 44.4538
268.5607 44.4507
268.5665 44.4476
268.5724 44.4445
268.5782 44.4414
268.5840 44.4383
268.5898 44.4353
268.5957 44.4322
268.6015 44.4291
268.6073 44.4260
268.6132 44.4229
268.6190 44.4198
268.6248 44.4167
268.6306 44.4136
268.6365 44.4105
268.6423 44.4074
268.6481 44.4043
268.6539 44.4012
268.6598 44.3981
268.6656 44.3950
268.6714 44.3919
268.6773 44.3888
268.6831 44.3857
268.6889 44.3826
268.6947 44.3795
268.7006 44.3764
268.7064 44.3733
268.7122 44.3702
268.7180 44.3671
268.7239 44.3639
268.7297 44.3608
268.7355 44.3577
268.7414 44.3546
268.7472 44.3515
268.7530 44.3484
268.7588 44.3452
268.7647 44.3421
268.7705 44.3390
268.7763 44.3359
268.7821 44.3328
268.7880 44.3296
268.7938 44.3265
268.7996 44.3234
268.8055 44.3203
268.8113 44.3171
268.8171 44.3140
268.8229 44.3109
268.8288 44.3077
268.8346 44.3046
268.8404 44.3015
268.8462 44.2983
268.8521 44.2952
268.8579 44.2920
268.8637 44.2889
268.8696 44.2858
268.8754 44.2826
268.8812 44.2795
268.8870 44.2763
268.8929 44.2732
268.8987 44.2701
268.9045 44.2669
268.9103 44.2638
268.9162 44.2606
268.9220 44.2575
268.9278 44.2543
268.9336 44.2512
268.9395 44.2480
268.9453 44.2449
268.9511 44.2417
268.9570 44.2385
268.9628 44.2354
268.9686 44.2322
268.9744 44.2291
268.9803 44.2259
268.9861 44.2227
268.9919 44.2196
268.9977 44.2164
269.0036 44.2133
269.0094 44.2101
269.0152 44.2069
269.0210 44.2038
269.0269 44.2006
269.0327 44.1974
269.0385 44.1942
269.0444 44.1911
269.0502 44.1879
269.0560 44.1847
269.0618 44.1815
269.0677 44.1784
269.0735 44.1752
269.0793 44.1720
269.0851 44.1688
269.0910 44.1657
269.0968 44.1625
269.1026 44.1593
269.1084 44.1561
269.1143 44.1529
269.1201 44.1497
269.1259 44.1465
269.1317 44.1434
269.1376 44.1402
269.1434 44.1370
269.1492 44.1338
269.1551 44.1306
269.1609 44.1274
269.1667 44.1242
269.1725 44.1210
269.1784 44.1178
269.1842 44.1146
269.1900 44.1114
269.1958 44.1082
269.2017 44.1050
269.2075 44.1018
269.2133 44.0986
269.2191 44.0954
269.2250 44.0922
269.2308 44.0890
269.2366 44.0858
269.2424 44.0826
269.2483 44.0794
269.2541 44.0761
269.2599 44.0729
269.2657 44.0697
269.2716 44.0665
269.2774 44.0633
269.2832 44.0601
269.2890 44.0569
269.2949 44.0536
269.3007 44.0504
269.3065 44.0472
269.3123 44.0440
269.3182 44.0408
269.3240 44.0375
269.3298 44.0343
269.3357 44.0311
269.3415 44.0279
269.3473 44.0246
269.3531 44.0214
269.3590 44.0182
269.3648 44.0149
269.3706 44.0117
269.3764 44.0085
269.3823 44.0052
269.3881 44.0020
269.3939 43.9988
269.3997 43.9955
269.4056 43.9923
269.4114 43.9890
269.4172 43.9858
269.4230 43.9826
269.4289 43.9793
269.4347 43.9761
269.4405 43.9728
269.4463 43.9696
269.4522 43.9663
269.4580 43.9631
269.4638 43.9598
269.4696 43.9566
269.4755 43.9533
269.4813 43.9501
269.4871 43.9468
269.4929 43.9436
269.4988 43.9403
269.5046 43.9371
269.5104 43.9338
269.5162 43.9305
269.5220 43.9273
269.5279 43.9240
269.5337 43.9208
269.5395 43.9175
269.5453 43.9142
269.5512 43.9110
269.5570 43.9077
269.5628 43.9044
269.5686 43.9012
269.5745 43.8979
269.5803 43.8946
269.5861 43.8913
269.5919 43.8881
269.5978 43.8848
269.6036 43.8815
269.6094 43.8782
269.6152 43.8750
269.6211 43.8717
269.6269 43.8684
269.6327 43.8651
269.6385 43.8618
269.6444 43.8586
269.6502 43.8553
269.6560 43.8520
269.6618 43.8487
269.6677 43.8454
269.6735 43.8421
269.6793 43.8388
269.6851 43.8356
269.6909 43.8323
269.6968 43.8290
269.7026 43.8257
269.7084 43.8224
269.7142 43.8191
269.7201 43.8158
269.7259 43.8125
269.7317 43.8092
269.7375 43.8059
269.7434 43.8026
269.7492 43.7993
269.7550 43.7960
269.7608 43.7927
269.7667 43.7894
269.7725 43.7861
269.7783 43.7828
269.7841 43.7795
269.7899 43.7762
269.7958 43.7728
269.8016 43.7695
269.8074 43.7662
269.8132 43.7629
269.8191 43.7596
269.8249 43.7563
269.8307 43.7530
269.8365 43.7496
269.8424 43.7463
269.8482 43.7430
269.8540 43.7397
269.8598 43.7364
269.8656 43.7330
269.8715 43.7297
269.8773 43.7264
269.8831 43.7231
269.8889 43.7197
269.8948 43.7164
269.9006 43.7131
269.9064 43.7097
269.9122 43.7064
269.9180 43.7031
269.9239 43.6997
269.9297 43.6964
269.9355 43.6931
269.9413 43.6897
269.9472 43.6864
269.9530 43.6831
269.9588 43.6797
269.9646 43.6764
269.9704 43.6730
269.9763 43.6697
269.9821 43.6664
269.9879 43.6630
269.9937 43.6597
269.9996 43.6563
270.0054 43.6530
270.0112 43.6496
270.0170 43.6463
270.0228 43.6429
270.0287 43.6396
270.0345 43.6362
270.0403 43.6329
270.0461 43.6295
270.0520 43.6261
270.0578 43.6228
270.0636 43.6194
270.0694 43.6161
270.0752 43.6127
270.0811 43.6093
270.0869 43.6060
270.0927 43.6026
270.0985 43.5992
270.1044 43.5959
270.1102 43.5925
270.1160 43.5891
270.1218 43.5858
270.1276 43.5824
270.1335 43.5790
270.1393 43.5757
270.1451 43.5723
270.1509 43.5689
270.1568 43.5655
270.1626 43.5621
270.1684 43.5588
270.1742 43.5554
270.1800 43.5520
270.1859 43.5486
270.1917 43.5452
270.1975 43.5419
270.2033 43.5385
270.2092 43.5351
270.2150 43.5317
270.2208 43.5283
270.2266 43.5249
270.2324 43.5215
270.2383 43.5181
270.2441 43.5148
270.2499 43.5114
270.2557 43.5080
270.2616 43.5046
270.2674 43.5012
270.2732 43.4978
270.2790 43.4944
270.2848 43.4910
270.2907 43.4876
270.2965 43.4842
270.3023 43.4808
270.3081 43.4774
270.3139 43.4740
270.3198 43.4706
270.3256 43.4672
270.3314 43.4637
270.3372 43.4603
270.3431 43.4569
270.3489 43.4535
270.3547 43.4501
270.3605 43.4467
270.3663 43.4433
270.3722 43.4399
270.3780 43.4364
270.3838 43.4330
270.3896 43.4296
270.3954 43.4262
270.4013 43.4228
270.4071 43.4193
270.4129 43.4159
270.4187 43.4125
270.4246 43.4091
270.4304 43.4056
270.4362 43.4022
270.4420 43.3988
270.4478 43.3954
270.4537 43.3919
270.4595 43.3885
270.4653 43.3851
270.4711 43.3816
270.4769 43.3782
270.4828 43.3748
270.4886 43.3713
270.4944 43.3679
270.5002 43.3644
270.5060 43.3610
270.5119 43.3576
270.5177 43.3541
270.5235 43.3507
270.5293 43.3472
270.5351 43.3438
270.5410 43.3404
270.5468 43.3369
270.5526 43.3335
270.5584 43.3300
270.5643 43.3266
270.5701 43.3231
270.5759 43.3197
270.5817 43.3162
270.5875 43.3127
270.5934 43.3093
270.5992 43.3058
270.6050 43.3024
270.6108 43.2989
270.6166 43.2955
270.6225 43.2920
270.6283 43.2885
270.6341 43.2851
270.6399 43.2816
270.6457 43.2781
270.6516 43.2747
270.6574 43.2712
270.6632 43.2677
270.6690 43.2643
270.6748 43.2608
270.6807 43.2573
270.6865 43.2539
270.6923 43.2504
270.6981 43.2469
270.7039 43.2434
270.7098 43.2400
270.7156 43.2365
270.7214 43.2330
270.7272 43.2295
270.7330 43.2260
270.7389 43.2226
270.7447 43.2191
270.7505 43.2156
270.7563 43.2121
270.7621 43.2086
270.7680 43.2051
270.7738 43.2017
270.7796 43.1982
270.7854 43.1947
270.7912 43.1912
270.7971 43.1877
270.8029 43.1842
270.8087 43.1807
270.8145 43.1772
270.8203 43.1737
270.8262 43.1702
270.8320 43.1667
270.8378 43.1632
270.8436 43.1597
270.8494 43.1562
270.8552 43.1527
270.8611 43.1492
270.8669 43.1457
270.8727 43.1422
270.8785 43.1387
270.8843 43.1352
270.8902 43.1317
270.8960 43.1282
270.9018 43.1247
270.9076 43.1212
270.9134 43.1176
270.9193 43.1141
270.9251 43.1106
270.9309 43.1071
270.9367 43.1036
270.9425 43.1001
270.9483 43.0965
270.9542 43.0930
270.9600 43.0895
270.9658 43.0860
270.9716 43.0825
270.9774 43.0789
270.9833 43.0754
270.9891 43.0719
270.9949 43.0684
271.0007 43.0648
271.0065 43.0613
271.0124 43.0578
271.0182 43.0542
271.0240 43.0507
271.0298 43.0472
271.0356 43.0436
271.0414 43.0401
271.0473 43.0366
271.0531 43.0330
271.0589 43.0295
271.0647 43.0259
271.0705 43.0224
271.0764 43.0189
271.0822 43.0153
271.0880 43.0118
271.0938 43.0082
271.0996 43.0047
271.1054 43.0011
271.1113 42.9976
271.1171 42.9940
271.1229 42.9905
271.1287 42.9869
271.1345 42.9834
271.1404 42.9798
271.1462 42.9763
271.1520 42.9727
271.1578 42.9692
271.1636 42.9656
271.1694 42.9621
271.1753 42.9585
271.1811 42.9549
271.1869 42.9514
271.1927 42.9478
271.1985 42.9442
271.2044 42.9407
271.2102 42.9371
271.2160 42.9336
271.2218 42.9300
271.2276 42.9264
271.2334 42.9228
271.2393 42.9193
271.2451 42.9157
271.2509 42.9121
271.2567 42.9086
271.2625 42.9050
271.2683 42.9014
271.2742 42.8978
271.2800 42.8943
271.2858 42.8907
271.2916 42.8871
271.2974 42.8835
271.3033 42.8799
271.3091 42.8763
271.3149 42.8728
271.3207 42.8692
271.3265 42.8656
271.3323 42.8620
271.3382 42.8584
271.3440 42.8548
271.3498 42.8512
271.3556 42.8476
271.3614 42.8440
271.3672 42.8405
271.3731 42.8369
271.3789 42.8333
271.3847 42.8297
271.3905 42.8261
271.3963 42.8225
271.4022 42.8189
271.4080 42.8153
271.4138 42.8117
271.4196 42.8081
271.4254 42.8045
271.4312 42.8009
271.4371 42.7973
271.4429 42.7936
271.4487 42.7900
271.4545 42.7864
271.4603 42.7828
271.4661 42.7792
271.4720 42.7756
271.4778 42.7720
271.4836 42.7684
271.4894 42.7648
271.4952 42.7611
271.5010 42.7575
271.5069 42.7539
271.5127 42.7503
271.5185 42.7467
271.5243 42.7430
271.5301 42.7394
271.5360 42.7358
271.5418 42.7322
271.5476 42.7285
271.5534 42.7249
271.5592 42.7213
271.5650 42.7177
271.5709 42.7140
271.5767 42.7104
271.5825 42.7068
271.5883 42.7031
271.5941 42.6995
271.5999 42.6959
271.6058 42.6922
271.6116 42.6886
271.6174 42.6850
271.6232 42.6813
271.6290 42.6777
271.6348 42.6740
271.6407 42.6704
271.6465 42.6668
271.6523 42.6631
271.6581 42.6595
271.6639 42.6558
271.6697 42.6522
271.6756 42.6485
271.6814 42.6449
271.6872 42.6412
271.6930 42.6376
271.6988 42.6339
271.7046 42.6303
271.7105 42.6266
271.7163 42.6230
271.7221 42.6193
271.7279 42.6156
271.7337 42.6120
271.7395 42.6083
271.7454 42.6047
271.7512 42.6010
271.7570 42.5973
271.7628 42.5937
271.7686 42.5900
271.7744 42.5864
271.7803 42.5827
271.7861 42.5790
271.7919 42.5753
271.7977 42.5717
271.8035 42.5680
271.8093 42.5643
271.8152 42.5607
271.8210 42.5570
271.8268 42.5533
271.8326 42.5496
271.8384 42.5460
271.8442 42.5423
271.8500 42.5386
271.8559 42.5349
271.8617 42.5313
271.8675 42.5276
271.8733 42.5239
271.8791 42.5202
271.8849 42.5165
271.8908 42.5128
271.8966 42.5091
271.9024 42.5055
271.9082 42.5018
271.9140 42.4981
271.9198 42.4944
271.9257 42.4907
271.9315 42.4870
271.9373 42.4833
271.9431 42.4796
271.9489 42.4759
271.9547 42.4722
271.9605 42.4685
271.9664 42.4648
271.9722 42.4611
271.9780 42.4574
271.9838 42.4537
271.9896 42.4500
271.9954 42.4463
272.0013 42.4426
272.0071 42.4389
272.0129 42.4352
272.0187 42.4315
272.0245 42.4278
272.0303 42.4241
272.0362 42.4204
272.0420 42.4167
272.0478 42.4129
272.0536 42.4092
272.0594 42.4055
272.0652 42.4018
272.0710 42.3981
272.0769 42.3944
272.0827 42.3906
272.0885 42.3869
272.0943 42.3832
272.1001 42.3795
272.1059 42.3758
272.1117 42.3720
272.1176 42.3683
272.1234 42.3646
272.1292 42.3609
272.1350 42.3571
272.1408 42.3534
272.1466 42.3497
272.1525 42.3459
272.1583 42.3422
272.1641 42.3385
272.1699 42.3347
272.1757 42.3310
272.1815 42.3273
272.1873 42.3235
272.1932 42.3198
272.1990 42.3161
272.2048 42.3123
272.2106 42.3086
272.2164 42.3048
272.2222 42.3011
272.2280 42.2974
272.2339 42.2936
272.2397 42.2899
272.2455 42.2861
272.2513 42.2824
272.2571 42.2786
272.2629 42.2749
272.2687 42.2711
272.2746 42.2674
272.2804 42.2636
272.2862 42.2599
272.2920 42.2561
272.2978 42.2523
272.3036 42.2486
272.3094 42.2448
272.3153 42.2411
272.3211 42.2373
272.3269 42.2336
272.3327 42.2298
272.3385 42.2260
272.3443 42.2223
272.3501 42.2185
272.3560 42.2147
272.3618 42.2110
272.3676 42.2072
272.3734 42.2034
272.3792 42.1997
272.3850 42.1959
272.3908 42.1921
272.3967 42.1883
272.4025 42.1846
272.4083 42.1808
272.4141 42.1770
272.4199 42.1732
272.4257 42.1695
272.4315 42.1657
272.4374 42.1619
272.4432 42.1581
272.4490 42.1543
272.4548 42.1506
272.4606 42.1468
272.4664 42.1430
272.4722 42.1392
272.4781 42.1354
272.4839 42.1316
272.4897 42.1278
272.4955 42.1240
272.5013 42.1203
272.5071 42.1165
272.5129 42.1127
272.5188 42.1089
272.5246 42.1051
272.5304 42.1013
272.5362 42.0975
272.5420 42.0937
272.5478 42.0899
272.5536 42.0861
272.5595 42.0823
272.5653 42.0785
272.5711 42.0747
272.5769 42.0709
272.5827 42.0671
272.5885 42.0633
272.5943 42.0595
272.6002 42.0557
272.6060 42.0518
272.6118 42.0480
272.6176 42.0442
272.6234 42.0404
272.6292 42.0366
272.6350 42.0328
272.6408 42.0290
272.6467 42.0252
272.6525 42.0213
272.6583 42.0175
272.6641 42.0137
272.6699 42.0099
272.6757 42.0061
272.6815 42.0022
272.6874 41.9984
272.6932 41.9946
272.6990 41.9908
272.7048 41.9869
272.7106 41.9831
272.7164 41.9793
272.7222 41.9755
272.7281 41.9716
272.7339 41.9678
272.7397 41.9640
272.7455 41.9601
272.7513 41.9563
272.7571 41.9525
272.7629 41.9486
272.7688 41.9448
272.7746 41.9410
272.7804 41.9371
272.7862 41.9333
272.7920 41.9294
272.7978 41.9256
272.8036 41.9218
272.8094 41.9179
272.8153 41.9141
272.8211 41.9102
272.8269 41.9064
272.8327 41.9025
272.8385 41.8987
272.8443 41.8948
272.8501 41.8910
272.8560 41.8871
272.8618 41.8833
272.8676 41.8794
272.8734 41.8756
272.8792 41.8717
272.8850 41.8679
272.8908 41.8640
272.8967 41.8601
272.9025 41.8563
272.9083 41.8524
272.9141 41.8486
272.9199 41.8447
272.9257 41.8408
272.9315 41.8370
272.9373 41.8331
272.9432 41.8292
272.9490 41.8254
272.9548 41.8215
272.9606 41.8176
272.9664 41.8138
272.9722 41.8099
272.9780 41.8060
272.9839 41.8021
272.9897 41.7983
272.9955 41.7944
273.0013 41.7905
273.0071 41.7866
273.0129 41.7828
273.0187 41.7789
273.0245 41.7750
273.0304 41.7711
273.0362 41.7672
273.0420 41.7634
273.0478 41.7595
273.0536 41.7556
273.0594 41.7517
273.0652 41.7478
273.0710 41.7439
273.0769 41.7400
273.0827 41.7362
273.0885 41.7323
273.0943 41.7284
273.1001 41.7245
273.1059 41.7206
273.1117 41.7167
273.1176 41.7128
273.1234 41.7089
273.1292 41.7050
273.1350 41.7011
273.1408 41.6972
273.1466 41.6933
273.1524 41.6894
273.1582 41.6855
273.1641 41.6816
273.1699 41.6777
273.1757 41.6738
273.1815 41.6699
273.1873 41.6660
273.1931 41.6621
273.1989 41.6582
273.2047 41.6542
273.2106 41.6503
273.2164 41.6464
273.2222 41.6425
273.2280 41.6386
273.2338 41.6347
273.2396 41.6308
273.2454 41.6268
273.2512 41.6229
273.2571 41.6190
273.2629 41.6151
273.2687 41.6112
273.2745 41.6072
273.2803 41.6033
273.2861 41.5994
273.2919 41.5955
273.2977 41.5916
273.3036 41.5876
273.3094 41.5837
273.3152 41.5798
273.3210 41.5758
273.3268 41.5719
273.3326 41.5680
273.3384 41.5640
273.3442 41.5601
273.3501 41.5562
273.3559 41.5522
273.3617 41.5483
273.3675 41.5444
273.3733 41.5404
273.3791 41.5365
273.3849 41.5326
273.3907 41.5286
273.3965 41.5247
273.4024 41.5207
273.4082 41.5168
273.4140 41.5128
273.4198 41.5089
273.4256 41.5050
273.4314 41.5010
273.4372 41.4971
273.4430 41.4931
273.4489 41.4892
273.4547 41.4852
273.4605 41.4813
273.4663 41.4773
273.4721 41.4733
273.4779 41.4694
273.4837 41.4654
273.4895 41.4615
273.4953 41.4575
273.5012 41.4536
273.5070 41.4496
273.5128 41.4456
273.5186 41.4417
273.5244 41.4377
273.5302 41.4337
273.5360 41.4298
273.5418 41.4258
273.5477 41.4219
273.5535 41.4179
273.5593 41.4139
273.5651 41.4099
273.5709 41.4060
273.5767 41.4020
273.5825 41.3980
273.5883 41.3941
273.5942 41.3901
273.6000 41.3861
273.6058 41.3821
273.6116 41.3782
273.6174 41.3742
273.6232 41.3702
273.6290 41.3662
273.6348 41.3622
273.6406 41.3583
273.6465 41.3543
273.6523 41.3503
273.6581 41.3463
273.6639 41.3423
273.6697 41.3383
273.6755 41.3343
273.6813 41.3303
273.6871 41.3264
273.6930 41.3224
273.6988 41.3184
273.7046 41.3144
273.7104 41.3104
273.7162 41.3064
273.7220 41.3024
273.7278 41.2984
273.7336 41.2944
273.7394 41.2904
273.7453 41.2864
273.7511 41.2824
273.7569 41.2784
273.7627 41.2744
273.7685 41.2704
273.7743 41.2664
273.7801 41.2624
273.7859 41.2584
273.7918 41.2544
273.7976 41.2504
273.8034 41.2464
273.8092 41.2424
273.8150 41.2383
273.8208 41.2343
273.8266 41.2303
273.8324 41.2263
273.8383 41.2223
273.8441 41.2183
273.8499 41.2143
273.8557 41.2102
273.8615 41.2062
273.8673 41.2022
273.8731 41.1982
273.8789 41.1942
273.8847 41.1901
273.8906 41.1861
273.8964 41.1821
273.9022 41.1781
273.9080 41.1740
273.9138 41.1700
273.9196 41.1660
273.9254 41.1620
273.9312 41.1579
273.9371 41.1539
273.9429 41.1499
273.9487 41.1458
273.9545 41.1418
273.9603 41.1378
273.9661 41.1337
273.9719 41.1297
273.9777 41.1256
273.9835 41.1216
273.9894 41.1176
273.9952 41.1135
274.0010 41.1095
274.0068 41.1054
274.0126 41.1014
274.0184 41.0974
274.0242 41.0933
274.0300 41.0893
274.0359 41.0852
274.0417 41.0812
274.0475 41.0771
274.0533 41.0731
274.0591 41.0690
274.0649 41.0650
274.0707 41.0609
274.0765 41.0569
274.0824 41.0528
274.0882 41.0488
274.0940 41.0447
274.0998 41.0406
274.1056 41.0366
274.1114 41.0325
274.1172 41.0285
274.1230 41.0244
274.1288 41.0203
274.1347 41.0163
274.1405 41.0122
274.1463 41.0082
274.1521 41.0041
274.1579 41.0000
274.1637 40.9960
274.1695 40.9919
274.1753 40.9878
274.1812 40.9837
274.1870 40.9797
274.1928 40.9756
274.1986 40.9715
274.2044 40.9675
274.2102 40.9634
274.2160 40.9593
274.2218 40.9552
274.2276 40.9512
274.2335 40.9471
274.2393 40.9430
274.2451 40.9389
274.2509 40.9348
274.2567 40.9307
274.2625 40.9267
274.2683 40.9226
274.2741 40.9185
274.2799 40.9144
274.2858 40.9103
274.2916 40.9062
274.2974 40.9021
274.3032 40.8981
274.3090 40.8940
274.3148 40.8899
274.3206 40.8858
274.3264 40.8817
274.3323 40.8776
274.3381 40.8735
274.3439 40.8694
274.3497 40.8653
274.3555 40.8612
274.3613 40.8571
274.3671 40.8530
274.3729 40.8489
274.3787 40.8448
274.3846 40.8407
274.3904 40.8366
274.3962 40.8325
274.4020 40.8284
274.4078 40.8243
274.4136 40.8202
274.4194 40.8161
274.4252 40.8120
274.4310 40.8079
274.4369 40.8037
274.4427 40.7996
274.4485 40.7955
274.4543 40.7914
274.4601 40.7873
274.4659 40.7832
274.4717 40.7791
274.4775 40.7749
274.4834 40.7708
274.4892 40.7667
274.4950 40.7626
274.5008 40.7585
274.5066 40.7543
274.5124 40.7502
274.5182 40.7461
274.5240 40.7420
274.5298 40.7378
274.5357 40.7337
274.5415 40.7296
274.5473 40.7255
274.5531 40.7213
274.5589 40.7172
274.5647 40.7131
274.5705 40.7089
274.5763 40.7048
274.5821 40.7007
274.5880 40.6965
274.5938 40.6924
274.5996 40.6883
274.6054 40.6841
274.6112 40.6800
274.6170 40.6758
274.6228 40.6717
274.6286 40.6676
274.6344 40.6634
274.6403 40.6593
274.6461 40.6551
274.6519 40.6510
274.6577 40.6468
274.6635 40.6427
274.6693 40.6386
274.6751 40.6344
274.6809 40.6303
274.6867 40.6261
274.6926 40.6220
274.6984 40.6178
274.7042 40.6136
274.7100 40.6095
274.7158 40.6053
274.7216 40.6012
274.7274 40.5970
274.7332 40.5929
274.7390 40.5887
274.7449 40.5846
274.7507 40.5804
274.7565 40.5762
274.7623 40.5721
274.7681 40.5679
274.7739 40.5637
274.7797 40.5596
274.7855 40.5554
274.7914 40.5512
274.7972 40.5471
274.8030 40.5429
274.8088 40.5387
274.8146 40.5346
274.8204 40.5304
274.8262 40.5262
274.8320 40.5220
274.8378 40.5179
274.8437 40.5137
274.8495 40.5095
274.8553 40.5053
274.8611 40.5012
274.8669 40.4970
274.8727 40.4928
274.8785 40.4886
274.8843 40.4844
274.8901 40.4803
274.8960 40.4761
274.9018 40.4719
274.9076 40.4677
274.9134 40.4635
274.9192 40.4593
274.9250 40.4552
274.9308 40.4510
274.9366 40.4468
274.9425 40.4426
274.9483 40.4384
274.9541 40.4342
274.9599 40.4300
274.9657 40.4258
274.9715 40.4216
274.9773 40.4174
274.9831 40.4132
274.9889 40.4090
274.9948 40.4048
275.0006 40.4006
275.0064 40.3964
275.0122 40.3922
275.0180 40.3880
275.0238 40.3838
275.0296 40.3796
275.0354 40.3754
275.0413 40.3712
275.0471 40.3670
275.0529 40.3628
275.0587 40.3586
275.0645 40.3544
275.0703 40.3502
275.0761 40.3460
275.0819 40.3417
275.0878 40.3375
275.0936 40.3333
275.0994 40.3291
275.1052 40.3249
275.1110 40.3207
275.1168 40.3164
275.1226 40.3122
275.1284 40.3080
275.1342 40.3038
275.1401 40.2996
275.1459 40.2953
275.1517 40.2911
275.1575 40.2869
275.1633 40.2827
275.1691 40.2784
275.1749 40.2742
275.1807 40.2700
275.1866 40.2658
275.1924 40.2615
275.1982 40.2573
275.2040 40.2531
275.2098 40.2488
275.2156 40.2446
275.2214 40.2404
275.2272 40.2361
275.2331 40.2319
275.2389 40.2277
275.2447 40.2234
275.2505 40.2192
275.2563 40.2150
275.2621 40.2107
275.2679 40.2065
275.2737 40.2022
275.2796 40.1980
275.2854 40.1937
275.2912 40.1895
275.2970 40.1853
275.3028 40.1810
275.3086 40.1768
275.3144 40.1725
275.3202 40.1683
275.3261 40.1640
275.3319 40.1598
275.3377 40.1555
275.3435 40.1513
275.3493 40.1470
275.3551 40.1428
275.3609 40.1385
275.3667 40.1342
275.3726 40.1300
275.3784 40.1257
275.3842 40.1215
275.3900 40.1172
275.3958 40.1130
275.4016 40.1087
275.4074 40.1044
275.4132 40.1002
275.4191 40.0959
275.4249 40.0916
275.4307 40.0874
275.4365 40.0831
275.4423 40.0788
275.4481 40.0746
275.4539 40.0703
275.4597 40.0660
275.4656 40.0618
275.4714 40.0575
275.4772 40.0532
275.4830 40.0489
275.4888 40.0447
275.4946 40.0404
275.5004 40.0361
275.5062 40.0318
275.5121 40.0276
275.5179 40.0233
275.5237 40.0190
275.5295 40.0147
275.5353 40.0104
275.5411 40.0062
275.5469 40.0019
275.5527 39.9976
275.5586 39.9933
275.5644 39.9890
275.5702 39.9847
275.5760 39.9805
275.5818 39.9762
275.5876 39.9719
275.5934 39.9676
275.5992 39.9633
275.6051 39.9590
275.6109 39.9547
275.6167 39.9504
275.6225 39.9461
275.6283 39.9418
275.6341 39.9375
275.6399 39.9332
275.6457 39.9289
275.6516 39.9246
275.6574 39.9203
275.6632 39.9160
275.6690 39.9117
275.6748 39.9074
275.6806 39.9031
275.6864 39.8988
275.6923 39.8945
275.6981 39.8902
275.7039 39.8859
275.7097 39.8816
275.7155 39.8773
275.7213 39.8730
275.7271 39.8687
275.7329 39.8644
275.7388 39.8601
275.7446 39.8557
275.7504 39.8514
275.7562 39.8471
275.7620 39.8428
275.7678 39.8385
275.7736 39.8342
275.7794 39.8298
275.7853 39.8255
275.7911 39.8212
275.7969 39.8169
275.8027 39.8126
275.8085 39.8082
275.8143 39.8039
275.8201 39.7996
275.8259 39.7953
275.8318 39.7909
275.8376 39.7866
275.8434 39.7823
275.8492 39.7780
275.8550 39.7736
275.8608 39.7693
275.8666 39.7650
275.8725 39.7606
275.8783 39.7563
275.8841 39.7520
275.8899 39.7476
275.8957 39.7433
275.9015 39.7390
275.9073 39.7346
275.9131 39.7303
275.9190 39.7260
275.9248 39.7216
275.9306 39.7173
275.9364 39.7129
275.9422 39.7086
275.9480 39.7043
275.9538 39.6999
275.9597 39.6956
275.9655 39.6912
275.9713 39.6869
275.9771 39.6825
275.9829 39.6782
275.9887 39.6738
275.9945 39.6695
276.0003 39.6651
276.0062 39.6608
276.0120 39.6564
276.0178 39.6521
276.0236 39.6477
276.0294 39.6434
276.0352 39.6390
276.0410 39.6347
276.0469 39.6303
276.0527 39.6259
276.0585 39.6216
276.0643 39.6172
276.0701 39.6129
276.0759 39.6085
276.0817 39.6041
276.0876 39.5998
276.0934 39.5954
276.0992 39.5910
276.1050 39.5867
276.1108 39.5823
276.1166 39.5779
276.1224 39.5736
276.1283 39.5692
276.1341 39.5648
276.1399 39.5605
276.1457 39.5561
276.1515 39.5517
276.1573 39.5473
276.1631 39.5430
276.1690 39.5386
276.1748 39.5342
276.1806 39.5298
276.1864 39.5255
276.1922 39.5211
276.1980 39.5167
276.2038 39.5123
276.2097 39.5079
276.2155 39.5036
276.2213 39.4992
276.2271 39.4948
276.2329 39.4904
276.2387 39.4860
276.2445 39.4816
276.2504 39.4772
276.2562 39.4729
276.2620 39.4685
276.2678 39.4641
276.2736 39.4597
276.2794 39.4553
276.2852 39.4509
276.2911 39.4465
276.2969 39.4421
276.3027 39.4377
276.3085 39.4333
276.3143 39.4289
276.3201 39.4245
276.3260 39.4201
276.3318 39.4157
276.3376 39.4113
276.3434 39.4069
276.3492 39.4025
276.3550 39.3981
276.3608 39.3937
276.3667 39.3893
276.3725 39.3849
276.3783 39.3805
276.3841 39.3761
276.3899 39.3717
276.3957 39.3673
276.4016 39.3629
276.4074 39.3585
276.4132 39.3541
276.4190 39.3496
276.4248 39.3452
276.4306 39.3408
276.4364 39.3364
276.4423 39.3320
276.4481 39.3276
276.4539 39.3232
276.4597 39.3187
276.4655 39.3143
276.4713 39.3099
276.4772 39.3055
276.4830 39.3011
276.4888 39.2966
276.4946 39.2922
276.5004 39.2878
276.5062 39.2834
276.5120 39.2789
276.5179 39.2745
276.5237 39.2701
276.5295 39.2657
276.5353 39.2612
276.5411 39.2568
276.5469 39.2524
276.5528 39.2479
276.5586 39.2435
276.5644 39.2391
276.5702 39.2346
276.5760 39.2302
276.5818 39.2258
276.5877 39.2213
276.5935 39.2169
276.5993 39.2125
276.6051 39.2080
276.6109 39.2036
276.6167 39.1991
276.6226 39.1947
276.6284 39.1903
276.6342 39.1858
276.6400 39.1814
276.6458 39.1769
276.6516 39.1725
276.6575 39.1680
276.6633 39.1636
276.6691 39.1592
276.6749 39.1547
276.6807 39.1503
276.6865 39.1458
276.6924 39.1414
276.6982 39.1369
276.7040 39.1324
276.7098 39.1280
276.7156 39.1235
276.7214 39.1191
276.7273 39.1146
276.7331 39.1102
276.7389 39.1057
276.7447 39.1013
276.7505 39.0968
276.7563 39.0923
276.7622 39.0879
276.7680 39.0834
276.7738 39.0790
276.7796 39.0745
276.7854 39.0700
276.7912 39.0656
276.7971 39.0611
276.8029 39.0566
276.8087 39.0522
276.8145 39.0477
276.8203 39.0432
276.8261 39.0388
276.8320 39.0343
276.8378 39.0298
276.8436 39.0253
276.8494 39.0209
276.8552 39.0164
276.8610 39.0119
276.8669 39.0074
276.8727 39.0030
276.8785 38.9985
276.8843 38.9940
276.8901 38.9895
276.8959 38.9851
276.9018 38.9806
276.9076 38.9761
276.9134 38.9716
276.9192 38.9671
276.9250 38.9627
276.9308 38.9582
276.9367 38.9537
276.9425 38.9492
276.9483 38.9447
276.9541 38.9402
276.9599 38.9357
276.9658 38.9312
276.9716 38.9268
276.9774 38.9223
276.9832 38.9178
276.9890 38.9133
276.9948 38.9088
277.0007 38.9043
277.0065 38.8998
277.0123 38.8953
277.0181 38.8908
277.0239 38.8863
277.0297 38.8818
277.0356 38.8773
277.0414 38.8728
277.0472 38.8683
277.0530 38.8638
277.0588 38.8593
277.0647 38.8548
277.0705 38.8503
277.0763 38.8458
277.0821 38.8413
277.0879 38.8368
277.0937 38.8323
277.0996 38.8278
277.1054 38.8233
277.1112 38.8188
277.1170 38.8142
277.1228 38.8097
277.1287 38.8052
277.1345 38.8007
277.1403 38.7962
277.1461 38.7917
277.1519 38.7872
277.1577 38.7827
277.1636 38.7781
277.1694 38.7736
277.1752 38.7691
277.1810 38.7646
277.1868 38.7601
277.1927 38.7555
277.1985 38.7510
277.2043 38.7465
277.2101 38.7420
277.2159 38.7375
277.2218 38.7329
277.2276 38.7284
277.2334 38.7239
277.2392 38.7194
277.2450 38.7148
277.2509 38.7103
277.2567 38.7058
277.2625 38.7012
277.2683 38.6967
277.2741 38.6922
277.2800 38.6876
277.2858 38.6831
277.2916 38.6786
277.2974 38.6740
277.3032 38.6695
277.3091 38.6650
277.3149 38.6604
277.3207 38.6559
277.3265 38.6514
277.3323 38.6468
277.3382 38.6423
277.3440 38.6377
277.3498 38.6332
277.3556 38.6286
277.3614 38.6241
277.3673 38.6196
277.3731 38.6150
277.3789 38.6105
277.3847 38.6059
277.3905 38.6014
277.3964 38.5968
277.4022 38.5923
277.4080 38.5877
277.4138 38.5832
277.4196 38.5786
277.4255 38.5741
277.4313 38.5695
277.4371 38.5650
277.4429 38.5604
277.4487 38.5558
277.4546 38.5513
277.4604 38.5467
277.4662 38.5422
277.4720 38.5376
277.4778 38.5331
277.4837 38.5285
277.4895 38.5239
277.4953 38.5194
277.5011 38.5148
277.5069 38.5102
277.5128 38.5057
277.5186 38.5011
277.5244 38.4965
277.5302 38.4920
277.5361 38.4874
277.5419 38.4828
277.5477 38.4783
277.5535 38.4737
277.5593 38.4691
277.5652 38.4646
277.5710 38.4600
277.5768 38.4554
277.5826 38.4508
277.5885 38.4463
277.5943 38.4417
277.6001 38.4371
277.6059 38.4325
277.6117 38.4280
277.6176 38.4234
277.6234 38.4188
277.6292 38.4142
277.6350 38.4096
277.6408 38.4051
277.6467 38.4005
277.6525 38.3959
277.6583 38.3913
277.6641 38.3867
277.6700 38.3821
277.6758 38.3776
277.6816 38.3730
277.6874 38.3684
277.6933 38.3638
277.6991 38.3592
277.7049 38.3546
277.7107 38.3500
277.7165 38.3454
277.7224 38.3408
277.7282 38.3362
277.7340 38.3317
277.7398 38.3271
277.7457 38.3225
277.7515 38.3179
277.7573 38.3133
277.7631 38.3087
277.7689 38.3041
277.7748 38.2995
277.7806 38.2949
277.7864 38.2903
277.7922 38.2857
277.7981 38.2811
277.8039 38.2765
277.8097 38.2719
277.8155 38.2673
277.8214 38.2626
277.8272 38.2580
277.8330 38.2534
277.8388 38.2488
277.8447 38.2442
277.8505 38.2396
277.8563 38.2350
277.8621 38.2304
277.8679 38.2258
277.8738 38.2212
277.8796 38.2165
277.8854 38.2119
277.8912 38.2073
277.8971 38.2027
277.9029 38.1981
277.9087 38.1935
277.9145 38.1889
277.9204 38.1842
277.9262 38.1796
277.9320 38.1750
277.9378 38.1704
277.9437 38.1658
277.9495 38.1611
277.9553 38.1565
277.9611 38.1519
277.9670 38.1473
277.9728 38.1426
277.9786 38.1380
277.9844 38.1334
277.9903 38.1287
277.9961 38.1241
278.0019 38.1195
278.0077 38.1149
278.0136 38.1102
278.0194 38.1056
278.0252 38.1010
278.0310 38.0963
278.0369 38.0917
278.0427 38.0871
278.0485 38.0824
278.0543 38.0778
278.0602 38.0732
278.0660 38.0685
278.0718 38.0639
278.0776 38.0592
278.0835 38.0546
278.0893 38.0500
278.0951 38.0453
278.1009 38.0407
278.1068 38.0360
278.1126 38.0314
278.1184 38.0267
278.1242 38.0221
278.1301 38.0175
278.1359 38.0128
278.1417 38.0082
278.1475 38.0035
278.1534 37.9989
278.1592 37.9942
278.1650 37.9896
278.1708 37.9849
278.1767 37.9803
278.1825 37.9756
278.1883 37.9710
278.1942 37.9663
278.2000 37.9616
278.2058 37.9570
278.2116 37.9523
278.2175 37.9477
278.2233 37.9430
278.2291 37.9384
278.2349 37.9337
278.2408 37.9290
278.2466 37.9244
278.2524 37.9197
278.2582 37.9151
278.2641 37.9104
278.2699 37.9057
278.2757 37.9011
278.2815 37.8964
278.2874 37.8917
278.2932 37.8871
278.2990 37.8824
278.3049 37.8777
278.3107 37.8731
278.3165 37.8684
278.3223 37.8637
278.3282 37.8590
278.3340 37.8544
278.3398 37.8497
278.3456 37.8450
278.3515 37.8404
278.3573 37.8357
278.3631 37.8310
278.3690 37.8263
278.3748 37.8217
278.3806 37.8170
278.3864 37.8123
278.3923 37.8076
278.3981 37.8029
278.4039 37.7983
278.4098 37.7936
278.4156 37.7889
278.4214 37.7842
278.4272 37.7795
278.4331 37.7748
278.4389 37.7701
278.4447 37.7655
278.4506 37.7608
278.4564 37.7561
278.4622 37.7514
278.4680 37.7467
278.4739 37.7420
278.4797 37.7373
278.4855 37.7326
278.4914 37.7279
278.4972 37.7233
278.5030 37.7186
278.5088 37.7139
278.5147 37.7092
278.5205 37.7045
278.5263 37.6998
278.5322 37.6951
278.5380 37.6904
278.5438 37.6857
278.5496 37.6810
278.5555 37.6763
278.5613 37.6716
278.5671 37.6669
278.5730 37.6622
278.5788 37.6575
278.5846 37.6528
278.5905 37.6481
278.5963 37.6434
278.6021 37.6386
278.6080 37.6339
278.6138 37.6292
278.6196 37.6245
278.6254 37.6198
278.6313 37.6151
278.6371 37.6104
278.6429 37.6057
278.6488 37.6010
278.6546 37.5963
278.6604 37.5915
278.6663 37.5868
278.6721 37.5821
278.6779 37.5774
278.6838 37.5727
278.6896 37.5680
278.6954 37.5632
278.7012 37.5585
278.7071 37.5538
278.7129 37.5491
278.7187 37.5444
278.7246 37.5396
278.7304 37.5349
278.7362 37.5302
278.7421 37.5255
278.7479 37.5208
278.7537 37.5160
278.7596 37.5113
278.7654 37.5066
278.7712 37.5018
278.7771 37.4971
278.7829 37.4924
278.7887 37.4877
278.7946 37.4829
278.8004 37.4782
278.8062 37.4735
278.8121 37.4687
278.8179 37.4640
278.8237 37.4593
278.8295 37.4545
278.8354 37.4498
278.8412 37.4451
278.8470 37.4403
278.8529 37.4356
278.8587 37.4308
278.8645 37.4261
278.8704 37.4214
278.8762 37.4166
278.8820 37.4119
278.8879 37.4071
278.8937 37.4024
278.8995 37.3977
278.9054 37.3929
278.9112 37.3882
278.9170 37.3834
278.9229 37.3787
278.9287 37.3739
278.9345 37.3692
278.9404 37.3644
278.9462 37.3597
278.9521 37.3549
278.9579 37.3502
278.9637 37.3454
278.9696 37.3407
278.9754 37.3359
278.9812 37.3312
278.9871 37.3264
278.9929 37.3217
278.9987 37.3169
279.0046 37.3121
279.0104 37.3074
279.0162 37.3026
279.0221 37.2979
279.0279 37.2931
279.0337 37.2884
279.0396 37.2836
279.0454 37.2788
279.0512 37.2741
279.0571 37.2693
279.0629 37.2645
279.0687 37.2598
279.0746 37.2550
279.0804 37.2502
279.0863 37.2455
279.0921 37.2407
279.0979 37.2359
279.1038 37.2312
279.1096 37.2264
279.1154 37.2216
279.1213 37.2169
279.1271 37.2121
279.1329 37.2073
279.1388 37.2026
279.1446 37.1978
279.1504 37.1930
279.1563 37.1882
279.1621 37.1835
279.1680 37.1787
279.1738 37.1739
279.1796 37.1691
279.1855 37.1643
279.1913 37.1596
279.1971 37.1548
279.2030 37.1500
279.2088 37.1452
279.2147 37.1404
279.2205 37.1357
279.2263 37.1309
279.2322 37.1261
279.2380 37.1213
279.2438 37.1165
279.2497 37.1117
279.2555 37.1070
279.2613 37.1022
279.2672 37.0974
279.2730 37.0926
279.2789 37.0878
279.2847 37.0830
279.2905 37.0782
279.2964 37.0734
279.3022 37.0686
279.3081 37.0638
279.3139 37.0591
279.3197 37.0543
279.3256 37.0495
279.3314 37.0447
279.3372 37.0399
279.3431 37.0351
279.3489 37.0303
279.3548 37.0255
279.3606 37.0207
279.3664 37.0159
279.3723 37.0111
279.3781 37.0063
279.3840 37.0015
279.3898 36.9967
279.3956 36.9919
279.4015 36.9871
279.4073 36.9823
279.4131 36.9775
279.4190 36.9726
279.4248 36.9678
279.4307 36.9630
279.4365 36.9582
279.4423 36.9534
279.4482 36.9486
279.4540 36.9438
279.4599 36.9390
279.4657 36.9342
279.4715 36.9294
279.4774 36.9246
279.4832 36.9197
279.4891 36.9149
279.4949 36.9101
279.5007 36.9053
279.5066 36.9005
279.5124 36.8957
279.5183 36.8908
279.5241 36.8860
279.5299 36.8812
279.5358 36.8764
279.5416 36.8716
279.5475 36.8667
279.5533 36.8619
279.5591 36.8571
279.5650 36.8523
279.5708 36.8475
279.5767 36.8426
279.5825 36.8378
279.5884 36.8330
279.5942 36.8282
279.6000 36.8233
279.6059 36.8185
279.6117 36.8137
279.6176 36.8088
279.6234 36.8040
279.6292 36.7992
279.6351 36.7943
279.6409 36.7895
279.6468 36.7847
279.6526 36.7798
279.6585 36.7750
279.6643 36.7702
279.6701 36.7653
279.6760 36.7605
279.6818 36.7557
279.6877 36.7508
279.6935 36.7460
279.6994 36.7412
279.7052 36.7363
279.7110 36.7315
279.7169 36.7266
279.7227 36.7218
279.7286 36.7169
279.7344 36.7121
279.7403 36.7073
279.7461 36.7024
279.7519 36.6976
279.7578 36.6927
279.7636 36.6879
279.7695 36.6830
279.7753 36.6782
279.7812 36.6733
279.7870 36.6685
279.7929 36.6636
279.7987 36.6588
279.8045 36.6539
279.8104 36.6491
279.8162 36.6442
279.8221 36.6394
279.8279 36.6345
279.8338 36.6297
279.8396 36.6248
279.8455 36.6200
279.8513 36.6151
279.8571 36.6102
279.8630 36.6054
279.8688 36.6005
279.8747 36.5957
279.8805 36.5908
279.8864 36.5859
279.8922 36.5811
279.8981 36.5762
279.9039 36.5714
279.9098 36.5665
279.9156 36.5616
279.9214 36.5568
279.9273 36.5519
279.9331 36.5470
279.9390 36.5422
279.9448 36.5373
279.9507 36.5324
279.9565 36.5276
279.9624 36.5227
279.9682 36.5178
279.9741 36.5130
279.9799 36.5081
279.9858 36.5032
279.9916 36.4983
279.9975 36.4935
280.0033 36.4886
280.0092 36.4837
280.0150 36.4788
280.0208 36.4740
280.0267 36.4691
280.0325 36.4642
280.0384 36.4593
280.0442 36.4545
280.0501 36.4496
280.0559 36.4447
280.0618 36.4398
280.0676 36.4349
280.0735 36.4301
280.0793 36.4252
280.0852 36.4203
280.0910 36.4154
280.0969 36.4105
280.1027 36.4056
280.1086 36.4007
280.1144 36.3959
280.1203 36.3910
280.1261 36.3861
280.1320 36.3812
280.1378 36.3763
280.1437 36.3714
280.1495 36.3665
280.1554 36.3616
280.1612 36.3567
280.1671 36.3518
280.1729 36.3470
280.1788 36.3421
280.1846 36.3372
280.1905 36.3323
280.1963 36.3274
280.2022 36.3225
280.2080 36.3176
280.2139 36.3127
280.2197 36.3078
280.2256 36.3029
280.2314 36.2980
280.2373 36.2931
280.2431 36.2882
280.2490 36.2833
280.2548 36.2784
280.2607 36.2735
280.2665 36.2686
280.2724 36.2637
280.2782 36.2588
280.2841 36.2539
280.2899 36.2490
280.2958 36.2440
280.3016 36.2391
280.3075 36.2342
280.3133 36.2293
280.3192 36.2244
280.3251 36.2195
280.3309 36.2146
280.3368 36.2097
280.3426 36.2048
280.3485 36.1999
280.3543 36.1949
280.3602 36.1900
280.3660 36.1851
280.3719 36.1802
280.3777 36.1753
280.3836 36.1704
280.3894 36.1655
280.3953 36.1605
280.4011 36.1556
280.4070 36.1507
280.4128 36.1458
280.4187 36.1409
280.4246 36.1359
280.4304 36.1310
280.4363 36.1261
280.4421 36.1212
280.4480 36.1162
280.4538 36.1113
280.4597 36.1064
280.4655 36.1015
280.4714 36.0965
280.4772 36.0916
280.4831 36.0867
280.4890 36.0818
280.4948 36.0768
280.5007 36.0719
280.5065 36.0670
280.5124 36.0620
280.5182 36.0571
280.5241 36.0522
280.5299 36.0472
280.5358 36.0423
280.5416 36.0374
280.5475 36.0324
280.5534 36.0275
280.5592 36.0226
280.5651 36.0176
280.5709 36.0127
280.5768 36.0078
280.5826 36.0028
280.5885 35.9979
280.5944 35.9930
280.6002 35.9880
280.6061 35.9831
280.6119 35.9781
280.6178 35.9732
280.6236 35.9682
280.6295 35.9633
280.6354 35.9584
280.6412 35.9534
280.6471 35.9485
280.6529 35.9435
280.6588 35.9386
280.6646 35.9336
280.6705 35.9287
280.6764 35.9237
280.6822 35.9188
280.6881 35.9138
280.6939 35.9089
280.6998 35.9039
280.7056 35.8990
280.7115 35.8940
280.7174 35.8891
280.7232 35.8841
280.7291 35.8792
280.7349 35.8742
280.7408 35.8693
280.7467 35.8643
280.7525 35.8594
280.7584 35.8544
280.7642 35.8494
280.7701 35.8445
280.7759 35.8395
280.7818 35.8346
280.7877 35.8296
280.7935 35.8246
280.7994 35.8197
280.8052 35.8147
280.8111 35.8098
280.8170 35.8048
280.8228 35.7998
280.8287 35.7949
280.8345 35.7899
280.8404 35.7849
280.8463 35.7800
280.8521 35.7750
280.8580 35.7700
280.8639 35.7651
280.8697 35.7601
280.8756 35.7551
280.8814 35.7502
280.8873 35.7452
280.8932 35.7402
280.8990 35.7352
280.9049 35.7303
280.9107 35.7253
280.9166 35.7203
280.9225 35.7154
280.9283 35.7104
280.9342 35.7054
280.9401 35.7004
280.9459 35.6954
280.9518 35.6905
280.9576 35.6855
280.9635 35.6805
280.9694 35.6755
280.9752 35.6706
280.9811 35.6656
280.9870 35.6606
280.9928 35.6556
280.9987 35.6506
281.0045 35.6456
281.0104 35.6407
281.0163 35.6357
281.0221 35.6307
281.0280 35.6257
281.0339 35.6207
281.0397 35.6157
281.0456 35.6107
281.0515 35.6058
281.0573 35.6008
281.0632 35.5958
281.0691 35.5908
281.0749 35.5858
281.0808 35.5808
281.0867 35.5758
281.0925 35.5708
281.0984 35.5658
281.1042 35.5608
281.1101 35.5558
281.1160 35.5509
281.1218 35.5459
281.1277 35.5409
281.1336 35.5359
281.1394 35.5309
281.1453 35.5259
281.1512 35.5209
281.1570 35.5159
281.1629 35.5109
281.1688 35.5059
281.1746 35.5009
281.1805 35.4959
281.1864 35.4909
281.1922 35.4859
281.1981 35.4809
281.2040 35.4759
281.2098 35.4709
281.2157 35.4658
281.2216 35.4608
281.2274 35.4558
281.2333 35.4508
281.2392 35.4458
281.2451 35.4408
281.2509 35.4358
281.2568 35.4308
281.2627 35.4258
281.2685 35.4208
281.2744 35.4158
281.2803 35.4108
281.2861 35.4057
281.2920 35.4007
281.2979 35.3957
281.3037 35.3907
281.3096 35.3857
281.3155 35.3807
281.3214 35.3757
281.3272 35.3706
281.3331 35.3656
281.3390 35.3606
281.3448 35.3556
281.3507 35.3506
281.3566 35.3455
281.3624 35.3405
281.3683 35.3355
281.3742 35.3305
281.3801 35.3255
281.3859 35.3204
281.3918 35.3154
281.3977 35.3104
281.4035 35.3054
281.4094 35.3003
281.4153 35.2953
281.4212 35.2903
281.4270 35.2853
281.4329 35.2802
281.4388 35.2752
281.4446 35.2702
281.4505 35.2652
281.4564 35.2601
281.4623 35.2551
281.4681 35.2501
281.4740 35.2450
281.4799 35.2400
281.4858 35.2350
281.4916 35.2299
281.4975 35.2249
281.5034 35.2199
281.5092 35.2148
281.5151 35.2098
281.5210 35.2048
281.5269 35.1997
281.5327 35.1947
281.5386 35.1896
281.5445 35.1846
281.5504 35.1796
281.5562 35.1745
281.5621 35.1695
281.5680 35.1645
281.5739 35.1594
281.5797 35.1544
281.5856 35.1493
281.5915 35.1443
281.5974 35.1392
281.6032 35.1342
281.6091 35.1292
281.6150 35.1241
281.6209 35.1191
281.6267 35.1140
281.6326 35.1090
281.6385 35.1039
281.6444 35.0989
281.6502 35.0938
281.6561 35.0888
281.6620 35.0837
281.6679 35.0787
281.6738 35.0736
281.6796 35.0686
281.6855 35.0635
281.6914 35.0585
281.6973 35.0534
281.7031 35.0484
281.7090 35.0433
281.7149 35.0382
281.7208 35.0332
281.7266 35.0281
281.7325 35.0231
281.7384 35.0180
281.7443 35.0130
281.7502 35.0079
281.7560 35.0028
281.7619 34.9978
281.7678 34.9927
281.7737 34.9877
281.7796 34.9826
281.7854 34.9775
281.7913 34.9725
281.7972 34.9674
281.8031 34.9624
281.8090 34.9573
281.8148 34.9522
281.8207 34.9472
281.8266 34.9421
281.8325 34.9370
281.8383 34.9320
281.8442 34.9269
281.8501 34.9218
281.8560 34.9168
281.8619 34.9117
281.8678 34.9066
281.8736 34.9015
281.8795 34.8965
281.8854 34.8914
281.8913 34.8863
281.8972 34.8813
281.9030 34.8762
281.9089 34.8711
281.9148 34.8660
281.9207 34.8610
281.9266 34.8559
281.9324 34.8508
281.9383 34.8457
281.9442 34.8407
281.9501 34.8356
281.9560 34.8305
281.9619 34.8254
281.9677 34.8203
281.9736 34.8153
281.9795 34.8102
281.9854 34.8051
281.9913 34.8000
281.9972 34.7949
282.0030 34.7899
282.0089 34.7848
282.0148 34.7797
282.0207 34.7746
282.0266 34.7695
282.0325 34.7644
282.0383 34.7593
282.0442 34.7543
282.0501 34.7492
282.0560 34.7441
282.0619 34.7390
282.0678 34.7339
282.0737 34.7288
282.0795 34.7237
282.0854 34.7186
282.0913 34.7135
282.0972 34.7085
282.1031 34.7034
282.1090 34.6983
282.1149 34.6932
282.1207 34.6881
282.1266 34.6830
282.1325 34.6779
282.1384 34.6728
282.1443 34.6677
282.1502 34.6626
282.1561 34.6575
282.1619 34.6524
282.1678 34.6473
282.1737 34.6422
282.1796 34.6371
282.1855 34.6320
282.1914 34.6269
282.1973 34.6218
282.2032 34.6167
282.2090 34.6116
282.2149 34.6065
282.2208 34.6014
282.2267 34.5963
282.2326 34.5912
282.2385 34.5861
282.2444 34.5810
282.2503 34.5759
282.2562 34.5708
282.2620 34.5657
282.2679 34.5605
282.2738 34.5554
282.2797 34.5503
282.2856 34.5452
282.2915 34.5401
282.2974 34.5350
282.3033 34.5299
282.3092 34.5248
282.3151 34.5197
282.3209 34.5146
282.3268 34.5094
282.3327 34.5043
282.3386 34.4992
282.3445 34.4941
282.3504 34.4890
282.3563 34.4839
282.3622 34.4787
282.3681 34.4736
282.3740 34.4685
282.3799 34.4634
282.3858 34.4583
282.3917 34.4532
282.3975 34.4480
282.4034 34.4429
282.4093 34.4378
282.4152 34.4327
282.4211 34.4275
282.4270 34.4224
282.4329 34.4173
282.4388 34.4122
282.4447 34.4071
282.4506 34.4019
282.4565 34.3968
282.4624 34.3917
282.4683 34.3865
282.4742 34.3814
282.4801 34.3763
282.4860 34.3712
282.4918 34.3660
282.4977 34.3609
282.5036 34.3558
282.5095 34.3506
282.5154 34.3455
282.5213 34.3404
282.5272 34.3353
282.5331 34.3301
282.5390 34.3250
282.5449 34.3199
282.5508 34.3147
282.5567 34.3096
282.5626 34.3044
282.5685 34.2993
282.5744 34.2942
282.5803 34.2890
282.5862 34.2839
282.5921 34.2788
282.5980 34.2736
282.6039 34.2685
282.6098 34.2633
282.6157 34.2582
282.6216 34.2531
282.6275 34.2479
282.6334 34.2428
282.6393 34.2376
282.6452 34.2325
282.6511 34.2274
282.6570 34.2222
282.6629 34.2171
282.6688 34.2119
282.6747 34.2068
282.6806 34.2016
282.6865 34.1965
282.6924 34.1913
282.6983 34.1862
282.7042 34.1810
282.7101 34.1759
282.7160 34.1707
282.7219 34.1656
282.7278 34.1604
282.7337 34.1553
282.7396 34.1501
282.7455 34.1450
282.7514 34.1398
282.7573 34.1347
282.7632 34.1295
282.7691 34.1244
282.7750 34.1192
282.7809 34.1141
282.7868 34.1089
282.7927 34.1038
282.7986 34.0986
282.8045 34.0934
282.8104 34.0883
282.8163 34.0831
282.8222 34.0780
282.8281 34.0728
282.8340 34.0677
282.8399 34.0625
282.8458 34.0573
282.8517 34.0522
282.8576 34.0470
282.8635 34.0418
282.8694 34.0367
282.8753 34.0315
282.8812 34.0264
282.8871 34.0212
282.8931 34.0160
282.8990 34.0109
282.9049 34.0057
282.9108 34.0005
282.9167 33.9954
282.9226 33.9902
282.9285 33.9850
282.9344 33.9799
282.9403 33.9747
282.9462 33.9695
282.9521 33.9644
282.9580 33.9592
282.9639 33.9540
282.9698 33.9488
282.9757 33.9437
282.9816 33.9385
282.9876 33.9333
282.9935 33.9281
282.9994 33.9230
283.0053 33.9178
283.0112 33.9126
283.0171 33.9074
283.0230 33.9023
283.0289 33.8971
283.0348 33.8919
283.0407 33.8867
283.0466 33.8816
283.0525 33.8764
283.0585 33.8712
283.0644 33.8660
283.0703 33.8608
283.0762 33.8557
283.0821 33.8505
283.0880 33.8453
283.0939 33.8401
283.0998 33.8349
283.1057 33.8298
283.1116 33.8246
283.1176 33.8194
283.1235 33.8142
283.1294 33.8090
283.1353 33.8038
283.1412 33.7986
283.1471 33.7935
283.1530 33.7883
283.1589 33.7831
283.1648 33.7779
283.1708 33.7727
283.1767 33.7675
283.1826 33.7623
283.1885 33.7571
283.1944 33.7519
283.2003 33.7468
283.2062 33.7416
283.2121 33.7364
283.2181 33.7312
283.2240 33.7260
283.2299 33.7208
283.2358 33.7156
283.2417 33.7104
283.2476 33.7052
283.2535 33.7000
283.2595 33.6948
283.2654 33.6896
283.2713 33.6844
283.2772 33.6792
283.2831 33.6740
283.2890 33.6688
283.2949 33.6636
283.3009 33.6584
283.3068 33.6532
283.3127 33.6480
283.3186 33.6428
283.3245 33.6376
283.3304 33.6324
283.3364 33.6272
283.3423 33.6220
283.3482 33.6168
283.3541 33.6116
283.3600 33.6064
283.3659 33.6012
283.3719 33.5960
283.3778 33.5908
283.3837 33.5856
283.3896 33.5804
283.3955 33.5752
283.4015 33.5700
283.4074 33.5648
283.4133 33.5595
283.4192 33.5543
283.4251 33.5491
283.4310 33.5439
283.4370 33.5387
283.4429 33.5335
283.4488 33.5283
283.4547 33.5231
283.4606 33.5179
283.4666 33.5126
283.4725 33.5074
283.4784 33.5022
283.4843 33.4970
283.4902 33.4918
283.4962 33.4866
283.5021 33.4814
283.5080 33.4761
283.5139 33.4709
283.5199 33.4657
283.5258 33.4605
283.5317 33.4553
283.5376 33.4500
283.5435 33.4448
283.5495 33.4396
283.5554 33.4344
283.5613 33.4292
283.5672 33.4239
283.5732 33.4187
283.5791 33.4135
283.5850 33.4083
283.5909 33.4031
283.5968 33.3978
283.6028 33.3926
283.6087 33.3874
283.6146 33.3822
283.6205 33.3769
283.6265 33.3717
283.6324 33.3665
283.6383 33.3612
283.6442 33.3560
283.6502 33.3508
283.6561 33.3456
283.6620 33.3403
283.6679 33.3351
283.6739 33.3299
283.6798 33.3246
283.6857 33.3194
283.6917 33.3142
283.6976 33.3089
283.7035 33.3037
283.7094 33.2985
283.7154 33.2932
283.7213 33.2880
283.7272 33.2828
283.7331 33.2775
283.7391 33.2723
283.7450 33.2671
283.7509 33.2618
283.7569 33.2566
283.7628 33.2514
283.7687 33.2461
283.7746 33.2409
283.7806 33.2356
283.7865 33.2304
283.7924 33.2252
283.7984 33.2199
283.8043 33.2147
283.8102 33.2094
283.8162 33.2042
283.8221 33.1989
283.8280 33.1937
283.8340 33.1885
283.8399 33.1832
283.8458 33.1780
283.8517 33.1727
283.8577 33.1675
283.8636 33.1622
283.8695 33.1570
283.8755 33.1517
283.8814 33.1465
283.8873 33.1412
283.8933 33.1360
283.8992 33.1307
283.9051 33.1255
283.9111 33.1203
283.9170 33.1150
283.9229 33.1098
283.9289 33.1045
283.9348 33.0992
283.9407 33.0940
283.9467 33.0887
283.9526 33.0835
283.9585 33.0782
283.9645 33.0730
283.9704 33.0677
283.9763 33.0625
283.9823 33.0572
283.9882 33.0520
283.9942 33.0467
284.0001 33.0415
284.0060 33.0362
284.0120 33.0309
284.0179 33.0257
284.0238 33.0204
284.0298 33.0152
284.0357 33.0099
284.0416 33.0046
284.0476 32.9994
284.0535 32.9941
284.0595 32.9889
284.0654 32.9836
284.0713 32.9783
284.0773 32.9731
284.0832 32.9678
284.0892 32.9625
284.0951 32.9573
284.1010 32.9520
284.1070 32.9468
284.1129 32.9415
284.1188 32.9362
284.1248 32.9310
284.1307 32.9257
284.1367 32.9204
284.1426 32.9152
284.1485 32.9099
284.1545 32.9046
284.1604 32.8993
284.1664 32.8941
284.1723 32.8888
284.1783 32.8835
284.1842 32.8783
284.1901 32.8730
284.1961 32.8677
284.2020 32.8625
284.2080 32.8572
284.2139 32.8519
284.2198 32.8466
284.2258 32.8414
284.2317 32.8361
284.2377 32.8308
284.2436 32.8255
284.2496 32.8203
284.2555 32.8150
284.2615 32.8097
284.2674 32.8044
284.2733 32.7991
284.2793 32.7939
284.2852 32.7886
284.2912 32.7833
284.2971 32.7780
284.3031 32.7728
284.3090 32.7675
284.3150 32.7622
284.3209 32.7569
284.3268 32.7516
284.3328 32.7463
284.3387 32.7411
284.3447 32.7358
284.3506 32.7305
284.3566 32.7252
284.3625 32.7199
284.3685 32.7146
284.3744 32.7094
284.3804 32.7041
284.3863 32.6988
284.3923 32.6935
284.3982 32.6882
284.4042 32.6829
284.4101 32.6776
284.4161 32.6724
284.4220 32.6671
284.4280 32.6618
284.4339 32.6565
284.4399 32.6512
284.4458 32.6459
284.4518 32.6406
284.4577 32.6353
284.4637 32.6300
284.4696 32.6247
284.4756 32.6194
284.4815 32.6142
284.4875 32.6089
284.4934 32.6036
284.4994 32.5983
284.5053 32.5930
284.5113 32.5877
284.5172 32.5824
284.5232 32.5771
284.5291 32.5718
284.5351 32.5665
284.5410 32.5612
284.5470 32.5559
284.5529 32.5506
284.5589 32.5453
284.5648 32.5400
284.5708 32.5347
284.5768 32.5294
284.5827 32.5241
284.5887 32.5188
284.5946 32.5135
284.6006 32.5082
284.6065 32.5029
284.6125 32.4976
284.6184 32.4923
284.6244 32.4870
284.6303 32.4817
284.6363 32.4764
284.6423 32.4711
284.6482 32.4658
284.6542 32.4605
284.6601 32.4552
284.6661 32.4499
284.6720 32.4445
284.6780 32.4392
284.6840 32.4339
284.6899 32.4286
284.6959 32.4233
284.7018 32.4180
284.7078 32.4127
284.7137 32.4074
284.7197 32.4021
284.7257 32.3968
284.7316 32.3915
284.7376 32.3861
284.7435 32.3808
284.7495 32.3755
284.7555 32.3702
284.7614 32.3649
284.7674 32.3596
284.7733 32.3543
284.7793 32.3490
284.7853 32.3436
284.7912 32.3383
284.7972 32.3330
284.8031 32.3277
284.8091 32.3224
284.8151 32.3171
284.8210 32.3117
284.8270 32.3064
284.8330 32.3011
284.8389 32.2958
284.8449 32.2905
284.8508 32.2851
284.8568 32.2798
284.8628 32.2745
284.8687 32.2692
284.8747 32.2639
284.8807 32.2585
284.8866 32.2532
284.8926 32.2479
284.8986 32.2426
284.9045 32.2372
284.9105 32.2319
284.9164 32.2266
284.9224 32.2213
284.9284 32.2159
284.9343 32.2106
284.9403 32.2053
284.9463 32.2000
284.9522 32.1946
284.9582 32.1893
284.9642 32.1840
284.9701 32.1787
284.9761 32.1733
284.9821 32.1680
284.9880 32.1627
284.9940 32.1573
285.0000 32.1520
285.0060 32.1467
285.0119 32.1413
285.0179 32.1360
285.0239 32.1307
285.0298 32.1254
285.0358 32.1200
285.0418 32.1147
285.0477 32.1094
285.0537 32.1040
285.0597 32.0987
285.0657 32.0933
285.0716 32.0880
285.0776 32.0827
285.0836 32.0773
285.0895 32.0720
285.0955 32.0667
285.1015 32.0613
285.1075 32.0560
285.1134 32.0507
285.1194 32.0453
285.1254 32.0400
285.1313 32.0346
285.1373 32.0293
285.1433 32.0240
285.1493 32.0186
285.1552 32.0133
285.1612 32.0079
285.1672 32.0026
285.1732 31.9972
285.1791 31.9919
285.1851 31.9866
285.1911 31.9812
285.1971 31.9759
285.2030 31.9705
285.2090 31.9652
285.2150 31.9598
285.2210 31.9545
285.2269 31.9491
285.2329 31.9438
285.2389 31.9385
285.2449 31.9331
285.2508 31.9278
285.2568 31.9224
285.2628 31.9171
285.2688 31.9117
285.2748 31.9064
285.2807 31.9010
285.2867 31.8957
285.2927 31.8903
285.2987 31.8850
285.3047 31.8796
285.3106 31.8743
285.3166 31.8689
285.3226 31.8636
285.3286 31.8582
285.3346 31.8529
285.3405 31.8475
285.3465 31.8421
285.3525 31.8368
285.3585 31.8314
285.3645 31.8261
285.3704 31.8207
285.3764 31.8154
285.3824 31.8100
285.3884 31.8047
285.3944 31.7993
285.4004 31.7939
285.4063 31.7886
285.4123 31.7832
285.4183 31.7779
285.4243 31.7725
285.4303 31.7671
285.4363 31.7618
285.4422 31.7564
285.4482 31.7511
285.4542 31.7457
285.4602 31.7403
285.4662 31.7350
285.4722 31.7296
285.4781 31.7243
285.4841 31.7189
285.4901 31.7135
285.4961 31.7082
285.5021 31.7028
285.5081 31.6974
285.5141 31.6921
285.5201 31.6867
285.5260 31.6813
285.5320 31.6760
285.5380 31.6706
285.5440 31.6652
285.5500 31.6599
285.5560 31.6545
285.5620 31.6491
285.5680 31.6438
285.5739 31.6384
285.5799 31.6330
285.5859 31.6277
285.5919 31.6223
285.5979 31.6169
285.6039 31.6115
285.6099 31.6062
285.6159 31.6008
285.6219 31.5954
285.6279 31.5901
285.6338 31.5847
285.6398 31.5793
285.6458 31.5739
285.6518 31.5686
285.6578 31.5632
285.6638 31.5578
285.6698 31.5524
285.6758 31.5471
285.6818 31.5417
285.6878 31.5363
285.6938 31.5309
285.6998 31.5256
285.7058 31.5202
285.7118 31.5148
285.7177 31.5094
285.7237 31.5040
285.7297 31.4987
285.7357 31.4933
285.7417 31.4879
285.7477 31.4825
285.7537 31.4771
285.7597 31.4718
285.7657 31.4664
285.7717 31.4610
285.7777 31.4556
285.7837 31.4502
285.7897 31.4449
285.7957 31.4395
285.8017 31.4341
285.8077 31.4287
285.8137 31.4233
285.8197 31.4179
285.8257 31.4126
285.8317 31.4072
285.8377 31.4018
285.8437 31.3964
285.8497 31.3910
285.8557 31.3856
285.8617 31.3802
285.8677 31.3749
285.8737 31.3695
285.8797 31.3641
285.8857 31.3587
285.8917 31.3533
285.8977 31.3479
285.9037 31.3425
285.9097 31.3371
285.9157 31.3317
285.9217 31.3263
285.9277 31.3210
285.9337 31.3156
285.9397 31.3102
285.9457 31.3048
285.9517 31.2994
285.9577 31.2940
285.9637 31.2886
285.9697 31.2832
285.9757 31.2778
285.9817 31.2724
285.9877 31.2670
285.9937 31.2616
285.9997 31.2562
286.0057 31.2508
286.0117 31.2454
286.0178 31.2400
286.0238 31.2346
286.0298 31.2293
286.0358 31.2239
286.0418 31.2185
286.0478 31.2131
286.0538 31.2077
286.0598 31.2023
286.0658 31.1969
286.0718 31.1915
286.0778 31.1861
286.0838 31.1807
286.0898 31.1753
286.0958 31.1699
286.1019 31.1645
286.1079 31.1591
286.1139 31.1537
286.1199 31.1482
286.1259 31.1428
286.1319 31.1374
286.1379 31.1320
286.1439 31.1266
286.1499 31.1212
286.1559 31.1158
286.1620 31.1104
286.1680 31.1050
286.1740 31.0996
286.1800 31.0942
286.1860 31.0888
286.1920 31.0834
286.1980 31.0780
286.2040 31.0726
286.2101 31.0672
286.2161 31.0618
286.2221 31.0563
286.2281 31.0509
286.2341 31.0455
286.2401 31.0401
286.2461 31.0347
286.2522 31.0293
286.2582 31.0239
286.2642 31.0185
286.2702 31.0131
286.2762 31.0076
286.2822 31.0022
286.2883 30.9968
286.2943 30.9914
286.3003 30.9860
286.3063 30.9806
286.3123 30.9752
286.3183 30.9697
286.3244 30.9643
286.3304 30.9589
286.3364 30.9535
286.3424 30.9481
286.3484 30.9427
286.3545 30.9373
286.3605 30.9318
286.3665 30.9264
286.3725 30.9210
286.3785 30.9156
286.3846 30.9102
286.3906 30.9047
286.3966 30.8993
286.4026 30.8939
286.4086 30.8885
286.4147 30.8831
286.4207 30.8776
286.4267 30.8722
286.4327 30.8668
286.4388 30.8614
286.4448 30.8560
286.4508 30.8505
286.4568 30.8451
286.4629 30.8397
286.4689 30.8343
286.4749 30.8288
286.4809 30.8234
286.4870 30.8180
286.4930 30.8126
286.4990 30.8071
286.5050 30.8017
286.5111 30.7963
286.5171 30.7909
286.5231 30.7854
286.5291 30.7800
286.5352 30.7746
286.5412 30.7692
286.5472 30.7637
286.5532 30.7583
286.5593 30.7529
286.5653 30.7474
286.5713 30.7420
286.5774 30.7366
286.5834 30.7312
286.5894 30.7257
286.5954 30.7203
286.6015 30.7149
286.6075 30.7094
286.6135 30.7040
286.6196 30.6986
286.6256 30.6931
286.6316 30.6877
286.6377 30.6823
286.6437 30.6768
286.6497 30.6714
286.6558 30.6660
286.6618 30.6605
286.6678 30.6551
286.6738 30.6497
286.6799 30.6442
286.6859 30.6388
286.6919 30.6333
286.6980 30.6279
286.7040 30.6225
286.7101 30.6170
286.7161 30.6116
286.7221 30.6062
286.7282 30.6007
286.7342 30.5953
286.7402 30.5898
286.7463 30.5844
286.7523 30.5790
286.7583 30.5735
286.7644 30.5681
286.7704 30.5626
286.7764 30.5572
286.7825 30.5518
286.7885 30.5463
286.7946 30.5409
286.8006 30.5354
286.8066 30.5300
286.8127 30.5246
286.8187 30.5191
286.8248 30.5137
286.8308 30.5082
286.8368 30.5028
286.8429 30.4973
286.8489 30.4919
286.8550 30.4864
286.8610 30.4810
286.8670 30.4756
286.8731 30.4701
286.8791 30.4647
286.8852 30.4592
286.8912 30.4538
286.8972 30.4483
286.9033 30.4429
286.9093 30.4374
286.9154 30.4320
286.9214 30.4265
286.9275 30.4211
286.9335 30.4156
286.9395 30.4102
286.9456 30.4047
286.9516 30.3993
286.9577 30.3938
286.9637 30.3884
286.9698 30.3829
286.9758 30.3775
286.9819 30.3720
286.9879 30.3666
286.9940 30.3611
287.0000 30.3557
287.0060 30.3502
287.0121 30.3448
287.0181 30.3393
287.0242 30.3339
287.0302 30.3284
287.0363 30.3229
287.0423 30.3175
287.0484 30.3120
287.0544 30.3066
287.0605 30.3011
287.0665 30.2957
287.0726 30.2902
287.0786 30.2847
287.0847 30.2793
287.0907 30.2738
287.0968 30.2684
287.1028 30.2629
287.1089 30.2575
287.1149 30.2520
287.1210 30.2465
287.1270 30.2411
287.1331 30.2356
287.1392 30.2302
287.1452 30.2247
287.1513 30.2192
287.1573 30.2138
287.1634 30.2083
287.1694 30.2029
287.1755 30.1974
287.1815 30.1919
287.1876 30.1865
287.1936 30.1810
287.1997 30.1755
287.2057 30.1701
287.2118 30.1646
287.2179 30.1592
287.2239 30.1537
287.2300 30.1482
287.2360 30.1428
287.2421 30.1373
287.2481 30.1318
287.2542 30.1264
287.2603 30.1209
287.2663 30.1154
287.2724 30.1100
287.2784 30.1045
287.2845 30.0990
287.2906 30.0936
287.2966 30.0881
287.3027 30.0826
287.3087 30.0772
287.3148 30.0717
287.3209 30.0662
287.3269 30.0607
287.3330 30.0553
287.3390 30.0498
287.3451 30.0443
287.3512 30.0389
287.3572 30.0334
287.3633 30.0279
287.3694 30.0225
287.3754 30.0170
287.3815 30.0115
287.3875 30.0060
287.3936 30.0006
287.3997 29.9951
287.4057 29.9896
287.4118 29.9841
287.4179 29.9787
287.4239 29.9732
287.4300 29.9677
287.4361 29.9622
287.4421 29.9568
287.4482 29.9513
287.4543 29.9458
287.4603 29.9403
287.4664 29.9349
287.4725 29.9294
287.4785 29.9239
287.4846 29.9184
287.4907 29.9130
287.4967 29.9075
287.5028 29.9020
287.5089 29.8965
287.5149 29.8910
287.5210 29.8856
287.5271 29.8801
287.5332 29.8746
287.5392 29.8691
287.5453 29.8636
287.5514 29.8582
287.5574 29.8527
287.5635 29.8472
287.5696 29.8417
287.5757 29.8362
287.5817 29.8308
287.5878 29.8253
287.5939 29.8198
287.6000 29.8143
287.6060 29.8088
287.6121 29.8033
287.6182 29.7979
287.6243 29.7924
287.6303 29.7869
287.6364 29.7814
287.6425 29.7759
287.6486 29.7704
287.6546 29.7649
287.6607 29.7595
287.6668 29.7540
287.6729 29.7485
287.6789 29.7430
287.6850 29.7375
287.6911 29.7320
287.6972 29.7265
287.7033 29.7210
287.7093 29.7156
287.7154 29.7101
287.7215 29.7046
287.7276 29.6991
287.7336 29.6936
287.7397 29.6881
287.7458 29.6826
287.7519 29.6771
287.7580 29.6716
287.7641 29.6662
287.7701 29.6607
287.7762 29.6552
287.7823 29.6497
287.7884 29.6442
287.7945 29.6387
287.8005 29.6332
287.8066 29.6277
287.8127 29.6222
287.8188 29.6167
287.8249 29.6112
287.8310 29.6057
287.8371 29.6002
287.8431 29.5947
287.8492 29.5892
287.8553 29.5838
287.8614 29.5783
287.8675 29.5728
287.8736 29.5673
287.8797 29.5618
287.8857 29.5563
287.8918 29.5508
287.8979 29.5453
287.9040 29.5398
287.9101 29.5343
287.9162 29.5288
287.9223 29.5233
287.9284 29.5178
287.9345 29.5123
287.9405 29.5068
287.9466 29.5013
287.9527 29.4958
287.9588 29.4903
287.9649 29.4848
287.9710 29.4793
287.9771 29.4738
287.9832 29.4683
287.9893 29.4628
287.9954 29.4573
288.0015 29.4518
288.0076 29.4463
288.0136 29.4408
288.0197 29.4353
288.0258 29.4298
288.0319 29.4243
288.0380 29.4188
288.0441 29.4133
288.0502 29.4078
288.0563 29.4022
288.0624 29.3967
288.0685 29.3912
288.0746 29.3857
288.0807 29.3802
288.0868 29.3747
288.0929 29.3692
288.0990 29.3637
288.1051 29.3582
288.1112 29.3527
288.1173 29.3472
288.1234 29.3417
288.1295 29.3362
288.1356 29.3307
288.1417 29.3252
288.1478 29.3196
288.1539 29.3141
288.1600 29.3086
288.1661 29.3031
288.1722 29.2976
288.1783 29.2921
288.1844 29.2866
288.1905 29.2811
288.1966 29.2756
288.2027 29.2701
288.2088 29.2646
288.2149 29.2590
288.2210 29.2535
288.2271 29.2480
288.2332 29.2425
288.2393 29.2370
288.2454 29.2315
288.2515 29.2260
288.2576 29.2205
288.2637 29.2149
288.2698 29.2094
288.2760 29.2039
288.2821 29.1984
288.2882 29.1929
288.2943 29.1874
288.3004 29.1819
288.3065 29.1763
288.3126 29.1708
288.3187 29.1653
288.3248 29.1598
288.3309 29.1543
288.3370 29.1488
288.3431 29.1432
288.3493 29.1377
288.3554 29.1322
288.3615 29.1267
288.3676 29.1212
288.3737 29.1157
288.3798 29.1101
288.3859 29.1046
288.3920 29.0991
288.3981 29.0936
288.4043 29.0881
288.4104 29.0825
288.4165 29.0770
288.4226 29.0715
288.4287 29.0660
288.4348 29.0605
288.4409 29.0549
288.4471 29.0494
288.4532 29.0439
288.4593 29.0384
288.4654 29.0328
288.4715 29.0273
288.4776 29.0218
288.4837 29.0163
288.4899 29.0108
288.4960 29.0052
288.5021 28.9997
288.5082 28.9942
288.5143 28.9887
288.5205 28.9831
288.5266 28.9776
288.5327 28.9721
288.5388 28.9666
288.5449 28.9610
288.5511 28.9555
288.5572 28.9500
288.5633 28.9445
288.5694 28.9389
288.5755 28.9334
288.5817 28.9279
288.5878 28.9224
288.5939 28.9168
288.6000 28.9113
288.6061 28.9058
288.6123 28.9002
288.6184 28.8947
288.6245 28.8892
288.6306 28.8837
288.6368 28.8781
288.6429 28.8726
288.6490 28.8671
288.6551 28.8615
288.6613 28.8560
288.6674 28.8505
288.6735 28.8450
288.6796 28.8394
288.6858 28.8339
288.6919 28.8284
288.6980 28.8228
288.7042 28.8173
288.7103 28.8118
288.7164 28.8062
288.7225 28.8007
288.7287 28.7952
288.7348 28.7896
288.7409 28.7841
288.7471 28.7786
288.7532 28.7730
288.7593 28.7675
288.7655 28.7620
288.7716 28.7564
288.7777 28.7509
288.7838 28.7454
288.7900 28.7398
288.7961 28.7343
288.8022 28.7288
288.8084 28.7232
288.8145 28.7177
288.8206 28.7122
288.8268 28.7066
288.8329 28.7011
288.8390 28.6955
288.8452 28.6900
288.8513 28.6845
288.8575 28.6789
288.8636 28.6734
288.8697 28.6679
288.8759 28.6623
288.8820 28.6568
288.8881 28.6512
288.8943 28.6457
288.9004 28.6402
288.9066 28.6346
288.9127 28.6291
288.9188 28.6235
288.9250 28.6180
288.9311 28.6125
288.9372 28.6069
288.9434 28.6014
288.9495 28.5958
288.9557 28.5903
288.9618 28.5848
288.9680 28.5792
288.9741 28.5737
288.9802 28.5681
288.9864 28.5626
288.9925 28.5571
288.9987 28.5515
289.0048 28.5460
289.0110 28.5404
289.0171 28.5349
289.0232 28.5293
289.0294 28.5238
289.0355 28.5182
289.0417 28.5127
289.0478 28.5072
289.0540 28.5016
289.0601 28.4961
289.0663 28.4905
289.0724 28.4850
289.0786 28.4794
289.0847 28.4739
289.0909 28.4683
289.0970 28.4628
289.1032 28.4572
289.1093 28.4517
289.1155 28.4462
289.1216 28.4406
289.1278 28.4351
289.1339 28.4295
289.1401 28.4240
289.1462 28.4184
289.1524 28.4129
289.1585 28.4073
289.1647 28.4018
289.1708 28.3962
289.1770 28.3907
289.1831 28.3851
289.1893 28.3796
289.1954 28.3740
289.2016 28.3685
289.2077 28.3629
289.2139 28.3574
289.2200 28.3518
289.2262 28.3463
289.2324 28.3407
289.2385 28.3352
289.2447 28.3296
289.2508 28.3241
289.2570 28.3185
289.2631 28.3130
289.2693 28.3074
289.2755 28.3018
289.2816 28.2963
289.2878 28.2907
289.2939 28.2852
289.3001 28.2796
289.3063 28.2741
289.3124 28.2685
289.3186 28.2630
289.3247 28.2574
289.3309 28.2519
289.3371 28.2463
289.3432 28.2407
289.3494 28.2352
289.3556 28.2296
289.3617 28.2241
289.3679 28.2185
289.3740 28.2130
289.3802 28.2074
289.3864 28.2019
289.3925 28.1963
289.3987 28.1907
289.4049 28.1852
289.4110 28.1796
289.4172 28.1741
289.4234 28.1685
289.4295 28.1629
289.4357 28.1574
289.4419 28.1518
289.4480 28.1463
289.4542 28.1407
289.4604 28.1352
289.4665 28.1296
289.4727 28.1240
289.4789 28.1185
289.4850 28.1129
289.4912 28.1074
289.4974 28.1018
289.5036 28.0962
289.5097 28.0907
289.5159 28.0851
289.5221 28.0795
289.5282 28.0740
289.5344 28.0684
289.5406 28.0629
289.5468 28.0573
289.5529 28.0517
289.5591 28.0462
289.5653 28.0406
289.5715 28.0350
289.5776 28.0295
289.5838 28.0239
289.5900 28.0184
289.5962 28.0128
289.6023 28.0072
289.6085 28.0017
289.6147 27.9961
289.6209 27.9905
289.6270 27.9850
289.6332 27.9794
289.6394 27.9738
289.6456 27.9683
289.6518 27.9627
289.6579 27.9571
289.6641 27.9516
289.6703 27.9460
289.6765 27.9404
289.6827 27.9349
289.6888 27.9293
289.6950 27.9237
289.7012 27.9182
289.7074 27.9126
289.7136 27.9070
289.7198 27.9015
289.7259 27.8959
289.7321 27.8903
289.7383 27.8848
289.7445 27.8792
289.7507 27.8736
289.7569 27.8681
289.7630 27.8625
289.7692 27.8569
289.7754 27.8514
289.7816 27.8458
289.7878 27.8402
289.7940 27.8346
289.8002 27.8291
289.8064 27.8235
289.8125 27.8179
289.8187 27.8124
289.8249 27.8068
289.8311 27.8012
289.8373 27.7956
289.8435 27.7901
289.8497 27.7845
289.8559 27.7789
289.8621 27.7734
289.8683 27.7678
289.8744 27.7622
289.8806 27.7566
289.8868 27.7511
289.8930 27.7455
289.8992 27.7399
289.9054 27.7343
289.9116 27.7288
289.9178 27.7232
289.9240 27.7176
289.9302 27.7120
289.9364 27.7065
289.9426 27.7009
289.9488 27.6953
289.9550 27.6897
289.9612 27.6842
289.9674 27.6786
289.9736 27.6730
289.9798 27.6674
289.9860 27.6619
289.9922 27.6563
289.9984 27.6507
290.0046 27.6451
290.0108 27.6396
290.0170 27.6340
290.0232 27.6284
290.0294 27.6228
290.0356 27.6173
290.0418 27.6117
290.0480 27.6061
290.0542 27.6005
290.0604 27.5949
290.0666 27.5894
290.0728 27.5838
290.0790 27.5782
290.0852 27.5726
290.0914 27.5671
290.0976 27.5615
290.1038 27.5559
290.1100 27.5503
290.1162 27.5447
290.1224 27.5392
290.1286 27.5336
290.1348 27.5280
290.1410 27.5224
290.1472 27.5168
290.1534 27.5113
290.1596 27.5057
290.1659 27.5001
290.1721 27.4945
290.1783 27.4889
290.1845 27.4833
290.1907 27.4778
290.1969 27.4722
290.2031 27.4666
290.2093 27.4610
290.2155 27.4554
290.2217 27.4498
290.2280 27.4443
290.2342 27.4387
290.2404 27.4331
290.2466 27.4275
290.2528 27.4219
290.2590 27.4163
290.2652 27.4108
290.2714 27.4052
290.2777 27.3996
290.2839 27.3940
290.2901 27.3884
290.2963 27.3828
290.3025 27.3773
290.3087 27.3717
290.3150 27.3661
290.3212 27.3605
290.3274 27.3549
290.3336 27.3493
290.3398 27.3437
290.3461 27.3382
290.3523 27.3326
290.3585 27.3270
290.3647 27.3214
290.3709 27.3158
290.3772 27.3102
290.3834 27.3046
290.3896 27.2991
290.3958 27.2935
290.4020 27.2879
290.4083 27.2823
290.4145 27.2767
290.4207 27.2711
290.4269 27.2655
290.4332 27.2599
290.4394 27.2543
290.4456 27.2488
290.4518 27.2432
290.4581 27.2376
290.4643 27.2320
290.4705 27.2264
290.4767 27.2208
290.4830 27.2152
290.4892 27.2096
290.4954 27.2040
290.5016 27.1984
290.5079 27.1929
290.5141 27.1873
290.5203 27.1817
290.5266 27.1761
290.5328 27.1705
290.5390 27.1649
290.5453 27.1593
290.5515 27.1537
290.5577 27.1481
290.5640 27.1425
290.5702 27.1369
290.5764 27.1313
290.5827 27.1258
290.5889 27.1202
290.5951 27.1146
290.6014 27.1090
290.6076 27.1034
290.6138 27.0978
290.6201 27.0922
290.6263 27.0866
290.6325 27.0810
290.6388 27.0754
290.6450 27.0698
290.6512 27.0642
290.6575 27.0586
290.6637 27.0530
290.6700 27.0474
290.6762 27.0418
290.6824 27.0363
290.6887 27.0307
290.6949 27.0251
290.7012 27.0195
290.7074 27.0139
290.7136 27.0083
290.7199 27.0027
290.7261 26.9971
290.7324 26.9915
290.7386 26.9859
290.7449 26.9803
290.7511 26.9747
290.7573 26.9691
290.7636 26.9635
290.7698 26.9579
290.7761 26.9523
290.7823 26.9467
290.7886 26.9411
290.7948 26.9355
290.8011 26.9299
290.8073 26.9243
290.8136 26.9187
290.8198 26.9131
290.8260 26.9075
290.8323 26.9019
290.8385 26.8963
290.8448 26.8907
290.8510 26.8851
290.8573 26.8795
290.8635 26.8739
290.8698 26.8683
290.8760 26.8627
290.8823 26.8571
290.8886 26.8515
290.8948 26.8459
290.9011 26.8403
290.9073 26.8347
290.9136 26.8291
290.9198 26.8235
290.9261 26.8179
290.9323 26.8123
290.9386 26.8067
290.9448 26.8011
290.9511 26.7955
290.9573 26.7899
290.9636 26.7843
290.9699 26.7787
290.9761 26.7731
290.9824 26.7675
290.9886 26.7619
290.9949 26.7563
291.0012 26.7507
291.0074 26.7451
291.0137 26.7395
291.0199 26.7339
291.0262 26.7283
291.0325 26.7227
291.0387 26.7171
291.0450 26.7115
291.0512 26.7059
291.0575 26.7003
291.0638 26.6947
291.0700 26.6891
291.0763 26.6835
291.0826 26.6779
291.0888 26.6722
291.0951 26.6666
291.1014 26.6610
291.1076 26.6554
291.1139 26.6498
291.1202 26.6442
291.1264 26.6386
291.1327 26.6330
291.1390 26.6274
291.1452 26.6218
291.1515 26.6162
291.1578 26.6106
291.1640 26.6050
291.1703 26.5994
291.1766 26.5938
291.1828 26.5882
291.1891 26.5826
291.1954 26.5769
291.2017 26.5713
291.2079 26.5657
291.2142 26.5601
291.2205 26.5545
291.2267 26.5489
291.2330 26.5433
291.2393 26.5377
291.2456 26.5321
291.2518 26.5265
291.2581 26.5209
291.2644 26.5153
291.2707 26.5097
291.2769 26.5040
291.2832 26.4984
291.2895 26.4928
291.2958 26.4872
291.3021 26.4816
291.3083 26.4760
291.3146 26.4704
291.3209 26.4648
291.3272 26.4592
291.3335 26.4536
291.3397 26.4480
291.3460 26.4423
291.3523 26.4367
291.3586 26.4311
291.3649 26.4255
291.3711 26.4199
291.3774 26.4143
291.3837 26.4087
291.3900 26.4031
291.3963 26.3975
291.4026 26.3918
291.4088 26.3862
291.4151 26.3806
291.4214 26.3750
291.4277 26.3694
291.4340 26.3638
291.4403 26.3582
291.4466 26.3526
291.4528 26.3470
291.4591 26.3413
291.4654 26.3357
291.4717 26.3301
291.4780 26.3245
291.4843 26.3189
291.4906 26.3133
291.4969 26.3077
291.5032 26.3021
291.5095 26.2964
291.5157 26.2908
291.5220 26.2852
291.5283 26.2796
291.5346 26.2740
291.5409 26.2684
291.5472 26.2628
291.5535 26.2571
291.5598 26.2515
291.5661 26.2459
291.5724 26.2403
291.5787 26.2347
291.5850 26.2291
291.5913 26.2235
291.5976 26.2178
291.6039 26.2122
291.6102 26.2066
291.6165 26.2010
291.6228 26.1954
291.6291 26.1898
291.6354 26.1842
291.6417 26.1785
291.6480 26.1729
291.6543 26.1673
291.6606 26.1617
291.6669 26.1561
291.6732 26.1505
291.6795 26.1448
291.6858 26.1392
291.6921 26.1336
291.6984 26.1280
291.7047 26.1224
291.7110 26.1168
291.7173 26.1111
291.7236 26.1055
291.7299 26.0999
291.7362 26.0943
291.7425 26.0887
291.7488 26.0831
291.7551 26.0774
291.7614 26.0718
291.7677 26.0662
291.7741 26.0606
291.7804 26.0550
291.7867 26.0494
291.7930 26.0437
291.7993 26.0381
291.8056 26.0325
291.8119 26.0269
291.8182 26.0213
291.8245 26.0156
291.8308 26.0100
291.8372 26.0044
291.8435 25.9988
291.8498 25.9932
291.8561 25.9875
291.8624 25.9819
291.8687 25.9763
291.8750 25.9707
291.8814 25.9651
291.8877 25.9594
291.8940 25.9538
291.9003 25.9482
291.9066 25.9426
291.9129 25.9370
291.9193 25.9313
291.9256 25.9257
291.9319 25.9201
291.9382 25.9145
291.9445 25.9089
291.9509 25.9032
291.9572 25.8976
291.9635 25.8920
291.9698 25.8864
291.9761 25.8808
291.9825 25.8751
291.9888 25.8695
291.9951 25.8639
292.0014 25.8583
292.0078 25.8527
292.0141 25.8470
292.0204 25.8414
292.0267 25.8358
292.0331 25.8302
292.0394 25.8245
292.0457 25.8189
292.0520 25.8133
292.0584 25.8077
292.0647 25.8021
292.0710 25.7964
292.0774 25.7908
292.0837 25.7852
292.0900 25.7796
292.0963 25.7739
292.1027 25.7683
292.1090 25.7627
292.1153 25.7571
292.1217 25.7514
292.1280 25.7458
292.1343 25.7402
292.1407 25.7346
292.1470 25.7290
292.1533 25.7233
292.1597 25.7177
292.1660 25.7121
292.1723 25.7065
292.1787 25.7008
292.1850 25.6952
292.1913 25.6896
292.1977 25.6840
292.2040 25.6783
292.2104 25.6727
292.2167 25.6671
292.2230 25.6615
292.2294 25.6558
292.2357 25.6502
292.2421 25.6446
292.2484 25.6390
292.2547 25.6333
292.2611 25.6277
292.2674 25.6221
292.2738 25.6165
292.2801 25.6108
292.2864 25.6052
292.2928 25.5996
292.2991 25.5940
292.3055 25.5883
292.3118 25.5827
292.3182 25.5771
292.3245 25.5715
292.3309 25.5658
292.3372 25.5602
292.3436 25.5546
292.3499 25.5489
292.3562 25.5433
292.3626 25.5377
292.3689 25.5321
292.3753 25.5264
292.3816 25.5208
292.3880 25.5152
292.3943 25.5096
292.4007 25.5039
292.4070 25.4983
292.4134 25.4927
292.4197 25.4870
292.4261 25.4814
292.4325 25.4758
292.4388 25.4702
292.4452 25.4645
292.4515 25.4589
292.4579 25.4533
292.4642 25.4477
292.4706 25.4420
292.4769 25.4364
292.4833 25.4308
292.4897 25.4251
292.4960 25.4195
292.5024 25.4139
292.5087 25.4083
292.5151 25.4026
292.5214 25.3970
292.5278 25.3914
292.5342 25.3857
292.5405 25.3801
292.5469 25.3745
292.5532 25.3688
292.5596 25.3632
292.5660 25.3576
292.5723 25.3520
292.5787 25.3463
292.5851 25.3407
292.5914 25.3351
292.5978 25.3294
292.6042 25.3238
292.6105 25.3182
292.6169 25.3126
292.6233 25.3069
292.6296 25.3013
292.6360 25.2957
292.6424 25.2900
292.6487 25.2844
292.6551 25.2788
292.6615 25.2731
292.6678 25.2675
292.6742 25.2619
292.6806 25.2563
292.6869 25.2506
292.6933 25.2450
292.6997 25.2394
292.7061 25.2337
292.7124 25.2281
292.7188 25.2225
292.7252 25.2168
292.7315 25.2112
292.7379 25.2056
292.7443 25.1999
292.7507 25.1943
292.7570 25.1887
292.7634 25.1830
292.7698 25.1774
292.7762 25.1718
292.7826 25.1662
292.7889 25.1605
292.7953 25.1549
292.8017 25.1493
292.8081 25.1436
292.8144 25.1380
292.8208 25.1324
292.8272 25.1267
292.8336 25.1211
292.8400 25.1155
292.8464 25.1098
292.8527 25.1042
292.8591 25.0986
292.8655 25.0929
292.8719 25.0873
292.8783 25.0817
292.8847 25.0760
292.8910 25.0704
292.8974 25.0648
292.9038 25.0591
292.9102 25.0535
292.9166 25.0479
292.9230 25.0422
292.9294 25.0366
292.9357 25.0310
292.9421 25.0253
292.9485 25.0197
292.9549 25.0141
292.9613 25.0084
292.9677 25.0028
292.9741 24.9972
292.9805 24.9915
292.9869 24.9859
292.9933 24.9803
292.9997 24.9746
293.0060 24.9690
293.0124 24.9634
293.0188 24.9577
293.0252 24.9521
293.0316 24.9465
293.0380 24.9408
293.0444 24.9352
293.0508 24.9296
293.0572 24.9239
293.0636 24.9183
293.0700 24.9127
293.0764 24.9070
293.0828 24.9014
293.0892 24.8958
293.0956 24.8901
293.1020 24.8845
293.1084 24.8789
293.1148 24.8732
293.1212 24.8676
293.1276 24.8620
293.1340 24.8563
293.1404 24.8507
293.1468 24.8451
293.1532 24.8394
293.1596 24.8338
293.1660 24.8282
293.1724 24.8225
293.1788 24.8169
293.1852 24.8112
293.1916 24.8056
293.1981 24.8000
293.2045 24.7943
293.2109 24.7887
293.2173 24.7831
293.2237 24.7774
293.2301 24.7718
293.2365 24.7662
293.2429 24.7605
293.2493 24.7549
293.2557 24.7493
293.2621 24.7436
293.2686 24.7380
293.2750 24.7324
293.2814 24.7267
293.2878 24.7211
293.2942 24.7154
293.3006 24.7098
293.3070 24.7042
293.3135 24.6985
293.3199 24.6929
293.3263 24.6873
293.3327 24.6816
293.3391 24.6760
293.3455 24.6704
293.3520 24.6647
293.3584 24.6591
293.3648 24.6535
293.3712 24.6478
293.3776 24.6422
293.3841 24.6365
293.3905 24.6309
293.3969 24.6253
293.4033 24.6196
293.4097 24.6140
293.4162 24.6084
293.4226 24.6027
293.4290 24.5971
293.4354 24.5915
293.4419 24.5858
293.4483 24.5802
293.4547 24.5745
293.4611 24.5689
293.4676 24.5633
293.4740 24.5576
293.4804 24.5520
293.4868 24.5464
293.4933 24.5407
293.4997 24.5351
293.5061 24.5294
293.5126 24.5238
293.5190 24.5182
293.5254 24.5125
293.5319 24.5069
293.5383 24.5013
293.5447 24.4956
293.5512 24.4900
293.5576 24.4843
293.5640 24.4787
293.5705 24.4731
293.5769 24.4674
293.5833 24.4618
293.5898 24.4562
293.5962 24.4505
293.6026 24.4449
293.6091 24.4392
293.6155 24.4336
293.6219 24.4280
293.6284 24.4223
293.6348 24.4167
293.6413 24.4111
293.6477 24.4054
293.6541 24.3998
293.6606 24.3941
293.6670 24.3885
293.6735 24.3829
293.6799 24.3772
293.6864 24.3716
293.6928 24.3660
293.6992 24.3603
293.7057 24.3547
293.7121 24.3490
293.7186 24.3434
293.7250 24.3378
293.7315 24.3321
293.7379 24.3265
293.7444 24.3208
293.7508 24.3152
293.7573 24.3096
293.7637 24.3039
293.7702 24.2983
293.7766 24.2927
293.7831 24.2870
293.7895 24.2814
293.7960 24.2757
293.8024 24.2701
293.8089 24.2645
293.8153 24.2588
293.8218 24.2532
293.8282 24.2475
293.8347 24.2419
293.8411 24.2363
293.8476 24.2306
293.8540 24.2250
293.8605 24.2194
293.8670 24.2137
293.8734 24.2081
293.8799 24.2024
293.8863 24.1968
293.8928 24.1912
293.8992 24.1855
293.9057 24.1799
293.9122 24.1742
293.9186 24.1686
293.9251 24.1630
293.9316 24.1573
293.9380 24.1517
293.9445 24.1461
293.9509 24.1404
293.9574 24.1348
293.9639 24.1291
293.9703 24.1235
293.9768 24.1179
293.9833 24.1122
293.9897 24.1066
293.9962 24.1009
294.0027 24.0953
294.0091 24.0897
294.0156 24.0840
294.0221 24.0784
294.0285 24.0727
294.0350 24.0671
294.0415 24.0615
294.0479 24.0558
294.0544 24.0502
294.0609 24.0445
294.0674 24.0389
294.0738 24.0333
294.0803 24.0276
294.0868 24.0220
294.0932 24.0164
294.0997 24.0107
294.1062 24.0051
294.1127 23.9994
294.1191 23.9938
294.1256 23.9882
294.1321 23.9825
294.1386 23.9769
294.1451 23.9712
294.1515 23.9656
294.1580 23.9600
294.1645 23.9543
294.1710 23.9487
294.1775 23.9430
294.1839 23.9374
294.1904 23.9318
294.1969 23.9261
294.2034 23.9205
294.2099 23.9148
294.2163 23.9092
294.2228 23.9036
294.2293 23.8979
294.2358 23.8923
294.2423 23.8866
294.2488 23.8810
294.2553 23.8754
294.2617 23.8697
294.2682 23.8641
294.2747 23.8585
294.2812 23.8528
294.2877 23.8472
294.2942 23.8415
294.3007 23.8359
294.3072 23.8303
294.3136 23.8246
294.3201 23.8190
294.3266 23.8133
294.3331 23.8077
294.3396 23.8021
294.3461 23.7964
294.3526 23.7908
294.3591 23.7851
294.3656 23.7795
294.3721 23.7739
294.3786 23.7682
294.3851 23.7626
294.3916 23.7569
294.3981 23.7513
294.4046 23.7457
294.4111 23.7400
294.4176 23.7344
294.4241 23.7287
294.4306 23.7231
294.4371 23.7175
294.4436 23.7118
294.4501 23.7062
294.4566 23.7006
294.4631 23.6949
294.4696 23.6893
294.4761 23.6836
294.4826 23.6780
294.4891 23.6724
294.4956 23.6667
294.5021 23.6611
294.5086 23.6554
294.5151 23.6498
294.5216 23.6442
294.5281 23.6385
294.5346 23.6329
294.5411 23.6272
294.5476 23.6216
294.5542 23.6160
294.5607 23.6103
294.5672 23.6047
294.5737 23.5990
294.5802 23.5934
294.5867 23.5878
294.5932 23.5821
294.5997 23.5765
294.6062 23.5709
294.6128 23.5652
294.6193 23.5596
294.6258 23.5539
294.6323 23.5483
294.6388 23.5427
294.6453 23.5370
294.6519 23.5314
294.6584 23.5257
294.6649 23.5201
294.6714 23.5145
294.6779 23.5088
294.6844 23.5032
294.6910 23.4975
294.6975 23.4919
294.7040 23.4863
294.7105 23.4806
294.7171 23.4750
294.7236 23.4694
294.7301 23.4637
294.7366 23.4581
294.7431 23.4524
294.7497 23.4468
294.7562 23.4412
294.7627 23.4355
294.7692 23.4299
294.7758 23.4242
294.7823 23.4186
294.7888 23.4130
294.7954 23.4073
294.8019 23.4017
294.8084 23.3961
294.8149 23.3904
294.8215 23.3848
294.8280 23.3791
294.8345 23.3735
294.8411 23.3679
294.8476 23.3622
294.8541 23.3566
294.8607 23.3509
294.8672 23.3453
294.8737 23.3397
294.8803 23.3340
294.8868 23.3284
294.8933 23.3228
294.8999 23.3171
294.9064 23.3115
294.9130 23.3058
294.9195 23.3002
294.9260 23.2946
294.9326 23.2889
294.9391 23.2833
294.9456 23.2777
294.9522 23.2720
294.9587 23.2664
294.9653 23.2607
294.9718 23.2551
294.9784 23.2495
294.9849 23.2438
294.9914 23.2382
294.9980 23.2326
295.0045 23.2269
295.0111 23.2213
295.0176 23.2156
295.0242 23.2100
295.0307 23.2044
295.0373 23.1987
295.0438 23.1931
295.0504 23.1875
295.0569 23.1818
295.0635 23.1762
295.0700 23.1705
295.0766 23.1649
295.0831 23.1593
295.0897 23.1536
295.0962 23.1480
295.1028 23.1424
295.1093 23.1367
295.1159 23.1311
295.1224 23.1254
295.1290 23.1198
295.1355 23.1142
295.1421 23.1085
295.1487 23.1029
295.1552 23.0973
295.1618 23.0916
295.1683 23.0860
295.1749 23.0803
295.1814 23.0747
295.1880 23.0691
295.1946 23.0634
295.2011 23.0578
295.2077 23.0522
295.2143 23.0465
295.2208 23.0409
295.2274 23.0352
295.2339 23.0296
295.2405 23.0240
295.2471 23.0183
295.2536 23.0127
295.2602 23.0071
295.2668 23.0014
295.2733 22.9958
295.2799 22.9902
295.2865 22.9845
295.2930 22.9789
295.2996 22.9732
295.3062 22.9676
295.3127 22.9620
295.3193 22.9563
295.3259 22.9507
295.3325 22.9451
295.3390 22.9394
295.3456 22.9338
295.3522 22.9282
295.3588 22.9225
295.3653 22.9169
295.3719 22.9113
295.3785 22.9056
295.3851 22.9000
295.3916 22.8943
295.3982 22.8887
295.4048 22.8831
295.4114 22.8774
295.4179 22.8718
295.4245 22.8662
295.4311 22.8605
295.4377 22.8549
295.4443 22.8493
295.4508 22.8436
295.4574 22.8380
295.4640 22.8324
295.4706 22.8267
295.4772 22.8211
295.4838 22.8154
295.4903 22.8098
295.4969 22.8042
295.5035 22.7985
295.5101 22.7929
295.5167 22.7873
295.5233 22.7816
295.5299 22.7760
295.5364 22.7704
295.5430 22.7647
295.5496 22.7591
295.5562 22.7535
295.5628 22.7478
295.5694 22.7422
295.5760 22.7366
295.5826 22.7309
295.5892 22.7253
295.5958 22.7197
295.6024 22.7140
295.6090 22.7084
295.6156 22.7028
295.6221 22.6971
295.6287 22.6915
295.6353 22.6859
295.6419 22.6802
295.6485 22.6746
295.6551 22.6690
295.6617 22.6633
295.6683 22.6577
295.6749 22.6521
295.6815 22.6464
295.6881 22.6408
295.6947 22.6352
295.7013 22.6295
295.7079 22.6239
295.7145 22.6183
295.7211 22.6126
295.7277 22.6070
295.7344 22.6014
295.7410 22.5957
295.7476 22.5901
295.7542 22.5845
295.7608 22.5788
295.7674 22.5732
295.7740 22.5676
295.7806 22.5619
295.7872 22.5563
295.7938 22.5507
295.8004 22.5450
295.8070 22.5394
295.8137 22.5338
295.8203 22.5281
295.8269 22.5225
295.8335 22.5169
295.8401 22.5112
295.8467 22.5056
295.8533 22.5000
295.8600 22.4943
295.8666 22.4887
295.8732 22.4831
295.8798 22.4774
295.8864 22.4718
295.8930 22.4662
295.8997 22.4605
295.9063 22.4549
295.9129 22.4493
295.9195 22.4437
295.9261 22.4380
295.9328 22.4324
295.9394 22.4268
295.9460 22.4211
295.9526 22.4155
295.9592 22.4099
295.9659 22.4042
295.9725 22.3986
295.9791 22.3930
295.9857 22.3873
295.9924 22.3817
295.9990 22.3761
296.0056 22.3705
296.0123 22.3648
296.0189 22.3592
296.0255 22.3536
296.0321 22.3479
296.0388 22.3423
296.0454 22.3367
296.0520 22.3310
296.0587 22.3254
296.0653 22.3198
296.0719 22.3142
296.0786 22.3085
296.0852 22.3029
296.0918 22.2973
296.0985 22.2916
296.1051 22.2860
296.1117 22.2804
296.1184 22.2747
296.1250 22.2691
296.1317 22.2635
296.1383 22.2579
296.1449 22.2522
296.1516 22.2466
296.1582 22.2410
296.1649 22.2353
296.1715 22.2297
296.1781 22.2241
296.1848 22.2185
296.1914 22.2128
296.1981 22.2072
296.2047 22.2016
296.2114 22.1959
296.2180 22.1903
296.2247 22.1847
296.2313 22.1791
296.2379 22.1734
296.2446 22.1678
296.2512 22.1622
296.2579 22.1566
296.2645 22.1509
296.2712 22.1453
296.2778 22.1397
296.2845 22.1340
296.2911 22.1284
296.2978 22.1228
296.3044 22.1172
296.3111 22.1115
296.3178 22.1059
296.3244 22.1003
296.3311 22.0947
296.3377 22.0890
296.3444 22.0834
296.3510 22.0778
296.3577 22.0722
296.3643 22.0665
296.3710 22.0609
296.3777 22.0553
296.3843 22.0496
296.3910 22.0440
296.3976 22.0384
296.4043 22.0328
296.4110 22.0271
296.4176 22.0215
296.4243 22.0159
296.4310 22.0103
296.4376 22.0046
296.4443 21.9990
296.4510 21.9934
296.4576 21.9878
296.4643 21.9821
296.4710 21.9765
296.4776 21.9709
296.4843 21.9653
296.4910 21.9596
296.4976 21.9540
296.5043 21.9484
296.5110 21.9428
296.5176 21.9372
296.5243 21.9315
296.5310 21.9259
296.5377 21.9203
296.5443 21.9147
296.5510 21.9090
296.5577 21.9034
296.5644 21.8978
296.5710 21.8922
296.5777 21.8865
296.5844 21.8809
296.5911 21.8753
296.5977 21.8697
296.6044 21.8640
296.6111 21.8584
296.6178 21.8528
296.6245 21.8472
296.6311 21.8416
296.6378 21.8359
296.6445 21.8303
296.6512 21.8247
296.6579 21.8191
296.6646 21.8134
296.6712 21.8078
296.6779 21.8022
296.6846 21.7966
296.6913 21.7910
296.6980 21.7853
296.7047 21.7797
296.7114 21.7741
296.7180 21.7685
296.7247 21.7628
296.7314 21.7572
296.7381 21.7516
296.7448 21.7460
296.7515 21.7404
296.7582 21.7347
296.7649 21.7291
296.7716 21.7235
296.7783 21.7179
296.7850 21.7123
296.7917 21.7066
296.7984 21.7010
296.8051 21.6954
296.8118 21.6898
296.8185 21.6842
296.8251 21.6785
296.8318 21.6729
296.8385 21.6673
296.8452 21.6617
296.8519 21.6561
296.8586 21.6504
296.8654 21.6448
296.8721 21.6392
296.8788 21.6336
296.8855 21.6280
296.8922 21.6223
296.8989 21.6167
296.9056 21.6111
296.9123 21.6055
296.9190 21.5999
296.9257 21.5943
296.9324 21.5886
296.9391 21.5830
296.9458 21.5774
296.9525 21.5718
296.9592 21.5662
296.9659 21.5605
296.9727 21.5549
296.9794 21.5493
296.9861 21.5437
296.9928 21.5381
296.9995 21.5325
297.0062 21.5268
297.0129 21.5212
297.0197 21.5156
297.0264 21.5100
297.0331 21.5044
297.0398 21.4988
297.0465 21.4931
297.0532 21.4875
297.0600 21.4819
297.0667 21.4763
297.0734 21.4707
297.0801 21.4651
297.0868 21.4595
297.0936 21.4538
297.1003 21.4482
297.1070 21.4426
297.1137 21.4370
297.1205 21.4314
297.1272 21.4258
297.1339 21.4201
297.1406 21.4145
297.1474 21.4089
297.1541 21.4033
297.1608 21.3977
297.1675 21.3921
297.1743 21.3865
297.1810 21.3808
297.1877 21.3752
297.1945 21.3696
297.2012 21.3640
297.2079 21.3584
297.2147 21.3528
297.2214 21.3472
297.2281 21.3415
297.2349 21.3359
297.2416 21.3303
297.2483 21.3247
297.2551 21.3191
297.2618 21.3135
297.2685 21.3079
297.2753 21.3023
297.2820 21.2966
297.2888 21.2910
297.2955 21.2854
297.3022 21.2798
297.3090 21.2742
297.3157 21.2686
297.3225 21.2630
297.3292 21.2574
297.3360 21.2518
297.3427 21.2461
297.3494 21.2405
297.3562 21.2349
297.3629 21.2293
297.3697 21.2237
297.3764 21.2181
297.3832 21.2125
297.3899 21.2069
297.3967 21.2013
297.4034 21.1957
297.4102 21.1900
297.4169 21.1844
297.4237 21.1788
297.4304 21.1732
297.4372 21.1676
297.4439 21.1620
297.4507 21.1564
297.4574 21.1508
297.4642 21.1452
297.4710 21.1396
297.4777 21.1339
297.4845 21.1283
297.4912 21.1227
297.4980 21.1171
297.5047 21.1115
297.5115 21.1059
297.5183 21.1003
297.5250 21.0947
297.5318 21.0891
297.5385 21.0835
297.5453 21.0779
297.5521 21.0723
297.5588 21.0667
297.5656 21.0610
297.5724 21.0554
297.5791 21.0498
297.5859 21.0442
297.5927 21.0386
297.5994 21.0330
297.6062 21.0274
297.6130 21.0218
297.6197 21.0162
297.6265 21.0106
297.6333 21.0050
297.6400 20.9994
297.6468 20.9938
297.6536 20.9882
297.6604 20.9826
297.6671 20.9770
297.6739 20.9714
297.6807 20.9658
297.6875 20.9601
297.6942 20.9545
297.7010 20.9489
297.7078 20.9433
297.7146 20.9377
297.7213 20.9321
297.7281 20.9265
297.7349 20.9209
297.7417 20.9153
297.7485 20.9097
297.7553 20.9041
297.7620 20.8985
297.7688 20.8929
297.7756 20.8873
297.7824 20.8817
297.7892 20.8761
297.7960 20.8705
297.8027 20.8649
297.8095 20.8593
297.8163 20.8537
297.8231 20.8481
297.8299 20.8425
297.8367 20.8369
297.8435 20.8313
297.8503 20.8257
297.8570 20.8201
297.8638 20.8145
297.8706 20.8089
297.8774 20.8033
297.8842 20.7977
297.8910 20.7921
297.8978 20.7865
297.9046 20.7809
297.9114 20.7753
297.9182 20.7697
297.9250 20.7641
297.9318 20.7585
297.9386 20.7529
297.9454 20.7473
297.9522 20.7417
297.9590 20.7361
297.9658 20.7305
297.9726 20.7249
297.9794 20.7193
297.9862 20.7137
297.9930 20.7081
297.9998 20.7025
298.0066 20.6969
298.0134 20.6913
298.0202 20.6857
298.0270 20.6801
298.0338 20.6745
298.0406 20.6689
298.0474 20.6633
298.0543 20.6577
298.0611 20.6521
298.0679 20.6465
298.0747 20.6409
298.0815 20.6353
298.0883 20.6298
298.0951 20.6242
298.1019 20.6186
298.1087 20.6130
298.1156 20.6074
298.1224 20.6018
298.1292 20.5962
298.1360 20.5906
298.1428 20.5850
298.1496 20.5794
298.1565 20.5738
298.1633 20.5682
298.1701 20.5626
298.1769 20.5570
298.1837 20.5514
298.1906 20.5458
298.1974 20.5402
298.2042 20.5346
298.2110 20.5291
298.2179 20.5235
298.2247 20.5179
298.2315 20.5123
298.2383 20.5067
298.2452 20.5011
298.2520 20.4955
298.2588 20.4899
298.2656 20.4843
298.2725 20.4787
298.2793 20.4731
298.2861 20.4675
298.2930 20.4620
298.2998 20.4564
298.3066 20.4508
298.3135 20.4452
298.3203 20.4396
298.3271 20.4340
298.3340 20.4284
298.3408 20.4228
298.3476 20.4172
298.3545 20.4116
298.3613 20.4061
298.3682 20.4005
298.3750 20.3949
298.3818 20.3893
298.3887 20.3837
298.3955 20.3781
298.4024 20.3725
298.4092 20.3669
298.4160 20.3613
298.4229 20.3558
298.4297 20.3502
298.4366 20.3446
298.4434 20.3390
298.4503 20.3334
298.4571 20.3278
298.4640 20.3222
298.4708 20.3166
298.4777 20.3111
298.4845 20.3055
298.4914 20.2999
298.4982 20.2943
298.5051 20.2887
298.5119 20.2831
298.5188 20.2775
298.5256 20.2720
298.5325 20.2664
298.5393 20.2608
298.5462 20.2552
298.5530 20.2496
298.5599 20.2440
298.5668 20.2384
298.5736 20.2329
298.5805 20.2273
298.5873 20.2217
298.5942 20.2161
298.6010 20.2105
298.6079 20.2049
298.6148 20.1994
298.6216 20.1938
298.6285 20.1882
298.6354 20.1826
298.6422 20.1770
298.6491 20.1715
298.6560 20.1659
298.6628 20.1603
298.6697 20.1547
298.6766 20.1491
298.6834 20.1435
298.6903 20.1380
298.6972 20.1324
298.7040 20.1268
298.7109 20.1212
298.7178 20.1156
298.7246 20.1101
298.7315 20.1045
298.7384 20.0989
298.7453 20.0933
298.7521 20.0877
298.7590 20.0822
298.7659 20.0766
298.7728 20.0710
298.7796 20.0654
298.7865 20.0598
298.7934 20.0543
298.8003 20.0487
298.8072 20.0431
298.8140 20.0375
298.8209 20.0320
298.8278 20.0264
298.8347 20.0208
298.8416 20.0152
298.8485 20.0096
298.8553 20.0041
298.8622 19.9985
298.8691 19.9929
298.8760 19.9873
298.8829 19.9818
298.8898 19.9762
298.8967 19.9706
298.9036 19.9650
298.9104 19.9595
298.9173 19.9539
298.9242 19.9483
298.9311 19.9427
298.9380 19.9372
298.9449 19.9316
298.9518 19.9260
298.9587 19.9204
298.9656 19.9149
298.9725 19.9093
298.9794 19.9037
298.9863 19.8981
298.9932 19.8926
299.0001 19.8870
299.0070 19.8814
299.0139 19.8759
299.0208 19.8703
299.0277 19.8647
299.0346 19.8591
299.0415 19.8536
299.0484 19.8480
299.0553 19.8424
299.0622 19.8368
299.0691 19.8313
299.0760 19.8257
299.0829 19.8201
299.0898 19.8146
299.0967 19.8090
299.1036 19.8034
299.1105 19.7979
299.1174 19.7923
299.1244 19.7867
299.1313 19.7811
299.1382 19.7756
299.1451 19.7700
299.1520 19.7644
299.1589 19.7589
299.1658 19.7533
299.1728 19.7477
299.1797 19.7422
299.1866 19.7366
299.1935 19.7310
299.2004 19.7255
299.2073 19.7199
299.2143 19.7143
299.2212 19.7088
299.2281 19.7032
299.2350 19.6976
299.2419 19.6921
299.2489 19.6865
299.2558 19.6809
299.2627 19.6754
299.2696 19.6698
299.2766 19.6642
299.2835 19.6587
299.2904 19.6531
299.2973 19.6475
299.3043 19.6420
299.3112 19.6364
299.3181 19.6309
299.3251 19.6253
299.3320 19.6197
299.3389 19.6142
299.3458 19.6086
299.3528 19.6030
299.3597 19.5975
299.3666 19.5919
299.3736 19.5864
299.3805 19.5808
299.3875 19.5752
299.3944 19.5697
299.4013 19.5641
299.4083 19.5585
299.4152 19.5530
299.4221 19.5474
299.4291 19.5419
299.4360 19.5363
299.4430 19.5307
299.4499 19.5252
299.4569 19.5196
299.4638 19.5141
299.4707 19.5085
299.4777 19.5029
299.4846 19.4974
299.4916 19.4918
299.4985 19.4863
299.5055 19.4807
299.5124 19.4752
299.5194 19.4696
299.5263 19.4640
299.5333 19.4585
299.5402 19.4529
299.5472 19.4474
299.5541 19.4418
299.5611 19.4363
299.5680 19.4307
299.5750 19.4251
299.5819 19.4196
299.5889 19.4140
299.5958 19.4085
299.6028 19.4029
299.6098 19.3974
299.6167 19.3918
299.6237 19.3863
299.6306 19.3807
299.6376 19.3751
299.6446 19.3696
299.6515 19.3640
299.6585 19.3585
299.6654 19.3529
299.6724 19.3474
299.6794 19.3418
299.6863 19.3363
299.6933 19.3307
299.7003 19.3252
299.7072 19.3196
299.7142 19.3141
299.7212 19.3085
299.7281 19.3030
299.7351 19.2974
299.7421 19.2919
299.7491 19.2863
299.7560 19.2808
299.7630 19.2752
299.7700 19.2697
299.7770 19.2641
299.7839 19.2586
299.7909 19.2530
299.7979 19.2475
299.8049 19.2419
299.8118 19.2364
299.8188 19.2308
299.8258 19.2253
299.8328 19.2197
299.8398 19.2142
299.8467 19.2086
299.8537 19.2031
299.8607 19.1975
299.8677 19.1920
299.8747 19.1864
299.8816 19.1809
299.8886 19.1753
299.8956 19.1698
299.9026 19.1643
299.9096 19.1587
299.9166 19.1532
299.9236 19.1476
299.9306 19.1421
299.9376 19.1365
299.9445 19.1310
299.9515 19.1254
299.9585 19.1199
299.9655 19.1144
299.9725 19.1088
299.9795 19.1033
299.9865 19.0977
299.9935 19.0922
300.0005 19.0866
300.0075 19.0811
300.0145 19.0756
300.0215 19.0700
300.0285 19.0645
300.0355 19.0589
300.0425 19.0534
300.0495 19.0479
300.0565 19.0423
300.0635 19.0368
300.0705 19.0312
300.0775 19.0257
300.0845 19.0202
300.0915 19.0146
300.0985 19.0091
300.1055 19.0035
300.1125 18.9980
300.1195 18.9925
300.1265 18.9869
300.1336 18.9814
300.1406 18.9758
300.1476 18.9703
300.1546 18.9648
300.1616 18.9592
300.1686 18.9537
300.1756 18.9482
300.1826 18.9426
300.1897 18.9371
300.1967 18.9315
300.2037 18.9260
300.2107 18.9205
300.2177 18.9149
300.2248 18.9094
300.2318 18.9039
300.2388 18.8983
300.2458 18.8928
300.2528 18.8873
300.2599 18.8817
300.2669 18.8762
300.2739 18.8707
300.2809 18.8651
300.2880 18.8596
300.2950 18.8541
300.3020 18.8485
300.3090 18.8430
300.3161 18.8375
300.3231 18.8319
300.3301 18.8264
300.3372 18.8209
300.3442 18.8153
300.3512 18.8098
300.3582 18.8043
300.3653 18.7988
300.3723 18.7932
300.3793 18.7877
300.3864 18.7822
300.3934 18.7766
300.4005 18.7711
300.4075 18.7656
300.4145 18.7601
300.4216 18.7545
300.4286 18.7490
300.4356 18.7435
300.4427 18.7379
300.4497 18.7324
300.4568 18.7269
300.4638 18.7214
300.4709 18.7158
300.4779 18.7103
300.4850 18.7048
300.4920 18.6993
300.4990 18.6937
300.5061 18.6882
300.5131 18.6827
300.5202 18.6772
300.5272 18.6716
300.5343 18.6661
300.5413 18.6606
300.5484 18.6551
300.5554 18.6495
300.5625 18.6440
300.5696 18.6385
300.5766 18.6330
300.5837 18.6274
300.5907 18.6219
300.5978 18.6164
300.6048 18.6109
300.6119 18.6054
300.6189 18.5998
300.6260 18.5943
300.6331 18.5888
300.6401 18.5833
300.6472 18.5778
300.6543 18.5722
300.6613 18.5667
300.6684 18.5612
300.6754 18.5557
300.6825 18.5502
300.6896 18.5446
300.6966 18.5391
300.7037 18.5336
300.7108 18.5281
300.7178 18.5226
300.7249 18.5171
300.7320 18.5115
300.7391 18.5060
300.7461 18.5005
300.7532 18.4950
300.7603 18.4895
300.7674 18.4840
300.7744 18.4784
300.7815 18.4729
300.7886 18.4674
300.7957 18.4619
300.8027 18.4564
300.8098 18.4509
300.8169 18.4453
300.8240 18.4398
300.8311 18.4343
300.8381 18.4288
300.8452 18.4233
300.8523 18.4178
300.8594 18.4123
300.8665 18.4068
300.8735 18.4012
300.8806 18.3957
300.8877 18.3902
300.8948 18.3847
300.9019 18.3792
300.9090 18.3737
300.9161 18.3682
300.9232 18.3627
300.9303 18.3572
300.9373 18.3517
300.9444 18.3461
300.9515 18.3406
300.9586 18.3351
300.9657 18.3296
300.9728 18.3241
300.9799 18.3186
300.9870 18.3131
300.9941 18.3076
301.0012 18.3021
301.0083 18.2966
301.0154 18.2911
301.0225 18.2856
301.0296 18.2801
301.0367 18.2746
301.0438 18.2690
301.0509 18.2635
301.0580 18.2580
301.0651 18.2525
301.0722 18.2470
301.0793 18.2415
301.0864 18.2360
301.0935 18.2305
301.1007 18.2250
301.1078 18.2195
301.1149 18.2140
301.1220 18.2085
301.1291 18.2030
301.1362 18.1975
301.1433 18.1920
301.1504 18.1865
301.1575 18.1810
301.1647 18.1755
301.1718 18.1700
301.1789 18.1645
301.1860 18.1590
301.1931 18.1535
301.2002 18.1480
301.2074 18.1425
301.2145 18.1370
301.2216 18.1315
301.2287 18.1260
301.2358 18.1205
301.2430 18.1150
301.2501 18.1095
301.2572 18.1040
301.2643 18.0985
301.2715 18.0930
301.2786 18.0875
301.2857 18.0820
301.2929 18.0765
301.3000 18.0710
301.3071 18.0655
301.3142 18.0601
301.3214 18.0546
301.3285 18.0491
301.3356 18.0436
301.3428 18.0381
301.3499 18.0326
301.3570 18.0271
301.3642 18.0216
301.3713 18.0161
301.3784 18.0106
301.3856 18.0051
301.3927 17.9996
301.3999 17.9941
301.4070 17.9886
301.4141 17.9832
301.4213 17.9777
301.4284 17.9722
301.4356 17.9667
301.4427 17.9612
301.4499 17.9557
301.4570 17.9502
301.4642 17.9447
301.4713 17.9392
301.4784 17.9338
301.4856 17.9283
301.4927 17.9228
301.4999 17.9173
301.5070 17.9118
301.5142 17.9063
301.5213 17.9008
301.5285 17.8953
301.5357 17.8899
301.5428 17.8844
301.5500 17.8789
301.5571 17.8734
301.5643 17.8679
301.5714 17.8624
301.5786 17.8570
301.5857 17.8515
301.5929 17.8460
301.6001 17.8405
301.6072 17.8350
301.6144 17.8295
301.6216 17.8241
301.6287 17.8186
301.6359 17.8131
301.6430 17.8076
301.6502 17.8021
301.6574 17.7966
301.6645 17.7912
301.6717 17.7857
301.6789 17.7802
301.6860 17.7747
301.6932 17.7692
301.7004 17.7638
301.7076 17.7583
301.7147 17.7528
301.7219 17.7473
301.7291 17.7419
301.7363 17.7364
301.7434 17.7309
301.7506 17.7254
301.7578 17.7199
301.7650 17.7145
301.7721 17.7090
301.7793 17.7035
301.7865 17.6980
301.7937 17.6926
301.8009 17.6871
301.8080 17.6816
301.8152 17.6761
301.8224 17.6707
301.8296 17.6652
301.8368 17.6597
301.8440 17.6543
301.8512 17.6488
301.8583 17.6433
301.8655 17.6378
301.8727 17.6324
301.8799 17.6269
301.8871 17.6214
301.8943 17.6160
301.9015 17.6105
301.9087 17.6050
301.9159 17.5995
301.9231 17.5941
301.9303 17.5886
301.9375 17.5831
301.9447 17.5777
301.9518 17.5722
301.9590 17.5667
301.9662 17.5613
301.9734 17.5558
301.9806 17.5503
301.9878 17.5449
301.9950 17.5394
302.0023 17.5339
302.0095 17.5285
302.0167 17.5230
302.0239 17.5175
302.0311 17.5121
302.0383 17.5066
302.0455 17.5011
302.0527 17.4957
302.0599 17.4902
302.0671 17.4847
302.0743 17.4793
302.0815 17.4738
302.0887 17.4684
302.0960 17.4629
302.1032 17.4574
302.1104 17.4520
302.1176 17.4465
302.1248 17.4410
302.1320 17.4356
302.1393 17.4301
302.1465 17.4247
302.1537 17.4192
302.1609 17.4137
302.1681 17.4083
302.1754 17.4028
302.1826 17.3974
302.1898 17.3919
302.1970 17.3865
302.2042 17.3810
302.2115 17.3755
302.2187 17.3701
302.2259 17.3646
302.2331 17.3592
302.2404 17.3537
302.2476 17.3483
302.2548 17.3428
302.2621 17.3374
302.2693 17.3319
302.2765 17.3264
302.2838 17.3210
302.2910 17.3155
302.2982 17.3101
302.3055 17.3046
302.3127 17.2992
302.3199 17.2937
302.3272 17.2883
302.3344 17.2828
302.3417 17.2774
302.3489 17.2719
302.3561 17.2665
302.3634 17.2610
302.3706 17.2556
302.3779 17.2501
302.3851 17.2447
302.3923 17.2392
302.3996 17.2338
302.4068 17.2283
302.4141 17.2229
302.4213 17.2174
302.4286 17.2120
302.4358 17.2065
302.4431 17.2011
302.4503 17.1956
302.4576 17.1902
302.4648 17.1847
302.4721 17.1793
302.4793 17.1739
302.4866 17.1684
302.4939 17.1630
302.5011 17.1575
302.5084 17.1521
302.5156 17.1466
302.5229 17.1412
302.5301 17.1357
302.5374 17.1303
302.5447 17.1249
302.5519 17.1194
302.5592 17.1140
302.5665 17.1085
302.5737 17.1031
302.5810 17.0977
302.5882 17.0922
302.5955 17.0868
302.6028 17.0813
302.6100 17.0759
302.6173 17.0705
302.6246 17.0650
302.6319 17.0596
302.6391 17.0541
302.6464 17.0487
302.6537 17.0433
302.6609 17.0378
302.6682 17.0324
302.6755 17.0270
302.6828 17.0215
302.6900 17.0161
302.6973 17.0107
302.7046 17.0052
302.7119 16.9998
302.7192 16.9944
302.7264 16.9889
302.7337 16.9835
302.7410 16.9781
302.7483 16.9726
302.7556 16.9672
302.7629 16.9618
302.7701 16.9563
302.7774 16.9509
302.7847 16.9455
302.7920 16.9400
302.7993 16.9346
302.8066 16.9292
302.8139 16.9237
302.8212 16.9183
302.8285 16.9129
302.8357 16.9075
302.8430 16.9020
302.8503 16.8966
302.8576 16.8912
302.8649 16.8857
302.8722 16.8803
302.8795 16.8749
302.8868 16.8695
302.8941 16.8640
302.9014 16.8586
302.9087 16.8532
302.9160 16.8478
302.9233 16.8423
302.9306 16.8369
302.9379 16.8315
302.9452 16.8261
302.9525 16.8206
302.9598 16.8152
302.9671 16.8098
302.9745 16.8044
302.9818 16.7990
302.9891 16.7935
302.9964 16.7881
303.0037 16.7827
303.0110 16.7773
303.0183 16.7719
303.0256 16.7664
303.0329 16.7610
303.0403 16.7556
303.0476 16.7502
303.0549 16.7448
303.0622 16.7393
303.0695 16.7339
303.0768 16.7285
303.0842 16.7231
303.0915 16.7177
303.0988 16.7123
303.1061 16.7068
303.1134 16.7014
303.1208 16.6960
303.1281 16.6906
303.1354 16.6852
303.1427 16.6798
303.1501 16.6744
303.1574 16.6689
303.1647 16.6635
303.1721 16.6581
303.1794 16.6527
303.1867 16.6473
303.1941 16.6419
303.2014 16.6365
303.2087 16.6311
303.2161 16.6256
303.2234 16.6202
303.2307 16.6148
303.2381 16.6094
303.2454 16.6040
303.2527 16.5986
303.2601 16.5932
303.2674 16.5878
303.2748 16.5824
303.2821 16.5770
303.2894 16.5716
303.2968 16.5662
303.3041 16.5608
303.3115 16.5553
303.3188 16.5499
303.3262 16.5445
303.3335 16.5391
303.3408 16.5337
303.3482 16.5283
303.3555 16.5229
303.3629 16.5175
303.3702 16.5121
303.3776 16.5067
303.3850 16.5013
303.3923 16.4959
303.3997 16.4905
303.4070 16.4851
303.4144 16.4797
303.4217 16.4743
303.4291 16.4689
303.4364 16.4635
303.4438 16.4581
303.4512 16.4527
303.4585 16.4473
303.4659 16.4419
303.4732 16.4365
303.4806 16.4311
303.4880 16.4257
303.4953 16.4203
303.5027 16.4149
303.5101 16.4095
303.5174 16.4041
303.5248 16.3987
303.5322 16.3934
303.5395 16.3880
303.5469 16.3826
303.5543 16.3772
303.5617 16.3718
303.5690 16.3664
303.5764 16.3610
303.5838 16.3556
303.5912 16.3502
303.5985 16.3448
303.6059 16.3394
303.6133 16.3340
303.6207 16.3286
303.6280 16.3233
303.6354 16.3179
303.6428 16.3125
303.6502 16.3071
303.6576 16.3017
303.6649 16.2963
303.6723 16.2909
303.6797 16.2855
303.6871 16.2802
303.6945 16.2748
303.7019 16.2694
303.7093 16.2640
303.7167 16.2586
303.7240 16.2532
303.7314 16.2478
303.7388 16.2425
303.7462 16.2371
303.7536 16.2317
303.7610 16.2263
303.7684 16.2209
303.7758 16.2155
303.7832 16.2102
303.7906 16.2048
303.7980 16.1994
303.8054 16.1940
303.8128 16.1886
303.8202 16.1833
303.8276 16.1779
303.8350 16.1725
303.8424 16.1671
303.8498 16.1617
303.8572 16.1564
303.8646 16.1510
303.8720 16.1456
303.8794 16.1402
303.8868 16.1349
303.8942 16.1295
303.9017 16.1241
303.9091 16.1187
303.9165 16.1133
303.9239 16.1080
303.9313 16.1026
303.9387 16.0972
303.9461 16.0919
303.9535 16.0865
303.9610 16.0811
303.9684 16.0757
303.9758 16.0704
303.9832 16.0650
303.9906 16.0596
303.9981 16.0543
304.0055 16.0489
304.0129 16.0435
304.0203 16.0381
304.0277 16.0328
304.0352 16.0274
304.0426 16.0220
304.0500 16.0167
304.0575 16.0113
304.0649 16.0059
304.0723 16.0006
304.0797 15.9952
304.0872 15.9898
304.0946 15.9845
304.1020 15.9791
304.1095 15.9737
304.1169 15.9684
304.1243 15.9630
304.1318 15.9576
304.1392 15.9523
304.1466 15.9469
304.1541 15.9416
304.1615 15.9362
304.1690 15.9308
304.1764 15.9255
304.1838 15.9201
304.1913 15.9147
304.1987 15.9094
304.2062 15.9040
304.2136 15.8987
304.2211 15.8933
304.2285 15.8880
304.2360 15.8826
304.2434 15.8772
304.2509 15.8719
304.2583 15.8665
304.2658 15.8612
304.2732 15.8558
304.2807 15.8505
304.2881 15.8451
304.2956 15.8397
304.3030 15.8344
304.3105 15.8290
304.3179 15.8237
304.3254 15.8183
304.3329 15.8130
304.3403 15.8076
304.3478 15.8023
304.3552 15.7969
304.3627 15.7916
304.3702 15.7862
304.3776 15.7809
304.3851 15.7755
304.3925 15.7702
304.4000 15.7648
304.4075 15.7595
304.4149 15.7541
304.4224 15.7488
304.4299 15.7434
304.4374 15.7381
304.4448 15.7327
304.4523 15.7274
304.4598 15.7220
304.4672 15.7167
304.4747 15.7113
304.4822 15.7060
304.4897 15.7007
304.4971 15.6953
304.5046 15.6900
304.5121 15.6846
304.5196 15.6793
304.5271 15.6739
304.5345 15.6686
304.5420 15.6633
304.5495 15.6579
304.5570 15.6526
304.5645 15.6472
304.5720 15.6419
304.5794 15.6366
304.5869 15.6312
304.5944 15.6259
304.6019 15.6205
304.6094 15.6152
304.6169 15.6099
304.6244 15.6045
304.6319 15.5992
304.6394 15.5939
304.6469 15.5885
304.6544 15.5832
304.6619 15.5779
304.6693 15.5725
304.6768 15.5672
304.6843 15.5619
304.6918 15.5565
304.6993 15.5512
304.7068 15.5459
304.7143 15.5405
304.7218 15.5352
304.7293 15.5299
304.7369 15.5245
304.7444 15.5192
304.7519 15.5139
304.7594 15.5085
304.7669 15.5032
304.7744 15.4979
304.7819 15.4926
304.7894 15.4872
304.7969 15.4819
304.8044 15.4766
304.8119 15.4712
304.8195 15.4659
304.8270 15.4606
304.8345 15.4553
304.8420 15.4499
304.8495 15.4446
304.8570 15.4393
304.8646 15.4340
304.8721 15.4286
304.8796 15.4233
304.8871 15.4180
304.8946 15.4127
304.9022 15.4074
304.9097 15.4020
304.9172 15.3967
304.9247 15.3914
304.9323 15.3861
304.9398 15.3808
304.9473 15.3754
304.9548 15.3701
304.9624 15.3648
304.9699 15.3595
304.9774 15.3542
304.9850 15.3489
304.9925 15.3435
305.0000 15.3382
305.0076 15.3329
305.0151 15.3276
305.0226 15.3223
305.0302 15.3170
305.0377 15.3117
305.0453 15.3063
305.0528 15.3010
305.0603 15.2957
305.0679 15.2904
305.0754 15.2851
305.0830 15.2798
305.0905 15.2745
305.0980 15.2692
305.1056 15.2638
305.1131 15.2585
305.1207 15.2532
305.1282 15.2479
305.1358 15.2426
305.1433 15.2373
305.1509 15.2320
305.1584 15.2267
305.1660 15.2214
305.1735 15.2161
305.1811 15.2108
305.1887 15.2055
305.1962 15.2002
305.2038 15.1949
305.2113 15.1896
305.2189 15.1843
305.2264 15.1790
305.2340 15.1737
305.2416 15.1683
305.2491 15.1630
305.2567 15.1577
305.2643 15.1524
305.2718 15.1471
305.2794 15.1418
305.2870 15.1365
305.2945 15.1312
305.3021 15.1260
305.3097 15.1207
305.3172 15.1154
305.3248 15.1101
305.3324 15.1048
305.3399 15.0995
305.3475 15.0942
305.3551 15.0889
305.3627 15.0836
305.3702 15.0783
305.3778 15.0730
305.3854 15.0677
305.3930 15.0624
305.4006 15.0571
305.4081 15.0518
305.4157 15.0465
305.4233 15.0412
305.4309 15.0359
305.4385 15.0307
305.4461 15.0254
305.4536 15.0201
305.4612 15.0148
305.4688 15.0095
305.4764 15.0042
305.4840 14.9989
305.4916 14.9936
305.4992 14.9883
305.5068 14.9831
305.5144 14.9778
305.5220 14.9725
305.5296 14.9672
305.5371 14.9619
305.5447 14.9566
305.5523 14.9514
305.5599 14.9461
305.5675 14.9408
305.5751 14.9355
305.5827 14.9302
305.5903 14.9249
305.5979 14.9197
305.6055 14.9144
305.6132 14.9091
305.6208 14.9038
305.6284 14.8985
305.6360 14.8933
305.6436 14.8880
305.6512 14.8827
305.6588 14.8774
305.6664 14.8722
305.6740 14.8669
305.6816 14.8616
305.6892 14.8563
305.6969 14.8511
305.7045 14.8458
305.7121 14.8405
305.7197 14.8352
305.7273 14.8300
305.7349 14.8247
305.7426 14.8194
305.7502 14.8141
305.7578 14.8089
305.7654 14.8036
305.7731 14.7983
305.7807 14.7931
305.7883 14.7878
305.7959 14.7825
305.8036 14.7772
305.8112 14.7720
305.8188 14.7667
305.8264 14.7614
305.8341 14.7562
305.8417 14.7509
305.8493 14.7456
305.8570 14.7404
305.8646 14.7351
305.8722 14.7299
305.8799 14.7246
305.8875 14.7193
305.8951 14.7141
305.9028 14.7088
305.9104 14.7035
305.9181 14.6983
305.9257 14.6930
305.9333 14.6878
305.9410 14.6825
305.9486 14.6772
305.9563 14.6720
305.9639 14.6667
305.9716 14.6615
305.9792 14.6562
305.9869 14.6509
305.9945 14.6457
306.0022 14.6404
306.0098 14.6352
306.0175 14.6299
306.0251 14.6247
306.0328 14.6194
306.0404 14.6142
306.0481 14.6089
306.0557 14.6036
306.0634 14.5984
306.0710 14.5931
306.0787 14.5879
306.0864 14.5826
306.0940 14.5774
306.1017 14.5721
306.1093 14.5669
306.1170 14.5616
306.1247 14.5564
306.1323 14.5511
306.1400 14.5459
306.1477 14.5406
306.1553 14.5354
306.1630 14.5301
306.1707 14.5249
306.1783 14.5197
306.1860 14.5144
306.1937 14.5092
306.2014 14.5039
306.2090 14.4987
306.2167 14.4934
306.2244 14.4882
306.2321 14.4830
306.2397 14.4777
306.2474 14.4725
306.2551 14.4672
306.2628 14.4620
306.2705 14.4567
306.2781 14.4515
306.2858 14.4463
306.2935 14.4410
306.3012 14.4358
306.3089 14.4306
306.3166 14.4253
306.3243 14.4201
306.3319 14.4148
306.3396 14.4096
306.3473 14.4044
306.3550 14.3991
306.3627 14.3939
306.3704 14.3887
306.3781 14.3834
306.3858 14.3782
306.3935 14.3730
306.4012 14.3677
306.4089 14.3625
306.4166 14.3573
306.4243 14.3520
306.4320 14.3468
306.4397 14.3416
306.4474 14.3364
306.4551 14.3311
306.4628 14.3259
306.4705 14.3207
306.4782 14.3155
306.4859 14.3102
306.4936 14.3050
306.5013 14.2998
306.5090 14.2945
306.5167 14.2893
306.5244 14.2841
306.5321 14.2789
306.5399 14.2737
306.5476 14.2684
306.5553 14.2632
306.5630 14.2580
306.5707 14.2528
306.5784 14.2475
306.5862 14.2423
306.5939 14.2371
306.6016 14.2319
306.6093 14.2267
306.6170 14.2214
306.6248 14.2162
306.6325 14.2110
306.6402 14.2058
306.6479 14.2006
306.6557 14.1954
306.6634 14.1902
306.6711 14.1849
306.6788 14.1797
306.6866 14.1745
306.6943 14.1693
306.7020 14.1641
306.7098 14.1589
306.7175 14.1537
306.7252 14.1484
306.7330 14.1432
306.7407 14.1380
306.7484 14.1328
306.7562 14.1276
306.7639 14.1224
306.7717 14.1172
306.7794 14.1120
306.7871 14.1068
306.7949 14.1016
306.8026 14.0964
306.8104 14.0912
306.8181 14.0860
306.8259 14.0808
306.8336 14.0755
306.8414 14.0703
306.8491 14.0651
306.8569 14.0599
306.8646 14.0547
306.8724 14.0495
306.8801 14.0443
306.8879 14.0391
306.8956 14.0339
306.9034 14.0287
306.9111 14.0235
306.9189 14.0183
306.9267 14.0131
306.9344 14.0079
306.9422 14.0027
306.9499 13.9975
306.9577 13.9923
306.9655 13.9872
306.9732 13.9820
306.9810 13.9768
306.9888 13.9716
306.9965 13.9664
307.0043 13.9612
307.0121 13.9560
307.0198 13.9508
307.0276 13.9456
307.0354 13.9404
307.0431 13.9352
307.0509 13.9300
307.0587 13.9248
307.0665 13.9197
307.0742 13.9145
307.0820 13.9093
307.0898 13.9041
307.0976 13.8989
307.1053 13.8937
307.1131 13.8885
307.1209 13.8834
307.1287 13.8782
307.1365 13.8730
307.1443 13.8678
307.1520 13.8626
307.1598 13.8574
307.1676 13.8522
307.1754 13.8471
307.1832 13.8419
307.1910 13.8367
307.1988 13.8315
307.2066 13.8263
307.2144 13.8212
307.2221 13.8160
307.2299 13.8108
307.2377 13.8056
307.2455 13.8005
307.2533 13.7953
307.2611 13.7901
307.2689 13.7849
307.2767 13.7798
307.2845 13.7746
307.2923 13.7694
307.3001 13.7642
307.3079 13.7591
307.3157 13.7539
307.3235 13.7487
307.3313 13.7435
307.3392 13.7384
307.3470 13.7332
307.3548 13.7280
307.3626 13.7229
307.3704 13.7177
307.3782 13.7125
307.3860 13.7074
307.3938 13.7022
307.4016 13.6970
307.4095 13.6919
307.4173 13.6867
307.4251 13.6815
307.4329 13.6764
307.4407 13.6712
307.4486 13.6660
307.4564 13.6609
307.4642 13.6557
307.4720 13.6505
307.4798 13.6454
307.4877 13.6402
307.4955 13.6351
307.5033 13.6299
307.5111 13.6247
307.5190 13.6196
307.5268 13.6144
307.5346 13.6093
307.5425 13.6041
307.5503 13.5990
307.5581 13.5938
307.5660 13.5886
307.5738 13.5835
307.5816 13.5783
307.5895 13.5732
307.5973 13.5680
307.6052 13.5629
307.6130 13.5577
307.6208 13.5526
307.6287 13.5474
307.6365 13.5423
307.6444 13.5371
307.6522 13.5320
307.6601 13.5268
307.6679 13.5217
307.6757 13.5165
307.6836 13.5114
307.6914 13.5062
307.6993 13.5011
307.7071 13.4959
307.7150 13.4908
307.7229 13.4856
307.7307 13.4805
307.7386 13.4754
307.7464 13.4702
307.7543 13.4651
307.7621 13.4599
307.7700 13.4548
307.7778 13.4496
307.7857 13.4445
307.7936 13.4394
307.8014 13.4342
307.8093 13.4291
307.8172 13.4239
307.8250 13.4188
307.8329 13.4137
307.8408 13.4085
307.8486 13.4034
307.8565 13.3983
307.8644 13.3931
307.8722 13.3880
307.8801 13.3829
307.8880 13.3777
307.8959 13.3726
307.9037 13.3675
307.9116 13.3623
307.9195 13.3572
307.9274 13.3521
307.9352 13.3469
307.9431 13.3418
307.9510 13.3367
307.9589 13.3315
307.9668 13.3264
307.9746 13.3213
307.9825 13.3162
307.9904 13.3110
307.9983 13.3059
308.0062 13.3008
308.0141 13.2957
308.0220 13.2905
308.0299 13.2854
308.0377 13.2803
308.0456 13.2752
308.0535 13.2700
308.0614 13.2649
308.0693 13.2598
308.0772 13.2547
308.0851 13.2496
308.0930 13.2444
308.1009 13.2393
308.1088 13.2342
308.1167 13.2291
308.1246 13.2240
308.1325 13.2189
308.1404 13.2137
308.1483 13.2086
308.1562 13.2035
308.1641 13.1984
308.1720 13.1933
308.1799 13.1882
308.1879 13.1831
308.1958 13.1779
308.2037 13.1728
308.2116 13.1677
308.2195 13.1626
308.2274 13.1575
308.2353 13.1524
308.2432 13.1473
308.2512 13.1422
308.2591 13.1371
308.2670 13.1320
308.2749 13.1268
308.2828 13.1217
308.2908 13.1166
308.2987 13.1115
308.3066 13.1064
308.3145 13.1013
308.3225 13.0962
308.3304 13.0911
308.3383 13.0860
308.3462 13.0809
308.3542 13.0758
308.3621 13.0707
308.3700 13.0656
308.3780 13.0605
308.3859 13.0554
308.3938 13.0503
308.4018 13.0452
308.4097 13.0401
308.4176 13.0350
308.4256 13.0299
308.4335 13.0248
308.4414 13.0197
308.4494 13.0146
308.4573 13.0095
308.4653 13.0045
308.4732 12.9994
308.4812 12.9943
308.4891 12.9892
308.4970 12.9841
308.5050 12.9790
308.5129 12.9739
308.5209 12.9688
308.5288 12.9637
308.5368 12.9586
308.5447 12.9536
308.5527 12.9485
308.5607 12.9434
308.5686 12.9383
308.5766 12.9332
308.5845 12.9281
308.5925 12.9230
308.6004 12.9180
308.6084 12.9129
308.6164 12.9078
308.6243 12.9027
308.6323 12.8976
308.6402 12.8925
308.6482 12.8875
308.6562 12.8824
308.6641 12.8773
308.6721 12.8722
308.6801 12.8672
308.6880 12.8621
308.6960 12.8570
308.7040 12.8519
308.7120 12.8468
308.7199 12.8418
308.7279 12.8367
308.7359 12.8316
308.7439 12.8266
308.7518 12.8215
308.7598 12.8164
308.7678 12.8113
308.7758 12.8063
308.7838 12.8012
308.7917 12.7961
308.7997 12.7911
308.8077 12.7860
308.8157 12.7809
308.8237 12.7759
308.8317 12.7708
308.8396 12.7657
308.8476 12.7607
308.8556 12.7556
308.8636 12.7505
308.8716 12.7455
308.8796 12.7404
308.8876 12.7353
308.8956 12.7303
308.9036 12.7252
308.9116 12.7202
308.9196 12.7151
308.9276 12.7100
308.9356 12.7050
308.9436 12.6999
308.9516 12.6949
308.9596 12.6898
308.9676 12.6847
308.9756 12.6797
308.9836 12.6746
308.9916 12.6696
308.9996 12.6645
309.0076 12.6595
309.0156 12.6544
309.0236 12.6494
309.0316 12.6443
309.0397 12.6393
309.0477 12.6342
309.0557 12.6292
309.0637 12.6241
309.0717 12.6191
309.0797 12.6140
309.0877 12.6090
309.0958 12.6039
309.1038 12.5989
309.1118 12.5938
309.1198 12.5888
309.1279 12.5837
309.1359 12.5787
309.1439 12.5736
309.1519 12.5686
309.1600 12.5636
309.1680 12.5585
309.1760 12.5535
309.1840 12.5484
309.1921 12.5434
309.2001 12.5383
309.2081 12.5333
309.2162 12.5283
309.2242 12.5232
309.2322 12.5182
309.2403 12.5132
309.2483 12.5081
309.2563 12.5031
309.2644 12.4980
309.2724 12.4930
309.2805 12.4880
309.2885 12.4829
309.2966 12.4779
309.3046 12.4729
309.3126 12.4679
309.3207 12.4628
309.3287 12.4578
309.3368 12.4528
309.3448 12.4477
309.3529 12.4427
309.3609 12.4377
309.3690 12.4326
309.3770 12.4276
309.3851 12.4226
309.3932 12.4176
309.4012 12.4125
309.4093 12.4075
309.4173 12.4025
309.4254 12.3975
309.4334 12.3925
309.4415 12.3874
309.4496 12.3824
309.4576 12.3774
309.4657 12.3724
309.4738 12.3673
309.4818 12.3623
309.4899 12.3573
309.4980 12.3523
309.5060 12.3473
309.5141 12.3423
309.5222 12.3372
309.5302 12.3322
309.5383 12.3272
309.5464 12.3222
309.5545 12.3172
309.5625 12.3122
309.5706 12.3072
309.5787 12.3022
309.5868 12.2971
309.5949 12.2921
309.6029 12.2871
309.6110 12.2821
309.6191 12.2771
309.6272 12.2721
309.6353 12.2671
309.6433 12.2621
309.6514 12.2571
309.6595 12.2521
309.6676 12.2471
309.6757 12.2421
309.6838 12.2371
309.6919 12.2321
309.7000 12.2271
309.7081 12.2220
309.7162 12.2170
309.7243 12.2120
309.7324 12.2070
309.7405 12.2020
309.7486 12.1971
309.7567 12.1921
309.7648 12.1871
309.7729 12.1821
309.7810 12.1771
309.7891 12.1721
309.7972 12.1671
309.8053 12.1621
309.8134 12.1571
309.8215 12.1521
309.8296 12.1471
309.8377 12.1421
309.8458 12.1371
309.8539 12.1321
309.8620 12.1271
309.8702 12.1221
309.8783 12.1172
309.8864 12.1122
309.8945 12.1072
309.9026 12.1022
309.9107 12.0972
309.9189 12.0922
309.9270 12.0872
309.9351 12.0823
309.9432 12.0773
309.9513 12.0723
309.9595 12.0673
309.9676 12.0623
309.9757 12.0573
309.9838 12.0524
309.9920 12.0474
310.0001 12.0424
310.0082 12.0374
310.0164 12.0324
310.0245 12.0275
310.0326 12.0225
310.0408 12.0175
310.0489 12.0125
310.0570 12.0076
310.0652 12.0026
310.0733 11.9976
310.0815 11.9926
310.0896 11.9877
310.0977 11.9827
310.1059 11.9777
310.1140 11.9727
310.1222 11.9678
310.1303 11.9628
310.1385 11.9578
310.1466 11.9529
310.1548 11.9479
310.1629 11.9429
310.1711 11.9380
310.1792 11.9330
310.1874 11.9280
310.1955 11.9231
310.2037 11.9181
310.2118 11.9131
310.2200 11.9082
310.2281 11.9032
310.2363 11.8983
310.2445 11.8933
310.2526 11.8883
310.2608 11.8834
310.2689 11.8784
310.2771 11.8735
310.2853 11.8685
310.2934 11.8636
310.3016 11.8586
310.3098 11.8536
310.3179 11.8487
310.3261 11.8437
310.3343 11.8388
310.3425 11.8338
310.3506 11.8289
310.3588 11.8239
310.3670 11.8190
310.3751 11.8140
310.3833 11.8091
310.3915 11.8041
310.3997 11.7992
310.4079 11.7942
310.4160 11.7893
310.4242 11.7843
310.4324 11.7794
310.4406 11.7744
310.4488 11.7695
310.4570 11.7646
310.4651 11.7596
310.4733 11.7547
310.4815 11.7497
310.4897 11.7448
310.4979 11.7398
310.5061 11.7349
310.5143 11.7300
310.5225 11.7250
310.5307 11.7201
310.5389 11.7151
310.5471 11.7102
310.5553 11.7053
310.5635 11.7003
310.5717 11.6954
310.5799 11.6905
310.5881 11.6855
310.5963 11.6806
310.6045 11.6757
310.6127 11.6707
310.6209 11.6658
310.6291 11.6609
310.6373 11.6559
310.6455 11.6510
310.6537 11.6461
310.6619 11.6412
310.6701 11.6362
310.6784 11.6313
310.6866 11.6264
310.6948 11.6215
310.7030 11.6165
310.7112 11.6116
310.7194 11.6067
310.7277 11.6018
310.7359 11.5968
310.7441 11.5919
310.7523 11.5870
310.7605 11.5821
310.7688 11.5772
310.7770 11.5722
310.7852 11.5673
310.7934 11.5624
310.8017 11.5575
310.8099 11.5526
310.8181 11.5477
310.8264 11.5427
310.8346 11.5378
310.8428 11.5329
310.8511 11.5280
310.8593 11.5231
310.8675 11.5182
310.8758 11.5133
310.8840 11.5084
310.8923 11.5034
310.9005 11.4985
310.9087 11.4936
310.9170 11.4887
310.9252 11.4838
310.9335 11.4789
310.9417 11.4740
310.9500 11.4691
310.9582 11.4642
310.9665 11.4593
310.9747 11.4544
310.9830 11.4495
310.9912 11.4446
310.9995 11.4397
311.0077 11.4348
311.0160 11.4299
311.0242 11.4250
311.0325 11.4201
311.0407 11.4152
311.0490 11.4103
311.0573 11.4054
311.0655 11.4005
311.0738 11.3956
311.0820 11.3907
311.0903 11.3858
311.0986 11.3809
311.1068 11.3760
311.1151 11.3711
311.1234 11.3663
311.1316 11.3614
311.1399 11.3565
311.1482 11.3516
311.1565 11.3467
311.1647 11.3418
311.1730 11.3369
311.1813 11.3320
311.1896 11.3271
311.1978 11.3223
311.2061 11.3174
311.2144 11.3125
311.2227 11.3076
311.2310 11.3027
311.2392 11.2978
311.2475 11.2930
311.2558 11.2881
311.2641 11.2832
311.2724 11.2783
311.2807 11.2735
311.2890 11.2686
311.2972 11.2637
311.3055 11.2588
311.3138 11.2539
311.3221 11.2491
311.3304 11.2442
311.3387 11.2393
311.3470 11.2345
311.3553 11.2296
311.3636 11.2247
311.3719 11.2198
311.3802 11.2150
311.3885 11.2101
311.3968 11.2052
311.4051 11.2004
311.4134 11.1955
311.4217 11.1906
311.4300 11.1858
311.4383 11.1809
311.4466 11.1760
311.4549 11.1712
311.4632 11.1663
311.4716 11.1614
311.4799 11.1566
311.4882 11.1517
311.4965 11.1469
311.5048 11.1420
311.5131 11.1371
311.5214 11.1323
311.5298 11.1274
311.5381 11.1226
311.5464 11.1177
311.5547 11.1129
311.5631 11.1080
311.5714 11.1031
311.5797 11.0983
311.5880 11.0934
311.5964 11.0886
311.6047 11.0837
311.6130 11.0789
311.6213 11.0740
311.6297 11.0692
311.6380 11.0643
311.6463 11.0595
311.6547 11.0546
311.6630 11.0498
311.6713 11.0449
311.6797 11.0401
311.6880 11.0353
311.6964 11.0304
311.7047 11.0256
311.7130 11.0207
311.7214 11.0159
311.7297 11.0110
311.7381 11.0062
311.7464 11.0014
311.7548 10.9965
311.7631 10.9917
311.7715 10.9868
311.7798 10.9820
311.7882 10.9772
311.7965 10.9723
311.8049 10.9675
311.8132 10.9627
311.8216 10.9578
311.8299 10.9530
311.8383 10.9482
311.8466 10.9433
311.8550 10.9385
311.8634 10.9337
311.8717 10.9288
311.8801 10.9240
311.8884 10.9192
311.8968 10.9144
311.9052 10.9095
311.9135 10.9047
311.9219 10.8999
311.9303 10.8951
311.9386 10.8902
311.9470 10.8854
311.9554 10.8806
311.9638 10.8758
311.9721 10.8710
311.9805 10.8661
311.9889 10.8613
311.9973 10.8565
312.0056 10.8517
312.0140 10.8469
312.0224 10.8420
312.0308 10.8372
312.0392 10.8324
312.0475 10.8276
312.0559 10.8228
312.0643 10.8180
312.0727 10.8132
312.0811 10.8083
312.0895 10.8035
312.0979 10.7987
312.1062 10.7939
312.1146 10.7891
312.1230 10.7843
312.1314 10.7795
312.1398 10.7747
312.1482 10.7699
312.1566 10.7651
312.1650 10.7603
312.1734 10.7555
312.1818 10.7507
312.1902 10.7458
312.1986 10.7410
312.2070 10.7362
312.2154 10.7314
312.2238 10.7266
312.2322 10.7218
312.2406 10.7170
312.2490 10.7123
312.2574 10.7075
312.2659 10.7027
312.2743 10.6979
312.2827 10.6931
312.2911 10.6883
312.2995 10.6835
312.3079 10.6787
312.3163 10.6739
312.3248 10.6691
312.3332 10.6643
312.3416 10.6595
312.3500 10.6547
312.3584 10.6499
312.3669 10.6452
312.3753 10.6404
312.3837 10.6356
312.3921 10.6308
312.4006 10.6260
312.4090 10.6212
312.4174 10.6164
312.4259 10.6117
312.4343 10.6069
312.4427 10.6021
312.4511 10.5973
312.4596 10.5925
312.4680 10.5878
312.4765 10.5830
312.4849 10.5782
312.4933 10.5734
312.5018 10.5686
312.5102 10.5639
312.5187 10.5591
312.5271 10.5543
312.5355 10.5496
312.5440 10.5448
312.5524 10.5400
312.5609 10.5352
312.5693 10.5305
312.5778 10.5257
312.5862 10.5209
312.5947 10.5162
312.6031 10.5114
312.6116 10.5066
312.6200 10.5019
312.6285 10.4971
312.6369 10.4923
312.6454 10.4876
312.6539 10.4828
312.6623 10.4780
312.6708 10.4733
312.6792 10.4685
312.6877 10.4638
312.6962 10.4590
312.7046 10.4542
312.7131 10.4495
312.7216 10.4447
312.7300 10.4400
312.7385 10.4352
312.7470 10.4305
312.7554 10.4257
312.7639 10.4209
312.7724 10.4162
312.7809 10.4114
312.7893 10.4067
312.7978 10.4019
312.8063 10.3972
312.8148 10.3924
312.8233 10.3877
312.8317 10.3829
312.8402 10.3782
312.8487 10.3734
312.8572 10.3687
312.8657 10.3640
312.8741 10.3592
312.8826 10.3545
312.8911 10.3497
312.8996 10.3450
312.9081 10.3402
312.9166 10.3355
312.9251 10.3308
312.9336 10.3260
312.9421 10.3213
312.9506 10.3165
312.9591 10.3118
312.9676 10.3071
312.9761 10.3023
312.9846 10.2976
312.9931 10.2929
313.0016 10.2881
313.0101 10.2834
313.0186 10.2787
313.0271 10.2739
313.0356 10.2692
313.0441 10.2645
313.0526 10.2598
313.0611 10.2550
313.0696 10.2503
313.0781 10.2456
313.0866 10.2408
313.0952 10.2361
313.1037 10.2314
313.1122 10.2267
313.1207 10.2219
313.1292 10.2172
313.1377 10.2125
313.1463 10.2078
313.1548 10.2031
313.1633 10.1983
313.1718 10.1936
313.1803 10.1889
313.1889 10.1842
313.1974 10.1795
313.2059 10.1748
313.2145 10.1700
313.2230 10.1653
313.2315 10.1606
313.2400 10.1559
313.2486 10.1512
313.2571 10.1465
313.2656 10.1418
313.2742 10.1371
313.2827 10.1324
313.2913 10.1276
313.2998 10.1229
313.3083 10.1182
313.3169 10.1135
313.3254 10.1088
313.3340 10.1041
313.3425 10.0994
313.3511 10.0947
313.3596 10.0900
313.3681 10.0853
313.3767 10.0806
313.3852 10.0759
313.3938 10.0712
313.4023 10.0665
313.4109 10.0618
313.4195 10.0571
313.4280 10.0524
313.4366 10.0477
313.4451 10.0430
313.4537 10.0383
313.4622 10.0337
313.4708 10.0290
313.4794 10.0243
313.4879 10.0196
313.4965 10.0149
313.5051 10.0102
313.5136 10.0055
313.5222 10.0008
313.5308 9.9961
313.5393 9.9915
313.5479 9.9868
313.5565 9.9821
313.5650 9.9774
313.5736 9.9727
313.5822 9.9680
313.5908 9.9634
313.5993 9.9587
313.6079 9.9540
313.6165 9.9493
313.6251 9.9446
313.6337 9.9400
313.6422 9.9353
313.6508 9.9306
313.6594 9.9259
313.6680 9.9213
313.6766 9.9166
313.6852 9.9119
313.6937 9.9072
313.7023 9.9026
313.7109 9.8979
313.7195 9.8932
313.7281 9.8886
313.7367 9.8839
313.7453 9.8792
313.7539 9.8746
313.7625 9.8699
313.7711 9.8652
313.7797 9.8606
313.7883 9.8559
313.7969 9.8512
313.8055 9.8466
313.8141 9.8419
313.8227 9.8372
313.8313 9.8326
313.8399 9.8279
313.8485 9.8233
313.8571 9.8186
313.8657 9.8140
313.8743 9.8093
313.8830 9.8046
313.8916 9.8000
313.9002 9.7953
313.9088 9.7907
313.9174 9.7860
313.9260 9.7814
313.9347 9.7767
313.9433 9.7721
313.9519 9.7674
313.9605 9.7628
313.9691 9.7581
313.9778 9.7535
313.9864 9.7488
313.9950 9.7442
314.0036 9.7396
314.0123 9.7349
314.0209 9.7303
314.0295 9.7256
314.0382 9.7210
314.0468 9.7163
314.0554 9.7117
314.0641 9.7071
314.0727 9.7024
314.0813 9.6978
314.0900 9.6931
314.0986 9.6885
314.1072 9.6839
314.1159 9.6792
314.1245 9.6746
314.1332 9.6700
314.1418 9.6653
314.1505 9.6607
314.1591 9.6561
314.1678 9.6515
314.1764 9.6468
314.1851 9.6422
314.1937 9.6376
314.2024 9.6329
314.2110 9.6283
314.2197 9.6237
314.2283 9.6191
314.2370 9.6144
314.2456 9.6098
314.2543 9.6052
314.2630 9.6006
314.2716 9.5960
314.2803 9.5913
314.2889 9.5867
314.2976 9.5821
314.3063 9.5775
314.3149 9.5729
314.3236 9.5683
314.3323 9.5636
314.3409 9.5590
314.3496 9.5544
314.3583 9.5498
314.3669 9.5452
314.3756 9.5406
314.3843 9.5360
314.3930 9.5314
314.4016 9.5268
314.4103 9.5221
314.4190 9.5175
314.4277 9.5129
314.4364 9.5083
314.4450 9.5037
314.4537 9.4991
314.4624 9.4945
314.4711 9.4899
314.4798 9.4853
314.4885 9.4807
314.4972 9.4761
314.5059 9.4715
314.5145 9.4669
314.5232 9.4623
314.5319 9.4577
314.5406 9.4531
314.5493 9.4485
314.5580 9.4439
314.5667 9.4393
314.5754 9.4348
314.5841 9.4302
314.5928 9.4256
314.6015 9.4210
314.6102 9.4164
314.6189 9.4118
314.6276 9.4072
314.6363 9.4026
314.6450 9.3980
314.6537 9.3935
314.6625 9.3889
314.6712 9.3843
314.6799 9.3797
314.6886 9.3751
314.6973 9.3705
314.7060 9.3660
314.7147 9.3614
314.7235 9.3568
314.7322 9.3522
314.7409 9.3476
314.7496 9.3431
314.7583 9.3385
314.7671 9.3339
314.7758 9.3293
314.7845 9.3248
314.7932 9.3202
314.8020 9.3156
314.8107 9.3111
314.8194 9.3065
314.8281 9.3019
314.8369 9.2974
314.8456 9.2928
314.8543 9.2882
314.8631 9.2837
314.8718 9.2791
314.8805 9.2745
314.8893 9.2700
314.8980 9.2654
314.9068 9.2608
314.9155 9.2563
314.9242 9.2517
314.9330 9.2472
314.9417 9.2426
314.9505 9.2380
314.9592 9.2335
314.9680 9.2289
314.9767 9.2244
314.9855 9.2198
314.9942 9.2153
315.0030 9.2107
315.0117 9.2062
315.0205 9.2016
315.0292 9.1971
315.0380 9.1925
315.0467 9.1880
315.0555 9.1834
315.0643 9.1789
315.0730 9.1743
315.0818 9.1698
315.0906 9.1652
315.0993 9.1607
315.1081 9.1561
315.1168 9.1516
315.1256 9.1471
315.1344 9.1425
315.1432 9.1380
315.1519 9.1334
315.1607 9.1289
315.1695 9.1244
315.1782 9.1198
315.1870 9.1153
315.1958 9.1108
315.2046 9.1062
315.2133 9.1017
315.2221 9.0972
315.2309 9.0926
315.2397 9.0881
315.2485 9.0836
315.2573 9.0790
315.2660 9.0745
315.2748 9.0700
315.2836 9.0654
315.2924 9.0609
315.3012 9.0564
315.3100 9.0519
315.3188 9.0473
315.3276 9.0428
315.3364 9.0383
315.3452 9.0338
315.3539 9.0293
315.3627 9.0247
315.3715 9.0202
315.3803 9.0157
315.3891 9.0112
315.3979 9.0067
315.4067 9.0022
315.4155 8.9976
315.4244 8.9931
315.4332 8.9886
315.4420 8.9841
315.4508 8.9796
315.4596 8.9751
315.4684 8.9706
315.4772 8.9661
315.4860 8.9616
315.4948 8.9571
315.5036 8.9526
315.5125 8.9480
315.5213 8.9435
315.5301 8.9390
315.5389 8.9345
315.5477 8.9300
315.5565 8.9255
315.5654 8.9210
315.5742 8.9165
315.5830 8.9120
315.5918 8.9075
315.6007 8.9030
315.6095 8.8985
315.6183 8.8940
315.6272 8.8896
315.6360 8.8851
315.6448 8.8806
315.6537 8.8761
315.6625 8.8716
315.6713 8.8671
315.6802 8.8626
315.6890 8.8581
315.6978 8.8536
315.7067 8.8491
315.7155 8.8447
315.7244 8.8402
315.7332 8.8357
315.7420 8.8312
315.7509 8.8267
315.7597 8.8222
315.7686 8.8178
315.7774 8.8133
315.7863 8.8088
315.7951 8.8043
315.8040 8.7998
315.8128 8.7954
315.8217 8.7909
315.8305 8.7864
315.8394 8.7819
315.8483 8.7775
315.8571 8.7730
315.8660 8.7685
315.8748 8.7641
315.8837 8.7596
315.8926 8.7551
315.9014 8.7507
315.9103 8.7462
315.9192 8.7417
315.9280 8.7373
315.9369 8.7328
315.9458 8.7283
315.9546 8.7239
315.9635 8.7194
315.9724 8.7149
315.9812 8.7105
315.9901 8.7060
315.9990 8.7016
316.0079 8.6971
316.0168 8.6926
316.0256 8.6882
316.0345 8.6837
316.0434 8.6793
316.0523 8.6748
316.0612 8.6704
316.0700 8.6659
316.0789 8.6615
316.0878 8.6570
316.0967 8.6526
316.1056 8.6481
316.1145 8.6437
316.1234 8.6392
316.1323 8.6348
316.1412 8.6303
316.1501 8.6259
316.1590 8.6214
316.1679 8.6170
316.1768 8.6126
316.1857 8.6081
316.1946 8.6037
316.2035 8.5992
316.2124 8.5948
316.2213 8.5904
316.2302 8.5859
316.2391 8.5815
316.2480 8.5771
316.2569 8.5726
316.2658 8.5682
316.2747 8.5638
316.2836 8.5593
316.2925 8.5549
316.3014 8.5505
316.3104 8.5460
316.3193 8.5416
316.3282 8.5372
316.3371 8.5328
316.3460 8.5283
316.3549 8.5239
316.3639 8.5195
316.3728 8.5151
316.3817 8.5106
316.3906 8.5062
316.3996 8.5018
316.4085 8.4974
316.4174 8.4930
316.4264 8.4885
316.4353 8.4841
316.4442 8.4797
316.4531 8.4753
316.4621 8.4709
316.4710 8.4665
316.4799 8.4621
316.4889 8.4576
316.4978 8.4532
316.5068 8.4488
316.5157 8.4444
316.5246 8.4400
316.5336 8.4356
316.5425 8.4312
316.5515 8.4268
316.5604 8.4224
316.5694 8.4180
316.5783 8.4136
316.5873 8.4092
316.5962 8.4048
316.6052 8.4004
316.6141 8.3960
316.6231 8.3916
316.6320 8.3872
316.6410 8.3828
316.6499 8.3784
316.6589 8.3740
316.6679 8.3696
316.6768 8.3652
316.6858 8.3608
316.6947 8.3564
316.7037 8.3520
316.7127 8.3476
316.7216 8.3433
316.7306 8.3389
316.7396 8.3345
316.7485 8.3301
316.7575 8.3257
316.7665 8.3213
316.7755 8.3169
316.7844 8.3126
316.7934 8.3082
316.8024 8.3038
316.8114 8.2994
316.8203 8.2950
316.8293 8.2907
316.8383 8.2863
316.8473 8.2819
316.8563 8.2775
316.8652 8.2731
316.8742 8.2688
316.8832 8.2644
316.8922 8.2600
316.9012 8.2557
316.9102 8.2513
316.9192 8.2469
316.9282 8.2425
316.9372 8.2382
316.9461 8.2338
316.9551 8.2294
316.9641 8.2251
316.9731 8.2207
316.9821 8.2164
316.9911 8.2120
317.0001 8.2076
317.0091 8.2033
317.0181 8.1989
317.0271 8.1946
317.0361 8.1902
317.0452 8.1858
317.0542 8.1815
317.0632 8.1771
317.0722 8.1728
317.0812 8.1684
317.0902 8.1641
317.0992 8.1597
317.1082 8.1554
317.1172 8.1510
317.1263 8.1467
317.1353 8.1423
317.1443 8.1380
317.1533 8.1336
317.1623 8.1293
317.1714 8.1249
317.1804 8.1206
317.1894 8.1162
317.1984 8.1119
317.2075 8.1076
317.2165 8.1032
317.2255 8.0989
317.2345 8.0945
317.2436 8.0902
317.2526 8.0859
317.2616 8.0815
317.2707 8.0772
317.2797 8.0729
317.2887 8.0685
317.2978 8.0642
317.3068 8.0599
317.3159 8.0555
317.3249 8.0512
317.3339 8.0469
317.3430 8.0426
317.3520 8.0382
317.3611 8.0339
317.3701 8.0296
317.3792 8.0253
317.3882 8.0209
317.3973 8.0166
317.4063 8.0123
317.4154 8.0080
317.4244 8.0036
317.4335 7.9993
317.4425 7.9950
317.4516 7.9907
317.4606 7.9864
317.4697 7.9821
317.4788 7.9777
317.4878 7.9734
317.4969 7.9691
317.5059 7.9648
317.5150 7.9605
317.5241 7.9562
317.5331 7.9519
317.5422 7.9476
317.5513 7.9433
317.5603 7.9390
317.5694 7.9347
317.5785 7.9304
317.5876 7.9261
317.5966 7.9217
317.6057 7.9174
317.6148 7.9131
317.6239 7.9088
317.6329 7.9045
317.6420 7.9003
317.6511 7.8960
317.6602 7.8917
317.6693 7.8874
317.6784 7.8831
317.6874 7.8788
317.6965 7.8745
317.7056 7.8702
317.7147 7.8659
317.7238 7.8616
317.7329 7.8573
317.7420 7.8530
317.7511 7.8487
317.7602 7.8445
317.7693 7.8402
317.7784 7.8359
317.7875 7.8316
317.7965 7.8273
317.8056 7.8230
317.8148 7.8188
317.8239 7.8145
317.8330 7.8102
317.8421 7.8059
317.8512 7.8017
317.8603 7.7974
317.8694 7.7931
317.8785 7.7888
317.8876 7.7846
317.8967 7.7803
317.9058 7.7760
317.9149 7.7717
317.9241 7.7675
317.9332 7.7632
317.9423 7.7589
317.9514 7.7547
317.9605 7.7504
317.9696 7.7461
317.9788 7.7419
317.9879 7.7376
317.9970 7.7334
318.0061 7.7291
318.0153 7.7248
318.0244 7.7206
318.0335 7.7163
318.0426 7.7121
318.0518 7.7078
318.0609 7.7035
318.0700 7.6993
318.0792 7.6950
318.0883 7.6908
318.0974 7.6865
318.1066 7.6823
318.1157 7.6780
318.1249 7.6738
318.1340 7.6695
318.1431 7.6653
318.1523 7.6610
318.1614 7.6568
318.1706 7.6526
318.1797 7.6483
318.1889 7.6441
318.1980 7.6398
318.2072 7.6356
318.2163 7.6313
318.2255 7.6271
318.2346 7.6229
318.2438 7.6186
318.2529 7.6144
318.2621 7.6102
318.2712 7.6059
318.2804 7.6017
318.2895 7.5975
318.2987 7.5932
318.3079 7.5890
318.3170 7.5848
318.3262 7.5805
318.3354 7.5763
318.3445 7.5721
318.3537 7.5679
318.3629 7.5636
318.3720 7.5594
318.3812 7.5552
318.3904 7.5510
318.3996 7.5467
318.4087 7.5425
318.4179 7.5383
318.4271 7.5341
318.4363 7.5299
318.4454 7.5257
318.4546 7.5214
318.4638 7.5172
318.4730 7.5130
318.4822 7.5088
318.4913 7.5046
318.5005 7.5004
318.5097 7.4962
318.5189 7.4920
318.5281 7.4877
318.5373 7.4835
318.5465 7.4793
318.5557 7.4751
318.5649 7.4709
318.5741 7.4667
318.5832 7.4625
318.5924 7.4583
318.6016 7.4541
318.6108 7.4499
318.6200 7.4457
318.6292 7.4415
318.6384 7.4373
318.6476 7.4331
318.6569 7.4289
318.6661 7.4247
318.6753 7.4205
318.6845 7.4164
318.6937 7.4122
318.7029 7.4080
318.7121 7.4038
318.7213 7.3996
318.7305 7.3954
318.7397 7.3912
318.7490 7.3870
318.7582 7.3829
318.7674 7.3787
318.7766 7.3745
318.7858 7.3703
318.7951 7.3661
318.8043 7.3619
318.8135 7.3578
318.8227 7.3536
318.8319 7.3494
318.8412 7.3452
318.8504 7.3411
318.8596 7.3369
318.8689 7.3327
318.8781 7.3285
318.8873 7.3244
318.8966 7.3202
318.9058 7.3160
318.9150 7.3119
318.9243 7.3077
318.9335 7.3035
318.9427 7.2994
318.9520 7.2952
318.9612 7.2910
318.9705 7.2869
318.9797 7.2827
318.9890 7.2785
318.9982 7.2744
319.0075 7.2702
319.0167 7.2661
319.0260 7.2619
319.0352 7.2578
319.0445 7.2536
319.0537 7.2495
319.0630 7.2453
319.0722 7.2411
319.0815 7.2370
319.0907 7.2328
319.1000 7.2287
319.1092 7.2245
319.1185 7.2204
319.1278 7.2163
319.1370 7.2121
319.1463 7.2080
319.1556 7.2038
319.1648 7.1997
319.1741 7.1955
319.1834 7.1914
319.1926 7.1873
319.2019 7.1831
319.2112 7.1790
319.2205 7.1748
319.2297 7.1707
319.2390 7.1666
319.2483 7.1624
319.2576 7.1583
319.2668 7.1542
319.2761 7.1500
319.2854 7.1459
319.2947 7.1418
319.3040 7.1377
319.3132 7.1335
319.3225 7.1294
319.3318 7.1253
319.3411 7.1212
319.3504 7.1170
319.3597 7.1129
319.3690 7.1088
319.3783 7.1047
319.3876 7.1005
319.3969 7.0964
319.4062 7.0923
319.4155 7.0882
319.4248 7.0841
319.4341 7.0800
319.4434 7.0759
319.4527 7.0717
319.4620 7.0676
319.4713 7.0635
319.4806 7.0594
319.4899 7.0553
319.4992 7.0512
319.5085 7.0471
319.5178 7.0430
319.5271 7.0389
319.5364 7.0348
319.5457 7.0307
319.5550 7.0266
319.5644 7.0225
319.5737 7.0184
319.5830 7.0143
319.5923 7.0102
319.6016 7.0061
319.6109 7.0020
319.6203 6.9979
319.6296 6.9938
319.6389 6.9897
319.6482 6.9856
319.6576 6.9815
319.6669 6.9774
319.6762 6.9733
319.6856 6.9692
319.6949 6.9652
319.7042 6.9611
319.7136 6.9570
319.7229 6.9529
319.7322 6.9488
319.7416 6.9447
319.7509 6.9407
319.7602 6.9366
319.7696 6.9325
319.7789 6.9284
319.7883 6.9243
319.7976 6.9203
319.8069 6.9162
319.8163 6.9121
319.8256 6.9080
319.8350 6.9040
319.8443 6.8999
319.8537 6.8958
319.8630 6.8918
319.8724 6.8877
319.8817 6.8836
319.8911 6.8796
319.9004 6.8755
319.9098 6.8714
319.9192 6.8674
319.9285 6.8633
319.9379 6.8592
319.9472 6.8552
319.9566 6.8511
319.9660 6.8471
319.9753 6.8430
319.9847 6.8389
319.9941 6.8349
320.0034 6.8308
320.0128 6.8268
320.0222 6.8227
320.0315 6.8187
320.0409 6.8146
320.0503 6.8106
320.0597 6.8065
320.0690 6.8025
320.0784 6.7984
320.0878 6.7944
320.0972 6.7903
320.1066 6.7863
320.1159 6.7823
320.1253 6.7782
320.1347 6.7742
320.1441 6.7701
320.1535 6.7661
320.1629 6.7621
320.1723 6.7580
320.1816 6.7540
320.1910 6.7500
320.2004 6.7459
320.2098 6.7419
320.2192 6.7379
320.2286 6.7338
320.2380 6.7298
320.2474 6.7258
320.2568 6.7217
320.2662 6.7177
320.2756 6.7137
320.2850 6.7097
320.2944 6.7056
320.3038 6.7016
320.3132 6.6976
320.3226 6.6936
320.3320 6.6896
320.3414 6.6855
320.3508 6.6815
320.3603 6.6775
320.3697 6.6735
320.3791 6.6695
320.3885 6.6655
320.3979 6.6614
320.4073 6.6574
320.4167 6.6534
320.4262 6.6494
320.4356 6.6454
320.4450 6.6414
320.4544 6.6374
320.4638 6.6334
320.4733 6.6294
320.4827 6.6254
320.4921 6.6214
320.5016 6.6174
320.5110 6.6134
320.5204 6.6094
320.5298 6.6054
320.5393 6.6014
320.5487 6.5974
320.5581 6.5934
320.5676 6.5894
320.5770 6.5854
320.5865 6.5814
320.5959 6.5774
320.6053 6.5734
320.6148 6.5694
320.6242 6.5654
320.6337 6.5615
320.6431 6.5575
320.6526 6.5535
320.6620 6.5495
320.6714 6.5455
320.6809 6.5415
320.6903 6.5376
320.6998 6.5336
320.7093 6.5296
320.7187 6.5256
320.7282 6.5216
320.7376 6.5177
320.7471 6.5137
320.7565 6.5097
320.7660 6.5057
320.7755 6.5018
320.7849 6.4978
320.7944 6.4938
320.8038 6.4899
320.8133 6.4859
320.8228 6.4819
320.8322 6.4780
320.8417 6.4740
320.8512 6.4700
320.8606 6.4661
320.8701 6.4621
320.8796 6.4581
320.8891 6.4542
320.8985 6.4502
320.9080 6.4463
320.9175 6.4423
320.9270 6.4383
320.9365 6.4344
320.9459 6.4304
320.9554 6.4265
320.9649 6.4225
320.9744 6.4186
320.9839 6.4146
320.9934 6.4107
321.0028 6.4067
321.0123 6.4028
321.0218 6.3988
321.0313 6.3949
321.0408 6.3910
321.0503 6.3870
321.0598 6.3831
321.0693 6.3791
321.0788 6.3752
321.0883 6.3712
321.0978 6.3673
321.1073 6.3634
321.1168 6.3594
321.1263 6.3555
321.1358 6.3516
321.1453 6.3476
321.1548 6.3437
321.1643 6.3398
321.1738 6.3358
321.1833 6.3319
321.1928 6.3280
321.2023 6.3241
321.2119 6.3201
321.2214 6.3162
321.2309 6.3123
321.2404 6.3084
321.2499 6.3044
321.2594 6.3005
321.2690 6.2966
321.2785 6.2927
321.2880 6.2888
321.2975 6.2849
321.3070 6.2809
321.3166 6.2770
321.3261 6.2731
321.3356 6.2692
321.3452 6.2653
321.3547 6.2614
321.3642 6.2575
321.3737 6.2536
321.3833 6.2497
321.3928 6.2458
321.4023 6.2418
321.4119 6.2379
321.4214 6.2340
321.4310 6.2301
321.4405 6.2262
321.4500 6.2223
321.4596 6.2184
321.4691 6.2145
321.4787 6.2106
321.4882 6.2068
321.4978 6.2029
321.5073 6.1990
321.5169 6.1951
321.5264 6.1912
321.5360 6.1873
321.5455 6.1834
321.5551 6.1795
321.5646 6.1756
321.5742 6.1717
321.5837 6.1679
321.5933 6.1640
321.6028 6.1601
321.6124 6.1562
321.6220 6.1523
321.6315 6.1484
321.6411 6.1446
321.6507 6.1407
321.6602 6.1368
321.6698 6.1329
321.6794 6.1291
321.6889 6.1252
321.6985 6.1213
321.7081 6.1174
321.7176 6.1136
321.7272 6.1097
321.7368 6.1058
321.7464 6.1020
321.7559 6.0981
321.7655 6.0942
321.7751 6.0904
321.7847 6.0865
321.7943 6.0827
321.8038 6.0788
321.8134 6.0749
321.8230 6.0711
321.8326 6.0672
321.8422 6.0634
321.8518 6.0595
321.8614 6.0556
321.8710 6.0518
321.8805 6.0479
321.8901 6.0441
321.8997 6.0402
321.9093 6.0364
321.9189 6.0325
321.9285 6.0287
321.9381 6.0248
321.9477 6.0210
321.9573 6.0172
321.9669 6.0133
321.9765 6.0095
321.9861 6.0056
321.9957 6.0018
322.0053 5.9980
322.0149 5.9941
322.0246 5.9903
322.0342 5.9864
322.0438 5.9826
322.0534 5.9788
322.0630 5.9749
322.0726 5.9711
322.0822 5.9673
322.0918 5.9635
322.1015 5.9596
322.1111 5.9558
322.1207 5.9520
322.1303 5.9481
322.1399 5.9443
322.1496 5.9405
322.1592 5.9367
322.1688 5.9329
322.1784 5.9290
322.1881 5.9252
322.1977 5.9214
322.2073 5.9176
322.2170 5.9138
322.2266 5.9100
322.2362 5.9061
322.2459 5.9023
322.2555 5.8985
322.2651 5.8947
322.2748 5.8909
322.2844 5.8871
322.2940 5.8833
322.3037 5.8795
322.3133 5.8757
322.3230 5.8719
322.3326 5.8681
322.3423 5.8643
322.3519 5.8605
322.3616 5.8567
322.3712 5.8529
322.3809 5.8491
322.3905 5.8453
322.4002 5.8415
322.4098 5.8377
322.4195 5.8339
322.4291 5.8301
322.4388 5.8263
322.4484 5.8225
322.4581 5.8187
322.4678 5.8149
322.4774 5.8111
322.4871 5.8074
322.4967 5.8036
322.5064 5.7998
322.5161 5.7960
322.5257 5.7922
322.5354 5.7884
322.5451 5.7847
322.5547 5.7809
322.5644 5.7771
322.5741 5.7733
322.5838 5.7696
322.5934 5.7658
322.6031 5.7620
322.6128 5.7582
322.6225 5.7545
322.6321 5.7507
322.6418 5.7469
322.6515 5.7432
322.6612 5.7394
322.6709 5.7356
322.6806 5.7319
322.6902 5.7281
322.6999 5.7243
322.7096 5.7206
322.7193 5.7168
322.7290 5.7131
322.7387 5.7093
322.7484 5.7056
322.7581 5.7018
322.7678 5.6980
322.7775 5.6943
322.7872 5.6905
322.7969 5.6868
322.8066 5.6830
322.8163 5.6793
322.8260 5.6755
322.8357 5.6718
322.8454 5.6680
322.8551 5.6643
322.8648 5.6606
322.8745 5.6568
322.8842 5.6531
322.8939 5.6493
322.9036 5.6456
322.9133 5.6419
322.9230 5.6381
322.9328 5.6344
322.9425 5.6306
322.9522 5.6269
322.9619 5.6232
322.9716 5.6194
322.9813 5.6157
322.9911 5.6120
323.0008 5.6083
323.0105 5.6045
323.0202 5.6008
323.0300 5.5971
323.0397 5.5934
323.0494 5.5896
323.0591 5.5859
323.0689 5.5822
323.0786 5.5785
323.0883 5.5747
323.0981 5.5710
323.1078 5.5673
323.1175 5.5636
323.1273 5.5599
323.1370 5.5562
323.1467 5.5525
323.1565 5.5487
323.1662 5.5450
323.1760 5.5413
323.1857 5.5376
323.1954 5.5339
323.2052 5.5302
323.2149 5.5265
323.2247 5.5228
323.2344 5.5191
323.2442 5.5154
323.2539 5.5117
323.2637 5.5080
323.2734 5.5043
323.2832 5.5006
323.2930 5.4969
323.3027 5.4932
323.3125 5.4895
323.3222 5.4858
323.3320 5.4821
323.3417 5.4784
323.3515 5.4747
323.3613 5.4711
323.3710 5.4674
323.3808 5.4637
323.3906 5.4600
323.4003 5.4563
323.4101 5.4526
323.4199 5.4490
323.4296 5.4453
323.4394 5.4416
323.4492 5.4379
323.4590 5.4342
323.4687 5.4306
323.4785 5.4269
323.4883 5.4232
323.4981 5.4195
323.5079 5.4159
323.5176 5.4122
323.5274 5.4085
323.5372 5.4049
323.5470 5.4012
323.5568 5.3975
323.5666 5.3939
323.5763 5.3902
323.5861 5.3865
323.5959 5.3829
323.6057 5.3792
323.6155 5.3756
323.6253 5.3719
323.6351 5.3682
323.6449 5.3646
323.6547 5.3609
323.6645 5.3573
323.6743 5.3536
323.6841 5.3500
323.6939 5.3463
323.7037 5.3427
323.7135 5.3390
323.7233 5.3354
323.7331 5.3317
323.7429 5.3281
323.7527 5.3244
323.7625 5.3208
323.7723 5.3171
323.7821 5.3135
323.7920 5.3099
323.8018 5.3062
323.8116 5.3026
323.8214 5.2990
323.8312 5.2953
323.8410 5.2917
323.8508 5.2880
323.8607 5.2844
323.8705 5.2808
323.8803 5.2772
323.8901 5.2735
323.9000 5.2699
323.9098 5.2663
323.9196 5.2626
323.9294 5.2590
323.9393 5.2554
323.9491 5.2518
323.9589 5.2482
323.9688 5.2445
323.9786 5.2409
323.9884 5.2373
323.9983 5.2337
324.0081 5.2301
324.0179 5.2265
324.0278 5.2228
324.0376 5.2192
324.0475 5.2156
324.0573 5.2120
324.0671 5.2084
324.0770 5.2048
324.0868 5.2012
324.0967 5.1976
324.1065 5.1940
324.1164 5.1904
324.1262 5.1868
324.1361 5.1832
324.1459 5.1796
324.1558 5.1760
324.1656 5.1724
324.1755 5.1688
324.1854 5.1652
324.1952 5.1616
324.2051 5.1580
324.2149 5.1544
324.2248 5.1508
324.2347 5.1472
324.2445 5.1436
324.2544 5.1400
324.2642 5.1365
324.2741 5.1329
324.2840 5.1293
324.2938 5.1257
324.3037 5.1221
324.3136 5.1185
324.3235 5.1150
324.3333 5.1114
324.3432 5.1078
324.3531 5.1042
324.3630 5.1007
324.3728 5.0971
324.3827 5.0935
324.3926 5.0899
324.4025 5.0864
324.4124 5.0828
324.4222 5.0792
324.4321 5.0757
324.4420 5.0721
324.4519 5.0685
324.4618 5.0650
324.4717 5.0614
324.4816 5.0578
324.4915 5.0543
324.5013 5.0507
324.5112 5.0472
324.5211 5.0436
324.5310 5.0401
324.5409 5.0365
324.5508 5.0329
324.5607 5.0294
324.5706 5.0258
324.5805 5.0223
324.5904 5.0187
324.6003 5.0152
324.6102 5.0116
324.6201 5.0081
324.6300 5.0046
324.6400 5.0010
324.6499 4.9975
324.6598 4.9939
324.6697 4.9904
324.6796 4.9868
324.6895 4.9833
324.6994 4.9798
324.7093 4.9762
324.7193 4.9727
324.7292 4.9692
324.7391 4.9656
324.7490 4.9621
324.7589 4.9586
324.7689 4.9550
324.7788 4.9515
324.7887 4.9480
324.7986 4.9445
324.8086 4.9409
324.8185 4.9374
324.8284 4.9339
324.8383 4.9304
324.8483 4.9269
324.8582 4.9233
324.8681 4.9198
324.8781 4.9163
324.8880 4.9128
324.8979 4.9093
324.9079 4.9058
324.9178 4.9023
324.9278 4.8987
324.9377 4.8952
324.9476 4.8917
324.9576 4.8882
324.9675 4.8847
324.9775 4.8812
324.9874 4.8777
324.9974 4.8742
325.0073 4.8707
325.0173 4.8672
325.0272 4.8637
325.0372 4.8602
325.0471 4.8567
325.0571 4.8532
325.0670 4.8497
325.0770 4.8462
325.0869 4.8427
325.0969 4.8392
325.1068 4.8357
325.1168 4.8323
325.1268 4.8288
325.1367 4.8253
325.1467 4.8218
325.1567 4.8183
325.1666 4.8148
325.1766 4.8114
325.1866 4.8079
325.1965 4.8044
325.2065 4.8009
325.2165 4.7974
325.2264 4.7940
325.2364 4.7905
325.2464 4.7870
325.2564 4.7835
325.2663 4.7801
325.2763 4.7766
325.2863 4.7731
325.2963 4.7697
325.3063 4.7662
325.3162 4.7627
325.3262 4.7593
325.3362 4.7558
325.3462 4.7523
325.3562 4.7489
325.3662 4.7454
325.3762 4.7420
325.3862 4.7385
325.3961 4.7350
325.4061 4.7316
325.4161 4.7281
325.4261 4.7247
325.4361 4.7212
325.4461 4.7178
325.4561 4.7143
325.4661 4.7109
325.4761 4.7074
325.4861 4.7040
325.4961 4.7005
325.5061 4.6971
325.5161 4.6936
325.5261 4.6902
325.5361 4.6868
325.5461 4.6833
325.5561 4.6799
325.5662 4.6765
325.5762 4.6730
325.5862 4.6696
325.5962 4.6661
325.6062 4.6627
325.6162 4.6593
325.6262 4.6559
325.6363 4.6524
325.6463 4.6490
325.6563 4.6456
325.6663 4.6421
325.6763 4.6387
325.6864 4.6353
325.6964 4.6319
325.7064 4.6285
325.7164 4.6250
325.7265 4.6216
325.7365 4.6182
325.7465 4.6148
325.7565 4.6114
325.7666 4.6080
325.7766 4.6045
325.7866 4.6011
325.7967 4.5977
325.8067 4.5943
325.8167 4.5909
325.8268 4.5875
325.8368 4.5841
325.8469 4.5807
325.8569 4.5773
325.8670 4.5739
325.8770 4.5705
325.8870 4.5671
325.8971 4.5637
325.9071 4.5603
325.9172 4.5569
325.9272 4.5535
325.9373 4.5501
325.9473 4.5467
325.9574 4.5433
325.9674 4.5399
325.9775 4.5365
325.9875 4.5331
325.9976 4.5298
326.0077 4.5264
326.0177 4.5230
326.0278 4.5196
326.0378 4.5162
326.0479 4.5128
326.0580 4.5095
326.0680 4.5061
326.0781 4.5027
326.0882 4.4993
326.0982 4.4960
326.1083 4.4926
326.1184 4.4892
326.1284 4.4858
326.1385 4.4825
326.1486 4.4791
326.1586 4.4757
326.1687 4.4724
326.1788 4.4690
326.1889 4.4656
326.1990 4.4623
326.2090 4.4589
326.2191 4.4555
326.2292 4.4522
326.2393 4.4488
326.2494 4.4455
326.2594 4.4421
326.2695 4.4388
326.2796 4.4354
326.2897 4.4320
326.2998 4.4287
326.3099 4.4253
326.3200 4.4220
326.3301 4.4186
326.3402 4.4153
326.3503 4.4120
326.3604 4.4086
326.3704 4.4053
326.3805 4.4019
326.3906 4.3986
326.4007 4.3952
326.4108 4.3919
326.4209 4.3886
326.4310 4.3852
326.4412 4.3819
326.4513 4.3786
326.4614 4.3752
326.4715 4.3719
326.4816 4.3686
326.4917 4.3652
326.5018 4.3619
326.5119 4.3586
326.5220 4.3553
326.5321 4.3519
326.5423 4.3486
326.5524 4.3453
326.5625 4.3420
326.5726 4.3386
326.5827 4.3353
326.5928 4.3320
326.6030 4.3287
326.6131 4.3254
326.6232 4.3221
326.6333 4.3187
326.6435 4.3154
326.6536 4.3121
326.6637 4.3088
326.6738 4.3055
326.6840 4.3022
326.6941 4.2989
326.7042 4.2956
326.7144 4.2923
326.7245 4.2890
326.7346 4.2857
326.7448 4.2824
326.7549 4.2791
326.7651 4.2758
326.7752 4.2725
326.7853 4.2692
326.7955 4.2659
326.8056 4.2626
326.8158 4.2593
326.8259 4.2560
326.8360 4.2527
326.8462 4.2494
326.8563 4.2462
326.8665 4.2429
326.8766 4.2396
326.8868 4.2363
326.8969 4.2330
326.9071 4.2297
326.9173 4.2265
326.9274 4.2232
326.9376 4.2199
326.9477 4.2166
326.9579 4.2134
326.9680 4.2101
326.9782 4.2068
326.9884 4.2035
326.9985 4.2003
327.0087 4.1970
327.0189 4.1937
327.0290 4.1905
327.0392 4.1872
327.0494 4.1839
327.0595 4.1807
327.0697 4.1774
327.0799 4.1742
327.0900 4.1709
327.1002 4.1676
327.1104 4.1644
327.1206 4.1611
327.1307 4.1579
327.1409 4.1546
327.1511 4.1514
327.1613 4.1481
327.1715 4.1449
327.1816 4.1416
327.1918 4.1384
327.2020 4.1351
327.2122 4.1319
327.2224 4.1286
327.2326 4.1254
327.2428 4.1222
327.2530 4.1189
327.2631 4.1157
327.2733 4.1124
327.2835 4.1092
327.2937 4.1060
327.3039 4.1027
327.3141 4.0995
327.3243 4.0963
327.3345 4.0930
327.3447 4.0898
327.3549 4.0866
327.3651 4.0833
327.3753 4.0801
327.3855 4.0769
327.3957 4.0737
327.4059 4.0705
327.4161 4.0672
327.4263 4.0640
327.4365 4.0608
327.4468 4.0576
327.4570 4.0544
327.4672 4.0511
327.4774 4.0479
327.4876 4.0447
327.4978 4.0415
327.5080 4.0383
327.5183 4.0351
327.5285 4.0319
327.5387 4.0287
327.5489 4.0255
327.5591 4.0223
327.5694 4.0191
327.5796 4.0159
327.5898 4.0127
327.6000 4.0095
327.6103 4.0063
327.6205 4.0031
327.6307 3.9999
327.6409 3.9967
327.6512 3.9935
327.6614 3.9903
327.6716 3.9871
327.6819 3.9839
327.6921 3.9807
327.7023 3.9775
327.7126 3.9744
327.7228 3.9712
327.7331 3.9680
327.7433 3.9648
327.7535 3.9616
327.7638 3.9584
327.7740 3.9553
327.7843 3.9521
327.7945 3.9489
327.8048 3.9457
327.8150 3.9426
327.8253 3.9394
327.8355 3.9362
327.8458 3.9330
327.8560 3.9299
327.8663 3.9267
327.8765 3.9235
327.8868 3.9204
327.8970 3.9172
327.9073 3.9141
327.9175 3.9109
327.9278 3.9077
327.9381 3.9046
327.9483 3.9014
327.9586 3.8983
327.9689 3.8951
327.9791 3.8919
327.9894 3.8888
327.9997 3.8856
328.0099 3.8825
328.0202 3.8793
328.0305 3.8762
328.0407 3.8730
328.0510 3.8699
328.0613 3.8668
328.0715 3.8636
328.0818 3.8605
328.0921 3.8573
328.1024 3.8542
328.1127 3.8511
328.1229 3.8479
328.1332 3.8448
328.1435 3.8416
328.1538 3.8385
328.1641 3.8354
328.1743 3.8322
328.1846 3.8291
328.1949 3.8260
328.2052 3.8229
328.2155 3.8197
328.2258 3.8166
328.2361 3.8135
328.2464 3.8104
328.2567 3.8072
328.2670 3.8041
328.2773 3.8010
328.2875 3.7979
328.2978 3.7948
328.3081 3.7917
328.3184 3.7885
328.3287 3.7854
328.3390 3.7823
328.3493 3.7792
328.3596 3.7761
328.3700 3.7730
328.3803 3.7699
328.3906 3.7668
328.4009 3.7637
328.4112 3.7606
328.4215 3.7575
328.4318 3.7544
328.4421 3.7513
328.4524 3.7482
328.4627 3.7451
328.4731 3.7420
328.4834 3.7389
328.4937 3.7358
328.5040 3.7327
328.5143 3.7296
328.5246 3.7265
328.5350 3.7234
328.5453 3.7203
328.5556 3.7173
328.5659 3.7142
328.5763 3.7111
328.5866 3.7080
328.5969 3.7049
328.6072 3.7019
328.6176 3.6988
328.6279 3.6957
328.6382 3.6926
328.6486 3.6895
328.6589 3.6865
328.6692 3.6834
328.6796 3.6803
328.6899 3.6773
328.7002 3.6742
328.7106 3.6711
328.7209 3.6681
328.7313 3.6650
328.7416 3.6619
328.7519 3.6589
328.7623 3.6558
328.7726 3.6527
328.7830 3.6497
328.7933 3.6466
328.8037 3.6436
328.8140 3.6405
328.8244 3.6375
328.8347 3.6344
328.8451 3.6314
328.8554 3.6283
328.8658 3.6253
328.8761 3.6222
328.8865 3.6192
328.8968 3.6161
328.9072 3.6131
328.9176 3.6100
328.9279 3.6070
328.9383 3.6040
328.9486 3.6009
328.9590 3.5979
328.9694 3.5948
328.9797 3.5918
328.9901 3.5888
329.0005 3.5857
329.0108 3.5827
329.0212 3.5797
329.0316 3.5767
329.0420 3.5736
329.0523 3.5706
329.0627 3.5676
329.0731 3.5645
329.0835 3.5615
329.0938 3.5585
329.1042 3.5555
329.1146 3.5525
329.1250 3.5494
329.1353 3.5464
329.1457 3.5434
329.1561 3.5404
329.1665 3.5374
329.1769 3.5344
329.1873 3.5314
329.1977 3.5284
329.2080 3.5254
329.2184 3.5223
329.2288 3.5193
329.2392 3.5163
329.2496 3.5133
329.2600 3.5103
329.2704 3.5073
329.2808 3.5043
329.2912 3.5013
329.3016 3.4983
329.3120 3.4953
329.3224 3.4923
329.3328 3.4894
329.3432 3.4864
329.3536 3.4834
329.3640 3.4804
329.3744 3.4774
329.3848 3.4744
329.3952 3.4714
329.4056 3.4684
329.4160 3.4655
329.4264 3.4625
329.4368 3.4595
329.4472 3.4565
329.4577 3.4535
329.4681 3.4506
329.4785 3.4476
329.4889 3.4446
329.4993 3.4416
329.5097 3.4387
329.5202 3.4357
329.5306 3.4327
329.5410 3.4298
329.5514 3.4268
329.5618 3.4238
329.5723 3.4209
329.5827 3.4179
329.5931 3.4149
329.6035 3.4120
329.6140 3.4090
329.6244 3.4061
329.6348 3.4031
329.6453 3.4002
329.6557 3.3972
329.6661 3.3942
329.6765 3.3913
329.6870 3.3883
329.6974 3.3854
329.7079 3.3824
329.7183 3.3795
329.7287 3.3766
329.7392 3.3736
329.7496 3.3707
329.7601 3.3677
329.7705 3.3648
329.7809 3.3618
329.7914 3.3589
329.8018 3.3560
329.8123 3.3530
329.8227 3.3501
329.8332 3.3472
329.8436 3.3442
329.8541 3.3413
329.8645 3.3384
329.8750 3.3355
329.8854 3.3325
329.8959 3.3296
329.9063 3.3267
329.9168 3.3238
329.9273 3.3208
329.9377 3.3179
329.9482 3.3150
329.9586 3.3121
329.9691 3.3092
329.9796 3.3062
329.9900 3.3033
330.0005 3.3004
330.0110 3.2975
330.0214 3.2946
330.0319 3.2917
330.0424 3.2888
330.0528 3.2859
330.0633 3.2830
330.0738 3.2801
330.0842 3.2772
330.0947 3.2743
330.1052 3.2714
330.1157 3.2685
330.1261 3.2656
330.1366 3.2627
330.1471 3.2598
330.1576 3.2569
330.1681 3.2540
330.1785 3.2511
330.1890 3.2482
330.1995 3.2453
330.2100 3.2424
330.2205 3.2395
330.2310 3.2367
330.2415 3.2338
330.2519 3.2309
330.2624 3.2280
330.2729 3.2251
330.2834 3.2223
330.2939 3.2194
330.3044 3.2165
330.3149 3.2136
330.3254 3.2108
330.3359 3.2079
330.3464 3.2050
330.3569 3.2021
330.3674 3.1993
330.3779 3.1964
330.3884 3.1935
330.3989 3.1907
330.4094 3.1878
330.4199 3.1850
330.4304 3.1821
330.4409 3.1792
330.4514 3.1764
330.4619 3.1735
330.4724 3.1707
330.4829 3.1678
330.4935 3.1650
330.5040 3.1621
330.5145 3.1592
330.5250 3.1564
330.5355 3.1536
330.5460 3.1507
330.5565 3.1479
330.5671 3.1450
330.5776 3.1422
330.5881 3.1393
330.5986 3.1365
330.6092 3.1337
330.6197 3.1308
330.6302 3.1280
330.6407 3.1251
330.6512 3.1223
330.6618 3.1195
330.6723 3.1166
330.6828 3.1138
330.6934 3.1110
330.7039 3.1082
330.7144 3.1053
330.7250 3.1025
330.7355 3.0997
330.7460 3.0969
330.7566 3.0940
330.7671 3.0912
330.7776 3.0884
330.7882 3.0856
330.7987 3.0828
330.8093 3.0800
330.8198 3.0771
330.8303 3.0743
330.8409 3.0715
330.8514 3.0687
330.8620 3.0659
330.8725 3.0631
330.8831 3.0603
330.8936 3.0575
330.9042 3.0547
330.9147 3.0519
330.9253 3.0491
330.9358 3.0463
330.9464 3.0435
330.9569 3.0407
330.9675 3.0379
330.9781 3.0351
330.9886 3.0323
330.9992 3.0295
331.0097 3.0267
331.0203 3.0239
331.0308 3.0211
331.0414 3.0183
331.0520 3.0156
331.0625 3.0128
331.0731 3.0100
331.0837 3.0072
331.0942 3.0044
331.1048 3.0017
331.1154 2.9989
331.1259 2.9961
331.1365 2.9933
331.1471 2.9905
331.1577 2.9878
331.1682 2.9850
331.1788 2.9822
331.1894 2.9795
331.2000 2.9767
331.2105 2.9739
331.2211 2.9712
331.2317 2.9684
331.2423 2.9656
331.2529 2.9629
331.2634 2.9601
331.2740 2.9574
331.2846 2.9546
331.2952 2.9518
331.3058 2.9491
331.3164 2.9463
331.3270 2.9436
331.3376 2.9408
331.3481 2.9381
331.3587 2.9353
331.3693 2.9326
331.3799 2.9298
331.3905 2.9271
331.4011 2.9244
331.4117 2.9216
331.4223 2.9189
331.4329 2.9161
331.4435 2.9134
331.4541 2.9107
331.4647 2.9079
331.4753 2.9052
331.4859 2.9025
331.4965 2.8997
331.5071 2.8970
331.5177 2.8943
331.5283 2.8915
331.5389 2.8888
331.5496 2.8861
331.5602 2.8834
331.5708 2.8806
331.5814 2.8779
331.5920 2.8752
331.6026 2.8725
331.6132 2.8698
331.6238 2.8670
331.6345 2.8643
331.6451 2.8616
331.6557 2.8589
331.6663 2.8562
331.6769 2.8535
331.6876 2.8508
331.6982 2.8481
331.7088 2.8454
331.7194 2.8427
331.7301 2.8400
331.7407 2.8373
331.7513 2.8346
331.7619 2.8319
331.7726 2.8292
331.7832 2.8265
331.7938 2.8238
331.8045 2.8211
331.8151 2.8184
331.8257 2.8157
331.8364 2.8130
331.8470 2.8103
331.8576 2.8076
331.8683 2.8049
331.8789 2.8022
331.8895 2.7996
331.9002 2.7969
331.9108 2.7942
331.9215 2.7915
331.9321 2.7888
331.9428 2.7862
331.9534 2.7835
331.9640 2.7808
331.9747 2.7781
331.9853 2.7755
331.9960 2.7728
332.0066 2.7701
332.0173 2.7675
332.0279 2.7648
332.0386 2.7621
332.0493 2.7595
332.0599 2.7568
332.0706 2.7541
332.0812 2.7515
332.0919 2.7488
332.1025 2.7462
332.1132 2.7435
332.1239 2.7408
332.1345 2.7382
332.1452 2.7355
332.1558 2.7329
332.1665 2.7302
332.1772 2.7276
332.1878 2.7249
332.1985 2.7223
332.2092 2.7196
332.2198 2.7170
332.2305 2.7144
332.2412 2.7117
332.2518 2.7091
332.2625 2.7064
332.2732 2.7038
332.2839 2.7012
332.2945 2.6985
332.3052 2.6959
332.3159 2.6933
332.3266 2.6906
332.3373 2.6880
332.3479 2.6854
332.3586 2.6828
332.3693 2.6801
332.3800 2.6775
332.3907 2.6749
332.4013 2.6723
332.4120 2.6696
332.4227 2.6670
332.4334 2.6644
332.4441 2.6618
332.4548 2.6592
332.4655 2.6566
332.4762 2.6539
332.4869 2.6513
332.4976 2.6487
332.5082 2.6461
332.5189 2.6435
332.5296 2.6409
332.5403 2.6383
332.5510 2.6357
332.5617 2.6331
332.5724 2.6305
332.5831 2.6279
332.5938 2.6253
332.6045 2.6227
332.6152 2.6201
332.6259 2.6175
332.6366 2.6149
332.6474 2.6123
332.6581 2.6097
332.6688 2.6071
332.6795 2.6046
332.6902 2.6020
332.7009 2.5994
332.7116 2.5968
332.7223 2.5942
332.7330 2.5916
332.7437 2.5891
332.7545 2.5865
332.7652 2.5839
332.7759 2.5813
332.7866 2.5788
332.7973 2.5762
332.8081 2.5736
332.8188 2.5710
332.8295 2.5685
332.8402 2.5659
332.8509 2.5633
332.8617 2.5608
332.8724 2.5582
332.8831 2.5556
332.8938 2.5531
332.9046 2.5505
332.9153 2.5480
332.9260 2.5454
332.9368 2.5428
332.9475 2.5403
332.9582 2.5377
332.9690 2.5352
332.9797 2.5326
332.9904 2.5301
333.0012 2.5275
333.0119 2.5250
333.0226 2.5224
333.0334 2.5199
333.0441 2.5174
333.0549 2.5148
333.0656 2.5123
333.0763 2.5097
333.0871 2.5072
333.0978 2.5047
333.1086 2.5021
333.1193 2.4996
333.1301 2.4971
333.1408 2.4945
333.1516 2.4920
333.1623 2.4895
333.1731 2.4869
333.1838 2.4844
333.1946 2.4819
333.2053 2.4794
333.2161 2.4768
333.2268 2.4743
333.2376 2.4718
333.2484 2.4693
333.2591 2.4668
333.2699 2.4642
333.2806 2.4617
333.2914 2.4592
333.3022 2.4567
333.3129 2.4542
333.3237 2.4517
333.3344 2.4492
333.3452 2.4467
333.3560 2.4442
333.3667 2.4417
333.3775 2.4392
333.3883 2.4367
333.3990 2.4342
333.4098 2.4317
333.4206 2.4292
333.4314 2.4267
333.4421 2.4242
333.4529 2.4217
333.4637 2.4192
333.4745 2.4167
333.4852 2.4142
333.4960 2.4117
333.5068 2.4092
333.5176 2.4067
333.5284 2.4043
333.5391 2.4018
333.5499 2.3993
333.5607 2.3968
333.5715 2.3943
333.5823 2.3919
333.5931 2.3894
333.6038 2.3869
333.6146 2.3844
333.6254 2.3820
333.6362 2.3795
333.6470 2.3770
333.6578 2.3746
333.6686 2.3721
333.6794 2.3696
333.6902 2.3672
333.7010 2.3647
333.7118 2.3622
333.7226 2.3598
333.7334 2.3573
333.7442 2.3549
333.7550 2.3524
333.7658 2.3499
333.7766 2.3475
333.7874 2.3450
333.7982 2.3426
333.8090 2.3401
333.8198 2.3377
333.8306 2.3352
333.8414 2.3328
333.8522 2.3304
333.8630 2.3279
333.8738 2.3255
333.8846 2.3230
333.8954 2.3206
333.9062 2.3182
333.9170 2.3157
333.9279 2.3133
333.9387 2.3108
333.9495 2.3084
333.9603 2.3060
333.9711 2.3036
333.9819 2.3011
333.9928 2.2987
334.0036 2.2963
334.0144 2.2938
334.0252 2.2914
334.0360 2.2890
334.0469 2.2866
334.0577 2.2842
334.0685 2.2817
334.0793 2.2793
334.0902 2.2769
334.1010 2.2745
334.1118 2.2721
334.1227 2.2697
334.1335 2.2673
334.1443 2.2649
334.1552 2.2624
334.1660 2.2600
334.1768 2.2576
334.1877 2.2552
334.1985 2.2528
334.2093 2.2504
334.2202 2.2480
334.2310 2.2456
334.2418 2.2432
334.2527 2.2408
334.2635 2.2384
334.2744 2.2361
334.2852 2.2337
334.2960 2.2313
334.3069 2.2289
334.3177 2.2265
334.3286 2.2241
334.3394 2.2217
334.3503 2.2193
334.3611 2.2170
334.3720 2.2146
334.3828 2.2122
334.3937 2.2098
334.4045 2.2074
334.4154 2.2051
334.4262 2.2027
334.4371 2.2003
334.4479 2.1979
334.4588 2.1956
334.4697 2.1932
334.4805 2.1908
334.4914 2.1885
334.5022 2.1861
334.5131 2.1837
334.5240 2.1814
334.5348 2.1790
334.5457 2.1767
334.5565 2.1743
334.5674 2.1719
334.5783 2.1696
334.5891 2.1672
334.6000 2.1649
334.6109 2.1625
334.6217 2.1602
334.6326 2.1578
334.6435 2.1555
334.6544 2.1531
334.6652 2.1508
334.6761 2.1484
334.6870 2.1461
334.6979 2.1438
334.7087 2.1414
334.7196 2.1391
334.7305 2.1367
334.7414 2.1344
334.7522 2.1321
334.7631 2.1297
334.7740 2.1274
334.7849 2.1251
334.7958 2.1227
334.8067 2.1204
334.8175 2.1181
334.8284 2.1158
334.8393 2.1134
334.8502 2.1111
334.8611 2.1088
334.8720 2.1065
334.8829 2.1042
334.8938 2.1018
334.9047 2.0995
334.9155 2.0972
334.9264 2.0949
334.9373 2.0926
334.9482 2.0903
334.9591 2.0880
334.9700 2.0857
334.9809 2.0834
334.9918 2.0811
335.0027 2.0787
335.0136 2.0764
335.0245 2.0741
335.0354 2.0718
335.0463 2.0695
335.0572 2.0672
335.0681 2.0650
335.0790 2.0627
335.0899 2.0604
335.1008 2.0581
335.1117 2.0558
335.1227 2.0535
335.1336 2.0512
335.1445 2.0489
335.1554 2.0466
335.1663 2.0443
335.1772 2.0421
335.1881 2.0398
335.1990 2.0375
335.2100 2.0352
335.2209 2.0329
335.2318 2.0307
335.2427 2.0284
335.2536 2.0261
335.2645 2.0239
335.2755 2.0216
335.2864 2.0193
335.2973 2.0170
335.3082 2.0148
335.3191 2.0125
335.3301 2.0102
335.3410 2.0080
335.3519 2.0057
335.3629 2.0035
335.3738 2.0012
335.3847 1.9989
335.3956 1.9967
335.4066 1.9944
335.4175 1.9922
335.4284 1.9899
335.4394 1.9877
335.4503 1.9854
335.4612 1.9832
335.4722 1.9809
335.4831 1.9787
335.4940 1.9765
335.5050 1.9742
335.5159 1.9720
335.5269 1.9697
335.5378 1.9675
335.5487 1.9653
335.5597 1.9630
335.5706 1.9608
335.5816 1.9585
335.5925 1.9563
335.6034 1.9541
335.6144 1.9519
335.6253 1.9496
335.6363 1.9474
335.6472 1.9452
335.6582 1.9430
335.6691 1.9407
335.6801 1.9385
335.6910 1.9363
335.7020 1.9341
335.7129 1.9319
335.7239 1.9296
335.7348 1.9274
335.7458 1.9252
335.7568 1.9230
335.7677 1.9208
335.7787 1.9186
335.7896 1.9164
335.8006 1.9142
335.8116 1.9120
335.8225 1.9098
335.8335 1.9076
335.8444 1.9054
335.8554 1.9032
335.8664 1.9010
335.8773 1.8988
335.8883 1.8966
335.8993 1.8944
335.9102 1.8922
335.9212 1.8900
335.9322 1.8878
335.9431 1.8856
335.9541 1.8834
335.9651 1.8812
335.9761 1.8790
335.9870 1.8769
335.9980 1.8747
336.0090 1.8725
336.0200 1.8703
336.0309 1.8681
336.0419 1.8660
336.0529 1.8638
336.0639 1.8616
336.0748 1.8594
336.0858 1.8573
336.0968 1.8551
336.1078 1.8529
336.1188 1.8508
336.1298 1.8486
336.1407 1.8464
336.1517 1.8443
336.1627 1.8421
336.1737 1.8399
336.1847 1.8378
336.1957 1.8356
336.2067 1.8335
336.2177 1.8313
336.2286 1.8292
336.2396 1.8270
336.2506 1.8249
336.2616 1.8227
336.2726 1.8206
336.2836 1.8184
336.2946 1.8163
336.3056 1.8141
336.3166 1.8120
336.3276 1.8098
336.3386 1.8077
336.3496 1.8056
336.3606 1.8034
336.3716 1.8013
336.3826 1.7991
336.3936 1.7970
336.4046 1.7949
336.4156 1.7927
336.4266 1.7906
336.4376 1.7885
336.4486 1.7864
336.4596 1.7842
336.4706 1.7821
336.4817 1.7800
336.4927 1.7779
336.5037 1.7757
336.5147 1.7736
336.5257 1.7715
336.5367 1.7694
336.5477 1.7673
336.5587 1.7652
336.5698 1.7630
336.5808 1.7609
336.5918 1.7588
336.6028 1.7567
336.6138 1.7546
336.6248 1.7525
336.6359 1.7504
336.6469 1.7483
336.6579 1.7462
336.6689 1.7441
336.6800 1.7420
336.6910 1.7399
336.7020 1.7378
336.7130 1.7357
336.7241 1.7336
336.7351 1.7315
336.7461 1.7294
336.7571 1.7273
336.7682 1.7253
336.7792 1.7232
336.7902 1.7211
336.8013 1.7190
336.8123 1.7169
336.8233 1.7148
336.8344 1.7128
336.8454 1.7107
336.8564 1.7086
336.8675 1.7065
336.8785 1.7044
336.8896 1.7024
336.9006 1.7003
336.9116 1.6982
336.9227 1.6962
336.9337 1.6941
336.9448 1.6920
336.9558 1.6900
336.9668 1.6879
336.9779 1.6858
336.9889 1.6838
337.0000 1.6817
337.0110 1.6797
337.0221 1.6776
337.0331 1.6755
337.0442 1.6735
337.0552 1.6714
337.0663 1.6694
337.0773 1.6673
337.0884 1.6653
337.0994 1.6632
337.1105 1.6612
337.1215 1.6591
337.1326 1.6571
337.1436 1.6551
337.1547 1.6530
337.1658 1.6510
337.1768 1.6489
337.1879 1.6469
337.1989 1.6449
337.2100 1.6428
337.2211 1.6408
337.2321 1.6388
337.2432 1.6367
337.2542 1.6347
337.2653 1.6327
337.2764 1.6306
337.2874 1.6286
337.2985 1.6266
337.3096 1.6246
337.3206 1.6226
337.3317 1.6205
337.3428 1.6185
337.3538 1.6165
337.3649 1.6145
337.3760 1.6125
337.3871 1.6105
337.3981 1.6084
337.4092 1.6064
337.4203 1.6044
337.4314 1.6024
337.4424 1.6004
337.4535 1.5984
337.4646 1.5964
337.4757 1.5944
337.4867 1.5924
337.4978 1.5904
337.5089 1.5884
337.5200 1.5864
337.5311 1.5844
337.5422 1.5824
337.5532 1.5804
337.5643 1.5784
337.5754 1.5764
337.5865 1.5745
337.5976 1.5725
337.6087 1.5705
337.6198 1.5685
337.6308 1.5665
337.6419 1.5645
337.6530 1.5625
337.6641 1.5606
337.6752 1.5586
337.6863 1.5566
337.6974 1.5546
337.7085 1.5527
337.7196 1.5507
337.7307 1.5487
337.7418 1.5468
337.7529 1.5448
337.7640 1.5428
337.7751 1.5409
337.7862 1.5389
337.7973 1.5369
337.8084 1.5350
337.8195 1.5330
337.8306 1.5310
337.8417 1.5291
337.8528 1.5271
337.8639 1.5252
337.8750 1.5232
337.8861 1.5213
337.8972 1.5193
337.9083 1.5174
337.9194 1.5154
337.9305 1.5135
337.9416 1.5115
337.9527 1.5096
337.9639 1.5076
337.9750 1.5057
337.9861 1.5038
337.9972 1.5018
338.0083 1.4999
338.0194 1.4979
338.0305 1.4960
338.0417 1.4941
338.0528 1.4921
338.0639 1.4902
338.0750 1.4883
338.0861 1.4864
338.0972 1.4844
338.1084 1.4825
338.1195 1.4806
338.1306 1.4787
338.1417 1.4767
338.1529 1.4748
338.1640 1.4729
338.1751 1.4710
338.1862 1.4691
338.1974 1.4671
338.2085 1.4652
338.2196 1.4633
338.2307 1.4614
338.2419 1.4595
338.2530 1.4576
338.2641 1.4557
338.2753 1.4538
338.2864 1.4519
338.2975 1.4500
338.3087 1.4481
338.3198 1.4462
338.3309 1.4443
338.3421 1.4424
338.3532 1.4405
338.3643 1.4386
338.3755 1.4367
338.3866 1.4348
338.3978 1.4329
338.4089 1.4310
338.4200 1.4291
338.4312 1.4273
338.4423 1.4254
338.4535 1.4235
338.4646 1.4216
338.4757 1.4197
338.4869 1.4178
338.4980 1.4160
338.5092 1.4141
338.5203 1.4122
338.5315 1.4103
338.5426 1.4085
338.5538 1.4066
338.5649 1.4047
338.5761 1.4029
338.5872 1.4010
338.5984 1.3991
338.6095 1.3973
338.6207 1.3954
338.6318 1.3935
338.6430 1.3917
338.6541 1.3898
338.6653 1.3880
338.6765 1.3861
338.6876 1.3842
338.6988 1.3824
338.7099 1.3805
338.7211 1.3787
338.7323 1.3768
338.7434 1.3750
338.7546 1.3731
338.7657 1.3713
338.7769 1.3694
338.7881 1.3676
338.7992 1.3658
338.8104 1.3639
338.8216 1.3621
338.8327 1.3602
338.8439 1.3584
338.8551 1.3566
338.8662 1.3547
338.8774 1.3529
338.8886 1.3511
338.8997 1.3492
338.9109 1.3474
338.9221 1.3456
338.9333 1.3438
338.9444 1.3419
338.9556 1.3401
338.9668 1.3383
338.9779 1.3365
338.9891 1.3347
339.0003 1.3328
339.0115 1.3310
339.0227 1.3292
339.0338 1.3274
339.0450 1.3256
339.0562 1.3238
339.0674 1.3220
339.0786 1.3202
339.0897 1.3183
339.1009 1.3165
339.1121 1.3147
339.1233 1.3129
339.1345 1.3111
339.1457 1.3093
339.1568 1.3075
339.1680 1.3057
339.1792 1.3039
339.1904 1.3021
339.2016 1.3004
339.2128 1.2986
339.2240 1.2968
339.2352 1.2950
339.2464 1.2932
339.2576 1.2914
339.2687 1.2896
339.2799 1.2878
339.2911 1.2861
339.3023 1.2843
339.3135 1.2825
339.3247 1.2807
339.3359 1.2789
339.3471 1.2772
339.3583 1.2754
339.3695 1.2736
339.3807 1.2718
339.3919 1.2701
339.4031 1.2683
339.4143 1.2665
339.4255 1.2648
339.4367 1.2630
339.4479 1.2612
339.4591 1.2595
339.4703 1.2577
339.4815 1.2560
339.4928 1.2542
339.5040 1.2524
339.5152 1.2507
339.5264 1.2489
339.5376 1.2472
339.5488 1.2454
339.5600 1.2437
339.5712 1.2419
339.5824 1.2402
339.5936 1.2384
339.6049 1.2367
339.6161 1.2350
339.6273 1.2332
339.6385 1.2315
339.6497 1.2297
339.6609 1.2280
339.6721 1.2263
339.6834 1.2245
339.6946 1.2228
339.7058 1.2211
339.7170 1.2193
339.7282 1.2176
339.7395 1.2159
339.7507 1.2141
339.7619 1.2124
339.7731 1.2107
339.7844 1.2090
339.7956 1.2072
339.8068 1.2055
339.8180 1.2038
339.8293 1.2021
339.8405 1.2004
339.8517 1.1987
339.8629 1.1969
339.8742 1.1952
339.8854 1.1935
339.8966 1.1918
339.9079 1.1901
339.9191 1.1884
339.9303 1.1867
339.9416 1.1850
339.9528 1.1833
339.9640 1.1816
339.9753 1.1799
339.9865 1.1782
339.9977 1.1765
340.0090 1.1748
340.0202 1.1731
340.0314 1.1714
340.0427 1.1697
340.0539 1.1680
340.0652 1.1663
340.0764 1.1646
340.0876 1.1629
340.0989 1.1613
340.1101 1.1596
340.1214 1.1579
340.1326 1.1562
340.1439 1.1545
340.1551 1.1529
340.1663 1.1512
340.1776 1.1495
340.1888 1.1478
340.2001 1.1462
340.2113 1.1445
340.2226 1.1428
340.2338 1.1411
340.2451 1.1395
340.2563 1.1378
340.2676 1.1361
340.2788 1.1345
340.2901 1.1328
340.3013 1.1311
340.3126 1.1295
340.3239 1.1278
340.3351 1.1262
340.3464 1.1245
340.3576 1.1229
340.3689 1.1212
340.3801 1.1196
340.3914 1.1179
340.4027 1.1163
340.4139 1.1146
340.4252 1.1130
340.4364 1.1113
340.4477 1.1097
340.4590 1.1080
340.4702 1.1064
340.4815 1.1048
340.4927 1.1031
340.5040 1.1015
340.5153 1.0998
340.5265 1.0982
340.5378 1.0966
340.5491 1.0949
340.5603 1.0933
340.5716 1.0917
340.5829 1.0901
340.5942 1.0884
340.6054 1.0868
340.6167 1.0852
340.6280 1.0836
340.6392 1.0819
340.6505 1.0803
340.6618 1.0787
340.6731 1.0771
340.6843 1.0755
340.6956 1.0738
340.7069 1.0722
340.7182 1.0706
340.7294 1.0690
340.7407 1.0674
340.7520 1.0658
340.7633 1.0642
340.7745 1.0626
340.7858 1.0610
340.7971 1.0594
340.8084 1.0578
340.8197 1.0562
340.8310 1.0546
340.8422 1.0530
340.8535 1.0514
340.8648 1.0498
340.8761 1.0482
340.8874 1.0466
340.8987 1.0450
340.9099 1.0434
340.9212 1.0418
340.9325 1.0403
340.9438 1.0387
340.9551 1.0371
340.9664 1.0355
340.9777 1.0339
340.9890 1.0323
341.0003 1.0308
341.0116 1.0292
341.0228 1.0276
341.0341 1.0260
341.0454 1.0245
341.0567 1.0229
341.0680 1.0213
341.0793 1.0198
341.0906 1.0182
341.1019 1.0166
341.1132 1.0151
341.1245 1.0135
341.1358 1.0119
341.1471 1.0104
341.1584 1.0088
341.1697 1.0073
341.1810 1.0057
341.1923 1.0041
341.2036 1.0026
341.2149 1.0010
341.2262 0.9995
341.2375 0.9979
341.2488 0.9964
341.2601 0.9948
341.2714 0.9933
341.2827 0.9917
341.2940 0.9902
341.3053 0.9887
341.3167 0.9871
341.3280 0.9856
341.3393 0.9840
341.3506 0.9825
341.3619 0.9810
341.3732 0.9794
341.3845 0.9779
341.3958 0.9764
341.4071 0.9748
341.4185 0.9733
341.4298 0.9718
341.4411 0.9703
341.4524 0.9687
341.4637 0.9672
341.4750 0.9657
341.4863 0.9642
341.4977 0.9626
341.5090 0.9611
341.5203 0.9596
341.5316 0.9581
341.5429 0.9566
341.5543 0.9551
341.5656 0.9536
341.5769 0.9520
341.5882 0.9505
341.5995 0.9490
341.6109 0.9475
341.6222 0.9460
341.6335 0.9445
341.6448 0.9430
341.6562 0.9415
341.6675 0.9400
341.6788 0.9385
341.6901 0.9370
341.7015 0.9355
341.7128 0.9340
341.7241 0.9325
341.7355 0.9310
341.7468 0.9296
341.7581 0.9281
341.7694 0.9266
341.7808 0.9251
341.7921 0.9236
341.8034 0.9221
341.8148 0.9206
341.8261 0.9192
341.8374 0.9177
341.8488 0.9162
341.8601 0.9147
341.8715 0.9133
341.8828 0.9118
341.8941 0.9103
341.9055 0.9088
341.9168 0.9074
341.9281 0.9059
341.9395 0.9044
341.9508 0.9030
341.9622 0.9015
341.9735 0.9000
341.9848 0.8986
341.9962 0.8971
342.0075 0.8957
342.0189 0.8942
342.0302 0.8927
342.0416 0.8913
342.0529 0.8898
342.0643 0.8884
342.0756 0.8869
342.0869 0.8855
342.0983 0.8840
342.1096 0.8826
342.1210 0.8811
342.1323 0.8797
342.1437 0.8782
342.1550 0.8768
342.1664 0.8754
342.1777 0.8739
342.1891 0.8725
342.2004 0.8710
342.2118 0.8696
342.2232 0.8682
342.2345 0.8667
342.2459 0.8653
342.2572 0.8639
342.2686 0.8625
342.2799 0.8610
342.2913 0.8596
342.3026 0.8582
342.3140 0.8567
342.3254 0.8553
342.3367 0.8539
342.3481 0.8525
342.3594 0.8511
342.3708 0.8497
342.3822 0.8482
342.3935 0.8468
342.4049 0.8454
342.4162 0.8440
342.4276 0.8426
342.4390 0.8412
342.4503 0.8398
342.4617 0.8384
342.4731 0.8370
342.4844 0.8356
342.4958 0.8342
342.5072 0.8328
342.5185 0.8314
342.5299 0.8300
342.5413 0.8286
342.5526 0.8272
342.5640 0.8258
342.5754 0.8244
342.5867 0.8230
342.5981 0.8216
342.6095 0.8202
342.6209 0.8188
342.6322 0.8174
342.6436 0.8160
342.6550 0.8147
342.6664 0.8133
342.6777 0.8119
342.6891 0.8105
342.7005 0.8091
342.7119 0.8078
342.7232 0.8064
342.7346 0.8050
342.7460 0.8036
342.7574 0.8023
342.7687 0.8009
342.7801 0.7995
342.7915 0.7982
342.8029 0.7968
342.8143 0.7954
342.8256 0.7941
342.8370 0.7927
342.8484 0.7913
342.8598 0.7900
342.8712 0.7886
342.8826 0.7873
342.8940 0.7859
342.9053 0.7845
342.9167 0.7832
342.9281 0.7818
342.9395 0.7805
342.9509 0.7791
342.9623 0.7778
342.9737 0.7764
342.9850 0.7751
342.9964 0.7738
343.0078 0.7724
343.0192 0.7711
343.0306 0.7697
343.0420 0.7684
343.0534 0.7671
343.0648 0.7657
343.0762 0.7644
343.0876 0.7630
343.0990 0.7617
343.1104 0.7604
343.1218 0.7591
343.1331 0.7577
343.1445 0.7564
343.1559 0.7551
343.1673 0.7537
343.1787 0.7524
343.1901 0.7511
343.2015 0.7498
343.2129 0.7485
343.2243 0.7471
343.2357 0.7458
343.2471 0.7445
343.2585 0.7432
343.2699 0.7419
343.2813 0.7406
343.2927 0.7393
343.3041 0.7380
343.3155 0.7366
343.3269 0.7353
343.3384 0.7340
343.3498 0.7327
343.3612 0.7314
343.3726 0.7301
343.3840 0.7288
343.3954 0.7275
343.4068 0.7262
343.4182 0.7249
343.4296 0.7236
343.4410 0.7223
343.4524 0.7211
343.4638 0.7198
343.4752 0.7185
343.4867 0.7172
343.4981 0.7159
343.5095 0.7146
343.5209 0.7133
343.5323 0.7120
343.5437 0.7108
343.5551 0.7095
343.5665 0.7082
343.5780 0.7069
343.5894 0.7057
343.6008 0.7044
343.6122 0.7031
343.6236 0.7018
343.6350 0.7006
343.6465 0.6993
343.6579 0.6980
343.6693 0.6968
343.6807 0.6955
343.6921 0.6942
343.7036 0.6930
343.7150 0.6917
343.7264 0.6904
343.7378 0.6892
343.7492 0.6879
343.7607 0.6867
343.7721 0.6854
343.7835 0.6842
343.7949 0.6829
343.8064 0.6817
343.8178 0.6804
343.8292 0.6792
343.8406 0.6779
343.8521 0.6767
343.8635 0.6754
343.8749 0.6742
343.8863 0.6729
343.8978 0.6717
343.9092 0.6705
343.9206 0.6692
343.9321 0.6680
343.9435 0.6667
343.9549 0.6655
343.9663 0.6643
343.9778 0.6630
343.9892 0.6618
344.0006 0.6606
344.0121 0.6594
344.0235 0.6581
344.0349 0.6569
344.0464 0.6557
344.0578 0.6545
344.0692 0.6532
344.0807 0.6520
344.0921 0.6508
344.1036 0.6496
344.1150 0.6484
344.1264 0.6471
344.1379 0.6459
344.1493 0.6447
344.1607 0.6435
344.1722 0.6423
344.1836 0.6411
344.1951 0.6399
344.2065 0.6387
344.2179 0.6375
344.2294 0.6363
344.2408 0.6351
344.2523 0.6339
344.2637 0.6327
344.2752 0.6315
344.2866 0.6303
344.2980 0.6291
344.3095 0.6279
344.3209 0.6267
344.3324 0.6255
344.3438 0.6243
344.3553 0.6231
344.3667 0.6219
344.3782 0.6207
344.3896 0.6196
344.4011 0.6184
344.4125 0.6172
344.4240 0.6160
344.4354 0.6148
344.4469 0.6137
344.4583 0.6125
344.4698 0.6113
344.4812 0.6101
344.4927 0.6090
344.5041 0.6078
344.5156 0.6066
344.5270 0.6054
344.5385 0.6043
344.5499 0.6031
344.5614 0.6019
344.5729 0.6008
344.5843 0.5996
344.5958 0.5985
344.6072 0.5973
344.6187 0.5961
344.6301 0.5950
344.6416 0.5938
344.6531 0.5927
344.6645 0.5915
344.6760 0.5904
344.6874 0.5892
344.6989 0.5881
344.7103 0.5869
344.7218 0.5858
344.7333 0.5846
344.7447 0.5835
344.7562 0.5823
344.7677 0.5812
344.7791 0.5800
344.7906 0.5789
344.8020 0.5778
344.8135 0.5766
344.8250 0.5755
344.8364 0.5744
344.8479 0.5732
344.8594 0.5721
344.8708 0.5710
344.8823 0.5698
344.8938 0.5687
344.9052 0.5676
344.9167 0.5664
344.9282 0.5653
344.9397 0.5642
344.9511 0.5631
344.9626 0.5620
344.9741 0.5608
344.9855 0.5597
344.9970 0.5586
345.0085 0.5575
345.0199 0.5564
345.0314 0.5553
345.0429 0.5541
345.0544 0.5530
345.0658 0.5519
345.0773 0.5508
345.0888 0.5497
345.1003 0.5486
345.1117 0.5475
345.1232 0.5464
345.1347 0.5453
345.1462 0.5442
345.1576 0.5431
345.1691 0.5420
345.1806 0.5409
345.1921 0.5398
345.2036 0.5387
345.2150 0.5376
345.2265 0.5365
345.2380 0.5354
345.2495 0.5344
345.2610 0.5333
345.2724 0.5322
345.2839 0.5311
345.2954 0.5300
345.3069 0.5289
345.3184 0.5278
345.3299 0.5268
345.3413 0.5257
345.3528 0.5246
345.3643 0.5235
345.3758 0.5225
345.3873 0.5214
345.3988 0.5203
345.4103 0.5192
345.4217 0.5182
345.4332 0.5171
345.4447 0.5160
345.4562 0.5150
345.4677 0.5139
345.4792 0.5128
345.4907 0.5118
345.5022 0.5107
345.5136 0.5097
345.5251 0.5086
345.5366 0.5075
345.5481 0.5065
345.5596 0.5054
345.5711 0.5044
345.5826 0.5033
345.5941 0.5023
345.6056 0.5012
345.6171 0.5002
345.6286 0.4991
345.6401 0.4981
345.6516 0.4970
345.6631 0.4960
345.6745 0.4950
345.6860 0.4939
345.6975 0.4929
345.7090 0.4918
345.7205 0.4908
345.7320 0.4898
345.7435 0.4887
345.7550 0.4877
345.7665 0.4867
345.7780 0.4856
345.7895 0.4846
345.8010 0.4836
345.8125 0.4826
345.8240 0.4815
345.8355 0.4805
345.8470 0.4795
345.8585 0.4785
345.8700 0.4774
345.8815 0.4764
345.8930 0.4754
345.9045 0.4744
345.9160 0.4734
345.9275 0.4724
345.9391 0.4713
345.9506 0.4703
345.9621 0.4693
345.9736 0.4683
345.9851 0.4673
345.9966 0.4663
346.0081 0.4653
346.0196 0.4643
346.0311 0.4633
346.0426 0.4623
346.0541 0.4613
346.0656 0.4603
346.0771 0.4593
346.0886 0.4583
346.1002 0.4573
346.1117 0.4563
346.1232 0.4553
346.1347 0.4543
346.1462 0.4533
346.1577 0.4523
346.1692 0.4513
346.1807 0.4504
346.1922 0.4494
346.2038 0.4484
346.2153 0.4474
346.2268 0.4464
346.2383 0.4454
346.2498 0.4445
346.2613 0.4435
346.2728 0.4425
346.2844 0.4415
346.2959 0.4406
346.3074 0.4396
346.3189 0.4386
346.3304 0.4376
346.3419 0.4367
346.3535 0.4357
346.3650 0.4347
346.3765 0.4338
346.3880 0.4328
346.3995 0.4319
346.4111 0.4309
346.4226 0.4299
346.4341 0.4290
346.4456 0.4280
346.4571 0.4271
346.4687 0.4261
346.4802 0.4251
346.4917 0.4242
346.5032 0.4232
346.5147 0.4223
346.5263 0.4213
346.5378 0.4204
346.5493 0.4194
346.5608 0.4185
346.5724 0.4176
346.5839 0.4166
346.5954 0.4157
346.6069 0.4147
346.6185 0.4138
346.6300 0.4129
346.6415 0.4119
346.6531 0.4110
346.6646 0.4100
346.6761 0.4091
346.6876 0.4082
346.6992 0.4073
346.7107 0.4063
346.7222 0.4054
346.7338 0.4045
346.7453 0.4035
346.7568 0.4026
346.7683 0.4017
346.7799 0.4008
346.7914 0.3999
346.8029 0.3989
346.8145 0.3980
346.8260 0.3971
346.8375 0.3962
346.8491 0.3953
346.8606 0.3944
346.8721 0.3934
346.8837 0.3925
346.8952 0.3916
346.9067 0.3907
346.9183 0.3898
346.9298 0.3889
346.9413 0.3880
346.9529 0.3871
346.9644 0.3862
346.9760 0.3853
346.9875 0.3844
346.9990 0.3835
347.0106 0.3826
347.0221 0.3817
347.0336 0.3808
347.0452 0.3799
347.0567 0.3790
347.0683 0.3781
347.0798 0.3772
347.0913 0.3763
347.1029 0.3755
347.1144 0.3746
347.1260 0.3737
347.1375 0.3728
347.1490 0.3719
347.1606 0.3710
347.1721 0.3702
347.1837 0.3693
347.1952 0.3684
347.2068 0.3675
347.2183 0.3666
347.2298 0.3658
347.2414 0.3649
347.2529 0.3640
347.2645 0.3632
347.2760 0.3623
347.2876 0.3614
347.2991 0.3606
347.3107 0.3597
347.3222 0.3588
347.3338 0.3580
347.3453 0.3571
347.3569 0.3562
347.3684 0.3554
347.3800 0.3545
347.3915 0.3537
347.4031 0.3528
347.4146 0.3520
347.4262 0.3511
347.4377 0.3502
347.4493 0.3494
347.4608 0.3485
347.4724 0.3477
347.4839 0.3468
347.4955 0.3460
347.5070 0.3452
347.5186 0.3443
347.5301 0.3435
347.5417 0.3426
347.5532 0.3418
347.5648 0.3410
347.5763 0.3401
347.5879 0.3393
347.5994 0.3384
347.6110 0.3376
347.6225 0.3368
347.6341 0.3359
347.6457 0.3351
347.6572 0.3343
347.6688 0.3335
347.6803 0.3326
347.6919 0.3318
347.7034 0.3310
347.7150 0.3302
347.7266 0.3293
347.7381 0.3285
347.7497 0.3277
347.7612 0.3269
347.7728 0.3261
347.7844 0.3252
347.7959 0.3244
347.8075 0.3236
347.8190 0.3228
347.8306 0.3220
347.8422 0.3212
347.8537 0.3204
347.8653 0.3196
347.8768 0.3188
347.8884 0.3179
347.9000 0.3171
347.9115 0.3163
347.9231 0.3155
347.9347 0.3147
347.9462 0.3139
347.9578 0.3131
347.9693 0.3123
347.9809 0.3115
347.9925 0.3108
348.0040 0.3100
348.0156 0.3092
348.0272 0.3084
348.0387 0.3076
348.0503 0.3068
348.0619 0.3060
348.0734 0.3052
348.0850 0.3044
348.0966 0.3037
348.1081 0.3029
348.1197 0.3021
348.1313 0.3013
348.1428 0.3005
348.1544 0.2998
348.1660 0.2990
348.1776 0.2982
348.1891 0.2974
348.2007 0.2967
348.2123 0.2959
348.2238 0.2951
348.2354 0.2943
348.2470 0.2936
348.2585 0.2928
348.2701 0.2920
348.2817 0.2913
348.2933 0.2905
348.3048 0.2897
348.3164 0.2890
348.3280 0.2882
348.3396 0.2875
348.3511 0.2867
348.3627 0.2860
348.3743 0.2852
348.3859 0.2844
348.3974 0.2837
348.4090 0.2829
348.4206 0.2822
348.4322 0.2814
348.4437 0.2807
348.4553 0.2799
348.4669 0.2792
348.4785 0.2784
348.4900 0.2777
348.5016 0.2770
348.5132 0.2762
348.5248 0.2755
348.5363 0.2747
348.5479 0.2740
348.5595 0.2733
348.5711 0.2725
348.5827 0.2718
348.5942 0.2711
348.6058 0.2703
348.6174 0.2696
348.6290 0.2689
348.6406 0.2681
348.6521 0.2674
348.6637 0.2667
348.6753 0.2660
348.6869 0.2652
348.6985 0.2645
348.7101 0.2638
348.7216 0.2631
348.7332 0.2624
348.7448 0.2616
348.7564 0.2609
348.7680 0.2602
348.7796 0.2595
348.7911 0.2588
348.8027 0.2581
348.8143 0.2574
348.8259 0.2566
348.8375 0.2559
348.8491 0.2552
348.8606 0.2545
348.8722 0.2538
348.8838 0.2531
348.8954 0.2524
348.9070 0.2517
348.9186 0.2510
348.9302 0.2503
348.9418 0.2496
348.9533 0.2489
348.9649 0.2482
348.9765 0.2475
348.9881 0.2468
348.9997 0.2461
349.0113 0.2454
349.0229 0.2448
349.0345 0.2441
349.0461 0.2434
349.0576 0.2427
349.0692 0.2420
349.0808 0.2413
349.0924 0.2406
349.1040 0.2400
349.1156 0.2393
349.1272 0.2386
349.1388 0.2379
349.1504 0.2372
349.1620 0.2366
349.1736 0.2359
349.1852 0.2352
349.1967 0.2345
349.2083 0.2339
349.2199 0.2332
349.2315 0.2325
349.2431 0.2319
349.2547 0.2312
349.2663 0.2305
349.2779 0.2299
349.2895 0.2292
349.3011 0.2285
349.3127 0.2279
349.3243 0.2272
349.3359 0.2265
349.3475 0.2259
349.3591 0.2252
349.3707 0.2246
349.3823 0.2239
349.3939 0.2233
349.4055 0.2226
349.4171 0.2220
349.4287 0.2213
349.4403 0.2207
349.4519 0.2200
349.4635 0.2194
349.4751 0.2187
349.4866 0.2181
349.4982 0.2174
349.5098 0.2168
349.5214 0.2162
349.5330 0.2155
349.5446 0.2149
349.5562 0.2142
349.5679 0.2136
349.5795 0.2130
349.5911 0.2123
349.6027 0.2117
349.6143 0.2111
349.6259 0.2104
349.6375 0.2098
349.6491 0.2092
349.6607 0.2085
349.6723 0.2079
349.6839 0.2073
349.6955 0.2067
349.7071 0.2060
349.7187 0.2054
349.7303 0.2048
349.7419 0.2042
349.7535 0.2036
349.7651 0.2029
349.7767 0.2023
349.7883 0.2017
349.7999 0.2011
349.8115 0.2005
349.8231 0.1999
349.8347 0.1993
349.8463 0.1987
349.8579 0.1980
349.8696 0.1974
349.8812 0.1968
349.8928 0.1962
349.9044 0.1956
349.9160 0.1950
349.9276 0.1944
349.9392 0.1938
349.9508 0.1932
349.9624 0.1926
349.9740 0.1920
349.9856 0.1914
349.9972 0.1908
350.0089 0.1902
350.0205 0.1896
350.0321 0.1891
350.0437 0.1885
350.0553 0.1879
350.0669 0.1873
350.0785 0.1867
350.0901 0.1861
350.1017 0.1855
350.1133 0.1849
350.1250 0.1844
350.1366 0.1838
350.1482 0.1832
350.1598 0.1826
350.1714 0.1820
350.1830 0.1815
350.1946 0.1809
350.2062 0.1803
350.2179 0.1797
350.2295 0.1792
350.2411 0.1786
350.2527 0.1780
350.2643 0.1774
350.2759 0.1769
350.2875 0.1763
350.2992 0.1757
350.3108 0.1752
350.3224 0.1746
350.3340 0.1740
350.3456 0.1735
350.3572 0.1729
350.3689 0.1724
350.3805 0.1718
350.3921 0.1712
350.4037 0.1707
350.4153 0.1701
350.4269 0.1696
350.4386 0.1690
350.4502 0.1685
350.4618 0.1679
350.4734 0.1674
350.4850 0.1668
350.4966 0.1663
350.5083 0.1657
350.5199 0.1652
350.5315 0.1646
350.5431 0.1641
350.5547 0.1635
350.5664 0.1630
350.5780 0.1625
350.5896 0.1619
350.6012 0.1614
350.6128 0.1608
350.6245 0.1603
350.6361 0.1598
350.6477 0.1592
350.6593 0.1587
350.6709 0.1582
350.6826 0.1576
350.6942 0.1571
350.7058 0.1566
350.7174 0.1561
350.7290 0.1555
350.7407 0.1550
350.7523 0.1545
350.7639 0.1540
350.7755 0.1534
350.7872 0.1529
350.7988 0.1524
350.8104 0.1519
350.8220 0.1514
350.8337 0.1508
350.8453 0.1503
350.8569 0.1498
350.8685 0.1493
350.8802 0.1488
350.8918 0.1483
350.9034 0.1478
350.9150 0.1472
350.9267 0.1467
350.9383 0.1462
350.9499 0.1457
350.9615 0.1452
350.9732 0.1447
350.9848 0.1442
350.9964 0.1437
351.0080 0.1432
351.0197 0.1427
351.0313 0.1422
351.0429 0.1417
351.0545 0.1412
351.0662 0.1407
351.0778 0.1402
351.0894 0.1397
351.1010 0.1392
351.1127 0.1387
351.1243 0.1383
351.1359 0.1378
351.1476 0.1373
351.1592 0.1368
351.1708 0.1363
351.1824 0.1358
351.1941 0.1353
351.2057 0.1348
351.2173 0.1344
351.2290 0.1339
351.2406 0.1334
351.2522 0.1329
351.2639 0.1324
351.2755 0.1320
351.2871 0.1315
351.2987 0.1310
351.3104 0.1305
351.3220 0.1301
351.3336 0.1296
351.3453 0.1291
351.3569 0.1287
351.3685 0.1282
351.3802 0.1277
351.3918 0.1272
351.4034 0.1268
351.4151 0.1263
351.4267 0.1259
351.4383 0.1254
351.4500 0.1249
351.4616 0.1245
351.4732 0.1240
351.4849 0.1236
351.4965 0.1231
351.5081 0.1226
351.5198 0.1222
351.5314 0.1217
351.5430 0.1213
351.5547 0.1208
351.5663 0.1204
351.5779 0.1199
351.5896 0.1195
351.6012 0.1190
351.6128 0.1186
351.6245 0.1181
351.6361 0.1177
351.6477 0.1172
351.6594 0.1168
351.6710 0.1164
351.6827 0.1159
351.6943 0.1155
351.7059 0.1150
351.7176 0.1146
351.7292 0.1142
351.7408 0.1137
351.7525 0.1133
351.7641 0.1129
351.7757 0.1124
351.7874 0.1120
351.7990 0.1116
351.8107 0.1111
351.8223 0.1107
351.8339 0.1103
351.8456 0.1098
351.8572 0.1094
351.8689 0.1090
351.8805 0.1086
351.8921 0.1081
351.9038 0.1077
351.9154 0.1073
351.9270 0.1069
351.9387 0.1065
351.9503 0.1060
351.9620 0.1056
351.9736 0.1052
351.9852 0.1048
351.9969 0.1044
352.0085 0.1040
352.0202 0.1036
352.0318 0.1031
352.0435 0.1027
352.0551 0.1023
352.0667 0.1019
352.0784 0.1015
352.0900 0.1011
352.1017 0.1007
352.1133 0.1003
352.1249 0.0999
352.1366 0.0995
352.1482 0.0991
352.1599 0.0987
352.1715 0.0983
352.1832 0.0979
352.1948 0.0975
352.2064 0.0971
352.2181 0.0967
352.2297 0.0963
352.2414 0.0959
352.2530 0.0955
352.2647 0.0951
352.2763 0.0947
352.2879 0.0944
352.2996 0.0940
352.3112 0.0936
352.3229 0.0932
352.3345 0.0928
352.3462 0.0924
352.3578 0.0920
352.3695 0.0917
352.3811 0.0913
352.3927 0.0909
352.4044 0.0905
352.4160 0.0901
352.4277 0.0898
352.4393 0.0894
352.4510 0.0890
352.4626 0.0886
352.4743 0.0883
352.4859 0.0879
352.4976 0.0875
352.5092 0.0871
352.5209 0.0868
352.5325 0.0864
352.5441 0.0860
352.5558 0.0857
352.5674 0.0853
352.5791 0.0849
352.5907 0.0846
352.6024 0.0842
352.6140 0.0838
352.6257 0.0835
352.6373 0.0831
352.6490 0.0828
352.6606 0.0824
352.6723 0.0820
352.6839 0.0817
352.6956 0.0813
352.7072 0.0810
352.7189 0.0806
352.7305 0.0803
352.7422 0.0799
352.7538 0.0796
352.7655 0.0792
352.7771 0.0789
352.7888 0.0785
352.8004 0.0782
352.8121 0.0778
352.8237 0.0775
352.8354 0.0771
352.8470 0.0768
352.8587 0.0764
352.8703 0.0761
352.8820 0.0758
352.8936 0.0754
352.9053 0.0751
352.9169 0.0747
352.9286 0.0744
352.9402 0.0741
352.9519 0.0737
352.9635 0.0734
352.9752 0.0731
352.9868 0.0727
352.9985 0.0724
353.0101 0.0721
353.0218 0.0717
353.0334 0.0714
353.0451 0.0711
353.0567 0.0708
353.0684 0.0704
353.0800 0.0701
353.0917 0.0698
353.1033 0.0695
353.1150 0.0691
353.1266 0.0688
353.1383 0.0685
353.1500 0.0682
353.1616 0.0679
353.1733 0.0675
353.1849 0.0672
353.1966 0.0669
353.2082 0.0666
353.2199 0.0663
353.2315 0.0660
353.2432 0.0657
353.2548 0.0653
353.2665 0.0650
353.2781 0.0647
353.2898 0.0644
353.3014 0.0641
353.3131 0.0638
353.3248 0.0635
353.3364 0.0632
353.3481 0.0629
353.3597 0.0626
353.3714 0.0623
353.3830 0.0620
353.3947 0.0617
353.4063 0.0614
353.4180 0.0611
353.4297 0.0608
353.4413 0.0605
353.4530 0.0602
353.4646 0.0599
353.4763 0.0596
353.4879 0.0593
353.4996 0.0590
353.5112 0.0587
353.5229 0.0584
353.5346 0.0581
353.5462 0.0579
353.5579 0.0576
353.5695 0.0573
353.5812 0.0570
353.5928 0.0567
353.6045 0.0564
353.6162 0.0561
353.6278 0.0559
353.6395 0.0556
353.6511 0.0553
353.6628 0.0550
353.6744 0.0547
353.6861 0.0545
353.6978 0.0542
353.7094 0.0539
353.7211 0.0536
353.7327 0.0534
353.7444 0.0531
353.7560 0.0528
353.7677 0.0525
353.7794 0.0523
353.7910 0.0520
353.8027 0.0517
353.8143 0.0515
353.8260 0.0512
353.8377 0.0509
353.8493 0.0507
353.8610 0.0504
353.8726 0.0501
353.8843 0.0499
353.8960 0.0496
353.9076 0.0493
353.9193 0.0491
353.9309 0.0488
353.9426 0.0486
353.9542 0.0483
353.9659 0.0480
353.9776 0.0478
353.9892 0.0475
354.0009 0.0473
354.0125 0.0470
354.0242 0.0468
354.0359 0.0465
354.0475 0.0463
354.0592 0.0460
354.0708 0.0458
354.0825 0.0455
354.0942 0.0453
354.1058 0.0450
354.1175 0.0448
354.1292 0.0445
354.1408 0.0443
354.1525 0.0440
354.1641 0.0438
354.1758 0.0436
354.1875 0.0433
354.1991 0.0431
354.2108 0.0428
354.2224 0.0426
354.2341 0.0424
354.2458 0.0421
354.2574 0.0419
354.2691 0.0416
354.2808 0.0414
354.2924 0.0412
354.3041 0.0409
354.3157 0.0407
354.3274 0.0405
354.3391 0.0402
354.3507 0.0400
354.3624 0.0398
354.3741 0.0396
354.3857 0.0393
354.3974 0.0391
354.4090 0.0389
354.4207 0.0387
354.4324 0.0384
354.4440 0.0382
354.4557 0.0380
354.4674 0.0378
354.4790 0.0375
354.4907 0.0373
354.5023 0.0371
354.5140 0.0369
354.5257 0.0367
354.5373 0.0364
354.5490 0.0362
354.5607 0.0360
354.5723 0.0358
354.5840 0.0356
354.5957 0.0354
354.6073 0.0352
354.6190 0.0349
354.6307 0.0347
354.6423 0.0345
354.6540 0.0343
354.6656 0.0341
354.6773 0.0339
354.6890 0.0337
354.7006 0.0335
354.7123 0.0333
354.7240 0.0331
354.7356 0.0329
354.7473 0.0327
354.7590 0.0325
354.7706 0.0323
354.7823 0.0321
354.7940 0.0319
354.8056 0.0317
354.8173 0.0315
354.8290 0.0313
354.8406 0.0311
354.8523 0.0309
354.8640 0.0307
354.8756 0.0305
354.8873 0.0303
354.8990 0.0301
354.9106 0.0299
354.9223 0.0297
354.9340 0.0295
354.9456 0.0293
354.9573 0.0292
354.9689 0.0290
354.9806 0.0288
354.9923 0.0286
355.0039 0.0284
355.0156 0.0282
355.0273 0.0280
355.0389 0.0279
355.0506 0.0277
355.0623 0.0275
355.0739 0.0273
355.0856 0.0271
355.0973 0.0270
355.1090 0.0268
355.1206 0.0266
355.1323 0.0264
355.1440 0.0262
355.1556 0.0261
355.1673 0.0259
355.1790 0.0257
355.1906 0.0255
355.2023 0.0254
355.2140 0.0252
355.2256 0.0250
355.2373 0.0248
355.2490 0.0247
355.2606 0.0245
355.2723 0.0243
355.2840 0.0242
355.2956 0.0240
355.3073 0.0238
355.3190 0.0237
355.3306 0.0235
355.3423 0.0233
355.3540 0.0232
355.3656 0.0230
355.3773 0.0229
355.3890 0.0227
355.4006 0.0225
355.4123 0.0224
355.4240 0.0222
355.4357 0.0221
355.4473 0.0219
355.4590 0.0217
355.4707 0.0216
355.4823 0.0214
355.4940 0.0213
355.5057 0.0211
355.5173 0.0210
355.5290 0.0208
355.5407 0.0207
355.5523 0.0205
355.5640 0.0204
355.5757 0.0202
355.5873 0.0201
355.5990 0.0199
355.6107 0.0198
355.6224 0.0196
355.6340 0.0195
355.6457 0.0193
355.6574 0.0192
355.6690 0.0190
355.6807 0.0189
355.6924 0.0187
355.7040 0.0186
355.7157 0.0185
355.7274 0.0183
355.7390 0.0182
355.7507 0.0180
355.7624 0.0179
355.7741 0.0178
355.7857 0.0176
355.7974 0.0175
355.8091 0.0173
355.8207 0.0172
355.8324 0.0171
355.8441 0.0169
355.8557 0.0168
355.8674 0.0167
355.8791 0.0165
355.8908 0.0164
355.9024 0.0163
355.9141 0.0161
355.9258 0.0160
355.9374 0.0159
355.9491 0.0158
355.9608 0.0156
355.9724 0.0155
355.9841 0.0154
355.9958 0.0152
356.0075 0.0151
356.0191 0.0150
356.0308 0.0149
356.0425 0.0148
356.0541 0.0146
356.0658 0.0145
356.0775 0.0144
356.0892 0.0143
356.1008 0.0141
356.1125 0.0140
356.1242 0.0139
356.1358 0.0138
356.1475 0.0137
356.1592 0.0136
356.1709 0.0134
356.1825 0.0133
356.1942 0.0132
356.2059 0.0131
356.2175 0.0130
356.2292 0.0129
356.2409 0.0128
356.2525 0.0126
356.2642 0.0125
356.2759 0.0124
356.2876 0.0123
356.2992 0.0122
356.3109 0.0121
356.3226 0.0120
356.3342 0.0119
356.3459 0.0118
356.3576 0.0117
356.3693 0.0116
356.3809 0.0115
356.3926 0.0113
356.4043 0.0112
356.4160 0.0111
356.4276 0.0110
356.4393 0.0109
356.4510 0.0108
356.4626 0.0107
356.4743 0.0106
356.4860 0.0105
356.4977 0.0104
356.5093 0.0103
356.5210 0.0102
356.5327 0.0101
356.5443 0.0100
356.5560 0.0100
356.5677 0.0099
356.5794 0.0098
356.5910 0.0097
356.6027 0.0096
356.6144 0.0095
356.6261 0.0094
356.6377 0.0093
356.6494 0.0092
356.6611 0.0091
356.6727 0.0090
356.6844 0.0089
356.6961 0.0088
356.7078 0.0088
356.7194 0.0087
356.7311 0.0086
356.7428 0.0085
356.7545 0.0084
356.7661 0.0083
356.7778 0.0082
356.7895 0.0082
356.8011 0.0081
356.8128 0.0080
356.8245 0.0079
356.8362 0.0078
356.8478 0.0077
356.8595 0.0077
356.8712 0.0076
356.8829 0.0075
356.8945 0.0074
356.9062 0.0073
356.9179 0.0073
356.9296 0.0072
356.9412 0.0071
356.9529 0.0070
356.9646 0.0070
356.9762 0.0069
356.9879 0.0068
356.9996 0.0067
357.0113 0.0067
357.0229 0.0066
357.0346 0.0065
357.0463 0.0064
357.0580 0.0064
357.0696 0.0063
357.0813 0.0062
357.0930 0.0061
357.1047 0.0061
357.1163 0.0060
357.1280 0.0059
357.1397 0.0059
357.1513 0.0058
357.1630 0.0057
357.1747 0.0057
357.1864 0.0056
357.1980 0.0055
357.2097 0.0055
357.2214 0.0054
357.2331 0.0053
357.2447 0.0053
357.2564 0.0052
357.2681 0.0051
357.2798 0.0051
357.2914 0.0050
357.3031 0.0050
357.3148 0.0049
357.3265 0.0048
357.3381 0.0048
357.3498 0.0047
357.3615 0.0047
357.3732 0.0046
357.3848 0.0045
357.3965 0.0045
357.4082 0.0044
357.4199 0.0044
357.4315 0.0043
357.4432 0.0043
357.4549 0.0042
357.4665 0.0041
357.4782 0.0041
357.4899 0.0040
357.5016 0.0040
357.5132 0.0039
357.5249 0.0039
357.5366 0.0038
357.5483 0.0038
357.5599 0.0037
357.5716 0.0037
357.5833 0.0036
357.5950 0.0036
357.6066 0.0035
357.6183 0.0035
357.6300 0.0034
357.6417 0.0034
357.6533 0.0033
357.6650 0.0033
357.6767 0.0032
357.6884 0.0032
357.7000 0.0031
357.7117 0.0031
357.7234 0.0031
357.7351 0.0030
357.7467 0.0030
357.7584 0.0029
357.7701 0.0029
357.7818 0.0028
357.7934 0.0028
357.8051 0.0028
357.8168 0.0027
357.8285 0.0027
357.8401 0.0026
357.8518 0.0026
357.8635 0.0025
357.8751 0.0025
357.8868 0.0025
357.8985 0.0024
357.9102 0.0024
357.9218 0.0024
357.9335 0.0023
357.9452 0.0023
357.9569 0.0022
357.9685 0.0022
357.9802 0.0022
357.9919 0.0021
358.0036 0.0021
358.0152 0.0021
358.0269 0.0020
358.0386 0.0020
358.0503 0.0020
358.0619 0.0019
358.0736 0.0019
358.0853 0.0019
358.0970 0.0018
358.1086 0.0018
358.1203 0.0018
358.1320 0.0017
358.1437 0.0017
358.1553 0.0017
358.1670 0.0016
358.1787 0.0016
358.1904 0.0016
358.2020 0.0016
358.2137 0.0015
358.2254 0.0015
358.2371 0.0015
358.2487 0.0014
358.2604 0.0014
358.2721 0.0014
358.2838 0.0014
358.2954 0.0013
358.3071 0.0013
358.3188 0.0013
358.3305 0.0013
358.3421 0.0012
358.3538 0.0012
358.3655 0.0012
358.3772 0.0012
358.3888 0.0011
358.4005 0.0011
358.4122 0.0011
358.4239 0.0011
358.4355 0.0010
358.4472 0.0010
358.4589 0.0010
358.4706 0.0010
358.4822 0.0010
358.4939 0.0009
358.5056 0.0009
358.5173 0.0009
358.5289 0.0009
358.5406 0.0009
358.5523 0.0008
358.5640 0.0008
358.5756 0.0008
358.5873 0.0008
358.5990 0.0008
358.6107 0.0008
358.6223 0.0007
358.6340 0.0007
358.6457 0.0007
358.6574 0.0007
358.6690 0.0007
358.6807 0.0007
358.6924 0.0006
358.7041 0.0006
358.7157 0.0006
358.7274 0.0006
358.7391 0.0006
358.7508 0.0006
358.7624 0.0005
358.7741 0.0005
358.7858 0.0005
358.7975 0.0005
358.8091 0.0005
358.8208 0.0005
358.8325 0.0005
358.8442 0.0005
358.8558 0.0004
358.8675 0.0004
358.8792 0.0004
358.8909 0.0004
358.9025 0.0004
358.9142 0.0004
358.9259 0.0004
358.9376 0.0004
358.9492 0.0004
358.9609 0.0003
358.9726 0.0003
358.9843 0.0003
358.9959 0.0003
359.0076 0.0003
359.0193 0.0003
359.0310 0.0003
359.0426 0.0003
359.0543 0.0003
359.0660 0.0003
359.0777 0.0003
359.0893 0.0002
359.1010 0.0002
359.1127 0.0002
359.1244 0.0002
359.1361 0.0002
359.1477 0.0002
359.1594 0.0002
359.1711 0.0002
359.1828 0.0002
359.1944 0.0002
359.2061 0.0002
359.2178 0.0002
359.2295 0.0002
359.2411 0.0002
359.2528 0.0002
359.2645 0.0001
359.2762 0.0001
359.2878 0.0001
359.2995 0.0001
359.3112 0.0001
359.3229 0.0001
359.3345 0.0001
359.3462 0.0001
359.3579 0.0001
359.3696 0.0001
359.3812 0.0001
359.3929 0.0001
359.4046 0.0001
359.4163 0.0001
359.4279 0.0001
359.4396 0.0001
359.4513 0.0001
359.4630 0.0001
359.4746 0.0001
359.4863 0.0001
359.4980 0.0001
359.5097 0.0001
359.5213 0.0001
359.5330 0.0001
359.5447 0.0001
359.5564 0.0001
359.5680 0.0001
359.5797 0.0001
359.5914 0.0001
359.6031 0.0001
359.6147 0.0001
359.6264 0.0000
359.6381 0.0000
359.6498 0.0000
359.6614 0.0000
359.6731 0.0000
359.6848 0.0000
359.6965 0.0000
359.7081 0.0000
359.7198 0.0000
359.7315 0.0000
359.7432 0.0000
359.7548 0.0000
359.7665 0.0000
359.7782 0.0000
359.7899 0.0000
359.8015 0.0000
359.8132 0.0000
359.8249 0.0000
359.8366 0.0000
359.8482 0.0000
359.8599 0.0000
359.8716 0.0000
359.8833 0.0000
359.8949 0.0000
359.9066 0.0000
359.9183 0.0000
359.9300 0.0000
359.9416 0.0000
359.9533 0.0000
359.9650 0.0000
359.9767 0.0000
359.9883 0.0000
