0.0000 0.0000
0.0117 0.0000
0.0234 0.0000
0.0350 0.0000
0.0467 0.0000
0.0584 0.0000
0.0701 0.0000
0.0817 0.0000
0.0934 0.0000
0.1051 0.0000
0.1168 0.0000
0.1284 0.0000
0.1401 0.0000
0.1518 0.0000
0.1634 0.0000
0.1751 0.0000
0.1868 0.0000
0.1985 0.0000
0.2101 0.0000
0.2218 0.0000
0.2335 0.0000
0.2452 0.0000
0.2568 0.0000
0.2685 0.0000
0.2802 0.0000
0.2919 0.0000
0.3035 0.0000
0.3152 0.0000
0.3269 0.0000
0.3385 0.0000
0.3502 0.0000
0.3619 0.0000
0.3736 0.0000
0.3852 0.0000
0.3969 0.0000
0.4086 0.0000
0.4203 0.0000
0.4319 0.0000
0.4436 0.0000
0.4553 0.0000
0.4669 0.0000
0.4786 0.0000
0.4903 0.0000
0.5020 0.0000
0.5136 0.0000
0.5253 0.0000
0.5370 0.0000
0.5487 0.0000
0.5603 0.0000
0.5720 0.0000
0.5837 0.0000
0.5954 0.0000
0.6070 0.0000
0.6187 0.0000
0.6304 0.0000
0.6420 0.0000
0.6537 0.0000
0.6654 0.0000
0.6771 0.0000
0.6887 0.0000
0.7004 0.0000
0.7121 0.0000
0.7238 0.0000
0.7354 0.0000
0.7471 0.0000
0.7588 0.0000
0.7704 0.0000
0.7821 0.0000
0.7938 0.0000
0.8055 0.0000
0.8171 0.0000
0.8288 0.0000
0.8405 0.0000
0.8522 0.0000
0.8638 0.0000
0.8755 0.0000
0.8872 0.0000
0.8989 0.0000
0.9105 0.0000
0.9222 0.0000
0.9339 0.0000
0.9455 0.0000
0.9572 0.0000
0.9689 0.0000
0.9806 0.0000
0.9922 0.0000
1.0039 0.0000
1.0156 0.0000
1.0273 0.0000
1.0389 0.0000
1.0506 0.0000
1.0623 0.0000
1.0740 0.0000
1.0856 0.0000
1.0973 0.0000
1.1090 0.0000
1.1206 0.0000
1.1323 0.0000
1.1440 0.0000
1.1557 0.0000
1.1673 0.0000
1.1790 0.0000
1.1907 0.0000
1.2024 0.0000
1.2140 0.0000
1.2257 0.0000
1.2374 0.0000
1.2490 0.0000
1.2607 0.0000
1.2724 0.0000
1.2841 0.0000
1.2957 0.0000
1.3074 0.0000
1.3191 0.0000
1.3308 0.0000
1.3424 0.0000
1.3541 0.0000
1.3658 0.0000
1.3775 0.0000
1.3891 0.0000
1.4008 0.0000
1.4125 0.0000
1.4241 0.0000
1.4358 0.0000
1.4475 0.0000
1.4592 0.0000
1.4708 0.0000
1.4825 0.0000
1.4942 0.0000
1.5059 0.0000
1.5175 0.0000
1.5292 0.0000
1.5409 0.0000
1.5526 0.0000
1.5642 0.0000
1.5759 0.0000
1.5876 0.0000
1.5992 0.0000
1.6109 0.0000
1.6226 0.0000
1.6343 0.0000
1.6459 0.0000
1.6576 0.0000
1.6693 0.0000
1.6810 0.0000
1.6926 0.0000
1.7043 0.0000
1.7160 0.0000
1.7276 0.0000
1.7393 0.0000
1.7510 0.0000
1.7627 0.0000
1.7743 0.0000
1.7860 0.0000
1.7977 0.0000
1.8094 0.0000
1.8210 0.0000
1.8327 0.0000
1.8444 0.0000
1.8561 0.0000
1.8677 0.0000
1.8794 0.0000
1.8911 0.0000
1.9027 0.0000
1.9144 0.0000
1.9261 0.0000
1.9378 0.0000
1.9494 0.0000
1.9611 0.0000
1.9728 0.0000
1.9845 0.0000
1.9961 0.0000
2.0078 0.0000
2.0195 0.0000
2.0311 0.0000
2.0428 0.0000
2.0545 0.0000
2.0662 0.0000
2.0778 0.0000
2.0895 0.0000
2.1012 0.0000
2.1129 0.0000
2.1245 0.0000
2.1362 0.0000
2.1479 0.0000
2.1596 0.0000
2.1712 0.0000
2.1829 0.0000
2.1946 0.0000
2.2062 0.0000
2.2179 0.0000
2.2296 0.0000
2.2413 0.0000
2.2529 0.0000
2.2646 0.0000
2.2763 0.0000
2.2880 0.0000
2.2996 0.0000
2.3113 0.0000
2.3230 0.0000
2.3347 0.0000
2.3463 0.0000
2.3580 0.0000
2.3697 0.0000
2.3813 0.0000
2.3930 0.0000
2.4047 0.0000
2.4164 0.0000
2.4280 0.0000
2.4397 0.0000
2.4514 0.0000
2.4631 0.0000
2.4747 0.0000
2.4864 0.0000
2.4981 0.0000
2.5097 0.0000
2.5214 0.0000
2.5331 0.0000
2.5448 0.0000
2.5564 0.0000
2.5681 0.0000
2.5798 0.0000
2.5915 0.0000
2.6031 0.0000
2.6148 0.0000
2.6265 0.0000
2.6382 0.0000
2.6498 0.0000
2.6615 0.0000
2.6732 0.0000
2.6848 0.0000
2.6965 0.0000
2.7082 0.0000
2.7199 0.0000
2.7315 0.0000
2.7432 0.0000
2.7549 0.0000
2.7666 0.0000
2.7782 0.0000
2.7899 0.0000
2.8016 0.0000
2.8133 0.0000
2.8249 0.0000
2.8366 0.0000
2.8483 0.0000
2.8599 0.0000
2.8716 0.0000
2.8833 0.0000
2.8950 0.0000
2.9066 0.0000
2.9183 0.0000
2.9300 0.0000
2.9417 0.0000
2.9533 0.0000
2.9650 0.0000
2.9767 0.0000
2.9883 0.0000
3.0000 0.0000
3.0117 0.0000
3.0234 0.0000
3.0350 0.0000
3.0467 0.0000
3.0584 0.0000
3.0701 0.0000
3.0817 0.0000
3.0934 0.0000
3.1051 0.0000
3.1168 0.0000
3.1284 0.0000
3.1401 0.0000
3.1518 0.0000
3.1634 0.0000
3.1751 0.0000
3.1868 0.0000
3.1985 0.0000
3.2101 0.0000
3.2218 0.0000
3.2335 0.0000
3.2452 0.0000
3.2568 0.0000
3.2685 0.0000
3.2802 0.0000
3.2919 0.0000
3.3035 0.0000
3.3152 0.0000
3.3269 0.0000
3.3385 0.0000
3.3502 0.0000
3.3619 0.0000
3.3736 0.0000
3.3852 0.0000
3.3969 0.0000
3.4086 0.0000
3.4203 0.0000
3.4319 0.0000
3.4436 0.0000
3.4553 0.0000
3.4669 0.0000
3.4786 0.0000
3.4903 0.0000
3.5020 0.0000
3.5136 0.0000
3.5253 0.0000
3.5370 0.0000
3.5487 0.0000
3.5603 0.0000
3.5720 0.0000
3.5837 0.0000
3.5954 0.0000
3.6070 0.0000
3.6187 0.0000
3.6304 0.0000
3.6420 0.0000
3.6537 0.0000
3.6654 0.0000
3.6771 0.0000
3.6887 0.0000
3.7004 0.0000
3.7121 0.0000
3.7238 0.0000
3.7354 0.0000
3.7471 0.0000
3.7588 0.0000
3.7704 0.0000
3.7821 0.0000
3.7938 0.0000
3.8055 0.0000
3.8171 0.0000
3.8288 0.0000
3.8405 0.0000
3.8522 0.0000
3.8638 0.0000
3.8755 0.0000
3.8872 0.0000
3.8989 0.0000
3.9105 0.0000
3.9222 0.0000
3.9339 0.0000
3.9455 0.0000
3.9572 0.0000
3.9689 0.0000
3.9806 0.0000
3.9922 0.0000
4.0039 0.0000
4.0156 0.0000
4.0273 0.0000
4.0389 0.0000
4.0506 0.0000
4.0623 0.0000
4.0740 0.0000
4.0856 0.0000
4.0973 0.0000
4.1090 0.0000
4.1206 0.0000
4.1323 0.0000
4.1440 0.0000
4.1557 0.0000
4.1673 0.0000
4.1790 0.0000
4.1907 0.0000
4.2024 0.0000
4.2140 0.0000
4.2257 0.0000
4.2374 0.0000
4.2490 0.0000
4.2607 0.0000
4.2724 0.0000
4.2841 0.0000
4.2957 0.0000
4.3074 0.0000
4.3191 0.0000
4.3308 0.0000
4.3424 0.0000
4.3541 0.0000
4.3658 0.0000
4.3775 0.0000
4.3891 0.0000
4.4008 0.0000
4.4125 0.0000
4.4241 0.0000
4.4358 0.0000
4.4475 0.0000
4.4592 0.0000
4.4708 0.0000
4.4825 0.0000
4.4942 0.0000
4.5059 0.0000
4.5175 0.0000
4.5292 0.0000
4.5409 0.0000
4.5526 0.0000
4.5642 0.0000
4.5759 0.0000
4.5876 0.0000
4.5992 0.0000
4.6109 0.0000
4.6226 0.0000
4.6343 0.0000
4.6459 0.0000
4.6576 0.0000
4.6693 0.0000
4.6810 0.0000
4.6926 0.0000
4.7043 0.0000
4.7160 0.0000
4.7276 0.0000
4.7393 0.0000
4.7510 0.0000
4.7627 0.0000
4.7743 0.0000
4.7860 0.0000
4.7977 0.0000
4.8094 0.0000
4.8210 0.0000
4.8327 0.0000
4.8444 0.0000
4.8561 0.0000
4.8677 0.0000
4.8794 0.0000
4.8911 0.0000
4.9027 0.0000
4.9144 0.0000
4.9261 0.0000
4.9378 0.0000
4.9494 0.0000
4.9611 0.0000
4.9728 0.0000
4.9845 0.0000
4.9961 0.0000
5.0078 0.0000
5.0195 0.0000
5.0311 0.0000
5.0428 0.0000
5.0545 0.0000
5.0662 0.0000
5.0778 0.0000
5.0895 0.0000
5.1012 0.0000
5.1129 0.0000
5.1245 0.0000
5.1362 0.0000
5.1479 0.0000
5.1596 0.0000
5.1712 0.0000
5.1829 0.0000
5.1946 0.0000
5.2062 0.0000
5.2179 0.0000
5.2296 0.0000
5.2413 0.0000
5.2529 0.0000
5.2646 0.0000
5.2763 0.0000
5.2880 0.0000
5.2996 0.0000
5.3113 0.0000
5.3230 0.0000
5.3347 0.0000
5.3463 0.0000
5.3580 0.0000
5.3697 0.0000
5.3813 0.0000
5.3930 0.0000
5.4047 0.0000
5.4164 0.0000
5.4280 0.0000
5.4397 0.0000
5.4514 0.0000
5.4631 0.0000
5.4747 0.0000
5.4864 0.0000
5.4981 0.0000
5.5097 0.0000
5.5214 0.0000
5.5331 0.0000
5.5448 0.0000
5.5564 0.0000
5.5681 0.0000
5.5798 0.0000
5.5915 0.0000
5.6031 0.0000
5.6148 0.0000
5.6265 0.0000
5.6382 0.0000
5.6498 0.0000
5.6615 0.0000
5.6732 0.0000
5.6848 0.0000
5.6965 0.0000
5.7082 0.0000
5.7199 0.0000
5.7315 0.0000
5.7432 0.0000
5.7549 0.0000
5.7666 0.0000
5.7782 0.0000
5.7899 0.0000
5.8016 0.0000
5.8133 0.0000
5.8249 0.0000
5.8366 0.0000
5.8483 0.0000
5.8599 0.0000
5.8716 0.0000
5.8833 0.0000
5.8950 0.0000
5.9066 0.0000
5.9183 0.0000
5.9300 0.0000
5.9417 0.0000
5.9533 0.0000
5.9650 0.0000
5.9767 0.0000
5.9883 0.0000
6.0000 0.0000
6.0117 0.0000
6.0234 0.0000
6.0350 0.0000
6.0467 0.0000
6.0584 0.0000
6.0701 0.0000
6.0817 0.0000
6.0934 0.0000
6.1051 0.0000
6.1168 0.0000
6.1284 0.0000
6.1401 0.0000
6.1518 0.0000
6.1634 0.0000
6.1751 0.0000
6.1868 0.0000
6.1985 0.0000
6.2101 0.0000
6.2218 0.0000
6.2335 0.0000
6.2452 0.0000
6.2568 0.0000
6.2685 0.0000
6.2802 0.0000
6.2919 0.0000
6.3035 0.0000
6.3152 0.0000
6.3269 0.0000
6.3385 0.0000
6.3502 0.0000
6.3619 0.0000
6.3736 0.0000
6.3852 0.0000
6.3969 0.0000
6.4086 0.0000
6.4203 0.0000
6.4319 0.0000
6.4436 0.0000
6.4553 0.0000
6.4669 0.0000
6.4786 0.0000
6.4903 0.0000
6.5020 0.0000
6.5136 0.0000
6.5253 0.0000
6.5370 0.0000
6.5487 0.0000
6.5603 0.0000
6.5720 0.0000
6.5837 0.0000
6.5954 0.0000
6.6070 0.0000
6.6187 0.0000
6.6304 0.0000
6.6420 0.0000
6.6537 0.0000
6.6654 0.0000
6.6771 0.0000
6.6887 0.0000
6.7004 0.0000
6.7121 0.0000
6.7238 0.0000
6.7354 0.0000
6.7471 0.0000
6.7588 0.0000
6.7704 0.0000
6.7821 0.0000
6.7938 0.0000
6.8055 0.0000
6.8171 0.0000
6.8288 0.0000
6.8405 0.0000
6.8522 0.0000
6.8638 0.0000
6.8755 0.0000
6.8872 0.0000
6.8989 0.0000
6.9105 0.0000
6.9222 0.0000
6.9339 0.0000
6.9455 0.0000
6.9572 0.0000
6.9689 0.0000
6.9806 0.0000
6.9922 0.0000
7.0039 0.0000
7.0156 0.0000
7.0273 0.0000
7.0389 0.0000
7.0506 0.0000
7.0623 0.0000
7.0740 0.0000
7.0856 0.0000
7.0973 0.0000
7.1090 0.0000
7.1206 0.0000
7.1323 0.0000
7.1440 0.0000
7.1557 0.0000
7.1673 0.0000
7.1790 0.0000
7.1907 0.0000
7.2024 0.0000
7.2140 0.0000
7.2257 0.0000
7.2374 0.0000
7.2490 0.0000
7.2607 0.0000
7.2724 0.0000
7.2841 0.0000
7.2957 0.0000
7.3074 0.0000
7.3191 0.0000
7.3308 0.0000
7.3424 0.0000
7.3541 0.0000
7.3658 0.0000
7.3775 0.0000
7.3891 0.0000
7.4008 0.0000
7.4125 0.0000
7.4241 0.0000
7.4358 0.0000
7.4475 0.0000
7.4592 0.0000
7.4708 0.0000
7.4825 0.0000
7.4942 0.0000
7.5059 0.0000
7.5175 0.0000
7.5292 0.0000
7.5409 0.0000
7.5526 0.0000
7.5642 0.0000
7.5759 0.0000
7.5876 0.0000
7.5992 0.0000
7.6109 0.0000
7.6226 0.0000
7.6343 0.0000
7.6459 0.0000
7.6576 0.0000
7.6693 0.0000
7.6810 0.0000
7.6926 0.0000
7.7043 0.0000
7.7160 0.0000
7.7276 0.0000
7.7393 0.0000
7.7510 0.0000
7.7627 0.0000
7.7743 0.0000
7.7860 0.0000
7.7977 0.0000
7.8094 0.0000
7.8210 0.0000
7.8327 0.0000
7.8444 0.0000
7.8561 0.0000
7.8677 0.0000
7.8794 0.0000
7.8911 0.0000
7.9027 0.0000
7.9144 0.0000
7.9261 0.0000
7.9378 0.0000
7.9494 0.0000
7.9611 0.0000
7.9728 0.0000
7.9845 0.0000
7.9961 0.0000
8.0078 0.0000
8.0195 0.0000
8.0311 0.0000
8.0428 0.0000
8.0545 0.0000
8.0662 0.0000
8.0778 0.0000
8.0895 0.0000
8.1012 0.0000
8.1129 0.0000
8.1245 0.0000
8.1362 0.0000
8.1479 0.0000
8.1596 0.0000
8.1712 0.0000
8.1829 0.0000
8.1946 0.0000
8.2062 0.0000
8.2179 0.0000
8.2296 0.0000
8.2413 0.0000
8.2529 0.0000
8.2646 0.0000
8.2763 0.0000
8.2880 0.0000
8.2996 0.0000
8.3113 0.0000
8.3230 0.0000
8.3347 0.0000
8.3463 0.0000
8.3580 0.0000
8.3697 0.0000
8.3813 0.0000
8.3930 0.0000
8.4047 0.0000
8.4164 0.0000
8.4280 0.0000
8.4397 0.0000
8.4514 0.0000
8.4631 0.0000
8.4747 0.0000
8.4864 0.0000
8.4981 0.0000
8.5097 0.0000
8.5214 0.0000
8.5331 0.0000
8.5448 0.0000
8.5564 0.0000
8.5681 0.0000
8.5798 0.0000
8.5915 0.0000
8.6031 0.0000
8.6148 0.0000
8.6265 0.0000
8.6382 0.0000
8.6498 0.0000
8.6615 0.0000
8.6732 0.0000
8.6848 0.0000
8.6965 0.0000
8.7082 0.0000
8.7199 0.0000
8.7315 0.0000
8.7432 0.0000
8.7549 0.0000
8.7666 0.0000
8.7782 0.0000
8.7899 0.0000
8.8016 0.0000
8.8133 0.0000
8.8249 0.0000
8.8366 0.0000
8.8483 0.0000
8.8599 0.0000
8.8716 0.0000
8.8833 0.0000
8.8950 0.0000
8.9066 0.0000
8.9183 0.0000
8.9300 0.0000
8.9417 0.0000
8.9533 0.0000
8.9650 0.0000
8.9767 0.0000
8.9883 0.0000
9.0000 0.0000
9.0117 0.0000
9.0234 0.0000
9.0350 0.0000
9.0467 0.0000
9.0584 0.0000
9.0701 0.0000
9.0817 0.0000
9.0934 0.0000
9.1051 0.0000
9.1168 0.0000
9.1284 0.0000
9.1401 0.0000
9.1518 0.0000
9.1634 0.0000
9.1751 0.0000
9.1868 0.0000
9.1985 0.0000
9.2101 0.0000
9.2218 0.0000
9.2335 0.0000
9.2452 0.0000
9.2568 0.0000
9.2685 0.0000
9.2802 0.0000
9.2919 0.0000
9.3035 0.0000
9.3152 0.0000
9.3269 0.0000
9.3385 0.0000
9.3502 0.0000
9.3619 0.0000
9.3736 0.0000
9.3852 0.0000
9.3969 0.0000
9.4086 0.0000
9.4203 0.0000
9.4319 0.0000
9.4436 0.0000
9.4553 0.0000
9.4669 0.0000
9.4786 0.0000
9.4903 0.0000
9.5020 0.0000
9.5136 0.0000
9.5253 0.0000
9.5370 0.0000
9.5487 0.0000
9.5603 0.0000
9.5720 0.0000
9.5837 0.0000
9.5954 0.0000
9.6070 0.0000
9.6187 0.0000
9.6304 0.0000
9.6420 0.0000
9.6537 0.0000
9.6654 0.0000
9.6771 0.0000
9.6887 0.0000
9.7004 0.0000
9.7121 0.0000
9.7238 0.0000
9.7354 0.0000
9.7471 0.0000
9.7588 0.0000
9.7704 0.0000
9.7821 0.0000
9.7938 0.0000
9.8055 0.0000
9.8171 0.0000
9.8288 0.0000
9.8405 0.0000
9.8522 0.0000
9.8638 0.0000
9.8755 0.0000
9.8872 0.0000
9.8989 0.0000
9.9105 0.0000
9.9222 0.0000
9.9339 0.0000
9.9455 0.0000
9.9572 0.0000
9.9689 0.0000
9.9806 0.0000
9.9922 0.0000
10.0039 0.0000
10.0156 0.0000
10.0273 0.0000
10.0389 0.0000
10.0506 0.0000
10.0623 0.0000
10.0740 0.0000
10.0856 0.0000
10.0973 0.0000
10.1090 0.0000
10.1206 0.0000
10.1323 0.0000
10.1440 0.0000
10.1557 0.0000
10.1673 0.0000
10.1790 0.0000
10.1907 0.0000
10.2024 0.0000
10.2140 0.0000
10.2257 0.0000
10.2374 0.0000
10.2490 0.0000
10.2607 0.0000
10.2724 0.0000
10.2841 0.0000
10.2957 0.0000
10.3074 0.0000
10.3191 0.0000
10.3308 0.0000
10.3424 0.0000
10.3541 0.0000
10.3658 0.0000
10.3775 0.0000
10.3891 0.0000
10.4008 0.0000
10.4125 0.0000
10.4241 0.0000
10.4358 0.0000
10.4475 0.0000
10.4592 0.0000
10.4708 0.0000
10.4825 0.0000
10.4942 0.0000
10.5059 0.0000
10.5175 0.0000
10.5292 0.0000
10.5409 0.0000
10.5526 0.0000
10.5642 0.0000
10.5759 0.0000
10.5876 0.0000
10.5992 0.0000
10.6109 0.0000
10.6226 0.0000
10.6343 0.0000
10.6459 0.0000
10.6576 0.0000
10.6693 0.0000
10.6810 0.0000
10.6926 0.0000
10.7043 0.0000
10.7160 0.0000
10.7276 0.0000
10.7393 0.0000
10.7510 0.0000
10.7627 0.0000
10.7743 0.0000
10.7860 0.0000
10.7977 0.0000
10.8094 0.0000
10.8210 0.0000
10.8327 0.0000
10.8444 0.0000
10.8561 0.0000
10.8677 0.0000
10.8794 0.0000
10.8911 0.0000
10.9027 0.0000
10.9144 0.0000
10.9261 0.0000
10.9378 0.0000
10.9494 0.0000
10.9611 0.0000
10.9728 0.0000
10.9845 0.0000
10.9961 0.0000
11.0078 0.0000
11.0195 0.0000
11.0311 0.0000
11.0428 0.0000
11.0545 0.0000
11.0662 0.0000
11.0778 0.0000
11.0895 0.0000
11.1012 0.0000
11.1129 0.0000
11.1245 0.0000
11.1362 0.0000
11.1479 0.0000
11.1596 0.0000
11.1712 0.0000
11.1829 0.0000
11.1946 0.0000
11.2062 0.0000
11.2179 0.0000
11.2296 0.0000
11.2413 0.0000
11.2529 0.0000
11.2646 0.0000
11.2763 0.0000
11.2880 0.0000
11.2996 0.0000
11.3113 0.0000
11.3230 0.0000
11.3347 0.0000
11.3463 0.0000
11.3580 0.0000
11.3697 0.0000
11.3813 0.0000
11.3930 0.0000
11.4047 0.0000
11.4164 0.0000
11.4280 0.0000
11.4397 0.0000
11.4514 0.0000
11.4631 0.0000
11.4747 0.0000
11.4864 0.0000
11.4981 0.0000
11.5097 0.0000
11.5214 0.0000
11.5331 0.0000
11.5448 0.0000
11.5564 0.0000
11.5681 0.0000
11.5798 0.0000
11.5915 0.0000
11.6031 0.0000
11.6148 0.0000
11.6265 0.0000
11.6382 0.0000
11.6498 0.0000
11.6615 0.0000
11.6732 0.0000
11.6848 0.0000
11.6965 0.0000
11.7082 0.0000
11.7199 0.0000
11.7315 0.0000
11.7432 0.0000
11.7549 0.0000
11.7666 0.0000
11.7782 0.0000
11.7899 0.0000
11.8016 0.0000
11.8133 0.0000
11.8249 0.0000
11.8366 0.0000
11.8483 0.0000
11.8599 0.0000
11.8716 0.0000
11.8833 0.0000
11.8950 0.0000
11.9066 0.0000
11.9183 0.0000
11.9300 0.0000
11.9417 0.0000
11.9533 0.0000
11.9650 0.0000
11.9767 0.0000
11.9883 0.0000
12.0000 0.0000
12.0117 0.0000
12.0234 0.0000
12.0350 0.0000
12.0467 0.0000
12.0584 0.0000
12.0701 0.0000
12.0817 0.0000
12.0934 0.0000
12.1051 0.0000
12.1168 0.0000
12.1284 0.0000
12.1401 0.0000
12.1518 0.0000
12.1634 0.0000
12.1751 0.0000
12.1868 0.0000
12.1985 0.0000
12.2101 0.0000
12.2218 0.0000
12.2335 0.0000
12.2452 0.0000
12.2568 0.0000
12.2685 0.0000
12.2802 0.0000
12.2919 0.0000
12.3035 0.0000
12.3152 0.0000
12.3269 0.0000
12.3385 0.0000
12.3502 0.0000
12.3619 0.0000
12.3736 0.0000
12.3852 0.0000
12.3969 0.0000
12.4086 0.0000
12.4203 0.0000
12.4319 0.0000
12.4436 0.0000
12.4553 0.0000
12.4669 0.0000
12.4786 0.0000
12.4903 0.0000
12.5020 0.0000
12.5136 0.0000
12.5253 0.0000
12.5370 0.0000
12.5487 0.0000
12.5603 0.0000
12.5720 0.0000
12.5837 0.0000
12.5954 0.0000
12.6070 0.0000
12.6187 0.0000
12.6304 0.0000
12.6420 0.0000
12.6537 0.0000
12.6654 0.0000
12.6771 0.0000
12.6887 0.0000
12.7004 0.0000
12.7121 0.0000
12.7238 0.0000
12.7354 0.0000
12.7471 0.0000
12.7588 0.0000
12.7704 0.0000
12.7821 0.0000
12.7938 0.0000
12.8055 0.0000
12.8171 0.0000
12.8288 0.0000
12.8405 0.0000
12.8522 0.0000
12.8638 0.0000
12.8755 0.0000
12.8872 0.0000
12.8989 0.0000
12.9105 0.0000
12.9222 0.0000
12.9339 0.0000
12.9455 0.0000
12.9572 0.0000
12.9689 0.0000
12.9806 0.0000
12.9922 0.0000
13.0039 0.0000
13.0156 0.0000
13.0273 0.0000
13.0389 0.0000
13.0506 0.0000
13.0623 0.0000
13.0740 0.0000
13.0856 0.0000
13.0973 0.0000
13.1090 0.0000
13.1206 0.0000
13.1323 0.0000
13.1440 0.0000
13.1557 0.0000
13.1673 0.0000
13.1790 0.0000
13.1907 0.0000
13.2024 0.0000
13.2140 0.0000
13.2257 0.0000
13.2374 0.0000
13.2490 0.0000
13.2607 0.0000
13.2724 0.0000
13.2841 0.0000
13.2957 0.0000
13.3074 0.0000
13.3191 0.0000
13.3308 0.0000
13.3424 0.0000
13.3541 0.0000
13.3658 0.0000
13.3775 0.0000
13.3891 0.0000
13.4008 0.0000
13.4125 0.0000
13.4241 0.0000
13.4358 0.0000
13.4475 0.0000
13.4592 0.0000
13.4708 0.0000
13.4825 0.0000
13.4942 0.0000
13.5059 0.0000
13.5175 0.0000
13.5292 0.0000
13.5409 0.0000
13.5526 0.0000
13.5642 0.0000
13.5759 0.0000
13.5876 0.0000
13.5992 0.0000
13.6109 0.0000
13.6226 0.0000
13.6343 0.0000
13.6459 0.0000
13.6576 0.0000
13.6693 0.0000
13.6810 0.0000
13.6926 0.0000
13.7043 0.0000
13.7160 0.0000
13.7276 0.0000
13.7393 0.0000
13.7510 0.0000
13.7627 0.0000
13.7743 0.0000
13.7860 0.0000
13.7977 0.0000
13.8094 0.0000
13.8210 0.0000
13.8327 0.0000
13.8444 0.0000
13.8561 0.0000
13.8677 0.0000
13.8794 0.0000
13.8911 0.0000
13.9027 0.0000
13.9144 0.0000
13.9261 0.0000
13.9378 0.0000
13.9494 0.0000
13.9611 0.0000
13.9728 0.0000
13.9845 0.0000
13.9961 0.0000
14.0078 0.0000
14.0195 0.0000
14.0311 0.0000
14.0428 0.0000
14.0545 0.0000
14.0662 0.0000
14.0778 0.0000
14.0895 0.0000
14.1012 0.0000
14.1129 0.0000
14.1245 0.0000
14.1362 0.0000
14.1479 0.0000
14.1596 0.0000
14.1712 0.0000
14.1829 0.0000
14.1946 0.0000
14.2062 0.0000
14.2179 0.0000
14.2296 0.0000
14.2413 0.0000
14.2529 0.0000
14.2646 0.0000
14.2763 0.0000
14.2880 0.0000
14.2996 0.0000
14.3113 0.0000
14.3230 0.0000
14.3347 0.0000
14.3463 0.0000
14.3580 0.0000
14.3697 0.0000
14.3813 0.0000
14.3930 0.0000
14.4047 0.0000
14.4164 0.0000
14.4280 0.0000
14.4397 0.0000
14.4514 0.0000
14.4631 0.0000
14.4747 0.0000
14.4864 0.0000
14.4981 0.0000
14.5097 0.0000
14.5214 0.0000
14.5331 0.0000
14.5448 0.0000
14.5564 0.0000
14.5681 0.0000
14.5798 0.0000
14.5915 0.0000
14.6031 0.0000
14.6148 0.0000
14.6265 0.0000
14.6382 0.0000
14.6498 0.0000
14.6615 0.0000
14.6732 0.0000
14.6848 0.0000
14.6965 0.0000
14.7082 0.0000
14.7199 0.0000
14.7315 0.0000
14.7432 0.0000
14.7549 0.0000
14.7666 0.0000
14.7782 0.0000
14.7899 0.0000
14.8016 0.0000
14.8133 0.0000
14.8249 0.0000
14.8366 0.0000
14.8483 0.0000
14.8599 0.0000
14.8716 0.0000
14.8833 0.0000
14.8950 0.0000
14.9066 0.0000
14.9183 0.0000
14.9300 0.0000
14.9417 0.0000
14.9533 0.0000
14.9650 0.0000
14.9767 0.0000
14.9883 0.0000
15.0000 0.0000
15.0117 0.0000
15.0234 0.0000
15.0350 0.0000
15.0467 0.0000
15.0584 0.0000
15.0701 0.0000
15.0817 0.0000
15.0934 0.0000
15.1051 0.0000
15.1168 0.0000
15.1284 0.0000
15.1401 0.0000
15.1518 0.0000
15.1634 0.0000
15.1751 0.0000
15.1868 0.0000
15.1985 0.0000
15.2101 0.0000
15.2218 0.0000
15.2335 0.0000
15.2452 0.0000
15.2568 0.0000
15.2685 0.0000
15.2802 0.0000
15.2919 0.0000
15.3035 0.0000
15.3152 0.0000
15.3269 0.0000
15.3385 0.0000
15.3502 0.0000
15.3619 0.0000
15.3736 0.0000
15.3852 0.0000
15.3969 0.0000
15.4086 0.0000
15.4203 0.0000
15.4319 0.0000
15.4436 0.0000
15.4553 0.0000
15.4669 0.0000
15.4786 0.0000
15.4903 0.0000
15.5020 0.0000
15.5136 0.0000
15.5253 0.0000
15.5370 0.0000
15.5487 0.0000
15.5603 0.0000
15.5720 0.0000
15.5837 0.0000
15.5954 0.0000
15.6070 0.0000
15.6187 0.0000
15.6304 0.0000
15.6420 0.0000
15.6537 0.0000
15.6654 0.0000
15.6771 0.0000
15.6887 0.0000
15.7004 0.0000
15.7121 0.0000
15.7238 0.0000
15.7354 0.0000
15.7471 0.0000
15.7588 0.0000
15.7704 0.0000
15.7821 0.0000
15.7938 0.0000
15.8055 0.0000
15.8171 0.0000
15.8288 0.0000
15.8405 0.0000
15.8522 0.0000
15.8638 0.0000
15.8755 0.0000
15.8872 0.0000
15.8989 0.0000
15.9105 0.0000
15.9222 0.0000
15.9339 0.0000
15.9455 0.0000
15.9572 0.0000
15.9689 0.0000
15.9806 0.0000
15.9922 0.0000
16.0039 0.0000
16.0156 0.0000
16.0273 0.0000
16.0389 0.0000
16.0506 0.0000
16.0623 0.0000
16.0740 0.0000
16.0856 0.0000
16.0973 0.0000
16.1090 0.0000
16.1206 0.0000
16.1323 0.0000
16.1440 0.0000
16.1557 0.0000
16.1673 0.0000
16.1790 0.0000
16.1907 0.0000
16.2024 0.0000
16.2140 0.0000
16.2257 0.0000
16.2374 0.0000
16.2490 0.0000
16.2607 0.0000
16.2724 0.0000
16.2841 0.0000
16.2957 0.0000
16.3074 0.0000
16.3191 0.0000
16.3308 0.0000
16.3424 0.0000
16.3541 0.0000
16.3658 0.0000
16.3775 0.0000
16.3891 0.0000
16.4008 0.0000
16.4125 0.0000
16.4241 0.0000
16.4358 0.0000
16.4475 0.0000
16.4592 0.0000
16.4708 0.0000
16.4825 0.0000
16.4942 0.0000
16.5059 0.0000
16.5175 0.0000
16.5292 0.0000
16.5409 0.0000
16.5526 0.0000
16.5642 0.0000
16.5759 0.0000
16.5876 0.0000
16.5992 0.0000
16.6109 0.0000
16.6226 0.0000
16.6343 0.0000
16.6459 0.0000
16.6576 0.0000
16.6693 0.0000
16.6810 0.0000
16.6926 0.0000
16.7043 0.0000
16.7160 0.0000
16.7276 0.0000
16.7393 0.0000
16.7510 0.0000
16.7627 0.0000
16.7743 0.0000
16.7860 0.0000
16.7977 0.0000
16.8094 0.0000
16.8210 0.0000
16.8327 0.0000
16.8444 0.0000
16.8561 0.0000
16.8677 0.0000
16.8794 0.0000
16.8911 0.0000
16.9027 0.0000
16.9144 0.0000
16.9261 0.0000
16.9378 0.0000
16.9494 0.0000
16.9611 0.0000
16.9728 0.0000
16.9845 0.0000
16.9961 0.0000
17.0078 0.0000
17.0195 0.0000
17.0311 0.0000
17.0428 0.0000
17.0545 0.0000
17.0662 0.0000
17.0778 0.0000
17.0895 0.0000
17.1012 0.0000
17.1129 0.0000
17.1245 0.0000
17.1362 0.0000
17.1479 0.0000
17.1596 0.0000
17.1712 0.0000
17.1829 0.0000
17.1946 0.0000
17.2062 0.0000
17.2179 0.0000
17.2296 0.0000
17.2413 0.0000
17.2529 0.0000
17.2646 0.0000
17.2763 0.0000
17.2880 0.0000
17.2996 0.0000
17.3113 0.0000
17.3230 0.0000
17.3347 0.0000
17.3463 0.0000
17.3580 0.0000
17.3697 0.0000
17.3813 0.0000
17.3930 0.0000
17.4047 0.0000
17.4164 0.0000
17.4280 0.0000
17.4397 0.0000
17.4514 0.0000
17.4631 0.0000
17.4747 0.0000
17.4864 0.0000
17.4981 0.0000
17.5097 0.0000
17.5214 0.0000
17.5331 0.0000
17.5448 0.0000
17.5564 0.0000
17.5681 0.0000
17.5798 0.0000
17.5915 0.0000
17.6031 0.0000
17.6148 0.0000
17.6265 0.0000
17.6382 0.0000
17.6498 0.0000
17.6615 0.0000
17.6732 0.0000
17.6848 0.0000
17.6965 0.0000
17.7082 0.0000
17.7199 0.0000
17.7315 0.0000
17.7432 0.0000
17.7549 0.0000
17.7666 0.0000
17.7782 0.0000
17.7899 0.0000
17.8016 0.0000
17.8133 0.0000
17.8249 0.0000
17.8366 0.0000
17.8483 0.0000
17.8599 0.0000
17.8716 0.0000
17.8833 0.0000
17.8950 0.0000
17.9066 0.0000
17.9183 0.0000
17.9300 0.0000
17.9417 0.0000
17.9533 0.0000
17.9650 0.0000
17.9767 0.0000
17.9883 0.0000
18.0000 0.0000
18.0117 0.0000
18.0234 0.0000
18.0350 0.0000
18.0467 0.0000
18.0584 0.0000
18.0701 0.0000
18.0817 0.0000
18.0934 0.0000
18.1051 0.0000
18.1168 0.0000
18.1284 0.0000
18.1401 0.0000
18.1518 0.0000
18.1634 0.0000
18.1751 0.0000
18.1868 0.0000
18.1985 0.0000
18.2101 0.0000
18.2218 0.0000
18.2335 0.0000
18.2452 0.0000
18.2568 0.0000
18.2685 0.0000
18.2802 0.0000
18.2919 0.0000
18.3035 0.0000
18.3152 0.0000
18.3269 0.0000
18.3385 0.0000
18.3502 0.0000
18.3619 0.0000
18.3736 0.0000
18.3852 0.0000
18.3969 0.0000
18.4086 0.0000
18.4203 0.0000
18.4319 0.0000
18.4436 0.0000
18.4553 0.0000
18.4669 0.0000
18.4786 0.0000
18.4903 0.0000
18.5020 0.0000
18.5136 0.0000
18.5253 0.0000
18.5370 0.0000
18.5487 0.0000
18.5603 0.0000
18.5720 0.0000
18.5837 0.0000
18.5954 0.0000
18.6070 0.0000
18.6187 0.0000
18.6304 0.0000
18.6420 0.0000
18.6537 0.0000
18.6654 0.0000
18.6771 0.0000
18.6887 0.0000
18.7004 0.0000
18.7121 0.0000
18.7238 0.0000
18.7354 0.0000
18.7471 0.0000
18.7588 0.0000
18.7704 0.0000
18.7821 0.0000
18.7938 0.0000
18.8055 0.0000
18.8171 0.0000
18.8288 0.0000
18.8405 0.0000
18.8522 0.0000
18.8638 0.0000
18.8755 0.0000
18.8872 0.0000
18.8989 0.0000
18.9105 0.0000
18.9222 0.0000
18.9339 0.0000
18.9455 0.0000
18.9572 0.0000
18.9689 0.0000
18.9806 0.0000
18.9922 0.0000
19.0039 0.0000
19.0156 0.0000
19.0273 0.0000
19.0389 0.0000
19.0506 0.0000
19.0623 0.0000
19.0740 0.0000
19.0856 0.0000
19.0973 0.0000
19.1090 0.0000
19.1206 0.0000
19.1323 0.0000
19.1440 0.0000
19.1557 0.0000
19.1673 0.0000
19.1790 0.0000
19.1907 0.0000
19.2024 0.0000
19.2140 0.0000
19.2257 0.0000
19.2374 0.0000
19.2490 0.0000
19.2607 0.0000
19.2724 0.0000
19.2841 0.0000
19.2957 0.0000
19.3074 0.0000
19.3191 0.0000
19.3308 0.0000
19.3424 0.0000
19.3541 0.0000
19.3658 0.0000
19.3775 0.0000
19.3891 0.0000
19.4008 0.0000
19.4125 0.0000
19.4241 0.0000
19.4358 0.0000
19.4475 0.0000
19.4592 0.0000
19.4708 0.0000
19.4825 0.0000
19.4942 0.0000
19.5059 0.0000
19.5175 0.0000
19.5292 0.0000
19.5409 0.0000
19.5526 0.0000
19.5642 0.0000
19.5759 0.0000
19.5876 0.0000
19.5992 0.0000
19.6109 0.0000
19.6226 0.0000
19.6343 0.0000
19.6459 0.0000
19.6576 0.0000
19.6693 0.0000
19.6810 0.0000
19.6926 0.0000
19.7043 0.0000
19.7160 0.0000
19.7276 0.0000
19.7393 0.0000
19.7510 0.0000
19.7627 0.0000
19.7743 0.0000
19.7860 0.0000
19.7977 0.0000
19.8094 0.0000
19.8210 0.0000
19.8327 0.0000
19.8444 0.0000
19.8561 0.0000
19.8677 0.0000
19.8794 0.0000
19.8911 0.0000
19.9027 0.0000
19.9144 0.0000
19.9261 0.0000
19.9378 0.0000
19.9494 0.0000
19.9611 0.0000
19.9728 0.0000
19.9845 0.0000
19.9961 0.0000
20.0078 0.0000
20.0195 0.0000
20.0311 0.0000
20.0428 0.0000
20.0545 0.0000
20.0662 0.0000
20.0778 0.0000
20.0895 0.0000
20.1012 0.0000
20.1129 0.0000
20.1245 0.0000
20.1362 0.0000
20.1479 0.0000
20.1596 0.0000
20.1712 0.0000
20.1829 0.0000
20.1946 0.0000
20.2062 0.0000
20.2179 0.0000
20.2296 0.0000
20.2413 0.0000
20.2529 0.0000
20.2646 0.0000
20.2763 0.0000
20.2880 0.0000
20.2996 0.0000
20.3113 0.0000
20.3230 0.0000
20.3347 0.0000
20.3463 0.0000
20.3580 0.0000
20.3697 0.0000
20.3813 0.0000
20.3930 0.0000
20.4047 0.0000
20.4164 0.0000
20.4280 0.0000
20.4397 0.0000
20.4514 0.0000
20.4631 0.0000
20.4747 0.0000
20.4864 0.0000
20.4981 0.0000
20.5097 0.0000
20.5214 0.0000
20.5331 0.0000
20.5448 0.0000
20.5564 0.0000
20.5681 0.0000
20.5798 0.0000
20.5915 0.0000
20.6031 0.0000
20.6148 0.0000
20.6265 0.0000
20.6382 0.0000
20.6498 0.0000
20.6615 0.0000
20.6732 0.0000
20.6848 0.0000
20.6965 0.0000
20.7082 0.0000
20.7199 0.0000
20.7315 0.0000
20.7432 0.0000
20.7549 0.0000
20.7666 0.0000
20.7782 0.0000
20.7899 0.0000
20.8016 0.0000
20.8133 0.0000
20.8249 0.0000
20.8366 0.0000
20.8483 0.0000
20.8599 0.0000
20.8716 0.0000
20.8833 0.0000
20.8950 0.0000
20.9066 0.0000
20.9183 0.0000
20.9300 0.0000
20.9417 0.0000
20.9533 0.0000
20.9650 0.0000
20.9767 0.0000
20.9883 0.0000
21.0000 0.0000
21.0117 0.0000
21.0234 0.0000
21.0350 0.0000
21.0467 0.0000
21.0584 0.0000
21.0701 0.0000
21.0817 0.0000
21.0934 0.0000
21.1051 0.0000
21.1168 0.0000
21.1284 0.0000
21.1401 0.0000
21.1518 0.0000
21.1634 0.0000
21.1751 0.0000
21.1868 0.0000
21.1985 0.0000
21.2101 0.0000
21.2218 0.0000
21.2335 0.0000
21.2452 0.0000
21.2568 0.0000
21.2685 0.0000
21.2802 0.0000
21.2919 0.0000
21.3035 0.0000
21.3152 0.0000
21.3269 0.0000
21.3385 0.0000
21.3502 0.0000
21.3619 0.0000
21.3736 0.0000
21.3852 0.0000
21.3969 0.0000
21.4086 0.0000
21.4203 0.0000
21.4319 0.0000
21.4436 0.0000
21.4553 0.0000
21.4669 0.0000
21.4786 0.0000
21.4903 0.0000
21.5020 0.0000
21.5136 0.0000
21.5253 0.0000
21.5370 0.0000
21.5487 0.0000
21.5603 0.0000
21.5720 0.0000
21.5837 0.0000
21.5954 0.0000
21.6070 0.0000
21.6187 0.0000
21.6304 0.0000
21.6420 0.0000
21.6537 0.0000
21.6654 0.0000
21.6771 0.0000
21.6887 0.0000
21.7004 0.0000
21.7121 0.0000
21.7238 0.0000
21.7354 0.0000
21.7471 0.0000
21.7588 0.0000
21.7704 0.0000
21.7821 0.0000
21.7938 0.0000
21.8055 0.0000
21.8171 0.0000
21.8288 0.0000
21.8405 0.0000
21.8522 0.0000
21.8638 0.0000
21.8755 0.0000
21.8872 0.0000
21.8989 0.0000
21.9105 0.0000
21.9222 0.0000
21.9339 0.0000
21.9455 0.0000
21.9572 0.0000
21.9689 0.0000
21.9806 0.0000
21.9922 0.0000
22.0039 0.0000
22.0156 0.0000
22.0273 0.0000
22.0389 0.0000
22.0506 0.0000
22.0623 0.0000
22.0740 0.0000
22.0856 0.0000
22.0973 0.0000
22.1090 0.0000
22.1206 0.0000
22.1323 0.0000
22.1440 0.0000
22.1557 0.0000
22.1673 0.0000
22.1790 0.0000
22.1907 0.0000
22.2024 0.0000
22.2140 0.0000
22.2257 0.0000
22.2374 0.0000
22.2490 0.0000
22.2607 0.0000
22.2724 0.0000
22.2841 0.0000
22.2957 0.0000
22.3074 0.0000
22.3191 0.0000
22.3308 0.0000
22.3424 0.0000
22.3541 0.0000
22.3658 0.0000
22.3775 0.0000
22.3891 0.0000
22.4008 0.0000
22.4125 0.0000
22.4241 0.0000
22.4358 0.0000
22.4475 0.0000
22.4592 0.0000
22.4708 0.0000
22.4825 0.0000
22.4942 0.0000
22.5059 0.0000
22.5175 0.0000
22.5292 0.0000
22.5409 0.0000
22.5526 0.0000
22.5642 0.0000
22.5759 0.0000
22.5876 0.0000
22.5992 0.0000
22.6109 0.0000
22.6226 0.0000
22.6343 0.0000
22.6459 0.0000
22.6576 0.0000
22.6693 0.0000
22.6810 0.0000
22.6926 0.0000
22.7043 0.0000
22.7160 0.0000
22.7276 0.0000
22.7393 0.0000
22.7510 0.0000
22.7627 0.0000
22.7743 0.0000
22.7860 0.0000
22.7977 0.0000
22.8094 0.0000
22.8210 0.0000
22.8327 0.0000
22.8444 0.0000
22.8561 0.0000
22.8677 0.0000
22.8794 0.0000
22.8911 0.0000
22.9027 0.0000
22.9144 0.0000
22.9261 0.0000
22.9378 0.0000
22.9494 0.0000
22.9611 0.0000
22.9728 0.0000
22.9845 0.0000
22.9961 0.0000
23.0078 0.0000
23.0195 0.0000
23.0311 0.0000
23.0428 0.0000
23.0545 0.0000
23.0662 0.0000
23.0778 0.0000
23.0895 0.0000
23.1012 0.0000
23.1129 0.0000
23.1245 0.0000
23.1362 0.0000
23.1479 0.0000
23.1596 0.0000
23.1712 0.0000
23.1829 0.0000
23.1946 0.0000
23.2062 0.0000
23.2179 0.0000
23.2296 0.0000
23.2413 0.0000
23.2529 0.0000
23.2646 0.0000
23.2763 0.0000
23.2880 0.0000
23.2996 0.0000
23.3113 0.0000
23.3230 0.0000
23.3347 0.0000
23.3463 0.0000
23.3580 0.0000
23.3697 0.0000
23.3813 0.0000
23.3930 0.0000
23.4047 0.0000
23.4164 0.0000
23.4280 0.0000
23.4397 0.0000
23.4514 0.0000
23.4631 0.0000
23.4747 0.0000
23.4864 0.0000
23.4981 0.0000
23.5097 0.0000
23.5214 0.0000
23.5331 0.0000
23.5448 0.0000
23.5564 0.0000
23.5681 0.0000
23.5798 0.0000
23.5915 0.0000
23.6031 0.0000
23.6148 0.0000
23.6265 0.0000
23.6382 0.0000
23.6498 0.0000
23.6615 0.0000
23.6732 0.0000
23.6848 0.0000
23.6965 0.0000
23.7082 0.0000
23.7199 0.0000
23.7315 0.0000
23.7432 0.0000
23.7549 0.0000
23.7666 0.0000
23.7782 0.0000
23.7899 0.0000
23.8016 0.0000
23.8133 0.0000
23.8249 0.0000
23.8366 0.0000
23.8483 0.0000
23.8599 0.0000
23.8716 0.0000
23.8833 0.0000
23.8950 0.0000
23.9066 0.0000
23.9183 0.0000
23.9300 0.0000
23.9417 0.0000
23.9533 0.0000
23.9650 0.0000
23.9767 0.0000
23.9883 0.0000
24.0000 0.0000
24.0117 0.0000
24.0234 0.0000
24.0350 0.0000
24.0467 0.0000
24.0584 0.0000
24.0701 0.0000
24.0817 0.0000
24.0934 0.0000
24.1051 0.0000
24.1168 0.0000
24.1284 0.0000
24.1401 0.0000
24.1518 0.0000
24.1634 0.0000
24.1751 0.0000
24.1868 0.0000
24.1985 0.0000
24.2101 0.0000
24.2218 0.0000
24.2335 0.0000
24.2452 0.0000
24.2568 0.0000
24.2685 0.0000
24.2802 0.0000
24.2919 0.0000
24.3035 0.0000
24.3152 0.0000
24.3269 0.0000
24.3385 0.0000
24.3502 0.0000
24.3619 0.0000
24.3736 0.0000
24.3852 0.0000
24.3969 0.0000
24.4086 0.0000
24.4203 0.0000
24.4319 0.0000
24.4436 0.0000
24.4553 0.0000
24.4669 0.0000
24.4786 0.0000
24.4903 0.0000
24.5020 0.0000
24.5136 0.0000
24.5253 0.0000
24.5370 0.0000
24.5487 0.0000
24.5603 0.0000
24.5720 0.0000
24.5837 0.0000
24.5954 0.0000
24.6070 0.0000
24.6187 0.0000
24.6304 0.0000
24.6420 0.0000
24.6537 0.0000
24.6654 0.0000
24.6771 0.0000
24.6887 0.0000
24.7004 0.0000
24.7121 0.0000
24.7238 0.0000
24.7354 0.0000
24.7471 0.0000
24.7588 0.0000
24.7704 0.0000
24.7821 0.0000
24.7938 0.0000
24.8055 0.0000
24.8171 0.0000
24.8288 0.0000
24.8405 0.0000
24.8522 0.0000
24.8638 0.0000
24.8755 0.0000
24.8872 0.0000
24.8989 0.0000
24.9105 0.0000
24.9222 0.0000
24.9339 0.0000
24.9455 0.0000
24.9572 0.0000
24.9689 0.0000
24.9806 0.0000
24.9922 0.0000
25.0039 0.0000
25.0156 0.0000
25.0273 0.0000
25.0389 0.0000
25.0506 0.0000
25.0623 0.0000
25.0740 0.0000
25.0856 0.0000
25.0973 0.0000
25.1090 0.0000
25.1206 0.0000
25.1323 0.0000
25.1440 0.0000
25.1557 0.0000
25.1673 0.0000
25.1790 0.0000
25.1907 0.0000
25.2024 0.0000
25.2140 0.0000
25.2257 0.0000
25.2374 0.0000
25.2490 0.0000
25.2607 0.0000
25.2724 0.0000
25.2841 0.0000
25.2957 0.0000
25.3074 0.0000
25.3191 0.0000
25.3308 0.0000
25.3424 0.0000
25.3541 0.0000
25.3658 0.0000
25.3775 0.0000
25.3891 0.0000
25.4008 0.0000
25.4125 0.0000
25.4241 0.0000
25.4358 0.0000
25.4475 0.0000
25.4592 0.0000
25.4708 0.0000
25.4825 0.0000
25.4942 0.0000
25.5059 0.0000
25.5175 0.0000
25.5292 0.0000
25.5409 0.0000
25.5526 0.0000
25.5642 0.0000
25.5759 0.0000
25.5876 0.0000
25.5992 0.0000
25.6109 0.0000
25.6226 0.0000
25.6343 0.0000
25.6459 0.0000
25.6576 0.0000
25.6693 0.0000
25.6810 0.0000
25.6926 0.0000
25.7043 0.0000
25.7160 0.0000
25.7276 0.0000
25.7393 0.0000
25.7510 0.0000
25.7627 0.0000
25.7743 0.0000
25.7860 0.0000
25.7977 0.0000
25.8094 0.0000
25.8210 0.0000
25.8327 0.0000
25.8444 0.0000
25.8561 0.0000
25.8677 0.0000
25.8794 0.0000
25.8911 0.0000
25.9027 0.0000
25.9144 0.0000
25.9261 0.0000
25.9378 0.0000
25.9494 0.0000
25.9611 0.0000
25.9728 0.0000
25.9845 0.0000
25.9961 0.0000
26.0078 0.0000
26.0195 0.0000
26.0311 0.0000
26.0428 0.0000
26.0545 0.0000
26.0662 0.0000
26.0778 0.0000
26.0895 0.0000
26.1012 0.0000
26.1129 0.0000
26.1245 0.0000
26.1362 0.0000
26.1479 0.0000
26.1596 0.0000
26.1712 0.0000
26.1829 0.0000
26.1946 0.0000
26.2062 0.0000
26.2179 0.0000
26.2296 0.0000
26.2413 0.0000
26.2529 0.0000
26.2646 0.0000
26.2763 0.0000
26.2880 0.0000
26.2996 0.0000
26.3113 0.0000
26.3230 0.0000
26.3347 0.0000
26.3463 0.0000
26.3580 0.0000
26.3697 0.0000
26.3813 0.0000
26.3930 0.0000
26.4047 0.0000
26.4164 0.0000
26.4280 0.0000
26.4397 0.0000
26.4514 0.0000
26.4631 0.0000
26.4747 0.0000
26.4864 0.0000
26.4981 0.0000
26.5097 0.0000
26.5214 0.0000
26.5331 0.0000
26.5448 0.0000
26.5564 0.0000
26.5681 0.0000
26.5798 0.0000
26.5915 0.0000
26.6031 0.0000
26.6148 0.0000
26.6265 0.0000
26.6382 0.0000
26.6498 0.0000
26.6615 0.0000
26.6732 0.0000
26.6848 0.0000
26.6965 0.0000
26.7082 0.0000
26.7199 0.0000
26.7315 0.0000
26.7432 0.0000
26.7549 0.0000
26.7666 0.0000
26.7782 0.0000
26.7899 0.0000
26.8016 0.0000
26.8133 0.0000
26.8249 0.0000
26.8366 0.0000
26.8483 0.0000
26.8599 0.0000
26.8716 0.0000
26.8833 0.0000
26.8950 0.0000
26.9066 0.0000
26.9183 0.0000
26.9300 0.0000
26.9417 0.0000
26.9533 0.0000
26.9650 0.0000
26.9767 0.0000
26.9883 0.0000
27.0000 0.0000
27.0117 0.0000
27.0234 0.0000
27.0350 0.0000
27.0467 0.0000
27.0584 0.0000
27.0701 0.0000
27.0817 0.0000
27.0934 0.0000
27.1051 0.0000
27.1168 0.0000
27.1284 0.0000
27.1401 0.0000
27.1518 0.0000
27.1634 0.0000
27.1751 0.0000
27.1868 0.0000
27.1985 0.0000
27.2101 0.0000
27.2218 0.0000
27.2335 0.0000
27.2452 0.0000
27.2568 0.0000
27.2685 0.0000
27.2802 0.0000
27.2919 0.0000
27.3035 0.0000
27.3152 0.0000
27.3269 0.0000
27.3385 0.0000
27.3502 0.0000
27.3619 0.0000
27.3736 0.0000
27.3852 0.0000
27.3969 0.0000
27.4086 0.0000
27.4203 0.0000
27.4319 0.0000
27.4436 0.0000
27.4553 0.0000
27.4669 0.0000
27.4786 0.0000
27.4903 0.0000
27.5020 0.0000
27.5136 0.0000
27.5253 0.0000
27.5370 0.0000
27.5487 0.0000
27.5603 0.0000
27.5720 0.0000
27.5837 0.0000
27.5954 0.0000
27.6070 0.0000
27.6187 0.0000
27.6304 0.0000
27.6420 0.0000
27.6537 0.0000
27.6654 0.0000
27.6771 0.0000
27.6887 0.0000
27.7004 0.0000
27.7121 0.0000
27.7238 0.0000
27.7354 0.0000
27.7471 0.0000
27.7588 0.0000
27.7704 0.0000
27.7821 0.0000
27.7938 0.0000
27.8055 0.0000
27.8171 0.0000
27.8288 0.0000
27.8405 0.0000
27.8522 0.0000
27.8638 0.0000
27.8755 0.0000
27.8872 0.0000
27.8989 0.0000
27.9105 0.0000
27.9222 0.0000
27.9339 0.0000
27.9455 0.0000
27.9572 0.0000
27.9689 0.0000
27.9806 0.0000
27.9922 0.0000
28.0039 0.0000
28.0156 0.0000
28.0273 0.0000
28.0389 0.0000
28.0506 0.0000
28.0623 0.0000
28.0740 0.0000
28.0856 0.0000
28.0973 0.0000
28.1090 0.0000
28.1206 0.0000
28.1323 0.0000
28.1440 0.0000
28.1557 0.0000
28.1673 0.0000
28.1790 0.0000
28.1907 0.0000
28.2024 0.0000
28.2140 0.0000
28.2257 0.0000
28.2374 0.0000
28.2490 0.0000
28.2607 0.0000
28.2724 0.0000
28.2841 0.0000
28.2957 0.0000
28.3074 0.0000
28.3191 0.0000
28.3308 0.0000
28.3424 0.0000
28.3541 0.0000
28.3658 0.0000
28.3775 0.0000
28.3891 0.0000
28.4008 0.0000
28.4125 0.0000
28.4241 0.0000
28.4358 0.0000
28.4475 0.0000
28.4592 0.0000
28.4708 0.0000
28.4825 0.0000
28.4942 0.0000
28.5059 0.0000
28.5175 0.0000
28.5292 0.0000
28.5409 0.0000
28.5526 0.0000
28.5642 0.0000
28.5759 0.0000
28.5876 0.0000
28.5992 0.0000
28.6109 0.0000
28.6226 0.0000
28.6343 0.0000
28.6459 0.0000
28.6576 0.0000
28.6693 0.0000
28.6810 0.0000
28.6926 0.0000
28.7043 0.0000
28.7160 0.0000
28.7276 0.0000
28.7393 0.0000
28.7510 0.0000
28.7627 0.0000
28.7743 0.0000
28.7860 0.0000
28.7977 0.0000
28.8094 0.0000
28.8210 0.0000
28.8327 0.0000
28.8444 0.0000
28.8561 0.0000
28.8677 0.0000
28.8794 0.0000
28.8911 0.0000
28.9027 0.0000
28.9144 0.0000
28.9261 0.0000
28.9378 0.0000
28.9494 0.0000
28.9611 0.0000
28.9728 0.0000
28.9845 0.0000
28.9961 0.0000
29.0078 0.0000
29.0195 0.0000
29.0311 0.0000
29.0428 0.0000
29.0545 0.0000
29.0662 0.0000
29.0778 0.0000
29.0895 0.0000
29.1012 0.0000
29.1129 0.0000
29.1245 0.0000
29.1362 0.0000
29.1479 0.0000
29.1596 0.0000
29.1712 0.0000
29.1829 0.0000
29.1946 0.0000
29.2062 0.0000
29.2179 0.0000
29.2296 0.0000
29.2413 0.0000
29.2529 0.0000
29.2646 0.0000
29.2763 0.0000
29.2880 0.0000
29.2996 0.0000
29.3113 0.0000
29.3230 0.0000
29.3347 0.0000
29.3463 0.0000
29.3580 0.0000
29.3697 0.0000
29.3813 0.0000
29.3930 0.0000
29.4047 0.0000
29.4164 0.0000
29.4280 0.0000
29.4397 0.0000
29.4514 0.0000
29.4631 0.0000
29.4747 0.0000
29.4864 0.0000
29.4981 0.0000
29.5097 0.0000
29.5214 0.0000
29.5331 0.0000
29.5448 0.0000
29.5564 0.0000
29.5681 0.0000
29.5798 0.0000
29.5915 0.0000
29.6031 0.0000
29.6148 0.0000
29.6265 0.0000
29.6382 0.0000
29.6498 0.0000
29.6615 0.0000
29.6732 0.0000
29.6848 0.0000
29.6965 0.0000
29.7082 0.0000
29.7199 0.0000
29.7315 0.0000
29.7432 0.0000
29.7549 0.0000
29.7666 0.0000
29.7782 0.0000
29.7899 0.0000
29.8016 0.0000
29.8133 0.0000
29.8249 0.0000
29.8366 0.0000
29.8483 0.0000
29.8599 0.0000
29.8716 0.0000
29.8833 0.0000
29.8950 0.0000
29.9066 0.0000
29.9183 0.0000
29.9300 0.0000
29.9417 0.0000
29.9533 0.0000
29.9650 0.0000
29.9767 0.0000
29.9883 0.0000
30.0000 0.0000
30.0117 0.0000
30.0234 0.0000
30.0350 0.0000
30.0467 0.0000
30.0584 0.0000
30.0701 0.0000
30.0817 0.0000
30.0934 0.0000
30.1051 0.0000
30.1168 0.0000
30.1284 0.0000
30.1401 0.0000
30.1518 0.0000
30.1634 0.0000
30.1751 0.0000
30.1868 0.0000
30.1985 0.0000
30.2101 0.0000
30.2218 0.0000
30.2335 0.0000
30.2452 0.0000
30.2568 0.0000
30.2685 0.0000
30.2802 0.0000
30.2919 0.0000
30.3035 0.0000
30.3152 0.0000
30.3269 0.0000
30.3385 0.0000
30.3502 0.0000
30.3619 0.0000
30.3736 0.0000
30.3852 0.0000
30.3969 0.0000
30.4086 0.0000
30.4203 0.0000
30.4319 0.0000
30.4436 0.0000
30.4553 0.0000
30.4669 0.0000
30.4786 0.0000
30.4903 0.0000
30.5020 0.0000
30.5136 0.0000
30.5253 0.0000
30.5370 0.0000
30.5487 0.0000
30.5603 0.0000
30.5720 0.0000
30.5837 0.0000
30.5954 0.0000
30.6070 0.0000
30.6187 0.0000
30.6304 0.0000
30.6420 0.0000
30.6537 0.0000
30.6654 0.0000
30.6771 0.0000
30.6887 0.0000
30.7004 0.0000
30.7121 0.0000
30.7238 0.0000
30.7354 0.0000
30.7471 0.0000
30.7588 0.0000
30.7704 0.0000
30.7821 0.0000
30.7938 0.0000
30.8055 0.0000
30.8171 0.0000
30.8288 0.0000
30.8405 0.0000
30.8522 0.0000
30.8638 0.0000
30.8755 0.0000
30.8872 0.0000
30.8989 0.0000
30.9105 0.0000
30.9222 0.0000
30.9339 0.0000
30.9455 0.0000
30.9572 0.0000
30.9689 0.0000
30.9806 0.0000
30.9922 0.0000
31.0039 0.0000
31.0156 0.0000
31.0273 0.0000
31.0389 0.0000
31.0506 0.0000
31.0623 0.0000
31.0740 0.0000
31.0856 0.0000
31.0973 0.0000
31.1090 0.0000
31.1206 0.0000
31.1323 0.0000
31.1440 0.0000
31.1557 0.0000
31.1673 0.0000
31.1790 0.0000
31.1907 0.0000
31.2024 0.0000
31.2140 0.0000
31.2257 0.0000
31.2374 0.0000
31.2490 0.0000
31.2607 0.0000
31.2724 0.0000
31.2841 0.0000
31.2957 0.0000
31.3074 0.0000
31.3191 0.0000
31.3308 0.0000
31.3424 0.0000
31.3541 0.0000
31.3658 0.0000
31.3775 0.0000
31.3891 0.0000
31.4008 0.0000
31.4125 0.0000
31.4241 0.0000
31.4358 0.0000
31.4475 0.0000
31.4592 0.0000
31.4708 0.0000
31.4825 0.0000
31.4942 0.0000
31.5059 0.0000
31.5175 0.0000
31.5292 0.0000
31.5409 0.0000
31.5526 0.0000
31.5642 0.0000
31.5759 0.0000
31.5876 0.0000
31.5992 0.0000
31.6109 0.0000
31.6226 0.0000
31.6343 0.0000
31.6459 0.0000
31.6576 0.0000
31.6693 0.0000
31.6810 0.0000
31.6926 0.0000
31.7043 0.0000
31.7160 0.0000
31.7276 0.0000
31.7393 0.0000
31.7510 0.0000
31.7627 0.0000
31.7743 0.0000
31.7860 0.0000
31.7977 0.0000
31.8094 0.0000
31.8210 0.0000
31.8327 0.0000
31.8444 0.0000
31.8561 0.0000
31.8677 0.0000
31.8794 0.0000
31.8911 0.0000
31.9027 0.0000
31.9144 0.0000
31.9261 0.0000
31.9378 0.0000
31.9494 0.0000
31.9611 0.0000
31.9728 0.0000
31.9845 0.0000
31.9961 0.0000
32.0078 0.0000
32.0195 0.0000
32.0311 0.0000
32.0428 0.0000
32.0545 0.0000
32.0662 0.0000
32.0778 0.0000
32.0895 0.0000
32.1012 0.0000
32.1129 0.0000
32.1245 0.0000
32.1362 0.0000
32.1479 0.0000
32.1596 0.0000
32.1712 0.0000
32.1829 0.0000
32.1946 0.0000
32.2062 0.0000
32.2179 0.0000
32.2296 0.0000
32.2413 0.0000
32.2529 0.0000
32.2646 0.0000
32.2763 0.0000
32.2880 0.0000
32.2996 0.0000
32.3113 0.0000
32.3230 0.0000
32.3347 0.0000
32.3463 0.0000
32.3580 0.0000
32.3697 0.0000
32.3813 0.0000
32.3930 0.0000
32.4047 0.0000
32.4164 0.0000
32.4280 0.0000
32.4397 0.0000
32.4514 0.0000
32.4631 0.0000
32.4747 0.0000
32.4864 0.0000
32.4981 0.0000
32.5097 0.0000
32.5214 0.0000
32.5331 0.0000
32.5448 0.0000
32.5564 0.0000
32.5681 0.0000
32.5798 0.0000
32.5915 0.0000
32.6031 0.0000
32.6148 0.0000
32.6265 0.0000
32.6382 0.0000
32.6498 0.0000
32.6615 0.0000
32.6732 0.0000
32.6848 0.0000
32.6965 0.0000
32.7082 0.0000
32.7199 0.0000
32.7315 0.0000
32.7432 0.0000
32.7549 0.0000
32.7666 0.0000
32.7782 0.0000
32.7899 0.0000
32.8016 0.0000
32.8133 0.0000
32.8249 0.0000
32.8366 0.0000
32.8483 0.0000
32.8599 0.0000
32.8716 0.0000
32.8833 0.0000
32.8950 0.0000
32.9066 0.0000
32.9183 0.0000
32.9300 0.0000
32.9417 0.0000
32.9533 0.0000
32.9650 0.0000
32.9767 0.0000
32.9883 0.0000
33.0000 0.0000
33.0117 0.0000
33.0234 0.0000
33.0350 0.0000
33.0467 0.0000
33.0584 0.0000
33.0701 0.0000
33.0817 0.0000
33.0934 0.0000
33.1051 0.0000
33.1168 0.0000
33.1284 0.0000
33.1401 0.0000
33.1518 0.0000
33.1634 0.0000
33.1751 0.0000
33.1868 0.0000
33.1985 0.0000
33.2101 0.0000
33.2218 0.0000
33.2335 0.0000
33.2452 0.0000
33.2568 0.0000
33.2685 0.0000
33.2802 0.0000
33.2919 0.0000
33.3035 0.0000
33.3152 0.0000
33.3269 0.0000
33.3385 0.0000
33.3502 0.0000
33.3619 0.0000
33.3736 0.0000
33.3852 0.0000
33.3969 0.0000
33.4086 0.0000
33.4203 0.0000
33.4319 0.0000
33.4436 0.0000
33.4553 0.0000
33.4669 0.0000
33.4786 0.0000
33.4903 0.0000
33.5020 0.0000
33.5136 0.0000
33.5253 0.0000
33.5370 0.0000
33.5487 0.0000
33.5603 0.0000
33.5720 0.0000
33.5837 0.0000
33.5954 0.0000
33.6070 0.0000
33.6187 0.0000
33.6304 0.0000
33.6420 0.0000
33.6537 0.0000
33.6654 0.0000
33.6771 0.0000
33.6887 0.0000
33.7004 0.0000
33.7121 0.0000
33.7238 0.0000
33.7354 0.0000
33.7471 0.0000
33.7588 0.0000
33.7704 0.0000
33.7821 0.0000
33.7938 0.0000
33.8055 0.0000
33.8171 0.0000
33.8288 0.0000
33.8405 0.0000
33.8522 0.0000
33.8638 0.0000
33.8755 0.0000
33.8872 0.0000
33.8989 0.0000
33.9105 0.0000
33.9222 0.0000
33.9339 0.0000
33.9455 0.0000
33.9572 0.0000
33.9689 0.0000
33.9806 0.0000
33.9922 0.0000
34.0039 0.0000
34.0156 0.0000
34.0273 0.0000
34.0389 0.0000
34.0506 0.0000
34.0623 0.0000
34.0740 0.0000
34.0856 0.0000
34.0973 0.0000
34.1090 0.0000
34.1206 0.0000
34.1323 0.0000
34.1440 0.0000
34.1557 0.0000
34.1673 0.0000
34.1790 0.0000
34.1907 0.0000
34.2024 0.0000
34.2140 0.0000
34.2257 0.0000
34.2374 0.0000
34.2490 0.0000
34.2607 0.0000
34.2724 0.0000
34.2841 0.0000
34.2957 0.0000
34.3074 0.0000
34.3191 0.0000
34.3308 0.0000
34.3424 0.0000
34.3541 0.0000
34.3658 0.0000
34.3775 0.0000
34.3891 0.0000
34.4008 0.0000
34.4125 0.0000
34.4241 0.0000
34.4358 0.0000
34.4475 0.0000
34.4592 0.0000
34.4708 0.0000
34.4825 0.0000
34.4942 0.0000
34.5059 0.0000
34.5175 0.0000
34.5292 0.0000
34.5409 0.0000
34.5526 0.0000
34.5642 0.0000
34.5759 0.0000
34.5876 0.0000
34.5992 0.0000
34.6109 0.0000
34.6226 0.0000
34.6343 0.0000
34.6459 0.0000
34.6576 0.0000
34.6693 0.0000
34.6810 0.0000
34.6926 0.0000
34.7043 0.0000
34.7160 0.0000
34.7276 0.0000
34.7393 0.0000
34.7510 0.0000
34.7627 0.0000
34.7743 0.0000
34.7860 0.0000
34.7977 0.0000
34.8094 0.0000
34.8210 0.0000
34.8327 0.0000
34.8444 0.0000
34.8561 0.0000
34.8677 0.0000
34.8794 0.0000
34.8911 0.0000
34.9027 0.0000
34.9144 0.0000
34.9261 0.0000
34.9378 0.0000
34.9494 0.0000
34.9611 0.0000
34.9728 0.0000
34.9845 0.0000
34.9961 0.0000
35.0078 0.0000
35.0195 0.0000
35.0311 0.0000
35.0428 0.0000
35.0545 0.0000
35.0662 0.0000
35.0778 0.0000
35.0895 0.0000
35.1012 0.0000
35.1129 0.0000
35.1245 0.0000
35.1362 0.0000
35.1479 0.0000
35.1596 0.0000
35.1712 0.0000
35.1829 0.0000
35.1946 0.0000
35.2062 0.0000
35.2179 0.0000
35.2296 0.0000
35.2413 0.0000
35.2529 0.0000
35.2646 0.0000
35.2763 0.0000
35.2880 0.0000
35.2996 0.0000
35.3113 0.0000
35.3230 0.0000
35.3347 0.0000
35.3463 0.0000
35.3580 0.0000
35.3697 0.0000
35.3813 0.0000
35.3930 0.0000
35.4047 0.0000
35.4164 0.0000
35.4280 0.0000
35.4397 0.0000
35.4514 0.0000
35.4631 0.0000
35.4747 0.0000
35.4864 0.0000
35.4981 0.0000
35.5097 0.0000
35.5214 0.0000
35.5331 0.0000
35.5448 0.0000
35.5564 0.0000
35.5681 0.0000
35.5798 0.0000
35.5915 0.0000
35.6031 0.0000
35.6148 0.0000
35.6265 0.0000
35.6382 0.0000
35.6498 0.0000
35.6615 0.0000
35.6732 0.0000
35.6848 0.0000
35.6965 0.0000
35.7082 0.0000
35.7199 0.0000
35.7315 0.0000
35.7432 0.0000
35.7549 0.0000
35.7666 0.0000
35.7782 0.0000
35.7899 0.0000
35.8016 0.0000
35.8133 0.0000
35.8249 0.0000
35.8366 0.0000
35.8483 0.0000
35.8599 0.0000
35.8716 0.0000
35.8833 0.0000
35.8950 0.0000
35.9066 0.0000
35.9183 0.0000
35.9300 0.0000
35.9417 0.0000
35.9533 0.0000
35.9650 0.0000
35.9767 0.0000
35.9883 0.0000
36.0000 0.0000
36.0117 0.0000
36.0234 0.0000
36.0350 0.0000
36.0467 0.0000
36.0584 0.0000
36.0701 0.0000
36.0817 0.0000
36.0934 0.0000
36.1051 0.0000
36.1168 0.0000
36.1284 0.0000
36.1401 0.0000
36.1518 0.0000
36.1634 0.0000
36.1751 0.0000
36.1868 0.0000
36.1985 0.0000
36.2101 0.0000
36.2218 0.0000
36.2335 0.0000
36.2452 0.0000
36.2568 0.0000
36.2685 0.0000
36.2802 0.0000
36.2919 0.0000
36.3035 0.0000
36.3152 0.0000
36.3269 0.0000
36.3385 0.0000
36.3502 0.0000
36.3619 0.0000
36.3736 0.0000
36.3852 0.0000
36.3969 0.0000
36.4086 0.0000
36.4203 0.0000
36.4319 0.0000
36.4436 0.0000
36.4553 0.0000
36.4669 0.0000
36.4786 0.0000
36.4903 0.0000
36.5020 0.0000
36.5136 0.0000
36.5253 0.0000
36.5370 0.0000
36.5487 0.0000
36.5603 0.0000
36.5720 0.0000
36.5837 0.0000
36.5954 0.0000
36.6070 0.0000
36.6187 0.0000
36.6304 0.0000
36.6420 0.0000
36.6537 0.0000
36.6654 0.0000
36.6771 0.0000
36.6887 0.0000
36.7004 0.0000
36.7121 0.0000
36.7238 0.0000
36.7354 0.0000
36.7471 0.0000
36.7588 0.0000
36.7704 0.0000
36.7821 0.0000
36.7938 0.0000
36.8055 0.0000
36.8171 0.0000
36.8288 0.0000
36.8405 0.0000
36.8522 0.0000
36.8638 0.0000
36.8755 0.0000
36.8872 0.0000
36.8989 0.0000
36.9105 0.0000
36.9222 0.0000
36.9339 0.0000
36.9455 0.0000
36.9572 0.0000
36.9689 0.0000
36.9806 0.0000
36.9922 0.0000
37.0039 0.0000
37.0156 0.0000
37.0273 0.0000
37.0389 0.0000
37.0506 0.0000
37.0623 0.0000
37.0740 0.0000
37.0856 0.0000
37.0973 0.0000
37.1090 0.0000
37.1206 0.0000
37.1323 0.0000
37.1440 0.0000
37.1557 0.0000
37.1673 0.0000
37.1790 0.0000
37.1907 0.0000
37.2024 0.0000
37.2140 0.0000
37.2257 0.0000
37.2374 0.0000
37.2490 0.0000
37.2607 0.0000
37.2724 0.0000
37.2841 0.0000
37.2957 0.0000
37.3074 0.0000
37.3191 0.0000
37.3308 0.0000
37.3424 0.0000
37.3541 0.0000
37.3658 0.0000
37.3775 0.0000
37.3891 0.0000
37.4008 0.0000
37.4125 0.0000
37.4241 0.0000
37.4358 0.0000
37.4475 0.0000
37.4592 0.0000
37.4708 0.0000
37.4825 0.0000
37.4942 0.0000
37.5059 0.0000
37.5175 0.0000
37.5292 0.0000
37.5409 0.0000
37.5526 0.0000
37.5642 0.0000
37.5759 0.0000
37.5876 0.0000
37.5992 0.0000
37.6109 0.0000
37.6226 0.0000
37.6343 0.0000
37.6459 0.0000
37.6576 0.0000
37.6693 0.0000
37.6810 0.0000
37.6926 0.0000
37.7043 0.0000
37.7160 0.0000
37.7276 0.0000
37.7393 0.0000
37.7510 0.0000
37.7627 0.0000
37.7743 0.0000
37.7860 0.0000
37.7977 0.0000
37.8094 0.0000
37.8210 0.0000
37.8327 0.0000
37.8444 0.0000
37.8561 0.0000
37.8677 0.0000
37.8794 0.0000
37.8911 0.0000
37.9027 0.0000
37.9144 0.0000
37.9261 0.0000
37.9378 0.0000
37.9494 0.0000
37.9611 0.0000
37.9728 0.0000
37.9845 0.0000
37.9961 0.0000
38.0078 0.0000
38.0195 0.0000
38.0311 0.0000
38.0428 0.0000
38.0545 0.0000
38.0662 0.0000
38.0778 0.0000
38.0895 0.0000
38.1012 0.0000
38.1129 0.0000
38.1245 0.0000
38.1362 0.0000
38.1479 0.0000
38.1596 0.0000
38.1712 0.0000
38.1829 0.0000
38.1946 0.0000
38.2062 0.0000
38.2179 0.0000
38.2296 0.0000
38.2413 0.0000
38.2529 0.0000
38.2646 0.0000
38.2763 0.0000
38.2880 0.0000
38.2996 0.0000
38.3113 0.0000
38.3230 0.0000
38.3347 0.0000
38.3463 0.0000
38.3580 0.0000
38.3697 0.0000
38.3813 0.0000
38.3930 0.0000
38.4047 0.0000
38.4164 0.0000
38.4280 0.0000
38.4397 0.0000
38.4514 0.0000
38.4631 0.0000
38.4747 0.0000
38.4864 0.0000
38.4981 0.0000
38.5097 0.0000
38.5214 0.0000
38.5331 0.0000
38.5448 0.0000
38.5564 0.0000
38.5681 0.0000
38.5798 0.0000
38.5915 0.0000
38.6031 0.0000
38.6148 0.0000
38.6265 0.0000
38.6382 0.0000
38.6498 0.0000
38.6615 0.0000
38.6732 0.0000
38.6848 0.0000
38.6965 0.0000
38.7082 0.0000
38.7199 0.0000
38.7315 0.0000
38.7432 0.0000
38.7549 0.0000
38.7666 0.0000
38.7782 0.0000
38.7899 0.0000
38.8016 0.0000
38.8133 0.0000
38.8249 0.0000
38.8366 0.0000
38.8483 0.0000
38.8599 0.0000
38.8716 0.0000
38.8833 0.0000
38.8950 0.0000
38.9066 0.0000
38.9183 0.0000
38.9300 0.0000
38.9417 0.0000
38.9533 0.0000
38.9650 0.0000
38.9767 0.0000
38.9883 0.0000
39.0000 0.0000
39.0117 0.0000
39.0234 0.0000
39.0350 0.0000
39.0467 0.0000
39.0584 0.0000
39.0701 0.0000
39.0817 0.0000
39.0934 0.0000
39.1051 0.0000
39.1168 0.0000
39.1284 0.0000
39.1401 0.0000
39.1518 0.0000
39.1634 0.0000
39.1751 0.0000
39.1868 0.0000
39.1985 0.0000
39.2101 0.0000
39.2218 0.0000
39.2335 0.0000
39.2452 0.0000
39.2568 0.0000
39.2685 0.0000
39.2802 0.0000
39.2919 0.0000
39.3035 0.0000
39.3152 0.0000
39.3269 0.0000
39.3385 0.0000
39.3502 0.0000
39.3619 0.0000
39.3736 0.0000
39.3852 0.0000
39.3969 0.0000
39.4086 0.0000
39.4203 0.0000
39.4319 0.0000
39.4436 0.0000
39.4553 0.0000
39.4669 0.0000
39.4786 0.0000
39.4903 0.0000
39.5020 0.0000
39.5136 0.0000
39.5253 0.0000
39.5370 0.0000
39.5487 0.0000
39.5603 0.0000
39.5720 0.0000
39.5837 0.0000
39.5954 0.0000
39.6070 0.0000
39.6187 0.0000
39.6304 0.0000
39.6420 0.0000
39.6537 0.0000
39.6654 0.0000
39.6771 0.0000
39.6887 0.0000
39.7004 0.0000
39.7121 0.0000
39.7238 0.0000
39.7354 0.0000
39.7471 0.0000
39.7588 0.0000
39.7704 0.0000
39.7821 0.0000
39.7938 0.0000
39.8055 0.0000
39.8171 0.0000
39.8288 0.0000
39.8405 0.0000
39.8522 0.0000
39.8638 0.0000
39.8755 0.0000
39.8872 0.0000
39.8989 0.0000
39.9105 0.0000
39.9222 0.0000
39.9339 0.0000
39.9455 0.0000
39.9572 0.0000
39.9689 0.0000
39.9806 0.0000
39.9922 0.0000
40.0039 0.0000
40.0156 0.0000
40.0273 0.0000
40.0389 0.0000
40.0506 0.0000
40.0623 0.0000
40.0740 0.0000
40.0856 0.0000
40.0973 0.0000
40.1090 0.0000
40.1206 0.0000
40.1323 0.0000
40.1440 0.0000
40.1557 0.0000
40.1673 0.0000
40.1790 0.0000
40.1907 0.0000
40.2024 0.0000
40.2140 0.0000
40.2257 0.0000
40.2374 0.0000
40.2490 0.0000
40.2607 0.0000
40.2724 0.0000
40.2841 0.0000
40.2957 0.0000
40.3074 0.0000
40.3191 0.0000
40.3308 0.0000
40.3424 0.0000
40.3541 0.0000
40.3658 0.0000
40.3775 0.0000
40.3891 0.0000
40.4008 0.0000
40.4125 0.0000
40.4241 0.0000
40.4358 0.0000
40.4475 0.0000
40.4592 0.0000
40.4708 0.0000
40.4825 0.0000
40.4942 0.0000
40.5059 0.0000
40.5175 0.0000
40.5292 0.0000
40.5409 0.0000
40.5526 0.0000
40.5642 0.0000
40.5759 0.0000
40.5876 0.0000
40.5992 0.0000
40.6109 0.0000
40.6226 0.0000
40.6343 0.0000
40.6459 0.0000
40.6576 0.0000
40.6693 0.0000
40.6810 0.0000
40.6926 0.0000
40.7043 0.0000
40.7160 0.0000
40.7276 0.0000
40.7393 0.0000
40.7510 0.0000
40.7627 0.0000
40.7743 0.0000
40.7860 0.0000
40.7977 0.0000
40.8094 0.0000
40.8210 0.0000
40.8327 0.0000
40.8444 0.0000
40.8561 0.0000
40.8677 0.0000
40.8794 0.0000
40.8911 0.0000
40.9027 0.0000
40.9144 0.0000
40.9261 0.0000
40.9378 0.0000
40.9494 0.0000
40.9611 0.0000
40.9728 0.0000
40.9845 0.0000
40.9961 0.0000
41.0078 0.0000
41.0195 0.0000
41.0311 0.0000
41.0428 0.0000
41.0545 0.0000
41.0662 0.0000
41.0778 0.0000
41.0895 0.0000
41.1012 0.0000
41.1129 0.0000
41.1245 0.0000
41.1362 0.0000
41.1479 0.0000
41.1596 0.0000
41.1712 0.0000
41.1829 0.0000
41.1946 0.0000
41.2062 0.0000
41.2179 0.0000
41.2296 0.0000
41.2413 0.0000
41.2529 0.0000
41.2646 0.0000
41.2763 0.0000
41.2880 0.0000
41.2996 0.0000
41.3113 0.0000
41.3230 0.0000
41.3347 0.0000
41.3463 0.0000
41.3580 0.0000
41.3697 0.0000
41.3813 0.0000
41.3930 0.0000
41.4047 0.0000
41.4164 0.0000
41.4280 0.0000
41.4397 0.0000
41.4514 0.0000
41.4631 0.0000
41.4747 0.0000
41.4864 0.0000
41.4981 0.0000
41.5097 0.0000
41.5214 0.0000
41.5331 0.0000
41.5448 0.0000
41.5564 0.0000
41.5681 0.0000
41.5798 0.0000
41.5915 0.0000
41.6031 0.0000
41.6148 0.0000
41.6265 0.0000
41.6382 0.0000
41.6498 0.0000
41.6615 0.0000
41.6732 0.0000
41.6848 0.0000
41.6965 0.0000
41.7082 0.0000
41.7199 0.0000
41.7315 0.0000
41.7432 0.0000
41.7549 0.0000
41.7666 0.0000
41.7782 0.0000
41.7899 0.0000
41.8016 0.0000
41.8133 0.0000
41.8249 0.0000
41.8366 0.0000
41.8483 0.0000
41.8599 0.0000
41.8716 0.0000
41.8833 0.0000
41.8950 0.0000
41.9066 0.0000
41.9183 0.0000
41.9300 0.0000
41.9417 0.0000
41.9533 0.0000
41.9650 0.0000
41.9767 0.0000
41.9883 0.0000
42.0000 0.0000
42.0117 0.0000
42.0234 0.0000
42.0350 0.0000
42.0467 0.0000
42.0584 0.0000
42.0701 0.0000
42.0817 0.0000
42.0934 0.0000
42.1051 0.0000
42.1168 0.0000
42.1284 0.0000
42.1401 0.0000
42.1518 0.0000
42.1634 0.0000
42.1751 0.0000
42.1868 0.0000
42.1985 0.0000
42.2101 0.0000
42.2218 0.0000
42.2335 0.0000
42.2452 0.0000
42.2568 0.0000
42.2685 0.0000
42.2802 0.0000
42.2919 0.0000
42.3035 0.0000
42.3152 0.0000
42.3269 0.0000
42.3385 0.0000
42.3502 0.0000
42.3619 0.0000
42.3736 0.0000
42.3852 0.0000
42.3969 0.0000
42.4086 0.0000
42.4203 0.0000
42.4319 0.0000
42.4436 0.0000
42.4553 0.0000
42.4669 0.0000
42.4786 0.0000
42.4903 0.0000
42.5020 0.0000
42.5136 0.0000
42.5253 0.0000
42.5370 0.0000
42.5487 0.0000
42.5603 0.0000
42.5720 0.0000
42.5837 0.0000
42.5954 0.0000
42.6070 0.0000
42.6187 0.0000
42.6304 0.0000
42.6420 0.0000
42.6537 0.0000
42.6654 0.0000
42.6771 0.0000
42.6887 0.0000
42.7004 0.0000
42.7121 0.0000
42.7238 0.0000
42.7354 0.0000
42.7471 0.0000
42.7588 0.0000
42.7704 0.0000
42.7821 0.0000
42.7938 0.0000
42.8055 0.0000
42.8171 0.0000
42.8288 0.0000
42.8405 0.0000
42.8522 0.0000
42.8638 0.0000
42.8755 0.0000
42.8872 0.0000
42.8989 0.0000
42.9105 0.0000
42.9222 0.0000
42.9339 0.0000
42.9455 0.0000
42.9572 0.0000
42.9689 0.0000
42.9806 0.0000
42.9922 0.0000
43.0039 0.0000
43.0156 0.0000
43.0273 0.0000
43.0389 0.0000
43.0506 0.0000
43.0623 0.0000
43.0740 0.0000
43.0856 0.0000
43.0973 0.0000
43.1090 0.0000
43.1206 0.0000
43.1323 0.0000
43.1440 0.0000
43.1557 0.0000
43.1673 0.0000
43.1790 0.0000
43.1907 0.0000
43.2024 0.0000
43.2140 0.0000
43.2257 0.0000
43.2374 0.0000
43.2490 0.0000
43.2607 0.0000
43.2724 0.0000
43.2841 0.0000
43.2957 0.0000
43.3074 0.0000
43.3191 0.0000
43.3308 0.0000
43.3424 0.0000
43.3541 0.0000
43.3658 0.0000
43.3775 0.0000
43.3891 0.0000
43.4008 0.0000
43.4125 0.0000
43.4241 0.0000
43.4358 0.0000
43.4475 0.0000
43.4592 0.0000
43.4708 0.0000
43.4825 0.0000
43.4942 0.0000
43.5059 0.0000
43.5175 0.0000
43.5292 0.0000
43.5409 0.0000
43.5526 0.0000
43.5642 0.0000
43.5759 0.0000
43.5876 0.0000
43.5992 0.0000
43.6109 0.0000
43.6226 0.0000
43.6343 0.0000
43.6459 0.0000
43.6576 0.0000
43.6693 0.0000
43.6810 0.0000
43.6926 0.0000
43.7043 0.0000
43.7160 0.0000
43.7276 0.0000
43.7393 0.0000
43.7510 0.0000
43.7627 0.0000
43.7743 0.0000
43.7860 0.0000
43.7977 0.0000
43.8094 0.0000
43.8210 0.0000
43.8327 0.0000
43.8444 0.0000
43.8561 0.0000
43.8677 0.0000
43.8794 0.0000
43.8911 0.0000
43.9027 0.0000
43.9144 0.0000
43.9261 0.0000
43.9378 0.0000
43.9494 0.0000
43.9611 0.0000
43.9728 0.0000
43.9845 0.0000
43.9961 0.0000
44.0078 0.0000
44.0195 0.0000
44.0311 0.0000
44.0428 0.0000
44.0545 0.0000
44.0662 0.0000
44.0778 0.0000
44.0895 0.0000
44.1012 0.0000
44.1129 0.0000
44.1245 0.0000
44.1362 0.0000
44.1479 0.0000
44.1596 0.0000
44.1712 0.0000
44.1829 0.0000
44.1946 0.0000
44.2062 0.0000
44.2179 0.0000
44.2296 0.0000
44.2413 0.0000
44.2529 0.0000
44.2646 0.0000
44.2763 0.0000
44.2880 0.0000
44.2996 0.0000
44.3113 0.0000
44.3230 0.0000
44.3347 0.0000
44.3463 0.0000
44.3580 0.0000
44.3697 0.0000
44.3813 0.0000
44.3930 0.0000
44.4047 0.0000
44.4164 0.0000
44.4280 0.0000
44.4397 0.0000
44.4514 0.0000
44.4631 0.0000
44.4747 0.0000
44.4864 0.0000
44.4981 0.0000
44.5097 0.0000
44.5214 0.0000
44.5331 0.0000
44.5448 0.0000
44.5564 0.0000
44.5681 0.0000
44.5798 0.0000
44.5915 0.0000
44.6031 0.0000
44.6148 0.0000
44.6265 0.0000
44.6382 0.0000
44.6498 0.0000
44.6615 0.0000
44.6732 0.0000
44.6848 0.0000
44.6965 0.0000
44.7082 0.0000
44.7199 0.0000
44.7315 0.0000
44.7432 0.0000
44.7549 0.0000
44.7666 0.0000
44.7782 0.0000
44.7899 0.0000
44.8016 0.0000
44.8133 0.0000
44.8249 0.0000
44.8366 0.0000
44.8483 0.0000
44.8599 0.0000
44.8716 0.0000
44.8833 0.0000
44.8950 0.0000
44.9066 0.0000
44.9183 0.0000
44.9300 0.0000
44.9417 0.0000
44.9533 0.0000
44.9650 0.0000
44.9767 0.0000
44.9883 0.0000
45.0000 0.0000
45.0117 0.0000
45.0234 0.0000
45.0350 0.0000
45.0467 0.0000
45.0584 0.0000
45.0701 0.0000
45.0817 0.0000
45.0934 0.0000
45.1051 0.0000
45.1168 0.0000
45.1284 0.0000
45.1401 0.0000
45.1518 0.0000
45.1634 0.0000
45.1751 0.0000
45.1868 0.0000
45.1985 0.0000
45.2101 0.0000
45.2218 0.0000
45.2335 0.0000
45.2452 0.0000
45.2568 0.0000
45.2685 0.0000
45.2802 0.0000
45.2919 0.0000
45.3035 0.0000
45.3152 0.0000
45.3269 0.0000
45.3385 0.0000
45.3502 0.0000
45.3619 0.0000
45.3736 0.0000
45.3852 0.0000
45.3969 0.0000
45.4086 0.0000
45.4203 0.0000
45.4319 0.0000
45.4436 0.0000
45.4553 0.0000
45.4669 0.0000
45.4786 0.0000
45.4903 0.0000
45.5020 0.0000
45.5136 0.0000
45.5253 0.0000
45.5370 0.0000
45.5487 0.0000
45.5603 0.0000
45.5720 0.0000
45.5837 0.0000
45.5954 0.0000
45.6070 0.0000
45.6187 0.0000
45.6304 0.0000
45.6420 0.0000
45.6537 0.0000
45.6654 0.0000
45.6771 0.0000
45.6887 0.0000
45.7004 0.0000
45.7121 0.0000
45.7238 0.0000
45.7354 0.0000
45.7471 0.0000
45.7588 0.0000
45.7704 0.0000
45.7821 0.0000
45.7938 0.0000
45.8055 0.0000
45.8171 0.0000
45.8288 0.0000
45.8405 0.0000
45.8522 0.0000
45.8638 0.0000
45.8755 0.0000
45.8872 0.0000
45.8989 0.0000
45.9105 0.0000
45.9222 0.0000
45.9339 0.0000
45.9455 0.0000
45.9572 0.0000
45.9689 0.0000
45.9806 0.0000
45.9922 0.0000
46.0039 0.0000
46.0156 0.0000
46.0273 0.0000
46.0389 0.0000
46.0506 0.0000
46.0623 0.0000
46.0740 0.0000
46.0856 0.0000
46.0973 0.0000
46.1090 0.0000
46.1206 0.0000
46.1323 0.0000
46.1440 0.0000
46.1557 0.0000
46.1673 0.0000
46.1790 0.0000
46.1907 0.0000
46.2024 0.0000
46.2140 0.0000
46.2257 0.0000
46.2374 0.0000
46.2490 0.0000
46.2607 0.0000
46.2724 0.0000
46.2841 0.0000
46.2957 0.0000
46.3074 0.0000
46.3191 0.0000
46.3308 0.0000
46.3424 0.0000
46.3541 0.0000
46.3658 0.0000
46.3775 0.0000
46.3891 0.0000
46.4008 0.0000
46.4125 0.0000
46.4241 0.0000
46.4358 0.0000
46.4475 0.0000
46.4592 0.0000
46.4708 0.0000
46.4825 0.0000
46.4942 0.0000
46.5059 0.0000
46.5175 0.0000
46.5292 0.0000
46.5409 0.0000
46.5526 0.0000
46.5642 0.0000
46.5759 0.0000
46.5876 0.0000
46.5992 0.0000
46.6109 0.0000
46.6226 0.0000
46.6343 0.0000
46.6459 0.0000
46.6576 0.0000
46.6693 0.0000
46.6810 0.0000
46.6926 0.0000
46.7043 0.0000
46.7160 0.0000
46.7276 0.0000
46.7393 0.0000
46.7510 0.0000
46.7627 0.0000
46.7743 0.0000
46.7860 0.0000
46.7977 0.0000
46.8094 0.0000
46.8210 0.0000
46.8327 0.0000
46.8444 0.0000
46.8561 0.0000
46.8677 0.0000
46.8794 0.0000
46.8911 0.0000
46.9027 0.0000
46.9144 0.0000
46.9261 0.0000
46.9378 0.0000
46.9494 0.0000
46.9611 0.0000
46.9728 0.0000
46.9845 0.0000
46.9961 0.0000
47.0078 0.0000
47.0195 0.0000
47.0311 0.0000
47.0428 0.0000
47.0545 0.0000
47.0662 0.0000
47.0778 0.0000
47.0895 0.0000
47.1012 0.0000
47.1129 0.0000
47.1245 0.0000
47.1362 0.0000
47.1479 0.0000
47.1596 0.0000
47.1712 0.0000
47.1829 0.0000
47.1946 0.0000
47.2062 0.0000
47.2179 0.0000
47.2296 0.0000
47.2413 0.0000
47.2529 0.0000
47.2646 0.0000
47.2763 0.0000
47.2880 0.0000
47.2996 0.0000
47.3113 0.0000
47.3230 0.0000
47.3347 0.0000
47.3463 0.0000
47.3580 0.0000
47.3697 0.0000
47.3813 0.0000
47.3930 0.0000
47.4047 0.0000
47.4164 0.0000
47.4280 0.0000
47.4397 0.0000
47.4514 0.0000
47.4631 0.0000
47.4747 0.0000
47.4864 0.0000
47.4981 0.0000
47.5097 0.0000
47.5214 0.0000
47.5331 0.0000
47.5448 0.0000
47.5564 0.0000
47.5681 0.0000
47.5798 0.0000
47.5915 0.0000
47.6031 0.0000
47.6148 0.0000
47.6265 0.0000
47.6382 0.0000
47.6498 0.0000
47.6615 0.0000
47.6732 0.0000
47.6848 0.0000
47.6965 0.0000
47.7082 0.0000
47.7199 0.0000
47.7315 0.0000
47.7432 0.0000
47.7549 0.0000
47.7666 0.0000
47.7782 0.0000
47.7899 0.0000
47.8016 0.0000
47.8133 0.0000
47.8249 0.0000
47.8366 0.0000
47.8483 0.0000
47.8599 0.0000
47.8716 0.0000
47.8833 0.0000
47.8950 0.0000
47.9066 0.0000
47.9183 0.0000
47.9300 0.0000
47.9417 0.0000
47.9533 0.0000
47.9650 0.0000
47.9767 0.0000
47.9883 0.0000
48.0000 0.0000
48.0117 0.0000
48.0234 0.0000
48.0350 0.0000
48.0467 0.0000
48.0584 0.0000
48.0701 0.0000
48.0817 0.0000
48.0934 0.0000
48.1051 0.0000
48.1168 0.0000
48.1284 0.0000
48.1401 0.0000
48.1518 0.0000
48.1634 0.0000
48.1751 0.0000
48.1868 0.0000
48.1985 0.0000
48.2101 0.0000
48.2218 0.0000
48.2335 0.0000
48.2452 0.0000
48.2568 0.0000
48.2685 0.0000
48.2802 0.0000
48.2919 0.0000
48.3035 0.0000
48.3152 0.0000
48.3269 0.0000
48.3385 0.0000
48.3502 0.0000
48.3619 0.0000
48.3736 0.0000
48.3852 0.0000
48.3969 0.0000
48.4086 0.0000
48.4203 0.0000
48.4319 0.0000
48.4436 0.0000
48.4553 0.0000
48.4669 0.0000
48.4786 0.0000
48.4903 0.0000
48.5020 0.0000
48.5136 0.0000
48.5253 0.0000
48.5370 0.0000
48.5487 0.0000
48.5603 0.0000
48.5720 0.0000
48.5837 0.0000
48.5954 0.0000
48.6070 0.0000
48.6187 0.0000
48.6304 0.0000
48.6420 0.0000
48.6537 0.0000
48.6654 0.0000
48.6771 0.0000
48.6887 0.0000
48.7004 0.0000
48.7121 0.0000
48.7238 0.0000
48.7354 0.0000
48.7471 0.0000
48.7588 0.0000
48.7704 0.0000
48.7821 0.0000
48.7938 0.0000
48.8055 0.0000
48.8171 0.0000
48.8288 0.0000
48.8405 0.0000
48.8522 0.0000
48.8638 0.0000
48.8755 0.0000
48.8872 0.0000
48.8989 0.0000
48.9105 0.0000
48.9222 0.0000
48.9339 0.0000
48.9455 0.0000
48.9572 0.0000
48.9689 0.0000
48.9806 0.0000
48.9922 0.0000
49.0039 0.0000
49.0156 0.0000
49.0273 0.0000
49.0389 0.0000
49.0506 0.0000
49.0623 0.0000
49.0740 0.0000
49.0856 0.0000
49.0973 0.0000
49.1090 0.0000
49.1206 0.0000
49.1323 0.0000
49.1440 0.0000
49.1557 0.0000
49.1673 0.0000
49.1790 0.0000
49.1907 0.0000
49.2024 0.0000
49.2140 0.0000
49.2257 0.0000
49.2374 0.0000
49.2490 0.0000
49.2607 0.0000
49.2724 0.0000
49.2841 0.0000
49.2957 0.0000
49.3074 0.0000
49.3191 0.0000
49.3308 0.0000
49.3424 0.0000
49.3541 0.0000
49.3658 0.0000
49.3775 0.0000
49.3891 0.0000
49.4008 0.0000
49.4125 0.0000
49.4241 0.0000
49.4358 0.0000
49.4475 0.0000
49.4592 0.0000
49.4708 0.0000
49.4825 0.0000
49.4942 0.0000
49.5059 0.0000
49.5175 0.0000
49.5292 0.0000
49.5409 0.0000
49.5526 0.0000
49.5642 0.0000
49.5759 0.0000
49.5876 0.0000
49.5992 0.0000
49.6109 0.0000
49.6226 0.0000
49.6343 0.0000
49.6459 0.0000
49.6576 0.0000
49.6693 0.0000
49.6810 0.0000
49.6926 0.0000
49.7043 0.0000
49.7160 0.0000
49.7276 0.0000
49.7393 0.0000
49.7510 0.0000
49.7627 0.0000
49.7743 0.0000
49.7860 0.0000
49.7977 0.0000
49.8094 0.0000
49.8210 0.0000
49.8327 0.0000
49.8444 0.0000
49.8561 0.0000
49.8677 0.0000
49.8794 0.0000
49.8911 0.0000
49.9027 0.0000
49.9144 0.0000
49.9261 0.0000
49.9378 0.0000
49.9494 0.0000
49.9611 0.0000
49.9728 0.0000
49.9845 0.0000
49.9961 0.0000
50.0078 0.0000
50.0195 0.0000
50.0311 0.0000
50.0428 0.0000
50.0545 0.0000
50.0662 0.0000
50.0778 0.0000
50.0895 0.0000
50.1012 0.0000
50.1129 0.0000
50.1245 0.0000
50.1362 0.0000
50.1479 0.0000
50.1596 0.0000
50.1712 0.0000
50.1829 0.0000
50.1946 0.0000
50.2062 0.0000
50.2179 0.0000
50.2296 0.0000
50.2413 0.0000
50.2529 0.0000
50.2646 0.0000
50.2763 0.0000
50.2880 0.0000
50.2996 0.0000
50.3113 0.0000
50.3230 0.0000
50.3347 0.0000
50.3463 0.0000
50.3580 0.0000
50.3697 0.0000
50.3813 0.0000
50.3930 0.0000
50.4047 0.0000
50.4164 0.0000
50.4280 0.0000
50.4397 0.0000
50.4514 0.0000
50.4631 0.0000
50.4747 0.0000
50.4864 0.0000
50.4981 0.0000
50.5097 0.0000
50.5214 0.0000
50.5331 0.0000
50.5448 0.0000
50.5564 0.0000
50.5681 0.0000
50.5798 0.0000
50.5915 0.0000
50.6031 0.0000
50.6148 0.0000
50.6265 0.0000
50.6382 0.0000
50.6498 0.0000
50.6615 0.0000
50.6732 0.0000
50.6848 0.0000
50.6965 0.0000
50.7082 0.0000
50.7199 0.0000
50.7315 0.0000
50.7432 0.0000
50.7549 0.0000
50.7666 0.0000
50.7782 0.0000
50.7899 0.0000
50.8016 0.0000
50.8133 0.0000
50.8249 0.0000
50.8366 0.0000
50.8483 0.0000
50.8599 0.0000
50.8716 0.0000
50.8833 0.0000
50.8950 0.0000
50.9066 0.0000
50.9183 0.0000
50.9300 0.0000
50.9417 0.0000
50.9533 0.0000
50.9650 0.0000
50.9767 0.0000
50.9883 0.0000
51.0000 0.0000
51.0117 0.0000
51.0234 0.0000
51.0350 0.0000
51.0467 0.0000
51.0584 0.0000
51.0701 0.0000
51.0817 0.0000
51.0934 0.0000
51.1051 0.0000
51.1168 0.0000
51.1284 0.0000
51.1401 0.0000
51.1518 0.0000
51.1634 0.0000
51.1751 0.0000
51.1868 0.0000
51.1985 0.0000
51.2101 0.0000
51.2218 0.0000
51.2335 0.0000
51.2452 0.0000
51.2568 0.0000
51.2685 0.0000
51.2802 0.0000
51.2919 0.0000
51.3035 0.0000
51.3152 0.0000
51.3269 0.0000
51.3385 0.0000
51.3502 0.0000
51.3619 0.0000
51.3736 0.0000
51.3852 0.0000
51.3969 0.0000
51.4086 0.0000
51.4203 0.0000
51.4319 0.0000
51.4436 0.0000
51.4553 0.0000
51.4669 0.0000
51.4786 0.0000
51.4903 0.0000
51.5020 0.0000
51.5136 0.0000
51.5253 0.0000
51.5370 0.0000
51.5487 0.0000
51.5603 0.0000
51.5720 0.0000
51.5837 0.0000
51.5954 0.0000
51.6070 0.0000
51.6187 0.0000
51.6304 0.0000
51.6420 0.0000
51.6537 0.0000
51.6654 0.0000
51.6771 0.0000
51.6887 0.0000
51.7004 0.0000
51.7121 0.0000
51.7238 0.0000
51.7354 0.0000
51.7471 0.0000
51.7588 0.0000
51.7704 0.0000
51.7821 0.0000
51.7938 0.0000
51.8055 0.0000
51.8171 0.0000
51.8288 0.0000
51.8405 0.0000
51.8522 0.0000
51.8638 0.0000
51.8755 0.0000
51.8872 0.0000
51.8989 0.0000
51.9105 0.0000
51.9222 0.0000
51.9339 0.0000
51.9455 0.0000
51.9572 0.0000
51.9689 0.0000
51.9806 0.0000
51.9922 0.0000
52.0039 0.0000
52.0156 0.0000
52.0273 0.0000
52.0389 0.0000
52.0506 0.0000
52.0623 0.0000
52.0740 0.0000
52.0856 0.0000
52.0973 0.0000
52.1090 0.0000
52.1206 0.0000
52.1323 0.0000
52.1440 0.0000
52.1557 0.0000
52.1673 0.0000
52.1790 0.0000
52.1907 0.0000
52.2024 0.0000
52.2140 0.0000
52.2257 0.0000
52.2374 0.0000
52.2490 0.0000
52.2607 0.0000
52.2724 0.0000
52.2841 0.0000
52.2957 0.0000
52.3074 0.0000
52.3191 0.0000
52.3308 0.0000
52.3424 0.0000
52.3541 0.0000
52.3658 0.0000
52.3775 0.0000
52.3891 0.0000
52.4008 0.0000
52.4125 0.0000
52.4241 0.0000
52.4358 0.0000
52.4475 0.0000
52.4592 0.0000
52.4708 0.0000
52.4825 0.0000
52.4942 0.0000
52.5059 0.0000
52.5175 0.0000
52.5292 0.0000
52.5409 0.0000
52.5526 0.0000
52.5642 0.0000
52.5759 0.0000
52.5876 0.0000
52.5992 0.0000
52.6109 0.0000
52.6226 0.0000
52.6343 0.0000
52.6459 0.0000
52.6576 0.0000
52.6693 0.0000
52.6810 0.0000
52.6926 0.0000
52.7043 0.0000
52.7160 0.0000
52.7276 0.0000
52.7393 0.0000
52.7510 0.0000
52.7627 0.0000
52.7743 0.0000
52.7860 0.0000
52.7977 0.0000
52.8094 0.0000
52.8210 0.0000
52.8327 0.0000
52.8444 0.0000
52.8561 0.0000
52.8677 0.0000
52.8794 0.0000
52.8911 0.0000
52.9027 0.0000
52.9144 0.0000
52.9261 0.0000
52.9378 0.0000
52.9494 0.0000
52.9611 0.0000
52.9728 0.0000
52.9845 0.0000
52.9961 0.0000
53.0078 0.0000
53.0195 0.0000
53.0311 0.0000
53.0428 0.0000
53.0545 0.0000
53.0662 0.0000
53.0778 0.0000
53.0895 0.0000
53.1012 0.0000
53.1129 0.0000
53.1245 0.0000
53.1362 0.0000
53.1479 0.0000
53.1596 0.0000
53.1712 0.0000
53.1829 0.0000
53.1946 0.0000
53.2062 0.0000
53.2179 0.0000
53.2296 0.0000
53.2413 0.0000
53.2529 0.0000
53.2646 0.0000
53.2763 0.0000
53.2880 0.0000
53.2996 0.0000
53.3113 0.0000
53.3230 0.0000
53.3347 0.0000
53.3463 0.0000
53.3580 0.0000
53.3697 0.0000
53.3813 0.0000
53.3930 0.0000
53.4047 0.0000
53.4164 0.0000
53.4280 0.0000
53.4397 0.0000
53.4514 0.0000
53.4631 0.0000
53.4747 0.0000
53.4864 0.0000
53.4981 0.0000
53.5097 0.0000
53.5214 0.0000
53.5331 0.0000
53.5448 0.0000
53.5564 0.0000
53.5681 0.0000
53.5798 0.0000
53.5915 0.0000
53.6031 0.0000
53.6148 0.0000
53.6265 0.0000
53.6382 0.0000
53.6498 0.0000
53.6615 0.0000
53.6732 0.0000
53.6848 0.0000
53.6965 0.0000
53.7082 0.0000
53.7199 0.0000
53.7315 0.0000
53.7432 0.0000
53.7549 0.0000
53.7666 0.0000
53.7782 0.0000
53.7899 0.0000
53.8016 0.0000
53.8133 0.0000
53.8249 0.0000
53.8366 0.0000
53.8483 0.0000
53.8599 0.0000
53.8716 0.0000
53.8833 0.0000
53.8950 0.0000
53.9066 0.0000
53.9183 0.0000
53.9300 0.0000
53.9417 0.0000
53.9533 0.0000
53.9650 0.0000
53.9767 0.0000
53.9883 0.0000
54.0000 0.0000
54.0117 0.0000
54.0234 0.0000
54.0350 0.0000
54.0467 0.0000
54.0584 0.0000
54.0701 0.0000
54.0817 0.0000
54.0934 0.0000
54.1051 0.0000
54.1168 0.0000
54.1284 0.0000
54.1401 0.0000
54.1518 0.0000
54.1634 0.0000
54.1751 0.0000
54.1868 0.0000
54.1985 0.0000
54.2101 0.0000
54.2218 0.0000
54.2335 0.0000
54.2452 0.0000
54.2568 0.0000
54.2685 0.0000
54.2802 0.0000
54.2919 0.0000
54.3035 0.0000
54.3152 0.0000
54.3269 0.0000
54.3385 0.0000
54.3502 0.0000
54.3619 0.0000
54.3736 0.0000
54.3852 0.0000
54.3969 0.0000
54.4086 0.0000
54.4203 0.0000
54.4319 0.0000
54.4436 0.0000
54.4553 0.0000
54.4669 0.0000
54.4786 0.0000
54.4903 0.0000
54.5020 0.0000
54.5136 0.0000
54.5253 0.0000
54.5370 0.0000
54.5487 0.0000
54.5603 0.0000
54.5720 0.0000
54.5837 0.0000
54.5954 0.0000
54.6070 0.0000
54.6187 0.0000
54.6304 0.0000
54.6420 0.0000
54.6537 0.0000
54.6654 0.0000
54.6771 0.0000
54.6887 0.0000
54.7004 0.0000
54.7121 0.0000
54.7238 0.0000
54.7354 0.0000
54.7471 0.0000
54.7588 0.0000
54.7704 0.0000
54.7821 0.0000
54.7938 0.0000
54.8055 0.0000
54.8171 0.0000
54.8288 0.0000
54.8405 0.0000
54.8522 0.0000
54.8638 0.0000
54.8755 0.0000
54.8872 0.0000
54.8989 0.0000
54.9105 0.0000
54.9222 0.0000
54.9339 0.0000
54.9455 0.0000
54.9572 0.0000
54.9689 0.0000
54.9806 0.0000
54.9922 0.0000
55.0039 0.0000
55.0156 0.0000
55.0273 0.0000
55.0389 0.0000
55.0506 0.0000
55.0623 0.0000
55.0740 0.0000
55.0856 0.0000
55.0973 0.0000
55.1090 0.0000
55.1206 0.0000
55.1323 0.0000
55.1440 0.0000
55.1557 0.0000
55.1673 0.0000
55.1790 0.0000
55.1907 0.0000
55.2024 0.0000
55.2140 0.0000
55.2257 0.0000
55.2374 0.0000
55.2490 0.0000
55.2607 0.0000
55.2724 0.0000
55.2841 0.0000
55.2957 0.0000
55.3074 0.0000
55.3191 0.0000
55.3308 0.0000
55.3424 0.0000
55.3541 0.0000
55.3658 0.0000
55.3775 0.0000
55.3891 0.0000
55.4008 0.0000
55.4125 0.0000
55.4241 0.0000
55.4358 0.0000
55.4475 0.0000
55.4592 0.0000
55.4708 0.0000
55.4825 0.0000
55.4942 0.0000
55.5059 0.0000
55.5175 0.0000
55.5292 0.0000
55.5409 0.0000
55.5526 0.0000
55.5642 0.0000
55.5759 0.0000
55.5876 0.0000
55.5992 0.0000
55.6109 0.0000
55.6226 0.0000
55.6343 0.0000
55.6459 0.0000
55.6576 0.0000
55.6693 0.0000
55.6810 0.0000
55.6926 0.0000
55.7043 0.0000
55.7160 0.0000
55.7276 0.0000
55.7393 0.0000
55.7510 0.0000
55.7627 0.0000
55.7743 0.0000
55.7860 0.0000
55.7977 0.0000
55.8094 0.0000
55.8210 0.0000
55.8327 0.0000
55.8444 0.0000
55.8561 0.0000
55.8677 0.0000
55.8794 0.0000
55.8911 0.0000
55.9027 0.0000
55.9144 0.0000
55.9261 0.0000
55.9378 0.0000
55.9494 0.0000
55.9611 0.0000
55.9728 0.0000
55.9845 0.0000
55.9961 0.0000
56.0078 0.0000
56.0195 0.0000
56.0311 0.0000
56.0428 0.0000
56.0545 0.0000
56.0662 0.0000
56.0778 0.0000
56.0895 0.0000
56.1012 0.0000
56.1129 0.0000
56.1245 0.0000
56.1362 0.0000
56.1479 0.0000
56.1596 0.0000
56.1712 0.0000
56.1829 0.0000
56.1946 0.0000
56.2062 0.0000
56.2179 0.0000
56.2296 0.0000
56.2413 0.0000
56.2529 0.0000
56.2646 0.0000
56.2763 0.0000
56.2880 0.0000
56.2996 0.0000
56.3113 0.0000
56.3230 0.0000
56.3347 0.0000
56.3463 0.0000
56.3580 0.0000
56.3697 0.0000
56.3813 0.0000
56.3930 0.0000
56.4047 0.0000
56.4164 0.0000
56.4280 0.0000
56.4397 0.0000
56.4514 0.0000
56.4631 0.0000
56.4747 0.0000
56.4864 0.0000
56.4981 0.0000
56.5097 0.0000
56.5214 0.0000
56.5331 0.0000
56.5448 0.0000
56.5564 0.0000
56.5681 0.0000
56.5798 0.0000
56.5915 0.0000
56.6031 0.0000
56.6148 0.0000
56.6265 0.0000
56.6382 0.0000
56.6498 0.0000
56.6615 0.0000
56.6732 0.0000
56.6848 0.0000
56.6965 0.0000
56.7082 0.0000
56.7199 0.0000
56.7315 0.0000
56.7432 0.0000
56.7549 0.0000
56.7666 0.0000
56.7782 0.0000
56.7899 0.0000
56.8016 0.0000
56.8133 0.0000
56.8249 0.0000
56.8366 0.0000
56.8483 0.0000
56.8599 0.0000
56.8716 0.0000
56.8833 0.0000
56.8950 0.0000
56.9066 0.0000
56.9183 0.0000
56.9300 0.0000
56.9417 0.0000
56.9533 0.0000
56.9650 0.0000
56.9767 0.0000
56.9883 0.0000
57.0000 0.0000
57.0117 0.0000
57.0234 0.0000
57.0350 0.0000
57.0467 0.0000
57.0584 0.0000
57.0701 0.0000
57.0817 0.0000
57.0934 0.0000
57.1051 0.0000
57.1168 0.0000
57.1284 0.0000
57.1401 0.0000
57.1518 0.0000
57.1634 0.0000
57.1751 0.0000
57.1868 0.0000
57.1985 0.0000
57.2101 0.0000
57.2218 0.0000
57.2335 0.0000
57.2452 0.0000
57.2568 0.0000
57.2685 0.0000
57.2802 0.0000
57.2919 0.0000
57.3035 0.0000
57.3152 0.0000
57.3269 0.0000
57.3385 0.0000
57.3502 0.0000
57.3619 0.0000
57.3736 0.0000
57.3852 0.0000
57.3969 0.0000
57.4086 0.0000
57.4203 0.0000
57.4319 0.0000
57.4436 0.0000
57.4553 0.0000
57.4669 0.0000
57.4786 0.0000
57.4903 0.0000
57.5020 0.0000
57.5136 0.0000
57.5253 0.0000
57.5370 0.0000
57.5487 0.0000
57.5603 0.0000
57.5720 0.0000
57.5837 0.0000
57.5954 0.0000
57.6070 0.0000
57.6187 0.0000
57.6304 0.0000
57.6420 0.0000
57.6537 0.0000
57.6654 0.0000
57.6771 0.0000
57.6887 0.0000
57.7004 0.0000
57.7121 0.0000
57.7238 0.0000
57.7354 0.0000
57.7471 0.0000
57.7588 0.0000
57.7704 0.0000
57.7821 0.0000
57.7938 0.0000
57.8055 0.0000
57.8171 0.0000
57.8288 0.0000
57.8405 0.0000
57.8522 0.0000
57.8638 0.0000
57.8755 0.0000
57.8872 0.0000
57.8989 0.0000
57.9105 0.0000
57.9222 0.0000
57.9339 0.0000
57.9455 0.0000
57.9572 0.0000
57.9689 0.0000
57.9806 0.0000
57.9922 0.0000
58.0039 0.0000
58.0156 0.0000
58.0273 0.0000
58.0389 0.0000
58.0506 0.0000
58.0623 0.0000
58.0740 0.0000
58.0856 0.0000
58.0973 0.0000
58.1090 0.0000
58.1206 0.0000
58.1323 0.0000
58.1440 0.0000
58.1557 0.0000
58.1673 0.0000
58.1790 0.0000
58.1907 0.0000
58.2024 0.0000
58.2140 0.0000
58.2257 0.0000
58.2374 0.0000
58.2490 0.0000
58.2607 0.0000
58.2724 0.0000
58.2841 0.0000
58.2957 0.0000
58.3074 0.0000
58.3191 0.0000
58.3308 0.0000
58.3424 0.0000
58.3541 0.0000
58.3658 0.0000
58.3775 0.0000
58.3891 0.0000
58.4008 0.0000
58.4125 0.0000
58.4241 0.0000
58.4358 0.0000
58.4475 0.0000
58.4592 0.0000
58.4708 0.0000
58.4825 0.0000
58.4942 0.0000
58.5059 0.0000
58.5175 0.0000
58.5292 0.0000
58.5409 0.0000
58.5526 0.0000
58.5642 0.0000
58.5759 0.0000
58.5876 0.0000
58.5992 0.0000
58.6109 0.0000
58.6226 0.0000
58.6343 0.0000
58.6459 0.0000
58.6576 0.0000
58.6693 0.0000
58.6810 0.0000
58.6926 0.0000
58.7043 0.0000
58.7160 0.0000
58.7276 0.0000
58.7393 0.0000
58.7510 0.0000
58.7627 0.0000
58.7743 0.0000
58.7860 0.0000
58.7977 0.0000
58.8094 0.0000
58.8210 0.0000
58.8327 0.0000
58.8444 0.0000
58.8561 0.0000
58.8677 0.0000
58.8794 0.0000
58.8911 0.0000
58.9027 0.0000
58.9144 0.0000
58.9261 0.0000
58.9378 0.0000
58.9494 0.0000
58.9611 0.0000
58.9728 0.0000
58.9845 0.0000
58.9961 0.0000
59.0078 0.0000
59.0195 0.0000
59.0311 0.0000
59.0428 0.0000
59.0545 0.0000
59.0662 0.0000
59.0778 0.0000
59.0895 0.0000
59.1012 0.0000
59.1129 0.0000
59.1245 0.0000
59.1362 0.0000
59.1479 0.0000
59.1596 0.0000
59.1712 0.0000
59.1829 0.0000
59.1946 0.0000
59.2062 0.0000
59.2179 0.0000
59.2296 0.0000
59.2413 0.0000
59.2529 0.0000
59.2646 0.0000
59.2763 0.0000
59.2880 0.0000
59.2996 0.0000
59.3113 0.0000
59.3230 0.0000
59.3347 0.0000
59.3463 0.0000
59.3580 0.0000
59.3697 0.0000
59.3813 0.0000
59.3930 0.0000
59.4047 0.0000
59.4164 0.0000
59.4280 0.0000
59.4397 0.0000
59.4514 0.0000
59.4631 0.0000
59.4747 0.0000
59.4864 0.0000
59.4981 0.0000
59.5097 0.0000
59.5214 0.0000
59.5331 0.0000
59.5448 0.0000
59.5564 0.0000
59.5681 0.0000
59.5798 0.0000
59.5915 0.0000
59.6031 0.0000
59.6148 0.0000
59.6265 0.0000
59.6382 0.0000
59.6498 0.0000
59.6615 0.0000
59.6732 0.0000
59.6848 0.0000
59.6965 0.0000
59.7082 0.0000
59.7199 0.0000
59.7315 0.0000
59.7432 0.0000
59.7549 0.0000
59.7666 0.0000
59.7782 0.0000
59.7899 0.0000
59.8016 0.0000
59.8133 0.0000
59.8249 0.0000
59.8366 0.0000
59.8483 0.0000
59.8599 0.0000
59.8716 0.0000
59.8833 0.0000
59.8950 0.0000
59.9066 0.0000
59.9183 0.0000
59.9300 0.0000
59.9417 0.0000
59.9533 0.0000
59.9650 0.0000
59.9767 0.0000
59.9883 0.0000
60.0000 0.0000
60.0000 0.0000
60.0117 0.0000
60.0234 0.0000
60.0350 0.0000
60.0467 0.0000
60.0584 0.0000
60.0701 0.0000
60.0817 0.0000
60.0934 0.0000
60.1051 0.0000
60.1168 0.0000
60.1284 0.0000
60.1401 0.0000
60.1518 0.0000
60.1635 0.0000
60.1751 0.0000
60.1868 0.0000
60.1985 0.0000
60.2102 0.0000
60.2218 0.0000
60.2335 0.0000
60.2452 0.0000
60.2569 0.0000
60.2685 0.0000
60.2802 0.0000
60.2919 0.0000
60.3036 0.0000
60.3152 0.0000
60.3269 0.0000
60.3386 0.0000
60.3503 0.0000
60.3619 0.0000
60.3736 0.0000
60.3853 0.0000
60.3970 0.0000
60.4086 0.0000
60.4203 0.0000
60.4320 0.0000
60.4437 0.0000
60.4553 0.0000
60.4670 0.0000
60.4787 0.0001
60.4904 0.0001
60.5020 0.0001
60.5137 0.0001
60.5254 0.0001
60.5371 0.0001
60.5487 0.0001
60.5604 0.0001
60.5721 0.0001
60.5838 0.0001
60.5954 0.0001
60.6071 0.0001
60.6188 0.0001
60.6305 0.0001
60.6421 0.0001
60.6538 0.0001
60.6655 0.0001
60.6772 0.0001
60.6888 0.0001
60.7005 0.0001
60.7122 0.0001
60.7239 0.0001
60.7355 0.0001
60.7472 0.0001
60.7589 0.0001
60.7706 0.0001
60.7822 0.0001
60.7939 0.0001
60.8056 0.0001
60.8173 0.0001
60.8289 0.0001
60.8406 0.0001
60.8523 0.0001
60.8640 0.0001
60.8756 0.0001
60.8873 0.0001
60.8990 0.0002
60.9107 0.0002
60.9223 0.0002
60.9340 0.0002
60.9457 0.0002
60.9574 0.0002
60.9690 0.0002
60.9807 0.0002
60.9924 0.0002
61.0041 0.0002
61.0157 0.0002
61.0274 0.0002
61.0391 0.0002
61.0508 0.0002
61.0624 0.0002
61.0741 0.0002
61.0858 0.0002
61.0975 0.0003
61.1091 0.0003
61.1208 0.0003
61.1325 0.0003
61.1442 0.0003
61.1558 0.0003
61.1675 0.0003
61.1792 0.0003
61.1909 0.0003
61.2025 0.0003
61.2142 0.0003
61.2259 0.0003
61.2376 0.0003
61.2492 0.0004
61.2609 0.0004
61.2726 0.0004
61.2843 0.0004
61.2959 0.0004
61.3076 0.0004
61.3193 0.0004
61.3310 0.0004
61.3426 0.0004
61.3543 0.0004
61.3660 0.0005
61.3777 0.0005
61.3893 0.0005
61.4010 0.0005
61.4127 0.0005
61.4244 0.0005
61.4360 0.0005
61.4477 0.0005
61.4594 0.0005
61.4711 0.0006
61.4827 0.0006
61.4944 0.0006
61.5061 0.0006
61.5178 0.0006
61.5294 0.0006
61.5411 0.0006
61.5528 0.0006
61.5645 0.0007
61.5761 0.0007
61.5878 0.0007
61.5995 0.0007
61.6112 0.0007
61.6228 0.0007
61.6345 0.0007
61.6462 0.0008
61.6579 0.0008
61.6695 0.0008
61.6812 0.0008
61.6929 0.0008
61.7046 0.0008
61.7162 0.0009
61.7279 0.0009
61.7396 0.0009
61.7513 0.0009
61.7629 0.0009
61.7746 0.0009
61.7863 0.0010
61.7979 0.0010
61.8096 0.0010
61.8213 0.0010
61.8330 0.0010
61.8446 0.0011
61.8563 0.0011
61.8680 0.0011
61.8797 0.0011
61.8913 0.0011
61.9030 0.0012
61.9147 0.0012
61.9264 0.0012
61.9380 0.0012
61.9497 0.0012
61.9614 0.0013
61.9731 0.0013
61.9847 0.0013
61.9964 0.0013
62.0081 0.0013
62.0198 0.0014
62.0314 0.0014
62.0431 0.0014
62.0548 0.0014
62.0665 0.0015
62.0781 0.0015
62.0898 0.0015
62.1015 0.0015
62.1132 0.0016
62.1248 0.0016
62.1365 0.0016
62.1482 0.0016
62.1599 0.0017
62.1715 0.0017
62.1832 0.0017
62.1949 0.0017
62.2066 0.0018
62.2182 0.0018
62.2299 0.0018
62.2416 0.0018
62.2533 0.0019
62.2649 0.0019
62.2766 0.0019
62.2883 0.0020
62.2999 0.0020
62.3116 0.0020
62.3233 0.0020
62.3350 0.0021
62.3466 0.0021
62.3583 0.0021
62.3700 0.0022
62.3817 0.0022
62.3933 0.0022
62.4050 0.0023
62.4167 0.0023
62.4284 0.0023
62.4400 0.0024
62.4517 0.0024
62.4634 0.0024
62.4751 0.0025
62.4867 0.0025
62.4984 0.0025
62.5101 0.0026
62.5218 0.0026
62.5334 0.0026
62.5451 0.0027
62.5568 0.0027
62.5685 0.0027
62.5801 0.0028
62.5918 0.0028
62.6035 0.0029
62.6152 0.0029
62.6268 0.0029
62.6385 0.0030
62.6502 0.0030
62.6619 0.0030
62.6735 0.0031
62.6852 0.0031
62.6969 0.0032
62.7086 0.0032
62.7202 0.0032
62.7319 0.0033
62.7436 0.0033
62.7552 0.0034
62.7669 0.0034
62.7786 0.0034
62.7903 0.0035
62.8019 0.0035
62.8136 0.0036
62.8253 0.0036
62.8370 0.0037
62.8486 0.0037
62.8603 0.0037
62.8720 0.0038
62.8837 0.0038
62.8953 0.0039
62.9070 0.0039
62.9187 0.0040
62.9304 0.0040
62.9420 0.0041
62.9537 0.0041
62.9654 0.0042
62.9771 0.0042
62.9887 0.0043
63.0004 0.0043
63.0121 0.0044
63.0237 0.0044
63.0354 0.0045
63.0471 0.0045
63.0588 0.0046
63.0704 0.0046
63.0821 0.0047
63.0938 0.0047
63.1055 0.0048
63.1171 0.0048
63.1288 0.0049
63.1405 0.0049
63.1522 0.0050
63.1638 0.0050
63.1755 0.0051
63.1872 0.0051
63.1989 0.0052
63.2105 0.0052
63.2222 0.0053
63.2339 0.0054
63.2455 0.0054
63.2572 0.0055
63.2689 0.0055
63.2806 0.0056
63.2922 0.0056
63.3039 0.0057
63.3156 0.0058
63.3273 0.0058
63.3389 0.0059
63.3506 0.0059
63.3623 0.0060
63.3740 0.0061
63.3856 0.0061
63.3973 0.0062
63.4090 0.0062
63.4206 0.0063
63.4323 0.0064
63.4440 0.0064
63.4557 0.0065
63.4673 0.0065
63.4790 0.0066
63.4907 0.0067
63.5024 0.0067
63.5140 0.0068
63.5257 0.0069
63.5374 0.0069
63.5490 0.0070
63.5607 0.0071
63.5724 0.0071
63.5841 0.0072
63.5957 0.0073
63.6074 0.0073
63.6191 0.0074
63.6308 0.0075
63.6424 0.0076
63.6541 0.0076
63.6658 0.0077
63.6774 0.0078
63.6891 0.0078
63.7008 0.0079
63.7125 0.0080
63.7241 0.0081
63.7358 0.0081
63.7475 0.0082
63.7592 0.0083
63.7708 0.0084
63.7825 0.0084
63.7942 0.0085
63.8058 0.0086
63.8175 0.0087
63.8292 0.0087
63.8409 0.0088
63.8525 0.0089
63.8642 0.0090
63.8759 0.0090
63.8875 0.0091
63.8992 0.0092
63.9109 0.0093
63.9226 0.0094
63.9342 0.0094
63.9459 0.0095
63.9576 0.0096
63.9693 0.0097
63.9809 0.0098
63.9926 0.0099
64.0043 0.0099
64.0159 0.0100
64.0276 0.0101
64.0393 0.0102
64.0510 0.0103
64.0626 0.0104
64.0743 0.0105
64.0860 0.0105
64.0976 0.0106
64.1093 0.0107
64.1210 0.0108
64.1327 0.0109
64.1443 0.0110
64.1560 0.0111
64.1677 0.0112
64.1793 0.0113
64.1910 0.0113
64.2027 0.0114
64.2144 0.0115
64.2260 0.0116
64.2377 0.0117
64.2494 0.0118
64.2610 0.0119
64.2727 0.0120
64.2844 0.0121
64.2961 0.0122
64.3077 0.0123
64.3194 0.0124
64.3311 0.0125
64.3427 0.0126
64.3544 0.0127
64.3661 0.0128
64.3778 0.0129
64.3894 0.0130
64.4011 0.0131
64.4128 0.0132
64.4244 0.0133
64.4361 0.0134
64.4478 0.0135
64.4595 0.0136
64.4711 0.0137
64.4828 0.0138
64.4945 0.0139
64.5061 0.0140
64.5178 0.0141
64.5295 0.0142
64.5412 0.0143
64.5528 0.0144
64.5645 0.0145
64.5762 0.0146
64.5878 0.0147
64.5995 0.0148
64.6112 0.0150
64.6229 0.0151
64.6345 0.0152
64.6462 0.0153
64.6579 0.0154
64.6695 0.0155
64.6812 0.0156
64.6929 0.0157
64.7045 0.0158
64.7162 0.0160
64.7279 0.0161
64.7396 0.0162
64.7512 0.0163
64.7629 0.0164
64.7746 0.0165
64.7862 0.0166
64.7979 0.0168
64.8096 0.0169
64.8213 0.0170
64.8329 0.0171
64.8446 0.0172
64.8563 0.0174
64.8679 0.0175
64.8796 0.0176
64.8913 0.0177
64.9029 0.0178
64.9146 0.0180
64.9263 0.0181
64.9380 0.0182
64.9496 0.0183
64.9613 0.0185
64.9730 0.0186
64.9846 0.0187
64.9963 0.0188
65.0080 0.0190
65.0196 0.0191
65.0313 0.0192
65.0430 0.0193
65.0546 0.0195
65.0663 0.0196
65.0780 0.0197
65.0897 0.0199
65.1013 0.0200
65.1130 0.0201
65.1247 0.0203
65.1363 0.0204
65.1480 0.0205
65.1597 0.0207
65.1713 0.0208
65.1830 0.0209
65.1947 0.0211
65.2063 0.0212
65.2180 0.0213
65.2297 0.0215
65.2413 0.0216
65.2530 0.0218
65.2647 0.0219
65.2764 0.0220
65.2880 0.0222
65.2997 0.0223
65.3114 0.0225
65.3230 0.0226
65.3347 0.0227
65.3464 0.0229
65.3580 0.0230
65.3697 0.0232
65.3814 0.0233
65.3930 0.0235
65.4047 0.0236
65.4164 0.0238
65.4280 0.0239
65.4397 0.0240
65.4514 0.0242
65.4630 0.0243
65.4747 0.0245
65.4864 0.0246
65.4980 0.0248
65.5097 0.0249
65.5214 0.0251
65.5330 0.0253
65.5447 0.0254
65.5564 0.0256
65.5680 0.0257
65.5797 0.0259
65.5914 0.0260
65.6030 0.0262
65.6147 0.0263
65.6264 0.0265
65.6380 0.0266
65.6497 0.0268
65.6614 0.0270
65.6730 0.0271
65.6847 0.0273
65.6964 0.0274
65.7080 0.0276
65.7197 0.0278
65.7314 0.0279
65.7430 0.0281
65.7547 0.0283
65.7664 0.0284
65.7780 0.0286
65.7897 0.0288
65.8014 0.0289
65.8130 0.0291
65.8247 0.0293
65.8364 0.0294
65.8480 0.0296
65.8597 0.0298
65.8714 0.0299
65.8830 0.0301
65.8947 0.0303
65.9064 0.0304
65.9180 0.0306
65.9297 0.0308
65.9414 0.0310
65.9530 0.0311
65.9647 0.0313
65.9764 0.0315
65.9880 0.0317
65.9997 0.0318
66.0114 0.0320
66.0230 0.0322
66.0347 0.0324
66.0464 0.0326
66.0580 0.0327
66.0697 0.0329
66.0814 0.0331
66.0930 0.0333
66.1047 0.0335
66.1164 0.0336
66.1280 0.0338
66.1397 0.0340
66.1513 0.0342
66.1630 0.0344
66.1747 0.0346
66.1863 0.0348
66.1980 0.0349
66.2097 0.0351
66.2213 0.0353
66.2330 0.0355
66.2447 0.0357
66.2563 0.0359
66.2680 0.0361
66.2797 0.0363
66.2913 0.0365
66.3030 0.0367
66.3146 0.0368
66.3263 0.0370
66.3380 0.0372
66.3496 0.0374
66.3613 0.0376
66.3730 0.0378
66.3846 0.0380
66.3963 0.0382
66.4080 0.0384
66.4196 0.0386
66.4313 0.0388
66.4429 0.0390
66.4546 0.0392
66.4663 0.0394
66.4779 0.0396
66.4896 0.0398
66.5013 0.0400
66.5129 0.0402
66.5246 0.0404
66.5362 0.0407
66.5479 0.0409
66.5596 0.0411
66.5712 0.0413
66.5829 0.0415
66.5946 0.0417
66.6062 0.0419
66.6179 0.0421
66.6295 0.0423
66.6412 0.0425
66.6529 0.0428
66.6645 0.0430
66.6762 0.0432
66.6879 0.0434
66.6995 0.0436
66.7112 0.0438
66.7228 0.0440
66.7345 0.0443
66.7462 0.0445
66.7578 0.0447
66.7695 0.0449
66.7812 0.0451
66.7928 0.0454
66.8045 0.0456
66.8161 0.0458
66.8278 0.0460
66.8395 0.0463
66.8511 0.0465
66.8628 0.0467
66.8744 0.0469
66.8861 0.0472
66.8978 0.0474
66.9094 0.0476
66.9211 0.0478
66.9327 0.0481
66.9444 0.0483
66.9561 0.0485
66.9677 0.0488
66.9794 0.0490
66.9910 0.0492
67.0027 0.0495
67.0144 0.0497
67.0260 0.0499
67.0377 0.0502
67.0493 0.0504
67.0610 0.0506
67.0727 0.0509
67.0843 0.0511
67.0960 0.0513
67.1076 0.0516
67.1193 0.0518
67.1310 0.0521
67.1426 0.0523
67.1543 0.0526
67.1659 0.0528
67.1776 0.0530
67.1893 0.0533
67.2009 0.0535
67.2126 0.0538
67.2242 0.0540
67.2359 0.0543
67.2475 0.0545
67.2592 0.0548
67.2709 0.0550
67.2825 0.0553
67.2942 0.0555
67.3058 0.0558
67.3175 0.0560
67.3292 0.0563
67.3408 0.0565
67.3525 0.0568
67.3641 0.0570
67.3758 0.0573
67.3874 0.0576
67.3991 0.0578
67.4108 0.0581
67.4224 0.0583
67.4341 0.0586
67.4457 0.0589
67.4574 0.0591
67.4690 0.0594
67.4807 0.0596
67.4924 0.0599
67.5040 0.0602
67.5157 0.0604
67.5273 0.0607
67.5390 0.0610
67.5506 0.0612
67.5623 0.0615
67.5739 0.0618
67.5856 0.0620
67.5973 0.0623
67.6089 0.0626
67.6206 0.0628
67.6322 0.0631
67.6439 0.0634
67.6555 0.0637
67.6672 0.0639
67.6788 0.0642
67.6905 0.0645
67.7021 0.0648
67.7138 0.0650
67.7255 0.0653
67.7371 0.0656
67.7488 0.0659
67.7604 0.0662
67.7721 0.0664
67.7837 0.0667
67.7954 0.0670
67.8070 0.0673
67.8187 0.0676
67.8303 0.0679
67.8420 0.0681
67.8537 0.0684
67.8653 0.0687
67.8770 0.0690
67.8886 0.0693
67.9003 0.0696
67.9119 0.0699
67.9236 0.0702
67.9352 0.0705
67.9469 0.0707
67.9585 0.0710
67.9702 0.0713
67.9818 0.0716
67.9935 0.0719
68.0051 0.0722
68.0168 0.0725
68.0284 0.0728
68.0401 0.0731
68.0518 0.0734
68.0634 0.0737
68.0751 0.0740
68.0867 0.0743
68.0984 0.0746
68.1100 0.0749
68.1217 0.0752
68.1333 0.0755
68.1450 0.0758
68.1566 0.0761
68.1683 0.0764
68.1799 0.0768
68.1916 0.0771
68.2032 0.0774
68.2149 0.0777
68.2265 0.0780
68.2382 0.0783
68.2498 0.0786
68.2615 0.0789
68.2731 0.0792
68.2848 0.0796
68.2964 0.0799
68.3081 0.0802
68.3197 0.0805
68.3314 0.0808
68.3430 0.0811
68.3547 0.0815
68.3663 0.0818
68.3780 0.0821
68.3896 0.0824
68.4013 0.0827
68.4129 0.0831
68.4246 0.0834
68.4362 0.0837
68.4479 0.0840
68.4595 0.0844
68.4712 0.0847
68.4828 0.0850
68.4945 0.0854
68.5061 0.0857
68.5178 0.0860
68.5294 0.0863
68.5411 0.0867
68.5527 0.0870
68.5643 0.0873
68.5760 0.0877
68.5876 0.0880
68.5993 0.0883
68.6109 0.0887
68.6226 0.0890
68.6342 0.0894
68.6459 0.0897
68.6575 0.0900
68.6692 0.0904
68.6808 0.0907
68.6925 0.0911
68.7041 0.0914
68.7158 0.0917
68.7274 0.0921
68.7391 0.0924
68.7507 0.0928
68.7623 0.0931
68.7740 0.0935
68.7856 0.0938
68.7973 0.0942
68.8089 0.0945
68.8206 0.0949
68.8322 0.0952
68.8439 0.0956
68.8555 0.0959
68.8671 0.0963
68.8788 0.0966
68.8904 0.0970
68.9021 0.0974
68.9137 0.0977
68.9254 0.0981
68.9370 0.0984
68.9487 0.0988
68.9603 0.0992
68.9719 0.0995
68.9836 0.0999
68.9952 0.1002
69.0069 0.1006
69.0185 0.1010
69.0302 0.1013
69.0418 0.1017
69.0534 0.1021
69.0651 0.1024
69.0767 0.1028
69.0884 0.1032
69.1000 0.1035
69.1117 0.1039
69.1233 0.1043
69.1349 0.1047
69.1466 0.1050
69.1582 0.1054
69.1699 0.1058
69.1815 0.1062
69.1932 0.1065
69.2048 0.1069
69.2164 0.1073
69.2281 0.1077
69.2397 0.1081
69.2514 0.1084
69.2630 0.1088
69.2746 0.1092
69.2863 0.1096
69.2979 0.1100
69.3096 0.1104
69.3212 0.1107
69.3328 0.1111
69.3445 0.1115
69.3561 0.1119
69.3678 0.1123
69.3794 0.1127
69.3910 0.1131
69.4027 0.1135
69.4143 0.1139
69.4260 0.1143
69.4376 0.1147
69.4492 0.1150
69.4609 0.1154
69.4725 0.1158
69.4841 0.1162
69.4958 0.1166
69.5074 0.1170
69.5191 0.1174
69.5307 0.1178
69.5423 0.1182
69.5540 0.1186
69.5656 0.1190
69.5772 0.1195
69.5889 0.1199
69.6005 0.1203
69.6121 0.1207
69.6238 0.1211
69.6354 0.1215
69.6471 0.1219
69.6587 0.1223
69.6703 0.1227
69.6820 0.1231
69.6936 0.1235
69.7052 0.1240
69.7169 0.1244
69.7285 0.1248
69.7401 0.1252
69.7518 0.1256
69.7634 0.1260
69.7750 0.1265
69.7867 0.1269
69.7983 0.1273
69.8099 0.1277
69.8216 0.1282
69.8332 0.1286
69.8448 0.1290
69.8565 0.1294
69.8681 0.1299
69.8797 0.1303
69.8914 0.1307
69.9030 0.1311
69.9146 0.1316
69.9263 0.1320
69.9379 0.1324
69.9495 0.1329
69.9612 0.1333
69.9728 0.1337
69.9844 0.1342
69.9961 0.1346
70.0077 0.1350
70.0193 0.1355
70.0310 0.1359
70.0426 0.1363
70.0542 0.1368
70.0659 0.1372
70.0775 0.1377
70.0891 0.1381
70.1007 0.1386
70.1124 0.1390
70.1240 0.1394
70.1356 0.1399
70.1473 0.1403
70.1589 0.1408
70.1705 0.1412
70.1822 0.1417
70.1938 0.1421
70.2054 0.1426
70.2170 0.1430
70.2287 0.1435
70.2403 0.1439
70.2519 0.1444
70.2636 0.1449
70.2752 0.1453
70.2868 0.1458
70.2984 0.1462
70.3101 0.1467
70.3217 0.1472
70.3333 0.1476
70.3450 0.1481
70.3566 0.1485
70.3682 0.1490
70.3798 0.1495
70.3915 0.1499
70.4031 0.1504
70.4147 0.1509
70.4263 0.1513
70.4380 0.1518
70.4496 0.1523
70.4612 0.1527
70.4728 0.1532
70.4845 0.1537
70.4961 0.1542
70.5077 0.1546
70.5193 0.1551
70.5310 0.1556
70.5426 0.1561
70.5542 0.1565
70.5658 0.1570
70.5775 0.1575
70.5891 0.1580
70.6007 0.1585
70.6123 0.1589
70.6240 0.1594
70.6356 0.1599
70.6472 0.1604
70.6588 0.1609
70.6705 0.1614
70.6821 0.1619
70.6937 0.1623
70.7053 0.1628
70.7169 0.1633
70.7286 0.1638
70.7402 0.1643
70.7518 0.1648
70.7634 0.1653
70.7751 0.1658
70.7867 0.1663
70.7983 0.1668
70.8099 0.1673
70.8215 0.1678
70.8332 0.1683
70.8448 0.1688
70.8564 0.1693
70.8680 0.1698
70.8796 0.1703
70.8913 0.1708
70.9029 0.1713
70.9145 0.1718
70.9261 0.1723
70.9377 0.1728
70.9494 0.1733
70.9610 0.1738
70.9726 0.1744
70.9842 0.1749
70.9958 0.1754
71.0074 0.1759
71.0191 0.1764
71.0307 0.1769
71.0423 0.1774
71.0539 0.1779
71.0655 0.1785
71.0771 0.1790
71.0888 0.1795
71.1004 0.1800
71.1120 0.1805
71.1236 0.1811
71.1352 0.1816
71.1468 0.1821
71.1585 0.1826
71.1701 0.1832
71.1817 0.1837
71.1933 0.1842
71.2049 0.1848
71.2165 0.1853
71.2281 0.1858
71.2398 0.1863
71.2514 0.1869
71.2630 0.1874
71.2746 0.1879
71.2862 0.1885
71.2978 0.1890
71.3094 0.1896
71.3211 0.1901
71.3327 0.1906
71.3443 0.1912
71.3559 0.1917
71.3675 0.1923
71.3791 0.1928
71.3907 0.1933
71.4023 0.1939
71.4140 0.1944
71.4256 0.1950
71.4372 0.1955
71.4488 0.1961
71.4604 0.1966
71.4720 0.1972
71.4836 0.1977
71.4952 0.1983
71.5068 0.1988
71.5184 0.1994
71.5301 0.1999
71.5417 0.2005
71.5533 0.2011
71.5649 0.2016
71.5765 0.2022
71.5881 0.2027
71.5997 0.2033
71.6113 0.2038
71.6229 0.2044
71.6345 0.2050
71.6461 0.2055
71.6577 0.2061
71.6694 0.2067
71.6810 0.2072
71.6926 0.2078
71.7042 0.2084
71.7158 0.2089
71.7274 0.2095
71.7390 0.2101
71.7506 0.2107
71.7622 0.2112
71.7738 0.2118
71.7854 0.2124
71.7970 0.2130
71.8086 0.2135
71.8202 0.2141
71.8318 0.2147
71.8434 0.2153
71.8550 0.2159
71.8666 0.2164
71.8782 0.2170
71.8899 0.2176
71.9015 0.2182
71.9131 0.2188
71.9247 0.2194
71.9363 0.2200
71.9479 0.2205
71.9595 0.2211
71.9711 0.2217
71.9827 0.2223
71.9943 0.2229
72.0059 0.2235
72.0175 0.2241
72.0291 0.2247
72.0407 0.2253
72.0523 0.2259
72.0639 0.2265
72.0755 0.2271
72.0871 0.2277
72.0987 0.2283
72.1103 0.2289
72.1219 0.2295
72.1335 0.2301
72.1451 0.2307
72.1567 0.2313
72.1683 0.2319
72.1799 0.2325
72.1915 0.2331
72.2031 0.2337
72.2147 0.2343
72.2263 0.2350
72.2379 0.2356
72.2495 0.2362
72.2610 0.2368
72.2726 0.2374
72.2842 0.2380
72.2958 0.2387
72.3074 0.2393
72.3190 0.2399
72.3306 0.2405
72.3422 0.2411
72.3538 0.2418
72.3654 0.2424
72.3770 0.2430
72.3886 0.2436
72.4002 0.2443
72.4118 0.2449
72.4234 0.2455
72.4350 0.2461
72.4466 0.2468
72.4582 0.2474
72.4698 0.2480
72.4813 0.2487
72.4929 0.2493
72.5045 0.2499
72.5161 0.2506
72.5277 0.2512
72.5393 0.2518
72.5509 0.2525
72.5625 0.2531
72.5741 0.2538
72.5857 0.2544
72.5973 0.2551
72.6089 0.2557
72.6204 0.2563
72.6320 0.2570
72.6436 0.2576
72.6552 0.2583
72.6668 0.2589
72.6784 0.2596
72.6900 0.2602
72.7016 0.2609
72.7132 0.2615
72.7247 0.2622
72.7363 0.2628
72.7479 0.2635
72.7595 0.2642
72.7711 0.2648
72.7827 0.2655
72.7943 0.2661
72.8059 0.2668
72.8174 0.2675
72.8290 0.2681
72.8406 0.2688
72.8522 0.2694
72.8638 0.2701
72.8754 0.2708
72.8869 0.2714
72.8985 0.2721
72.9101 0.2728
72.9217 0.2734
72.9333 0.2741
72.9449 0.2748
72.9565 0.2755
72.9680 0.2761
72.9796 0.2768
72.9912 0.2775
73.0028 0.2782
73.0144 0.2788
73.0259 0.2795
73.0375 0.2802
73.0491 0.2809
73.0607 0.2816
73.0723 0.2823
73.0839 0.2829
73.0954 0.2836
73.1070 0.2843
73.1186 0.2850
73.1302 0.2857
73.1418 0.2864
73.1533 0.2871
73.1649 0.2878
73.1765 0.2884
73.1881 0.2891
73.1996 0.2898
73.2112 0.2905
73.2228 0.2912
73.2344 0.2919
73.2460 0.2926
73.2575 0.2933
73.2691 0.2940
73.2807 0.2947
73.2923 0.2954
73.3038 0.2961
73.3154 0.2968
73.3270 0.2975
73.3386 0.2982
73.3501 0.2989
73.3617 0.2997
73.3733 0.3004
73.3849 0.3011
73.3964 0.3018
73.4080 0.3025
73.4196 0.3032
73.4312 0.3039
73.4427 0.3046
73.4543 0.3054
73.4659 0.3061
73.4775 0.3068
73.4890 0.3075
73.5006 0.3082
73.5122 0.3089
73.5237 0.3097
73.5353 0.3104
73.5469 0.3111
73.5585 0.3118
73.5700 0.3126
73.5816 0.3133
73.5932 0.3140
73.6047 0.3148
73.6163 0.3155
73.6279 0.3162
73.6394 0.3169
73.6510 0.3177
73.6626 0.3184
73.6741 0.3191
73.6857 0.3199
73.6973 0.3206
73.7088 0.3214
73.7204 0.3221
73.7320 0.3228
73.7435 0.3236
73.7551 0.3243
73.7667 0.3251
73.7782 0.3258
73.7898 0.3266
73.8014 0.3273
73.8129 0.3280
73.8245 0.3288
73.8361 0.3295
73.8476 0.3303
73.8592 0.3310
73.8708 0.3318
73.8823 0.3326
73.8939 0.3333
73.9055 0.3341
73.9170 0.3348
73.9286 0.3356
73.9401 0.3363
73.9517 0.3371
73.9633 0.3379
73.9748 0.3386
73.9864 0.3394
73.9979 0.3401
74.0095 0.3409
74.0211 0.3417
74.0326 0.3424
74.0442 0.3432
74.0557 0.3440
74.0673 0.3447
74.0789 0.3455
74.0904 0.3463
74.1020 0.3471
74.1135 0.3478
74.1251 0.3486
74.1366 0.3494
74.1482 0.3502
74.1598 0.3509
74.1713 0.3517
74.1829 0.3525
74.1944 0.3533
74.2060 0.3541
74.2175 0.3548
74.2291 0.3556
74.2406 0.3564
74.2522 0.3572
74.2638 0.3580
74.2753 0.3588
74.2869 0.3596
74.2984 0.3604
74.3100 0.3611
74.3215 0.3619
74.3331 0.3627
74.3446 0.3635
74.3562 0.3643
74.3677 0.3651
74.3793 0.3659
74.3908 0.3667
74.4024 0.3675
74.4139 0.3683
74.4255 0.3691
74.4370 0.3699
74.4486 0.3707
74.4601 0.3715
74.4717 0.3723
74.4832 0.3731
74.4948 0.3739
74.5063 0.3748
74.5179 0.3756
74.5294 0.3764
74.5410 0.3772
74.5525 0.3780
74.5641 0.3788
74.5756 0.3796
74.5872 0.3804
74.5987 0.3813
74.6103 0.3821
74.6218 0.3829
74.6333 0.3837
74.6449 0.3845
74.6564 0.3854
74.6680 0.3862
74.6795 0.3870
74.6911 0.3878
74.7026 0.3887
74.7142 0.3895
74.7257 0.3903
74.7372 0.3911
74.7488 0.3920
74.7603 0.3928
74.7719 0.3936
74.7834 0.3945
74.7949 0.3953
74.8065 0.3961
74.8180 0.3970
74.8296 0.3978
74.8411 0.3987
74.8526 0.3995
74.8642 0.4003
74.8757 0.4012
74.8873 0.4020
74.8988 0.4029
74.9103 0.4037
74.9219 0.4046
74.9334 0.4054
74.9450 0.4062
74.9565 0.4071
74.9680 0.4079
74.9796 0.4088
74.9911 0.4096
75.0026 0.4105
75.0142 0.4114
75.0257 0.4122
75.0372 0.4131
75.0488 0.4139
75.0603 0.4148
75.0718 0.4156
75.0834 0.4165
75.0949 0.4174
75.1064 0.4182
75.1180 0.4191
75.1295 0.4200
75.1410 0.4208
75.1526 0.4217
75.1641 0.4226
75.1756 0.4234
75.1872 0.4243
75.1987 0.4252
75.2102 0.4260
75.2218 0.4269
75.2333 0.4278
75.2448 0.4287
75.2563 0.4295
75.2679 0.4304
75.2794 0.4313
75.2909 0.4322
75.3025 0.4331
75.3140 0.4339
75.3255 0.4348
75.3370 0.4357
75.3486 0.4366
75.3601 0.4375
75.3716 0.4384
75.3831 0.4392
75.3947 0.4401
75.4062 0.4410
75.4177 0.4419
75.4292 0.4428
75.4408 0.4437
75.4523 0.4446
75.4638 0.4455
75.4753 0.4464
75.4869 0.4473
75.4984 0.4482
75.5099 0.4491
75.5214 0.4500
75.5330 0.4509
75.5445 0.4518
75.5560 0.4527
75.5675 0.4536
75.5790 0.4545
75.5906 0.4554
75.6021 0.4563
75.6136 0.4572
75.6251 0.4581
75.6366 0.4590
75.6481 0.4600
75.6597 0.4609
75.6712 0.4618
75.6827 0.4627
75.6942 0.4636
75.7057 0.4645
75.7173 0.4654
75.7288 0.4664
75.7403 0.4673
75.7518 0.4682
75.7633 0.4691
75.7748 0.4701
75.7863 0.4710
75.7979 0.4719
75.8094 0.4728
75.8209 0.4738
75.8324 0.4747
75.8439 0.4756
75.8554 0.4766
75.8669 0.4775
75.8784 0.4784
75.8900 0.4794
75.9015 0.4803
75.9130 0.4812
75.9245 0.4822
75.9360 0.4831
75.9475 0.4840
75.9590 0.4850
75.9705 0.4859
75.9820 0.4869
75.9935 0.4878
76.0051 0.4888
76.0166 0.4897
76.0281 0.4906
76.0396 0.4916
76.0511 0.4925
76.0626 0.4935
76.0741 0.4944
76.0856 0.4954
76.0971 0.4963
76.1086 0.4973
76.1201 0.4983
76.1316 0.4992
76.1431 0.5002
76.1546 0.5011
76.1661 0.5021
76.1776 0.5031
76.1891 0.5040
76.2006 0.5050
76.2121 0.5059
76.2236 0.5069
76.2351 0.5079
76.2466 0.5088
76.2581 0.5098
76.2696 0.5108
76.2811 0.5117
76.2926 0.5127
76.3041 0.5137
76.3156 0.5147
76.3271 0.5156
76.3386 0.5166
76.3501 0.5176
76.3616 0.5186
76.3731 0.5195
76.3846 0.5205
76.3961 0.5215
76.4076 0.5225
76.4191 0.5235
76.4306 0.5245
76.4421 0.5254
76.4536 0.5264
76.4651 0.5274
76.4766 0.5284
76.4881 0.5294
76.4996 0.5304
76.5111 0.5314
76.5226 0.5324
76.5340 0.5334
76.5455 0.5344
76.5570 0.5354
76.5685 0.5364
76.5800 0.5374
76.5915 0.5384
76.6030 0.5394
76.6145 0.5404
76.6260 0.5414
76.6375 0.5424
76.6489 0.5434
76.6604 0.5444
76.6719 0.5454
76.6834 0.5464
76.6949 0.5474
76.7064 0.5484
76.7179 0.5494
76.7294 0.5504
76.7408 0.5514
76.7523 0.5525
76.7638 0.5535
76.7753 0.5545
76.7868 0.5555
76.7983 0.5565
76.8097 0.5575
76.8212 0.5586
76.8327 0.5596
76.8442 0.5606
76.8557 0.5616
76.8672 0.5627
76.8786 0.5637
76.8901 0.5647
76.9016 0.5657
76.9131 0.5668
76.9246 0.5678
76.9360 0.5688
76.9475 0.5699
76.9590 0.5709
76.9705 0.5719
76.9820 0.5730
76.9934 0.5740
77.0049 0.5750
77.0164 0.5761
77.0279 0.5771
77.0393 0.5782
77.0508 0.5792
77.0623 0.5803
77.0738 0.5813
77.0852 0.5823
77.0967 0.5834
77.1082 0.5844
77.1197 0.5855
77.1311 0.5865
77.1426 0.5876
77.1541 0.5886
77.1655 0.5897
77.1770 0.5908
77.1885 0.5918
77.2000 0.5929
77.2114 0.5939
77.2229 0.5950
77.2344 0.5960
77.2458 0.5971
77.2573 0.5982
77.2688 0.5992
77.2802 0.6003
77.2917 0.6014
77.3032 0.6024
77.3147 0.6035
77.3261 0.6046
77.3376 0.6056
77.3491 0.6067
77.3605 0.6078
77.3720 0.6088
77.3834 0.6099
77.3949 0.6110
77.4064 0.6121
77.4178 0.6131
77.4293 0.6142
77.4408 0.6153
77.4522 0.6164
77.4637 0.6175
77.4752 0.6185
77.4866 0.6196
77.4981 0.6207
77.5095 0.6218
77.5210 0.6229
77.5325 0.6240
77.5439 0.6251
77.5554 0.6262
77.5668 0.6272
77.5783 0.6283
77.5897 0.6294
77.6012 0.6305
77.6127 0.6316
77.6241 0.6327
77.6356 0.6338
77.6470 0.6349
77.6585 0.6360
77.6699 0.6371
77.6814 0.6382
77.6929 0.6393
77.7043 0.6404
77.7158 0.6415
77.7272 0.6426
77.7387 0.6437
77.7501 0.6449
77.7616 0.6460
77.7730 0.6471
77.7845 0.6482
77.7959 0.6493
77.8074 0.6504
77.8188 0.6515
77.8303 0.6526
77.8417 0.6538
77.8532 0.6549
77.8646 0.6560
77.8761 0.6571
77.8875 0.6582
77.8990 0.6594
77.9104 0.6605
77.9219 0.6616
77.9333 0.6627
77.9448 0.6639
77.9562 0.6650
77.9676 0.6661
77.9791 0.6673
77.9905 0.6684
78.0020 0.6695
78.0134 0.6707
78.0249 0.6718
78.0363 0.6729
78.0477 0.6741
78.0592 0.6752
78.0706 0.6763
78.0821 0.6775
78.0935 0.6786
78.1049 0.6798
78.1164 0.6809
78.1278 0.6821
78.1393 0.6832
78.1507 0.6843
78.1621 0.6855
78.1736 0.6866
78.1850 0.6878
78.1965 0.6889
78.2079 0.6901
78.2193 0.6912
78.2308 0.6924
78.2422 0.6936
78.2536 0.6947
78.2651 0.6959
78.2765 0.6970
78.2879 0.6982
78.2994 0.6994
78.3108 0.7005
78.3222 0.7017
78.3337 0.7028
78.3451 0.7040
78.3565 0.7052
78.3680 0.7063
78.3794 0.7075
78.3908 0.7087
78.4022 0.7098
78.4137 0.7110
78.4251 0.7122
78.4365 0.7134
78.4480 0.7145
78.4594 0.7157
78.4708 0.7169
78.4822 0.7181
78.4937 0.7193
78.5051 0.7204
78.5165 0.7216
78.5279 0.7228
78.5394 0.7240
78.5508 0.7252
78.5622 0.7264
78.5736 0.7275
78.5851 0.7287
78.5965 0.7299
78.6079 0.7311
78.6193 0.7323
78.6307 0.7335
78.6422 0.7347
78.6536 0.7359
78.6650 0.7371
78.6764 0.7383
78.6878 0.7395
78.6993 0.7407
78.7107 0.7419
78.7221 0.7431
78.7335 0.7443
78.7449 0.7455
78.7563 0.7467
78.7678 0.7479
78.7792 0.7491
78.7906 0.7503
78.8020 0.7515
78.8134 0.7527
78.8248 0.7539
78.8362 0.7552
78.8476 0.7564
78.8591 0.7576
78.8705 0.7588
78.8819 0.7600
78.8933 0.7612
78.9047 0.7625
78.9161 0.7637
78.9275 0.7649
78.9389 0.7661
78.9503 0.7673
78.9617 0.7686
78.9732 0.7698
78.9846 0.7710
78.9960 0.7722
79.0074 0.7735
79.0188 0.7747
79.0302 0.7759
79.0416 0.7772
79.0530 0.7784
79.0644 0.7796
79.0758 0.7809
79.0872 0.7821
79.0986 0.7833
79.1100 0.7846
79.1214 0.7858
79.1328 0.7871
79.1442 0.7883
79.1556 0.7896
79.1670 0.7908
79.1784 0.7920
79.1898 0.7933
79.2012 0.7945
79.2126 0.7958
79.2240 0.7970
79.2354 0.7983
79.2468 0.7995
79.2582 0.8008
79.2696 0.8020
79.2810 0.8033
79.2924 0.8046
79.3038 0.8058
79.3152 0.8071
79.3266 0.8083
79.3380 0.8096
79.3494 0.8109
79.3608 0.8121
79.3722 0.8134
79.3835 0.8147
79.3949 0.8159
79.4063 0.8172
79.4177 0.8185
79.4291 0.8197
79.4405 0.8210
79.4519 0.8223
79.4633 0.8235
79.4747 0.8248
79.4860 0.8261
79.4974 0.8274
79.5088 0.8286
79.5202 0.8299
79.5316 0.8312
79.5430 0.8325
79.5544 0.8338
79.5658 0.8350
79.5771 0.8363
79.5885 0.8376
79.5999 0.8389
79.6113 0.8402
79.6227 0.8415
79.6341 0.8428
79.6454 0.8441
79.6568 0.8454
79.6682 0.8466
79.6796 0.8479
79.6910 0.8492
79.7023 0.8505
79.7137 0.8518
79.7251 0.8531
79.7365 0.8544
79.7478 0.8557
79.7592 0.8570
79.7706 0.8583
79.7820 0.8596
79.7933 0.8609
79.8047 0.8622
79.8161 0.8636
79.8275 0.8649
79.8388 0.8662
79.8502 0.8675
79.8616 0.8688
79.8730 0.8701
79.8843 0.8714
79.8957 0.8727
79.9071 0.8741
79.9184 0.8754
79.9298 0.8767
79.9412 0.8780
79.9526 0.8793
79.9639 0.8806
79.9753 0.8820
79.9867 0.8833
79.9980 0.8846
80.0094 0.8859
80.0208 0.8873
80.0321 0.8886
80.0435 0.8899
80.0549 0.8913
80.0662 0.8926
80.0776 0.8939
80.0889 0.8953
80.1003 0.8966
80.1117 0.8979
80.1230 0.8993
80.1344 0.9006
80.1458 0.9019
80.1571 0.9033
80.1685 0.9046
80.1798 0.9060
80.1912 0.9073
80.2026 0.9087
80.2139 0.9100
80.2253 0.9113
80.2366 0.9127
80.2480 0.9140
80.2593 0.9154
80.2707 0.9167
80.2821 0.9181
80.2934 0.9195
80.3048 0.9208
80.3161 0.9222
80.3275 0.9235
80.3388 0.9249
80.3502 0.9262
80.3615 0.9276
80.3729 0.9290
80.3842 0.9303
80.3956 0.9317
80.4069 0.9331
80.4183 0.9344
80.4296 0.9358
80.4410 0.9372
80.4523 0.9385
80.4637 0.9399
80.4750 0.9413
80.4864 0.9426
80.4977 0.9440
80.5091 0.9454
80.5204 0.9468
80.5317 0.9481
80.5431 0.9495
80.5544 0.9509
80.5658 0.9523
80.5771 0.9537
80.5885 0.9550
80.5998 0.9564
80.6111 0.9578
80.6225 0.9592
80.6338 0.9606
80.6452 0.9620
80.6565 0.9634
80.6678 0.9647
80.6792 0.9661
80.6905 0.9675
80.7019 0.9689
80.7132 0.9703
80.7245 0.9717
80.7359 0.9731
80.7472 0.9745
80.7585 0.9759
80.7699 0.9773
80.7812 0.9787
80.7925 0.9801
80.8039 0.9815
80.8152 0.9829
80.8265 0.9843
80.8379 0.9857
80.8492 0.9871
80.8605 0.9885
80.8718 0.9899
80.8832 0.9914
80.8945 0.9928
80.9058 0.9942
80.9172 0.9956
80.9285 0.9970
80.9398 0.9984
80.9511 0.9998
80.9625 1.0013
80.9738 1.0027
80.9851 1.0041
80.9964 1.0055
81.0078 1.0070
81.0191 1.0084
81.0304 1.0098
81.0417 1.0112
81.0531 1.0127
81.0644 1.0141
81.0757 1.0155
81.0870 1.0169
81.0983 1.0184
81.1097 1.0198
81.1210 1.0212
81.1323 1.0227
81.1436 1.0241
81.1549 1.0256
81.1662 1.0270
81.1776 1.0284
81.1889 1.0299
81.2002 1.0313
81.2115 1.0328
81.2228 1.0342
81.2341 1.0356
81.2454 1.0371
81.2568 1.0385
81.2681 1.0400
81.2794 1.0414
81.2907 1.0429
81.3020 1.0443
81.3133 1.0458
81.3246 1.0472
81.3359 1.0487
81.3472 1.0502
81.3585 1.0516
81.3699 1.0531
81.3812 1.0545
81.3925 1.0560
81.4038 1.0575
81.4151 1.0589
81.4264 1.0604
81.4377 1.0618
81.4490 1.0633
81.4603 1.0648
81.4716 1.0662
81.4829 1.0677
81.4942 1.0692
81.5055 1.0707
81.5168 1.0721
81.5281 1.0736
81.5394 1.0751
81.5507 1.0766
81.5620 1.0780
81.5733 1.0795
81.5846 1.0810
81.5959 1.0825
81.6072 1.0840
81.6185 1.0854
81.6298 1.0869
81.6411 1.0884
81.6524 1.0899
81.6637 1.0914
81.6750 1.0929
81.6862 1.0944
81.6975 1.0958
81.7088 1.0973
81.7201 1.0988
81.7314 1.1003
81.7427 1.1018
81.7540 1.1033
81.7653 1.1048
81.7766 1.1063
81.7879 1.1078
81.7991 1.1093
81.8104 1.1108
81.8217 1.1123
81.8330 1.1138
81.8443 1.1153
81.8556 1.1168
81.8669 1.1183
81.8781 1.1198
81.8894 1.1214
81.9007 1.1229
81.9120 1.1244
81.9233 1.1259
81.9346 1.1274
81.9458 1.1289
81.9571 1.1304
81.9684 1.1319
81.9797 1.1335
81.9910 1.1350
82.0022 1.1365
82.0135 1.1380
82.0248 1.1395
82.0361 1.1411
82.0473 1.1426
82.0586 1.1441
82.0699 1.1456
82.0812 1.1472
82.0924 1.1487
82.1037 1.1502
82.1150 1.1518
82.1263 1.1533
82.1375 1.1548
82.1488 1.1564
82.1601 1.1579
82.1713 1.1594
82.1826 1.1610
82.1939 1.1625
82.2051 1.1640
82.2164 1.1656
82.2277 1.1671
82.2389 1.1687
82.2502 1.1702
82.2615 1.1718
82.2727 1.1733
82.2840 1.1749
82.2953 1.1764
82.3065 1.1780
82.3178 1.1795
82.3291 1.1811
82.3403 1.1826
82.3516 1.1842
82.3628 1.1857
82.3741 1.1873
82.3854 1.1888
82.3966 1.1904
82.4079 1.1920
82.4191 1.1935
82.4304 1.1951
82.4417 1.1966
82.4529 1.1982
82.4642 1.1998
82.4754 1.2013
82.4867 1.2029
82.4979 1.2045
82.5092 1.2060
82.5204 1.2076
82.5317 1.2092
82.5429 1.2108
82.5542 1.2123
82.5654 1.2139
82.5767 1.2155
82.5880 1.2171
82.5992 1.2186
82.6104 1.2202
82.6217 1.2218
82.6329 1.2234
82.6442 1.2250
82.6554 1.2265
82.6667 1.2281
82.6779 1.2297
82.6892 1.2313
82.7004 1.2329
82.7117 1.2345
82.7229 1.2361
82.7341 1.2377
82.7454 1.2392
82.7566 1.2408
82.7679 1.2424
82.7791 1.2440
82.7904 1.2456
82.8016 1.2472
82.8128 1.2488
82.8241 1.2504
82.8353 1.2520
82.8465 1.2536
82.8578 1.2552
82.8690 1.2568
82.8803 1.2584
82.8915 1.2600
82.9027 1.2617
82.9140 1.2633
82.9252 1.2649
82.9364 1.2665
82.9477 1.2681
82.9589 1.2697
82.9701 1.2713
82.9813 1.2729
82.9926 1.2746
83.0038 1.2762
83.0150 1.2778
83.0263 1.2794
83.0375 1.2810
83.0487 1.2827
83.0599 1.2843
83.0712 1.2859
83.0824 1.2875
83.0936 1.2892
83.1048 1.2908
83.1161 1.2924
83.1273 1.2940
83.1385 1.2957
83.1497 1.2973
83.1610 1.2989
83.1722 1.3006
83.1834 1.3022
83.1946 1.3038
83.2058 1.3055
83.2170 1.3071
83.2283 1.3088
83.2395 1.3104
83.2507 1.3120
83.2619 1.3137
83.2731 1.3153
83.2843 1.3170
83.2956 1.3186
83.3068 1.3203
83.3180 1.3219
83.3292 1.3236
83.3404 1.3252
83.3516 1.3269
83.3628 1.3285
83.3740 1.3302
83.3853 1.3318
83.3965 1.3335
83.4077 1.3351
83.4189 1.3368
83.4301 1.3384
83.4413 1.3401
83.4525 1.3418
83.4637 1.3434
83.4749 1.3451
83.4861 1.3468
83.4973 1.3484
83.5085 1.3501
83.5197 1.3518
83.5309 1.3534
83.5421 1.3551
83.5533 1.3568
83.5645 1.3584
83.5757 1.3601
83.5869 1.3618
83.5981 1.3635
83.6093 1.3651
83.6205 1.3668
83.6317 1.3685
83.6429 1.3702
83.6541 1.3718
83.6653 1.3735
83.6765 1.3752
83.6877 1.3769
83.6989 1.3786
83.7101 1.3803
83.7213 1.3820
83.7325 1.3836
83.7437 1.3853
83.7548 1.3870
83.7660 1.3887
83.7772 1.3904
83.7884 1.3921
83.7996 1.3938
83.8108 1.3955
83.8220 1.3972
83.8332 1.3989
83.8443 1.4006
83.8555 1.4023
83.8667 1.4040
83.8779 1.4057
83.8891 1.4074
83.9003 1.4091
83.9115 1.4108
83.9226 1.4125
83.9338 1.4142
83.9450 1.4159
83.9562 1.4176
83.9674 1.4193
83.9785 1.4211
83.9897 1.4228
84.0009 1.4245
84.0121 1.4262
84.0232 1.4279
84.0344 1.4296
84.0456 1.4314
84.0568 1.4331
84.0679 1.4348
84.0791 1.4365
84.0903 1.4382
84.1015 1.4400
84.1126 1.4417
84.1238 1.4434
84.1350 1.4451
84.1461 1.4469
84.1573 1.4486
84.1685 1.4503
84.1797 1.4521
84.1908 1.4538
84.2020 1.4555
84.2132 1.4573
84.2243 1.4590
84.2355 1.4607
84.2466 1.4625
84.2578 1.4642
84.2690 1.4659
84.2801 1.4677
84.2913 1.4694
84.3025 1.4712
84.3136 1.4729
84.3248 1.4747
84.3359 1.4764
84.3471 1.4782
84.3583 1.4799
84.3694 1.4817
84.3806 1.4834
84.3917 1.4852
84.4029 1.4869
84.4140 1.4887
84.4252 1.4904
84.4364 1.4922
84.4475 1.4939
84.4587 1.4957
84.4698 1.4975
84.4810 1.4992
84.4921 1.5010
84.5033 1.5027
84.5144 1.5045
84.5256 1.5063
84.5367 1.5080
84.5479 1.5098
84.5590 1.5116
84.5702 1.5133
84.5813 1.5151
84.5925 1.5169
84.6036 1.5186
84.6147 1.5204
84.6259 1.5222
84.6370 1.5240
84.6482 1.5257
84.6593 1.5275
84.6705 1.5293
84.6816 1.5311
84.6927 1.5329
84.7039 1.5346
84.7150 1.5364
84.7262 1.5382
84.7373 1.5400
84.7484 1.5418
84.7596 1.5436
84.7707 1.5454
84.7818 1.5471
84.7930 1.5489
84.8041 1.5507
84.8152 1.5525
84.8264 1.5543
84.8375 1.5561
84.8486 1.5579
84.8598 1.5597
84.8709 1.5615
84.8820 1.5633
84.8932 1.5651
84.9043 1.5669
84.9154 1.5687
84.9265 1.5705
84.9377 1.5723
84.9488 1.5741
84.9599 1.5759
84.9710 1.5777
84.9822 1.5795
84.9933 1.5814
85.0044 1.5832
85.0155 1.5850
85.0267 1.5868
85.0378 1.5886
85.0489 1.5904
85.0600 1.5922
85.0711 1.5940
85.0823 1.5959
85.0934 1.5977
85.1045 1.5995
85.1156 1.6013
85.1267 1.6032
85.1378 1.6050
85.1490 1.6068
85.1601 1.6086
85.1712 1.6105
85.1823 1.6123
85.1934 1.6141
85.2045 1.6159
85.2156 1.6178
85.2267 1.6196
85.2379 1.6214
85.2490 1.6233
85.2601 1.6251
85.2712 1.6269
85.2823 1.6288
85.2934 1.6306
85.3045 1.6325
85.3156 1.6343
85.3267 1.6361
85.3378 1.6380
85.3489 1.6398
85.3600 1.6417
85.3711 1.6435
85.3822 1.6454
85.3933 1.6472
85.4044 1.6491
85.4155 1.6509
85.4266 1.6528
85.4377 1.6546
85.4488 1.6565
85.4599 1.6583
85.4710 1.6602
85.4821 1.6620
85.4932 1.6639
85.5043 1.6658
85.5154 1.6676
85.5265 1.6695
85.5376 1.6713
85.5487 1.6732
85.5598 1.6751
85.5709 1.6769
85.5820 1.6788
85.5930 1.6807
85.6041 1.6825
85.6152 1.6844
85.6263 1.6863
85.6374 1.6881
85.6485 1.6900
85.6596 1.6919
85.6707 1.6938
85.6817 1.6956
85.6928 1.6975
85.7039 1.6994
85.7150 1.7013
85.7261 1.7031
85.7372 1.7050
85.7482 1.7069
85.7593 1.7088
85.7704 1.7107
85.7815 1.7126
85.7926 1.7144
85.8036 1.7163
85.8147 1.7182
85.8258 1.7201
85.8369 1.7220
85.8479 1.7239
85.8590 1.7258
85.8701 1.7277
85.8812 1.7296
85.8922 1.7315
85.9033 1.7334
85.9144 1.7353
85.9254 1.7372
85.9365 1.7391
85.9476 1.7410
85.9586 1.7429
85.9697 1.7448
85.9808 1.7467
85.9918 1.7486
86.0029 1.7505
86.0140 1.7524
86.0250 1.7543
86.0361 1.7562
86.0472 1.7581
86.0582 1.7600
86.0693 1.7619
86.0804 1.7639
86.0914 1.7658
86.1025 1.7677
86.1135 1.7696
86.1246 1.7715
86.1357 1.7734
86.1467 1.7754
86.1578 1.7773
86.1688 1.7792
86.1799 1.7811
86.1909 1.7831
86.2020 1.7850
86.2130 1.7869
86.2241 1.7888
86.2352 1.7908
86.2462 1.7927
86.2573 1.7946
86.2683 1.7966
86.2794 1.7985
86.2904 1.8004
86.3015 1.8024
86.3125 1.8043
86.3235 1.8062
86.3346 1.8082
86.3456 1.8101
86.3567 1.8120
86.3677 1.8140
86.3788 1.8159
86.3898 1.8179
86.4009 1.8198
86.4119 1.8218
86.4229 1.8237
86.4340 1.8256
86.4450 1.8276
86.4561 1.8295
86.4671 1.8315
86.4781 1.8334
86.4892 1.8354
86.5002 1.8374
86.5113 1.8393
86.5223 1.8413
86.5333 1.8432
86.5444 1.8452
86.5554 1.8471
86.5664 1.8491
86.5775 1.8511
86.5885 1.8530
86.5995 1.8550
86.6105 1.8569
86.6216 1.8589
86.6326 1.8609
86.6436 1.8628
86.6547 1.8648
86.6657 1.8668
86.6767 1.8688
86.6877 1.8707
86.6988 1.8727
86.7098 1.8747
86.7208 1.8766
86.7318 1.8786
86.7429 1.8806
86.7539 1.8826
86.7649 1.8846
86.7759 1.8865
86.7869 1.8885
86.7980 1.8905
86.8090 1.8925
86.8200 1.8945
86.8310 1.8964
86.8420 1.8984
86.8530 1.9004
86.8641 1.9024
86.8751 1.9044
86.8861 1.9064
86.8971 1.9084
86.9081 1.9104
86.9191 1.9124
86.9301 1.9144
86.9411 1.9164
86.9522 1.9184
86.9632 1.9203
86.9742 1.9223
86.9852 1.9243
86.9962 1.9263
87.0072 1.9283
87.0182 1.9304
87.0292 1.9324
87.0402 1.9344
87.0512 1.9364
87.0622 1.9384
87.0732 1.9404
87.0842 1.9424
87.0952 1.9444
87.1062 1.9464
87.1172 1.9484
87.1282 1.9504
87.1392 1.9524
87.1502 1.9545
87.1612 1.9565
87.1722 1.9585
87.1832 1.9605
87.1942 1.9625
87.2052 1.9646
87.2162 1.9666
87.2272 1.9686
87.2382 1.9706
87.2492 1.9726
87.2602 1.9747
87.2711 1.9767
87.2821 1.9787
87.2931 1.9808
87.3041 1.9828
87.3151 1.9848
87.3261 1.9868
87.3371 1.9889
87.3481 1.9909
87.3590 1.9929
87.3700 1.9950
87.3810 1.9970
87.3920 1.9991
87.4030 2.0011
87.4140 2.0031
87.4249 2.0052
87.4359 2.0072
87.4469 2.0093
87.4579 2.0113
87.4688 2.0134
87.4798 2.0154
87.4908 2.0174
87.5018 2.0195
87.5128 2.0215
87.5237 2.0236
87.5347 2.0256
87.5457 2.0277
87.5566 2.0297
87.5676 2.0318
87.5786 2.0339
87.5896 2.0359
87.6005 2.0380
87.6115 2.0400
87.6225 2.0421
87.6334 2.0442
87.6444 2.0462
87.6554 2.0483
87.6663 2.0503
87.6773 2.0524
87.6883 2.0545
87.6992 2.0565
87.7102 2.0586
87.7211 2.0607
87.7321 2.0627
87.7431 2.0648
87.7540 2.0669
87.7650 2.0690
87.7759 2.0710
87.7869 2.0731
87.7979 2.0752
87.8088 2.0773
87.8198 2.0793
87.8307 2.0814
87.8417 2.0835
87.8526 2.0856
87.8636 2.0877
87.8745 2.0897
87.8855 2.0918
87.8964 2.0939
87.9074 2.0960
87.9183 2.0981
87.9293 2.1002
87.9402 2.1023
87.9512 2.1044
87.9621 2.1064
87.9731 2.1085
87.9840 2.1106
87.9950 2.1127
88.0059 2.1148
88.0169 2.1169
88.0278 2.1190
88.0387 2.1211
88.0497 2.1232
88.0606 2.1253
88.0716 2.1274
88.0825 2.1295
88.0934 2.1316
88.1044 2.1337
88.1153 2.1358
88.1263 2.1379
88.1372 2.1400
88.1481 2.1422
88.1591 2.1443
88.1700 2.1464
88.1809 2.1485
88.1919 2.1506
88.2028 2.1527
88.2137 2.1548
88.2247 2.1569
88.2356 2.1591
88.2465 2.1612
88.2574 2.1633
88.2684 2.1654
88.2793 2.1675
88.2902 2.1697
88.3011 2.1718
88.3121 2.1739
88.3230 2.1760
88.3339 2.1782
88.3448 2.1803
88.3558 2.1824
88.3667 2.1845
88.3776 2.1867
88.3885 2.1888
88.3994 2.1909
88.4104 2.1931
88.4213 2.1952
88.4322 2.1973
88.4431 2.1995
88.4540 2.2016
88.4649 2.2038
88.4759 2.2059
88.4868 2.2080
88.4977 2.2102
88.5086 2.2123
88.5195 2.2145
88.5304 2.2166
88.5413 2.2187
88.5522 2.2209
88.5631 2.2230
88.5740 2.2252
88.5850 2.2273
88.5959 2.2295
88.6068 2.2316
88.6177 2.2338
88.6286 2.2359
88.6395 2.2381
88.6504 2.2403
88.6613 2.2424
88.6722 2.2446
88.6831 2.2467
88.6940 2.2489
88.7049 2.2511
88.7158 2.2532
88.7267 2.2554
88.7376 2.2575
88.7485 2.2597
88.7594 2.2619
88.7703 2.2640
88.7812 2.2662
88.7921 2.2684
88.8029 2.2705
88.8138 2.2727
88.8247 2.2749
88.8356 2.2771
88.8465 2.2792
88.8574 2.2814
88.8683 2.2836
88.8792 2.2858
88.8901 2.2879
88.9009 2.2901
88.9118 2.2923
88.9227 2.2945
88.9336 2.2967
88.9445 2.2988
88.9554 2.3010
88.9663 2.3032
88.9771 2.3054
88.9880 2.3076
88.9989 2.3098
89.0098 2.3120
89.0207 2.3142
89.0315 2.3163
89.0424 2.3185
89.0533 2.3207
89.0642 2.3229
89.0750 2.3251
89.0859 2.3273
89.0968 2.3295
89.1077 2.3317
89.1185 2.3339
89.1294 2.3361
89.1403 2.3383
89.1511 2.3405
89.1620 2.3427
89.1729 2.3449
89.1837 2.3471
89.1946 2.3493
89.2055 2.3515
89.2163 2.3537
89.2272 2.3560
89.2381 2.3582
89.2489 2.3604
89.2598 2.3626
89.2707 2.3648
89.2815 2.3670
89.2924 2.3692
89.3032 2.3714
89.3141 2.3737
89.3250 2.3759
89.3358 2.3781
89.3467 2.3803
89.3575 2.3825
89.3684 2.3848
89.3792 2.3870
89.3901 2.3892
89.4010 2.3914
89.4118 2.3937
89.4227 2.3959
89.4335 2.3981
89.4444 2.4003
89.4552 2.4026
89.4661 2.4048
89.4769 2.4070
89.4878 2.4093
89.4986 2.4115
89.5094 2.4137
89.5203 2.4160
89.5311 2.4182
89.5420 2.4205
89.5528 2.4227
89.5637 2.4249
89.5745 2.4272
89.5853 2.4294
89.5962 2.4317
89.6070 2.4339
89.6179 2.4361
89.6287 2.4384
89.6395 2.4406
89.6504 2.4429
89.6612 2.4451
89.6721 2.4474
89.6829 2.4496
89.6937 2.4519
89.7046 2.4541
89.7154 2.4564
89.7262 2.4587
89.7370 2.4609
89.7479 2.4632
89.7587 2.4654
89.7695 2.4677
89.7804 2.4699
89.7912 2.4722
89.8020 2.4745
89.8128 2.4767
89.8237 2.4790
89.8345 2.4813
89.8453 2.4835
89.8561 2.4858
89.8670 2.4881
89.8778 2.4903
89.8886 2.4926
89.8994 2.4949
89.9102 2.4971
89.9211 2.4994
89.9319 2.5017
89.9427 2.5040
89.9535 2.5062
89.9643 2.5085
89.9751 2.5108
89.9860 2.5131
89.9968 2.5154
90.0076 2.5176
90.0184 2.5199
90.0292 2.5222
90.0400 2.5245
90.0508 2.5268
90.0616 2.5291
90.0724 2.5313
90.0832 2.5336
90.0941 2.5359
90.1049 2.5382
90.1157 2.5405
90.1265 2.5428
90.1373 2.5451
90.1481 2.5474
90.1589 2.5497
90.1697 2.5520
90.1805 2.5543
90.1913 2.5566
90.2021 2.5589
90.2129 2.5612
90.2237 2.5635
90.2345 2.5658
90.2453 2.5681
90.2561 2.5704
90.2669 2.5727
90.2777 2.5750
90.2884 2.5773
90.2992 2.5796
90.3100 2.5819
90.3208 2.5842
90.3316 2.5865
90.3424 2.5888
90.3532 2.5911
90.3640 2.5935
90.3748 2.5958
90.3856 2.5981
90.3963 2.6004
90.4071 2.6027
90.4179 2.6050
90.4287 2.6074
90.4395 2.6097
90.4503 2.6120
90.4610 2.6143
90.4718 2.6167
90.4826 2.6190
90.4934 2.6213
90.5042 2.6236
90.5149 2.6260
90.5257 2.6283
90.5365 2.6306
90.5473 2.6329
90.5580 2.6353
90.5688 2.6376
90.5796 2.6399
90.5904 2.6423
90.6011 2.6446
90.6119 2.6469
90.6227 2.6493
90.6334 2.6516
90.6442 2.6540
90.6550 2.6563
90.6657 2.6586
90.6765 2.6610
90.6873 2.6633
90.6980 2.6657
90.7088 2.6680
90.7196 2.6704
90.7303 2.6727
90.7411 2.6751
90.7518 2.6774
90.7626 2.6798
90.7734 2.6821
90.7841 2.6845
90.7949 2.6868
90.8056 2.6892
90.8164 2.6915
90.8272 2.6939
90.8379 2.6962
90.8487 2.6986
90.8594 2.7009
90.8702 2.7033
90.8809 2.7057
90.8917 2.7080
90.9024 2.7104
90.9132 2.7128
90.9239 2.7151
90.9347 2.7175
90.9454 2.7198
90.9562 2.7222
90.9669 2.7246
90.9777 2.7270
90.9884 2.7293
90.9991 2.7317
91.0099 2.7341
91.0206 2.7364
91.0314 2.7388
91.0421 2.7412
91.0529 2.7436
91.0636 2.7459
91.0743 2.7483
91.0851 2.7507
91.0958 2.7531
91.1065 2.7555
91.1173 2.7578
91.1280 2.7602
91.1388 2.7626
91.1495 2.7650
91.1602 2.7674
91.1709 2.7698
91.1817 2.7722
91.1924 2.7745
91.2031 2.7769
91.2139 2.7793
91.2246 2.7817
91.2353 2.7841
91.2461 2.7865
91.2568 2.7889
91.2675 2.7913
91.2782 2.7937
91.2889 2.7961
91.2997 2.7985
91.3104 2.8009
91.3211 2.8033
91.3318 2.8057
91.3426 2.8081
91.3533 2.8105
91.3640 2.8129
91.3747 2.8153
91.3854 2.8177
91.3961 2.8201
91.4069 2.8225
91.4176 2.8249
91.4283 2.8273
91.4390 2.8298
91.4497 2.8322
91.4604 2.8346
91.4711 2.8370
91.4818 2.8394
91.4926 2.8418
91.5033 2.8442
91.5140 2.8467
91.5247 2.8491
91.5354 2.8515
91.5461 2.8539
91.5568 2.8563
91.5675 2.8588
91.5782 2.8612
91.5889 2.8636
91.5996 2.8660
91.6103 2.8685
91.6210 2.8709
91.6317 2.8733
91.6424 2.8757
91.6531 2.8782
91.6638 2.8806
91.6745 2.8830
91.6852 2.8855
91.6959 2.8879
91.7066 2.8903
91.7173 2.8928
91.7280 2.8952
91.7387 2.8977
91.7493 2.9001
91.7600 2.9025
91.7707 2.9050
91.7814 2.9074
91.7921 2.9099
91.8028 2.9123
91.8135 2.9147
91.8242 2.9172
91.8348 2.9196
91.8455 2.9221
91.8562 2.9245
91.8669 2.9270
91.8776 2.9294
91.8883 2.9319
91.8989 2.9343
91.9096 2.9368
91.9203 2.9392
91.9310 2.9417
91.9416 2.9442
91.9523 2.9466
91.9630 2.9491
91.9737 2.9515
91.9843 2.9540
91.9950 2.9565
92.0057 2.9589
92.0164 2.9614
92.0270 2.9638
92.0377 2.9663
92.0484 2.9688
92.0590 2.9712
92.0697 2.9737
92.0804 2.9762
92.0910 2.9786
92.1017 2.9811
92.1124 2.9836
92.1230 2.9861
92.1337 2.9885
92.1444 2.9910
92.1550 2.9935
92.1657 2.9960
92.1763 2.9984
92.1870 3.0009
92.1977 3.0034
92.2083 3.0059
92.2190 3.0084
92.2296 3.0108
92.2403 3.0133
92.2509 3.0158
92.2616 3.0183
92.2722 3.0208
92.2829 3.0233
92.2935 3.0257
92.3042 3.0282
92.3148 3.0307
92.3255 3.0332
92.3361 3.0357
92.3468 3.0382
92.3574 3.0407
92.3681 3.0432
92.3787 3.0457
92.3894 3.0482
92.4000 3.0507
92.4107 3.0532
92.4213 3.0557
92.4319 3.0582
92.4426 3.0607
92.4532 3.0632
92.4639 3.0657
92.4745 3.0682
92.4851 3.0707
92.4958 3.0732
92.5064 3.0757
92.5170 3.0782
92.5277 3.0807
92.5383 3.0832
92.5489 3.0857
92.5596 3.0882
92.5702 3.0908
92.5808 3.0933
92.5915 3.0958
92.6021 3.0983
92.6127 3.1008
92.6233 3.1033
92.6340 3.1058
92.6446 3.1084
92.6552 3.1109
92.6658 3.1134
92.6765 3.1159
92.6871 3.1184
92.6977 3.1210
92.7083 3.1235
92.7190 3.1260
92.7296 3.1285
92.7402 3.1311
92.7508 3.1336
92.7614 3.1361
92.7720 3.1387
92.7827 3.1412
92.7933 3.1437
92.8039 3.1463
92.8145 3.1488
92.8251 3.1513
92.8357 3.1539
92.8463 3.1564
92.8569 3.1589
92.8676 3.1615
92.8782 3.1640
92.8888 3.1666
92.8994 3.1691
92.9100 3.1716
92.9206 3.1742
92.9312 3.1767
92.9418 3.1793
92.9524 3.1818
92.9630 3.1844
92.9736 3.1869
92.9842 3.1895
92.9948 3.1920
93.0054 3.1946
93.0160 3.1971
93.0266 3.1997
93.0372 3.2022
93.0478 3.2048
93.0584 3.2073
93.0690 3.2099
93.0796 3.2124
93.0902 3.2150
93.1008 3.2176
93.1113 3.2201
93.1219 3.2227
93.1325 3.2252
93.1431 3.2278
93.1537 3.2304
93.1643 3.2329
93.1749 3.2355
93.1855 3.2381
93.1960 3.2406
93.2066 3.2432
93.2172 3.2458
93.2278 3.2483
93.2384 3.2509
93.2490 3.2535
93.2595 3.2561
93.2701 3.2586
93.2807 3.2612
93.2913 3.2638
93.3018 3.2664
93.3124 3.2689
93.3230 3.2715
93.3336 3.2741
93.3441 3.2767
93.3547 3.2793
93.3653 3.2818
93.3759 3.2844
93.3864 3.2870
93.3970 3.2896
93.4076 3.2922
93.4181 3.2948
93.4287 3.2974
93.4393 3.2999
93.4498 3.3025
93.4604 3.3051
93.4710 3.3077
93.4815 3.3103
93.4921 3.3129
93.5027 3.3155
93.5132 3.3181
93.5238 3.3207
93.5343 3.3233
93.5449 3.3259
93.5555 3.3285
93.5660 3.3311
93.5766 3.3337
93.5871 3.3363
93.5977 3.3389
93.6082 3.3415
93.6188 3.3441
93.6293 3.3467
93.6399 3.3493
93.6504 3.3519
93.6610 3.3545
93.6715 3.3571
93.6821 3.3597
93.6926 3.3623
93.7032 3.3650
93.7137 3.3676
93.7243 3.3702
93.7348 3.3728
93.7454 3.3754
93.7559 3.3780
93.7664 3.3807
93.7770 3.3833
93.7875 3.3859
93.7981 3.3885
93.8086 3.3911
93.8191 3.3938
93.8297 3.3964
93.8402 3.3990
93.8507 3.4016
93.8613 3.4042
93.8718 3.4069
93.8823 3.4095
93.8929 3.4121
93.9034 3.4148
93.9139 3.4174
93.9245 3.4200
93.9350 3.4227
93.9455 3.4253
93.9561 3.4279
93.9666 3.4306
93.9771 3.4332
93.9876 3.4358
93.9982 3.4385
94.0087 3.4411
94.0192 3.4437
94.0297 3.4464
94.0402 3.4490
94.0508 3.4517
94.0613 3.4543
94.0718 3.4570
94.0823 3.4596
94.0928 3.4622
94.1034 3.4649
94.1139 3.4675
94.1244 3.4702
94.1349 3.4728
94.1454 3.4755
94.1559 3.4781
94.1664 3.4808
94.1769 3.4834
94.1875 3.4861
94.1980 3.4888
94.2085 3.4914
94.2190 3.4941
94.2295 3.4967
94.2400 3.4994
94.2505 3.5020
94.2610 3.5047
94.2715 3.5074
94.2820 3.5100
94.2925 3.5127
94.3030 3.5154
94.3135 3.5180
94.3240 3.5207
94.3345 3.5233
94.3450 3.5260
94.3555 3.5287
94.3660 3.5314
94.3765 3.5340
94.3870 3.5367
94.3975 3.5394
94.4080 3.5420
94.4185 3.5447
94.4290 3.5474
94.4395 3.5501
94.4499 3.5527
94.4604 3.5554
94.4709 3.5581
94.4814 3.5608
94.4919 3.5635
94.5024 3.5661
94.5129 3.5688
94.5233 3.5715
94.5338 3.5742
94.5443 3.5769
94.5548 3.5796
94.5653 3.5822
94.5758 3.5849
94.5862 3.5876
94.5967 3.5903
94.6072 3.5930
94.6177 3.5957
94.6281 3.5984
94.6386 3.6011
94.6491 3.6038
94.6596 3.6065
94.6700 3.6092
94.6805 3.6119
94.6910 3.6146
94.7015 3.6173
94.7119 3.6200
94.7224 3.6227
94.7329 3.6254
94.7433 3.6281
94.7538 3.6308
94.7643 3.6335
94.7747 3.6362
94.7852 3.6389
94.7956 3.6416
94.8061 3.6443
94.8166 3.6470
94.8270 3.6497
94.8375 3.6524
94.8479 3.6551
94.8584 3.6578
94.8689 3.6605
94.8793 3.6633
94.8898 3.6660
94.9002 3.6687
94.9107 3.6714
94.9211 3.6741
94.9316 3.6768
94.9420 3.6796
94.9525 3.6823
94.9629 3.6850
94.9734 3.6877
94.9838 3.6904
94.9943 3.6932
95.0047 3.6959
95.0152 3.6986
95.0256 3.7013
95.0361 3.7041
95.0465 3.7068
95.0570 3.7095
95.0674 3.7123
95.0778 3.7150
95.0883 3.7177
95.0987 3.7205
95.1092 3.7232
95.1196 3.7259
95.1300 3.7287
95.1405 3.7314
95.1509 3.7341
95.1613 3.7369
95.1718 3.7396
95.1822 3.7423
95.1926 3.7451
95.2031 3.7478
95.2135 3.7506
95.2239 3.7533
95.2343 3.7561
95.2448 3.7588
95.2552 3.7615
95.2656 3.7643
95.2761 3.7670
95.2865 3.7698
95.2969 3.7725
95.3073 3.7753
95.3177 3.7780
95.3282 3.7808
95.3386 3.7835
95.3490 3.7863
95.3594 3.7891
95.3698 3.7918
95.3803 3.7946
95.3907 3.7973
95.4011 3.8001
95.4115 3.8028
95.4219 3.8056
95.4323 3.8084
95.4428 3.8111
95.4532 3.8139
95.4636 3.8166
95.4740 3.8194
95.4844 3.8222
95.4948 3.8249
95.5052 3.8277
95.5156 3.8305
95.5260 3.8332
95.5364 3.8360
95.5468 3.8388
95.5572 3.8416
95.5676 3.8443
95.5780 3.8471
95.5884 3.8499
95.5988 3.8526
95.6092 3.8554
95.6196 3.8582
95.6300 3.8610
95.6404 3.8638
95.6508 3.8665
95.6612 3.8693
95.6716 3.8721
95.6820 3.8749
95.6924 3.8777
95.7028 3.8804
95.7132 3.8832
95.7236 3.8860
95.7340 3.8888
95.7444 3.8916
95.7547 3.8944
95.7651 3.8972
95.7755 3.9000
95.7859 3.9027
95.7963 3.9055
95.8067 3.9083
95.8170 3.9111
95.8274 3.9139
95.8378 3.9167
95.8482 3.9195
95.8586 3.9223
95.8690 3.9251
95.8793 3.9279
95.8897 3.9307
95.9001 3.9335
95.9105 3.9363
95.9208 3.9391
95.9312 3.9419
95.9416 3.9447
95.9520 3.9475
95.9623 3.9503
95.9727 3.9531
95.9831 3.9559
95.9934 3.9587
96.0038 3.9616
96.0142 3.9644
96.0245 3.9672
96.0349 3.9700
96.0453 3.9728
96.0556 3.9756
96.0660 3.9784
96.0764 3.9812
96.0867 3.9841
96.0971 3.9869
96.1074 3.9897
96.1178 3.9925
96.1282 3.9953
96.1385 3.9981
96.1489 4.0010
96.1592 4.0038
96.1696 4.0066
96.1799 4.0094
96.1903 4.0123
96.2006 4.0151
96.2110 4.0179
96.2213 4.0207
96.2317 4.0236
96.2420 4.0264
96.2524 4.0292
96.2627 4.0321
96.2731 4.0349
96.2834 4.0377
96.2938 4.0406
96.3041 4.0434
96.3145 4.0462
96.3248 4.0491
96.3351 4.0519
96.3455 4.0547
96.3558 4.0576
96.3662 4.0604
96.3765 4.0633
96.3868 4.0661
96.3972 4.0689
96.4075 4.0718
96.4178 4.0746
96.4282 4.0775
96.4385 4.0803
96.4488 4.0832
96.4592 4.0860
96.4695 4.0889
96.4798 4.0917
96.4902 4.0946
96.5005 4.0974
96.5108 4.1003
96.5212 4.1031
96.5315 4.1060
96.5418 4.1088
96.5521 4.1117
96.5624 4.1145
96.5728 4.1174
96.5831 4.1202
96.5934 4.1231
96.6037 4.1260
96.6141 4.1288
96.6244 4.1317
96.6347 4.1345
96.6450 4.1374
96.6553 4.1403
96.6656 4.1431
96.6760 4.1460
96.6863 4.1489
96.6966 4.1517
96.7069 4.1546
96.7172 4.1575
96.7275 4.1603
96.7378 4.1632
96.7481 4.1661
96.7584 4.1689
96.7687 4.1718
96.7790 4.1747
96.7894 4.1776
96.7997 4.1804
96.8100 4.1833
96.8203 4.1862
96.8306 4.1891
96.8409 4.1920
96.8512 4.1948
96.8615 4.1977
96.8718 4.2006
96.8821 4.2035
96.8924 4.2064
96.9027 4.2092
96.9129 4.2121
96.9232 4.2150
96.9335 4.2179
96.9438 4.2208
96.9541 4.2237
96.9644 4.2266
96.9747 4.2295
96.9850 4.2323
96.9953 4.2352
97.0056 4.2381
97.0159 4.2410
97.0261 4.2439
97.0364 4.2468
97.0467 4.2497
97.0570 4.2526
97.0673 4.2555
97.0776 4.2584
97.0878 4.2613
97.0981 4.2642
97.1084 4.2671
97.1187 4.2700
97.1290 4.2729
97.1392 4.2758
97.1495 4.2787
97.1598 4.2816
97.1701 4.2845
97.1803 4.2874
97.1906 4.2903
97.2009 4.2932
97.2111 4.2962
97.2214 4.2991
97.2317 4.3020
97.2419 4.3049
97.2522 4.3078
97.2625 4.3107
97.2727 4.3136
97.2830 4.3165
97.2933 4.3195
97.3035 4.3224
97.3138 4.3253
97.3241 4.3282
97.3343 4.3311
97.3446 4.3341
97.3548 4.3370
97.3651 4.3399
97.3754 4.3428
97.3856 4.3457
97.3959 4.3487
97.4061 4.3516
97.4164 4.3545
97.4266 4.3574
97.4369 4.3604
97.4471 4.3633
97.4574 4.3662
97.4676 4.3692
97.4779 4.3721
97.4881 4.3750
97.4984 4.3780
97.5086 4.3809
97.5189 4.3838
97.5291 4.3868
97.5394 4.3897
97.5496 4.3926
97.5598 4.3956
97.5701 4.3985
97.5803 4.4015
97.5906 4.4044
97.6008 4.4073
97.6110 4.4103
97.6213 4.4132
97.6315 4.4162
97.6418 4.4191
97.6520 4.4221
97.6622 4.4250
97.6725 4.4279
97.6827 4.4309
97.6929 4.4338
97.7032 4.4368
97.7134 4.4397
97.7236 4.4427
97.7338 4.4456
97.7441 4.4486
97.7543 4.4516
97.7645 4.4545
97.7747 4.4575
97.7850 4.4604
97.7952 4.4634
97.8054 4.4663
97.8156 4.4693
97.8259 4.4723
97.8361 4.4752
97.8463 4.4782
97.8565 4.4811
97.8667 4.4841
97.8769 4.4871
97.8872 4.4900
97.8974 4.4930
97.9076 4.4960
97.9178 4.4989
97.9280 4.5019
97.9382 4.5049
97.9484 4.5078
97.9586 4.5108
97.9689 4.5138
97.9791 4.5167
97.9893 4.5197
97.9995 4.5227
98.0097 4.5257
98.0199 4.5286
98.0301 4.5316
98.0403 4.5346
98.0505 4.5376
98.0607 4.5406
98.0709 4.5435
98.0811 4.5465
98.0913 4.5495
98.1015 4.5525
98.1117 4.5555
98.1219 4.5584
98.1321 4.5614
98.1423 4.5644
98.1525 4.5674
98.1627 4.5704
98.1729 4.5734
98.1830 4.5764
98.1932 4.5793
98.2034 4.5823
98.2136 4.5853
98.2238 4.5883
98.2340 4.5913
98.2442 4.5943
98.2544 4.5973
98.2645 4.6003
98.2747 4.6033
98.2849 4.6063
98.2951 4.6093
98.3053 4.6123
98.3155 4.6153
98.3256 4.6183
98.3358 4.6213
98.3460 4.6243
98.3562 4.6273
98.3663 4.6303
98.3765 4.6333
98.3867 4.6363
98.3969 4.6393
98.4070 4.6423
98.4172 4.6453
98.4274 4.6483
98.4376 4.6513
98.4477 4.6543
98.4579 4.6574
98.4681 4.6604
98.4782 4.6634
98.4884 4.6664
98.4986 4.6694
98.5087 4.6724
98.5189 4.6754
98.5290 4.6785
98.5392 4.6815
98.5494 4.6845
98.5595 4.6875
98.5697 4.6905
98.5798 4.6935
98.5900 4.6966
98.6002 4.6996
98.6103 4.7026
98.6205 4.7056
98.6306 4.7087
98.6408 4.7117
98.6509 4.7147
98.6611 4.7177
98.6712 4.7208
98.6814 4.7238
98.6915 4.7268
98.7017 4.7299
98.7118 4.7329
98.7220 4.7359
98.7321 4.7389
98.7423 4.7420
98.7524 4.7450
98.7626 4.7481
98.7727 4.7511
98.7828 4.7541
98.7930 4.7572
98.8031 4.7602
98.8133 4.7632
98.8234 4.7663
98.8335 4.7693
98.8437 4.7724
98.8538 4.7754
98.8639 4.7784
98.8741 4.7815
98.8842 4.7845
98.8943 4.7876
98.9045 4.7906
98.9146 4.7937
98.9247 4.7967
98.9349 4.7998
98.9450 4.8028
98.9551 4.8059
98.9652 4.8089
98.9754 4.8120
98.9855 4.8150
98.9956 4.8181
99.0057 4.8211
99.0159 4.8242
99.0260 4.8272
99.0361 4.8303
99.0462 4.8334
99.0563 4.8364
99.0665 4.8395
99.0766 4.8425
99.0867 4.8456
99.0968 4.8487
99.1069 4.8517
99.1170 4.8548
99.1271 4.8578
99.1373 4.8609
99.1474 4.8640
99.1575 4.8670
99.1676 4.8701
99.1777 4.8732
99.1878 4.8762
99.1979 4.8793
99.2080 4.8824
99.2181 4.8855
99.2282 4.8885
99.2383 4.8916
99.2484 4.8947
99.2585 4.8977
99.2686 4.9008
99.2787 4.9039
99.2888 4.9070
99.2989 4.9100
99.3090 4.9131
99.3191 4.9162
99.3292 4.9193
99.3393 4.9224
99.3494 4.9254
99.3595 4.9285
99.3696 4.9316
99.3797 4.9347
99.3898 4.9378
99.3999 4.9409
99.4099 4.9440
99.4200 4.9470
99.4301 4.9501
99.4402 4.9532
99.4503 4.9563
99.4604 4.9594
99.4705 4.9625
99.4805 4.9656
99.4906 4.9687
99.5007 4.9718
99.5108 4.9749
99.5209 4.9780
99.5309 4.9810
99.5410 4.9841
99.5511 4.9872
99.5612 4.9903
99.5713 4.9934
99.5813 4.9965
99.5914 4.9996
99.6015 5.0027
99.6115 5.0058
99.6216 5.0089
99.6317 5.0120
99.6418 5.0151
99.6518 5.0183
99.6619 5.0214
99.6720 5.0245
99.6820 5.0276
99.6921 5.0307
99.7022 5.0338
99.7122 5.0369
99.7223 5.0400
99.7323 5.0431
99.7424 5.0462
99.7525 5.0493
99.7625 5.0525
99.7726 5.0556
99.7826 5.0587
99.7927 5.0618
99.8027 5.0649
99.8128 5.0680
99.8229 5.0712
99.8329 5.0743
99.8430 5.0774
99.8530 5.0805
99.8631 5.0836
99.8731 5.0868
99.8832 5.0899
99.8932 5.0930
99.9033 5.0961
99.9133 5.0993
99.9233 5.1024
99.9334 5.1055
99.9434 5.1086
99.9535 5.1118
99.9635 5.1149
99.9736 5.1180
99.9836 5.1212
99.9936 5.1243
100.0037 5.1274
100.0137 5.1306
100.0238 5.1337
100.0338 5.1368
100.0438 5.1400
100.0539 5.1431
100.0639 5.1462
100.0739 5.1494
100.0840 5.1525
100.0940 5.1556
100.1040 5.1588
100.1140 5.1619
100.1241 5.1651
100.1341 5.1682
100.1441 5.1714
100.1542 5.1745
100.1642 5.1776
100.1742 5.1808
100.1842 5.1839
100.1943 5.1871
100.2043 5.1902
100.2143 5.1934
100.2243 5.1965
100.2343 5.1997
100.2444 5.2028
100.2544 5.2060
100.2644 5.2091
100.2744 5.2123
100.2844 5.2154
100.2944 5.2186
100.3044 5.2218
100.3145 5.2249
100.3245 5.2281
100.3345 5.2312
100.3445 5.2344
100.3545 5.2375
100.3645 5.2407
100.3745 5.2439
100.3845 5.2470
100.3945 5.2502
100.4045 5.2533
100.4145 5.2565
100.4245 5.2597
100.4345 5.2628
100.4445 5.2660
100.4545 5.2692
100.4645 5.2723
100.4745 5.2755
100.4845 5.2787
100.4945 5.2819
100.5045 5.2850
100.5145 5.2882
100.5245 5.2914
100.5345 5.2945
100.5445 5.2977
100.5545 5.3009
100.5645 5.3041
100.5745 5.3072
100.5845 5.3104
100.5945 5.3136
100.6044 5.3168
100.6144 5.3200
100.6244 5.3231
100.6344 5.3263
100.6444 5.3295
100.6544 5.3327
100.6644 5.3359
100.6743 5.3390
100.6843 5.3422
100.6943 5.3454
100.7043 5.3486
100.7143 5.3518
100.7242 5.3550
100.7342 5.3582
100.7442 5.3614
100.7542 5.3645
100.7641 5.3677
100.7741 5.3709
100.7841 5.3741
100.7940 5.3773
100.8040 5.3805
100.8140 5.3837
100.8240 5.3869
100.8339 5.3901
100.8439 5.3933
100.8539 5.3965
100.8638 5.3997
100.8738 5.4029
100.8838 5.4061
100.8937 5.4093
100.9037 5.4125
100.9136 5.4157
100.9236 5.4189
100.9336 5.4221
100.9435 5.4253
100.9535 5.4285
100.9634 5.4317
100.9734 5.4349
100.9833 5.4381
100.9933 5.4413
101.0032 5.4445
101.0132 5.4478
101.0232 5.4510
101.0331 5.4542
101.0431 5.4574
101.0530 5.4606
101.0630 5.4638
101.0729 5.4670
101.0828 5.4702
101.0928 5.4735
101.1027 5.4767
101.1127 5.4799
101.1226 5.4831
101.1326 5.4863
101.1425 5.4895
101.1524 5.4928
101.1624 5.4960
101.1723 5.4992
101.1823 5.5024
101.1922 5.5057
101.2021 5.5089
101.2121 5.5121
101.2220 5.5153
101.2319 5.5186
101.2419 5.5218
101.2518 5.5250
101.2617 5.5282
101.2717 5.5315
101.2816 5.5347
101.2915 5.5379
101.3015 5.5412
101.3114 5.5444
101.3213 5.5476
101.3312 5.5509
101.3412 5.5541
101.3511 5.5573
101.3610 5.5606
101.3709 5.5638
101.3808 5.5670
101.3908 5.5703
101.4007 5.5735
101.4106 5.5768
101.4205 5.5800
101.4304 5.5832
101.4404 5.5865
101.4503 5.5897
101.4602 5.5930
101.4701 5.5962
101.4800 5.5994
101.4899 5.6027
101.4998 5.6059
101.5097 5.6092
101.5196 5.6124
101.5296 5.6157
101.5395 5.6189
101.5494 5.6222
101.5593 5.6254
101.5692 5.6287
101.5791 5.6319
101.5890 5.6352
101.5989 5.6384
101.6088 5.6417
101.6187 5.6450
101.6286 5.6482
101.6385 5.6515
101.6484 5.6547
101.6583 5.6580
101.6682 5.6612
101.6781 5.6645
101.6880 5.6678
101.6979 5.6710
101.7078 5.6743
101.7176 5.6775
101.7275 5.6808
101.7374 5.6841
101.7473 5.6873
101.7572 5.6906
101.7671 5.6939
101.7770 5.6971
101.7869 5.7004
101.7968 5.7037
101.8066 5.7069
101.8165 5.7102
101.8264 5.7135
101.8363 5.7167
101.8462 5.7200
101.8560 5.7233
101.8659 5.7266
101.8758 5.7298
101.8857 5.7331
101.8956 5.7364
101.9054 5.7397
101.9153 5.7429
101.9252 5.7462
101.9351 5.7495
101.9449 5.7528
101.9548 5.7561
101.9647 5.7593
101.9745 5.7626
101.9844 5.7659
101.9943 5.7692
102.0041 5.7725
102.0140 5.7758
102.0239 5.7790
102.0337 5.7823
102.0436 5.7856
102.0535 5.7889
102.0633 5.7922
102.0732 5.7955
102.0830 5.7988
102.0929 5.8021
102.1028 5.8053
102.1126 5.8086
102.1225 5.8119
102.1323 5.8152
102.1422 5.8185
102.1520 5.8218
102.1619 5.8251
102.1717 5.8284
102.1816 5.8317
102.1914 5.8350
102.2013 5.8383
102.2111 5.8416
102.2210 5.8449
102.2308 5.8482
102.2407 5.8515
102.2505 5.8548
102.2604 5.8581
102.2702 5.8614
102.2801 5.8647
102.2899 5.8680
102.2998 5.8713
102.3096 5.8746
102.3194 5.8779
102.3293 5.8812
102.3391 5.8845
102.3489 5.8879
102.3588 5.8912
102.3686 5.8945
102.3785 5.8978
102.3883 5.9011
102.3981 5.9044
102.4080 5.9077
102.4178 5.9110
102.4276 5.9143
102.4374 5.9177
102.4473 5.9210
102.4571 5.9243
102.4669 5.9276
102.4768 5.9309
102.4866 5.9343
102.4964 5.9376
102.5062 5.9409
102.5160 5.9442
102.5259 5.9475
102.5357 5.9509
102.5455 5.9542
102.5553 5.9575
102.5652 5.9608
102.5750 5.9642
102.5848 5.9675
102.5946 5.9708
102.6044 5.9741
102.6142 5.9775
102.6240 5.9808
102.6339 5.9841
102.6437 5.9875
102.6535 5.9908
102.6633 5.9941
102.6731 5.9974
102.6829 6.0008
102.6927 6.0041
102.7025 6.0074
102.7123 6.0108
102.7221 6.0141
102.7319 6.0175
102.7417 6.0208
102.7515 6.0241
102.7613 6.0275
102.7711 6.0308
102.7809 6.0342
102.7907 6.0375
102.8005 6.0408
102.8103 6.0442
102.8201 6.0475
102.8299 6.0509
102.8397 6.0542
102.8495 6.0576
102.8593 6.0609
102.8691 6.0642
102.8789 6.0676
102.8887 6.0709
102.8985 6.0743
102.9083 6.0776
102.9180 6.0810
102.9278 6.0843
102.9376 6.0877
102.9474 6.0910
102.9572 6.0944
102.9670 6.0978
102.9768 6.1011
102.9865 6.1045
102.9963 6.1078
103.0061 6.1112
103.0159 6.1145
103.0257 6.1179
103.0354 6.1212
103.0452 6.1246
103.0550 6.1280
103.0648 6.1313
103.0745 6.1347
103.0843 6.1381
103.0941 6.1414
103.1039 6.1448
103.1136 6.1481
103.1234 6.1515
103.1332 6.1549
103.1429 6.1582
103.1527 6.1616
103.1625 6.1650
103.1722 6.1683
103.1820 6.1717
103.1918 6.1751
103.2015 6.1785
103.2113 6.1818
103.2210 6.1852
103.2308 6.1886
103.2406 6.1919
103.2503 6.1953
103.2601 6.1987
103.2698 6.2021
103.2796 6.2054
103.2893 6.2088
103.2991 6.2122
103.3089 6.2156
103.3186 6.2190
103.3284 6.2223
103.3381 6.2257
103.3479 6.2291
103.3576 6.2325
103.3674 6.2359
103.3771 6.2392
103.3868 6.2426
103.3966 6.2460
103.4063 6.2494
103.4161 6.2528
103.4258 6.2562
103.4356 6.2595
103.4453 6.2629
103.4551 6.2663
103.4648 6.2697
103.4745 6.2731
103.4843 6.2765
103.4940 6.2799
103.5037 6.2833
103.5135 6.2867
103.5232 6.2901
103.5329 6.2935
103.5427 6.2969
103.5524 6.3002
103.5621 6.3036
103.5719 6.3070
103.5816 6.3104
103.5913 6.3138
103.6011 6.3172
103.6108 6.3206
103.6205 6.3240
103.6302 6.3274
103.6400 6.3308
103.6497 6.3342
103.6594 6.3376
103.6691 6.3410
103.6789 6.3445
103.6886 6.3479
103.6983 6.3513
103.7080 6.3547
103.7177 6.3581
103.7274 6.3615
103.7372 6.3649
103.7469 6.3683
103.7566 6.3717
103.7663 6.3751
103.7760 6.3785
103.7857 6.3819
103.7954 6.3854
103.8051 6.3888
103.8149 6.3922
103.8246 6.3956
103.8343 6.3990
103.8440 6.4024
103.8537 6.4058
103.8634 6.4093
103.8731 6.4127
103.8828 6.4161
103.8925 6.4195
103.9022 6.4229
103.9119 6.4264
103.9216 6.4298
103.9313 6.4332
103.9410 6.4366
103.9507 6.4400
103.9604 6.4435
103.9701 6.4469
103.9798 6.4503
103.9895 6.4537
103.9992 6.4572
104.0089 6.4606
104.0185 6.4640
104.0282 6.4675
104.0379 6.4709
104.0476 6.4743
104.0573 6.4777
104.0670 6.4812
104.0767 6.4846
104.0864 6.4880
104.0960 6.4915
104.1057 6.4949
104.1154 6.4983
104.1251 6.5018
104.1348 6.5052
104.1445 6.5087
104.1541 6.5121
104.1638 6.5155
104.1735 6.5190
104.1832 6.5224
104.1928 6.5258
104.2025 6.5293
104.2122 6.5327
104.2219 6.5362
104.2315 6.5396
104.2412 6.5431
104.2509 6.5465
104.2605 6.5499
104.2702 6.5534
104.2799 6.5568
104.2895 6.5603
104.2992 6.5637
104.3089 6.5672
104.3185 6.5706
104.3282 6.5741
104.3379 6.5775
104.3475 6.5810
104.3572 6.5844
104.3669 6.5879
104.3765 6.5913
104.3862 6.5948
104.3958 6.5982
104.4055 6.6017
104.4151 6.6052
104.4248 6.6086
104.4345 6.6121
104.4441 6.6155
104.4538 6.6190
104.4634 6.6224
104.4731 6.6259
104.4827 6.6294
104.4924 6.6328
104.5020 6.6363
104.5117 6.6397
104.5213 6.6432
104.5310 6.6467
104.5406 6.6501
104.5502 6.6536
104.5599 6.6571
104.5695 6.6605
104.5792 6.6640
104.5888 6.6675
104.5985 6.6709
104.6081 6.6744
104.6177 6.6779
104.6274 6.6813
104.6370 6.6848
104.6466 6.6883
104.6563 6.6918
104.6659 6.6952
104.6755 6.6987
104.6852 6.7022
104.6948 6.7057
104.7044 6.7091
104.7141 6.7126
104.7237 6.7161
104.7333 6.7196
104.7430 6.7230
104.7526 6.7265
104.7622 6.7300
104.7718 6.7335
104.7815 6.7370
104.7911 6.7404
104.8007 6.7439
104.8103 6.7474
104.8199 6.7509
104.8296 6.7544
104.8392 6.7579
104.8488 6.7613
104.8584 6.7648
104.8680 6.7683
104.8776 6.7718
104.8873 6.7753
104.8969 6.7788
104.9065 6.7823
104.9161 6.7858
104.9257 6.7892
104.9353 6.7927
104.9449 6.7962
104.9545 6.7997
104.9642 6.8032
104.9738 6.8067
104.9834 6.8102
104.9930 6.8137
105.0026 6.8172
105.0122 6.8207
105.0218 6.8242
105.0314 6.8277
105.0410 6.8312
105.0506 6.8347
105.0602 6.8382
105.0698 6.8417
105.0794 6.8452
105.0890 6.8487
105.0986 6.8522
105.1082 6.8557
105.1178 6.8592
105.1274 6.8627
105.1369 6.8662
105.1465 6.8697
105.1561 6.8732
105.1657 6.8767
105.1753 6.8802
105.1849 6.8837
105.1945 6.8872
105.2041 6.8908
105.2137 6.8943
105.2232 6.8978
105.2328 6.9013
105.2424 6.9048
105.2520 6.9083
105.2616 6.9118
105.2712 6.9153
105.2807 6.9188
105.2903 6.9224
105.2999 6.9259
105.3095 6.9294
105.3190 6.9329
105.3286 6.9364
105.3382 6.9399
105.3478 6.9435
105.3573 6.9470
105.3669 6.9505
105.3765 6.9540
105.3861 6.9575
105.3956 6.9611
105.4052 6.9646
105.4148 6.9681
105.4243 6.9716
105.4339 6.9752
105.4435 6.9787
105.4530 6.9822
105.4626 6.9857
105.4722 6.9893
105.4817 6.9928
105.4913 6.9963
105.5008 6.9999
105.5104 7.0034
105.5200 7.0069
105.5295 7.0104
105.5391 7.0140
105.5486 7.0175
105.5582 7.0210
105.5677 7.0246
105.5773 7.0281
105.5868 7.0316
105.5964 7.0352
105.6059 7.0387
105.6155 7.0423
105.6250 7.0458
105.6346 7.0493
105.6441 7.0529
105.6537 7.0564
105.6632 7.0599
105.6728 7.0635
105.6823 7.0670
105.6919 7.0706
105.7014 7.0741
105.7109 7.0777
105.7205 7.0812
105.7300 7.0847
105.7396 7.0883
105.7491 7.0918
105.7586 7.0954
105.7682 7.0989
105.7777 7.1025
105.7873 7.1060
105.7968 7.1096
105.8063 7.1131
105.8159 7.1167
105.8254 7.1202
105.8349 7.1238
105.8444 7.1273
105.8540 7.1309
105.8635 7.1344
105.8730 7.1380
105.8826 7.1415
105.8921 7.1451
105.9016 7.1486
105.9111 7.1522
105.9206 7.1558
105.9302 7.1593
105.9397 7.1629
105.9492 7.1664
105.9587 7.1700
105.9683 7.1735
105.9778 7.1771
105.9873 7.1807
105.9968 7.1842
106.0063 7.1878
106.0158 7.1914
106.0253 7.1949
106.0349 7.1985
106.0444 7.2020
106.0539 7.2056
106.0634 7.2092
106.0729 7.2127
106.0824 7.2163
106.0919 7.2199
106.1014 7.2234
106.1109 7.2270
106.1204 7.2306
106.1299 7.2342
106.1394 7.2377
106.1489 7.2413
106.1584 7.2449
106.1680 7.2484
106.1775 7.2520
106.1870 7.2556
106.1964 7.2592
106.2059 7.2627
106.2154 7.2663
106.2249 7.2699
106.2344 7.2735
106.2439 7.2771
106.2534 7.2806
106.2629 7.2842
106.2724 7.2878
106.2819 7.2914
106.2914 7.2949
106.3009 7.2985
106.3104 7.3021
106.3199 7.3057
106.3293 7.3093
106.3388 7.3129
106.3483 7.3164
106.3578 7.3200
106.3673 7.3236
106.3768 7.3272
106.3862 7.3308
106.3957 7.3344
106.4052 7.3380
106.4147 7.3416
106.4242 7.3451
106.4336 7.3487
106.4431 7.3523
106.4526 7.3559
106.4621 7.3595
106.4715 7.3631
106.4810 7.3667
106.4905 7.3703
106.5000 7.3739
106.5094 7.3775
106.5189 7.3811
106.5284 7.3847
106.5378 7.3883
106.5473 7.3919
106.5568 7.3955
106.5662 7.3991
106.5757 7.4027
106.5852 7.4063
106.5946 7.4099
106.6041 7.4135
106.6136 7.4171
106.6230 7.4207
106.6325 7.4243
106.6419 7.4279
106.6514 7.4315
106.6609 7.4351
106.6703 7.4387
106.6798 7.4423
106.6892 7.4459
106.6987 7.4495
106.7081 7.4531
106.7176 7.4567
106.7270 7.4603
106.7365 7.4639
106.7459 7.4676
106.7554 7.4712
106.7648 7.4748
106.7743 7.4784
106.7837 7.4820
106.7932 7.4856
106.8026 7.4892
106.8121 7.4928
106.8215 7.4965
106.8309 7.5001
106.8404 7.5037
106.8498 7.5073
106.8593 7.5109
106.8687 7.5145
106.8781 7.5182
106.8876 7.5218
106.8970 7.5254
106.9065 7.5290
106.9159 7.5326
106.9253 7.5363
106.9348 7.5399
106.9442 7.5435
106.9536 7.5471
106.9630 7.5507
106.9725 7.5544
106.9819 7.5580
106.9913 7.5616
107.0008 7.5653
107.0102 7.5689
107.0196 7.5725
107.0290 7.5761
107.0385 7.5798
107.0479 7.5834
107.0573 7.5870
107.0667 7.5907
107.0762 7.5943
107.0856 7.5979
107.0950 7.6015
107.1044 7.6052
107.1138 7.6088
107.1232 7.6124
107.1327 7.6161
107.1421 7.6197
107.1515 7.6234
107.1609 7.6270
107.1703 7.6306
107.1797 7.6343
107.1891 7.6379
107.1985 7.6415
107.2080 7.6452
107.2174 7.6488
107.2268 7.6525
107.2362 7.6561
107.2456 7.6597
107.2550 7.6634
107.2644 7.6670
107.2738 7.6707
107.2832 7.6743
107.2926 7.6780
107.3020 7.6816
107.3114 7.6853
107.3208 7.6889
107.3302 7.6925
107.3396 7.6962
107.3490 7.6998
107.3584 7.7035
107.3678 7.7071
107.3772 7.7108
107.3866 7.7144
107.3960 7.7181
107.4053 7.7217
107.4147 7.7254
107.4241 7.7290
107.4335 7.7327
107.4429 7.7364
107.4523 7.7400
107.4617 7.7437
107.4711 7.7473
107.4804 7.7510
107.4898 7.7546
107.4992 7.7583
107.5086 7.7619
107.5180 7.7656
107.5274 7.7693
107.5367 7.7729
107.5461 7.7766
107.5555 7.7802
107.5649 7.7839
107.5742 7.7876
107.5836 7.7912
107.5930 7.7949
107.6024 7.7986
107.6117 7.8022
107.6211 7.8059
107.6305 7.8096
107.6399 7.8132
107.6492 7.8169
107.6586 7.8206
107.6680 7.8242
107.6773 7.8279
107.6867 7.8316
107.6961 7.8352
107.7054 7.8389
107.7148 7.8426
107.7241 7.8462
107.7335 7.8499
107.7429 7.8536
107.7522 7.8573
107.7616 7.8609
107.7709 7.8646
107.7803 7.8683
107.7897 7.8720
107.7990 7.8756
107.8084 7.8793
107.8177 7.8830
107.8271 7.8867
107.8364 7.8903
107.8458 7.8940
107.8551 7.8977
107.8645 7.9014
107.8738 7.9051
107.8832 7.9087
107.8925 7.9124
107.9019 7.9161
107.9112 7.9198
107.9206 7.9235
107.9299 7.9272
107.9393 7.9308
107.9486 7.9345
107.9579 7.9382
107.9673 7.9419
107.9766 7.9456
107.9860 7.9493
107.9953 7.9530
108.0046 7.9566
108.0140 7.9603
108.0233 7.9640
108.0327 7.9677
108.0420 7.9714
108.0513 7.9751
108.0607 7.9788
108.0700 7.9825
108.0793 7.9862
108.0886 7.9899
108.0980 7.9936
108.1073 7.9973
108.1166 8.0010
108.1260 8.0046
108.1353 8.0083
108.1446 8.0120
108.1539 8.0157
108.1633 8.0194
108.1726 8.0231
108.1819 8.0268
108.1912 8.0305
108.2005 8.0342
108.2099 8.0379
108.2192 8.0416
108.2285 8.0453
108.2378 8.0490
108.2471 8.0527
108.2565 8.0564
108.2658 8.0602
108.2751 8.0639
108.2844 8.0676
108.2937 8.0713
108.3030 8.0750
108.3123 8.0787
108.3216 8.0824
108.3309 8.0861
108.3403 8.0898
108.3496 8.0935
108.3589 8.0972
108.3682 8.1009
108.3775 8.1046
108.3868 8.1084
108.3961 8.1121
108.4054 8.1158
108.4147 8.1195
108.4240 8.1232
108.4333 8.1269
108.4426 8.1306
108.4519 8.1344
108.4612 8.1381
108.4705 8.1418
108.4798 8.1455
108.4891 8.1492
108.4984 8.1529
108.5077 8.1567
108.5170 8.1604
108.5262 8.1641
108.5355 8.1678
108.5448 8.1715
108.5541 8.1753
108.5634 8.1790
108.5727 8.1827
108.5820 8.1864
108.5913 8.1902
108.6005 8.1939
108.6098 8.1976
108.6191 8.2013
108.6284 8.2051
108.6377 8.2088
108.6470 8.2125
108.6562 8.2162
108.6655 8.2200
108.6748 8.2237
108.6841 8.2274
108.6934 8.2312
108.7026 8.2349
108.7119 8.2386
108.7212 8.2423
108.7304 8.2461
108.7397 8.2498
108.7490 8.2535
108.7583 8.2573
108.7675 8.2610
108.7768 8.2647
108.7861 8.2685
108.7953 8.2722
108.8046 8.2760
108.8139 8.2797
108.8231 8.2834
108.8324 8.2872
108.8417 8.2909
108.8509 8.2946
108.8602 8.2984
108.8695 8.3021
108.8787 8.3059
108.8880 8.3096
108.8972 8.3133
108.9065 8.3171
108.9157 8.3208
108.9250 8.3246
108.9343 8.3283
108.9435 8.3321
108.9528 8.3358
108.9620 8.3396
108.9713 8.3433
108.9805 8.3470
108.9898 8.3508
108.9990 8.3545
109.0083 8.3583
109.0175 8.3620
109.0268 8.3658
109.0360 8.3695
109.0453 8.3733
109.0545 8.3770
109.0637 8.3808
109.0730 8.3845
109.0822 8.3883
109.0915 8.3921
109.1007 8.3958
109.1100 8.3996
109.1192 8.4033
109.1284 8.4071
109.1377 8.4108
109.1469 8.4146
109.1561 8.4183
109.1654 8.4221
109.1746 8.4259
109.1838 8.4296
109.1931 8.4334
109.2023 8.4371
109.2115 8.4409
109.2208 8.4447
109.2300 8.4484
109.2392 8.4522
109.2485 8.4559
109.2577 8.4597
109.2669 8.4635
109.2761 8.4672
109.2854 8.4710
109.2946 8.4748
109.3038 8.4785
109.3130 8.4823
109.3222 8.4861
109.3315 8.4898
109.3407 8.4936
109.3499 8.4974
109.3591 8.5011
109.3683 8.5049
109.3776 8.5087
109.3868 8.5124
109.3960 8.5162
109.4052 8.5200
109.4144 8.5238
109.4236 8.5275
109.4328 8.5313
109.4420 8.5351
109.4513 8.5388
109.4605 8.5426
109.4697 8.5464
109.4789 8.5502
109.4881 8.5539
109.4973 8.5577
109.5065 8.5615
109.5157 8.5653
109.5249 8.5691
109.5341 8.5728
109.5433 8.5766
109.5525 8.5804
109.5617 8.5842
109.5709 8.5880
109.5801 8.5917
109.5893 8.5955
109.5985 8.5993
109.6077 8.6031
109.6169 8.6069
109.6261 8.6107
109.6353 8.6144
109.6445 8.6182
109.6537 8.6220
109.6628 8.6258
109.6720 8.6296
109.6812 8.6334
109.6904 8.6372
109.6996 8.6409
109.7088 8.6447
109.7180 8.6485
109.7272 8.6523
109.7363 8.6561
109.7455 8.6599
109.7547 8.6637
109.7639 8.6675
109.7731 8.6713
109.7822 8.6751
109.7914 8.6789
109.8006 8.6826
109.8098 8.6864
109.8190 8.6902
109.8281 8.6940
109.8373 8.6978
109.8465 8.7016
109.8557 8.7054
109.8648 8.7092
109.8740 8.7130
109.8832 8.7168
109.8923 8.7206
109.9015 8.7244
109.9107 8.7282
109.9198 8.7320
109.9290 8.7358
109.9382 8.7396
109.9473 8.7434
109.9565 8.7472
109.9657 8.7510
109.9748 8.7548
109.9840 8.7586
109.9932 8.7624
110.0023 8.7662
110.0115 8.7700
110.0206 8.7739
110.0298 8.7777
110.0390 8.7815
110.0481 8.7853
110.0573 8.7891
110.0664 8.7929
110.0756 8.7967
110.0847 8.8005
110.0939 8.8043
110.1030 8.8081
110.1122 8.8119
110.1213 8.8158
110.1305 8.8196
110.1396 8.8234
110.1488 8.8272
110.1579 8.8310
110.1671 8.8348
110.1762 8.8386
110.1854 8.8425
110.1945 8.8463
110.2036 8.8501
110.2128 8.8539
110.2219 8.8577
110.2311 8.8615
110.2402 8.8654
110.2493 8.8692
110.2585 8.8730
110.2676 8.8768
110.2768 8.8806
110.2859 8.8845
110.2950 8.8883
110.3042 8.8921
110.3133 8.8959
110.3224 8.8997
110.3316 8.9036
110.3407 8.9074
110.3498 8.9112
110.3589 8.9150
110.3681 8.9189
110.3772 8.9227
110.3863 8.9265
110.3955 8.9303
110.4046 8.9342
110.4137 8.9380
110.4228 8.9418
110.4319 8.9457
110.4411 8.9495
110.4502 8.9533
110.4593 8.9571
110.4684 8.9610
110.4775 8.9648
110.4867 8.9686
110.4958 8.9725
110.5049 8.9763
110.5140 8.9801
110.5231 8.9840
110.5322 8.9878
110.5414 8.9916
110.5505 8.9955
110.5596 8.9993
110.5687 9.0032
110.5778 9.0070
110.5869 9.0108
110.5960 9.0147
110.6051 9.0185
110.6142 9.0223
110.6233 9.0262
110.6324 9.0300
110.6415 9.0339
110.6506 9.0377
110.6597 9.0415
110.6688 9.0454
110.6779 9.0492
110.6870 9.0531
110.6961 9.0569
110.7052 9.0608
110.7143 9.0646
110.7234 9.0685
110.7325 9.0723
110.7416 9.0761
110.7507 9.0800
110.7598 9.0838
110.7689 9.0877
110.7780 9.0915
110.7871 9.0954
110.7962 9.0992
110.8053 9.1031
110.8144 9.1069
110.8235 9.1108
110.8325 9.1146
110.8416 9.1185
110.8507 9.1223
110.8598 9.1262
110.8689 9.1300
110.8780 9.1339
110.8870 9.1377
110.8961 9.1416
110.9052 9.1455
110.9143 9.1493
110.9234 9.1532
110.9324 9.1570
110.9415 9.1609
110.9506 9.1647
110.9597 9.1686
110.9688 9.1725
110.9778 9.1763
110.9869 9.1802
110.9960 9.1840
111.0050 9.1879
111.0141 9.1918
111.0232 9.1956
111.0323 9.1995
111.0413 9.2033
111.0504 9.2072
111.0595 9.2111
111.0685 9.2149
111.0776 9.2188
111.0867 9.2227
111.0957 9.2265
111.1048 9.2304
111.1138 9.2343
111.1229 9.2381
111.1320 9.2420
111.1410 9.2459
111.1501 9.2497
111.1591 9.2536
111.1682 9.2575
111.1773 9.2613
111.1863 9.2652
111.1954 9.2691
111.2044 9.2729
111.2135 9.2768
111.2225 9.2807
111.2316 9.2846
111.2406 9.2884
111.2497 9.2923
111.2587 9.2962
111.2678 9.3000
111.2768 9.3039
111.2859 9.3078
111.2949 9.3117
111.3040 9.3155
111.3130 9.3194
111.3221 9.3233
111.3311 9.3272
111.3401 9.3311
111.3492 9.3349
111.3582 9.3388
111.3673 9.3427
111.3763 9.3466
111.3853 9.3505
111.3944 9.3543
111.4034 9.3582
111.4125 9.3621
111.4215 9.3660
111.4305 9.3699
111.4396 9.3737
111.4486 9.3776
111.4576 9.3815
111.4667 9.3854
111.4757 9.3893
111.4847 9.3932
111.4937 9.3971
111.5028 9.4009
111.5118 9.4048
111.5208 9.4087
111.5298 9.4126
111.5389 9.4165
111.5479 9.4204
111.5569 9.4243
111.5659 9.4282
111.5750 9.4320
111.5840 9.4359
111.5930 9.4398
111.6020 9.4437
111.6110 9.4476
111.6201 9.4515
111.6291 9.4554
111.6381 9.4593
111.6471 9.4632
111.6561 9.4671
111.6651 9.4710
111.6741 9.4749
111.6832 9.4788
111.6922 9.4827
111.7012 9.4866
111.7102 9.4905
111.7192 9.4944
111.7282 9.4983
111.7372 9.5022
111.7462 9.5060
111.7552 9.5099
111.7642 9.5138
111.7732 9.5177
111.7822 9.5217
111.7912 9.5256
111.8002 9.5295
111.8092 9.5334
111.8182 9.5373
111.8272 9.5412
111.8362 9.5451
111.8452 9.5490
111.8542 9.5529
111.8632 9.5568
111.8722 9.5607
111.8812 9.5646
111.8902 9.5685
111.8992 9.5724
111.9082 9.5763
111.9172 9.5802
111.9262 9.5841
111.9352 9.5880
111.9442 9.5919
111.9532 9.5959
111.9621 9.5998
111.9711 9.6037
111.9801 9.6076
111.9891 9.6115
111.9981 9.6154
112.0071 9.6193
112.0160 9.6232
112.0250 9.6271
112.0340 9.6311
112.0430 9.6350
112.0520 9.6389
112.0609 9.6428
112.0699 9.6467
112.0789 9.6506
112.0879 9.6546
112.0969 9.6585
112.1058 9.6624
112.1148 9.6663
112.1238 9.6702
112.1327 9.6741
112.1417 9.6781
112.1507 9.6820
112.1597 9.6859
112.1686 9.6898
112.1776 9.6937
112.1866 9.6977
112.1955 9.7016
112.2045 9.7055
112.2135 9.7094
112.2224 9.7134
112.2314 9.7173
112.2404 9.7212
112.2493 9.7251
112.2583 9.7291
112.2672 9.7330
112.2762 9.7369
112.2852 9.7408
112.2941 9.7448
112.3031 9.7487
112.3120 9.7526
112.3210 9.7565
112.3299 9.7605
112.3389 9.7644
112.3479 9.7683
112.3568 9.7723
112.3658 9.7762
112.3747 9.7801
112.3837 9.7841
112.3926 9.7880
112.4016 9.7919
112.4105 9.7959
112.4195 9.7998
112.4284 9.8037
112.4373 9.8077
112.4463 9.8116
112.4552 9.8155
112.4642 9.8195
112.4731 9.8234
112.4821 9.8273
112.4910 9.8313
112.4999 9.8352
112.5089 9.8391
112.5178 9.8431
112.5268 9.8470
112.5357 9.8510
112.5446 9.8549
112.5536 9.8588
112.5625 9.8628
112.5714 9.8667
112.5804 9.8707
112.5893 9.8746
112.5982 9.8785
112.6072 9.8825
112.6161 9.8864
112.6250 9.8904
112.6340 9.8943
112.6429 9.8983
112.6518 9.9022
112.6607 9.9061
112.6697 9.9101
112.6786 9.9140
112.6875 9.9180
112.6964 9.9219
112.7054 9.9259
112.7143 9.9298
112.7232 9.9338
112.7321 9.9377
112.7410 9.9417
112.7500 9.9456
112.7589 9.9496
112.7678 9.9535
112.7767 9.9575
112.7856 9.9614
112.7945 9.9654
112.8035 9.9693
112.8124 9.9733
112.8213 9.9772
112.8302 9.9812
112.8391 9.9851
112.8480 9.9891
112.8569 9.9931
112.8658 9.9970
112.8747 10.0010
112.8837 10.0049
112.8926 10.0089
112.9015 10.0128
112.9104 10.0168
112.9193 10.0208
112.9282 10.0247
112.9371 10.0287
112.9460 10.0326
112.9549 10.0366
112.9638 10.0405
112.9727 10.0445
112.9816 10.0485
112.9905 10.0524
112.9994 10.0564
113.0083 10.0604
113.0172 10.0643
113.0261 10.0683
113.0350 10.0722
113.0438 10.0762
113.0527 10.0802
113.0616 10.0841
113.0705 10.0881
113.0794 10.0921
113.0883 10.0960
113.0972 10.1000
113.1061 10.1040
113.1150 10.1079
113.1238 10.1119
113.1327 10.1159
113.1416 10.1198
113.1505 10.1238
113.1594 10.1278
113.1683 10.1317
113.1771 10.1357
113.1860 10.1397
113.1949 10.1437
113.2038 10.1476
113.2127 10.1516
113.2215 10.1556
113.2304 10.1595
113.2393 10.1635
113.2482 10.1675
113.2570 10.1715
113.2659 10.1754
113.2748 10.1794
113.2837 10.1834
113.2925 10.1874
113.3014 10.1913
113.3103 10.1953
113.3191 10.1993
113.3280 10.2033
113.3369 10.2073
113.3457 10.2112
113.3546 10.2152
113.3635 10.2192
113.3723 10.2232
113.3812 10.2271
113.3901 10.2311
113.3989 10.2351
113.4078 10.2391
113.4167 10.2431
113.4255 10.2471
113.4344 10.2510
113.4432 10.2550
113.4521 10.2590
113.4609 10.2630
113.4698 10.2670
113.4787 10.2710
113.4875 10.2749
113.4964 10.2789
113.5052 10.2829
113.5141 10.2869
113.5229 10.2909
113.5318 10.2949
113.5406 10.2989
113.5495 10.3028
113.5583 10.3068
113.5672 10.3108
113.5760 10.3148
113.5849 10.3188
113.5937 10.3228
113.6025 10.3268
113.6114 10.3308
113.6202 10.3348
113.6291 10.3388
113.6379 10.3427
113.6468 10.3467
113.6556 10.3507
113.6644 10.3547
113.6733 10.3587
113.6821 10.3627
113.6909 10.3667
113.6998 10.3707
113.7086 10.3747
113.7174 10.3787
113.7263 10.3827
113.7351 10.3867
113.7439 10.3907
113.7528 10.3947
113.7616 10.3987
113.7704 10.4027
113.7793 10.4067
113.7881 10.4107
113.7969 10.4147
113.8057 10.4187
113.8146 10.4227
113.8234 10.4267
113.8322 10.4307
113.8410 10.4347
113.8499 10.4387
113.8587 10.4427
113.8675 10.4467
113.8763 10.4507
113.8852 10.4547
113.8940 10.4587
113.9028 10.4627
113.9116 10.4667
113.9204 10.4707
113.9292 10.4747
113.9381 10.4787
113.9469 10.4827
113.9557 10.4867
113.9645 10.4907
113.9733 10.4947
113.9821 10.4988
113.9909 10.5028
113.9997 10.5068
114.0085 10.5108
114.0174 10.5148
114.0262 10.5188
114.0350 10.5228
114.0438 10.5268
114.0526 10.5308
114.0614 10.5348
114.0702 10.5389
114.0790 10.5429
114.0878 10.5469
114.0966 10.5509
114.1054 10.5549
114.1142 10.5589
114.1230 10.5629
114.1318 10.5670
114.1406 10.5710
114.1494 10.5750
114.1582 10.5790
114.1670 10.5830
114.1758 10.5870
114.1846 10.5910
114.1934 10.5951
114.2022 10.5991
114.2109 10.6031
114.2197 10.6071
114.2285 10.6111
114.2373 10.6152
114.2461 10.6192
114.2549 10.6232
114.2637 10.6272
114.2725 10.6312
114.2812 10.6353
114.2900 10.6393
114.2988 10.6433
114.3076 10.6473
114.3164 10.6514
114.3252 10.6554
114.3339 10.6594
114.3427 10.6634
114.3515 10.6674
114.3603 10.6715
114.3691 10.6755
114.3778 10.6795
114.3866 10.6835
114.3954 10.6876
114.4042 10.6916
114.4129 10.6956
114.4217 10.6997
114.4305 10.7037
114.4393 10.7077
114.4480 10.7117
114.4568 10.7158
114.4656 10.7198
114.4743 10.7238
114.4831 10.7279
114.4919 10.7319
114.5006 10.7359
114.5094 10.7400
114.5182 10.7440
114.5269 10.7480
114.5357 10.7521
114.5445 10.7561
114.5532 10.7601
114.5620 10.7642
114.5708 10.7682
114.5795 10.7722
114.5883 10.7763
114.5970 10.7803
114.6058 10.7843
114.6145 10.7884
114.6233 10.7924
114.6321 10.7964
114.6408 10.8005
114.6496 10.8045
114.6583 10.8086
114.6671 10.8126
114.6758 10.8166
114.6846 10.8207
114.6933 10.8247
114.7021 10.8288
114.7108 10.8328
114.7196 10.8368
114.7283 10.8409
114.7371 10.8449
114.7458 10.8490
114.7546 10.8530
114.7633 10.8570
114.7720 10.8611
114.7808 10.8651
114.7895 10.8692
114.7983 10.8732
114.8070 10.8773
114.8157 10.8813
114.8245 10.8854
114.8332 10.8894
114.8420 10.8934
114.8507 10.8975
114.8594 10.9015
114.8682 10.9056
114.8769 10.9096
114.8856 10.9137
114.8944 10.9177
114.9031 10.9218
114.9118 10.9258
114.9206 10.9299
114.9293 10.9339
114.9380 10.9380
114.9468 10.9420
114.9555 10.9461
114.9642 10.9501
114.9729 10.9542
114.9817 10.9582
114.9904 10.9623
114.9991 10.9663
115.0078 10.9704
115.0166 10.9745
115.0253 10.9785
115.0340 10.9826
115.0427 10.9866
115.0514 10.9907
115.0602 10.9947
115.0689 10.9988
115.0776 11.0028
115.0863 11.0069
115.0950 11.0110
115.1037 11.0150
115.1124 11.0191
115.1212 11.0231
115.1299 11.0272
115.1386 11.0312
115.1473 11.0353
115.1560 11.0394
115.1647 11.0434
115.1734 11.0475
115.1821 11.0515
115.1908 11.0556
115.1996 11.0597
115.2083 11.0637
115.2170 11.0678
115.2257 11.0719
115.2344 11.0759
115.2431 11.0800
115.2518 11.0840
115.2605 11.0881
115.2692 11.0922
115.2779 11.0962
115.2866 11.1003
115.2953 11.1044
115.3040 11.1084
115.3127 11.1125
115.3214 11.1166
115.3301 11.1206
115.3388 11.1247
115.3475 11.1288
115.3561 11.1328
115.3648 11.1369
115.3735 11.1410
115.3822 11.1450
115.3909 11.1491
115.3996 11.1532
115.4083 11.1573
115.4170 11.1613
115.4257 11.1654
115.4344 11.1695
115.4430 11.1735
115.4517 11.1776
115.4604 11.1817
115.4691 11.1858
115.4778 11.1898
115.4865 11.1939
115.4951 11.1980
115.5038 11.2021
115.5125 11.2061
115.5212 11.2102
115.5299 11.2143
115.5385 11.2184
115.5472 11.2224
115.5559 11.2265
115.5646 11.2306
115.5732 11.2347
115.5819 11.2387
115.5906 11.2428
115.5993 11.2469
115.6079 11.2510
115.6166 11.2551
115.6253 11.2591
115.6339 11.2632
115.6426 11.2673
115.6513 11.2714
115.6599 11.2755
115.6686 11.2795
115.6773 11.2836
115.6859 11.2877
115.6946 11.2918
115.7033 11.2959
115.7119 11.2999
115.7206 11.3040
115.7293 11.3081
115.7379 11.3122
115.7466 11.3163
115.7552 11.3204
115.7639 11.3245
115.7725 11.3285
115.7812 11.3326
115.7899 11.3367
115.7985 11.3408
115.8072 11.3449
115.8158 11.3490
115.8245 11.3531
115.8331 11.3571
115.8418 11.3612
115.8504 11.3653
115.8591 11.3694
115.8677 11.3735
115.8764 11.3776
115.8850 11.3817
115.8937 11.3858
115.9023 11.3899
115.9110 11.3940
115.9196 11.3980
115.9283 11.4021
115.9369 11.4062
115.9455 11.4103
115.9542 11.4144
115.9628 11.4185
115.9715 11.4226
115.9801 11.4267
115.9888 11.4308
115.9974 11.4349
116.0060 11.4390
116.0147 11.4431
116.0233 11.4472
116.0319 11.4513
116.0406 11.4554
116.0492 11.4595
116.0578 11.4636
116.0665 11.4676
116.0751 11.4717
116.0837 11.4758
116.0924 11.4799
116.1010 11.4840
116.1096 11.4881
116.1183 11.4922
116.1269 11.4963
116.1355 11.5004
116.1441 11.5045
116.1528 11.5086
116.1614 11.5127
116.1700 11.5168
116.1786 11.5209
116.1873 11.5250
116.1959 11.5291
116.2045 11.5333
116.2131 11.5374
116.2217 11.5415
116.2304 11.5456
116.2390 11.5497
116.2476 11.5538
116.2562 11.5579
116.2648 11.5620
116.2734 11.5661
116.2821 11.5702
116.2907 11.5743
116.2993 11.5784
116.3079 11.5825
116.3165 11.5866
116.3251 11.5907
116.3337 11.5948
116.3423 11.5989
116.3510 11.6031
116.3596 11.6072
116.3682 11.6113
116.3768 11.6154
116.3854 11.6195
116.3940 11.6236
116.4026 11.6277
116.4112 11.6318
116.4198 11.6359
116.4284 11.6400
116.4370 11.6442
116.4456 11.6483
116.4542 11.6524
116.4628 11.6565
116.4714 11.6606
116.4800 11.6647
116.4886 11.6688
116.4972 11.6730
116.5058 11.6771
116.5144 11.6812
116.5230 11.6853
116.5316 11.6894
116.5402 11.6935
116.5488 11.6976
116.5573 11.7018
116.5659 11.7059
116.5745 11.7100
116.5831 11.7141
116.5917 11.7182
116.6003 11.7223
116.6089 11.7265
116.6175 11.7306
116.6261 11.7347
116.6346 11.7388
116.6432 11.7429
116.6518 11.7471
116.6604 11.7512
116.6690 11.7553
116.6776 11.7594
116.6861 11.7636
116.6947 11.7677
116.7033 11.7718
116.7119 11.7759
116.7205 11.7800
116.7290 11.7842
116.7376 11.7883
116.7462 11.7924
116.7548 11.7965
116.7633 11.8007
116.7719 11.8048
116.7805 11.8089
116.7890 11.8130
116.7976 11.8172
116.8062 11.8213
116.8148 11.8254
116.8233 11.8295
116.8319 11.8337
116.8405 11.8378
116.8490 11.8419
116.8576 11.8461
116.8662 11.8502
116.8747 11.8543
116.8833 11.8584
116.8919 11.8626
116.9004 11.8667
116.9090 11.8708
116.9175 11.8750
116.9261 11.8791
116.9347 11.8832
116.9432 11.8874
116.9518 11.8915
116.9603 11.8956
116.9689 11.8997
116.9775 11.9039
116.9860 11.9080
116.9946 11.9121
117.0031 11.9163
117.0117 11.9204
117.0202 11.9245
117.0288 11.9287
117.0373 11.9328
117.0459 11.9370
117.0544 11.9411
117.0630 11.9452
117.0715 11.9494
117.0801 11.9535
117.0886 11.9576
117.0972 11.9618
117.1057 11.9659
117.1143 11.9700
117.1228 11.9742
117.1313 11.9783
117.1399 11.9825
117.1484 11.9866
117.1570 11.9907
117.1655 11.9949
117.1740 11.9990
117.1826 12.0032
117.1911 12.0073
117.1997 12.0114
117.2082 12.0156
117.2167 12.0197
117.2253 12.0239
117.2338 12.0280
117.2423 12.0322
117.2509 12.0363
117.2594 12.0404
117.2679 12.0446
117.2765 12.0487
117.2850 12.0529
117.2935 12.0570
117.3021 12.0612
117.3106 12.0653
117.3191 12.0694
117.3276 12.0736
117.3362 12.0777
117.3447 12.0819
117.3532 12.0860
117.3617 12.0902
117.3703 12.0943
117.3788 12.0985
117.3873 12.1026
117.3958 12.1068
117.4044 12.1109
117.4129 12.1151
117.4214 12.1192
117.4299 12.1234
117.4384 12.1275
117.4469 12.1317
117.4555 12.1358
117.4640 12.1400
117.4725 12.1441
117.4810 12.1483
117.4895 12.1524
117.4980 12.1566
117.5065 12.1607
117.5151 12.1649
117.5236 12.1690
117.5321 12.1732
117.5406 12.1773
117.5491 12.1815
117.5576 12.1856
117.5661 12.1898
117.5746 12.1939
117.5831 12.1981
117.5916 12.2023
117.6001 12.2064
117.6086 12.2106
117.6171 12.2147
117.6256 12.2189
117.6341 12.2230
117.6426 12.2272
117.6511 12.2314
117.6596 12.2355
117.6681 12.2397
117.6766 12.2438
117.6851 12.2480
117.6936 12.2521
117.7021 12.2563
117.7106 12.2605
117.7191 12.2646
117.7276 12.2688
117.7361 12.2729
117.7446 12.2771
117.7531 12.2813
117.7616 12.2854
117.7701 12.2896
117.7785 12.2937
117.7870 12.2979
117.7955 12.3021
117.8040 12.3062
117.8125 12.3104
117.8210 12.3146
117.8295 12.3187
117.8380 12.3229
117.8464 12.3271
117.8549 12.3312
117.8634 12.3354
117.8719 12.3395
117.8804 12.3437
117.8888 12.3479
117.8973 12.3520
117.9058 12.3562
117.9143 12.3604
117.9228 12.3645
117.9312 12.3687
117.9397 12.3729
117.9482 12.3770
117.9567 12.3812
117.9651 12.3854
117.9736 12.3895
117.9821 12.3937
117.9906 12.3979
117.9990 12.4021
118.0075 12.4062
118.0160 12.4104
118.0244 12.4146
118.0329 12.4187
118.0414 12.4229
118.0498 12.4271
118.0583 12.4313
118.0668 12.4354
118.0752 12.4396
118.0837 12.4438
118.0922 12.4479
118.1006 12.4521
118.1091 12.4563
118.1175 12.4605
118.1260 12.4646
118.1345 12.4688
118.1429 12.4730
118.1514 12.4772
118.1598 12.4813
118.1683 12.4855
118.1768 12.4897
118.1852 12.4939
118.1937 12.4980
118.2021 12.5022
118.2106 12.5064
118.2190 12.5106
118.2275 12.5147
118.2359 12.5189
118.2444 12.5231
118.2528 12.5273
118.2613 12.5315
118.2697 12.5356
118.2782 12.5398
118.2866 12.5440
118.2951 12.5482
118.3035 12.5524
118.3120 12.5565
118.3204 12.5607
118.3289 12.5649
118.3373 12.5691
118.3457 12.5733
118.3542 12.5774
118.3626 12.5816
118.3711 12.5858
118.3795 12.5900
118.3879 12.5942
118.3964 12.5983
118.4048 12.6025
118.4133 12.6067
118.4217 12.6109
118.4301 12.6151
118.4386 12.6193
118.4470 12.6235
118.4554 12.6276
118.4639 12.6318
118.4723 12.6360
118.4807 12.6402
118.4892 12.6444
118.4976 12.6486
118.5060 12.6528
118.5145 12.6569
118.5229 12.6611
118.5313 12.6653
118.5397 12.6695
118.5482 12.6737
118.5566 12.6779
118.5650 12.6821
118.5734 12.6863
118.5819 12.6904
118.5903 12.6946
118.5987 12.6988
118.6071 12.7030
118.6155 12.7072
118.6240 12.7114
118.6324 12.7156
118.6408 12.7198
118.6492 12.7240
118.6576 12.7282
118.6661 12.7324
118.6745 12.7365
118.6829 12.7407
118.6913 12.7449
118.6997 12.7491
118.7081 12.7533
118.7165 12.7575
118.7250 12.7617
118.7334 12.7659
118.7418 12.7701
118.7502 12.7743
118.7586 12.7785
118.7670 12.7827
118.7754 12.7869
118.7838 12.7911
118.7922 12.7953
118.8006 12.7995
118.8090 12.8037
118.8174 12.8079
118.8258 12.8121
118.8342 12.8163
118.8426 12.8204
118.8510 12.8246
118.8594 12.8288
118.8678 12.8330
118.8762 12.8372
118.8846 12.8414
118.8930 12.8456
118.9014 12.8498
118.9098 12.8540
118.9182 12.8582
118.9266 12.8624
118.9350 12.8666
118.9434 12.8708
118.9518 12.8750
118.9602 12.8792
118.9686 12.8834
118.9770 12.8876
118.9854 12.8919
118.9938 12.8961
119.0021 12.9003
119.0105 12.9045
119.0189 12.9087
119.0273 12.9129
119.0357 12.9171
119.0441 12.9213
119.0525 12.9255
119.0609 12.9297
119.0692 12.9339
119.0776 12.9381
119.0860 12.9423
119.0944 12.9465
119.1028 12.9507
119.1111 12.9549
119.1195 12.9591
119.1279 12.9633
119.1363 12.9675
119.1447 12.9717
119.1530 12.9760
119.1614 12.9802
119.1698 12.9844
119.1782 12.9886
119.1865 12.9928
119.1949 12.9970
119.2033 13.0012
119.2117 13.0054
119.2200 13.0096
119.2284 13.0138
119.2368 13.0180
119.2451 13.0222
119.2535 13.0265
119.2619 13.0307
119.2702 13.0349
119.2786 13.0391
119.2870 13.0433
119.2953 13.0475
119.3037 13.0517
119.3121 13.0559
119.3204 13.0602
119.3288 13.0644
119.3371 13.0686
119.3455 13.0728
119.3539 13.0770
119.3622 13.0812
119.3706 13.0854
119.3789 13.0897
119.3873 13.0939
119.3957 13.0981
119.4040 13.1023
119.4124 13.1065
119.4207 13.1107
119.4291 13.1149
119.4374 13.1192
119.4458 13.1234
119.4541 13.1276
119.4625 13.1318
119.4708 13.1360
119.4792 13.1402
119.4875 13.1445
119.4959 13.1487
119.5042 13.1529
119.5126 13.1571
119.5209 13.1613
119.5293 13.1656
119.5376 13.1698
119.5460 13.1740
119.5543 13.1782
119.5627 13.1824
119.5710 13.1867
119.5793 13.1909
119.5877 13.1951
119.5960 13.1993
119.6044 13.2035
119.6127 13.2078
119.6210 13.2120
119.6294 13.2162
119.6377 13.2204
119.6460 13.2246
119.6544 13.2289
119.6627 13.2331
119.6711 13.2373
119.6794 13.2415
119.6877 13.2458
119.6961 13.2500
119.7044 13.2542
119.7127 13.2584
119.7210 13.2627
119.7294 13.2669
119.7377 13.2711
119.7460 13.2753
119.7544 13.2796
119.7627 13.2838
119.7710 13.2880
119.7793 13.2922
119.7877 13.2965
119.7960 13.3007
119.8043 13.3049
119.8126 13.3091
119.8210 13.3134
119.8293 13.3176
119.8376 13.3218
119.8459 13.3261
119.8542 13.3303
119.8626 13.3345
119.8709 13.3387
119.8792 13.3430
119.8875 13.3472
119.8958 13.3514
119.9042 13.3557
119.9125 13.3599
119.9208 13.3641
119.9291 13.3684
119.9374 13.3726
119.9457 13.3768
119.9540 13.3811
119.9623 13.3853
119.9707 13.3895
119.9790 13.3938
119.9873 13.3980
119.9956 13.4022
120.0039 13.4064
120.0122 13.4107
120.0205 13.4149
120.0288 13.4192
120.0371 13.4234
120.0454 13.4276
120.0537 13.4319
120.0620 13.4361
120.0703 13.4403
120.0786 13.4446
120.0869 13.4488
120.0952 13.4530
120.1035 13.4573
120.1118 13.4615
120.1201 13.4657
120.1284 13.4700
120.1367 13.4742
120.1450 13.4784
120.1533 13.4827
120.1616 13.4869
120.1699 13.4912
120.1782 13.4954
120.1865 13.4996
120.1948 13.5039
120.2031 13.5081
120.2114 13.5124
120.2197 13.5166
120.2280 13.5208
120.2363 13.5251
120.2445 13.5293
120.2528 13.5336
120.2611 13.5378
120.2694 13.5420
120.2777 13.5463
120.2860 13.5505
120.2943 13.5548
120.3025 13.5590
120.3108 13.5632
120.3191 13.5675
120.3274 13.5717
120.3357 13.5760
120.3440 13.5802
120.3522 13.5845
120.3605 13.5887
120.3688 13.5929
120.3771 13.5972
120.3854 13.6014
120.3936 13.6057
120.4019 13.6099
120.4102 13.6142
120.4185 13.6184
120.4267 13.6227
120.4350 13.6269
120.4433 13.6311
120.4515 13.6354
120.4598 13.6396
120.4681 13.6439
120.4764 13.6481
120.4846 13.6524
120.4929 13.6566
120.5012 13.6609
120.5094 13.6651
120.5177 13.6694
120.5260 13.6736
120.5342 13.6779
120.5425 13.6821
120.5508 13.6864
120.5590 13.6906
120.5673 13.6949
120.5756 13.6991
120.5838 13.7034
120.5921 13.7076
120.6003 13.7119
120.6086 13.7161
120.6169 13.7204
120.6251 13.7246
120.6334 13.7289
120.6416 13.7331
120.6499 13.7374
120.6581 13.7416
120.6664 13.7459
120.6747 13.7501
120.6829 13.7544
120.6912 13.7586
120.6994 13.7629
120.7077 13.7671
120.7159 13.7714
120.7242 13.7756
120.7324 13.7799
120.7407 13.7841
120.7489 13.7884
120.7572 13.7926
120.7654 13.7969
120.7737 13.8012
120.7819 13.8054
120.7902 13.8097
120.7984 13.8139
120.8066 13.8182
120.8149 13.8224
120.8231 13.8267
120.8314 13.8309
120.8396 13.8352
120.8479 13.8395
120.8561 13.8437
120.8643 13.8480
120.8726 13.8522
120.8808 13.8565
120.8890 13.8607
120.8973 13.8650
120.9055 13.8693
120.9138 13.8735
120.9220 13.8778
120.9302 13.8820
120.9385 13.8863
120.9467 13.8905
120.9549 13.8948
120.9632 13.8991
120.9714 13.9033
120.9796 13.9076
120.9878 13.9118
120.9961 13.9161
121.0043 13.9204
121.0125 13.9246
121.0208 13.9289
121.0290 13.9331
121.0372 13.9374
121.0454 13.9417
121.0537 13.9459
121.0619 13.9502
121.0701 13.9545
121.0783 13.9587
121.0866 13.9630
121.0948 13.9672
121.1030 13.9715
121.1112 13.9758
121.1194 13.9800
121.1277 13.9843
121.1359 13.9886
121.1441 13.9928
121.1523 13.9971
121.1605 14.0014
121.1687 14.0056
121.1770 14.0099
121.1852 14.0141
121.1934 14.0184
121.2016 14.0227
121.2098 14.0269
121.2180 14.0312
121.2262 14.0355
121.2344 14.0397
121.2426 14.0440
121.2509 14.0483
121.2591 14.0525
121.2673 14.0568
121.2755 14.0611
121.2837 14.0653
121.2919 14.0696
121.3001 14.0739
121.3083 14.0781
121.3165 14.0824
121.3247 14.0867
121.3329 14.0910
121.3411 14.0952
121.3493 14.0995
121.3575 14.1038
121.3657 14.1080
121.3739 14.1123
121.3821 14.1166
121.3903 14.1208
121.3985 14.1251
121.4067 14.1294
121.4149 14.1337
121.4231 14.1379
121.4313 14.1422
121.4395 14.1465
121.4477 14.1507
121.4559 14.1550
121.4641 14.1593
121.4723 14.1636
121.4804 14.1678
121.4886 14.1721
121.4968 14.1764
121.5050 14.1806
121.5132 14.1849
121.5214 14.1892
121.5296 14.1935
121.5378 14.1977
121.5460 14.2020
121.5541 14.2063
121.5623 14.2106
121.5705 14.2148
121.5787 14.2191
121.5869 14.2234
121.5951 14.2277
121.6032 14.2319
121.6114 14.2362
121.6196 14.2405
121.6278 14.2448
121.6360 14.2490
121.6441 14.2533
121.6523 14.2576
121.6605 14.2619
121.6687 14.2662
121.6768 14.2704
121.6850 14.2747
121.6932 14.2790
121.7014 14.2833
121.7095 14.2875
121.7177 14.2918
121.7259 14.2961
121.7341 14.3004
121.7422 14.3047
121.7504 14.3089
121.7586 14.3132
121.7667 14.3175
121.7749 14.3218
121.7831 14.3261
121.7912 14.3303
121.7994 14.3346
121.8076 14.3389
121.8157 14.3432
121.8239 14.3475
121.8321 14.3517
121.8402 14.3560
121.8484 14.3603
121.8566 14.3646
121.8647 14.3689
121.8729 14.3731
121.8810 14.3774
121.8892 14.3817
121.8974 14.3860
121.9055 14.3903
121.9137 14.3946
121.9218 14.3988
121.9300 14.4031
121.9381 14.4074
121.9463 14.4117
121.9545 14.4160
121.9626 14.4203
121.9708 14.4245
121.9789 14.4288
121.9871 14.4331
121.9952 14.4374
122.0034 14.4417
122.0115 14.4460
122.0197 14.4503
122.0278 14.4545
122.0360 14.4588
122.0441 14.4631
122.0523 14.4674
122.0604 14.4717
122.0685 14.4760
122.0767 14.4803
122.0848 14.4845
122.0930 14.4888
122.1011 14.4931
122.1093 14.4974
122.1174 14.5017
122.1256 14.5060
122.1337 14.5103
122.1418 14.5146
122.1500 14.5188
122.1581 14.5231
122.1662 14.5274
122.1744 14.5317
122.1825 14.5360
122.1907 14.5403
122.1988 14.5446
122.2069 14.5489
122.2151 14.5532
122.2232 14.5574
122.2313 14.5617
122.2395 14.5660
122.2476 14.5703
122.2557 14.5746
122.2639 14.5789
122.2720 14.5832
122.2801 14.5875
122.2882 14.5918
122.2964 14.5961
122.3045 14.6004
122.3126 14.6047
122.3208 14.6089
122.3289 14.6132
122.3370 14.6175
122.3451 14.6218
122.3533 14.6261
122.3614 14.6304
122.3695 14.6347
122.3776 14.6390
122.3857 14.6433
122.3939 14.6476
122.4020 14.6519
122.4101 14.6562
122.4182 14.6605
122.4263 14.6648
122.4345 14.6691
122.4426 14.6733
122.4507 14.6776
122.4588 14.6819
122.4669 14.6862
122.4750 14.6905
122.4831 14.6948
122.4913 14.6991
122.4994 14.7034
122.5075 14.7077
122.5156 14.7120
122.5237 14.7163
122.5318 14.7206
122.5399 14.7249
122.5480 14.7292
122.5561 14.7335
122.5642 14.7378
122.5724 14.7421
122.5805 14.7464
122.5886 14.7507
122.5967 14.7550
122.6048 14.7593
122.6129 14.7636
122.6210 14.7679
122.6291 14.7722
122.6372 14.7765
122.6453 14.7808
122.6534 14.7851
122.6615 14.7894
122.6696 14.7937
122.6777 14.7980
122.6858 14.8023
122.6939 14.8066
122.7020 14.8109
122.7101 14.8152
122.7182 14.8195
122.7263 14.8238
122.7344 14.8281
122.7425 14.8324
122.7505 14.8367
122.7586 14.8410
122.7667 14.8453
122.7748 14.8496
122.7829 14.8539
122.7910 14.8582
122.7991 14.8625
122.8072 14.8668
122.8153 14.8711
122.8234 14.8754
122.8314 14.8797
122.8395 14.8840
122.8476 14.8883
122.8557 14.8926
122.8638 14.8969
122.8719 14.9012
122.8800 14.9055
122.8880 14.9098
122.8961 14.9141
122.9042 14.9184
122.9123 14.9227
122.9204 14.9271
122.9284 14.9314
122.9365 14.9357
122.9446 14.9400
122.9527 14.9443
122.9608 14.9486
122.9688 14.9529
122.9769 14.9572
122.9850 14.9615
122.9931 14.9658
123.0011 14.9701
123.0092 14.9744
123.0173 14.9787
123.0253 14.9830
123.0334 14.9873
123.0415 14.9916
123.0496 14.9959
123.0576 15.0003
123.0657 15.0046
123.0738 15.0089
123.0818 15.0132
123.0899 15.0175
123.0980 15.0218
123.1060 15.0261
123.1141 15.0304
123.1222 15.0347
123.1302 15.0390
123.1383 15.0433
123.1464 15.0477
123.1544 15.0520
123.1625 15.0563
123.1705 15.0606
123.1786 15.0649
123.1867 15.0692
123.1947 15.0735
123.2028 15.0778
123.2108 15.0821
123.2189 15.0864
123.2270 15.0908
123.2350 15.0951
123.2431 15.0994
123.2511 15.1037
123.2592 15.1080
123.2672 15.1123
123.2753 15.1166
123.2833 15.1209
123.2914 15.1252
123.2994 15.1296
123.3075 15.1339
123.3155 15.1382
123.3236 15.1425
123.3316 15.1468
123.3397 15.1511
123.3477 15.1554
123.3558 15.1597
123.3638 15.1641
123.3719 15.1684
123.3799 15.1727
123.3880 15.1770
123.3960 15.1813
123.4041 15.1856
123.4121 15.1899
123.4201 15.1943
123.4282 15.1986
123.4362 15.2029
123.4443 15.2072
123.4523 15.2115
123.4603 15.2158
123.4684 15.2202
123.4764 15.2245
123.4845 15.2288
123.4925 15.2331
123.5005 15.2374
123.5086 15.2417
123.5166 15.2461
123.5246 15.2504
123.5327 15.2547
123.5407 15.2590
123.5487 15.2633
123.5568 15.2676
123.5648 15.2720
123.5728 15.2763
123.5809 15.2806
123.5889 15.2849
123.5969 15.2892
123.6050 15.2935
123.6130 15.2979
123.6210 15.3022
123.6290 15.3065
123.6371 15.3108
123.6451 15.3151
123.6531 15.3195
123.6611 15.3238
123.6692 15.3281
123.6772 15.3324
123.6852 15.3367
123.6932 15.3411
123.7013 15.3454
123.7093 15.3497
123.7173 15.3540
123.7253 15.3583
123.7333 15.3627
123.7414 15.3670
123.7494 15.3713
123.7574 15.3756
123.7654 15.3799
123.7734 15.3843
123.7814 15.3886
123.7895 15.3929
123.7975 15.3972
123.8055 15.4015
123.8135 15.4059
123.8215 15.4102
123.8295 15.4145
123.8375 15.4188
123.8455 15.4232
123.8535 15.4275
123.8616 15.4318
123.8696 15.4361
123.8776 15.4404
123.8856 15.4448
123.8936 15.4491
123.9016 15.4534
123.9096 15.4577
123.9176 15.4621
123.9256 15.4664
123.9336 15.4707
123.9416 15.4750
123.9496 15.4794
123.9576 15.4837
123.9656 15.4880
123.9736 15.4923
123.9816 15.4967
123.9896 15.5010
123.9976 15.5053
124.0056 15.5096
124.0136 15.5140
124.0216 15.5183
124.0296 15.5226
124.0376 15.5269
124.0456 15.5313
124.0536 15.5356
124.0616 15.5399
124.0696 15.5442
124.0776 15.5486
124.0856 15.5529
124.0936 15.5572
124.1016 15.5616
124.1096 15.5659
124.1176 15.5702
124.1255 15.5745
124.1335 15.5789
124.1415 15.5832
124.1495 15.5875
124.1575 15.5918
124.1655 15.5962
124.1735 15.6005
124.1815 15.6048
124.1894 15.6092
124.1974 15.6135
124.2054 15.6178
124.2134 15.6221
124.2214 15.6265
124.2294 15.6308
124.2373 15.6351
124.2453 15.6395
124.2533 15.6438
124.2613 15.6481
124.2693 15.6525
124.2772 15.6568
124.2852 15.6611
124.2932 15.6654
124.3012 15.6698
124.3091 15.6741
124.3171 15.6784
124.3251 15.6828
124.3331 15.6871
124.3410 15.6914
124.3490 15.6958
124.3570 15.7001
124.3650 15.7044
124.3729 15.7087
124.3809 15.7131
124.3889 15.7174
124.3968 15.7217
124.4048 15.7261
124.4128 15.7304
124.4208 15.7347
124.4287 15.7391
124.4367 15.7434
124.4447 15.7477
124.4526 15.7521
124.4606 15.7564
124.4686 15.7607
124.4765 15.7651
124.4845 15.7694
124.4924 15.7737
124.5004 15.7781
124.5084 15.7824
124.5163 15.7867
124.5243 15.7911
124.5322 15.7954
124.5402 15.7997
124.5482 15.8041
124.5561 15.8084
124.5641 15.8127
124.5720 15.8171
124.5800 15.8214
124.5879 15.8257
124.5959 15.8301
124.6039 15.8344
124.6118 15.8388
124.6198 15.8431
124.6277 15.8474
124.6357 15.8518
124.6436 15.8561
124.6516 15.8604
124.6595 15.8648
124.6675 15.8691
124.6754 15.8734
124.6834 15.8778
124.6913 15.8821
124.6993 15.8864
124.7072 15.8908
124.7152 15.8951
124.7231 15.8995
124.7311 15.9038
124.7390 15.9081
124.7469 15.9125
124.7549 15.9168
124.7628 15.9211
124.7708 15.9255
124.7787 15.9298
124.7867 15.9342
124.7946 15.9385
124.8025 15.9428
124.8105 15.9472
124.8184 15.9515
124.8263 15.9558
124.8343 15.9602
124.8422 15.9645
124.8502 15.9689
124.8581 15.9732
124.8660 15.9775
124.8740 15.9819
124.8819 15.9862
124.8898 15.9906
124.8978 15.9949
124.9057 15.9992
124.9136 16.0036
124.9216 16.0079
124.9295 16.0123
124.9374 16.0166
124.9453 16.0209
124.9533 16.0253
124.9612 16.0296
124.9691 16.0340
124.9771 16.0383
124.9850 16.0426
124.9929 16.0470
125.0008 16.0513
125.0088 16.0557
125.0167 16.0600
125.0246 16.0643
125.0325 16.0687
125.0405 16.0730
125.0484 16.0774
125.0563 16.0817
125.0642 16.0860
125.0721 16.0904
125.0801 16.0947
125.0880 16.0991
125.0959 16.1034
125.1038 16.1078
125.1117 16.1121
125.1197 16.1164
125.1276 16.1208
125.1355 16.1251
125.1434 16.1295
125.1513 16.1338
125.1592 16.1382
125.1671 16.1425
125.1751 16.1468
125.1830 16.1512
125.1909 16.1555
125.1988 16.1599
125.2067 16.1642
125.2146 16.1686
125.2225 16.1729
125.2304 16.1773
125.2383 16.1816
125.2462 16.1859
125.2542 16.1903
125.2621 16.1946
125.2700 16.1990
125.2779 16.2033
125.2858 16.2077
125.2937 16.2120
125.3016 16.2164
125.3095 16.2207
125.3174 16.2250
125.3253 16.2294
125.3332 16.2337
125.3411 16.2381
125.3490 16.2424
125.3569 16.2468
125.3648 16.2511
125.3727 16.2555
125.3806 16.2598
125.3885 16.2642
125.3964 16.2685
125.4043 16.2728
125.4122 16.2772
125.4201 16.2815
125.4280 16.2859
125.4359 16.2902
125.4438 16.2946
125.4517 16.2989
125.4595 16.3033
125.4674 16.3076
125.4753 16.3120
125.4832 16.3163
125.4911 16.3207
125.4990 16.3250
125.5069 16.3294
125.5148 16.3337
125.5227 16.3381
125.5306 16.3424
125.5384 16.3468
125.5463 16.3511
125.5542 16.3555
125.5621 16.3598
125.5700 16.3641
125.5779 16.3685
125.5858 16.3728
125.5936 16.3772
125.6015 16.3815
125.6094 16.3859
125.6173 16.3902
125.6252 16.3946
125.6330 16.3989
125.6409 16.4033
125.6488 16.4076
125.6567 16.4120
125.6646 16.4163
125.6724 16.4207
125.6803 16.4250
125.6882 16.4294
125.6961 16.4337
125.7039 16.4381
125.7118 16.4424
125.7197 16.4468
125.7276 16.4511
125.7354 16.4555
125.7433 16.4598
125.7512 16.4642
125.7590 16.4685
125.7669 16.4729
125.7748 16.4772
125.7827 16.4816
125.7905 16.4860
125.7984 16.4903
125.8063 16.4947
125.8141 16.4990
125.8220 16.5034
125.8299 16.5077
125.8377 16.5121
125.8456 16.5164
125.8535 16.5208
125.8613 16.5251
125.8692 16.5295
125.8770 16.5338
125.8849 16.5382
125.8928 16.5425
125.9006 16.5469
125.9085 16.5512
125.9163 16.5556
125.9242 16.5599
125.9321 16.5643
125.9399 16.5686
125.9478 16.5730
125.9556 16.5774
125.9635 16.5817
125.9714 16.5861
125.9792 16.5904
125.9871 16.5948
125.9949 16.5991
126.0028 16.6035
126.0106 16.6078
126.0185 16.6122
126.0263 16.6165
126.0342 16.6209
126.0420 16.6252
126.0499 16.6296
126.0577 16.6340
126.0656 16.6383
126.0734 16.6427
126.0813 16.6470
126.0891 16.6514
126.0970 16.6557
126.1048 16.6601
126.1127 16.6644
126.1205 16.6688
126.1284 16.6731
126.1362 16.6775
126.1440 16.6819
126.1519 16.6862
126.1597 16.6906
126.1676 16.6949
126.1754 16.6993
126.1833 16.7036
126.1911 16.7080
126.1989 16.7123
126.2068 16.7167
126.2146 16.7211
126.2224 16.7254
126.2303 16.7298
126.2381 16.7341
126.2460 16.7385
126.2538 16.7428
126.2616 16.7472
126.2695 16.7516
126.2773 16.7559
126.2851 16.7603
126.2930 16.7646
126.3008 16.7690
126.3086 16.7733
126.3165 16.7777
126.3243 16.7821
126.3321 16.7864
126.3400 16.7908
126.3478 16.7951
126.3556 16.7995
126.3634 16.8038
126.3713 16.8082
126.3791 16.8126
126.3869 16.8169
126.3947 16.8213
126.4026 16.8256
126.4104 16.8300
126.4182 16.8343
126.4260 16.8387
126.4339 16.8431
126.4417 16.8474
126.4495 16.8518
126.4573 16.8561
126.4651 16.8605
126.4730 16.8649
126.4808 16.8692
126.4886 16.8736
126.4964 16.8779
126.5042 16.8823
126.5121 16.8866
126.5199 16.8910
126.5277 16.8954
126.5355 16.8997
126.5433 16.9041
126.5511 16.9084
126.5590 16.9128
126.5668 16.9172
126.5746 16.9215
126.5824 16.9259
126.5902 16.9302
126.5980 16.9346
126.6058 16.9390
126.6136 16.9433
126.6214 16.9477
126.6293 16.9520
126.6371 16.9564
126.6449 16.9608
126.6527 16.9651
126.6605 16.9695
126.6683 16.9738
126.6761 16.9782
126.6839 16.9826
126.6917 16.9869
126.6995 16.9913
126.7073 16.9957
126.7151 17.0000
126.7229 17.0044
126.7307 17.0087
126.7385 17.0131
126.7463 17.0175
126.7541 17.0218
126.7619 17.0262
126.7697 17.0305
126.7775 17.0349
126.7853 17.0393
126.7931 17.0436
126.8009 17.0480
126.8087 17.0523
126.8165 17.0567
126.8243 17.0611
126.8321 17.0654
126.8399 17.0698
126.8477 17.0742
126.8555 17.0785
126.8633 17.0829
126.8711 17.0872
126.8789 17.0916
126.8867 17.0960
126.8944 17.1003
126.9022 17.1047
126.9100 17.1091
126.9178 17.1134
126.9256 17.1178
126.9334 17.1222
126.9412 17.1265
126.9490 17.1309
126.9568 17.1352
126.9645 17.1396
126.9723 17.1440
126.9801 17.1483
126.9879 17.1527
126.9957 17.1571
127.0035 17.1614
127.0112 17.1658
127.0190 17.1701
127.0268 17.1745
127.0346 17.1789
127.0424 17.1832
127.0502 17.1876
127.0579 17.1920
127.0657 17.1963
127.0735 17.2007
127.0813 17.2051
127.0890 17.2094
127.0968 17.2138
127.1046 17.2182
127.1124 17.2225
127.1202 17.2269
127.1279 17.2312
127.1357 17.2356
127.1435 17.2400
127.1512 17.2443
127.1590 17.2487
127.1668 17.2531
127.1746 17.2574
127.1823 17.2618
127.1901 17.2662
127.1979 17.2705
127.2056 17.2749
127.2134 17.2793
127.2212 17.2836
127.2289 17.2880
127.2367 17.2924
127.2445 17.2967
127.2522 17.3011
127.2600 17.3055
127.2678 17.3098
127.2755 17.3142
127.2833 17.3186
127.2911 17.3229
127.2988 17.3273
127.3066 17.3317
127.3144 17.3360
127.3221 17.3404
127.3299 17.3448
127.3376 17.3491
127.3454 17.3535
127.3532 17.3579
127.3609 17.3622
127.3687 17.3666
127.3764 17.3710
127.3842 17.3753
127.3920 17.3797
127.3997 17.3841
127.4075 17.3884
127.4152 17.3928
127.4230 17.3972
127.4307 17.4015
127.4385 17.4059
127.4462 17.4103
127.4540 17.4146
127.4617 17.4190
127.4695 17.4234
127.4772 17.4277
127.4850 17.4321
127.4927 17.4365
127.5005 17.4408
127.5082 17.4452
127.5160 17.4496
127.5237 17.4539
127.5315 17.4583
127.5392 17.4627
127.5470 17.4670
127.5547 17.4714
127.5625 17.4758
127.5702 17.4801
127.5779 17.4845
127.5857 17.4889
127.5934 17.4932
127.6012 17.4976
127.6089 17.5020
127.6167 17.5063
127.6244 17.5107
127.6321 17.5151
127.6399 17.5195
127.6476 17.5238
127.6554 17.5282
127.6631 17.5326
127.6708 17.5369
127.6786 17.5413
127.6863 17.5457
127.6940 17.5500
127.7018 17.5544
127.7095 17.5588
127.7172 17.5631
127.7250 17.5675
127.7327 17.5719
127.7404 17.5762
127.7482 17.5806
127.7559 17.5850
127.7636 17.5894
127.7714 17.5937
127.7791 17.5981
127.7868 17.6025
127.7946 17.6068
127.8023 17.6112
127.8100 17.6156
127.8177 17.6199
127.8255 17.6243
127.8332 17.6287
127.8409 17.6331
127.8486 17.6374
127.8564 17.6418
127.8641 17.6462
127.8718 17.6505
127.8795 17.6549
127.8873 17.6593
127.8950 17.6636
127.9027 17.6680
127.9104 17.6724
127.9182 17.6768
127.9259 17.6811
127.9336 17.6855
127.9413 17.6899
127.9490 17.6942
127.9567 17.6986
127.9645 17.7030
127.9722 17.7073
127.9799 17.7117
127.9876 17.7161
127.9953 17.7205
128.0030 17.7248
128.0108 17.7292
128.0185 17.7336
128.0262 17.7379
128.0339 17.7423
128.0416 17.7467
128.0493 17.7510
128.0570 17.7554
128.0647 17.7598
128.0725 17.7642
128.0802 17.7685
128.0879 17.7729
128.0956 17.7773
128.1033 17.7816
128.1110 17.7860
128.1187 17.7904
128.1264 17.7948
128.1341 17.7991
128.1418 17.8035
128.1495 17.8079
128.1572 17.8122
128.1649 17.8166
128.1726 17.8210
128.1803 17.8254
128.1880 17.8297
128.1957 17.8341
128.2034 17.8385
128.2111 17.8428
128.2188 17.8472
128.2265 17.8516
128.2342 17.8560
128.2419 17.8603
128.2496 17.8647
128.2573 17.8691
128.2650 17.8734
128.2727 17.8778
128.2804 17.8822
128.2881 17.8866
128.2958 17.8909
128.3035 17.8953
128.3112 17.8997
128.3189 17.9041
128.3266 17.9084
128.3343 17.9128
128.3420 17.9172
128.3497 17.9215
128.3574 17.9259
128.3650 17.9303
128.3727 17.9347
128.3804 17.9390
128.3881 17.9434
128.3958 17.9478
128.4035 17.9521
128.4112 17.9565
128.4189 17.9609
128.4265 17.9653
128.4342 17.9696
128.4419 17.9740
128.4496 17.9784
128.4573 17.9828
128.4650 17.9871
128.4727 17.9915
128.4803 17.9959
128.4880 18.0002
128.4957 18.0046
128.5034 18.0090
128.5111 18.0134
128.5187 18.0177
128.5264 18.0221
128.5341 18.0265
128.5418 18.0309
128.5495 18.0352
128.5571 18.0396
128.5648 18.0440
128.5725 18.0484
128.5802 18.0527
128.5878 18.0571
128.5955 18.0615
128.6032 18.0658
128.6109 18.0702
128.6185 18.0746
128.6262 18.0790
128.6339 18.0833
128.6416 18.0877
128.6492 18.0921
128.6569 18.0965
128.6646 18.1008
128.6722 18.1052
128.6799 18.1096
128.6876 18.1140
128.6952 18.1183
128.7029 18.1227
128.7106 18.1271
128.7182 18.1315
128.7259 18.1358
128.7336 18.1402
128.7412 18.1446
128.7489 18.1489
128.7566 18.1533
128.7642 18.1577
128.7719 18.1621
128.7796 18.1664
128.7872 18.1708
128.7949 18.1752
128.8025 18.1796
128.8102 18.1839
128.8179 18.1883
128.8255 18.1927
128.8332 18.1971
128.8408 18.2014
128.8485 18.2058
128.8562 18.2102
128.8638 18.2146
128.8715 18.2189
128.8791 18.2233
128.8868 18.2277
128.8944 18.2321
128.9021 18.2364
128.9097 18.2408
128.9174 18.2452
128.9251 18.2496
128.9327 18.2539
128.9404 18.2583
128.9480 18.2627
128.9557 18.2671
128.9633 18.2714
128.9710 18.2758
128.9786 18.2802
128.9863 18.2846
128.9939 18.2889
129.0016 18.2933
129.0092 18.2977
129.0169 18.3021
129.0245 18.3064
129.0321 18.3108
129.0398 18.3152
129.0474 18.3196
129.0551 18.3239
129.0627 18.3283
129.0704 18.3327
129.0780 18.3371
129.0857 18.3414
129.0933 18.3458
129.1009 18.3502
129.1086 18.3546
129.1162 18.3589
129.1239 18.3633
129.1315 18.3677
129.1391 18.3721
129.1468 18.3764
129.1544 18.3808
129.1621 18.3852
129.1697 18.3896
129.1773 18.3939
129.1850 18.3983
129.1926 18.4027
129.2002 18.4071
129.2079 18.4114
129.2155 18.4158
129.2231 18.4202
129.2308 18.4246
129.2384 18.4289
129.2460 18.4333
129.2537 18.4377
129.2613 18.4421
129.2689 18.4464
129.2766 18.4508
129.2842 18.4552
129.2918 18.4596
129.2994 18.4639
129.3071 18.4683
129.3147 18.4727
129.3223 18.4771
129.3300 18.4814
129.3376 18.4858
129.3452 18.4902
129.3528 18.4946
129.3605 18.4989
129.3681 18.5033
129.3757 18.5077
129.3833 18.5121
129.3909 18.5164
129.3986 18.5208
129.4062 18.5252
129.4138 18.5296
129.4214 18.5339
129.4291 18.5383
129.4367 18.5427
129.4443 18.5471
129.4519 18.5514
129.4595 18.5558
129.4671 18.5602
129.4748 18.5646
129.4824 18.5690
129.4900 18.5733
129.4976 18.5777
129.5052 18.5821
129.5128 18.5865
129.5205 18.5908
129.5281 18.5952
129.5357 18.5996
129.5433 18.6040
129.5509 18.6083
129.5585 18.6127
129.5661 18.6171
129.5737 18.6215
129.5813 18.6258
129.5890 18.6302
129.5966 18.6346
129.6042 18.6390
129.6118 18.6433
129.6194 18.6477
129.6270 18.6521
129.6346 18.6565
129.6422 18.6608
129.6498 18.6652
129.6574 18.6696
129.6650 18.6740
129.6726 18.6783
129.6802 18.6827
129.6878 18.6871
129.6954 18.6915
129.7030 18.6958
129.7106 18.7002
129.7182 18.7046
129.7258 18.7090
129.7334 18.7134
129.7410 18.7177
129.7486 18.7221
129.7562 18.7265
129.7638 18.7309
129.7714 18.7352
129.7790 18.7396
129.7866 18.7440
129.7942 18.7484
129.8018 18.7527
129.8094 18.7571
129.8170 18.7615
129.8246 18.7659
129.8322 18.7702
129.8398 18.7746
129.8474 18.7790
129.8550 18.7834
129.8626 18.7877
129.8702 18.7921
129.8777 18.7965
129.8853 18.8009
129.8929 18.8052
129.9005 18.8096
129.9081 18.8140
129.9157 18.8184
129.9233 18.8228
129.9309 18.8271
129.9385 18.8315
129.9460 18.8359
129.9536 18.8403
129.9612 18.8446
129.9688 18.8490
129.9764 18.8534
129.9840 18.8578
129.9915 18.8621
129.9991 18.8665
130.0067 18.8709
130.0143 18.8753
130.0219 18.8796
130.0295 18.8840
130.0370 18.8884
130.0446 18.8928
130.0522 18.8971
130.0598 18.9015
130.0674 18.9059
130.0749 18.9103
130.0825 18.9146
130.0901 18.9190
130.0977 18.9234
130.1052 18.9278
130.1128 18.9321
130.1204 18.9365
130.1280 18.9409
130.1355 18.9453
130.1431 18.9496
130.1507 18.9540
130.1583 18.9584
130.1658 18.9628
130.1734 18.9672
130.1810 18.9715
130.1885 18.9759
130.1961 18.9803
130.2037 18.9847
130.2113 18.9890
130.2188 18.9934
130.2264 18.9978
130.2340 19.0022
130.2415 19.0065
130.2491 19.0109
130.2567 19.0153
130.2642 19.0197
130.2718 19.0240
130.2794 19.0284
130.2869 19.0328
130.2945 19.0372
130.3020 19.0415
130.3096 19.0459
130.3172 19.0503
130.3247 19.0547
130.3323 19.0590
130.3399 19.0634
130.3474 19.0678
130.3550 19.0722
130.3625 19.0765
130.3701 19.0809
130.3777 19.0853
130.3852 19.0897
130.3928 19.0941
130.4003 19.0984
130.4079 19.1028
130.4154 19.1072
130.4230 19.1116
130.4306 19.1159
130.4381 19.1203
130.4457 19.1247
130.4532 19.1291
130.4608 19.1334
130.4683 19.1378
130.4759 19.1422
130.4834 19.1466
130.4910 19.1509
130.4985 19.1553
130.5061 19.1597
130.5136 19.1641
130.5212 19.1684
130.5287 19.1728
130.5363 19.1772
130.5438 19.1816
130.5514 19.1859
130.5589 19.1903
130.5665 19.1947
130.5740 19.1991
130.5816 19.2034
130.5891 19.2078
130.5967 19.2122
130.6042 19.2166
130.6117 19.2209
130.6193 19.2253
130.6268 19.2297
130.6344 19.2341
130.6419 19.2384
130.6495 19.2428
130.6570 19.2472
130.6645 19.2516
130.6721 19.2559
130.6796 19.2603
130.6872 19.2647
130.6947 19.2691
130.7022 19.2734
130.7098 19.2778
130.7173 19.2822
130.7248 19.2866
130.7324 19.2909
130.7399 19.2953
130.7474 19.2997
130.7550 19.3041
130.7625 19.3084
130.7701 19.3128
130.7776 19.3172
130.7851 19.3216
130.7927 19.3259
130.8002 19.3303
130.8077 19.3347
130.8152 19.3391
130.8228 19.3434
130.8303 19.3478
130.8378 19.3522
130.8454 19.3566
130.8529 19.3609
130.8604 19.3653
130.8680 19.3697
130.8755 19.3741
130.8830 19.3784
130.8905 19.3828
130.8981 19.3872
130.9056 19.3916
130.9131 19.3959
130.9206 19.4003
130.9282 19.4047
130.9357 19.4091
130.9432 19.4134
130.9507 19.4178
130.9582 19.4222
130.9658 19.4266
130.9733 19.4309
130.9808 19.4353
130.9883 19.4397
130.9959 19.4441
131.0034 19.4484
131.0109 19.4528
131.0184 19.4572
131.0259 19.4616
131.0334 19.4659
131.0410 19.4703
131.0485 19.4747
131.0560 19.4791
131.0635 19.4834
131.0710 19.4878
131.0785 19.4922
131.0861 19.4966
131.0936 19.5009
131.1011 19.5053
131.1086 19.5097
131.1161 19.5141
131.1236 19.5184
131.1311 19.5228
131.1386 19.5272
131.1462 19.5316
131.1537 19.5359
131.1612 19.5403
131.1687 19.5447
131.1762 19.5490
131.1837 19.5534
131.1912 19.5578
131.1987 19.5622
131.2062 19.5665
131.2137 19.5709
131.2212 19.5753
131.2287 19.5797
131.2362 19.5840
131.2437 19.5884
131.2512 19.5928
131.2587 19.5972
131.2663 19.6015
131.2738 19.6059
131.2813 19.6103
131.2888 19.6147
131.2963 19.6190
131.3038 19.6234
131.3113 19.6278
131.3188 19.6321
131.3263 19.6365
131.3338 19.6409
131.3413 19.6453
131.3488 19.6496
131.3562 19.6540
131.3637 19.6584
131.3712 19.6628
131.3787 19.6671
131.3862 19.6715
131.3937 19.6759
131.4012 19.6802
131.4087 19.6846
131.4162 19.6890
131.4237 19.6934
131.4312 19.6977
131.4387 19.7021
131.4462 19.7065
131.4537 19.7109
131.4612 19.7152
131.4687 19.7196
131.4761 19.7240
131.4836 19.7283
131.4911 19.7327
131.4986 19.7371
131.5061 19.7415
131.5136 19.7458
131.5211 19.7502
131.5286 19.7546
131.5360 19.7590
131.5435 19.7633
131.5510 19.7677
131.5585 19.7721
131.5660 19.7764
131.5735 19.7808
131.5809 19.7852
131.5884 19.7896
131.5959 19.7939
131.6034 19.7983
131.6109 19.8027
131.6184 19.8070
131.6258 19.8114
131.6333 19.8158
131.6408 19.8202
131.6483 19.8245
131.6558 19.8289
131.6632 19.8333
131.6707 19.8376
131.6782 19.8420
131.6857 19.8464
131.6931 19.8508
131.7006 19.8551
131.7081 19.8595
131.7156 19.8639
131.7230 19.8682
131.7305 19.8726
131.7380 19.8770
131.7455 19.8814
131.7529 19.8857
131.7604 19.8901
131.7679 19.8945
131.7753 19.8988
131.7828 19.9032
131.7903 19.9076
131.7978 19.9120
131.8052 19.9163
131.8127 19.9207
131.8202 19.9251
131.8276 19.9294
131.8351 19.9338
131.8426 19.9382
131.8500 19.9426
131.8575 19.9469
131.8650 19.9513
131.8724 19.9557
131.8799 19.9600
131.8874 19.9644
131.8948 19.9688
131.9023 19.9732
131.9098 19.9775
131.9172 19.9819
131.9247 19.9863
131.9321 19.9906
131.9396 19.9950
131.9471 19.9994
131.9545 20.0037
131.9620 20.0081
131.9694 20.0125
131.9769 20.0169
131.9844 20.0212
131.9918 20.0256
131.9993 20.0300
132.0067 20.0343
132.0142 20.0387
132.0216 20.0431
132.0291 20.0474
132.0366 20.0518
132.0440 20.0562
132.0515 20.0606
132.0589 20.0649
132.0664 20.0693
132.0738 20.0737
132.0813 20.0780
132.0887 20.0824
132.0962 20.0868
132.1036 20.0911
132.1111 20.0955
132.1185 20.0999
132.1260 20.1042
132.1334 20.1086
132.1409 20.1130
132.1483 20.1174
132.1558 20.1217
132.1632 20.1261
132.1707 20.1305
132.1781 20.1348
132.1856 20.1392
132.1930 20.1436
132.2005 20.1479
132.2079 20.1523
132.2154 20.1567
132.2228 20.1610
132.2302 20.1654
132.2377 20.1698
132.2451 20.1742
132.2526 20.1785
132.2600 20.1829
132.2675 20.1873
132.2749 20.1916
132.2823 20.1960
132.2898 20.2004
132.2972 20.2047
132.3047 20.2091
132.3121 20.2135
132.3195 20.2178
132.3270 20.2222
132.3344 20.2266
132.3418 20.2309
132.3493 20.2353
132.3567 20.2397
132.3642 20.2440
132.3716 20.2484
132.3790 20.2528
132.3865 20.2571
132.3939 20.2615
132.4013 20.2659
132.4088 20.2702
132.4162 20.2746
132.4236 20.2790
132.4311 20.2833
132.4385 20.2877
132.4459 20.2921
132.4533 20.2965
132.4608 20.3008
132.4682 20.3052
132.4756 20.3096
132.4831 20.3139
132.4905 20.3183
132.4979 20.3227
132.5053 20.3270
132.5128 20.3314
132.5202 20.3358
132.5276 20.3401
132.5351 20.3445
132.5425 20.3489
132.5499 20.3532
132.5573 20.3576
132.5647 20.3620
132.5722 20.3663
132.5796 20.3707
132.5870 20.3751
132.5944 20.3794
132.6019 20.3838
132.6093 20.3882
132.6167 20.3925
132.6241 20.3969
132.6315 20.4012
132.6390 20.4056
132.6464 20.4100
132.6538 20.4143
132.6612 20.4187
132.6686 20.4231
132.6761 20.4274
132.6835 20.4318
132.6909 20.4362
132.6983 20.4405
132.7057 20.4449
132.7131 20.4493
132.7205 20.4536
132.7280 20.4580
132.7354 20.4624
132.7428 20.4667
132.7502 20.4711
132.7576 20.4755
132.7650 20.4798
132.7724 20.4842
132.7798 20.4886
132.7873 20.4929
132.7947 20.4973
132.8021 20.5016
132.8095 20.5060
132.8169 20.5104
132.8243 20.5147
132.8317 20.5191
132.8391 20.5235
132.8465 20.5278
132.8539 20.5322
132.8613 20.5366
132.8687 20.5409
132.8761 20.5453
132.8835 20.5497
132.8910 20.5540
132.8984 20.5584
132.9058 20.5627
132.9132 20.5671
132.9206 20.5715
132.9280 20.5758
132.9354 20.5802
132.9428 20.5846
132.9502 20.5889
132.9576 20.5933
132.9650 20.5977
132.9724 20.6020
132.9798 20.6064
132.9872 20.6107
132.9946 20.6151
133.0020 20.6195
133.0094 20.6238
133.0168 20.6282
133.0241 20.6326
133.0315 20.6369
133.0389 20.6413
133.0463 20.6456
133.0537 20.6500
133.0611 20.6544
133.0685 20.6587
133.0759 20.6631
133.0833 20.6675
133.0907 20.6718
133.0981 20.6762
133.1055 20.6805
133.1129 20.6849
133.1203 20.6893
133.1276 20.6936
133.1350 20.6980
133.1424 20.7023
133.1498 20.7067
133.1572 20.7111
133.1646 20.7154
133.1720 20.7198
133.1794 20.7242
133.1868 20.7285
133.1941 20.7329
133.2015 20.7372
133.2089 20.7416
133.2163 20.7460
133.2237 20.7503
133.2311 20.7547
133.2384 20.7590
133.2458 20.7634
133.2532 20.7678
133.2606 20.7721
133.2680 20.7765
133.2754 20.7808
133.2827 20.7852
133.2901 20.7896
133.2975 20.7939
133.3049 20.7983
133.3123 20.8026
133.3196 20.8070
133.3270 20.8114
133.3344 20.8157
133.3418 20.8201
133.3491 20.8244
133.3565 20.8288
133.3639 20.8332
133.3713 20.8375
133.3786 20.8419
133.3860 20.8462
133.3934 20.8506
133.4008 20.8550
133.4081 20.8593
133.4155 20.8637
133.4229 20.8680
133.4303 20.8724
133.4376 20.8768
133.4450 20.8811
133.4524 20.8855
133.4597 20.8898
133.4671 20.8942
133.4745 20.8985
133.4819 20.9029
133.4892 20.9073
133.4966 20.9116
133.5040 20.9160
133.5113 20.9203
133.5187 20.9247
133.5261 20.9291
133.5334 20.9334
133.5408 20.9378
133.5482 20.9421
133.5555 20.9465
133.5629 20.9508
133.5702 20.9552
133.5776 20.9596
133.5850 20.9639
133.5923 20.9683
133.5997 20.9726
133.6071 20.9770
133.6144 20.9813
133.6218 20.9857
133.6291 20.9901
133.6365 20.9944
133.6439 20.9988
133.6512 21.0031
133.6586 21.0075
133.6659 21.0118
133.6733 21.0162
133.6807 21.0206
133.6880 21.0249
133.6954 21.0293
133.7027 21.0336
133.7101 21.0380
133.7174 21.0423
133.7248 21.0467
133.7322 21.0510
133.7395 21.0554
133.7469 21.0598
133.7542 21.0641
133.7616 21.0685
133.7689 21.0728
133.7763 21.0772
133.7836 21.0815
133.7910 21.0859
133.7983 21.0902
133.8057 21.0946
133.8130 21.0990
133.8204 21.1033
133.8277 21.1077
133.8351 21.1120
133.8424 21.1164
133.8498 21.1207
133.8571 21.1251
133.8645 21.1294
133.8718 21.1338
133.8792 21.1381
133.8865 21.1425
133.8938 21.1469
133.9012 21.1512
133.9085 21.1556
133.9159 21.1599
133.9232 21.1643
133.9306 21.1686
133.9379 21.1730
133.9453 21.1773
133.9526 21.1817
133.9599 21.1860
133.9673 21.1904
133.9746 21.1947
133.9820 21.1991
133.9893 21.2035
133.9966 21.2078
134.0040 21.2122
134.0113 21.2165
134.0187 21.2209
134.0260 21.2252
134.0333 21.2296
134.0407 21.2339
134.0480 21.2383
134.0553 21.2426
134.0627 21.2470
134.0700 21.2513
134.0773 21.2557
134.0847 21.2600
134.0920 21.2644
134.0994 21.2687
134.1067 21.2731
134.1140 21.2774
134.1214 21.2818
134.1287 21.2861
134.1360 21.2905
134.1433 21.2949
134.1507 21.2992
134.1580 21.3036
134.1653 21.3079
134.1727 21.3123
134.1800 21.3166
134.1873 21.3210
134.1947 21.3253
134.2020 21.3297
134.2093 21.3340
134.2166 21.3384
134.2240 21.3427
134.2313 21.3471
134.2386 21.3514
134.2459 21.3558
134.2533 21.3601
134.2606 21.3645
134.2679 21.3688
134.2752 21.3732
134.2826 21.3775
134.2899 21.3819
134.2972 21.3862
134.3045 21.3906
134.3118 21.3949
134.3192 21.3993
134.3265 21.4036
134.3338 21.4080
134.3411 21.4123
134.3484 21.4167
134.3558 21.4210
134.3631 21.4254
134.3704 21.4297
134.3777 21.4341
134.3850 21.4384
134.3924 21.4427
134.3997 21.4471
134.4070 21.4514
134.4143 21.4558
134.4216 21.4601
134.4289 21.4645
134.4362 21.4688
134.4436 21.4732
134.4509 21.4775
134.4582 21.4819
134.4655 21.4862
134.4728 21.4906
134.4801 21.4949
134.4874 21.4993
134.4947 21.5036
134.5021 21.5080
134.5094 21.5123
134.5167 21.5167
134.5240 21.5210
134.5313 21.5254
134.5386 21.5297
134.5459 21.5340
134.5532 21.5384
134.5605 21.5427
134.5678 21.5471
134.5751 21.5514
134.5824 21.5558
134.5898 21.5601
134.5971 21.5645
134.6044 21.5688
134.6117 21.5732
134.6190 21.5775
134.6263 21.5819
134.6336 21.5862
134.6409 21.5905
134.6482 21.5949
134.6555 21.5992
134.6628 21.6036
134.6701 21.6079
134.6774 21.6123
134.6847 21.6166
134.6920 21.6210
134.6993 21.6253
134.7066 21.6296
134.7139 21.6340
134.7212 21.6383
134.7285 21.6427
134.7358 21.6470
134.7431 21.6514
134.7504 21.6557
134.7577 21.6601
134.7650 21.6644
134.7723 21.6687
134.7796 21.6731
134.7868 21.6774
134.7941 21.6818
134.8014 21.6861
134.8087 21.6905
134.8160 21.6948
134.8233 21.6991
134.8306 21.7035
134.8379 21.7078
134.8452 21.7122
134.8525 21.7165
134.8598 21.7209
134.8671 21.7252
134.8743 21.7295
134.8816 21.7339
134.8889 21.7382
134.8962 21.7426
134.9035 21.7469
134.9108 21.7512
134.9181 21.7556
134.9254 21.7599
134.9327 21.7643
134.9399 21.7686
134.9472 21.7730
134.9545 21.7773
134.9618 21.7816
134.9691 21.7860
134.9764 21.7903
134.9836 21.7947
134.9909 21.7990
134.9982 21.8033
135.0055 21.8077
135.0128 21.8120
135.0201 21.8164
135.0273 21.8207
135.0346 21.8250
135.0419 21.8294
135.0492 21.8337
135.0565 21.8381
135.0637 21.8424
135.0710 21.8467
135.0783 21.8511
135.0856 21.8554
135.0928 21.8598
135.1001 21.8641
135.1074 21.8684
135.1147 21.8728
135.1219 21.8771
135.1292 21.8814
135.1365 21.8858
135.1438 21.8901
135.1510 21.8945
135.1583 21.8988
135.1656 21.9031
135.1729 21.9075
135.1801 21.9118
135.1874 21.9162
135.1947 21.9205
135.2020 21.9248
135.2092 21.9292
135.2165 21.9335
135.2238 21.9378
135.2310 21.9422
135.2383 21.9465
135.2456 21.9508
135.2528 21.9552
135.2601 21.9595
135.2674 21.9639
135.2746 21.9682
135.2819 21.9725
135.2892 21.9769
135.2964 21.9812
135.3037 21.9855
135.3110 21.9899
135.3182 21.9942
135.3255 21.9985
135.3328 22.0029
135.3400 22.0072
135.3473 22.0116
135.3546 22.0159
135.3618 22.0202
135.3691 22.0246
135.3763 22.0289
135.3836 22.0332
135.3909 22.0376
135.3981 22.0419
135.4054 22.0462
135.4126 22.0506
135.4199 22.0549
135.4272 22.0592
135.4344 22.0636
135.4417 22.0679
135.4489 22.0722
135.4562 22.0766
135.4635 22.0809
135.4707 22.0852
135.4780 22.0896
135.4852 22.0939
135.4925 22.0982
135.4997 22.1026
135.5070 22.1069
135.5142 22.1112
135.5215 22.1156
135.5288 22.1199
135.5360 22.1242
135.5433 22.1286
135.5505 22.1329
135.5578 22.1372
135.5650 22.1416
135.5723 22.1459
135.5795 22.1502
135.5868 22.1546
135.5940 22.1589
135.6013 22.1632
135.6085 22.1676
135.6158 22.1719
135.6230 22.1762
135.6303 22.1806
135.6375 22.1849
135.6448 22.1892
135.6520 22.1935
135.6592 22.1979
135.6665 22.2022
135.6737 22.2065
135.6810 22.2109
135.6882 22.2152
135.6955 22.2195
135.7027 22.2239
135.7100 22.2282
135.7172 22.2325
135.7244 22.2369
135.7317 22.2412
135.7389 22.2455
135.7462 22.2498
135.7534 22.2542
135.7607 22.2585
135.7679 22.2628
135.7751 22.2672
135.7824 22.2715
135.7896 22.2758
135.7968 22.2801
135.8041 22.2845
135.8113 22.2888
135.8186 22.2931
135.8258 22.2975
135.8330 22.3018
135.8403 22.3061
135.8475 22.3104
135.8547 22.3148
135.8620 22.3191
135.8692 22.3234
135.8764 22.3278
135.8837 22.3321
135.8909 22.3364
135.8981 22.3407
135.9054 22.3451
135.9126 22.3494
135.9198 22.3537
135.9271 22.3580
135.9343 22.3624
135.9415 22.3667
135.9488 22.3710
135.9560 22.3753
135.9632 22.3797
135.9705 22.3840
135.9777 22.3883
135.9849 22.3926
135.9921 22.3970
135.9994 22.4013
136.0066 22.4056
136.0138 22.4100
136.0211 22.4143
136.0283 22.4186
136.0355 22.4229
136.0427 22.4272
136.0500 22.4316
136.0572 22.4359
136.0644 22.4402
136.0716 22.4445
136.0789 22.4489
136.0861 22.4532
136.0933 22.4575
136.1005 22.4618
136.1077 22.4662
136.1150 22.4705
136.1222 22.4748
136.1294 22.4791
136.1366 22.4835
136.1438 22.4878
136.1511 22.4921
136.1583 22.4964
136.1655 22.5008
136.1727 22.5051
136.1799 22.5094
136.1872 22.5137
136.1944 22.5180
136.2016 22.5224
136.2088 22.5267
136.2160 22.5310
136.2232 22.5353
136.2305 22.5396
136.2377 22.5440
136.2449 22.5483
136.2521 22.5526
136.2593 22.5569
136.2665 22.5613
136.2737 22.5656
136.2809 22.5699
136.2882 22.5742
136.2954 22.5785
136.3026 22.5829
136.3098 22.5872
136.3170 22.5915
136.3242 22.5958
136.3314 22.6001
136.3386 22.6045
136.3458 22.6088
136.3531 22.6131
136.3603 22.6174
136.3675 22.6217
136.3747 22.6261
136.3819 22.6304
136.3891 22.6347
136.3963 22.6390
136.4035 22.6433
136.4107 22.6476
136.4179 22.6520
136.4251 22.6563
136.4323 22.6606
136.4395 22.6649
136.4467 22.6692
136.4539 22.6735
136.4611 22.6779
136.4683 22.6822
136.4755 22.6865
136.4827 22.6908
136.4899 22.6951
136.4971 22.6995
136.5043 22.7038
136.5115 22.7081
136.5187 22.7124
136.5259 22.7167
136.5331 22.7210
136.5403 22.7253
136.5475 22.7297
136.5547 22.7340
136.5619 22.7383
136.5691 22.7426
136.5763 22.7469
136.5835 22.7512
136.5907 22.7556
136.5979 22.7599
136.6051 22.7642
136.6123 22.7685
136.6195 22.7728
136.6267 22.7771
136.6339 22.7814
136.6411 22.7858
136.6483 22.7901
136.6555 22.7944
136.6626 22.7987
136.6698 22.8030
136.6770 22.8073
136.6842 22.8116
136.6914 22.8160
136.6986 22.8203
136.7058 22.8246
136.7130 22.8289
136.7202 22.8332
136.7274 22.8375
136.7345 22.8418
136.7417 22.8461
136.7489 22.8505
136.7561 22.8548
136.7633 22.8591
136.7705 22.8634
136.7777 22.8677
136.7848 22.8720
136.7920 22.8763
136.7992 22.8806
136.8064 22.8849
136.8136 22.8893
136.8208 22.8936
136.8280 22.8979
136.8351 22.9022
136.8423 22.9065
136.8495 22.9108
136.8567 22.9151
136.8639 22.9194
136.8710 22.9237
136.8782 22.9281
136.8854 22.9324
136.8926 22.9367
136.8998 22.9410
136.9069 22.9453
136.9141 22.9496
136.9213 22.9539
136.9285 22.9582
136.9357 22.9625
136.9428 22.9668
136.9500 22.9711
136.9572 22.9755
136.9644 22.9798
136.9715 22.9841
136.9787 22.9884
136.9859 22.9927
136.9931 22.9970
137.0002 23.0013
137.0074 23.0056
137.0146 23.0099
137.0218 23.0142
137.0289 23.0185
137.0361 23.0228
137.0433 23.0271
137.0504 23.0314
137.0576 23.0358
137.0648 23.0401
137.0720 23.0444
137.0791 23.0487
137.0863 23.0530
137.0935 23.0573
137.1006 23.0616
137.1078 23.0659
137.1150 23.0702
137.1221 23.0745
137.1293 23.0788
137.1365 23.0831
137.1436 23.0874
137.1508 23.0917
137.1580 23.0960
137.1651 23.1003
137.1723 23.1046
137.1795 23.1089
137.1866 23.1132
137.1938 23.1176
137.2010 23.1219
137.2081 23.1262
137.2153 23.1305
137.2225 23.1348
137.2296 23.1391
137.2368 23.1434
137.2439 23.1477
137.2511 23.1520
137.2583 23.1563
137.2654 23.1606
137.2726 23.1649
137.2797 23.1692
137.2869 23.1735
137.2941 23.1778
137.3012 23.1821
137.3084 23.1864
137.3155 23.1907
137.3227 23.1950
137.3299 23.1993
137.3370 23.2036
137.3442 23.2079
137.3513 23.2122
137.3585 23.2165
137.3656 23.2208
137.3728 23.2251
137.3799 23.2294
137.3871 23.2337
137.3942 23.2380
137.4014 23.2423
137.4086 23.2466
137.4157 23.2509
137.4229 23.2552
137.4300 23.2595
137.4372 23.2638
137.4443 23.2681
137.4515 23.2724
137.4586 23.2767
137.4658 23.2810
137.4729 23.2853
137.4801 23.2896
137.4872 23.2939
137.4944 23.2982
137.5015 23.3025
137.5087 23.3068
137.5158 23.3111
137.5230 23.3154
137.5301 23.3197
137.5372 23.3240
137.5444 23.3283
137.5515 23.3326
137.5587 23.3369
137.5658 23.3412
137.5730 23.3455
137.5801 23.3498
137.5873 23.3540
137.5944 23.3583
137.6015 23.3626
137.6087 23.3669
137.6158 23.3712
137.6230 23.3755
137.6301 23.3798
137.6373 23.3841
137.6444 23.3884
137.6515 23.3927
137.6587 23.3970
137.6658 23.4013
137.6730 23.4056
137.6801 23.4099
137.6872 23.4142
137.6944 23.4185
137.7015 23.4228
137.7086 23.4271
137.7158 23.4314
137.7229 23.4356
137.7301 23.4399
137.7372 23.4442
137.7443 23.4485
137.7515 23.4528
137.7586 23.4571
137.7657 23.4614
137.7729 23.4657
137.7800 23.4700
137.7871 23.4743
137.7943 23.4786
137.8014 23.4829
137.8085 23.4872
137.8157 23.4914
137.8228 23.4957
137.8299 23.5000
137.8371 23.5043
137.8442 23.5086
137.8513 23.5129
137.8584 23.5172
137.8656 23.5215
137.8727 23.5258
137.8798 23.5301
137.8870 23.5343
137.8941 23.5386
137.9012 23.5429
137.9083 23.5472
137.9155 23.5515
137.9226 23.5558
137.9297 23.5601
137.9369 23.5644
137.9440 23.5687
137.9511 23.5729
137.9582 23.5772
137.9654 23.5815
137.9725 23.5858
137.9796 23.5901
137.9867 23.5944
137.9938 23.5987
138.0010 23.6030
138.0081 23.6073
138.0152 23.6115
138.0223 23.6158
138.0295 23.6201
138.0366 23.6244
138.0437 23.6287
138.0508 23.6330
138.0579 23.6373
138.0651 23.6415
138.0722 23.6458
138.0793 23.6501
138.0864 23.6544
138.0935 23.6587
138.1006 23.6630
138.1078 23.6673
138.1149 23.6715
138.1220 23.6758
138.1291 23.6801
138.1362 23.6844
138.1433 23.6887
138.1504 23.6930
138.1576 23.6972
138.1647 23.7015
138.1718 23.7058
138.1789 23.7101
138.1860 23.7144
138.1931 23.7187
138.2002 23.7229
138.2074 23.7272
138.2145 23.7315
138.2216 23.7358
138.2287 23.7401
138.2358 23.7444
138.2429 23.7486
138.2500 23.7529
138.2571 23.7572
138.2642 23.7615
138.2713 23.7658
138.2785 23.7700
138.2856 23.7743
138.2927 23.7786
138.2998 23.7829
138.3069 23.7872
138.3140 23.7914
138.3211 23.7957
138.3282 23.8000
138.3353 23.8043
138.3424 23.8086
138.3495 23.8128
138.3566 23.8171
138.3637 23.8214
138.3708 23.8257
138.3779 23.8300
138.3850 23.8342
138.3921 23.8385
138.3992 23.8428
138.4063 23.8471
138.4134 23.8514
138.4205 23.8556
138.4276 23.8599
138.4347 23.8642
138.4418 23.8685
138.4489 23.8727
138.4560 23.8770
138.4631 23.8813
138.4702 23.8856
138.4773 23.8899
138.4844 23.8941
138.4915 23.8984
138.4986 23.9027
138.5057 23.9070
138.5128 23.9112
138.5199 23.9155
138.5270 23.9198
138.5341 23.9241
138.5412 23.9283
138.5483 23.9326
138.5554 23.9369
138.5625 23.9412
138.5696 23.9454
138.5767 23.9497
138.5838 23.9540
138.5909 23.9583
138.5980 23.9625
138.6050 23.9668
138.6121 23.9711
138.6192 23.9754
138.6263 23.9796
138.6334 23.9839
138.6405 23.9882
138.6476 23.9924
138.6547 23.9967
138.6618 24.0010
138.6689 24.0053
138.6759 24.0095
138.6830 24.0138
138.6901 24.0181
138.6972 24.0224
138.7043 24.0266
138.7114 24.0309
138.7185 24.0352
138.7256 24.0394
138.7326 24.0437
138.7397 24.0480
138.7468 24.0523
138.7539 24.0565
138.7610 24.0608
138.7681 24.0651
138.7751 24.0693
138.7822 24.0736
138.7893 24.0779
138.7964 24.0821
138.8035 24.0864
138.8106 24.0907
138.8176 24.0949
138.8247 24.0992
138.8318 24.1035
138.8389 24.1078
138.8460 24.1120
138.8530 24.1163
138.8601 24.1206
138.8672 24.1248
138.8743 24.1291
138.8814 24.1334
138.8884 24.1376
138.8955 24.1419
138.9026 24.1462
138.9097 24.1504
138.9167 24.1547
138.9238 24.1590
138.9309 24.1632
138.9380 24.1675
138.9450 24.1718
138.9521 24.1760
138.9592 24.1803
138.9663 24.1846
138.9733 24.1888
138.9804 24.1931
138.9875 24.1974
138.9946 24.2016
139.0016 24.2059
139.0087 24.2101
139.0158 24.2144
139.0229 24.2187
139.0299 24.2229
139.0370 24.2272
139.0441 24.2315
139.0511 24.2357
139.0582 24.2400
139.0653 24.2443
139.0723 24.2485
139.0794 24.2528
139.0865 24.2570
139.0935 24.2613
139.1006 24.2656
139.1077 24.2698
139.1147 24.2741
139.1218 24.2784
139.1289 24.2826
139.1359 24.2869
139.1430 24.2911
139.1501 24.2954
139.1571 24.2997
139.1642 24.3039
139.1713 24.3082
139.1783 24.3124
139.1854 24.3167
139.1925 24.3210
139.1995 24.3252
139.2066 24.3295
139.2136 24.3337
139.2207 24.3380
139.2278 24.3423
139.2348 24.3465
139.2419 24.3508
139.2489 24.3550
139.2560 24.3593
139.2631 24.3636
139.2701 24.3678
139.2772 24.3721
139.2842 24.3763
139.2913 24.3806
139.2984 24.3848
139.3054 24.3891
139.3125 24.3934
139.3195 24.3976
139.3266 24.4019
139.3336 24.4061
139.3407 24.4104
139.3478 24.4146
139.3548 24.4189
139.3619 24.4232
139.3689 24.4274
139.3760 24.4317
139.3830 24.4359
139.3901 24.4402
139.3971 24.4444
139.4042 24.4487
139.4112 24.4529
139.4183 24.4572
139.4253 24.4615
139.4324 24.4657
139.4394 24.4700
139.4465 24.4742
139.4535 24.4785
139.4606 24.4827
139.4676 24.4870
139.4747 24.4912
139.4817 24.4955
139.4888 24.4997
139.4958 24.5040
139.5029 24.5082
139.5099 24.5125
139.5170 24.5167
139.5240 24.5210
139.5311 24.5252
139.5381 24.5295
139.5452 24.5337
139.5522 24.5380
139.5593 24.5422
139.5663 24.5465
139.5733 24.5507
139.5804 24.5550
139.5874 24.5593
139.5945 24.5635
139.6015 24.5677
139.6086 24.5720
139.6156 24.5762
139.6226 24.5805
139.6297 24.5847
139.6367 24.5890
139.6438 24.5932
139.6508 24.5975
139.6578 24.6017
139.6649 24.6060
139.6719 24.6102
139.6790 24.6145
139.6860 24.6187
139.6930 24.6230
139.7001 24.6272
139.7071 24.6315
139.7142 24.6357
139.7212 24.6400
139.7282 24.6442
139.7353 24.6485
139.7423 24.6527
139.7493 24.6570
139.7564 24.6612
139.7634 24.6654
139.7704 24.6697
139.7775 24.6739
139.7845 24.6782
139.7915 24.6824
139.7986 24.6867
139.8056 24.6909
139.8126 24.6952
139.8197 24.6994
139.8267 24.7036
139.8337 24.7079
139.8408 24.7121
139.8478 24.7164
139.8548 24.7206
139.8619 24.7249
139.8689 24.7291
139.8759 24.7333
139.8829 24.7376
139.8900 24.7418
139.8970 24.7461
139.9040 24.7503
139.9111 24.7546
139.9181 24.7588
139.9251 24.7630
139.9321 24.7673
139.9392 24.7715
139.9462 24.7758
139.9532 24.7800
139.9602 24.7842
139.9673 24.7885
139.9743 24.7927
139.9813 24.7970
139.9883 24.8012
139.9954 24.8054
140.0024 24.8097
140.0094 24.8139
140.0164 24.8182
140.0235 24.8224
140.0305 24.8266
140.0375 24.8309
140.0445 24.8351
140.0515 24.8394
140.0586 24.8436
140.0656 24.8478
140.0726 24.8521
140.0796 24.8563
140.0866 24.8605
140.0937 24.8648
140.1007 24.8690
140.1077 24.8733
140.1147 24.8775
140.1217 24.8817
140.1288 24.8860
140.1358 24.8902
140.1428 24.8944
140.1498 24.8987
140.1568 24.9029
140.1638 24.9071
140.1709 24.9114
140.1779 24.9156
140.1849 24.9198
140.1919 24.9241
140.1989 24.9283
140.2059 24.9325
140.2129 24.9368
140.2200 24.9410
140.2270 24.9452
140.2340 24.9495
140.2410 24.9537
140.2480 24.9579
140.2550 24.9622
140.2620 24.9664
140.2690 24.9706
140.2760 24.9749
140.2831 24.9791
140.2901 24.9833
140.2971 24.9876
140.3041 24.9918
140.3111 24.9960
140.3181 25.0003
140.3251 25.0045
140.3321 25.0087
140.3391 25.0130
140.3461 25.0172
140.3531 25.0214
140.3601 25.0257
140.3672 25.0299
140.3742 25.0341
140.3812 25.0383
140.3882 25.0426
140.3952 25.0468
140.4022 25.0510
140.4092 25.0553
140.4162 25.0595
140.4232 25.0637
140.4302 25.0679
140.4372 25.0722
140.4442 25.0764
140.4512 25.0806
140.4582 25.0849
140.4652 25.0891
140.4722 25.0933
140.4792 25.0975
140.4862 25.1018
140.4932 25.1060
140.5002 25.1102
140.5072 25.1144
140.5142 25.1187
140.5212 25.1229
140.5282 25.1271
140.5352 25.1313
140.5422 25.1356
140.5492 25.1398
140.5562 25.1440
140.5632 25.1482
140.5702 25.1525
140.5772 25.1567
140.5842 25.1609
140.5912 25.1651
140.5982 25.1694
140.6052 25.1736
140.6122 25.1778
140.6192 25.1820
140.6262 25.1862
140.6332 25.1905
140.6401 25.1947
140.6471 25.1989
140.6541 25.2031
140.6611 25.2074
140.6681 25.2116
140.6751 25.2158
140.6821 25.2200
140.6891 25.2242
140.6961 25.2285
140.7031 25.2327
140.7101 25.2369
140.7171 25.2411
140.7240 25.2453
140.7310 25.2496
140.7380 25.2538
140.7450 25.2580
140.7520 25.2622
140.7590 25.2664
140.7660 25.2707
140.7730 25.2749
140.7799 25.2791
140.7869 25.2833
140.7939 25.2875
140.8009 25.2918
140.8079 25.2960
140.8149 25.3002
140.8219 25.3044
140.8288 25.3086
140.8358 25.3128
140.8428 25.3171
140.8498 25.3213
140.8568 25.3255
140.8638 25.3297
140.8707 25.3339
140.8777 25.3381
140.8847 25.3424
140.8917 25.3466
140.8987 25.3508
140.9057 25.3550
140.9126 25.3592
140.9196 25.3634
140.9266 25.3676
140.9336 25.3719
140.9406 25.3761
140.9475 25.3803
140.9545 25.3845
140.9615 25.3887
140.9685 25.3929
140.9754 25.3971
140.9824 25.4013
140.9894 25.4056
140.9964 25.4098
141.0034 25.4140
141.0103 25.4182
141.0173 25.4224
141.0243 25.4266
141.0313 25.4308
141.0382 25.4350
141.0452 25.4393
141.0522 25.4435
141.0592 25.4477
141.0661 25.4519
141.0731 25.4561
141.0801 25.4603
141.0870 25.4645
141.0940 25.4687
141.1010 25.4729
141.1080 25.4771
141.1149 25.4814
141.1219 25.4856
141.1289 25.4898
141.1358 25.4940
141.1428 25.4982
141.1498 25.5024
141.1568 25.5066
141.1637 25.5108
141.1707 25.5150
141.1777 25.5192
141.1846 25.5234
141.1916 25.5276
141.1986 25.5318
141.2055 25.5360
141.2125 25.5403
141.2195 25.5445
141.2264 25.5487
141.2334 25.5529
141.2404 25.5571
141.2473 25.5613
141.2543 25.5655
141.2613 25.5697
141.2682 25.5739
141.2752 25.5781
141.2821 25.5823
141.2891 25.5865
141.2961 25.5907
141.3030 25.5949
141.3100 25.5991
141.3170 25.6033
141.3239 25.6075
141.3309 25.6117
141.3378 25.6159
141.3448 25.6201
141.3518 25.6243
141.3587 25.6285
141.3657 25.6327
141.3726 25.6369
141.3796 25.6411
141.3866 25.6453
141.3935 25.6495
141.4005 25.6537
141.4074 25.6579
141.4144 25.6621
141.4213 25.6663
141.4283 25.6705
141.4353 25.6747
141.4422 25.6789
141.4492 25.6831
141.4561 25.6873
141.4631 25.6915
141.4700 25.6957
141.4770 25.6999
141.4839 25.7041
141.4909 25.7083
141.4979 25.7125
141.5048 25.7167
141.5118 25.7209
141.5187 25.7251
141.5257 25.7293
141.5326 25.7335
141.5396 25.7377
141.5465 25.7419
141.5535 25.7461
141.5604 25.7503
141.5674 25.7545
141.5743 25.7587
141.5813 25.7629
141.5882 25.7671
141.5952 25.7713
141.6021 25.7755
141.6091 25.7797
141.6160 25.7838
141.6230 25.7880
141.6299 25.7922
141.6369 25.7964
141.6438 25.8006
141.6508 25.8048
141.6577 25.8090
141.6646 25.8132
141.6716 25.8174
141.6785 25.8216
141.6855 25.8258
141.6924 25.8300
141.6994 25.8342
141.7063 25.8383
141.7133 25.8425
141.7202 25.8467
141.7271 25.8509
141.7341 25.8551
141.7410 25.8593
141.7480 25.8635
141.7549 25.8677
141.7619 25.8719
141.7688 25.8761
141.7757 25.8803
141.7827 25.8844
141.7896 25.8886
141.7966 25.8928
141.8035 25.8970
141.8104 25.9012
141.8174 25.9054
141.8243 25.9096
141.8313 25.9138
141.8382 25.9179
141.8451 25.9221
141.8521 25.9263
141.8590 25.9305
141.8659 25.9347
141.8729 25.9389
141.8798 25.9431
141.8868 25.9473
141.8937 25.9514
141.9006 25.9556
141.9076 25.9598
141.9145 25.9640
141.9214 25.9682
141.9284 25.9724
141.9353 25.9765
141.9422 25.9807
141.9492 25.9849
141.9561 25.9891
141.9630 25.9933
141.9700 25.9975
141.9769 26.0016
141.9838 26.0058
141.9908 26.0100
141.9977 26.0142
142.0046 26.0184
142.0116 26.0226
142.0185 26.0267
142.0254 26.0309
142.0323 26.0351
142.0393 26.0393
142.0462 26.0435
142.0531 26.0477
142.0601 26.0518
142.0670 26.0560
142.0739 26.0602
142.0808 26.0644
142.0878 26.0686
142.0947 26.0727
142.1016 26.0769
142.1086 26.0811
142.1155 26.0853
142.1224 26.0894
142.1293 26.0936
142.1363 26.0978
142.1432 26.1020
142.1501 26.1062
142.1570 26.1103
142.1640 26.1145
142.1709 26.1187
142.1778 26.1229
142.1847 26.1270
142.1916 26.1312
142.1986 26.1354
142.2055 26.1396
142.2124 26.1438
142.2193 26.1479
142.2263 26.1521
142.2332 26.1563
142.2401 26.1605
142.2470 26.1646
142.2539 26.1688
142.2609 26.1730
142.2678 26.1772
142.2747 26.1813
142.2816 26.1855
142.2885 26.1897
142.2954 26.1938
142.3024 26.1980
142.3093 26.2022
142.3162 26.2064
142.3231 26.2105
142.3300 26.2147
142.3369 26.2189
142.3439 26.2231
142.3508 26.2272
142.3577 26.2314
142.3646 26.2356
142.3715 26.2397
142.3784 26.2439
142.3854 26.2481
142.3923 26.2522
142.3992 26.2564
142.4061 26.2606
142.4130 26.2648
142.4199 26.2689
142.4268 26.2731
142.4337 26.2773
142.4407 26.2814
142.4476 26.2856
142.4545 26.2898
142.4614 26.2939
142.4683 26.2981
142.4752 26.3023
142.4821 26.3064
142.4890 26.3106
142.4959 26.3148
142.5028 26.3189
142.5097 26.3231
142.5167 26.3273
142.5236 26.3314
142.5305 26.3356
142.5374 26.3398
142.5443 26.3439
142.5512 26.3481
142.5581 26.3523
142.5650 26.3564
142.5719 26.3606
142.5788 26.3648
142.5857 26.3689
142.5926 26.3731
142.5995 26.3773
142.6064 26.3814
142.6133 26.3856
142.6202 26.3897
142.6271 26.3939
142.6340 26.3981
142.6410 26.4022
142.6479 26.4064
142.6548 26.4106
142.6617 26.4147
142.6686 26.4189
142.6755 26.4230
142.6824 26.4272
142.6893 26.4314
142.6962 26.4355
142.7031 26.4397
142.7100 26.4438
142.7169 26.4480
142.7238 26.4522
142.7307 26.4563
142.7376 26.4605
142.7445 26.4646
142.7513 26.4688
142.7582 26.4730
142.7651 26.4771
142.7720 26.4813
142.7789 26.4854
142.7858 26.4896
142.7927 26.4937
142.7996 26.4979
142.8065 26.5021
142.8134 26.5062
142.8203 26.5104
142.8272 26.5145
142.8341 26.5187
142.8410 26.5228
142.8479 26.5270
142.8548 26.5312
142.8617 26.5353
142.8686 26.5395
142.8755 26.5436
142.8823 26.5478
142.8892 26.5519
142.8961 26.5561
142.9030 26.5602
142.9099 26.5644
142.9168 26.5685
142.9237 26.5727
142.9306 26.5768
142.9375 26.5810
142.9444 26.5851
142.9512 26.5893
142.9581 26.5935
142.9650 26.5976
142.9719 26.6018
142.9788 26.6059
142.9857 26.6101
142.9926 26.6142
142.9995 26.6184
143.0063 26.6225
143.0132 26.6267
143.0201 26.6308
143.0270 26.6350
143.0339 26.6391
143.0408 26.6433
143.0477 26.6474
143.0545 26.6516
143.0614 26.6557
143.0683 26.6598
143.0752 26.6640
143.0821 26.6681
143.0890 26.6723
143.0958 26.6764
143.1027 26.6806
143.1096 26.6847
143.1165 26.6889
143.1234 26.6930
143.1302 26.6972
143.1371 26.7013
143.1440 26.7055
143.1509 26.7096
143.1578 26.7138
143.1647 26.7179
143.1715 26.7220
143.1784 26.7262
143.1853 26.7303
143.1922 26.7345
143.1990 26.7386
143.2059 26.7428
143.2128 26.7469
143.2197 26.7511
143.2266 26.7552
143.2334 26.7593
143.2403 26.7635
143.2472 26.7676
143.2541 26.7718
143.2609 26.7759
143.2678 26.7800
143.2747 26.7842
143.2816 26.7883
143.2884 26.7925
143.2953 26.7966
143.3022 26.8008
143.3091 26.8049
143.3159 26.8090
143.3228 26.8132
143.3297 26.8173
143.3365 26.8214
143.3434 26.8256
143.3503 26.8297
143.3572 26.8339
143.3640 26.8380
143.3709 26.8421
143.3778 26.8463
143.3846 26.8504
143.3915 26.8546
143.3984 26.8587
143.4053 26.8628
143.4121 26.8670
143.4190 26.8711
143.4259 26.8752
143.4327 26.8794
143.4396 26.8835
143.4465 26.8876
143.4533 26.8918
143.4602 26.8959
143.4671 26.9001
143.4739 26.9042
143.4808 26.9083
143.4877 26.9125
143.4945 26.9166
143.5014 26.9207
143.5083 26.9249
143.5151 26.9290
143.5220 26.9331
143.5289 26.9373
143.5357 26.9414
143.5426 26.9455
143.5494 26.9497
143.5563 26.9538
143.5632 26.9579
143.5700 26.9620
143.5769 26.9662
143.5838 26.9703
143.5906 26.9744
143.5975 26.9786
143.6043 26.9827
143.6112 26.9868
143.6181 26.9910
143.6249 26.9951
143.6318 26.9992
143.6386 27.0034
143.6455 27.0075
143.6524 27.0116
143.6592 27.0157
143.6661 27.0199
143.6729 27.0240
143.6798 27.0281
143.6866 27.0322
143.6935 27.0364
143.7004 27.0405
143.7072 27.0446
143.7141 27.0488
143.7209 27.0529
143.7278 27.0570
143.7346 27.0611
143.7415 27.0653
143.7484 27.0694
143.7552 27.0735
143.7621 27.0776
143.7689 27.0818
143.7758 27.0859
143.7826 27.0900
143.7895 27.0941
143.7963 27.0983
143.8032 27.1024
143.8100 27.1065
143.8169 27.1106
143.8237 27.1147
143.8306 27.1189
143.8374 27.1230
143.8443 27.1271
143.8511 27.1312
143.8580 27.1354
143.8648 27.1395
143.8717 27.1436
143.8785 27.1477
143.8854 27.1518
143.8922 27.1560
143.8991 27.1601
143.9059 27.1642
143.9128 27.1683
143.9196 27.1724
143.9265 27.1766
143.9333 27.1807
143.9402 27.1848
143.9470 27.1889
143.9539 27.1930
143.9607 27.1972
143.9676 27.2013
143.9744 27.2054
143.9812 27.2095
143.9881 27.2136
143.9949 27.2177
144.0018 27.2219
144.0086 27.2260
144.0155 27.2301
144.0223 27.2342
144.0292 27.2383
144.0360 27.2424
144.0428 27.2466
144.0497 27.2507
144.0565 27.2548
144.0634 27.2589
144.0702 27.2630
144.0770 27.2671
144.0839 27.2712
144.0907 27.2753
144.0976 27.2795
144.1044 27.2836
144.1112 27.2877
144.1181 27.2918
144.1249 27.2959
144.1318 27.3000
144.1386 27.3041
144.1454 27.3082
144.1523 27.3124
144.1591 27.3165
144.1660 27.3206
144.1728 27.3247
144.1796 27.3288
144.1865 27.3329
144.1933 27.3370
144.2001 27.3411
144.2070 27.3452
144.2138 27.3493
144.2206 27.3535
144.2275 27.3576
144.2343 27.3617
144.2411 27.3658
144.2480 27.3699
144.2548 27.3740
144.2616 27.3781
144.2685 27.3822
144.2753 27.3863
144.2821 27.3904
144.2890 27.3945
144.2958 27.3986
144.3026 27.4027
144.3095 27.4068
144.3163 27.4110
144.3231 27.4151
144.3300 27.4192
144.3368 27.4233
144.3436 27.4274
144.3504 27.4315
144.3573 27.4356
144.3641 27.4397
144.3709 27.4438
144.3778 27.4479
144.3846 27.4520
144.3914 27.4561
144.3982 27.4602
144.4051 27.4643
144.4119 27.4684
144.4187 27.4725
144.4256 27.4766
144.4324 27.4807
144.4392 27.4848
144.4460 27.4889
144.4529 27.4930
144.4597 27.4971
144.4665 27.5012
144.4733 27.5053
144.4802 27.5094
144.4870 27.5135
144.4938 27.5176
144.5006 27.5217
144.5074 27.5258
144.5143 27.5299
144.5211 27.5340
144.5279 27.5381
144.5347 27.5422
144.5416 27.5463
144.5484 27.5504
144.5552 27.5545
144.5620 27.5586
144.5688 27.5627
144.5757 27.5668
144.5825 27.5709
144.5893 27.5750
144.5961 27.5791
144.6029 27.5832
144.6098 27.5872
144.6166 27.5913
144.6234 27.5954
144.6302 27.5995
144.6370 27.6036
144.6438 27.6077
144.6507 27.6118
144.6575 27.6159
144.6643 27.6200
144.6711 27.6241
144.6779 27.6282
144.6847 27.6323
144.6916 27.6364
144.6984 27.6405
144.7052 27.6445
144.7120 27.6486
144.7188 27.6527
144.7256 27.6568
144.7324 27.6609
144.7392 27.6650
144.7461 27.6691
144.7529 27.6732
144.7597 27.6773
144.7665 27.6814
144.7733 27.6854
144.7801 27.6895
144.7869 27.6936
144.7937 27.6977
144.8006 27.7018
144.8074 27.7059
144.8142 27.7100
144.8210 27.7141
144.8278 27.7181
144.8346 27.7222
144.8414 27.7263
144.8482 27.7304
144.8550 27.7345
144.8618 27.7386
144.8686 27.7427
144.8755 27.7467
144.8823 27.7508
144.8891 27.7549
144.8959 27.7590
144.9027 27.7631
144.9095 27.7672
144.9163 27.7712
144.9231 27.7753
144.9299 27.7794
144.9367 27.7835
144.9435 27.7876
144.9503 27.7917
144.9571 27.7957
144.9639 27.7998
144.9707 27.8039
144.9775 27.8080
144.9843 27.8121
144.9911 27.8161
144.9979 27.8202
145.0048 27.8243
145.0116 27.8284
145.0184 27.8325
145.0252 27.8365
145.0320 27.8406
145.0388 27.8447
145.0456 27.8488
145.0524 27.8529
145.0592 27.8569
145.0660 27.8610
145.0728 27.8651
145.0796 27.8692
145.0864 27.8733
145.0932 27.8773
145.1000 27.8814
145.1068 27.8855
145.1136 27.8896
145.1204 27.8936
145.1272 27.8977
145.1339 27.9018
145.1407 27.9059
145.1475 27.9099
145.1543 27.9140
145.1611 27.9181
145.1679 27.9222
145.1747 27.9262
145.1815 27.9303
145.1883 27.9344
145.1951 27.9385
145.2019 27.9425
145.2087 27.9466
145.2155 27.9507
145.2223 27.9547
145.2291 27.9588
145.2359 27.9629
145.2427 27.9670
145.2495 27.9710
145.2563 27.9751
145.2630 27.9792
145.2698 27.9832
145.2766 27.9873
145.2834 27.9914
145.2902 27.9955
145.2970 27.9995
145.3038 28.0036
145.3106 28.0077
145.3174 28.0117
145.3242 28.0158
145.3310 28.0199
145.3377 28.0239
145.3445 28.0280
145.3513 28.0321
145.3581 28.0361
145.3649 28.0402
145.3717 28.0443
145.3785 28.0483
145.3853 28.0524
145.3920 28.0565
145.3988 28.0605
145.4056 28.0646
145.4124 28.0687
145.4192 28.0727
145.4260 28.0768
145.4328 28.0809
145.4395 28.0849
145.4463 28.0890
145.4531 28.0930
145.4599 28.0971
145.4667 28.1012
145.4735 28.1052
145.4803 28.1093
145.4870 28.1134
145.4938 28.1174
145.5006 28.1215
145.5074 28.1255
145.5142 28.1296
145.5209 28.1337
145.5277 28.1377
145.5345 28.1418
145.5413 28.1459
145.5481 28.1499
145.5549 28.1540
145.5616 28.1580
145.5684 28.1621
145.5752 28.1661
145.5820 28.1702
145.5888 28.1743
145.5955 28.1783
145.6023 28.1824
145.6091 28.1864
145.6159 28.1905
145.6226 28.1946
145.6294 28.1986
145.6362 28.2027
145.6430 28.2067
145.6498 28.2108
145.6565 28.2148
145.6633 28.2189
145.6701 28.2229
145.6769 28.2270
145.6836 28.2311
145.6904 28.2351
145.6972 28.2392
145.7040 28.2432
145.7107 28.2473
145.7175 28.2513
145.7243 28.2554
145.7311 28.2594
145.7378 28.2635
145.7446 28.2675
145.7514 28.2716
145.7581 28.2756
145.7649 28.2797
145.7717 28.2837
145.7785 28.2878
145.7852 28.2918
145.7920 28.2959
145.7988 28.2999
145.8055 28.3040
145.8123 28.3080
145.8191 28.3121
145.8259 28.3161
145.8326 28.3202
145.8394 28.3242
145.8462 28.3283
145.8529 28.3323
145.8597 28.3364
145.8665 28.3404
145.8732 28.3445
145.8800 28.3485
145.8868 28.3526
145.8935 28.3566
145.9003 28.3607
145.9071 28.3647
145.9138 28.3688
145.9206 28.3728
145.9274 28.3768
145.9341 28.3809
145.9409 28.3849
145.9477 28.3890
145.9544 28.3930
145.9612 28.3971
145.9680 28.4011
145.9747 28.4052
145.9815 28.4092
145.9882 28.4132
145.9950 28.4173
146.0018 28.4213
146.0085 28.4254
146.0153 28.4294
146.0221 28.4334
146.0288 28.4375
146.0356 28.4415
146.0423 28.4456
146.0491 28.4496
146.0559 28.4537
146.0626 28.4577
146.0694 28.4617
146.0761 28.4658
146.0829 28.4698
146.0897 28.4738
146.0964 28.4779
146.1032 28.4819
146.1099 28.4860
146.1167 28.4900
146.1234 28.4940
146.1302 28.4981
146.1370 28.5021
146.1437 28.5061
146.1505 28.5102
146.1572 28.5142
146.1640 28.5183
146.1707 28.5223
146.1775 28.5263
146.1843 28.5304
146.1910 28.5344
146.1978 28.5384
146.2045 28.5425
146.2113 28.5465
146.2180 28.5505
146.2248 28.5546
146.2315 28.5586
146.2383 28.5626
146.2450 28.5667
146.2518 28.5707
146.2585 28.5747
146.2653 28.5788
146.2720 28.5828
146.2788 28.5868
146.2855 28.5909
146.2923 28.5949
146.2990 28.5989
146.3058 28.6029
146.3126 28.6070
146.3193 28.6110
146.3260 28.6150
146.3328 28.6191
146.3395 28.6231
146.3463 28.6271
146.3530 28.6311
146.3598 28.6352
146.3665 28.6392
146.3733 28.6432
146.3800 28.6473
146.3868 28.6513
146.3935 28.6553
146.4003 28.6593
146.4070 28.6634
146.4138 28.6674
146.4205 28.6714
146.4273 28.6754
146.4340 28.6795
146.4408 28.6835
146.4475 28.6875
146.4542 28.6915
146.4610 28.6956
146.4677 28.6996
146.4745 28.7036
146.4812 28.7076
146.4880 28.7117
146.4947 28.7157
146.5015 28.7197
146.5082 28.7237
146.5149 28.7277
146.5217 28.7318
146.5284 28.7358
146.5352 28.7398
146.5419 28.7438
146.5486 28.7479
146.5554 28.7519
146.5621 28.7559
146.5689 28.7599
146.5756 28.7639
146.5823 28.7680
146.5891 28.7720
146.5958 28.7760
146.6026 28.7800
146.6093 28.7840
146.6160 28.7880
146.6228 28.7921
146.6295 28.7961
146.6363 28.8001
146.6430 28.8041
146.6497 28.8081
146.6565 28.8121
146.6632 28.8162
146.6699 28.8202
146.6767 28.8242
146.6834 28.8282
146.6902 28.8322
146.6969 28.8362
146.7036 28.8403
146.7104 28.8443
146.7171 28.8483
146.7238 28.8523
146.7306 28.8563
146.7373 28.8603
146.7440 28.8643
146.7508 28.8683
146.7575 28.8724
146.7642 28.8764
146.7710 28.8804
146.7777 28.8844
146.7844 28.8884
146.7912 28.8924
146.7979 28.8964
146.8046 28.9004
146.8114 28.9044
146.8181 28.9085
146.8248 28.9125
146.8315 28.9165
146.8383 28.9205
146.8450 28.9245
146.8517 28.9285
146.8585 28.9325
146.8652 28.9365
146.8719 28.9405
146.8787 28.9445
146.8854 28.9485
146.8921 28.9525
146.8988 28.9565
146.9056 28.9606
146.9123 28.9646
146.9190 28.9686
146.9258 28.9726
146.9325 28.9766
146.9392 28.9806
146.9459 28.9846
146.9527 28.9886
146.9594 28.9926
146.9661 28.9966
146.9728 29.0006
146.9796 29.0046
146.9863 29.0086
146.9930 29.0126
146.9997 29.0166
147.0065 29.0206
147.0132 29.0246
147.0199 29.0286
147.0266 29.0326
147.0333 29.0366
147.0401 29.0406
147.0468 29.0446
147.0535 29.0486
147.0602 29.0526
147.0670 29.0566
147.0737 29.0606
147.0804 29.0646
147.0871 29.0686
147.0938 29.0726
147.1006 29.0766
147.1073 29.0806
147.1140 29.0846
147.1207 29.0886
147.1274 29.0926
147.1342 29.0966
147.1409 29.1006
147.1476 29.1046
147.1543 29.1086
147.1610 29.1126
147.1678 29.1166
147.1745 29.1206
147.1812 29.1246
147.1879 29.1286
147.1946 29.1326
147.2013 29.1366
147.2081 29.1406
147.2148 29.1445
147.2215 29.1485
147.2282 29.1525
147.2349 29.1565
147.2416 29.1605
147.2483 29.1645
147.2551 29.1685
147.2618 29.1725
147.2685 29.1765
147.2752 29.1805
147.2819 29.1845
147.2886 29.1885
147.2953 29.1924
147.3021 29.1964
147.3088 29.2004
147.3155 29.2044
147.3222 29.2084
147.3289 29.2124
147.3356 29.2164
147.3423 29.2204
147.3490 29.2244
147.3557 29.2283
147.3625 29.2323
147.3692 29.2363
147.3759 29.2403
147.3826 29.2443
147.3893 29.2483
147.3960 29.2523
147.4027 29.2562
147.4094 29.2602
147.4161 29.2642
147.4228 29.2682
147.4295 29.2722
147.4362 29.2762
147.4430 29.2802
147.4497 29.2841
147.4564 29.2881
147.4631 29.2921
147.4698 29.2961
147.4765 29.3001
147.4832 29.3041
147.4899 29.3080
147.4966 29.3120
147.5033 29.3160
147.5100 29.3200
147.5167 29.3240
147.5234 29.3279
147.5301 29.3319
147.5368 29.3359
147.5435 29.3399
147.5502 29.3439
147.5569 29.3478
147.5636 29.3518
147.5703 29.3558
147.5770 29.3598
147.5837 29.3638
147.5904 29.3677
147.5972 29.3717
147.6039 29.3757
147.6106 29.3797
147.6173 29.3836
147.6240 29.3876
147.6307 29.3916
147.6374 29.3956
147.6441 29.3995
147.6508 29.4035
147.6575 29.4075
147.6642 29.4115
147.6708 29.4154
147.6775 29.4194
147.6842 29.4234
147.6909 29.4274
147.6976 29.4313
147.7043 29.4353
147.7110 29.4393
147.7177 29.4433
147.7244 29.4472
147.7311 29.4512
147.7378 29.4552
147.7445 29.4591
147.7512 29.4631
147.7579 29.4671
147.7646 29.4711
147.7713 29.4750
147.7780 29.4790
147.7847 29.4830
147.7914 29.4869
147.7981 29.4909
147.8048 29.4949
147.8115 29.4988
147.8182 29.5028
147.8248 29.5068
147.8315 29.5107
147.8382 29.5147
147.8449 29.5187
147.8516 29.5226
147.8583 29.5266
147.8650 29.5306
147.8717 29.5345
147.8784 29.5385
147.8851 29.5425
147.8918 29.5464
147.8984 29.5504
147.9051 29.5544
147.9118 29.5583
147.9185 29.5623
147.9252 29.5663
147.9319 29.5702
147.9386 29.5742
147.9453 29.5781
147.9520 29.5821
147.9586 29.5861
147.9653 29.5900
147.9720 29.5940
147.9787 29.5979
147.9854 29.6019
147.9921 29.6059
147.9988 29.6098
148.0055 29.6138
148.0121 29.6177
148.0188 29.6217
148.0255 29.6257
148.0322 29.6296
148.0389 29.6336
148.0456 29.6375
148.0522 29.6415
148.0589 29.6455
148.0656 29.6494
148.0723 29.6534
148.0790 29.6573
148.0857 29.6613
148.0924 29.6652
148.0990 29.6692
148.1057 29.6732
148.1124 29.6771
148.1191 29.6811
148.1258 29.6850
148.1324 29.6890
148.1391 29.6929
148.1458 29.6969
148.1525 29.7008
148.1592 29.7048
148.1658 29.7087
148.1725 29.7127
148.1792 29.7167
148.1859 29.7206
148.1926 29.7246
148.1992 29.7285
148.2059 29.7325
148.2126 29.7364
148.2193 29.7404
148.2260 29.7443
148.2326 29.7483
148.2393 29.7522
148.2460 29.7562
148.2527 29.7601
148.2593 29.7641
148.2660 29.7680
148.2727 29.7720
148.2794 29.7759
148.2861 29.7799
148.2927 29.7838
148.2994 29.7878
148.3061 29.7917
148.3128 29.7956
148.3194 29.7996
148.3261 29.8035
148.3328 29.8075
148.3395 29.8114
148.3461 29.8154
148.3528 29.8193
148.3595 29.8233
148.3661 29.8272
148.3728 29.8312
148.3795 29.8351
148.3862 29.8390
148.3928 29.8430
148.3995 29.8469
148.4062 29.8509
148.4129 29.8548
148.4195 29.8588
148.4262 29.8627
148.4329 29.8666
148.4395 29.8706
148.4462 29.8745
148.4529 29.8785
148.4595 29.8824
148.4662 29.8863
148.4729 29.8903
148.4796 29.8942
148.4862 29.8982
148.4929 29.9021
148.4996 29.9060
148.5062 29.9100
148.5129 29.9139
148.5196 29.9179
148.5262 29.9218
148.5329 29.9257
148.5396 29.9297
148.5462 29.9336
148.5529 29.9375
148.5596 29.9415
148.5662 29.9454
148.5729 29.9493
148.5796 29.9533
148.5862 29.9572
148.5929 29.9612
148.5996 29.9651
148.6062 29.9690
148.6129 29.9730
148.6196 29.9769
148.6262 29.9808
148.6329 29.9848
148.6395 29.9887
148.6462 29.9926
148.6529 29.9966
148.6595 30.0005
148.6662 30.0044
148.6729 30.0083
148.6795 30.0123
148.6862 30.0162
148.6928 30.0201
148.6995 30.0241
148.7062 30.0280
148.7128 30.0319
148.7195 30.0359
148.7261 30.0398
148.7328 30.0437
148.7395 30.0476
148.7461 30.0516
148.7528 30.0555
148.7594 30.0594
148.7661 30.0634
148.7728 30.0673
148.7794 30.0712
148.7861 30.0751
148.7927 30.0791
148.7994 30.0830
148.8060 30.0869
148.8127 30.0908
148.8194 30.0948
148.8260 30.0987
148.8327 30.1026
148.8393 30.1065
148.8460 30.1105
148.8526 30.1144
148.8593 30.1183
148.8659 30.1222
148.8726 30.1261
148.8793 30.1301
148.8859 30.1340
148.8926 30.1379
148.8992 30.1418
148.9059 30.1458
148.9125 30.1497
148.9192 30.1536
148.9258 30.1575
148.9325 30.1614
148.9391 30.1654
148.9458 30.1693
148.9524 30.1732
148.9591 30.1771
148.9657 30.1810
148.9724 30.1849
148.9790 30.1889
148.9857 30.1928
148.9924 30.1967
148.9990 30.2006
149.0057 30.2045
149.0123 30.2084
149.0189 30.2124
149.0256 30.2163
149.0322 30.2202
149.0389 30.2241
149.0455 30.2280
149.0522 30.2319
149.0588 30.2359
149.0655 30.2398
149.0721 30.2437
149.0788 30.2476
149.0854 30.2515
149.0921 30.2554
149.0987 30.2593
149.1054 30.2632
149.1120 30.2672
149.1187 30.2711
149.1253 30.2750
149.1320 30.2789
149.1386 30.2828
149.1452 30.2867
149.1519 30.2906
149.1585 30.2945
149.1652 30.2984
149.1718 30.3023
149.1785 30.3063
149.1851 30.3102
149.1918 30.3141
149.1984 30.3180
149.2050 30.3219
149.2117 30.3258
149.2183 30.3297
149.2250 30.3336
149.2316 30.3375
149.2382 30.3414
149.2449 30.3453
149.2515 30.3492
149.2582 30.3531
149.2648 30.3570
149.2715 30.3609
149.2781 30.3648
149.2847 30.3688
149.2914 30.3727
149.2980 30.3766
149.3047 30.3805
149.3113 30.3844
149.3179 30.3883
149.3246 30.3922
149.3312 30.3961
149.3378 30.4000
149.3445 30.4039
149.3511 30.4078
149.3578 30.4117
149.3644 30.4156
149.3710 30.4195
149.3777 30.4234
149.3843 30.4273
149.3909 30.4312
149.3976 30.4351
149.4042 30.4390
149.4108 30.4429
149.4175 30.4468
149.4241 30.4507
149.4307 30.4546
149.4374 30.4585
149.4440 30.4623
149.4507 30.4662
149.4573 30.4701
149.4639 30.4740
149.4706 30.4779
149.4772 30.4818
149.4838 30.4857
149.4905 30.4896
149.4971 30.4935
149.5037 30.4974
149.5103 30.5013
149.5170 30.5052
149.5236 30.5091
149.5302 30.5130
149.5369 30.5169
149.5435 30.5208
149.5501 30.5247
149.5568 30.5285
149.5634 30.5324
149.5700 30.5363
149.5767 30.5402
149.5833 30.5441
149.5899 30.5480
149.5965 30.5519
149.6032 30.5558
149.6098 30.5597
149.6164 30.5636
149.6231 30.5674
149.6297 30.5713
149.6363 30.5752
149.6429 30.5791
149.6496 30.5830
149.6562 30.5869
149.6628 30.5908
149.6694 30.5947
149.6761 30.5985
149.6827 30.6024
149.6893 30.6063
149.6959 30.6102
149.7026 30.6141
149.7092 30.6180
149.7158 30.6218
149.7224 30.6257
149.7291 30.6296
149.7357 30.6335
149.7423 30.6374
149.7489 30.6413
149.7556 30.6451
149.7622 30.6490
149.7688 30.6529
149.7754 30.6568
149.7821 30.6607
149.7887 30.6646
149.7953 30.6684
149.8019 30.6723
149.8086 30.6762
149.8152 30.6801
149.8218 30.6840
149.8284 30.6878
149.8350 30.6917
149.8417 30.6956
149.8483 30.6995
149.8549 30.7033
149.8615 30.7072
149.8681 30.7111
149.8748 30.7150
149.8814 30.7189
149.8880 30.7227
149.8946 30.7266
149.9012 30.7305
149.9078 30.7344
149.9145 30.7382
149.9211 30.7421
149.9277 30.7460
149.9343 30.7499
149.9409 30.7537
149.9476 30.7576
149.9542 30.7615
149.9608 30.7654
149.9674 30.7692
149.9740 30.7731
149.9806 30.7770
149.9873 30.7808
149.9939 30.7847
150.0005 30.7886
150.0071 30.7925
150.0137 30.7963
150.0203 30.8002
150.0269 30.8041
150.0336 30.8079
150.0402 30.8118
150.0468 30.8157
150.0534 30.8195
150.0600 30.8234
150.0666 30.8273
150.0732 30.8311
150.0798 30.8350
150.0865 30.8389
150.0931 30.8428
150.0997 30.8466
150.1063 30.8505
150.1129 30.8544
150.1195 30.8582
150.1261 30.8621
150.1327 30.8659
150.1394 30.8698
150.1460 30.8737
150.1526 30.8775
150.1592 30.8814
150.1658 30.8853
150.1724 30.8891
150.1790 30.8930
150.1856 30.8969
150.1922 30.9007
150.1988 30.9046
150.2054 30.9084
150.2121 30.9123
150.2187 30.9162
150.2253 30.9200
150.2319 30.9239
150.2385 30.9277
150.2451 30.9316
150.2517 30.9355
150.2583 30.9393
150.2649 30.9432
150.2715 30.9470
150.2781 30.9509
150.2847 30.9548
150.2913 30.9586
150.2979 30.9625
150.3045 30.9663
150.3111 30.9702
150.3177 30.9740
150.3244 30.9779
150.3310 30.9818
150.3376 30.9856
150.3442 30.9895
150.3508 30.9933
150.3574 30.9972
150.3640 31.0010
150.3706 31.0049
150.3772 31.0087
150.3838 31.0126
150.3904 31.0164
150.3970 31.0203
150.4036 31.0242
150.4102 31.0280
150.4168 31.0319
150.4234 31.0357
150.4300 31.0396
150.4366 31.0434
150.4432 31.0473
150.4498 31.0511
150.4564 31.0550
150.4630 31.0588
150.4696 31.0627
150.4762 31.0665
150.4828 31.0704
150.4894 31.0742
150.4960 31.0781
150.5026 31.0819
150.5092 31.0857
150.5158 31.0896
150.5224 31.0934
150.5290 31.0973
150.5356 31.1011
150.5422 31.1050
150.5488 31.1088
150.5554 31.1127
150.5619 31.1165
150.5685 31.1204
150.5751 31.1242
150.5817 31.1280
150.5883 31.1319
150.5949 31.1357
150.6015 31.1396
150.6081 31.1434
150.6147 31.1473
150.6213 31.1511
150.6279 31.1549
150.6345 31.1588
150.6411 31.1626
150.6477 31.1665
150.6543 31.1703
150.6609 31.1742
150.6675 31.1780
150.6740 31.1818
150.6806 31.1857
150.6872 31.1895
150.6938 31.1933
150.7004 31.1972
150.7070 31.2010
150.7136 31.2049
150.7202 31.2087
150.7268 31.2125
150.7334 31.2164
150.7400 31.2202
150.7465 31.2240
150.7531 31.2279
150.7597 31.2317
150.7663 31.2356
150.7729 31.2394
150.7795 31.2432
150.7861 31.2471
150.7927 31.2509
150.7992 31.2547
150.8058 31.2586
150.8124 31.2624
150.8190 31.2662
150.8256 31.2701
150.8322 31.2739
150.8388 31.2777
150.8454 31.2815
150.8519 31.2854
150.8585 31.2892
150.8651 31.2930
150.8717 31.2969
150.8783 31.3007
150.8849 31.3045
150.8915 31.3084
150.8980 31.3122
150.9046 31.3160
150.9112 31.3198
150.9178 31.3237
150.9244 31.3275
150.9310 31.3313
150.9375 31.3352
150.9441 31.3390
150.9507 31.3428
150.9573 31.3466
150.9639 31.3505
150.9705 31.3543
150.9770 31.3581
150.9836 31.3619
150.9902 31.3658
150.9968 31.3696
151.0034 31.3734
151.0099 31.3772
151.0165 31.3811
151.0231 31.3849
151.0297 31.3887
151.0363 31.3925
151.0428 31.3963
151.0494 31.4002
151.0560 31.4040
151.0626 31.4078
151.0692 31.4116
151.0757 31.4154
151.0823 31.4193
151.0889 31.4231
151.0955 31.4269
151.1020 31.4307
151.1086 31.4345
151.1152 31.4384
151.1218 31.4422
151.1283 31.4460
151.1349 31.4498
151.1415 31.4536
151.1481 31.4574
151.1547 31.4613
151.1612 31.4651
151.1678 31.4689
151.1744 31.4727
151.1810 31.4765
151.1875 31.4803
151.1941 31.4842
151.2007 31.4880
151.2073 31.4918
151.2138 31.4956
151.2204 31.4994
151.2270 31.5032
151.2335 31.5070
151.2401 31.5108
151.2467 31.5147
151.2533 31.5185
151.2598 31.5223
151.2664 31.5261
151.2730 31.5299
151.2796 31.5337
151.2861 31.5375
151.2927 31.5413
151.2993 31.5451
151.3058 31.5490
151.3124 31.5528
151.3190 31.5566
151.3256 31.5604
151.3321 31.5642
151.3387 31.5680
151.3453 31.5718
151.3518 31.5756
151.3584 31.5794
151.3650 31.5832
151.3715 31.5870
151.3781 31.5908
151.3847 31.5946
151.3912 31.5984
151.3978 31.6023
151.4044 31.6061
151.4109 31.6099
151.4175 31.6137
151.4241 31.6175
151.4306 31.6213
151.4372 31.6251
151.4438 31.6289
151.4503 31.6327
151.4569 31.6365
151.4635 31.6403
151.4700 31.6441
151.4766 31.6479
151.4832 31.6517
151.4897 31.6555
151.4963 31.6593
151.5029 31.6631
151.5094 31.6669
151.5160 31.6707
151.5226 31.6745
151.5291 31.6783
151.5357 31.6821
151.5423 31.6859
151.5488 31.6897
151.5554 31.6935
151.5619 31.6973
151.5685 31.7011
151.5751 31.7049
151.5816 31.7087
151.5882 31.7125
151.5948 31.7163
151.6013 31.7200
151.6079 31.7238
151.6144 31.7276
151.6210 31.7314
151.6276 31.7352
151.6341 31.7390
151.6407 31.7428
151.6472 31.7466
151.6538 31.7504
151.6604 31.7542
151.6669 31.7580
151.6735 31.7618
151.6800 31.7656
151.6866 31.7694
151.6932 31.7731
151.6997 31.7769
151.7063 31.7807
151.7128 31.7845
151.7194 31.7883
151.7259 31.7921
151.7325 31.7959
151.7391 31.7997
151.7456 31.8035
151.7522 31.8072
151.7587 31.8110
151.7653 31.8148
151.7718 31.8186
151.7784 31.8224
151.7849 31.8262
151.7915 31.8300
151.7981 31.8337
151.8046 31.8375
151.8112 31.8413
151.8177 31.8451
151.8243 31.8489
151.8308 31.8527
151.8374 31.8565
151.8439 31.8602
151.8505 31.8640
151.8570 31.8678
151.8636 31.8716
151.8701 31.8754
151.8767 31.8791
151.8833 31.8829
151.8898 31.8867
151.8964 31.8905
151.9029 31.8943
151.9095 31.8980
151.9160 31.9018
151.9226 31.9056
151.9291 31.9094
151.9357 31.9132
151.9422 31.9169
151.9488 31.9207
151.9553 31.9245
151.9619 31.9283
151.9684 31.9321
151.9750 31.9358
151.9815 31.9396
151.9881 31.9434
151.9946 31.9472
152.0012 31.9509
152.0077 31.9547
152.0143 31.9585
152.0208 31.9623
152.0273 31.9660
152.0339 31.9698
152.0404 31.9736
152.0470 31.9773
152.0535 31.9811
152.0601 31.9849
152.0666 31.9887
152.0732 31.9924
152.0797 31.9962
152.0863 32.0000
152.0928 32.0038
152.0994 32.0075
152.1059 32.0113
152.1124 32.0151
152.1190 32.0188
152.1255 32.0226
152.1321 32.0264
152.1386 32.0301
152.1452 32.0339
152.1517 32.0377
152.1583 32.0414
152.1648 32.0452
152.1713 32.0490
152.1779 32.0527
152.1844 32.0565
152.1910 32.0603
152.1975 32.0640
152.2040 32.0678
152.2106 32.0716
152.2171 32.0753
152.2237 32.0791
152.2302 32.0829
152.2368 32.0866
152.2433 32.0904
152.2498 32.0942
152.2564 32.0979
152.2629 32.1017
152.2695 32.1054
152.2760 32.1092
152.2825 32.1130
152.2891 32.1167
152.2956 32.1205
152.3021 32.1242
152.3087 32.1280
152.3152 32.1318
152.3218 32.1355
152.3283 32.1393
152.3348 32.1430
152.3414 32.1468
152.3479 32.1506
152.3545 32.1543
152.3610 32.1581
152.3675 32.1618
152.3741 32.1656
152.3806 32.1693
152.3871 32.1731
152.3937 32.1768
152.4002 32.1806
152.4067 32.1844
152.4133 32.1881
152.4198 32.1919
152.4263 32.1956
152.4329 32.1994
152.4394 32.2031
152.4459 32.2069
152.4525 32.2106
152.4590 32.2144
152.4655 32.2181
152.4721 32.2219
152.4786 32.2256
152.4851 32.2294
152.4917 32.2331
152.4982 32.2369
152.5047 32.2406
152.5113 32.2444
152.5178 32.2481
152.5243 32.2519
152.5309 32.2556
152.5374 32.2594
152.5439 32.2631
152.5505 32.2669
152.5570 32.2706
152.5635 32.2744
152.5700 32.2781
152.5766 32.2819
152.5831 32.2856
152.5896 32.2894
152.5962 32.2931
152.6027 32.2969
152.6092 32.3006
152.6157 32.3043
152.6223 32.3081
152.6288 32.3118
152.6353 32.3156
152.6419 32.3193
152.6484 32.3231
152.6549 32.3268
152.6614 32.3305
152.6680 32.3343
152.6745 32.3380
152.6810 32.3418
152.6875 32.3455
152.6941 32.3492
152.7006 32.3530
152.7071 32.3567
152.7136 32.3605
152.7202 32.3642
152.7267 32.3679
152.7332 32.3717
152.7397 32.3754
152.7463 32.3792
152.7528 32.3829
152.7593 32.3866
152.7658 32.3904
152.7724 32.3941
152.7789 32.3978
152.7854 32.4016
152.7919 32.4053
152.7985 32.4090
152.8050 32.4128
152.8115 32.4165
152.8180 32.4203
152.8245 32.4240
152.8311 32.4277
152.8376 32.4315
152.8441 32.4352
152.8506 32.4389
152.8572 32.4427
152.8637 32.4464
152.8702 32.4501
152.8767 32.4538
152.8832 32.4576
152.8898 32.4613
152.8963 32.4650
152.9028 32.4688
152.9093 32.4725
152.9158 32.4762
152.9224 32.4800
152.9289 32.4837
152.9354 32.4874
152.9419 32.4911
152.9484 32.4949
152.9549 32.4986
152.9615 32.5023
152.9680 32.5060
152.9745 32.5098
152.9810 32.5135
152.9875 32.5172
152.9940 32.5210
153.0006 32.5247
153.0071 32.5284
153.0136 32.5321
153.0201 32.5358
153.0266 32.5396
153.0331 32.5433
153.0397 32.5470
153.0462 32.5507
153.0527 32.5545
153.0592 32.5582
153.0657 32.5619
153.0722 32.5656
153.0787 32.5693
153.0853 32.5731
153.0918 32.5768
153.0983 32.5805
153.1048 32.5842
153.1113 32.5879
153.1178 32.5917
153.1243 32.5954
153.1309 32.5991
153.1374 32.6028
153.1439 32.6065
153.1504 32.6103
153.1569 32.6140
153.1634 32.6177
153.1699 32.6214
153.1764 32.6251
153.1829 32.6288
153.1895 32.6326
153.1960 32.6363
153.2025 32.6400
153.2090 32.6437
153.2155 32.6474
153.2220 32.6511
153.2285 32.6548
153.2350 32.6586
153.2415 32.6623
153.2480 32.6660
153.2546 32.6697
153.2611 32.6734
153.2676 32.6771
153.2741 32.6808
153.2806 32.6845
153.2871 32.6882
153.2936 32.6920
153.3001 32.6957
153.3066 32.6994
153.3131 32.7031
153.3196 32.7068
153.3261 32.7105
153.3326 32.7142
153.3392 32.7179
153.3457 32.7216
153.3522 32.7253
153.3587 32.7290
153.3652 32.7327
153.3717 32.7364
153.3782 32.7402
153.3847 32.7439
153.3912 32.7476
153.3977 32.7513
153.4042 32.7550
153.4107 32.7587
153.4172 32.7624
153.4237 32.7661
153.4302 32.7698
153.4367 32.7735
153.4432 32.7772
153.4497 32.7809
153.4562 32.7846
153.4627 32.7883
153.4692 32.7920
153.4757 32.7957
153.4822 32.7994
153.4887 32.8031
153.4952 32.8068
153.5017 32.8105
153.5082 32.8142
153.5147 32.8179
153.5212 32.8216
153.5277 32.8253
153.5342 32.8290
153.5407 32.8327
153.5472 32.8364
153.5537 32.8401
153.5602 32.8438
153.5667 32.8475
153.5732 32.8512
153.5797 32.8549
153.5862 32.8586
153.5927 32.8623
153.5992 32.8659
153.6057 32.8696
153.6122 32.8733
153.6187 32.8770
153.6252 32.8807
153.6317 32.8844
153.6382 32.8881
153.6447 32.8918
153.6512 32.8955
153.6577 32.8992
153.6642 32.9029
153.6707 32.9066
153.6772 32.9103
153.6837 32.9139
153.6902 32.9176
153.6967 32.9213
153.7032 32.9250
153.7097 32.9287
153.7162 32.9324
153.7227 32.9361
153.7292 32.9398
153.7356 32.9434
153.7421 32.9471
153.7486 32.9508
153.7551 32.9545
153.7616 32.9582
153.7681 32.9619
153.7746 32.9656
153.7811 32.9692
153.7876 32.9729
153.7941 32.9766
153.8006 32.9803
153.8071 32.9840
153.8136 32.9877
153.8200 32.9913
153.8265 32.9950
153.8330 32.9987
153.8395 33.0024
153.8460 33.0061
153.8525 33.0098
153.8590 33.0134
153.8655 33.0171
153.8720 33.0208
153.8785 33.0245
153.8849 33.0282
153.8914 33.0318
153.8979 33.0355
153.9044 33.0392
153.9109 33.0429
153.9174 33.0465
153.9239 33.0502
153.9304 33.0539
153.9369 33.0576
153.9433 33.0613
153.9498 33.0649
153.9563 33.0686
153.9628 33.0723
153.9693 33.0760
153.9758 33.0796
153.9823 33.0833
153.9887 33.0870
153.9952 33.0906
154.0017 33.0943
154.0082 33.0980
154.0147 33.1017
154.0212 33.1053
154.0277 33.1090
154.0341 33.1127
154.0406 33.1163
154.0471 33.1200
154.0536 33.1237
154.0601 33.1274
154.0666 33.1310
154.0730 33.1347
154.0795 33.1384
154.0860 33.1420
154.0925 33.1457
154.0990 33.1494
154.1055 33.1530
154.1119 33.1567
154.1184 33.1604
154.1249 33.1640
154.1314 33.1677
154.1379 33.1714
154.1443 33.1750
154.1508 33.1787
154.1573 33.1824
154.1638 33.1860
154.1703 33.1897
154.1768 33.1934
154.1832 33.1970
154.1897 33.2007
154.1962 33.2043
154.2027 33.2080
154.2091 33.2117
154.2156 33.2153
154.2221 33.2190
154.2286 33.2227
154.2351 33.2263
154.2415 33.2300
154.2480 33.2336
154.2545 33.2373
154.2610 33.2410
154.2675 33.2446
154.2739 33.2483
154.2804 33.2519
154.2869 33.2556
154.2934 33.2592
154.2998 33.2629
154.3063 33.2666
154.3128 33.2702
154.3193 33.2739
154.3257 33.2775
154.3322 33.2812
154.3387 33.2848
154.3452 33.2885
154.3516 33.2921
154.3581 33.2958
154.3646 33.2995
154.3711 33.3031
154.3775 33.3068
154.3840 33.3104
154.3905 33.3141
154.3970 33.3177
154.4034 33.3214
154.4099 33.3250
154.4164 33.3287
154.4229 33.3323
154.4293 33.3360
154.4358 33.3396
154.4423 33.3433
154.4487 33.3469
154.4552 33.3506
154.4617 33.3542
154.4682 33.3579
154.4746 33.3615
154.4811 33.3652
154.4876 33.3688
154.4940 33.3725
154.5005 33.3761
154.5070 33.3798
154.5135 33.3834
154.5199 33.3870
154.5264 33.3907
154.5329 33.3943
154.5393 33.3980
154.5458 33.4016
154.5523 33.4053
154.5587 33.4089
154.5652 33.4126
154.5717 33.4162
154.5782 33.4198
154.5846 33.4235
154.5911 33.4271
154.5976 33.4308
154.6040 33.4344
154.6105 33.4381
154.6170 33.4417
154.6234 33.4453
154.6299 33.4490
154.6364 33.4526
154.6428 33.4563
154.6493 33.4599
154.6558 33.4635
154.6622 33.4672
154.6687 33.4708
154.6752 33.4744
154.6816 33.4781
154.6881 33.4817
154.6946 33.4854
154.7010 33.4890
154.7075 33.4926
154.7140 33.4963
154.7204 33.4999
154.7269 33.5035
154.7333 33.5072
154.7398 33.5108
154.7463 33.5144
154.7527 33.5181
154.7592 33.5217
154.7657 33.5253
154.7721 33.5290
154.7786 33.5326
154.7850 33.5362
154.7915 33.5399
154.7980 33.5435
154.8044 33.5471
154.8109 33.5507
154.8174 33.5544
154.8238 33.5580
154.8303 33.5616
154.8367 33.5653
154.8432 33.5689
154.8497 33.5725
154.8561 33.5761
154.8626 33.5798
154.8690 33.5834
154.8755 33.5870
154.8820 33.5907
154.8884 33.5943
154.8949 33.5979
154.9013 33.6015
154.9078 33.6052
154.9143 33.6088
154.9207 33.6124
154.9272 33.6160
154.9336 33.6197
154.9401 33.6233
154.9465 33.6269
154.9530 33.6305
154.9595 33.6341
154.9659 33.6378
154.9724 33.6414
154.9788 33.6450
154.9853 33.6486
154.9917 33.6523
154.9982 33.6559
155.0047 33.6595
155.0111 33.6631
155.0176 33.6667
155.0240 33.6703
155.0305 33.6740
155.0369 33.6776
155.0434 33.6812
155.0498 33.6848
155.0563 33.6884
155.0628 33.6921
155.0692 33.6957
155.0757 33.6993
155.0821 33.7029
155.0886 33.7065
155.0950 33.7101
155.1015 33.7137
155.1079 33.7174
155.1144 33.7210
155.1208 33.7246
155.1273 33.7282
155.1337 33.7318
155.1402 33.7354
155.1466 33.7390
155.1531 33.7426
155.1596 33.7463
155.1660 33.7499
155.1725 33.7535
155.1789 33.7571
155.1854 33.7607
155.1918 33.7643
155.1983 33.7679
155.2047 33.7715
155.2112 33.7751
155.2176 33.7787
155.2241 33.7824
155.2305 33.7860
155.2370 33.7896
155.2434 33.7932
155.2499 33.7968
155.2563 33.8004
155.2627 33.8040
155.2692 33.8076
155.2756 33.8112
155.2821 33.8148
155.2885 33.8184
155.2950 33.8220
155.3014 33.8256
155.3079 33.8292
155.3143 33.8328
155.3208 33.8364
155.3272 33.8400
155.3337 33.8436
155.3401 33.8472
155.3466 33.8508
155.3530 33.8544
155.3595 33.8580
155.3659 33.8616
155.3723 33.8652
155.3788 33.8688
155.3852 33.8724
155.3917 33.8760
155.3981 33.8796
155.4046 33.8832
155.4110 33.8868
155.4175 33.8904
155.4239 33.8940
155.4303 33.8976
155.4368 33.9012
155.4432 33.9048
155.4497 33.9084
155.4561 33.9120
155.4626 33.9156
155.4690 33.9192
155.4754 33.9228
155.4819 33.9264
155.4883 33.9300
155.4948 33.9336
155.5012 33.9372
155.5076 33.9408
155.5141 33.9443
155.5205 33.9479
155.5270 33.9515
155.5334 33.9551
155.5399 33.9587
155.5463 33.9623
155.5527 33.9659
155.5592 33.9695
155.5656 33.9731
155.5720 33.9767
155.5785 33.9802
155.5849 33.9838
155.5914 33.9874
155.5978 33.9910
155.6042 33.9946
155.6107 33.9982
155.6171 34.0018
155.6236 34.0054
155.6300 34.0089
155.6364 34.0125
155.6429 34.0161
155.6493 34.0197
155.6557 34.0233
155.6622 34.0269
155.6686 34.0304
155.6751 34.0340
155.6815 34.0376
155.6879 34.0412
155.6944 34.0448
155.7008 34.0484
155.7072 34.0519
155.7137 34.0555
155.7201 34.0591
155.7265 34.0627
155.7330 34.0663
155.7394 34.0698
155.7458 34.0734
155.7523 34.0770
155.7587 34.0806
155.7651 34.0841
155.7716 34.0877
155.7780 34.0913
155.7844 34.0949
155.7909 34.0985
155.7973 34.1020
155.8037 34.1056
155.8102 34.1092
155.8166 34.1128
155.8230 34.1163
155.8295 34.1199
155.8359 34.1235
155.8423 34.1271
155.8488 34.1306
155.8552 34.1342
155.8616 34.1378
155.8681 34.1414
155.8745 34.1449
155.8809 34.1485
155.8873 34.1521
155.8938 34.1556
155.9002 34.1592
155.9066 34.1628
155.9131 34.1663
155.9195 34.1699
155.9259 34.1735
155.9324 34.1771
155.9388 34.1806
155.9452 34.1842
155.9516 34.1878
155.9581 34.1913
155.9645 34.1949
155.9709 34.1985
155.9774 34.2020
155.9838 34.2056
155.9902 34.2092
155.9966 34.2127
156.0031 34.2163
156.0095 34.2199
156.0159 34.2234
156.0223 34.2270
156.0288 34.2305
156.0352 34.2341
156.0416 34.2377
156.0480 34.2412
156.0545 34.2448
156.0609 34.2484
156.0673 34.2519
156.0737 34.2555
156.0802 34.2590
156.0866 34.2626
156.0930 34.2662
156.0994 34.2697
156.1059 34.2733
156.1123 34.2768
156.1187 34.2804
156.1251 34.2840
156.1316 34.2875
156.1380 34.2911
156.1444 34.2946
156.1508 34.2982
156.1573 34.3017
156.1637 34.3053
156.1701 34.3089
156.1765 34.3124
156.1830 34.3160
156.1894 34.3195
156.1958 34.3231
156.2022 34.3266
156.2086 34.3302
156.2151 34.3337
156.2215 34.3373
156.2279 34.3408
156.2343 34.3444
156.2407 34.3480
156.2472 34.3515
156.2536 34.3551
156.2600 34.3586
156.2664 34.3622
156.2728 34.3657
156.2793 34.3693
156.2857 34.3728
156.2921 34.3764
156.2985 34.3799
156.3049 34.3835
156.3114 34.3870
156.3178 34.3905
156.3242 34.3941
156.3306 34.3976
156.3370 34.4012
156.3434 34.4047
156.3499 34.4083
156.3563 34.4118
156.3627 34.4154
156.3691 34.4189
156.3755 34.4225
156.3820 34.4260
156.3884 34.4295
156.3948 34.4331
156.4012 34.4366
156.4076 34.4402
156.4140 34.4437
156.4204 34.4473
156.4269 34.4508
156.4333 34.4543
156.4397 34.4579
156.4461 34.4614
156.4525 34.4650
156.4589 34.4685
156.4654 34.4720
156.4718 34.4756
156.4782 34.4791
156.4846 34.4827
156.4910 34.4862
156.4974 34.4897
156.5038 34.4933
156.5102 34.4968
156.5167 34.5003
156.5231 34.5039
156.5295 34.5074
156.5359 34.5110
156.5423 34.5145
156.5487 34.5180
156.5551 34.5216
156.5615 34.5251
156.5680 34.5286
156.5744 34.5322
156.5808 34.5357
156.5872 34.5392
156.5936 34.5428
156.6000 34.5463
156.6064 34.5498
156.6128 34.5534
156.6192 34.5569
156.6257 34.5604
156.6321 34.5639
156.6385 34.5675
156.6449 34.5710
156.6513 34.5745
156.6577 34.5781
156.6641 34.5816
156.6705 34.5851
156.6769 34.5886
156.6833 34.5922
156.6897 34.5957
156.6962 34.5992
156.7026 34.6028
156.7090 34.6063
156.7154 34.6098
156.7218 34.6133
156.7282 34.6169
156.7346 34.6204
156.7410 34.6239
156.7474 34.6274
156.7538 34.6310
156.7602 34.6345
156.7666 34.6380
156.7730 34.6415
156.7794 34.6450
156.7858 34.6486
156.7922 34.6521
156.7987 34.6556
156.8051 34.6591
156.8115 34.6626
156.8179 34.6662
156.8243 34.6697
156.8307 34.6732
156.8371 34.6767
156.8435 34.6802
156.8499 34.6838
156.8563 34.6873
156.8627 34.6908
156.8691 34.6943
156.8755 34.6978
156.8819 34.7013
156.8883 34.7049
156.8947 34.7084
156.9011 34.7119
156.9075 34.7154
156.9139 34.7189
156.9203 34.7224
156.9267 34.7259
156.9331 34.7295
156.9395 34.7330
156.9459 34.7365
156.9523 34.7400
156.9587 34.7435
156.9651 34.7470
156.9715 34.7505
156.9779 34.7540
156.9843 34.7575
156.9907 34.7611
156.9971 34.7646
157.0035 34.7681
157.0099 34.7716
157.0163 34.7751
157.0227 34.7786
157.0291 34.7821
157.0355 34.7856
157.0419 34.7891
157.0483 34.7926
157.0547 34.7961
157.0611 34.7996
157.0675 34.8031
157.0739 34.8067
157.0803 34.8102
157.0867 34.8137
157.0931 34.8172
157.0995 34.8207
157.1059 34.8242
157.1123 34.8277
157.1187 34.8312
157.1251 34.8347
157.1315 34.8382
157.1379 34.8417
157.1443 34.8452
157.1507 34.8487
157.1570 34.8522
157.1634 34.8557
157.1698 34.8592
157.1762 34.8627
157.1826 34.8662
157.1890 34.8697
157.1954 34.8732
157.2018 34.8767
157.2082 34.8802
157.2146 34.8837
157.2210 34.8872
157.2274 34.8907
157.2338 34.8942
157.2402 34.8977
157.2466 34.9012
157.2530 34.9046
157.2593 34.9081
157.2657 34.9116
157.2721 34.9151
157.2785 34.9186
157.2849 34.9221
157.2913 34.9256
157.2977 34.9291
157.3041 34.9326
157.3105 34.9361
157.3169 34.9396
157.3233 34.9431
157.3296 34.9466
157.3360 34.9500
157.3424 34.9535
157.3488 34.9570
157.3552 34.9605
157.3616 34.9640
157.3680 34.9675
157.3744 34.9710
157.3808 34.9745
157.3871 34.9780
157.3935 34.9814
157.3999 34.9849
157.4063 34.9884
157.4127 34.9919
157.4191 34.9954
157.4255 34.9989
157.4319 35.0024
157.4383 35.0058
157.4446 35.0093
157.4510 35.0128
157.4574 35.0163
157.4638 35.0198
157.4702 35.0233
157.4766 35.0267
157.4830 35.0302
157.4893 35.0337
157.4957 35.0372
157.5021 35.0407
157.5085 35.0441
157.5149 35.0476
157.5213 35.0511
157.5277 35.0546
157.5340 35.0581
157.5404 35.0615
157.5468 35.0650
157.5532 35.0685
157.5596 35.0720
157.5660 35.0754
157.5724 35.0789
157.5787 35.0824
157.5851 35.0859
157.5915 35.0894
157.5979 35.0928
157.6043 35.0963
157.6107 35.0998
157.6170 35.1033
157.6234 35.1067
157.6298 35.1102
157.6362 35.1137
157.6426 35.1171
157.6489 35.1206
157.6553 35.1241
157.6617 35.1276
157.6681 35.1310
157.6745 35.1345
157.6809 35.1380
157.6872 35.1414
157.6936 35.1449
157.7000 35.1484
157.7064 35.1519
157.7128 35.1553
157.7191 35.1588
157.7255 35.1623
157.7319 35.1657
157.7383 35.1692
157.7447 35.1727
157.7510 35.1761
157.7574 35.1796
157.7638 35.1831
157.7702 35.1865
157.7765 35.1900
157.7829 35.1935
157.7893 35.1969
157.7957 35.2004
157.8021 35.2038
157.8084 35.2073
157.8148 35.2108
157.8212 35.2142
157.8276 35.2177
157.8339 35.2212
157.8403 35.2246
157.8467 35.2281
157.8531 35.2315
157.8595 35.2350
157.8658 35.2385
157.8722 35.2419
157.8786 35.2454
157.8850 35.2488
157.8913 35.2523
157.8977 35.2558
157.9041 35.2592
157.9105 35.2627
157.9168 35.2661
157.9232 35.2696
157.9296 35.2730
157.9360 35.2765
157.9423 35.2799
157.9487 35.2834
157.9551 35.2869
157.9615 35.2903
157.9678 35.2938
157.9742 35.2972
157.9806 35.3007
157.9869 35.3041
157.9933 35.3076
157.9997 35.3110
158.0061 35.3145
158.0124 35.3179
158.0188 35.3214
158.0252 35.3248
158.0316 35.3283
158.0379 35.3317
158.0443 35.3352
158.0507 35.3386
158.0570 35.3421
158.0634 35.3455
158.0698 35.3490
158.0762 35.3524
158.0825 35.3559
158.0889 35.3593
158.0953 35.3628
158.1016 35.3662
158.1080 35.3697
158.1144 35.3731
158.1207 35.3766
158.1271 35.3800
158.1335 35.3834
158.1399 35.3869
158.1462 35.3903
158.1526 35.3938
158.1590 35.3972
158.1653 35.4007
158.1717 35.4041
158.1781 35.4075
158.1844 35.4110
158.1908 35.4144
158.1972 35.4179
158.2035 35.4213
158.2099 35.4247
158.2163 35.4282
158.2226 35.4316
158.2290 35.4351
158.2354 35.4385
158.2417 35.4419
158.2481 35.4454
158.2545 35.4488
158.2608 35.4523
158.2672 35.4557
158.2736 35.4591
158.2799 35.4626
158.2863 35.4660
158.2927 35.4694
158.2990 35.4729
158.3054 35.4763
158.3118 35.4797
158.3181 35.4832
158.3245 35.4866
158.3308 35.4900
158.3372 35.4935
158.3436 35.4969
158.3499 35.5003
158.3563 35.5038
158.3627 35.5072
158.3690 35.5106
158.3754 35.5141
158.3817 35.5175
158.3881 35.5209
158.3945 35.5243
158.4008 35.5278
158.4072 35.5312
158.4136 35.5346
158.4199 35.5381
158.4263 35.5415
158.4326 35.5449
158.4390 35.5483
158.4454 35.5518
158.4517 35.5552
158.4581 35.5586
158.4644 35.5620
158.4708 35.5655
158.4772 35.5689
158.4835 35.5723
158.4899 35.5757
158.4962 35.5792
158.5026 35.5826
158.5090 35.5860
158.5153 35.5894
158.5217 35.5929
158.5280 35.5963
158.5344 35.5997
158.5408 35.6031
158.5471 35.6065
158.5535 35.6100
158.5598 35.6134
158.5662 35.6168
158.5725 35.6202
158.5789 35.6236
158.5853 35.6271
158.5916 35.6305
158.5980 35.6339
158.6043 35.6373
158.6107 35.6407
158.6170 35.6441
158.6234 35.6476
158.6298 35.6510
158.6361 35.6544
158.6425 35.6578
158.6488 35.6612
158.6552 35.6646
158.6615 35.6680
158.6679 35.6715
158.6742 35.6749
158.6806 35.6783
158.6870 35.6817
158.6933 35.6851
158.6997 35.6885
158.7060 35.6919
158.7124 35.6953
158.7187 35.6987
158.7251 35.7022
158.7314 35.7056
158.7378 35.7090
158.7441 35.7124
158.7505 35.7158
158.7568 35.7192
158.7632 35.7226
158.7695 35.7260
158.7759 35.7294
158.7822 35.7328
158.7886 35.7362
158.7950 35.7396
158.8013 35.7430
158.8077 35.7464
158.8140 35.7498
158.8204 35.7533
158.8267 35.7567
158.8331 35.7601
158.8394 35.7635
158.8458 35.7669
158.8521 35.7703
158.8585 35.7737
158.8648 35.7771
158.8712 35.7805
158.8775 35.7839
158.8839 35.7873
158.8902 35.7907
158.8966 35.7941
158.9029 35.7975
158.9093 35.8009
158.9156 35.8043
158.9219 35.8077
158.9283 35.8111
158.9346 35.8145
158.9410 35.8179
158.9473 35.8213
158.9537 35.8247
158.9600 35.8280
158.9664 35.8314
158.9727 35.8348
158.9791 35.8382
158.9854 35.8416
158.9918 35.8450
158.9981 35.8484
159.0045 35.8518
159.0108 35.8552
159.0172 35.8586
159.0235 35.8620
159.0298 35.8654
159.0362 35.8688
159.0425 35.8722
159.0489 35.8756
159.0552 35.8789
159.0616 35.8823
159.0679 35.8857
159.0743 35.8891
159.0806 35.8925
159.0869 35.8959
159.0933 35.8993
159.0996 35.9027
159.1060 35.9061
159.1123 35.9094
159.1187 35.9128
159.1250 35.9162
159.1314 35.9196
159.1377 35.9230
159.1440 35.9264
159.1504 35.9298
159.1567 35.9331
159.1631 35.9365
159.1694 35.9399
159.1758 35.9433
159.1821 35.9467
159.1884 35.9501
159.1948 35.9534
159.2011 35.9568
159.2075 35.9602
159.2138 35.9636
159.2201 35.9670
159.2265 35.9703
159.2328 35.9737
159.2392 35.9771
159.2455 35.9805
159.2518 35.9839
159.2582 35.9872
159.2645 35.9906
159.2709 35.9940
159.2772 35.9974
159.2835 36.0007
159.2899 36.0041
159.2962 36.0075
159.3026 36.0109
159.3089 36.0142
159.3152 36.0176
159.3216 36.0210
159.3279 36.0244
159.3343 36.0277
159.3406 36.0311
159.3469 36.0345
159.3533 36.0379
159.3596 36.0412
159.3659 36.0446
159.3723 36.0480
159.3786 36.0514
159.3850 36.0547
159.3913 36.0581
159.3976 36.0615
159.4040 36.0648
159.4103 36.0682
159.4166 36.0716
159.4230 36.0749
159.4293 36.0783
159.4356 36.0817
159.4420 36.0850
159.4483 36.0884
159.4546 36.0918
159.4610 36.0951
159.4673 36.0985
159.4737 36.1019
159.4800 36.1052
159.4863 36.1086
159.4927 36.1120
159.4990 36.1153
159.5053 36.1187
159.5117 36.1221
159.5180 36.1254
159.5243 36.1288
159.5307 36.1322
159.5370 36.1355
159.5433 36.1389
159.5497 36.1422
159.5560 36.1456
159.5623 36.1490
159.5687 36.1523
159.5750 36.1557
159.5813 36.1590
159.5876 36.1624
159.5940 36.1658
159.6003 36.1691
159.6066 36.1725
159.6130 36.1758
159.6193 36.1792
159.6256 36.1825
159.6320 36.1859
159.6383 36.1893
159.6446 36.1926
159.6510 36.1960
159.6573 36.1993
159.6636 36.2027
159.6699 36.2060
159.6763 36.2094
159.6826 36.2127
159.6889 36.2161
159.6953 36.2194
159.7016 36.2228
159.7079 36.2261
159.7143 36.2295
159.7206 36.2328
159.7269 36.2362
159.7332 36.2395
159.7396 36.2429
159.7459 36.2462
159.7522 36.2496
159.7585 36.2529
159.7649 36.2563
159.7712 36.2596
159.7775 36.2630
159.7839 36.2663
159.7902 36.2697
159.7965 36.2730
159.8028 36.2764
159.8092 36.2797
159.8155 36.2831
159.8218 36.2864
159.8281 36.2897
159.8345 36.2931
159.8408 36.2964
159.8471 36.2998
159.8534 36.3031
159.8598 36.3065
159.8661 36.3098
159.8724 36.3131
159.8787 36.3165
159.8851 36.3198
159.8914 36.3232
159.8977 36.3265
159.9040 36.3299
159.9104 36.3332
159.9167 36.3365
159.9230 36.3399
159.9293 36.3432
159.9357 36.3465
159.9420 36.3499
159.9483 36.3532
159.9546 36.3566
159.9609 36.3599
159.9673 36.3632
159.9736 36.3666
159.9799 36.3699
159.9862 36.3732
159.9926 36.3766
159.9989 36.3799
160.0052 36.3832
160.0115 36.3866
160.0178 36.3899
160.0242 36.3932
160.0305 36.3966
160.0368 36.3999
160.0431 36.4032
160.0494 36.4066
160.0558 36.4099
160.0621 36.4132
160.0684 36.4166
160.0747 36.4199
160.0810 36.4232
160.0874 36.4265
160.0937 36.4299
160.1000 36.4332
160.1063 36.4365
160.1126 36.4399
160.1190 36.4432
160.1253 36.4465
160.1316 36.4498
160.1379 36.4532
160.1442 36.4565
160.1505 36.4598
160.1569 36.4631
160.1632 36.4665
160.1695 36.4698
160.1758 36.4731
160.1821 36.4764
160.1884 36.4798
160.1948 36.4831
160.2011 36.4864
160.2074 36.4897
160.2137 36.4930
160.2200 36.4964
160.2263 36.4997
160.2327 36.5030
160.2390 36.5063
160.2453 36.5096
160.2516 36.5130
160.2579 36.5163
160.2642 36.5196
160.2705 36.5229
160.2769 36.5262
160.2832 36.5295
160.2895 36.5329
160.2958 36.5362
160.3021 36.5395
160.3084 36.5428
160.3147 36.5461
160.3211 36.5494
160.3274 36.5528
160.3337 36.5561
160.3400 36.5594
160.3463 36.5627
160.3526 36.5660
160.3589 36.5693
160.3652 36.5726
160.3716 36.5759
160.3779 36.5793
160.3842 36.5826
160.3905 36.5859
160.3968 36.5892
160.4031 36.5925
160.4094 36.5958
160.4157 36.5991
160.4220 36.6024
160.4284 36.6057
160.4347 36.6090
160.4410 36.6123
160.4473 36.6156
160.4536 36.6190
160.4599 36.6223
160.4662 36.6256
160.4725 36.6289
160.4788 36.6322
160.4851 36.6355
160.4915 36.6388
160.4978 36.6421
160.5041 36.6454
160.5104 36.6487
160.5167 36.6520
160.5230 36.6553
160.5293 36.6586
160.5356 36.6619
160.5419 36.6652
160.5482 36.6685
160.5545 36.6718
160.5608 36.6751
160.5671 36.6784
160.5735 36.6817
160.5798 36.6850
160.5861 36.6883
160.5924 36.6916
160.5987 36.6949
160.6050 36.6982
160.6113 36.7015
160.6176 36.7048
160.6239 36.7081
160.6302 36.7114
160.6365 36.7147
160.6428 36.7180
160.6491 36.7213
160.6554 36.7246
160.6617 36.7279
160.6680 36.7311
160.6744 36.7344
160.6807 36.7377
160.6870 36.7410
160.6933 36.7443
160.6996 36.7476
160.7059 36.7509
160.7122 36.7542
160.7185 36.7575
160.7248 36.7608
160.7311 36.7641
160.7374 36.7673
160.7437 36.7706
160.7500 36.7739
160.7563 36.7772
160.7626 36.7805
160.7689 36.7838
160.7752 36.7871
160.7815 36.7904
160.7878 36.7937
160.7941 36.7969
160.8004 36.8002
160.8067 36.8035
160.8130 36.8068
160.8193 36.8101
160.8256 36.8134
160.8319 36.8166
160.8382 36.8199
160.8445 36.8232
160.8508 36.8265
160.8571 36.8298
160.8634 36.8331
160.8697 36.8363
160.8760 36.8396
160.8823 36.8429
160.8886 36.8462
160.8949 36.8495
160.9012 36.8527
160.9075 36.8560
160.9138 36.8593
160.9201 36.8626
160.9264 36.8659
160.9327 36.8691
160.9390 36.8724
160.9453 36.8757
160.9516 36.8790
160.9579 36.8822
160.9642 36.8855
160.9705 36.8888
160.9768 36.8921
160.9831 36.8953
160.9894 36.8986
160.9957 36.9019
161.0020 36.9052
161.0083 36.9084
161.0146 36.9117
161.0209 36.9150
161.0272 36.9182
161.0335 36.9215
161.0398 36.9248
161.0461 36.9281
161.0524 36.9313
161.0587 36.9346
161.0650 36.9379
161.0713 36.9411
161.0776 36.9444
161.0838 36.9477
161.0901 36.9509
161.0964 36.9542
161.1027 36.9575
161.1090 36.9607
161.1153 36.9640
161.1216 36.9673
161.1279 36.9705
161.1342 36.9738
161.1405 36.9771
161.1468 36.9803
161.1531 36.9836
161.1594 36.9869
161.1657 36.9901
161.1720 36.9934
161.1783 36.9966
161.1846 36.9999
161.1908 37.0032
161.1971 37.0064
161.2034 37.0097
161.2097 37.0130
161.2160 37.0162
161.2223 37.0195
161.2286 37.0227
161.2349 37.0260
161.2412 37.0293
161.2475 37.0325
161.2538 37.0358
161.2601 37.0390
161.2663 37.0423
161.2726 37.0455
161.2789 37.0488
161.2852 37.0521
161.2915 37.0553
161.2978 37.0586
161.3041 37.0618
161.3104 37.0651
161.3167 37.0683
161.3230 37.0716
161.3292 37.0748
161.3355 37.0781
161.3418 37.0813
161.3481 37.0846
161.3544 37.0878
161.3607 37.0911
161.3670 37.0943
161.3733 37.0976
161.3796 37.1008
161.3858 37.1041
161.3921 37.1073
161.3984 37.1106
161.4047 37.1138
161.4110 37.1171
161.4173 37.1203
161.4236 37.1236
161.4299 37.1268
161.4361 37.1301
161.4424 37.1333
161.4487 37.1366
161.4550 37.1398
161.4613 37.1431
161.4676 37.1463
161.4739 37.1495
161.4801 37.1528
161.4864 37.1560
161.4927 37.1593
161.4990 37.1625
161.5053 37.1658
161.5116 37.1690
161.5179 37.1722
161.5241 37.1755
161.5304 37.1787
161.5367 37.1820
161.5430 37.1852
161.5493 37.1884
161.5556 37.1917
161.5618 37.1949
161.5681 37.1982
161.5744 37.2014
161.5807 37.2046
161.5870 37.2079
161.5933 37.2111
161.5995 37.2143
161.6058 37.2176
161.6121 37.2208
161.6184 37.2241
161.6247 37.2273
161.6310 37.2305
161.6372 37.2338
161.6435 37.2370
161.6498 37.2402
161.6561 37.2435
161.6624 37.2467
161.6686 37.2499
161.6749 37.2532
161.6812 37.2564
161.6875 37.2596
161.6938 37.2628
161.7001 37.2661
161.7063 37.2693
161.7126 37.2725
161.7189 37.2758
161.7252 37.2790
161.7315 37.2822
161.7377 37.2854
161.7440 37.2887
161.7503 37.2919
161.7566 37.2951
161.7628 37.2984
161.7691 37.3016
161.7754 37.3048
161.7817 37.3080
161.7880 37.3113
161.7942 37.3145
161.8005 37.3177
161.8068 37.3209
161.8131 37.3242
161.8193 37.3274
161.8256 37.3306
161.8319 37.3338
161.8382 37.3370
161.8445 37.3403
161.8507 37.3435
161.8570 37.3467
161.8633 37.3499
161.8696 37.3531
161.8758 37.3564
161.8821 37.3596
161.8884 37.3628
161.8947 37.3660
161.9009 37.3692
161.9072 37.3724
161.9135 37.3757
161.9198 37.3789
161.9260 37.3821
161.9323 37.3853
161.9386 37.3885
161.9449 37.3917
161.9511 37.3950
161.9574 37.3982
161.9637 37.4014
161.9700 37.4046
161.9762 37.4078
161.9825 37.4110
161.9888 37.4142
161.9951 37.4174
162.0013 37.4207
162.0076 37.4239
162.0139 37.4271
162.0202 37.4303
162.0264 37.4335
162.0327 37.4367
162.0390 37.4399
162.0452 37.4431
162.0515 37.4463
162.0578 37.4495
162.0641 37.4527
162.0703 37.4560
162.0766 37.4592
162.0829 37.4624
162.0891 37.4656
162.0954 37.4688
162.1017 37.4720
162.1080 37.4752
162.1142 37.4784
162.1205 37.4816
162.1268 37.4848
162.1330 37.4880
162.1393 37.4912
162.1456 37.4944
162.1518 37.4976
162.1581 37.5008
162.1644 37.5040
162.1707 37.5072
162.1769 37.5104
162.1832 37.5136
162.1895 37.5168
162.1957 37.5200
162.2020 37.5232
162.2083 37.5264
162.2145 37.5296
162.2208 37.5328
162.2271 37.5360
162.2333 37.5392
162.2396 37.5424
162.2459 37.5456
162.2521 37.5488
162.2584 37.5520
162.2647 37.5552
162.2709 37.5584
162.2772 37.5616
162.2835 37.5648
162.2897 37.5680
162.2960 37.5711
162.3023 37.5743
162.3085 37.5775
162.3148 37.5807
162.3211 37.5839
162.3273 37.5871
162.3336 37.5903
162.3399 37.5935
162.3461 37.5967
162.3524 37.5999
162.3587 37.6031
162.3649 37.6062
162.3712 37.6094
162.3775 37.6126
162.3837 37.6158
162.3900 37.6190
162.3963 37.6222
162.4025 37.6254
162.4088 37.6286
162.4151 37.6317
162.4213 37.6349
162.4276 37.6381
162.4338 37.6413
162.4401 37.6445
162.4464 37.6477
162.4526 37.6508
162.4589 37.6540
162.4652 37.6572
162.4714 37.6604
162.4777 37.6636
162.4840 37.6668
162.4902 37.6699
162.4965 37.6731
162.5027 37.6763
162.5090 37.6795
162.5153 37.6827
162.5215 37.6858
162.5278 37.6890
162.5340 37.6922
162.5403 37.6954
162.5466 37.6985
162.5528 37.7017
162.5591 37.7049
162.5654 37.7081
162.5716 37.7112
162.5779 37.7144
162.5841 37.7176
162.5904 37.7208
162.5967 37.7239
162.6029 37.7271
162.6092 37.7303
162.6154 37.7335
162.6217 37.7366
162.6280 37.7398
162.6342 37.7430
162.6405 37.7462
162.6467 37.7493
162.6530 37.7525
162.6592 37.7557
162.6655 37.7588
162.6718 37.7620
162.6780 37.7652
162.6843 37.7683
162.6905 37.7715
162.6968 37.7747
162.7031 37.7778
162.7093 37.7810
162.7156 37.7842
162.7218 37.7873
162.7281 37.7905
162.7343 37.7937
162.7406 37.7968
162.7469 37.8000
162.7531 37.8032
162.7594 37.8063
162.7656 37.8095
162.7719 37.8127
162.7781 37.8158
162.7844 37.8190
162.7906 37.8222
162.7969 37.8253
162.8032 37.8285
162.8094 37.8316
162.8157 37.8348
162.8219 37.8380
162.8282 37.8411
162.8344 37.8443
162.8407 37.8474
162.8469 37.8506
162.8532 37.8537
162.8594 37.8569
162.8657 37.8601
162.8720 37.8632
162.8782 37.8664
162.8845 37.8695
162.8907 37.8727
162.8970 37.8758
162.9032 37.8790
162.9095 37.8822
162.9157 37.8853
162.9220 37.8885
162.9282 37.8916
162.9345 37.8948
162.9407 37.8979
162.9470 37.9011
162.9532 37.9042
162.9595 37.9074
162.9657 37.9105
162.9720 37.9137
162.9782 37.9168
162.9845 37.9200
162.9908 37.9231
162.9970 37.9263
163.0033 37.9294
163.0095 37.9326
163.0158 37.9357
163.0220 37.9389
163.0283 37.9420
163.0345 37.9452
163.0408 37.9483
163.0470 37.9514
163.0533 37.9546
163.0595 37.9577
163.0658 37.9609
163.0720 37.9640
163.0783 37.9672
163.0845 37.9703
163.0907 37.9735
163.0970 37.9766
163.1032 37.9797
163.1095 37.9829
163.1157 37.9860
163.1220 37.9892
163.1282 37.9923
163.1345 37.9954
163.1407 37.9986
163.1470 38.0017
163.1532 38.0049
163.1595 38.0080
163.1657 38.0111
163.1720 38.0143
163.1782 38.0174
163.1845 38.0206
163.1907 38.0237
163.1970 38.0268
163.2032 38.0300
163.2095 38.0331
163.2157 38.0362
163.2219 38.0394
163.2282 38.0425
163.2344 38.0456
163.2407 38.0488
163.2469 38.0519
163.2532 38.0550
163.2594 38.0582
163.2657 38.0613
163.2719 38.0644
163.2781 38.0676
163.2844 38.0707
163.2906 38.0738
163.2969 38.0770
163.3031 38.0801
163.3094 38.0832
163.3156 38.0863
163.3219 38.0895
163.3281 38.0926
163.3343 38.0957
163.3406 38.0988
163.3468 38.1020
163.3531 38.1051
163.3593 38.1082
163.3656 38.1114
163.3718 38.1145
163.3780 38.1176
163.3843 38.1207
163.3905 38.1238
163.3968 38.1270
163.4030 38.1301
163.4093 38.1332
163.4155 38.1363
163.4217 38.1395
163.4280 38.1426
163.4342 38.1457
163.4405 38.1488
163.4467 38.1519
163.4529 38.1551
163.4592 38.1582
163.4654 38.1613
163.4717 38.1644
163.4779 38.1675
163.4841 38.1707
163.4904 38.1738
163.4966 38.1769
163.5029 38.1800
163.5091 38.1831
163.5153 38.1862
163.5216 38.1894
163.5278 38.1925
163.5341 38.1956
163.5403 38.1987
163.5465 38.2018
163.5528 38.2049
163.5590 38.2080
163.5652 38.2111
163.5715 38.2143
163.5777 38.2174
163.5840 38.2205
163.5902 38.2236
163.5964 38.2267
163.6027 38.2298
163.6089 38.2329
163.6151 38.2360
163.6214 38.2391
163.6276 38.2423
163.6339 38.2454
163.6401 38.2485
163.6463 38.2516
163.6526 38.2547
163.6588 38.2578
163.6650 38.2609
163.6713 38.2640
163.6775 38.2671
163.6837 38.2702
163.6900 38.2733
163.6962 38.2764
163.7024 38.2795
163.7087 38.2826
163.7149 38.2857
163.7211 38.2888
163.7274 38.2919
163.7336 38.2950
163.7399 38.2981
163.7461 38.3012
163.7523 38.3043
163.7586 38.3074
163.7648 38.3105
163.7710 38.3136
163.7773 38.3167
163.7835 38.3198
163.7897 38.3229
163.7960 38.3260
163.8022 38.3291
163.8084 38.3322
163.8147 38.3353
163.8209 38.3384
163.8271 38.3415
163.8334 38.3446
163.8396 38.3477
163.8458 38.3508
163.8520 38.3539
163.8583 38.3570
163.8645 38.3601
163.8707 38.3632
163.8770 38.3663
163.8832 38.3694
163.8894 38.3725
163.8957 38.3755
163.9019 38.3786
163.9081 38.3817
163.9144 38.3848
163.9206 38.3879
163.9268 38.3910
163.9331 38.3941
163.9393 38.3972
163.9455 38.4003
163.9517 38.4033
163.9580 38.4064
163.9642 38.4095
163.9704 38.4126
163.9767 38.4157
163.9829 38.4188
163.9891 38.4219
163.9953 38.4250
164.0016 38.4280
164.0078 38.4311
164.0140 38.4342
164.0203 38.4373
164.0265 38.4404
164.0327 38.4435
164.0389 38.4465
164.0452 38.4496
164.0514 38.4527
164.0576 38.4558
164.0639 38.4589
164.0701 38.4619
164.0763 38.4650
164.0825 38.4681
164.0888 38.4712
164.0950 38.4743
164.1012 38.4773
164.1074 38.4804
164.1137 38.4835
164.1199 38.4866
164.1261 38.4896
164.1324 38.4927
164.1386 38.4958
164.1448 38.4989
164.1510 38.5019
164.1573 38.5050
164.1635 38.5081
164.1697 38.5112
164.1759 38.5142
164.1822 38.5173
164.1884 38.5204
164.1946 38.5235
164.2008 38.5265
164.2071 38.5296
164.2133 38.5327
164.2195 38.5357
164.2257 38.5388
164.2320 38.5419
164.2382 38.5450
164.2444 38.5480
164.2506 38.5511
164.2568 38.5542
164.2631 38.5572
164.2693 38.5603
164.2755 38.5634
164.2817 38.5664
164.2880 38.5695
164.2942 38.5726
164.3004 38.5756
164.3066 38.5787
164.3129 38.5818
164.3191 38.5848
164.3253 38.5879
164.3315 38.5910
164.3377 38.5940
164.3440 38.5971
164.3502 38.6001
164.3564 38.6032
164.3626 38.6063
164.3688 38.6093
164.3751 38.6124
164.3813 38.6154
164.3875 38.6185
164.3937 38.6216
164.4000 38.6246
164.4062 38.6277
164.4124 38.6307
164.4186 38.6338
164.4248 38.6369
164.4311 38.6399
164.4373 38.6430
164.4435 38.6460
164.4497 38.6491
164.4559 38.6521
164.4621 38.6552
164.4684 38.6582
164.4746 38.6613
164.4808 38.6644
164.4870 38.6674
164.4932 38.6705
164.4995 38.6735
164.5057 38.6766
164.5119 38.6796
164.5181 38.6827
164.5243 38.6857
164.5305 38.6888
164.5368 38.6918
164.5430 38.6949
164.5492 38.6979
164.5554 38.7010
164.5616 38.7040
164.5679 38.7071
164.5741 38.7101
164.5803 38.7132
164.5865 38.7162
164.5927 38.7193
164.5989 38.7223
164.6052 38.7253
164.6114 38.7284
164.6176 38.7314
164.6238 38.7345
164.6300 38.7375
164.6362 38.7406
164.6424 38.7436
164.6487 38.7467
164.6549 38.7497
164.6611 38.7527
164.6673 38.7558
164.6735 38.7588
164.6797 38.7619
164.6859 38.7649
164.6922 38.7679
164.6984 38.7710
164.7046 38.7740
164.7108 38.7771
164.7170 38.7801
164.7232 38.7831
164.7294 38.7862
164.7357 38.7892
164.7419 38.7922
164.7481 38.7953
164.7543 38.7983
164.7605 38.8014
164.7667 38.8044
164.7729 38.8074
164.7791 38.8105
164.7854 38.8135
164.7916 38.8165
164.7978 38.8196
164.8040 38.8226
164.8102 38.8256
164.8164 38.8287
164.8226 38.8317
164.8288 38.8347
164.8350 38.8378
164.8413 38.8408
164.8475 38.8438
164.8537 38.8468
164.8599 38.8499
164.8661 38.8529
164.8723 38.8559
164.8785 38.8590
164.8847 38.8620
164.8909 38.8650
164.8972 38.8680
164.9034 38.8711
164.9096 38.8741
164.9158 38.8771
164.9220 38.8801
164.9282 38.8832
164.9344 38.8862
164.9406 38.8892
164.9468 38.8922
164.9530 38.8953
164.9592 38.8983
164.9654 38.9013
164.9717 38.9043
164.9779 38.9073
164.9841 38.9104
164.9903 38.9134
164.9965 38.9164
165.0027 38.9194
165.0089 38.9224
165.0151 38.9255
165.0213 38.9285
165.0275 38.9315
165.0337 38.9345
165.0399 38.9375
165.0461 38.9406
165.0523 38.9436
165.0586 38.9466
165.0648 38.9496
165.0710 38.9526
165.0772 38.9556
165.0834 38.9586
165.0896 38.9617
165.0958 38.9647
165.1020 38.9677
165.1082 38.9707
165.1144 38.9737
165.1206 38.9767
165.1268 38.9797
165.1330 38.9827
165.1392 38.9858
165.1454 38.9888
165.1516 38.9918
165.1578 38.9948
165.1640 38.9978
165.1702 39.0008
165.1764 39.0038
165.1826 39.0068
165.1889 39.0098
165.1951 39.0128
165.2013 39.0158
165.2075 39.0188
165.2137 39.0219
165.2199 39.0249
165.2261 39.0279
165.2323 39.0309
165.2385 39.0339
165.2447 39.0369
165.2509 39.0399
165.2571 39.0429
165.2633 39.0459
165.2695 39.0489
165.2757 39.0519
165.2819 39.0549
165.2881 39.0579
165.2943 39.0609
165.3005 39.0639
165.3067 39.0669
165.3129 39.0699
165.3191 39.0729
165.3253 39.0759
165.3315 39.0789
165.3377 39.0819
165.3439 39.0849
165.3501 39.0879
165.3563 39.0909
165.3625 39.0939
165.3687 39.0969
165.3749 39.0999
165.3811 39.1029
165.3873 39.1059
165.3935 39.1088
165.3997 39.1118
165.4059 39.1148
165.4121 39.1178
165.4183 39.1208
165.4245 39.1238
165.4307 39.1268
165.4369 39.1298
165.4431 39.1328
165.4493 39.1358
165.4555 39.1388
165.4617 39.1418
165.4679 39.1447
165.4741 39.1477
165.4803 39.1507
165.4865 39.1537
165.4927 39.1567
165.4989 39.1597
165.5051 39.1627
165.5113 39.1657
165.5175 39.1686
165.5237 39.1716
165.5299 39.1746
165.5360 39.1776
165.5422 39.1806
165.5484 39.1836
165.5546 39.1866
165.5608 39.1895
165.5670 39.1925
165.5732 39.1955
165.5794 39.1985
165.5856 39.2015
165.5918 39.2044
165.5980 39.2074
165.6042 39.2104
165.6104 39.2134
165.6166 39.2164
165.6228 39.2193
165.6290 39.2223
165.6352 39.2253
165.6414 39.2283
165.6476 39.2313
165.6538 39.2342
165.6600 39.2372
165.6661 39.2402
165.6723 39.2432
165.6785 39.2461
165.6847 39.2491
165.6909 39.2521
165.6971 39.2551
165.7033 39.2580
165.7095 39.2610
165.7157 39.2640
165.7219 39.2670
165.7281 39.2699
165.7343 39.2729
165.7405 39.2759
165.7467 39.2788
165.7528 39.2818
165.7590 39.2848
165.7652 39.2878
165.7714 39.2907
165.7776 39.2937
165.7838 39.2967
165.7900 39.2996
165.7962 39.3026
165.8024 39.3056
165.8086 39.3085
165.8148 39.3115
165.8210 39.3145
165.8271 39.3174
165.8333 39.3204
165.8395 39.3234
165.8457 39.3263
165.8519 39.3293
165.8581 39.3323
165.8643 39.3352
165.8705 39.3382
165.8767 39.3411
165.8829 39.3441
165.8890 39.3471
165.8952 39.3500
165.9014 39.3530
165.9076 39.3559
165.9138 39.3589
165.9200 39.3619
165.9262 39.3648
165.9324 39.3678
165.9386 39.3707
165.9447 39.3737
165.9509 39.3767
165.9571 39.3796
165.9633 39.3826
165.9695 39.3855
165.9757 39.3885
165.9819 39.3914
165.9881 39.3944
165.9943 39.3974
166.0004 39.4003
166.0066 39.4033
166.0128 39.4062
166.0190 39.4092
166.0252 39.4121
166.0314 39.4151
166.0376 39.4180
166.0437 39.4210
166.0499 39.4239
166.0561 39.4269
166.0623 39.4298
166.0685 39.4328
166.0747 39.4357
166.0809 39.4387
166.0870 39.4416
166.0932 39.4446
166.0994 39.4475
166.1056 39.4505
166.1118 39.4534
166.1180 39.4564
166.1242 39.4593
166.1303 39.4623
166.1365 39.4652
166.1427 39.4681
166.1489 39.4711
166.1551 39.4740
166.1613 39.4770
166.1674 39.4799
166.1736 39.4829
166.1798 39.4858
166.1860 39.4887
166.1922 39.4917
166.1984 39.4946
166.2045 39.4976
166.2107 39.5005
166.2169 39.5034
166.2231 39.5064
166.2293 39.5093
166.2355 39.5123
166.2416 39.5152
166.2478 39.5181
166.2540 39.5211
166.2602 39.5240
166.2664 39.5270
166.2726 39.5299
166.2787 39.5328
166.2849 39.5358
166.2911 39.5387
166.2973 39.5416
166.3035 39.5446
166.3096 39.5475
166.3158 39.5504
166.3220 39.5534
166.3282 39.5563
166.3344 39.5592
166.3405 39.5622
166.3467 39.5651
166.3529 39.5680
166.3591 39.5710
166.3653 39.5739
166.3714 39.5768
166.3776 39.5797
166.3838 39.5827
166.3900 39.5856
166.3962 39.5885
166.4023 39.5915
166.4085 39.5944
166.4147 39.5973
166.4209 39.6002
166.4271 39.6032
166.4332 39.6061
166.4394 39.6090
166.4456 39.6119
166.4518 39.6149
166.4579 39.6178
166.4641 39.6207
166.4703 39.6236
166.4765 39.6266
166.4827 39.6295
166.4888 39.6324
166.4950 39.6353
166.5012 39.6382
166.5074 39.6412
166.5135 39.6441
166.5197 39.6470
166.5259 39.6499
166.5321 39.6528
166.5382 39.6558
166.5444 39.6587
166.5506 39.6616
166.5568 39.6645
166.5629 39.6674
166.5691 39.6703
166.5753 39.6733
166.5815 39.6762
166.5877 39.6791
166.5938 39.6820
166.6000 39.6849
166.6062 39.6878
166.6123 39.6907
166.6185 39.6937
166.6247 39.6966
166.6309 39.6995
166.6370 39.7024
166.6432 39.7053
166.6494 39.7082
166.6556 39.7111
166.6617 39.7140
166.6679 39.7169
166.6741 39.7199
166.6803 39.7228
166.6864 39.7257
166.6926 39.7286
166.6988 39.7315
166.7050 39.7344
166.7111 39.7373
166.7173 39.7402
166.7235 39.7431
166.7296 39.7460
166.7358 39.7489
166.7420 39.7518
166.7482 39.7547
166.7543 39.7576
166.7605 39.7605
166.7667 39.7634
166.7728 39.7663
166.7790 39.7693
166.7852 39.7722
166.7914 39.7751
166.7975 39.7780
166.8037 39.7809
166.8099 39.7838
166.8160 39.7867
166.8222 39.7896
166.8284 39.7925
166.8346 39.7954
166.8407 39.7983
166.8469 39.8011
166.8531 39.8040
166.8592 39.8069
166.8654 39.8098
166.8716 39.8127
166.8777 39.8156
166.8839 39.8185
166.8901 39.8214
166.8963 39.8243
166.9024 39.8272
166.9086 39.8301
166.9148 39.8330
166.9209 39.8359
166.9271 39.8388
166.9333 39.8417
166.9394 39.8446
166.9456 39.8475
166.9518 39.8503
166.9579 39.8532
166.9641 39.8561
166.9703 39.8590
166.9764 39.8619
166.9826 39.8648
166.9888 39.8677
166.9949 39.8706
167.0011 39.8735
167.0073 39.8763
167.0134 39.8792
167.0196 39.8821
167.0258 39.8850
167.0319 39.8879
167.0381 39.8908
167.0443 39.8937
167.0504 39.8965
167.0566 39.8994
167.0628 39.9023
167.0689 39.9052
167.0751 39.9081
167.0813 39.9110
167.0874 39.9138
167.0936 39.9167
167.0998 39.9196
167.1059 39.9225
167.1121 39.9254
167.1183 39.9282
167.1244 39.9311
167.1306 39.9340
167.1368 39.9369
167.1429 39.9398
167.1491 39.9426
167.1553 39.9455
167.1614 39.9484
167.1676 39.9513
167.1737 39.9541
167.1799 39.9570
167.1861 39.9599
167.1922 39.9628
167.1984 39.9656
167.2046 39.9685
167.2107 39.9714
167.2169 39.9743
167.2231 39.9771
167.2292 39.9800
167.2354 39.9829
167.2415 39.9858
167.2477 39.9886
167.2539 39.9915
167.2600 39.9944
167.2662 39.9972
167.2724 40.0001
167.2785 40.0030
167.2847 40.0058
167.2908 40.0087
167.2970 40.0116
167.3032 40.0144
167.3093 40.0173
167.3155 40.0202
167.3216 40.0230
167.3278 40.0259
167.3340 40.0288
167.3401 40.0316
167.3463 40.0345
167.3525 40.0374
167.3586 40.0402
167.3648 40.0431
167.3709 40.0460
167.3771 40.0488
167.3833 40.0517
167.3894 40.0545
167.3956 40.0574
167.4017 40.0603
167.4079 40.0631
167.4141 40.0660
167.4202 40.0688
167.4264 40.0717
167.4325 40.0746
167.4387 40.0774
167.4449 40.0803
167.4510 40.0831
167.4572 40.0860
167.4633 40.0889
167.4695 40.0917
167.4756 40.0946
167.4818 40.0974
167.4880 40.1003
167.4941 40.1031
167.5003 40.1060
167.5064 40.1088
167.5126 40.1117
167.5187 40.1145
167.5249 40.1174
167.5311 40.1202
167.5372 40.1231
167.5434 40.1260
167.5495 40.1288
167.5557 40.1317
167.5618 40.1345
167.5680 40.1374
167.5742 40.1402
167.5803 40.1431
167.5865 40.1459
167.5926 40.1487
167.5988 40.1516
167.6049 40.1544
167.6111 40.1573
167.6173 40.1601
167.6234 40.1630
167.6296 40.1658
167.6357 40.1687
167.6419 40.1715
167.6480 40.1744
167.6542 40.1772
167.6603 40.1800
167.6665 40.1829
167.6726 40.1857
167.6788 40.1886
167.6850 40.1914
167.6911 40.1943
167.6973 40.1971
167.7034 40.1999
167.7096 40.2028
167.7157 40.2056
167.7219 40.2085
167.7280 40.2113
167.7342 40.2141
167.7403 40.2170
167.7465 40.2198
167.7526 40.2226
167.7588 40.2255
167.7650 40.2283
167.7711 40.2312
167.7773 40.2340
167.7834 40.2368
167.7896 40.2397
167.7957 40.2425
167.8019 40.2453
167.8080 40.2482
167.8142 40.2510
167.8203 40.2538
167.8265 40.2567
167.8326 40.2595
167.8388 40.2623
167.8449 40.2652
167.8511 40.2680
167.8572 40.2708
167.8634 40.2736
167.8695 40.2765
167.8757 40.2793
167.8818 40.2821
167.8880 40.2850
167.8941 40.2878
167.9003 40.2906
167.9064 40.2934
167.9126 40.2963
167.9187 40.2991
167.9249 40.3019
167.9310 40.3047
167.9372 40.3076
167.9433 40.3104
167.9495 40.3132
167.9556 40.3160
167.9618 40.3189
167.9679 40.3217
167.9741 40.3245
167.9802 40.3273
167.9864 40.3301
167.9925 40.3330
167.9987 40.3358
168.0048 40.3386
168.0110 40.3414
168.0171 40.3442
168.0233 40.3471
168.0294 40.3499
168.0356 40.3527
168.0417 40.3555
168.0478 40.3583
168.0540 40.3611
168.0601 40.3640
168.0663 40.3668
168.0724 40.3696
168.0786 40.3724
168.0847 40.3752
168.0909 40.3780
168.0970 40.3809
168.1032 40.3837
168.1093 40.3865
168.1155 40.3893
168.1216 40.3921
168.1277 40.3949
168.1339 40.3977
168.1400 40.4005
168.1462 40.4033
168.1523 40.4062
168.1585 40.4090
168.1646 40.4118
168.1708 40.4146
168.1769 40.4174
168.1831 40.4202
168.1892 40.4230
168.1953 40.4258
168.2015 40.4286
168.2076 40.4314
168.2138 40.4342
168.2199 40.4370
168.2261 40.4398
168.2322 40.4426
168.2383 40.4454
168.2445 40.4483
168.2506 40.4511
168.2568 40.4539
168.2629 40.4567
168.2691 40.4595
168.2752 40.4623
168.2814 40.4651
168.2875 40.4679
168.2936 40.4707
168.2998 40.4735
168.3059 40.4763
168.3121 40.4791
168.3182 40.4819
168.3243 40.4847
168.3305 40.4875
168.3366 40.4903
168.3428 40.4931
168.3489 40.4958
168.3551 40.4986
168.3612 40.5014
168.3673 40.5042
168.3735 40.5070
168.3796 40.5098
168.3858 40.5126
168.3919 40.5154
168.3980 40.5182
168.4042 40.5210
168.4103 40.5238
168.4165 40.5266
168.4226 40.5294
168.4287 40.5322
168.4349 40.5350
168.4410 40.5377
168.4472 40.5405
168.4533 40.5433
168.4594 40.5461
168.4656 40.5489
168.4717 40.5517
168.4779 40.5545
168.4840 40.5573
168.4901 40.5601
168.4963 40.5628
168.5024 40.5656
168.5086 40.5684
168.5147 40.5712
168.5208 40.5740
168.5270 40.5768
168.5331 40.5795
168.5392 40.5823
168.5454 40.5851
168.5515 40.5879
168.5577 40.5907
168.5638 40.5935
168.5699 40.5962
168.5761 40.5990
168.5822 40.6018
168.5883 40.6046
168.5945 40.6074
168.6006 40.6101
168.6068 40.6129
168.6129 40.6157
168.6190 40.6185
168.6252 40.6213
168.6313 40.6240
168.6374 40.6268
168.6436 40.6296
168.6497 40.6324
168.6558 40.6351
168.6620 40.6379
168.6681 40.6407
168.6743 40.6435
168.6804 40.6462
168.6865 40.6490
168.6927 40.6518
168.6988 40.6546
168.7049 40.6573
168.7111 40.6601
168.7172 40.6629
168.7233 40.6656
168.7295 40.6684
168.7356 40.6712
168.7417 40.6740
168.7479 40.6767
168.7540 40.6795
168.7601 40.6823
168.7663 40.6850
168.7724 40.6878
168.7785 40.6906
168.7847 40.6933
168.7908 40.6961
168.7969 40.6989
168.8031 40.7016
168.8092 40.7044
168.8153 40.7072
168.8215 40.7099
168.8276 40.7127
168.8337 40.7154
168.8399 40.7182
168.8460 40.7210
168.8521 40.7237
168.8583 40.7265
168.8644 40.7293
168.8705 40.7320
168.8767 40.7348
168.8828 40.7375
168.8889 40.7403
168.8951 40.7431
168.9012 40.7458
168.9073 40.7486
168.9135 40.7513
168.9196 40.7541
168.9257 40.7569
168.9319 40.7596
168.9380 40.7624
168.9441 40.7651
168.9503 40.7679
168.9564 40.7706
168.9625 40.7734
168.9686 40.7761
168.9748 40.7789
168.9809 40.7816
168.9870 40.7844
168.9932 40.7872
168.9993 40.7899
169.0054 40.7927
169.0116 40.7954
169.0177 40.7982
169.0238 40.8009
169.0299 40.8037
169.0361 40.8064
169.0422 40.8092
169.0483 40.8119
169.0545 40.8147
169.0606 40.8174
169.0667 40.8202
169.0728 40.8229
169.0790 40.8256
169.0851 40.8284
169.0912 40.8311
169.0974 40.8339
169.1035 40.8366
169.1096 40.8394
169.1157 40.8421
169.1219 40.8449
169.1280 40.8476
169.1341 40.8503
169.1403 40.8531
169.1464 40.8558
169.1525 40.8586
169.1586 40.8613
169.1648 40.8641
169.1709 40.8668
169.1770 40.8695
169.1831 40.8723
169.1893 40.8750
169.1954 40.8778
169.2015 40.8805
169.2076 40.8832
169.2138 40.8860
169.2199 40.8887
169.2260 40.8914
169.2322 40.8942
169.2383 40.8969
169.2444 40.8996
169.2505 40.9024
169.2567 40.9051
169.2628 40.9079
169.2689 40.9106
169.2750 40.9133
169.2812 40.9160
169.2873 40.9188
169.2934 40.9215
169.2995 40.9242
169.3057 40.9270
169.3118 40.9297
169.3179 40.9324
169.3240 40.9352
169.3301 40.9379
169.3363 40.9406
169.3424 40.9434
169.3485 40.9461
169.3546 40.9488
169.3608 40.9515
169.3669 40.9543
169.3730 40.9570
169.3791 40.9597
169.3853 40.9624
169.3914 40.9652
169.3975 40.9679
169.4036 40.9706
169.4097 40.9733
169.4159 40.9761
169.4220 40.9788
169.4281 40.9815
169.4342 40.9842
169.4404 40.9870
169.4465 40.9897
169.4526 40.9924
169.4587 40.9951
169.4648 40.9978
169.4710 41.0006
169.4771 41.0033
169.4832 41.0060
169.4893 41.0087
169.4955 41.0114
169.5016 41.0141
169.5077 41.0169
169.5138 41.0196
169.5199 41.0223
169.5261 41.0250
169.5322 41.0277
169.5383 41.0304
169.5444 41.0332
169.5505 41.0359
169.5567 41.0386
169.5628 41.0413
169.5689 41.0440
169.5750 41.0467
169.5811 41.0494
169.5873 41.0521
169.5934 41.0549
169.5995 41.0576
169.6056 41.0603
169.6117 41.0630
169.6178 41.0657
169.6240 41.0684
169.6301 41.0711
169.6362 41.0738
169.6423 41.0765
169.6484 41.0792
169.6546 41.0819
169.6607 41.0847
169.6668 41.0874
169.6729 41.0901
169.6790 41.0928
169.6851 41.0955
169.6913 41.0982
169.6974 41.1009
169.7035 41.1036
169.7096 41.1063
169.7157 41.1090
169.7218 41.1117
169.7280 41.1144
169.7341 41.1171
169.7402 41.1198
169.7463 41.1225
169.7524 41.1252
169.7585 41.1279
169.7647 41.1306
169.7708 41.1333
169.7769 41.1360
169.7830 41.1387
169.7891 41.1414
169.7952 41.1441
169.8014 41.1468
169.8075 41.1495
169.8136 41.1522
169.8197 41.1549
169.8258 41.1576
169.8319 41.1603
169.8380 41.1630
169.8442 41.1657
169.8503 41.1683
169.8564 41.1710
169.8625 41.1737
169.8686 41.1764
169.8747 41.1791
169.8808 41.1818
169.8870 41.1845
169.8931 41.1872
169.8992 41.1899
169.9053 41.1926
169.9114 41.1953
169.9175 41.1979
169.9236 41.2006
169.9297 41.2033
169.9359 41.2060
169.9420 41.2087
169.9481 41.2114
169.9542 41.2141
169.9603 41.2168
169.9664 41.2194
169.9725 41.2221
169.9786 41.2248
169.9848 41.2275
169.9909 41.2302
169.9970 41.2329
170.0031 41.2355
170.0092 41.2382
170.0153 41.2409
170.0214 41.2436
170.0275 41.2463
170.0336 41.2489
170.0398 41.2516
170.0459 41.2543
170.0520 41.2570
170.0581 41.2597
170.0642 41.2623
170.0703 41.2650
170.0764 41.2677
170.0825 41.2704
170.0886 41.2731
170.0948 41.2757
170.1009 41.2784
170.1070 41.2811
170.1131 41.2838
170.1192 41.2864
170.1253 41.2891
170.1314 41.2918
170.1375 41.2945
170.1436 41.2971
170.1497 41.2998
170.1559 41.3025
170.1620 41.3051
170.1681 41.3078
170.1742 41.3105
170.1803 41.3132
170.1864 41.3158
170.1925 41.3185
170.1986 41.3212
170.2047 41.3238
170.2108 41.3265
170.2169 41.3292
170.2230 41.3318
170.2292 41.3345
170.2353 41.3372
170.2414 41.3398
170.2475 41.3425
170.2536 41.3452
170.2597 41.3478
170.2658 41.3505
170.2719 41.3532
170.2780 41.3558
170.2841 41.3585
170.2902 41.3612
170.2963 41.3638
170.3024 41.3665
170.3086 41.3691
170.3147 41.3718
170.3208 41.3745
170.3269 41.3771
170.3330 41.3798
170.3391 41.3824
170.3452 41.3851
170.3513 41.3878
170.3574 41.3904
170.3635 41.3931
170.3696 41.3957
170.3757 41.3984
170.3818 41.4010
170.3879 41.4037
170.3940 41.4064
170.4001 41.4090
170.4062 41.4117
170.4124 41.4143
170.4185 41.4170
170.4246 41.4196
170.4307 41.4223
170.4368 41.4249
170.4429 41.4276
170.4490 41.4302
170.4551 41.4329
170.4612 41.4355
170.4673 41.4382
170.4734 41.4408
170.4795 41.4435
170.4856 41.4461
170.4917 41.4488
170.4978 41.4514
170.5039 41.4541
170.5100 41.4567
170.5161 41.4594
170.5222 41.4620
170.5283 41.4647
170.5344 41.4673
170.5405 41.4700
170.5466 41.4726
170.5527 41.4753
170.5588 41.4779
170.5649 41.4805
170.5710 41.4832
170.5771 41.4858
170.5832 41.4885
170.5894 41.4911
170.5955 41.4938
170.6016 41.4964
170.6077 41.4990
170.6138 41.5017
170.6199 41.5043
170.6260 41.5070
170.6321 41.5096
170.6382 41.5122
170.6443 41.5149
170.6504 41.5175
170.6565 41.5202
170.6626 41.5228
170.6687 41.5254
170.6748 41.5281
170.6809 41.5307
170.6870 41.5333
170.6931 41.5360
170.6992 41.5386
170.7053 41.5412
170.7114 41.5439
170.7175 41.5465
170.7236 41.5491
170.7297 41.5518
170.7358 41.5544
170.7419 41.5570
170.7480 41.5597
170.7541 41.5623
170.7602 41.5649
170.7663 41.5676
170.7724 41.5702
170.7785 41.5728
170.7846 41.5754
170.7907 41.5781
170.7968 41.5807
170.8029 41.5833
170.8090 41.5860
170.8151 41.5886
170.8212 41.5912
170.8272 41.5938
170.8333 41.5965
170.8394 41.5991
170.8455 41.6017
170.8516 41.6043
170.8577 41.6070
170.8638 41.6096
170.8699 41.6122
170.8760 41.6148
170.8821 41.6174
170.8882 41.6201
170.8943 41.6227
170.9004 41.6253
170.9065 41.6279
170.9126 41.6305
170.9187 41.6332
170.9248 41.6358
170.9309 41.6384
170.9370 41.6410
170.9431 41.6436
170.9492 41.6463
170.9553 41.6489
170.9614 41.6515
170.9675 41.6541
170.9736 41.6567
170.9797 41.6593
170.9858 41.6619
170.9919 41.6646
170.9979 41.6672
171.0040 41.6698
171.0101 41.6724
171.0162 41.6750
171.0223 41.6776
171.0284 41.6802
171.0345 41.6828
171.0406 41.6855
171.0467 41.6881
171.0528 41.6907
171.0589 41.6933
171.0650 41.6959
171.0711 41.6985
171.0772 41.7011
171.0833 41.7037
171.0894 41.7063
171.0955 41.7089
171.1015 41.7115
171.1076 41.7141
171.1137 41.7167
171.1198 41.7194
171.1259 41.7220
171.1320 41.7246
171.1381 41.7272
171.1442 41.7298
171.1503 41.7324
171.1564 41.7350
171.1625 41.7376
171.1686 41.7402
171.1747 41.7428
171.1807 41.7454
171.1868 41.7480
171.1929 41.7506
171.1990 41.7532
171.2051 41.7558
171.2112 41.7584
171.2173 41.7610
171.2234 41.7636
171.2295 41.7662
171.2356 41.7688
171.2417 41.7714
171.2477 41.7740
171.2538 41.7766
171.2599 41.7791
171.2660 41.7817
171.2721 41.7843
171.2782 41.7869
171.2843 41.7895
171.2904 41.7921
171.2965 41.7947
171.3026 41.7973
171.3086 41.7999
171.3147 41.8025
171.3208 41.8051
171.3269 41.8077
171.3330 41.8103
171.3391 41.8128
171.3452 41.8154
171.3513 41.8180
171.3574 41.8206
171.3634 41.8232
171.3695 41.8258
171.3756 41.8284
171.3817 41.8310
171.3878 41.8335
171.3939 41.8361
171.4000 41.8387
171.4061 41.8413
171.4122 41.8439
171.4182 41.8465
171.4243 41.8490
171.4304 41.8516
171.4365 41.8542
171.4426 41.8568
171.4487 41.8594
171.4548 41.8620
171.4608 41.8645
171.4669 41.8671
171.4730 41.8697
171.4791 41.8723
171.4852 41.8749
171.4913 41.8774
171.4974 41.8800
171.5035 41.8826
171.5095 41.8852
171.5156 41.8877
171.5217 41.8903
171.5278 41.8929
171.5339 41.8955
171.5400 41.8981
171.5461 41.9006
171.5521 41.9032
171.5582 41.9058
171.5643 41.9084
171.5704 41.9109
171.5765 41.9135
171.5826 41.9161
171.5887 41.9186
171.5947 41.9212
171.6008 41.9238
171.6069 41.9264
171.6130 41.9289
171.6191 41.9315
171.6252 41.9341
171.6312 41.9366
171.6373 41.9392
171.6434 41.9418
171.6495 41.9443
171.6556 41.9469
171.6617 41.9495
171.6677 41.9520
171.6738 41.9546
171.6799 41.9572
171.6860 41.9597
171.6921 41.9623
171.6982 41.9649
171.7042 41.9674
171.7103 41.9700
171.7164 41.9726
171.7225 41.9751
171.7286 41.9777
171.7347 41.9802
171.7407 41.9828
171.7468 41.9854
171.7529 41.9879
171.7590 41.9905
171.7651 41.9930
171.7712 41.9956
171.7772 41.9982
171.7833 42.0007
171.7894 42.0033
171.7955 42.0058
171.8016 42.0084
171.8076 42.0109
171.8137 42.0135
171.8198 42.0161
171.8259 42.0186
171.8320 42.0212
171.8381 42.0237
171.8441 42.0263
171.8502 42.0288
171.8563 42.0314
171.8624 42.0339
171.8685 42.0365
171.8745 42.0390
171.8806 42.0416
171.8867 42.0441
171.8928 42.0467
171.8989 42.0492
171.9049 42.0518
171.9110 42.0543
171.9171 42.0569
171.9232 42.0594
171.9293 42.0620
171.9353 42.0645
171.9414 42.0671
171.9475 42.0696
171.9536 42.0722
171.9597 42.0747
171.9657 42.0773
171.9718 42.0798
171.9779 42.0824
171.9840 42.0849
171.9900 42.0874
171.9961 42.0900
172.0022 42.0925
172.0083 42.0951
172.0144 42.0976
172.0204 42.1002
172.0265 42.1027
172.0326 42.1052
172.0387 42.1078
172.0448 42.1103
172.0508 42.1129
172.0569 42.1154
172.0630 42.1179
172.0691 42.1205
172.0751 42.1230
172.0812 42.1255
172.0873 42.1281
172.0934 42.1306
172.0994 42.1332
172.1055 42.1357
172.1116 42.1382
172.1177 42.1408
172.1238 42.1433
172.1298 42.1458
172.1359 42.1484
172.1420 42.1509
172.1481 42.1534
172.1541 42.1560
172.1602 42.1585
172.1663 42.1610
172.1724 42.1636
172.1784 42.1661
172.1845 42.1686
172.1906 42.1711
172.1967 42.1737
172.2027 42.1762
172.2088 42.1787
172.2149 42.1813
172.2210 42.1838
172.2270 42.1863
172.2331 42.1888
172.2392 42.1914
172.2453 42.1939
172.2513 42.1964
172.2574 42.1989
172.2635 42.2015
172.2696 42.2040
172.2756 42.2065
172.2817 42.2090
172.2878 42.2116
172.2939 42.2141
172.2999 42.2166
172.3060 42.2191
172.3121 42.2216
172.3182 42.2242
172.3242 42.2267
172.3303 42.2292
172.3364 42.2317
172.3424 42.2342
172.3485 42.2368
172.3546 42.2393
172.3607 42.2418
172.3667 42.2443
172.3728 42.2468
172.3789 42.2493
172.3850 42.2519
172.3910 42.2544
172.3971 42.2569
172.4032 42.2594
172.4092 42.2619
172.4153 42.2644
172.4214 42.2669
172.4275 42.2695
172.4335 42.2720
172.4396 42.2745
172.4457 42.2770
172.4517 42.2795
172.4578 42.2820
172.4639 42.2845
172.4700 42.2870
172.4760 42.2895
172.4821 42.2921
172.4882 42.2946
172.4942 42.2971
172.5003 42.2996
172.5064 42.3021
172.5124 42.3046
172.5185 42.3071
172.5246 42.3096
172.5307 42.3121
172.5367 42.3146
172.5428 42.3171
172.5489 42.3196
172.5549 42.3221
172.5610 42.3246
172.5671 42.3271
172.5731 42.3296
172.5792 42.3321
172.5853 42.3346
172.5914 42.3371
172.5974 42.3396
172.6035 42.3421
172.6096 42.3446
172.6156 42.3471
172.6217 42.3496
172.6278 42.3521
172.6338 42.3546
172.6399 42.3571
172.6460 42.3596
172.6520 42.3621
172.6581 42.3646
172.6642 42.3671
172.6702 42.3696
172.6763 42.3721
172.6824 42.3746
172.6884 42.3771
172.6945 42.3796
172.7006 42.3821
172.7066 42.3846
172.7127 42.3871
172.7188 42.3896
172.7248 42.3921
172.7309 42.3945
172.7370 42.3970
172.7430 42.3995
172.7491 42.4020
172.7552 42.4045
172.7612 42.4070
172.7673 42.4095
172.7734 42.4120
172.7794 42.4145
172.7855 42.4169
172.7916 42.4194
172.7976 42.4219
172.8037 42.4244
172.8098 42.4269
172.8158 42.4294
172.8219 42.4319
172.8280 42.4343
172.8340 42.4368
172.8401 42.4393
172.8462 42.4418
172.8522 42.4443
172.8583 42.4468
172.8643 42.4492
172.8704 42.4517
172.8765 42.4542
172.8825 42.4567
172.8886 42.4592
172.8947 42.4616
172.9007 42.4641
172.9068 42.4666
172.9129 42.4691
172.9189 42.4716
172.9250 42.4740
172.9310 42.4765
172.9371 42.4790
172.9432 42.4815
172.9492 42.4839
172.9553 42.4864
172.9614 42.4889
172.9674 42.4914
172.9735 42.4938
172.9795 42.4963
172.9856 42.4988
172.9917 42.5012
172.9977 42.5037
173.0038 42.5062
173.0099 42.5087
173.0159 42.5111
173.0220 42.5136
173.0280 42.5161
173.0341 42.5185
173.0402 42.5210
173.0462 42.5235
173.0523 42.5259
173.0584 42.5284
173.0644 42.5309
173.0705 42.5333
173.0765 42.5358
173.0826 42.5383
173.0887 42.5407
173.0947 42.5432
173.1008 42.5457
173.1068 42.5481
173.1129 42.5506
173.1190 42.5531
173.1250 42.5555
173.1311 42.5580
173.1371 42.5605
173.1432 42.5629
173.1493 42.5654
173.1553 42.5678
173.1614 42.5703
173.1674 42.5728
173.1735 42.5752
173.1796 42.5777
173.1856 42.5801
173.1917 42.5826
173.1977 42.5851
173.2038 42.5875
173.2099 42.5900
173.2159 42.5924
173.2220 42.5949
173.2280 42.5973
173.2341 42.5998
173.2402 42.6022
173.2462 42.6047
173.2523 42.6072
173.2583 42.6096
173.2644 42.6121
173.2704 42.6145
173.2765 42.6170
173.2826 42.6194
173.2886 42.6219
173.2947 42.6243
173.3007 42.6268
173.3068 42.6292
173.3128 42.6317
173.3189 42.6341
173.3250 42.6366
173.3310 42.6390
173.3371 42.6415
173.3431 42.6439
173.3492 42.6464
173.3552 42.6488
173.3613 42.6512
173.3674 42.6537
173.3734 42.6561
173.3795 42.6586
173.3855 42.6610
173.3916 42.6635
173.3976 42.6659
173.4037 42.6684
173.4098 42.6708
173.4158 42.6732
173.4219 42.6757
173.4279 42.6781
173.4340 42.6806
173.4400 42.6830
173.4461 42.6854
173.4521 42.6879
173.4582 42.6903
173.4643 42.6928
173.4703 42.6952
173.4764 42.6976
173.4824 42.7001
173.4885 42.7025
173.4945 42.7050
173.5006 42.7074
173.5066 42.7098
173.5127 42.7123
173.5188 42.7147
173.5248 42.7171
173.5309 42.7196
173.5369 42.7220
173.5430 42.7244
173.5490 42.7269
173.5551 42.7293
173.5611 42.7317
173.5672 42.7342
173.5732 42.7366
173.5793 42.7390
173.5853 42.7414
173.5914 42.7439
173.5975 42.7463
173.6035 42.7487
173.6096 42.7512
173.6156 42.7536
173.6217 42.7560
173.6277 42.7584
173.6338 42.7609
173.6398 42.7633
173.6459 42.7657
173.6519 42.7681
173.6580 42.7706
173.6640 42.7730
173.6701 42.7754
173.6761 42.7778
173.6822 42.7803
173.6882 42.7827
173.6943 42.7851
173.7003 42.7875
173.7064 42.7900
173.7125 42.7924
173.7185 42.7948
173.7246 42.7972
173.7306 42.7996
173.7367 42.8021
173.7427 42.8045
173.7488 42.8069
173.7548 42.8093
173.7609 42.8117
173.7669 42.8141
173.7730 42.8166
173.7790 42.8190
173.7851 42.8214
173.7911 42.8238
173.7972 42.8262
173.8032 42.8286
173.8093 42.8311
173.8153 42.8335
173.8214 42.8359
173.8274 42.8383
173.8335 42.8407
173.8395 42.8431
173.8456 42.8455
173.8516 42.8479
173.8577 42.8503
173.8637 42.8528
173.8698 42.8552
173.8758 42.8576
173.8819 42.8600
173.8879 42.8624
173.8940 42.8648
173.9000 42.8672
173.9061 42.8696
173.9121 42.8720
173.9182 42.8744
173.9242 42.8768
173.9303 42.8792
173.9363 42.8816
173.9423 42.8841
173.9484 42.8865
173.9544 42.8889
173.9605 42.8913
173.9665 42.8937
173.9726 42.8961
173.9786 42.8985
173.9847 42.9009
173.9907 42.9033
173.9968 42.9057
174.0028 42.9081
174.0089 42.9105
174.0149 42.9129
174.0210 42.9153
174.0270 42.9177
174.0331 42.9201
174.0391 42.9225
174.0452 42.9249
174.0512 42.9273
174.0572 42.9297
174.0633 42.9320
174.0693 42.9344
174.0754 42.9368
174.0814 42.9392
174.0875 42.9416
174.0935 42.9440
174.0996 42.9464
174.1056 42.9488
174.1117 42.9512
174.1177 42.9536
174.1237 42.9560
174.1298 42.9584
174.1358 42.9608
174.1419 42.9632
174.1479 42.9655
174.1540 42.9679
174.1600 42.9703
174.1661 42.9727
174.1721 42.9751
174.1782 42.9775
174.1842 42.9799
174.1902 42.9823
174.1963 42.9846
174.2023 42.9870
174.2084 42.9894
174.2144 42.9918
174.2205 42.9942
174.2265 42.9966
174.2325 42.9989
174.2386 43.0013
174.2446 43.0037
174.2507 43.0061
174.2567 43.0085
174.2628 43.0109
174.2688 43.0132
174.2749 43.0156
174.2809 43.0180
174.2869 43.0204
174.2930 43.0228
174.2990 43.0251
174.3051 43.0275
174.3111 43.0299
174.3172 43.0323
174.3232 43.0346
174.3292 43.0370
174.3353 43.0394
174.3413 43.0418
174.3474 43.0441
174.3534 43.0465
174.3594 43.0489
174.3655 43.0513
174.3715 43.0536
174.3776 43.0560
174.3836 43.0584
174.3897 43.0608
174.3957 43.0631
174.4017 43.0655
174.4078 43.0679
174.4138 43.0702
174.4199 43.0726
174.4259 43.0750
174.4319 43.0774
174.4380 43.0797
174.4440 43.0821
174.4501 43.0845
174.4561 43.0868
174.4621 43.0892
174.4682 43.0916
174.4742 43.0939
174.4803 43.0963
174.4863 43.0987
174.4923 43.1010
174.4984 43.1034
174.5044 43.1057
174.5105 43.1081
174.5165 43.1105
174.5225 43.1128
174.5286 43.1152
174.5346 43.1176
174.5406 43.1199
174.5467 43.1223
174.5527 43.1246
174.5588 43.1270
174.5648 43.1294
174.5708 43.1317
174.5769 43.1341
174.5829 43.1364
174.5890 43.1388
174.5950 43.1412
174.6010 43.1435
174.6071 43.1459
174.6131 43.1482
174.6191 43.1506
174.6252 43.1529
174.6312 43.1553
174.6373 43.1576
174.6433 43.1600
174.6493 43.1623
174.6554 43.1647
174.6614 43.1670
174.6674 43.1694
174.6735 43.1718
174.6795 43.1741
174.6856 43.1765
174.6916 43.1788
174.6976 43.1812
174.7037 43.1835
174.7097 43.1859
174.7157 43.1882
174.7218 43.1905
174.7278 43.1929
174.7338 43.1952
174.7399 43.1976
174.7459 43.1999
174.7520 43.2023
174.7580 43.2046
174.7640 43.2070
174.7701 43.2093
174.7761 43.2117
174.7821 43.2140
174.7882 43.2163
174.7942 43.2187
174.8002 43.2210
174.8063 43.2234
174.8123 43.2257
174.8183 43.2281
174.8244 43.2304
174.8304 43.2327
174.8364 43.2351
174.8425 43.2374
174.8485 43.2398
174.8546 43.2421
174.8606 43.2444
174.8666 43.2468
174.8727 43.2491
174.8787 43.2514
174.8847 43.2538
174.8908 43.2561
174.8968 43.2585
174.9028 43.2608
174.9089 43.2631
174.9149 43.2655
174.9209 43.2678
174.9270 43.2701
174.9330 43.2725
174.9390 43.2748
174.9451 43.2771
174.9511 43.2794
174.9571 43.2818
174.9632 43.2841
174.9692 43.2864
174.9752 43.2888
174.9813 43.2911
174.9873 43.2934
174.9933 43.2958
174.9994 43.2981
175.0054 43.3004
175.0114 43.3027
175.0175 43.3051
175.0235 43.3074
175.0295 43.3097
175.0355 43.3120
175.0416 43.3144
175.0476 43.3167
175.0536 43.3190
175.0597 43.3213
175.0657 43.3237
175.0717 43.3260
175.0778 43.3283
175.0838 43.3306
175.0898 43.3330
175.0959 43.3353
175.1019 43.3376
175.1079 43.3399
175.1140 43.3422
175.1200 43.3446
175.1260 43.3469
175.1321 43.3492
175.1381 43.3515
175.1441 43.3538
175.1501 43.3561
175.1562 43.3585
175.1622 43.3608
175.1682 43.3631
175.1743 43.3654
175.1803 43.3677
175.1863 43.3700
175.1924 43.3723
175.1984 43.3747
175.2044 43.3770
175.2104 43.3793
175.2165 43.3816
175.2225 43.3839
175.2285 43.3862
175.2346 43.3885
175.2406 43.3908
175.2466 43.3932
175.2526 43.3955
175.2587 43.3978
175.2647 43.4001
175.2707 43.4024
175.2768 43.4047
175.2828 43.4070
175.2888 43.4093
175.2948 43.4116
175.3009 43.4139
175.3069 43.4162
175.3129 43.4185
175.3190 43.4208
175.3250 43.4231
175.3310 43.4254
175.3370 43.4278
175.3431 43.4301
175.3491 43.4324
175.3551 43.4347
175.3612 43.4370
175.3672 43.4393
175.3732 43.4416
175.3792 43.4439
175.3853 43.4462
175.3913 43.4485
175.3973 43.4508
175.4033 43.4531
175.4094 43.4554
175.4154 43.4577
175.4214 43.4600
175.4275 43.4623
175.4335 43.4645
175.4395 43.4668
175.4455 43.4691
175.4516 43.4714
175.4576 43.4737
175.4636 43.4760
175.4696 43.4783
175.4757 43.4806
175.4817 43.4829
175.4877 43.4852
175.4937 43.4875
175.4998 43.4898
175.5058 43.4921
175.5118 43.4944
175.5178 43.4967
175.5239 43.4989
175.5299 43.5012
175.5359 43.5035
175.5419 43.5058
175.5480 43.5081
175.5540 43.5104
175.5600 43.5127
175.5660 43.5150
175.5721 43.5172
175.5781 43.5195
175.5841 43.5218
175.5901 43.5241
175.5962 43.5264
175.6022 43.5287
175.6082 43.5310
175.6142 43.5332
175.6203 43.5355
175.6263 43.5378
175.6323 43.5401
175.6383 43.5424
175.6443 43.5446
175.6504 43.5469
175.6564 43.5492
175.6624 43.5515
175.6684 43.5538
175.6745 43.5560
175.6805 43.5583
175.6865 43.5606
175.6925 43.5629
175.6986 43.5652
175.7046 43.5674
175.7106 43.5697
175.7166 43.5720
175.7226 43.5743
175.7287 43.5765
175.7347 43.5788
175.7407 43.5811
175.7467 43.5834
175.7528 43.5856
175.7588 43.5879
175.7648 43.5902
175.7708 43.5924
175.7768 43.5947
175.7829 43.5970
175.7889 43.5993
175.7949 43.6015
175.8009 43.6038
175.8069 43.6061
175.8130 43.6083
175.8190 43.6106
175.8250 43.6129
175.8310 43.6151
175.8370 43.6174
175.8431 43.6197
175.8491 43.6219
175.8551 43.6242
175.8611 43.6265
175.8671 43.6287
175.8732 43.6310
175.8792 43.6333
175.8852 43.6355
175.8912 43.6378
175.8972 43.6401
175.9033 43.6423
175.9093 43.6446
175.9153 43.6468
175.9213 43.6491
175.9273 43.6514
175.9334 43.6536
175.9394 43.6559
175.9454 43.6581
175.9514 43.6604
175.9574 43.6627
175.9635 43.6649
175.9695 43.6672
175.9755 43.6694
175.9815 43.6717
175.9875 43.6739
175.9935 43.6762
175.9996 43.6784
176.0056 43.6807
176.0116 43.6830
176.0176 43.6852
176.0236 43.6875
176.0297 43.6897
176.0357 43.6920
176.0417 43.6942
176.0477 43.6965
176.0537 43.6987
176.0597 43.7010
176.0658 43.7032
176.0718 43.7055
176.0778 43.7077
176.0838 43.7100
176.0898 43.7122
176.0958 43.7145
176.1019 43.7167
176.1079 43.7190
176.1139 43.7212
176.1199 43.7235
176.1259 43.7257
176.1319 43.7279
176.1380 43.7302
176.1440 43.7324
176.1500 43.7347
176.1560 43.7369
176.1620 43.7392
176.1680 43.7414
176.1741 43.7436
176.1801 43.7459
176.1861 43.7481
176.1921 43.7504
176.1981 43.7526
176.2041 43.7549
176.2101 43.7571
176.2162 43.7593
176.2222 43.7616
176.2282 43.7638
176.2342 43.7660
176.2402 43.7683
176.2462 43.7705
176.2522 43.7728
176.2583 43.7750
176.2643 43.7772
176.2703 43.7795
176.2763 43.7817
176.2823 43.7839
176.2883 43.7862
176.2943 43.7884
176.3004 43.7906
176.3064 43.7929
176.3124 43.7951
176.3184 43.7973
176.3244 43.7996
176.3304 43.8018
176.3364 43.8040
176.3425 43.8062
176.3485 43.8085
176.3545 43.8107
176.3605 43.8129
176.3665 43.8152
176.3725 43.8174
176.3785 43.8196
176.3846 43.8218
176.3906 43.8241
176.3966 43.8263
176.4026 43.8285
176.4086 43.8307
176.4146 43.8330
176.4206 43.8352
176.4266 43.8374
176.4327 43.8396
176.4387 43.8419
176.4447 43.8441
176.4507 43.8463
176.4567 43.8485
176.4627 43.8508
176.4687 43.8530
176.4747 43.8552
176.4807 43.8574
176.4868 43.8596
176.4928 43.8619
176.4988 43.8641
176.5048 43.8663
176.5108 43.8685
176.5168 43.8707
176.5228 43.8729
176.5288 43.8752
176.5349 43.8774
176.5409 43.8796
176.5469 43.8818
176.5529 43.8840
176.5589 43.8862
176.5649 43.8884
176.5709 43.8907
176.5769 43.8929
176.5829 43.8951
176.5889 43.8973
176.5950 43.8995
176.6010 43.9017
176.6070 43.9039
176.6130 43.9061
176.6190 43.9083
176.6250 43.9106
176.6310 43.9128
176.6370 43.9150
176.6430 43.9172
176.6490 43.9194
176.6551 43.9216
176.6611 43.9238
176.6671 43.9260
176.6731 43.9282
176.6791 43.9304
176.6851 43.9326
176.6911 43.9348
176.6971 43.9370
176.7031 43.9392
176.7091 43.9414
176.7151 43.9436
176.7212 43.9458
176.7272 43.9480
176.7332 43.9502
176.7392 43.9524
176.7452 43.9546
176.7512 43.9568
176.7572 43.9590
176.7632 43.9612
176.7692 43.9634
176.7752 43.9656
176.7812 43.9678
176.7872 43.9700
176.7933 43.9722
176.7993 43.9744
176.8053 43.9766
176.8113 43.9788
176.8173 43.9810
176.8233 43.9832
176.8293 43.9854
176.8353 43.9876
176.8413 43.9898
176.8473 43.9920
176.8533 43.9942
176.8593 43.9964
176.8653 43.9986
176.8713 44.0008
176.8774 44.0029
176.8834 44.0051
176.8894 44.0073
176.8954 44.0095
176.9014 44.0117
176.9074 44.0139
176.9134 44.0161
176.9194 44.0183
176.9254 44.0205
176.9314 44.0226
176.9374 44.0248
176.9434 44.0270
176.9494 44.0292
176.9554 44.0314
176.9614 44.0336
176.9674 44.0358
176.9734 44.0379
176.9795 44.0401
176.9855 44.0423
176.9915 44.0445
176.9975 44.0467
177.0035 44.0488
177.0095 44.0510
177.0155 44.0532
177.0215 44.0554
177.0275 44.0576
177.0335 44.0597
177.0395 44.0619
177.0455 44.0641
177.0515 44.0663
177.0575 44.0685
177.0635 44.0706
177.0695 44.0728
177.0755 44.0750
177.0815 44.0772
177.0875 44.0793
177.0935 44.0815
177.0995 44.0837
177.1055 44.0859
177.1115 44.0880
177.1175 44.0902
177.1236 44.0924
177.1296 44.0946
177.1356 44.0967
177.1416 44.0989
177.1476 44.1011
177.1536 44.1032
177.1596 44.1054
177.1656 44.1076
177.1716 44.1097
177.1776 44.1119
177.1836 44.1141
177.1896 44.1163
177.1956 44.1184
177.2016 44.1206
177.2076 44.1228
177.2136 44.1249
177.2196 44.1271
177.2256 44.1292
177.2316 44.1314
177.2376 44.1336
177.2436 44.1357
177.2496 44.1379
177.2556 44.1401
177.2616 44.1422
177.2676 44.1444
177.2736 44.1466
177.2796 44.1487
177.2856 44.1509
177.2916 44.1530
177.2976 44.1552
177.3036 44.1574
177.3096 44.1595
177.3156 44.1617
177.3216 44.1638
177.3276 44.1660
177.3336 44.1681
177.3396 44.1703
177.3456 44.1725
177.3516 44.1746
177.3576 44.1768
177.3636 44.1789
177.3696 44.1811
177.3756 44.1832
177.3816 44.1854
177.3876 44.1875
177.3936 44.1897
177.3996 44.1918
177.4056 44.1940
177.4116 44.1961
177.4176 44.1983
177.4236 44.2004
177.4296 44.2026
177.4356 44.2047
177.4416 44.2069
177.4476 44.2090
177.4536 44.2112
177.4596 44.2133
177.4656 44.2155
177.4716 44.2176
177.4776 44.2198
177.4836 44.2219
177.4896 44.2241
177.4956 44.2262
177.5016 44.2284
177.5076 44.2305
177.5136 44.2326
177.5196 44.2348
177.5256 44.2369
177.5316 44.2391
177.5376 44.2412
177.5436 44.2434
177.5496 44.2455
177.5556 44.2476
177.5616 44.2498
177.5676 44.2519
177.5736 44.2541
177.5796 44.2562
177.5855 44.2583
177.5915 44.2605
177.5975 44.2626
177.6035 44.2647
177.6095 44.2669
177.6155 44.2690
177.6215 44.2712
177.6275 44.2733
177.6335 44.2754
177.6395 44.2776
177.6455 44.2797
177.6515 44.2818
177.6575 44.2840
177.6635 44.2861
177.6695 44.2882
177.6755 44.2904
177.6815 44.2925
177.6875 44.2946
177.6935 44.2967
177.6995 44.2989
177.7055 44.3010
177.7115 44.3031
177.7175 44.3053
177.7235 44.3074
177.7294 44.3095
177.7354 44.3116
177.7414 44.3138
177.7474 44.3159
177.7534 44.3180
177.7594 44.3201
177.7654 44.3223
177.7714 44.3244
177.7774 44.3265
177.7834 44.3286
177.7894 44.3308
177.7954 44.3329
177.8014 44.3350
177.8074 44.3371
177.8134 44.3393
177.8194 44.3414
177.8254 44.3435
177.8313 44.3456
177.8373 44.3477
177.8433 44.3499
177.8493 44.3520
177.8553 44.3541
177.8613 44.3562
177.8673 44.3583
177.8733 44.3604
177.8793 44.3626
177.8853 44.3647
177.8913 44.3668
177.8973 44.3689
177.9033 44.3710
177.9093 44.3731
177.9153 44.3753
177.9212 44.3774
177.9272 44.3795
177.9332 44.3816
177.9392 44.3837
177.9452 44.3858
177.9512 44.3879
177.9572 44.3900
177.9632 44.3921
177.9692 44.3943
177.9752 44.3964
177.9812 44.3985
177.9872 44.4006
177.9932 44.4027
177.9991 44.4048
178.0051 44.4069
178.0111 44.4090
178.0171 44.4111
178.0231 44.4132
178.0291 44.4153
178.0351 44.4174
178.0411 44.4195
178.0471 44.4216
178.0531 44.4237
178.0591 44.4259
178.0650 44.4280
178.0710 44.4301
178.0770 44.4322
178.0830 44.4343
178.0890 44.4364
178.0950 44.4385
178.1010 44.4406
178.1070 44.4427
178.1130 44.4448
178.1190 44.4469
178.1250 44.4490
178.1309 44.4511
178.1369 44.4532
178.1429 44.4553
178.1489 44.4573
178.1549 44.4594
178.1609 44.4615
178.1669 44.4636
178.1729 44.4657
178.1789 44.4678
178.1849 44.4699
178.1908 44.4720
178.1968 44.4741
178.2028 44.4762
178.2088 44.4783
178.2148 44.4804
178.2208 44.4825
178.2268 44.4846
178.2328 44.4867
178.2388 44.4887
178.2447 44.4908
178.2507 44.4929
178.2567 44.4950
178.2627 44.4971
178.2687 44.4992
178.2747 44.5013
178.2807 44.5034
178.2867 44.5054
178.2927 44.5075
178.2986 44.5096
178.3046 44.5117
178.3106 44.5138
178.3166 44.5159
178.3226 44.5180
178.3286 44.5200
178.3346 44.5221
178.3406 44.5242
178.3465 44.5263
178.3525 44.5284
178.3585 44.5304
178.3645 44.5325
178.3705 44.5346
178.3765 44.5367
178.3825 44.5388
178.3885 44.5408
178.3944 44.5429
178.4004 44.5450
178.4064 44.5471
178.4124 44.5492
178.4184 44.5512
178.4244 44.5533
178.4304 44.5554
178.4363 44.5575
178.4423 44.5595
178.4483 44.5616
178.4543 44.5637
178.4603 44.5658
178.4663 44.5678
178.4723 44.5699
178.4782 44.5720
178.4842 44.5740
178.4902 44.5761
178.4962 44.5782
178.5022 44.5803
178.5082 44.5823
178.5142 44.5844
178.5201 44.5865
178.5261 44.5885
178.5321 44.5906
178.5381 44.5927
178.5441 44.5947
178.5501 44.5968
178.5561 44.5989
178.5620 44.6009
178.5680 44.6030
178.5740 44.6051
178.5800 44.6071
178.5860 44.6092
178.5920 44.6113
178.5979 44.6133
178.6039 44.6154
178.6099 44.6175
178.6159 44.6195
178.6219 44.6216
178.6279 44.6236
178.6339 44.6257
178.6398 44.6278
178.6458 44.6298
178.6518 44.6319
178.6578 44.6339
178.6638 44.6360
178.6698 44.6381
178.6757 44.6401
178.6817 44.6422
178.6877 44.6442
178.6937 44.6463
178.6997 44.6483
178.7057 44.6504
178.7116 44.6524
178.7176 44.6545
178.7236 44.6566
178.7296 44.6586
178.7356 44.6607
178.7416 44.6627
178.7475 44.6648
178.7535 44.6668
178.7595 44.6689
178.7655 44.6709
178.7715 44.6730
178.7774 44.6750
178.7834 44.6771
178.7894 44.6791
178.7954 44.6812
178.8014 44.6832
178.8074 44.6853
178.8133 44.6873
178.8193 44.6894
178.8253 44.6914
178.8313 44.6934
178.8373 44.6955
178.8432 44.6975
178.8492 44.6996
178.8552 44.7016
178.8612 44.7037
178.8672 44.7057
178.8731 44.7078
178.8791 44.7098
178.8851 44.7118
178.8911 44.7139
178.8971 44.7159
178.9030 44.7180
178.9090 44.7200
178.9150 44.7220
178.9210 44.7241
178.9270 44.7261
178.9330 44.7282
178.9389 44.7302
178.9449 44.7322
178.9509 44.7343
178.9569 44.7363
178.9628 44.7383
178.9688 44.7404
178.9748 44.7424
178.9808 44.7444
178.9868 44.7465
178.9927 44.7485
178.9987 44.7505
179.0047 44.7526
179.0107 44.7546
179.0167 44.7566
179.0226 44.7587
179.0286 44.7607
179.0346 44.7627
179.0406 44.7648
179.0466 44.7668
179.0525 44.7688
179.0585 44.7709
179.0645 44.7729
179.0705 44.7749
179.0764 44.7769
179.0824 44.7790
179.0884 44.7810
179.0944 44.7830
179.1004 44.7850
179.1063 44.7871
179.1123 44.7891
179.1183 44.7911
179.1243 44.7931
179.1302 44.7952
179.1362 44.7972
179.1422 44.7992
179.1482 44.8012
179.1542 44.8033
179.1601 44.8053
179.1661 44.8073
179.1721 44.8093
179.1781 44.8113
179.1840 44.8134
179.1900 44.8154
179.1960 44.8174
179.2020 44.8194
179.2079 44.8214
179.2139 44.8234
179.2199 44.8255
179.2259 44.8275
179.2319 44.8295
179.2378 44.8315
179.2438 44.8335
179.2498 44.8355
179.2558 44.8376
179.2617 44.8396
179.2677 44.8416
179.2737 44.8436
179.2797 44.8456
179.2856 44.8476
179.2916 44.8496
179.2976 44.8516
179.3036 44.8537
179.3095 44.8557
179.3155 44.8577
179.3215 44.8597
179.3275 44.8617
179.3334 44.8637
179.3394 44.8657
179.3454 44.8677
179.3514 44.8697
179.3573 44.8717
179.3633 44.8737
179.3693 44.8757
179.3753 44.8777
179.3812 44.8797
179.3872 44.8817
179.3932 44.8838
179.3992 44.8858
179.4051 44.8878
179.4111 44.8898
179.4171 44.8918
179.4231 44.8938
179.4290 44.8958
179.4350 44.8978
179.4410 44.8998
179.4469 44.9018
179.4529 44.9038
179.4589 44.9058
179.4649 44.9078
179.4708 44.9098
179.4768 44.9118
179.4828 44.9138
179.4888 44.9158
179.4947 44.9177
179.5007 44.9197
179.5067 44.9217
179.5127 44.9237
179.5186 44.9257
179.5246 44.9277
179.5306 44.9297
179.5365 44.9317
179.5425 44.9337
179.5485 44.9357
179.5545 44.9377
179.5604 44.9397
179.5664 44.9417
179.5724 44.9437
179.5784 44.9456
179.5843 44.9476
179.5903 44.9496
179.5963 44.9516
179.6022 44.9536
179.6082 44.9556
179.6142 44.9576
179.6202 44.9596
179.6261 44.9616
179.6321 44.9635
179.6381 44.9655
179.6440 44.9675
179.6500 44.9695
179.6560 44.9715
179.6620 44.9735
179.6679 44.9754
179.6739 44.9774
179.6799 44.9794
179.6858 44.9814
179.6918 44.9834
179.6978 44.9854
179.7038 44.9873
179.7097 44.9893
179.7157 44.9913
179.7217 44.9933
179.7276 44.9953
179.7336 44.9972
179.7396 44.9992
179.7455 45.0012
179.7515 45.0032
179.7575 45.0051
179.7635 45.0071
179.7694 45.0091
179.7754 45.0111
179.7814 45.0130
179.7873 45.0150
179.7933 45.0170
179.7993 45.0190
179.8052 45.0209
179.8112 45.0229
179.8172 45.0249
179.8232 45.0269
179.8291 45.0288
179.8351 45.0308
179.8411 45.0328
179.8470 45.0347
179.8530 45.0367
179.8590 45.0387
179.8649 45.0406
179.8709 45.0426
179.8769 45.0446
179.8828 45.0465
179.8888 45.0485
179.8948 45.0505
179.9008 45.0524
179.9067 45.0544
179.9127 45.0564
179.9187 45.0583
179.9246 45.0603
179.9306 45.0623
179.9366 45.0642
179.9425 45.0662
179.9485 45.0682
179.9545 45.0701
179.9604 45.0721
179.9664 45.0740
179.9724 45.0760
179.9783 45.0780
179.9843 45.0799
179.9903 45.0819
179.9962 45.0838
180.0022 45.0858
180.0082 45.0878
180.0141 45.0897
180.0201 45.0917
180.0261 45.0936
180.0320 45.0956
180.0380 45.0975
180.0440 45.0995
180.0499 45.1014
180.0559 45.1034
180.0619 45.1054
180.0678 45.1073
180.0738 45.1093
180.0798 45.1112
180.0857 45.1132
180.0917 45.1151
180.0977 45.1171
180.1036 45.1190
180.1096 45.1210
180.1156 45.1229
180.1215 45.1249
180.1275 45.1268
180.1335 45.1288
180.1394 45.1307
180.1454 45.1327
180.1514 45.1346
180.1573 45.1366
180.1633 45.1385
180.1693 45.1404
180.1752 45.1424
180.1812 45.1443
180.1872 45.1463
180.1931 45.1482
180.1991 45.1502
180.2051 45.1521
180.2110 45.1540
180.2170 45.1560
180.2230 45.1579
180.2289 45.1599
180.2349 45.1618
180.2409 45.1638
180.2468 45.1657
180.2528 45.1676
180.2587 45.1696
180.2647 45.1715
180.2707 45.1735
180.2766 45.1754
180.2826 45.1773
180.2886 45.1793
180.2945 45.1812
180.3005 45.1831
180.3065 45.1851
180.3124 45.1870
180.3184 45.1889
180.3244 45.1909
180.3303 45.1928
180.3363 45.1947
180.3422 45.1967
180.3482 45.1986
180.3542 45.2005
180.3601 45.2025
180.3661 45.2044
180.3721 45.2063
180.3780 45.2083
180.3840 45.2102
180.3899 45.2121
180.3959 45.2140
180.4019 45.2160
180.4078 45.2179
180.4138 45.2198
180.4198 45.2218
180.4257 45.2237
180.4317 45.2256
180.4376 45.2275
180.4436 45.2295
180.4496 45.2314
180.4555 45.2333
180.4615 45.2352
180.4675 45.2372
180.4734 45.2391
180.4794 45.2410
180.4853 45.2429
180.4913 45.2448
180.4973 45.2468
180.5032 45.2487
180.5092 45.2506
180.5151 45.2525
180.5211 45.2544
180.5271 45.2564
180.5330 45.2583
180.5390 45.2602
180.5450 45.2621
180.5509 45.2640
180.5569 45.2659
180.5628 45.2679
180.5688 45.2698
180.5748 45.2717
180.5807 45.2736
180.5867 45.2755
180.5926 45.2774
180.5986 45.2794
180.6046 45.2813
180.6105 45.2832
180.6165 45.2851
180.6224 45.2870
180.6284 45.2889
180.6344 45.2908
180.6403 45.2927
180.6463 45.2946
180.6522 45.2965
180.6582 45.2985
180.6642 45.3004
180.6701 45.3023
180.6761 45.3042
180.6820 45.3061
180.6880 45.3080
180.6940 45.3099
180.6999 45.3118
180.7059 45.3137
180.7118 45.3156
180.7178 45.3175
180.7237 45.3194
180.7297 45.3213
180.7357 45.3232
180.7416 45.3251
180.7476 45.3270
180.7535 45.3289
180.7595 45.3308
180.7655 45.3327
180.7714 45.3346
180.7774 45.3365
180.7833 45.3384
180.7893 45.3403
180.7952 45.3422
180.8012 45.3441
180.8072 45.3460
180.8131 45.3479
180.8191 45.3498
180.8250 45.3517
180.8310 45.3536
180.8369 45.3555
180.8429 45.3574
180.8489 45.3593
180.8548 45.3612
180.8608 45.3631
180.8667 45.3650
180.8727 45.3669
180.8787 45.3688
180.8846 45.3707
180.8906 45.3725
180.8965 45.3744
180.9025 45.3763
180.9084 45.3782
180.9144 45.3801
180.9203 45.3820
180.9263 45.3839
180.9323 45.3858
180.9382 45.3877
180.9442 45.3895
180.9501 45.3914
180.9561 45.3933
180.9620 45.3952
180.9680 45.3971
180.9740 45.3990
180.9799 45.4009
180.9859 45.4027
180.9918 45.4046
180.9978 45.4065
181.0037 45.4084
181.0097 45.4103
181.0156 45.4122
181.0216 45.4140
181.0276 45.4159
181.0335 45.4178
181.0395 45.4197
181.0454 45.4216
181.0514 45.4234
181.0573 45.4253
181.0633 45.4272
181.0692 45.4291
181.0752 45.4310
181.0812 45.4328
181.0871 45.4347
181.0931 45.4366
181.0990 45.4385
181.1050 45.4403
181.1109 45.4422
181.1169 45.4441
181.1228 45.4460
181.1288 45.4478
181.1347 45.4497
181.1407 45.4516
181.1467 45.4534
181.1526 45.4553
181.1586 45.4572
181.1645 45.4591
181.1705 45.4609
181.1764 45.4628
181.1824 45.4647
181.1883 45.4665
181.1943 45.4684
181.2002 45.4703
181.2062 45.4721
181.2121 45.4740
181.2181 45.4759
181.2241 45.4777
181.2300 45.4796
181.2360 45.4815
181.2419 45.4833
181.2479 45.4852
181.2538 45.4871
181.2598 45.4889
181.2657 45.4908
181.2717 45.4927
181.2776 45.4945
181.2836 45.4964
181.2895 45.4982
181.2955 45.5001
181.3014 45.5020
181.3074 45.5038
181.3133 45.5057
181.3193 45.5075
181.3253 45.5094
181.3312 45.5113
181.3372 45.5131
181.3431 45.5150
181.3491 45.5168
181.3550 45.5187
181.3610 45.5205
181.3669 45.5224
181.3729 45.5242
181.3788 45.5261
181.3848 45.5280
181.3907 45.5298
181.3967 45.5317
181.4026 45.5335
181.4086 45.5354
181.4145 45.5372
181.4205 45.5391
181.4264 45.5409
181.4324 45.5428
181.4383 45.5446
181.4443 45.5465
181.4502 45.5483
181.4562 45.5502
181.4621 45.5520
181.4681 45.5539
181.4740 45.5557
181.4800 45.5576
181.4859 45.5594
181.4919 45.5612
181.4978 45.5631
181.5038 45.5649
181.5097 45.5668
181.5157 45.5686
181.5216 45.5705
181.5276 45.5723
181.5335 45.5742
181.5395 45.5760
181.5454 45.5778
181.5514 45.5797
181.5573 45.5815
181.5633 45.5834
181.5692 45.5852
181.5752 45.5870
181.5811 45.5889
181.5871 45.5907
181.5930 45.5926
181.5990 45.5944
181.6049 45.5962
181.6109 45.5981
181.6168 45.5999
181.6228 45.6017
181.6287 45.6036
181.6347 45.6054
181.6406 45.6073
181.6466 45.6091
181.6525 45.6109
181.6585 45.6128
181.6644 45.6146
181.6704 45.6164
181.6763 45.6182
181.6823 45.6201
181.6882 45.6219
181.6942 45.6237
181.7001 45.6256
181.7061 45.6274
181.7120 45.6292
181.7180 45.6311
181.7239 45.6329
181.7299 45.6347
181.7358 45.6365
181.7418 45.6384
181.7477 45.6402
181.7537 45.6420
181.7596 45.6438
181.7656 45.6457
181.7715 45.6475
181.7775 45.6493
181.7834 45.6511
181.7893 45.6530
181.7953 45.6548
181.8012 45.6566
181.8072 45.6584
181.8131 45.6603
181.8191 45.6621
181.8250 45.6639
181.8310 45.6657
181.8369 45.6675
181.8429 45.6694
181.8488 45.6712
181.8548 45.6730
181.8607 45.6748
181.8667 45.6766
181.8726 45.6784
181.8785 45.6803
181.8845 45.6821
181.8904 45.6839
181.8964 45.6857
181.9023 45.6875
181.9083 45.6893
181.9142 45.6912
181.9202 45.6930
181.9261 45.6948
181.9321 45.6966
181.9380 45.6984
181.9440 45.7002
181.9499 45.7020
181.9558 45.7038
181.9618 45.7057
181.9677 45.7075
181.9737 45.7093
181.9796 45.7111
181.9856 45.7129
181.9915 45.7147
181.9975 45.7165
182.0034 45.7183
182.0094 45.7201
182.0153 45.7219
182.0212 45.7237
182.0272 45.7255
182.0331 45.7273
182.0391 45.7291
182.0450 45.7309
182.0510 45.7328
182.0569 45.7346
182.0629 45.7364
182.0688 45.7382
182.0747 45.7400
182.0807 45.7418
182.0866 45.7436
182.0926 45.7454
182.0985 45.7472
182.1045 45.7490
182.1104 45.7508
182.1163 45.7526
182.1223 45.7544
182.1282 45.7562
182.1342 45.7580
182.1401 45.7597
182.1461 45.7615
182.1520 45.7633
182.1580 45.7651
182.1639 45.7669
182.1698 45.7687
182.1758 45.7705
182.1817 45.7723
182.1877 45.7741
182.1936 45.7759
182.1996 45.7777
182.2055 45.7795
182.2114 45.7813
182.2174 45.7831
182.2233 45.7849
182.2293 45.7866
182.2352 45.7884
182.2412 45.7902
182.2471 45.7920
182.2530 45.7938
182.2590 45.7956
182.2649 45.7974
182.2709 45.7992
182.2768 45.8009
182.2827 45.8027
182.2887 45.8045
182.2946 45.8063
182.3006 45.8081
182.3065 45.8099
182.3125 45.8117
182.3184 45.8134
182.3243 45.8152
182.3303 45.8170
182.3362 45.8188
182.3422 45.8206
182.3481 45.8223
182.3540 45.8241
182.3600 45.8259
182.3659 45.8277
182.3719 45.8295
182.3778 45.8312
182.3837 45.8330
182.3897 45.8348
182.3956 45.8366
182.4016 45.8384
182.4075 45.8401
182.4134 45.8419
182.4194 45.8437
182.4253 45.8455
182.4313 45.8472
182.4372 45.8490
182.4431 45.8508
182.4491 45.8525
182.4550 45.8543
182.4610 45.8561
182.4669 45.8579
182.4728 45.8596
182.4788 45.8614
182.4847 45.8632
182.4907 45.8649
182.4966 45.8667
182.5025 45.8685
182.5085 45.8703
182.5144 45.8720
182.5204 45.8738
182.5263 45.8756
182.5322 45.8773
182.5382 45.8791
182.5441 45.8809
182.5501 45.8826
182.5560 45.8844
182.5619 45.8862
182.5679 45.8879
182.5738 45.8897
182.5798 45.8914
182.5857 45.8932
182.5916 45.8950
182.5976 45.8967
182.6035 45.8985
182.6094 45.9003
182.6154 45.9020
182.6213 45.9038
182.6273 45.9055
182.6332 45.9073
182.6391 45.9091
182.6451 45.9108
182.6510 45.9126
182.6570 45.9143
182.6629 45.9161
182.6688 45.9178
182.6748 45.9196
182.6807 45.9213
182.6866 45.9231
182.6926 45.9249
182.6985 45.9266
182.7045 45.9284
182.7104 45.9301
182.7163 45.9319
182.7223 45.9336
182.7282 45.9354
182.7341 45.9371
182.7401 45.9389
182.7460 45.9406
182.7520 45.9424
182.7579 45.9441
182.7638 45.9459
182.7698 45.9476
182.7757 45.9494
182.7816 45.9511
182.7876 45.9529
182.7935 45.9546
182.7994 45.9564
182.8054 45.9581
182.8113 45.9599
182.8173 45.9616
182.8232 45.9633
182.8291 45.9651
182.8351 45.9668
182.8410 45.9686
182.8469 45.9703
182.8529 45.9721
182.8588 45.9738
182.8648 45.9755
182.8707 45.9773
182.8766 45.9790
182.8826 45.9808
182.8885 45.9825
182.8944 45.9842
182.9004 45.9860
182.9063 45.9877
182.9122 45.9895
182.9182 45.9912
182.9241 45.9929
182.9300 45.9947
182.9360 45.9964
182.9419 45.9981
182.9478 45.9999
182.9538 46.0016
182.9597 46.0034
182.9657 46.0051
182.9716 46.0068
182.9775 46.0086
182.9835 46.0103
182.9894 46.0120
182.9953 46.0137
183.0013 46.0155
183.0072 46.0172
183.0131 46.0189
183.0191 46.0207
183.0250 46.0224
183.0309 46.0241
183.0369 46.0259
183.0428 46.0276
183.0487 46.0293
183.0547 46.0310
183.0606 46.0328
183.0665 46.0345
183.0725 46.0362
183.0784 46.0379
183.0843 46.0397
183.0903 46.0414
183.0962 46.0431
183.1021 46.0448
183.1081 46.0466
183.1140 46.0483
183.1199 46.0500
183.1259 46.0517
183.1318 46.0535
183.1377 46.0552
183.1437 46.0569
183.1496 46.0586
183.1555 46.0603
183.1615 46.0621
183.1674 46.0638
183.1733 46.0655
183.1793 46.0672
183.1852 46.0689
183.1911 46.0706
183.1971 46.0724
183.2030 46.0741
183.2089 46.0758
183.2149 46.0775
183.2208 46.0792
183.2267 46.0809
183.2327 46.0826
183.2386 46.0844
183.2445 46.0861
183.2505 46.0878
183.2564 46.0895
183.2623 46.0912
183.2683 46.0929
183.2742 46.0946
183.2801 46.0963
183.2861 46.0980
183.2920 46.0998
183.2979 46.1015
183.3039 46.1032
183.3098 46.1049
183.3157 46.1066
183.3217 46.1083
183.3276 46.1100
183.3335 46.1117
183.3394 46.1134
183.3454 46.1151
183.3513 46.1168
183.3572 46.1185
183.3632 46.1202
183.3691 46.1219
183.3750 46.1236
183.3810 46.1253
183.3869 46.1270
183.3928 46.1287
183.3988 46.1304
183.4047 46.1321
183.4106 46.1338
183.4166 46.1355
183.4225 46.1372
183.4284 46.1389
183.4343 46.1406
183.4403 46.1423
183.4462 46.1440
183.4521 46.1457
183.4581 46.1474
183.4640 46.1491
183.4699 46.1508
183.4759 46.1525
183.4818 46.1542
183.4877 46.1559
183.4936 46.1576
183.4996 46.1593
183.5055 46.1610
183.5114 46.1627
183.5174 46.1644
183.5233 46.1661
183.5292 46.1677
183.5351 46.1694
183.5411 46.1711
183.5470 46.1728
183.5529 46.1745
183.5589 46.1762
183.5648 46.1779
183.5707 46.1796
183.5767 46.1813
183.5826 46.1829
183.5885 46.1846
183.5944 46.1863
183.6004 46.1880
183.6063 46.1897
183.6122 46.1914
183.6182 46.1931
183.6241 46.1947
183.6300 46.1964
183.6359 46.1981
183.6419 46.1998
183.6478 46.2015
183.6537 46.2031
183.6596 46.2048
183.6656 46.2065
183.6715 46.2082
183.6774 46.2099
183.6834 46.2115
183.6893 46.2132
183.6952 46.2149
183.7011 46.2166
183.7071 46.2183
183.7130 46.2199
183.7189 46.2216
183.7249 46.2233
183.7308 46.2250
183.7367 46.2266
183.7426 46.2283
183.7486 46.2300
183.7545 46.2317
183.7604 46.2333
183.7663 46.2350
183.7723 46.2367
183.7782 46.2383
183.7841 46.2400
183.7900 46.2417
183.7960 46.2434
183.8019 46.2450
183.8078 46.2467
183.8138 46.2484
183.8197 46.2500
183.8256 46.2517
183.8315 46.2534
183.8375 46.2550
183.8434 46.2567
183.8493 46.2584
183.8552 46.2600
183.8612 46.2617
183.8671 46.2634
183.8730 46.2650
183.8789 46.2667
183.8849 46.2684
183.8908 46.2700
183.8967 46.2717
183.9026 46.2734
183.9086 46.2750
183.9145 46.2767
183.9204 46.2783
183.9263 46.2800
183.9323 46.2817
183.9382 46.2833
183.9441 46.2850
183.9500 46.2866
183.9560 46.2883
183.9619 46.2899
183.9678 46.2916
183.9737 46.2933
183.9797 46.2949
183.9856 46.2966
183.9915 46.2982
183.9974 46.2999
184.0034 46.3015
184.0093 46.3032
184.0152 46.3048
184.0211 46.3065
184.0271 46.3082
184.0330 46.3098
184.0389 46.3115
184.0448 46.3131
184.0508 46.3148
184.0567 46.3164
184.0626 46.3181
184.0685 46.3197
184.0745 46.3214
184.0804 46.3230
184.0863 46.3247
184.0922 46.3263
184.0981 46.3279
184.1041 46.3296
184.1100 46.3312
184.1159 46.3329
184.1218 46.3345
184.1278 46.3362
184.1337 46.3378
184.1396 46.3395
184.1455 46.3411
184.1515 46.3428
184.1574 46.3444
184.1633 46.3460
184.1692 46.3477
184.1752 46.3493
184.1811 46.3510
184.1870 46.3526
184.1929 46.3542
184.1988 46.3559
184.2048 46.3575
184.2107 46.3592
184.2166 46.3608
184.2225 46.3624
184.2285 46.3641
184.2344 46.3657
184.2403 46.3673
184.2462 46.3690
184.2521 46.3706
184.2581 46.3723
184.2640 46.3739
184.2699 46.3755
184.2758 46.3772
184.2818 46.3788
184.2877 46.3804
184.2936 46.3821
184.2995 46.3837
184.3054 46.3853
184.3114 46.3869
184.3173 46.3886
184.3232 46.3902
184.3291 46.3918
184.3351 46.3935
184.3410 46.3951
184.3469 46.3967
184.3528 46.3984
184.3587 46.4000
184.3647 46.4016
184.3706 46.4032
184.3765 46.4049
184.3824 46.4065
184.3883 46.4081
184.3943 46.4097
184.4002 46.4114
184.4061 46.4130
184.4120 46.4146
184.4179 46.4162
184.4239 46.4179
184.4298 46.4195
184.4357 46.4211
184.4416 46.4227
184.4476 46.4243
184.4535 46.4260
184.4594 46.4276
184.4653 46.4292
184.4712 46.4308
184.4772 46.4324
184.4831 46.4341
184.4890 46.4357
184.4949 46.4373
184.5008 46.4389
184.5068 46.4405
184.5127 46.4421
184.5186 46.4437
184.5245 46.4454
184.5304 46.4470
184.5364 46.4486
184.5423 46.4502
184.5482 46.4518
184.5541 46.4534
184.5600 46.4550
184.5660 46.4567
184.5719 46.4583
184.5778 46.4599
184.5837 46.4615
184.5896 46.4631
184.5956 46.4647
184.6015 46.4663
184.6074 46.4679
184.6133 46.4695
184.6192 46.4711
184.6251 46.4727
184.6311 46.4743
184.6370 46.4760
184.6429 46.4776
184.6488 46.4792
184.6547 46.4808
184.6607 46.4824
184.6666 46.4840
184.6725 46.4856
184.6784 46.4872
184.6843 46.4888
184.6903 46.4904
184.6962 46.4920
184.7021 46.4936
184.7080 46.4952
184.7139 46.4968
184.7198 46.4984
184.7258 46.5000
184.7317 46.5016
184.7376 46.5032
184.7435 46.5048
184.7494 46.5064
184.7554 46.5080
184.7613 46.5096
184.7672 46.5112
184.7731 46.5128
184.7790 46.5144
184.7849 46.5160
184.7909 46.5176
184.7968 46.5191
184.8027 46.5207
184.8086 46.5223
184.8145 46.5239
184.8204 46.5255
184.8264 46.5271
184.8323 46.5287
184.8382 46.5303
184.8441 46.5319
184.8500 46.5335
184.8559 46.5351
184.8619 46.5366
184.8678 46.5382
184.8737 46.5398
184.8796 46.5414
184.8855 46.5430
184.8914 46.5446
184.8974 46.5462
184.9033 46.5478
184.9092 46.5493
184.9151 46.5509
184.9210 46.5525
184.9269 46.5541
184.9329 46.5557
184.9388 46.5573
184.9447 46.5588
184.9506 46.5604
184.9565 46.5620
184.9624 46.5636
184.9684 46.5652
184.9743 46.5667
184.9802 46.5683
184.9861 46.5699
184.9920 46.5715
184.9979 46.5731
185.0038 46.5746
185.0098 46.5762
185.0157 46.5778
185.0216 46.5794
185.0275 46.5809
185.0334 46.5825
185.0393 46.5841
185.0453 46.5857
185.0512 46.5872
185.0571 46.5888
185.0630 46.5904
185.0689 46.5920
185.0748 46.5935
185.0807 46.5951
185.0867 46.5967
185.0926 46.5983
185.0985 46.5998
185.1044 46.6014
185.1103 46.6030
185.1162 46.6045
185.1221 46.6061
185.1281 46.6077
185.1340 46.6092
185.1399 46.6108
185.1458 46.6124
185.1517 46.6139
185.1576 46.6155
185.1635 46.6171
185.1695 46.6186
185.1754 46.6202
185.1813 46.6218
185.1872 46.6233
185.1931 46.6249
185.1990 46.6265
185.2049 46.6280
185.2109 46.6296
185.2168 46.6311
185.2227 46.6327
185.2286 46.6343
185.2345 46.6358
185.2404 46.6374
185.2463 46.6389
185.2522 46.6405
185.2582 46.6421
185.2641 46.6436
185.2700 46.6452
185.2759 46.6467
185.2818 46.6483
185.2877 46.6498
185.2936 46.6514
185.2995 46.6530
185.3055 46.6545
185.3114 46.6561
185.3173 46.6576
185.3232 46.6592
185.3291 46.6607
185.3350 46.6623
185.3409 46.6638
185.3468 46.6654
185.3528 46.6669
185.3587 46.6685
185.3646 46.6700
185.3705 46.6716
185.3764 46.6731
185.3823 46.6747
185.3882 46.6762
185.3941 46.6778
185.4000 46.6793
185.4060 46.6809
185.4119 46.6824
185.4178 46.6840
185.4237 46.6855
185.4296 46.6870
185.4355 46.6886
185.4414 46.6901
185.4473 46.6917
185.4532 46.6932
185.4592 46.6948
185.4651 46.6963
185.4710 46.6979
185.4769 46.6994
185.4828 46.7009
185.4887 46.7025
185.4946 46.7040
185.5005 46.7056
185.5064 46.7071
185.5124 46.7086
185.5183 46.7102
185.5242 46.7117
185.5301 46.7132
185.5360 46.7148
185.5419 46.7163
185.5478 46.7179
185.5537 46.7194
185.5596 46.7209
185.5655 46.7225
185.5715 46.7240
185.5774 46.7255
185.5833 46.7271
185.5892 46.7286
185.5951 46.7301
185.6010 46.7317
185.6069 46.7332
185.6128 46.7347
185.6187 46.7362
185.6246 46.7378
185.6306 46.7393
185.6365 46.7408
185.6424 46.7424
185.6483 46.7439
185.6542 46.7454
185.6601 46.7469
185.6660 46.7485
185.6719 46.7500
185.6778 46.7515
185.6837 46.7531
185.6896 46.7546
185.6956 46.7561
185.7015 46.7576
185.7074 46.7592
185.7133 46.7607
185.7192 46.7622
185.7251 46.7637
185.7310 46.7652
185.7369 46.7668
185.7428 46.7683
185.7487 46.7698
185.7546 46.7713
185.7605 46.7728
185.7665 46.7744
185.7724 46.7759
185.7783 46.7774
185.7842 46.7789
185.7901 46.7804
185.7960 46.7820
185.8019 46.7835
185.8078 46.7850
185.8137 46.7865
185.8196 46.7880
185.8255 46.7895
185.8314 46.7910
185.8374 46.7926
185.8433 46.7941
185.8492 46.7956
185.8551 46.7971
185.8610 46.7986
185.8669 46.8001
185.8728 46.8016
185.8787 46.8031
185.8846 46.8046
185.8905 46.8062
185.8964 46.8077
185.9023 46.8092
185.9082 46.8107
185.9142 46.8122
185.9201 46.8137
185.9260 46.8152
185.9319 46.8167
185.9378 46.8182
185.9437 46.8197
185.9496 46.8212
185.9555 46.8227
185.9614 46.8242
185.9673 46.8257
185.9732 46.8272
185.9791 46.8287
185.9850 46.8302
185.9909 46.8318
185.9969 46.8333
186.0028 46.8348
186.0087 46.8363
186.0146 46.8378
186.0205 46.8393
186.0264 46.8408
186.0323 46.8423
186.0382 46.8437
186.0441 46.8452
186.0500 46.8467
186.0559 46.8482
186.0618 46.8497
186.0677 46.8512
186.0736 46.8527
186.0795 46.8542
186.0854 46.8557
186.0914 46.8572
186.0973 46.8587
186.1032 46.8602
186.1091 46.8617
186.1150 46.8632
186.1209 46.8647
186.1268 46.8662
186.1327 46.8677
186.1386 46.8691
186.1445 46.8706
186.1504 46.8721
186.1563 46.8736
186.1622 46.8751
186.1681 46.8766
186.1740 46.8781
186.1799 46.8796
186.1858 46.8811
186.1917 46.8825
186.1976 46.8840
186.2036 46.8855
186.2095 46.8870
186.2154 46.8885
186.2213 46.8900
186.2272 46.8915
186.2331 46.8929
186.2390 46.8944
186.2449 46.8959
186.2508 46.8974
186.2567 46.8989
186.2626 46.9003
186.2685 46.9018
186.2744 46.9033
186.2803 46.9048
186.2862 46.9063
186.2921 46.9077
186.2980 46.9092
186.3039 46.9107
186.3098 46.9122
186.3157 46.9137
186.3216 46.9151
186.3275 46.9166
186.3334 46.9181
186.3394 46.9196
186.3453 46.9210
186.3512 46.9225
186.3571 46.9240
186.3630 46.9254
186.3689 46.9269
186.3748 46.9284
186.3807 46.9299
186.3866 46.9313
186.3925 46.9328
186.3984 46.9343
186.4043 46.9357
186.4102 46.9372
186.4161 46.9387
186.4220 46.9402
186.4279 46.9416
186.4338 46.9431
186.4397 46.9446
186.4456 46.9460
186.4515 46.9475
186.4574 46.9490
186.4633 46.9504
186.4692 46.9519
186.4751 46.9534
186.4810 46.9548
186.4869 46.9563
186.4928 46.9577
186.4987 46.9592
186.5046 46.9607
186.5105 46.9621
186.5164 46.9636
186.5223 46.9651
186.5282 46.9665
186.5341 46.9680
186.5400 46.9694
186.5459 46.9709
186.5519 46.9723
186.5578 46.9738
186.5637 46.9753
186.5696 46.9767
186.5755 46.9782
186.5814 46.9796
186.5873 46.9811
186.5932 46.9825
186.5991 46.9840
186.6050 46.9855
186.6109 46.9869
186.6168 46.9884
186.6227 46.9898
186.6286 46.9913
186.6345 46.9927
186.6404 46.9942
186.6463 46.9956
186.6522 46.9971
186.6581 46.9985
186.6640 47.0000
186.6699 47.0014
186.6758 47.0029
186.6817 47.0043
186.6876 47.0058
186.6935 47.0072
186.6994 47.0087
186.7053 47.0101
186.7112 47.0116
186.7171 47.0130
186.7230 47.0144
186.7289 47.0159
186.7348 47.0173
186.7407 47.0188
186.7466 47.0202
186.7525 47.0217
186.7584 47.0231
186.7643 47.0246
186.7702 47.0260
186.7761 47.0274
186.7820 47.0289
186.7879 47.0303
186.7938 47.0318
186.7997 47.0332
186.8056 47.0346
186.8115 47.0361
186.8174 47.0375
186.8233 47.0389
186.8292 47.0404
186.8351 47.0418
186.8410 47.0433
186.8469 47.0447
186.8528 47.0461
186.8587 47.0476
186.8646 47.0490
186.8705 47.0504
186.8764 47.0519
186.8823 47.0533
186.8882 47.0547
186.8941 47.0562
186.9000 47.0576
186.9059 47.0590
186.9118 47.0605
186.9177 47.0619
186.9236 47.0633
186.9295 47.0647
186.9354 47.0662
186.9413 47.0676
186.9472 47.0690
186.9531 47.0705
186.9589 47.0719
186.9648 47.0733
186.9707 47.0747
186.9766 47.0762
186.9825 47.0776
186.9884 47.0790
186.9943 47.0804
187.0002 47.0819
187.0061 47.0833
187.0120 47.0847
187.0179 47.0861
187.0238 47.0875
187.0297 47.0890
187.0356 47.0904
187.0415 47.0918
187.0474 47.0932
187.0533 47.0947
187.0592 47.0961
187.0651 47.0975
187.0710 47.0989
187.0769 47.1003
187.0828 47.1017
187.0887 47.1032
187.0946 47.1046
187.1005 47.1060
187.1064 47.1074
187.1123 47.1088
187.1182 47.1102
187.1241 47.1117
187.1300 47.1131
187.1359 47.1145
187.1418 47.1159
187.1477 47.1173
187.1536 47.1187
187.1595 47.1201
187.1654 47.1215
187.1712 47.1229
187.1771 47.1244
187.1830 47.1258
187.1889 47.1272
187.1948 47.1286
187.2007 47.1300
187.2066 47.1314
187.2125 47.1328
187.2184 47.1342
187.2243 47.1356
187.2302 47.1370
187.2361 47.1384
187.2420 47.1398
187.2479 47.1412
187.2538 47.1426
187.2597 47.1441
187.2656 47.1455
187.2715 47.1469
187.2774 47.1483
187.2833 47.1497
187.2892 47.1511
187.2951 47.1525
187.3010 47.1539
187.3069 47.1553
187.3127 47.1567
187.3186 47.1581
187.3245 47.1595
187.3304 47.1609
187.3363 47.1623
187.3422 47.1637
187.3481 47.1651
187.3540 47.1665
187.3599 47.1678
187.3658 47.1692
187.3717 47.1706
187.3776 47.1720
187.3835 47.1734
187.3894 47.1748
187.3953 47.1762
187.4012 47.1776
187.4071 47.1790
187.4130 47.1804
187.4189 47.1818
187.4248 47.1832
187.4306 47.1846
187.4365 47.1860
187.4424 47.1873
187.4483 47.1887
187.4542 47.1901
187.4601 47.1915
187.4660 47.1929
187.4719 47.1943
187.4778 47.1957
187.4837 47.1971
187.4896 47.1984
187.4955 47.1998
187.5014 47.2012
187.5073 47.2026
187.5132 47.2040
187.5191 47.2054
187.5250 47.2068
187.5309 47.2081
187.5367 47.2095
187.5426 47.2109
187.5485 47.2123
187.5544 47.2137
187.5603 47.2150
187.5662 47.2164
187.5721 47.2178
187.5780 47.2192
187.5839 47.2206
187.5898 47.2219
187.5957 47.2233
187.6016 47.2247
187.6075 47.2261
187.6134 47.2274
187.6193 47.2288
187.6251 47.2302
187.6310 47.2316
187.6369 47.2329
187.6428 47.2343
187.6487 47.2357
187.6546 47.2371
187.6605 47.2384
187.6664 47.2398
187.6723 47.2412
187.6782 47.2426
187.6841 47.2439
187.6900 47.2453
187.6959 47.2467
187.7018 47.2480
187.7076 47.2494
187.7135 47.2508
187.7194 47.2521
187.7253 47.2535
187.7312 47.2549
187.7371 47.2562
187.7430 47.2576
187.7489 47.2590
187.7548 47.2603
187.7607 47.2617
187.7666 47.2631
187.7725 47.2644
187.7784 47.2658
187.7842 47.2672
187.7901 47.2685
187.7960 47.2699
187.8019 47.2712
187.8078 47.2726
187.8137 47.2740
187.8196 47.2753
187.8255 47.2767
187.8314 47.2780
187.8373 47.2794
187.8432 47.2808
187.8491 47.2821
187.8549 47.2835
187.8608 47.2848
187.8667 47.2862
187.8726 47.2876
187.8785 47.2889
187.8844 47.2903
187.8903 47.2916
187.8962 47.2930
187.9021 47.2943
187.9080 47.2957
187.9139 47.2970
187.9197 47.2984
187.9256 47.2997
187.9315 47.3011
187.9374 47.3024
187.9433 47.3038
187.9492 47.3051
187.9551 47.3065
187.9610 47.3078
187.9669 47.3092
187.9728 47.3105
187.9787 47.3119
187.9845 47.3132
187.9904 47.3146
187.9963 47.3159
188.0022 47.3173
188.0081 47.3186
188.0140 47.3200
188.0199 47.3213
188.0258 47.3227
188.0317 47.3240
188.0376 47.3253
188.0434 47.3267
188.0493 47.3280
188.0552 47.3294
188.0611 47.3307
188.0670 47.3321
188.0729 47.3334
188.0788 47.3347
188.0847 47.3361
188.0906 47.3374
188.0965 47.3388
188.1023 47.3401
188.1082 47.3414
188.1141 47.3428
188.1200 47.3441
188.1259 47.3454
188.1318 47.3468
188.1377 47.3481
188.1436 47.3495
188.1495 47.3508
188.1553 47.3521
188.1612 47.3535
188.1671 47.3548
188.1730 47.3561
188.1789 47.3575
188.1848 47.3588
188.1907 47.3601
188.1966 47.3614
188.2025 47.3628
188.2083 47.3641
188.2142 47.3654
188.2201 47.3668
188.2260 47.3681
188.2319 47.3694
188.2378 47.3708
188.2437 47.3721
188.2496 47.3734
188.2555 47.3747
188.2613 47.3761
188.2672 47.3774
188.2731 47.3787
188.2790 47.3800
188.2849 47.3814
188.2908 47.3827
188.2967 47.3840
188.3026 47.3853
188.3084 47.3867
188.3143 47.3880
188.3202 47.3893
188.3261 47.3906
188.3320 47.3919
188.3379 47.3933
188.3438 47.3946
188.3497 47.3959
188.3555 47.3972
188.3614 47.3985
188.3673 47.3999
188.3732 47.4012
188.3791 47.4025
188.3850 47.4038
188.3909 47.4051
188.3968 47.4064
188.4026 47.4078
188.4085 47.4091
188.4144 47.4104
188.4203 47.4117
188.4262 47.4130
188.4321 47.4143
188.4380 47.4156
188.4438 47.4169
188.4497 47.4183
188.4556 47.4196
188.4615 47.4209
188.4674 47.4222
188.4733 47.4235
188.4792 47.4248
188.4850 47.4261
188.4909 47.4274
188.4968 47.4287
188.5027 47.4300
188.5086 47.4313
188.5145 47.4327
188.5204 47.4340
188.5263 47.4353
188.5321 47.4366
188.5380 47.4379
188.5439 47.4392
188.5498 47.4405
188.5557 47.4418
188.5616 47.4431
188.5675 47.4444
188.5733 47.4457
188.5792 47.4470
188.5851 47.4483
188.5910 47.4496
188.5969 47.4509
188.6028 47.4522
188.6086 47.4535
188.6145 47.4548
188.6204 47.4561
188.6263 47.4574
188.6322 47.4587
188.6381 47.4600
188.6440 47.4613
188.6498 47.4626
188.6557 47.4639
188.6616 47.4652
188.6675 47.4665
188.6734 47.4678
188.6793 47.4690
188.6852 47.4703
188.6910 47.4716
188.6969 47.4729
188.7028 47.4742
188.7087 47.4755
188.7146 47.4768
188.7205 47.4781
188.7263 47.4794
188.7322 47.4807
188.7381 47.4820
188.7440 47.4832
188.7499 47.4845
188.7558 47.4858
188.7616 47.4871
188.7675 47.4884
188.7734 47.4897
188.7793 47.4910
188.7852 47.4923
188.7911 47.4935
188.7970 47.4948
188.8028 47.4961
188.8087 47.4974
188.8146 47.4987
188.8205 47.5000
188.8264 47.5012
188.8323 47.5025
188.8381 47.5038
188.8440 47.5051
188.8499 47.5064
188.8558 47.5076
188.8617 47.5089
188.8676 47.5102
188.8734 47.5115
188.8793 47.5128
188.8852 47.5140
188.8911 47.5153
188.8970 47.5166
188.9029 47.5179
188.9087 47.5191
188.9146 47.5204
188.9205 47.5217
188.9264 47.5230
188.9323 47.5242
188.9382 47.5255
188.9440 47.5268
188.9499 47.5281
188.9558 47.5293
188.9617 47.5306
188.9676 47.5319
188.9735 47.5331
188.9793 47.5344
188.9852 47.5357
188.9911 47.5370
188.9970 47.5382
189.0029 47.5395
189.0088 47.5408
189.0146 47.5420
189.0205 47.5433
189.0264 47.5446
189.0323 47.5458
189.0382 47.5471
189.0440 47.5484
189.0499 47.5496
189.0558 47.5509
189.0617 47.5522
189.0676 47.5534
189.0735 47.5547
189.0793 47.5559
189.0852 47.5572
189.0911 47.5585
189.0970 47.5597
189.1029 47.5610
189.1088 47.5622
189.1146 47.5635
189.1205 47.5648
189.1264 47.5660
189.1323 47.5673
189.1382 47.5685
189.1440 47.5698
189.1499 47.5711
189.1558 47.5723
189.1617 47.5736
189.1676 47.5748
189.1735 47.5761
189.1793 47.5773
189.1852 47.5786
189.1911 47.5798
189.1970 47.5811
189.2029 47.5823
189.2087 47.5836
189.2146 47.5849
189.2205 47.5861
189.2264 47.5874
189.2323 47.5886
189.2381 47.5899
189.2440 47.5911
189.2499 47.5924
189.2558 47.5936
189.2617 47.5949
189.2675 47.5961
189.2734 47.5974
189.2793 47.5986
189.2852 47.5998
189.2911 47.6011
189.2970 47.6023
189.3028 47.6036
189.3087 47.6048
189.3146 47.6061
189.3205 47.6073
189.3264 47.6086
189.3322 47.6098
189.3381 47.6110
189.3440 47.6123
189.3499 47.6135
189.3558 47.6148
189.3616 47.6160
189.3675 47.6172
189.3734 47.6185
189.3793 47.6197
189.3852 47.6210
189.3910 47.6222
189.3969 47.6234
189.4028 47.6247
189.4087 47.6259
189.4146 47.6272
189.4204 47.6284
189.4263 47.6296
189.4322 47.6309
189.4381 47.6321
189.4440 47.6333
189.4498 47.6346
189.4557 47.6358
189.4616 47.6370
189.4675 47.6383
189.4734 47.6395
189.4792 47.6407
189.4851 47.6420
189.4910 47.6432
189.4969 47.6444
189.5028 47.6456
189.5086 47.6469
189.5145 47.6481
189.5204 47.6493
189.5263 47.6506
189.5321 47.6518
189.5380 47.6530
189.5439 47.6542
189.5498 47.6555
189.5557 47.6567
189.5615 47.6579
189.5674 47.6591
189.5733 47.6604
189.5792 47.6616
189.5851 47.6628
189.5909 47.6640
189.5968 47.6653
189.6027 47.6665
189.6086 47.6677
189.6144 47.6689
189.6203 47.6701
189.6262 47.6714
189.6321 47.6726
189.6380 47.6738
189.6438 47.6750
189.6497 47.6762
189.6556 47.6775
189.6615 47.6787
189.6674 47.6799
189.6732 47.6811
189.6791 47.6823
189.6850 47.6835
189.6909 47.6848
189.6967 47.6860
189.7026 47.6872
189.7085 47.6884
189.7144 47.6896
189.7203 47.6908
189.7261 47.6920
189.7320 47.6932
189.7379 47.6945
189.7438 47.6957
189.7496 47.6969
189.7555 47.6981
189.7614 47.6993
189.7673 47.7005
189.7731 47.7017
189.7790 47.7029
189.7849 47.7041
189.7908 47.7053
189.7967 47.7065
189.8025 47.7078
189.8084 47.7090
189.8143 47.7102
189.8202 47.7114
189.8260 47.7126
189.8319 47.7138
189.8378 47.7150
189.8437 47.7162
189.8495 47.7174
189.8554 47.7186
189.8613 47.7198
189.8672 47.7210
189.8731 47.7222
189.8789 47.7234
189.8848 47.7246
189.8907 47.7258
189.8966 47.7270
189.9024 47.7282
189.9083 47.7294
189.9142 47.7306
189.9201 47.7318
189.9259 47.7330
189.9318 47.7342
189.9377 47.7354
189.9436 47.7366
189.9494 47.7378
189.9553 47.7390
189.9612 47.7402
189.9671 47.7413
189.9729 47.7425
189.9788 47.7437
189.9847 47.7449
189.9906 47.7461
189.9964 47.7473
190.0023 47.7485
190.0082 47.7497
190.0141 47.7509
190.0199 47.7521
190.0258 47.7533
190.0317 47.7544
190.0376 47.7556
190.0434 47.7568
190.0493 47.7580
190.0552 47.7592
190.0611 47.7604
190.0669 47.7616
190.0728 47.7628
190.0787 47.7639
190.0846 47.7651
190.0904 47.7663
190.0963 47.7675
190.1022 47.7687
190.1081 47.7699
190.1139 47.7710
190.1198 47.7722
190.1257 47.7734
190.1316 47.7746
190.1374 47.7758
190.1433 47.7769
190.1492 47.7781
190.1551 47.7793
190.1609 47.7805
190.1668 47.7817
190.1727 47.7828
190.1786 47.7840
190.1844 47.7852
190.1903 47.7864
190.1962 47.7875
190.2021 47.7887
190.2079 47.7899
190.2138 47.7911
190.2197 47.7922
190.2256 47.7934
190.2314 47.7946
190.2373 47.7958
190.2432 47.7969
190.2491 47.7981
190.2549 47.7993
190.2608 47.8004
190.2667 47.8016
190.2725 47.8028
190.2784 47.8039
190.2843 47.8051
190.2902 47.8063
190.2960 47.8075
190.3019 47.8086
190.3078 47.8098
190.3137 47.8110
190.3195 47.8121
190.3254 47.8133
190.3313 47.8145
190.3372 47.8156
190.3430 47.8168
190.3489 47.8179
190.3548 47.8191
190.3606 47.8203
190.3665 47.8214
190.3724 47.8226
190.3783 47.8238
190.3841 47.8249
190.3900 47.8261
190.3959 47.8272
190.4018 47.8284
190.4076 47.8296
190.4135 47.8307
190.4194 47.8319
190.4252 47.8330
190.4311 47.8342
190.4370 47.8353
190.4429 47.8365
190.4487 47.8377
190.4546 47.8388
190.4605 47.8400
190.4664 47.8411
190.4722 47.8423
190.4781 47.8434
190.4840 47.8446
190.4898 47.8457
190.4957 47.8469
190.5016 47.8480
190.5075 47.8492
190.5133 47.8503
190.5192 47.8515
190.5251 47.8526
190.5310 47.8538
190.5368 47.8549
190.5427 47.8561
190.5486 47.8572
190.5544 47.8584
190.5603 47.8595
190.5662 47.8607
190.5721 47.8618
190.5779 47.8630
190.5838 47.8641
190.5897 47.8653
190.5955 47.8664
190.6014 47.8676
190.6073 47.8687
190.6132 47.8698
190.6190 47.8710
190.6249 47.8721
190.6308 47.8733
190.6366 47.8744
190.6425 47.8755
190.6484 47.8767
190.6543 47.8778
190.6601 47.8790
190.6660 47.8801
190.6719 47.8812
190.6777 47.8824
190.6836 47.8835
190.6895 47.8847
190.6954 47.8858
190.7012 47.8869
190.7071 47.8881
190.7130 47.8892
190.7188 47.8903
190.7247 47.8915
190.7306 47.8926
190.7365 47.8937
190.7423 47.8949
190.7482 47.8960
190.7541 47.8971
190.7599 47.8983
190.7658 47.8994
190.7717 47.9005
190.7775 47.9017
190.7834 47.9028
190.7893 47.9039
190.7952 47.9051
190.8010 47.9062
190.8069 47.9073
190.8128 47.9084
190.8186 47.9096
190.8245 47.9107
190.8304 47.9118
190.8363 47.9129
190.8421 47.9141
190.8480 47.9152
190.8539 47.9163
190.8597 47.9174
190.8656 47.9186
190.8715 47.9197
190.8773 47.9208
190.8832 47.9219
190.8891 47.9231
190.8950 47.9242
190.9008 47.9253
190.9067 47.9264
190.9126 47.9275
190.9184 47.9287
190.9243 47.9298
190.9302 47.9309
190.9360 47.9320
190.9419 47.9331
190.9478 47.9342
190.9537 47.9354
190.9595 47.9365
190.9654 47.9376
190.9713 47.9387
190.9771 47.9398
190.9830 47.9409
190.9889 47.9421
190.9947 47.9432
191.0006 47.9443
191.0065 47.9454
191.0123 47.9465
191.0182 47.9476
191.0241 47.9487
191.0300 47.9498
191.0358 47.9510
191.0417 47.9521
191.0476 47.9532
191.0534 47.9543
191.0593 47.9554
191.0652 47.9565
191.0710 47.9576
191.0769 47.9587
191.0828 47.9598
191.0886 47.9609
191.0945 47.9620
191.1004 47.9631
191.1062 47.9642
191.1121 47.9653
191.1180 47.9664
191.1239 47.9676
191.1297 47.9687
191.1356 47.9698
191.1415 47.9709
191.1473 47.9720
191.1532 47.9731
191.1591 47.9742
191.1649 47.9753
191.1708 47.9764
191.1767 47.9775
191.1825 47.9786
191.1884 47.9797
191.1943 47.9808
191.2001 47.9819
191.2060 47.9830
191.2119 47.9840
191.2177 47.9851
191.2236 47.9862
191.2295 47.9873
191.2353 47.9884
191.2412 47.9895
191.2471 47.9906
191.2529 47.9917
191.2588 47.9928
191.2647 47.9939
191.2706 47.9950
191.2764 47.9961
191.2823 47.9972
191.2882 47.9983
191.2940 47.9994
191.2999 48.0004
191.3058 48.0015
191.3116 48.0026
191.3175 48.0037
191.3234 48.0048
191.3292 48.0059
191.3351 48.0070
191.3410 48.0081
191.3468 48.0091
191.3527 48.0102
191.3586 48.0113
191.3644 48.0124
191.3703 48.0135
191.3762 48.0146
191.3820 48.0157
191.3879 48.0167
191.3938 48.0178
191.3996 48.0189
191.4055 48.0200
191.4114 48.0211
191.4172 48.0221
191.4231 48.0232
191.4290 48.0243
191.4348 48.0254
191.4407 48.0265
191.4466 48.0275
191.4524 48.0286
191.4583 48.0297
191.4642 48.0308
191.4700 48.0318
191.4759 48.0329
191.4818 48.0340
191.4876 48.0351
191.4935 48.0361
191.4993 48.0372
191.5052 48.0383
191.5111 48.0394
191.5169 48.0404
191.5228 48.0415
191.5287 48.0426
191.5345 48.0437
191.5404 48.0447
191.5463 48.0458
191.5521 48.0469
191.5580 48.0479
191.5639 48.0490
191.5697 48.0501
191.5756 48.0511
191.5815 48.0522
191.5873 48.0533
191.5932 48.0543
191.5991 48.0554
191.6049 48.0565
191.6108 48.0575
191.6167 48.0586
191.6225 48.0597
191.6284 48.0607
191.6343 48.0618
191.6401 48.0629
191.6460 48.0639
191.6518 48.0650
191.6577 48.0660
191.6636 48.0671
191.6694 48.0682
191.6753 48.0692
191.6812 48.0703
191.6870 48.0714
191.6929 48.0724
191.6988 48.0735
191.7046 48.0745
191.7105 48.0756
191.7164 48.0766
191.7222 48.0777
191.7281 48.0788
191.7339 48.0798
191.7398 48.0809
191.7457 48.0819
191.7515 48.0830
191.7574 48.0840
191.7633 48.0851
191.7691 48.0861
191.7750 48.0872
191.7809 48.0882
191.7867 48.0893
191.7926 48.0903
191.7985 48.0914
191.8043 48.0924
191.8102 48.0935
191.8160 48.0945
191.8219 48.0956
191.8278 48.0966
191.8336 48.0977
191.8395 48.0987
191.8454 48.0998
191.8512 48.1008
191.8571 48.1019
191.8630 48.1029
191.8688 48.1040
191.8747 48.1050
191.8805 48.1061
191.8864 48.1071
191.8923 48.1081
191.8981 48.1092
191.9040 48.1102
191.9099 48.1113
191.9157 48.1123
191.9216 48.1134
191.9275 48.1144
191.9333 48.1154
191.9392 48.1165
191.9450 48.1175
191.9509 48.1186
191.9568 48.1196
191.9626 48.1206
191.9685 48.1217
191.9744 48.1227
191.9802 48.1237
191.9861 48.1248
191.9919 48.1258
191.9978 48.1268
192.0037 48.1279
192.0095 48.1289
192.0154 48.1300
192.0213 48.1310
192.0271 48.1320
192.0330 48.1331
192.0389 48.1341
192.0447 48.1351
192.0506 48.1361
192.0564 48.1372
192.0623 48.1382
192.0682 48.1392
192.0740 48.1403
192.0799 48.1413
192.0858 48.1423
192.0916 48.1434
192.0975 48.1444
192.1033 48.1454
192.1092 48.1464
192.1151 48.1475
192.1209 48.1485
192.1268 48.1495
192.1327 48.1505
192.1385 48.1516
192.1444 48.1526
192.1502 48.1536
192.1561 48.1546
192.1620 48.1556
192.1678 48.1567
192.1737 48.1577
192.1795 48.1587
192.1854 48.1597
192.1913 48.1608
192.1971 48.1618
192.2030 48.1628
192.2089 48.1638
192.2147 48.1648
192.2206 48.1658
192.2264 48.1669
192.2323 48.1679
192.2382 48.1689
192.2440 48.1699
192.2499 48.1709
192.2558 48.1719
192.2616 48.1730
192.2675 48.1740
192.2733 48.1750
192.2792 48.1760
192.2851 48.1770
192.2909 48.1780
192.2968 48.1790
192.3026 48.1801
192.3085 48.1811
192.3144 48.1821
192.3202 48.1831
192.3261 48.1841
192.3320 48.1851
192.3378 48.1861
192.3437 48.1871
192.3495 48.1881
192.3554 48.1891
192.3613 48.1901
192.3671 48.1911
192.3730 48.1922
192.3788 48.1932
192.3847 48.1942
192.3906 48.1952
192.3964 48.1962
192.4023 48.1972
192.4081 48.1982
192.4140 48.1992
192.4199 48.2002
192.4257 48.2012
192.4316 48.2022
192.4374 48.2032
192.4433 48.2042
192.4492 48.2052
192.4550 48.2062
192.4609 48.2072
192.4668 48.2082
192.4726 48.2092
192.4785 48.2102
192.4843 48.2112
192.4902 48.2122
192.4961 48.2132
192.5019 48.2142
192.5078 48.2152
192.5136 48.2162
192.5195 48.2172
192.5254 48.2182
192.5312 48.2191
192.5371 48.2201
192.5429 48.2211
192.5488 48.2221
192.5547 48.2231
192.5605 48.2241
192.5664 48.2251
192.5722 48.2261
192.5781 48.2271
192.5840 48.2281
192.5898 48.2291
192.5957 48.2300
192.6015 48.2310
192.6074 48.2320
192.6133 48.2330
192.6191 48.2340
192.6250 48.2350
192.6308 48.2360
192.6367 48.2370
192.6425 48.2379
192.6484 48.2389
192.6543 48.2399
192.6601 48.2409
192.6660 48.2419
192.6718 48.2429
192.6777 48.2438
192.6836 48.2448
192.6894 48.2458
192.6953 48.2468
192.7011 48.2478
192.7070 48.2487
192.7129 48.2497
192.7187 48.2507
192.7246 48.2517
192.7304 48.2527
192.7363 48.2536
192.7422 48.2546
192.7480 48.2556
192.7539 48.2566
192.7597 48.2575
192.7656 48.2585
192.7714 48.2595
192.7773 48.2605
192.7832 48.2614
192.7890 48.2624
192.7949 48.2634
192.8007 48.2644
192.8066 48.2653
192.8125 48.2663
192.8183 48.2673
192.8242 48.2682
192.8300 48.2692
192.8359 48.2702
192.8418 48.2712
192.8476 48.2721
192.8535 48.2731
192.8593 48.2741
192.8652 48.2750
192.8710 48.2760
192.8769 48.2770
192.8828 48.2779
192.8886 48.2789
192.8945 48.2799
192.9003 48.2808
192.9062 48.2818
192.9120 48.2828
192.9179 48.2837
192.9238 48.2847
192.9296 48.2856
192.9355 48.2866
192.9413 48.2876
192.9472 48.2885
192.9531 48.2895
192.9589 48.2905
192.9648 48.2914
192.9706 48.2924
192.9765 48.2933
192.9823 48.2943
192.9882 48.2952
192.9941 48.2962
192.9999 48.2972
193.0058 48.2981
193.0116 48.2991
193.0175 48.3000
193.0233 48.3010
193.0292 48.3019
193.0351 48.3029
193.0409 48.3038
193.0468 48.3048
193.0526 48.3058
193.0585 48.3067
193.0643 48.3077
193.0702 48.3086
193.0761 48.3096
193.0819 48.3105
193.0878 48.3115
193.0936 48.3124
193.0995 48.3134
193.1053 48.3143
193.1112 48.3153
193.1170 48.3162
193.1229 48.3172
193.1288 48.3181
193.1346 48.3190
193.1405 48.3200
193.1463 48.3209
193.1522 48.3219
193.1580 48.3228
193.1639 48.3238
193.1698 48.3247
193.1756 48.3257
193.1815 48.3266
193.1873 48.3275
193.1932 48.3285
193.1990 48.3294
193.2049 48.3304
193.2107 48.3313
193.2166 48.3323
193.2225 48.3332
193.2283 48.3341
193.2342 48.3351
193.2400 48.3360
193.2459 48.3369
193.2517 48.3379
193.2576 48.3388
193.2634 48.3398
193.2693 48.3407
193.2752 48.3416
193.2810 48.3426
193.2869 48.3435
193.2927 48.3444
193.2986 48.3454
193.3044 48.3463
193.3103 48.3472
193.3161 48.3482
193.3220 48.3491
193.3279 48.3500
193.3337 48.3510
193.3396 48.3519
193.3454 48.3528
193.3513 48.3537
193.3571 48.3547
193.3630 48.3556
193.3688 48.3565
193.3747 48.3575
193.3806 48.3584
193.3864 48.3593
193.3923 48.3602
193.3981 48.3612
193.4040 48.3621
193.4098 48.3630
193.4157 48.3639
193.4215 48.3649
193.4274 48.3658
193.4332 48.3667
193.4391 48.3676
193.4450 48.3686
193.4508 48.3695
193.4567 48.3704
193.4625 48.3713
193.4684 48.3722
193.4742 48.3732
193.4801 48.3741
193.4859 48.3750
193.4918 48.3759
193.4977 48.3768
193.5035 48.3778
193.5094 48.3787
193.5152 48.3796
193.5211 48.3805
193.5269 48.3814
193.5328 48.3823
193.5386 48.3833
193.5445 48.3842
193.5503 48.3851
193.5562 48.3860
193.5621 48.3869
193.5679 48.3878
193.5738 48.3887
193.5796 48.3896
193.5855 48.3906
193.5913 48.3915
193.5972 48.3924
193.6030 48.3933
193.6089 48.3942
193.6147 48.3951
193.6206 48.3960
193.6264 48.3969
193.6323 48.3978
193.6382 48.3987
193.6440 48.3996
193.6499 48.4006
193.6557 48.4015
193.6616 48.4024
193.6674 48.4033
193.6733 48.4042
193.6791 48.4051
193.6850 48.4060
193.6908 48.4069
193.6967 48.4078
193.7025 48.4087
193.7084 48.4096
193.7143 48.4105
193.7201 48.4114
193.7260 48.4123
193.7318 48.4132
193.7377 48.4141
193.7435 48.4150
193.7494 48.4159
193.7552 48.4168
193.7611 48.4177
193.7669 48.4186
193.7728 48.4195
193.7786 48.4204
193.7845 48.4213
193.7904 48.4222
193.7962 48.4231
193.8021 48.4240
193.8079 48.4249
193.8138 48.4257
193.8196 48.4266
193.8255 48.4275
193.8313 48.4284
193.8372 48.4293
193.8430 48.4302
193.8489 48.4311
193.8547 48.4320
193.8606 48.4329
193.8664 48.4338
193.8723 48.4347
193.8781 48.4355
193.8840 48.4364
193.8899 48.4373
193.8957 48.4382
193.9016 48.4391
193.9074 48.4400
193.9133 48.4409
193.9191 48.4418
193.9250 48.4426
193.9308 48.4435
193.9367 48.4444
193.9425 48.4453
193.9484 48.4462
193.9542 48.4471
193.9601 48.4479
193.9659 48.4488
193.9718 48.4497
193.9776 48.4506
193.9835 48.4515
193.9893 48.4523
193.9952 48.4532
194.0011 48.4541
194.0069 48.4550
194.0128 48.4559
194.0186 48.4567
194.0245 48.4576
194.0303 48.4585
194.0362 48.4594
194.0420 48.4602
194.0479 48.4611
194.0537 48.4620
194.0596 48.4629
194.0654 48.4637
194.0713 48.4646
194.0771 48.4655
194.0830 48.4664
194.0888 48.4672
194.0947 48.4681
194.1005 48.4690
194.1064 48.4699
194.1122 48.4707
194.1181 48.4716
194.1239 48.4725
194.1298 48.4733
194.1356 48.4742
194.1415 48.4751
194.1474 48.4759
194.1532 48.4768
194.1591 48.4777
194.1649 48.4785
194.1708 48.4794
194.1766 48.4803
194.1825 48.4811
194.1883 48.4820
194.1942 48.4829
194.2000 48.4837
194.2059 48.4846
194.2117 48.4854
194.2176 48.4863
194.2234 48.4872
194.2293 48.4880
194.2351 48.4889
194.2410 48.4898
194.2468 48.4906
194.2527 48.4915
194.2585 48.4923
194.2644 48.4932
194.2702 48.4940
194.2761 48.4949
194.2819 48.4958
194.2878 48.4966
194.2936 48.4975
194.2995 48.4983
194.3053 48.4992
194.3112 48.5000
194.3170 48.5009
194.3229 48.5017
194.3287 48.5026
194.3346 48.5035
194.3404 48.5043
194.3463 48.5052
194.3521 48.5060
194.3580 48.5069
194.3638 48.5077
194.3697 48.5086
194.3755 48.5094
194.3814 48.5103
194.3872 48.5111
194.3931 48.5120
194.3989 48.5128
194.4048 48.5137
194.4106 48.5145
194.4165 48.5154
194.4223 48.5162
194.4282 48.5170
194.4340 48.5179
194.4399 48.5187
194.4457 48.5196
194.4516 48.5204
194.4574 48.5213
194.4633 48.5221
194.4691 48.5230
194.4750 48.5238
194.4808 48.5246
194.4867 48.5255
194.4925 48.5263
194.4984 48.5272
194.5042 48.5280
194.5101 48.5288
194.5159 48.5297
194.5218 48.5305
194.5276 48.5314
194.5335 48.5322
194.5393 48.5330
194.5452 48.5339
194.5510 48.5347
194.5569 48.5355
194.5627 48.5364
194.5686 48.5372
194.5744 48.5380
194.5803 48.5389
194.5861 48.5397
194.5920 48.5405
194.5978 48.5414
194.6037 48.5422
194.6095 48.5430
194.6154 48.5439
194.6212 48.5447
194.6271 48.5455
194.6329 48.5464
194.6388 48.5472
194.6446 48.5480
194.6505 48.5488
194.6563 48.5497
194.6622 48.5505
194.6680 48.5513
194.6739 48.5522
194.6797 48.5530
194.6856 48.5538
194.6914 48.5546
194.6973 48.5555
194.7031 48.5563
194.7090 48.5571
194.7148 48.5579
194.7207 48.5587
194.7265 48.5596
194.7324 48.5604
194.7382 48.5612
194.7440 48.5620
194.7499 48.5629
194.7557 48.5637
194.7616 48.5645
194.7674 48.5653
194.7733 48.5661
194.7791 48.5670
194.7850 48.5678
194.7908 48.5686
194.7967 48.5694
194.8025 48.5702
194.8084 48.5710
194.8142 48.5719
194.8201 48.5727
194.8259 48.5735
194.8318 48.5743
194.8376 48.5751
194.8435 48.5759
194.8493 48.5767
194.8552 48.5775
194.8610 48.5784
194.8669 48.5792
194.8727 48.5800
194.8785 48.5808
194.8844 48.5816
194.8902 48.5824
194.8961 48.5832
194.9019 48.5840
194.9078 48.5848
194.9136 48.5856
194.9195 48.5865
194.9253 48.5873
194.9312 48.5881
194.9370 48.5889
194.9429 48.5897
194.9487 48.5905
194.9546 48.5913
194.9604 48.5921
194.9663 48.5929
194.9721 48.5937
194.9780 48.5945
194.9838 48.5953
194.9897 48.5961
194.9955 48.5969
195.0013 48.5977
195.0072 48.5985
195.0130 48.5993
195.0189 48.6001
195.0247 48.6009
195.0306 48.6017
195.0364 48.6025
195.0423 48.6033
195.0481 48.6041
195.0540 48.6049
195.0598 48.6057
195.0657 48.6065
195.0715 48.6073
195.0774 48.6081
195.0832 48.6089
195.0891 48.6097
195.0949 48.6105
195.1007 48.6113
195.1066 48.6120
195.1124 48.6128
195.1183 48.6136
195.1241 48.6144
195.1300 48.6152
195.1358 48.6160
195.1417 48.6168
195.1475 48.6176
195.1534 48.6184
195.1592 48.6192
195.1651 48.6200
195.1709 48.6207
195.1768 48.6215
195.1826 48.6223
195.1884 48.6231
195.1943 48.6239
195.2001 48.6247
195.2060 48.6255
195.2118 48.6262
195.2177 48.6270
195.2235 48.6278
195.2294 48.6286
195.2352 48.6294
195.2411 48.6302
195.2469 48.6309
195.2528 48.6317
195.2586 48.6325
195.2645 48.6333
195.2703 48.6341
195.2761 48.6348
195.2820 48.6356
195.2878 48.6364
195.2937 48.6372
195.2995 48.6380
195.3054 48.6387
195.3112 48.6395
195.3171 48.6403
195.3229 48.6411
195.3288 48.6418
195.3346 48.6426
195.3405 48.6434
195.3463 48.6442
195.3521 48.6449
195.3580 48.6457
195.3638 48.6465
195.3697 48.6473
195.3755 48.6480
195.3814 48.6488
195.3872 48.6496
195.3931 48.6503
195.3989 48.6511
195.4048 48.6519
195.4106 48.6526
195.4164 48.6534
195.4223 48.6542
195.4281 48.6550
195.4340 48.6557
195.4398 48.6565
195.4457 48.6573
195.4515 48.6580
195.4574 48.6588
195.4632 48.6595
195.4691 48.6603
195.4749 48.6611
195.4807 48.6618
195.4866 48.6626
195.4924 48.6634
195.4983 48.6641
195.5041 48.6649
195.5100 48.6657
195.5158 48.6664
195.5217 48.6672
195.5275 48.6679
195.5334 48.6687
195.5392 48.6695
195.5450 48.6702
195.5509 48.6710
195.5567 48.6717
195.5626 48.6725
195.5684 48.6732
195.5743 48.6740
195.5801 48.6748
195.5860 48.6755
195.5918 48.6763
195.5977 48.6770
195.6035 48.6778
195.6093 48.6785
195.6152 48.6793
195.6210 48.6800
195.6269 48.6808
195.6327 48.6815
195.6386 48.6823
195.6444 48.6830
195.6503 48.6838
195.6561 48.6845
195.6619 48.6853
195.6678 48.6860
195.6736 48.6868
195.6795 48.6875
195.6853 48.6883
195.6912 48.6890
195.6970 48.6898
195.7029 48.6905
195.7087 48.6913
195.7145 48.6920
195.7204 48.6928
195.7262 48.6935
195.7321 48.6943
195.7379 48.6950
195.7438 48.6957
195.7496 48.6965
195.7555 48.6972
195.7613 48.6980
195.7671 48.6987
195.7730 48.6995
195.7788 48.7002
195.7847 48.7009
195.7905 48.7017
195.7964 48.7024
195.8022 48.7032
195.8081 48.7039
195.8139 48.7046
195.8197 48.7054
195.8256 48.7061
195.8314 48.7068
195.8373 48.7076
195.8431 48.7083
195.8490 48.7090
195.8548 48.7098
195.8606 48.7105
195.8665 48.7112
195.8723 48.7120
195.8782 48.7127
195.8840 48.7134
195.8899 48.7142
195.8957 48.7149
195.9016 48.7156
195.9074 48.7164
195.9132 48.7171
195.9191 48.7178
195.9249 48.7186
195.9308 48.7193
195.9366 48.7200
195.9425 48.7207
195.9483 48.7215
195.9541 48.7222
195.9600 48.7229
195.9658 48.7237
195.9717 48.7244
195.9775 48.7251
195.9834 48.7258
195.9892 48.7266
195.9950 48.7273
196.0009 48.7280
196.0067 48.7287
196.0126 48.7294
196.0184 48.7302
196.0243 48.7309
196.0301 48.7316
196.0359 48.7323
196.0418 48.7331
196.0476 48.7338
196.0535 48.7345
196.0593 48.7352
196.0652 48.7359
196.0710 48.7366
196.0768 48.7374
196.0827 48.7381
196.0885 48.7388
196.0944 48.7395
196.1002 48.7402
196.1061 48.7409
196.1119 48.7417
196.1177 48.7424
196.1236 48.7431
196.1294 48.7438
196.1353 48.7445
196.1411 48.7452
196.1470 48.7459
196.1528 48.7467
196.1586 48.7474
196.1645 48.7481
196.1703 48.7488
196.1762 48.7495
196.1820 48.7502
196.1878 48.7509
196.1937 48.7516
196.1995 48.7523
196.2054 48.7530
196.2112 48.7537
196.2171 48.7545
196.2229 48.7552
196.2287 48.7559
196.2346 48.7566
196.2404 48.7573
196.2463 48.7580
196.2521 48.7587
196.2579 48.7594
196.2638 48.7601
196.2696 48.7608
196.2755 48.7615
196.2813 48.7622
196.2872 48.7629
196.2930 48.7636
196.2988 48.7643
196.3047 48.7650
196.3105 48.7657
196.3164 48.7664
196.3222 48.7671
196.3280 48.7678
196.3339 48.7685
196.3397 48.7692
196.3456 48.7699
196.3514 48.7706
196.3573 48.7713
196.3631 48.7720
196.3689 48.7727
196.3748 48.7734
196.3806 48.7741
196.3865 48.7747
196.3923 48.7754
196.3981 48.7761
196.4040 48.7768
196.4098 48.7775
196.4157 48.7782
196.4215 48.7789
196.4273 48.7796
196.4332 48.7803
196.4390 48.7810
196.4449 48.7817
196.4507 48.7823
196.4566 48.7830
196.4624 48.7837
196.4682 48.7844
196.4741 48.7851
196.4799 48.7858
196.4858 48.7865
196.4916 48.7872
196.4974 48.7878
196.5033 48.7885
196.5091 48.7892
196.5150 48.7899
196.5208 48.7906
196.5266 48.7913
196.5325 48.7919
196.5383 48.7926
196.5442 48.7933
196.5500 48.7940
196.5559 48.7947
196.5617 48.7953
196.5675 48.7960
196.5734 48.7967
196.5792 48.7974
196.5851 48.7981
196.5909 48.7987
196.5967 48.7994
196.6026 48.8001
196.6084 48.8008
196.6143 48.8015
196.6201 48.8021
196.6259 48.8028
196.6318 48.8035
196.6376 48.8042
196.6435 48.8048
196.6493 48.8055
196.6551 48.8062
196.6610 48.8068
196.6668 48.8075
196.6727 48.8082
196.6785 48.8089
196.6843 48.8095
196.6902 48.8102
196.6960 48.8109
196.7019 48.8115
196.7077 48.8122
196.7135 48.8129
196.7194 48.8135
196.7252 48.8142
196.7311 48.8149
196.7369 48.8155
196.7427 48.8162
196.7486 48.8169
196.7544 48.8175
196.7603 48.8182
196.7661 48.8189
196.7719 48.8195
196.7778 48.8202
196.7836 48.8209
196.7895 48.8215
196.7953 48.8222
196.8011 48.8229
196.8070 48.8235
196.8128 48.8242
196.8187 48.8248
196.8245 48.8255
196.8303 48.8262
196.8362 48.8268
196.8420 48.8275
196.8479 48.8281
196.8537 48.8288
196.8595 48.8294
196.8654 48.8301
196.8712 48.8308
196.8771 48.8314
196.8829 48.8321
196.8887 48.8327
196.8946 48.8334
196.9004 48.8340
196.9063 48.8347
196.9121 48.8353
196.9179 48.8360
196.9238 48.8367
196.9296 48.8373
196.9355 48.8380
196.9413 48.8386
196.9471 48.8393
196.9530 48.8399
196.9588 48.8406
196.9647 48.8412
196.9705 48.8419
196.9763 48.8425
196.9822 48.8432
196.9880 48.8438
196.9939 48.8444
196.9997 48.8451
197.0055 48.8457
197.0114 48.8464
197.0172 48.8470
197.0231 48.8477
197.0289 48.8483
197.0347 48.8490
197.0406 48.8496
197.0464 48.8503
197.0522 48.8509
197.0581 48.8515
197.0639 48.8522
197.0698 48.8528
197.0756 48.8535
197.0814 48.8541
197.0873 48.8547
197.0931 48.8554
197.0990 48.8560
197.1048 48.8567
197.1106 48.8573
197.1165 48.8579
197.1223 48.8586
197.1282 48.8592
197.1340 48.8599
197.1398 48.8605
197.1457 48.8611
197.1515 48.8618
197.1573 48.8624
197.1632 48.8630
197.1690 48.8637
197.1749 48.8643
197.1807 48.8649
197.1865 48.8656
197.1924 48.8662
197.1982 48.8668
197.2041 48.8675
197.2099 48.8681
197.2157 48.8687
197.2216 48.8693
197.2274 48.8700
197.2333 48.8706
197.2391 48.8712
197.2449 48.8719
197.2508 48.8725
197.2566 48.8731
197.2624 48.8737
197.2683 48.8744
197.2741 48.8750
197.2800 48.8756
197.2858 48.8762
197.2916 48.8769
197.2975 48.8775
197.3033 48.8781
197.3091 48.8787
197.3150 48.8794
197.3208 48.8800
197.3267 48.8806
197.3325 48.8812
197.3383 48.8819
197.3442 48.8825
197.3500 48.8831
197.3559 48.8837
197.3617 48.8843
197.3675 48.8850
197.3734 48.8856
197.3792 48.8862
197.3850 48.8868
197.3909 48.8874
197.3967 48.8880
197.4026 48.8887
197.4084 48.8893
197.4142 48.8899
197.4201 48.8905
197.4259 48.8911
197.4317 48.8917
197.4376 48.8924
197.4434 48.8930
197.4493 48.8936
197.4551 48.8942
197.4609 48.8948
197.4668 48.8954
197.4726 48.8960
197.4784 48.8966
197.4843 48.8972
197.4901 48.8979
197.4960 48.8985
197.5018 48.8991
197.5076 48.8997
197.5135 48.9003
197.5193 48.9009
197.5251 48.9015
197.5310 48.9021
197.5368 48.9027
197.5427 48.9033
197.5485 48.9039
197.5543 48.9045
197.5602 48.9051
197.5660 48.9057
197.5718 48.9063
197.5777 48.9069
197.5835 48.9076
197.5893 48.9082
197.5952 48.9088
197.6010 48.9094
197.6069 48.9100
197.6127 48.9106
197.6185 48.9112
197.6244 48.9118
197.6302 48.9124
197.6360 48.9130
197.6419 48.9136
197.6477 48.9142
197.6536 48.9148
197.6594 48.9153
197.6652 48.9159
197.6711 48.9165
197.6769 48.9171
197.6827 48.9177
197.6886 48.9183
197.6944 48.9189
197.7002 48.9195
197.7061 48.9201
197.7119 48.9207
197.7178 48.9213
197.7236 48.9219
197.7294 48.9225
197.7353 48.9231
197.7411 48.9237
197.7469 48.9243
197.7528 48.9248
197.7586 48.9254
197.7644 48.9260
197.7703 48.9266
197.7761 48.9272
197.7820 48.9278
197.7878 48.9284
197.7936 48.9290
197.7995 48.9296
197.8053 48.9301
197.8111 48.9307
197.8170 48.9313
197.8228 48.9319
197.8286 48.9325
197.8345 48.9331
197.8403 48.9336
197.8461 48.9342
197.8520 48.9348
197.8578 48.9354
197.8637 48.9360
197.8695 48.9366
197.8753 48.9371
197.8812 48.9377
197.8870 48.9383
197.8928 48.9389
197.8987 48.9395
197.9045 48.9400
197.9103 48.9406
197.9162 48.9412
197.9220 48.9418
197.9278 48.9423
197.9337 48.9429
197.9395 48.9435
197.9454 48.9441
197.9512 48.9447
197.9570 48.9452
197.9629 48.9458
197.9687 48.9464
197.9745 48.9469
197.9804 48.9475
197.9862 48.9481
197.9920 48.9487
197.9979 48.9492
198.0037 48.9498
198.0095 48.9504
198.0154 48.9510
198.0212 48.9515
198.0270 48.9521
198.0329 48.9527
198.0387 48.9532
198.0446 48.9538
198.0504 48.9544
198.0562 48.9549
198.0621 48.9555
198.0679 48.9561
198.0737 48.9566
198.0796 48.9572
198.0854 48.9578
198.0912 48.9583
198.0971 48.9589
198.1029 48.9595
198.1087 48.9600
198.1146 48.9606
198.1204 48.9612
198.1262 48.9617
198.1321 48.9623
198.1379 48.9628
198.1438 48.9634
198.1496 48.9640
198.1554 48.9645
198.1613 48.9651
198.1671 48.9656
198.1729 48.9662
198.1788 48.9668
198.1846 48.9673
198.1904 48.9679
198.1963 48.9684
198.2021 48.9690
198.2079 48.9695
198.2138 48.9701
198.2196 48.9707
198.2254 48.9712
198.2313 48.9718
198.2371 48.9723
198.2430 48.9729
198.2488 48.9734
198.2546 48.9740
198.2605 48.9745
198.2663 48.9751
198.2721 48.9756
198.2780 48.9762
198.2838 48.9767
198.2896 48.9773
198.2955 48.9778
198.3013 48.9784
198.3071 48.9789
198.3130 48.9795
198.3188 48.9800
198.3246 48.9806
198.3305 48.9811
198.3363 48.9817
198.3421 48.9822
198.3480 48.9828
198.3538 48.9833
198.3596 48.9839
198.3655 48.9844
198.3713 48.9850
198.3771 48.9855
198.3830 48.9860
198.3888 48.9866
198.3947 48.9871
198.4005 48.9877
198.4063 48.9882
198.4122 48.9888
198.4180 48.9893
198.4238 48.9898
198.4297 48.9904
198.4355 48.9909
198.4413 48.9915
198.4472 48.9920
198.4530 48.9925
198.4588 48.9931
198.4647 48.9936
198.4705 48.9942
198.4763 48.9947
198.4822 48.9952
198.4880 48.9958
198.4938 48.9963
198.4997 48.9968
198.5055 48.9974
198.5113 48.9979
198.5172 48.9984
198.5230 48.9990
198.5288 48.9995
198.5347 49.0000
198.5405 49.0006
198.5463 49.0011
198.5522 49.0016
198.5580 49.0022
198.5638 49.0027
198.5697 49.0032
198.5755 49.0038
198.5813 49.0043
198.5872 49.0048
198.5930 49.0053
198.5988 49.0059
198.6047 49.0064
198.6105 49.0069
198.6163 49.0074
198.6222 49.0080
198.6280 49.0085
198.6338 49.0090
198.6397 49.0096
198.6455 49.0101
198.6513 49.0106
198.6572 49.0111
198.6630 49.0116
198.6688 49.0122
198.6747 49.0127
198.6805 49.0132
198.6863 49.0137
198.6922 49.0143
198.6980 49.0148
198.7039 49.0153
198.7097 49.0158
198.7155 49.0163
198.7214 49.0169
198.7272 49.0174
198.7330 49.0179
198.7389 49.0184
198.7447 49.0189
198.7505 49.0195
198.7564 49.0200
198.7622 49.0205
198.7680 49.0210
198.7739 49.0215
198.7797 49.0220
198.7855 49.0225
198.7913 49.0231
198.7972 49.0236
198.8030 49.0241
198.8088 49.0246
198.8147 49.0251
198.8205 49.0256
198.8263 49.0261
198.8322 49.0266
198.8380 49.0272
198.8438 49.0277
198.8497 49.0282
198.8555 49.0287
198.8613 49.0292
198.8672 49.0297
198.8730 49.0302
198.8788 49.0307
198.8847 49.0312
198.8905 49.0317
198.8963 49.0322
198.9022 49.0328
198.9080 49.0333
198.9138 49.0338
198.9197 49.0343
198.9255 49.0348
198.9313 49.0353
198.9372 49.0358
198.9430 49.0363
198.9488 49.0368
198.9547 49.0373
198.9605 49.0378
198.9663 49.0383
198.9722 49.0388
198.9780 49.0393
198.9838 49.0398
198.9897 49.0403
198.9955 49.0408
199.0013 49.0413
199.0072 49.0418
199.0130 49.0423
199.0188 49.0428
199.0247 49.0433
199.0305 49.0438
199.0363 49.0443
199.0422 49.0448
199.0480 49.0453
199.0538 49.0458
199.0597 49.0463
199.0655 49.0468
199.0713 49.0473
199.0771 49.0478
199.0830 49.0482
199.0888 49.0487
199.0946 49.0492
199.1005 49.0497
199.1063 49.0502
199.1121 49.0507
199.1180 49.0512
199.1238 49.0517
199.1296 49.0522
199.1355 49.0527
199.1413 49.0532
199.1471 49.0536
199.1530 49.0541
199.1588 49.0546
199.1646 49.0551
199.1705 49.0556
199.1763 49.0561
199.1821 49.0566
199.1880 49.0571
199.1938 49.0575
199.1996 49.0580
199.2054 49.0585
199.2113 49.0590
199.2171 49.0595
199.2229 49.0600
199.2288 49.0604
199.2346 49.0609
199.2404 49.0614
199.2463 49.0619
199.2521 49.0624
199.2579 49.0629
199.2638 49.0633
199.2696 49.0638
199.2754 49.0643
199.2813 49.0648
199.2871 49.0653
199.2929 49.0657
199.2987 49.0662
199.3046 49.0667
199.3104 49.0672
199.3162 49.0676
199.3221 49.0681
199.3279 49.0686
199.3337 49.0691
199.3396 49.0696
199.3454 49.0700
199.3512 49.0705
199.3571 49.0710
199.3629 49.0714
199.3687 49.0719
199.3746 49.0724
199.3804 49.0729
199.3862 49.0733
199.3920 49.0738
199.3979 49.0743
199.4037 49.0748
199.4095 49.0752
199.4154 49.0757
199.4212 49.0762
199.4270 49.0766
199.4329 49.0771
199.4387 49.0776
199.4445 49.0780
199.4504 49.0785
199.4562 49.0790
199.4620 49.0794
199.4678 49.0799
199.4737 49.0804
199.4795 49.0808
199.4853 49.0813
199.4912 49.0818
199.4970 49.0822
199.5028 49.0827
199.5087 49.0832
199.5145 49.0836
199.5203 49.0841
199.5262 49.0846
199.5320 49.0850
199.5378 49.0855
199.5436 49.0859
199.5495 49.0864
199.5553 49.0869
199.5611 49.0873
199.5670 49.0878
199.5728 49.0882
199.5786 49.0887
199.5845 49.0892
199.5903 49.0896
199.5961 49.0901
199.6020 49.0905
199.6078 49.0910
199.6136 49.0914
199.6194 49.0919
199.6253 49.0923
199.6311 49.0928
199.6369 49.0933
199.6428 49.0937
199.6486 49.0942
199.6544 49.0946
199.6603 49.0951
199.6661 49.0955
199.6719 49.0960
199.6778 49.0964
199.6836 49.0969
199.6894 49.0973
199.6952 49.0978
199.7011 49.0982
199.7069 49.0987
199.7127 49.0991
199.7186 49.0996
199.7244 49.1000
199.7302 49.1005
199.7361 49.1009
199.7419 49.1014
199.7477 49.1018
199.7535 49.1023
199.7594 49.1027
199.7652 49.1032
199.7710 49.1036
199.7769 49.1041
199.7827 49.1045
199.7885 49.1049
199.7944 49.1054
199.8002 49.1058
199.8060 49.1063
199.8119 49.1067
199.8177 49.1072
199.8235 49.1076
199.8293 49.1080
199.8352 49.1085
199.8410 49.1089
199.8468 49.1094
199.8527 49.1098
199.8585 49.1102
199.8643 49.1107
199.8702 49.1111
199.8760 49.1116
199.8818 49.1120
199.8876 49.1124
199.8935 49.1129
199.8993 49.1133
199.9051 49.1137
199.9110 49.1142
199.9168 49.1146
199.9226 49.1151
199.9285 49.1155
199.9343 49.1159
199.9401 49.1164
199.9459 49.1168
199.9518 49.1172
199.9576 49.1177
199.9634 49.1181
199.9693 49.1185
199.9751 49.1190
199.9809 49.1194
199.9867 49.1198
199.9926 49.1202
199.9984 49.1207
200.0042 49.1211
200.0101 49.1215
200.0159 49.1220
200.0217 49.1224
200.0276 49.1228
200.0334 49.1233
200.0392 49.1237
200.0450 49.1241
200.0509 49.1245
200.0567 49.1250
200.0625 49.1254
200.0684 49.1258
200.0742 49.1262
200.0800 49.1267
200.0859 49.1271
200.0917 49.1275
200.0975 49.1279
200.1033 49.1284
200.1092 49.1288
200.1150 49.1292
200.1208 49.1296
200.1267 49.1300
200.1325 49.1305
200.1383 49.1309
200.1441 49.1313
200.1500 49.1317
200.1558 49.1321
200.1616 49.1326
200.1675 49.1330
200.1733 49.1334
200.1791 49.1338
200.1850 49.1342
200.1908 49.1347
200.1966 49.1351
200.2024 49.1355
200.2083 49.1359
200.2141 49.1363
200.2199 49.1367
200.2258 49.1371
200.2316 49.1376
200.2374 49.1380
200.2432 49.1384
200.2491 49.1388
200.2549 49.1392
200.2607 49.1396
200.2666 49.1400
200.2724 49.1405
200.2782 49.1409
200.2840 49.1413
200.2899 49.1417
200.2957 49.1421
200.3015 49.1425
200.3074 49.1429
200.3132 49.1433
200.3190 49.1437
200.3248 49.1441
200.3307 49.1446
200.3365 49.1450
200.3423 49.1454
200.3482 49.1458
200.3540 49.1462
200.3598 49.1466
200.3656 49.1470
200.3715 49.1474
200.3773 49.1478
200.3831 49.1482
200.3890 49.1486
200.3948 49.1490
200.4006 49.1494
200.4064 49.1498
200.4123 49.1502
200.4181 49.1506
200.4239 49.1510
200.4298 49.1514
200.4356 49.1518
200.4414 49.1522
200.4472 49.1526
200.4531 49.1530
200.4589 49.1534
200.4647 49.1538
200.4706 49.1542
200.4764 49.1546
200.4822 49.1550
200.4880 49.1554
200.4939 49.1558
200.4997 49.1562
200.5055 49.1566
200.5114 49.1570
200.5172 49.1574
200.5230 49.1578
200.5288 49.1582
200.5347 49.1586
200.5405 49.1590
200.5463 49.1594
200.5522 49.1598
200.5580 49.1602
200.5638 49.1606
200.5696 49.1609
200.5755 49.1613
200.5813 49.1617
200.5871 49.1621
200.5930 49.1625
200.5988 49.1629
200.6046 49.1633
200.6104 49.1637
200.6163 49.1641
200.6221 49.1645
200.6279 49.1648
200.6337 49.1652
200.6396 49.1656
200.6454 49.1660
200.6512 49.1664
200.6571 49.1668
200.6629 49.1672
200.6687 49.1676
200.6745 49.1679
200.6804 49.1683
200.6862 49.1687
200.6920 49.1691
200.6979 49.1695
200.7037 49.1699
200.7095 49.1702
200.7153 49.1706
200.7212 49.1710
200.7270 49.1714
200.7328 49.1718
200.7386 49.1722
200.7445 49.1725
200.7503 49.1729
200.7561 49.1733
200.7620 49.1737
200.7678 49.1741
200.7736 49.1744
200.7794 49.1748
200.7853 49.1752
200.7911 49.1756
200.7969 49.1759
200.8027 49.1763
200.8086 49.1767
200.8144 49.1771
200.8202 49.1774
200.8261 49.1778
200.8319 49.1782
200.8377 49.1786
200.8435 49.1789
200.8494 49.1793
200.8552 49.1797
200.8610 49.1801
200.8668 49.1804
200.8727 49.1808
200.8785 49.1812
200.8843 49.1816
200.8901 49.1819
200.8960 49.1823
200.9018 49.1827
200.9076 49.1830
200.9135 49.1834
200.9193 49.1838
200.9251 49.1842
200.9309 49.1845
200.9368 49.1849
200.9426 49.1853
200.9484 49.1856
200.9542 49.1860
200.9601 49.1864
200.9659 49.1867
200.9717 49.1871
200.9776 49.1875
200.9834 49.1878
200.9892 49.1882
200.9950 49.1886
201.0009 49.1889
201.0067 49.1893
201.0125 49.1896
201.0183 49.1900
201.0242 49.1904
201.0300 49.1907
201.0358 49.1911
201.0416 49.1915
201.0475 49.1918
201.0533 49.1922
201.0591 49.1925
201.0650 49.1929
201.0708 49.1933
201.0766 49.1936
201.0824 49.1940
201.0883 49.1943
201.0941 49.1947
201.0999 49.1951
201.1057 49.1954
201.1116 49.1958
201.1174 49.1961
201.1232 49.1965
201.1291 49.1968
201.1349 49.1972
201.1407 49.1976
201.1465 49.1979
201.1524 49.1983
201.1582 49.1986
201.1640 49.1990
201.1698 49.1993
201.1757 49.1997
201.1815 49.2000
201.1873 49.2004
201.1931 49.2007
201.1990 49.2011
201.2048 49.2014
201.2106 49.2018
201.2165 49.2021
201.2223 49.2025
201.2281 49.2028
201.2339 49.2032
201.2398 49.2035
201.2456 49.2039
201.2514 49.2042
201.2572 49.2046
201.2631 49.2049
201.2689 49.2053
201.2747 49.2056
201.2805 49.2060
201.2864 49.2063
201.2922 49.2067
201.2980 49.2070
201.3038 49.2074
201.3097 49.2077
201.3155 49.2080
201.3213 49.2084
201.3272 49.2087
201.3330 49.2091
201.3388 49.2094
201.3446 49.2098
201.3505 49.2101
201.3563 49.2105
201.3621 49.2108
201.3679 49.2111
201.3738 49.2115
201.3796 49.2118
201.3854 49.2122
201.3912 49.2125
201.3971 49.2128
201.4029 49.2132
201.4087 49.2135
201.4145 49.2139
201.4204 49.2142
201.4262 49.2145
201.4320 49.2149
201.4379 49.2152
201.4437 49.2155
201.4495 49.2159
201.4553 49.2162
201.4612 49.2165
201.4670 49.2169
201.4728 49.2172
201.4786 49.2176
201.4845 49.2179
201.4903 49.2182
201.4961 49.2186
201.5019 49.2189
201.5078 49.2192
201.5136 49.2196
201.5194 49.2199
201.5252 49.2202
201.5311 49.2205
201.5369 49.2209
201.5427 49.2212
201.5485 49.2215
201.5544 49.2219
201.5602 49.2222
201.5660 49.2225
201.5719 49.2229
201.5777 49.2232
201.5835 49.2235
201.5893 49.2238
201.5952 49.2242
201.6010 49.2245
201.6068 49.2248
201.6126 49.2251
201.6185 49.2255
201.6243 49.2258
201.6301 49.2261
201.6359 49.2265
201.6418 49.2268
201.6476 49.2271
201.6534 49.2274
201.6592 49.2277
201.6651 49.2281
201.6709 49.2284
201.6767 49.2287
201.6825 49.2290
201.6884 49.2294
201.6942 49.2297
201.7000 49.2300
201.7058 49.2303
201.7117 49.2306
201.7175 49.2310
201.7233 49.2313
201.7291 49.2316
201.7350 49.2319
201.7408 49.2322
201.7466 49.2326
201.7524 49.2329
201.7583 49.2332
201.7641 49.2335
201.7699 49.2338
201.7757 49.2341
201.7816 49.2345
201.7874 49.2348
201.7932 49.2351
201.7990 49.2354
201.8049 49.2357
201.8107 49.2360
201.8165 49.2364
201.8224 49.2367
201.8282 49.2370
201.8340 49.2373
201.8398 49.2376
201.8457 49.2379
201.8515 49.2382
201.8573 49.2385
201.8631 49.2389
201.8690 49.2392
201.8748 49.2395
201.8806 49.2398
201.8864 49.2401
201.8923 49.2404
201.8981 49.2407
201.9039 49.2410
201.9097 49.2413
201.9156 49.2416
201.9214 49.2419
201.9272 49.2423
201.9330 49.2426
201.9389 49.2429
201.9447 49.2432
201.9505 49.2435
201.9563 49.2438
201.9622 49.2441
201.9680 49.2444
201.9738 49.2447
201.9796 49.2450
201.9855 49.2453
201.9913 49.2456
201.9971 49.2459
202.0029 49.2462
202.0088 49.2465
202.0146 49.2468
202.0204 49.2471
202.0262 49.2474
202.0321 49.2477
202.0379 49.2480
202.0437 49.2483
202.0495 49.2486
202.0553 49.2489
202.0612 49.2492
202.0670 49.2495
202.0728 49.2498
202.0786 49.2501
202.0845 49.2504
202.0903 49.2507
202.0961 49.2510
202.1019 49.2513
202.1078 49.2516
202.1136 49.2519
202.1194 49.2522
202.1252 49.2525
202.1311 49.2528
202.1369 49.2531
202.1427 49.2534
202.1485 49.2537
202.1544 49.2540
202.1602 49.2543
202.1660 49.2546
202.1718 49.2549
202.1777 49.2552
202.1835 49.2554
202.1893 49.2557
202.1951 49.2560
202.2010 49.2563
202.2068 49.2566
202.2126 49.2569
202.2184 49.2572
202.2243 49.2575
202.2301 49.2578
202.2359 49.2581
202.2417 49.2584
202.2476 49.2586
202.2534 49.2589
202.2592 49.2592
202.2650 49.2595
202.2709 49.2598
202.2767 49.2601
202.2825 49.2604
202.2883 49.2607
202.2941 49.2609
202.3000 49.2612
202.3058 49.2615
202.3116 49.2618
202.3174 49.2621
202.3233 49.2624
202.3291 49.2626
202.3349 49.2629
202.3407 49.2632
202.3466 49.2635
202.3524 49.2638
202.3582 49.2641
202.3640 49.2643
202.3699 49.2646
202.3757 49.2649
202.3815 49.2652
202.3873 49.2655
202.3932 49.2657
202.3990 49.2660
202.4048 49.2663
202.4106 49.2666
202.4164 49.2669
202.4223 49.2671
202.4281 49.2674
202.4339 49.2677
202.4397 49.2680
202.4456 49.2683
202.4514 49.2685
202.4572 49.2688
202.4630 49.2691
202.4689 49.2694
202.4747 49.2696
202.4805 49.2699
202.4863 49.2702
202.4922 49.2705
202.4980 49.2707
202.5038 49.2710
202.5096 49.2713
202.5155 49.2716
202.5213 49.2718
202.5271 49.2721
202.5329 49.2724
202.5387 49.2727
202.5446 49.2729
202.5504 49.2732
202.5562 49.2735
202.5620 49.2737
202.5679 49.2740
202.5737 49.2743
202.5795 49.2745
202.5853 49.2748
202.5912 49.2751
202.5970 49.2754
202.6028 49.2756
202.6086 49.2759
202.6145 49.2762
202.6203 49.2764
202.6261 49.2767
202.6319 49.2770
202.6377 49.2772
202.6436 49.2775
202.6494 49.2778
202.6552 49.2780
202.6610 49.2783
202.6669 49.2786
202.6727 49.2788
202.6785 49.2791
202.6843 49.2794
202.6902 49.2796
202.6960 49.2799
202.7018 49.2801
202.7076 49.2804
202.7135 49.2807
202.7193 49.2809
202.7251 49.2812
202.7309 49.2815
202.7367 49.2817
202.7426 49.2820
202.7484 49.2822
202.7542 49.2825
202.7600 49.2828
202.7659 49.2830
202.7717 49.2833
202.7775 49.2835
202.7833 49.2838
202.7892 49.2840
202.7950 49.2843
202.8008 49.2846
202.8066 49.2848
202.8124 49.2851
202.8183 49.2853
202.8241 49.2856
202.8299 49.2858
202.8357 49.2861
202.8416 49.2864
202.8474 49.2866
202.8532 49.2869
202.8590 49.2871
202.8649 49.2874
202.8707 49.2876
202.8765 49.2879
202.8823 49.2881
202.8882 49.2884
202.8940 49.2886
202.8998 49.2889
202.9056 49.2891
202.9114 49.2894
202.9173 49.2896
202.9231 49.2899
202.9289 49.2901
202.9347 49.2904
202.9406 49.2906
202.9464 49.2909
202.9522 49.2911
202.9580 49.2914
202.9639 49.2916
202.9697 49.2919
202.9755 49.2921
202.9813 49.2924
202.9871 49.2926
202.9930 49.2929
202.9988 49.2931
203.0046 49.2934
203.0104 49.2936
203.0163 49.2939
203.0221 49.2941
203.0279 49.2944
203.0337 49.2946
203.0396 49.2949
203.0454 49.2951
203.0512 49.2953
203.0570 49.2956
203.0628 49.2958
203.0687 49.2961
203.0745 49.2963
203.0803 49.2966
203.0861 49.2968
203.0920 49.2970
203.0978 49.2973
203.1036 49.2975
203.1094 49.2978
203.1152 49.2980
203.1211 49.2982
203.1269 49.2985
203.1327 49.2987
203.1385 49.2990
203.1444 49.2992
203.1502 49.2994
203.1560 49.2997
203.1618 49.2999
203.1677 49.3002
203.1735 49.3004
203.1793 49.3006
203.1851 49.3009
203.1909 49.3011
203.1968 49.3013
203.2026 49.3016
203.2084 49.3018
203.2142 49.3020
203.2201 49.3023
203.2259 49.3025
203.2317 49.3028
203.2375 49.3030
203.2433 49.3032
203.2492 49.3035
203.2550 49.3037
203.2608 49.3039
203.2666 49.3042
203.2725 49.3044
203.2783 49.3046
203.2841 49.3048
203.2899 49.3051
203.2958 49.3053
203.3016 49.3055
203.3074 49.3058
203.3132 49.3060
203.3190 49.3062
203.3249 49.3065
203.3307 49.3067
203.3365 49.3069
203.3423 49.3071
203.3482 49.3074
203.3540 49.3076
203.3598 49.3078
203.3656 49.3081
203.3714 49.3083
203.3773 49.3085
203.3831 49.3087
203.3889 49.3090
203.3947 49.3092
203.4006 49.3094
203.4064 49.3096
203.4122 49.3099
203.4180 49.3101
203.4238 49.3103
203.4297 49.3105
203.4355 49.3108
203.4413 49.3110
203.4471 49.3112
203.4530 49.3114
203.4588 49.3117
203.4646 49.3119
203.4704 49.3121
203.4762 49.3123
203.4821 49.3125
203.4879 49.3128
203.4937 49.3130
203.4995 49.3132
203.5054 49.3134
203.5112 49.3136
203.5170 49.3139
203.5228 49.3141
203.5286 49.3143
203.5345 49.3145
203.5403 49.3147
203.5461 49.3150
203.5519 49.3152
203.5578 49.3154
203.5636 49.3156
203.5694 49.3158
203.5752 49.3160
203.5810 49.3163
203.5869 49.3165
203.5927 49.3167
203.5985 49.3169
203.6043 49.3171
203.6102 49.3173
203.6160 49.3176
203.6218 49.3178
203.6276 49.3180
203.6334 49.3182
203.6393 49.3184
203.6451 49.3186
203.6509 49.3188
203.6567 49.3191
203.6625 49.3193
203.6684 49.3195
203.6742 49.3197
203.6800 49.3199
203.6858 49.3201
203.6917 49.3203
203.6975 49.3205
203.7033 49.3207
203.7091 49.3210
203.7149 49.3212
203.7208 49.3214
203.7266 49.3216
203.7324 49.3218
203.7382 49.3220
203.7441 49.3222
203.7499 49.3224
203.7557 49.3226
203.7615 49.3228
203.7673 49.3230
203.7732 49.3232
203.7790 49.3234
203.7848 49.3237
203.7906 49.3239
203.7964 49.3241
203.8023 49.3243
203.8081 49.3245
203.8139 49.3247
203.8197 49.3249
203.8256 49.3251
203.8314 49.3253
203.8372 49.3255
203.8430 49.3257
203.8488 49.3259
203.8547 49.3261
203.8605 49.3263
203.8663 49.3265
203.8721 49.3267
203.8779 49.3269
203.8838 49.3271
203.8896 49.3273
203.8954 49.3275
203.9012 49.3277
203.9071 49.3279
203.9129 49.3281
203.9187 49.3283
203.9245 49.3285
203.9303 49.3287
203.9362 49.3289
203.9420 49.3291
203.9478 49.3293
203.9536 49.3295
203.9594 49.3297
203.9653 49.3299
203.9711 49.3301
203.9769 49.3303
203.9827 49.3305
203.9885 49.3307
203.9944 49.3309
204.0002 49.3311
204.0060 49.3313
204.0118 49.3315
204.0177 49.3317
204.0235 49.3319
204.0293 49.3321
204.0351 49.3322
204.0409 49.3324
204.0468 49.3326
204.0526 49.3328
204.0584 49.3330
204.0642 49.3332
204.0700 49.3334
204.0759 49.3336
204.0817 49.3338
204.0875 49.3340
204.0933 49.3342
204.0991 49.3344
204.1050 49.3346
204.1108 49.3347
204.1166 49.3349
204.1224 49.3351
204.1283 49.3353
204.1341 49.3355
204.1399 49.3357
204.1457 49.3359
204.1515 49.3361
204.1574 49.3363
204.1632 49.3364
204.1690 49.3366
204.1748 49.3368
204.1806 49.3370
204.1865 49.3372
204.1923 49.3374
204.1981 49.3376
204.2039 49.3377
204.2097 49.3379
204.2156 49.3381
204.2214 49.3383
204.2272 49.3385
204.2330 49.3387
204.2389 49.3389
204.2447 49.3390
204.2505 49.3392
204.2563 49.3394
204.2621 49.3396
204.2680 49.3398
204.2738 49.3400
204.2796 49.3401
204.2854 49.3403
204.2912 49.3405
204.2971 49.3407
204.3029 49.3409
204.3087 49.3410
204.3145 49.3412
204.3203 49.3414
204.3262 49.3416
204.3320 49.3418
204.3378 49.3419
204.3436 49.3421
204.3494 49.3423
204.3553 49.3425
204.3611 49.3427
204.3669 49.3428
204.3727 49.3430
204.3786 49.3432
204.3844 49.3434
204.3902 49.3435
204.3960 49.3437
204.4018 49.3439
204.4077 49.3441
204.4135 49.3443
204.4193 49.3444
204.4251 49.3446
204.4309 49.3448
204.4368 49.3450
204.4426 49.3451
204.4484 49.3453
204.4542 49.3455
204.4600 49.3457
204.4659 49.3458
204.4717 49.3460
204.4775 49.3462
204.4833 49.3463
204.4891 49.3465
204.4950 49.3467
204.5008 49.3469
204.5066 49.3470
204.5124 49.3472
204.5183 49.3474
204.5241 49.3475
204.5299 49.3477
204.5357 49.3479
204.5415 49.3481
204.5474 49.3482
204.5532 49.3484
204.5590 49.3486
204.5648 49.3487
204.5706 49.3489
204.5765 49.3491
204.5823 49.3492
204.5881 49.3494
204.5939 49.3496
204.5997 49.3497
204.6056 49.3499
204.6114 49.3501
204.6172 49.3502
204.6230 49.3504
204.6288 49.3506
204.6347 49.3507
204.6405 49.3509
204.6463 49.3511
204.6521 49.3512
204.6579 49.3514
204.6638 49.3516
204.6696 49.3517
204.6754 49.3519
204.6812 49.3521
204.6871 49.3522
204.6929 49.3524
204.6987 49.3526
204.7045 49.3527
204.7103 49.3529
204.7162 49.3530
204.7220 49.3532
204.7278 49.3534
204.7336 49.3535
204.7394 49.3537
204.7453 49.3539
204.7511 49.3540
204.7569 49.3542
204.7627 49.3543
204.7685 49.3545
204.7744 49.3547
204.7802 49.3548
204.7860 49.3550
204.7918 49.3551
204.7976 49.3553
204.8035 49.3554
204.8093 49.3556
204.8151 49.3558
204.8209 49.3559
204.8267 49.3561
204.8326 49.3562
204.8384 49.3564
204.8442 49.3566
204.8500 49.3567
204.8558 49.3569
204.8617 49.3570
204.8675 49.3572
204.8733 49.3573
204.8791 49.3575
204.8849 49.3576
204.8908 49.3578
204.8966 49.3580
204.9024 49.3581
204.9082 49.3583
204.9140 49.3584
204.9199 49.3586
204.9257 49.3587
204.9315 49.3589
204.9373 49.3590
204.9431 49.3592
204.9490 49.3593
204.9548 49.3595
204.9606 49.3596
204.9664 49.3598
204.9722 49.3599
204.9781 49.3601
204.9839 49.3602
204.9897 49.3604
204.9955 49.3605
205.0013 49.3607
205.0072 49.3608
205.0130 49.3610
205.0188 49.3611
205.0246 49.3613
205.0304 49.3614
205.0363 49.3616
205.0421 49.3617
205.0479 49.3619
205.0537 49.3620
205.0595 49.3622
205.0654 49.3623
205.0712 49.3625
205.0770 49.3626
205.0828 49.3628
205.0886 49.3629
205.0945 49.3631
205.1003 49.3632
205.1061 49.3633
205.1119 49.3635
205.1177 49.3636
205.1236 49.3638
205.1294 49.3639
205.1352 49.3641
205.1410 49.3642
205.1468 49.3644
205.1527 49.3645
205.1585 49.3646
205.1643 49.3648
205.1701 49.3649
205.1759 49.3651
205.1818 49.3652
205.1876 49.3654
205.1934 49.3655
205.1992 49.3656
205.2050 49.3658
205.2109 49.3659
205.2167 49.3661
205.2225 49.3662
205.2283 49.3663
205.2341 49.3665
205.2400 49.3666
205.2458 49.3668
205.2516 49.3669
205.2574 49.3670
205.2632 49.3672
205.2691 49.3673
205.2749 49.3675
205.2807 49.3676
205.2865 49.3677
205.2923 49.3679
205.2982 49.3680
205.3040 49.3681
205.3098 49.3683
205.3156 49.3684
205.3214 49.3686
205.3273 49.3687
205.3331 49.3688
205.3389 49.3690
205.3447 49.3691
205.3505 49.3692
205.3564 49.3694
205.3622 49.3695
205.3680 49.3696
205.3738 49.3698
205.3796 49.3699
205.3855 49.3700
205.3913 49.3702
205.3971 49.3703
205.4029 49.3704
205.4087 49.3706
205.4145 49.3707
205.4204 49.3708
205.4262 49.3710
205.4320 49.3711
205.4378 49.3712
205.4436 49.3714
205.4495 49.3715
205.4553 49.3716
205.4611 49.3718
205.4669 49.3719
205.4727 49.3720
205.4786 49.3722
205.4844 49.3723
205.4902 49.3724
205.4960 49.3725
205.5018 49.3727
205.5077 49.3728
205.5135 49.3729
205.5193 49.3731
205.5251 49.3732
205.5309 49.3733
205.5368 49.3734
205.5426 49.3736
205.5484 49.3737
205.5542 49.3738
205.5600 49.3740
205.5659 49.3741
205.5717 49.3742
205.5775 49.3743
205.5833 49.3745
205.5891 49.3746
205.5949 49.3747
205.6008 49.3748
205.6066 49.3750
205.6124 49.3751
205.6182 49.3752
205.6240 49.3753
205.6299 49.3755
205.6357 49.3756
205.6415 49.3757
205.6473 49.3758
205.6531 49.3760
205.6590 49.3761
205.6648 49.3762
205.6706 49.3763
205.6764 49.3764
205.6822 49.3766
205.6881 49.3767
205.6939 49.3768
205.6997 49.3769
205.7055 49.3771
205.7113 49.3772
205.7171 49.3773
205.7230 49.3774
205.7288 49.3775
205.7346 49.3777
205.7404 49.3778
205.7462 49.3779
205.7521 49.3780
205.7579 49.3781
205.7637 49.3783
205.7695 49.3784
205.7753 49.3785
205.7812 49.3786
205.7870 49.3787
205.7928 49.3789
205.7986 49.3790
205.8044 49.3791
205.8103 49.3792
205.8161 49.3793
205.8219 49.3794
205.8277 49.3796
205.8335 49.3797
205.8394 49.3798
205.8452 49.3799
205.8510 49.3800
205.8568 49.3801
205.8626 49.3803
205.8684 49.3804
205.8743 49.3805
205.8801 49.3806
205.8859 49.3807
205.8917 49.3808
205.8975 49.3809
205.9034 49.3811
205.9092 49.3812
205.9150 49.3813
205.9208 49.3814
205.9266 49.3815
205.9325 49.3816
205.9383 49.3817
205.9441 49.3818
205.9499 49.3820
205.9557 49.3821
205.9616 49.3822
205.9674 49.3823
205.9732 49.3824
205.9790 49.3825
205.9848 49.3826
205.9906 49.3827
205.9965 49.3828
206.0023 49.3830
206.0081 49.3831
206.0139 49.3832
206.0197 49.3833
206.0256 49.3834
206.0314 49.3835
206.0372 49.3836
206.0430 49.3837
206.0488 49.3838
206.0547 49.3839
206.0605 49.3840
206.0663 49.3842
206.0721 49.3843
206.0779 49.3844
206.0838 49.3845
206.0896 49.3846
206.0954 49.3847
206.1012 49.3848
206.1070 49.3849
206.1128 49.3850
206.1187 49.3851
206.1245 49.3852
206.1303 49.3853
206.1361 49.3854
206.1419 49.3855
206.1478 49.3856
206.1536 49.3857
206.1594 49.3858
206.1652 49.3860
206.1710 49.3861
206.1769 49.3862
206.1827 49.3863
206.1885 49.3864
206.1943 49.3865
206.2001 49.3866
206.2060 49.3867
206.2118 49.3868
206.2176 49.3869
206.2234 49.3870
206.2292 49.3871
206.2350 49.3872
206.2409 49.3873
206.2467 49.3874
206.2525 49.3875
206.2583 49.3876
206.2641 49.3877
206.2700 49.3878
206.2758 49.3879
206.2816 49.3880
206.2874 49.3881
206.2932 49.3882
206.2991 49.3883
206.3049 49.3884
206.3107 49.3885
206.3165 49.3886
206.3223 49.3887
206.3281 49.3888
206.3340 49.3889
206.3398 49.3890
206.3456 49.3891
206.3514 49.3892
206.3572 49.3893
206.3631 49.3894
206.3689 49.3895
206.3747 49.3896
206.3805 49.3897
206.3863 49.3898
206.3922 49.3899
206.3980 49.3900
206.4038 49.3901
206.4096 49.3901
206.4154 49.3902
206.4212 49.3903
206.4271 49.3904
206.4329 49.3905
206.4387 49.3906
206.4445 49.3907
206.4503 49.3908
206.4562 49.3909
206.4620 49.3910
206.4678 49.3911
206.4736 49.3912
206.4794 49.3913
206.4853 49.3914
206.4911 49.3915
206.4969 49.3916
206.5027 49.3917
206.5085 49.3917
206.5143 49.3918
206.5202 49.3919
206.5260 49.3920
206.5318 49.3921
206.5376 49.3922
206.5434 49.3923
206.5493 49.3924
206.5551 49.3925
206.5609 49.3926
206.5667 49.3927
206.5725 49.3927
206.5784 49.3928
206.5842 49.3929
206.5900 49.3930
206.5958 49.3931
206.6016 49.3932
206.6074 49.3933
206.6133 49.3934
206.6191 49.3935
206.6249 49.3936
206.6307 49.3936
206.6365 49.3937
206.6424 49.3938
206.6482 49.3939
206.6540 49.3940
206.6598 49.3941
206.6656 49.3942
206.6715 49.3943
206.6773 49.3943
206.6831 49.3944
206.6889 49.3945
206.6947 49.3946
206.7005 49.3947
206.7064 49.3948
206.7122 49.3949
206.7180 49.3949
206.7238 49.3950
206.7296 49.3951
206.7355 49.3952
206.7413 49.3953
206.7471 49.3954
206.7529 49.3955
206.7587 49.3955
206.7645 49.3956
206.7704 49.3957
206.7762 49.3958
206.7820 49.3959
206.7878 49.3960
206.7936 49.3960
206.7995 49.3961
206.8053 49.3962
206.8111 49.3963
206.8169 49.3964
206.8227 49.3964
206.8285 49.3965
206.8344 49.3966
206.8402 49.3967
206.8460 49.3968
206.8518 49.3969
206.8576 49.3969
206.8635 49.3970
206.8693 49.3971
206.8751 49.3972
206.8809 49.3973
206.8867 49.3973
206.8925 49.3974
206.8984 49.3975
206.9042 49.3976
206.9100 49.3977
206.9158 49.3977
206.9216 49.3978
206.9275 49.3979
206.9333 49.3980
206.9391 49.3981
206.9449 49.3981
206.9507 49.3982
206.9565 49.3983
206.9624 49.3984
206.9682 49.3984
206.9740 49.3985
206.9798 49.3986
206.9856 49.3987
206.9915 49.3987
206.9973 49.3988
207.0031 49.3989
207.0089 49.3990
207.0147 49.3991
207.0205 49.3991
207.0264 49.3992
207.0322 49.3993
207.0380 49.3994
207.0438 49.3994
207.0496 49.3995
207.0555 49.3996
207.0613 49.3997
207.0671 49.3997
207.0729 49.3998
207.0787 49.3999
207.0845 49.4000
207.0904 49.4000
207.0962 49.4001
207.1020 49.4002
207.1078 49.4002
207.1136 49.4003
207.1195 49.4004
207.1253 49.4005
207.1311 49.4005
207.1369 49.4006
207.1427 49.4007
207.1485 49.4008
207.1544 49.4008
207.1602 49.4009
207.1660 49.4010
207.1718 49.4010
207.1776 49.4011
207.1834 49.4012
207.1893 49.4013
207.1951 49.4013
207.2009 49.4014
207.2067 49.4015
207.2125 49.4015
207.2184 49.4016
207.2242 49.4017
207.2300 49.4017
207.2358 49.4018
207.2416 49.4019
207.2474 49.4020
207.2533 49.4020
207.2591 49.4021
207.2649 49.4022
207.2707 49.4022
207.2765 49.4023
207.2824 49.4024
207.2882 49.4024
207.2940 49.4025
207.2998 49.4026
207.3056 49.4026
207.3114 49.4027
207.3173 49.4028
207.3231 49.4028
207.3289 49.4029
207.3347 49.4030
207.3405 49.4030
207.3464 49.4031
207.3522 49.4032
207.3580 49.4032
207.3638 49.4033
207.3696 49.4034
207.3754 49.4034
207.3813 49.4035
207.3871 49.4036
207.3929 49.4036
207.3987 49.4037
207.4045 49.4038
207.4103 49.4038
207.4162 49.4039
207.4220 49.4040
207.4278 49.4040
207.4336 49.4041
207.4394 49.4041
207.4453 49.4042
207.4511 49.4043
207.4569 49.4043
207.4627 49.4044
207.4685 49.4045
207.4743 49.4045
207.4802 49.4046
207.4860 49.4046
207.4918 49.4047
207.4976 49.4048
207.5034 49.4048
207.5093 49.4049
207.5151 49.4050
207.5209 49.4050
207.5267 49.4051
207.5325 49.4051
207.5383 49.4052
207.5442 49.4053
207.5500 49.4053
207.5558 49.4054
207.5616 49.4054
207.5674 49.4055
207.5733 49.4056
207.5791 49.4056
207.5849 49.4057
207.5907 49.4057
207.5965 49.4058
207.6023 49.4059
207.6082 49.4059
207.6140 49.4060
207.6198 49.4060
207.6256 49.4061
207.6314 49.4062
207.6372 49.4062
207.6431 49.4063
207.6489 49.4063
207.6547 49.4064
207.6605 49.4064
207.6663 49.4065
207.6722 49.4066
207.6780 49.4066
207.6838 49.4067
207.6896 49.4067
207.6954 49.4068
207.7012 49.4068
207.7071 49.4069
207.7129 49.4070
207.7187 49.4070
207.7245 49.4071
207.7303 49.4071
207.7362 49.4072
207.7420 49.4072
207.7478 49.4073
207.7536 49.4073
207.7594 49.4074
207.7652 49.4075
207.7711 49.4075
207.7769 49.4076
207.7827 49.4076
207.7885 49.4077
207.7943 49.4077
207.8001 49.4078
207.8060 49.4078
207.8118 49.4079
207.8176 49.4079
207.8234 49.4080
207.8292 49.4081
207.8351 49.4081
207.8409 49.4082
207.8467 49.4082
207.8525 49.4083
207.8583 49.4083
207.8641 49.4084
207.8700 49.4084
207.8758 49.4085
207.8816 49.4085
207.8874 49.4086
207.8932 49.4086
207.8991 49.4087
207.9049 49.4087
207.9107 49.4088
207.9165 49.4088
207.9223 49.4089
207.9281 49.4089
207.9340 49.4090
207.9398 49.4090
207.9456 49.4091
207.9514 49.4091
207.9572 49.4092
207.9630 49.4092
207.9689 49.4093
207.9747 49.4093
207.9805 49.4094
207.9863 49.4094
207.9921 49.4095
207.9980 49.4095
208.0038 49.4096
208.0096 49.4096
208.0154 49.4097
208.0212 49.4097
208.0270 49.4098
208.0329 49.4098
208.0387 49.4099
208.0445 49.4099
208.0503 49.4100
208.0561 49.4100
208.0620 49.4101
208.0678 49.4101
208.0736 49.4102
208.0794 49.4102
208.0852 49.4103
208.0910 49.4103
208.0969 49.4103
208.1027 49.4104
208.1085 49.4104
208.1143 49.4105
208.1201 49.4105
208.1259 49.4106
208.1318 49.4106
208.1376 49.4107
208.1434 49.4107
208.1492 49.4108
208.1550 49.4108
208.1609 49.4108
208.1667 49.4109
208.1725 49.4109
208.1783 49.4110
208.1841 49.4110
208.1899 49.4111
208.1958 49.4111
208.2016 49.4112
208.2074 49.4112
208.2132 49.4112
208.2190 49.4113
208.2248 49.4113
208.2307 49.4114
208.2365 49.4114
208.2423 49.4115
208.2481 49.4115
208.2539 49.4116
208.2598 49.4116
208.2656 49.4116
208.2714 49.4117
208.2772 49.4117
208.2830 49.4118
208.2888 49.4118
208.2947 49.4118
208.3005 49.4119
208.3063 49.4119
208.3121 49.4120
208.3179 49.4120
208.3237 49.4121
208.3296 49.4121
208.3354 49.4121
208.3412 49.4122
208.3470 49.4122
208.3528 49.4123
208.3587 49.4123
208.3645 49.4123
208.3703 49.4124
208.3761 49.4124
208.3819 49.4125
208.3877 49.4125
208.3936 49.4125
208.3994 49.4126
208.4052 49.4126
208.4110 49.4127
208.4168 49.4127
208.4226 49.4127
208.4285 49.4128
208.4343 49.4128
208.4401 49.4129
208.4459 49.4129
208.4517 49.4129
208.4576 49.4130
208.4634 49.4130
208.4692 49.4131
208.4750 49.4131
208.4808 49.4131
208.4866 49.4132
208.4925 49.4132
208.4983 49.4132
208.5041 49.4133
208.5099 49.4133
208.5157 49.4134
208.5215 49.4134
208.5274 49.4134
208.5332 49.4135
208.5390 49.4135
208.5448 49.4135
208.5506 49.4136
208.5564 49.4136
208.5623 49.4136
208.5681 49.4137
208.5739 49.4137
208.5797 49.4138
208.5855 49.4138
208.5913 49.4138
208.5972 49.4139
208.6030 49.4139
208.6088 49.4139
208.6146 49.4140
208.6204 49.4140
208.6263 49.4140
208.6321 49.4141
208.6379 49.4141
208.6437 49.4141
208.6495 49.4142
208.6553 49.4142
208.6612 49.4142
208.6670 49.4143
208.6728 49.4143
208.6786 49.4143
208.6844 49.4144
208.6902 49.4144
208.6961 49.4144
208.7019 49.4145
208.7077 49.4145
208.7135 49.4145
208.7193 49.4146
208.7251 49.4146
208.7310 49.4146
208.7368 49.4147
208.7426 49.4147
208.7484 49.4147
208.7542 49.4148
208.7600 49.4148
208.7659 49.4148
208.7717 49.4149
208.7775 49.4149
208.7833 49.4149
208.7891 49.4150
208.7950 49.4150
208.8008 49.4150
208.8066 49.4151
208.8124 49.4151
208.8182 49.4151
208.8240 49.4152
208.8299 49.4152
208.8357 49.4152
208.8415 49.4152
208.8473 49.4153
208.8531 49.4153
208.8589 49.4153
208.8648 49.4154
208.8706 49.4154
208.8764 49.4154
208.8822 49.4155
208.8880 49.4155
208.8938 49.4155
208.8997 49.4155
208.9055 49.4156
208.9113 49.4156
208.9171 49.4156
208.9229 49.4157
208.9287 49.4157
208.9346 49.4157
208.9404 49.4157
208.9462 49.4158
208.9520 49.4158
208.9578 49.4158
208.9637 49.4159
208.9695 49.4159
208.9753 49.4159
208.9811 49.4159
208.9869 49.4160
208.9927 49.4160
208.9986 49.4160
209.0044 49.4161
209.0102 49.4161
209.0160 49.4161
209.0218 49.4161
209.0276 49.4162
209.0335 49.4162
209.0393 49.4162
209.0451 49.4162
209.0509 49.4163
209.0567 49.4163
209.0625 49.4163
209.0684 49.4163
209.0742 49.4164
209.0800 49.4164
209.0858 49.4164
209.0916 49.4165
209.0975 49.4165
209.1033 49.4165
209.1091 49.4165
209.1149 49.4166
209.1207 49.4166
209.1265 49.4166
209.1324 49.4166
209.1382 49.4167
209.1440 49.4167
209.1498 49.4167
209.1556 49.4167
209.1614 49.4168
209.1673 49.4168
209.1731 49.4168
209.1789 49.4168
209.1847 49.4169
209.1905 49.4169
209.1963 49.4169
209.2022 49.4169
209.2080 49.4170
209.2138 49.4170
209.2196 49.4170
209.2254 49.4170
209.2312 49.4170
209.2371 49.4171
209.2429 49.4171
209.2487 49.4171
209.2545 49.4171
209.2603 49.4172
209.2662 49.4172
209.2720 49.4172
209.2778 49.4172
209.2836 49.4173
209.2894 49.4173
209.2952 49.4173
209.3011 49.4173
209.3069 49.4173
209.3127 49.4174
209.3185 49.4174
209.3243 49.4174
209.3301 49.4174
209.3360 49.4175
209.3418 49.4175
209.3476 49.4175
209.3534 49.4175
209.3592 49.4175
209.3650 49.4176
209.3709 49.4176
209.3767 49.4176
209.3825 49.4176
209.3883 49.4176
209.3941 49.4177
209.4000 49.4177
209.4058 49.4177
209.4116 49.4177
209.4174 49.4177
209.4232 49.4178
209.4290 49.4178
209.4349 49.4178
209.4407 49.4178
209.4465 49.4178
209.4523 49.4179
209.4581 49.4179
209.4639 49.4179
209.4698 49.4179
209.4756 49.4179
209.4814 49.4180
209.4872 49.4180
209.4930 49.4180
209.4988 49.4180
209.5047 49.4180
209.5105 49.4181
209.5163 49.4181
209.5221 49.4181
209.5279 49.4181
209.5338 49.4181
209.5396 49.4182
209.5454 49.4182
209.5512 49.4182
209.5570 49.4182
209.5628 49.4182
209.5687 49.4183
209.5745 49.4183
209.5803 49.4183
209.5861 49.4183
209.5919 49.4183
209.5977 49.4183
209.6036 49.4184
209.6094 49.4184
209.6152 49.4184
209.6210 49.4184
209.6268 49.4184
209.6326 49.4184
209.6385 49.4185
209.6443 49.4185
209.6501 49.4185
209.6559 49.4185
209.6617 49.4185
209.6675 49.4185
209.6734 49.4186
209.6792 49.4186
209.6850 49.4186
209.6908 49.4186
209.6966 49.4186
209.7025 49.4186
209.7083 49.4187
209.7141 49.4187
209.7199 49.4187
209.7257 49.4187
209.7315 49.4187
209.7374 49.4187
209.7432 49.4188
209.7490 49.4188
209.7548 49.4188
209.7606 49.4188
209.7664 49.4188
209.7723 49.4188
209.7781 49.4188
209.7839 49.4189
209.7897 49.4189
209.7955 49.4189
209.8013 49.4189
209.8072 49.4189
209.8130 49.4189
209.8188 49.4190
209.8246 49.4190
209.8304 49.4190
209.8363 49.4190
209.8421 49.4190
209.8479 49.4190
209.8537 49.4190
209.8595 49.4191
209.8653 49.4191
209.8712 49.4191
209.8770 49.4191
209.8828 49.4191
209.8886 49.4191
209.8944 49.4191
209.9002 49.4192
209.9061 49.4192
209.9119 49.4192
209.9177 49.4192
209.9235 49.4192
209.9293 49.4192
209.9351 49.4192
209.9410 49.4192
209.9468 49.4193
209.9526 49.4193
209.9584 49.4193
209.9642 49.4193
209.9700 49.4193
209.9759 49.4193
209.9817 49.4193
209.9875 49.4193
209.9933 49.4194
209.9991 49.4194
210.0049 49.4194
210.0108 49.4194
210.0166 49.4194
210.0224 49.4194
210.0282 49.4194
210.0340 49.4194
210.0399 49.4195
210.0457 49.4195
210.0515 49.4195
210.0573 49.4195
210.0631 49.4195
210.0689 49.4195
210.0748 49.4195
210.0806 49.4195
210.0864 49.4195
210.0922 49.4196
210.0980 49.4196
210.1038 49.4196
210.1097 49.4196
210.1155 49.4196
210.1213 49.4196
210.1271 49.4196
210.1329 49.4196
210.1387 49.4196
210.1446 49.4197
210.1504 49.4197
210.1562 49.4197
210.1620 49.4197
210.1678 49.4197
210.1736 49.4197
210.1795 49.4197
210.1853 49.4197
210.1911 49.4197
210.1969 49.4198
210.2027 49.4198
210.2085 49.4198
210.2144 49.4198
210.2202 49.4198
210.2260 49.4198
210.2318 49.4198
210.2376 49.4198
210.2434 49.4198
210.2493 49.4198
210.2551 49.4198
210.2609 49.4199
210.2667 49.4199
210.2725 49.4199
210.2784 49.4199
210.2842 49.4199
210.2900 49.4199
210.2958 49.4199
210.3016 49.4199
210.3074 49.4199
210.3133 49.4199
210.3191 49.4199
210.3249 49.4200
210.3307 49.4200
210.3365 49.4200
210.3423 49.4200
210.3482 49.4200
210.3540 49.4200
210.3598 49.4200
210.3656 49.4200
210.3714 49.4200
210.3772 49.4200
210.3831 49.4200
210.3889 49.4201
210.3947 49.4201
210.4005 49.4201
210.4063 49.4201
210.4121 49.4201
210.4180 49.4201
210.4238 49.4201
210.4296 49.4201
210.4354 49.4201
210.4412 49.4201
210.4470 49.4201
210.4529 49.4201
210.4587 49.4201
210.4645 49.4202
210.4703 49.4202
210.4761 49.4202
210.4819 49.4202
210.4878 49.4202
210.4936 49.4202
210.4994 49.4202
210.5052 49.4202
210.5110 49.4202
210.5168 49.4202
210.5227 49.4202
210.5285 49.4202
210.5343 49.4202
210.5401 49.4202
210.5459 49.4202
210.5517 49.4203
210.5576 49.4203
210.5634 49.4203
210.5692 49.4203
210.5750 49.4203
210.5808 49.4203
210.5866 49.4203
210.5925 49.4203
210.5983 49.4203
210.6041 49.4203
210.6099 49.4203
210.6157 49.4203
210.6216 49.4203
210.6274 49.4203
210.6332 49.4203
210.6390 49.4203
210.6448 49.4204
210.6506 49.4204
210.6565 49.4204
210.6623 49.4204
210.6681 49.4204
210.6739 49.4204
210.6797 49.4204
210.6855 49.4204
210.6914 49.4204
210.6972 49.4204
210.7030 49.4204
210.7088 49.4204
210.7146 49.4204
210.7204 49.4204
210.7263 49.4204
210.7321 49.4204
210.7379 49.4204
210.7437 49.4204
210.7495 49.4204
210.7553 49.4205
210.7612 49.4205
210.7670 49.4205
210.7728 49.4205
210.7786 49.4205
210.7844 49.4205
210.7902 49.4205
210.7961 49.4205
210.8019 49.4205
210.8077 49.4205
210.8135 49.4205
210.8193 49.4205
210.8251 49.4205
210.8310 49.4205
210.8368 49.4205
210.8426 49.4205
210.8484 49.4205
210.8542 49.4205
210.8601 49.4205
210.8659 49.4205
210.8717 49.4205
210.8775 49.4205
210.8833 49.4206
210.8891 49.4206
210.8950 49.4206
210.9008 49.4206
210.9066 49.4206
210.9124 49.4206
210.9182 49.4206
210.9240 49.4206
210.9299 49.4206
210.9357 49.4206
210.9415 49.4206
210.9473 49.4206
210.9531 49.4206
210.9589 49.4206
210.9648 49.4206
210.9706 49.4206
210.9764 49.4206
210.9822 49.4206
210.9880 49.4206
210.9938 49.4206
210.9997 49.4206
211.0055 49.4206
211.0113 49.4206
211.0171 49.4206
211.0229 49.4206
211.0287 49.4206
211.0346 49.4206
211.0404 49.4206
211.0462 49.4206
211.0520 49.4206
211.0578 49.4207
211.0637 49.4207
211.0695 49.4207
211.0753 49.4207
211.0811 49.4207
211.0869 49.4207
211.0927 49.4207
211.0986 49.4207
211.1044 49.4207
211.1102 49.4207
211.1160 49.4207
211.1218 49.4207
211.1276 49.4207
211.1335 49.4207
211.1393 49.4207
211.1451 49.4207
211.1509 49.4207
211.1567 49.4207
211.1625 49.4207
211.1684 49.4207
211.1742 49.4207
211.1800 49.4207
211.1858 49.4207
211.1916 49.4207
211.1974 49.4207
211.2033 49.4207
211.2091 49.4207
211.2149 49.4207
211.2207 49.4207
211.2265 49.4207
211.2323 49.4207
211.2382 49.4207
211.2440 49.4207
211.2498 49.4207
211.2556 49.4207
211.2614 49.4207
211.2673 49.4207
211.2731 49.4207
211.2789 49.4207
211.2847 49.4207
211.2905 49.4207
211.2963 49.4207
211.3022 49.4207
211.3080 49.4207
211.3138 49.4207
211.3196 49.4207
211.3254 49.4208
211.3312 49.4208
211.3371 49.4208
211.3429 49.4208
211.3487 49.4208
211.3545 49.4208
211.3603 49.4208
211.3661 49.4208
211.3720 49.4208
211.3778 49.4208
211.3836 49.4208
211.3894 49.4208
211.3952 49.4208
211.4010 49.4208
211.4069 49.4208
211.4127 49.4208
211.4185 49.4208
211.4243 49.4208
211.4301 49.4208
211.4359 49.4208
211.4418 49.4208
211.4476 49.4208
211.4534 49.4208
211.4592 49.4208
211.4650 49.4208
211.4709 49.4208
211.4767 49.4208
211.4825 49.4208
211.4883 49.4208
211.4941 49.4208
211.4999 49.4208
211.5058 49.4208
211.5116 49.4208
211.5174 49.4208
211.5232 49.4208
211.5290 49.4208
211.5348 49.4208
211.5407 49.4208
211.5465 49.4208
211.5523 49.4208
211.5581 49.4208
211.5639 49.4208
211.5697 49.4208
211.5756 49.4208
211.5814 49.4208
211.5872 49.4208
211.5930 49.4208
211.5988 49.4208
211.6046 49.4208
211.6105 49.4208
211.6163 49.4208
211.6221 49.4208
211.6279 49.4208
211.6337 49.4208
211.6395 49.4208
211.6454 49.4208
211.6512 49.4208
211.6570 49.4208
211.6628 49.4208
211.6686 49.4208
211.6745 49.4208
211.6803 49.4208
211.6861 49.4208
211.6919 49.4208
211.6977 49.4208
211.7035 49.4208
211.7094 49.4208
211.7152 49.4208
211.7210 49.4208
211.7268 49.4208
211.7326 49.4208
211.7384 49.4208
211.7443 49.4208
211.7501 49.4208
211.7559 49.4208
211.7617 49.4208
211.7675 49.4208
211.7733 49.4208
211.7792 49.4208
211.7850 49.4208
211.7908 49.4208
211.7966 49.4208
211.8024 49.4208
211.8082 49.4208
211.8141 49.4208
211.8199 49.4208
211.8257 49.4208
211.8315 49.4208
211.8373 49.4208
211.8431 49.4208
211.8490 49.4208
211.8548 49.4208
211.8606 49.4208
211.8664 49.4208
211.8722 49.4208
211.8780 49.4208
211.8839 49.4208
211.8897 49.4208
211.8955 49.4208
211.9013 49.4208
211.9071 49.4208
211.9129 49.4208
211.9188 49.4208
211.9246 49.4208
211.9304 49.4208
211.9362 49.4208
211.9420 49.4208
211.9478 49.4208
211.9537 49.4208
211.9595 49.4208
211.9653 49.4208
211.9711 49.4208
211.9769 49.4208
211.9828 49.4208
211.9886 49.4208
211.9944 49.4208
212.0002 49.4208
212.0060 49.4208
212.0118 49.4208
212.0177 49.4208
212.0235 49.4208
212.0293 49.4208
212.0351 49.4208
212.0409 49.4208
212.0467 49.4208
212.0467 49.4208
212.0526 49.4208
212.0584 49.4208
212.0642 49.4208
212.0700 49.4208
212.0758 49.4208
212.0816 49.4208
212.0875 49.4208
212.0933 49.4208
212.0991 49.4208
212.1049 49.4208
212.1107 49.4208
212.1165 49.4208
212.1224 49.4208
212.1282 49.4208
212.1340 49.4208
212.1398 49.4208
212.1456 49.4208
212.1514 49.4208
212.1573 49.4208
212.1631 49.4208
212.1689 49.4208
212.1747 49.4208
212.1805 49.4208
212.1863 49.4208
212.1922 49.4208
212.1980 49.4208
212.2038 49.4208
212.2096 49.4208
212.2154 49.4208
212.2212 49.4208
212.2271 49.4208
212.2329 49.4208
212.2387 49.4208
212.2445 49.4208
212.2503 49.4208
212.2561 49.4208
212.2620 49.4208
212.2678 49.4208
212.2736 49.4208
212.2794 49.4208
212.2852 49.4208
212.2910 49.4208
212.2969 49.4208
212.3027 49.4208
212.3085 49.4208
212.3143 49.4208
212.3201 49.4208
212.3259 49.4208
212.3318 49.4208
212.3376 49.4208
212.3434 49.4208
212.3492 49.4208
212.3550 49.4208
212.3609 49.4208
212.3667 49.4208
212.3725 49.4208
212.3783 49.4208
212.3841 49.4208
212.3899 49.4208
212.3958 49.4208
212.4016 49.4208
212.4074 49.4208
212.4132 49.4208
212.4190 49.4208
212.4248 49.4208
212.4307 49.4208
212.4365 49.4208
212.4423 49.4208
212.4481 49.4208
212.4539 49.4208
212.4597 49.4208
212.4656 49.4208
212.4714 49.4208
212.4772 49.4208
212.4830 49.4208
212.4888 49.4208
212.4946 49.4208
212.5005 49.4208
212.5063 49.4208
212.5121 49.4208
212.5179 49.4208
212.5237 49.4208
212.5295 49.4208
212.5354 49.4208
212.5412 49.4208
212.5470 49.4208
212.5528 49.4208
212.5586 49.4208
212.5644 49.4208
212.5703 49.4208
212.5761 49.4208
212.5819 49.4208
212.5877 49.4208
212.5935 49.4208
212.5994 49.4208
212.6052 49.4208
212.6110 49.4208
212.6168 49.4208
212.6226 49.4208
212.6284 49.4208
212.6343 49.4208
212.6401 49.4208
212.6459 49.4208
212.6517 49.4208
212.6575 49.4208
212.6633 49.4208
212.6692 49.4208
212.6750 49.4208
212.6808 49.4208
212.6866 49.4208
212.6924 49.4208
212.6982 49.4208
212.7041 49.4208
212.7099 49.4208
212.7157 49.4208
212.7215 49.4208
212.7273 49.4208
212.7331 49.4208
212.7390 49.4208
212.7448 49.4208
212.7506 49.4208
212.7564 49.4208
212.7622 49.4208
212.7680 49.4208
212.7739 49.4207
212.7797 49.4207
212.7855 49.4207
212.7913 49.4207
212.7971 49.4207
212.8030 49.4207
212.8088 49.4207
212.8146 49.4207
212.8204 49.4207
212.8262 49.4207
212.8320 49.4207
212.8379 49.4207
212.8437 49.4207
212.8495 49.4207
212.8553 49.4207
212.8611 49.4207
212.8669 49.4207
212.8728 49.4207
212.8786 49.4207
212.8844 49.4207
212.8902 49.4207
212.8960 49.4207
212.9018 49.4207
212.9077 49.4207
212.9135 49.4207
212.9193 49.4207
212.9251 49.4207
212.9309 49.4207
212.9367 49.4207
212.9426 49.4207
212.9484 49.4207
212.9542 49.4207
212.9600 49.4207
212.9658 49.4207
212.9717 49.4207
212.9775 49.4207
212.9833 49.4207
212.9891 49.4207
212.9949 49.4207
213.0007 49.4207
213.0066 49.4207
213.0124 49.4207
213.0182 49.4207
213.0240 49.4207
213.0298 49.4207
213.0356 49.4207
213.0415 49.4206
213.0473 49.4206
213.0531 49.4206
213.0589 49.4206
213.0647 49.4206
213.0705 49.4206
213.0764 49.4206
213.0822 49.4206
213.0880 49.4206
213.0938 49.4206
213.0996 49.4206
213.1054 49.4206
213.1113 49.4206
213.1171 49.4206
213.1229 49.4206
213.1287 49.4206
213.1345 49.4206
213.1403 49.4206
213.1462 49.4206
213.1520 49.4206
213.1578 49.4206
213.1636 49.4206
213.1694 49.4206
213.1753 49.4206
213.1811 49.4206
213.1869 49.4206
213.1927 49.4206
213.1985 49.4206
213.2043 49.4206
213.2102 49.4206
213.2160 49.4205
213.2218 49.4205
213.2276 49.4205
213.2334 49.4205
213.2392 49.4205
213.2451 49.4205
213.2509 49.4205
213.2567 49.4205
213.2625 49.4205
213.2683 49.4205
213.2741 49.4205
213.2800 49.4205
213.2858 49.4205
213.2916 49.4205
213.2974 49.4205
213.3032 49.4205
213.3090 49.4205
213.3149 49.4205
213.3207 49.4205
213.3265 49.4205
213.3323 49.4205
213.3381 49.4205
213.3439 49.4204
213.3498 49.4204
213.3556 49.4204
213.3614 49.4204
213.3672 49.4204
213.3730 49.4204
213.3789 49.4204
213.3847 49.4204
213.3905 49.4204
213.3963 49.4204
213.4021 49.4204
213.4079 49.4204
213.4138 49.4204
213.4196 49.4204
213.4254 49.4204
213.4312 49.4204
213.4370 49.4204
213.4428 49.4204
213.4487 49.4204
213.4545 49.4203
213.4603 49.4203
213.4661 49.4203
213.4719 49.4203
213.4777 49.4203
213.4836 49.4203
213.4894 49.4203
213.4952 49.4203
213.5010 49.4203
213.5068 49.4203
213.5126 49.4203
213.5185 49.4203
213.5243 49.4203
213.5301 49.4203
213.5359 49.4203
213.5417 49.4203
213.5475 49.4202
213.5534 49.4202
213.5592 49.4202
213.5650 49.4202
213.5708 49.4202
213.5766 49.4202
213.5824 49.4202
213.5883 49.4202
213.5941 49.4202
213.5999 49.4202
213.6057 49.4202
213.6115 49.4202
213.6173 49.4202
213.6232 49.4202
213.6290 49.4202
213.6348 49.4201
213.6406 49.4201
213.6464 49.4201
213.6523 49.4201
213.6581 49.4201
213.6639 49.4201
213.6697 49.4201
213.6755 49.4201
213.6813 49.4201
213.6872 49.4201
213.6930 49.4201
213.6988 49.4201
213.7046 49.4201
213.7104 49.4200
213.7162 49.4200
213.7221 49.4200
213.7279 49.4200
213.7337 49.4200
213.7395 49.4200
213.7453 49.4200
213.7511 49.4200
213.7570 49.4200
213.7628 49.4200
213.7686 49.4200
213.7744 49.4199
213.7802 49.4199
213.7860 49.4199
213.7919 49.4199
213.7977 49.4199
213.8035 49.4199
213.8093 49.4199
213.8151 49.4199
213.8209 49.4199
213.8268 49.4199
213.8326 49.4199
213.8384 49.4198
213.8442 49.4198
213.8500 49.4198
213.8558 49.4198
213.8617 49.4198
213.8675 49.4198
213.8733 49.4198
213.8791 49.4198
213.8849 49.4198
213.8907 49.4198
213.8966 49.4198
213.9024 49.4197
213.9082 49.4197
213.9140 49.4197
213.9198 49.4197
213.9256 49.4197
213.9315 49.4197
213.9373 49.4197
213.9431 49.4197
213.9489 49.4197
213.9547 49.4196
213.9605 49.4196
213.9664 49.4196
213.9722 49.4196
213.9780 49.4196
213.9838 49.4196
213.9896 49.4196
213.9955 49.4196
214.0013 49.4196
214.0071 49.4195
214.0129 49.4195
214.0187 49.4195
214.0245 49.4195
214.0304 49.4195
214.0362 49.4195
214.0420 49.4195
214.0478 49.4195
214.0536 49.4195
214.0594 49.4194
214.0653 49.4194
214.0711 49.4194
214.0769 49.4194
214.0827 49.4194
214.0885 49.4194
214.0943 49.4194
214.1002 49.4194
214.1060 49.4193
214.1118 49.4193
214.1176 49.4193
214.1234 49.4193
214.1292 49.4193
214.1351 49.4193
214.1409 49.4193
214.1467 49.4193
214.1525 49.4192
214.1583 49.4192
214.1641 49.4192
214.1700 49.4192
214.1758 49.4192
214.1816 49.4192
214.1874 49.4192
214.1932 49.4192
214.1991 49.4191
214.2049 49.4191
214.2107 49.4191
214.2165 49.4191
214.2223 49.4191
214.2281 49.4191
214.2340 49.4191
214.2398 49.4190
214.2456 49.4190
214.2514 49.4190
214.2572 49.4190
214.2630 49.4190
214.2689 49.4190
214.2747 49.4190
214.2805 49.4189
214.2863 49.4189
214.2921 49.4189
214.2979 49.4189
214.3038 49.4189
214.3096 49.4189
214.3154 49.4188
214.3212 49.4188
214.3270 49.4188
214.3328 49.4188
214.3387 49.4188
214.3445 49.4188
214.3503 49.4188
214.3561 49.4187
214.3619 49.4187
214.3678 49.4187
214.3736 49.4187
214.3794 49.4187
214.3852 49.4187
214.3910 49.4186
214.3968 49.4186
214.4027 49.4186
214.4085 49.4186
214.4143 49.4186
214.4201 49.4186
214.4259 49.4185
214.4317 49.4185
214.4376 49.4185
214.4434 49.4185
214.4492 49.4185
214.4550 49.4185
214.4608 49.4184
214.4666 49.4184
214.4725 49.4184
214.4783 49.4184
214.4841 49.4184
214.4899 49.4184
214.4957 49.4183
214.5016 49.4183
214.5074 49.4183
214.5132 49.4183
214.5190 49.4183
214.5248 49.4182
214.5306 49.4182
214.5365 49.4182
214.5423 49.4182
214.5481 49.4182
214.5539 49.4182
214.5597 49.4181
214.5655 49.4181
214.5714 49.4181
214.5772 49.4181
214.5830 49.4181
214.5888 49.4180
214.5946 49.4180
214.6004 49.4180
214.6063 49.4180
214.6121 49.4180
214.6179 49.4179
214.6237 49.4179
214.6295 49.4179
214.6354 49.4179
214.6412 49.4179
214.6470 49.4178
214.6528 49.4178
214.6586 49.4178
214.6644 49.4178
214.6703 49.4178
214.6761 49.4177
214.6819 49.4177
214.6877 49.4177
214.6935 49.4177
214.6993 49.4177
214.7052 49.4176
214.7110 49.4176
214.7168 49.4176
214.7226 49.4176
214.7284 49.4176
214.7342 49.4175
214.7401 49.4175
214.7459 49.4175
214.7517 49.4175
214.7575 49.4175
214.7633 49.4174
214.7692 49.4174
214.7750 49.4174
214.7808 49.4174
214.7866 49.4173
214.7924 49.4173
214.7982 49.4173
214.8041 49.4173
214.8099 49.4173
214.8157 49.4172
214.8215 49.4172
214.8273 49.4172
214.8331 49.4172
214.8390 49.4171
214.8448 49.4171
214.8506 49.4171
214.8564 49.4171
214.8622 49.4170
214.8680 49.4170
214.8739 49.4170
214.8797 49.4170
214.8855 49.4169
214.8913 49.4169
214.8971 49.4169
214.9029 49.4169
214.9088 49.4169
214.9146 49.4168
214.9204 49.4168
214.9262 49.4168
214.9320 49.4168
214.9379 49.4167
214.9437 49.4167
214.9495 49.4167
214.9553 49.4167
214.9611 49.4166
214.9669 49.4166
214.9728 49.4166
214.9786 49.4166
214.9844 49.4165
214.9902 49.4165
214.9960 49.4165
215.0018 49.4165
215.0077 49.4164
215.0135 49.4164
215.0193 49.4164
215.0251 49.4163
215.0309 49.4163
215.0367 49.4163
215.0426 49.4163
215.0484 49.4162
215.0542 49.4162
215.0600 49.4162
215.0658 49.4162
215.0717 49.4161
215.0775 49.4161
215.0833 49.4161
215.0891 49.4160
215.0949 49.4160
215.1007 49.4160
215.1066 49.4160
215.1124 49.4159
215.1182 49.4159
215.1240 49.4159
215.1298 49.4159
215.1356 49.4158
215.1415 49.4158
215.1473 49.4158
215.1531 49.4157
215.1589 49.4157
215.1647 49.4157
215.1705 49.4157
215.1764 49.4156
215.1822 49.4156
215.1880 49.4156
215.1938 49.4155
215.1996 49.4155
215.2054 49.4155
215.2113 49.4154
215.2171 49.4154
215.2229 49.4154
215.2287 49.4154
215.2345 49.4153
215.2404 49.4153
215.2462 49.4153
215.2520 49.4152
215.2578 49.4152
215.2636 49.4152
215.2694 49.4151
215.2753 49.4151
215.2811 49.4151
215.2869 49.4151
215.2927 49.4150
215.2985 49.4150
215.3043 49.4150
215.3102 49.4149
215.3160 49.4149
215.3218 49.4149
215.3276 49.4148
215.3334 49.4148
215.3392 49.4148
215.3451 49.4147
215.3509 49.4147
215.3567 49.4147
215.3625 49.4146
215.3683 49.4146
215.3741 49.4146
215.3800 49.4145
215.3858 49.4145
215.3916 49.4145
215.3974 49.4144
215.4032 49.4144
215.4091 49.4144
215.4149 49.4143
215.4207 49.4143
215.4265 49.4143
215.4323 49.4142
215.4381 49.4142
215.4440 49.4142
215.4498 49.4141
215.4556 49.4141
215.4614 49.4141
215.4672 49.4140
215.4730 49.4140
215.4789 49.4140
215.4847 49.4139
215.4905 49.4139
215.4963 49.4139
215.5021 49.4138
215.5079 49.4138
215.5138 49.4137
215.5196 49.4137
215.5254 49.4137
215.5312 49.4136
215.5370 49.4136
215.5428 49.4136
215.5487 49.4135
215.5545 49.4135
215.5603 49.4135
215.5661 49.4134
215.5719 49.4134
215.5778 49.4133
215.5836 49.4133
215.5894 49.4133
215.5952 49.4132
215.6010 49.4132
215.6068 49.4132
215.6127 49.4131
215.6185 49.4131
215.6243 49.4130
215.6301 49.4130
215.6359 49.4130
215.6417 49.4129
215.6476 49.4129
215.6534 49.4128
215.6592 49.4128
215.6650 49.4128
215.6708 49.4127
215.6767 49.4127
215.6825 49.4127
215.6883 49.4126
215.6941 49.4126
215.6999 49.4125
215.7057 49.4125
215.7116 49.4125
215.7174 49.4124
215.7232 49.4124
215.7290 49.4123
215.7348 49.4123
215.7406 49.4122
215.7465 49.4122
215.7523 49.4122
215.7581 49.4121
215.7639 49.4121
215.7697 49.4120
215.7755 49.4120
215.7814 49.4120
215.7872 49.4119
215.7930 49.4119
215.7988 49.4118
215.8046 49.4118
215.8105 49.4118
215.8163 49.4117
215.8221 49.4117
215.8279 49.4116
215.8337 49.4116
215.8395 49.4115
215.8454 49.4115
215.8512 49.4115
215.8570 49.4114
215.8628 49.4114
215.8686 49.4113
215.8744 49.4113
215.8803 49.4112
215.8861 49.4112
215.8919 49.4111
215.8977 49.4111
215.9035 49.4111
215.9094 49.4110
215.9152 49.4110
215.9210 49.4109
215.9268 49.4109
215.9326 49.4108
215.9384 49.4108
215.9443 49.4107
215.9501 49.4107
215.9559 49.4106
215.9617 49.4106
215.9675 49.4106
215.9733 49.4105
215.9792 49.4105
215.9850 49.4104
215.9908 49.4104
215.9966 49.4103
216.0024 49.4103
216.0083 49.4102
216.0141 49.4102
216.0199 49.4101
216.0257 49.4101
216.0315 49.4100
216.0373 49.4100
216.0432 49.4099
216.0490 49.4099
216.0548 49.4099
216.0606 49.4098
216.0664 49.4098
216.0723 49.4097
216.0781 49.4097
216.0839 49.4096
216.0897 49.4096
216.0955 49.4095
216.1013 49.4095
216.1072 49.4094
216.1130 49.4094
216.1188 49.4093
216.1246 49.4093
216.1304 49.4092
216.1362 49.4092
216.1421 49.4091
216.1479 49.4091
216.1537 49.4090
216.1595 49.4090
216.1653 49.4089
216.1712 49.4089
216.1770 49.4088
216.1828 49.4088
216.1886 49.4087
216.1944 49.4087
216.2002 49.4086
216.2061 49.4086
216.2119 49.4085
216.2177 49.4084
216.2235 49.4084
216.2293 49.4083
216.2352 49.4083
216.2410 49.4082
216.2468 49.4082
216.2526 49.4081
216.2584 49.4081
216.2642 49.4080
216.2701 49.4080
216.2759 49.4079
216.2817 49.4079
216.2875 49.4078
216.2933 49.4078
216.2991 49.4077
216.3050 49.4076
216.3108 49.4076
216.3166 49.4075
216.3224 49.4075
216.3282 49.4074
216.3341 49.4074
216.3399 49.4073
216.3457 49.4073
216.3515 49.4072
216.3573 49.4072
216.3631 49.4071
216.3690 49.4070
216.3748 49.4070
216.3806 49.4069
216.3864 49.4069
216.3922 49.4068
216.3981 49.4068
216.4039 49.4067
216.4097 49.4066
216.4155 49.4066
216.4213 49.4065
216.4271 49.4065
216.4330 49.4064
216.4388 49.4064
216.4446 49.4063
216.4504 49.4062
216.4562 49.4062
216.4621 49.4061
216.4679 49.4061
216.4737 49.4060
216.4795 49.4059
216.4853 49.4059
216.4911 49.4058
216.4970 49.4058
216.5028 49.4057
216.5086 49.4057
216.5144 49.4056
216.5202 49.4055
216.5260 49.4055
216.5319 49.4054
216.5377 49.4053
216.5435 49.4053
216.5493 49.4052
216.5551 49.4052
216.5610 49.4051
216.5668 49.4050
216.5726 49.4050
216.5784 49.4049
216.5842 49.4049
216.5900 49.4048
216.5959 49.4047
216.6017 49.4047
216.6075 49.4046
216.6133 49.4045
216.6191 49.4045
216.6250 49.4044
216.6308 49.4044
216.6366 49.4043
216.6424 49.4042
216.6482 49.4042
216.6540 49.4041
216.6599 49.4040
216.6657 49.4040
216.6715 49.4039
216.6773 49.4038
216.6831 49.4038
216.6890 49.4037
216.6948 49.4037
216.7006 49.4036
216.7064 49.4035
216.7122 49.4035
216.7180 49.4034
216.7239 49.4033
216.7297 49.4033
216.7355 49.4032
216.7413 49.4031
216.7471 49.4031
216.7529 49.4030
216.7588 49.4029
216.7646 49.4029
216.7704 49.4028
216.7762 49.4027
216.7820 49.4027
216.7879 49.4026
216.7937 49.4025
216.7995 49.4025
216.8053 49.4024
216.8111 49.4023
216.8169 49.4023
216.8228 49.4022
216.8286 49.4021
216.8344 49.4020
216.8402 49.4020
216.8460 49.4019
216.8519 49.4018
216.8577 49.4018
216.8635 49.4017
216.8693 49.4016
216.8751 49.4016
216.8809 49.4015
216.8868 49.4014
216.8926 49.4013
216.8984 49.4013
216.9042 49.4012
216.9100 49.4011
216.9159 49.4011
216.9217 49.4010
216.9275 49.4009
216.9333 49.4008
216.9391 49.4008
216.9449 49.4007
216.9508 49.4006
216.9566 49.4006
216.9624 49.4005
216.9682 49.4004
216.9740 49.4003
216.9798 49.4003
216.9857 49.4002
216.9915 49.4001
216.9973 49.4000
217.0031 49.4000
217.0089 49.3999
217.0148 49.3998
217.0206 49.3997
217.0264 49.3997
217.0322 49.3996
217.0380 49.3995
217.0438 49.3994
217.0497 49.3994
217.0555 49.3993
217.0613 49.3992
217.0671 49.3991
217.0729 49.3991
217.0788 49.3990
217.0846 49.3989
217.0904 49.3988
217.0962 49.3988
217.1020 49.3987
217.1078 49.3986
217.1137 49.3985
217.1195 49.3985
217.1253 49.3984
217.1311 49.3983
217.1369 49.3982
217.1428 49.3981
217.1486 49.3981
217.1544 49.3980
217.1602 49.3979
217.1660 49.3978
217.1718 49.3977
217.1777 49.3977
217.1835 49.3976
217.1893 49.3975
217.1951 49.3974
217.2009 49.3973
217.2068 49.3973
217.2126 49.3972
217.2184 49.3971
217.2242 49.3970
217.2300 49.3969
217.2358 49.3969
217.2417 49.3968
217.2475 49.3967
217.2533 49.3966
217.2591 49.3965
217.2649 49.3965
217.2708 49.3964
217.2766 49.3963
217.2824 49.3962
217.2882 49.3961
217.2940 49.3960
217.2998 49.3960
217.3057 49.3959
217.3115 49.3958
217.3173 49.3957
217.3231 49.3956
217.3289 49.3955
217.3348 49.3955
217.3406 49.3954
217.3464 49.3953
217.3522 49.3952
217.3580 49.3951
217.3638 49.3950
217.3697 49.3949
217.3755 49.3949
217.3813 49.3948
217.3871 49.3947
217.3929 49.3946
217.3988 49.3945
217.4046 49.3944
217.4104 49.3943
217.4162 49.3943
217.4220 49.3942
217.4279 49.3941
217.4337 49.3940
217.4395 49.3939
217.4453 49.3938
217.4511 49.3937
217.4569 49.3936
217.4628 49.3936
217.4686 49.3935
217.4744 49.3934
217.4802 49.3933
217.4860 49.3932
217.4919 49.3931
217.4977 49.3930
217.5035 49.3929
217.5093 49.3928
217.5151 49.3927
217.5209 49.3927
217.5268 49.3926
217.5326 49.3925
217.5384 49.3924
217.5442 49.3923
217.5500 49.3922
217.5559 49.3921
217.5617 49.3920
217.5675 49.3919
217.5733 49.3918
217.5791 49.3917
217.5850 49.3916
217.5908 49.3916
217.5966 49.3915
217.6024 49.3914
217.6082 49.3913
217.6140 49.3912
217.6199 49.3911
217.6257 49.3910
217.6315 49.3909
217.6373 49.3908
217.6431 49.3907
217.6490 49.3906
217.6548 49.3905
217.6606 49.3904
217.6664 49.3903
217.6722 49.3902
217.6781 49.3901
217.6839 49.3900
217.6897 49.3899
217.6955 49.3898
217.7013 49.3897
217.7071 49.3897
217.7130 49.3896
217.7188 49.3895
217.7246 49.3894
217.7304 49.3893
217.7362 49.3892
217.7421 49.3891
217.7479 49.3890
217.7537 49.3889
217.7595 49.3888
217.7653 49.3887
217.7712 49.3886
217.7770 49.3885
217.7828 49.3884
217.7886 49.3883
217.7944 49.3882
217.8002 49.3881
217.8061 49.3880
217.8119 49.3879
217.8177 49.3878
217.8235 49.3877
217.8293 49.3876
217.8352 49.3875
217.8410 49.3874
217.8468 49.3873
217.8526 49.3872
217.8584 49.3871
217.8643 49.3870
217.8701 49.3869
217.8759 49.3868
217.8817 49.3866
217.8875 49.3865
217.8934 49.3864
217.8992 49.3863
217.9050 49.3862
217.9108 49.3861
217.9166 49.3860
217.9224 49.3859
217.9283 49.3858
217.9341 49.3857
217.9399 49.3856
217.9457 49.3855
217.9515 49.3854
217.9574 49.3853
217.9632 49.3852
217.9690 49.3851
217.9748 49.3850
217.9806 49.3849
217.9865 49.3848
217.9923 49.3847
217.9981 49.3845
218.0039 49.3844
218.0097 49.3843
218.0155 49.3842
218.0214 49.3841
218.0272 49.3840
218.0330 49.3839
218.0388 49.3838
218.0446 49.3837
218.0505 49.3836
218.0563 49.3835
218.0621 49.3833
218.0679 49.3832
218.0737 49.3831
218.0796 49.3830
218.0854 49.3829
218.0912 49.3828
218.0970 49.3827
218.1028 49.3826
218.1087 49.3825
218.1145 49.3824
218.1203 49.3822
218.1261 49.3821
218.1319 49.3820
218.1378 49.3819
218.1436 49.3818
218.1494 49.3817
218.1552 49.3816
218.1610 49.3815
218.1668 49.3813
218.1727 49.3812
218.1785 49.3811
218.1843 49.3810
218.1901 49.3809
218.1959 49.3808
218.2018 49.3807
218.2076 49.3805
218.2134 49.3804
218.2192 49.3803
218.2250 49.3802
218.2309 49.3801
218.2367 49.3800
218.2425 49.3798
218.2483 49.3797
218.2541 49.3796
218.2600 49.3795
218.2658 49.3794
218.2716 49.3793
218.2774 49.3791
218.2832 49.3790
218.2890 49.3789
218.2949 49.3788
218.3007 49.3787
218.3065 49.3785
218.3123 49.3784
218.3181 49.3783
218.3240 49.3782
218.3298 49.3781
218.3356 49.3779
218.3414 49.3778
218.3472 49.3777
218.3531 49.3776
218.3589 49.3775
218.3647 49.3773
218.3705 49.3772
218.3763 49.3771
218.3822 49.3770
218.3880 49.3769
218.3938 49.3767
218.3996 49.3766
218.4054 49.3765
218.4113 49.3764
218.4171 49.3762
218.4229 49.3761
218.4287 49.3760
218.4345 49.3759
218.4403 49.3757
218.4462 49.3756
218.4520 49.3755
218.4578 49.3754
218.4636 49.3752
218.4694 49.3751
218.4753 49.3750
218.4811 49.3749
218.4869 49.3747
218.4927 49.3746
218.4985 49.3745
218.5044 49.3744
218.5102 49.3742
218.5160 49.3741
218.5218 49.3740
218.5276 49.3739
218.5335 49.3737
218.5393 49.3736
218.5451 49.3735
218.5509 49.3733
218.5567 49.3732
218.5625 49.3731
218.5684 49.3730
218.5742 49.3728
218.5800 49.3727
218.5858 49.3726
218.5916 49.3724
218.5975 49.3723
218.6033 49.3722
218.6091 49.3720
218.6149 49.3719
218.6207 49.3718
218.6266 49.3717
218.6324 49.3715
218.6382 49.3714
218.6440 49.3713
218.6498 49.3711
218.6557 49.3710
218.6615 49.3709
218.6673 49.3707
218.6731 49.3706
218.6789 49.3705
218.6848 49.3703
218.6906 49.3702
218.6964 49.3701
218.7022 49.3699
218.7080 49.3698
218.7139 49.3697
218.7197 49.3695
218.7255 49.3694
218.7313 49.3692
218.7371 49.3691
218.7429 49.3690
218.7488 49.3688
218.7546 49.3687
218.7604 49.3686
218.7662 49.3684
218.7720 49.3683
218.7779 49.3681
218.7837 49.3680
218.7895 49.3679
218.7953 49.3677
218.8011 49.3676
218.8070 49.3675
218.8128 49.3673
218.8186 49.3672
218.8244 49.3670
218.8302 49.3669
218.8361 49.3668
218.8419 49.3666
218.8477 49.3665
218.8535 49.3663
218.8593 49.3662
218.8652 49.3661
218.8710 49.3659
218.8768 49.3658
218.8826 49.3656
218.8884 49.3655
218.8943 49.3653
218.9001 49.3652
218.9059 49.3651
218.9117 49.3649
218.9175 49.3648
218.9234 49.3646
218.9292 49.3645
218.9350 49.3643
218.9408 49.3642
218.9466 49.3640
218.9525 49.3639
218.9583 49.3638
218.9641 49.3636
218.9699 49.3635
218.9757 49.3633
218.9816 49.3632
218.9874 49.3630
218.9932 49.3629
218.9990 49.3627
219.0048 49.3626
219.0107 49.3624
219.0165 49.3623
219.0223 49.3621
219.0281 49.3620
219.0339 49.3618
219.0398 49.3617
219.0456 49.3615
219.0514 49.3614
219.0572 49.3612
219.0630 49.3611
219.0689 49.3609
219.0747 49.3608
219.0805 49.3606
219.0863 49.3605
219.0921 49.3603
219.0980 49.3602
219.1038 49.3600
219.1096 49.3599
219.1154 49.3597
219.1212 49.3596
219.1271 49.3594
219.1329 49.3593
219.1387 49.3591
219.1445 49.3590
219.1503 49.3588
219.1562 49.3587
219.1620 49.3585
219.1678 49.3584
219.1736 49.3582
219.1794 49.3580
219.1853 49.3579
219.1911 49.3577
219.1969 49.3576
219.2027 49.3574
219.2085 49.3573
219.2144 49.3571
219.2202 49.3570
219.2260 49.3568
219.2318 49.3566
219.2376 49.3565
219.2435 49.3563
219.2493 49.3562
219.2551 49.3560
219.2609 49.3558
219.2667 49.3557
219.2726 49.3555
219.2784 49.3554
219.2842 49.3552
219.2900 49.3551
219.2958 49.3549
219.3017 49.3547
219.3075 49.3546
219.3133 49.3544
219.3191 49.3542
219.3249 49.3541
219.3308 49.3539
219.3366 49.3538
219.3424 49.3536
219.3482 49.3534
219.3541 49.3533
219.3599 49.3531
219.3657 49.3530
219.3715 49.3528
219.3773 49.3526
219.3832 49.3525
219.3890 49.3523
219.3948 49.3521
219.4006 49.3520
219.4064 49.3518
219.4123 49.3516
219.4181 49.3515
219.4239 49.3513
219.4297 49.3511
219.4355 49.3510
219.4414 49.3508
219.4472 49.3506
219.4530 49.3505
219.4588 49.3503
219.4646 49.3501
219.4705 49.3500
219.4763 49.3498
219.4821 49.3496
219.4879 49.3495
219.4937 49.3493
219.4996 49.3491
219.5054 49.3490
219.5112 49.3488
219.5170 49.3486
219.5228 49.3484
219.5287 49.3483
219.5345 49.3481
219.5403 49.3479
219.5461 49.3478
219.5520 49.3476
219.5578 49.3474
219.5636 49.3472
219.5694 49.3471
219.5752 49.3469
219.5811 49.3467
219.5869 49.3465
219.5927 49.3464
219.5985 49.3462
219.6043 49.3460
219.6102 49.3459
219.6160 49.3457
219.6218 49.3455
219.6276 49.3453
219.6334 49.3452
219.6393 49.3450
219.6451 49.3448
219.6509 49.3446
219.6567 49.3444
219.6625 49.3443
219.6684 49.3441
219.6742 49.3439
219.6800 49.3437
219.6858 49.3436
219.6917 49.3434
219.6975 49.3432
219.7033 49.3430
219.7091 49.3428
219.7149 49.3427
219.7208 49.3425
219.7266 49.3423
219.7324 49.3421
219.7382 49.3419
219.7440 49.3418
219.7499 49.3416
219.7557 49.3414
219.7615 49.3412
219.7673 49.3410
219.7731 49.3409
219.7790 49.3407
219.7848 49.3405
219.7906 49.3403
219.7964 49.3401
219.8022 49.3399
219.8081 49.3398
219.8139 49.3396
219.8197 49.3394
219.8255 49.3392
219.8314 49.3390
219.8372 49.3388
219.8430 49.3386
219.8488 49.3385
219.8546 49.3383
219.8605 49.3381
219.8663 49.3379
219.8721 49.3377
219.8779 49.3375
219.8837 49.3373
219.8896 49.3372
219.8954 49.3370
219.9012 49.3368
219.9070 49.3366
219.9128 49.3364
219.9187 49.3362
219.9245 49.3360
219.9303 49.3358
219.9361 49.3356
219.9420 49.3354
219.9478 49.3353
219.9536 49.3351
219.9594 49.3349
219.9652 49.3347
219.9711 49.3345
219.9769 49.3343
219.9827 49.3341
219.9885 49.3339
219.9943 49.3337
220.0002 49.3335
220.0060 49.3333
220.0118 49.3331
220.0176 49.3329
220.0234 49.3328
220.0293 49.3326
220.0351 49.3324
220.0409 49.3322
220.0467 49.3320
220.0526 49.3318
220.0584 49.3316
220.0642 49.3314
220.0700 49.3312
220.0758 49.3310
220.0817 49.3308
220.0875 49.3306
220.0933 49.3304
220.0991 49.3302
220.1049 49.3300
220.1108 49.3298
220.1166 49.3296
220.1224 49.3294
220.1282 49.3292
220.1340 49.3290
220.1399 49.3288
220.1457 49.3286
220.1515 49.3284
220.1573 49.3282
220.1632 49.3280
220.1690 49.3278
220.1748 49.3276
220.1806 49.3274
220.1864 49.3272
220.1923 49.3270
220.1981 49.3268
220.2039 49.3266
220.2097 49.3264
220.2155 49.3262
220.2214 49.3260
220.2272 49.3258
220.2330 49.3256
220.2388 49.3254
220.2447 49.3252
220.2505 49.3249
220.2563 49.3247
220.2621 49.3245
220.2679 49.3243
220.2738 49.3241
220.2796 49.3239
220.2854 49.3237
220.2912 49.3235
220.2970 49.3233
220.3029 49.3231
220.3087 49.3229
220.3145 49.3227
220.3203 49.3225
220.3262 49.3222
220.3320 49.3220
220.3378 49.3218
220.3436 49.3216
220.3494 49.3214
220.3553 49.3212
220.3611 49.3210
220.3669 49.3208
220.3727 49.3206
220.3785 49.3203
220.3844 49.3201
220.3902 49.3199
220.3960 49.3197
220.4018 49.3195
220.4077 49.3193
220.4135 49.3191
220.4193 49.3189
220.4251 49.3186
220.4309 49.3184
220.4368 49.3182
220.4426 49.3180
220.4484 49.3178
220.4542 49.3176
220.4601 49.3173
220.4659 49.3171
220.4717 49.3169
220.4775 49.3167
220.4833 49.3165
220.4892 49.3163
220.4950 49.3160
220.5008 49.3158
220.5066 49.3156
220.5124 49.3154
220.5183 49.3152
220.5241 49.3149
220.5299 49.3147
220.5357 49.3145
220.5416 49.3143
220.5474 49.3141
220.5532 49.3138
220.5590 49.3136
220.5648 49.3134
220.5707 49.3132
220.5765 49.3130
220.5823 49.3127
220.5881 49.3125
220.5940 49.3123
220.5998 49.3121
220.6056 49.3118
220.6114 49.3116
220.6172 49.3114
220.6231 49.3112
220.6289 49.3109
220.6347 49.3107
220.6405 49.3105
220.6464 49.3103
220.6522 49.3100
220.6580 49.3098
220.6638 49.3096
220.6696 49.3094
220.6755 49.3091
220.6813 49.3089
220.6871 49.3087
220.6929 49.3084
220.6988 49.3082
220.7046 49.3080
220.7104 49.3078
220.7162 49.3075
220.7220 49.3073
220.7279 49.3071
220.7337 49.3068
220.7395 49.3066
220.7453 49.3064
220.7512 49.3061
220.7570 49.3059
220.7628 49.3057
220.7686 49.3054
220.7745 49.3052
220.7803 49.3050
220.7861 49.3047
220.7919 49.3045
220.7977 49.3043
220.8036 49.3040
220.8094 49.3038
220.8152 49.3036
220.8210 49.3033
220.8269 49.3031
220.8327 49.3029
220.8385 49.3026
220.8443 49.3024
220.8501 49.3021
220.8560 49.3019
220.8618 49.3017
220.8676 49.3014
220.8734 49.3012
220.8793 49.3010
220.8851 49.3007
220.8909 49.3005
220.8967 49.3002
220.9025 49.3000
220.9084 49.2998
220.9142 49.2995
220.9200 49.2993
220.9258 49.2990
220.9317 49.2988
220.9375 49.2986
220.9433 49.2983
220.9491 49.2981
220.9550 49.2978
220.9608 49.2976
220.9666 49.2973
220.9724 49.2971
220.9782 49.2969
220.9841 49.2966
220.9899 49.2964
220.9957 49.2961
221.0015 49.2959
221.0074 49.2956
221.0132 49.2954
221.0190 49.2951
221.0248 49.2949
221.0307 49.2946
221.0365 49.2944
221.0423 49.2941
221.0481 49.2939
221.0539 49.2936
221.0598 49.2934
221.0656 49.2932
221.0714 49.2929
221.0772 49.2927
221.0831 49.2924
221.0889 49.2922
221.0947 49.2919
221.1005 49.2917
221.1064 49.2914
221.1122 49.2911
221.1180 49.2909
221.1238 49.2906
221.1296 49.2904
221.1355 49.2901
221.1413 49.2899
221.1471 49.2896
221.1529 49.2894
221.1588 49.2891
221.1646 49.2889
221.1704 49.2886
221.1762 49.2884
221.1821 49.2881
221.1879 49.2878
221.1937 49.2876
221.1995 49.2873
221.2053 49.2871
221.2112 49.2868
221.2170 49.2866
221.2228 49.2863
221.2286 49.2860
221.2345 49.2858
221.2403 49.2855
221.2461 49.2853
221.2519 49.2850
221.2578 49.2848
221.2636 49.2845
221.2694 49.2842
221.2752 49.2840
221.2810 49.2837
221.2869 49.2835
221.2927 49.2832
221.2985 49.2829
221.3043 49.2827
221.3102 49.2824
221.3160 49.2821
221.3218 49.2819
221.3276 49.2816
221.3335 49.2813
221.3393 49.2811
221.3451 49.2808
221.3509 49.2806
221.3568 49.2803
221.3626 49.2800
221.3684 49.2798
221.3742 49.2795
221.3800 49.2792
221.3859 49.2790
221.3917 49.2787
221.3975 49.2784
221.4033 49.2782
221.4092 49.2779
221.4150 49.2776
221.4208 49.2773
221.4266 49.2771
221.4325 49.2768
221.4383 49.2765
221.4441 49.2763
221.4499 49.2760
221.4557 49.2757
221.4616 49.2755
221.4674 49.2752
221.4732 49.2749
221.4790 49.2746
221.4849 49.2744
221.4907 49.2741
221.4965 49.2738
221.5023 49.2735
221.5082 49.2733
221.5140 49.2730
221.5198 49.2727
221.5256 49.2725
221.5315 49.2722
221.5373 49.2719
221.5431 49.2716
221.5489 49.2713
221.5547 49.2711
221.5606 49.2708
221.5664 49.2705
221.5722 49.2702
221.5780 49.2700
221.5839 49.2697
221.5897 49.2694
221.5955 49.2691
221.6013 49.2688
221.6072 49.2686
221.6130 49.2683
221.6188 49.2680
221.6246 49.2677
221.6305 49.2674
221.6363 49.2672
221.6421 49.2669
221.6479 49.2666
221.6538 49.2663
221.6596 49.2660
221.6654 49.2657
221.6712 49.2655
221.6770 49.2652
221.6829 49.2649
221.6887 49.2646
221.6945 49.2643
221.7003 49.2640
221.7062 49.2638
221.7120 49.2635
221.7178 49.2632
221.7236 49.2629
221.7295 49.2626
221.7353 49.2623
221.7411 49.2620
221.7469 49.2617
221.7528 49.2615
221.7586 49.2612
221.7644 49.2609
221.7702 49.2606
221.7761 49.2603
221.7819 49.2600
221.7877 49.2597
221.7935 49.2594
221.7993 49.2591
221.8052 49.2588
221.8110 49.2586
221.8168 49.2583
221.8226 49.2580
221.8285 49.2577
221.8343 49.2574
221.8401 49.2571
221.8459 49.2568
221.8518 49.2565
221.8576 49.2562
221.8634 49.2559
221.8692 49.2556
221.8751 49.2553
221.8809 49.2550
221.8867 49.2547
221.8925 49.2544
221.8984 49.2541
221.9042 49.2538
221.9100 49.2535
221.9158 49.2532
221.9217 49.2529
221.9275 49.2526
221.9333 49.2523
221.9391 49.2520
221.9450 49.2517
221.9508 49.2514
221.9566 49.2511
221.9624 49.2508
221.9683 49.2505
221.9741 49.2502
221.9799 49.2499
221.9857 49.2496
221.9916 49.2493
221.9974 49.2490
222.0032 49.2487
222.0090 49.2484
222.0148 49.2481
222.0207 49.2478
222.0265 49.2475
222.0323 49.2472
222.0381 49.2469
222.0440 49.2466
222.0498 49.2463
222.0556 49.2460
222.0614 49.2457
222.0673 49.2454
222.0731 49.2451
222.0789 49.2448
222.0847 49.2444
222.0906 49.2441
222.0964 49.2438
222.1022 49.2435
222.1080 49.2432
222.1139 49.2429
222.1197 49.2426
222.1255 49.2423
222.1313 49.2420
222.1372 49.2416
222.1430 49.2413
222.1488 49.2410
222.1546 49.2407
222.1605 49.2404
222.1663 49.2401
222.1721 49.2398
222.1779 49.2395
222.1838 49.2391
222.1896 49.2388
222.1954 49.2385
222.2012 49.2382
222.2071 49.2379
222.2129 49.2376
222.2187 49.2372
222.2245 49.2369
222.2304 49.2366
222.2362 49.2363
222.2420 49.2360
222.2478 49.2357
222.2537 49.2353
222.2595 49.2350
222.2653 49.2347
222.2711 49.2344
222.2770 49.2341
222.2828 49.2337
222.2886 49.2334
222.2945 49.2331
222.3003 49.2328
222.3061 49.2325
222.3119 49.2321
222.3178 49.2318
222.3236 49.2315
222.3294 49.2312
222.3352 49.2308
222.3411 49.2305
222.3469 49.2302
222.3527 49.2299
222.3585 49.2295
222.3644 49.2292
222.3702 49.2289
222.3760 49.2286
222.3818 49.2282
222.3877 49.2279
222.3935 49.2276
222.3993 49.2273
222.4051 49.2269
222.4110 49.2266
222.4168 49.2263
222.4226 49.2259
222.4284 49.2256
222.4343 49.2253
222.4401 49.2249
222.4459 49.2246
222.4517 49.2243
222.4576 49.2240
222.4634 49.2236
222.4692 49.2233
222.4750 49.2230
222.4809 49.2226
222.4867 49.2223
222.4925 49.2220
222.4983 49.2216
222.5042 49.2213
222.5100 49.2209
222.5158 49.2206
222.5217 49.2203
222.5275 49.2199
222.5333 49.2196
222.5391 49.2193
222.5450 49.2189
222.5508 49.2186
222.5566 49.2183
222.5624 49.2179
222.5683 49.2176
222.5741 49.2172
222.5799 49.2169
222.5857 49.2166
222.5916 49.2162
222.5974 49.2159
222.6032 49.2155
222.6090 49.2152
222.6149 49.2149
222.6207 49.2145
222.6265 49.2142
222.6323 49.2138
222.6382 49.2135
222.6440 49.2131
222.6498 49.2128
222.6556 49.2125
222.6615 49.2121
222.6673 49.2118
222.6731 49.2114
222.6790 49.2111
222.6848 49.2107
222.6906 49.2104
222.6964 49.2100
222.7023 49.2097
222.7081 49.2093
222.7139 49.2090
222.7197 49.2086
222.7256 49.2083
222.7314 49.2079
222.7372 49.2076
222.7430 49.2072
222.7489 49.2069
222.7547 49.2065
222.7605 49.2062
222.7663 49.2058
222.7722 49.2055
222.7780 49.2051
222.7838 49.2048
222.7897 49.2044
222.7955 49.2041
222.8013 49.2037
222.8071 49.2034
222.8130 49.2030
222.8188 49.2027
222.8246 49.2023
222.8304 49.2020
222.8363 49.2016
222.8421 49.2012
222.8479 49.2009
222.8537 49.2005
222.8596 49.2002
222.8654 49.1998
222.8712 49.1995
222.8771 49.1991
222.8829 49.1987
222.8887 49.1984
222.8945 49.1980
222.9004 49.1977
222.9062 49.1973
222.9120 49.1969
222.9178 49.1966
222.9237 49.1962
222.9295 49.1958
222.9353 49.1955
222.9411 49.1951
222.9470 49.1948
222.9528 49.1944
222.9586 49.1940
222.9644 49.1937
222.9703 49.1933
222.9761 49.1929
222.9819 49.1926
222.9878 49.1922
222.9936 49.1918
222.9994 49.1915
223.0052 49.1911
223.0111 49.1907
223.0169 49.1904
223.0227 49.1900
223.0285 49.1896
223.0344 49.1893
223.0402 49.1889
223.0460 49.1885
223.0519 49.1882
223.0577 49.1878
223.0635 49.1874
223.0693 49.1870
223.0752 49.1867
223.0810 49.1863
223.0868 49.1859
223.0926 49.1856
223.0985 49.1852
223.1043 49.1848
223.1101 49.1844
223.1159 49.1841
223.1218 49.1837
223.1276 49.1833
223.1334 49.1829
223.1393 49.1826
223.1451 49.1822
223.1509 49.1818
223.1567 49.1814
223.1626 49.1810
223.1684 49.1807
223.1742 49.1803
223.1800 49.1799
223.1859 49.1795
223.1917 49.1792
223.1975 49.1788
223.2033 49.1784
223.2092 49.1780
223.2150 49.1776
223.2208 49.1773
223.2267 49.1769
223.2325 49.1765
223.2383 49.1761
223.2441 49.1757
223.2500 49.1753
223.2558 49.1750
223.2616 49.1746
223.2674 49.1742
223.2733 49.1738
223.2791 49.1734
223.2849 49.1730
223.2908 49.1726
223.2966 49.1723
223.3024 49.1719
223.3082 49.1715
223.3141 49.1711
223.3199 49.1707
223.3257 49.1703
223.3315 49.1699
223.3374 49.1695
223.3432 49.1691
223.3490 49.1688
223.3549 49.1684
223.3607 49.1680
223.3665 49.1676
223.3723 49.1672
223.3782 49.1668
223.3840 49.1664
223.3898 49.1660
223.3957 49.1656
223.4015 49.1652
223.4073 49.1648
223.4131 49.1644
223.4190 49.1640
223.4248 49.1637
223.4306 49.1633
223.4364 49.1629
223.4423 49.1625
223.4481 49.1621
223.4539 49.1617
223.4598 49.1613
223.4656 49.1609
223.4714 49.1605
223.4772 49.1601
223.4831 49.1597
223.4889 49.1593
223.4947 49.1589
223.5006 49.1585
223.5064 49.1581
223.5122 49.1577
223.5180 49.1573
223.5239 49.1569
223.5297 49.1565
223.5355 49.1561
223.5413 49.1557
223.5472 49.1553
223.5530 49.1549
223.5588 49.1544
223.5647 49.1540
223.5705 49.1536
223.5763 49.1532
223.5821 49.1528
223.5880 49.1524
223.5938 49.1520
223.5996 49.1516
223.6055 49.1512
223.6113 49.1508
223.6171 49.1504
223.6229 49.1500
223.6288 49.1496
223.6346 49.1492
223.6404 49.1487
223.6463 49.1483
223.6521 49.1479
223.6579 49.1475
223.6637 49.1471
223.6696 49.1467
223.6754 49.1463
223.6812 49.1459
223.6871 49.1454
223.6929 49.1450
223.6987 49.1446
223.7045 49.1442
223.7104 49.1438
223.7162 49.1434
223.7220 49.1430
223.7279 49.1425
223.7337 49.1421
223.7395 49.1417
223.7453 49.1413
223.7512 49.1409
223.7570 49.1405
223.7628 49.1400
223.7687 49.1396
223.7745 49.1392
223.7803 49.1388
223.7861 49.1384
223.7920 49.1379
223.7978 49.1375
223.8036 49.1371
223.8095 49.1367
223.8153 49.1362
223.8211 49.1358
223.8269 49.1354
223.8328 49.1350
223.8386 49.1346
223.8444 49.1341
223.8503 49.1337
223.8561 49.1333
223.8619 49.1329
223.8678 49.1324
223.8736 49.1320
223.8794 49.1316
223.8852 49.1311
223.8911 49.1307
223.8969 49.1303
223.9027 49.1299
223.9086 49.1294
223.9144 49.1290
223.9202 49.1286
223.9260 49.1281
223.9319 49.1277
223.9377 49.1273
223.9435 49.1269
223.9494 49.1264
223.9552 49.1260
223.9610 49.1256
223.9668 49.1251
223.9727 49.1247
223.9785 49.1243
223.9843 49.1238
223.9902 49.1234
223.9960 49.1229
224.0018 49.1225
224.0077 49.1221
224.0135 49.1216
224.0193 49.1212
224.0251 49.1208
224.0310 49.1203
224.0368 49.1199
224.0426 49.1195
224.0485 49.1190
224.0543 49.1186
224.0601 49.1181
224.0659 49.1177
224.0718 49.1173
224.0776 49.1168
224.0834 49.1164
224.0893 49.1159
224.0951 49.1155
224.1009 49.1150
224.1068 49.1146
224.1126 49.1142
224.1184 49.1137
224.1242 49.1133
224.1301 49.1128
224.1359 49.1124
224.1417 49.1119
224.1476 49.1115
224.1534 49.1110
224.1592 49.1106
224.1651 49.1101
224.1709 49.1097
224.1767 49.1093
224.1825 49.1088
224.1884 49.1084
224.1942 49.1079
224.2000 49.1075
224.2059 49.1070
224.2117 49.1066
224.2175 49.1061
224.2234 49.1057
224.2292 49.1052
224.2350 49.1048
224.2408 49.1043
224.2467 49.1038
224.2525 49.1034
224.2583 49.1029
224.2642 49.1025
224.2700 49.1020
224.2758 49.1016
224.2817 49.1011
224.2875 49.1007
224.2933 49.1002
224.2991 49.0997
224.3050 49.0993
224.3108 49.0988
224.3166 49.0984
224.3225 49.0979
224.3283 49.0975
224.3341 49.0970
224.3400 49.0965
224.3458 49.0961
224.3516 49.0956
224.3574 49.0952
224.3633 49.0947
224.3691 49.0942
224.3749 49.0938
224.3808 49.0933
224.3866 49.0928
224.3924 49.0924
224.3983 49.0919
224.4041 49.0915
224.4099 49.0910
224.4157 49.0905
224.4216 49.0901
224.4274 49.0896
224.4332 49.0891
224.4391 49.0887
224.4449 49.0882
224.4507 49.0877
224.4566 49.0873
224.4624 49.0868
224.4682 49.0863
224.4741 49.0858
224.4799 49.0854
224.4857 49.0849
224.4915 49.0844
224.4974 49.0840
224.5032 49.0835
224.5090 49.0830
224.5149 49.0825
224.5207 49.0821
224.5265 49.0816
224.5324 49.0811
224.5382 49.0807
224.5440 49.0802
224.5499 49.0797
224.5557 49.0792
224.5615 49.0787
224.5673 49.0783
224.5732 49.0778
224.5790 49.0773
224.5848 49.0768
224.5907 49.0764
224.5965 49.0759
224.6023 49.0754
224.6082 49.0749
224.6140 49.0744
224.6198 49.0740
224.6256 49.0735
224.6315 49.0730
224.6373 49.0725
224.6431 49.0720
224.6490 49.0716
224.6548 49.0711
224.6606 49.0706
224.6665 49.0701
224.6723 49.0696
224.6781 49.0691
224.6840 49.0687
224.6898 49.0682
224.6956 49.0677
224.7015 49.0672
224.7073 49.0667
224.7131 49.0662
224.7189 49.0657
224.7248 49.0652
224.7306 49.0648
224.7364 49.0643
224.7423 49.0638
224.7481 49.0633
224.7539 49.0628
224.7598 49.0623
224.7656 49.0618
224.7714 49.0613
224.7773 49.0608
224.7831 49.0603
224.7889 49.0598
224.7947 49.0594
224.8006 49.0589
224.8064 49.0584
224.8122 49.0579
224.8181 49.0574
224.8239 49.0569
224.8297 49.0564
224.8356 49.0559
224.8414 49.0554
224.8472 49.0549
224.8531 49.0544
224.8589 49.0539
224.8647 49.0534
224.8706 49.0529
224.8764 49.0524
224.8822 49.0519
224.8881 49.0514
224.8939 49.0509
224.8997 49.0504
224.9055 49.0499
224.9114 49.0494
224.9172 49.0489
224.9230 49.0484
224.9289 49.0479
224.9347 49.0474
224.9405 49.0469
224.9464 49.0464
224.9522 49.0459
224.9580 49.0454
224.9639 49.0449
224.9697 49.0444
224.9755 49.0438
224.9814 49.0433
224.9872 49.0428
224.9930 49.0423
224.9989 49.0418
225.0047 49.0413
225.0105 49.0408
225.0164 49.0403
225.0222 49.0398
225.0280 49.0393
225.0338 49.0387
225.0397 49.0382
225.0455 49.0377
225.0513 49.0372
225.0572 49.0367
225.0630 49.0362
225.0688 49.0357
225.0747 49.0352
225.0805 49.0346
225.0863 49.0341
225.0922 49.0336
225.0980 49.0331
225.1038 49.0326
225.1097 49.0321
225.1155 49.0315
225.1213 49.0310
225.1272 49.0305
225.1330 49.0300
225.1388 49.0295
225.1447 49.0290
225.1505 49.0284
225.1563 49.0279
225.1622 49.0274
225.1680 49.0269
225.1738 49.0263
225.1797 49.0258
225.1855 49.0253
225.1913 49.0248
225.1972 49.0243
225.2030 49.0237
225.2088 49.0232
225.2147 49.0227
225.2205 49.0222
225.2263 49.0216
225.2322 49.0211
225.2380 49.0206
225.2438 49.0200
225.2497 49.0195
225.2555 49.0190
225.2613 49.0185
225.2672 49.0179
225.2730 49.0174
225.2788 49.0169
225.2847 49.0163
225.2905 49.0158
225.2963 49.0153
225.3022 49.0147
225.3080 49.0142
225.3138 49.0137
225.3197 49.0132
225.3255 49.0126
225.3313 49.0121
225.3372 49.0115
225.3430 49.0110
225.3488 49.0105
225.3547 49.0099
225.3605 49.0094
225.3663 49.0089
225.3722 49.0083
225.3780 49.0078
225.3838 49.0073
225.3897 49.0067
225.3955 49.0062
225.4013 49.0056
225.4072 49.0051
225.4130 49.0046
225.4188 49.0040
225.4247 49.0035
225.4305 49.0029
225.4363 49.0024
225.4422 49.0019
225.4480 49.0013
225.4538 49.0008
225.4597 49.0002
225.4655 48.9997
225.4713 48.9991
225.4772 48.9986
225.4830 48.9980
225.4888 48.9975
225.4947 48.9969
225.5005 48.9964
225.5063 48.9959
225.5122 48.9953
225.5180 48.9948
225.5238 48.9942
225.5297 48.9937
225.5355 48.9931
225.5413 48.9926
225.5472 48.9920
225.5530 48.9915
225.5588 48.9909
225.5647 48.9904
225.5705 48.9898
225.5763 48.9892
225.5822 48.9887
225.5880 48.9881
225.5938 48.9876
225.5997 48.9870
225.6055 48.9865
225.6113 48.9859
225.6172 48.9854
225.6230 48.9848
225.6288 48.9843
225.6347 48.9837
225.6405 48.9831
225.6463 48.9826
225.6522 48.9820
225.6580 48.9815
225.6638 48.9809
225.6697 48.9803
225.6755 48.9798
225.6813 48.9792
225.6872 48.9787
225.6930 48.9781
225.6988 48.9775
225.7047 48.9770
225.7105 48.9764
225.7163 48.9758
225.7222 48.9753
225.7280 48.9747
225.7339 48.9741
225.7397 48.9736
225.7455 48.9730
225.7514 48.9725
225.7572 48.9719
225.7630 48.9713
225.7689 48.9707
225.7747 48.9702
225.7805 48.9696
225.7864 48.9690
225.7922 48.9685
225.7980 48.9679
225.8039 48.9673
225.8097 48.9668
225.8155 48.9662
225.8214 48.9656
225.8272 48.9650
225.8330 48.9645
225.8389 48.9639
225.8447 48.9633
225.8505 48.9627
225.8564 48.9622
225.8622 48.9616
225.8680 48.9610
225.8739 48.9604
225.8797 48.9599
225.8856 48.9593
225.8914 48.9587
225.8972 48.9581
225.9031 48.9576
225.9089 48.9570
225.9147 48.9564
225.9206 48.9558
225.9264 48.9552
225.9322 48.9547
225.9381 48.9541
225.9439 48.9535
225.9497 48.9529
225.9556 48.9523
225.9614 48.9517
225.9672 48.9512
225.9731 48.9506
225.9789 48.9500
225.9847 48.9494
225.9906 48.9488
225.9964 48.9482
226.0023 48.9477
226.0081 48.9471
226.0139 48.9465
226.0198 48.9459
226.0256 48.9453
226.0314 48.9447
226.0373 48.9441
226.0431 48.9435
226.0489 48.9429
226.0548 48.9424
226.0606 48.9418
226.0664 48.9412
226.0723 48.9406
226.0781 48.9400
226.0839 48.9394
226.0898 48.9388
226.0956 48.9382
226.1014 48.9376
226.1073 48.9370
226.1131 48.9364
226.1190 48.9358
226.1248 48.9352
226.1306 48.9346
226.1365 48.9340
226.1423 48.9334
226.1481 48.9328
226.1540 48.9322
226.1598 48.9316
226.1656 48.9310
226.1715 48.9304
226.1773 48.9298
226.1831 48.9292
226.1890 48.9286
226.1948 48.9280
226.2006 48.9274
226.2065 48.9268
226.2123 48.9262
226.2182 48.9256
226.2240 48.9250
226.2298 48.9244
226.2357 48.9238
226.2415 48.9232
226.2473 48.9226
226.2532 48.9220
226.2590 48.9214
226.2648 48.9208
226.2707 48.9202
226.2765 48.9196
226.2823 48.9190
226.2882 48.9184
226.2940 48.9177
226.2999 48.9171
226.3057 48.9165
226.3115 48.9159
226.3174 48.9153
226.3232 48.9147
226.3290 48.9141
226.3349 48.9135
226.3407 48.9129
226.3465 48.9122
226.3524 48.9116
226.3582 48.9110
226.3641 48.9104
226.3699 48.9098
226.3757 48.9092
226.3816 48.9085
226.3874 48.9079
226.3932 48.9073
226.3991 48.9067
226.4049 48.9061
226.4107 48.9055
226.4166 48.9048
226.4224 48.9042
226.4283 48.9036
226.4341 48.9030
226.4399 48.9024
226.4458 48.9017
226.4516 48.9011
226.4574 48.9005
226.4633 48.8999
226.4691 48.8992
226.4749 48.8986
226.4808 48.8980
226.4866 48.8974
226.4925 48.8967
226.4983 48.8961
226.5041 48.8955
226.5100 48.8949
226.5158 48.8942
226.5216 48.8936
226.5275 48.8930
226.5333 48.8923
226.5392 48.8917
226.5450 48.8911
226.5508 48.8905
226.5567 48.8898
226.5625 48.8892
226.5683 48.8886
226.5742 48.8879
226.5800 48.8873
226.5859 48.8867
226.5917 48.8860
226.5975 48.8854
226.6034 48.8848
226.6092 48.8841
226.6150 48.8835
226.6209 48.8829
226.6267 48.8822
226.6326 48.8816
226.6384 48.8809
226.6442 48.8803
226.6501 48.8797
226.6559 48.8790
226.6617 48.8784
226.6676 48.8777
226.6734 48.8771
226.6793 48.8765
226.6851 48.8758
226.6909 48.8752
226.6968 48.8745
226.7026 48.8739
226.7084 48.8733
226.7143 48.8726
226.7201 48.8720
226.7260 48.8713
226.7318 48.8707
226.7376 48.8700
226.7435 48.8694
226.7493 48.8687
226.7551 48.8681
226.7610 48.8674
226.7668 48.8668
226.7727 48.8662
226.7785 48.8655
226.7843 48.8649
226.7902 48.8642
226.7960 48.8636
226.8018 48.8629
226.8077 48.8623
226.8135 48.8616
226.8194 48.8609
226.8252 48.8603
226.8310 48.8596
226.8369 48.8590
226.8427 48.8583
226.8486 48.8577
226.8544 48.8570
226.8602 48.8564
226.8661 48.8557
226.8719 48.8551
226.8777 48.8544
226.8836 48.8537
226.8894 48.8531
226.8953 48.8524
226.9011 48.8518
226.9069 48.8511
226.9128 48.8504
226.9186 48.8498
226.9244 48.8491
226.9303 48.8485
226.9361 48.8478
226.9420 48.8471
226.9478 48.8465
226.9536 48.8458
226.9595 48.8451
226.9653 48.8445
226.9712 48.8438
226.9770 48.8432
226.9828 48.8425
226.9887 48.8418
226.9945 48.8412
227.0004 48.8405
227.0062 48.8398
227.0120 48.8392
227.0179 48.8385
227.0237 48.8378
227.0295 48.8371
227.0354 48.8365
227.0412 48.8358
227.0471 48.8351
227.0529 48.8345
227.0587 48.8338
227.0646 48.8331
227.0704 48.8324
227.0763 48.8318
227.0821 48.8311
227.0879 48.8304
227.0938 48.8298
227.0996 48.8291
227.1055 48.8284
227.1113 48.8277
227.1171 48.8270
227.1230 48.8264
227.1288 48.8257
227.1346 48.8250
227.1405 48.8243
227.1463 48.8237
227.1522 48.8230
227.1580 48.8223
227.1638 48.8216
227.1697 48.8209
227.1755 48.8203
227.1814 48.8196
227.1872 48.8189
227.1930 48.8182
227.1989 48.8175
227.2047 48.8168
227.2106 48.8162
227.2164 48.8155
227.2222 48.8148
227.2281 48.8141
227.2339 48.8134
227.2398 48.8127
227.2456 48.8120
227.2514 48.8114
227.2573 48.8107
227.2631 48.8100
227.2690 48.8093
227.2748 48.8086
227.2806 48.8079
227.2865 48.8072
227.2923 48.8065
227.2982 48.8058
227.3040 48.8051
227.3098 48.8044
227.3157 48.8038
227.3215 48.8031
227.3274 48.8024
227.3332 48.8017
227.3390 48.8010
227.3449 48.8003
227.3507 48.7996
227.3566 48.7989
227.3624 48.7982
227.3682 48.7975
227.3741 48.7968
227.3799 48.7961
227.3858 48.7954
227.3916 48.7947
227.3974 48.7940
227.4033 48.7933
227.4091 48.7926
227.4150 48.7919
227.4208 48.7912
227.4266 48.7905
227.4325 48.7898
227.4383 48.7891
227.4442 48.7884
227.4500 48.7877
227.4558 48.7870
227.4617 48.7863
227.4675 48.7856
227.4734 48.7849
227.4792 48.7841
227.4850 48.7834
227.4909 48.7827
227.4967 48.7820
227.5026 48.7813
227.5084 48.7806
227.5142 48.7799
227.5201 48.7792
227.5259 48.7785
227.5318 48.7778
227.5376 48.7771
227.5434 48.7763
227.5493 48.7756
227.5551 48.7749
227.5610 48.7742
227.5668 48.7735
227.5726 48.7728
227.5785 48.7721
227.5843 48.7713
227.5902 48.7706
227.5960 48.7699
227.6018 48.7692
227.6077 48.7685
227.6135 48.7678
227.6194 48.7670
227.6252 48.7663
227.6310 48.7656
227.6369 48.7649
227.6427 48.7642
227.6486 48.7634
227.6544 48.7627
227.6602 48.7620
227.6661 48.7613
227.6719 48.7606
227.6778 48.7598
227.6836 48.7591
227.6895 48.7584
227.6953 48.7577
227.7011 48.7569
227.7070 48.7562
227.7128 48.7555
227.7187 48.7548
227.7245 48.7540
227.7303 48.7533
227.7362 48.7526
227.7420 48.7518
227.7479 48.7511
227.7537 48.7504
227.7595 48.7497
227.7654 48.7489
227.7712 48.7482
227.7771 48.7475
227.7829 48.7467
227.7888 48.7460
227.7946 48.7453
227.8004 48.7445
227.8063 48.7438
227.8121 48.7431
227.8180 48.7423
227.8238 48.7416
227.8296 48.7409
227.8355 48.7401
227.8413 48.7394
227.8472 48.7386
227.8530 48.7379
227.8589 48.7372
227.8647 48.7364
227.8705 48.7357
227.8764 48.7349
227.8822 48.7342
227.8881 48.7335
227.8939 48.7327
227.8997 48.7320
227.9056 48.7312
227.9114 48.7305
227.9173 48.7297
227.9231 48.7290
227.9290 48.7283
227.9348 48.7275
227.9406 48.7268
227.9465 48.7260
227.9523 48.7253
227.9582 48.7245
227.9640 48.7238
227.9698 48.7230
227.9757 48.7223
227.9815 48.7215
227.9874 48.7208
227.9932 48.7200
227.9991 48.7193
228.0049 48.7185
228.0107 48.7178
228.0166 48.7170
228.0224 48.7163
228.0283 48.7155
228.0341 48.7148
228.0400 48.7140
228.0458 48.7133
228.0516 48.7125
228.0575 48.7118
228.0633 48.7110
228.0692 48.7102
228.0750 48.7095
228.0809 48.7087
228.0867 48.7080
228.0925 48.7072
228.0984 48.7065
228.1042 48.7057
228.1101 48.7049
228.1159 48.7042
228.1218 48.7034
228.1276 48.7027
228.1334 48.7019
228.1393 48.7011
228.1451 48.7004
228.1510 48.6996
228.1568 48.6988
228.1627 48.6981
228.1685 48.6973
228.1743 48.6965
228.1802 48.6958
228.1860 48.6950
228.1919 48.6942
228.1977 48.6935
228.2036 48.6927
228.2094 48.6919
228.2152 48.6912
228.2211 48.6904
228.2269 48.6896
228.2328 48.6889
228.2386 48.6881
228.2445 48.6873
228.2503 48.6865
228.2562 48.6858
228.2620 48.6850
228.2678 48.6842
228.2737 48.6835
228.2795 48.6827
228.2854 48.6819
228.2912 48.6811
228.2971 48.6804
228.3029 48.6796
228.3087 48.6788
228.3146 48.6780
228.3204 48.6772
228.3263 48.6765
228.3321 48.6757
228.3380 48.6749
228.3438 48.6741
228.3497 48.6734
228.3555 48.6726
228.3613 48.6718
228.3672 48.6710
228.3730 48.6702
228.3789 48.6694
228.3847 48.6687
228.3906 48.6679
228.3964 48.6671
228.4022 48.6663
228.4081 48.6655
228.4139 48.6647
228.4198 48.6640
228.4256 48.6632
228.4315 48.6624
228.4373 48.6616
228.4432 48.6608
228.4490 48.6600
228.4548 48.6592
228.4607 48.6584
228.4665 48.6576
228.4724 48.6569
228.4782 48.6561
228.4841 48.6553
228.4899 48.6545
228.4958 48.6537
228.5016 48.6529
228.5074 48.6521
228.5133 48.6513
228.5191 48.6505
228.5250 48.6497
228.5308 48.6489
228.5367 48.6481
228.5425 48.6473
228.5484 48.6465
228.5542 48.6457
228.5601 48.6449
228.5659 48.6441
228.5717 48.6433
228.5776 48.6425
228.5834 48.6417
228.5893 48.6409
228.5951 48.6401
228.6010 48.6393
228.6068 48.6385
228.6127 48.6377
228.6185 48.6369
228.6243 48.6361
228.6302 48.6353
228.6360 48.6345
228.6419 48.6337
228.6477 48.6329
228.6536 48.6321
228.6594 48.6313
228.6653 48.6305
228.6711 48.6297
228.6770 48.6289
228.6828 48.6281
228.6886 48.6272
228.6945 48.6264
228.7003 48.6256
228.7062 48.6248
228.7120 48.6240
228.7179 48.6232
228.7237 48.6224
228.7296 48.6216
228.7354 48.6208
228.7412 48.6199
228.7471 48.6191
228.7529 48.6183
228.7588 48.6175
228.7646 48.6167
228.7705 48.6159
228.7763 48.6151
228.7822 48.6142
228.7880 48.6134
228.7939 48.6126
228.7997 48.6118
228.8055 48.6110
228.8114 48.6101
228.8172 48.6093
228.8231 48.6085
228.8289 48.6077
228.8348 48.6069
228.8406 48.6060
228.8465 48.6052
228.8523 48.6044
228.8582 48.6036
228.8640 48.6027
228.8699 48.6019
228.8757 48.6011
228.8815 48.6003
228.8874 48.5994
228.8932 48.5986
228.8991 48.5978
228.9049 48.5970
228.9108 48.5961
228.9166 48.5953
228.9225 48.5945
228.9283 48.5936
228.9342 48.5928
228.9400 48.5920
228.9459 48.5912
228.9517 48.5903
228.9575 48.5895
228.9634 48.5887
228.9692 48.5878
228.9751 48.5870
228.9809 48.5862
228.9868 48.5853
228.9926 48.5845
228.9985 48.5836
229.0043 48.5828
229.0102 48.5820
229.0160 48.5811
229.0219 48.5803
229.0277 48.5795
229.0335 48.5786
229.0394 48.5778
229.0452 48.5769
229.0511 48.5761
229.0569 48.5753
229.0628 48.5744
229.0686 48.5736
229.0745 48.5727
229.0803 48.5719
229.0862 48.5711
229.0920 48.5702
229.0979 48.5694
229.1037 48.5685
229.1095 48.5677
229.1154 48.5668
229.1212 48.5660
229.1271 48.5651
229.1329 48.5643
229.1388 48.5634
229.1446 48.5626
229.1505 48.5617
229.1563 48.5609
229.1622 48.5600
229.1680 48.5592
229.1739 48.5583
229.1797 48.5575
229.1856 48.5566
229.1914 48.5558
229.1973 48.5549
229.2031 48.5541
229.2089 48.5532
229.2148 48.5524
229.2206 48.5515
229.2265 48.5507
229.2323 48.5498
229.2382 48.5490
229.2440 48.5481
229.2499 48.5472
229.2557 48.5464
229.2616 48.5455
229.2674 48.5447
229.2733 48.5438
229.2791 48.5429
229.2850 48.5421
229.2908 48.5412
229.2967 48.5404
229.3025 48.5395
229.3084 48.5386
229.3142 48.5378
229.3201 48.5369
229.3259 48.5360
229.3317 48.5352
229.3376 48.5343
229.3434 48.5335
229.3493 48.5326
229.3551 48.5317
229.3610 48.5309
229.3668 48.5300
229.3727 48.5291
229.3785 48.5282
229.3844 48.5274
229.3902 48.5265
229.3961 48.5256
229.4019 48.5248
229.4078 48.5239
229.4136 48.5230
229.4195 48.5222
229.4253 48.5213
229.4312 48.5204
229.4370 48.5195
229.4429 48.5187
229.4487 48.5178
229.4546 48.5169
229.4604 48.5160
229.4663 48.5152
229.4721 48.5143
229.4780 48.5134
229.4838 48.5125
229.4897 48.5116
229.4955 48.5108
229.5014 48.5099
229.5072 48.5090
229.5130 48.5081
229.5189 48.5073
229.5247 48.5064
229.5306 48.5055
229.5364 48.5046
229.5423 48.5037
229.5481 48.5028
229.5540 48.5020
229.5598 48.5011
229.5657 48.5002
229.5715 48.4993
229.5774 48.4984
229.5832 48.4975
229.5891 48.4966
229.5949 48.4958
229.6008 48.4949
229.6066 48.4940
229.6125 48.4931
229.6183 48.4922
229.6242 48.4913
229.6300 48.4904
229.6359 48.4895
229.6417 48.4886
229.6476 48.4878
229.6534 48.4869
229.6593 48.4860
229.6651 48.4851
229.6710 48.4842
229.6768 48.4833
229.6827 48.4824
229.6885 48.4815
229.6944 48.4806
229.7002 48.4797
229.7061 48.4788
229.7119 48.4779
229.7178 48.4770
229.7236 48.4761
229.7295 48.4752
229.7353 48.4743
229.7412 48.4734
229.7470 48.4725
229.7529 48.4716
229.7587 48.4707
229.7646 48.4698
229.7704 48.4689
229.7763 48.4680
229.7821 48.4671
229.7880 48.4662
229.7938 48.4653
229.7997 48.4644
229.8055 48.4635
229.8114 48.4626
229.8172 48.4617
229.8231 48.4608
229.8289 48.4599
229.8348 48.4589
229.8406 48.4580
229.8465 48.4571
229.8523 48.4562
229.8582 48.4553
229.8640 48.4544
229.8699 48.4535
229.8757 48.4526
229.8816 48.4517
229.8874 48.4508
229.8933 48.4498
229.8991 48.4489
229.9050 48.4480
229.9108 48.4471
229.9167 48.4462
229.9225 48.4453
229.9284 48.4444
229.9342 48.4434
229.9401 48.4425
229.9459 48.4416
229.9518 48.4407
229.9576 48.4398
229.9635 48.4388
229.9694 48.4379
229.9752 48.4370
229.9811 48.4361
229.9869 48.4352
229.9928 48.4342
229.9986 48.4333
230.0045 48.4324
230.0103 48.4315
230.0162 48.4305
230.0220 48.4296
230.0279 48.4287
230.0337 48.4278
230.0396 48.4268
230.0454 48.4259
230.0513 48.4250
230.0571 48.4241
230.0630 48.4231
230.0688 48.4222
230.0747 48.4213
230.0805 48.4204
230.0864 48.4194
230.0922 48.4185
230.0981 48.4176
230.1039 48.4166
230.1098 48.4157
230.1156 48.4148
230.1215 48.4138
230.1273 48.4129
230.1332 48.4120
230.1390 48.4110
230.1449 48.4101
230.1507 48.4092
230.1566 48.4082
230.1625 48.4073
230.1683 48.4064
230.1742 48.4054
230.1800 48.4045
230.1859 48.4035
230.1917 48.4026
230.1976 48.4017
230.2034 48.4007
230.2093 48.3998
230.2151 48.3988
230.2210 48.3979
230.2268 48.3970
230.2327 48.3960
230.2385 48.3951
230.2444 48.3941
230.2502 48.3932
230.2561 48.3922
230.2619 48.3913
230.2678 48.3904
230.2736 48.3894
230.2795 48.3885
230.2853 48.3875
230.2912 48.3866
230.2971 48.3856
230.3029 48.3847
230.3088 48.3837
230.3146 48.3828
230.3205 48.3818
230.3263 48.3809
230.3322 48.3799
230.3380 48.3790
230.3439 48.3780
230.3497 48.3771
230.3556 48.3761
230.3614 48.3752
230.3673 48.3742
230.3731 48.3732
230.3790 48.3723
230.3848 48.3713
230.3907 48.3704
230.3965 48.3694
230.4024 48.3685
230.4083 48.3675
230.4141 48.3665
230.4200 48.3656
230.4258 48.3646
230.4317 48.3637
230.4375 48.3627
230.4434 48.3617
230.4492 48.3608
230.4551 48.3598
230.4609 48.3589
230.4668 48.3579
230.4726 48.3569
230.4785 48.3560
230.4843 48.3550
230.4902 48.3540
230.4960 48.3531
230.5019 48.3521
230.5078 48.3511
230.5136 48.3502
230.5195 48.3492
230.5253 48.3482
230.5312 48.3473
230.5370 48.3463
230.5429 48.3453
230.5487 48.3444
230.5546 48.3434
230.5604 48.3424
230.5663 48.3415
230.5721 48.3405
230.5780 48.3395
230.5838 48.3385
230.5897 48.3376
230.5956 48.3366
230.6014 48.3356
230.6073 48.3346
230.6131 48.3337
230.6190 48.3327
230.6248 48.3317
230.6307 48.3307
230.6365 48.3298
230.6424 48.3288
230.6482 48.3278
230.6541 48.3268
230.6599 48.3258
230.6658 48.3249
230.6717 48.3239
230.6775 48.3229
230.6834 48.3219
230.6892 48.3209
230.6951 48.3200
230.7009 48.3190
230.7068 48.3180
230.7126 48.3170
230.7185 48.3160
230.7243 48.3150
230.7302 48.3140
230.7361 48.3131
230.7419 48.3121
230.7478 48.3111
230.7536 48.3101
230.7595 48.3091
230.7653 48.3081
230.7712 48.3071
230.7770 48.3061
230.7829 48.3051
230.7887 48.3042
230.7946 48.3032
230.8005 48.3022
230.8063 48.3012
230.8122 48.3002
230.8180 48.2992
230.8239 48.2982
230.8297 48.2972
230.8356 48.2962
230.8414 48.2952
230.8473 48.2942
230.8532 48.2932
230.8590 48.2922
230.8649 48.2912
230.8707 48.2902
230.8766 48.2892
230.8824 48.2882
230.8883 48.2872
230.8941 48.2862
230.9000 48.2852
230.9058 48.2842
230.9117 48.2832
230.9176 48.2822
230.9234 48.2812
230.9293 48.2802
230.9351 48.2792
230.9410 48.2782
230.9468 48.2772
230.9527 48.2762
230.9586 48.2752
230.9644 48.2742
230.9703 48.2732
230.9761 48.2722
230.9820 48.2712
230.9878 48.2702
230.9937 48.2691
230.9995 48.2681
231.0054 48.2671
231.0113 48.2661
231.0171 48.2651
231.0230 48.2641
231.0288 48.2631
231.0347 48.2621
231.0405 48.2611
231.0464 48.2600
231.0522 48.2590
231.0581 48.2580
231.0640 48.2570
231.0698 48.2560
231.0757 48.2550
231.0815 48.2540
231.0874 48.2529
231.0932 48.2519
231.0991 48.2509
231.1050 48.2499
231.1108 48.2489
231.1167 48.2478
231.1225 48.2468
231.1284 48.2458
231.1342 48.2448
231.1401 48.2438
231.1460 48.2427
231.1518 48.2417
231.1577 48.2407
231.1635 48.2397
231.1694 48.2386
231.1752 48.2376
231.1811 48.2366
231.1870 48.2356
231.1928 48.2345
231.1987 48.2335
231.2045 48.2325
231.2104 48.2315
231.2162 48.2304
231.2221 48.2294
231.2280 48.2284
231.2338 48.2273
231.2397 48.2263
231.2455 48.2253
231.2514 48.2242
231.2572 48.2232
231.2631 48.2222
231.2690 48.2211
231.2748 48.2201
231.2807 48.2191
231.2865 48.2180
231.2924 48.2170
231.2982 48.2160
231.3041 48.2149
231.3100 48.2139
231.3158 48.2129
231.3217 48.2118
231.3275 48.2108
231.3334 48.2098
231.3393 48.2087
231.3451 48.2077
231.3510 48.2066
231.3568 48.2056
231.3627 48.2045
231.3685 48.2035
231.3744 48.2025
231.3803 48.2014
231.3861 48.2004
231.3920 48.1993
231.3978 48.1983
231.4037 48.1972
231.4095 48.1962
231.4154 48.1952
231.4213 48.1941
231.4271 48.1931
231.4330 48.1920
231.4388 48.1910
231.4447 48.1899
231.4506 48.1889
231.4564 48.1878
231.4623 48.1868
231.4681 48.1857
231.4740 48.1847
231.4799 48.1836
231.4857 48.1826
231.4916 48.1815
231.4974 48.1805
231.5033 48.1794
231.5091 48.1783
231.5150 48.1773
231.5209 48.1762
231.5267 48.1752
231.5326 48.1741
231.5384 48.1731
231.5443 48.1720
231.5502 48.1710
231.5560 48.1699
231.5619 48.1688
231.5677 48.1678
231.5736 48.1667
231.5795 48.1657
231.5853 48.1646
231.5912 48.1635
231.5970 48.1625
231.6029 48.1614
231.6087 48.1603
231.6146 48.1593
231.6205 48.1582
231.6263 48.1572
231.6322 48.1561
231.6380 48.1550
231.6439 48.1540
231.6498 48.1529
231.6556 48.1518
231.6615 48.1508
231.6673 48.1497
231.6732 48.1486
231.6791 48.1476
231.6849 48.1465
231.6908 48.1454
231.6966 48.1443
231.7025 48.1433
231.7084 48.1422
231.7142 48.1411
231.7201 48.1401
231.7259 48.1390
231.7318 48.1379
231.7377 48.1368
231.7435 48.1358
231.7494 48.1347
231.7552 48.1336
231.7611 48.1325
231.7670 48.1315
231.7728 48.1304
231.7787 48.1293
231.7845 48.1282
231.7904 48.1271
231.7963 48.1261
231.8021 48.1250
231.8080 48.1239
231.8138 48.1228
231.8197 48.1217
231.8256 48.1207
231.8314 48.1196
231.8373 48.1185
231.8431 48.1174
231.8490 48.1163
231.8549 48.1152
231.8607 48.1142
231.8666 48.1131
231.8724 48.1120
231.8783 48.1109
231.8842 48.1098
231.8900 48.1087
231.8959 48.1076
231.9017 48.1065
231.9076 48.1055
231.9135 48.1044
231.9193 48.1033
231.9252 48.1022
231.9310 48.1011
231.9369 48.1000
231.9428 48.0989
231.9486 48.0978
231.9545 48.0967
231.9604 48.0956
231.9662 48.0945
231.9721 48.0934
231.9779 48.0923
231.9838 48.0912
231.9897 48.0901
231.9955 48.0891
232.0014 48.0880
232.0072 48.0869
232.0131 48.0858
232.0190 48.0847
232.0248 48.0836
232.0307 48.0825
232.0365 48.0814
232.0424 48.0803
232.0483 48.0792
232.0541 48.0781
232.0600 48.0770
232.0659 48.0758
232.0717 48.0747
232.0776 48.0736
232.0834 48.0725
232.0893 48.0714
232.0952 48.0703
232.1010 48.0692
232.1069 48.0681
232.1127 48.0670
232.1186 48.0659
232.1245 48.0648
232.1303 48.0637
232.1362 48.0626
232.1421 48.0615
232.1479 48.0603
232.1538 48.0592
232.1596 48.0581
232.1655 48.0570
232.1714 48.0559
232.1772 48.0548
232.1831 48.0537
232.1890 48.0526
232.1948 48.0514
232.2007 48.0503
232.2065 48.0492
232.2124 48.0481
232.2183 48.0470
232.2241 48.0459
232.2300 48.0447
232.2359 48.0436
232.2417 48.0425
232.2476 48.0414
232.2534 48.0403
232.2593 48.0391
232.2652 48.0380
232.2710 48.0369
232.2769 48.0358
232.2828 48.0347
232.2886 48.0335
232.2945 48.0324
232.3003 48.0313
232.3062 48.0302
232.3121 48.0290
232.3179 48.0279
232.3238 48.0268
232.3297 48.0257
232.3355 48.0245
232.3414 48.0234
232.3472 48.0223
232.3531 48.0212
232.3590 48.0200
232.3648 48.0189
232.3707 48.0178
232.3766 48.0166
232.3824 48.0155
232.3883 48.0144
232.3942 48.0132
232.4000 48.0121
232.4059 48.0110
232.4117 48.0098
232.4176 48.0087
232.4235 48.0076
232.4293 48.0064
232.4352 48.0053
232.4411 48.0042
232.4469 48.0030
232.4528 48.0019
232.4587 48.0007
232.4645 47.9996
232.4704 47.9985
232.4762 47.9973
232.4821 47.9962
232.4880 47.9950
232.4938 47.9939
232.4997 47.9928
232.5056 47.9916
232.5114 47.9905
232.5173 47.9893
232.5232 47.9882
232.5290 47.9870
232.5349 47.9859
232.5408 47.9848
232.5466 47.9836
232.5525 47.9825
232.5584 47.9813
232.5642 47.9802
232.5701 47.9790
232.5759 47.9779
232.5818 47.9767
232.5877 47.9756
232.5935 47.9744
232.5994 47.9733
232.6053 47.9721
232.6111 47.9710
232.6170 47.9698
232.6229 47.9687
232.6287 47.9675
232.6346 47.9664
232.6405 47.9652
232.6463 47.9641
232.6522 47.9629
232.6581 47.9617
232.6639 47.9606
232.6698 47.9594
232.6757 47.9583
232.6815 47.9571
232.6874 47.9560
232.6932 47.9548
232.6991 47.9536
232.7050 47.9525
232.7108 47.9513
232.7167 47.9502
232.7226 47.9490
232.7284 47.9478
232.7343 47.9467
232.7402 47.9455
232.7460 47.9443
232.7519 47.9432
232.7578 47.9420
232.7636 47.9408
232.7695 47.9397
232.7754 47.9385
232.7812 47.9373
232.7871 47.9362
232.7930 47.9350
232.7988 47.9338
232.8047 47.9327
232.8106 47.9315
232.8164 47.9303
232.8223 47.9292
232.8282 47.9280
232.8340 47.9268
232.8399 47.9257
232.8458 47.9245
232.8516 47.9233
232.8575 47.9221
232.8634 47.9210
232.8692 47.9198
232.8751 47.9186
232.8810 47.9174
232.8868 47.9163
232.8927 47.9151
232.8986 47.9139
232.9044 47.9127
232.9103 47.9115
232.9162 47.9104
232.9220 47.9092
232.9279 47.9080
232.9338 47.9068
232.9396 47.9056
232.9455 47.9045
232.9514 47.9033
232.9572 47.9021
232.9631 47.9009
232.9690 47.8997
232.9748 47.8986
232.9807 47.8974
232.9866 47.8962
232.9924 47.8950
232.9983 47.8938
233.0042 47.8926
233.0100 47.8914
233.0159 47.8903
233.0218 47.8891
233.0276 47.8879
233.0335 47.8867
233.0394 47.8855
233.0452 47.8843
233.0511 47.8831
233.0570 47.8819
233.0628 47.8807
233.0687 47.8795
233.0746 47.8783
233.0804 47.8772
233.0863 47.8760
233.0922 47.8748
233.0980 47.8736
233.1039 47.8724
233.1098 47.8712
233.1156 47.8700
233.1215 47.8688
233.1274 47.8676
233.1333 47.8664
233.1391 47.8652
233.1450 47.8640
233.1509 47.8628
233.1567 47.8616
233.1626 47.8604
233.1685 47.8592
233.1743 47.8580
233.1802 47.8568
233.1861 47.8556
233.1919 47.8544
233.1978 47.8532
233.2037 47.8520
233.2095 47.8508
233.2154 47.8496
233.2213 47.8484
233.2271 47.8472
233.2330 47.8459
233.2389 47.8447
233.2447 47.8435
233.2506 47.8423
233.2565 47.8411
233.2624 47.8399
233.2682 47.8387
233.2741 47.8375
233.2800 47.8363
233.2858 47.8351
233.2917 47.8338
233.2976 47.8326
233.3034 47.8314
233.3093 47.8302
233.3152 47.8290
233.3210 47.8278
233.3269 47.8266
233.3328 47.8253
233.3386 47.8241
233.3445 47.8229
233.3504 47.8217
233.3563 47.8205
233.3621 47.8193
233.3680 47.8180
233.3739 47.8168
233.3797 47.8156
233.3856 47.8144
233.3915 47.8132
233.3973 47.8119
233.4032 47.8107
233.4091 47.8095
233.4149 47.8083
233.4208 47.8070
233.4267 47.8058
233.4326 47.8046
233.4384 47.8034
233.4443 47.8021
233.4502 47.8009
233.4560 47.7997
233.4619 47.7985
233.4678 47.7972
233.4736 47.7960
233.4795 47.7948
233.4854 47.7936
233.4912 47.7923
233.4971 47.7911
233.5030 47.7899
233.5089 47.7886
233.5147 47.7874
233.5206 47.7862
233.5265 47.7849
233.5323 47.7837
233.5382 47.7825
233.5441 47.7812
233.5499 47.7800
233.5558 47.7788
233.5617 47.7775
233.5676 47.7763
233.5734 47.7750
233.5793 47.7738
233.5852 47.7726
233.5910 47.7713
233.5969 47.7701
233.6028 47.7689
233.6087 47.7676
233.6145 47.7664
233.6204 47.7651
233.6263 47.7639
233.6321 47.7626
233.6380 47.7614
233.6439 47.7602
233.6497 47.7589
233.6556 47.7577
233.6615 47.7564
233.6674 47.7552
233.6732 47.7539
233.6791 47.7527
233.6850 47.7514
233.6908 47.7502
233.6967 47.7489
233.7026 47.7477
233.7085 47.7464
233.7143 47.7452
233.7202 47.7439
233.7261 47.7427
233.7319 47.7414
233.7378 47.7402
233.7437 47.7389
233.7496 47.7377
233.7554 47.7364
233.7613 47.7352
233.7672 47.7339
233.7730 47.7327
233.7789 47.7314
233.7848 47.7302
233.7907 47.7289
233.7965 47.7276
233.8024 47.7264
233.8083 47.7251
233.8141 47.7239
233.8200 47.7226
233.8259 47.7213
233.8318 47.7201
233.8376 47.7188
233.8435 47.7176
233.8494 47.7163
233.8553 47.7150
233.8611 47.7138
233.8670 47.7125
233.8729 47.7113
233.8787 47.7100
233.8846 47.7087
233.8905 47.7075
233.8964 47.7062
233.9022 47.7049
233.9081 47.7037
233.9140 47.7024
233.9199 47.7011
233.9257 47.6998
233.9316 47.6986
233.9375 47.6973
233.9433 47.6960
233.9492 47.6948
233.9551 47.6935
233.9610 47.6922
233.9668 47.6910
233.9727 47.6897
233.9786 47.6884
233.9845 47.6871
233.9903 47.6859
233.9962 47.6846
234.0021 47.6833
234.0080 47.6820
234.0138 47.6808
234.0197 47.6795
234.0256 47.6782
234.0314 47.6769
234.0373 47.6756
234.0432 47.6744
234.0491 47.6731
234.0549 47.6718
234.0608 47.6705
234.0667 47.6692
234.0726 47.6680
234.0784 47.6667
234.0843 47.6654
234.0902 47.6641
234.0961 47.6628
234.1019 47.6615
234.1078 47.6603
234.1137 47.6590
234.1196 47.6577
234.1254 47.6564
234.1313 47.6551
234.1372 47.6538
234.1431 47.6525
234.1489 47.6512
234.1548 47.6500
234.1607 47.6487
234.1665 47.6474
234.1724 47.6461
234.1783 47.6448
234.1842 47.6435
234.1900 47.6422
234.1959 47.6409
234.2018 47.6396
234.2077 47.6383
234.2135 47.6370
234.2194 47.6357
234.2253 47.6344
234.2312 47.6331
234.2370 47.6318
234.2429 47.6305
234.2488 47.6293
234.2547 47.6280
234.2605 47.6267
234.2664 47.6254
234.2723 47.6241
234.2782 47.6228
234.2840 47.6215
234.2899 47.6202
234.2958 47.6188
234.3017 47.6175
234.3075 47.6162
234.3134 47.6149
234.3193 47.6136
234.3252 47.6123
234.3310 47.6110
234.3369 47.6097
234.3428 47.6084
234.3487 47.6071
234.3546 47.6058
234.3604 47.6045
234.3663 47.6032
234.3722 47.6019
234.3781 47.6006
234.3839 47.5993
234.3898 47.5979
234.3957 47.5966
234.4016 47.5953
234.4074 47.5940
234.4133 47.5927
234.4192 47.5914
234.4251 47.5901
234.4309 47.5888
234.4368 47.5874
234.4427 47.5861
234.4486 47.5848
234.4544 47.5835
234.4603 47.5822
234.4662 47.5809
234.4721 47.5795
234.4779 47.5782
234.4838 47.5769
234.4897 47.5756
234.4956 47.5743
234.5015 47.5729
234.5073 47.5716
234.5132 47.5703
234.5191 47.5690
234.5250 47.5677
234.5308 47.5663
234.5367 47.5650
234.5426 47.5637
234.5485 47.5624
234.5543 47.5610
234.5602 47.5597
234.5661 47.5584
234.5720 47.5571
234.5779 47.5557
234.5837 47.5544
234.5896 47.5531
234.5955 47.5517
234.6014 47.5504
234.6072 47.5491
234.6131 47.5478
234.6190 47.5464
234.6249 47.5451
234.6307 47.5438
234.6366 47.5424
234.6425 47.5411
234.6484 47.5398
234.6543 47.5384
234.6601 47.5371
234.6660 47.5358
234.6719 47.5344
234.6778 47.5331
234.6836 47.5317
234.6895 47.5304
234.6954 47.5291
234.7013 47.5277
234.7072 47.5264
234.7130 47.5251
234.7189 47.5237
234.7248 47.5224
234.7307 47.5210
234.7365 47.5197
234.7424 47.5184
234.7483 47.5170
234.7542 47.5157
234.7601 47.5143
234.7659 47.5130
234.7718 47.5116
234.7777 47.5103
234.7836 47.5089
234.7894 47.5076
234.7953 47.5062
234.8012 47.5049
234.8071 47.5036
234.8130 47.5022
234.8188 47.5009
234.8247 47.4995
234.8306 47.4982
234.8365 47.4968
234.8424 47.4955
234.8482 47.4941
234.8541 47.4927
234.8600 47.4914
234.8659 47.4900
234.8717 47.4887
234.8776 47.4873
234.8835 47.4860
234.8894 47.4846
234.8953 47.4833
234.9011 47.4819
234.9070 47.4806
234.9129 47.4792
234.9188 47.4778
234.9247 47.4765
234.9305 47.4751
234.9364 47.4738
234.9423 47.4724
234.9482 47.4710
234.9541 47.4697
234.9599 47.4683
234.9658 47.4670
234.9717 47.4656
234.9776 47.4642
234.9834 47.4629
234.9893 47.4615
234.9952 47.4601
235.0011 47.4588
235.0070 47.4574
235.0128 47.4560
235.0187 47.4547
235.0246 47.4533
235.0305 47.4519
235.0364 47.4506
235.0422 47.4492
235.0481 47.4478
235.0540 47.4465
235.0599 47.4451
235.0658 47.4437
235.0716 47.4423
235.0775 47.4410
235.0834 47.4396
235.0893 47.4382
235.0952 47.4369
235.1010 47.4355
235.1069 47.4341
235.1128 47.4327
235.1187 47.4314
235.1246 47.4300
235.1304 47.4286
235.1363 47.4272
235.1422 47.4258
235.1481 47.4245
235.1540 47.4231
235.1599 47.4217
235.1657 47.4203
235.1716 47.4189
235.1775 47.4176
235.1834 47.4162
235.1893 47.4148
235.1951 47.4134
235.2010 47.4120
235.2069 47.4106
235.2128 47.4093
235.2187 47.4079
235.2245 47.4065
235.2304 47.4051
235.2363 47.4037
235.2422 47.4023
235.2481 47.4009
235.2540 47.3996
235.2598 47.3982
235.2657 47.3968
235.2716 47.3954
235.2775 47.3940
235.2834 47.3926
235.2892 47.3912
235.2951 47.3898
235.3010 47.3884
235.3069 47.3870
235.3128 47.3856
235.3187 47.3843
235.3245 47.3829
235.3304 47.3815
235.3363 47.3801
235.3422 47.3787
235.3481 47.3773
235.3539 47.3759
235.3598 47.3745
235.3657 47.3731
235.3716 47.3717
235.3775 47.3703
235.3834 47.3689
235.3892 47.3675
235.3951 47.3661
235.4010 47.3647
235.4069 47.3633
235.4128 47.3619
235.4187 47.3605
235.4245 47.3591
235.4304 47.3577
235.4363 47.3563
235.4422 47.3549
235.4481 47.3534
235.4539 47.3520
235.4598 47.3506
235.4657 47.3492
235.4716 47.3478
235.4775 47.3464
235.4834 47.3450
235.4892 47.3436
235.4951 47.3422
235.5010 47.3408
235.5069 47.3394
235.5128 47.3379
235.5187 47.3365
235.5245 47.3351
235.5304 47.3337
235.5363 47.3323
235.5422 47.3309
235.5481 47.3295
235.5540 47.3280
235.5599 47.3266
235.5657 47.3252
235.5716 47.3238
235.5775 47.3224
235.5834 47.3210
235.5893 47.3195
235.5952 47.3181
235.6010 47.3167
235.6069 47.3153
235.6128 47.3139
235.6187 47.3124
235.6246 47.3110
235.6305 47.3096
235.6363 47.3082
235.6422 47.3068
235.6481 47.3053
235.6540 47.3039
235.6599 47.3025
235.6658 47.3011
235.6717 47.2996
235.6775 47.2982
235.6834 47.2968
235.6893 47.2953
235.6952 47.2939
235.7011 47.2925
235.7070 47.2911
235.7128 47.2896
235.7187 47.2882
235.7246 47.2868
235.7305 47.2853
235.7364 47.2839
235.7423 47.2825
235.7482 47.2810
235.7540 47.2796
235.7599 47.2782
235.7658 47.2767
235.7717 47.2753
235.7776 47.2739
235.7835 47.2724
235.7894 47.2710
235.7952 47.2696
235.8011 47.2681
235.8070 47.2667
235.8129 47.2652
235.8188 47.2638
235.8247 47.2624
235.8306 47.2609
235.8364 47.2595
235.8423 47.2580
235.8482 47.2566
235.8541 47.2552
235.8600 47.2537
235.8659 47.2523
235.8718 47.2508
235.8776 47.2494
235.8835 47.2479
235.8894 47.2465
235.8953 47.2450
235.9012 47.2436
235.9071 47.2421
235.9130 47.2407
235.9188 47.2393
235.9247 47.2378
235.9306 47.2364
235.9365 47.2349
235.9424 47.2335
235.9483 47.2320
235.9542 47.2306
235.9600 47.2291
235.9659 47.2276
235.9718 47.2262
235.9777 47.2247
235.9836 47.2233
235.9895 47.2218
235.9954 47.2204
236.0013 47.2189
236.0071 47.2175
236.0130 47.2160
236.0189 47.2145
236.0248 47.2131
236.0307 47.2116
236.0366 47.2102
236.0425 47.2087
236.0484 47.2073
236.0542 47.2058
236.0601 47.2043
236.0660 47.2029
236.0719 47.2014
236.0778 47.1999
236.0837 47.1985
236.0896 47.1970
236.0954 47.1956
236.1013 47.1941
236.1072 47.1926
236.1131 47.1912
236.1190 47.1897
236.1249 47.1882
236.1308 47.1868
236.1367 47.1853
236.1426 47.1838
236.1484 47.1824
236.1543 47.1809
236.1602 47.1794
236.1661 47.1779
236.1720 47.1765
236.1779 47.1750
236.1838 47.1735
236.1897 47.1721
236.1955 47.1706
236.2014 47.1691
236.2073 47.1676
236.2132 47.1662
236.2191 47.1647
236.2250 47.1632
236.2309 47.1617
236.2368 47.1602
236.2426 47.1588
236.2485 47.1573
236.2544 47.1558
236.2603 47.1543
236.2662 47.1529
236.2721 47.1514
236.2780 47.1499
236.2839 47.1484
236.2898 47.1469
236.2956 47.1454
236.3015 47.1440
236.3074 47.1425
236.3133 47.1410
236.3192 47.1395
236.3251 47.1380
236.3310 47.1365
236.3369 47.1351
236.3428 47.1336
236.3486 47.1321
236.3545 47.1306
236.3604 47.1291
236.3663 47.1276
236.3722 47.1261
236.3781 47.1246
236.3840 47.1231
236.3899 47.1217
236.3958 47.1202
236.4016 47.1187
236.4075 47.1172
236.4134 47.1157
236.4193 47.1142
236.4252 47.1127
236.4311 47.1112
236.4370 47.1097
236.4429 47.1082
236.4488 47.1067
236.4547 47.1052
236.4605 47.1037
236.4664 47.1022
236.4723 47.1007
236.4782 47.0992
236.4841 47.0977
236.4900 47.0962
236.4959 47.0947
236.5018 47.0932
236.5077 47.0917
236.5136 47.0902
236.5194 47.0887
236.5253 47.0872
236.5312 47.0857
236.5371 47.0842
236.5430 47.0827
236.5489 47.0812
236.5548 47.0797
236.5607 47.0782
236.5666 47.0767
236.5725 47.0752
236.5784 47.0737
236.5842 47.0722
236.5901 47.0706
236.5960 47.0691
236.6019 47.0676
236.6078 47.0661
236.6137 47.0646
236.6196 47.0631
236.6255 47.0616
236.6314 47.0601
236.6373 47.0585
236.6432 47.0570
236.6490 47.0555
236.6549 47.0540
236.6608 47.0525
236.6667 47.0510
236.6726 47.0495
236.6785 47.0479
236.6844 47.0464
236.6903 47.0449
236.6962 47.0434
236.7021 47.0419
236.7080 47.0403
236.7139 47.0388
236.7197 47.0373
236.7256 47.0358
236.7315 47.0343
236.7374 47.0327
236.7433 47.0312
236.7492 47.0297
236.7551 47.0282
236.7610 47.0266
236.7669 47.0251
236.7728 47.0236
236.7787 47.0221
236.7846 47.0205
236.7905 47.0190
236.7963 47.0175
236.8022 47.0160
236.8081 47.0144
236.8140 47.0129
236.8199 47.0114
236.8258 47.0098
236.8317 47.0083
236.8376 47.0068
236.8435 47.0052
236.8494 47.0037
236.8553 47.0022
236.8612 47.0006
236.8671 46.9991
236.8730 46.9976
236.8789 46.9960
236.8847 46.9945
236.8906 46.9930
236.8965 46.9914
236.9024 46.9899
236.9083 46.9883
236.9142 46.9868
236.9201 46.9853
236.9260 46.9837
236.9319 46.9822
236.9378 46.9806
236.9437 46.9791
236.9496 46.9776
236.9555 46.9760
236.9614 46.9745
236.9673 46.9729
236.9732 46.9714
236.9790 46.9698
236.9849 46.9683
236.9908 46.9668
236.9967 46.9652
237.0026 46.9637
237.0085 46.9621
237.0144 46.9606
237.0203 46.9590
237.0262 46.9575
237.0321 46.9559
237.0380 46.9544
237.0439 46.9528
237.0498 46.9513
237.0557 46.9497
237.0616 46.9482
237.0675 46.9466
237.0734 46.9451
237.0793 46.9435
237.0851 46.9419
237.0910 46.9404
237.0969 46.9388
237.1028 46.9373
237.1087 46.9357
237.1146 46.9342
237.1205 46.9326
237.1264 46.9311
237.1323 46.9295
237.1382 46.9279
237.1441 46.9264
237.1500 46.9248
237.1559 46.9233
237.1618 46.9217
237.1677 46.9201
237.1736 46.9186
237.1795 46.9170
237.1854 46.9154
237.1913 46.9139
237.1972 46.9123
237.2031 46.9108
237.2090 46.9092
237.2149 46.9076
237.2207 46.9061
237.2266 46.9045
237.2325 46.9029
237.2384 46.9013
237.2443 46.8998
237.2502 46.8982
237.2561 46.8966
237.2620 46.8951
237.2679 46.8935
237.2738 46.8919
237.2797 46.8904
237.2856 46.8888
237.2915 46.8872
237.2974 46.8856
237.3033 46.8841
237.3092 46.8825
237.3151 46.8809
237.3210 46.8793
237.3269 46.8778
237.3328 46.8762
237.3387 46.8746
237.3446 46.8730
237.3505 46.8715
237.3564 46.8699
237.3623 46.8683
237.3682 46.8667
237.3741 46.8651
237.3800 46.8636
237.3859 46.8620
237.3918 46.8604
237.3976 46.8588
237.4035 46.8572
237.4094 46.8556
237.4153 46.8541
237.4212 46.8525
237.4271 46.8509
237.4330 46.8493
237.4389 46.8477
237.4448 46.8461
237.4507 46.8445
237.4566 46.8429
237.4625 46.8414
237.4684 46.8398
237.4743 46.8382
237.4802 46.8366
237.4861 46.8350
237.4920 46.8334
237.4979 46.8318
237.5038 46.8302
237.5097 46.8286
237.5156 46.8270
237.5215 46.8254
237.5274 46.8238
237.5333 46.8223
237.5392 46.8207
237.5451 46.8191
237.5510 46.8175
237.5569 46.8159
237.5628 46.8143
237.5687 46.8127
237.5746 46.8111
237.5805 46.8095
237.5864 46.8079
237.5923 46.8063
237.5982 46.8047
237.6041 46.8031
237.6100 46.8015
237.6159 46.7999
237.6218 46.7983
237.6277 46.7967
237.6336 46.7951
237.6395 46.7935
237.6454 46.7918
237.6513 46.7902
237.6572 46.7886
237.6631 46.7870
237.6690 46.7854
237.6749 46.7838
237.6808 46.7822
237.6867 46.7806
237.6926 46.7790
237.6985 46.7774
237.7044 46.7758
237.7103 46.7742
237.7162 46.7725
237.7221 46.7709
237.7280 46.7693
237.7339 46.7677
237.7398 46.7661
237.7457 46.7645
237.7516 46.7629
237.7575 46.7612
237.7634 46.7596
237.7693 46.7580
237.7752 46.7564
237.7811 46.7548
237.7870 46.7532
237.7929 46.7515
237.7988 46.7499
237.8047 46.7483
237.8106 46.7467
237.8165 46.7451
237.8224 46.7434
237.8283 46.7418
237.8342 46.7402
237.8401 46.7386
237.8460 46.7369
237.8519 46.7353
237.8578 46.7337
237.8637 46.7321
237.8696 46.7305
237.8755 46.7288
237.8814 46.7272
237.8873 46.7256
237.8932 46.7239
237.8991 46.7223
237.9050 46.7207
237.9109 46.7191
237.9168 46.7174
237.9227 46.7158
237.9286 46.7142
237.9345 46.7125
237.9404 46.7109
237.9463 46.7093
237.9522 46.7076
237.9581 46.7060
237.9640 46.7044
237.9699 46.7027
237.9758 46.7011
237.9817 46.6995
237.9876 46.6978
237.9935 46.6962
237.9994 46.6946
238.0053 46.6929
238.0112 46.6913
238.0171 46.6896
238.0230 46.6880
238.0289 46.6864
238.0348 46.6847
238.0407 46.6831
238.0466 46.6814
238.0525 46.6798
238.0584 46.6781
238.0643 46.6765
238.0702 46.6749
238.0761 46.6732
238.0820 46.6716
238.0879 46.6699
238.0938 46.6683
238.0997 46.6666
238.1056 46.6650
238.1115 46.6633
238.1174 46.6617
238.1233 46.6600
238.1292 46.6584
238.1352 46.6567
238.1411 46.6551
238.1470 46.6534
238.1529 46.6518
238.1588 46.6501
238.1647 46.6485
238.1706 46.6468
238.1765 46.6452
238.1824 46.6435
238.1883 46.6419
238.1942 46.6402
238.2001 46.6386
238.2060 46.6369
238.2119 46.6352
238.2178 46.6336
238.2237 46.6319
238.2296 46.6303
238.2355 46.6286
238.2414 46.6269
238.2473 46.6253
238.2532 46.6236
238.2591 46.6220
238.2650 46.6203
238.2709 46.6186
238.2768 46.6170
238.2827 46.6153
238.2886 46.6136
238.2946 46.6120
238.3005 46.6103
238.3064 46.6087
238.3123 46.6070
238.3182 46.6053
238.3241 46.6037
238.3300 46.6020
238.3359 46.6003
238.3418 46.5986
238.3477 46.5970
238.3536 46.5953
238.3595 46.5936
238.3654 46.5920
238.3713 46.5903
238.3772 46.5886
238.3831 46.5870
238.3890 46.5853
238.3949 46.5836
238.4008 46.5819
238.4067 46.5803
238.4127 46.5786
238.4186 46.5769
238.4245 46.5752
238.4304 46.5736
238.4363 46.5719
238.4422 46.5702
238.4481 46.5685
238.4540 46.5668
238.4599 46.5652
238.4658 46.5635
238.4717 46.5618
238.4776 46.5601
238.4835 46.5584
238.4894 46.5568
238.4953 46.5551
238.5012 46.5534
238.5071 46.5517
238.5131 46.5500
238.5190 46.5483
238.5249 46.5466
238.5308 46.5450
238.5367 46.5433
238.5426 46.5416
238.5485 46.5399
238.5544 46.5382
238.5603 46.5365
238.5662 46.5348
238.5721 46.5331
238.5780 46.5315
238.5839 46.5298
238.5898 46.5281
238.5958 46.5264
238.6017 46.5247
238.6076 46.5230
238.6135 46.5213
238.6194 46.5196
238.6253 46.5179
238.6312 46.5162
238.6371 46.5145
238.6430 46.5128
238.6489 46.5111
238.6548 46.5094
238.6607 46.5077
238.6666 46.5060
238.6725 46.5043
238.6785 46.5026
238.6844 46.5009
238.6903 46.4992
238.6962 46.4975
238.7021 46.4958
238.7080 46.4941
238.7139 46.4924
238.7198 46.4907
238.7257 46.4890
238.7316 46.4873
238.7375 46.4856
238.7434 46.4839
238.7494 46.4822
238.7553 46.4805
238.7612 46.4788
238.7671 46.4771
238.7730 46.4754
238.7789 46.4737
238.7848 46.4719
238.7907 46.4702
238.7966 46.4685
238.8025 46.4668
238.8084 46.4651
238.8143 46.4634
238.8203 46.4617
238.8262 46.4600
238.8321 46.4583
238.8380 46.4565
238.8439 46.4548
238.8498 46.4531
238.8557 46.4514
238.8616 46.4497
238.8675 46.4480
238.8734 46.4462
238.8793 46.4445
238.8853 46.4428
238.8912 46.4411
238.8971 46.4394
238.9030 46.4377
238.9089 46.4359
238.9148 46.4342
238.9207 46.4325
238.9266 46.4308
238.9325 46.4290
238.9384 46.4273
238.9443 46.4256
238.9503 46.4239
238.9562 46.4221
238.9621 46.4204
238.9680 46.4187
238.9739 46.4170
238.9798 46.4152
238.9857 46.4135
238.9916 46.4118
238.9975 46.4101
239.0034 46.4083
239.0094 46.4066
239.0153 46.4049
239.0212 46.4031
239.0271 46.4014
239.0330 46.3997
239.0389 46.3979
239.0448 46.3962
239.0507 46.3945
239.0566 46.3927
239.0626 46.3910
239.0685 46.3893
239.0744 46.3875
239.0803 46.3858
239.0862 46.3841
239.0921 46.3823
239.0980 46.3806
239.1039 46.3788
239.1098 46.3771
239.1158 46.3754
239.1217 46.3736
239.1276 46.3719
239.1335 46.3701
239.1394 46.3684
239.1453 46.3667
239.1512 46.3649
239.1571 46.3632
239.1630 46.3614
239.1690 46.3597
239.1749 46.3579
239.1808 46.3562
239.1867 46.3545
239.1926 46.3527
239.1985 46.3510
239.2044 46.3492
239.2103 46.3475
239.2162 46.3457
239.2222 46.3440
239.2281 46.3422
239.2340 46.3405
239.2399 46.3387
239.2458 46.3370
239.2517 46.3352
239.2576 46.3335
239.2635 46.3317
239.2695 46.3300
239.2754 46.3282
239.2813 46.3264
239.2872 46.3247
239.2931 46.3229
239.2990 46.3212
239.3049 46.3194
239.3108 46.3177
239.3168 46.3159
239.3227 46.3141
239.3286 46.3124
239.3345 46.3106
239.3404 46.3089
239.3463 46.3071
239.3522 46.3054
239.3581 46.3036
239.3641 46.3018
239.3700 46.3001
239.3759 46.2983
239.3818 46.2965
239.3877 46.2948
239.3936 46.2930
239.3995 46.2912
239.4055 46.2895
239.4114 46.2877
239.4173 46.2859
239.4232 46.2842
239.4291 46.2824
239.4350 46.2806
239.4409 46.2789
239.4468 46.2771
239.4528 46.2753
239.4587 46.2736
239.4646 46.2718
239.4705 46.2700
239.4764 46.2682
239.4823 46.2665
239.4882 46.2647
239.4942 46.2629
239.5001 46.2611
239.5060 46.2594
239.5119 46.2576
239.5178 46.2558
239.5237 46.2540
239.5297 46.2523
239.5356 46.2505
239.5415 46.2487
239.5474 46.2469
239.5533 46.2452
239.5592 46.2434
239.5651 46.2416
239.5711 46.2398
239.5770 46.2380
239.5829 46.2362
239.5888 46.2345
239.5947 46.2327
239.6006 46.2309
239.6065 46.2291
239.6125 46.2273
239.6184 46.2255
239.6243 46.2238
239.6302 46.2220
239.6361 46.2202
239.6420 46.2184
239.6480 46.2166
239.6539 46.2148
239.6598 46.2130
239.6657 46.2112
239.6716 46.2094
239.6775 46.2077
239.6835 46.2059
239.6894 46.2041
239.6953 46.2023
239.7012 46.2005
239.7071 46.1987
239.7130 46.1969
239.7190 46.1951
239.7249 46.1933
239.7308 46.1915
239.7367 46.1897
239.7426 46.1879
239.7485 46.1861
239.7545 46.1843
239.7604 46.1825
239.7663 46.1807
239.7722 46.1789
239.7781 46.1771
239.7840 46.1753
239.7900 46.1735
239.7959 46.1717
239.8018 46.1699
239.8077 46.1681
239.8136 46.1663
239.8195 46.1645
239.8255 46.1627
239.8314 46.1609
239.8373 46.1591
239.8432 46.1573
239.8491 46.1555
239.8550 46.1537
239.8610 46.1519
239.8669 46.1501
239.8728 46.1483
239.8787 46.1464
239.8846 46.1446
239.8906 46.1428
239.8965 46.1410
239.9024 46.1392
239.9083 46.1374
239.9142 46.1356
239.9201 46.1338
239.9261 46.1319
239.9320 46.1301
239.9379 46.1283
239.9438 46.1265
239.9497 46.1247
239.9557 46.1229
239.9616 46.1211
239.9675 46.1192
239.9734 46.1174
239.9793 46.1156
239.9853 46.1138
239.9912 46.1120
239.9971 46.1101
240.0030 46.1083
240.0089 46.1065
240.0149 46.1047
240.0208 46.1029
240.0267 46.1010
240.0326 46.0992
240.0385 46.0974
240.0444 46.0956
240.0504 46.0937
240.0563 46.0919
240.0622 46.0901
240.0681 46.0883
240.0740 46.0864
240.0800 46.0846
240.0859 46.0828
240.0918 46.0809
240.0977 46.0791
240.1036 46.0773
240.1096 46.0755
240.1155 46.0736
240.1214 46.0718
240.1273 46.0700
240.1332 46.0681
240.1392 46.0663
240.1451 46.0645
240.1510 46.0626
240.1569 46.0608
240.1628 46.0590
240.1688 46.0571
240.1747 46.0553
240.1806 46.0534
240.1865 46.0516
240.1925 46.0498
240.1984 46.0479
240.2043 46.0461
240.2102 46.0443
240.2161 46.0424
240.2221 46.0406
240.2280 46.0387
240.2339 46.0369
240.2398 46.0350
240.2457 46.0332
240.2517 46.0314
240.2576 46.0295
240.2635 46.0277
240.2694 46.0258
240.2753 46.0240
240.2813 46.0221
240.2872 46.0203
240.2931 46.0184
240.2990 46.0166
240.3050 46.0147
240.3109 46.0129
240.3168 46.0110
240.3227 46.0092
240.3286 46.0073
240.3346 46.0055
240.3405 46.0036
240.3464 46.0018
240.3523 45.9999
240.3583 45.9981
240.3642 45.9962
240.3701 45.9944
240.3760 45.9925
240.3819 45.9907
240.3879 45.9888
240.3938 45.9870
240.3997 45.9851
240.4056 45.9832
240.4116 45.9814
240.4175 45.9795
240.4234 45.9777
240.4293 45.9758
240.4352 45.9739
240.4412 45.9721
240.4471 45.9702
240.4530 45.9684
240.4589 45.9665
240.4649 45.9646
240.4708 45.9628
240.4767 45.9609
240.4826 45.9590
240.4886 45.9572
240.4945 45.9553
240.5004 45.9535
240.5063 45.9516
240.5123 45.9497
240.5182 45.9478
240.5241 45.9460
240.5300 45.9441
240.5359 45.9422
240.5419 45.9404
240.5478 45.9385
240.5537 45.9366
240.5596 45.9348
240.5656 45.9329
240.5715 45.9310
240.5774 45.9291
240.5833 45.9273
240.5893 45.9254
240.5952 45.9235
240.6011 45.9216
240.6070 45.9198
240.6130 45.9179
240.6189 45.9160
240.6248 45.9141
240.6307 45.9123
240.6367 45.9104
240.6426 45.9085
240.6485 45.9066
240.6544 45.9047
240.6604 45.9029
240.6663 45.9010
240.6722 45.8991
240.6781 45.8972
240.6841 45.8953
240.6900 45.8935
240.6959 45.8916
240.7018 45.8897
240.7078 45.8878
240.7137 45.8859
240.7196 45.8840
240.7255 45.8821
240.7315 45.8803
240.7374 45.8784
240.7433 45.8765
240.7492 45.8746
240.7552 45.8727
240.7611 45.8708
240.7670 45.8689
240.7729 45.8670
240.7789 45.8651
240.7848 45.8632
240.7907 45.8613
240.7966 45.8595
240.8026 45.8576
240.8085 45.8557
240.8144 45.8538
240.8203 45.8519
240.8263 45.8500
240.8322 45.8481
240.8381 45.8462
240.8440 45.8443
240.8500 45.8424
240.8559 45.8405
240.8618 45.8386
240.8678 45.8367
240.8737 45.8348
240.8796 45.8329
240.8855 45.8310
240.8915 45.8291
240.8974 45.8272
240.9033 45.8253
240.9092 45.8234
240.9152 45.8215
240.9211 45.8196
240.9270 45.8177
240.9329 45.8158
240.9389 45.8139
240.9448 45.8119
240.9507 45.8100
240.9567 45.8081
240.9626 45.8062
240.9685 45.8043
240.9744 45.8024
240.9804 45.8005
240.9863 45.7986
240.9922 45.7967
240.9982 45.7948
241.0041 45.7929
241.0100 45.7909
241.0159 45.7890
241.0219 45.7871
241.0278 45.7852
241.0337 45.7833
241.0397 45.7814
241.0456 45.7795
241.0515 45.7775
241.0574 45.7756
241.0634 45.7737
241.0693 45.7718
241.0752 45.7699
241.0812 45.7679
241.0871 45.7660
241.0930 45.7641
241.0989 45.7622
241.1049 45.7603
241.1108 45.7583
241.1167 45.7564
241.1227 45.7545
241.1286 45.7526
241.1345 45.7506
241.1404 45.7487
241.1464 45.7468
241.1523 45.7449
241.1582 45.7429
241.1642 45.7410
241.1701 45.7391
241.1760 45.7372
241.1820 45.7352
241.1879 45.7333
241.1938 45.7314
241.1997 45.7294
241.2057 45.7275
241.2116 45.7256
241.2175 45.7236
241.2235 45.7217
241.2294 45.7198
241.2353 45.7178
241.2413 45.7159
241.2472 45.7140
241.2531 45.7120
241.2591 45.7101
241.2650 45.7082
241.2709 45.7062
241.2768 45.7043
241.2828 45.7024
241.2887 45.7004
241.2946 45.6985
241.3006 45.6965
241.3065 45.6946
241.3124 45.6927
241.3184 45.6907
241.3243 45.6888
241.3302 45.6868
241.3362 45.6849
241.3421 45.6830
241.3480 45.6810
241.3539 45.6791
241.3599 45.6771
241.3658 45.6752
241.3717 45.6732
241.3777 45.6713
241.3836 45.6693
241.3895 45.6674
241.3955 45.6654
241.4014 45.6635
241.4073 45.6615
241.4133 45.6596
241.4192 45.6576
241.4251 45.6557
241.4311 45.6537
241.4370 45.6518
241.4429 45.6498
241.4489 45.6479
241.4548 45.6459
241.4607 45.6440
241.4667 45.6420
241.4726 45.6401
241.4785 45.6381
241.4845 45.6362
241.4904 45.6342
241.4963 45.6322
241.5023 45.6303
241.5082 45.6283
241.5141 45.6264
241.5201 45.6244
241.5260 45.6224
241.5319 45.6205
241.5379 45.6185
241.5438 45.6166
241.5497 45.6146
241.5557 45.6126
241.5616 45.6107
241.5675 45.6087
241.5735 45.6067
241.5794 45.6048
241.5853 45.6028
241.5913 45.6009
241.5972 45.5989
241.6031 45.5969
241.6091 45.5949
241.6150 45.5930
241.6209 45.5910
241.6269 45.5890
241.6328 45.5871
241.6387 45.5851
241.6447 45.5831
241.6506 45.5812
241.6565 45.5792
241.6625 45.5772
241.6684 45.5752
241.6743 45.5733
241.6803 45.5713
241.6862 45.5693
241.6921 45.5673
241.6981 45.5654
241.7040 45.5634
241.7100 45.5614
241.7159 45.5594
241.7218 45.5575
241.7278 45.5555
241.7337 45.5535
241.7396 45.5515
241.7456 45.5495
241.7515 45.5476
241.7574 45.5456
241.7634 45.5436
241.7693 45.5416
241.7752 45.5396
241.7812 45.5377
241.7871 45.5357
241.7930 45.5337
241.7990 45.5317
241.8049 45.5297
241.8109 45.5277
241.8168 45.5257
241.8227 45.5238
241.8287 45.5218
241.8346 45.5198
241.8405 45.5178
241.8465 45.5158
241.8524 45.5138
241.8583 45.5118
241.8643 45.5098
241.8702 45.5078
241.8762 45.5058
241.8821 45.5039
241.8880 45.5019
241.8940 45.4999
241.8999 45.4979
241.9058 45.4959
241.9118 45.4939
241.9177 45.4919
241.9236 45.4899
241.9296 45.4879
241.9355 45.4859
241.9415 45.4839
241.9474 45.4819
241.9533 45.4799
241.9593 45.4779
241.9652 45.4759
241.9711 45.4739
241.9771 45.4719
241.9830 45.4699
241.9890 45.4679
241.9949 45.4659
242.0008 45.4639
242.0068 45.4619
242.0127 45.4599
242.0186 45.4579
242.0246 45.4559
242.0305 45.4539
242.0365 45.4519
242.0424 45.4499
242.0483 45.4478
242.0543 45.4458
242.0602 45.4438
242.0661 45.4418
242.0721 45.4398
242.0780 45.4378
242.0840 45.4358
242.0899 45.4338
242.0958 45.4318
242.1018 45.4298
242.1077 45.4277
242.1137 45.4257
242.1196 45.4237
242.1255 45.4217
242.1315 45.4197
242.1374 45.4177
242.1433 45.4156
242.1493 45.4136
242.1552 45.4116
242.1612 45.4096
242.1671 45.4076
242.1730 45.4056
242.1790 45.4035
242.1849 45.4015
242.1909 45.3995
242.1968 45.3975
242.2027 45.3955
242.2087 45.3934
242.2146 45.3914
242.2206 45.3894
242.2265 45.3874
242.2324 45.3853
242.2384 45.3833
242.2443 45.3813
242.2503 45.3793
242.2562 45.3772
242.2621 45.3752
242.2681 45.3732
242.2740 45.3712
242.2800 45.3691
242.2859 45.3671
242.2918 45.3651
242.2978 45.3630
242.3037 45.3610
242.3097 45.3590
242.3156 45.3569
242.3215 45.3549
242.3275 45.3529
242.3334 45.3508
242.3394 45.3488
242.3453 45.3468
242.3512 45.3447
242.3572 45.3427
242.3631 45.3407
242.3691 45.3386
242.3750 45.3366
242.3810 45.3346
242.3869 45.3325
242.3928 45.3305
242.3988 45.3284
242.4047 45.3264
242.4107 45.3244
242.4166 45.3223
242.4225 45.3203
242.4285 45.3182
242.4344 45.3162
242.4404 45.3141
242.4463 45.3121
242.4523 45.3101
242.4582 45.3080
242.4641 45.3060
242.4701 45.3039
242.4760 45.3019
242.4820 45.2998
242.4879 45.2978
242.4939 45.2957
242.4998 45.2937
242.5057 45.2916
242.5117 45.2896
242.5176 45.2875
242.5236 45.2855
242.5295 45.2834
242.5355 45.2814
242.5414 45.2793
242.5473 45.2773
242.5533 45.2752
242.5592 45.2732
242.5652 45.2711
242.5711 45.2690
242.5771 45.2670
242.5830 45.2649
242.5889 45.2629
242.5949 45.2608
242.6008 45.2588
242.6068 45.2567
242.6127 45.2546
242.6187 45.2526
242.6246 45.2505
242.6306 45.2485
242.6365 45.2464
242.6424 45.2443
242.6484 45.2423
242.6543 45.2402
242.6603 45.2381
242.6662 45.2361
242.6722 45.2340
242.6781 45.2320
242.6841 45.2299
242.6900 45.2278
242.6959 45.2258
242.7019 45.2237
242.7078 45.2216
242.7138 45.2196
242.7197 45.2175
242.7257 45.2154
242.7316 45.2133
242.7376 45.2113
242.7435 45.2092
242.7495 45.2071
242.7554 45.2051
242.7613 45.2030
242.7673 45.2009
242.7732 45.1988
242.7792 45.1968
242.7851 45.1947
242.7911 45.1926
242.7970 45.1905
242.8030 45.1885
242.8089 45.1864
242.8149 45.1843
242.8208 45.1822
242.8267 45.1801
242.8327 45.1781
242.8386 45.1760
242.8446 45.1739
242.8505 45.1718
242.8565 45.1697
242.8624 45.1677
242.8684 45.1656
242.8743 45.1635
242.8803 45.1614
242.8862 45.1593
242.8922 45.1572
242.8981 45.1552
242.9041 45.1531
242.9100 45.1510
242.9159 45.1489
242.9219 45.1468
242.9278 45.1447
242.9338 45.1426
242.9397 45.1405
242.9457 45.1385
242.9516 45.1364
242.9576 45.1343
242.9635 45.1322
242.9695 45.1301
242.9754 45.1280
242.9814 45.1259
242.9873 45.1238
242.9933 45.1217
242.9992 45.1196
243.0052 45.1175
243.0111 45.1154
243.0171 45.1133
243.0230 45.1112
243.0290 45.1091
243.0349 45.1070
243.0409 45.1049
243.0468 45.1028
243.0528 45.1007
243.0587 45.0986
243.0646 45.0965
243.0706 45.0944
243.0765 45.0923
243.0825 45.0902
243.0884 45.0881
243.0944 45.0860
243.1003 45.0839
243.1063 45.0818
243.1122 45.0797
243.1182 45.0776
243.1241 45.0755
243.1301 45.0734
243.1360 45.0713
243.1420 45.0692
243.1479 45.0671
243.1539 45.0650
243.1598 45.0629
243.1658 45.0608
243.1717 45.0586
243.1777 45.0565
243.1836 45.0544
243.1896 45.0523
243.1955 45.0502
243.2015 45.0481
243.2074 45.0460
243.2134 45.0439
243.2193 45.0417
243.2253 45.0396
243.2312 45.0375
243.2372 45.0354
243.2431 45.0333
243.2491 45.0312
243.2550 45.0290
243.2610 45.0269
243.2669 45.0248
243.2729 45.0227
243.2788 45.0206
243.2848 45.0184
243.2907 45.0163
243.2967 45.0142
243.3026 45.0121
243.3086 45.0100
243.3145 45.0078
243.3205 45.0057
243.3264 45.0036
243.3324 45.0015
243.3383 44.9993
243.3443 44.9972
243.3503 44.9951
243.3562 44.9930
243.3622 44.9908
243.3681 44.9887
243.3741 44.9866
243.3800 44.9844
243.3860 44.9823
243.3919 44.9802
243.3979 44.9781
243.4038 44.9759
243.4098 44.9738
243.4157 44.9717
243.4217 44.9695
243.4276 44.9674
243.4336 44.9653
243.4395 44.9631
243.4455 44.9610
243.4514 44.9589
243.4574 44.9567
243.4633 44.9546
243.4693 44.9524
243.4752 44.9503
243.4812 44.9482
243.4872 44.9460
243.4931 44.9439
243.4991 44.9418
243.5050 44.9396
243.5110 44.9375
243.5169 44.9353
243.5229 44.9332
243.5288 44.9310
243.5348 44.9289
243.5407 44.9268
243.5467 44.9246
243.5526 44.9225
243.5586 44.9203
243.5645 44.9182
243.5705 44.9160
243.5764 44.9139
243.5824 44.9117
243.5884 44.9096
243.5943 44.9074
243.6003 44.9053
243.6062 44.9031
243.6122 44.9010
243.6181 44.8988
243.6241 44.8967
243.6300 44.8945
243.6360 44.8924
243.6419 44.8902
243.6479 44.8881
243.6539 44.8859
243.6598 44.8838
243.6658 44.8816
243.6717 44.8795
243.6777 44.8773
243.6836 44.8751
243.6896 44.8730
243.6955 44.8708
243.7015 44.8687
243.7074 44.8665
243.7134 44.8644
243.7194 44.8622
243.7253 44.8600
243.7313 44.8579
243.7372 44.8557
243.7432 44.8535
243.7491 44.8514
243.7551 44.8492
243.7610 44.8471
243.7670 44.8449
243.7730 44.8427
243.7789 44.8406
243.7849 44.8384
243.7908 44.8362
243.7968 44.8341
243.8027 44.8319
243.8087 44.8297
243.8146 44.8276
243.8206 44.8254
243.8266 44.8232
243.8325 44.8211
243.8385 44.8189
243.8444 44.8167
243.8504 44.8145
243.8563 44.8124
243.8623 44.8102
243.8683 44.8080
243.8742 44.8058
243.8802 44.8037
243.8861 44.8015
243.8921 44.7993
243.8980 44.7971
243.9040 44.7950
243.9100 44.7928
243.9159 44.7906
243.9219 44.7884
243.9278 44.7863
243.9338 44.7841
243.9397 44.7819
243.9457 44.7797
243.9517 44.7775
243.9576 44.7753
243.9636 44.7732
243.9695 44.7710
243.9755 44.7688
243.9815 44.7666
243.9874 44.7644
243.9934 44.7622
243.9993 44.7601
244.0053 44.7579
244.0112 44.7557
244.0172 44.7535
244.0232 44.7513
244.0291 44.7491
244.0351 44.7469
244.0410 44.7447
244.0470 44.7426
244.0530 44.7404
244.0589 44.7382
244.0649 44.7360
244.0708 44.7338
244.0768 44.7316
244.0828 44.7294
244.0887 44.7272
244.0947 44.7250
244.1006 44.7228
244.1066 44.7206
244.1126 44.7184
244.1185 44.7162
244.1245 44.7140
244.1304 44.7118
244.1364 44.7096
244.1424 44.7074
244.1483 44.7052
244.1543 44.7030
244.1602 44.7008
244.1662 44.6986
244.1722 44.6964
244.1781 44.6942
244.1841 44.6920
244.1900 44.6898
244.1960 44.6876
244.2020 44.6854
244.2079 44.6832
244.2139 44.6810
244.2198 44.6788
244.2258 44.6766
244.2318 44.6744
244.2377 44.6722
244.2437 44.6700
244.2497 44.6678
244.2556 44.6656
244.2616 44.6634
244.2675 44.6611
244.2735 44.6589
244.2795 44.6567
244.2854 44.6545
244.2914 44.6523
244.2973 44.6501
244.3033 44.6479
244.3093 44.6457
244.3152 44.6435
244.3212 44.6412
244.3272 44.6390
244.3331 44.6368
244.3391 44.6346
244.3450 44.6324
244.3510 44.6302
244.3570 44.6279
244.3629 44.6257
244.3689 44.6235
244.3749 44.6213
244.3808 44.6191
244.3868 44.6168
244.3927 44.6146
244.3987 44.6124
244.4047 44.6102
244.4106 44.6079
244.4166 44.6057
244.4226 44.6035
244.4285 44.6013
244.4345 44.5991
244.4404 44.5968
244.4464 44.5946
244.4524 44.5924
244.4583 44.5901
244.4643 44.5879
244.4703 44.5857
244.4762 44.5835
244.4822 44.5812
244.4882 44.5790
244.4941 44.5768
244.5001 44.5745
244.5061 44.5723
244.5120 44.5701
244.5180 44.5678
244.5239 44.5656
244.5299 44.5634
244.5359 44.5611
244.5418 44.5589
244.5478 44.5567
244.5538 44.5544
244.5597 44.5522
244.5657 44.5500
244.5717 44.5477
244.5776 44.5455
244.5836 44.5433
244.5896 44.5410
244.5955 44.5388
244.6015 44.5365
244.6075 44.5343
244.6134 44.5321
244.6194 44.5298
244.6253 44.5276
244.6313 44.5253
244.6373 44.5231
244.6432 44.5208
244.6492 44.5186
244.6552 44.5163
244.6611 44.5141
244.6671 44.5119
244.6731 44.5096
244.6790 44.5074
244.6850 44.5051
244.6910 44.5029
244.6969 44.5006
244.7029 44.4984
244.7089 44.4961
244.7148 44.4939
244.7208 44.4916
244.7268 44.4894
244.7327 44.4871
244.7387 44.4849
244.7447 44.4826
244.7506 44.4804
244.7566 44.4781
244.7626 44.4758
244.7685 44.4736
244.7745 44.4713
244.7805 44.4691
244.7864 44.4668
244.7924 44.4646
244.7984 44.4623
244.8043 44.4600
244.8103 44.4578
244.8163 44.4555
244.8222 44.4533
244.8282 44.4510
244.8342 44.4487
244.8401 44.4465
244.8461 44.4442
244.8521 44.4420
244.8580 44.4397
244.8640 44.4374
244.8700 44.4352
244.8760 44.4329
244.8819 44.4306
244.8879 44.4284
244.8939 44.4261
244.8998 44.4238
244.9058 44.4216
244.9118 44.4193
244.9177 44.4170
244.9237 44.4148
244.9297 44.4125
244.9356 44.4102
244.9416 44.4080
244.9476 44.4057
244.9535 44.4034
244.9595 44.4011
244.9655 44.3989
244.9714 44.3966
244.9774 44.3943
244.9834 44.3920
244.9894 44.3898
244.9953 44.3875
245.0013 44.3852
245.0073 44.3829
245.0132 44.3807
245.0192 44.3784
245.0252 44.3761
245.0311 44.3738
245.0371 44.3715
245.0431 44.3693
245.0490 44.3670
245.0550 44.3647
245.0610 44.3624
245.0670 44.3601
245.0729 44.3579
245.0789 44.3556
245.0849 44.3533
245.0908 44.3510
245.0968 44.3487
245.1028 44.3464
245.1088 44.3442
245.1147 44.3419
245.1207 44.3396
245.1267 44.3373
245.1326 44.3350
245.1386 44.3327
245.1446 44.3304
245.1505 44.3281
245.1565 44.3258
245.1625 44.3236
245.1685 44.3213
245.1744 44.3190
245.1804 44.3167
245.1864 44.3144
245.1923 44.3121
245.1983 44.3098
245.2043 44.3075
245.2103 44.3052
245.2162 44.3029
245.2222 44.3006
245.2282 44.2983
245.2342 44.2960
245.2401 44.2937
245.2461 44.2914
245.2521 44.2891
245.2580 44.2868
245.2640 44.2845
245.2700 44.2822
245.2760 44.2799
245.2819 44.2776
245.2879 44.2753
245.2939 44.2730
245.2999 44.2707
245.3058 44.2684
245.3118 44.2661
245.3178 44.2638
245.3237 44.2615
245.3297 44.2592
245.3357 44.2569
245.3417 44.2546
245.3476 44.2523
245.3536 44.2500
245.3596 44.2477
245.3656 44.2453
245.3715 44.2430
245.3775 44.2407
245.3835 44.2384
245.3895 44.2361
245.3954 44.2338
245.4014 44.2315
245.4074 44.2292
245.4134 44.2269
245.4193 44.2245
245.4253 44.2222
245.4313 44.2199
245.4373 44.2176
245.4432 44.2153
245.4492 44.2130
245.4552 44.2106
245.4612 44.2083
245.4671 44.2060
245.4731 44.2037
245.4791 44.2014
245.4851 44.1990
245.4910 44.1967
245.4970 44.1944
245.5030 44.1921
245.5090 44.1898
245.5149 44.1874
245.5209 44.1851
245.5269 44.1828
245.5329 44.1805
245.5388 44.1781
245.5448 44.1758
245.5508 44.1735
245.5568 44.1712
245.5627 44.1688
245.5687 44.1665
245.5747 44.1642
245.5807 44.1619
245.5866 44.1595
245.5926 44.1572
245.5986 44.1549
245.6046 44.1525
245.6106 44.1502
245.6165 44.1479
245.6225 44.1455
245.6285 44.1432
245.6345 44.1409
245.6404 44.1385
245.6464 44.1362
245.6524 44.1339
245.6584 44.1315
245.6643 44.1292
245.6703 44.1269
245.6763 44.1245
245.6823 44.1222
245.6883 44.1198
245.6942 44.1175
245.7002 44.1152
245.7062 44.1128
245.7122 44.1105
245.7181 44.1081
245.7241 44.1058
245.7301 44.1035
245.7361 44.1011
245.7421 44.0988
245.7480 44.0964
245.7540 44.0941
245.7600 44.0917
245.7660 44.0894
245.7720 44.0871
245.7779 44.0847
245.7839 44.0824
245.7899 44.0800
245.7959 44.0777
245.8018 44.0753
245.8078 44.0730
245.8138 44.0706
245.8198 44.0683
245.8258 44.0659
245.8317 44.0636
245.8377 44.0612
245.8437 44.0589
245.8497 44.0565
245.8557 44.0542
245.8616 44.0518
245.8676 44.0494
245.8736 44.0471
245.8796 44.0447
245.8856 44.0424
245.8915 44.0400
245.8975 44.0377
245.9035 44.0353
245.9095 44.0329
245.9155 44.0306
245.9214 44.0282
245.9274 44.0259
245.9334 44.0235
245.9394 44.0211
245.9454 44.0188
245.9513 44.0164
245.9573 44.0141
245.9633 44.0117
245.9693 44.0093
245.9753 44.0070
245.9813 44.0046
245.9872 44.0022
245.9932 43.9999
245.9992 43.9975
246.0052 43.9951
246.0112 43.9928
246.0171 43.9904
246.0231 43.9880
246.0291 43.9857
246.0351 43.9833
246.0411 43.9809
246.0470 43.9786
246.0530 43.9762
246.0590 43.9738
246.0650 43.9714
246.0710 43.9691
246.0770 43.9667
246.0829 43.9643
246.0889 43.9620
246.0949 43.9596
246.1009 43.9572
246.1069 43.9548
246.1129 43.9524
246.1188 43.9501
246.1248 43.9477
246.1308 43.9453
246.1368 43.9429
246.1428 43.9406
246.1488 43.9382
246.1547 43.9358
246.1607 43.9334
246.1667 43.9310
246.1727 43.9287
246.1787 43.9263
246.1847 43.9239
246.1906 43.9215
246.1966 43.9191
246.2026 43.9167
246.2086 43.9144
246.2146 43.9120
246.2206 43.9096
246.2265 43.9072
246.2325 43.9048
246.2385 43.9024
246.2445 43.9000
246.2505 43.8976
246.2565 43.8953
246.2624 43.8929
246.2684 43.8905
246.2744 43.8881
246.2804 43.8857
246.2864 43.8833
246.2924 43.8809
246.2983 43.8785
246.3043 43.8761
246.3103 43.8737
246.3163 43.8713
246.3223 43.8689
246.3283 43.8665
246.3343 43.8641
246.3402 43.8617
246.3462 43.8594
246.3522 43.8570
246.3582 43.8546
246.3642 43.8522
246.3702 43.8498
246.3762 43.8474
246.3821 43.8450
246.3881 43.8426
246.3941 43.8402
246.4001 43.8378
246.4061 43.8353
246.4121 43.8329
246.4181 43.8305
246.4240 43.8281
246.4300 43.8257
246.4360 43.8233
246.4420 43.8209
246.4480 43.8185
246.4540 43.8161
246.4600 43.8137
246.4659 43.8113
246.4719 43.8089
246.4779 43.8065
246.4839 43.8041
246.4899 43.8017
246.4959 43.7992
246.5019 43.7968
246.5079 43.7944
246.5138 43.7920
246.5198 43.7896
246.5258 43.7872
246.5318 43.7848
246.5378 43.7824
246.5438 43.7799
246.5498 43.7775
246.5558 43.7751
246.5617 43.7727
246.5677 43.7703
246.5737 43.7679
246.5797 43.7654
246.5857 43.7630
246.5917 43.7606
246.5977 43.7582
246.6037 43.7558
246.6096 43.7533
246.6156 43.7509
246.6216 43.7485
246.6276 43.7461
246.6336 43.7437
246.6396 43.7412
246.6456 43.7388
246.6516 43.7364
246.6576 43.7340
246.6635 43.7315
246.6695 43.7291
246.6755 43.7267
246.6815 43.7242
246.6875 43.7218
246.6935 43.7194
246.6995 43.7170
246.7055 43.7145
246.7115 43.7121
246.7175 43.7097
246.7234 43.7072
246.7294 43.7048
246.7354 43.7024
246.7414 43.6999
246.7474 43.6975
246.7534 43.6951
246.7594 43.6926
246.7654 43.6902
246.7714 43.6878
246.7774 43.6853
246.7834 43.6829
246.7893 43.6805
246.7953 43.6780
246.8013 43.6756
246.8073 43.6731
246.8133 43.6707
246.8193 43.6683
246.8253 43.6658
246.8313 43.6634
246.8373 43.6609
246.8433 43.6585
246.8493 43.6561
246.8552 43.6536
246.8612 43.6512
246.8672 43.6487
246.8732 43.6463
246.8792 43.6438
246.8852 43.6414
246.8912 43.6389
246.8972 43.6365
246.9032 43.6341
246.9092 43.6316
246.9152 43.6292
246.9212 43.6267
246.9272 43.6243
246.9331 43.6218
246.9391 43.6194
246.9451 43.6169
246.9511 43.6145
246.9571 43.6120
246.9631 43.6096
246.9691 43.6071
246.9751 43.6046
246.9811 43.6022
246.9871 43.5997
246.9931 43.5973
246.9991 43.5948
247.0051 43.5924
247.0111 43.5899
247.0171 43.5875
247.0230 43.5850
247.0290 43.5825
247.0350 43.5801
247.0410 43.5776
247.0470 43.5752
247.0530 43.5727
247.0590 43.5702
247.0650 43.5678
247.0710 43.5653
247.0770 43.5629
247.0830 43.5604
247.0890 43.5579
247.0950 43.5555
247.1010 43.5530
247.1070 43.5505
247.1130 43.5481
247.1190 43.5456
247.1250 43.5431
247.1310 43.5407
247.1369 43.5382
247.1429 43.5357
247.1489 43.5333
247.1549 43.5308
247.1609 43.5283
247.1669 43.5258
247.1729 43.5234
247.1789 43.5209
247.1849 43.5184
247.1909 43.5160
247.1969 43.5135
247.2029 43.5110
247.2089 43.5085
247.2149 43.5061
247.2209 43.5036
247.2269 43.5011
247.2329 43.4986
247.2389 43.4962
247.2449 43.4937
247.2509 43.4912
247.2569 43.4887
247.2629 43.4862
247.2689 43.4838
247.2749 43.4813
247.2809 43.4788
247.2869 43.4763
247.2929 43.4738
247.2989 43.4714
247.3049 43.4689
247.3108 43.4664
247.3168 43.4639
247.3228 43.4614
247.3288 43.4589
247.3348 43.4564
247.3408 43.4540
247.3468 43.4515
247.3528 43.4490
247.3588 43.4465
247.3648 43.4440
247.3708 43.4415
247.3768 43.4390
247.3828 43.4365
247.3888 43.4341
247.3948 43.4316
247.4008 43.4291
247.4068 43.4266
247.4128 43.4241
247.4188 43.4216
247.4248 43.4191
247.4308 43.4166
247.4368 43.4141
247.4428 43.4116
247.4488 43.4091
247.4548 43.4066
247.4608 43.4041
247.4668 43.4016
247.4728 43.3991
247.4788 43.3966
247.4848 43.3941
247.4908 43.3916
247.4968 43.3891
247.5028 43.3866
247.5088 43.3841
247.5148 43.3816
247.5208 43.3791
247.5268 43.3766
247.5328 43.3741
247.5388 43.3716
247.5448 43.3691
247.5508 43.3666
247.5568 43.3641
247.5628 43.3616
247.5688 43.3591
247.5748 43.3566
247.5808 43.3541
247.5868 43.3516
247.5928 43.3491
247.5988 43.3465
247.6048 43.3440
247.6108 43.3415
247.6168 43.3390
247.6228 43.3365
247.6288 43.3340
247.6348 43.3315
247.6408 43.3290
247.6468 43.3265
247.6528 43.3239
247.6588 43.3214
247.6648 43.3189
247.6708 43.3164
247.6768 43.3139
247.6828 43.3114
247.6888 43.3088
247.6948 43.3063
247.7008 43.3038
247.7068 43.3013
247.7128 43.2988
247.7189 43.2963
247.7249 43.2937
247.7309 43.2912
247.7369 43.2887
247.7429 43.2862
247.7489 43.2836
247.7549 43.2811
247.7609 43.2786
247.7669 43.2761
247.7729 43.2736
247.7789 43.2710
247.7849 43.2685
247.7909 43.2660
247.7969 43.2635
247.8029 43.2609
247.8089 43.2584
247.8149 43.2559
247.8209 43.2533
247.8269 43.2508
247.8329 43.2483
247.8389 43.2458
247.8449 43.2432
247.8509 43.2407
247.8569 43.2382
247.8629 43.2356
247.8689 43.2331
247.8749 43.2306
247.8809 43.2280
247.8869 43.2255
247.8930 43.2230
247.8990 43.2204
247.9050 43.2179
247.9110 43.2153
247.9170 43.2128
247.9230 43.2103
247.9290 43.2077
247.9350 43.2052
247.9410 43.2027
247.9470 43.2001
247.9530 43.1976
247.9590 43.1950
247.9650 43.1925
247.9710 43.1899
247.9770 43.1874
247.9830 43.1849
247.9890 43.1823
247.9950 43.1798
248.0011 43.1772
248.0071 43.1747
248.0131 43.1721
248.0191 43.1696
248.0251 43.1670
248.0311 43.1645
248.0371 43.1620
248.0431 43.1594
248.0491 43.1569
248.0551 43.1543
248.0611 43.1518
248.0671 43.1492
248.0731 43.1467
248.0791 43.1441
248.0851 43.1415
248.0912 43.1390
248.0972 43.1364
248.1032 43.1339
248.1092 43.1313
248.1152 43.1288
248.1212 43.1262
248.1272 43.1237
248.1332 43.1211
248.1392 43.1186
248.1452 43.1160
248.1512 43.1134
248.1572 43.1109
248.1633 43.1083
248.1693 43.1058
248.1753 43.1032
248.1813 43.1006
248.1873 43.0981
248.1933 43.0955
248.1993 43.0930
248.2053 43.0904
248.2113 43.0878
248.2173 43.0853
248.2233 43.0827
248.2294 43.0801
248.2354 43.0776
248.2414 43.0750
248.2474 43.0724
248.2534 43.0699
248.2594 43.0673
248.2654 43.0647
248.2714 43.0622
248.2774 43.0596
248.2834 43.0570
248.2895 43.0545
248.2955 43.0519
248.3015 43.0493
248.3075 43.0467
248.3135 43.0442
248.3195 43.0416
248.3255 43.0390
248.3315 43.0365
248.3375 43.0339
248.3435 43.0313
248.3496 43.0287
248.3556 43.0261
248.3616 43.0236
248.3676 43.0210
248.3736 43.0184
248.3796 43.0158
248.3856 43.0133
248.3916 43.0107
248.3977 43.0081
248.4037 43.0055
248.4097 43.0029
248.4157 43.0004
248.4217 42.9978
248.4277 42.9952
248.4337 42.9926
248.4397 42.9900
248.4457 42.9874
248.4518 42.9849
248.4578 42.9823
248.4638 42.9797
248.4698 42.9771
248.4758 42.9745
248.4818 42.9719
248.4878 42.9693
248.4939 42.9668
248.4999 42.9642
248.5059 42.9616
248.5119 42.9590
248.5179 42.9564
248.5239 42.9538
248.5299 42.9512
248.5359 42.9486
248.5420 42.9460
248.5480 42.9434
248.5540 42.9408
248.5600 42.9382
248.5660 42.9357
248.5720 42.9331
248.5780 42.9305
248.5841 42.9279
248.5901 42.9253
248.5961 42.9227
248.6021 42.9201
248.6081 42.9175
248.6141 42.9149
248.6201 42.9123
248.6262 42.9097
248.6322 42.9071
248.6382 42.9045
248.6442 42.9019
248.6502 42.8993
248.6562 42.8967
248.6622 42.8941
248.6683 42.8915
248.6743 42.8889
248.6803 42.8863
248.6863 42.8836
248.6923 42.8810
248.6983 42.8784
248.7044 42.8758
248.7104 42.8732
248.7164 42.8706
248.7224 42.8680
248.7284 42.8654
248.7344 42.8628
248.7405 42.8602
248.7465 42.8576
248.7525 42.8550
248.7585 42.8523
248.7645 42.8497
248.7705 42.8471
248.7766 42.8445
248.7826 42.8419
248.7886 42.8393
248.7946 42.8367
248.8006 42.8340
248.8066 42.8314
248.8127 42.8288
248.8187 42.8262
248.8247 42.8236
248.8307 42.8210
248.8367 42.8183
248.8427 42.8157
248.8488 42.8131
248.8548 42.8105
248.8608 42.8079
248.8668 42.8052
248.8728 42.8026
248.8789 42.8000
248.8849 42.7974
248.8909 42.7948
248.8969 42.7921
248.9029 42.7895
248.9089 42.7869
248.9150 42.7843
248.9210 42.7816
248.9270 42.7790
248.9330 42.7764
248.9390 42.7738
248.9451 42.7711
248.9511 42.7685
248.9571 42.7659
248.9631 42.7632
248.9691 42.7606
248.9752 42.7580
248.9812 42.7553
248.9872 42.7527
248.9932 42.7501
248.9992 42.7475
249.0053 42.7448
249.0113 42.7422
249.0173 42.7396
249.0233 42.7369
249.0293 42.7343
249.0354 42.7316
249.0414 42.7290
249.0474 42.7264
249.0534 42.7237
249.0594 42.7211
249.0655 42.7185
249.0715 42.7158
249.0775 42.7132
249.0835 42.7105
249.0895 42.7079
249.0956 42.7053
249.1016 42.7026
249.1076 42.7000
249.1136 42.6973
249.1196 42.6947
249.1257 42.6920
249.1317 42.6894
249.1377 42.6868
249.1437 42.6841
249.1497 42.6815
249.1558 42.6788
249.1618 42.6762
249.1678 42.6735
249.1738 42.6709
249.1799 42.6682
249.1859 42.6656
249.1919 42.6629
249.1979 42.6603
249.2039 42.6576
249.2100 42.6550
249.2160 42.6523
249.2220 42.6497
249.2280 42.6470
249.2341 42.6444
249.2401 42.6417
249.2461 42.6391
249.2521 42.6364
249.2582 42.6338
249.2642 42.6311
249.2702 42.6284
249.2762 42.6258
249.2822 42.6231
249.2883 42.6205
249.2943 42.6178
249.3003 42.6152
249.3063 42.6125
249.3124 42.6098
249.3184 42.6072
249.3244 42.6045
249.3304 42.6019
249.3365 42.5992
249.3425 42.5965
249.3485 42.5939
249.3545 42.5912
249.3606 42.5885
249.3666 42.5859
249.3726 42.5832
249.3786 42.5805
249.3847 42.5779
249.3907 42.5752
249.3967 42.5725
249.4027 42.5699
249.4088 42.5672
249.4148 42.5645
249.4208 42.5619
249.4268 42.5592
249.4329 42.5565
249.4389 42.5539
249.4449 42.5512
249.4509 42.5485
249.4570 42.5458
249.4630 42.5432
249.4690 42.5405
249.4750 42.5378
249.4811 42.5351
249.4871 42.5325
249.4931 42.5298
249.4991 42.5271
249.5052 42.5244
249.5112 42.5218
249.5172 42.5191
249.5233 42.5164
249.5293 42.5137
249.5353 42.5111
249.5413 42.5084
249.5474 42.5057
249.5534 42.5030
249.5594 42.5003
249.5654 42.4976
249.5715 42.4950
249.5775 42.4923
249.5835 42.4896
249.5896 42.4869
249.5956 42.4842
249.6016 42.4815
249.6076 42.4789
249.6137 42.4762
249.6197 42.4735
249.6257 42.4708
249.6318 42.4681
249.6378 42.4654
249.6438 42.4627
249.6498 42.4600
249.6559 42.4574
249.6619 42.4547
249.6679 42.4520
249.6740 42.4493
249.6800 42.4466
249.6860 42.4439
249.6921 42.4412
249.6981 42.4385
249.7041 42.4358
249.7101 42.4331
249.7162 42.4304
249.7222 42.4277
249.7282 42.4250
249.7343 42.4223
249.7403 42.4196
249.7463 42.4169
249.7524 42.4142
249.7584 42.4115
249.7644 42.4088
249.7704 42.4061
249.7765 42.4034
249.7825 42.4007
249.7885 42.3980
249.7946 42.3953
249.8006 42.3926
249.8066 42.3899
249.8127 42.3872
249.8187 42.3845
249.8247 42.3818
249.8308 42.3791
249.8368 42.3764
249.8428 42.3737
249.8488 42.3710
249.8549 42.3683
249.8609 42.3656
249.8669 42.3629
249.8730 42.3602
249.8790 42.3575
249.8850 42.3547
249.8911 42.3520
249.8971 42.3493
249.9031 42.3466
249.9092 42.3439
249.9152 42.3412
249.9212 42.3385
249.9273 42.3358
249.9333 42.3331
249.9393 42.3303
249.9454 42.3276
249.9514 42.3249
249.9574 42.3222
249.9635 42.3195
249.9695 42.3168
249.9755 42.3140
249.9816 42.3113
249.9876 42.3086
249.9936 42.3059
249.9997 42.3032
250.0057 42.3004
250.0117 42.2977
250.0178 42.2950
250.0238 42.2923
250.0298 42.2896
250.0359 42.2868
250.0419 42.2841
250.0479 42.2814
250.0540 42.2787
250.0600 42.2759
250.0661 42.2732
250.0721 42.2705
250.0781 42.2678
250.0842 42.2650
250.0902 42.2623
250.0962 42.2596
250.1023 42.2568
250.1083 42.2541
250.1143 42.2514
250.1204 42.2487
250.1264 42.2459
250.1324 42.2432
250.1385 42.2405
250.1445 42.2377
250.1506 42.2350
250.1566 42.2323
250.1626 42.2295
250.1687 42.2268
250.1747 42.2241
250.1807 42.2213
250.1868 42.2186
250.1928 42.2159
250.1988 42.2131
250.2049 42.2104
250.2109 42.2076
250.2170 42.2049
250.2230 42.2022
250.2290 42.1994
250.2351 42.1967
250.2411 42.1939
250.2471 42.1912
250.2532 42.1885
250.2592 42.1857
250.2653 42.1830
250.2713 42.1802
250.2773 42.1775
250.2834 42.1747
250.2894 42.1720
250.2954 42.1693
250.3015 42.1665
250.3075 42.1638
250.3136 42.1610
250.3196 42.1583
250.3256 42.1555
250.3317 42.1528
250.3377 42.1500
250.3438 42.1473
250.3498 42.1445
250.3558 42.1418
250.3619 42.1390
250.3679 42.1363
250.3740 42.1335
250.3800 42.1308
250.3860 42.1280
250.3921 42.1253
250.3981 42.1225
250.4041 42.1198
250.4102 42.1170
250.4162 42.1142
250.4223 42.1115
250.4283 42.1087
250.4343 42.1060
250.4404 42.1032
250.4464 42.1005
250.4525 42.0977
250.4585 42.0949
250.4646 42.0922
250.4706 42.0894
250.4766 42.0867
250.4827 42.0839
250.4887 42.0811
250.4948 42.0784
250.5008 42.0756
250.5068 42.0728
250.5129 42.0701
250.5189 42.0673
250.5250 42.0646
250.5310 42.0618
250.5370 42.0590
250.5431 42.0563
250.5491 42.0535
250.5552 42.0507
250.5612 42.0480
250.5673 42.0452
250.5733 42.0424
250.5793 42.0396
250.5854 42.0369
250.5914 42.0341
250.5975 42.0313
250.6035 42.0286
250.6095 42.0258
250.6156 42.0230
250.6216 42.0202
250.6277 42.0175
250.6337 42.0147
250.6398 42.0119
250.6458 42.0091
250.6518 42.0064
250.6579 42.0036
250.6639 42.0008
250.6700 41.9980
250.6760 41.9953
250.6821 41.9925
250.6881 41.9897
250.6942 41.9869
250.7002 41.9841
250.7062 41.9814
250.7123 41.9786
250.7183 41.9758
250.7244 41.9730
250.7304 41.9702
250.7365 41.9675
250.7425 41.9647
250.7485 41.9619
250.7546 41.9591
250.7606 41.9563
250.7667 41.9535
250.7727 41.9507
250.7788 41.9480
250.7848 41.9452
250.7909 41.9424
250.7969 41.9396
250.8030 41.9368
250.8090 41.9340
250.8150 41.9312
250.8211 41.9284
250.8271 41.9257
250.8332 41.9229
250.8392 41.9201
250.8453 41.9173
250.8513 41.9145
250.8574 41.9117
250.8634 41.9089
250.8695 41.9061
250.8755 41.9033
250.8816 41.9005
250.8876 41.8977
250.8937 41.8949
250.8997 41.8921
250.9057 41.8893
250.9118 41.8865
250.9178 41.8837
250.9239 41.8809
250.9299 41.8781
250.9360 41.8753
250.9420 41.8725
250.9481 41.8697
250.9541 41.8669
250.9602 41.8641
250.9662 41.8613
250.9723 41.8585
250.9783 41.8557
250.9844 41.8529
250.9904 41.8501
250.9965 41.8473
251.0025 41.8445
251.0086 41.8417
251.0146 41.8389
251.0207 41.8361
251.0267 41.8333
251.0328 41.8305
251.0388 41.8276
251.0449 41.8248
251.0509 41.8220
251.0570 41.8192
251.0630 41.8164
251.0691 41.8136
251.0751 41.8108
251.0812 41.8080
251.0872 41.8052
251.0933 41.8023
251.0993 41.7995
251.1054 41.7967
251.1114 41.7939
251.1175 41.7911
251.1235 41.7883
251.1296 41.7854
251.1356 41.7826
251.1417 41.7798
251.1477 41.7770
251.1538 41.7742
251.1598 41.7714
251.1659 41.7685
251.1719 41.7657
251.1780 41.7629
251.1840 41.7601
251.1901 41.7572
251.1961 41.7544
251.2022 41.7516
251.2082 41.7488
251.2143 41.7460
251.2203 41.7431
251.2264 41.7403
251.2324 41.7375
251.2385 41.7347
251.2445 41.7318
251.2506 41.7290
251.2566 41.7262
251.2627 41.7233
251.2688 41.7205
251.2748 41.7177
251.2809 41.7149
251.2869 41.7120
251.2930 41.7092
251.2990 41.7064
251.3051 41.7035
251.3111 41.7007
251.3172 41.6979
251.3232 41.6950
251.3293 41.6922
251.3353 41.6894
251.3414 41.6865
251.3474 41.6837
251.3535 41.6809
251.3596 41.6780
251.3656 41.6752
251.3717 41.6724
251.3777 41.6695
251.3838 41.6667
251.3898 41.6638
251.3959 41.6610
251.4019 41.6582
251.4080 41.6553
251.4140 41.6525
251.4201 41.6496
251.4262 41.6468
251.4322 41.6439
251.4383 41.6411
251.4443 41.6383
251.4504 41.6354
251.4564 41.6326
251.4625 41.6297
251.4685 41.6269
251.4746 41.6240
251.4807 41.6212
251.4867 41.6183
251.4928 41.6155
251.4988 41.6126
251.5049 41.6098
251.5109 41.6069
251.5170 41.6041
251.5231 41.6012
251.5291 41.5984
251.5352 41.5955
251.5412 41.5927
251.5473 41.5898
251.5533 41.5870
251.5594 41.5841
251.5655 41.5813
251.5715 41.5784
251.5776 41.5756
251.5836 41.5727
251.5897 41.5699
251.5957 41.5670
251.6018 41.5641
251.6079 41.5613
251.6139 41.5584
251.6200 41.5556
251.6260 41.5527
251.6321 41.5499
251.6382 41.5470
251.6442 41.5441
251.6503 41.5413
251.6563 41.5384
251.6624 41.5356
251.6684 41.5327
251.6745 41.5298
251.6806 41.5270
251.6866 41.5241
251.6927 41.5212
251.6987 41.5184
251.7048 41.5155
251.7109 41.5126
251.7169 41.5098
251.7230 41.5069
251.7290 41.5040
251.7351 41.5012
251.7412 41.4983
251.7472 41.4954
251.7533 41.4926
251.7593 41.4897
251.7654 41.4868
251.7715 41.4839
251.7775 41.4811
251.7836 41.4782
251.7896 41.4753
251.7957 41.4725
251.8018 41.4696
251.8078 41.4667
251.8139 41.4638
251.8200 41.4610
251.8260 41.4581
251.8321 41.4552
251.8381 41.4523
251.8442 41.4495
251.8503 41.4466
251.8563 41.4437
251.8624 41.4408
251.8684 41.4379
251.8745 41.4351
251.8806 41.4322
251.8866 41.4293
251.8927 41.4264
251.8988 41.4235
251.9048 41.4207
251.9109 41.4178
251.9169 41.4149
251.9230 41.4120
251.9291 41.4091
251.9351 41.4062
251.9412 41.4033
251.9473 41.4005
251.9533 41.3976
251.9594 41.3947
251.9654 41.3918
251.9715 41.3889
251.9776 41.3860
251.9836 41.3831
251.9897 41.3802
251.9958 41.3774
252.0018 41.3745
252.0079 41.3716
252.0140 41.3687
252.0200 41.3658
252.0261 41.3629
252.0321 41.3600
252.0382 41.3571
252.0443 41.3542
252.0503 41.3513
252.0564 41.3484
252.0625 41.3455
252.0685 41.3426
252.0746 41.3397
252.0807 41.3368
252.0867 41.3339
252.0928 41.3310
252.0989 41.3281
252.1049 41.3253
252.1110 41.3224
252.1171 41.3195
252.1231 41.3166
252.1292 41.3136
252.1353 41.3107
252.1413 41.3078
252.1474 41.3049
252.1535 41.3020
252.1595 41.2991
252.1656 41.2962
252.1717 41.2933
252.1777 41.2904
252.1838 41.2875
252.1899 41.2846
252.1959 41.2817
252.2020 41.2788
252.2081 41.2759
252.2141 41.2730
252.2202 41.2701
252.2263 41.2672
252.2323 41.2642
252.2384 41.2613
252.2445 41.2584
252.2505 41.2555
252.2566 41.2526
252.2627 41.2497
252.2687 41.2468
252.2748 41.2439
252.2809 41.2410
252.2869 41.2380
252.2930 41.2351
252.2991 41.2322
252.3051 41.2293
252.3112 41.2264
252.3173 41.2235
252.3234 41.2205
252.3294 41.2176
252.3355 41.2147
252.3416 41.2118
252.3476 41.2089
252.3537 41.2059
252.3598 41.2030
252.3658 41.2001
252.3719 41.1972
252.3780 41.1943
252.3841 41.1913
252.3901 41.1884
252.3962 41.1855
252.4023 41.1826
252.4083 41.1796
252.4144 41.1767
252.4205 41.1738
252.4265 41.1709
252.4326 41.1679
252.4387 41.1650
252.4448 41.1621
252.4508 41.1592
252.4569 41.1562
252.4630 41.1533
252.4690 41.1504
252.4751 41.1474
252.4812 41.1445
252.4873 41.1416
252.4933 41.1386
252.4994 41.1357
252.5055 41.1328
252.5116 41.1298
252.5176 41.1269
252.5237 41.1240
252.5298 41.1210
252.5358 41.1181
252.5419 41.1152
252.5480 41.1122
252.5541 41.1093
252.5601 41.1064
252.5662 41.1034
252.5723 41.1005
252.5784 41.0975
252.5844 41.0946
252.5905 41.0917
252.5966 41.0887
252.6027 41.0858
252.6087 41.0828
252.6148 41.0799
252.6209 41.0770
252.6269 41.0740
252.6330 41.0711
252.6391 41.0681
252.6452 41.0652
252.6512 41.0622
252.6573 41.0593
252.6634 41.0563
252.6695 41.0534
252.6755 41.0504
252.6816 41.0475
252.6877 41.0445
252.6938 41.0416
252.6999 41.0387
252.7059 41.0357
252.7120 41.0328
252.7181 41.0298
252.7242 41.0268
252.7302 41.0239
252.7363 41.0209
252.7424 41.0180
252.7485 41.0150
252.7545 41.0121
252.7606 41.0091
252.7667 41.0062
252.7728 41.0032
252.7788 41.0003
252.7849 40.9973
252.7910 40.9944
252.7971 40.9914
252.8032 40.9884
252.8092 40.9855
252.8153 40.9825
252.8214 40.9796
252.8275 40.9766
252.8335 40.9736
252.8396 40.9707
252.8457 40.9677
252.8518 40.9648
252.8579 40.9618
252.8639 40.9588
252.8700 40.9559
252.8761 40.9529
252.8822 40.9499
252.8882 40.9470
252.8943 40.9440
252.9004 40.9410
252.9065 40.9381
252.9126 40.9351
252.9186 40.9321
252.9247 40.9292
252.9308 40.9262
252.9369 40.9232
252.9430 40.9203
252.9490 40.9173
252.9551 40.9143
252.9612 40.9114
252.9673 40.9084
252.9734 40.9054
252.9794 40.9024
252.9855 40.8995
252.9916 40.8965
252.9977 40.8935
253.0038 40.8906
253.0098 40.8876
253.0159 40.8846
253.0220 40.8816
253.0281 40.8786
253.0342 40.8757
253.0402 40.8727
253.0463 40.8697
253.0524 40.8667
253.0585 40.8638
253.0646 40.8608
253.0706 40.8578
253.0767 40.8548
253.0828 40.8518
253.0889 40.8489
253.0950 40.8459
253.1011 40.8429
253.1071 40.8399
253.1132 40.8369
253.1193 40.8339
253.1254 40.8310
253.1315 40.8280
253.1376 40.8250
253.1436 40.8220
253.1497 40.8190
253.1558 40.8160
253.1619 40.8130
253.1680 40.8101
253.1741 40.8071
253.1801 40.8041
253.1862 40.8011
253.1923 40.7981
253.1984 40.7951
253.2045 40.7921
253.2106 40.7891
253.2166 40.7861
253.2227 40.7831
253.2288 40.7801
253.2349 40.7772
253.2410 40.7742
253.2471 40.7712
253.2531 40.7682
253.2592 40.7652
253.2653 40.7622
253.2714 40.7592
253.2775 40.7562
253.2836 40.7532
253.2897 40.7502
253.2957 40.7472
253.3018 40.7442
253.3079 40.7412
253.3140 40.7382
253.3201 40.7352
253.3262 40.7322
253.3322 40.7292
253.3383 40.7262
253.3444 40.7232
253.3505 40.7202
253.3566 40.7172
253.3627 40.7142
253.3688 40.7112
253.3749 40.7082
253.3809 40.7052
253.3870 40.7022
253.3931 40.6992
253.3992 40.6961
253.4053 40.6931
253.4114 40.6901
253.4175 40.6871
253.4235 40.6841
253.4296 40.6811
253.4357 40.6781
253.4418 40.6751
253.4479 40.6721
253.4540 40.6691
253.4601 40.6661
253.4662 40.6630
253.4722 40.6600
253.4783 40.6570
253.4844 40.6540
253.4905 40.6510
253.4966 40.6480
253.5027 40.6450
253.5088 40.6419
253.5149 40.6389
253.5210 40.6359
253.5270 40.6329
253.5331 40.6299
253.5392 40.6269
253.5453 40.6238
253.5514 40.6208
253.5575 40.6178
253.5636 40.6148
253.5697 40.6118
253.5758 40.6087
253.5818 40.6057
253.5879 40.6027
253.5940 40.5997
253.6001 40.5966
253.6062 40.5936
253.6123 40.5906
253.6184 40.5876
253.6245 40.5845
253.6306 40.5815
253.6367 40.5785
253.6428 40.5755
253.6488 40.5724
253.6549 40.5694
253.6610 40.5664
253.6671 40.5633
253.6732 40.5603
253.6793 40.5573
253.6854 40.5543
253.6915 40.5512
253.6976 40.5482
253.7037 40.5452
253.7098 40.5421
253.7159 40.5391
253.7219 40.5361
253.7280 40.5330
253.7341 40.5300
253.7402 40.5270
253.7463 40.5239
253.7524 40.5209
253.7585 40.5179
253.7646 40.5148
253.7707 40.5118
253.7768 40.5087
253.7829 40.5057
253.7890 40.5027
253.7951 40.4996
253.8012 40.4966
253.8073 40.4935
253.8134 40.4905
253.8194 40.4875
253.8255 40.4844
253.8316 40.4814
253.8377 40.4783
253.8438 40.4753
253.8499 40.4723
253.8560 40.4692
253.8621 40.4662
253.8682 40.4631
253.8743 40.4601
253.8804 40.4570
253.8865 40.4540
253.8926 40.4509
253.8987 40.4479
253.9048 40.4448
253.9109 40.4418
253.9170 40.4387
253.9231 40.4357
253.9292 40.4326
253.9353 40.4296
253.9414 40.4265
253.9475 40.4235
253.9535 40.4204
253.9596 40.4174
253.9657 40.4143
253.9718 40.4113
253.9779 40.4082
253.9840 40.4052
253.9901 40.4021
253.9962 40.3990
254.0023 40.3960
254.0084 40.3929
254.0145 40.3899
254.0206 40.3868
254.0267 40.3838
254.0328 40.3807
254.0389 40.3776
254.0450 40.3746
254.0511 40.3715
254.0572 40.3685
254.0633 40.3654
254.0694 40.3623
254.0755 40.3593
254.0816 40.3562
254.0877 40.3531
254.0938 40.3501
254.0999 40.3470
254.1060 40.3440
254.1121 40.3409
254.1182 40.3378
254.1243 40.3348
254.1304 40.3317
254.1365 40.3286
254.1426 40.3256
254.1487 40.3225
254.1548 40.3194
254.1609 40.3164
254.1670 40.3133
254.1731 40.3102
254.1792 40.3071
254.1853 40.3041
254.1914 40.3010
254.1975 40.2979
254.2036 40.2949
254.2097 40.2918
254.2158 40.2887
254.2219 40.2856
254.2280 40.2826
254.2341 40.2795
254.2402 40.2764
254.2463 40.2733
254.2524 40.2703
254.2585 40.2672
254.2646 40.2641
254.2707 40.2610
254.2768 40.2579
254.2829 40.2549
254.2890 40.2518
254.2951 40.2487
254.3012 40.2456
254.3073 40.2425
254.3134 40.2395
254.3195 40.2364
254.3256 40.2333
254.3318 40.2302
254.3379 40.2271
254.3440 40.2240
254.3501 40.2210
254.3562 40.2179
254.3623 40.2148
254.3684 40.2117
254.3745 40.2086
254.3806 40.2055
254.3867 40.2024
254.3928 40.1994
254.3989 40.1963
254.4050 40.1932
254.4111 40.1901
254.4172 40.1870
254.4233 40.1839
254.4294 40.1808
254.4355 40.1777
254.4416 40.1746
254.4477 40.1715
254.4538 40.1684
254.4599 40.1654
254.4661 40.1623
254.4722 40.1592
254.4783 40.1561
254.4844 40.1530
254.4905 40.1499
254.4966 40.1468
254.5027 40.1437
254.5088 40.1406
254.5149 40.1375
254.5210 40.1344
254.5271 40.1313
254.5332 40.1282
254.5393 40.1251
254.5454 40.1220
254.5515 40.1189
254.5577 40.1158
254.5638 40.1127
254.5699 40.1096
254.5760 40.1065
254.5821 40.1034
254.5882 40.1003
254.5943 40.0972
254.6004 40.0941
254.6065 40.0910
254.6126 40.0879
254.6187 40.0848
254.6248 40.0816
254.6309 40.0785
254.6371 40.0754
254.6432 40.0723
254.6493 40.0692
254.6554 40.0661
254.6615 40.0630
254.6676 40.0599
254.6737 40.0568
254.6798 40.0537
254.6859 40.0506
254.6920 40.0474
254.6981 40.0443
254.7043 40.0412
254.7104 40.0381
254.7165 40.0350
254.7226 40.0319
254.7287 40.0288
254.7348 40.0256
254.7409 40.0225
254.7470 40.0194
254.7531 40.0163
254.7592 40.0132
254.7654 40.0101
254.7715 40.0069
254.7776 40.0038
254.7837 40.0007
254.7898 39.9976
254.7959 39.9945
254.8020 39.9913
254.8081 39.9882
254.8142 39.9851
254.8204 39.9820
254.8265 39.9789
254.8326 39.9757
254.8387 39.9726
254.8448 39.9695
254.8509 39.9664
254.8570 39.9632
254.8631 39.9601
254.8693 39.9570
254.8754 39.9539
254.8815 39.9507
254.8876 39.9476
254.8937 39.9445
254.8998 39.9413
254.9059 39.9382
254.9120 39.9351
254.9182 39.9320
254.9243 39.9288
254.9304 39.9257
254.9365 39.9226
254.9426 39.9194
254.9487 39.9163
254.9548 39.9132
254.9610 39.9100
254.9671 39.9069
254.9732 39.9038
254.9793 39.9006
254.9854 39.8975
254.9915 39.8944
254.9976 39.8912
255.0038 39.8881
255.0099 39.8849
255.0160 39.8818
255.0221 39.8787
255.0282 39.8755
255.0343 39.8724
255.0405 39.8693
255.0466 39.8661
255.0527 39.8630
255.0588 39.8598
255.0649 39.8567
255.0710 39.8535
255.0772 39.8504
255.0833 39.8473
255.0894 39.8441
255.0955 39.8410
255.1016 39.8378
255.1077 39.8347
255.1139 39.8315
255.1200 39.8284
255.1261 39.8252
255.1322 39.8221
255.1383 39.8189
255.1444 39.8158
255.1506 39.8127
255.1567 39.8095
255.1628 39.8064
255.1689 39.8032
255.1750 39.8001
255.1812 39.7969
255.1873 39.7937
255.1934 39.7906
255.1995 39.7874
255.2056 39.7843
255.2117 39.7811
255.2179 39.7780
255.2240 39.7748
255.2301 39.7717
255.2362 39.7685
255.2423 39.7654
255.2485 39.7622
255.2546 39.7590
255.2607 39.7559
255.2668 39.7527
255.2729 39.7496
255.2791 39.7464
255.2852 39.7433
255.2913 39.7401
255.2974 39.7369
255.3035 39.7338
255.3097 39.7306
255.3158 39.7275
255.3219 39.7243
255.3280 39.7211
255.3342 39.7180
255.3403 39.7148
255.3464 39.7116
255.3525 39.7085
255.3586 39.7053
255.3648 39.7021
255.3709 39.6990
255.3770 39.6958
255.3831 39.6926
255.3893 39.6895
255.3954 39.6863
255.4015 39.6831
255.4076 39.6800
255.4137 39.6768
255.4199 39.6736
255.4260 39.6705
255.4321 39.6673
255.4382 39.6641
255.4444 39.6609
255.4505 39.6578
255.4566 39.6546
255.4627 39.6514
255.4689 39.6482
255.4750 39.6451
255.4811 39.6419
255.4872 39.6387
255.4934 39.6355
255.4995 39.6324
255.5056 39.6292
255.5117 39.6260
255.5179 39.6228
255.5240 39.6197
255.5301 39.6165
255.5362 39.6133
255.5424 39.6101
255.5485 39.6069
255.5546 39.6038
255.5607 39.6006
255.5669 39.5974
255.5730 39.5942
255.5791 39.5910
255.5852 39.5878
255.5914 39.5847
255.5975 39.5815
255.6036 39.5783
255.6097 39.5751
255.6159 39.5719
255.6220 39.5687
255.6281 39.5656
255.6342 39.5624
255.6404 39.5592
255.6465 39.5560
255.6526 39.5528
255.6588 39.5496
255.6649 39.5464
255.6710 39.5432
255.6771 39.5400
255.6833 39.5369
255.6894 39.5337
255.6955 39.5305
255.7017 39.5273
255.7078 39.5241
255.7139 39.5209
255.7200 39.5177
255.7262 39.5145
255.7323 39.5113
255.7384 39.5081
255.7446 39.5049
255.7507 39.5017
255.7568 39.4985
255.7629 39.4953
255.7691 39.4921
255.7752 39.4889
255.7813 39.4857
255.7875 39.4825
255.7936 39.4793
255.7997 39.4761
255.8059 39.4729
255.8120 39.4697
255.8181 39.4665
255.8242 39.4633
255.8304 39.4601
255.8365 39.4569
255.8426 39.4537
255.8488 39.4505
255.8549 39.4473
255.8610 39.4441
255.8672 39.4409
255.8733 39.4377
255.8794 39.4345
255.8856 39.4313
255.8917 39.4281
255.8978 39.4249
255.9040 39.4217
255.9101 39.4185
255.9162 39.4152
255.9224 39.4120
255.9285 39.4088
255.9346 39.4056
255.9408 39.4024
255.9469 39.3992
255.9530 39.3960
255.9592 39.3928
255.9653 39.3896
255.9714 39.3863
255.9776 39.3831
255.9837 39.3799
255.9898 39.3767
255.9960 39.3735
256.0021 39.3703
256.0082 39.3670
256.0144 39.3638
256.0205 39.3606
256.0266 39.3574
256.0328 39.3542
256.0389 39.3510
256.0450 39.3477
256.0512 39.3445
256.0573 39.3413
256.0634 39.3381
256.0696 39.3349
256.0757 39.3316
256.0818 39.3284
256.0880 39.3252
256.0941 39.3220
256.1002 39.3187
256.1064 39.3155
256.1125 39.3123
256.1187 39.3091
256.1248 39.3058
256.1309 39.3026
256.1371 39.2994
256.1432 39.2962
256.1493 39.2929
256.1555 39.2897
256.1616 39.2865
256.1677 39.2833
256.1739 39.2800
256.1800 39.2768
256.1862 39.2736
256.1923 39.2703
256.1984 39.2671
256.2046 39.2639
256.2107 39.2606
256.2168 39.2574
256.2230 39.2542
256.2291 39.2509
256.2353 39.2477
256.2414 39.2445
256.2475 39.2412
256.2537 39.2380
256.2598 39.2348
256.2660 39.2315
256.2721 39.2283
256.2782 39.2251
256.2844 39.2218
256.2905 39.2186
256.2967 39.2153
256.3028 39.2121
256.3089 39.2089
256.3151 39.2056
256.3212 39.2024
256.3273 39.1991
256.3335 39.1959
256.3396 39.1927
256.3458 39.1894
256.3519 39.1862
256.3581 39.1829
256.3642 39.1797
256.3703 39.1764
256.3765 39.1732
256.3826 39.1700
256.3888 39.1667
256.3949 39.1635
256.4010 39.1602
256.4072 39.1570
256.4133 39.1537
256.4195 39.1505
256.4256 39.1472
256.4317 39.1440
256.4379 39.1407
256.4440 39.1375
256.4502 39.1342
256.4563 39.1310
256.4625 39.1277
256.4686 39.1245
256.4747 39.1212
256.4809 39.1180
256.4870 39.1147
256.4932 39.1115
256.4993 39.1082
256.5055 39.1049
256.5116 39.1017
256.5178 39.0984
256.5239 39.0952
256.5300 39.0919
256.5362 39.0887
256.5423 39.0854
256.5485 39.0821
256.5546 39.0789
256.5608 39.0756
256.5669 39.0724
256.5731 39.0691
256.5792 39.0659
256.5853 39.0626
256.5915 39.0593
256.5976 39.0561
256.6038 39.0528
256.6099 39.0495
256.6161 39.0463
256.6222 39.0430
256.6284 39.0397
256.6345 39.0365
256.6407 39.0332
256.6468 39.0300
256.6529 39.0267
256.6591 39.0234
256.6652 39.0202
256.6714 39.0169
256.6775 39.0136
256.6837 39.0103
256.6898 39.0071
256.6960 39.0038
256.7021 39.0005
256.7083 38.9973
256.7144 38.9940
256.7206 38.9907
256.7267 38.9875
256.7329 38.9842
256.7390 38.9809
256.7452 38.9776
256.7513 38.9744
256.7575 38.9711
256.7636 38.9678
256.7698 38.9645
256.7759 38.9613
256.7821 38.9580
256.7882 38.9547
256.7944 38.9514
256.8005 38.9482
256.8067 38.9449
256.8128 38.9416
256.8190 38.9383
256.8251 38.9350
256.8313 38.9318
256.8374 38.9285
256.8436 38.9252
256.8497 38.9219
256.8559 38.9186
256.8620 38.9153
256.8682 38.9121
256.8743 38.9088
256.8805 38.9055
256.8866 38.9022
256.8928 38.8989
256.8989 38.8956
256.9051 38.8924
256.9112 38.8891
256.9174 38.8858
256.9235 38.8825
256.9297 38.8792
256.9358 38.8759
256.9420 38.8726
256.9481 38.8693
256.9543 38.8661
256.9604 38.8628
256.9666 38.8595
256.9728 38.8562
256.9789 38.8529
256.9851 38.8496
256.9912 38.8463
256.9974 38.8430
257.0035 38.8397
257.0097 38.8364
257.0158 38.8331
257.0220 38.8298
257.0281 38.8265
257.0343 38.8232
257.0404 38.8200
257.0466 38.8167
257.0528 38.8134
257.0589 38.8101
257.0651 38.8068
257.0712 38.8035
257.0774 38.8002
257.0835 38.7969
257.0897 38.7936
257.0958 38.7903
257.1020 38.7870
257.1082 38.7837
257.1143 38.7804
257.1205 38.7771
257.1266 38.7738
257.1328 38.7705
257.1389 38.7672
257.1451 38.7638
257.1512 38.7605
257.1574 38.7572
257.1636 38.7539
257.1697 38.7506
257.1759 38.7473
257.1820 38.7440
257.1882 38.7407
257.1943 38.7374
257.2005 38.7341
257.2067 38.7308
257.2128 38.7275
257.2190 38.7242
257.2251 38.7209
257.2313 38.7175
257.2375 38.7142
257.2436 38.7109
257.2498 38.7076
257.2559 38.7043
257.2621 38.7010
257.2682 38.6977
257.2744 38.6944
257.2806 38.6910
257.2867 38.6877
257.2929 38.6844
257.2990 38.6811
257.3052 38.6778
257.3114 38.6745
257.3175 38.6711
257.3237 38.6678
257.3298 38.6645
257.3360 38.6612
257.3422 38.6579
257.3483 38.6546
257.3545 38.6512
257.3606 38.6479
257.3668 38.6446
257.3730 38.6413
257.3791 38.6379
257.3853 38.6346
257.3915 38.6313
257.3976 38.6280
257.4038 38.6247
257.4099 38.6213
257.4161 38.6180
257.4223 38.6147
257.4284 38.6114
257.4346 38.6080
257.4408 38.6047
257.4469 38.6014
257.4531 38.5981
257.4592 38.5947
257.4654 38.5914
257.4716 38.5881
257.4777 38.5847
257.4839 38.5814
257.4901 38.5781
257.4962 38.5747
257.5024 38.5714
257.5085 38.5681
257.5147 38.5648
257.5209 38.5614
257.5270 38.5581
257.5332 38.5548
257.5394 38.5514
257.5455 38.5481
257.5517 38.5448
257.5579 38.5414
257.5640 38.5381
257.5702 38.5347
257.5764 38.5314
257.5825 38.5281
257.5887 38.5247
257.5949 38.5214
257.6010 38.5181
257.6072 38.5147
257.6134 38.5114
257.6195 38.5080
257.6257 38.5047
257.6318 38.5014
257.6380 38.4980
257.6442 38.4947
257.6503 38.4913
257.6565 38.4880
257.6627 38.4846
257.6688 38.4813
257.6750 38.4780
257.6812 38.4746
257.6874 38.4713
257.6935 38.4679
257.6997 38.4646
257.7059 38.4612
257.7120 38.4579
257.7182 38.4545
257.7244 38.4512
257.7305 38.4478
257.7367 38.4445
257.7429 38.4411
257.7490 38.4378
257.7552 38.4344
257.7614 38.4311
257.7675 38.4277
257.7737 38.4244
257.7799 38.4210
257.7860 38.4177
257.7922 38.4143
257.7984 38.4110
257.8046 38.4076
257.8107 38.4043
257.8169 38.4009
257.8231 38.3976
257.8292 38.3942
257.8354 38.3909
257.8416 38.3875
257.8477 38.3841
257.8539 38.3808
257.8601 38.3774
257.8663 38.3741
257.8724 38.3707
257.8786 38.3674
257.8848 38.3640
257.8909 38.3606
257.8971 38.3573
257.9033 38.3539
257.9095 38.3506
257.9156 38.3472
257.9218 38.3438
257.9280 38.3405
257.9342 38.3371
257.9403 38.3337
257.9465 38.3304
257.9527 38.3270
257.9588 38.3236
257.9650 38.3203
257.9712 38.3169
257.9774 38.3135
257.9835 38.3102
257.9897 38.3068
257.9959 38.3034
258.0021 38.3001
258.0082 38.2967
258.0144 38.2933
258.0206 38.2900
258.0268 38.2866
258.0329 38.2832
258.0391 38.2799
258.0453 38.2765
258.0515 38.2731
258.0576 38.2697
258.0638 38.2664
258.0700 38.2630
258.0762 38.2596
258.0823 38.2562
258.0885 38.2529
258.0947 38.2495
258.1009 38.2461
258.1070 38.2427
258.1132 38.2394
258.1194 38.2360
258.1256 38.2326
258.1318 38.2292
258.1379 38.2258
258.1441 38.2225
258.1503 38.2191
258.1565 38.2157
258.1626 38.2123
258.1688 38.2089
258.1750 38.2056
258.1812 38.2022
258.1873 38.1988
258.1935 38.1954
258.1997 38.1920
258.2059 38.1887
258.2121 38.1853
258.2182 38.1819
258.2244 38.1785
258.2306 38.1751
258.2368 38.1717
258.2430 38.1683
258.2491 38.1650
258.2553 38.1616
258.2615 38.1582
258.2677 38.1548
258.2739 38.1514
258.2800 38.1480
258.2862 38.1446
258.2924 38.1412
258.2986 38.1378
258.3048 38.1345
258.3109 38.1311
258.3171 38.1277
258.3233 38.1243
258.3295 38.1209
258.3357 38.1175
258.3418 38.1141
258.3480 38.1107
258.3542 38.1073
258.3604 38.1039
258.3666 38.1005
258.3728 38.0971
258.3789 38.0937
258.3851 38.0903
258.3913 38.0869
258.3975 38.0835
258.4037 38.0801
258.4099 38.0767
258.4160 38.0733
258.4222 38.0699
258.4284 38.0665
258.4346 38.0631
258.4408 38.0597
258.4470 38.0563
258.4531 38.0529
258.4593 38.0495
258.4655 38.0461
258.4717 38.0427
258.4779 38.0393
258.4841 38.0359
258.4902 38.0325
258.4964 38.0291
258.5026 38.0257
258.5088 38.0223
258.5150 38.0189
258.5212 38.0155
258.5274 38.0121
258.5335 38.0087
258.5397 38.0053
258.5459 38.0018
258.5521 37.9984
258.5583 37.9950
258.5645 37.9916
258.5707 37.9882
258.5768 37.9848
258.5830 37.9814
258.5892 37.9780
258.5954 37.9746
258.6016 37.9711
258.6078 37.9677
258.6140 37.9643
258.6202 37.9609
258.6263 37.9575
258.6325 37.9541
258.6387 37.9507
258.6449 37.9472
258.6511 37.9438
258.6573 37.9404
258.6635 37.9370
258.6697 37.9336
258.6759 37.9302
258.6820 37.9267
258.6882 37.9233
258.6944 37.9199
258.7006 37.9165
258.7068 37.9131
258.7130 37.9096
258.7192 37.9062
258.7254 37.9028
258.7316 37.8994
258.7377 37.8959
258.7439 37.8925
258.7501 37.8891
258.7563 37.8857
258.7625 37.8823
258.7687 37.8788
258.7749 37.8754
258.7811 37.8720
258.7873 37.8686
258.7935 37.8651
258.7997 37.8617
258.8058 37.8583
258.8120 37.8548
258.8182 37.8514
258.8244 37.8480
258.8306 37.8446
258.8368 37.8411
258.8430 37.8377
258.8492 37.8343
258.8554 37.8308
258.8616 37.8274
258.8678 37.8240
258.8740 37.8205
258.8802 37.8171
258.8863 37.8137
258.8925 37.8102
258.8987 37.8068
258.9049 37.8034
258.9111 37.7999
258.9173 37.7965
258.9235 37.7931
258.9297 37.7896
258.9359 37.7862
258.9421 37.7827
258.9483 37.7793
258.9545 37.7759
258.9607 37.7724
258.9669 37.7690
258.9731 37.7656
258.9793 37.7621
258.9855 37.7587
258.9916 37.7552
258.9978 37.7518
259.0040 37.7483
259.0102 37.7449
259.0164 37.7415
259.0226 37.7380
259.0288 37.7346
259.0350 37.7311
259.0412 37.7277
259.0474 37.7242
259.0536 37.7208
259.0598 37.7173
259.0660 37.7139
259.0722 37.7105
259.0784 37.7070
259.0846 37.7036
259.0908 37.7001
259.0970 37.6967
259.1032 37.6932
259.1094 37.6898
259.1156 37.6863
259.1218 37.6829
259.1280 37.6794
259.1342 37.6760
259.1404 37.6725
259.1466 37.6691
259.1528 37.6656
259.1590 37.6622
259.1652 37.6587
259.1714 37.6552
259.1776 37.6518
259.1838 37.6483
259.1900 37.6449
259.1962 37.6414
259.2024 37.6380
259.2086 37.6345
259.2148 37.6311
259.2210 37.6276
259.2272 37.6241
259.2334 37.6207
259.2396 37.6172
259.2458 37.6138
259.2520 37.6103
259.2582 37.6068
259.2644 37.6034
259.2706 37.5999
259.2768 37.5965
259.2830 37.5930
259.2892 37.5895
259.2954 37.5861
259.3016 37.5826
259.3078 37.5791
259.3140 37.5757
259.3202 37.5722
259.3264 37.5687
259.3326 37.5653
259.3388 37.5618
259.3450 37.5583
259.3512 37.5549
259.3574 37.5514
259.3636 37.5479
259.3698 37.5445
259.3760 37.5410
259.3822 37.5375
259.3884 37.5341
259.3946 37.5306
259.4008 37.5271
259.4071 37.5237
259.4133 37.5202
259.4195 37.5167
259.4257 37.5132
259.4319 37.5098
259.4381 37.5063
259.4443 37.5028
259.4505 37.4993
259.4567 37.4959
259.4629 37.4924
259.4691 37.4889
259.4753 37.4854
259.4815 37.4820
259.4877 37.4785
259.4939 37.4750
259.5001 37.4715
259.5063 37.4681
259.5126 37.4646
259.5188 37.4611
259.5250 37.4576
259.5312 37.4541
259.5374 37.4507
259.5436 37.4472
259.5498 37.4437
259.5560 37.4402
259.5622 37.4367
259.5684 37.4332
259.5746 37.4298
259.5808 37.4263
259.5871 37.4228
259.5933 37.4193
259.5995 37.4158
259.6057 37.4123
259.6119 37.4089
259.6181 37.4054
259.6243 37.4019
259.6305 37.3984
259.6367 37.3949
259.6429 37.3914
259.6492 37.3879
259.6554 37.3844
259.6616 37.3810
259.6678 37.3775
259.6740 37.3740
259.6802 37.3705
259.6864 37.3670
259.6926 37.3635
259.6988 37.3600
259.7051 37.3565
259.7113 37.3530
259.7175 37.3495
259.7237 37.3460
259.7299 37.3425
259.7361 37.3390
259.7423 37.3355
259.7485 37.3321
259.7548 37.3286
259.7610 37.3251
259.7672 37.3216
259.7734 37.3181
259.7796 37.3146
259.7858 37.3111
259.7920 37.3076
259.7982 37.3041
259.8045 37.3006
259.8107 37.2971
259.8169 37.2936
259.8231 37.2901
259.8293 37.2866
259.8355 37.2831
259.8417 37.2796
259.8480 37.2761
259.8542 37.2726
259.8604 37.2691
259.8666 37.2656
259.8728 37.2620
259.8790 37.2585
259.8853 37.2550
259.8915 37.2515
259.8977 37.2480
259.9039 37.2445
259.9101 37.2410
259.9163 37.2375
259.9226 37.2340
259.9288 37.2305
259.9350 37.2270
259.9412 37.2235
259.9474 37.2200
259.9536 37.2165
259.9599 37.2129
259.9661 37.2094
259.9723 37.2059
259.9785 37.2024
259.9847 37.1989
259.9909 37.1954
259.9972 37.1919
260.0034 37.1884
260.0096 37.1848
260.0158 37.1813
260.0220 37.1778
260.0283 37.1743
260.0345 37.1708
260.0407 37.1673
260.0469 37.1637
260.0531 37.1602
260.0594 37.1567
260.0656 37.1532
260.0718 37.1497
260.0780 37.1462
260.0842 37.1426
260.0905 37.1391
260.0967 37.1356
260.1029 37.1321
260.1091 37.1286
260.1153 37.1250
260.1216 37.1215
260.1278 37.1180
260.1340 37.1145
260.1402 37.1109
260.1465 37.1074
260.1527 37.1039
260.1589 37.1004
260.1651 37.0968
260.1713 37.0933
260.1776 37.0898
260.1838 37.0863
260.1900 37.0827
260.1962 37.0792
260.2025 37.0757
260.2087 37.0722
260.2149 37.0686
260.2211 37.0651
260.2273 37.0616
260.2336 37.0580
260.2398 37.0545
260.2460 37.0510
260.2522 37.0475
260.2585 37.0439
260.2647 37.0404
260.2709 37.0369
260.2771 37.0333
260.2834 37.0298
260.2896 37.0263
260.2958 37.0227
260.3020 37.0192
260.3083 37.0157
260.3145 37.0121
260.3207 37.0086
260.3269 37.0050
260.3332 37.0015
260.3394 36.9980
260.3456 36.9944
260.3519 36.9909
260.3581 36.9874
260.3643 36.9838
260.3705 36.9803
260.3768 36.9767
260.3830 36.9732
260.3892 36.9697
260.3954 36.9661
260.4017 36.9626
260.4079 36.9590
260.4141 36.9555
260.4204 36.9520
260.4266 36.9484
260.4328 36.9449
260.4390 36.9413
260.4453 36.9378
260.4515 36.9342
260.4577 36.9307
260.4640 36.9271
260.4702 36.9236
260.4764 36.9200
260.4826 36.9165
260.4889 36.9130
260.4951 36.9094
260.5013 36.9059
260.5076 36.9023
260.5138 36.8988
260.5200 36.8952
260.5262 36.8917
260.5325 36.8881
260.5387 36.8846
260.5449 36.8810
260.5512 36.8775
260.5574 36.8739
260.5636 36.8704
260.5699 36.8668
260.5761 36.8632
260.5823 36.8597
260.5886 36.8561
260.5948 36.8526
260.6010 36.8490
260.6073 36.8455
260.6135 36.8419
260.6197 36.8384
260.6260 36.8348
260.6322 36.8312
260.6384 36.8277
260.6447 36.8241
260.6509 36.8206
260.6571 36.8170
260.6634 36.8135
260.6696 36.8099
260.6758 36.8063
260.6821 36.8028
260.6883 36.7992
260.6945 36.7957
260.7008 36.7921
260.7070 36.7885
260.7132 36.7850
260.7195 36.7814
260.7257 36.7778
260.7319 36.7743
260.7382 36.7707
260.7444 36.7671
260.7506 36.7636
260.7569 36.7600
260.7631 36.7564
260.7694 36.7529
260.7756 36.7493
260.7818 36.7457
260.7881 36.7422
260.7943 36.7386
260.8005 36.7350
260.8068 36.7315
260.8130 36.7279
260.8193 36.7243
260.8255 36.7208
260.8317 36.7172
260.8380 36.7136
260.8442 36.7100
260.8504 36.7065
260.8567 36.7029
260.8629 36.6993
260.8692 36.6957
260.8754 36.6922
260.8816 36.6886
260.8879 36.6850
260.8941 36.6814
260.9004 36.6779
260.9066 36.6743
260.9128 36.6707
260.9191 36.6671
260.9253 36.6636
260.9316 36.6600
260.9378 36.6564
260.9440 36.6528
260.9503 36.6493
260.9565 36.6457
260.9628 36.6421
260.9690 36.6385
260.9752 36.6349
260.9815 36.6313
260.9877 36.6278
260.9940 36.6242
261.0002 36.6206
261.0065 36.6170
261.0127 36.6134
261.0189 36.6098
261.0252 36.6063
261.0314 36.6027
261.0377 36.5991
261.0439 36.5955
261.0502 36.5919
261.0564 36.5883
261.0626 36.5847
261.0689 36.5812
261.0751 36.5776
261.0814 36.5740
261.0876 36.5704
261.0939 36.5668
261.1001 36.5632
261.1064 36.5596
261.1126 36.5560
261.1188 36.5524
261.1251 36.5489
261.1313 36.5453
261.1376 36.5417
261.1438 36.5381
261.1501 36.5345
261.1563 36.5309
261.1626 36.5273
261.1688 36.5237
261.1751 36.5201
261.1813 36.5165
261.1875 36.5129
261.1938 36.5093
261.2000 36.5057
261.2063 36.5021
261.2125 36.4985
261.2188 36.4949
261.2250 36.4913
261.2313 36.4877
261.2375 36.4841
261.2438 36.4805
261.2500 36.4769
261.2563 36.4733
261.2625 36.4697
261.2688 36.4661
261.2750 36.4625
261.2813 36.4589
261.2875 36.4553
261.2938 36.4517
261.3000 36.4481
261.3063 36.4445
261.3125 36.4409
261.3188 36.4373
261.3250 36.4337
261.3313 36.4301
261.3375 36.4265
261.3438 36.4229
261.3500 36.4193
261.3563 36.4157
261.3625 36.4121
261.3688 36.4085
261.3750 36.4049
261.3813 36.4012
261.3875 36.3976
261.3938 36.3940
261.4000 36.3904
261.4063 36.3868
261.4125 36.3832
261.4188 36.3796
261.4250 36.3760
261.4313 36.3724
261.4375 36.3688
261.4438 36.3651
261.4501 36.3615
261.4563 36.3579
261.4626 36.3543
261.4688 36.3507
261.4751 36.3471
261.4813 36.3435
261.4876 36.3398
261.4938 36.3362
261.5001 36.3326
261.5063 36.3290
261.5126 36.3254
261.5189 36.3218
261.5251 36.3181
261.5314 36.3145
261.5376 36.3109
261.5439 36.3073
261.5501 36.3037
261.5564 36.3000
261.5626 36.2964
261.5689 36.2928
261.5752 36.2892
261.5814 36.2856
261.5877 36.2819
261.5939 36.2783
261.6002 36.2747
261.6064 36.2711
261.6127 36.2674
261.6190 36.2638
261.6252 36.2602
261.6315 36.2566
261.6377 36.2529
261.6440 36.2493
261.6502 36.2457
261.6565 36.2421
261.6628 36.2384
261.6690 36.2348
261.6753 36.2312
261.6815 36.2275
261.6878 36.2239
261.6941 36.2203
261.7003 36.2167
261.7066 36.2130
261.7128 36.2094
261.7191 36.2058
261.7253 36.2021
261.7316 36.1985
261.7379 36.1949
261.7441 36.1912
261.7504 36.1876
261.7567 36.1840
261.7629 36.1803
261.7692 36.1767
261.7754 36.1731
261.7817 36.1694
261.7880 36.1658
261.7942 36.1622
261.8005 36.1585
261.8067 36.1549
261.8130 36.1512
261.8193 36.1476
261.8255 36.1440
261.8318 36.1403
261.8381 36.1367
261.8443 36.1331
261.8506 36.1294
261.8568 36.1258
261.8631 36.1221
261.8694 36.1185
261.8756 36.1148
261.8819 36.1112
261.8882 36.1076
261.8944 36.1039
261.9007 36.1003
261.9070 36.0966
261.9132 36.0930
261.9195 36.0893
261.9257 36.0857
261.9320 36.0821
261.9383 36.0784
261.9445 36.0748
261.9508 36.0711
261.9571 36.0675
261.9633 36.0638
261.9696 36.0602
261.9759 36.0565
261.9821 36.0529
261.9884 36.0492
261.9947 36.0456
262.0009 36.0419
262.0072 36.0383
262.0135 36.0346
262.0197 36.0310
262.0260 36.0273
262.0323 36.0237
262.0385 36.0200
262.0448 36.0164
262.0511 36.0127
262.0573 36.0091
262.0636 36.0054
262.0699 36.0018
262.0761 35.9981
262.0824 35.9944
262.0887 35.9908
262.0950 35.9871
262.1012 35.9835
262.1075 35.9798
262.1138 35.9762
262.1200 35.9725
262.1263 35.9688
262.1326 35.9652
262.1388 35.9615
262.1451 35.9579
262.1514 35.9542
262.1577 35.9506
262.1639 35.9469
262.1702 35.9432
262.1765 35.9396
262.1827 35.9359
262.1890 35.9322
262.1953 35.9286
262.2016 35.9249
262.2078 35.9213
262.2141 35.9176
262.2204 35.9139
262.2266 35.9103
262.2329 35.9066
262.2392 35.9029
262.2455 35.8993
262.2517 35.8956
262.2580 35.8919
262.2643 35.8883
262.2706 35.8846
262.2768 35.8809
262.2831 35.8773
262.2894 35.8736
262.2957 35.8699
262.3019 35.8663
262.3082 35.8626
262.3145 35.8589
262.3208 35.8552
262.3270 35.8516
262.3333 35.8479
262.3396 35.8442
262.3459 35.8406
262.3521 35.8369
262.3584 35.8332
262.3647 35.8295
262.3710 35.8259
262.3772 35.8222
262.3835 35.8185
262.3898 35.8148
262.3961 35.8112
262.4024 35.8075
262.4086 35.8038
262.4149 35.8001
262.4212 35.7964
262.4275 35.7928
262.4337 35.7891
262.4400 35.7854
262.4463 35.7817
262.4526 35.7781
262.4589 35.7744
262.4651 35.7707
262.4714 35.7670
262.4777 35.7633
262.4840 35.7597
262.4903 35.7560
262.4965 35.7523
262.5028 35.7486
262.5091 35.7449
262.5154 35.7412
262.5217 35.7376
262.5279 35.7339
262.5342 35.7302
262.5405 35.7265
262.5468 35.7228
262.5531 35.7191
262.5593 35.7154
262.5656 35.7118
262.5719 35.7081
262.5782 35.7044
262.5845 35.7007
262.5907 35.6970
262.5970 35.6933
262.6033 35.6896
262.6096 35.6859
262.6159 35.6822
262.6222 35.6786
262.6284 35.6749
262.6347 35.6712
262.6410 35.6675
262.6473 35.6638
262.6536 35.6601
262.6599 35.6564
262.6662 35.6527
262.6724 35.6490
262.6787 35.6453
262.6850 35.6416
262.6913 35.6379
262.6976 35.6342
262.7039 35.6305
262.7101 35.6268
262.7164 35.6231
262.7227 35.6194
262.7290 35.6157
262.7353 35.6121
262.7416 35.6084
262.7479 35.6047
262.7541 35.6010
262.7604 35.5973
262.7667 35.5936
262.7730 35.5899
262.7793 35.5862
262.7856 35.5825
262.7919 35.5788
262.7982 35.5751
262.8044 35.5713
262.8107 35.5676
262.8170 35.5639
262.8233 35.5602
262.8296 35.5565
262.8359 35.5528
262.8422 35.5491
262.8485 35.5454
262.8548 35.5417
262.8610 35.5380
262.8673 35.5343
262.8736 35.5306
262.8799 35.5269
262.8862 35.5232
262.8925 35.5195
262.8988 35.5158
262.9051 35.5121
262.9114 35.5083
262.9177 35.5046
262.9239 35.5009
262.9302 35.4972
262.9365 35.4935
262.9428 35.4898
262.9491 35.4861
262.9554 35.4824
262.9617 35.4787
262.9680 35.4749
262.9743 35.4712
262.9806 35.4675
262.9869 35.4638
262.9932 35.4601
262.9995 35.4564
263.0057 35.4527
263.0120 35.4489
263.0183 35.4452
263.0246 35.4415
263.0309 35.4378
263.0372 35.4341
263.0435 35.4304
263.0498 35.4266
263.0561 35.4229
263.0624 35.4192
263.0687 35.4155
263.0750 35.4118
263.0813 35.4080
263.0876 35.4043
263.0939 35.4006
263.1002 35.3969
263.1065 35.3932
263.1128 35.3894
263.1191 35.3857
263.1254 35.3820
263.1316 35.3783
263.1379 35.3746
263.1442 35.3708
263.1505 35.3671
263.1568 35.3634
263.1631 35.3597
263.1694 35.3559
263.1757 35.3522
263.1820 35.3485
263.1883 35.3447
263.1946 35.3410
263.2009 35.3373
263.2072 35.3336
263.2135 35.3298
263.2198 35.3261
263.2261 35.3224
263.2324 35.3187
263.2387 35.3149
263.2450 35.3112
263.2513 35.3075
263.2576 35.3037
263.2639 35.3000
263.2702 35.2963
263.2765 35.2925
263.2828 35.2888
263.2891 35.2851
263.2954 35.2813
263.3017 35.2776
263.3080 35.2739
263.3143 35.2701
263.3206 35.2664
263.3269 35.2627
263.3332 35.2589
263.3395 35.2552
263.3458 35.2515
263.3521 35.2477
263.3584 35.2440
263.3647 35.2402
263.3710 35.2365
263.3773 35.2328
263.3836 35.2290
263.3899 35.2253
263.3962 35.2215
263.4025 35.2178
263.4089 35.2141
263.4152 35.2103
263.4215 35.2066
263.4278 35.2028
263.4341 35.1991
263.4404 35.1954
263.4467 35.1916
263.4530 35.1879
263.4593 35.1841
263.4656 35.1804
263.4719 35.1766
263.4782 35.1729
263.4845 35.1692
263.4908 35.1654
263.4971 35.1617
263.5034 35.1579
263.5097 35.1542
263.5160 35.1504
263.5224 35.1467
263.5287 35.1429
263.5350 35.1392
263.5413 35.1354
263.5476 35.1317
263.5539 35.1279
263.5602 35.1242
263.5665 35.1204
263.5728 35.1167
263.5791 35.1129
263.5854 35.1092
263.5917 35.1054
263.5980 35.1017
263.6044 35.0979
263.6107 35.0942
263.6170 35.0904
263.6233 35.0867
263.6296 35.0829
263.6359 35.0791
263.6422 35.0754
263.6485 35.0716
263.6548 35.0679
263.6611 35.0641
263.6675 35.0604
263.6738 35.0566
263.6801 35.0529
263.6864 35.0491
263.6927 35.0453
263.6990 35.0416
263.7053 35.0378
263.7116 35.0341
263.7180 35.0303
263.7243 35.0265
263.7306 35.0228
263.7369 35.0190
263.7432 35.0153
263.7495 35.0115
263.7558 35.0077
263.7621 35.0040
263.7685 35.0002
263.7748 34.9964
263.7811 34.9927
263.7874 34.9889
263.7937 34.9851
263.8000 34.9814
263.8063 34.9776
263.8127 34.9739
263.8190 34.9701
263.8253 34.9663
263.8316 34.9626
263.8379 34.9588
263.8442 34.9550
263.8506 34.9512
263.8569 34.9475
263.8632 34.9437
263.8695 34.9399
263.8758 34.9362
263.8821 34.9324
263.8885 34.9286
263.8948 34.9249
263.9011 34.9211
263.9074 34.9173
263.9137 34.9135
263.9200 34.9098
263.9264 34.9060
263.9327 34.9022
263.9390 34.8985
263.9453 34.8947
263.9516 34.8909
263.9580 34.8871
263.9643 34.8834
263.9706 34.8796
263.9769 34.8758
263.9832 34.8720
263.9896 34.8683
263.9959 34.8645
264.0022 34.8607
264.0085 34.8569
264.0148 34.8531
264.0212 34.8494
264.0275 34.8456
264.0338 34.8418
264.0401 34.8380
264.0464 34.8342
264.0528 34.8305
264.0591 34.8267
264.0654 34.8229
264.0717 34.8191
264.0781 34.8153
264.0844 34.8116
264.0907 34.8078
264.0970 34.8040
264.1033 34.8002
264.1097 34.7964
264.1160 34.7926
264.1223 34.7888
264.1286 34.7851
264.1350 34.7813
264.1413 34.7775
264.1476 34.7737
264.1539 34.7699
264.1603 34.7661
264.1666 34.7623
264.1729 34.7586
264.1792 34.7548
264.1856 34.7510
264.1919 34.7472
264.1982 34.7434
264.2045 34.7396
264.2109 34.7358
264.2172 34.7320
264.2235 34.7282
264.2299 34.7244
264.2362 34.7207
264.2425 34.7169
264.2488 34.7131
264.2552 34.7093
264.2615 34.7055
264.2678 34.7017
264.2741 34.6979
264.2805 34.6941
264.2868 34.6903
264.2931 34.6865
264.2995 34.6827
264.3058 34.6789
264.3121 34.6751
264.3184 34.6713
264.3248 34.6675
264.3311 34.6637
264.3374 34.6599
264.3438 34.6561
264.3501 34.6523
264.3564 34.6485
264.3628 34.6447
264.3691 34.6409
264.3754 34.6371
264.3818 34.6333
264.3881 34.6295
264.3944 34.6257
264.4007 34.6219
264.4071 34.6181
264.4134 34.6143
264.4197 34.6105
264.4261 34.6067
264.4324 34.6029
264.4387 34.5991
264.4451 34.5953
264.4514 34.5915
264.4577 34.5877
264.4641 34.5839
264.4704 34.5801
264.4767 34.5763
264.4831 34.5725
264.4894 34.5687
264.4957 34.5649
264.5021 34.5611
264.5084 34.5572
264.5147 34.5534
264.5211 34.5496
264.5274 34.5458
264.5338 34.5420
264.5401 34.5382
264.5464 34.5344
264.5528 34.5306
264.5591 34.5268
264.5654 34.5230
264.5718 34.5191
264.5781 34.5153
264.5844 34.5115
264.5908 34.5077
264.5971 34.5039
264.6035 34.5001
264.6098 34.4963
264.6161 34.4924
264.6225 34.4886
264.6288 34.4848
264.6351 34.4810
264.6415 34.4772
264.6478 34.4734
264.6542 34.4696
264.6605 34.4657
264.6668 34.4619
264.6732 34.4581
264.6795 34.4543
264.6859 34.4505
264.6922 34.4466
264.6985 34.4428
264.7049 34.4390
264.7112 34.4352
264.7176 34.4314
264.7239 34.4275
264.7302 34.4237
264.7366 34.4199
264.7429 34.4161
264.7493 34.4123
264.7556 34.4084
264.7619 34.4046
264.7683 34.4008
264.7746 34.3970
264.7810 34.3931
264.7873 34.3893
264.7937 34.3855
264.8000 34.3817
264.8063 34.3778
264.8127 34.3740
264.8190 34.3702
264.8254 34.3664
264.8317 34.3625
264.8381 34.3587
264.8444 34.3549
264.8507 34.3510
264.8571 34.3472
264.8634 34.3434
264.8698 34.3396
264.8761 34.3357
264.8825 34.3319
264.8888 34.3281
264.8952 34.3242
264.9015 34.3204
264.9078 34.3166
264.9142 34.3127
264.9205 34.3089
264.9269 34.3051
264.9332 34.3012
264.9396 34.2974
264.9459 34.2936
264.9523 34.2897
264.9586 34.2859
264.9650 34.2821
264.9713 34.2782
264.9777 34.2744
264.9840 34.2706
264.9904 34.2667
264.9967 34.2629
265.0031 34.2590
265.0094 34.2552
265.0158 34.2514
265.0221 34.2475
265.0285 34.2437
265.0348 34.2399
265.0412 34.2360
265.0475 34.2322
265.0539 34.2283
265.0602 34.2245
265.0666 34.2207
265.0729 34.2168
265.0793 34.2130
265.0856 34.2091
265.0920 34.2053
265.0983 34.2014
265.1047 34.1976
265.1110 34.1938
265.1174 34.1899
265.1237 34.1861
265.1301 34.1822
265.1364 34.1784
265.1428 34.1745
265.1491 34.1707
265.1555 34.1668
265.1618 34.1630
265.1682 34.1591
265.1745 34.1553
265.1809 34.1514
265.1873 34.1476
265.1936 34.1437
265.2000 34.1399
265.2063 34.1360
265.2127 34.1322
265.2190 34.1283
265.2254 34.1245
265.2317 34.1206
265.2381 34.1168
265.2445 34.1129
265.2508 34.1091
265.2572 34.1052
265.2635 34.1014
265.2699 34.0975
265.2762 34.0937
265.2826 34.0898
265.2890 34.0860
265.2953 34.0821
265.3017 34.0783
265.3080 34.0744
265.3144 34.0705
265.3207 34.0667
265.3271 34.0628
265.3335 34.0590
265.3398 34.0551
265.3462 34.0513
265.3525 34.0474
265.3589 34.0435
265.3653 34.0397
265.3716 34.0358
265.3780 34.0320
265.3843 34.0281
265.3907 34.0242
265.3971 34.0204
265.4034 34.0165
265.4098 34.0127
265.4161 34.0088
265.4225 34.0049
265.4289 34.0011
265.4352 33.9972
265.4416 33.9934
265.4480 33.9895
265.4543 33.9856
265.4607 33.9818
265.4670 33.9779
265.4734 33.9740
265.4798 33.9702
265.4861 33.9663
265.4925 33.9624
265.4989 33.9586
265.5052 33.9547
265.5116 33.9508
265.5179 33.9470
265.5243 33.9431
265.5307 33.9392
265.5370 33.9354
265.5434 33.9315
265.5498 33.9276
265.5561 33.9237
265.5625 33.9199
265.5689 33.9160
265.5752 33.9121
265.5816 33.9083
265.5880 33.9044
265.5943 33.9005
265.6007 33.8966
265.6071 33.8928
265.6134 33.8889
265.6198 33.8850
265.6262 33.8812
265.6325 33.8773
265.6389 33.8734
265.6453 33.8695
265.6516 33.8657
265.6580 33.8618
265.6644 33.8579
265.6707 33.8540
265.6771 33.8502
265.6835 33.8463
265.6899 33.8424
265.6962 33.8385
265.7026 33.8346
265.7090 33.8308
265.7153 33.8269
265.7217 33.8230
265.7281 33.8191
265.7344 33.8152
265.7408 33.8114
265.7472 33.8075
265.7536 33.8036
265.7599 33.7997
265.7663 33.7958
265.7727 33.7920
265.7790 33.7881
265.7854 33.7842
265.7918 33.7803
265.7982 33.7764
265.8045 33.7725
265.8109 33.7687
265.8173 33.7648
265.8237 33.7609
265.8300 33.7570
265.8364 33.7531
265.8428 33.7492
265.8492 33.7453
265.8555 33.7415
265.8619 33.7376
265.8683 33.7337
265.8747 33.7298
265.8810 33.7259
265.8874 33.7220
265.8938 33.7181
265.9002 33.7142
265.9065 33.7103
265.9129 33.7065
265.9193 33.7026
265.9257 33.6987
265.9320 33.6948
265.9384 33.6909
265.9448 33.6870
265.9512 33.6831
265.9575 33.6792
265.9639 33.6753
265.9703 33.6714
265.9767 33.6675
265.9831 33.6636
265.9894 33.6597
265.9958 33.6558
266.0022 33.6520
266.0086 33.6481
266.0149 33.6442
266.0213 33.6403
266.0277 33.6364
266.0341 33.6325
266.0405 33.6286
266.0468 33.6247
266.0532 33.6208
266.0596 33.6169
266.0660 33.6130
266.0724 33.6091
266.0787 33.6052
266.0851 33.6013
266.0915 33.5974
266.0979 33.5935
266.1043 33.5896
266.1107 33.5857
266.1170 33.5818
266.1234 33.5779
266.1298 33.5740
266.1362 33.5701
266.1426 33.5662
266.1490 33.5623
266.1553 33.5584
266.1617 33.5545
266.1681 33.5506
266.1745 33.5466
266.1809 33.5427
266.1873 33.5388
266.1936 33.5349
266.2000 33.5310
266.2064 33.5271
266.2128 33.5232
266.2192 33.5193
266.2256 33.5154
266.2320 33.5115
266.2383 33.5076
266.2447 33.5037
266.2511 33.4998
266.2575 33.4959
266.2639 33.4919
266.2703 33.4880
266.2767 33.4841
266.2830 33.4802
266.2894 33.4763
266.2958 33.4724
266.3022 33.4685
266.3086 33.4646
266.3150 33.4607
266.3214 33.4567
266.3278 33.4528
266.3341 33.4489
266.3405 33.4450
266.3469 33.4411
266.3533 33.4372
266.3597 33.4333
266.3661 33.4293
266.3725 33.4254
266.3789 33.4215
266.3853 33.4176
266.3917 33.4137
266.3980 33.4098
266.4044 33.4058
266.4108 33.4019
266.4172 33.3980
266.4236 33.3941
266.4300 33.3902
266.4364 33.3862
266.4428 33.3823
266.4492 33.3784
266.4556 33.3745
266.4620 33.3706
266.4684 33.3666
266.4748 33.3627
266.4811 33.3588
266.4875 33.3549
266.4939 33.3510
266.5003 33.3470
266.5067 33.3431
266.5131 33.3392
266.5195 33.3353
266.5259 33.3313
266.5323 33.3274
266.5387 33.3235
266.5451 33.3196
266.5515 33.3156
266.5579 33.3117
266.5643 33.3078
266.5707 33.3039
266.5771 33.2999
266.5835 33.2960
266.5899 33.2921
266.5963 33.2881
266.6027 33.2842
266.6091 33.2803
266.6155 33.2764
266.6219 33.2724
266.6283 33.2685
266.6346 33.2646
266.6410 33.2606
266.6474 33.2567
266.6538 33.2528
266.6602 33.2488
266.6666 33.2449
266.6730 33.2410
266.6794 33.2370
266.6858 33.2331
266.6922 33.2292
266.6986 33.2252
266.7050 33.2213
266.7114 33.2174
266.7178 33.2134
266.7242 33.2095
266.7306 33.2056
266.7371 33.2016
266.7435 33.1977
266.7499 33.1938
266.7563 33.1898
266.7627 33.1859
266.7691 33.1819
266.7755 33.1780
266.7819 33.1741
266.7883 33.1701
266.7947 33.1662
266.8011 33.1623
266.8075 33.1583
266.8139 33.1544
266.8203 33.1504
266.8267 33.1465
266.8331 33.1425
266.8395 33.1386
266.8459 33.1347
266.8523 33.1307
266.8587 33.1268
266.8651 33.1228
266.8715 33.1189
266.8779 33.1150
266.8843 33.1110
266.8908 33.1071
266.8972 33.1031
266.9036 33.0992
266.9100 33.0952
266.9164 33.0913
266.9228 33.0873
266.9292 33.0834
266.9356 33.0794
266.9420 33.0755
266.9484 33.0715
266.9548 33.0676
266.9612 33.0637
266.9676 33.0597
266.9741 33.0558
266.9805 33.0518
266.9869 33.0479
266.9933 33.0439
266.9997 33.0400
267.0061 33.0360
267.0125 33.0321
267.0189 33.0281
267.0253 33.0241
267.0318 33.0202
267.0382 33.0162
267.0446 33.0123
267.0510 33.0083
267.0574 33.0044
267.0638 33.0004
267.0702 32.9965
267.0766 32.9925
267.0830 32.9886
267.0895 32.9846
267.0959 32.9807
267.1023 32.9767
267.1087 32.9727
267.1151 32.9688
267.1215 32.9648
267.1279 32.9609
267.1344 32.9569
267.1408 32.9530
267.1472 32.9490
267.1536 32.9450
267.1600 32.9411
267.1664 32.9371
267.1728 32.9332
267.1793 32.9292
267.1857 32.9252
267.1921 32.9213
267.1985 32.9173
267.2049 32.9134
267.2113 32.9094
267.2178 32.9054
267.2242 32.9015
267.2306 32.8975
267.2370 32.8936
267.2434 32.8896
267.2499 32.8856
267.2563 32.8817
267.2627 32.8777
267.2691 32.8737
267.2755 32.8698
267.2819 32.8658
267.2884 32.8618
267.2948 32.8579
267.3012 32.8539
267.3076 32.8499
267.3140 32.8460
267.3205 32.8420
267.3269 32.8380
267.3333 32.8341
267.3397 32.8301
267.3461 32.8261
267.3526 32.8222
267.3590 32.8182
267.3654 32.8142
267.3718 32.8102
267.3783 32.8063
267.3847 32.8023
267.3911 32.7983
267.3975 32.7944
267.4039 32.7904
267.4104 32.7864
267.4168 32.7824
267.4232 32.7785
267.4296 32.7745
267.4361 32.7705
267.4425 32.7666
267.4489 32.7626
267.4553 32.7586
267.4618 32.7546
267.4682 32.7507
267.4746 32.7467
267.4810 32.7427
267.4875 32.7387
267.4939 32.7348
267.5003 32.7308
267.5067 32.7268
267.5132 32.7228
267.5196 32.7188
267.5260 32.7149
267.5324 32.7109
267.5389 32.7069
267.5453 32.7029
267.5517 32.6990
267.5582 32.6950
267.5646 32.6910
267.5710 32.6870
267.5774 32.6830
267.5839 32.6790
267.5903 32.6751
267.5967 32.6711
267.6032 32.6671
267.6096 32.6631
267.6160 32.6591
267.6224 32.6552
267.6289 32.6512
267.6353 32.6472
267.6417 32.6432
267.6482 32.6392
267.6546 32.6352
267.6610 32.6312
267.6675 32.6273
267.6739 32.6233
267.6803 32.6193
267.6868 32.6153
267.6932 32.6113
267.6996 32.6073
267.7061 32.6033
267.7125 32.5994
267.7189 32.5954
267.7254 32.5914
267.7318 32.5874
267.7382 32.5834
267.7447 32.5794
267.7511 32.5754
267.7575 32.5714
267.7640 32.5674
267.7704 32.5635
267.7768 32.5595
267.7833 32.5555
267.7897 32.5515
267.7961 32.5475
267.8026 32.5435
267.8090 32.5395
267.8154 32.5355
267.8219 32.5315
267.8283 32.5275
267.8348 32.5235
267.8412 32.5195
267.8476 32.5155
267.8541 32.5115
267.8605 32.5075
267.8669 32.5035
267.8734 32.4996
267.8798 32.4956
267.8863 32.4916
267.8927 32.4876
267.8991 32.4836
267.9056 32.4796
267.9120 32.4756
267.9185 32.4716
267.9249 32.4676
267.9313 32.4636
267.9378 32.4596
267.9442 32.4556
267.9507 32.4516
267.9571 32.4476
267.9635 32.4436
267.9700 32.4396
267.9764 32.4356
267.9829 32.4316
267.9893 32.4276
267.9957 32.4236
268.0022 32.4196
268.0086 32.4156
268.0151 32.4116
268.0215 32.4075
268.0280 32.4035
268.0344 32.3995
268.0409 32.3955
268.0473 32.3915
268.0537 32.3875
268.0602 32.3835
268.0666 32.3795
268.0731 32.3755
268.0795 32.3715
268.0860 32.3675
268.0924 32.3635
268.0989 32.3595
268.1053 32.3555
268.1117 32.3515
268.1182 32.3475
268.1246 32.3434
268.1311 32.3394
268.1375 32.3354
268.1440 32.3314
268.1504 32.3274
268.1569 32.3234
268.1633 32.3194
268.1698 32.3154
268.1762 32.3114
268.1827 32.3073
268.1891 32.3033
268.1956 32.2993
268.2020 32.2953
268.2085 32.2913
268.2149 32.2873
268.2214 32.2833
268.2278 32.2793
268.2343 32.2752
268.2407 32.2712
268.2472 32.2672
268.2536 32.2632
268.2601 32.2592
268.2665 32.2552
268.2730 32.2511
268.2794 32.2471
268.2859 32.2431
268.2923 32.2391
268.2988 32.2351
268.3052 32.2311
268.3117 32.2270
268.3181 32.2230
268.3246 32.2190
268.3311 32.2150
268.3375 32.2110
268.3440 32.2069
268.3504 32.2029
268.3569 32.1989
268.3633 32.1949
268.3698 32.1908
268.3762 32.1868
268.3827 32.1828
268.3892 32.1788
268.3956 32.1748
268.4021 32.1707
268.4085 32.1667
268.4150 32.1627
268.4214 32.1587
268.4279 32.1546
268.4343 32.1506
268.4408 32.1466
268.4473 32.1426
268.4537 32.1385
268.4602 32.1345
268.4666 32.1305
268.4731 32.1265
268.4796 32.1224
268.4860 32.1184
268.4925 32.1144
268.4989 32.1103
268.5054 32.1063
268.5119 32.1023
268.5183 32.0983
268.5248 32.0942
268.5312 32.0902
268.5377 32.0862
268.5442 32.0821
268.5506 32.0781
268.5571 32.0741
268.5635 32.0701
268.5700 32.0660
268.5765 32.0620
268.5829 32.0580
268.5894 32.0539
268.5959 32.0499
268.6023 32.0459
268.6088 32.0418
268.6152 32.0378
268.6217 32.0338
268.6282 32.0297
268.6346 32.0257
268.6411 32.0217
268.6476 32.0176
268.6540 32.0136
268.6605 32.0095
268.6670 32.0055
268.6734 32.0015
268.6799 31.9974
268.6864 31.9934
268.6928 31.9894
268.6993 31.9853
268.7058 31.9813
268.7122 31.9772
268.7187 31.9732
268.7252 31.9692
268.7316 31.9651
268.7381 31.9611
268.7446 31.9570
268.7510 31.9530
268.7575 31.9490
268.7640 31.9449
268.7704 31.9409
268.7769 31.9368
268.7834 31.9328
268.7898 31.9288
268.7963 31.9247
268.8028 31.9207
268.8093 31.9166
268.8157 31.9126
268.8222 31.9085
268.8287 31.9045
268.8351 31.9004
268.8416 31.8964
268.8481 31.8924
268.8546 31.8883
268.8610 31.8843
268.8675 31.8802
268.8740 31.8762
268.8804 31.8721
268.8869 31.8681
268.8934 31.8640
268.8999 31.8600
268.9063 31.8559
268.9128 31.8519
268.9193 31.8478
268.9258 31.8438
268.9322 31.8397
268.9387 31.8357
268.9452 31.8316
268.9517 31.8276
268.9581 31.8235
268.9646 31.8195
268.9711 31.8154
268.9776 31.8114
268.9840 31.8073
268.9905 31.8033
268.9970 31.7992
269.0035 31.7952
269.0099 31.7911
269.0164 31.7871
269.0229 31.7830
269.0294 31.7790
269.0358 31.7749
269.0423 31.7709
269.0488 31.7668
269.0553 31.7627
269.0618 31.7587
269.0682 31.7546
269.0747 31.7506
269.0812 31.7465
269.0877 31.7425
269.0942 31.7384
269.1006 31.7343
269.1071 31.7303
269.1136 31.7262
269.1201 31.7222
269.1266 31.7181
269.1330 31.7141
269.1395 31.7100
269.1460 31.7059
269.1525 31.7019
269.1590 31.6978
269.1655 31.6938
269.1719 31.6897
269.1784 31.6856
269.1849 31.6816
269.1914 31.6775
269.1979 31.6735
269.2043 31.6694
269.2108 31.6653
269.2173 31.6613
269.2238 31.6572
269.2303 31.6531
269.2368 31.6491
269.2433 31.6450
269.2497 31.6409
269.2562 31.6369
269.2627 31.6328
269.2692 31.6287
269.2757 31.6247
269.2822 31.6206
269.2887 31.6166
269.2951 31.6125
269.3016 31.6084
269.3081 31.6043
269.3146 31.6003
269.3211 31.5962
269.3276 31.5921
269.3341 31.5881
269.3406 31.5840
269.3470 31.5799
269.3535 31.5759
269.3600 31.5718
269.3665 31.5677
269.3730 31.5637
269.3795 31.5596
269.3860 31.5555
269.3925 31.5514
269.3990 31.5474
269.4055 31.5433
269.4119 31.5392
269.4184 31.5352
269.4249 31.5311
269.4314 31.5270
269.4379 31.5229
269.4444 31.5189
269.4509 31.5148
269.4574 31.5107
269.4639 31.5066
269.4704 31.5026
269.4769 31.4985
269.4834 31.4944
269.4899 31.4903
269.4964 31.4863
269.5028 31.4822
269.5093 31.4781
269.5158 31.4740
269.5223 31.4699
269.5288 31.4659
269.5353 31.4618
269.5418 31.4577
269.5483 31.4536
269.5548 31.4496
269.5613 31.4455
269.5678 31.4414
269.5743 31.4373
269.5808 31.4332
269.5873 31.4292
269.5938 31.4251
269.6003 31.4210
269.6068 31.4169
269.6133 31.4128
269.6198 31.4087
269.6263 31.4047
269.6328 31.4006
269.6393 31.3965
269.6458 31.3924
269.6523 31.3883
269.6588 31.3842
269.6653 31.3802
269.6718 31.3761
269.6783 31.3720
269.6848 31.3679
269.6913 31.3638
269.6978 31.3597
269.7043 31.3557
269.7108 31.3516
269.7173 31.3475
269.7238 31.3434
269.7303 31.3393
269.7368 31.3352
269.7433 31.3311
269.7498 31.3270
269.7563 31.3229
269.7628 31.3189
269.7693 31.3148
269.7758 31.3107
269.7823 31.3066
269.7888 31.3025
269.7953 31.2984
269.8018 31.2943
269.8084 31.2902
269.8149 31.2861
269.8214 31.2820
269.8279 31.2780
269.8344 31.2739
269.8409 31.2698
269.8474 31.2657
269.8539 31.2616
269.8604 31.2575
269.8669 31.2534
269.8734 31.2493
269.8799 31.2452
269.8864 31.2411
269.8929 31.2370
269.8995 31.2329
269.9060 31.2288
269.9125 31.2247
269.9190 31.2206
269.9255 31.2165
269.9320 31.2124
269.9385 31.2083
269.9450 31.2042
269.9515 31.2001
269.9580 31.1960
269.9646 31.1920
269.9711 31.1879
269.9776 31.1838
269.9841 31.1797
269.9906 31.1756
269.9971 31.1715
270.0036 31.1674
270.0101 31.1633
270.0167 31.1592
270.0232 31.1551
270.0297 31.1510
270.0362 31.1469
270.0427 31.1427
270.0492 31.1386
270.0557 31.1345
270.0623 31.1304
270.0688 31.1263
270.0753 31.1222
270.0818 31.1181
270.0883 31.1140
270.0948 31.1099
270.1013 31.1058
270.1079 31.1017
270.1144 31.0976
270.1209 31.0935
270.1274 31.0894
270.1339 31.0853
270.1404 31.0812
270.1470 31.0771
270.1535 31.0730
270.1600 31.0689
270.1665 31.0648
270.1730 31.0606
270.1796 31.0565
270.1861 31.0524
270.1926 31.0483
270.1991 31.0442
270.2056 31.0401
270.2122 31.0360
270.2187 31.0319
270.2252 31.0278
270.2317 31.0237
270.2382 31.0196
270.2448 31.0154
270.2513 31.0113
270.2578 31.0072
270.2643 31.0031
270.2708 30.9990
270.2774 30.9949
270.2839 30.9908
270.2904 30.9867
270.2969 30.9825
270.3035 30.9784
270.3100 30.9743
270.3165 30.9702
270.3230 30.9661
270.3296 30.9620
270.3361 30.9579
270.3426 30.9537
270.3491 30.9496
270.3557 30.9455
270.3622 30.9414
270.3687 30.9373
270.3752 30.9332
270.3818 30.9290
270.3883 30.9249
270.3948 30.9208
270.4013 30.9167
270.4079 30.9126
270.4144 30.9085
270.4209 30.9043
270.4275 30.9002
270.4340 30.8961
270.4405 30.8920
270.4470 30.8879
270.4536 30.8837
270.4601 30.8796
270.4666 30.8755
270.4732 30.8714
270.4797 30.8673
270.4862 30.8631
270.4927 30.8590
270.4993 30.8549
270.5058 30.8508
270.5123 30.8466
270.5189 30.8425
270.5254 30.8384
270.5319 30.8343
270.5385 30.8301
270.5450 30.8260
270.5515 30.8219
270.5581 30.8178
270.5646 30.8136
270.5711 30.8095
270.5777 30.8054
270.5842 30.8013
270.5907 30.7971
270.5973 30.7930
270.6038 30.7889
270.6103 30.7848
270.6169 30.7806
270.6234 30.7765
270.6299 30.7724
270.6365 30.7682
270.6430 30.7641
270.6495 30.7600
270.6561 30.7559
270.6626 30.7517
270.6692 30.7476
270.6757 30.7435
270.6822 30.7393
270.6888 30.7352
270.6953 30.7311
270.7018 30.7270
270.7084 30.7228
270.7149 30.7187
270.7215 30.7146
270.7280 30.7104
270.7345 30.7063
270.7411 30.7022
270.7476 30.6980
270.7542 30.6939
270.7607 30.6898
270.7672 30.6856
270.7738 30.6815
270.7803 30.6774
270.7869 30.6732
270.7934 30.6691
270.7999 30.6649
270.8065 30.6608
270.8130 30.6567
270.8196 30.6525
270.8261 30.6484
270.8327 30.6443
270.8392 30.6401
270.8457 30.6360
270.8523 30.6319
270.8588 30.6277
270.8654 30.6236
270.8719 30.6194
270.8785 30.6153
270.8850 30.6112
270.8916 30.6070
270.8981 30.6029
270.9046 30.5987
270.9112 30.5946
270.9177 30.5905
270.9243 30.5863
270.9308 30.5822
270.9374 30.5780
270.9439 30.5739
270.9505 30.5697
270.9570 30.5656
270.9636 30.5615
270.9701 30.5573
270.9767 30.5532
270.9832 30.5490
270.9898 30.5449
270.9963 30.5407
271.0029 30.5366
271.0094 30.5325
271.0160 30.5283
271.0225 30.5242
271.0291 30.5200
271.0356 30.5159
271.0422 30.5117
271.0487 30.5076
271.0553 30.5034
271.0618 30.4993
271.0684 30.4951
271.0749 30.4910
271.0815 30.4868
271.0880 30.4827
271.0946 30.4785
271.1011 30.4744
271.1077 30.4703
271.1142 30.4661
271.1208 30.4620
271.1274 30.4578
271.1339 30.4537
271.1405 30.4495
271.1470 30.4454
271.1536 30.4412
271.1601 30.4370
271.1667 30.4329
271.1732 30.4287
271.1798 30.4246
271.1864 30.4204
271.1929 30.4163
271.1995 30.4121
271.2060 30.4080
271.2126 30.4038
271.2191 30.3997
271.2257 30.3955
271.2323 30.3914
271.2388 30.3872
271.2454 30.3831
271.2519 30.3789
271.2585 30.3747
271.2651 30.3706
271.2716 30.3664
271.2782 30.3623
271.2847 30.3581
271.2913 30.3540
271.2979 30.3498
271.3044 30.3456
271.3110 30.3415
271.3175 30.3373
271.3241 30.3332
271.3307 30.3290
271.3372 30.3249
271.3438 30.3207
271.3504 30.3165
271.3569 30.3124
271.3635 30.3082
271.3700 30.3041
271.3766 30.2999
271.3832 30.2957
271.3897 30.2916
271.3963 30.2874
271.4029 30.2833
271.4094 30.2791
271.4160 30.2749
271.4226 30.2708
271.4291 30.2666
271.4357 30.2624
271.4423 30.2583
271.4488 30.2541
271.4554 30.2500
271.4620 30.2458
271.4685 30.2416
271.4751 30.2375
271.4817 30.2333
271.4882 30.2291
271.4948 30.2250
271.5014 30.2208
271.5079 30.2166
271.5145 30.2125
271.5211 30.2083
271.5276 30.2041
271.5342 30.2000
271.5408 30.1958
271.5474 30.1916
271.5539 30.1875
271.5605 30.1833
271.5671 30.1791
271.5736 30.1750
271.5802 30.1708
271.5868 30.1666
271.5934 30.1624
271.5999 30.1583
271.6065 30.1541
271.6131 30.1499
271.6197 30.1458
271.6262 30.1416
271.6328 30.1374
271.6394 30.1333
271.6459 30.1291
271.6525 30.1249
271.6591 30.1207
271.6657 30.1166
271.6722 30.1124
271.6788 30.1082
271.6854 30.1040
271.6920 30.0999
271.6986 30.0957
271.7051 30.0915
271.7117 30.0874
271.7183 30.0832
271.7249 30.0790
271.7314 30.0748
271.7380 30.0706
271.7446 30.0665
271.7512 30.0623
271.7578 30.0581
271.7643 30.0539
271.7709 30.0498
271.7775 30.0456
271.7841 30.0414
271.7906 30.0372
271.7972 30.0331
271.8038 30.0289
271.8104 30.0247
271.8170 30.0205
271.8236 30.0163
271.8301 30.0122
271.8367 30.0080
271.8433 30.0038
271.8499 29.9996
271.8565 29.9954
271.8630 29.9913
271.8696 29.9871
271.8762 29.9829
271.8828 29.9787
271.8894 29.9745
271.8960 29.9704
271.9025 29.9662
271.9091 29.9620
271.9157 29.9578
271.9223 29.9536
271.9289 29.9494
271.9355 29.9453
271.9421 29.9411
271.9486 29.9369
271.9552 29.9327
271.9618 29.9285
271.9684 29.9243
271.9750 29.9202
271.9816 29.9160
271.9882 29.9118
271.9948 29.9076
272.0013 29.9034
272.0079 29.8992
272.0145 29.8950
272.0211 29.8909
272.0277 29.8867
272.0343 29.8825
272.0409 29.8783
272.0475 29.8741
272.0541 29.8699
272.0606 29.8657
272.0672 29.8615
272.0738 29.8573
272.0804 29.8532
272.0870 29.8490
272.0936 29.8448
272.1002 29.8406
272.1068 29.8364
272.1134 29.8322
272.1200 29.8280
272.1266 29.8238
272.1332 29.8196
272.1398 29.8154
272.1463 29.8113
272.1529 29.8071
272.1595 29.8029
272.1661 29.7987
272.1727 29.7945
272.1793 29.7903
272.1859 29.7861
272.1925 29.7819
272.1991 29.7777
272.2057 29.7735
272.2123 29.7693
272.2189 29.7651
272.2255 29.7609
272.2321 29.7567
272.2387 29.7525
272.2453 29.7483
272.2519 29.7441
272.2585 29.7400
272.2651 29.7358
272.2717 29.7316
272.2783 29.7274
272.2849 29.7232
272.2915 29.7190
272.2981 29.7148
272.3047 29.7106
272.3113 29.7064
272.3179 29.7022
272.3245 29.6980
272.3311 29.6938
272.3377 29.6896
272.3443 29.6854
272.3509 29.6812
272.3575 29.6770
272.3641 29.6728
272.3707 29.6686
272.3773 29.6644
272.3839 29.6602
272.3905 29.6560
272.3971 29.6518
272.4037 29.6476
272.4103 29.6434
272.4169 29.6392
272.4235 29.6350
272.4301 29.6308
272.4367 29.6266
272.4433 29.6223
272.4499 29.6181
272.4566 29.6139
272.4632 29.6097
272.4698 29.6055
272.4764 29.6013
272.4830 29.5971
272.4896 29.5929
272.4962 29.5887
272.5028 29.5845
272.5094 29.5803
272.5160 29.5761
272.5226 29.5719
272.5292 29.5677
272.5358 29.5635
272.5425 29.5593
272.5491 29.5551
272.5557 29.5508
272.5623 29.5466
272.5689 29.5424
272.5755 29.5382
272.5821 29.5340
272.5887 29.5298
272.5953 29.5256
272.6020 29.5214
272.6086 29.5172
272.6152 29.5130
272.6218 29.5087
272.6284 29.5045
272.6350 29.5003
272.6416 29.4961
272.6483 29.4919
272.6549 29.4877
272.6615 29.4835
272.6681 29.4793
272.6747 29.4751
272.6813 29.4708
272.6879 29.4666
272.6946 29.4624
272.7012 29.4582
272.7078 29.4540
272.7144 29.4498
272.7210 29.4456
272.7276 29.4413
272.7343 29.4371
272.7409 29.4329
272.7475 29.4287
272.7541 29.4245
272.7607 29.4203
272.7674 29.4160
272.7740 29.4118
272.7806 29.4076
272.7872 29.4034
272.7938 29.3992
272.8005 29.3950
272.8071 29.3907
272.8137 29.3865
272.8203 29.3823
272.8269 29.3781
272.8336 29.3739
272.8402 29.3697
272.8468 29.3654
272.8534 29.3612
272.8601 29.3570
272.8667 29.3528
272.8733 29.3486
272.8799 29.3443
272.8865 29.3401
272.8932 29.3359
272.8998 29.3317
272.9064 29.3274
272.9130 29.3232
272.9197 29.3190
272.9263 29.3148
272.9329 29.3106
272.9395 29.3063
272.9462 29.3021
272.9528 29.2979
272.9594 29.2937
272.9661 29.2894
272.9727 29.2852
272.9793 29.2810
272.9859 29.2768
272.9926 29.2725
272.9992 29.2683
273.0058 29.2641
273.0125 29.2599
273.0191 29.2556
273.0257 29.2514
273.0323 29.2472
273.0390 29.2430
273.0456 29.2387
273.0522 29.2345
273.0589 29.2303
273.0655 29.2261
273.0721 29.2218
273.0788 29.2176
273.0854 29.2134
273.0920 29.2091
273.0987 29.2049
273.1053 29.2007
273.1119 29.1965
273.1186 29.1922
273.1252 29.1880
273.1318 29.1838
273.1385 29.1795
273.1451 29.1753
273.1517 29.1711
273.1584 29.1668
273.1650 29.1626
273.1716 29.1584
273.1783 29.1541
273.1849 29.1499
273.1915 29.1457
273.1982 29.1415
273.2048 29.1372
273.2115 29.1330
273.2181 29.1288
273.2247 29.1245
273.2314 29.1203
273.2380 29.1161
273.2446 29.1118
273.2513 29.1076
273.2579 29.1033
273.2646 29.0991
273.2712 29.0949
273.2778 29.0906
273.2845 29.0864
273.2911 29.0822
273.2978 29.0779
273.3044 29.0737
273.3110 29.0695
273.3177 29.0652
273.3243 29.0610
273.3310 29.0568
273.3376 29.0525
273.3443 29.0483
273.3509 29.0440
273.3575 29.0398
273.3642 29.0356
273.3708 29.0313
273.3775 29.0271
273.3841 29.0228
273.3908 29.0186
273.3974 29.0144
273.4041 29.0101
273.4107 29.0059
273.4173 29.0016
273.4240 28.9974
273.4306 28.9932
273.4373 28.9889
273.4439 28.9847
273.4506 28.9804
273.4572 28.9762
273.4639 28.9720
273.4705 28.9677
273.4772 28.9635
273.4838 28.9592
273.4905 28.9550
273.4971 28.9507
273.5038 28.9465
273.5104 28.9423
273.5171 28.9380
273.5237 28.9338
273.5304 28.9295
273.5370 28.9253
273.5437 28.9210
273.5503 28.9168
273.5570 28.9125
273.5636 28.9083
273.5703 28.9040
273.5769 28.8998
273.5836 28.8956
273.5902 28.8913
273.5969 28.8871
273.6035 28.8828
273.6102 28.8786
273.6168 28.8743
273.6235 28.8701
273.6302 28.8658
273.6368 28.8616
273.6435 28.8573
273.6501 28.8531
273.6568 28.8488
273.6634 28.8446
273.6701 28.8403
273.6767 28.8361
273.6834 28.8318
273.6901 28.8276
273.6967 28.8233
273.7034 28.8191
273.7100 28.8148
273.7167 28.8106
273.7233 28.8063
273.7300 28.8021
273.7367 28.7978
273.7433 28.7936
273.7500 28.7893
273.7566 28.7851
273.7633 28.7808
273.7700 28.7766
273.7766 28.7723
273.7833 28.7681
273.7899 28.7638
273.7966 28.7595
273.8033 28.7553
273.8099 28.7510
273.8166 28.7468
273.8233 28.7425
273.8299 28.7383
273.8366 28.7340
273.8432 28.7298
273.8499 28.7255
273.8566 28.7212
273.8632 28.7170
273.8699 28.7127
273.8766 28.7085
273.8832 28.7042
273.8899 28.7000
273.8966 28.6957
273.9032 28.6914
273.9099 28.6872
273.9166 28.6829
273.9232 28.6787
273.9299 28.6744
273.9366 28.6702
273.9432 28.6659
273.9499 28.6616
273.9566 28.6574
273.9632 28.6531
273.9699 28.6489
273.9766 28.6446
273.9832 28.6403
273.9899 28.6361
273.9966 28.6318
274.0033 28.6276
274.0099 28.6233
274.0166 28.6190
274.0233 28.6148
274.0299 28.6105
274.0366 28.6062
274.0433 28.6020
274.0500 28.5977
274.0566 28.5935
274.0633 28.5892
274.0700 28.5849
274.0767 28.5807
274.0833 28.5764
274.0900 28.5721
274.0967 28.5679
274.1034 28.5636
274.1100 28.5593
274.1167 28.5551
274.1234 28.5508
274.1301 28.5465
274.1367 28.5423
274.1434 28.5380
274.1501 28.5337
274.1568 28.5295
274.1634 28.5252
274.1701 28.5209
274.1768 28.5167
274.1835 28.5124
274.1902 28.5081
274.1968 28.5039
274.2035 28.4996
274.2102 28.4953
274.2169 28.4911
274.2235 28.4868
274.2302 28.4825
274.2369 28.4783
274.2436 28.4740
274.2503 28.4697
274.2570 28.4655
274.2636 28.4612
274.2703 28.4569
274.2770 28.4526
274.2837 28.4484
274.2904 28.4441
274.2970 28.4398
274.3037 28.4356
274.3104 28.4313
274.3171 28.4270
274.3238 28.4227
274.3305 28.4185
274.3372 28.4142
274.3438 28.4099
274.3505 28.4056
274.3572 28.4014
274.3639 28.3971
274.3706 28.3928
274.3773 28.3885
274.3840 28.3843
274.3906 28.3800
274.3973 28.3757
274.4040 28.3715
274.4107 28.3672
274.4174 28.3629
274.4241 28.3586
274.4308 28.3543
274.4375 28.3501
274.4442 28.3458
274.4508 28.3415
274.4575 28.3372
274.4642 28.3330
274.4709 28.3287
274.4776 28.3244
274.4843 28.3201
274.4910 28.3159
274.4977 28.3116
274.5044 28.3073
274.5111 28.3030
274.5178 28.2987
274.5245 28.2945
274.5311 28.2902
274.5378 28.2859
274.5445 28.2816
274.5512 28.2773
274.5579 28.2731
274.5646 28.2688
274.5713 28.2645
274.5780 28.2602
274.5847 28.2559
274.5914 28.2517
274.5981 28.2474
274.6048 28.2431
274.6115 28.2388
274.6182 28.2345
274.6249 28.2302
274.6316 28.2260
274.6383 28.2217
274.6450 28.2174
274.6517 28.2131
274.6584 28.2088
274.6651 28.2045
274.6718 28.2003
274.6785 28.1960
274.6852 28.1917
274.6919 28.1874
274.6986 28.1831
274.7053 28.1788
274.7120 28.1746
274.7187 28.1703
274.7254 28.1660
274.7321 28.1617
274.7388 28.1574
274.7455 28.1531
274.7522 28.1488
274.7589 28.1446
274.7656 28.1403
274.7723 28.1360
274.7790 28.1317
274.7857 28.1274
274.7924 28.1231
274.7991 28.1188
274.8058 28.1145
274.8125 28.1102
274.8192 28.1060
274.8260 28.1017
274.8327 28.0974
274.8394 28.0931
274.8461 28.0888
274.8528 28.0845
274.8595 28.0802
274.8662 28.0759
274.8729 28.0716
274.8796 28.0674
274.8863 28.0631
274.8930 28.0588
274.8997 28.0545
274.9064 28.0502
274.9132 28.0459
274.9199 28.0416
274.9266 28.0373
274.9333 28.0330
274.9400 28.0287
274.9467 28.0244
274.9534 28.0201
274.9601 28.0158
274.9669 28.0116
274.9736 28.0073
274.9803 28.0030
274.9870 27.9987
274.9937 27.9944
275.0004 27.9901
275.0071 27.9858
275.0138 27.9815
275.0206 27.9772
275.0273 27.9729
275.0340 27.9686
275.0407 27.9643
275.0474 27.9600
275.0541 27.9557
275.0609 27.9514
275.0676 27.9471
275.0743 27.9428
275.0810 27.9385
275.0877 27.9342
275.0944 27.9299
275.1012 27.9256
275.1079 27.9213
275.1146 27.9170
275.1213 27.9127
275.1280 27.9085
275.1348 27.9042
275.1415 27.8999
275.1482 27.8956
275.1549 27.8913
275.1616 27.8870
275.1684 27.8827
275.1751 27.8784
275.1818 27.8741
275.1885 27.8698
275.1952 27.8655
275.2020 27.8612
275.2087 27.8569
275.2154 27.8526
275.2221 27.8482
275.2289 27.8439
275.2356 27.8396
275.2423 27.8353
275.2490 27.8310
275.2558 27.8267
275.2625 27.8224
275.2692 27.8181
275.2759 27.8138
275.2827 27.8095
275.2894 27.8052
275.2961 27.8009
275.3028 27.7966
275.3096 27.7923
275.3163 27.7880
275.3230 27.7837
275.3298 27.7794
275.3365 27.7751
275.3432 27.7708
275.3499 27.7665
275.3567 27.7622
275.3634 27.7579
275.3701 27.7536
275.3769 27.7493
275.3836 27.7450
275.3903 27.7406
275.3971 27.7363
275.4038 27.7320
275.4105 27.7277
275.4173 27.7234
275.4240 27.7191
275.4307 27.7148
275.4375 27.7105
275.4442 27.7062
275.4509 27.7019
275.4577 27.6976
275.4644 27.6933
275.4711 27.6889
275.4779 27.6846
275.4846 27.6803
275.4913 27.6760
275.4981 27.6717
275.5048 27.6674
275.5116 27.6631
275.5183 27.6588
275.5250 27.6545
275.5318 27.6502
275.5385 27.6458
275.5452 27.6415
275.5520 27.6372
275.5587 27.6329
275.5655 27.6286
275.5722 27.6243
275.5789 27.6200
275.5857 27.6157
275.5924 27.6113
275.5992 27.6070
275.6059 27.6027
275.6126 27.5984
275.6194 27.5941
275.6261 27.5898
275.6329 27.5855
275.6396 27.5811
275.6464 27.5768
275.6531 27.5725
275.6598 27.5682
275.6666 27.5639
275.6733 27.5596
275.6801 27.5553
275.6868 27.5509
275.6936 27.5466
275.7003 27.5423
275.7071 27.5380
275.7138 27.5337
275.7206 27.5294
275.7273 27.5250
275.7340 27.5207
275.7408 27.5164
275.7475 27.5121
275.7543 27.5078
275.7610 27.5035
275.7678 27.4991
275.7745 27.4948
275.7813 27.4905
275.7880 27.4862
275.7948 27.4819
275.8015 27.4775
275.8083 27.4732
275.8150 27.4689
275.8218 27.4646
275.8285 27.4603
275.8353 27.4559
275.8420 27.4516
275.8488 27.4473
275.8555 27.4430
275.8623 27.4387
275.8691 27.4343
275.8758 27.4300
275.8826 27.4257
275.8893 27.4214
275.8961 27.4170
275.9028 27.4127
275.9096 27.4084
275.9163 27.4041
275.9231 27.3998
275.9298 27.3954
275.9366 27.3911
275.9434 27.3868
275.9501 27.3825
275.9569 27.3781
275.9636 27.3738
275.9704 27.3695
275.9772 27.3652
275.9839 27.3608
275.9907 27.3565
275.9974 27.3522
276.0042 27.3479
276.0109 27.3435
276.0177 27.3392
276.0245 27.3349
276.0312 27.3306
276.0380 27.3262
276.0448 27.3219
276.0515 27.3176
276.0583 27.3133
276.0650 27.3089
276.0718 27.3046
276.0786 27.3003
276.0853 27.2960
276.0921 27.2916
276.0989 27.2873
276.1056 27.2830
276.1124 27.2786
276.1191 27.2743
276.1259 27.2700
276.1327 27.2657
276.1394 27.2613
276.1462 27.2570
276.1530 27.2527
276.1597 27.2483
276.1665 27.2440
276.1733 27.2397
276.1800 27.2353
276.1868 27.2310
276.1936 27.2267
276.2004 27.2224
276.2071 27.2180
276.2139 27.2137
276.2207 27.2094
276.2274 27.2050
276.2342 27.2007
276.2410 27.1964
276.2477 27.1920
276.2545 27.1877
276.2613 27.1834
276.2681 27.1790
276.2748 27.1747
276.2816 27.1704
276.2884 27.1660
276.2951 27.1617
276.3019 27.1574
276.3087 27.1530
276.3155 27.1487
276.3222 27.1444
276.3290 27.1400
276.3358 27.1357
276.3426 27.1314
276.3493 27.1270
276.3561 27.1227
276.3629 27.1184
276.3697 27.1140
276.3764 27.1097
276.3832 27.1053
276.3900 27.1010
276.3968 27.0967
276.4036 27.0923
276.4103 27.0880
276.4171 27.0837
276.4239 27.0793
276.4307 27.0750
276.4375 27.0707
276.4442 27.0663
276.4510 27.0620
276.4578 27.0576
276.4646 27.0533
276.4714 27.0490
276.4781 27.0446
276.4849 27.0403
276.4917 27.0359
276.4985 27.0316
276.5053 27.0273
276.5120 27.0229
276.5188 27.0186
276.5256 27.0142
276.5324 27.0099
276.5392 27.0056
276.5460 27.0012
276.5528 26.9969
276.5595 26.9925
276.5663 26.9882
276.5731 26.9839
276.5799 26.9795
276.5867 26.9752
276.5935 26.9708
276.6003 26.9665
276.6070 26.9622
276.6138 26.9578
276.6206 26.9535
276.6274 26.9491
276.6342 26.9448
276.6410 26.9404
276.6478 26.9361
276.6546 26.9318
276.6614 26.9274
276.6681 26.9231
276.6749 26.9187
276.6817 26.9144
276.6885 26.9100
276.6953 26.9057
276.7021 26.9013
276.7089 26.8970
276.7157 26.8927
276.7225 26.8883
276.7293 26.8840
276.7361 26.8796
276.7429 26.8753
276.7497 26.8709
276.7564 26.8666
276.7632 26.8622
276.7700 26.8579
276.7768 26.8535
276.7836 26.8492
276.7904 26.8449
276.7972 26.8405
276.8040 26.8362
276.8108 26.8318
276.8176 26.8275
276.8244 26.8231
276.8312 26.8188
276.8380 26.8144
276.8448 26.8101
276.8516 26.8057
276.8584 26.8014
276.8652 26.7970
276.8720 26.7927
276.8788 26.7883
276.8856 26.7840
276.8924 26.7796
276.8992 26.7753
276.9060 26.7709
276.9128 26.7666
276.9196 26.7622
276.9264 26.7579
276.9332 26.7535
276.9400 26.7492
276.9468 26.7448
276.9536 26.7405
276.9604 26.7361
276.9672 26.7318
276.9740 26.7274
276.9808 26.7231
276.9877 26.7187
276.9945 26.7144
277.0013 26.7100
277.0081 26.7056
277.0149 26.7013
277.0217 26.6969
277.0285 26.6926
277.0353 26.6882
277.0421 26.6839
277.0489 26.6795
277.0557 26.6752
277.0625 26.6708
277.0693 26.6665
277.0762 26.6621
277.0830 26.6578
277.0898 26.6534
277.0966 26.6490
277.1034 26.6447
277.1102 26.6403
277.1170 26.6360
277.1238 26.6316
277.1306 26.6273
277.1375 26.6229
277.1443 26.6186
277.1511 26.6142
277.1579 26.6098
277.1647 26.6055
277.1715 26.6011
277.1783 26.5968
277.1852 26.5924
277.1920 26.5881
277.1988 26.5837
277.2056 26.5793
277.2124 26.5750
277.2192 26.5706
277.2261 26.5663
277.2329 26.5619
277.2397 26.5575
277.2465 26.5532
277.2533 26.5488
277.2602 26.5445
277.2670 26.5401
277.2738 26.5357
277.2806 26.5314
277.2874 26.5270
277.2943 26.5227
277.3011 26.5183
277.3079 26.5139
277.3147 26.5096
277.3215 26.5052
277.3284 26.5009
277.3352 26.4965
277.3420 26.4921
277.3488 26.4878
277.3557 26.4834
277.3625 26.4791
277.3693 26.4747
277.3761 26.4703
277.3829 26.4660
277.3898 26.4616
277.3966 26.4572
277.4034 26.4529
277.4103 26.4485
277.4171 26.4442
277.4239 26.4398
277.4307 26.4354
277.4376 26.4311
277.4444 26.4267
277.4512 26.4223
277.4580 26.4180
277.4649 26.4136
277.4717 26.4092
277.4785 26.4049
277.4854 26.4005
277.4922 26.3961
277.4990 26.3918
277.5059 26.3874
277.5127 26.3830
277.5195 26.3787
277.5263 26.3743
277.5332 26.3699
277.5400 26.3656
277.5468 26.3612
277.5537 26.3568
277.5605 26.3525
277.5673 26.3481
277.5742 26.3437
277.5810 26.3394
277.5878 26.3350
277.5947 26.3306
277.6015 26.3263
277.6084 26.3219
277.6152 26.3175
277.6220 26.3132
277.6289 26.3088
277.6357 26.3044
277.6425 26.3001
277.6494 26.2957
277.6562 26.2913
277.6631 26.2870
277.6699 26.2826
277.6767 26.2782
277.6836 26.2738
277.6904 26.2695
277.6973 26.2651
277.7041 26.2607
277.7109 26.2564
277.7178 26.2520
277.7246 26.2476
277.7315 26.2432
277.7383 26.2389
277.7451 26.2345
277.7520 26.2301
277.7588 26.2258
277.7657 26.2214
277.7725 26.2170
277.7794 26.2126
277.7862 26.2083
277.7930 26.2039
277.7999 26.1995
277.8067 26.1952
277.8136 26.1908
277.8204 26.1864
277.8273 26.1820
277.8341 26.1777
277.8410 26.1733
277.8478 26.1689
277.8547 26.1645
277.8615 26.1602
277.8684 26.1558
277.8752 26.1514
277.8821 26.1470
277.8889 26.1427
277.8958 26.1383
277.9026 26.1339
277.9095 26.1295
277.9163 26.1252
277.9232 26.1208
277.9300 26.1164
277.9369 26.1120
277.9437 26.1077
277.9506 26.1033
277.9574 26.0989
277.9643 26.0945
277.9711 26.0902
277.9780 26.0858
277.9848 26.0814
277.9917 26.0770
277.9985 26.0726
278.0054 26.0683
278.0123 26.0639
278.0191 26.0595
278.0260 26.0551
278.0328 26.0508
278.0397 26.0464
278.0465 26.0420
278.0534 26.0376
278.0603 26.0332
278.0671 26.0289
278.0740 26.0245
278.0808 26.0201
278.0877 26.0157
278.0945 26.0113
278.1014 26.0070
278.1083 26.0026
278.1151 25.9982
278.1220 25.9938
278.1289 25.9894
278.1357 25.9851
278.1426 25.9807
278.1494 25.9763
278.1563 25.9719
278.1632 25.9675
278.1700 25.9632
278.1769 25.9588
278.1838 25.9544
278.1906 25.9500
278.1975 25.9456
278.2043 25.9413
278.2112 25.9369
278.2181 25.9325
278.2249 25.9281
278.2318 25.9237
278.2387 25.9193
278.2455 25.9150
278.2524 25.9106
278.2593 25.9062
278.2661 25.9018
278.2730 25.8974
278.2799 25.8930
278.2868 25.8887
278.2936 25.8843
278.3005 25.8799
278.3074 25.8755
278.3142 25.8711
278.3211 25.8667
278.3280 25.8624
278.3348 25.8580
278.3417 25.8536
278.3486 25.8492
278.3555 25.8448
278.3623 25.8404
278.3692 25.8360
278.3761 25.8317
278.3830 25.8273
278.3898 25.8229
278.3967 25.8185
278.4036 25.8141
278.4105 25.8097
278.4173 25.8053
278.4242 25.8009
278.4311 25.7966
278.4380 25.7922
278.4448 25.7878
278.4517 25.7834
278.4586 25.7790
278.4655 25.7746
278.4723 25.7702
278.4792 25.7658
278.4861 25.7615
278.4930 25.7571
278.4999 25.7527
278.5067 25.7483
278.5136 25.7439
278.5205 25.7395
278.5274 25.7351
278.5343 25.7307
278.5412 25.7263
278.5480 25.7220
278.5549 25.7176
278.5618 25.7132
278.5687 25.7088
278.5756 25.7044
278.5825 25.7000
278.5893 25.6956
278.5962 25.6912
278.6031 25.6868
278.6100 25.6824
278.6169 25.6780
278.6238 25.6737
278.6307 25.6693
278.6375 25.6649
278.6444 25.6605
278.6513 25.6561
278.6582 25.6517
278.6651 25.6473
278.6720 25.6429
278.6789 25.6385
278.6858 25.6341
278.6926 25.6297
278.6995 25.6253
278.7064 25.6209
278.7133 25.6165
278.7202 25.6122
278.7271 25.6078
278.7340 25.6034
278.7409 25.5990
278.7478 25.5946
278.7547 25.5902
278.7616 25.5858
278.7685 25.5814
278.7754 25.5770
278.7822 25.5726
278.7891 25.5682
278.7960 25.5638
278.8029 25.5594
278.8098 25.5550
278.8167 25.5506
278.8236 25.5462
278.8305 25.5418
278.8374 25.5374
278.8443 25.5330
278.8512 25.5286
278.8581 25.5243
278.8650 25.5199
278.8719 25.5155
278.8788 25.5111
278.8857 25.5067
278.8926 25.5023
278.8995 25.4979
278.9064 25.4935
278.9133 25.4891
278.9202 25.4847
278.9271 25.4803
278.9340 25.4759
278.9409 25.4715
278.9478 25.4671
278.9547 25.4627
278.9616 25.4583
278.9685 25.4539
278.9754 25.4495
278.9823 25.4451
278.9892 25.4407
278.9961 25.4363
279.0031 25.4319
279.0100 25.4275
279.0169 25.4231
279.0238 25.4187
279.0307 25.4143
279.0376 25.4099
279.0445 25.4055
279.0514 25.4011
279.0583 25.3967
279.0652 25.3923
279.0721 25.3879
279.0790 25.3835
279.0860 25.3791
279.0929 25.3747
279.0998 25.3703
279.1067 25.3659
279.1136 25.3615
279.1205 25.3571
279.1274 25.3527
279.1343 25.3483
279.1412 25.3439
279.1482 25.3395
279.1551 25.3351
279.1620 25.3307
279.1689 25.3263
279.1758 25.3219
279.1827 25.3175
279.1896 25.3131
279.1966 25.3086
279.2035 25.3042
279.2104 25.2998
279.2173 25.2954
279.2242 25.2910
279.2311 25.2866
279.2381 25.2822
279.2450 25.2778
279.2519 25.2734
279.2588 25.2690
279.2657 25.2646
279.2727 25.2602
279.2796 25.2558
279.2865 25.2514
279.2934 25.2470
279.3003 25.2426
279.3073 25.2382
279.3142 25.2338
279.3211 25.2294
279.3280 25.2250
279.3349 25.2205
279.3419 25.2161
279.3488 25.2117
279.3557 25.2073
279.3626 25.2029
279.3696 25.1985
279.3765 25.1941
279.3834 25.1897
279.3903 25.1853
279.3973 25.1809
279.4042 25.1765
279.4111 25.1721
279.4180 25.1677
279.4250 25.1633
279.4319 25.1588
279.4388 25.1544
279.4458 25.1500
279.4527 25.1456
279.4596 25.1412
279.4665 25.1368
279.4735 25.1324
279.4804 25.1280
279.4873 25.1236
279.4943 25.1192
279.5012 25.1148
279.5081 25.1104
279.5151 25.1059
279.5220 25.1015
279.5289 25.0971
279.5359 25.0927
279.5428 25.0883
279.5497 25.0839
279.5567 25.0795
279.5636 25.0751
279.5705 25.0707
279.5775 25.0663
279.5844 25.0618
279.5913 25.0574
279.5983 25.0530
279.6052 25.0486
279.6121 25.0442
279.6191 25.0398
279.6260 25.0354
279.6330 25.0310
279.6399 25.0265
279.6468 25.0221
279.6538 25.0177
279.6607 25.0133
279.6677 25.0089
279.6746 25.0045
279.6815 25.0001
279.6885 24.9957
279.6954 24.9912
279.7024 24.9868
279.7093 24.9824
279.7162 24.9780
279.7232 24.9736
279.7301 24.9692
279.7371 24.9648
279.7440 24.9604
279.7510 24.9559
279.7579 24.9515
279.7649 24.9471
279.7718 24.9427
279.7787 24.9383
279.7857 24.9339
279.7926 24.9295
279.7996 24.9250
279.8065 24.9206
279.8135 24.9162
279.8204 24.9118
279.8274 24.9074
279.8343 24.9030
279.8413 24.8986
279.8482 24.8941
279.8552 24.8897
279.8621 24.8853
279.8691 24.8809
279.8760 24.8765
279.8830 24.8721
279.8899 24.8676
279.8969 24.8632
279.9038 24.8588
279.9108 24.8544
279.9177 24.8500
279.9247 24.8456
279.9316 24.8411
279.9386 24.8367
279.9456 24.8323
279.9525 24.8279
279.9595 24.8235
279.9664 24.8190
279.9734 24.8146
279.9803 24.8102
279.9873 24.8058
279.9942 24.8014
280.0012 24.7970
280.0082 24.7925
280.0151 24.7881
280.0221 24.7837
280.0290 24.7793
280.0360 24.7749
280.0430 24.7704
280.0499 24.7660
280.0569 24.7616
280.0638 24.7572
280.0708 24.7528
280.0778 24.7483
280.0847 24.7439
280.0917 24.7395
280.0986 24.7351
280.1056 24.7307
280.1126 24.7262
280.1195 24.7218
280.1265 24.7174
280.1335 24.7130
280.1404 24.7086
280.1474 24.7041
280.1544 24.6997
280.1613 24.6953
280.1683 24.6909
280.1753 24.6865
280.1822 24.6820
280.1892 24.6776
280.1962 24.6732
280.2031 24.6688
280.2101 24.6643
280.2171 24.6599
280.2240 24.6555
280.2310 24.6511
280.2380 24.6467
280.2450 24.6422
280.2519 24.6378
280.2589 24.6334
280.2659 24.6290
280.2728 24.6245
280.2798 24.6201
280.2868 24.6157
280.2938 24.6113
280.3007 24.6068
280.3077 24.6024
280.3147 24.5980
280.3217 24.5936
280.3286 24.5892
280.3356 24.5847
280.3426 24.5803
280.3496 24.5759
280.3565 24.5715
280.3635 24.5670
280.3705 24.5626
280.3775 24.5582
280.3844 24.5538
280.3914 24.5493
280.3984 24.5449
280.4054 24.5405
280.4124 24.5361
280.4193 24.5316
280.4263 24.5272
280.4333 24.5228
280.4403 24.5183
280.4473 24.5139
280.4543 24.5095
280.4612 24.5051
280.4682 24.5006
280.4752 24.4962
280.4822 24.4918
280.4892 24.4874
280.4962 24.4829
280.5031 24.4785
280.5101 24.4741
280.5171 24.4697
280.5241 24.4652
280.5311 24.4608
280.5381 24.4564
280.5451 24.4519
280.5520 24.4475
280.5590 24.4431
280.5660 24.4387
280.5730 24.4342
280.5800 24.4298
280.5870 24.4254
280.5940 24.4209
280.6010 24.4165
280.6080 24.4121
280.6149 24.4077
280.6219 24.4032
280.6289 24.3988
280.6359 24.3944
280.6429 24.3899
280.6499 24.3855
280.6569 24.3811
280.6639 24.3767
280.6709 24.3722
280.6779 24.3678
280.6849 24.3634
280.6919 24.3589
280.6989 24.3545
280.7059 24.3501
280.7129 24.3456
280.7198 24.3412
280.7268 24.3368
280.7338 24.3324
280.7408 24.3279
280.7478 24.3235
280.7548 24.3191
280.7618 24.3146
280.7688 24.3102
280.7758 24.3058
280.7828 24.3013
280.7898 24.2969
280.7968 24.2925
280.8038 24.2880
280.8108 24.2836
280.8178 24.2792
280.8248 24.2747
280.8318 24.2703
280.8388 24.2659
280.8458 24.2614
280.8529 24.2570
280.8599 24.2526
280.8669 24.2481
280.8739 24.2437
280.8809 24.2393
280.8879 24.2348
280.8949 24.2304
280.9019 24.2260
280.9089 24.2215
280.9159 24.2171
280.9229 24.2127
280.9299 24.2082
280.9369 24.2038
280.9439 24.1994
280.9509 24.1949
280.9579 24.1905
280.9650 24.1861
280.9720 24.1816
280.9790 24.1772
280.9860 24.1728
280.9930 24.1683
281.0000 24.1639
281.0070 24.1595
281.0140 24.1550
281.0210 24.1506
281.0281 24.1462
281.0351 24.1417
281.0421 24.1373
281.0491 24.1329
281.0561 24.1284
281.0631 24.1240
281.0701 24.1196
281.0772 24.1151
281.0842 24.1107
281.0912 24.1062
281.0982 24.1018
281.1052 24.0974
281.1122 24.0929
281.1193 24.0885
281.1263 24.0841
281.1333 24.0796
281.1403 24.0752
281.1473 24.0708
281.1544 24.0663
281.1614 24.0619
281.1684 24.0574
281.1754 24.0530
281.1824 24.0486
281.1895 24.0441
281.1965 24.0397
281.2035 24.0353
281.2105 24.0308
281.2176 24.0264
281.2246 24.0219
281.2316 24.0175
281.2386 24.0131
281.2457 24.0086
281.2527 24.0042
281.2597 23.9998
281.2667 23.9953
281.2738 23.9909
281.2808 23.9864
281.2878 23.9820
281.2948 23.9776
281.3019 23.9731
281.3089 23.9687
281.3159 23.9642
281.3230 23.9598
281.3300 23.9554
281.3370 23.9509
281.3440 23.9465
281.3511 23.9420
281.3581 23.9376
281.3651 23.9332
281.3722 23.9287
281.3792 23.9243
281.3862 23.9198
281.3933 23.9154
281.4003 23.9110
281.4073 23.9065
281.4144 23.9021
281.4214 23.8976
281.4284 23.8932
281.4355 23.8888
281.4425 23.8843
281.4495 23.8799
281.4566 23.8754
281.4636 23.8710
281.4707 23.8666
281.4777 23.8621
281.4847 23.8577
281.4918 23.8532
281.4988 23.8488
281.5059 23.8443
281.5129 23.8399
281.5199 23.8355
281.5270 23.8310
281.5340 23.8266
281.5411 23.8221
281.5481 23.8177
281.5551 23.8133
281.5622 23.8088
281.5692 23.8044
281.5763 23.7999
281.5833 23.7955
281.5904 23.7910
281.5974 23.7866
281.6044 23.7822
281.6115 23.7777
281.6185 23.7733
281.6256 23.7688
281.6326 23.7644
281.6397 23.7599
281.6467 23.7555
281.6538 23.7510
281.6608 23.7466
281.6679 23.7422
281.6749 23.7377
281.6820 23.7333
281.6890 23.7288
281.6961 23.7244
281.7031 23.7199
281.7102 23.7155
281.7172 23.7111
281.7243 23.7066
281.7313 23.7022
281.7384 23.6977
281.7454 23.6933
281.7525 23.6888
281.7595 23.6844
281.7666 23.6799
281.7736 23.6755
281.7807 23.6710
281.7878 23.6666
281.7948 23.6622
281.8019 23.6577
281.8089 23.6533
281.8160 23.6488
281.8230 23.6444
281.8301 23.6399
281.8372 23.6355
281.8442 23.6310
281.8513 23.6266
281.8583 23.6221
281.8654 23.6177
281.8724 23.6132
281.8795 23.6088
281.8866 23.6044
281.8936 23.5999
281.9007 23.5955
281.9078 23.5910
281.9148 23.5866
281.9219 23.5821
281.9289 23.5777
281.9360 23.5732
281.9431 23.5688
281.9501 23.5643
281.9572 23.5599
281.9643 23.5554
281.9713 23.5510
281.9784 23.5465
281.9855 23.5421
281.9925 23.5376
281.9996 23.5332
282.0067 23.5287
282.0137 23.5243
282.0208 23.5198
282.0279 23.5154
282.0349 23.5110
282.0420 23.5065
282.0491 23.5021
282.0562 23.4976
282.0632 23.4932
282.0703 23.4887
282.0774 23.4843
282.0844 23.4798
282.0915 23.4754
282.0986 23.4709
282.1057 23.4665
282.1127 23.4620
282.1198 23.4576
282.1269 23.4531
282.1340 23.4487
282.1410 23.4442
282.1481 23.4398
282.1552 23.4353
282.1623 23.4309
282.1693 23.4264
282.1764 23.4220
282.1835 23.4175
282.1906 23.4131
282.1976 23.4086
282.2047 23.4042
282.2118 23.3997
282.2189 23.3953
282.2260 23.3908
282.2330 23.3864
282.2401 23.3819
282.2472 23.3775
282.2543 23.3730
282.2614 23.3686
282.2685 23.3641
282.2755 23.3597
282.2826 23.3552
282.2897 23.3507
282.2968 23.3463
282.3039 23.3418
282.3110 23.3374
282.3180 23.3329
282.3251 23.3285
282.3322 23.3240
282.3393 23.3196
282.3464 23.3151
282.3535 23.3107
282.3606 23.3062
282.3677 23.3018
282.3747 23.2973
282.3818 23.2929
282.3889 23.2884
282.3960 23.2840
282.4031 23.2795
282.4102 23.2751
282.4173 23.2706
282.4244 23.2662
282.4315 23.2617
282.4386 23.2572
282.4457 23.2528
282.4527 23.2483
282.4598 23.2439
282.4669 23.2394
282.4740 23.2350
282.4811 23.2305
282.4882 23.2261
282.4953 23.2216
282.5024 23.2172
282.5095 23.2127
282.5166 23.2083
282.5237 23.2038
282.5308 23.1994
282.5379 23.1949
282.5450 23.1904
282.5521 23.1860
282.5592 23.1815
282.5663 23.1771
282.5734 23.1726
282.5805 23.1682
282.5876 23.1637
282.5947 23.1593
282.6018 23.1548
282.6089 23.1504
282.6160 23.1459
282.6231 23.1414
282.6302 23.1370
282.6373 23.1325
282.6444 23.1281
282.6515 23.1236
282.6586 23.1192
282.6657 23.1147
282.6728 23.1103
282.6799 23.1058
282.6870 23.1013
282.6941 23.0969
282.7013 23.0924
282.7084 23.0880
282.7155 23.0835
282.7226 23.0791
282.7297 23.0746
282.7368 23.0702
282.7439 23.0657
282.7510 23.0612
282.7581 23.0568
282.7652 23.0523
282.7724 23.0479
282.7795 23.0434
282.7866 23.0390
282.7937 23.0345
282.8008 23.0300
282.8079 23.0256
282.8150 23.0211
282.8221 23.0167
282.8293 23.0122
282.8364 23.0078
282.8435 23.0033
282.8506 22.9989
282.8577 22.9944
282.8648 22.9899
282.8720 22.9855
282.8791 22.9810
282.8862 22.9766
282.8933 22.9721
282.9004 22.9676
282.9075 22.9632
282.9147 22.9587
282.9218 22.9543
282.9289 22.9498
282.9360 22.9454
282.9431 22.9409
282.9503 22.9364
282.9574 22.9320
282.9645 22.9275
282.9716 22.9231
282.9788 22.9186
282.9859 22.9142
282.9930 22.9097
283.0001 22.9052
283.0073 22.9008
283.0144 22.8963
283.0215 22.8919
283.0286 22.8874
283.0358 22.8829
283.0429 22.8785
283.0500 22.8740
283.0571 22.8696
283.0643 22.8651
283.0714 22.8606
283.0785 22.8562
283.0857 22.8517
283.0928 22.8473
283.0999 22.8428
283.1070 22.8384
283.1142 22.8339
283.1213 22.8294
283.1284 22.8250
283.1356 22.8205
283.1427 22.8161
283.1498 22.8116
283.1570 22.8071
283.1641 22.8027
283.1712 22.7982
283.1784 22.7938
283.1855 22.7893
283.1927 22.7848
283.1998 22.7804
283.2069 22.7759
283.2141 22.7715
283.2212 22.7670
283.2283 22.7625
283.2355 22.7581
283.2426 22.7536
283.2498 22.7491
283.2569 22.7447
283.2640 22.7402
283.2712 22.7358
283.2783 22.7313
283.2855 22.7268
283.2926 22.7224
283.2997 22.7179
283.3069 22.7135
283.3140 22.7090
283.3212 22.7045
283.3283 22.7001
283.3355 22.6956
283.3426 22.6912
283.3497 22.6867
283.3569 22.6822
283.3640 22.6778
283.3712 22.6733
283.3783 22.6688
283.3855 22.6644
283.3926 22.6599
283.3998 22.6555
283.4069 22.6510
283.4141 22.6465
283.4212 22.6421
283.4284 22.6376
283.4355 22.6331
283.4427 22.6287
283.4498 22.6242
283.4570 22.6198
283.4641 22.6153
283.4713 22.6108
283.4784 22.6064
283.4856 22.6019
283.4927 22.5974
283.4999 22.5930
283.5070 22.5885
283.5142 22.5841
283.5214 22.5796
283.5285 22.5751
283.5357 22.5707
283.5428 22.5662
283.5500 22.5617
283.5571 22.5573
283.5643 22.5528
283.5715 22.5484
283.5786 22.5439
283.5858 22.5394
283.5929 22.5350
283.6001 22.5305
283.6073 22.5260
283.6144 22.5216
283.6216 22.5171
283.6287 22.5126
283.6359 22.5082
283.6431 22.5037
283.6502 22.4992
283.6574 22.4948
283.6646 22.4903
283.6717 22.4859
283.6789 22.4814
283.6861 22.4769
283.6932 22.4725
283.7004 22.4680
283.7076 22.4635
283.7147 22.4591
283.7219 22.4546
283.7291 22.4501
283.7362 22.4457
283.7434 22.4412
283.7506 22.4367
283.7577 22.4323
283.7649 22.4278
283.7721 22.4234
283.7792 22.4189
283.7864 22.4144
283.7936 22.4100
283.8008 22.4055
283.8079 22.4010
283.8151 22.3966
283.8223 22.3921
283.8294 22.3876
283.8366 22.3832
283.8438 22.3787
283.8510 22.3742
283.8581 22.3698
283.8653 22.3653
283.8725 22.3608
283.8797 22.3564
283.8869 22.3519
283.8940 22.3474
283.9012 22.3430
283.9084 22.3385
283.9156 22.3340
283.9227 22.3296
283.9299 22.3251
283.9371 22.3206
283.9443 22.3162
283.9515 22.3117
283.9586 22.3073
283.9658 22.3028
283.9730 22.2983
283.9802 22.2939
283.9874 22.2894
283.9946 22.2849
284.0017 22.2805
284.0089 22.2760
284.0161 22.2715
284.0233 22.2671
284.0305 22.2626
284.0377 22.2581
284.0449 22.2537
284.0520 22.2492
284.0592 22.2447
284.0664 22.2403
284.0736 22.2358
284.0808 22.2313
284.0880 22.2269
284.0952 22.2224
284.1024 22.2179
284.1096 22.2135
284.1167 22.2090
284.1239 22.2045
284.1311 22.2001
284.1383 22.1956
284.1455 22.1911
284.1527 22.1867
284.1599 22.1822
284.1671 22.1777
284.1743 22.1732
284.1815 22.1688
284.1887 22.1643
284.1959 22.1598
284.2031 22.1554
284.2103 22.1509
284.2175 22.1464
284.2247 22.1420
284.2319 22.1375
284.2391 22.1330
284.2463 22.1286
284.2535 22.1241
284.2607 22.1196
284.2679 22.1152
284.2751 22.1107
284.2823 22.1062
284.2895 22.1018
284.2967 22.0973
284.3039 22.0928
284.3111 22.0884
284.3183 22.0839
284.3255 22.0794
284.3327 22.0750
284.3399 22.0705
284.3471 22.0660
284.3543 22.0616
284.3615 22.0571
284.3687 22.0526
284.3759 22.0481
284.3831 22.0437
284.3903 22.0392
284.3975 22.0347
284.4047 22.0303
284.4119 22.0258
284.4192 22.0213
284.4264 22.0169
284.4336 22.0124
284.4408 22.0079
284.4480 22.0035
284.4552 21.9990
284.4624 21.9945
284.4696 21.9901
284.4768 21.9856
284.4841 21.9811
284.4913 21.9767
284.4985 21.9722
284.5057 21.9677
284.5129 21.9632
284.5201 21.9588
284.5273 21.9543
284.5346 21.9498
284.5418 21.9454
284.5490 21.9409
284.5562 21.9364
284.5634 21.9320
284.5706 21.9275
284.5779 21.9230
284.5851 21.9186
284.5923 21.9141
284.5995 21.9096
284.6067 21.9051
284.6140 21.9007
284.6212 21.8962
284.6284 21.8917
284.6356 21.8873
284.6429 21.8828
284.6501 21.8783
284.6573 21.8739
284.6645 21.8694
284.6717 21.8649
284.6790 21.8604
284.6862 21.8560
284.6934 21.8515
284.7007 21.8470
284.7079 21.8426
284.7151 21.8381
284.7223 21.8336
284.7296 21.8292
284.7368 21.8247
284.7440 21.8202
284.7512 21.8157
284.7585 21.8113
284.7657 21.8068
284.7729 21.8023
284.7802 21.7979
284.7874 21.7934
284.7946 21.7889
284.8019 21.7845
284.8091 21.7800
284.8163 21.7755
284.8236 21.7710
284.8308 21.7666
284.8380 21.7621
284.8453 21.7576
284.8525 21.7532
284.8597 21.7487
284.8670 21.7442
284.8742 21.7397
284.8815 21.7353
284.8887 21.7308
284.8959 21.7263
284.9032 21.7219
284.9104 21.7174
284.9176 21.7129
284.9249 21.7085
284.9321 21.7040
284.9394 21.6995
284.9466 21.6950
284.9539 21.6906
284.9611 21.6861
284.9683 21.6816
284.9756 21.6772
284.9828 21.6727
284.9901 21.6682
284.9973 21.6637
285.0046 21.6593
285.0118 21.6548
285.0191 21.6503
285.0263 21.6459
285.0335 21.6414
285.0408 21.6369
285.0480 21.6324
285.0553 21.6280
285.0625 21.6235
285.0698 21.6190
285.0770 21.6146
285.0843 21.6101
285.0915 21.6056
285.0988 21.6011
285.1060 21.5967
285.1133 21.5922
285.1205 21.5877
285.1278 21.5833
285.1351 21.5788
285.1423 21.5743
285.1496 21.5698
285.1568 21.5654
285.1641 21.5609
285.1713 21.5564
285.1786 21.5520
285.1858 21.5475
285.1931 21.5430
285.2004 21.5385
285.2076 21.5341
285.2149 21.5296
285.2221 21.5251
285.2294 21.5207
285.2366 21.5162
285.2439 21.5117
285.2512 21.5072
285.2584 21.5028
285.2657 21.4983
285.2729 21.4938
285.2802 21.4893
285.2875 21.4849
285.2947 21.4804
285.3020 21.4759
285.3093 21.4715
285.3165 21.4670
285.3238 21.4625
285.3311 21.4580
285.3383 21.4536
285.3456 21.4491
285.3529 21.4446
285.3601 21.4402
285.3674 21.4357
285.3747 21.4312
285.3819 21.4267
285.3892 21.4223
285.3965 21.4178
285.4037 21.4133
285.4110 21.4088
285.4183 21.4044
285.4256 21.3999
285.4328 21.3954
285.4401 21.3910
285.4474 21.3865
285.4546 21.3820
285.4619 21.3775
285.4692 21.3731
285.4765 21.3686
285.4837 21.3641
285.4910 21.3596
285.4983 21.3552
285.5056 21.3507
285.5128 21.3462
285.5201 21.3418
285.5274 21.3373
285.5347 21.3328
285.5420 21.3283
285.5492 21.3239
285.5565 21.3194
285.5638 21.3149
285.5711 21.3104
285.5784 21.3060
285.5856 21.3015
285.5929 21.2970
285.6002 21.2926
285.6075 21.2881
285.6148 21.2836
285.6221 21.2791
285.6293 21.2747
285.6366 21.2702
285.6439 21.2657
285.6512 21.2612
285.6585 21.2568
285.6658 21.2523
285.6730 21.2478
285.6803 21.2434
285.6876 21.2389
285.6949 21.2344
285.7022 21.2299
285.7095 21.2255
285.7168 21.2210
285.7241 21.2165
285.7314 21.2120
285.7387 21.2076
285.7459 21.2031
285.7532 21.1986
285.7605 21.1942
285.7678 21.1897
285.7751 21.1852
285.7824 21.1807
285.7897 21.1763
285.7970 21.1718
285.8043 21.1673
285.8116 21.1628
285.8189 21.1584
285.8262 21.1539
285.8335 21.1494
285.8408 21.1450
285.8481 21.1405
285.8554 21.1360
285.8627 21.1315
285.8700 21.1271
285.8773 21.1226
285.8846 21.1181
285.8919 21.1136
285.8992 21.1092
285.9065 21.1047
285.9138 21.1002
285.9211 21.0957
285.9284 21.0913
285.9357 21.0868
285.9430 21.0823
285.9503 21.0779
285.9576 21.0734
285.9649 21.0689
285.9722 21.0644
285.9795 21.0600
285.9868 21.0555
285.9941 21.0510
286.0014 21.0465
286.0087 21.0421
286.0160 21.0376
286.0234 21.0331
286.0307 21.0287
286.0380 21.0242
286.0453 21.0197
286.0526 21.0152
286.0599 21.0108
286.0672 21.0063
286.0745 21.0018
286.0818 20.9973
286.0892 20.9929
286.0965 20.9884
286.1038 20.9839
286.1111 20.9794
286.1184 20.9750
286.1257 20.9705
286.1330 20.9660
286.1404 20.9616
286.1477 20.9571
286.1550 20.9526
286.1623 20.9481
286.1696 20.9437
286.1769 20.9392
286.1843 20.9347
286.1916 20.9302
286.1989 20.9258
286.2062 20.9213
286.2135 20.9168
286.2209 20.9123
286.2282 20.9079
286.2355 20.9034
286.2428 20.8989
286.2502 20.8945
286.2575 20.8900
286.2648 20.8855
286.2721 20.8810
286.2795 20.8766
286.2868 20.8721
286.2941 20.8676
286.3014 20.8631
286.3088 20.8587
286.3161 20.8542
286.3234 20.8497
286.3307 20.8453
286.3381 20.8408
286.3454 20.8363
286.3527 20.8318
286.3601 20.8274
286.3674 20.8229
286.3747 20.8184
286.3821 20.8139
286.3894 20.8095
286.3967 20.8050
286.4041 20.8005
286.4114 20.7960
286.4187 20.7916
286.4261 20.7871
286.4334 20.7826
286.4407 20.7782
286.4481 20.7737
286.4554 20.7692
286.4627 20.7647
286.4701 20.7603
286.4774 20.7558
286.4848 20.7513
286.4921 20.7468
286.4994 20.7424
286.5068 20.7379
286.5141 20.7334
286.5215 20.7289
286.5288 20.7245
286.5361 20.7200
286.5435 20.7155
286.5508 20.7111
286.5582 20.7066
286.5655 20.7021
286.5729 20.6976
286.5802 20.6932
286.5875 20.6887
286.5949 20.6842
286.6022 20.6797
286.6096 20.6753
286.6169 20.6708
286.6243 20.6663
286.6316 20.6618
286.6390 20.6574
286.6463 20.6529
286.6537 20.6484
286.6610 20.6440
286.6684 20.6395
286.6757 20.6350
286.6831 20.6305
286.6904 20.6261
286.6978 20.6216
286.7051 20.6171
286.7125 20.6126
286.7198 20.6082
286.7272 20.6037
286.7345 20.5992
286.7419 20.5948
286.7493 20.5903
286.7566 20.5858
286.7640 20.5813
286.7713 20.5769
286.7787 20.5724
286.7860 20.5679
286.7934 20.5634
286.8008 20.5590
286.8081 20.5545
286.8155 20.5500
286.8228 20.5456
286.8302 20.5411
286.8376 20.5366
286.8449 20.5321
286.8523 20.5277
286.8596 20.5232
286.8670 20.5187
286.8744 20.5142
286.8817 20.5098
286.8891 20.5053
286.8965 20.5008
286.9038 20.4964
286.9112 20.4919
286.9186 20.4874
286.9259 20.4829
286.9333 20.4785
286.9407 20.4740
286.9480 20.4695
286.9554 20.4650
286.9628 20.4606
286.9701 20.4561
286.9775 20.4516
286.9849 20.4472
286.9923 20.4427
286.9996 20.4382
287.0070 20.4337
287.0144 20.4293
287.0217 20.4248
287.0291 20.4203
287.0365 20.4158
287.0439 20.4114
287.0512 20.4069
287.0586 20.4024
287.0660 20.3980
287.0734 20.3935
287.0808 20.3890
287.0881 20.3845
287.0955 20.3801
287.1029 20.3756
287.1103 20.3711
287.1176 20.3666
287.1250 20.3622
287.1324 20.3577
287.1398 20.3532
287.1472 20.3488
287.1546 20.3443
287.1619 20.3398
287.1693 20.3353
287.1767 20.3309
287.1841 20.3264
287.1915 20.3219
287.1989 20.3175
287.2062 20.3130
287.2136 20.3085
287.2210 20.3040
287.2284 20.2996
287.2358 20.2951
287.2432 20.2906
287.2506 20.2861
287.2579 20.2817
287.2653 20.2772
287.2727 20.2727
287.2801 20.2683
287.2875 20.2638
287.2949 20.2593
287.3023 20.2548
287.3097 20.2504
287.3171 20.2459
287.3245 20.2414
287.3319 20.2370
287.3393 20.2325
287.3467 20.2280
287.3540 20.2235
287.3614 20.2191
287.3688 20.2146
287.3762 20.2101
287.3836 20.2057
287.3910 20.2012
287.3984 20.1967
287.4058 20.1922
287.4132 20.1878
287.4206 20.1833
287.4280 20.1788
287.4354 20.1744
287.4428 20.1699
287.4502 20.1654
287.4576 20.1609
287.4650 20.1565
287.4724 20.1520
287.4798 20.1475
287.4872 20.1431
287.4946 20.1386
287.5020 20.1341
287.5095 20.1296
287.5169 20.1252
287.5243 20.1207
287.5317 20.1162
287.5391 20.1118
287.5465 20.1073
287.5539 20.1028
287.5613 20.0984
287.5687 20.0939
287.5761 20.0894
287.5835 20.0849
287.5909 20.0805
287.5984 20.0760
287.6058 20.0715
287.6132 20.0671
287.6206 20.0626
287.6280 20.0581
287.6354 20.0536
287.6428 20.0492
287.6502 20.0447
287.6577 20.0402
287.6651 20.0358
287.6725 20.0313
287.6799 20.0268
287.6873 20.0224
287.6947 20.0179
287.7022 20.0134
287.7096 20.0089
287.7170 20.0045
287.7244 20.0000
287.7318 19.9955
287.7393 19.9911
287.7467 19.9866
287.7541 19.9821
287.7615 19.9777
287.7689 19.9732
287.7764 19.9687
287.7838 19.9642
287.7912 19.9598
287.7986 19.9553
287.8061 19.9508
287.8135 19.9464
287.8209 19.9419
287.8283 19.9374
287.8358 19.9330
287.8432 19.9285
287.8506 19.9240
287.8580 19.9195
287.8655 19.9151
287.8729 19.9106
287.8803 19.9061
287.8878 19.9017
287.8952 19.8972
287.9026 19.8927
287.9101 19.8883
287.9175 19.8838
287.9249 19.8793
287.9324 19.8749
287.9398 19.8704
287.9472 19.8659
287.9547 19.8614
287.9621 19.8570
287.9695 19.8525
287.9770 19.8480
287.9844 19.8436
287.9918 19.8391
287.9993 19.8346
288.0067 19.8302
288.0142 19.8257
288.0216 19.8212
288.0290 19.8168
288.0365 19.8123
288.0439 19.8078
288.0514 19.8033
288.0588 19.7989
288.0662 19.7944
288.0737 19.7899
288.0811 19.7855
288.0886 19.7810
288.0960 19.7765
288.1035 19.7721
288.1109 19.7676
288.1184 19.7631
288.1258 19.7587
288.1332 19.7542
288.1407 19.7497
288.1481 19.7453
288.1556 19.7408
288.1630 19.7363
288.1705 19.7319
288.1779 19.7274
288.1854 19.7229
288.1928 19.7184
288.2003 19.7140
288.2077 19.7095
288.2152 19.7050
288.2226 19.7006
288.2301 19.6961
288.2376 19.6916
288.2450 19.6872
288.2525 19.6827
288.2599 19.6782
288.2674 19.6738
288.2748 19.6693
288.2823 19.6648
288.2897 19.6604
288.2972 19.6559
288.3047 19.6514
288.3121 19.6470
288.3196 19.6425
288.3270 19.6380
288.3345 19.6336
288.3420 19.6291
288.3494 19.6246
288.3569 19.6202
288.3643 19.6157
288.3718 19.6112
288.3793 19.6068
288.3867 19.6023
288.3942 19.5978
288.4017 19.5934
288.4091 19.5889
288.4166 19.5844
288.4241 19.5800
288.4315 19.5755
288.4390 19.5710
288.4465 19.5666
288.4539 19.5621
288.4614 19.5576
288.4689 19.5532
288.4763 19.5487
288.4838 19.5442
288.4913 19.5398
288.4988 19.5353
288.5062 19.5308
288.5137 19.5264
288.5212 19.5219
288.5286 19.5174
288.5361 19.5130
288.5436 19.5085
288.5511 19.5040
288.5585 19.4996
288.5660 19.4951
288.5735 19.4906
288.5810 19.4862
288.5885 19.4817
288.5959 19.4772
288.6034 19.4728
288.6109 19.4683
288.6184 19.4638
288.6258 19.4594
288.6333 19.4549
288.6408 19.4504
288.6483 19.4460
288.6558 19.4415
288.6633 19.4370
288.6707 19.4326
288.6782 19.4281
288.6857 19.4237
288.6932 19.4192
288.7007 19.4147
288.7082 19.4103
288.7156 19.4058
288.7231 19.4013
288.7306 19.3969
288.7381 19.3924
288.7456 19.3879
288.7531 19.3835
288.7606 19.3790
288.7681 19.3745
288.7756 19.3701
288.7830 19.3656
288.7905 19.3611
288.7980 19.3567
288.8055 19.3522
288.8130 19.3478
288.8205 19.3433
288.8280 19.3388
288.8355 19.3344
288.8430 19.3299
288.8505 19.3254
288.8580 19.3210
288.8655 19.3165
288.8730 19.3120
288.8805 19.3076
288.8880 19.3031
288.8955 19.2987
288.9030 19.2942
288.9105 19.2897
288.9180 19.2853
288.9255 19.2808
288.9330 19.2763
288.9405 19.2719
288.9480 19.2674
288.9555 19.2629
288.9630 19.2585
288.9705 19.2540
288.9780 19.2496
288.9855 19.2451
288.9930 19.2406
289.0005 19.2362
289.0080 19.2317
289.0155 19.2272
289.0230 19.2228
289.0305 19.2183
289.0380 19.2139
289.0455 19.2094
289.0531 19.2049
289.0606 19.2005
289.0681 19.1960
289.0756 19.1915
289.0831 19.1871
289.0906 19.1826
289.0981 19.1782
289.1056 19.1737
289.1131 19.1692
289.1207 19.1648
289.1282 19.1603
289.1357 19.1558
289.1432 19.1514
289.1507 19.1469
289.1582 19.1425
289.1658 19.1380
289.1733 19.1335
289.1808 19.1291
289.1883 19.1246
289.1958 19.1202
289.2033 19.1157
289.2109 19.1112
289.2184 19.1068
289.2259 19.1023
289.2334 19.0979
289.2410 19.0934
289.2485 19.0889
289.2560 19.0845
289.2635 19.0800
289.2710 19.0755
289.2786 19.0711
289.2861 19.0666
289.2936 19.0622
289.3011 19.0577
289.3087 19.0532
289.3162 19.0488
289.3237 19.0443
289.3313 19.0399
289.3388 19.0354
289.3463 19.0309
289.3538 19.0265
289.3614 19.0220
289.3689 19.0176
289.3764 19.0131
289.3840 19.0087
289.3915 19.0042
289.3990 18.9997
289.4066 18.9953
289.4141 18.9908
289.4216 18.9864
289.4292 18.9819
289.4367 18.9774
289.4442 18.9730
289.4518 18.9685
289.4593 18.9641
289.4669 18.9596
289.4744 18.9551
289.4819 18.9507
289.4895 18.9462
289.4970 18.9418
289.5045 18.9373
289.5121 18.9328
289.5196 18.9284
289.5272 18.9239
289.5347 18.9195
289.5423 18.9150
289.5498 18.9106
289.5573 18.9061
289.5649 18.9016
289.5724 18.8972
289.5800 18.8927
289.5875 18.8883
289.5951 18.8838
289.6026 18.8794
289.6102 18.8749
289.6177 18.8704
289.6253 18.8660
289.6328 18.8615
289.6404 18.8571
289.6479 18.8526
289.6555 18.8482
289.6630 18.8437
289.6706 18.8392
289.6781 18.8348
289.6857 18.8303
289.6932 18.8259
289.7008 18.8214
289.7083 18.8170
289.7159 18.8125
289.7234 18.8080
289.7310 18.8036
289.7386 18.7991
289.7461 18.7947
289.7537 18.7902
289.7612 18.7858
289.7688 18.7813
289.7763 18.7768
289.7839 18.7724
289.7915 18.7679
289.7990 18.7635
289.8066 18.7590
289.8141 18.7546
289.8217 18.7501
289.8293 18.7457
289.8368 18.7412
289.8444 18.7367
289.8520 18.7323
289.8595 18.7278
289.8671 18.7234
289.8747 18.7189
289.8822 18.7145
289.8898 18.7100
289.8974 18.7056
289.9049 18.7011
289.9125 18.6967
289.9201 18.6922
289.9276 18.6877
289.9352 18.6833
289.9428 18.6788
289.9504 18.6744
289.9579 18.6699
289.9655 18.6655
289.9731 18.6610
289.9806 18.6566
289.9882 18.6521
289.9958 18.6477
290.0034 18.6432
290.0109 18.6387
290.0185 18.6343
290.0261 18.6298
290.0337 18.6254
290.0413 18.6209
290.0488 18.6165
290.0564 18.6120
290.0640 18.6076
290.0716 18.6031
290.0791 18.5987
290.0867 18.5942
290.0943 18.5898
290.1019 18.5853
290.1095 18.5809
290.1171 18.5764
290.1246 18.5720
290.1322 18.5675
290.1398 18.5630
290.1474 18.5586
290.1550 18.5541
290.1626 18.5497
290.1702 18.5452
290.1777 18.5408
290.1853 18.5363
290.1929 18.5319
290.2005 18.5274
290.2081 18.5230
290.2157 18.5185
290.2233 18.5141
290.2309 18.5096
290.2385 18.5052
290.2461 18.5007
290.2536 18.4963
290.2612 18.4918
290.2688 18.4874
290.2764 18.4829
290.2840 18.4785
290.2916 18.4740
290.2992 18.4696
290.3068 18.4651
290.3144 18.4607
290.3220 18.4562
290.3296 18.4518
290.3372 18.4473
290.3448 18.4429
290.3524 18.4384
290.3600 18.4340
290.3676 18.4295
290.3752 18.4251
290.3828 18.4206
290.3904 18.4162
290.3980 18.4117
290.4056 18.4073
290.4132 18.4028
290.4208 18.3984
290.4284 18.3939
290.4360 18.3895
290.4436 18.3850
290.4512 18.3806
290.4589 18.3761
290.4665 18.3717
290.4741 18.3672
290.4817 18.3628
290.4893 18.3583
290.4969 18.3539
290.5045 18.3494
290.5121 18.3450
290.5197 18.3405
290.5273 18.3361
290.5350 18.3316
290.5426 18.3272
290.5502 18.3227
290.5578 18.3183
290.5654 18.3138
290.5730 18.3094
290.5806 18.3050
290.5883 18.3005
290.5959 18.2961
290.6035 18.2916
290.6111 18.2872
290.6187 18.2827
290.6264 18.2783
290.6340 18.2738
290.6416 18.2694
290.6492 18.2649
290.6568 18.2605
290.6645 18.2560
290.6721 18.2516
290.6797 18.2471
290.6873 18.2427
290.6949 18.2383
290.7026 18.2338
290.7102 18.2294
290.7178 18.2249
290.7254 18.2205
290.7331 18.2160
290.7407 18.2116
290.7483 18.2071
290.7560 18.2027
290.7636 18.1982
290.7712 18.1938
290.7788 18.1894
290.7865 18.1849
290.7941 18.1805
290.8017 18.1760
290.8094 18.1716
290.8170 18.1671
290.8246 18.1627
290.8323 18.1582
290.8399 18.1538
290.8475 18.1494
290.8552 18.1449
290.8628 18.1405
290.8704 18.1360
290.8781 18.1316
290.8857 18.1271
290.8934 18.1227
290.9010 18.1183
290.9086 18.1138
290.9163 18.1094
290.9239 18.1049
290.9316 18.1005
290.9392 18.0960
290.9468 18.0916
290.9545 18.0871
290.9621 18.0827
290.9698 18.0783
290.9774 18.0738
290.9851 18.0694
290.9927 18.0649
291.0004 18.0605
291.0080 18.0561
291.0156 18.0516
291.0233 18.0472
291.0309 18.0427
291.0386 18.0383
291.0462 18.0338
291.0539 18.0294
291.0615 18.0250
291.0692 18.0205
291.0768 18.0161
291.0845 18.0116
291.0921 18.0072
291.0998 18.0028
291.1074 17.9983
291.1151 17.9939
291.1228 17.9894
291.1304 17.9850
291.1381 17.9806
291.1457 17.9761
291.1534 17.9717
291.1610 17.9672
291.1687 17.9628
291.1764 17.9584
291.1840 17.9539
291.1917 17.9495
291.1993 17.9450
291.2070 17.9406
291.2147 17.9362
291.2223 17.9317
291.2300 17.9273
291.2376 17.9228
291.2453 17.9184
291.2530 17.9140
291.2606 17.9095
291.2683 17.9051
291.2760 17.9007
291.2836 17.8962
291.2913 17.8918
291.2990 17.8873
291.3066 17.8829
291.3143 17.8785
291.3220 17.8740
291.3296 17.8696
291.3373 17.8651
291.3450 17.8607
291.3526 17.8563
291.3603 17.8518
291.3680 17.8474
291.3757 17.8430
291.3833 17.8385
291.3910 17.8341
291.3987 17.8297
291.4064 17.8252
291.4140 17.8208
291.4217 17.8163
291.4294 17.8119
291.4371 17.8075
291.4447 17.8030
291.4524 17.7986
291.4601 17.7942
291.4678 17.7897
291.4755 17.7853
291.4831 17.7809
291.4908 17.7764
291.4985 17.7720
291.5062 17.7676
291.5139 17.7631
291.5215 17.7587
291.5292 17.7542
291.5369 17.7498
291.5446 17.7454
291.5523 17.7409
291.5600 17.7365
291.5677 17.7321
291.5753 17.7276
291.5830 17.7232
291.5907 17.7188
291.5984 17.7143
291.6061 17.7099
291.6138 17.7055
291.6215 17.7010
291.6292 17.6966
291.6369 17.6922
291.6446 17.6877
291.6522 17.6833
291.6599 17.6789
291.6676 17.6744
291.6753 17.6700
291.6830 17.6656
291.6907 17.6611
291.6984 17.6567
291.7061 17.6523
291.7138 17.6478
291.7215 17.6434
291.7292 17.6390
291.7369 17.6345
291.7446 17.6301
291.7523 17.6257
291.7600 17.6213
291.7677 17.6168
291.7754 17.6124
291.7831 17.6080
291.7908 17.6035
291.7985 17.5991
291.8062 17.5947
291.8139 17.5902
291.8216 17.5858
291.8293 17.5814
291.8370 17.5769
291.8448 17.5725
291.8525 17.5681
291.8602 17.5637
291.8679 17.5592
291.8756 17.5548
291.8833 17.5504
291.8910 17.5459
291.8987 17.5415
291.9064 17.5371
291.9141 17.5326
291.9219 17.5282
291.9296 17.5238
291.9373 17.5194
291.9450 17.5149
291.9527 17.5105
291.9604 17.5061
291.9681 17.5016
291.9759 17.4972
291.9836 17.4928
291.9913 17.4884
291.9990 17.4839
292.0067 17.4795
292.0144 17.4751
292.0222 17.4707
292.0299 17.4662
292.0376 17.4618
292.0453 17.4574
292.0531 17.4529
292.0608 17.4485
292.0685 17.4441
292.0762 17.4397
292.0839 17.4352
292.0917 17.4308
292.0994 17.4264
292.1071 17.4220
292.1149 17.4175
292.1226 17.4131
292.1303 17.4087
292.1380 17.4043
292.1458 17.3998
292.1535 17.3954
292.1612 17.3910
292.1690 17.3866
292.1767 17.3821
292.1844 17.3777
292.1921 17.3733
292.1999 17.3689
292.2076 17.3644
292.2153 17.3600
292.2231 17.3556
292.2308 17.3512
292.2386 17.3467
292.2463 17.3423
292.2540 17.3379
292.2618 17.3335
292.2695 17.3290
292.2772 17.3246
292.2850 17.3202
292.2927 17.3158
292.3005 17.3113
292.3082 17.3069
292.3159 17.3025
292.3237 17.2981
292.3314 17.2937
292.3392 17.2892
292.3469 17.2848
292.3547 17.2804
292.3624 17.2760
292.3701 17.2715
292.3779 17.2671
292.3856 17.2627
292.3934 17.2583
292.4011 17.2539
292.4089 17.2494
292.4166 17.2450
292.4244 17.2406
292.4321 17.2362
292.4399 17.2318
292.4476 17.2273
292.4554 17.2229
292.4631 17.2185
292.4709 17.2141
292.4786 17.2097
292.4864 17.2052
292.4942 17.2008
292.5019 17.1964
292.5097 17.1920
292.5174 17.1876
292.5252 17.1831
292.5329 17.1787
292.5407 17.1743
292.5485 17.1699
292.5562 17.1655
292.5640 17.1610
292.5717 17.1566
292.5795 17.1522
292.5873 17.1478
292.5950 17.1434
292.6028 17.1390
292.6105 17.1345
292.6183 17.1301
292.6261 17.1257
292.6338 17.1213
292.6416 17.1169
292.6494 17.1125
292.6571 17.1080
292.6649 17.1036
292.6727 17.0992
292.6804 17.0948
292.6882 17.0904
292.6960 17.0860
292.7037 17.0815
292.7115 17.0771
292.7193 17.0727
292.7271 17.0683
292.7348 17.0639
292.7426 17.0595
292.7504 17.0550
292.7581 17.0506
292.7659 17.0462
292.7737 17.0418
292.7815 17.0374
292.7892 17.0330
292.7970 17.0286
292.8048 17.0241
292.8126 17.0197
292.8204 17.0153
292.8281 17.0109
292.8359 17.0065
292.8437 17.0021
292.8515 16.9977
292.8593 16.9932
292.8670 16.9888
292.8748 16.9844
292.8826 16.9800
292.8904 16.9756
292.8982 16.9712
292.9060 16.9668
292.9137 16.9624
292.9215 16.9579
292.9293 16.9535
292.9371 16.9491
292.9449 16.9447
292.9527 16.9403
292.9605 16.9359
292.9683 16.9315
292.9761 16.9271
292.9838 16.9227
292.9916 16.9182
292.9994 16.9138
293.0072 16.9094
293.0150 16.9050
293.0228 16.9006
293.0306 16.8962
293.0384 16.8918
293.0462 16.8874
293.0540 16.8830
293.0618 16.8786
293.0696 16.8741
293.0774 16.8697
293.0852 16.8653
293.0930 16.8609
293.1008 16.8565
293.1086 16.8521
293.1164 16.8477
293.1242 16.8433
293.1320 16.8389
293.1398 16.8345
293.1476 16.8301
293.1554 16.8257
293.1632 16.8212
293.1710 16.8168
293.1788 16.8124
293.1866 16.8080
293.1944 16.8036
293.2022 16.7992
293.2100 16.7948
293.2178 16.7904
293.2256 16.7860
293.2335 16.7816
293.2413 16.7772
293.2491 16.7728
293.2569 16.7684
293.2647 16.7640
293.2725 16.7596
293.2803 16.7551
293.2881 16.7507
293.2960 16.7463
293.3038 16.7419
293.3116 16.7375
293.3194 16.7331
293.3272 16.7287
293.3350 16.7243
293.3428 16.7199
293.3507 16.7155
293.3585 16.7111
293.3663 16.7067
293.3741 16.7023
293.3819 16.6979
293.3898 16.6935
293.3976 16.6891
293.4054 16.6847
293.4132 16.6803
293.4211 16.6759
293.4289 16.6715
293.4367 16.6671
293.4445 16.6627
293.4524 16.6583
293.4602 16.6539
293.4680 16.6495
293.4758 16.6451
293.4837 16.6407
293.4915 16.6363
293.4993 16.6319
293.5072 16.6275
293.5150 16.6231
293.5228 16.6187
293.5307 16.6142
293.5385 16.6098
293.5463 16.6054
293.5542 16.6010
293.5620 16.5966
293.5698 16.5922
293.5777 16.5878
293.5855 16.5834
293.5933 16.5790
293.6012 16.5747
293.6090 16.5703
293.6168 16.5659
293.6247 16.5615
293.6325 16.5571
293.6404 16.5527
293.6482 16.5483
293.6560 16.5439
293.6639 16.5395
293.6717 16.5351
293.6796 16.5307
293.6874 16.5263
293.6953 16.5219
293.7031 16.5175
293.7110 16.5131
293.7188 16.5087
293.7266 16.5043
293.7345 16.4999
293.7423 16.4955
293.7502 16.4911
293.7580 16.4867
293.7659 16.4823
293.7737 16.4779
293.7816 16.4735
293.7894 16.4691
293.7973 16.4647
293.8051 16.4603
293.8130 16.4559
293.8209 16.4515
293.8287 16.4471
293.8366 16.4427
293.8444 16.4384
293.8523 16.4340
293.8601 16.4296
293.8680 16.4252
293.8758 16.4208
293.8837 16.4164
293.8916 16.4120
293.8994 16.4076
293.9073 16.4032
293.9151 16.3988
293.9230 16.3944
293.9309 16.3900
293.9387 16.3856
293.9466 16.3812
293.9545 16.3768
293.9623 16.3725
293.9702 16.3681
293.9781 16.3637
293.9859 16.3593
293.9938 16.3549
294.0017 16.3505
294.0095 16.3461
294.0174 16.3417
294.0253 16.3373
294.0331 16.3329
294.0410 16.3285
294.0489 16.3242
294.0568 16.3198
294.0646 16.3154
294.0725 16.3110
294.0804 16.3066
294.0882 16.3022
294.0961 16.2978
294.1040 16.2934
294.1119 16.2890
294.1197 16.2847
294.1276 16.2803
294.1355 16.2759
294.1434 16.2715
294.1513 16.2671
294.1591 16.2627
294.1670 16.2583
294.1749 16.2539
294.1828 16.2495
294.1907 16.2452
294.1985 16.2408
294.2064 16.2364
294.2143 16.2320
294.2222 16.2276
294.2301 16.2232
294.2380 16.2188
294.2459 16.2145
294.2537 16.2101
294.2616 16.2057
294.2695 16.2013
294.2774 16.1969
294.2853 16.1925
294.2932 16.1881
294.3011 16.1838
294.3090 16.1794
294.3169 16.1750
294.3247 16.1706
294.3326 16.1662
294.3405 16.1618
294.3484 16.1575
294.3563 16.1531
294.3642 16.1487
294.3721 16.1443
294.3800 16.1399
294.3879 16.1355
294.3958 16.1312
294.4037 16.1268
294.4116 16.1224
294.4195 16.1180
294.4274 16.1136
294.4353 16.1092
294.4432 16.1049
294.4511 16.1005
294.4590 16.0961
294.4669 16.0917
294.4748 16.0873
294.4827 16.0830
294.4906 16.0786
294.4985 16.0742
294.5064 16.0698
294.5143 16.0654
294.5222 16.0611
294.5302 16.0567
294.5381 16.0523
294.5460 16.0479
294.5539 16.0435
294.5618 16.0392
294.5697 16.0348
294.5776 16.0304
294.5855 16.0260
294.5934 16.0217
294.6014 16.0173
294.6093 16.0129
294.6172 16.0085
294.6251 16.0041
294.6330 15.9998
294.6409 15.9954
294.6488 15.9910
294.6568 15.9866
294.6647 15.9823
294.6726 15.9779
294.6805 15.9735
294.6884 15.9691
294.6964 15.9648
294.7043 15.9604
294.7122 15.9560
294.7201 15.9516
294.7280 15.9473
294.7360 15.9429
294.7439 15.9385
294.7518 15.9341
294.7597 15.9298
294.7677 15.9254
294.7756 15.9210
294.7835 15.9166
294.7915 15.9123
294.7994 15.9079
294.8073 15.9035
294.8152 15.8991
294.8232 15.8948
294.8311 15.8904
294.8390 15.8860
294.8470 15.8816
294.8549 15.8773
294.8628 15.8729
294.8708 15.8685
294.8787 15.8642
294.8866 15.8598
294.8946 15.8554
294.9025 15.8510
294.9104 15.8467
294.9184 15.8423
294.9263 15.8379
294.9343 15.8336
294.9422 15.8292
294.9501 15.8248
294.9581 15.8205
294.9660 15.8161
294.9740 15.8117
294.9819 15.8073
294.9899 15.8030
294.9978 15.7986
295.0057 15.7942
295.0137 15.7899
295.0216 15.7855
295.0296 15.7811
295.0375 15.7768
295.0455 15.7724
295.0534 15.7680
295.0614 15.7637
295.0693 15.7593
295.0773 15.7549
295.0852 15.7506
295.0932 15.7462
295.1011 15.7418
295.1091 15.7375
295.1170 15.7331
295.1250 15.7287
295.1329 15.7244
295.1409 15.7200
295.1489 15.7156
295.1568 15.7113
295.1648 15.7069
295.1727 15.7025
295.1807 15.6982
295.1886 15.6938
295.1966 15.6894
295.2046 15.6851
295.2125 15.6807
295.2205 15.6764
295.2284 15.6720
295.2364 15.6676
295.2444 15.6633
295.2523 15.6589
295.2603 15.6545
295.2683 15.6502
295.2762 15.6458
295.2842 15.6415
295.2922 15.6371
295.3001 15.6327
295.3081 15.6284
295.3161 15.6240
295.3240 15.6196
295.3320 15.6153
295.3400 15.6109
295.3480 15.6066
295.3559 15.6022
295.3639 15.5978
295.3719 15.5935
295.3798 15.5891
295.3878 15.5848
295.3958 15.5804
295.4038 15.5760
295.4117 15.5717
295.4197 15.5673
295.4277 15.5630
295.4357 15.5586
295.4437 15.5543
295.4516 15.5499
295.4596 15.5455
295.4676 15.5412
295.4756 15.5368
295.4836 15.5325
295.4915 15.5281
295.4995 15.5238
295.5075 15.5194
295.5155 15.5150
295.5235 15.5107
295.5315 15.5063
295.5394 15.5020
295.5474 15.4976
295.5554 15.4933
295.5634 15.4889
295.5714 15.4845
295.5794 15.4802
295.5874 15.4758
295.5954 15.4715
295.6034 15.4671
295.6114 15.4628
295.6193 15.4584
295.6273 15.4541
295.6353 15.4497
295.6433 15.4454
295.6513 15.4410
295.6593 15.4367
295.6673 15.4323
295.6753 15.4280
295.6833 15.4236
295.6913 15.4192
295.6993 15.4149
295.7073 15.4105
295.7153 15.4062
295.7233 15.4018
295.7313 15.3975
295.7393 15.3931
295.7473 15.3888
295.7553 15.3844
295.7633 15.3801
295.7713 15.3757
295.7793 15.3714
295.7873 15.3670
295.7953 15.3627
295.8033 15.3583
295.8114 15.3540
295.8194 15.3496
295.8274 15.3453
295.8354 15.3409
295.8434 15.3366
295.8514 15.3323
295.8594 15.3279
295.8674 15.3236
295.8754 15.3192
295.8834 15.3149
295.8915 15.3105
295.8995 15.3062
295.9075 15.3018
295.9155 15.2975
295.9235 15.2931
295.9315 15.2888
295.9396 15.2844
295.9476 15.2801
295.9556 15.2757
295.9636 15.2714
295.9716 15.2671
295.9797 15.2627
295.9877 15.2584
295.9957 15.2540
296.0037 15.2497
296.0117 15.2453
296.0198 15.2410
296.0278 15.2366
296.0358 15.2323
296.0438 15.2280
296.0519 15.2236
296.0599 15.2193
296.0679 15.2149
296.0760 15.2106
296.0840 15.2063
296.0920 15.2019
296.1000 15.1976
296.1081 15.1932
296.1161 15.1889
296.1241 15.1845
296.1322 15.1802
296.1402 15.1759
296.1482 15.1715
296.1563 15.1672
296.1643 15.1628
296.1723 15.1585
296.1804 15.1542
296.1884 15.1498
296.1965 15.1455
296.2045 15.1412
296.2125 15.1368
296.2206 15.1325
296.2286 15.1281
296.2367 15.1238
296.2447 15.1195
296.2527 15.1151
296.2608 15.1108
296.2688 15.1065
296.2769 15.1021
296.2849 15.0978
296.2930 15.0934
296.3010 15.0891
296.3090 15.0848
296.3171 15.0804
296.3251 15.0761
296.3332 15.0718
296.3412 15.0674
296.3493 15.0631
296.3573 15.0588
296.3654 15.0544
296.3734 15.0501
296.3815 15.0458
296.3895 15.0414
296.3976 15.0371
296.4057 15.0328
296.4137 15.0284
296.4218 15.0241
296.4298 15.0198
296.4379 15.0154
296.4459 15.0111
296.4540 15.0068
296.4621 15.0024
296.4701 14.9981
296.4782 14.9938
296.4862 14.9894
296.4943 14.9851
296.5024 14.9808
296.5104 14.9764
296.5185 14.9721
296.5265 14.9678
296.5346 14.9635
296.5427 14.9591
296.5507 14.9548
296.5588 14.9505
296.5669 14.9461
296.5749 14.9418
296.5830 14.9375
296.5911 14.9332
296.5991 14.9288
296.6072 14.9245
296.6153 14.9202
296.6234 14.9158
296.6314 14.9115
296.6395 14.9072
296.6476 14.9029
296.6557 14.8985
296.6637 14.8942
296.6718 14.8899
296.6799 14.8856
296.6880 14.8812
296.6960 14.8769
296.7041 14.8726
296.7122 14.8683
296.7203 14.8639
296.7283 14.8596
296.7364 14.8553
296.7445 14.8510
296.7526 14.8466
296.7607 14.8423
296.7688 14.8380
296.7768 14.8337
296.7849 14.8293
296.7930 14.8250
296.8011 14.8207
296.8092 14.8164
296.8173 14.8121
296.8254 14.8077
296.8334 14.8034
296.8415 14.7991
296.8496 14.7948
296.8577 14.7905
296.8658 14.7861
296.8739 14.7818
296.8820 14.7775
296.8901 14.7732
296.8982 14.7689
296.9063 14.7645
296.9144 14.7602
296.9225 14.7559
296.9306 14.7516
296.9387 14.7473
296.9467 14.7429
296.9548 14.7386
296.9629 14.7343
296.9710 14.7300
296.9791 14.7257
296.9872 14.7214
296.9953 14.7170
297.0035 14.7127
297.0116 14.7084
297.0197 14.7041
297.0278 14.6998
297.0359 14.6955
297.0440 14.6911
297.0521 14.6868
297.0602 14.6825
297.0683 14.6782
297.0764 14.6739
297.0845 14.6696
297.0926 14.6653
297.1007 14.6609
297.1088 14.6566
297.1169 14.6523
297.1251 14.6480
297.1332 14.6437
297.1413 14.6394
297.1494 14.6351
297.1575 14.6307
297.1656 14.6264
297.1737 14.6221
297.1819 14.6178
297.1900 14.6135
297.1981 14.6092
297.2062 14.6049
297.2143 14.6006
297.2224 14.5963
297.2306 14.5919
297.2387 14.5876
297.2468 14.5833
297.2549 14.5790
297.2631 14.5747
297.2712 14.5704
297.2793 14.5661
297.2874 14.5618
297.2956 14.5575
297.3037 14.5532
297.3118 14.5489
297.3199 14.5446
297.3281 14.5402
297.3362 14.5359
297.3443 14.5316
297.3525 14.5273
297.3606 14.5230
297.3687 14.5187
297.3768 14.5144
297.3850 14.5101
297.3931 14.5058
297.4012 14.5015
297.4094 14.4972
297.4175 14.4929
297.4257 14.4886
297.4338 14.4843
297.4419 14.4800
297.4501 14.4757
297.4582 14.4714
297.4663 14.4671
297.4745 14.4628
297.4826 14.4585
297.4908 14.4542
297.4989 14.4498
297.5070 14.4455
297.5152 14.4412
297.5233 14.4369
297.5315 14.4326
297.5396 14.4283
297.5478 14.4240
297.5559 14.4197
297.5641 14.4154
297.5722 14.4111
297.5804 14.4068
297.5885 14.4025
297.5967 14.3982
297.6048 14.3939
297.6130 14.3896
297.6211 14.3853
297.6293 14.3810
297.6374 14.3768
297.6456 14.3725
297.6537 14.3682
297.6619 14.3639
297.6700 14.3596
297.6782 14.3553
297.6863 14.3510
297.6945 14.3467
297.7027 14.3424
297.7108 14.3381
297.7190 14.3338
297.7271 14.3295
297.7353 14.3252
297.7435 14.3209
297.7516 14.3166
297.7598 14.3123
297.7679 14.3080
297.7761 14.3037
297.7843 14.2994
297.7924 14.2951
297.8006 14.2908
297.8088 14.2866
297.8169 14.2823
297.8251 14.2780
297.8333 14.2737
297.8414 14.2694
297.8496 14.2651
297.8578 14.2608
297.8660 14.2565
297.8741 14.2522
297.8823 14.2479
297.8905 14.2436
297.8987 14.2393
297.9068 14.2351
297.9150 14.2308
297.9232 14.2265
297.9314 14.2222
297.9395 14.2179
297.9477 14.2136
297.9559 14.2093
297.9641 14.2050
297.9722 14.2008
297.9804 14.1965
297.9886 14.1922
297.9968 14.1879
298.0050 14.1836
298.0132 14.1793
298.0213 14.1750
298.0295 14.1707
298.0377 14.1665
298.0459 14.1622
298.0541 14.1579
298.0623 14.1536
298.0705 14.1493
298.0786 14.1450
298.0868 14.1408
298.0950 14.1365
298.1032 14.1322
298.1114 14.1279
298.1196 14.1236
298.1278 14.1193
298.1360 14.1151
298.1442 14.1108
298.1524 14.1065
298.1606 14.1022
298.1688 14.0979
298.1770 14.0936
298.1852 14.0894
298.1934 14.0851
298.2016 14.0808
298.2097 14.0765
298.2179 14.0722
298.2261 14.0680
298.2344 14.0637
298.2426 14.0594
298.2508 14.0551
298.2590 14.0508
298.2672 14.0466
298.2754 14.0423
298.2836 14.0380
298.2918 14.0337
298.3000 14.0295
298.3082 14.0252
298.3164 14.0209
298.3246 14.0166
298.3328 14.0124
298.3410 14.0081
298.3492 14.0038
298.3574 13.9995
298.3657 13.9952
298.3739 13.9910
298.3821 13.9867
298.3903 13.9824
298.3985 13.9781
298.4067 13.9739
298.4149 13.9696
298.4232 13.9653
298.4314 13.9611
298.4396 13.9568
298.4478 13.9525
298.4560 13.9482
298.4643 13.9440
298.4725 13.9397
298.4807 13.9354
298.4889 13.9312
298.4971 13.9269
298.5054 13.9226
298.5136 13.9183
298.5218 13.9141
298.5300 13.9098
298.5383 13.9055
298.5465 13.9013
298.5547 13.8970
298.5629 13.8927
298.5712 13.8885
298.5794 13.8842
298.5876 13.8799
298.5959 13.8756
298.6041 13.8714
298.6123 13.8671
298.6206 13.8628
298.6288 13.8586
298.6370 13.8543
298.6453 13.8500
298.6535 13.8458
298.6617 13.8415
298.6700 13.8372
298.6782 13.8330
298.6864 13.8287
298.6947 13.8245
298.7029 13.8202
298.7112 13.8159
298.7194 13.8117
298.7276 13.8074
298.7359 13.8031
298.7441 13.7989
298.7524 13.7946
298.7606 13.7903
298.7689 13.7861
298.7771 13.7818
298.7854 13.7776
298.7936 13.7733
298.8018 13.7690
298.8101 13.7648
298.8183 13.7605
298.8266 13.7563
298.8348 13.7520
298.8431 13.7477
298.8513 13.7435
298.8596 13.7392
298.8679 13.7350
298.8761 13.7307
298.8844 13.7264
298.8926 13.7222
298.9009 13.7179
298.9091 13.7137
298.9174 13.7094
298.9256 13.7052
298.9339 13.7009
298.9422 13.6966
298.9504 13.6924
298.9587 13.6881
298.9669 13.6839
298.9752 13.6796
298.9835 13.6754
298.9917 13.6711
299.0000 13.6669
299.0083 13.6626
299.0165 13.6583
299.0248 13.6541
299.0331 13.6498
299.0413 13.6456
299.0496 13.6413
299.0579 13.6371
299.0661 13.6328
299.0744 13.6286
299.0827 13.6243
299.0909 13.6201
299.0992 13.6158
299.1075 13.6116
299.1158 13.6073
299.1240 13.6031
299.1323 13.5988
299.1406 13.5946
299.1489 13.5903
299.1571 13.5861
299.1654 13.5818
299.1737 13.5776
299.1820 13.5733
299.1903 13.5691
299.1985 13.5648
299.2068 13.5606
299.2151 13.5563
299.2234 13.5521
299.2317 13.5478
299.2399 13.5436
299.2482 13.5393
299.2565 13.5351
299.2648 13.5309
299.2731 13.5266
299.2814 13.5224
299.2897 13.5181
299.2980 13.5139
299.3062 13.5096
299.3145 13.5054
299.3228 13.5011
299.3311 13.4969
299.3394 13.4927
299.3477 13.4884
299.3560 13.4842
299.3643 13.4799
299.3726 13.4757
299.3809 13.4714
299.3892 13.4672
299.3975 13.4630
299.4058 13.4587
299.4141 13.4545
299.4224 13.4502
299.4307 13.4460
299.4390 13.4418
299.4473 13.4375
299.4556 13.4333
299.4639 13.4290
299.4722 13.4248
299.4805 13.4206
299.4888 13.4163
299.4971 13.4121
299.5054 13.4079
299.5137 13.4036
299.5220 13.3994
299.5303 13.3951
299.5386 13.3909
299.5469 13.3867
299.5552 13.3824
299.5635 13.3782
299.5719 13.3740
299.5802 13.3697
299.5885 13.3655
299.5968 13.3613
299.6051 13.3570
299.6134 13.3528
299.6217 13.3486
299.6301 13.3443
299.6384 13.3401
299.6467 13.3359
299.6550 13.3316
299.6633 13.3274
299.6716 13.3232
299.6800 13.3189
299.6883 13.3147
299.6966 13.3105
299.7049 13.3063
299.7132 13.3020
299.7216 13.2978
299.7299 13.2936
299.7382 13.2893
299.7465 13.2851
299.7549 13.2809
299.7632 13.2767
299.7715 13.2724
299.7799 13.2682
299.7882 13.2640
299.7965 13.2597
299.8048 13.2555
299.8132 13.2513
299.8215 13.2471
299.8298 13.2428
299.8382 13.2386
299.8465 13.2344
299.8548 13.2302
299.8632 13.2259
299.8715 13.2217
299.8798 13.2175
299.8882 13.2133
299.8965 13.2090
299.9049 13.2048
299.9132 13.2006
299.9215 13.1964
299.9299 13.1922
299.9382 13.1879
299.9466 13.1837
299.9549 13.1795
299.9632 13.1753
299.9716 13.1710
299.9799 13.1668
299.9883 13.1626
299.9966 13.1584
300.0050 13.1542
300.0133 13.1499
300.0217 13.1457
300.0300 13.1415
300.0384 13.1373
300.0467 13.1331
300.0551 13.1289
300.0634 13.1246
300.0718 13.1204
300.0801 13.1162
300.0885 13.1120
300.0968 13.1078
300.1052 13.1036
300.1135 13.0993
300.1219 13.0951
300.1303 13.0909
300.1386 13.0867
300.1470 13.0825
300.1553 13.0783
300.1637 13.0741
300.1721 13.0698
300.1804 13.0656
300.1888 13.0614
300.1971 13.0572
300.2055 13.0530
300.2139 13.0488
300.2222 13.0446
300.2306 13.0404
300.2390 13.0361
300.2473 13.0319
300.2557 13.0277
300.2641 13.0235
300.2724 13.0193
300.2808 13.0151
300.2892 13.0109
300.2976 13.0067
300.3059 13.0025
300.3143 12.9983
300.3227 12.9941
300.3310 12.9898
300.3394 12.9856
300.3478 12.9814
300.3562 12.9772
300.3645 12.9730
300.3729 12.9688
300.3813 12.9646
300.3897 12.9604
300.3981 12.9562
300.4064 12.9520
300.4148 12.9478
300.4232 12.9436
300.4316 12.9394
300.4400 12.9352
300.4484 12.9310
300.4567 12.9268
300.4651 12.9226
300.4735 12.9184
300.4819 12.9142
300.4903 12.9100
300.4987 12.9058
300.5071 12.9016
300.5155 12.8974
300.5238 12.8932
300.5322 12.8890
300.5406 12.8848
300.5490 12.8806
300.5574 12.8764
300.5658 12.8722
300.5742 12.8680
300.5826 12.8638
300.5910 12.8596
300.5994 12.8554
300.6078 12.8512
300.6162 12.8470
300.6246 12.8428
300.6330 12.8386
300.6414 12.8344
300.6498 12.8302
300.6582 12.8260
300.6666 12.8218
300.6750 12.8176
300.6834 12.8134
300.6918 12.8092
300.7002 12.8050
300.7086 12.8008
300.7170 12.7966
300.7254 12.7924
300.7338 12.7882
300.7422 12.7840
300.7506 12.7799
300.7591 12.7757
300.7675 12.7715
300.7759 12.7673
300.7843 12.7631
300.7927 12.7589
300.8011 12.7547
300.8095 12.7505
300.8179 12.7463
300.8264 12.7421
300.8348 12.7380
300.8432 12.7338
300.8516 12.7296
300.8600 12.7254
300.8685 12.7212
300.8769 12.7170
300.8853 12.7128
300.8937 12.7086
300.9021 12.7045
300.9106 12.7003
300.9190 12.6961
300.9274 12.6919
300.9358 12.6877
300.9443 12.6835
300.9527 12.6793
300.9611 12.6752
300.9695 12.6710
300.9780 12.6668
300.9864 12.6626
300.9948 12.6584
301.0033 12.6542
301.0117 12.6501
301.0201 12.6459
301.0286 12.6417
301.0370 12.6375
301.0454 12.6333
301.0539 12.6292
301.0623 12.6250
301.0707 12.6208
301.0792 12.6166
301.0876 12.6124
301.0960 12.6083
301.1045 12.6041
301.1129 12.5999
301.1214 12.5957
301.1298 12.5915
301.1382 12.5874
301.1467 12.5832
301.1551 12.5790
301.1636 12.5748
301.1720 12.5707
301.1805 12.5665
301.1889 12.5623
301.1974 12.5581
301.2058 12.5540
301.2143 12.5498
301.2227 12.5456
301.2312 12.5414
301.2396 12.5373
301.2481 12.5331
301.2565 12.5289
301.2650 12.5247
301.2734 12.5206
301.2819 12.5164
301.2903 12.5122
301.2988 12.5081
301.3072 12.5039
301.3157 12.4997
301.3241 12.4956
301.3326 12.4914
301.3411 12.4872
301.3495 12.4830
301.3580 12.4789
301.3664 12.4747
301.3749 12.4705
301.3834 12.4664
301.3918 12.4622
301.4003 12.4580
301.4088 12.4539
301.4172 12.4497
301.4257 12.4455
301.4342 12.4414
301.4426 12.4372
301.4511 12.4330
301.4596 12.4289
301.4680 12.4247
301.4765 12.4205
301.4850 12.4164
301.4935 12.4122
301.5019 12.4081
301.5104 12.4039
301.5189 12.3997
301.5273 12.3956
301.5358 12.3914
301.5443 12.3872
301.5528 12.3831
301.5613 12.3789
301.5697 12.3748
301.5782 12.3706
301.5867 12.3664
301.5952 12.3623
301.6037 12.3581
301.6121 12.3540
301.6206 12.3498
301.6291 12.3457
301.6376 12.3415
301.6461 12.3373
301.6546 12.3332
301.6630 12.3290
301.6715 12.3249
301.6800 12.3207
301.6885 12.3166
301.6970 12.3124
301.7055 12.3082
301.7140 12.3041
301.7225 12.2999
301.7310 12.2958
301.7394 12.2916
301.7479 12.2875
301.7564 12.2833
301.7649 12.2792
301.7734 12.2750
301.7819 12.2709
301.7904 12.2667
301.7989 12.2626
301.8074 12.2584
301.8159 12.2543
301.8244 12.2501
301.8329 12.2460
301.8414 12.2418
301.8499 12.2377
301.8584 12.2335
301.8669 12.2294
301.8754 12.2252
301.8839 12.2211
301.8924 12.2169
301.9009 12.2128
301.9094 12.2086
301.9180 12.2045
301.9265 12.2003
301.9350 12.1962
301.9435 12.1921
301.9520 12.1879
301.9605 12.1838
301.9690 12.1796
301.9775 12.1755
301.9860 12.1713
301.9946 12.1672
302.0031 12.1630
302.0116 12.1589
302.0201 12.1548
302.0286 12.1506
302.0371 12.1465
302.0457 12.1423
302.0542 12.1382
302.0627 12.1341
302.0712 12.1299
302.0797 12.1258
302.0883 12.1216
302.0968 12.1175
302.1053 12.1134
302.1138 12.1092
302.1224 12.1051
302.1309 12.1009
302.1394 12.0968
302.1479 12.0927
302.1565 12.0885
302.1650 12.0844
302.1735 12.0803
302.1821 12.0761
302.1906 12.0720
302.1991 12.0679
302.2076 12.0637
302.2162 12.0596
302.2247 12.0555
302.2333 12.0513
302.2418 12.0472
302.2503 12.0431
302.2589 12.0389
302.2674 12.0348
302.2759 12.0307
302.2845 12.0265
302.2930 12.0224
302.3016 12.0183
302.3101 12.0141
302.3186 12.0100
302.3272 12.0059
302.3357 12.0017
302.3443 11.9976
302.3528 11.9935
302.3614 11.9894
302.3699 11.9852
302.3785 11.9811
302.3870 11.9770
302.3955 11.9729
302.4041 11.9687
302.4126 11.9646
302.4212 11.9605
302.4297 11.9564
302.4383 11.9522
302.4469 11.9481
302.4554 11.9440
302.4640 11.9399
302.4725 11.9357
302.4811 11.9316
302.4896 11.9275
302.4982 11.9234
302.5067 11.9192
302.5153 11.9151
302.5239 11.9110
302.5324 11.9069
302.5410 11.9028
302.5495 11.8986
302.5581 11.8945
302.5667 11.8904
302.5752 11.8863
302.5838 11.8822
302.5924 11.8780
302.6009 11.8739
302.6095 11.8698
302.6181 11.8657
302.6266 11.8616
302.6352 11.8575
302.6438 11.8533
302.6523 11.8492
302.6609 11.8451
302.6695 11.8410
302.6781 11.8369
302.6866 11.8328
302.6952 11.8286
302.7038 11.8245
302.7124 11.8204
302.7209 11.8163
302.7295 11.8122
302.7381 11.8081
302.7467 11.8040
302.7552 11.7999
302.7638 11.7957
302.7724 11.7916
302.7810 11.7875
302.7896 11.7834
302.7982 11.7793
302.8067 11.7752
302.8153 11.7711
302.8239 11.7670
302.8325 11.7629
302.8411 11.7588
302.8497 11.7547
302.8583 11.7505
302.8668 11.7464
302.8754 11.7423
302.8840 11.7382
302.8926 11.7341
302.9012 11.7300
302.9098 11.7259
302.9184 11.7218
302.9270 11.7177
302.9356 11.7136
302.9442 11.7095
302.9528 11.7054
302.9614 11.7013
302.9700 11.6972
302.9786 11.6931
302.9872 11.6890
302.9958 11.6849
303.0044 11.6808
303.0130 11.6767
303.0216 11.6726
303.0302 11.6685
303.0388 11.6644
303.0474 11.6603
303.0560 11.6562
303.0646 11.6521
303.0732 11.6480
303.0818 11.6439
303.0904 11.6398
303.0990 11.6357
303.1076 11.6316
303.1162 11.6275
303.1249 11.6234
303.1335 11.6193
303.1421 11.6152
303.1507 11.6111
303.1593 11.6070
303.1679 11.6029
303.1765 11.5988
303.1852 11.5947
303.1938 11.5907
303.2024 11.5866
303.2110 11.5825
303.2196 11.5784
303.2282 11.5743
303.2369 11.5702
303.2455 11.5661
303.2541 11.5620
303.2627 11.5579
303.2714 11.5538
303.2800 11.5497
303.2886 11.5457
303.2972 11.5416
303.3059 11.5375
303.3145 11.5334
303.3231 11.5293
303.3317 11.5252
303.3404 11.5211
303.3490 11.5170
303.3576 11.5130
303.3663 11.5089
303.3749 11.5048
303.3835 11.5007
303.3922 11.4966
303.4008 11.4925
303.4094 11.4885
303.4181 11.4844
303.4267 11.4803
303.4353 11.4762
303.4440 11.4721
303.4526 11.4680
303.4613 11.4640
303.4699 11.4599
303.4785 11.4558
303.4872 11.4517
303.4958 11.4476
303.5045 11.4436
303.5131 11.4395
303.5218 11.4354
303.5304 11.4313
303.5390 11.4273
303.5477 11.4232
303.5563 11.4191
303.5650 11.4150
303.5736 11.4109
303.5823 11.4069
303.5909 11.4028
303.5996 11.3987
303.6082 11.3946
303.6169 11.3906
303.6256 11.3865
303.6342 11.3824
303.6429 11.3784
303.6515 11.3743
303.6602 11.3702
303.6688 11.3661
303.6775 11.3621
303.6862 11.3580
303.6948 11.3539
303.7035 11.3499
303.7121 11.3458
303.7208 11.3417
303.7295 11.3376
303.7381 11.3336
303.7468 11.3295
303.7554 11.3254
303.7641 11.3214
303.7728 11.3173
303.7814 11.3132
303.7901 11.3092
303.7988 11.3051
303.8075 11.3010
303.8161 11.2970
303.8248 11.2929
303.8335 11.2889
303.8421 11.2848
303.8508 11.2807
303.8595 11.2767
303.8682 11.2726
303.8768 11.2685
303.8855 11.2645
303.8942 11.2604
303.9029 11.2564
303.9115 11.2523
303.9202 11.2482
303.9289 11.2442
303.9376 11.2401
303.9463 11.2360
303.9550 11.2320
303.9636 11.2279
303.9723 11.2239
303.9810 11.2198
303.9897 11.2158
303.9984 11.2117
304.0071 11.2076
304.0157 11.2036
304.0244 11.1995
304.0331 11.1955
304.0418 11.1914
304.0505 11.1874
304.0592 11.1833
304.0679 11.1793
304.0766 11.1752
304.0853 11.1712
304.0940 11.1671
304.1027 11.1631
304.1114 11.1590
304.1201 11.1549
304.1288 11.1509
304.1375 11.1468
304.1462 11.1428
304.1549 11.1387
304.1636 11.1347
304.1723 11.1306
304.1810 11.1266
304.1897 11.1225
304.1984 11.1185
304.2071 11.1145
304.2158 11.1104
304.2245 11.1064
304.2332 11.1023
304.2419 11.0983
304.2506 11.0942
304.2593 11.0902
304.2680 11.0861
304.2767 11.0821
304.2854 11.0780
304.2941 11.0740
304.3029 11.0700
304.3116 11.0659
304.3203 11.0619
304.3290 11.0578
304.3377 11.0538
304.3464 11.0497
304.3552 11.0457
304.3639 11.0417
304.3726 11.0376
304.3813 11.0336
304.3900 11.0295
304.3987 11.0255
304.4075 11.0215
304.4162 11.0174
304.4249 11.0134
304.4336 11.0094
304.4424 11.0053
304.4511 11.0013
304.4598 10.9973
304.4685 10.9932
304.4773 10.9892
304.4860 10.9851
304.4947 10.9811
304.5035 10.9771
304.5122 10.9730
304.5209 10.9690
304.5297 10.9650
304.5384 10.9609
304.5471 10.9569
304.5559 10.9529
304.5646 10.9489
304.5733 10.9448
304.5821 10.9408
304.5908 10.9368
304.5995 10.9327
304.6083 10.9287
304.6170 10.9247
304.6258 10.9206
304.6345 10.9166
304.6432 10.9126
304.6520 10.9086
304.6607 10.9045
304.6695 10.9005
304.6782 10.8965
304.6870 10.8925
304.6957 10.8884
304.7045 10.8844
304.7132 10.8804
304.7220 10.8764
304.7307 10.8723
304.7395 10.8683
304.7482 10.8643
304.7570 10.8603
304.7657 10.8563
304.7745 10.8522
304.7832 10.8482
304.7920 10.8442
304.8007 10.8402
304.8095 10.8362
304.8182 10.8321
304.8270 10.8281
304.8358 10.8241
304.8445 10.8201
304.8533 10.8161
304.8620 10.8120
304.8708 10.8080
304.8796 10.8040
304.8883 10.8000
304.8971 10.7960
304.9059 10.7920
304.9146 10.7880
304.9234 10.7839
304.9322 10.7799
304.9409 10.7759
304.9497 10.7719
304.9585 10.7679
304.9672 10.7639
304.9760 10.7599
304.9848 10.7558
304.9935 10.7518
305.0023 10.7478
305.0111 10.7438
305.0199 10.7398
305.0286 10.7358
305.0374 10.7318
305.0462 10.7278
305.0550 10.7238
305.0638 10.7198
305.0725 10.7158
305.0813 10.7118
305.0901 10.7077
305.0989 10.7037
305.1077 10.6997
305.1164 10.6957
305.1252 10.6917
305.1340 10.6877
305.1428 10.6837
305.1516 10.6797
305.1604 10.6757
305.1692 10.6717
305.1779 10.6677
305.1867 10.6637
305.1955 10.6597
305.2043 10.6557
305.2131 10.6517
305.2219 10.6477
305.2307 10.6437
305.2395 10.6397
305.2483 10.6357
305.2571 10.6317
305.2659 10.6277
305.2747 10.6237
305.2835 10.6197
305.2923 10.6157
305.3011 10.6117
305.3099 10.6077
305.3187 10.6037
305.3275 10.5997
305.3363 10.5957
305.3451 10.5918
305.3539 10.5878
305.3627 10.5838
305.3715 10.5798
305.3803 10.5758
305.3891 10.5718
305.3979 10.5678
305.4067 10.5638
305.4155 10.5598
305.4243 10.5558
305.4331 10.5518
305.4420 10.5478
305.4508 10.5439
305.4596 10.5399
305.4684 10.5359
305.4772 10.5319
305.4860 10.5279
305.4948 10.5239
305.5037 10.5199
305.5125 10.5159
305.5213 10.5120
305.5301 10.5080
305.5389 10.5040
305.5477 10.5000
305.5566 10.4960
305.5654 10.4920
305.5742 10.4881
305.5830 10.4841
305.5919 10.4801
305.6007 10.4761
305.6095 10.4721
305.6183 10.4682
305.6272 10.4642
305.6360 10.4602
305.6448 10.4562
305.6537 10.4522
305.6625 10.4483
305.6713 10.4443
305.6801 10.4403
305.6890 10.4363
305.6978 10.4323
305.7066 10.4284
305.7155 10.4244
305.7243 10.4204
305.7332 10.4164
305.7420 10.4125
305.7508 10.4085
305.7597 10.4045
305.7685 10.4006
305.7774 10.3966
305.7862 10.3926
305.7950 10.3886
305.8039 10.3847
305.8127 10.3807
305.8216 10.3767
305.8304 10.3728
305.8393 10.3688
305.8481 10.3648
305.8570 10.3608
305.8658 10.3569
305.8746 10.3529
305.8835 10.3489
305.8923 10.3450
305.9012 10.3410
305.9101 10.3370
305.9189 10.3331
305.9278 10.3291
305.9366 10.3251
305.9455 10.3212
305.9543 10.3172
305.9632 10.3133
305.9720 10.3093
305.9809 10.3053
305.9898 10.3014
305.9986 10.2974
306.0075 10.2934
306.0163 10.2895
306.0252 10.2855
306.0341 10.2816
306.0429 10.2776
306.0518 10.2736
306.0607 10.2697
306.0695 10.2657
306.0784 10.2618
306.0873 10.2578
306.0961 10.2539
306.1050 10.2499
306.1139 10.2459
306.1227 10.2420
306.1316 10.2380
306.1405 10.2341
306.1494 10.2301
306.1582 10.2262
306.1671 10.2222
306.1760 10.2183
306.1849 10.2143
306.1937 10.2104
306.2026 10.2064
306.2115 10.2025
306.2204 10.1985
306.2293 10.1946
306.2381 10.1906
306.2470 10.1867
306.2559 10.1827
306.2648 10.1788
306.2737 10.1748
306.2825 10.1709
306.2914 10.1669
306.3003 10.1630
306.3092 10.1590
306.3181 10.1551
306.3270 10.1511
306.3359 10.1472
306.3448 10.1432
306.3537 10.1393
306.3625 10.1353
306.3714 10.1314
306.3803 10.1275
306.3892 10.1235
306.3981 10.1196
306.4070 10.1156
306.4159 10.1117
306.4248 10.1078
306.4337 10.1038
306.4426 10.0999
306.4515 10.0959
306.4604 10.0920
306.4693 10.0881
306.4782 10.0841
306.4871 10.0802
306.4960 10.0762
306.5049 10.0723
306.5138 10.0684
306.5227 10.0644
306.5316 10.0605
306.5406 10.0566
306.5495 10.0526
306.5584 10.0487
306.5673 10.0448
306.5762 10.0408
306.5851 10.0369
306.5940 10.0330
306.6029 10.0290
306.6118 10.0251
306.6208 10.0212
306.6297 10.0173
306.6386 10.0133
306.6475 10.0094
306.6564 10.0055
306.6653 10.0015
306.6743 9.9976
306.6832 9.9937
306.6921 9.9898
306.7010 9.9858
306.7099 9.9819
306.7189 9.9780
306.7278 9.9741
306.7367 9.9701
306.7456 9.9662
306.7546 9.9623
306.7635 9.9584
306.7724 9.9544
306.7814 9.9505
306.7903 9.9466
306.7992 9.9427
306.8081 9.9387
306.8171 9.9348
306.8260 9.9309
306.8349 9.9270
306.8439 9.9231
306.8528 9.9191
306.8617 9.9152
306.8707 9.9113
306.8796 9.9074
306.8886 9.9035
306.8975 9.8996
306.9064 9.8956
306.9154 9.8917
306.9243 9.8878
306.9333 9.8839
306.9422 9.8800
306.9511 9.8761
306.9601 9.8722
306.9690 9.8683
306.9780 9.8643
306.9869 9.8604
306.9959 9.8565
307.0048 9.8526
307.0138 9.8487
307.0227 9.8448
307.0317 9.8409
307.0406 9.8370
307.0496 9.8331
307.0585 9.8292
307.0675 9.8252
307.0764 9.8213
307.0854 9.8174
307.0943 9.8135
307.1033 9.8096
307.1123 9.8057
307.1212 9.8018
307.1302 9.7979
307.1391 9.7940
307.1481 9.7901
307.1571 9.7862
307.1660 9.7823
307.1750 9.7784
307.1840 9.7745
307.1929 9.7706
307.2019 9.7667
307.2109 9.7628
307.2198 9.7589
307.2288 9.7550
307.2378 9.7511
307.2467 9.7472
307.2557 9.7433
307.2647 9.7394
307.2736 9.7355
307.2826 9.7316
307.2916 9.7277
307.3006 9.7238
307.3095 9.7199
307.3185 9.7160
307.3275 9.7121
307.3365 9.7082
307.3454 9.7043
307.3544 9.7005
307.3634 9.6966
307.3724 9.6927
307.3814 9.6888
307.3903 9.6849
307.3993 9.6810
307.4083 9.6771
307.4173 9.6732
307.4263 9.6693
307.4353 9.6654
307.4443 9.6616
307.4532 9.6577
307.4622 9.6538
307.4712 9.6499
307.4802 9.6460
307.4892 9.6421
307.4982 9.6382
307.5072 9.6344
307.5162 9.6305
307.5252 9.6266
307.5342 9.6227
307.5432 9.6188
307.5522 9.6149
307.5612 9.6111
307.5701 9.6072
307.5791 9.6033
307.5881 9.5994
307.5971 9.5955
307.6061 9.5917
307.6152 9.5878
307.6242 9.5839
307.6332 9.5800
307.6422 9.5761
307.6512 9.5723
307.6602 9.5684
307.6692 9.5645
307.6782 9.5606
307.6872 9.5568
307.6962 9.5529
307.7052 9.5490
307.7142 9.5452
307.7232 9.5413
307.7322 9.5374
307.7413 9.5335
307.7503 9.5297
307.7593 9.5258
307.7683 9.5219
307.7773 9.5181
307.7863 9.5142
307.7954 9.5103
307.8044 9.5064
307.8134 9.5026
307.8224 9.4987
307.8314 9.4948
307.8405 9.4910
307.8495 9.4871
307.8585 9.4832
307.8675 9.4794
307.8765 9.4755
307.8856 9.4717
307.8946 9.4678
307.9036 9.4639
307.9127 9.4601
307.9217 9.4562
307.9307 9.4523
307.9397 9.4485
307.9488 9.4446
307.9578 9.4408
307.9668 9.4369
307.9759 9.4330
307.9849 9.4292
307.9939 9.4253
308.0030 9.4215
308.0120 9.4176
308.0211 9.4137
308.0301 9.4099
308.0391 9.4060
308.0482 9.4022
308.0572 9.3983
308.0663 9.3945
308.0753 9.3906
308.0843 9.3868
308.0934 9.3829
308.1024 9.3791
308.1115 9.3752
308.1205 9.3714
308.1296 9.3675
308.1386 9.3637
308.1477 9.3598
308.1567 9.3560
308.1658 9.3521
308.1748 9.3483
308.1839 9.3444
308.1929 9.3406
308.2020 9.3367
308.2110 9.3329
308.2201 9.3290
308.2291 9.3252
308.2382 9.3213
308.2472 9.3175
308.2563 9.3136
308.2654 9.3098
308.2744 9.3060
308.2835 9.3021
308.2925 9.2983
308.3016 9.2944
308.3107 9.2906
308.3197 9.2868
308.3288 9.2829
308.3379 9.2791
308.3469 9.2752
308.3560 9.2714
308.3651 9.2676
308.3741 9.2637
308.3832 9.2599
308.3923 9.2560
308.4014 9.2522
308.4104 9.2484
308.4195 9.2445
308.4286 9.2407
308.4376 9.2369
308.4467 9.2330
308.4558 9.2292
308.4649 9.2254
308.4739 9.2215
308.4830 9.2177
308.4921 9.2139
308.5012 9.2100
308.5103 9.2062
308.5193 9.2024
308.5284 9.1986
308.5375 9.1947
308.5466 9.1909
308.5557 9.1871
308.5648 9.1832
308.5739 9.1794
308.5829 9.1756
308.5920 9.1718
308.6011 9.1679
308.6102 9.1641
308.6193 9.1603
308.6284 9.1565
308.6375 9.1526
308.6466 9.1488
308.6557 9.1450
308.6648 9.1412
308.6739 9.1374
308.6830 9.1335
308.6921 9.1297
308.7011 9.1259
308.7102 9.1221
308.7193 9.1183
308.7284 9.1144
308.7375 9.1106
308.7467 9.1068
308.7558 9.1030
308.7649 9.0992
308.7740 9.0954
308.7831 9.0915
308.7922 9.0877
308.8013 9.0839
308.8104 9.0801
308.8195 9.0763
308.8286 9.0725
308.8377 9.0687
308.8468 9.0649
308.8559 9.0610
308.8650 9.0572
308.8742 9.0534
308.8833 9.0496
308.8924 9.0458
308.9015 9.0420
308.9106 9.0382
308.9197 9.0344
308.9289 9.0306
308.9380 9.0268
308.9471 9.0230
308.9562 9.0192
308.9653 9.0154
308.9745 9.0115
308.9836 9.0077
308.9927 9.0039
309.0018 9.0001
309.0109 8.9963
309.0201 8.9925
309.0292 8.9887
309.0383 8.9849
309.0475 8.9811
309.0566 8.9773
309.0657 8.9735
309.0748 8.9697
309.0840 8.9659
309.0931 8.9621
309.1022 8.9583
309.1114 8.9545
309.1205 8.9508
309.1296 8.9470
309.1388 8.9432
309.1479 8.9394
309.1571 8.9356
309.1662 8.9318
309.1753 8.9280
309.1845 8.9242
309.1936 8.9204
309.2028 8.9166
309.2119 8.9128
309.2210 8.9090
309.2302 8.9052
309.2393 8.9014
309.2485 8.8977
309.2576 8.8939
309.2668 8.8901
309.2759 8.8863
309.2851 8.8825
309.2942 8.8787
309.3034 8.8749
309.3125 8.8712
309.3217 8.8674
309.3308 8.8636
309.3400 8.8598
309.3491 8.8560
309.3583 8.8522
309.3674 8.8485
309.3766 8.8447
309.3858 8.8409
309.3949 8.8371
309.4041 8.8333
309.4132 8.8296
309.4224 8.8258
309.4316 8.8220
309.4407 8.8182
309.4499 8.8144
309.4591 8.8107
309.4682 8.8069
309.4774 8.8031
309.4866 8.7993
309.4957 8.7956
309.5049 8.7918
309.5141 8.7880
309.5232 8.7842
309.5324 8.7805
309.5416 8.7767
309.5507 8.7729
309.5599 8.7692
309.5691 8.7654
309.5783 8.7616
309.5874 8.7578
309.5966 8.7541
309.6058 8.7503
309.6150 8.7465
309.6242 8.7428
309.6333 8.7390
309.6425 8.7352
309.6517 8.7315
309.6609 8.7277
309.6701 8.7239
309.6792 8.7202
309.6884 8.7164
309.6976 8.7127
309.7068 8.7089
309.7160 8.7051
309.7252 8.7014
309.7344 8.6976
309.7436 8.6938
309.7527 8.6901
309.7619 8.6863
309.7711 8.6826
309.7803 8.6788
309.7895 8.6750
309.7987 8.6713
309.8079 8.6675
309.8171 8.6638
309.8263 8.6600
309.8355 8.6563
309.8447 8.6525
309.8539 8.6488
309.8631 8.6450
309.8723 8.6413
309.8815 8.6375
309.8907 8.6337
309.8999 8.6300
309.9091 8.6262
309.9183 8.6225
309.9275 8.6187
309.9367 8.6150
309.9459 8.6112
309.9551 8.6075
309.9643 8.6038
309.9736 8.6000
309.9828 8.5963
309.9920 8.5925
310.0012 8.5888
310.0104 8.5850
310.0196 8.5813
310.0288 8.5775
310.0380 8.5738
310.0473 8.5700
310.0565 8.5663
310.0657 8.5626
310.0749 8.5588
310.0841 8.5551
310.0934 8.5513
310.1026 8.5476
310.1118 8.5439
310.1210 8.5401
310.1302 8.5364
310.1395 8.5326
310.1487 8.5289
310.1579 8.5252
310.1671 8.5214
310.1764 8.5177
310.1856 8.5140
310.1948 8.5102
310.2041 8.5065
310.2133 8.5028
310.2225 8.4990
310.2318 8.4953
310.2410 8.4916
310.2502 8.4878
310.2595 8.4841
310.2687 8.4804
310.2779 8.4767
310.2872 8.4729
310.2964 8.4692
310.3056 8.4655
310.3149 8.4617
310.3241 8.4580
310.3334 8.4543
310.3426 8.4506
310.3519 8.4468
310.3611 8.4431
310.3703 8.4394
310.3796 8.4357
310.3888 8.4319
310.3981 8.4282
310.4073 8.4245
310.4166 8.4208
310.4258 8.4171
310.4351 8.4133
310.4443 8.4096
310.4536 8.4059
310.4628 8.4022
310.4721 8.3985
310.4813 8.3947
310.4906 8.3910
310.4999 8.3873
310.5091 8.3836
310.5184 8.3799
310.5276 8.3762
310.5369 8.3724
310.5462 8.3687
310.5554 8.3650
310.5647 8.3613
310.5739 8.3576
310.5832 8.3539
310.5925 8.3502
310.6017 8.3465
310.6110 8.3428
310.6203 8.3390
310.6295 8.3353
310.6388 8.3316
310.6481 8.3279
310.6573 8.3242
310.6666 8.3205
310.6759 8.3168
310.6852 8.3131
310.6944 8.3094
310.7037 8.3057
310.7130 8.3020
310.7223 8.2983
310.7315 8.2946
310.7408 8.2909
310.7501 8.2872
310.7594 8.2835
310.7687 8.2798
310.7779 8.2761
310.7872 8.2724
310.7965 8.2687
310.8058 8.2650
310.8151 8.2613
310.8244 8.2576
310.8336 8.2539
310.8429 8.2502
310.8522 8.2465
310.8615 8.2428
310.8708 8.2391
310.8801 8.2354
310.8894 8.2317
310.8987 8.2280
310.9080 8.2243
310.9172 8.2206
310.9265 8.2170
310.9358 8.2133
310.9451 8.2096
310.9544 8.2059
310.9637 8.2022
310.9730 8.1985
310.9823 8.1948
310.9916 8.1911
311.0009 8.1874
311.0102 8.1838
311.0195 8.1801
311.0288 8.1764
311.0381 8.1727
311.0474 8.1690
311.0567 8.1653
311.0661 8.1617
311.0754 8.1580
311.0847 8.1543
311.0940 8.1506
311.1033 8.1469
311.1126 8.1433
311.1219 8.1396
311.1312 8.1359
311.1405 8.1322
311.1498 8.1285
311.1592 8.1249
311.1685 8.1212
311.1778 8.1175
311.1871 8.1138
311.1964 8.1102
311.2057 8.1065
311.2151 8.1028
311.2244 8.0991
311.2337 8.0955
311.2430 8.0918
311.2524 8.0881
311.2617 8.0845
311.2710 8.0808
311.2803 8.0771
311.2897 8.0734
311.2990 8.0698
311.3083 8.0661
311.3176 8.0624
311.3270 8.0588
311.3363 8.0551
311.3456 8.0514
311.3550 8.0478
311.3643 8.0441
311.3736 8.0404
311.3830 8.0368
311.3923 8.0331
311.4016 8.0295
311.4110 8.0258
311.4203 8.0221
311.4296 8.0185
311.4390 8.0148
311.4483 8.0112
311.4577 8.0075
311.4670 8.0038
311.4763 8.0002
311.4857 7.9965
311.4950 7.9929
311.5044 7.9892
311.5137 7.9856
311.5231 7.9819
311.5324 7.9783
311.5418 7.9746
311.5511 7.9709
311.5605 7.9673
311.5698 7.9636
311.5792 7.9600
311.5885 7.9563
311.5979 7.9527
311.6072 7.9490
311.6166 7.9454
311.6259 7.9417
311.6353 7.9381
311.6446 7.9344
311.6540 7.9308
311.6634 7.9272
311.6727 7.9235
311.6821 7.9199
311.6914 7.9162
311.7008 7.9126
311.7102 7.9089
311.7195 7.9053
311.7289 7.9016
311.7383 7.8980
311.7476 7.8944
311.7570 7.8907
311.7664 7.8871
311.7757 7.8834
311.7851 7.8798
311.7945 7.8762
311.8038 7.8725
311.8132 7.8689
311.8226 7.8653
311.8320 7.8616
311.8413 7.8580
311.8507 7.8544
311.8601 7.8507
311.8695 7.8471
311.8788 7.8435
311.8882 7.8398
311.8976 7.8362
311.9070 7.8326
311.9164 7.8289
311.9257 7.8253
311.9351 7.8217
311.9445 7.8180
311.9539 7.8144
311.9633 7.8108
311.9727 7.8072
311.9821 7.8035
311.9914 7.7999
312.0008 7.7963
312.0102 7.7927
312.0196 7.7890
312.0290 7.7854
312.0384 7.7818
312.0478 7.7782
312.0572 7.7745
312.0666 7.7709
312.0760 7.7673
312.0854 7.7637
312.0948 7.7601
312.1042 7.7564
312.1136 7.7528
312.1230 7.7492
312.1324 7.7456
312.1418 7.7420
312.1512 7.7384
312.1606 7.7347
312.1700 7.7311
312.1794 7.7275
312.1888 7.7239
312.1982 7.7203
312.2076 7.7167
312.2170 7.7131
312.2264 7.7095
312.2358 7.7058
312.2452 7.7022
312.2546 7.6986
312.2641 7.6950
312.2735 7.6914
312.2829 7.6878
312.2923 7.6842
312.3017 7.6806
312.3111 7.6770
312.3205 7.6734
312.3300 7.6698
312.3394 7.6662
312.3488 7.6626
312.3582 7.6590
312.3676 7.6554
312.3771 7.6518
312.3865 7.6482
312.3959 7.6446
312.4053 7.6410
312.4148 7.6374
312.4242 7.6338
312.4336 7.6302
312.4430 7.6266
312.4525 7.6230
312.4619 7.6194
312.4713 7.6158
312.4808 7.6122
312.4902 7.6086
312.4996 7.6050
312.5091 7.6014
312.5185 7.5978
312.5279 7.5942
312.5374 7.5906
312.5468 7.5870
312.5562 7.5834
312.5657 7.5798
312.5751 7.5763
312.5846 7.5727
312.5940 7.5691
312.6034 7.5655
312.6129 7.5619
312.6223 7.5583
312.6318 7.5547
312.6412 7.5511
312.6507 7.5476
312.6601 7.5440
312.6696 7.5404
312.6790 7.5368
312.6885 7.5332
312.6979 7.5296
312.7074 7.5261
312.7168 7.5225
312.7263 7.5189
312.7357 7.5153
312.7452 7.5117
312.7546 7.5082
312.7641 7.5046
312.7735 7.5010
312.7830 7.4974
312.7924 7.4939
312.8019 7.4903
312.8114 7.4867
312.8208 7.4831
312.8303 7.4796
312.8398 7.4760
312.8492 7.4724
312.8587 7.4689
312.8681 7.4653
312.8776 7.4617
312.8871 7.4581
312.8965 7.4546
312.9060 7.4510
312.9155 7.4474
312.9250 7.4439
312.9344 7.4403
312.9439 7.4367
312.9534 7.4332
312.9628 7.4296
312.9723 7.4260
312.9818 7.4225
312.9913 7.4189
313.0007 7.4154
313.0102 7.4118
313.0197 7.4082
313.0292 7.4047
313.0387 7.4011
313.0481 7.3976
313.0576 7.3940
313.0671 7.3904
313.0766 7.3869
313.0861 7.3833
313.0956 7.3798
313.1050 7.3762
313.1145 7.3727
313.1240 7.3691
313.1335 7.3655
313.1430 7.3620
313.1525 7.3584
313.1620 7.3549
313.1715 7.3513
313.1810 7.3478
313.1905 7.3442
313.1999 7.3407
313.2094 7.3371
313.2189 7.3336
313.2284 7.3300
313.2379 7.3265
313.2474 7.3230
313.2569 7.3194
313.2664 7.3159
313.2759 7.3123
313.2854 7.3088
313.2949 7.3052
313.3044 7.3017
313.3139 7.2981
313.3234 7.2946
313.3330 7.2911
313.3425 7.2875
313.3520 7.2840
313.3615 7.2804
313.3710 7.2769
313.3805 7.2734
313.3900 7.2698
313.3995 7.2663
313.4090 7.2628
313.4185 7.2592
313.4281 7.2557
313.4376 7.2522
313.4471 7.2486
313.4566 7.2451
313.4661 7.2416
313.4756 7.2380
313.4852 7.2345
313.4947 7.2310
313.5042 7.2274
313.5137 7.2239
313.5232 7.2204
313.5328 7.2168
313.5423 7.2133
313.5518 7.2098
313.5613 7.2063
313.5709 7.2027
313.5804 7.1992
313.5899 7.1957
313.5995 7.1922
313.6090 7.1886
313.6185 7.1851
313.6280 7.1816
313.6376 7.1781
313.6471 7.1746
313.6566 7.1710
313.6662 7.1675
313.6757 7.1640
313.6853 7.1605
313.6948 7.1570
313.7043 7.1535
313.7139 7.1499
313.7234 7.1464
313.7330 7.1429
313.7425 7.1394
313.7520 7.1359
313.7616 7.1324
313.7711 7.1289
313.7807 7.1253
313.7902 7.1218
313.7998 7.1183
313.8093 7.1148
313.8189 7.1113
313.8284 7.1078
313.8380 7.1043
313.8475 7.1008
313.8571 7.0973
313.8666 7.0938
313.8762 7.0903
313.8857 7.0868
313.8953 7.0833
313.9048 7.0798
313.9144 7.0762
313.9239 7.0727
313.9335 7.0692
313.9431 7.0657
313.9526 7.0622
313.9622 7.0587
313.9717 7.0552
313.9813 7.0517
313.9909 7.0482
314.0004 7.0448
314.0100 7.0413
314.0196 7.0378
314.0291 7.0343
314.0387 7.0308
314.0483 7.0273
314.0578 7.0238
314.0674 7.0203
314.0770 7.0168
314.0865 7.0133
314.0961 7.0098
314.1057 7.0063
314.1153 7.0028
314.1248 6.9993
314.1344 6.9959
314.1440 6.9924
314.1536 6.9889
314.1631 6.9854
314.1727 6.9819
314.1823 6.9784
314.1919 6.9749
314.2015 6.9715
314.2111 6.9680
314.2206 6.9645
314.2302 6.9610
314.2398 6.9575
314.2494 6.9540
314.2590 6.9506
314.2686 6.9471
314.2782 6.9436
314.2877 6.9401
314.2973 6.9367
314.3069 6.9332
314.3165 6.9297
314.3261 6.9262
314.3357 6.9227
314.3453 6.9193
314.3549 6.9158
314.3645 6.9123
314.3741 6.9089
314.3837 6.9054
314.3933 6.9019
314.4029 6.8984
314.4125 6.8950
314.4221 6.8915
314.4317 6.8880
314.4413 6.8846
314.4509 6.8811
314.4605 6.8776
314.4701 6.8742
314.4797 6.8707
314.4893 6.8672
314.4989 6.8638
314.5085 6.8603
314.5181 6.8568
314.5278 6.8534
314.5374 6.8499
314.5470 6.8465
314.5566 6.8430
314.5662 6.8395
314.5758 6.8361
314.5854 6.8326
314.5950 6.8292
314.6047 6.8257
314.6143 6.8222
314.6239 6.8188
314.6335 6.8153
314.6431 6.8119
314.6528 6.8084
314.6624 6.8050
314.6720 6.8015
314.6816 6.7981
314.6913 6.7946
314.7009 6.7912
314.7105 6.7877
314.7201 6.7843
314.7298 6.7808
314.7394 6.7774
314.7490 6.7739
314.7587 6.7705
314.7683 6.7670
314.7779 6.7636
314.7876 6.7601
314.7972 6.7567
314.8068 6.7533
314.8165 6.7498
314.8261 6.7464
314.8357 6.7429
314.8454 6.7395
314.8550 6.7360
314.8646 6.7326
314.8743 6.7292
314.8839 6.7257
314.8936 6.7223
314.9032 6.7189
314.9129 6.7154
314.9225 6.7120
314.9321 6.7085
314.9418 6.7051
314.9514 6.7017
314.9611 6.6982
314.9707 6.6948
314.9804 6.6914
314.9900 6.6880
314.9997 6.6845
315.0093 6.6811
315.0190 6.6777
315.0286 6.6742
315.0383 6.6708
315.0480 6.6674
315.0576 6.6640
315.0673 6.6605
315.0769 6.6571
315.0866 6.6537
315.0963 6.6503
315.1059 6.6468
315.1156 6.6434
315.1252 6.6400
315.1349 6.6366
315.1446 6.6331
315.1542 6.6297
315.1639 6.6263
315.1736 6.6229
315.1832 6.6195
315.1929 6.6161
315.2026 6.6126
315.2122 6.6092
315.2219 6.6058
315.2316 6.6024
315.2412 6.5990
315.2509 6.5956
315.2606 6.5921
315.2703 6.5887
315.2799 6.5853
315.2896 6.5819
315.2993 6.5785
315.3090 6.5751
315.3187 6.5717
315.3283 6.5683
315.3380 6.5649
315.3477 6.5615
315.3574 6.5581
315.3671 6.5547
315.3768 6.5512
315.3864 6.5478
315.3961 6.5444
315.4058 6.5410
315.4155 6.5376
315.4252 6.5342
315.4349 6.5308
315.4446 6.5274
315.4543 6.5240
315.4639 6.5206
315.4736 6.5172
315.4833 6.5138
315.4930 6.5104
315.5027 6.5070
315.5124 6.5036
315.5221 6.5003
315.5318 6.4969
315.5415 6.4935
315.5512 6.4901
315.5609 6.4867
315.5706 6.4833
315.5803 6.4799
315.5900 6.4765
315.5997 6.4731
315.6094 6.4697
315.6191 6.4663
315.6288 6.4630
315.6385 6.4596
315.6482 6.4562
315.6580 6.4528
315.6677 6.4494
315.6774 6.4460
315.6871 6.4426
315.6968 6.4393
315.7065 6.4359
315.7162 6.4325
315.7259 6.4291
315.7357 6.4257
315.7454 6.4224
315.7551 6.4190
315.7648 6.4156
315.7745 6.4122
315.7842 6.4088
315.7940 6.4055
315.8037 6.4021
315.8134 6.3987
315.8231 6.3953
315.8329 6.3920
315.8426 6.3886
315.8523 6.3852
315.8620 6.3819
315.8718 6.3785
315.8815 6.3751
315.8912 6.3717
315.9009 6.3684
315.9107 6.3650
315.9204 6.3616
315.9301 6.3583
315.9399 6.3549
315.9496 6.3515
315.9593 6.3482
315.9691 6.3448
315.9788 6.3415
315.9885 6.3381
315.9983 6.3347
316.0080 6.3314
316.0178 6.3280
316.0275 6.3246
316.0372 6.3213
316.0470 6.3179
316.0567 6.3146
316.0665 6.3112
316.0762 6.3079
316.0860 6.3045
316.0957 6.3011
316.1054 6.2978
316.1152 6.2944
316.1249 6.2911
316.1347 6.2877
316.1444 6.2844
316.1542 6.2810
316.1639 6.2777
316.1737 6.2743
316.1835 6.2710
316.1932 6.2676
316.2030 6.2643
316.2127 6.2609
316.2225 6.2576
316.2322 6.2542
316.2420 6.2509
316.2518 6.2476
316.2615 6.2442
316.2713 6.2409
316.2810 6.2375
316.2908 6.2342
316.3006 6.2308
316.3103 6.2275
316.3201 6.2242
316.3299 6.2208
316.3396 6.2175
316.3494 6.2142
316.3592 6.2108
316.3689 6.2075
316.3787 6.2041
316.3885 6.2008
316.3983 6.1975
316.4080 6.1941
316.4178 6.1908
316.4276 6.1875
316.4373 6.1841
316.4471 6.1808
316.4569 6.1775
316.4667 6.1742
316.4765 6.1708
316.4862 6.1675
316.4960 6.1642
316.5058 6.1608
316.5156 6.1575
316.5254 6.1542
316.5352 6.1509
316.5449 6.1475
316.5547 6.1442
316.5645 6.1409
316.5743 6.1376
316.5841 6.1343
316.5939 6.1309
316.6037 6.1276
316.6135 6.1243
316.6232 6.1210
316.6330 6.1177
316.6428 6.1143
316.6526 6.1110
316.6624 6.1077
316.6722 6.1044
316.6820 6.1011
316.6918 6.0978
316.7016 6.0945
316.7114 6.0911
316.7212 6.0878
316.7310 6.0845
316.7408 6.0812
316.7506 6.0779
316.7604 6.0746
316.7702 6.0713
316.7800 6.0680
316.7898 6.0647
316.7996 6.0614
316.8095 6.0581
316.8193 6.0548
316.8291 6.0515
316.8389 6.0482
316.8487 6.0449
316.8585 6.0416
316.8683 6.0383
316.8781 6.0350
316.8879 6.0317
316.8978 6.0284
316.9076 6.0251
316.9174 6.0218
316.9272 6.0185
316.9370 6.0152
316.9468 6.0119
316.9567 6.0086
316.9665 6.0053
316.9763 6.0020
316.9861 5.9987
316.9960 5.9954
317.0058 5.9921
317.0156 5.9888
317.0254 5.9855
317.0353 5.9822
317.0451 5.9790
317.0549 5.9757
317.0647 5.9724
317.0746 5.9691
317.0844 5.9658
317.0942 5.9625
317.1041 5.9592
317.1139 5.9560
317.1237 5.9527
317.1336 5.9494
317.1434 5.9461
317.1533 5.9428
317.1631 5.9395
317.1729 5.9363
317.1828 5.9330
317.1926 5.9297
317.2025 5.9264
317.2123 5.9232
317.2221 5.9199
317.2320 5.9166
317.2418 5.9133
317.2517 5.9101
317.2615 5.9068
317.2714 5.9035
317.2812 5.9002
317.2911 5.8970
317.3009 5.8937
317.3108 5.8904
317.3206 5.8872
317.3305 5.8839
317.3403 5.8806
317.3502 5.8774
317.3600 5.8741
317.3699 5.8708
317.3797 5.8676
317.3896 5.8643
317.3995 5.8610
317.4093 5.8578
317.4192 5.8545
317.4290 5.8513
317.4389 5.8480
317.4488 5.8447
317.4586 5.8415
317.4685 5.8382
317.4784 5.8350
317.4882 5.8317
317.4981 5.8285
317.5080 5.8252
317.5178 5.8219
317.5277 5.8187
317.5376 5.8154
317.5474 5.8122
317.5573 5.8089
317.5672 5.8057
317.5770 5.8024
317.5869 5.7992
317.5968 5.7959
317.6067 5.7927
317.6165 5.7894
317.6264 5.7862
317.6363 5.7829
317.6462 5.7797
317.6561 5.7765
317.6659 5.7732
317.6758 5.7700
317.6857 5.7667
317.6956 5.7635
317.7055 5.7602
317.7154 5.7570
317.7252 5.7538
317.7351 5.7505
317.7450 5.7473
317.7549 5.7441
317.7648 5.7408
317.7747 5.7376
317.7846 5.7343
317.7945 5.7311
317.8044 5.7279
317.8143 5.7246
317.8242 5.7214
317.8340 5.7182
317.8439 5.7150
317.8538 5.7117
317.8637 5.7085
317.8736 5.7053
317.8835 5.7020
317.8934 5.6988
317.9033 5.6956
317.9132 5.6924
317.9231 5.6891
317.9330 5.6859
317.9429 5.6827
317.9529 5.6795
317.9628 5.6762
317.9727 5.6730
317.9826 5.6698
317.9925 5.6666
318.0024 5.6634
318.0123 5.6601
318.0222 5.6569
318.0321 5.6537
318.0420 5.6505
318.0519 5.6473
318.0619 5.6441
318.0718 5.6408
318.0817 5.6376
318.0916 5.6344
318.1015 5.6312
318.1114 5.6280
318.1214 5.6248
318.1313 5.6216
318.1412 5.6184
318.1511 5.6152
318.1611 5.6119
318.1710 5.6087
318.1809 5.6055
318.1908 5.6023
318.2008 5.5991
318.2107 5.5959
318.2206 5.5927
318.2305 5.5895
318.2405 5.5863
318.2504 5.5831
318.2603 5.5799
318.2703 5.5767
318.2802 5.5735
318.2901 5.5703
318.3001 5.5671
318.3100 5.5639
318.3199 5.5607
318.3299 5.5575
318.3398 5.5543
318.3497 5.5511
318.3597 5.5479
318.3696 5.5448
318.3796 5.5416
318.3895 5.5384
318.3994 5.5352
318.4094 5.5320
318.4193 5.5288
318.4293 5.5256
318.4392 5.5224
318.4492 5.5192
318.4591 5.5161
318.4691 5.5129
318.4790 5.5097
318.4890 5.5065
318.4989 5.5033
318.5089 5.5001
318.5188 5.4970
318.5288 5.4938
318.5387 5.4906
318.5487 5.4874
318.5586 5.4842
318.5686 5.4811
318.5786 5.4779
318.5885 5.4747
318.5985 5.4715
318.6084 5.4684
318.6184 5.4652
318.6284 5.4620
318.6383 5.4588
318.6483 5.4557
318.6583 5.4525
318.6682 5.4493
318.6782 5.4462
318.6882 5.4430
318.6981 5.4398
318.7081 5.4367
318.7181 5.4335
318.7280 5.4303
318.7380 5.4272
318.7480 5.4240
318.7580 5.4208
318.7679 5.4177
318.7779 5.4145
318.7879 5.4113
318.7979 5.4082
318.8078 5.4050
318.8178 5.4019
318.8278 5.3987
318.8378 5.3955
318.8478 5.3924
318.8577 5.3892
318.8677 5.3861
318.8777 5.3829
318.8877 5.3798
318.8977 5.3766
318.9077 5.3735
318.9176 5.3703
318.9276 5.3672
318.9376 5.3640
318.9476 5.3609
318.9576 5.3577
318.9676 5.3546
318.9776 5.3514
318.9876 5.3483
318.9976 5.3451
319.0076 5.3420
319.0176 5.3388
319.0275 5.3357
319.0375 5.3325
319.0475 5.3294
319.0575 5.3263
319.0675 5.3231
319.0775 5.3200
319.0875 5.3168
319.0975 5.3137
319.1075 5.3106
319.1175 5.3074
319.1276 5.3043
319.1376 5.3012
319.1476 5.2980
319.1576 5.2949
319.1676 5.2918
319.1776 5.2886
319.1876 5.2855
319.1976 5.2824
319.2076 5.2792
319.2176 5.2761
319.2276 5.2730
319.2377 5.2698
319.2477 5.2667
319.2577 5.2636
319.2677 5.2605
319.2777 5.2573
319.2877 5.2542
319.2978 5.2511
319.3078 5.2480
319.3178 5.2448
319.3278 5.2417
319.3378 5.2386
319.3479 5.2355
319.3579 5.2324
319.3679 5.2292
319.3779 5.2261
319.3880 5.2230
319.3980 5.2199
319.4080 5.2168
319.4180 5.2137
319.4281 5.2105
319.4381 5.2074
319.4481 5.2043
319.4582 5.2012
319.4682 5.1981
319.4782 5.1950
319.4883 5.1919
319.4983 5.1888
319.5083 5.1857
319.5184 5.1826
319.5284 5.1795
319.5384 5.1763
319.5485 5.1732
319.5585 5.1701
319.5686 5.1670
319.5786 5.1639
319.5886 5.1608
319.5987 5.1577
319.6087 5.1546
319.6188 5.1515
319.6288 5.1484
319.6389 5.1453
319.6489 5.1422
319.6590 5.1391
319.6690 5.1360
319.6791 5.1330
319.6891 5.1299
319.6992 5.1268
319.7092 5.1237
319.7193 5.1206
319.7293 5.1175
319.7394 5.1144
319.7494 5.1113
319.7595 5.1082
319.7696 5.1051
319.7796 5.1020
319.7897 5.0990
319.7997 5.0959
319.8098 5.0928
319.8199 5.0897
319.8299 5.0866
319.8400 5.0835
319.8501 5.0805
319.8601 5.0774
319.8702 5.0743
319.8802 5.0712
319.8903 5.0681
319.9004 5.0651
319.9105 5.0620
319.9205 5.0589
319.9306 5.0558
319.9407 5.0528
319.9507 5.0497
319.9608 5.0466
319.9709 5.0435
319.9810 5.0405
319.9910 5.0374
320.0011 5.0343
320.0112 5.0313
320.0213 5.0282
320.0314 5.0251
320.0414 5.0220
320.0515 5.0190
320.0616 5.0159
320.0717 5.0129
320.0818 5.0098
320.0918 5.0067
320.1019 5.0037
320.1120 5.0006
320.1221 4.9975
320.1322 4.9945
320.1423 4.9914
320.1524 4.9884
320.1625 4.9853
320.1725 4.9822
320.1826 4.9792
320.1927 4.9761
320.2028 4.9731
320.2129 4.9700
320.2230 4.9670
320.2331 4.9639
320.2432 4.9609
320.2533 4.9578
320.2634 4.9548
320.2735 4.9517
320.2836 4.9487
320.2937 4.9456
320.3038 4.9426
320.3139 4.9395
320.3240 4.9365
320.3341 4.9334
320.3442 4.9304
320.3543 4.9273
320.3644 4.9243
320.3745 4.9213
320.3846 4.9182
320.3948 4.9152
320.4049 4.9121
320.4150 4.9091
320.4251 4.9061
320.4352 4.9030
320.4453 4.9000
320.4554 4.8970
320.4655 4.8939
320.4757 4.8909
320.4858 4.8879
320.4959 4.8848
320.5060 4.8818
320.5161 4.8788
320.5263 4.8757
320.5364 4.8727
320.5465 4.8697
320.5566 4.8666
320.5667 4.8636
320.5769 4.8606
320.5870 4.8576
320.5971 4.8545
320.6072 4.8515
320.6174 4.8485
320.6275 4.8455
320.6376 4.8424
320.6478 4.8394
320.6579 4.8364
320.6680 4.8334
320.6782 4.8304
320.6883 4.8274
320.6984 4.8243
320.7086 4.8213
320.7187 4.8183
320.7288 4.8153
320.7390 4.8123
320.7491 4.8093
320.7592 4.8063
320.7694 4.8032
320.7795 4.8002
320.7897 4.7972
320.7998 4.7942
320.8100 4.7912
320.8201 4.7882
320.8302 4.7852
320.8404 4.7822
320.8505 4.7792
320.8607 4.7762
320.8708 4.7732
320.8810 4.7702
320.8911 4.7672
320.9013 4.7642
320.9114 4.7612
320.9216 4.7582
320.9317 4.7552
320.9419 4.7522
320.9520 4.7492
320.9622 4.7462
320.9724 4.7432
320.9825 4.7402
320.9927 4.7372
321.0028 4.7342
321.0130 4.7312
321.0232 4.7282
321.0333 4.7252
321.0435 4.7222
321.0536 4.7192
321.0638 4.7162
321.0740 4.7133
321.0841 4.7103
321.0943 4.7073
321.1045 4.7043
321.1146 4.7013
321.1248 4.6983
321.1350 4.6954
321.1451 4.6924
321.1553 4.6894
321.1655 4.6864
321.1757 4.6834
321.1858 4.6804
321.1960 4.6775
321.2062 4.6745
321.2164 4.6715
321.2265 4.6685
321.2367 4.6656
321.2469 4.6626
321.2571 4.6596
321.2673 4.6566
321.2774 4.6537
321.2876 4.6507
321.2978 4.6477
321.3080 4.6448
321.3182 4.6418
321.3284 4.6388
321.3386 4.6359
321.3487 4.6329
321.3589 4.6299
321.3691 4.6270
321.3793 4.6240
321.3895 4.6210
321.3997 4.6181
321.4099 4.6151
321.4201 4.6121
321.4303 4.6092
321.4405 4.6062
321.4507 4.6033
321.4609 4.6003
321.4710 4.5974
321.4812 4.5944
321.4914 4.5914
321.5016 4.5885
321.5118 4.5855
321.5220 4.5826
321.5323 4.5796
321.5425 4.5767
321.5527 4.5737
321.5629 4.5708
321.5731 4.5678
321.5833 4.5649
321.5935 4.5619
321.6037 4.5590
321.6139 4.5560
321.6241 4.5531
321.6343 4.5502
321.6445 4.5472
321.6547 4.5443
321.6650 4.5413
321.6752 4.5384
321.6854 4.5354
321.6956 4.5325
321.7058 4.5296
321.7160 4.5266
321.7262 4.5237
321.7365 4.5208
321.7467 4.5178
321.7569 4.5149
321.7671 4.5120
321.7774 4.5090
321.7876 4.5061
321.7978 4.5032
321.8080 4.5002
321.8182 4.4973
321.8285 4.4944
321.8387 4.4914
321.8489 4.4885
321.8592 4.4856
321.8694 4.4827
321.8796 4.4797
321.8898 4.4768
321.9001 4.4739
321.9103 4.4710
321.9205 4.4680
321.9308 4.4651
321.9410 4.4622
321.9512 4.4593
321.9615 4.4564
321.9717 4.4534
321.9820 4.4505
321.9922 4.4476
322.0024 4.4447
322.0127 4.4418
322.0229 4.4389
322.0332 4.4360
322.0434 4.4331
322.0537 4.4301
322.0639 4.4272
322.0741 4.4243
322.0844 4.4214
322.0946 4.4185
322.1049 4.4156
322.1151 4.4127
322.1254 4.4098
322.1356 4.4069
322.1459 4.4040
322.1561 4.4011
322.1664 4.3982
322.1766 4.3953
322.1869 4.3924
322.1972 4.3895
322.2074 4.3866
322.2177 4.3837
322.2279 4.3808
322.2382 4.3779
322.2484 4.3750
322.2587 4.3721
322.2690 4.3692
322.2792 4.3663
322.2895 4.3634
322.2998 4.3605
322.3100 4.3576
322.3203 4.3547
322.3306 4.3519
322.3408 4.3490
322.3511 4.3461
322.3614 4.3432
322.3716 4.3403
322.3819 4.3374
322.3922 4.3345
322.4024 4.3317
322.4127 4.3288
322.4230 4.3259
322.4333 4.3230
322.4435 4.3201
322.4538 4.3172
322.4641 4.3144
322.4744 4.3115
322.4846 4.3086
322.4949 4.3057
322.5052 4.3029
322.5155 4.3000
322.5258 4.2971
322.5360 4.2942
322.5463 4.2914
322.5566 4.2885
322.5669 4.2856
322.5772 4.2828
322.5875 4.2799
322.5978 4.2770
322.6080 4.2742
322.6183 4.2713
322.6286 4.2684
322.6389 4.2656
322.6492 4.2627
322.6595 4.2598
322.6698 4.2570
322.6801 4.2541
322.6904 4.2513
322.7007 4.2484
322.7110 4.2455
322.7213 4.2427
322.7316 4.2398
322.7419 4.2370
322.7522 4.2341
322.7625 4.2313
322.7728 4.2284
322.7831 4.2255
322.7934 4.2227
322.8037 4.2198
322.8140 4.2170
322.8243 4.2141
322.8346 4.2113
322.8449 4.2084
322.8552 4.2056
322.8655 4.2028
322.8758 4.1999
322.8861 4.1971
322.8965 4.1942
322.9068 4.1914
322.9171 4.1885
322.9274 4.1857
322.9377 4.1829
322.9480 4.1800
322.9583 4.1772
322.9687 4.1743
322.9790 4.1715
322.9893 4.1687
322.9996 4.1658
323.0099 4.1630
323.0202 4.1602
323.0306 4.1573
323.0409 4.1545
323.0512 4.1517
323.0615 4.1488
323.0719 4.1460
323.0822 4.1432
323.0925 4.1403
323.1028 4.1375
323.1132 4.1347
323.1235 4.1319
323.1338 4.1290
323.1442 4.1262
323.1545 4.1234
323.1648 4.1206
323.1752 4.1178
323.1855 4.1149
323.1958 4.1121
323.2062 4.1093
323.2165 4.1065
323.2268 4.1037
323.2372 4.1008
323.2475 4.0980
323.2579 4.0952
323.2682 4.0924
323.2785 4.0896
323.2889 4.0868
323.2992 4.0840
323.3096 4.0812
323.3199 4.0783
323.3303 4.0755
323.3406 4.0727
323.3509 4.0699
323.3613 4.0671
323.3716 4.0643
323.3820 4.0615
323.3923 4.0587
323.4027 4.0559
323.4130 4.0531
323.4234 4.0503
323.4338 4.0475
323.4441 4.0447
323.4545 4.0419
323.4648 4.0391
323.4752 4.0363
323.4855 4.0335
323.4959 4.0307
323.5063 4.0279
323.5166 4.0251
323.5270 4.0223
323.5373 4.0195
323.5477 4.0167
323.5581 4.0140
323.5684 4.0112
323.5788 4.0084
323.5892 4.0056
323.5995 4.0028
323.6099 4.0000
323.6203 3.9972
323.6306 3.9944
323.6410 3.9917
323.6514 3.9889
323.6617 3.9861
323.6721 3.9833
323.6825 3.9805
323.6929 3.9778
323.7032 3.9750
323.7136 3.9722
323.7240 3.9694
323.7344 3.9666
323.7447 3.9639
323.7551 3.9611
323.7655 3.9583
323.7759 3.9556
323.7863 3.9528
323.7966 3.9500
323.8070 3.9472
323.8174 3.9445
323.8278 3.9417
323.8382 3.9389
323.8486 3.9362
323.8589 3.9334
323.8693 3.9306
323.8797 3.9279
323.8901 3.9251
323.9005 3.9224
323.9109 3.9196
323.9213 3.9168
323.9317 3.9141
323.9421 3.9113
323.9525 3.9086
323.9629 3.9058
323.9733 3.9030
323.9836 3.9003
323.9940 3.8975
324.0044 3.8948
324.0148 3.8920
324.0252 3.8893
324.0356 3.8865
324.0460 3.8838
324.0564 3.8810
324.0668 3.8783
324.0773 3.8755
324.0877 3.8728
324.0981 3.8700
324.1085 3.8673
324.1189 3.8645
324.1293 3.8618
324.1397 3.8591
324.1501 3.8563
324.1605 3.8536
324.1709 3.8508
324.1813 3.8481
324.1917 3.8454
324.2022 3.8426
324.2126 3.8399
324.2230 3.8371
324.2334 3.8344
324.2438 3.8317
324.2542 3.8289
324.2647 3.8262
324.2751 3.8235
324.2855 3.8207
324.2959 3.8180
324.3063 3.8153
324.3168 3.8126
324.3272 3.8098
324.3376 3.8071
324.3480 3.8044
324.3584 3.8017
324.3689 3.7989
324.3793 3.7962
324.3897 3.7935
324.4002 3.7908
324.4106 3.7880
324.4210 3.7853
324.4314 3.7826
324.4419 3.7799
324.4523 3.7772
324.4627 3.7745
324.4732 3.7717
324.4836 3.7690
324.4940 3.7663
324.5045 3.7636
324.5149 3.7609
324.5254 3.7582
324.5358 3.7555
324.5462 3.7528
324.5567 3.7500
324.5671 3.7473
324.5776 3.7446
324.5880 3.7419
324.5984 3.7392
324.6089 3.7365
324.6193 3.7338
324.6298 3.7311
324.6402 3.7284
324.6507 3.7257
324.6611 3.7230
324.6716 3.7203
324.6820 3.7176
324.6925 3.7149
324.7029 3.7122
324.7134 3.7095
324.7238 3.7068
324.7343 3.7041
324.7447 3.7014
324.7552 3.6987
324.7656 3.6961
324.7761 3.6934
324.7866 3.6907
324.7970 3.6880
324.8075 3.6853
324.8179 3.6826
324.8284 3.6799
324.8389 3.6772
324.8493 3.6746
324.8598 3.6719
324.8703 3.6692
324.8807 3.6665
324.8912 3.6638
324.9016 3.6612
324.9121 3.6585
324.9226 3.6558
324.9331 3.6531
324.9435 3.6504
324.9540 3.6478
324.9645 3.6451
324.9749 3.6424
324.9854 3.6397
324.9959 3.6371
325.0064 3.6344
325.0168 3.6317
325.0273 3.6291
325.0378 3.6264
325.0483 3.6237
325.0587 3.6211
325.0692 3.6184
325.0797 3.6157
325.0902 3.6131
325.1007 3.6104
325.1111 3.6077
325.1216 3.6051
325.1321 3.6024
325.1426 3.5998
325.1531 3.5971
325.1636 3.5944
325.1741 3.5918
325.1845 3.5891
325.1950 3.5865
325.2055 3.5838
325.2160 3.5812
325.2265 3.5785
325.2370 3.5759
325.2475 3.5732
325.2580 3.5706
325.2685 3.5679
325.2790 3.5653
325.2895 3.5626
325.3000 3.5600
325.3105 3.5573
325.3210 3.5547
325.3315 3.5520
325.3420 3.5494
325.3525 3.5467
325.3630 3.5441
325.3735 3.5415
325.3840 3.5388
325.3945 3.5362
325.4050 3.5335
325.4155 3.5309
325.4260 3.5283
325.4365 3.5256
325.4470 3.5230
325.4575 3.5204
325.4680 3.5177
325.4785 3.5151
325.4890 3.5125
325.4996 3.5098
325.5101 3.5072
325.5206 3.5046
325.5311 3.5020
325.5416 3.4993
325.5521 3.4967
325.5626 3.4941
325.5732 3.4915
325.5837 3.4888
325.5942 3.4862
325.6047 3.4836
325.6152 3.4810
325.6258 3.4784
325.6363 3.4757
325.6468 3.4731
325.6573 3.4705
325.6678 3.4679
325.6784 3.4653
325.6889 3.4627
325.6994 3.4600
325.7100 3.4574
325.7205 3.4548
325.7310 3.4522
325.7415 3.4496
325.7521 3.4470
325.7626 3.4444
325.7731 3.4418
325.7837 3.4392
325.7942 3.4366
325.8047 3.4340
325.8153 3.4314
325.8258 3.4288
325.8363 3.4262
325.8469 3.4236
325.8574 3.4210
325.8680 3.4184
325.8785 3.4158
325.8890 3.4132
325.8996 3.4106
325.9101 3.4080
325.9207 3.4054
325.9312 3.4028
325.9418 3.4002
325.9523 3.3976
325.9629 3.3950
325.9734 3.3924
325.9839 3.3898
325.9945 3.3872
326.0050 3.3847
326.0156 3.3821
326.0261 3.3795
326.0367 3.3769
326.0472 3.3743
326.0578 3.3717
326.0684 3.3691
326.0789 3.3666
326.0895 3.3640
326.1000 3.3614
326.1106 3.3588
326.1211 3.3562
326.1317 3.3537
326.1423 3.3511
326.1528 3.3485
326.1634 3.3459
326.1739 3.3434
326.1845 3.3408
326.1951 3.3382
326.2056 3.3357
326.2162 3.3331
326.2268 3.3305
326.2373 3.3280
326.2479 3.3254
326.2585 3.3228
326.2690 3.3203
326.2796 3.3177
326.2902 3.3151
326.3007 3.3126
326.3113 3.3100
326.3219 3.3074
326.3325 3.3049
326.3430 3.3023
326.3536 3.2998
326.3642 3.2972
326.3748 3.2947
326.3853 3.2921
326.3959 3.2895
326.4065 3.2870
326.4171 3.2844
326.4277 3.2819
326.4382 3.2793
326.4488 3.2768
326.4594 3.2742
326.4700 3.2717
326.4806 3.2691
326.4912 3.2666
326.5017 3.2641
326.5123 3.2615
326.5229 3.2590
326.5335 3.2564
326.5441 3.2539
326.5547 3.2513
326.5653 3.2488
326.5759 3.2463
326.5865 3.2437
326.5971 3.2412
326.6076 3.2387
326.6182 3.2361
326.6288 3.2336
326.6394 3.2310
326.6500 3.2285
326.6606 3.2260
326.6712 3.2235
326.6818 3.2209
326.6924 3.2184
326.7030 3.2159
326.7136 3.2133
326.7242 3.2108
326.7348 3.2083
326.7454 3.2058
326.7560 3.2032
326.7666 3.2007
326.7772 3.1982
326.7879 3.1957
326.7985 3.1932
326.8091 3.1906
326.8197 3.1881
326.8303 3.1856
326.8409 3.1831
326.8515 3.1806
326.8621 3.1781
326.8727 3.1755
326.8833 3.1730
326.8940 3.1705
326.9046 3.1680
326.9152 3.1655
326.9258 3.1630
326.9364 3.1605
326.9470 3.1580
326.9577 3.1555
326.9683 3.1530
326.9789 3.1505
326.9895 3.1480
327.0001 3.1454
327.0108 3.1429
327.0214 3.1404
327.0320 3.1379
327.0426 3.1354
327.0533 3.1329
327.0639 3.1305
327.0745 3.1280
327.0852 3.1255
327.0958 3.1230
327.1064 3.1205
327.1170 3.1180
327.1277 3.1155
327.1383 3.1130
327.1489 3.1105
327.1596 3.1080
327.1702 3.1055
327.1808 3.1030
327.1915 3.1006
327.2021 3.0981
327.2127 3.0956
327.2234 3.0931
327.2340 3.0906
327.2447 3.0881
327.2553 3.0857
327.2659 3.0832
327.2766 3.0807
327.2872 3.0782
327.2979 3.0757
327.3085 3.0733
327.3192 3.0708
327.3298 3.0683
327.3405 3.0658
327.3511 3.0634
327.3618 3.0609
327.3724 3.0584
327.3831 3.0560
327.3937 3.0535
327.4044 3.0510
327.4150 3.0486
327.4257 3.0461
327.4363 3.0436
327.4470 3.0412
327.4576 3.0387
327.4683 3.0362
327.4789 3.0338
327.4896 3.0313
327.5002 3.0289
327.5109 3.0264
327.5216 3.0239
327.5322 3.0215
327.5429 3.0190
327.5535 3.0166
327.5642 3.0141
327.5749 3.0117
327.5855 3.0092
327.5962 3.0068
327.6069 3.0043
327.6175 3.0019
327.6282 2.9994
327.6389 2.9970
327.6495 2.9945
327.6602 2.9921
327.6709 2.9896
327.6815 2.9872
327.6922 2.9847
327.7029 2.9823
327.7136 2.9799
327.7242 2.9774
327.7349 2.9750
327.7456 2.9725
327.7563 2.9701
327.7669 2.9677
327.7776 2.9652
327.7883 2.9628
327.7990 2.9604
327.8097 2.9579
327.8203 2.9555
327.8310 2.9531
327.8417 2.9506
327.8524 2.9482
327.8631 2.9458
327.8738 2.9433
327.8844 2.9409
327.8951 2.9385
327.9058 2.9361
327.9165 2.9336
327.9272 2.9312
327.9379 2.9288
327.9486 2.9264
327.9593 2.9240
327.9699 2.9215
327.9806 2.9191
327.9913 2.9167
328.0020 2.9143
328.0127 2.9119
328.0234 2.9095
328.0341 2.9070
328.0448 2.9046
328.0555 2.9022
328.0662 2.8998
328.0769 2.8974
328.0876 2.8950
328.0983 2.8926
328.1090 2.8902
328.1197 2.8878
328.1304 2.8854
328.1411 2.8830
328.1518 2.8806
328.1625 2.8782
328.1732 2.8758
328.1839 2.8734
328.1946 2.8710
328.2053 2.8686
328.2161 2.8662
328.2268 2.8638
328.2375 2.8614
328.2482 2.8590
328.2589 2.8566
328.2696 2.8542
328.2803 2.8518
328.2910 2.8494
328.3018 2.8470
328.3125 2.8446
328.3232 2.8422
328.3339 2.8398
328.3446 2.8375
328.3553 2.8351
328.3661 2.8327
328.3768 2.8303
328.3875 2.8279
328.3982 2.8255
328.4089 2.8232
328.4197 2.8208
328.4304 2.8184
328.4411 2.8160
328.4518 2.8136
328.4626 2.8113
328.4733 2.8089
328.4840 2.8065
328.4947 2.8041
328.5055 2.8018
328.5162 2.7994
328.5269 2.7970
328.5377 2.7947
328.5484 2.7923
328.5591 2.7899
328.5699 2.7876
328.5806 2.7852
328.5913 2.7828
328.6021 2.7805
328.6128 2.7781
328.6235 2.7757
328.6343 2.7734
328.6450 2.7710
328.6558 2.7687
328.6665 2.7663
328.6772 2.7639
328.6880 2.7616
328.6987 2.7592
328.7095 2.7569
328.7202 2.7545
328.7309 2.7522
328.7417 2.7498
328.7524 2.7475
328.7632 2.7451
328.7739 2.7428
328.7847 2.7404
328.7954 2.7381
328.8062 2.7357
328.8169 2.7334
328.8277 2.7310
328.8384 2.7287
328.8492 2.7264
328.8599 2.7240
328.8707 2.7217
328.8814 2.7193
328.8922 2.7170
328.9030 2.7147
328.9137 2.7123
328.9245 2.7100
328.9352 2.7077
328.9460 2.7053
328.9567 2.7030
328.9675 2.7007
328.9783 2.6983
328.9890 2.6960
328.9998 2.6937
329.0106 2.6913
329.0213 2.6890
329.0321 2.6867
329.0429 2.6844
329.0536 2.6820
329.0644 2.6797
329.0752 2.6774
329.0859 2.6751
329.0967 2.6727
329.1075 2.6704
329.1182 2.6681
329.1290 2.6658
329.1398 2.6635
329.1505 2.6612
329.1613 2.6588
329.1721 2.6565
329.1829 2.6542
329.1936 2.6519
329.2044 2.6496
329.2152 2.6473
329.2260 2.6450
329.2368 2.6427
329.2475 2.6404
329.2583 2.6381
329.2691 2.6357
329.2799 2.6334
329.2907 2.6311
329.3014 2.6288
329.3122 2.6265
329.3230 2.6242
329.3338 2.6219
329.3446 2.6196
329.3554 2.6173
329.3662 2.6150
329.3769 2.6127
329.3877 2.6105
329.3985 2.6082
329.4093 2.6059
329.4201 2.6036
329.4309 2.6013
329.4417 2.5990
329.4525 2.5967
329.4633 2.5944
329.4741 2.5921
329.4849 2.5898
329.4957 2.5876
329.5065 2.5853
329.5173 2.5830
329.5281 2.5807
329.5389 2.5784
329.5497 2.5761
329.5605 2.5739
329.5713 2.5716
329.5821 2.5693
329.5929 2.5670
329.6037 2.5648
329.6145 2.5625
329.6253 2.5602
329.6361 2.5579
329.6469 2.5557
329.6577 2.5534
329.6685 2.5511
329.6793 2.5489
329.6901 2.5466
329.7009 2.5443
329.7117 2.5421
329.7226 2.5398
329.7334 2.5375
329.7442 2.5353
329.7550 2.5330
329.7658 2.5307
329.7766 2.5285
329.7874 2.5262
329.7983 2.5240
329.8091 2.5217
329.8199 2.5194
329.8307 2.5172
329.8415 2.5149
329.8523 2.5127
329.8632 2.5104
329.8740 2.5082
329.8848 2.5059
329.8956 2.5037
329.9065 2.5014
329.9173 2.4992
329.9281 2.4969
329.9389 2.4947
329.9498 2.4924
329.9606 2.4902
329.9714 2.4880
329.9822 2.4857
329.9931 2.4835
330.0039 2.4812
330.0147 2.4790
330.0256 2.4768
330.0364 2.4745
330.0472 2.4723
330.0581 2.4700
330.0689 2.4678
330.0797 2.4656
330.0906 2.4633
330.1014 2.4611
330.1122 2.4589
330.1231 2.4567
330.1339 2.4544
330.1448 2.4522
330.1556 2.4500
330.1664 2.4477
330.1773 2.4455
330.1881 2.4433
330.1990 2.4411
330.2098 2.4389
330.2207 2.4366
330.2315 2.4344
330.2423 2.4322
330.2532 2.4300
330.2640 2.4278
330.2749 2.4255
330.2857 2.4233
330.2966 2.4211
330.3074 2.4189
330.3183 2.4167
330.3291 2.4145
330.3400 2.4123
330.3508 2.4101
330.3617 2.4078
330.3726 2.4056
330.3834 2.4034
330.3943 2.4012
330.4051 2.3990
330.4160 2.3968
330.4268 2.3946
330.4377 2.3924
330.4486 2.3902
330.4594 2.3880
330.4703 2.3858
330.4811 2.3836
330.4920 2.3814
330.5029 2.3792
330.5137 2.3770
330.5246 2.3748
330.5355 2.3726
330.5463 2.3705
330.5572 2.3683
330.5681 2.3661
330.5789 2.3639
330.5898 2.3617
330.6007 2.3595
330.6115 2.3573
330.6224 2.3551
330.6333 2.3530
330.6442 2.3508
330.6550 2.3486
330.6659 2.3464
330.6768 2.3442
330.6876 2.3421
330.6985 2.3399
330.7094 2.3377
330.7203 2.3355
330.7312 2.3333
330.7420 2.3312
330.7529 2.3290
330.7638 2.3268
330.7747 2.3247
330.7856 2.3225
330.7964 2.3203
330.8073 2.3181
330.8182 2.3160
330.8291 2.3138
330.8400 2.3116
330.8509 2.3095
330.8617 2.3073
330.8726 2.3052
330.8835 2.3030
330.8944 2.3008
330.9053 2.2987
330.9162 2.2965
330.9271 2.2944
330.9380 2.2922
330.9489 2.2900
330.9598 2.2879
330.9706 2.2857
330.9815 2.2836
330.9924 2.2814
331.0033 2.2793
331.0142 2.2771
331.0251 2.2750
331.0360 2.2728
331.0469 2.2707
331.0578 2.2685
331.0687 2.2664
331.0796 2.2643
331.0905 2.2621
331.1014 2.2600
331.1123 2.2578
331.1232 2.2557
331.1341 2.2536
331.1450 2.2514
331.1559 2.2493
331.1668 2.2471
331.1777 2.2450
331.1887 2.2429
331.1996 2.2407
331.2105 2.2386
331.2214 2.2365
331.2323 2.2343
331.2432 2.2322
331.2541 2.2301
331.2650 2.2280
331.2759 2.2258
331.2868 2.2237
331.2978 2.2216
331.3087 2.2195
331.3196 2.2173
331.3305 2.2152
331.3414 2.2131
331.3523 2.2110
331.3633 2.2089
331.3742 2.2067
331.3851 2.2046
331.3960 2.2025
331.4069 2.2004
331.4179 2.1983
331.4288 2.1962
331.4397 2.1941
331.4506 2.1920
331.4616 2.1898
331.4725 2.1877
331.4834 2.1856
331.4943 2.1835
331.5053 2.1814
331.5162 2.1793
331.5271 2.1772
331.5380 2.1751
331.5490 2.1730
331.5599 2.1709
331.5708 2.1688
331.5818 2.1667
331.5927 2.1646
331.6036 2.1625
331.6146 2.1604
331.6255 2.1583
331.6364 2.1562
331.6474 2.1541
331.6583 2.1520
331.6692 2.1500
331.6802 2.1479
331.6911 2.1458
331.7021 2.1437
331.7130 2.1416
331.7239 2.1395
331.7349 2.1374
331.7458 2.1353
331.7568 2.1333
331.7677 2.1312
331.7787 2.1291
331.7896 2.1270
331.8005 2.1249
331.8115 2.1229
331.8224 2.1208
331.8334 2.1187
331.8443 2.1166
331.8553 2.1146
331.8662 2.1125
331.8772 2.1104
331.8881 2.1084
331.8991 2.1063
331.9100 2.1042
331.9210 2.1021
331.9319 2.1001
331.9429 2.0980
331.9539 2.0960
331.9648 2.0939
331.9758 2.0918
331.9867 2.0898
331.9977 2.0877
332.0086 2.0856
332.0196 2.0836
332.0306 2.0815
332.0415 2.0795
332.0525 2.0774
332.0634 2.0754
332.0744 2.0733
332.0854 2.0713
332.0963 2.0692
332.1073 2.0672
332.1183 2.0651
332.1292 2.0631
332.1402 2.0610
332.1512 2.0590
332.1621 2.0569
332.1731 2.0549
332.1841 2.0528
332.1950 2.0508
332.2060 2.0487
332.2170 2.0467
332.2279 2.0447
332.2389 2.0426
332.2499 2.0406
332.2609 2.0385
332.2718 2.0365
332.2828 2.0345
332.2938 2.0324
332.3048 2.0304
332.3157 2.0284
332.3267 2.0263
332.3377 2.0243
332.3487 2.0223
332.3597 2.0203
332.3706 2.0182
332.3816 2.0162
332.3926 2.0142
332.4036 2.0122
332.4146 2.0101
332.4256 2.0081
332.4365 2.0061
332.4475 2.0041
332.4585 2.0021
332.4695 2.0000
332.4805 1.9980
332.4915 1.9960
332.5025 1.9940
332.5135 1.9920
332.5244 1.9900
332.5354 1.9880
332.5464 1.9859
332.5574 1.9839
332.5684 1.9819
332.5794 1.9799
332.5904 1.9779
332.6014 1.9759
332.6124 1.9739
332.6234 1.9719
332.6344 1.9699
332.6454 1.9679
332.6564 1.9659
332.6674 1.9639
332.6784 1.9619
332.6894 1.9599
332.7004 1.9579
332.7114 1.9559
332.7224 1.9539
332.7334 1.9519
332.7444 1.9499
332.7554 1.9479
332.7664 1.9459
332.7774 1.9439
332.7884 1.9420
332.7994 1.9400
332.8104 1.9380
332.8214 1.9360
332.8324 1.9340
332.8434 1.9320
332.8545 1.9301
332.8655 1.9281
332.8765 1.9261
332.8875 1.9241
332.8985 1.9221
332.9095 1.9202
332.9205 1.9182
332.9315 1.9162
332.9426 1.9142
332.9536 1.9123
332.9646 1.9103
332.9756 1.9083
332.9866 1.9063
332.9976 1.9044
333.0087 1.9024
333.0197 1.9004
333.0307 1.8985
333.0417 1.8965
333.0527 1.8945
333.0638 1.8926
333.0748 1.8906
333.0858 1.8887
333.0968 1.8867
333.1079 1.8847
333.1189 1.8828
333.1299 1.8808
333.1409 1.8789
333.1520 1.8769
333.1630 1.8750
333.1740 1.8730
333.1851 1.8710
333.1961 1.8691
333.2071 1.8671
333.2181 1.8652
333.2292 1.8632
333.2402 1.8613
333.2512 1.8594
333.2623 1.8574
333.2733 1.8555
333.2843 1.8535
333.2954 1.8516
333.3064 1.8496
333.3175 1.8477
333.3285 1.8458
333.3395 1.8438
333.3506 1.8419
333.3616 1.8400
333.3727 1.8380
333.3837 1.8361
333.3947 1.8342
333.4058 1.8322
333.4168 1.8303
333.4279 1.8284
333.4389 1.8264
333.4500 1.8245
333.4610 1.8226
333.4720 1.8207
333.4831 1.8187
333.4941 1.8168
333.5052 1.8149
333.5162 1.8130
333.5273 1.8110
333.5383 1.8091
333.5494 1.8072
333.5604 1.8053
333.5715 1.8034
333.5825 1.8014
333.5936 1.7995
333.6047 1.7976
333.6157 1.7957
333.6268 1.7938
333.6378 1.7919
333.6489 1.7900
333.6599 1.7881
333.6710 1.7862
333.6820 1.7843
333.6931 1.7824
333.7042 1.7804
333.7152 1.7785
333.7263 1.7766
333.7373 1.7747
333.7484 1.7728
333.7595 1.7709
333.7705 1.7690
333.7816 1.7671
333.7927 1.7653
333.8037 1.7634
333.8148 1.7615
333.8259 1.7596
333.8369 1.7577
333.8480 1.7558
333.8591 1.7539
333.8701 1.7520
333.8812 1.7501
333.8923 1.7482
333.9033 1.7463
333.9144 1.7445
333.9255 1.7426
333.9366 1.7407
333.9476 1.7388
333.9587 1.7369
333.9698 1.7351
333.9809 1.7332
333.9919 1.7313
334.0030 1.7294
334.0141 1.7275
334.0252 1.7257
334.0362 1.7238
334.0473 1.7219
334.0584 1.7201
334.0695 1.7182
334.0806 1.7163
334.0917 1.7144
334.1027 1.7126
334.1138 1.7107
334.1249 1.7088
334.1360 1.7070
334.1471 1.7051
334.1582 1.7033
334.1692 1.7014
334.1803 1.6995
334.1914 1.6977
334.2025 1.6958
334.2136 1.6940
334.2247 1.6921
334.2358 1.6903
334.2469 1.6884
334.2580 1.6865
334.2690 1.6847
334.2801 1.6828
334.2912 1.6810
334.3023 1.6791
334.3134 1.6773
334.3245 1.6754
334.3356 1.6736
334.3467 1.6718
334.3578 1.6699
334.3689 1.6681
334.3800 1.6662
334.3911 1.6644
334.4022 1.6626
334.4133 1.6607
334.4244 1.6589
334.4355 1.6570
334.4466 1.6552
334.4577 1.6534
334.4688 1.6515
334.4799 1.6497
334.4910 1.6479
334.5021 1.6460
334.5132 1.6442
334.5243 1.6424
334.5354 1.6406
334.5465 1.6387
334.5576 1.6369
334.5688 1.6351
334.5799 1.6333
334.5910 1.6314
334.6021 1.6296
334.6132 1.6278
334.6243 1.6260
334.6354 1.6242
334.6465 1.6223
334.6576 1.6205
334.6688 1.6187
334.6799 1.6169
334.6910 1.6151
334.7021 1.6133
334.7132 1.6115
334.7243 1.6097
334.7355 1.6078
334.7466 1.6060
334.7577 1.6042
334.7688 1.6024
334.7799 1.6006
334.7911 1.5988
334.8022 1.5970
334.8133 1.5952
334.8244 1.5934
334.8355 1.5916
334.8467 1.5898
334.8578 1.5880
334.8689 1.5862
334.8800 1.5844
334.8912 1.5826
334.9023 1.5808
334.9134 1.5791
334.9246 1.5773
334.9357 1.5755
334.9468 1.5737
334.9579 1.5719
334.9691 1.5701
334.9802 1.5683
334.9913 1.5665
335.0025 1.5648
335.0136 1.5630
335.0247 1.5612
335.0359 1.5594
335.0470 1.5576
335.0581 1.5559
335.0693 1.5541
335.0804 1.5523
335.0915 1.5505
335.1027 1.5487
335.1138 1.5470
335.1250 1.5452
335.1361 1.5434
335.1472 1.5417
335.1584 1.5399
335.1695 1.5381
335.1807 1.5364
335.1918 1.5346
335.2030 1.5328
335.2141 1.5311
335.2252 1.5293
335.2364 1.5275
335.2475 1.5258
335.2587 1.5240
335.2698 1.5223
335.2810 1.5205
335.2921 1.5187
335.3033 1.5170
335.3144 1.5152
335.3256 1.5135
335.3367 1.5117
335.3479 1.5100
335.3590 1.5082
335.3702 1.5065
335.3813 1.5047
335.3925 1.5030
335.4036 1.5012
335.4148 1.4995
335.4259 1.4978
335.4371 1.4960
335.4483 1.4943
335.4594 1.4925
335.4706 1.4908
335.4817 1.4890
335.4929 1.4873
335.5040 1.4856
335.5152 1.4838
335.5264 1.4821
335.5375 1.4804
335.5487 1.4786
335.5599 1.4769
335.5710 1.4752
335.5822 1.4734
335.5933 1.4717
335.6045 1.4700
335.6157 1.4683
335.6268 1.4665
335.6380 1.4648
335.6492 1.4631
335.6603 1.4614
335.6715 1.4596
335.6827 1.4579
335.6938 1.4562
335.7050 1.4545
335.7162 1.4528
335.7274 1.4511
335.7385 1.4493
335.7497 1.4476
335.7609 1.4459
335.7721 1.4442
335.7832 1.4425
335.7944 1.4408
335.8056 1.4391
335.8168 1.4374
335.8279 1.4357
335.8391 1.4340
335.8503 1.4323
335.8615 1.4306
335.8726 1.4289
335.8838 1.4272
335.8950 1.4255
335.9062 1.4238
335.9174 1.4221
335.9285 1.4204
335.9397 1.4187
335.9509 1.4170
335.9621 1.4153
335.9733 1.4136
335.9845 1.4119
335.9956 1.4102
336.0068 1.4085
336.0180 1.4068
336.0292 1.4051
336.0404 1.4034
336.0516 1.4018
336.0628 1.4001
336.0740 1.3984
336.0851 1.3967
336.0963 1.3950
336.1075 1.3934
336.1187 1.3917
336.1299 1.3900
336.1411 1.3883
336.1523 1.3866
336.1635 1.3850
336.1747 1.3833
336.1859 1.3816
336.1971 1.3800
336.2083 1.3783
336.2195 1.3766
336.2307 1.3749
336.2419 1.3733
336.2531 1.3716
336.2643 1.3699
336.2755 1.3683
336.2867 1.3666
336.2979 1.3650
336.3091 1.3633
336.3203 1.3616
336.3315 1.3600
336.3427 1.3583
336.3539 1.3567
336.3651 1.3550
336.3763 1.3534
336.3875 1.3517
336.3987 1.3500
336.4099 1.3484
336.4211 1.3467
336.4323 1.3451
336.4435 1.3434
336.4547 1.3418
336.4659 1.3402
336.4771 1.3385
336.4884 1.3369
336.4996 1.3352
336.5108 1.3336
336.5220 1.3319
336.5332 1.3303
336.5444 1.3287
336.5556 1.3270
336.5668 1.3254
336.5781 1.3238
336.5893 1.3221
336.6005 1.3205
336.6117 1.3189
336.6229 1.3172
336.6341 1.3156
336.6454 1.3140
336.6566 1.3123
336.6678 1.3107
336.6790 1.3091
336.6902 1.3075
336.7015 1.3058
336.7127 1.3042
336.7239 1.3026
336.7351 1.3010
336.7463 1.2994
336.7576 1.2977
336.7688 1.2961
336.7800 1.2945
336.7912 1.2929
336.8025 1.2913
336.8137 1.2897
336.8249 1.2880
336.8362 1.2864
336.8474 1.2848
336.8586 1.2832
336.8698 1.2816
336.8811 1.2800
336.8923 1.2784
336.9035 1.2768
336.9148 1.2752
336.9260 1.2736
336.9372 1.2720
336.9485 1.2704
336.9597 1.2688
336.9709 1.2672
336.9822 1.2656
336.9934 1.2640
337.0046 1.2624
337.0159 1.2608
337.0271 1.2592
337.0383 1.2576
337.0496 1.2560
337.0608 1.2544
337.0721 1.2528
337.0833 1.2513
337.0945 1.2497
337.1058 1.2481
337.1170 1.2465
337.1283 1.2449
337.1395 1.2433
337.1508 1.2418
337.1620 1.2402
337.1732 1.2386
337.1845 1.2370
337.1957 1.2354
337.2070 1.2339
337.2182 1.2323
337.2295 1.2307
337.2407 1.2291
337.2520 1.2276
337.2632 1.2260
337.2745 1.2244
337.2857 1.2229
337.2970 1.2213
337.3082 1.2197
337.3195 1.2182
337.3307 1.2166
337.3420 1.2150
337.3532 1.2135
337.3645 1.2119
337.3757 1.2104
337.3870 1.2088
337.3982 1.2072
337.4095 1.2057
337.4208 1.2041
337.4320 1.2026
337.4433 1.2010
337.4545 1.1995
337.4658 1.1979
337.4770 1.1964
337.4883 1.1948
337.4996 1.1933
337.5108 1.1917
337.5221 1.1902
337.5333 1.1886
337.5446 1.1871
337.5559 1.1855
337.5671 1.1840
337.5784 1.1825
337.5897 1.1809
337.6009 1.1794
337.6122 1.1778
337.6235 1.1763
337.6347 1.1748
337.6460 1.1732
337.6573 1.1717
337.6685 1.1702
337.6798 1.1686
337.6911 1.1671
337.7023 1.1656
337.7136 1.1641
337.7249 1.1625
337.7361 1.1610
337.7474 1.1595
337.7587 1.1580
337.7700 1.1564
337.7812 1.1549
337.7925 1.1534
337.8038 1.1519
337.8151 1.1504
337.8263 1.1488
337.8376 1.1473
337.8489 1.1458
337.8602 1.1443
337.8714 1.1428
337.8827 1.1413
337.8940 1.1398
337.9053 1.1382
337.9166 1.1367
337.9278 1.1352
337.9391 1.1337
337.9504 1.1322
337.9617 1.1307
337.9730 1.1292
337.9842 1.1277
337.9955 1.1262
338.0068 1.1247
338.0181 1.1232
338.0294 1.1217
338.0407 1.1202
338.0520 1.1187
338.0632 1.1172
338.0745 1.1157
338.0858 1.1142
338.0971 1.1128
338.1084 1.1113
338.1197 1.1098
338.1310 1.1083
338.1423 1.1068
338.1536 1.1053
338.1648 1.1038
338.1761 1.1023
338.1874 1.1009
338.1987 1.0994
338.2100 1.0979
338.2213 1.0964
338.2326 1.0949
338.2439 1.0935
338.2552 1.0920
338.2665 1.0905
338.2778 1.0890
338.2891 1.0876
338.3004 1.0861
338.3117 1.0846
338.3230 1.0831
338.3343 1.0817
338.3456 1.0802
338.3569 1.0787
338.3682 1.0773
338.3795 1.0758
338.3908 1.0744
338.4021 1.0729
338.4134 1.0714
338.4247 1.0700
338.4360 1.0685
338.4473 1.0671
338.4586 1.0656
338.4699 1.0641
338.4812 1.0627
338.4925 1.0612
338.5038 1.0598
338.5151 1.0583
338.5264 1.0569
338.5377 1.0554
338.5491 1.0540
338.5604 1.0525
338.5717 1.0511
338.5830 1.0496
338.5943 1.0482
338.6056 1.0468
338.6169 1.0453
338.6282 1.0439
338.6395 1.0424
338.6509 1.0410
338.6622 1.0396
338.6735 1.0381
338.6848 1.0367
338.6961 1.0352
338.7074 1.0338
338.7187 1.0324
338.7301 1.0310
338.7414 1.0295
338.7527 1.0281
338.7640 1.0267
338.7753 1.0252
338.7866 1.0238
338.7980 1.0224
338.8093 1.0210
338.8206 1.0195
338.8319 1.0181
338.8432 1.0167
338.8546 1.0153
338.8659 1.0139
338.8772 1.0124
338.8885 1.0110
338.8999 1.0096
338.9112 1.0082
338.9225 1.0068
338.9338 1.0054
338.9452 1.0040
338.9565 1.0026
338.9678 1.0011
338.9791 0.9997
338.9905 0.9983
339.0018 0.9969
339.0131 0.9955
339.0245 0.9941
339.0358 0.9927
339.0471 0.9913
339.0585 0.9899
339.0698 0.9885
339.0811 0.9871
339.0924 0.9857
339.1038 0.9843
339.1151 0.9829
339.1264 0.9815
339.1378 0.9802
339.1491 0.9788
339.1605 0.9774
339.1718 0.9760
339.1831 0.9746
339.1945 0.9732
339.2058 0.9718
339.2171 0.9704
339.2285 0.9691
339.2398 0.9677
339.2512 0.9663
339.2625 0.9649
339.2738 0.9635
339.2852 0.9622
339.2965 0.9608
339.3079 0.9594
339.3192 0.9580
339.3305 0.9566
339.3419 0.9553
339.3532 0.9539
339.3646 0.9525
339.3759 0.9512
339.3873 0.9498
339.3986 0.9484
339.4100 0.9471
339.4213 0.9457
339.4326 0.9443
339.4440 0.9430
339.4553 0.9416
339.4667 0.9402
339.4780 0.9389
339.4894 0.9375
339.5007 0.9362
339.5121 0.9348
339.5234 0.9335
339.5348 0.9321
339.5461 0.9308
339.5575 0.9294
339.5689 0.9280
339.5802 0.9267
339.5916 0.9253
339.6029 0.9240
339.6143 0.9227
339.6256 0.9213
339.6370 0.9200
339.6483 0.9186
339.6597 0.9173
339.6710 0.9159
339.6824 0.9146
339.6938 0.9133
339.7051 0.9119
339.7165 0.9106
339.7278 0.9092
339.7392 0.9079
339.7506 0.9066
339.7619 0.9052
339.7733 0.9039
339.7846 0.9026
339.7960 0.9012
339.8074 0.8999
339.8187 0.8986
339.8301 0.8973
339.8415 0.8959
339.8528 0.8946
339.8642 0.8933
339.8756 0.8920
339.8869 0.8907
339.8983 0.8893
339.9097 0.8880
339.9210 0.8867
339.9324 0.8854
339.9438 0.8841
339.9551 0.8827
339.9665 0.8814
339.9779 0.8801
339.9892 0.8788
340.0006 0.8775
340.0120 0.8762
340.0234 0.8749
340.0347 0.8736
340.0461 0.8723
340.0575 0.8710
340.0688 0.8697
340.0802 0.8684
340.0916 0.8671
340.1030 0.8658
340.1143 0.8645
340.1257 0.8632
340.1371 0.8619
340.1485 0.8606
340.1598 0.8593
340.1712 0.8580
340.1826 0.8567
340.1940 0.8554
340.2054 0.8541
340.2167 0.8528
340.2281 0.8515
340.2395 0.8502
340.2509 0.8489
340.2623 0.8477
340.2736 0.8464
340.2850 0.8451
340.2964 0.8438
340.3078 0.8425
340.3192 0.8413
340.3306 0.8400
340.3419 0.8387
340.3533 0.8374
340.3647 0.8361
340.3761 0.8349
340.3875 0.8336
340.3989 0.8323
340.4103 0.8311
340.4216 0.8298
340.4330 0.8285
340.4444 0.8272
340.4558 0.8260
340.4672 0.8247
340.4786 0.8234
340.4900 0.8222
340.5014 0.8209
340.5128 0.8197
340.5242 0.8184
340.5355 0.8171
340.5469 0.8159
340.5583 0.8146
340.5697 0.8134
340.5811 0.8121
340.5925 0.8109
340.6039 0.8096
340.6153 0.8084
340.6267 0.8071
340.6381 0.8059
340.6495 0.8046
340.6609 0.8034
340.6723 0.8021
340.6837 0.8009
340.6951 0.7996
340.7065 0.7984
340.7179 0.7971
340.7293 0.7959
340.7407 0.7947
340.7521 0.7934
340.7635 0.7922
340.7749 0.7909
340.7863 0.7897
340.7977 0.7885
340.8091 0.7872
340.8205 0.7860
340.8319 0.7848
340.8433 0.7835
340.8547 0.7823
340.8661 0.7811
340.8775 0.7799
340.8889 0.7786
340.9003 0.7774
340.9117 0.7762
340.9231 0.7750
340.9345 0.7737
340.9459 0.7725
340.9574 0.7713
340.9688 0.7701
340.9802 0.7689
340.9916 0.7676
341.0030 0.7664
341.0144 0.7652
341.0258 0.7640
341.0372 0.7628
341.0486 0.7616
341.0600 0.7604
341.0715 0.7592
341.0829 0.7579
341.0943 0.7567
341.1057 0.7555
341.1171 0.7543
341.1285 0.7531
341.1399 0.7519
341.1514 0.7507
341.1628 0.7495
341.1742 0.7483
341.1856 0.7471
341.1970 0.7459
341.2084 0.7447
341.2199 0.7435
341.2313 0.7423
341.2427 0.7412
341.2541 0.7400
341.2655 0.7388
341.2770 0.7376
341.2884 0.7364
341.2998 0.7352
341.3112 0.7340
341.3226 0.7328
341.3341 0.7317
341.3455 0.7305
341.3569 0.7293
341.3683 0.7281
341.3798 0.7269
341.3912 0.7257
341.4026 0.7246
341.4140 0.7234
341.4255 0.7222
341.4369 0.7210
341.4483 0.7199
341.4597 0.7187
341.4712 0.7175
341.4826 0.7164
341.4940 0.7152
341.5054 0.7140
341.5169 0.7129
341.5283 0.7117
341.5397 0.7105
341.5512 0.7094
341.5626 0.7082
341.5740 0.7070
341.5855 0.7059
341.5969 0.7047
341.6083 0.7036
341.6197 0.7024
341.6312 0.7012
341.6426 0.7001
341.6540 0.6989
341.6655 0.6978
341.6769 0.6966
341.6884 0.6955
341.6998 0.6943
341.7112 0.6932
341.7227 0.6920
341.7341 0.6909
341.7455 0.6897
341.7570 0.6886
341.7684 0.6875
341.7798 0.6863
341.7913 0.6852
341.8027 0.6840
341.8142 0.6829
341.8256 0.6818
341.8370 0.6806
341.8485 0.6795
341.8599 0.6783
341.8714 0.6772
341.8828 0.6761
341.8942 0.6749
341.9057 0.6738
341.9171 0.6727
341.9286 0.6716
341.9400 0.6704
341.9515 0.6693
341.9629 0.6682
341.9744 0.6671
341.9858 0.6659
341.9972 0.6648
342.0087 0.6637
342.0201 0.6626
342.0316 0.6615
342.0430 0.6603
342.0545 0.6592
342.0659 0.6581
342.0774 0.6570
342.0888 0.6559
342.1003 0.6548
342.1117 0.6537
342.1232 0.6525
342.1346 0.6514
342.1461 0.6503
342.1575 0.6492
342.1690 0.6481
342.1804 0.6470
342.1919 0.6459
342.2033 0.6448
342.2148 0.6437
342.2262 0.6426
342.2377 0.6415
342.2492 0.6404
342.2606 0.6393
342.2721 0.6382
342.2835 0.6371
342.2950 0.6360
342.3064 0.6349
342.3179 0.6338
342.3294 0.6327
342.3408 0.6317
342.3523 0.6306
342.3637 0.6295
342.3752 0.6284
342.3866 0.6273
342.3981 0.6262
342.4096 0.6251
342.4210 0.6241
342.4325 0.6230
342.4439 0.6219
342.4554 0.6208
342.4669 0.6197
342.4783 0.6187
342.4898 0.6176
342.5013 0.6165
342.5127 0.6154
342.5242 0.6144
342.5356 0.6133
342.5471 0.6122
342.5586 0.6112
342.5700 0.6101
342.5815 0.6090
342.5930 0.6080
342.6044 0.6069
342.6159 0.6058
342.6274 0.6048
342.6388 0.6037
342.6503 0.6026
342.6618 0.6016
342.6732 0.6005
342.6847 0.5995
342.6962 0.5984
342.7077 0.5973
342.7191 0.5963
342.7306 0.5952
342.7421 0.5942
342.7535 0.5931
342.7650 0.5921
342.7765 0.5910
342.7880 0.5900
342.7994 0.5889
342.8109 0.5879
342.8224 0.5869
342.8338 0.5858
342.8453 0.5848
342.8568 0.5837
342.8683 0.5827
342.8797 0.5816
342.8912 0.5806
342.9027 0.5796
342.9142 0.5785
342.9257 0.5775
342.9371 0.5765
342.9486 0.5754
342.9601 0.5744
342.9716 0.5734
342.9830 0.5723
342.9945 0.5713
343.0060 0.5703
343.0175 0.5692
343.0290 0.5682
343.0404 0.5672
343.0519 0.5662
343.0634 0.5652
343.0749 0.5641
343.0864 0.5631
343.0978 0.5621
343.1093 0.5611
343.1208 0.5601
343.1323 0.5590
343.1438 0.5580
343.1553 0.5570
343.1667 0.5560
343.1782 0.5550
343.1897 0.5540
343.2012 0.5530
343.2127 0.5520
343.2242 0.5509
343.2357 0.5499
343.2471 0.5489
343.2586 0.5479
343.2701 0.5469
343.2816 0.5459
343.2931 0.5449
343.3046 0.5439
343.3161 0.5429
343.3276 0.5419
343.3391 0.5409
343.3505 0.5399
343.3620 0.5389
343.3735 0.5379
343.3850 0.5369
343.3965 0.5360
343.4080 0.5350
343.4195 0.5340
343.4310 0.5330
343.4425 0.5320
343.4540 0.5310
343.4655 0.5300
343.4770 0.5290
343.4885 0.5281
343.4999 0.5271
343.5114 0.5261
343.5229 0.5251
343.5344 0.5241
343.5459 0.5232
343.5574 0.5222
343.5689 0.5212
343.5804 0.5202
343.5919 0.5193
343.6034 0.5183
343.6149 0.5173
343.6264 0.5163
343.6379 0.5154
343.6494 0.5144
343.6609 0.5134
343.6724 0.5125
343.6839 0.5115
343.6954 0.5105
343.7069 0.5096
343.7184 0.5086
343.7299 0.5076
343.7414 0.5067
343.7529 0.5057
343.7644 0.5048
343.7759 0.5038
343.7874 0.5029
343.7989 0.5019
343.8104 0.5009
343.8219 0.5000
343.8334 0.4990
343.8449 0.4981
343.8565 0.4971
343.8680 0.4962
343.8795 0.4952
343.8910 0.4943
343.9025 0.4933
343.9140 0.4924
343.9255 0.4915
343.9370 0.4905
343.9485 0.4896
343.9600 0.4886
343.9715 0.4877
343.9830 0.4868
343.9945 0.4858
344.0061 0.4849
344.0176 0.4839
344.0291 0.4830
344.0406 0.4821
344.0521 0.4811
344.0636 0.4802
344.0751 0.4793
344.0866 0.4784
344.0981 0.4774
344.1097 0.4765
344.1212 0.4756
344.1327 0.4747
344.1442 0.4737
344.1557 0.4728
344.1672 0.4719
344.1787 0.4710
344.1902 0.4700
344.2018 0.4691
344.2133 0.4682
344.2248 0.4673
344.2363 0.4664
344.2478 0.4655
344.2593 0.4645
344.2709 0.4636
344.2824 0.4627
344.2939 0.4618
344.3054 0.4609
344.3169 0.4600
344.3285 0.4591
344.3400 0.4582
344.3515 0.4573
344.3630 0.4564
344.3745 0.4555
344.3861 0.4546
344.3976 0.4537
344.4091 0.4528
344.4206 0.4519
344.4321 0.4510
344.4437 0.4501
344.4552 0.4492
344.4667 0.4483
344.4782 0.4474
344.4898 0.4465
344.5013 0.4456
344.5128 0.4447
344.5243 0.4438
344.5358 0.4429
344.5474 0.4421
344.5589 0.4412
344.5704 0.4403
344.5819 0.4394
344.5935 0.4385
344.6050 0.4376
344.6165 0.4368
344.6281 0.4359
344.6396 0.4350
344.6511 0.4341
344.6626 0.4332
344.6742 0.4324
344.6857 0.4315
344.6972 0.4306
344.7088 0.4297
344.7203 0.4289
344.7318 0.4280
344.7433 0.4271
344.7549 0.4263
344.7664 0.4254
344.7779 0.4245
344.7895 0.4237
344.8010 0.4228
344.8125 0.4219
344.8241 0.4211
344.8356 0.4202
344.8471 0.4193
344.8587 0.4185
344.8702 0.4176
344.8817 0.4168
344.8933 0.4159
344.9048 0.4151
344.9163 0.4142
344.9279 0.4133
344.9394 0.4125
344.9509 0.4116
344.9625 0.4108
344.9740 0.4099
344.9855 0.4091
344.9971 0.4083
345.0086 0.4074
345.0202 0.4066
345.0317 0.4057
345.0432 0.4049
345.0548 0.4040
345.0663 0.4032
345.0778 0.4023
345.0894 0.4015
345.1009 0.4007
345.1125 0.3998
345.1240 0.3990
345.1355 0.3982
345.1471 0.3973
345.1586 0.3965
345.1702 0.3957
345.1817 0.3948
345.1933 0.3940
345.2048 0.3932
345.2163 0.3923
345.2279 0.3915
345.2394 0.3907
345.2510 0.3899
345.2625 0.3890
345.2741 0.3882
345.2856 0.3874
345.2971 0.3866
345.3087 0.3858
345.3202 0.3849
345.3318 0.3841
345.3433 0.3833
345.3549 0.3825
345.3664 0.3817
345.3780 0.3809
345.3895 0.3801
345.4011 0.3792
345.4126 0.3784
345.4241 0.3776
345.4357 0.3768
345.4472 0.3760
345.4588 0.3752
345.4703 0.3744
345.4819 0.3736
345.4934 0.3728
345.5050 0.3720
345.5165 0.3712
345.5281 0.3704
345.5396 0.3696
345.5512 0.3688
345.5627 0.3680
345.5743 0.3672
345.5858 0.3664
345.5974 0.3656
345.6089 0.3648
345.6205 0.3640
345.6320 0.3632
345.6436 0.3624
345.6552 0.3617
345.6667 0.3609
345.6783 0.3601
345.6898 0.3593
345.7014 0.3585
345.7129 0.3577
345.7245 0.3569
345.7360 0.3562
345.7476 0.3554
345.7591 0.3546
345.7707 0.3538
345.7823 0.3530
345.7938 0.3523
345.8054 0.3515
345.8169 0.3507
345.8285 0.3499
345.8400 0.3492
345.8516 0.3484
345.8632 0.3476
345.8747 0.3469
345.8863 0.3461
345.8978 0.3453
345.9094 0.3446
345.9209 0.3438
345.9325 0.3430
345.9441 0.3423
345.9556 0.3415
345.9672 0.3407
345.9787 0.3400
345.9903 0.3392
346.0019 0.3385
346.0134 0.3377
346.0250 0.3369
346.0366 0.3362
346.0481 0.3354
346.0597 0.3347
346.0712 0.3339
346.0828 0.3332
346.0944 0.3324
346.1059 0.3317
346.1175 0.3309
346.1291 0.3302
346.1406 0.3294
346.1522 0.3287
346.1638 0.3279
346.1753 0.3272
346.1869 0.3265
346.1985 0.3257
346.2100 0.3250
346.2216 0.3242
346.2331 0.3235
346.2447 0.3228
346.2563 0.3220
346.2679 0.3213
346.2794 0.3205
346.2910 0.3198
346.3026 0.3191
346.3141 0.3183
346.3257 0.3176
346.3373 0.3169
346.3488 0.3162
346.3604 0.3154
346.3720 0.3147
346.3835 0.3140
346.3951 0.3133
346.4067 0.3125
346.4182 0.3118
346.4298 0.3111
346.4414 0.3104
346.4530 0.3096
346.4645 0.3089
346.4761 0.3082
346.4877 0.3075
346.4993 0.3068
346.5108 0.3061
346.5224 0.3053
346.5340 0.3046
346.5455 0.3039
346.5571 0.3032
346.5687 0.3025
346.5803 0.3018
346.5918 0.3011
346.6034 0.3004
346.6150 0.2997
346.6266 0.2990
346.6381 0.2983
346.6497 0.2976
346.6613 0.2969
346.6729 0.2962
346.6844 0.2955
346.6960 0.2948
346.7076 0.2941
346.7192 0.2934
346.7308 0.2927
346.7423 0.2920
346.7539 0.2913
346.7655 0.2906
346.7771 0.2899
346.7886 0.2892
346.8002 0.2885
346.8118 0.2878
346.8234 0.2871
346.8350 0.2864
346.8465 0.2858
346.8581 0.2851
346.8697 0.2844
346.8813 0.2837
346.8929 0.2830
346.9044 0.2823
346.9160 0.2817
346.9276 0.2810
346.9392 0.2803
346.9508 0.2796
346.9624 0.2790
346.9739 0.2783
346.9855 0.2776
346.9971 0.2769
347.0087 0.2763
347.0203 0.2756
347.0318 0.2749
347.0434 0.2742
347.0550 0.2736
347.0666 0.2729
347.0782 0.2722
347.0898 0.2716
347.1014 0.2709
347.1129 0.2702
347.1245 0.2696
347.1361 0.2689
347.1477 0.2683
347.1593 0.2676
347.1709 0.2669
347.1825 0.2663
347.1940 0.2656
347.2056 0.2650
347.2172 0.2643
347.2288 0.2637
347.2404 0.2630
347.2520 0.2624
347.2636 0.2617
347.2752 0.2611
347.2867 0.2604
347.2983 0.2598
347.3099 0.2591
347.3215 0.2585
347.3331 0.2578
347.3447 0.2572
347.3563 0.2565
347.3679 0.2559
347.3795 0.2552
347.3911 0.2546
347.4026 0.2540
347.4142 0.2533
347.4258 0.2527
347.4374 0.2521
347.4490 0.2514
347.4606 0.2508
347.4722 0.2501
347.4838 0.2495
347.4954 0.2489
347.5070 0.2483
347.5186 0.2476
347.5302 0.2470
347.5418 0.2464
347.5533 0.2457
347.5649 0.2451
347.5765 0.2445
347.5881 0.2439
347.5997 0.2432
347.6113 0.2426
347.6229 0.2420
347.6345 0.2414
347.6461 0.2408
347.6577 0.2401
347.6693 0.2395
347.6809 0.2389
347.6925 0.2383
347.7041 0.2377
347.7157 0.2371
347.7273 0.2364
347.7389 0.2358
347.7505 0.2352
347.7621 0.2346
347.7737 0.2340
347.7853 0.2334
347.7969 0.2328
347.8085 0.2322
347.8201 0.2316
347.8317 0.2310
347.8433 0.2304
347.8549 0.2298
347.8665 0.2292
347.8781 0.2286
347.8897 0.2280
347.9013 0.2274
347.9129 0.2268
347.9245 0.2262
347.9361 0.2256
347.9477 0.2250
347.9593 0.2244
347.9709 0.2238
347.9825 0.2232
347.9941 0.2226
348.0057 0.2220
348.0173 0.2214
348.0289 0.2208
348.0405 0.2203
348.0521 0.2197
348.0637 0.2191
348.0753 0.2185
348.0869 0.2179
348.0985 0.2173
348.1101 0.2168
348.1217 0.2162
348.1333 0.2156
348.1449 0.2150
348.1565 0.2144
348.1681 0.2139
348.1797 0.2133
348.1913 0.2127
348.2029 0.2121
348.2145 0.2116
348.2261 0.2110
348.2377 0.2104
348.2493 0.2098
348.2609 0.2093
348.2726 0.2087
348.2842 0.2081
348.2958 0.2076
348.3074 0.2070
348.3190 0.2064
348.3306 0.2059
348.3422 0.2053
348.3538 0.2048
348.3654 0.2042
348.3770 0.2036
348.3886 0.2031
348.4002 0.2025
348.4118 0.2020
348.4235 0.2014
348.4351 0.2009
348.4467 0.2003
348.4583 0.1997
348.4699 0.1992
348.4815 0.1986
348.4931 0.1981
348.5047 0.1975
348.5163 0.1970
348.5279 0.1964
348.5396 0.1959
348.5512 0.1953
348.5628 0.1948
348.5744 0.1943
348.5860 0.1937
348.5976 0.1932
348.6092 0.1926
348.6208 0.1921
348.6324 0.1916
348.6441 0.1910
348.6557 0.1905
348.6673 0.1899
348.6789 0.1894
348.6905 0.1889
348.7021 0.1883
348.7137 0.1878
348.7254 0.1873
348.7370 0.1867
348.7486 0.1862
348.7602 0.1857
348.7718 0.1851
348.7834 0.1846
348.7950 0.1841
348.8067 0.1836
348.8183 0.1830
348.8299 0.1825
348.8415 0.1820
348.8531 0.1815
348.8647 0.1810
348.8764 0.1804
348.8880 0.1799
348.8996 0.1794
348.9112 0.1789
348.9228 0.1784
348.9344 0.1778
348.9461 0.1773
348.9577 0.1768
348.9693 0.1763
348.9809 0.1758
348.9925 0.1753
349.0041 0.1748
349.0158 0.1743
349.0274 0.1737
349.0390 0.1732
349.0506 0.1727
349.0622 0.1722
349.0739 0.1717
349.0855 0.1712
349.0971 0.1707
349.1087 0.1702
349.1203 0.1697
349.1320 0.1692
349.1436 0.1687
349.1552 0.1682
349.1668 0.1677
349.1784 0.1672
349.1901 0.1667
349.2017 0.1662
349.2133 0.1657
349.2249 0.1652
349.2365 0.1647
349.2482 0.1643
349.2598 0.1638
349.2714 0.1633
349.2830 0.1628
349.2947 0.1623
349.3063 0.1618
349.3179 0.1613
349.3295 0.1608
349.3411 0.1604
349.3528 0.1599
349.3644 0.1594
349.3760 0.1589
349.3876 0.1584
349.3993 0.1579
349.4109 0.1575
349.4225 0.1570
349.4341 0.1565
349.4458 0.1560
349.4574 0.1556
349.4690 0.1551
349.4806 0.1546
349.4923 0.1541
349.5039 0.1537
349.5155 0.1532
349.5271 0.1527
349.5388 0.1523
349.5504 0.1518
349.5620 0.1513
349.5736 0.1508
349.5853 0.1504
349.5969 0.1499
349.6085 0.1495
349.6201 0.1490
349.6318 0.1485
349.6434 0.1481
349.6550 0.1476
349.6667 0.1471
349.6783 0.1467
349.6899 0.1462
349.7015 0.1458
349.7132 0.1453
349.7248 0.1449
349.7364 0.1444
349.7481 0.1440
349.7597 0.1435
349.7713 0.1430
349.7829 0.1426
349.7946 0.1421
349.8062 0.1417
349.8178 0.1412
349.8295 0.1408
349.8411 0.1404
349.8527 0.1399
349.8643 0.1395
349.8760 0.1390
349.8876 0.1386
349.8992 0.1381
349.9109 0.1377
349.9225 0.1373
349.9341 0.1368
349.9458 0.1364
349.9574 0.1359
349.9690 0.1355
349.9807 0.1351
349.9923 0.1346
350.0039 0.1342
350.0156 0.1338
350.0272 0.1333
350.0388 0.1329
350.0505 0.1325
350.0621 0.1320
350.0737 0.1316
350.0853 0.1312
350.0970 0.1307
350.1086 0.1303
350.1202 0.1299
350.1319 0.1295
350.1435 0.1290
350.1551 0.1286
350.1668 0.1282
350.1784 0.1278
350.1900 0.1274
350.2017 0.1269
350.2133 0.1265
350.2250 0.1261
350.2366 0.1257
350.2482 0.1253
350.2599 0.1248
350.2715 0.1244
350.2831 0.1240
350.2948 0.1236
350.3064 0.1232
350.3180 0.1228
350.3297 0.1224
350.3413 0.1220
350.3529 0.1216
350.3646 0.1211
350.3762 0.1207
350.3878 0.1203
350.3995 0.1199
350.4111 0.1195
350.4228 0.1191
350.4344 0.1187
350.4460 0.1183
350.4577 0.1179
350.4693 0.1175
350.4809 0.1171
350.4926 0.1167
350.5042 0.1163
350.5159 0.1159
350.5275 0.1155
350.5391 0.1151
350.5508 0.1147
350.5624 0.1143
350.5741 0.1139
350.5857 0.1136
350.5973 0.1132
350.6090 0.1128
350.6206 0.1124
350.6322 0.1120
350.6439 0.1116
350.6555 0.1112
350.6672 0.1108
350.6788 0.1104
350.6904 0.1101
350.7021 0.1097
350.7137 0.1093
350.7254 0.1089
350.7370 0.1085
350.7486 0.1081
350.7603 0.1078
350.7719 0.1074
350.7836 0.1070
350.7952 0.1066
350.8069 0.1063
350.8185 0.1059
350.8301 0.1055
350.8418 0.1051
350.8534 0.1048
350.8651 0.1044
350.8767 0.1040
350.8883 0.1036
350.9000 0.1033
350.9116 0.1029
350.9233 0.1025
350.9349 0.1022
350.9466 0.1018
350.9582 0.1014
350.9698 0.1011
350.9815 0.1007
350.9931 0.1003
351.0048 0.1000
351.0164 0.0996
351.0281 0.0993
351.0397 0.0989
351.0513 0.0985
351.0630 0.0982
351.0746 0.0978
351.0863 0.0975
351.0979 0.0971
351.1096 0.0968
351.1212 0.0964
351.1329 0.0961
351.1445 0.0957
351.1561 0.0953
351.1678 0.0950
351.1794 0.0946
351.1911 0.0943
351.2027 0.0939
351.2144 0.0936
351.2260 0.0933
351.2377 0.0929
351.2493 0.0926
351.2610 0.0922
351.2726 0.0919
351.2843 0.0915
351.2959 0.0912
351.3075 0.0908
351.3192 0.0905
351.3308 0.0902
351.3425 0.0898
351.3541 0.0895
351.3658 0.0891
351.3774 0.0888
351.3891 0.0885
351.4007 0.0881
351.4124 0.0878
351.4240 0.0875
351.4357 0.0871
351.4473 0.0868
351.4590 0.0865
351.4706 0.0861
351.4823 0.0858
351.4939 0.0855
351.5056 0.0852
351.5172 0.0848
351.5288 0.0845
351.5405 0.0842
351.5521 0.0838
351.5638 0.0835
351.5754 0.0832
351.5871 0.0829
351.5987 0.0826
351.6104 0.0822
351.6220 0.0819
351.6337 0.0816
351.6453 0.0813
351.6570 0.0810
351.6686 0.0806
351.6803 0.0803
351.6919 0.0800
351.7036 0.0797
351.7152 0.0794
351.7269 0.0791
351.7385 0.0788
351.7502 0.0784
351.7618 0.0781
351.7735 0.0778
351.7851 0.0775
351.7968 0.0772
351.8084 0.0769
351.8201 0.0766
351.8317 0.0763
351.8434 0.0760
351.8551 0.0757
351.8667 0.0754
351.8784 0.0751
351.8900 0.0748
351.9017 0.0745
351.9133 0.0742
351.9250 0.0739
351.9366 0.0736
351.9483 0.0733
351.9599 0.0730
351.9716 0.0727
351.9832 0.0724
351.9949 0.0721
352.0065 0.0718
352.0182 0.0715
352.0298 0.0712
352.0415 0.0709
352.0531 0.0706
352.0648 0.0703
352.0764 0.0700
352.0881 0.0697
352.0998 0.0694
352.1114 0.0691
352.1231 0.0689
352.1347 0.0686
352.1464 0.0683
352.1580 0.0680
352.1697 0.0677
352.1813 0.0674
352.1930 0.0672
352.2046 0.0669
352.2163 0.0666
352.2279 0.0663
352.2396 0.0660
352.2513 0.0657
352.2629 0.0655
352.2746 0.0652
352.2862 0.0649
352.2979 0.0646
352.3095 0.0644
352.3212 0.0641
352.3328 0.0638
352.3445 0.0635
352.3561 0.0633
352.3678 0.0630
352.3795 0.0627
352.3911 0.0625
352.4028 0.0622
352.4144 0.0619
352.4261 0.0616
352.4377 0.0614
352.4494 0.0611
352.4610 0.0608
352.4727 0.0606
352.4844 0.0603
352.4960 0.0600
352.5077 0.0598
352.5193 0.0595
352.5310 0.0593
352.5426 0.0590
352.5543 0.0587
352.5660 0.0585
352.5776 0.0582
352.5893 0.0580
352.6009 0.0577
352.6126 0.0574
352.6242 0.0572
352.6359 0.0569
352.6476 0.0567
352.6592 0.0564
352.6709 0.0562
352.6825 0.0559
352.6942 0.0557
352.7058 0.0554
352.7175 0.0552
352.7292 0.0549
352.7408 0.0547
352.7525 0.0544
352.7641 0.0542
352.7758 0.0539
352.7875 0.0537
352.7991 0.0534
352.8108 0.0532
352.8224 0.0529
352.8341 0.0527
352.8457 0.0525
352.8574 0.0522
352.8691 0.0520
352.8807 0.0517
352.8924 0.0515
352.9040 0.0513
352.9157 0.0510
352.9274 0.0508
352.9390 0.0505
352.9507 0.0503
352.9623 0.0501
352.9740 0.0498
352.9857 0.0496
352.9973 0.0494
353.0090 0.0491
353.0206 0.0489
353.0323 0.0487
353.0440 0.0484
353.0556 0.0482
353.0673 0.0480
353.0789 0.0478
353.0906 0.0475
353.1023 0.0473
353.1139 0.0471
353.1256 0.0469
353.1372 0.0466
353.1489 0.0464
353.1606 0.0462
353.1722 0.0460
353.1839 0.0457
353.1955 0.0455
353.2072 0.0453
353.2189 0.0451
353.2305 0.0448
353.2422 0.0446
353.2539 0.0444
353.2655 0.0442
353.2772 0.0440
353.2888 0.0438
353.3005 0.0435
353.3122 0.0433
353.3238 0.0431
353.3355 0.0429
353.3472 0.0427
353.3588 0.0425
353.3705 0.0423
353.3821 0.0421
353.3938 0.0418
353.4055 0.0416
353.4171 0.0414
353.4288 0.0412
353.4405 0.0410
353.4521 0.0408
353.4638 0.0406
353.4754 0.0404
353.4871 0.0402
353.4988 0.0400
353.5104 0.0398
353.5221 0.0396
353.5338 0.0394
353.5454 0.0392
353.5571 0.0390
353.5687 0.0388
353.5804 0.0386
353.5921 0.0384
353.6037 0.0382
353.6154 0.0380
353.6271 0.0378
353.6387 0.0376
353.6504 0.0374
353.6621 0.0372
353.6737 0.0370
353.6854 0.0368
353.6970 0.0366
353.7087 0.0364
353.7204 0.0362
353.7320 0.0360
353.7437 0.0358
353.7554 0.0356
353.7670 0.0355
353.7787 0.0353
353.7904 0.0351
353.8020 0.0349
353.8137 0.0347
353.8254 0.0345
353.8370 0.0343
353.8487 0.0341
353.8603 0.0340
353.8720 0.0338
353.8837 0.0336
353.8953 0.0334
353.9070 0.0332
353.9187 0.0330
353.9303 0.0329
353.9420 0.0327
353.9537 0.0325
353.9653 0.0323
353.9770 0.0322
353.9887 0.0320
354.0003 0.0318
354.0120 0.0316
354.0237 0.0314
354.0353 0.0313
354.0470 0.0311
354.0587 0.0309
354.0703 0.0307
354.0820 0.0306
354.0937 0.0304
354.1053 0.0302
354.1170 0.0301
354.1287 0.0299
354.1403 0.0297
354.1520 0.0296
354.1637 0.0294
354.1753 0.0292
354.1870 0.0291
354.1986 0.0289
354.2103 0.0287
354.2220 0.0286
354.2336 0.0284
354.2453 0.0282
354.2570 0.0281
354.2686 0.0279
354.2803 0.0277
354.2920 0.0276
354.3036 0.0274
354.3153 0.0273
354.3270 0.0271
354.3386 0.0269
354.3503 0.0268
354.3620 0.0266
354.3736 0.0265
354.3853 0.0263
354.3970 0.0261
354.4086 0.0260
354.4203 0.0258
354.4320 0.0257
354.4436 0.0255
354.4553 0.0254
354.4670 0.0252
354.4787 0.0251
354.4903 0.0249
354.5020 0.0248
354.5137 0.0246
354.5253 0.0245
354.5370 0.0243
354.5487 0.0242
354.5603 0.0240
354.5720 0.0239
354.5837 0.0237
354.5953 0.0236
354.6070 0.0234
354.6187 0.0233
354.6303 0.0231
354.6420 0.0230
354.6537 0.0229
354.6653 0.0227
354.6770 0.0226
354.6887 0.0224
354.7003 0.0223
354.7120 0.0221
354.7237 0.0220
354.7353 0.0219
354.7470 0.0217
354.7587 0.0216
354.7704 0.0215
354.7820 0.0213
354.7937 0.0212
354.8054 0.0210
354.8170 0.0209
354.8287 0.0208
354.8404 0.0206
354.8520 0.0205
354.8637 0.0204
354.8754 0.0202
354.8870 0.0201
354.8987 0.0200
354.9104 0.0198
354.9220 0.0197
354.9337 0.0196
354.9454 0.0195
354.9571 0.0193
354.9687 0.0192
354.9804 0.0191
354.9921 0.0189
355.0037 0.0188
355.0154 0.0187
355.0271 0.0186
355.0387 0.0184
355.0504 0.0183
355.0621 0.0182
355.0738 0.0181
355.0854 0.0179
355.0971 0.0178
355.1088 0.0177
355.1204 0.0176
355.1321 0.0175
355.1438 0.0173
355.1554 0.0172
355.1671 0.0171
355.1788 0.0170
355.1905 0.0169
355.2021 0.0167
355.2138 0.0166
355.2255 0.0165
355.2371 0.0164
355.2488 0.0163
355.2605 0.0162
355.2721 0.0161
355.2838 0.0159
355.2955 0.0158
355.3072 0.0157
355.3188 0.0156
355.3305 0.0155
355.3422 0.0154
355.3538 0.0153
355.3655 0.0152
355.3772 0.0150
355.3888 0.0149
355.4005 0.0148
355.4122 0.0147
355.4239 0.0146
355.4355 0.0145
355.4472 0.0144
355.4589 0.0143
355.4705 0.0142
355.4822 0.0141
355.4939 0.0140
355.5056 0.0139
355.5172 0.0138
355.5289 0.0137
355.5406 0.0136
355.5522 0.0135
355.5639 0.0134
355.5756 0.0133
355.5873 0.0132
355.5989 0.0131
355.6106 0.0130
355.6223 0.0129
355.6339 0.0128
355.6456 0.0127
355.6573 0.0126
355.6690 0.0125
355.6806 0.0124
355.6923 0.0123
355.7040 0.0122
355.7156 0.0121
355.7273 0.0120
355.7390 0.0119
355.7507 0.0118
355.7623 0.0117
355.7740 0.0116
355.7857 0.0115
355.7973 0.0114
355.8090 0.0113
355.8207 0.0112
355.8324 0.0112
355.8440 0.0111
355.8557 0.0110
355.8674 0.0109
355.8790 0.0108
355.8907 0.0107
355.9024 0.0106
355.9141 0.0105
355.9257 0.0104
355.9374 0.0104
355.9491 0.0103
355.9608 0.0102
355.9724 0.0101
355.9841 0.0100
355.9958 0.0099
356.0074 0.0099
356.0191 0.0098
356.0308 0.0097
356.0425 0.0096
356.0541 0.0095
356.0658 0.0094
356.0775 0.0094
356.0891 0.0093
356.1008 0.0092
356.1125 0.0091
356.1242 0.0090
356.1358 0.0090
356.1475 0.0089
356.1592 0.0088
356.1708 0.0087
356.1825 0.0087
356.1942 0.0086
356.2059 0.0085
356.2175 0.0084
356.2292 0.0083
356.2409 0.0083
356.2526 0.0082
356.2642 0.0081
356.2759 0.0081
356.2876 0.0080
356.2992 0.0079
356.3109 0.0078
356.3226 0.0078
356.3343 0.0077
356.3459 0.0076
356.3576 0.0076
356.3693 0.0075
356.3810 0.0074
356.3926 0.0073
356.4043 0.0073
356.4160 0.0072
356.4276 0.0071
356.4393 0.0071
356.4510 0.0070
356.4627 0.0069
356.4743 0.0069
356.4860 0.0068
356.4977 0.0067
356.5094 0.0067
356.5210 0.0066
356.5327 0.0065
356.5444 0.0065
356.5560 0.0064
356.5677 0.0064
356.5794 0.0063
356.5911 0.0062
356.6027 0.0062
356.6144 0.0061
356.6261 0.0060
356.6378 0.0060
356.6494 0.0059
356.6611 0.0059
356.6728 0.0058
356.6844 0.0057
356.6961 0.0057
356.7078 0.0056
356.7195 0.0056
356.7311 0.0055
356.7428 0.0055
356.7545 0.0054
356.7662 0.0053
356.7778 0.0053
356.7895 0.0052
356.8012 0.0052
356.8129 0.0051
356.8245 0.0051
356.8362 0.0050
356.8479 0.0050
356.8596 0.0049
356.8712 0.0049
356.8829 0.0048
356.8946 0.0048
356.9062 0.0047
356.9179 0.0047
356.9296 0.0046
356.9413 0.0046
356.9529 0.0045
356.9646 0.0045
356.9763 0.0044
356.9880 0.0044
356.9996 0.0043
357.0113 0.0043
357.0230 0.0042
357.0347 0.0042
357.0463 0.0041
357.0580 0.0041
357.0697 0.0040
357.0814 0.0040
357.0930 0.0039
357.1047 0.0039
357.1164 0.0038
357.1280 0.0038
357.1397 0.0037
357.1514 0.0037
357.1631 0.0037
357.1747 0.0036
357.1864 0.0036
357.1981 0.0035
357.2098 0.0035
357.2214 0.0034
357.2331 0.0034
357.2448 0.0034
357.2565 0.0033
357.2681 0.0033
357.2798 0.0032
357.2915 0.0032
357.3032 0.0032
357.3148 0.0031
357.3265 0.0031
357.3382 0.0030
357.3499 0.0030
357.3615 0.0030
357.3732 0.0029
357.3849 0.0029
357.3966 0.0029
357.4082 0.0028
357.4199 0.0028
357.4316 0.0027
357.4433 0.0027
357.4549 0.0027
357.4666 0.0026
357.4783 0.0026
357.4900 0.0026
357.5016 0.0025
357.5133 0.0025
357.5250 0.0025
357.5366 0.0024
357.5483 0.0024
357.5600 0.0024
357.5717 0.0023
357.5833 0.0023
357.5950 0.0023
357.6067 0.0022
357.6184 0.0022
357.6300 0.0022
357.6417 0.0021
357.6534 0.0021
357.6651 0.0021
357.6767 0.0020
357.6884 0.0020
357.7001 0.0020
357.7118 0.0020
357.7234 0.0019
357.7351 0.0019
357.7468 0.0019
357.7585 0.0018
357.7701 0.0018
357.7818 0.0018
357.7935 0.0018
357.8052 0.0017
357.8168 0.0017
357.8285 0.0017
357.8402 0.0017
357.8519 0.0016
357.8635 0.0016
357.8752 0.0016
357.8869 0.0016
357.8986 0.0015
357.9102 0.0015
357.9219 0.0015
357.9336 0.0015
357.9453 0.0014
357.9569 0.0014
357.9686 0.0014
357.9803 0.0014
357.9920 0.0013
358.0036 0.0013
358.0153 0.0013
358.0270 0.0013
358.0386 0.0013
358.0503 0.0012
358.0620 0.0012
358.0737 0.0012
358.0853 0.0012
358.0970 0.0012
358.1087 0.0011
358.1204 0.0011
358.1320 0.0011
358.1437 0.0011
358.1554 0.0011
358.1671 0.0010
358.1787 0.0010
358.1904 0.0010
358.2021 0.0010
358.2138 0.0010
358.2254 0.0009
358.2371 0.0009
358.2488 0.0009
358.2605 0.0009
358.2721 0.0009
358.2838 0.0009
358.2955 0.0008
358.3072 0.0008
358.3188 0.0008
358.3305 0.0008
358.3422 0.0008
358.3539 0.0008
358.3655 0.0007
358.3772 0.0007
358.3889 0.0007
358.4006 0.0007
358.4122 0.0007
358.4239 0.0007
358.4356 0.0007
358.4473 0.0006
358.4589 0.0006
358.4706 0.0006
358.4823 0.0006
358.4940 0.0006
358.5056 0.0006
358.5173 0.0006
358.5290 0.0006
358.5407 0.0005
358.5523 0.0005
358.5640 0.0005
358.5757 0.0005
358.5874 0.0005
358.5990 0.0005
358.6107 0.0005
358.6224 0.0005
358.6341 0.0005
358.6457 0.0004
358.6574 0.0004
358.6691 0.0004
358.6808 0.0004
358.6924 0.0004
358.7041 0.0004
358.7158 0.0004
358.7274 0.0004
358.7391 0.0004
358.7508 0.0004
358.7625 0.0003
358.7741 0.0003
358.7858 0.0003
358.7975 0.0003
358.8092 0.0003
358.8208 0.0003
358.8325 0.0003
358.8442 0.0003
358.8559 0.0003
358.8676 0.0003
358.8792 0.0003
358.8909 0.0003
358.9026 0.0003
358.9143 0.0002
358.9259 0.0002
358.9376 0.0002
358.9493 0.0002
358.9610 0.0002
358.9726 0.0002
358.9843 0.0002
358.9960 0.0002
359.0077 0.0002
359.0193 0.0002
359.0310 0.0002
359.0427 0.0002
359.0544 0.0002
359.0660 0.0002
359.0777 0.0002
359.0894 0.0002
359.1011 0.0002
359.1127 0.0001
359.1244 0.0001
359.1361 0.0001
359.1478 0.0001
359.1594 0.0001
359.1711 0.0001
359.1828 0.0001
359.1945 0.0001
359.2061 0.0001
359.2178 0.0001
359.2295 0.0001
359.2412 0.0001
359.2528 0.0001
359.2645 0.0001
359.2762 0.0001
359.2879 0.0001
359.2995 0.0001
359.3112 0.0001
359.3229 0.0001
359.3346 0.0001
359.3462 0.0001
359.3579 0.0001
359.3696 0.0001
359.3813 0.0001
359.3929 0.0001
359.4046 0.0001
359.4163 0.0001
359.4280 0.0001
359.4396 0.0001
359.4513 0.0001
359.4630 0.0001
359.4747 0.0001
359.4863 0.0001
359.4980 0.0001
359.5097 0.0001
359.5214 0.0001
359.5330 0.0000
359.5447 0.0000
359.5564 0.0000
359.5681 0.0000
359.5797 0.0000
359.5914 0.0000
359.6031 0.0000
359.6148 0.0000
359.6264 0.0000
359.6381 0.0000
359.6498 0.0000
359.6615 0.0000
359.6731 0.0000
359.6848 0.0000
359.6965 0.0000
359.7082 0.0000
359.7198 0.0000
359.7315 0.0000
359.7432 0.0000
359.7549 0.0000
359.7665 0.0000
359.7782 0.0000
359.7899 0.0000
359.8016 0.0000
359.8132 0.0000
359.8249 0.0000
359.8366 0.0000
359.8483 0.0000
359.8599 0.0000
359.8716 0.0000
359.8833 0.0000
359.8950 0.0000
359.9066 0.0000
359.9183 0.0000
359.9300 0.0000
359.9416 0.0000
359.9533 0.0000
359.9650 0.0000
359.9767 0.0000
359.9883 0.0000
